Game ID,Season,Week_x,Date_x,Time,Away Team,Home Team,Location,Away QB,Home QB,Away QB ID,Home QB ID,Away Team Weekly Rest,Home Team Weekly Rest,Weekly Away Rest Advantage,Weekly Home Rest Advantage,Away Cumulative Rest Advantage,Home Cumulative Rest Advantage,Actual Stadium,Actual Stadium Latitude,Actual Stadium Longitude,Actual Stadium TimeZone,International Game,Back to Back Away Games,Circa Week,NFL Week,Day of Week,Big Splash Active,Big Splash Multi-Pick Week,Big Splash Picks Required,Survivor World Championship Active,Survivor World Championship Multi-Pick Week,Survivor World Championship Picks Required,Away Team Current Week Cumulative Rest Advantage,Home Team Current Week Cumulative Rest Advantage,Away Team Division,Away Stadium,Away Stadium Latitude,Away Stadium Longitude,Away Stadium TimeZone,Home Team Division,Home Stadium,Home Stadium Latitude,Home Stadium Longitude,Home Stadium TimeZone,Away Team Previous Opponent,Home Team Previous Opponent,Away Team Previous Location,Home Team Previous Location,Away Team Next Opponent,Home Team Next Opponent,Away Team Next Location,Home Team Next Location,Away Travel Distance,Home Travel Distance,Away Travel Advantage,Home Travel Advantage,Away Timezone Change,Home Timezone Change,Away Previous Game Actual Stadium TimeZone,Home Previous Game Actual Stadium TimeZone,Away Weekly Timezone Difference,Home Weekly Timezone Difference,Adjusted Away Timezone Change,Adjusted Home Timezone Change,Away Timezone Advantage,Home Timezone Advantage,Away Team Massey-Peabody Preseason Rank,Home Team Massey-Peabody Preseason Rank,Away Team Generic Sports Fan Preseason Rank,Home Team Generic Sports Fan Preseason Rank,Massey-Peabody Preseason Winner,Massey-Peabody Preseason Difference,Generic Sports Fan Preseason Winner,Generic Sports Fan Preseason Difference,Away Team MP + GSF Average Preseason Rank,Home Team MP + GSF Average Preseason Rank,MP + GSF Average Preseason Winner,MP + GSF Average Preseason Difference,Away NonLinear TZ,Home NonLinear TZ,Home Team 3 games in 10 days,Away Team 3 games in 10 days,Home Team 4 games in 17 days,Away Team 4 games in 17 days,Away Team Short Rest,Divisional Matchup?,Home Team Short Rest,Away Team Massey-Peabody Current Rank,Home Team Massey-Peabody Current Rank,Away Team Generic Sports Fan Current Rank,Home Team Generic Sports Fan Current Rank,Away Team Adjusted Massey-Peabody Preseason Rank,Home Team Adjusted Massey-Peabody Preseason Rank,Away Team Adjusted Generic Sports Fan Preseason Rank,Home Team Adjusted Generic Sports Fan Preseason Rank,Away Team Adjusted Massey-Peabody Current Rank,Home Team Adjusted Massey-Peabody Current Rank,Away Team Adjusted Generic Sports Fan Current Rank,Home Team Adjusted Generic Sports Fan Current Rank,Adjusted Massey-Peabody Preseason Winner,Adjusted Massey-Peabody Preseason Difference,Adjusted Generic Sports Fan Preseason Winner,Adjusted Generic Sports Fan Preseason Difference,Away Team Adjusted MP + GSF Average Preseason Rank,Home Team Adjusted MP + GSF Average Preseason Rank,Adjusted MP + GSF Average Preseason Winner,Adjusted MP + GSF Average Preseason Difference,Massey-Peabody Current Winner,Massey-Peabody Current Difference,Generic Sports Fan Current Winner,Generic Sports Fan Current Difference,Away Team MP + GSF Average Current Rank,Home Team MP + GSF Average Current Rank,MP + GSF Average Current Winner,MP + GSF Average Current Difference,Adjusted Massey-Peabody Current Winner,Adjusted Massey-Peabody Current Difference,Adjusted Generic Sports Fan Current Winner,Adjusted Generic Sports Fan Current Difference,Away Team Adjusted MP + GSF Average Current Rank,Home Team Adjusted MP + GSF Average Current Rank,Adjusted MP + GSF Average Current Winner,Adjusted MP + GSF Average Current Difference,Massey-Peabody Bayesian Same Winner Across All Metrics,Generic Sports Fan Bayesian Same Adjusted Winner Across All Metrics,Massey-Peabody Bayesian Same Current and Preseason Adjusted Winner,Generic Sports Fan Bayesian Current and Preseason Adjusted Winner,Massey-Peabody Bayesian Same Current and Adjusted Current Winner,Generic Sports Fan Bayesian Same Current and Adjusted Current Winner,Thursday Night Game,Masey-Peabody Home Team Winner?,Generic Sports Fan Home Team Winner?,Total Line,Home Team Sportsbook Moneyline,Away Team Sportsbook Moneyline,Sportsbook Favorite,Sportsbook Underdog,Home Team Sportsbook Spread,Away Team Sportsbook Spread,Massey-Peabody Home Team Moneyline,Massey-Peabody Away Team Moneyline,Generic Sports Fan Home Team Moneyline,Generic Sports Fan Away Team Moneyline,Massey-Peabody Home Team Spread,Massey-Peabody Away Team Spread,Generic Sports Fan Home Team Spread,Generic Sports Fan Away Team Spread,Away Team Sportsbook Implied Odds to Win,Home Team Sportsbook Implied Odds to Win,Away Team Massey-Peabody Implied Odds to Win,Home Team Massey-Peabody Implied Odds to Win,Away Team Generic Sports Fan Implied Odds to Win,Home Team Generic Sports Fan Implied Odds to Win,Away Team Sportsbook Fair Odds,Home Team Sportsbook Fair Odds,Away Team Massey-Peabody Fair Odds,Home Team Massey-Peabody Fair Odds,Away Team Generic Sports Fan Fair Odds,Home Team Generic Sports Fan Fair Odds,Away Team Fair Odds,Home Team Fair Odds,Away Team Expected Win Advantage,Home Team Expected Win Advantage,temp,wind,Matchup_ID,Week_y,Date_y,Matchup,Wind,Temperature,Precipitation,Sim_Weather_Source,Dome,Away_Starting_QB,Home_Starting_QB,Sim_Spread_Mean,Sim_Spread_Median,Sim_Spread_Std,Sim_Spread_Variance,Sim_Spread_Variance_Label,Sim_Spread_25th,Sim_Spread_75th,Sim_Total_Mean,Sim_Total_Median,Sim_Total_Std,Sim_Total_10th_Floor,Sim_Total_90th_Ceiling,Sim_Home_Win_Pct,Sim_Away_Win_Pct,Sim_Prob_Land_3,Sim_Prob_Land_7,Sim_Home_Cover_Prob,Sim_Away_Cover_Prob,Sim_Prob_Over,Sim_Prob_Under,Consensus Home Win Pct,Consensus Away Win Pct,Consensus Home Team Odds,Consensus Away Team Odds,Market Home Team Implied Odds,Market Away Team Implied Odds,Monte Carlo Home Team Spread,Monte Carlo Away Team Spread,Monte Carlo Total,Consensus Home Team Spread,Consensus Away Team Spread,GSF Spread Bet,GSF Spread Edge,Massey-Peabody Spread Bet,Massey-Peabody Spread Edge,Monte Carlo Spread Bet,Monte Carlo Spread Edge,Consensus Spread Bet,Consensus Spread Edge,GSF Moneyline Bet,GSF Moneyline Edge,Massey-Peabody Moneyline Bet,Massey-Peabody Moneyline Edge,Monte Carlo Moneyline Bet,Monte Carlo Moneyline Edge,Consensus Moneyline Bet,Consensus Moneyline Edge,Monte Carlo Total Bet,Monte Carlo Total Edge,MC ML Unit Wager,MC ML Unit to Win,MC ML Kelly Wager,MC ML Kelly To Win,MC Spread Unit Wager,MC Spread Unit to Win,MC Spread Kelly Wager,MC Spread Kelly To Win,MC Total Unit Wager,MC Total Unit to Win,MC Total Kelly Wager,MC Total Kelly To Win,MC Bet Direction,Home Team Offensive Pressure Allowed Rate,Away Team Offensive Pressure Allowed Rate,Home Team Defensive Pressure Generated Rate,Away Team Defensive Pressure Generated Rate,Home Team Zone Rate,Away Team Zone Rate,Home Team Man Rate,Away Team Man Rate,Home Team Offensive EPA vs Pressure,Away Team Offensive EPA vs Pressure,Home Team Offensive EPA vs Zone,Away Team Offensive EPA vs Zone,Home Team Offensive EPA vs Man,Away Team Offensive EPA vs Man,Week,Away Team Cumulative Win Percentage,Home Team Cumulative Win Percentage,Favorite,Underdog,Away Team Thanksgiving Favorite,Home Team Thanksgiving Favorite,Away Team Thanksgiving Underdog,Home Team Thanksgiving Underdog,Away Team Christmas Favorite,Home Team Christmas Favorite,Away Team Christmas Underdog,Home Team Christmas Underdog,Away Team Pre Thanksgiving,Home Team Pre Thanksgiving,Away Team Pre Christmas,Home Team Pre Christmas,Divisional Matchup Boolean,Away Team Star Rating,Home Team Star Rating,Away Team Public Pick %,Home Team Public Pick %
2026_05_TB_DAL,2026,5,2026-10-08,20:15,Tampa Bay Buccaneers,Dallas Cowboys,Home,,,,,4,4,0,0,-3,0,AT&T Stadium,32.7369,-97.0826,America/Chicago,False,False,5,5,Thursday,True,False,1,True,False,1,-3,0,NFC South,Raymond James Stadium,27.9759,-82.5033,America/New_York,NFC East,AT&T Stadium,32.7369,-97.0826,America/Chicago,Green Bay Packers,Houston Texans,Raymond James Stadium,NRG Stadium,Pittsburgh Steelers,Green Bay Packers,Raymond James Stadium,Lambeau Field,928,0,-928,928,1.0,0.0,America/New_York,America/Chicago,1.0,0.0,1.0,0.0,1.0,0,1.025,-0.615,1.025,-0.615,Tampa Bay Buccaneers,1.64,Tampa Bay Buccaneers,1.64,1.025,-0.615,Tampa Bay Buccaneers,1.64,0.0,0,No,No,No,No,No,0,No,0.0,0.0,-3.128,-2.247,0.7769999999999999,0.4590000000000001,0.7769999999999999,0.4590000000000001,-0.248,1.074,-3.376,-1.1729999999999998,Tampa Bay Buccaneers,0.31799999999999984,Tampa Bay Buccaneers,0.31799999999999984,0.7769999999999999,0.4590000000000001,Tampa Bay Buccaneers,0.31799999999999984,Tie,0.0,Dallas Cowboys,0.8810000000000002,-1.564,-1.1235,Dallas Cowboys,0.4405000000000001,Dallas Cowboys,1.322,Dallas Cowboys,2.2030000000000003,-1.8119999999999998,-0.04949999999999988,Dallas Cowboys,1.7625,Different,Different,Different,Different,Different,Same,True,Home Team,Home Team,47.5,-471.0,363.0,Dallas Cowboys,Tampa Bay Buccaneers,-8.5,8.5,-128,105,-131,108,-1.322,1.322,-2.2030000000000003,2.2030000000000003,0.216,0.8249,0.4878,0.5614,0.4808,0.5671,0.2075,0.7925,0.4649,0.5351,0.4588,0.5412,0.2075,0.7925,-0.2925,0.2925,,,0,5,2026-10-08,TB @ DAL,0.0,70.0,0.0,Dome,True,B.Mayfield,D.Prescott,1.47,3.0,13.58,184.55,Med-High,-8.0,11.0,58.7,58.0,14.018613745526668,41.0,77.0,0.4584,0.541,0.0892,0.0878,0.242,0.758,0.777,0.223,0.5818,0.418,-139,+139,0.8248686514886164,0.2159827213822894,2.235,-2.235,58.35,-0.43000000000000016,0.43000000000000016,Tampa Bay Buccaneers,6.297,Tampa Bay Buccaneers,7.178,Tampa Bay Buccaneers,10.735,Tampa Bay Buccaneers,8.07,Tampa Bay Buccaneers,0.24281727861771057,Tampa Bay Buccaneers,0.24891727861771057,Tampa Bay Buccaneers,0.3250172786177106,Tampa Bay Buccaneers,0.20201727861771057,Over,10.850000000000001,100.0,363.0,1036.38,3762.08,110.00000000000001,100.0,1229.5,1117.73,110.00000000000001,100.0,1329.25,1208.41,Tampa Bay Buccaneers,,,,,,,,,,,,,,,5,-0.15301666666666666,-0.1673,Dallas Cowboys,Tampa Bay Buccaneers,0,1,0,0,0,0,0,0,0,1,0,0,0,1.0,1.0,,
2026_05_PHI_JAX,2026,5,2026-10-11,09:30,Philadelphia Eagles,Jacksonville Jaguars,Home,,,,,7,7,0,0,-1,1,Tottenham Hotspur Stadium,30.3239,-81.6554,America/New_York,True,False,5,5,Sunday,True,False,1,True,False,1,-1,1,NFC East,Lincoln Financial Field,39.9008,-75.1675,America/New_York,AFC South,TIAA Bank Field,30.3239,-81.6554,America/New_York,Los Angeles Rams,Cincinnati Bengals,Lincoln Financial Field,Paycor Stadium,Carolina Panthers,Houston Texans,Lincoln Financial Field,Wembley Stadium,755,0,-755,755,0.0,0.0,America/New_York,America/New_York,0.0,0.0,0.0,0.0,0.0,0,4.905,-1.825,4.905,-1.825,Philadelphia Eagles,6.73,Philadelphia Eagles,6.73,4.905,-1.825,Philadelphia Eagles,6.73,0.0,0,No,No,No,No,No,0,No,0.0,0.0,0.123,6.394,3.8715,0.04100000000000015,3.8715,0.04100000000000015,-1.0335,1.866,-0.9105000000000001,8.26,Philadelphia Eagles,3.8305,Philadelphia Eagles,3.8305,3.8715,0.04100000000000015,Philadelphia Eagles,3.8305,Tie,0.0,Jacksonville Jaguars,6.271,0.0615,3.197,Jacksonville Jaguars,3.1355,Jacksonville Jaguars,2.8995,Jacksonville Jaguars,9.1705,-0.9720000000000001,5.063,Jacksonville Jaguars,6.035,Different,Different,Different,Different,Different,Same,False,Home Team,Home Team,42.77777777777778,-316.0,252.0,Jacksonville Jaguars,Philadelphia Eagles,-6.833333333333333,6.833333333333333,-164,135,-416,314,-2.8995,2.8995,-9.1705,9.1705,0.2841,0.7596,0.4255,0.6212,0.2415,0.8062,0.2722,0.7278,0.4065,0.5935,0.2305,0.7695,0.2722,0.7278,-0.2278,0.2278,,,1,5,2026-10-11,PHI @ JAX,10.675,90.69999999999999,0.0,Live Forecast,False,J.Hurts,T.Lawrence,-5.16,-6.0,13.3,176.98,Medium,-14.0,4.0,46.93,47.0,13.08644579145501,30.0,64.0,0.6568,0.342,0.0976,0.0826,0.4752,0.5248,0.6342,0.3658,0.6869,0.3128,-219,+220,0.7596153846153846,0.2840909090909091,-5.58,5.58,46.965,-5.883333333333333,5.883333333333333,Jacksonville Jaguars,2.3371666666666675,Philadelphia Eagles,3.933833333333333,Philadelphia Eagles,1.253333333333333,Philadelphia Eagles,0.9500000000000002,Jacksonville Jaguars,0.00988461538461538,Philadelphia Eagles,0.12240909090909086,Philadelphia Eagles,0.05790909090909091,Philadelphia Eagles,0.028709090909090906,Over,4.187222222222225,100.0,252.0,202.22,509.6,110.00000000000001,100.0,5.2,4.73,110.00000000000001,100.0,579.55,526.86,Philadelphia Eagles,,,,,,,,,,,,,,,5,0.06553333333333333,0.17853333333333332,Jacksonville Jaguars,Philadelphia Eagles,0,0,1,0,0,0,1,0,1,0,1,0,0,3.0,4.0,,
2026_05_CIN_MIA,2026,5,2026-10-11,13:00,Cincinnati Bengals,Miami Dolphins,Home,,,,,7,7,0,0,0,-3,Hard Rock Stadium,25.9602,-80.2384,America/New_York,False,False,5,5,Sunday,True,False,1,True,False,1,0,-3,AFC North,Paycor Stadium,39.0955,-84.5165,America/New_York,AFC East,Hard Rock Stadium,25.9602,-80.2384,America/New_York,Jacksonville Jaguars,Minnesota Vikings,Paycor Stadium,U.S. Bank Stadium,Baltimore Ravens,New York Jets,M&T Bank Stadium,MetLife Stadium,940,0,-940,940,0.0,0.0,America/New_York,America/Chicago,0.0,-1.0,0.0,0.0,0.0,0,1.31,0.66,1.31,0.66,Cincinnati Bengals,0.65,Cincinnati Bengals,0.65,1.31,0.66,Cincinnati Bengals,0.65,0.0,0,No,No,No,No,No,0,No,0.0,0.0,1.256,-7.793,1.4500000000000002,0.956,1.4500000000000002,0.956,0.14,0.296,1.396,-7.497000000000001,Cincinnati Bengals,0.4940000000000002,Cincinnati Bengals,0.4940000000000002,1.4500000000000002,0.956,Cincinnati Bengals,0.4940000000000002,Tie,0.0,Cincinnati Bengals,9.049,0.628,-3.8965,Cincinnati Bengals,4.5245,Miami Dolphins,0.15599999999999997,Cincinnati Bengals,8.893,0.768,-3.6005000000000003,Cincinnati Bengals,4.3685,Different,Same,Different,Same,Different,Same,False,Home Team,Away Team,42.22222222222222,293.0,-373.0,Cincinnati Bengals,Miami Dolphins,7.166666666666667,-7.166666666666667,-110,-110,314,-416,-0.15599999999999997,0.15599999999999997,8.893,-8.893,0.7886,0.2545,0.5238,0.5238,0.8062,0.2415,0.756,0.244,0.5,0.5,0.7695,0.2305,0.756,0.244,0.256,-0.256,,,2,5,2026-10-11,CIN @ MIA,10.0,82.0,0.0,Historical Avg,False,J.Burrow,M.Willis,8.92,10.0,13.46,181.2,Med-High,1.0,18.0,53.47,53.0,13.179667111313282,37.0,71.0,0.242,0.757,0.0722,0.076,0.4486,0.5514,0.7982,0.2018,0.3041,0.6956,+229,-229,0.2544529262086514,0.7885835095137421,9.46,-9.46,53.235,6.065666666666668,-6.065666666666668,Cincinnati Bengals,1.7263333333333337,Miami Dolphins,7.322666666666667,Cincinnati Bengals,2.293333333333334,Miami Dolphins,1.100999999999999,No Bet,0.0,Miami Dolphins,0.2455470737913486,No Bet,0.0,Miami Dolphins,0.049647073791348584,Over,11.012777777777778,,0.0,0.0,0.0,110.00000000000001,100.0,144.85,131.68,110.00000000000001,100.0,1440.55,1309.59,No Bet,,,,,,,,,,,,,,,5,-0.0009666666666666643,-0.2644666666666667,Cincinnati Bengals,Miami Dolphins,0,0,0,0,0,0,0,0,0,0,0,0,0,2.5,0.0,,
2026_05_LV_NE,2026,5,2026-10-11,13:00,Las Vegas Raiders,New England Patriots,Home,,,,,7,7,0,0,0,4,Gillette Stadium,42.0628,-71.2687,America/New_York,False,False,5,5,Sunday,True,False,1,True,False,1,0,4,AFC West,Allegiant Stadium,36.108,-115.1578,America/Los_Angeles,AFC East,Gillette Stadium,42.0628,-71.2687,America/New_York,Kansas City Chiefs,Buffalo Bills,Allegiant Stadium,Highmark Stadium,Buffalo Bills,New York Jets,Allegiant Stadium,Gillette Stadium,2361,0,-2361,2361,-3.0,0.0,America/Los_Angeles,America/New_York,-3.0,0.0,-3.0,0.0,-3.0,0,-2.35,-1.995,-2.35,-1.995,New England Patriots,0.355,New England Patriots,0.355,-2.35,-1.995,New England Patriots,0.355,-0.44999999999999996,0,No,No,No,No,No,0,No,0.0,0.0,-3.377,3.904,-3.5115,-0.9095000000000002,-3.5115,-0.9095000000000002,-1.1615,1.0855,-4.5385,4.9895,New England Patriots,2.6019999999999994,New England Patriots,2.6019999999999994,-3.5115,-0.9095000000000002,New England Patriots,2.6019999999999994,Tie,0.0,New England Patriots,7.281,-1.6885,1.952,New England Patriots,3.6405,New England Patriots,2.247,New England Patriots,9.527999999999999,-2.85,3.0374999999999996,New England Patriots,5.887499999999999,Different,Same,Same,Same,Different,Same,False,Home Team,Home Team,45.111111111111114,-197.0,164.0,New England Patriots,Las Vegas Raiders,-3.5555555555555554,3.5555555555555554,-131,108,-436,327,-2.247,2.247,-9.527999999999999,9.527999999999999,0.3788,0.6633,0.4808,0.5671,0.2342,0.8134,0.3635,0.6365,0.4588,0.5412,0.2235,0.7765,0.3635,0.6365,-0.1365,0.1365,,,3,5,2026-10-11,LV @ NE,13.95,70.775,0.0,Live Forecast,False,K.Cousins,D.Maye,-1.6,-3.0,12.98,168.38,Med-Low,-11.0,8.0,42.66,42.0,12.852941922502126,27.0,60.0,0.5412,0.4568,0.0932,0.0848,0.4596,0.5404,0.395,0.605,0.6238,0.3757,-166,+166,0.6632996632996633,0.3787878787878788,-2.3,2.3,42.33,-4.691666666666666,4.691666666666666,New England Patriots,5.972444444444443,Las Vegas Raiders,1.3085555555555555,Las Vegas Raiders,1.2555555555555555,New England Patriots,1.136111111111111,New England Patriots,0.11320033670033669,Las Vegas Raiders,0.0800121212121212,Las Vegas Raiders,0.0780121212121212,No Bet,0.0,Under,2.781111111111116,100.0,164.0,313.95,514.88,110.00000000000001,100.0,87.1,79.18,110.00000000000001,100.0,426.25,387.5,Las Vegas Raiders,,,,,,,,,,,,,,,5,-0.026849999999999995,0.06203333333333333,New England Patriots,Las Vegas Raiders,0,0,0,0,0,0,0,0,0,0,0,0,0,2.0,3.0,,
2026_05_MIN_NO,2026,5,2026-10-11,13:00,Minnesota Vikings,New Orleans Saints,Home,,,,,7,6,1,-1,1,-4,Caesars Superdome,29.9507,-90.0813,America/Chicago,False,False,5,5,Sunday,True,False,1,True,False,1,1,-4,NFC North,U.S. Bank Stadium,44.9738,-93.2575,America/Chicago,NFC South,Caesars Superdome,29.9507,-90.0813,America/Chicago,Miami Dolphins,Atlanta Falcons,U.S. Bank Stadium,Caesars Superdome,Indianapolis Colts,New York Giants,U.S. Bank Stadium,MetLife Stadium,1052,0,-1052,1052,0.0,0.0,America/Chicago,America/Chicago,0.0,0.0,0.0,0.0,0.0,0,0.27,-6.145,0.27,-6.145,Minnesota Vikings,6.414999999999999,Minnesota Vikings,6.414999999999999,0.27,-6.145,Minnesota Vikings,6.414999999999999,0.0,0,No,No,No,No,No,0,Yes,0.0,0.0,2.427,-5.014,-0.20799999999999996,-7.423,-0.20799999999999996,-7.423,-0.478,-1.278,1.949,-6.292000000000001,Minnesota Vikings,7.215,Minnesota Vikings,7.215,-0.20799999999999996,-7.423,Minnesota Vikings,7.215,Tie,0.0,Minnesota Vikings,7.441000000000001,1.2135,-2.507,Minnesota Vikings,3.7205000000000004,Minnesota Vikings,0.8,Minnesota Vikings,8.241000000000001,0.7355,-3.785,Minnesota Vikings,4.5205,Different,Same,Same,Same,Different,Same,False,Away Team,Away Team,42.111111111111114,110.0,-130.0,Minnesota Vikings,New Orleans Saints,1.5555555555555556,-1.5555555555555556,101,-122,282,-366,0.8,-0.8,8.241000000000001,-8.241000000000001,0.5652,0.4762,0.5495,0.4975,0.7854,0.2618,0.5427,0.4573,0.5248,0.4752,0.75,0.25,0.5427,0.4573,0.0427,-0.0427,,,4,5,2026-10-11,MIN @ NO,0.0,70.0,0.0,Dome,True,K.Murray,T.Shough,8.78,9.0,12.46,155.18,Low,1.0,17.0,41.29,41.0,11.891460260431646,26.0,57.0,0.2394,0.7598,0.0756,0.0664,0.2538,0.7462,0.4432,0.5568,0.3555,0.6443,+181,-181,0.47619047619047616,0.5652173913043478,8.89,-8.89,41.144999999999996,5.977000000000001,-5.977000000000001,Minnesota Vikings,6.685444444444446,New Orleans Saints,0.7555555555555555,Minnesota Vikings,7.334444444444445,Minnesota Vikings,4.421444444444446,Minnesota Vikings,0.18478260869565222,No Bet,0.0,Minnesota Vikings,0.19458260869565225,Minnesota Vikings,0.0790826086956522,Under,0.9661111111111182,130.0,100.0,1118.85,860.65,110.00000000000001,100.0,1167.55,1061.41,110.00000000000001,100.0,173.2,157.45,Minnesota Vikings,,,,,,,,,,,,,,,5,0.09738333333333332,-0.06526666666666667,Minnesota Vikings,New Orleans Saints,0,0,0,0,0,0,0,0,0,0,0,0,0,3.5,2.0,,
2026_05_CLE_NYJ,2026,5,2026-10-11,13:00,Cleveland Browns,New York Jets,Home,,,,,10,7,3,-3,3,-5,MetLife Stadium,40.8136,-74.0744,America/New_York,False,False,5,5,Sunday,True,False,1,True,False,1,3,-5,AFC North,FirstEnergy Stadium,41.5061,-81.6994,America/New_York,AFC East,MetLife Stadium,40.8136,-74.0744,America/New_York,Pittsburgh Steelers,Chicago Bears,FirstEnergy Stadium,Soldier Field,Baltimore Ravens,New England Patriots,FirstEnergy Stadium,Gillette Stadium,399,0,-399,399,0.0,0.0,America/New_York,America/Chicago,0.0,-1.0,0.0,0.0,0.0,0,-4.705,-3.725,-4.705,-3.725,New York Jets,0.98,New York Jets,0.98,-4.705,-3.725,New York Jets,0.98,0.0,0,No,No,No,No,No,0,No,0.0,0.0,-4.154,-5.458,-6.584,-4.2365,-6.584,-4.2365,-1.879,-0.5115,-6.0329999999999995,-5.9695,New York Jets,2.3474999999999993,New York Jets,2.3474999999999993,-6.584,-4.2365,New York Jets,2.3474999999999993,Tie,0.0,Cleveland Browns,1.3040000000000003,-2.077,-2.729,Cleveland Browns,0.6520000000000001,New York Jets,1.3675000000000002,New York Jets,0.06349999999999945,-3.9559999999999995,-3.2405,New York Jets,0.7154999999999996,Different,Different,Same,Same,Different,Different,False,Home Team,Home Team,39.888888888888886,-131.0,110.0,New York Jets,Cleveland Browns,-1.7222222222222223,1.7222222222222223,-128,105,-110,-110,-1.3675000000000002,1.3675000000000002,-0.06349999999999945,0.06349999999999945,0.4762,0.5671,0.4878,0.5614,0.5238,0.5238,0.4564,0.5436,0.4649,0.5351,0.5,0.5,0.4564,0.5436,-0.0436,0.0436,,,5,5,2026-10-11,CLE @ NYJ,12.0,62.0,0.0,Historical Avg,False,D.Watson,G.Smith,2.28,3.0,12.66,160.38,Med-Low,-7.0,11.0,41.32,40.0,12.535512178332189,26.0,58.0,0.4212,0.578,0.092,0.0934,0.402,0.598,0.5326,0.4674,0.5,0.4998,-100,+100,0.5670995670995671,0.47619047619047616,2.6399999999999997,-2.6399999999999997,40.66,0.403,-0.403,Cleveland Browns,1.6587222222222229,Cleveland Browns,0.35472222222222216,Cleveland Browns,4.362222222222222,Cleveland Browns,2.1252222222222223,Cleveland Browns,0.023809523809523836,No Bet,0.0,Cleveland Browns,0.1018095238095238,Cleveland Browns,0.023609523809523858,Over,0.7711111111111109,100.0,110.0,485.91,534.5,110.00000000000001,100.0,389.5,354.09,110.00000000000001,100.0,46.15,41.95,Cleveland Browns,,,,,,,,,,,,,,,5,-0.13971666666666668,-0.20513333333333336,New York Jets,Cleveland Browns,0,0,0,0,0,0,0,0,0,0,0,0,0,1.0,0.5,,
2026_05_IND_PIT,2026,5,2026-10-11,13:00,Indianapolis Colts,Pittsburgh Steelers,Home,,,,,7,10,-3,3,-2,-1,Acrisure Stadium,40.4468,-80.0158,America/New_York,False,True,5,5,Sunday,True,False,1,True,False,1,-2,-1,AFC South,Lucas Oil Stadium,39.7601,-86.1638,America/Indiana/Indianapolis,AFC North,Acrisure Stadium,40.4468,-80.0158,America/New_York,Washington Commanders,Cleveland Browns,Tottenham Hotspur Stadium,FirstEnergy Stadium,Tennessee Titans,Tampa Bay Buccaneers,Lucas Oil Stadium,Raymond James Stadium,328,0,-328,328,0.0,0.0,America/New_York,America/New_York,0.0,0.0,0.0,0.0,0.0,0,-2.265,-0.565,-2.265,-0.565,Pittsburgh Steelers,1.7000000000000002,Pittsburgh Steelers,1.7000000000000002,-2.265,-0.565,Pittsburgh Steelers,1.7000000000000002,0.0,0,No,No,No,No,No,0,No,0.0,0.0,-0.012,-2.174,-2.0395000000000003,0.9955,-2.0395000000000003,0.9955,0.22550000000000003,1.5605,0.21350000000000002,-0.6134999999999999,Pittsburgh Steelers,3.035,Pittsburgh Steelers,3.035,-2.0395000000000003,0.9955,Pittsburgh Steelers,3.035,Tie,0.0,Indianapolis Colts,2.162,-0.006,-1.087,Indianapolis Colts,1.081,Pittsburgh Steelers,1.335,Indianapolis Colts,0.827,0.21950000000000003,0.47350000000000003,Pittsburgh Steelers,0.254,Different,Different,Same,Different,Different,Same,False,Home Team,Away Team,44.22222222222222,-139.0,117.0,Pittsburgh Steelers,Indianapolis Colts,-2.2777777777777777,2.2777777777777777,-128,105,101,-122,-1.335,1.335,0.827,-0.827,0.4608,0.5816,0.4878,0.5614,0.5495,0.4975,0.4421,0.5579,0.4649,0.5351,0.5248,0.4752,0.4421,0.5579,-0.0579,0.0579,,,6,5,2026-10-11,IND @ PIT,5.725,73.4,0.0,Live Forecast,False,D.Jones,A.Rodgers,-1.87,-3.0,14.05,197.47,High,-12.0,8.0,50.08,50.0,12.98329567688138,33.0,67.0,0.5558,0.4436,0.0866,0.082,0.5182,0.4818,0.6574,0.3426,0.531,0.4688,-113,+113,0.5815899581589958,0.4608294930875576,-2.435,2.435,50.04,-0.981,0.981,Indianapolis Colts,3.1047777777777776,Indianapolis Colts,0.9427777777777777,Pittsburgh Steelers,0.15722222222222237,Indianapolis Colts,1.2967777777777778,Indianapolis Colts,0.06397050691244244,Indianapolis Colts,0.004070506912442373,No Bet,0.0,Indianapolis Colts,0.007970506912442388,Over,5.817777777777778,,0.0,0.0,0.0,110.00000000000001,100.0,0.0,0.0,110.00000000000001,100.0,701.35,637.59,No Bet,,,,,,,,,,,,,,,5,0.02601666666666667,-0.03526666666666667,Pittsburgh Steelers,Indianapolis Colts,0,1,0,0,0,0,0,0,0,1,0,0,0,2.5,2.0,,
2026_05_HOU_TEN,2026,5,2026-10-11,13:00,Houston Texans,Tennessee Titans,Home,,,,,7,7,0,0,0,1,Nissan Stadium,36.1664,-86.7716,America/Chicago,False,False,5,5,Sunday,True,False,1,True,False,1,0,1,AFC South,NRG Stadium,29.6847,-95.4093,America/Chicago,AFC South,Nissan Stadium,36.1664,-86.7716,America/Chicago,Dallas Cowboys,Baltimore Ravens,NRG Stadium,M&T Bank Stadium,Jacksonville Jaguars,Indianapolis Colts,Wembley Stadium,Lucas Oil Stadium,671,0,-671,671,0.0,0.0,America/Chicago,America/New_York,0.0,1.0,0.0,0.0,0.0,0,0.035,-4.36,0.035,-4.36,Houston Texans,4.3950000000000005,Houston Texans,4.3950000000000005,0.035,-4.36,Houston Texans,4.3950000000000005,0.0,0,No,No,No,No,No,1,No,0.0,0.0,1.731,-9.711,0.40117499999999995,-3.9916750000000003,0.40117499999999995,-3.9916750000000003,0.41012499999999996,0.324375,2.0267049999999998,-9.272205,Houston Texans,4.39285,Houston Texans,4.39285,0.40117499999999995,-3.9916750000000003,Houston Texans,4.39285,Tie,0.0,Houston Texans,11.442,0.8655,-4.8555,Houston Texans,5.721,Houston Texans,0.08574999999999994,Houston Texans,11.29891,1.2184149999999998,-4.473915,Houston Texans,5.69233,Different,Same,Same,Same,Different,Same,False,Away Team,Away Team,39.55555555555556,255.0,-321.0,Houston Texans,Tennessee Titans,6.944444444444445,-6.944444444444445,-110,-110,450,-646,0.08574999999999994,-0.08574999999999994,11.29891,-11.29891,0.7625,0.2817,0.5238,0.5238,0.866,0.1818,0.7302,0.2698,0.5,0.5,0.8265,0.1735,0.7302,0.2698,0.2302,-0.2302,,,7,5,2026-10-11,HOU @ TEN,8.0,68.0,0.0,Historical Avg,False,C.Stroud,C.Ward,10.56,10.0,12.37,153.09,Low,3.0,19.0,45.05,44.0,12.3938477210375,29.0,61.0,0.187,0.8124,0.0688,0.0648,0.3502,0.6498,0.6566,0.3434,0.2826,0.7173,+254,-254,0.28169014084507044,0.7624703087885986,10.280000000000001,-10.280000000000001,44.525,7.221553333333333,-7.221553333333333,Houston Texans,4.354465555555555,Tennessee Titans,6.858694444444445,Houston Texans,3.3355555555555565,Houston Texans,0.27710888888888796,Houston Texans,0.06402969121140145,Tennessee Titans,0.21830985915492956,Houston Texans,0.04992969121140145,Tennessee Titans,0.000909859154929582,Over,4.9694444444444414,321.0,100.0,525.51,163.71,110.00000000000001,100.0,661.45,601.32,110.00000000000001,100.0,697.15,633.77,Houston Texans,,,,,,,,,,,,,,,5,0.09995000000000002,-0.2502,Houston Texans,Tennessee Titans,0,0,0,0,1,0,0,0,0,0,1,0,1,3.5,0.0,,
2026_05_NYG_WAS,2026,5,2026-10-11,13:00,New York Giants,Washington Commanders,Home,,,,,7,7,0,0,-4,0,FedExField,38.9077,-76.8645,America/New_York,False,False,5,5,Sunday,True,False,1,True,False,1,-4,0,NFC East,MetLife Stadium,40.8136,-74.0744,America/New_York,NFC East,FedExField,38.9077,-76.8645,America/New_York,Arizona Cardinals,Indianapolis Colts,MetLife Stadium,Tottenham Hotspur Stadium,New Orleans Saints,San Francisco 49ers,MetLife Stadium,Levi's Stadium,198,0,-198,198,0.0,0.0,America/New_York,America/New_York,0.0,0.0,0.0,0.0,0.0,0,-2.84,1.45,-2.84,1.45,Washington Commanders,4.29,Washington Commanders,4.29,-2.84,1.45,Washington Commanders,4.29,0.0,0,No,No,No,No,No,1,No,0.0,0.0,-4.129,-3.609,-4.06668,1.6976799999999999,-4.06668,1.6976799999999999,-1.26958,0.29058,-5.39338,-3.32362,Washington Commanders,5.76436,Washington Commanders,5.76436,-4.06668,1.6976799999999999,Washington Commanders,5.76436,Tie,0.0,Washington Commanders,0.5199999999999996,-2.0645,-1.8045,Washington Commanders,0.2599999999999998,Washington Commanders,1.56016,Washington Commanders,2.0697599999999996,-3.33148,-1.51652,Washington Commanders,1.81496,Different,Same,Same,Same,Different,Same,False,Home Team,Home Team,43.44444444444444,-184.0,155.0,Washington Commanders,New York Giants,-3.5,3.5,-128,105,-131,108,-1.56016,1.56016,-2.0697599999999996,2.0697599999999996,0.3922,0.6479,0.4878,0.5614,0.4808,0.5671,0.3771,0.6229,0.4649,0.5351,0.4588,0.5412,0.3771,0.6229,-0.1229,0.1229,,,8,5,2026-10-11,NYG @ WAS,9.675,73.35,0.0,Live Forecast,False,J.Winston,J.Daniels,-6.57,-7.0,13.52,182.91,Med-High,-16.0,3.0,45.86,45.0,13.12591671381148,30.0,63.0,0.686,0.3124,0.0814,0.0778,0.6074,0.3926,0.552,0.448,0.5963,0.4033,-148,+148,0.647887323943662,0.39215686274509803,-6.785,6.785,45.43,-3.4716399999999994,3.4716399999999994,New York Giants,1.4302400000000004,New York Giants,1.93984,Washington Commanders,3.285,New York Giants,0.028360000000000607,New York Giants,0.06664313725490195,New York Giants,0.07274313725490195,Washington Commanders,0.03811267605633806,New York Giants,0.011143137254901958,Over,1.9855555555555569,184.0,100.0,270.6,147.07,110.00000000000001,100.0,438.85,398.95,110.00000000000001,100.0,148.0,134.55,Washington Commanders,,,,,,,,,,,,,,,5,-0.24146666666666664,-0.09124999999999998,Washington Commanders,New York Giants,0,0,0,0,0,0,0,0,0,0,0,0,1,0.5,1.5,,
2026_05_DEN_LAC,2026,5,2026-10-11,16:05,Denver Broncos,Los Angeles Chargers,Home,,,,,7,7,0,0,0,-3,SoFi Stadium,33.9535,-118.3395,America/Los_Angeles,False,True,5,5,Sunday,True,False,1,True,False,1,0,-3,AFC West,Empower Field at Mile High,39.7648,-105.0076,America/Denver,AFC West,SoFi Stadium,33.9535,-118.3395,America/Los_Angeles,San Francisco 49ers,Seattle Seahawks,Levi's Stadium,Lumen Field,Seattle Seahawks,Kansas City Chiefs,Empower Field at Mile High,GEHA Field at Arrowhead Stadium,837,0,-837,837,1.0,0.0,America/Los_Angeles,America/Los_Angeles,0.0,0.0,0.0,0.0,0.0,0,2.05,0.935,2.05,0.935,Denver Broncos,1.1149999999999998,Denver Broncos,1.1149999999999998,2.05,0.935,Denver Broncos,1.1149999999999998,0.0,0,No,No,No,No,No,1,No,0.0,0.0,2.928,-3.339,0.9226299999999998,-0.044629999999999996,0.9226299999999998,-0.044629999999999996,-1.11622,-0.99078,1.74911,-4.26711,Denver Broncos,0.9672599999999998,Denver Broncos,0.9672599999999998,0.9226299999999998,-0.044629999999999996,Denver Broncos,0.9672599999999998,Tie,0.0,Denver Broncos,6.2669999999999995,1.464,-1.6695,Denver Broncos,3.1334999999999997,Los Angeles Chargers,0.12544,Denver Broncos,6.01622,0.316445,-2.628945,Denver Broncos,2.9453899999999997,Different,Same,Different,Same,Different,Same,False,Home Team,Away Team,42.22222222222222,155.0,-184.0,Denver Broncos,Los Angeles Chargers,3.5,-3.5,-110,-110,208,-261,-0.12544,0.12544,6.01622,-6.01622,0.6479,0.3922,0.5238,0.5238,0.723,0.3247,0.6229,0.3771,0.5,0.5,0.6901,0.3099,0.6229,0.3771,0.1229,-0.1229,,,9,5,2026-10-11,DEN @ LAC,0.0,70.0,0.0,Dome,True,B.Nix,J.Herbert,6.57,7.0,13.46,181.12,Med-High,-3.0,16.0,42.43,42.0,12.568634377450193,27.0,59.0,0.31,0.6886,0.079,0.079,0.3912,0.6088,0.4866,0.5134,0.3743,0.6254,+167,-167,0.39215686274509803,0.647887323943662,6.785,-6.785,42.215,4.22526,-4.22526,Denver Broncos,2.5162199999999997,Los Angeles Chargers,3.62544,Denver Broncos,3.285,Denver Broncos,0.7252599999999996,Denver Broncos,0.04221267605633805,Los Angeles Chargers,0.10784313725490197,Denver Broncos,0.04071267605633799,No Bet,0.0,Under,0.007222222222218022,184.0,100.0,289.06,157.1,110.00000000000001,100.0,446.2,405.64,110.00000000000001,100.0,0.0,0.0,Denver Broncos,,,,,,,,,,,,,,,5,0.09201666666666665,-0.14716666666666667,Denver Broncos,Los Angeles Chargers,0,0,1,0,1,0,0,0,1,0,1,0,1,3.0,1.0,,
2026_05_DET_ARI,2026,5,2026-10-11,16:25,Detroit Lions,Arizona Cardinals,Home,,,,,7,7,0,0,3,-4,State Farm Stadium,33.5277,-112.262608,America/Denver,False,True,5,5,Sunday,True,False,1,True,False,1,3,-4,NFC North,Ford Field,42.3395,-83.045,America/Detroit,NFC West,State Farm Stadium,33.5277,-112.262608,America/Denver,Carolina Panthers,New York Giants,Bank of America Stadium,MetLife Stadium,Green Bay Packers,Los Angeles Rams,Ford Field,SoFi Stadium,1693,0,-1693,1693,2.0,0.0,America/New_York,America/New_York,2.0,2.0,2.0,0.0,2.0,0,4.305,0.075,4.305,0.075,Detroit Lions,4.2299999999999995,Detroit Lions,4.2299999999999995,4.305,0.075,Detroit Lions,4.2299999999999995,-0.15,0,No,No,No,No,No,0,No,0.0,0.0,1.824,-1.231,3.4450000000000003,-1.1335,3.4450000000000003,-1.1335,-0.86,-1.2085,0.9640000000000002,-2.4395,Detroit Lions,4.5785,Detroit Lions,4.5785,3.4450000000000003,-1.1335,Detroit Lions,4.5785,Tie,0.0,Detroit Lions,3.055,0.912,-0.6155,Detroit Lions,1.5275,Detroit Lions,0.3484999999999999,Detroit Lions,3.4035,0.0520000000000001,-1.8239999999999998,Detroit Lions,1.876,Different,Same,Same,Same,Different,Same,False,Away Team,Away Team,54.27777777777778,191.0,-232.0,Detroit Lions,Arizona Cardinals,4.833333333333333,-4.833333333333333,-104,-116,156,-191,0.3484999999999999,-0.3484999999999999,3.4035,-3.4035,0.6988,0.3436,0.537,0.5098,0.6564,0.3906,0.6703,0.3297,0.513,0.487,0.6269,0.3731,0.6703,0.3297,0.1703,-0.1703,,,10,5,2026-10-11,DET @ ARI,0.0,70.0,0.0,Dome,True,J.Goff,J.Brissett,12.19,13.0,13.3,176.77,Medium,4.0,21.0,55.52,56.0,13.659349667047305,38.0,73.0,0.1802,0.8196,0.0574,0.0648,0.2624,0.7376,0.5228,0.4772,0.3425,0.6574,+192,-192,0.3436426116838488,0.6987951807228916,12.594999999999999,-12.594999999999999,55.760000000000005,5.448999999999999,-5.448999999999999,Arizona Cardinals,1.4298333333333328,Arizona Cardinals,4.4848333333333334,Detroit Lions,7.761666666666666,Detroit Lions,0.6156666666666659,Arizona Cardinals,0.02945738831615119,Arizona Cardinals,0.1433573883161512,Detroit Lions,0.1208048192771084,No Bet,0.0,Over,1.4822222222222265,231.99999999999997,100.0,1002.68,432.19,110.00000000000001,100.0,1122.4,1020.36,110.00000000000001,100.0,0.0,0.0,Detroit Lions,,,,,,,,,,,,,,,5,0.09143333333333332,-0.2769333333333333,Detroit Lions,Arizona Cardinals,1,0,0,0,0,0,0,0,1,0,0,0,0,3.0,0.0,,
2026_05_CHI_GB,2026,5,2026-10-11,16:25,Chicago Bears,Green Bay Packers,Home,,,,,7,7,0,0,-1,3,Lambeau Field,44.5013,-88.0622,America/Chicago,False,False,5,5,Sunday,True,False,1,True,False,1,-1,3,NFC North,Soldier Field,41.8623,-87.6167,America/Chicago,NFC North,Lambeau Field,44.5013,-88.0622,America/Chicago,New York Jets,Tampa Bay Buccaneers,Soldier Field,Raymond James Stadium,Atlanta Falcons,Dallas Cowboys,Mercedes-Benz Stadium,Lambeau Field,184,0,-184,184,0.0,0.0,America/Chicago,America/New_York,0.0,1.0,0.0,0.0,0.0,0,-1.575,3.535,-1.575,3.535,Green Bay Packers,5.11,Green Bay Packers,5.11,-1.575,3.535,Green Bay Packers,5.11,0.0,0,No,No,No,No,No,1,No,0.0,0.0,3.925,-0.138,-2.0404750000000003,3.155975,-2.0404750000000003,3.155975,-0.5165750000000001,-0.32792499999999997,3.3677949999999996,-0.425295,Green Bay Packers,5.1964500000000005,Green Bay Packers,5.1964500000000005,-2.0404750000000003,3.155975,Green Bay Packers,5.1964500000000005,Tie,0.0,Chicago Bears,4.063,1.9625,-0.069,Chicago Bears,2.0315,Green Bay Packers,0.18865000000000015,Chicago Bears,3.7930899999999994,1.4256099999999998,-0.37661,Chicago Bears,1.8022199999999997,Different,Different,Same,Different,Different,Same,False,Home Team,Away Team,45.5,125.0,-148.0,Chicago Bears,Green Bay Packers,2.888888888888889,-2.888888888888889,-110,-110,171,-211,-0.18865000000000015,0.18865000000000015,3.7930899999999994,-3.7930899999999994,0.5968,0.4444,0.5238,0.5238,0.6785,0.369,0.5731,0.4269,0.5,0.5,0.6477,0.3523,0.5731,0.4269,0.0731,-0.0731,,,11,5,2026-10-11,CHI @ GB,14.899999999999999,80.55000000000001,0.0,Live Forecast,False,C.Williams,J.Love,-0.16,-0.5,13.25,175.52,Medium,-10.0,9.0,52.74,52.0,14.163945944296122,35.0,71.0,0.5,0.4988,0.0994,0.095,0.5416,0.4584,0.6844,0.3156,0.4448,0.5549,+125,-125,0.4444444444444444,0.5967741935483871,-0.33,0.33,52.370000000000005,1.0914799999999998,-1.0914799999999998,Chicago Bears,0.9042011111111106,Green Bay Packers,3.077538888888889,Green Bay Packers,3.218888888888889,Green Bay Packers,1.797408888888889,Chicago Bears,0.05092580645161293,Green Bay Packers,0.05555555555555558,Green Bay Packers,0.05555555555555558,Green Bay Packers,0.0003555555555555534,Over,6.8700000000000045,100.0,125.0,250.0,312.5,110.00000000000001,100.0,93.4,84.91,110.00000000000001,100.0,843.1,766.45,Green Bay Packers,,,,,,,,,,,,,,,5,0.056033333333333324,0.06491666666666666,Chicago Bears,Green Bay Packers,0,1,1,0,1,0,0,1,1,1,1,1,1,3.0,3.0,,
2026_05_SF_SEA,2026,5,2026-10-11,16:25,San Francisco 49ers,Seattle Seahawks,Home,,,,,7,7,0,0,3,4,Lumen Field,47.5952,-122.3316,America/Los_Angeles,False,False,5,5,Sunday,True,False,1,True,False,1,3,4,NFC West,Levi's Stadium,37.4031,-121.9702,America/Los_Angeles,NFC West,Lumen Field,47.5952,-122.3316,America/Los_Angeles,Denver Broncos,Los Angeles Chargers,Levi's Stadium,Lumen Field,Washington Commanders,Denver Broncos,Levi's Stadium,Empower Field at Mile High,704,0,-704,704,0.0,0.0,America/Los_Angeles,America/Los_Angeles,0.0,0.0,0.0,0.0,0.0,0,3.325,-0.13,3.325,-0.13,San Francisco 49ers,3.455,San Francisco 49ers,3.455,3.325,-0.13,San Francisco 49ers,3.455,0.0,0,No,No,No,No,No,1,No,0.0,0.0,5.31,10.351,4.111565000000001,0.050935000000000015,4.111565000000001,0.050935000000000015,0.821115,0.14638500000000002,6.181525,10.446975,San Francisco 49ers,4.060630000000001,San Francisco 49ers,4.060630000000001,4.111565000000001,0.050935000000000015,San Francisco 49ers,4.060630000000001,Tie,0.0,Seattle Seahawks,5.041000000000001,2.655,5.1755,Seattle Seahawks,2.5205000000000006,San Francisco 49ers,0.67473,Seattle Seahawks,4.26545,3.5013199999999998,5.29668,Seattle Seahawks,1.7953600000000005,Different,Different,Same,Different,Different,Same,False,Away Team,Home Team,47.111111111111114,-154.0,130.0,Seattle Seahawks,San Francisco 49ers,-2.9444444444444446,2.9444444444444446,-104,-116,-224,181,0.67473,-0.67473,-4.26545,4.26545,0.4348,0.6063,0.537,0.5098,0.3559,0.6914,0.4176,0.5824,0.513,0.487,0.3398,0.6602,0.4176,0.5824,-0.0824,0.0824,,,12,5,2026-10-11,SF @ SEA,10.0,55.0,0.0,Historical Avg,False,B.Purdy,S.Darnold,-2.54,-3.0,12.86,165.27,Med-Low,-11.0,7.0,56.02,55.0,14.053400605323779,38.0,75.0,0.5748,0.424,0.1014,0.088,0.5236,0.4764,0.7148,0.2852,0.5761,0.4236,-136,+136,0.6062992125984252,0.43478260869565216,-2.77,2.77,55.510000000000005,-2.1202400000000003,2.1202400000000003,Seattle Seahawks,1.3210055555555558,San Francisco 49ers,3.619174444444445,San Francisco 49ers,0.17444444444444462,San Francisco 49ers,0.8242044444444443,Seattle Seahawks,0.05390078740157478,San Francisco 49ers,0.07821739130434785,No Bet,0.0,No Bet,0.0,Over,8.39888888888889,,0.0,0.0,0.0,110.00000000000001,100.0,0.0,0.0,110.00000000000001,100.0,1002.7,911.55,No Bet,,,,,,,,,,,,,,,5,0.2704166666666667,0.29291666666666666,Seattle Seahawks,San Francisco 49ers,0,0,0,0,0,1,0,0,0,0,0,1,1,5.0,5.0,,
2026_05_BAL_ATL,2026,5,2026-10-11,20:20,Baltimore Ravens,Atlanta Falcons,Home,,,,,7,6,1,-1,1,2,Mercedes-Benz Stadium,33.7489,-84.388,America/New_York,False,False,5,5,Sunday,True,False,1,True,False,1,1,2,AFC North,M&T Bank Stadium,39.2789,-76.6228,America/New_York,NFC South,Mercedes-Benz Stadium,33.7489,-84.388,America/New_York,Tennessee Titans,New Orleans Saints,M&T Bank Stadium,Caesars Superdome,Cleveland Browns,Chicago Bears,FirstEnergy Stadium,Mercedes-Benz Stadium,575,0,-575,575,0.0,0.0,America/New_York,America/Chicago,0.0,-1.0,0.0,0.0,0.0,0,6.69,-0.71,6.69,-0.71,Baltimore Ravens,7.4,Baltimore Ravens,7.4,6.69,-0.71,Baltimore Ravens,7.4,0.0,0,No,No,No,No,No,0,Yes,0.0,0.0,3.773,1.764,8.4315,-3.157,8.4315,-3.157,1.7415,-2.447,5.5145,-0.6829999999999998,Baltimore Ravens,11.5885,Baltimore Ravens,11.5885,8.4315,-3.157,Baltimore Ravens,11.5885,Tie,0.0,Baltimore Ravens,2.0090000000000003,1.8865,0.882,Baltimore Ravens,1.0045000000000002,Baltimore Ravens,4.1885,Baltimore Ravens,6.1975,3.628,-1.565,Baltimore Ravens,5.193,Different,Same,Same,Same,Different,Same,False,Away Team,Away Team,43.888888888888886,-151.0,128.0,Atlanta Falcons,Baltimore Ravens,-2.8333333333333335,2.8333333333333335,171,-211,208,-261,4.1885,-4.1885,6.1975,-6.1975,0.4386,0.6016,0.6785,0.369,0.723,0.3247,0.4217,0.5783,0.6477,0.3523,0.6901,0.3099,0.4217,0.5783,-0.0783,0.0783,,,13,5,2026-10-11,BAL @ ATL,0.0,70.0,0.0,Dome,True,L.Jackson,M.Penix,7.86,9.0,13.6,184.9,Med-High,-2.0,17.0,59.18,59.0,13.902442728627388,42.0,77.0,0.2778,0.7218,0.0786,0.0664,0.2494,0.7506,0.8666,0.1334,0.3796,0.6203,+163,-163,0.601593625498008,0.43859649122807015,8.43,-8.43,59.09,6.271999999999999,-6.271999999999999,Baltimore Ravens,9.030833333333334,Baltimore Ravens,7.021833333333333,Baltimore Ravens,11.263333333333334,Baltimore Ravens,9.105333333333332,Baltimore Ravens,0.2515035087719299,Baltimore Ravens,0.2091035087719299,Baltimore Ravens,0.28320350877192985,Baltimore Ravens,0.1817035087719298,Over,15.201111111111118,100.0,128.0,1261.14,1614.26,110.00000000000001,100.0,1190.65,1082.41,110.00000000000001,100.0,1799.65,1636.05,Baltimore Ravens,,,,,,,,,,,,,,,5,0.2868833333333333,0.0597,Atlanta Falcons,Baltimore Ravens,0,0,0,0,0,0,0,0,0,0,0,0,0,5.0,3.0,,
2026_05_BUF_LA,2026,5,2026-10-12,20:15,Buffalo Bills,Los Angeles Rams,Home,,,,,8,8,0,0,3,3,SoFi Stadium,33.9535,-118.3395,America/Los_Angeles,False,False,5,5,Monday,True,False,1,True,False,1,3,3,AFC East,Highmark Stadium,42.7725,-78.7877,America/New_York,NFC West,SoFi Stadium,33.9535,-118.3395,America/Los_Angeles,New England Patriots,Philadelphia Eagles,Highmark Stadium,Lincoln Financial Field,Las Vegas Raiders,Arizona Cardinals,Allegiant Stadium,SoFi Stadium,2204,0,-2204,2204,3.0,0.0,America/New_York,America/New_York,3.0,3.0,3.0,0.0,3.0,0,4.795,1.29,4.795,1.29,Buffalo Bills,3.505,Buffalo Bills,3.505,4.795,1.29,Buffalo Bills,3.505,-0.22499999999999998,0,No,No,No,No,No,0,No,0.0,0.0,3.307,6.079,4.6160000000000005,1.2369999999999999,4.6160000000000005,1.2369999999999999,-0.179,-0.05299999999999999,3.1279999999999997,6.026,Buffalo Bills,3.3790000000000004,Buffalo Bills,3.3790000000000004,4.6160000000000005,1.2369999999999999,Buffalo Bills,3.3790000000000004,Tie,0.0,Los Angeles Rams,2.772,1.6535,3.0395,Los Angeles Rams,1.386,Los Angeles Rams,0.126,Los Angeles Rams,2.898,1.4745,2.9865,Los Angeles Rams,1.512,Different,Different,Different,Different,Different,Same,False,Home Team,Home Team,54.388888888888886,-156.0,133.0,Los Angeles Rams,Buffalo Bills,-2.8333333333333335,2.8333333333333335,-110,-110,-164,135,-0.126,0.126,-2.898,2.898,0.4292,0.6094,0.5238,0.5238,0.4255,0.6212,0.4132,0.5868,0.5,0.5,0.4065,0.5935,0.4132,0.5868,-0.0868,0.0868,,,14,5,2026-10-12,BUF @ LA,0.0,70.0,0.0,Dome,True,J.Allen,M.Stafford,-2.37,-3.0,14.62,213.77,High,-13.0,8.0,60.13,60.0,14.0556032327484,42.0,78.0,0.565,0.434,0.0738,0.0826,0.5276,0.4724,0.649,0.351,0.5613,0.4384,-128,+128,0.609375,0.4291845493562232,-2.685,2.685,60.065,-1.9029999999999998,1.9029999999999998,Los Angeles Rams,0.06466666666666665,Buffalo Bills,2.7073333333333336,Buffalo Bills,0.14833333333333343,Buffalo Bills,0.9303333333333337,No Bet,0.0,Buffalo Bills,0.07081545064377681,Buffalo Bills,0.0048154506437768085,Buffalo Bills,0.009215450643776824,Over,5.676111111111112,100.0,133.0,21.09,28.05,110.00000000000001,100.0,0.0,0.0,110.00000000000001,100.0,657.25,597.5,Buffalo Bills,,,,,,,,,,,,,,,5,0.15585000000000002,0.16573333333333334,Los Angeles Rams,Buffalo Bills,1,0,0,1,0,0,1,1,1,1,1,1,0,4.0,4.0,,
2026_06_SEA_DEN,2026,6,2026-10-15,20:15,Seattle Seahawks,Denver Broncos,Home,,,,,4,4,0,0,4,0,Empower Field at Mile High,39.7648,-105.0076,America/Denver,False,False,6,6,Thursday,True,True,2,True,False,1,4,0,NFC West,Lumen Field,47.5952,-122.3316,America/Los_Angeles,AFC West,Empower Field at Mile High,39.7648,-105.0076,America/Denver,San Francisco 49ers,Los Angeles Chargers,Lumen Field,SoFi Stadium,Kansas City Chiefs,Arizona Cardinals,Lumen Field,State Farm Stadium,1017,0,-1017,1017,-1.0,0.0,America/Los_Angeles,America/Los_Angeles,-1.0,-1.0,-1.0,0.0,-1.0,0,-0.13,2.05,-0.13,2.05,Denver Broncos,2.1799999999999997,Denver Broncos,2.1799999999999997,-0.13,2.05,Denver Broncos,2.1799999999999997,0.0,0,No,No,No,No,No,0,No,0.0,0.0,10.351,2.928,0.055499999999999994,3.1674999999999995,0.055499999999999994,3.1674999999999995,0.1855,1.1175,10.5365,4.0455,Denver Broncos,3.1119999999999997,Denver Broncos,3.1119999999999997,0.055499999999999994,3.1674999999999995,Denver Broncos,3.1119999999999997,Tie,0.0,Seattle Seahawks,7.423000000000001,5.1755,1.464,Seattle Seahawks,3.7115000000000005,Denver Broncos,0.9319999999999999,Seattle Seahawks,6.4910000000000005,5.361,2.5814999999999997,Seattle Seahawks,2.7795,Different,Different,Same,Different,Different,Same,True,Home Team,Away Team,,,,,,,,-122,101,224,-282,-0.9319999999999999,0.9319999999999999,6.4910000000000005,-6.4910000000000005,,,0.4975,0.5495,0.7382,0.3086,,,0.4752,0.5248,0.7052,0.2948,0.7784,0.2204,0.2784,-0.2796,,,15,6,2026-10-15,SEA @ DEN,13.024999999999999,47.825,6.8,Live Forecast,False,S.Darnold,B.Nix,9.54,10.0,12.88,165.81,Med-Low,2.0,18.0,40.55,40.0,12.157348805804546,26.0,57.0,0.2204,0.7784,0.0742,0.0668,0.0,0.0,0.0,0.0,0.3467,0.6529,+188,-188,,,,,,,,No Bet,,No Bet,,No Bet,,No Bet,,No Bet,,No Bet,,No Bet,,No Bet,,No Bet,,,,,,,,,,,,,,,,,,,,,,,,,,,,,6,0.29423636363636363,0.12579999999999997,Denver Broncos,Seattle Seahawks,0,0,0,1,1,1,0,0,0,1,1,1,0,5.0,3.5,,
2026_06_HOU_JAX,2026,6,2026-10-18,09:30,Houston Texans,Jacksonville Jaguars,Neutral,,,,,7,7,0,0,0,1,Wembley Stadium,30.3239,-81.6554,America/New_York,True,True,6,6,Sunday,True,True,2,True,False,1,0,1,AFC South,NRG Stadium,29.6847,-95.4093,America/Chicago,AFC South,TIAA Bank Field,30.3239,-81.6554,America/New_York,Tennessee Titans,Philadelphia Eagles,Nissan Stadium,Tottenham Hotspur Stadium,New York Giants,Indianapolis Colts,NRG Stadium,TIAA Bank Field,823,0,-823,823,-1.0,0.0,America/Chicago,America/New_York,-1.0,0.0,-1.0,0.0,-1.0,0,0.035,-1.825,0.035,-1.825,Houston Texans,1.8599999999999999,Houston Texans,1.8599999999999999,0.035,-1.825,Houston Texans,1.8599999999999999,0.0,0,No,No,No,No,No,1,No,0.0,0.0,1.731,6.394,0.36769999999999997,0.044300000000000145,0.36769999999999997,0.044300000000000145,0.35129999999999995,1.8507,2.12893,8.19807,Houston Texans,0.3233999999999998,Houston Texans,0.3233999999999998,0.36769999999999997,0.044300000000000145,Houston Texans,0.3233999999999998,Tie,0.0,Jacksonville Jaguars,4.663,0.8655,3.197,Jacksonville Jaguars,2.3315,Jacksonville Jaguars,1.4994,Jacksonville Jaguars,6.069139999999999,1.2401149999999999,5.024385,Jacksonville Jaguars,3.78427,Different,Different,Different,Different,Different,Same,False,Home Team,Home Team,,,,,,,,-128,105,-261,208,-1.4994,1.4994,-6.069139999999999,6.069139999999999,,,0.4878,0.5614,0.3247,0.723,,,0.4649,0.5351,0.3099,0.6901,0.437,0.561,-0.063,0.061,,,16,6,2026-10-18,HOU @ JAX,10.0,60.0,0.0,Historical Avg,False,C.Stroud,T.Lawrence,-2.01,-3.0,12.81,164.19,Med-Low,-10.0,7.0,49.06,49.0,13.058512011220476,33.0,67.0,0.561,0.437,0.1052,0.094,0.0,0.0,0.0,0.0,0.5954,0.4039,-147,+148,,,,,,,,No Bet,,No Bet,,No Bet,,No Bet,,No Bet,,No Bet,,No Bet,,No Bet,,No Bet,,,,,,,,,,,,,,,,,,,,,,,,,,,,,6,0.11476363636363639,0.1892181818181818,Jacksonville Jaguars,Houston Texans,0,0,0,0,1,0,0,0,0,0,1,0,1,3.5,4.0,,
2026_06_CHI_ATL,2026,6,2026-10-18,13:00,Chicago Bears,Atlanta Falcons,Home,,,,,7,7,0,0,-1,2,Mercedes-Benz Stadium,33.7489,-84.388,America/New_York,False,True,6,6,Sunday,True,True,2,True,False,1,-1,2,NFC North,Soldier Field,41.8623,-87.6167,America/Chicago,NFC South,Mercedes-Benz Stadium,33.7489,-84.388,America/New_York,Green Bay Packers,Baltimore Ravens,Lambeau Field,Mercedes-Benz Stadium,New England Patriots,San Francisco 49ers,Soldier Field,Mercedes-Benz Stadium,587,0,-587,587,-1.0,0.0,America/Chicago,America/New_York,-1.0,0.0,-1.0,0.0,-1.0,0,-1.575,-0.71,-1.575,-0.71,Atlanta Falcons,0.865,Atlanta Falcons,0.865,-1.575,-0.71,Atlanta Falcons,0.865,0.0,0,No,No,No,No,No,0,No,0.0,0.0,3.925,1.764,-2.1685,-3.057,-2.1685,-3.057,-0.5935,-2.347,3.3314999999999997,-0.583,Chicago Bears,0.8885000000000001,Chicago Bears,0.8885000000000001,-2.1685,-3.057,Chicago Bears,0.8885000000000001,Tie,0.0,Chicago Bears,2.1609999999999996,1.9625,0.882,Chicago Bears,1.0804999999999998,Chicago Bears,1.7534999999999998,Chicago Bears,3.9144999999999994,1.3689999999999998,-1.4649999999999999,Chicago Bears,2.8339999999999996,Different,Different,Same,Same,Different,Same,False,Away Team,Away Team,,,,,,,,108,-131,171,-211,1.7534999999999998,-1.7534999999999998,3.9144999999999994,-3.9144999999999994,,,0.5671,0.4808,0.6785,0.369,,,0.5412,0.4588,0.6477,0.3523,0.5378,0.4612,0.0378,-0.0388,,,17,6,2026-10-18,CHI @ ATL,0.0,70.0,0.0,Dome,True,C.Williams,M.Penix,1.12,2.0,13.87,192.45,Med-High,-8.0,10.0,52.74,52.0,13.794620773056955,36.0,71.0,0.4612,0.5378,0.0854,0.095,0.0,0.0,0.0,0.0,0.4241,0.5756,+136,-136,,,,,,,,No Bet,,No Bet,,No Bet,,No Bet,,No Bet,,No Bet,,No Bet,,No Bet,,No Bet,,,,,,,,,,,,,,,,,,,,,,,,,,,,,6,0.057690909090909084,0.06865454545454545,Chicago Bears,Atlanta Falcons,0,0,1,0,1,0,0,0,1,0,1,0,0,3.0,3.0,,
2026_06_BAL_CLE,2026,6,2026-10-18,13:00,Baltimore Ravens,Cleveland Browns,Home,,,,,7,7,0,0,1,3,FirstEnergy Stadium,41.5061,-81.6994,America/New_York,False,True,6,6,Sunday,True,True,2,True,False,1,1,3,AFC North,M&T Bank Stadium,39.2789,-76.6228,America/New_York,AFC North,FirstEnergy Stadium,41.5061,-81.6994,America/New_York,Atlanta Falcons,New York Jets,Mercedes-Benz Stadium,MetLife Stadium,Cincinnati Bengals,Tennessee Titans,M&T Bank Stadium,Nissan Stadium,308,0,-308,308,0.0,0.0,America/New_York,America/New_York,0.0,0.0,0.0,0.0,0.0,0,6.69,-4.705,6.69,-4.705,Baltimore Ravens,11.395,Baltimore Ravens,11.395,6.69,-4.705,Baltimore Ravens,11.395,0.0,0,No,No,No,No,No,1,No,0.0,0.0,3.773,-4.154,8.249925000000001,-2.194425,8.249925000000001,-2.194425,1.673875,2.396625,5.367605,-1.6781049999999995,Baltimore Ravens,10.44435,Baltimore Ravens,10.44435,8.249925000000001,-2.194425,Baltimore Ravens,10.44435,Tie,0.0,Baltimore Ravens,7.927,1.8865,-2.077,Baltimore Ravens,3.9635,Cleveland Browns,0.7227499999999998,Baltimore Ravens,7.04571,3.52074,0.35926000000000013,Baltimore Ravens,3.16148,Different,Same,Different,Same,Different,Same,False,Home Team,Away Team,,,,,,,,-116,-104,249,-319,-0.7227499999999998,0.7227499999999998,7.04571,-7.04571,,,0.5098,0.537,0.7613,0.2865,,,0.487,0.513,0.7266,0.2734,0.8832,0.116,0.3832,-0.384,,,18,6,2026-10-18,BAL @ CLE,10.525,38.599999999999994,4.6,Live Forecast,False,L.Jackson,D.Watson,17.1,17.0,14.06,197.66,High,8.75,27.0,51.72,51.0,13.019688599127234,36.0,69.0,0.116,0.8832,0.0402,0.0432,0.0,0.0,0.0,0.0,0.3008,0.6989,+232,-232,,,,,,,,No Bet,,No Bet,,No Bet,,No Bet,,No Bet,,No Bet,,No Bet,,No Bet,,No Bet,,,,,,,,,,,,,,,,,,,,,,,,,,,,,6,0.2781272727272727,-0.11750909090909092,Cleveland Browns,Baltimore Ravens,0,0,0,0,0,0,0,0,0,0,0,0,1,5.0,1.5,,
2026_06_TEN_IND,2026,6,2026-10-18,13:00,Tennessee Titans,Indianapolis Colts,Home,,,,,7,7,0,0,1,-2,Lucas Oil Stadium,39.7601,-86.1638,America/Indiana/Indianapolis,False,False,6,6,Sunday,True,True,2,True,False,1,1,-2,AFC South,Nissan Stadium,36.1664,-86.7716,America/Chicago,AFC South,Lucas Oil Stadium,39.7601,-86.1638,America/Indiana/Indianapolis,Houston Texans,Pittsburgh Steelers,Nissan Stadium,Acrisure Stadium,Cleveland Browns,Minnesota Vikings,Nissan Stadium,U.S. Bank Stadium,250,0,-250,250,-1.0,0.0,America/Chicago,America/New_York,-1.0,0.0,-1.0,0.0,-1.0,0,-4.36,-2.265,-4.36,-2.265,Indianapolis Colts,2.095,Indianapolis Colts,2.095,-4.36,-2.265,Indianapolis Colts,2.095,0.0,0,No,No,No,No,No,1,No,0.0,0.0,-9.711,-0.012,-4.641070000000001,-2.9329300000000003,-4.641070000000001,-2.9329300000000003,-0.30202,-0.64698,-9.91603,-0.75597,Indianapolis Colts,1.7081400000000007,Indianapolis Colts,1.7081400000000007,-4.641070000000001,-2.9329300000000003,Indianapolis Colts,1.7081400000000007,Tie,0.0,Indianapolis Colts,9.699,-4.8555,-0.006,Indianapolis Colts,4.8495,Tennessee Titans,0.34496,Indianapolis Colts,9.16006,-5.109025,-0.7014750000000001,Indianapolis Colts,4.40755,Different,Same,Different,Same,Different,Same,False,Away Team,Home Team,,,,,,,,-104,-116,-416,314,0.34496,-0.34496,-9.16006,9.16006,,,0.537,0.5098,0.2415,0.8062,,,0.513,0.487,0.2305,0.7695,0.2472,0.7518,-0.2528,0.2518,,,19,6,2026-10-18,TEN @ IND,0.0,70.0,0.0,Dome,True,C.Ward,D.Jones,-8.76,-9.0,12.97,168.16,Med-Low,-18.0,-1.0,48.94,49.0,12.84906615051024,33.0,66.0,0.7518,0.2472,0.0712,0.0796,0.0,0.0,0.0,0.0,0.6694,0.3302,-202,+203,,,,,,,,No Bet,,No Bet,,No Bet,,No Bet,,No Bet,,No Bet,,No Bet,,No Bet,,No Bet,,,,,,,,,,,,,,,,,,,,,,,,,,,,,6,-0.24996363636363636,0.005490909090909091,Tennessee Titans,Indianapolis Colts,0,0,0,0,0,0,0,0,0,0,0,0,1,0.0,2.5,,
2026_06_NYJ_NE,2026,6,2026-10-18,13:00,New York Jets,New England Patriots,Home,,,,,7,7,0,0,-5,4,Gillette Stadium,42.0628,-71.2687,America/New_York,False,False,6,6,Sunday,True,True,2,True,False,1,-5,4,AFC East,MetLife Stadium,40.8136,-74.0744,America/New_York,AFC East,Gillette Stadium,42.0628,-71.2687,America/New_York,Cleveland Browns,Las Vegas Raiders,MetLife Stadium,Gillette Stadium,Miami Dolphins,Chicago Bears,MetLife Stadium,Soldier Field,169,0,-169,169,0.0,0.0,America/New_York,America/New_York,0.0,0.0,0.0,0.0,0.0,0,-3.725,-1.995,-3.725,-1.995,New England Patriots,1.73,New England Patriots,1.73,-3.725,-1.995,New England Patriots,1.73,0.0,0,No,No,No,No,No,1,No,0.0,0.0,-5.458,3.904,-3.90821,-0.9397900000000002,-3.90821,-0.9397900000000002,-0.20051,1.0725099999999999,-5.56489,4.88289,New England Patriots,2.9684199999999996,New England Patriots,2.9684199999999996,-3.90821,-0.9397900000000002,New England Patriots,2.9684199999999996,Tie,0.0,New England Patriots,9.362,-2.729,1.952,New England Patriots,4.681,New England Patriots,1.2730199999999998,New England Patriots,10.44778,-2.8827000000000003,2.9776999999999996,New England Patriots,5.8604,Different,Same,Same,Same,Different,Same,False,Home Team,Home Team,,,,,,,,-128,105,-538,389,-1.2730199999999998,1.2730199999999998,-10.44778,10.44778,,,0.4878,0.5614,0.2045,0.8433,,,0.4649,0.5351,0.1952,0.8048,0.1996,0.7996,-0.3004,0.2996,,,20,6,2026-10-18,NYJ @ NE,12.0,58.0,0.0,Historical Avg,False,G.Smith,D.Maye,-10.27,-10.0,12.59,158.48,Low,-19.0,-3.0,43.95,43.0,12.437040509515398,29.0,61.0,0.7996,0.1996,0.0746,0.0746,0.0,0.0,0.0,0.0,0.7132,0.2866,-249,+249,,,,,,,,No Bet,,No Bet,,No Bet,,No Bet,,No Bet,,No Bet,,No Bet,,No Bet,,No Bet,,,,,,,,,,,,,,,,,,,,,,,,,,,,,6,-0.19647272727272727,0.040436363636363645,New England Patriots,New York Jets,0,0,0,0,0,0,0,0,0,0,0,0,1,0.5,2.5,,
2026_06_NO_NYG,2026,6,2026-10-18,13:00,New Orleans Saints,New York Giants,Home,,,,,7,7,0,0,-4,-4,MetLife Stadium,40.8136,-74.0744,America/New_York,False,False,6,6,Sunday,True,True,2,True,False,1,-4,-4,NFC South,Caesars Superdome,29.9507,-90.0813,America/Chicago,NFC East,MetLife Stadium,40.8136,-74.0744,America/New_York,Minnesota Vikings,Washington Commanders,Caesars Superdome,FedExField,Pittsburgh Steelers,Houston Texans,Stade de France,NRG Stadium,1169,0,-1169,1169,-1.0,0.0,America/Chicago,America/New_York,-1.0,0.0,-1.0,0.0,-1.0,0,-6.145,-2.84,-6.145,-2.84,New York Giants,3.3049999999999997,New York Giants,3.3049999999999997,-6.145,-2.84,New York Giants,3.3049999999999997,0.0,0,No,No,No,No,No,0,No,0.0,0.0,-5.014,-4.129,-5.442,-1.9545000000000001,-5.442,-1.9545000000000001,0.703,0.8855,-4.311000000000001,-3.2435,New York Giants,3.4875,New York Giants,3.4875,-5.442,-1.9545000000000001,New York Giants,3.4875,Tie,0.0,New York Giants,0.8850000000000007,-2.507,-2.0645,New York Giants,0.44250000000000034,New York Giants,0.1825,New York Giants,1.0675000000000008,-1.8040000000000005,-1.179,New York Giants,0.6250000000000004,Different,Same,Same,Same,Different,Same,False,Home Team,Home Team,,,,,,,,-110,-110,-122,101,-0.1825,0.1825,-1.0675000000000008,1.0675000000000008,,,0.5238,0.5238,0.4975,0.5495,,,0.5,0.5,0.4752,0.5248,0.5536,0.4442,0.0536,-0.0558,,,21,6,2026-10-18,NO @ NYG,17.5,69.8,0.0,Live Forecast,False,T.Shough,J.Winston,1.82,3.0,13.34,178.05,Medium,-7.0,12.0,36.23,36.0,12.01177453774042,22.0,52.0,0.4442,0.5536,0.091,0.089,0.0,0.0,0.0,0.0,0.4897,0.5096,+104,-104,,,,,,,,No Bet,,No Bet,,No Bet,,No Bet,,No Bet,,No Bet,,No Bet,,No Bet,,No Bet,,,,,,,,,,,,,,,,,,,,,,,,,,,,,6,-0.07607272727272726,-0.25834545454545454,New York Giants,New Orleans Saints,0,0,0,0,0,0,0,0,0,0,0,0,0,1.5,0.0,,
2026_06_CAR_PHI,2026,6,2026-10-18,13:00,Carolina Panthers,Philadelphia Eagles,Home,,,,,14,7,7,-7,7,-8,Lincoln Financial Field,39.9008,-75.1675,America/New_York,False,False,6,6,Sunday,True,True,2,True,False,1,7,-8,NFC South,Bank of America Stadium,35.2258,-80.8528,America/New_York,NFC East,Lincoln Financial Field,39.9008,-75.1675,America/New_York,Detroit Lions,Jacksonville Jaguars,Bank of America Stadium,Tottenham Hotspur Stadium,Tampa Bay Buccaneers,Dallas Cowboys,Bank of America Stadium,Lincoln Financial Field,448,0,-448,448,0.0,0.0,America/New_York,America/New_York,0.0,0.0,0.0,0.0,0.0,0,-5.25,4.905,-5.25,4.905,Philadelphia Eagles,10.155000000000001,Philadelphia Eagles,10.155000000000001,-5.25,4.905,Philadelphia Eagles,10.155000000000001,0.0,0,No,No,No,No,No,0,No,0.0,0.0,-1.427,0.123,-4.663,4.9635,-4.663,4.9635,0.587,0.058499999999999996,-0.8400000000000001,0.1815,Philadelphia Eagles,9.6265,Philadelphia Eagles,9.6265,-4.663,4.9635,Philadelphia Eagles,9.6265,Tie,0.0,Philadelphia Eagles,1.55,-0.7135,0.0615,Philadelphia Eagles,0.775,Carolina Panthers,0.5285,Philadelphia Eagles,1.0215,-0.12650000000000006,0.12,Philadelphia Eagles,0.24650000000000005,Different,Same,Different,Same,Different,Same,False,Away Team,Home Team,,,,,,,,-104,-116,-122,101,0.5285,-0.5285,-1.0215,1.0215,,,0.537,0.5098,0.4975,0.5495,,,0.513,0.487,0.4752,0.5248,0.4388,0.5604,-0.0612,0.0604,,,22,6,2026-10-18,CAR @ PHI,16.1,71.475,0.2,Live Forecast,False,B.Young,J.Hurts,-2.35,-3.0,14.07,198.09,High,-13.0,8.0,36.79,36.0,12.209004758760637,22.0,53.0,0.5604,0.4388,0.0846,0.084,0.0,0.0,0.0,0.0,0.5241,0.4757,-110,+110,,,,,,,,No Bet,,No Bet,,No Bet,,No Bet,,No Bet,,No Bet,,No Bet,,No Bet,,No Bet,,,,,,,,,,,,,,,,,,,,,,,,,,,,,6,-0.0731,0.066,Carolina Panthers,Philadelphia Eagles,0,0,0,1,0,0,0,1,0,1,0,1,0,1.5,3.0,,
2026_06_PIT_TB,2026,6,2026-10-18,13:00,Pittsburgh Steelers,Tampa Bay Buccaneers,Home,,,,,7,10,-3,3,-4,0,Raymond James Stadium,27.9759,-82.5033,America/New_York,False,False,6,6,Sunday,True,True,2,True,False,1,-4,0,AFC North,Acrisure Stadium,40.4468,-80.0158,America/New_York,NFC South,Raymond James Stadium,27.9759,-82.5033,America/New_York,Indianapolis Colts,Dallas Cowboys,Acrisure Stadium,AT&T Stadium,New Orleans Saints,Carolina Panthers,Stade de France,Bank of America Stadium,873,0,-873,873,0.0,0.0,America/New_York,America/Chicago,0.0,-1.0,0.0,0.0,0.0,0,-0.565,1.025,-0.565,1.025,Tampa Bay Buccaneers,1.5899999999999999,Tampa Bay Buccaneers,1.5899999999999999,-0.565,1.025,Tampa Bay Buccaneers,1.5899999999999999,0.0,0,No,No,No,No,No,0,No,0.0,0.0,-2.174,-3.128,-2.3754999999999997,1.423,-2.3754999999999997,1.423,-1.8105,0.39799999999999996,-3.9845,-2.73,Tampa Bay Buccaneers,3.7984999999999998,Tampa Bay Buccaneers,3.7984999999999998,-2.3754999999999997,1.423,Tampa Bay Buccaneers,3.7984999999999998,Tie,0.0,Pittsburgh Steelers,0.9540000000000002,-1.087,-1.564,Pittsburgh Steelers,0.4770000000000001,Tampa Bay Buccaneers,2.2085,Tampa Bay Buccaneers,1.2545000000000002,-2.8975,-1.166,Tampa Bay Buccaneers,1.7315,Different,Different,Same,Same,Different,Different,False,Home Team,Home Team,,,,,,,,-131,108,-128,105,-2.2085,2.2085,-1.2545000000000002,1.2545000000000002,,,0.4808,0.5671,0.4878,0.5614,,,0.4588,0.5412,0.4649,0.5351,0.6332,0.3652,0.1332,-0.1348,,,23,6,2026-10-18,PIT @ TB,8.0,82.0,0.0,Historical Avg,False,A.Rodgers,B.Mayfield,4.8,6.0,14.25,203.08,High,-6.0,14.25,48.69,48.0,13.108523587274336,32.0,66.0,0.3652,0.6332,0.0792,0.08,0.0,0.0,0.0,0.0,0.4805,0.519,+108,-108,,,,,,,,No Bet,,No Bet,,No Bet,,No Bet,,No Bet,,No Bet,,No Bet,,No Bet,,No Bet,,,,,,,,,,,,,,,,,,,,,,,,,,,,,6,-0.05058181818181819,-0.1546727272727273,Tampa Bay Buccaneers,Pittsburgh Steelers,1,0,0,0,0,0,0,0,1,0,0,0,0,2.0,1.0,,
2026_06_ARI_LA,2026,6,2026-10-18,16:05,Arizona Cardinals,Los Angeles Rams,Home,,,,,7,6,1,-1,-3,2,SoFi Stadium,33.9535,-118.3395,America/Los_Angeles,False,False,6,6,Sunday,True,True,2,True,False,1,-3,2,NFC West,State Farm Stadium,33.5277,-112.262608,America/Denver,NFC West,SoFi Stadium,33.9535,-118.3395,America/Los_Angeles,Detroit Lions,Buffalo Bills,State Farm Stadium,SoFi Stadium,Denver Broncos,Las Vegas Raiders,State Farm Stadium,Allegiant Stadium,350,0,-350,350,1.0,0.0,America/Denver,America/Los_Angeles,1.0,0.0,1.0,0.0,1.0,0,0.075,1.29,0.075,1.29,Los Angeles Rams,1.215,Los Angeles Rams,1.215,0.075,1.29,Los Angeles Rams,1.215,0.0,0,No,No,No,No,No,1,Yes,0.0,0.0,-1.231,6.079,1.083535,1.0869650000000002,1.083535,1.0869650000000002,0.996385,-0.19088500000000003,-0.16151500000000038,5.815014999999999,Los Angeles Rams,0.003430000000000266,Los Angeles Rams,0.003430000000000266,1.083535,1.0869650000000002,Los Angeles Rams,0.003430000000000266,Tie,0.0,Los Angeles Rams,7.31,-0.6155,3.0395,Los Angeles Rams,3.655,Arizona Cardinals,1.18727,Los Angeles Rams,5.9765299999999995,0.4174349999999998,2.8120649999999996,Los Angeles Rams,2.39463,Different,Same,Different,Same,Different,Same,False,Away Team,Home Team,,,,,,,,101,-122,-261,208,1.18727,-1.18727,-5.9765299999999995,5.9765299999999995,,,0.5495,0.4975,0.3247,0.723,,,0.5248,0.4752,0.3099,0.6901,0.1078,0.892,-0.3922,0.392,,,24,6,2026-10-18,ARI @ LA,0.0,70.0,0.0,Dome,True,J.Brissett,M.Stafford,-16.4,-17.0,13.4,179.49,Medium,-25.0,-7.0,52.87,53.0,13.275617025264035,36.0,70.0,0.892,0.1078,0.046,0.0478,0.0,0.0,0.0,0.0,0.6858,0.3142,-218,+218,,,,,,,,No Bet,,No Bet,,No Bet,,No Bet,,No Bet,,No Bet,,No Bet,,No Bet,,No Bet,,,,,,,,,,,,,,,,,,,,,,,,,,,,,6,-0.26645454545454544,0.14516363636363638,Arizona Cardinals,Los Angeles Rams,0,0,0,1,0,0,0,1,0,1,0,1,1,0.0,3.5,,
2026_06_LAC_KC,2026,6,2026-10-18,16:25,Los Angeles Chargers,Kansas City Chiefs,Home,,,,,7,14,-7,7,-10,6,GEHA Field at Arrowhead Stadium,39.0489,-94.4839,America/Chicago,False,False,6,6,Sunday,True,True,2,True,False,1,-10,6,AFC West,SoFi Stadium,33.9535,-118.3395,America/Los_Angeles,AFC West,GEHA Field at Arrowhead Stadium,39.0489,-94.4839,America/Chicago,Denver Broncos,Las Vegas Raiders,SoFi Stadium,Allegiant Stadium,Los Angeles Rams,Seattle Seahawks,SoFi Stadium,Lumen Field,1366,0,-1366,1366,-2.0,0.0,America/Los_Angeles,America/Los_Angeles,-2.0,-2.0,-2.0,0.0,-2.0,0,0.935,4.395,0.935,4.395,Kansas City Chiefs,3.4599999999999995,Kansas City Chiefs,3.4599999999999995,0.935,4.395,Kansas City Chiefs,3.4599999999999995,-0.3,0,No,No,No,No,No,1,No,0.0,0.0,-3.339,3.194,0.356615,5.9538850000000005,0.356615,5.9538850000000005,-0.6129850000000001,1.593485,-3.8866549999999997,4.722155000000001,Kansas City Chiefs,5.597270000000001,Kansas City Chiefs,5.597270000000001,0.356615,5.9538850000000005,Kansas City Chiefs,5.597270000000001,Tie,0.0,Kansas City Chiefs,6.5329999999999995,-1.6695,1.597,Kansas City Chiefs,3.2664999999999997,Kansas City Chiefs,2.2064700000000004,Kansas City Chiefs,8.60881,-2.2498199999999997,3.1578200000000005,Kansas City Chiefs,5.407640000000001,Different,Same,Same,Same,Different,Same,False,Home Team,Home Team,,,,,,,,-131,108,-397,302,-2.2064700000000004,2.2064700000000004,-8.60881,8.60881,,,0.4808,0.5671,0.2488,0.7988,,,0.4588,0.5412,0.2375,0.7625,0.279,0.7206,-0.221,0.2206,,,25,6,2026-10-18,LAC @ KC,11.925,44.400000000000006,0.0,Live Forecast,False,J.Herbert,P.Mahomes,-8.07,-9.0,13.86,191.96,Med-High,-18.0,3.0,48.45,47.0,13.219951265503683,32.0,66.0,0.7206,0.279,0.0758,0.0662,0.0,0.0,0.0,0.0,0.6748,0.3251,-208,+208,,,,,,,,No Bet,,No Bet,,No Bet,,No Bet,,No Bet,,No Bet,,No Bet,,No Bet,,No Bet,,,,,,,,,,,,,,,,,,,,,,,,,,,,,6,-0.14045454545454544,0.04601666666666667,Kansas City Chiefs,Los Angeles Chargers,0,0,0,1,0,0,0,0,0,1,0,0,1,1.0,3.0,,
2026_06_BUF_LV,2026,6,2026-10-18,16:25,Buffalo Bills,Las Vegas Raiders,Home,,,,,6,7,-1,1,2,1,Allegiant Stadium,36.108,-115.1578,America/Los_Angeles,False,True,6,6,Sunday,True,True,2,True,False,1,2,1,AFC East,Highmark Stadium,42.7725,-78.7877,America/New_York,AFC West,Allegiant Stadium,36.108,-115.1578,America/Los_Angeles,Los Angeles Rams,New England Patriots,SoFi Stadium,Gillette Stadium,Baltimore Ravens,Los Angeles Rams,Highmark Stadium,Allegiant Stadium,1977,0,-1977,1977,3.0,0.0,America/Los_Angeles,America/New_York,0.0,3.0,0.0,0.0,0.0,0,4.795,-2.35,4.795,-2.35,Buffalo Bills,7.145,Buffalo Bills,7.145,4.795,-2.35,Buffalo Bills,7.145,0.0,0,No,No,No,No,Yes,0,No,0.0,0.0,3.307,-3.377,4.441,-1.7385000000000002,4.441,-1.7385000000000002,-0.354,0.6114999999999999,2.953,-2.7655,Buffalo Bills,6.1795,Buffalo Bills,6.1795,4.441,-1.7385000000000002,Buffalo Bills,6.1795,Tie,0.0,Buffalo Bills,6.683999999999999,1.6535,-1.6885,Buffalo Bills,3.3419999999999996,Las Vegas Raiders,0.9654999999999999,Buffalo Bills,5.7185,1.2994999999999999,-1.077,Buffalo Bills,2.3765,Different,Same,Different,Same,Different,Same,False,Home Team,Away Team,,,,,,,,-122,101,195,-244,-0.9654999999999999,0.9654999999999999,5.7185,-5.7185,,,0.4975,0.5495,0.7093,0.339,,,0.4752,0.5248,0.6766,0.3234,0.6758,0.3238,0.1758,-0.1762,,,26,6,2026-10-18,BUF @ LV,0.0,70.0,0.0,Dome,True,J.Allen,K.Cousins,6.7,7.0,13.75,188.93,Med-High,-4.0,16.0,53.19,53.0,13.415446451039045,36.0,71.0,0.3238,0.6758,0.0772,0.0654,0.0,0.0,0.0,0.0,0.3907,0.6092,+156,-156,,,,,,,,No Bet,,No Bet,,No Bet,,No Bet,,No Bet,,No Bet,,No Bet,,No Bet,,No Bet,,,,,,,,,,,,,,,,,,,,,,,,,,,,,6,0.15403636363636364,-0.013272727272727275,Las Vegas Raiders,Buffalo Bills,1,0,0,0,0,0,1,0,1,0,1,0,0,3.5,2.5,,
2026_06_DAL_GB,2026,6,2026-10-18,20:20,Dallas Cowboys,Green Bay Packers,Home,,,,,10,7,3,-3,3,0,Lambeau Field,44.5013,-88.0622,America/Chicago,False,False,6,6,Sunday,True,True,2,True,False,1,3,0,NFC East,AT&T Stadium,32.7369,-97.0826,America/Chicago,NFC North,Lambeau Field,44.5013,-88.0622,America/Chicago,Tampa Bay Buccaneers,Chicago Bears,AT&T Stadium,Lambeau Field,Philadelphia Eagles,Detroit Lions,Lincoln Financial Field,Ford Field,945,0,-945,945,0.0,0.0,America/Chicago,America/Chicago,0.0,0.0,0.0,0.0,0.0,0,-0.615,3.535,-0.615,3.535,Green Bay Packers,4.15,Green Bay Packers,4.15,-0.615,3.535,Green Bay Packers,4.15,0.0,0,No,No,No,No,No,0,No,0.0,0.0,-2.247,-0.138,-1.314,2.834,-1.314,2.834,-0.6990000000000001,-0.701,-2.9459999999999997,-0.839,Green Bay Packers,4.148,Green Bay Packers,4.148,-1.314,2.834,Green Bay Packers,4.148,Tie,0.0,Green Bay Packers,2.109,-1.1235,-0.069,Green Bay Packers,1.0545,Dallas Cowboys,0.0019999999999998908,Green Bay Packers,2.1069999999999998,-1.8224999999999998,-0.77,Green Bay Packers,1.0524999999999998,Different,Same,Different,Same,Different,Same,False,Away Team,Home Team,,,,,,,,-110,-110,-131,108,0.0019999999999998908,-0.0019999999999998908,-2.1069999999999998,2.1069999999999998,,,0.5238,0.5238,0.4808,0.5671,,,0.5,0.5,0.4588,0.5412,0.2644,0.7348,-0.2356,0.2348,,,27,6,2026-10-18,DAL @ GB,12.0,52.0,0.0,Historical Avg,False,D.Prescott,J.Love,-7.87,-8.0,12.59,158.6,Low,-16.0,1.0,60.8,60.0,14.40220270405002,43.0,79.0,0.7348,0.2644,0.0888,0.0788,0.0,0.0,0.0,0.0,0.592,0.4077,-145,+145,,,,,,,,No Bet,,No Bet,,No Bet,,No Bet,,No Bet,,No Bet,,No Bet,,No Bet,,No Bet,,,,,,,,,,,,,,,,,,,,,,,,,,,,,6,-0.1610909090909091,0.04947272727272727,Dallas Cowboys,Green Bay Packers,1,1,0,0,0,0,0,1,1,1,0,1,0,1.0,3.0,,
2026_06_WAS_SF,2026,6,2026-10-19,20:15,Washington Commanders,San Francisco 49ers,Home,,,,,8,8,0,0,0,3,Levi's Stadium,37.4031,-121.9702,America/Los_Angeles,False,False,6,6,Monday,True,True,2,True,False,1,0,3,NFC East,FedExField,38.9077,-76.8645,America/New_York,NFC West,Levi's Stadium,37.4031,-121.9702,America/Los_Angeles,New York Giants,Seattle Seahawks,FedExField,Lumen Field,Philadelphia Eagles,Atlanta Falcons,FedExField,Mercedes-Benz Stadium,2426,0,-2426,2426,3.0,0.0,America/New_York,America/Los_Angeles,3.0,0.0,3.0,0.0,3.0,0,1.45,3.325,1.45,3.325,San Francisco 49ers,1.8750000000000002,San Francisco 49ers,1.8750000000000002,1.45,3.325,San Francisco 49ers,1.8750000000000002,-0.22499999999999998,0,No,No,No,No,No,0,No,0.0,0.0,-3.609,5.31,1.1435000000000002,2.797,1.1435000000000002,2.797,-0.3065,-0.528,-3.9154999999999998,4.782,San Francisco 49ers,1.6535,San Francisco 49ers,1.6535,1.1435000000000002,2.797,San Francisco 49ers,1.6535,Tie,0.0,San Francisco 49ers,8.919,-1.8045,2.655,San Francisco 49ers,4.4595,Washington Commanders,0.22150000000000003,San Francisco 49ers,8.6975,-2.1109999999999998,2.127,San Francisco 49ers,4.2379999999999995,Different,Same,Different,Same,Different,Same,False,Away Team,Home Team,,,,,,,,-110,-110,-397,302,0.22150000000000003,-0.22150000000000003,-8.6975,8.6975,,,0.5238,0.5238,0.2488,0.7988,,,0.5,0.5,0.2375,0.7625,0.119,0.8808,-0.381,0.3808,,,28,6,2026-10-19,WAS @ SF,5.35,79.325,0.0,Live Forecast,False,J.Daniels,B.Purdy,-14.7,-14.0,12.43,154.45,Low,-23.0,-7.0,57.56,57.0,13.608978832409587,40.0,75.0,0.8808,0.119,0.054,0.0532,0.0,0.0,0.0,0.0,0.7144,0.2855,-250,+250,,,,,,,,No Bet,,No Bet,,No Bet,,No Bet,,No Bet,,No Bet,,No Bet,,No Bet,,No Bet,,,,,,,,,,,,,,,,,,,,,,,,,,,,,6,-0.06490909090909092,0.2603818181818182,Washington Commanders,San Francisco 49ers,0,0,0,0,0,0,0,0,0,0,0,0,0,2.0,4.5,,
2026_07_NE_CHI,2026,7,2026-10-22,20:15,New England Patriots,Chicago Bears,Home,,,,,4,4,0,0,4,-1,Soldier Field,41.8623,-87.6167,America/Chicago,False,False,7,7,Thursday,True,False,1,True,False,1,4,-1,AFC East,Gillette Stadium,42.0628,-71.2687,America/New_York,NFC North,Soldier Field,41.8623,-87.6167,America/Chicago,New York Jets,Atlanta Falcons,Gillette Stadium,Mercedes-Benz Stadium,Miami Dolphins,Seattle Seahawks,Hard Rock Stadium,Lumen Field,838,0,-838,838,1.0,0.0,America/New_York,America/New_York,1.0,1.0,1.0,0.0,1.0,0,-1.995,-1.575,-1.995,-1.575,Chicago Bears,0.42000000000000015,Chicago Bears,0.42000000000000015,-1.995,-1.575,Chicago Bears,0.42000000000000015,0.0,0,No,No,No,No,No,0,No,0.0,0.0,3.904,3.925,-2.6055,-1.1564999999999999,-2.6055,-1.1564999999999999,-0.6104999999999999,0.41850000000000004,3.2935000000000003,4.3435,Chicago Bears,1.4490000000000003,Chicago Bears,1.4490000000000003,-2.6055,-1.1564999999999999,Chicago Bears,1.4490000000000003,Tie,0.0,Chicago Bears,0.020999999999999908,1.952,1.9625,Chicago Bears,0.010499999999999954,Chicago Bears,1.029,Chicago Bears,1.0499999999999994,1.3415000000000001,2.381,Chicago Bears,1.0394999999999996,Different,Same,Same,Same,Different,Same,True,Home Team,Home Team,,,,,,,,-122,101,-122,101,-1.029,1.029,-1.0499999999999994,1.0499999999999994,,,0.4975,0.5495,0.4975,0.5495,,,0.4752,0.5248,0.4752,0.5248,0.39,0.6088,-0.11,0.1088,,,29,7,2026-10-22,NE @ CHI,15.0,58.0,0.0,Historical Avg,False,D.Maye,C.Williams,-3.51,-5.0,14.13,199.68,High,-13.0,7.0,47.52,47.0,13.67009431041685,30.0,65.0,0.6088,0.39,0.0862,0.0896,0.0,0.0,0.0,0.0,0.5528,0.4468,-124,+124,,,,,,,,No Bet,,No Bet,,No Bet,,No Bet,,No Bet,,No Bet,,No Bet,,No Bet,,No Bet,,,,,,,,,,,,,,,,,,,,,,,,,,,,,7,0.05548000000000001,0.052579999999999995,Chicago Bears,New England Patriots,0,0,0,1,0,1,0,0,0,1,0,1,0,3.0,3.0,,
2026_07_PIT_NO,2026,7,2026-10-25,09:30,Pittsburgh Steelers,New Orleans Saints,Neutral,,,,,7,7,0,0,-4,-4,Stade de France,29.9507,-90.0813,America/Chicago,True,True,7,7,Sunday,True,False,1,True,False,1,-4,-4,AFC North,Acrisure Stadium,40.4468,-80.0158,America/New_York,NFC South,Caesars Superdome,29.9507,-90.0813,America/Chicago,Tampa Bay Buccaneers,New York Giants,Raymond James Stadium,MetLife Stadium,Cleveland Browns,Cleveland Browns,Acrisure Stadium,Caesars Superdome,919,0,-919,919,1.0,0.0,America/New_York,America/New_York,1.0,1.0,1.0,0.0,1.0,0,-0.565,-6.145,-0.565,-6.145,Pittsburgh Steelers,5.58,Pittsburgh Steelers,5.58,-0.565,-6.145,Pittsburgh Steelers,5.58,0.0,0,No,No,No,No,No,0,No,0.0,0.0,-2.174,-5.014,-2.0755,-7.3229999999999995,-2.0755,-7.3229999999999995,-1.5105,-1.178,-3.6845,-6.192,Pittsburgh Steelers,5.2475,Pittsburgh Steelers,5.2475,-2.0755,-7.3229999999999995,Pittsburgh Steelers,5.2475,Tie,0.0,Pittsburgh Steelers,2.8400000000000003,-1.087,-2.507,Pittsburgh Steelers,1.4200000000000002,New Orleans Saints,0.3325,Pittsburgh Steelers,2.5075000000000003,-2.5975,-3.685,Pittsburgh Steelers,1.0875,Different,Same,Different,Same,Different,Same,False,Home Team,Away Team,,,,,,,,-116,-104,117,-142,-0.3325,0.3325,2.5075000000000003,-2.5075000000000003,,,0.5098,0.537,0.5868,0.4608,,,0.487,0.513,0.5601,0.4399,0.5714,0.428,0.0714,-0.072,,,30,7,2026-10-25,PIT @ NO,10.0,60.0,0.0,Historical Avg,False,A.Rodgers,T.Shough,2.7,3.0,13.33,177.82,Medium,-7.0,12.0,45.61,45.0,12.985060169191343,29.0,63.0,0.428,0.5714,0.0834,0.0892,0.0,0.0,0.0,0.0,0.4603,0.5395,+117,-117,,,,,,,,No Bet,,No Bet,,No Bet,,No Bet,,No Bet,,No Bet,,No Bet,,No Bet,,No Bet,,,,,,,,,,,,,,,,,,,,,,,,,,,,,7,-0.06278,-0.07648,New Orleans Saints,Pittsburgh Steelers,1,0,0,0,0,0,0,0,1,0,0,0,0,2.0,2.0,,
2026_07_SF_ATL,2026,7,2026-10-25,13:00,San Francisco 49ers,Atlanta Falcons,Home,,,,,6,7,-1,1,2,3,Mercedes-Benz Stadium,33.7489,-84.388,America/New_York,False,False,7,7,Sunday,True,False,1,True,False,1,2,3,NFC West,Levi's Stadium,37.4031,-121.9702,America/Los_Angeles,NFC South,Mercedes-Benz Stadium,33.7489,-84.388,America/New_York,Washington Commanders,Chicago Bears,Levi's Stadium,Mercedes-Benz Stadium,Las Vegas Raiders,Tampa Bay Buccaneers,Levi's Stadium,Raymond James Stadium,2112,0,-2112,2112,-3.0,0.0,America/Los_Angeles,America/New_York,-3.0,0.0,-3.0,0.0,-3.0,0,3.325,-0.71,3.325,-0.71,San Francisco 49ers,4.035,San Francisco 49ers,4.035,3.325,-0.71,San Francisco 49ers,4.035,-0.44999999999999996,0,No,No,No,No,Yes,0,No,0.0,0.0,5.31,1.764,3.303,-2.932,3.303,-2.932,-0.02199999999999991,-2.222,5.287999999999999,-0.4580000000000002,San Francisco 49ers,6.234999999999999,San Francisco 49ers,6.234999999999999,3.303,-2.932,San Francisco 49ers,6.234999999999999,Tie,0.0,San Francisco 49ers,3.5459999999999994,2.655,0.882,San Francisco 49ers,1.7729999999999997,San Francisco 49ers,2.2,San Francisco 49ers,5.7459999999999996,2.6329999999999996,-1.34,San Francisco 49ers,3.973,Different,Same,Same,Same,Different,Same,False,Away Team,Away Team,,,,,,,,108,-131,195,-244,2.2,-2.2,5.7459999999999996,-5.7459999999999996,,,0.5671,0.4808,0.7093,0.339,,,0.5412,0.4588,0.6766,0.3234,0.7514,0.248,0.2514,-0.252,,,31,7,2026-10-25,SF @ ATL,0.0,70.0,0.0,Dome,True,B.Purdy,M.Penix,8.5,9.0,12.68,160.9,Med-Low,1.0,17.0,57.36,57.0,13.993274039468702,40.0,75.0,0.248,0.7514,0.0796,0.081,0.0,0.0,0.0,0.0,0.3434,0.6564,+191,-191,,,,,,,,No Bet,,No Bet,,No Bet,,No Bet,,No Bet,,No Bet,,No Bet,,No Bet,,No Bet,,,,,,,,,,,,,,,,,,,,,,,,,,,,,7,0.26128,0.10072,San Francisco 49ers,Atlanta Falcons,0,0,0,0,0,0,0,0,0,0,0,0,0,4.5,3.5,,
2026_07_CIN_BAL,2026,7,2026-10-25,13:00,Cincinnati Bengals,Baltimore Ravens,Home,,,,,14,7,7,-7,7,-6,M&T Bank Stadium,39.2789,-76.6228,America/New_York,False,False,7,7,Sunday,True,False,1,True,False,1,7,-6,AFC North,Paycor Stadium,39.0955,-84.5165,America/New_York,AFC North,M&T Bank Stadium,39.2789,-76.6228,America/New_York,Miami Dolphins,Cleveland Browns,Hard Rock Stadium,FirstEnergy Stadium,Tennessee Titans,Buffalo Bills,Paycor Stadium,Highmark Stadium,422,0,-422,422,0.0,0.0,America/New_York,America/New_York,0.0,0.0,0.0,0.0,0.0,0,1.31,6.69,1.31,6.69,Baltimore Ravens,5.380000000000001,Baltimore Ravens,5.380000000000001,1.31,6.69,Baltimore Ravens,5.380000000000001,0.0,0,No,No,No,No,No,1,No,0.0,0.0,1.256,3.773,2.3442350000000003,4.229265,2.3442350000000003,4.229265,0.9804350000000002,-2.406935,2.2616050000000003,1.3408950000000004,Baltimore Ravens,1.8850299999999995,Baltimore Ravens,1.8850299999999995,2.3442350000000003,4.229265,Baltimore Ravens,1.8850299999999995,Tie,0.0,Baltimore Ravens,2.5170000000000003,0.628,1.8865,Baltimore Ravens,1.2585000000000002,Cincinnati Bengals,3.3873699999999998,Cincinnati Bengals,0.9207099999999999,1.6210200000000001,-0.5330199999999997,Cincinnati Bengals,2.1540399999999997,Different,Different,Different,Different,Different,Different,False,Away Team,Away Team,,,,,,,,156,-191,101,-122,3.3873699999999998,-3.3873699999999998,0.9207099999999999,-0.9207099999999999,,,0.6564,0.3906,0.5495,0.4975,,,0.6269,0.3731,0.5248,0.4752,0.2108,0.7886,-0.2892,0.2886,,,32,7,2026-10-25,CIN @ BAL,10.0,60.0,0.0,Historical Avg,False,J.Burrow,L.Jackson,-10.98,-11.0,13.52,182.86,Med-High,-20.0,-3.0,63.44,63.0,13.980764333693307,46.0,81.0,0.7886,0.2108,0.0632,0.0642,0.0,0.0,0.0,0.0,0.5456,0.4542,-120,+120,,,,,,,,No Bet,,No Bet,,No Bet,,No Bet,,No Bet,,No Bet,,No Bet,,No Bet,,No Bet,,,,,,,,,,,,,,,,,,,,,,,,,,,,,7,0.025236363636363633,0.27708000000000005,Cincinnati Bengals,Baltimore Ravens,0,0,0,0,0,0,0,0,0,0,0,0,1,2.5,5.0,,
2026_07_TB_CAR,2026,7,2026-10-25,13:00,Tampa Bay Buccaneers,Carolina Panthers,Home,,,,,7,7,0,0,0,7,Bank of America Stadium,35.2258,-80.8528,America/New_York,False,False,7,7,Sunday,True,False,1,True,False,1,0,7,NFC South,Raymond James Stadium,27.9759,-82.5033,America/New_York,NFC South,Bank of America Stadium,35.2258,-80.8528,America/New_York,Pittsburgh Steelers,Philadelphia Eagles,Raymond James Stadium,Lincoln Financial Field,Atlanta Falcons,Green Bay Packers,Raymond James Stadium,Lambeau Field,510,0,-510,510,0.0,0.0,America/New_York,America/New_York,0.0,0.0,0.0,0.0,0.0,0,1.025,-5.25,1.025,-5.25,Tampa Bay Buccaneers,6.275,Tampa Bay Buccaneers,6.275,1.025,-5.25,Tampa Bay Buccaneers,6.275,0.0,0,No,No,No,No,No,1,No,0.0,0.0,-3.128,-1.427,0.7973599999999998,-4.55736,0.7973599999999998,-4.55736,-0.16488999999999998,0.6298900000000001,-3.2758800000000003,-0.81412,Tampa Bay Buccaneers,5.35472,Tampa Bay Buccaneers,5.35472,0.7973599999999998,-4.55736,Tampa Bay Buccaneers,5.35472,Tie,0.0,Carolina Panthers,1.701,-1.564,-0.7135,Carolina Panthers,0.8505,Carolina Panthers,0.79478,Carolina Panthers,2.4617600000000004,-1.7203850000000003,-0.09211499999999995,Carolina Panthers,1.6282700000000003,Different,Different,Different,Different,Different,Same,False,Home Team,Home Team,,,,,,,,-122,101,-142,117,-0.79478,0.79478,-2.4617600000000004,2.4617600000000004,,,0.4975,0.5495,0.4608,0.5868,,,0.4752,0.5248,0.4399,0.5601,0.4002,0.599,-0.0998,0.099,,,33,7,2026-10-25,TB @ CAR,6.0,68.0,0.0,Historical Avg,False,B.Mayfield,B.Young,-3.48,-4.0,14.41,207.67,High,-14.0,7.0,51.12,50.0,13.260010617503868,34.0,69.0,0.599,0.4002,0.0822,0.0774,0.0,0.0,0.0,0.0,0.5613,0.4384,-128,+128,,,,,,,,No Bet,,No Bet,,No Bet,,No Bet,,No Bet,,No Bet,,No Bet,,No Bet,,No Bet,,,,,,,,,,,,,,,,,,,,,,,,,,,,,7,-0.16016000000000002,-0.08874545454545454,Carolina Panthers,Tampa Bay Buccaneers,0,0,0,0,0,0,0,0,0,0,0,0,1,1.0,1.5,,
2026_07_NYG_HOU,2026,7,2026-10-25,13:00,New York Giants,Houston Texans,Home,,,,,7,7,0,0,-4,0,NRG Stadium,29.6847,-95.4093,America/Chicago,False,False,7,7,Sunday,True,False,1,True,False,1,-4,0,NFC East,MetLife Stadium,40.8136,-74.0744,America/New_York,AFC South,NRG Stadium,29.6847,-95.4093,America/Chicago,New Orleans Saints,Jacksonville Jaguars,MetLife Stadium,Wembley Stadium,Philadelphia Eagles,Los Angeles Chargers,Lincoln Financial Field,SoFi Stadium,1421,0,-1421,1421,1.0,0.0,America/New_York,America/New_York,1.0,1.0,1.0,0.0,1.0,0,-2.84,0.035,-2.84,0.035,Houston Texans,2.875,Houston Texans,2.875,-2.84,0.035,Houston Texans,2.875,0.0,0,No,No,No,No,No,0,No,0.0,0.0,-4.129,1.731,-4.0504999999999995,-0.376,-4.0504999999999995,-0.376,-1.2105,-0.411,-5.339499999999999,1.32,Houston Texans,3.6744999999999997,Houston Texans,3.6744999999999997,-4.0504999999999995,-0.376,Houston Texans,3.6744999999999997,Tie,0.0,Houston Texans,5.859999999999999,-2.0645,0.8655,Houston Texans,2.9299999999999997,Houston Texans,0.7994999999999999,Houston Texans,6.6594999999999995,-3.2749999999999995,0.4545,Houston Texans,3.7294999999999994,Different,Same,Same,Same,Different,Same,False,Home Team,Home Team,,,,,,,,-122,101,-282,224,-0.7994999999999999,0.7994999999999999,-6.6594999999999995,6.6594999999999995,,,0.4975,0.5495,0.3086,0.7382,,,0.4752,0.5248,0.2948,0.7052,0.1992,0.8004,-0.3008,0.3004,,,34,7,2026-10-25,NYG @ HOU,0.0,70.0,0.0,Dome,True,J.Winston,C.Stroud,-10.81,-11.0,12.68,160.81,Med-Low,-20.0,-3.0,44.11,43.0,12.466867181271448,29.0,60.0,0.8004,0.1992,0.067,0.0588,0.0,0.0,0.0,0.0,0.6768,0.3231,-209,+210,,,,,,,,No Bet,,No Bet,,No Bet,,No Bet,,No Bet,,No Bet,,No Bet,,No Bet,,No Bet,,,,,,,,,,,,,,,,,,,,,,,,,,,,,7,-0.25410000000000005,0.09620000000000001,Houston Texans,New York Giants,0,0,0,0,0,1,0,0,0,0,0,1,0,0.5,3.5,,
2026_07_IND_MIN,2026,7,2026-10-25,13:00,Indianapolis Colts,Minnesota Vikings,Home,,,,,7,14,-7,7,-9,8,U.S. Bank Stadium,44.9738,-93.2575,America/Chicago,False,False,7,7,Sunday,True,False,1,True,False,1,-9,8,AFC South,Lucas Oil Stadium,39.7601,-86.1638,America/Indiana/Indianapolis,NFC North,U.S. Bank Stadium,44.9738,-93.2575,America/Chicago,Tennessee Titans,New Orleans Saints,Lucas Oil Stadium,Caesars Superdome,Jacksonville Jaguars,Detroit Lions,TIAA Bank Field,Ford Field,510,0,-510,510,1.0,0.0,America/Indiana/Indianapolis,America/Chicago,1.0,0.0,1.0,0.0,1.0,0,-2.265,0.27,-2.265,0.27,Minnesota Vikings,2.535,Minnesota Vikings,2.535,-2.265,0.27,Minnesota Vikings,2.535,0.0,0,No,No,No,No,No,0,No,0.0,0.0,-0.012,2.427,-2.6145,1.798,-2.6145,1.798,-0.34950000000000003,1.528,-0.36150000000000004,3.955,Minnesota Vikings,4.4125,Minnesota Vikings,4.4125,-2.6145,1.798,Minnesota Vikings,4.4125,Tie,0.0,Minnesota Vikings,2.439,-0.006,1.2135,Minnesota Vikings,1.2195,Minnesota Vikings,1.8775,Minnesota Vikings,4.3165000000000004,-0.35550000000000004,2.7415000000000003,Minnesota Vikings,3.0970000000000004,Different,Same,Same,Same,Different,Same,False,Home Team,Home Team,,,,,,,,-131,108,-224,181,-1.8775,1.8775,-4.3165000000000004,4.3165000000000004,,,0.4808,0.5671,0.3559,0.6914,,,0.4588,0.5412,0.3398,0.6602,0.2792,0.7202,-0.2208,0.2202,,,35,7,2026-10-25,IND @ MIN,0.0,70.0,0.0,Dome,True,D.Jones,K.Murray,-7.37,-8.0,12.85,165.01,Med-Low,-16.0,3.0,45.71,45.0,12.407279803342217,30.0,62.0,0.7202,0.2792,0.0826,0.0746,0.0,0.0,0.0,0.0,0.6405,0.3593,-178,+178,,,,,,,,No Bet,,No Bet,,No Bet,,No Bet,,No Bet,,No Bet,,No Bet,,No Bet,,No Bet,,,,,,,,,,,,,,,,,,,,,,,,,,,,,7,0.02812,0.08621818181818183,Minnesota Vikings,Indianapolis Colts,0,0,0,0,0,0,0,0,0,0,0,0,0,2.5,3.0,,
2026_07_MIA_NYJ,2026,7,2026-10-25,13:00,Miami Dolphins,New York Jets,Home,,,,,14,7,7,-7,4,-12,MetLife Stadium,40.8136,-74.0744,America/New_York,False,False,7,7,Sunday,True,False,1,True,False,1,4,-12,AFC East,Hard Rock Stadium,25.9602,-80.2384,America/New_York,AFC East,MetLife Stadium,40.8136,-74.0744,America/New_York,Cincinnati Bengals,New England Patriots,Hard Rock Stadium,Gillette Stadium,New England Patriots,Las Vegas Raiders,Hard Rock Stadium,MetLife Stadium,1085,0,-1085,1085,0.0,0.0,America/New_York,America/New_York,0.0,0.0,0.0,0.0,0.0,0,0.66,-3.725,0.66,-3.725,Miami Dolphins,4.385,Miami Dolphins,4.385,0.66,-3.725,Miami Dolphins,4.385,0.0,0,No,No,No,No,No,1,No,0.0,0.0,-7.793,-5.458,0.8807450000000001,-4.828245,0.8807450000000001,-4.828245,0.2645950000000001,-1.147095,-7.505055,-6.628445,Miami Dolphins,5.70899,Miami Dolphins,5.70899,0.8807450000000001,-4.828245,Miami Dolphins,5.70899,Tie,0.0,New York Jets,2.335,-3.8965,-2.729,New York Jets,1.1675,Miami Dolphins,1.4116900000000001,New York Jets,0.8766099999999994,-3.62023,-3.88777,Miami Dolphins,0.26754000000000033,Different,Different,Same,Different,Different,Same,False,Away Team,Home Team,,,,,,,,105,-128,-122,101,1.4116900000000001,-1.4116900000000001,-0.8766099999999994,0.8766099999999994,,,0.5614,0.4878,0.4975,0.5495,,,0.5351,0.4649,0.4752,0.5248,0.4676,0.5312,-0.0324,0.0312,,,36,7,2026-10-25,MIA @ NYJ,12.0,62.0,0.0,Historical Avg,False,M.Willis,G.Smith,-1.01,-2.0,13.31,177.28,Medium,-10.0,8.0,45.47,45.0,12.784849741650596,29.0,62.0,0.5312,0.4676,0.1024,0.0912,0.0,0.0,0.0,0.0,0.507,0.4926,-103,+103,,,,,,,,No Bet,,No Bet,,No Bet,,No Bet,,No Bet,,No Bet,,No Bet,,No Bet,,No Bet,,,,,,,,,,,,,,,,,,,,,,,,,,,,,7,-0.28556363636363635,-0.21923999999999996,Miami Dolphins,New York Jets,0,0,0,0,0,0,0,0,0,0,0,0,1,0.0,0.5,,
2026_07_CLE_TEN,2026,7,2026-10-25,13:00,Cleveland Browns,Tennessee Titans,Home,,,,,7,7,0,0,3,1,Nissan Stadium,36.1664,-86.7716,America/Chicago,False,False,7,7,Sunday,True,False,1,True,False,1,3,1,AFC North,FirstEnergy Stadium,41.5061,-81.6994,America/New_York,AFC South,Nissan Stadium,36.1664,-86.7716,America/Chicago,Baltimore Ravens,Indianapolis Colts,FirstEnergy Stadium,Lucas Oil Stadium,Pittsburgh Steelers,Cincinnati Bengals,Acrisure Stadium,Paycor Stadium,458,0,-458,458,1.0,0.0,America/New_York,America/Indiana/Indianapolis,1.0,1.0,1.0,0.0,1.0,0,-4.705,-4.36,-4.705,-4.36,Tennessee Titans,0.34499999999999975,Tennessee Titans,0.34499999999999975,-4.705,-4.36,Tennessee Titans,0.34499999999999975,0.0,0,No,No,No,No,No,0,No,0.0,0.0,-4.154,-9.711,-6.734,-4.0365,-6.734,-4.0365,-2.029,0.3235,-6.183,-9.3875,Tennessee Titans,2.6975,Tennessee Titans,2.6975,-6.734,-4.0365,Tennessee Titans,2.6975,Tie,0.0,Cleveland Browns,5.557,-2.077,-4.8555,Cleveland Browns,2.7785,Tennessee Titans,2.3525,Cleveland Browns,3.2044999999999995,-4.106,-4.532,Cleveland Browns,0.42600000000000016,Different,Different,Same,Different,Different,Same,False,Home Team,Away Team,,,,,,,,-142,117,135,-164,-2.3525,2.3525,3.2044999999999995,-3.2044999999999995,,,0.4608,0.5868,0.6212,0.4255,,,0.4399,0.5601,0.5935,0.4065,0.5666,0.4326,0.0666,-0.0674,,,37,7,2026-10-25,CLE @ TEN,8.0,68.0,0.0,Historical Avg,False,D.Watson,C.Ward,1.81,3.0,12.75,162.45,Med-Low,-7.0,11.0,41.66,41.0,12.564828623728568,26.0,58.0,0.4326,0.5666,0.1016,0.0976,0.0,0.0,0.0,0.0,0.4664,0.5333,+114,-114,,,,,,,,No Bet,,No Bet,,No Bet,,No Bet,,No Bet,,No Bet,,No Bet,,No Bet,,No Bet,,,,,,,,,,,,,,,,,,,,,,,,,,,,,7,-0.13592,-0.26822,Tennessee Titans,Cleveland Browns,0,0,0,0,0,0,0,0,0,0,0,0,0,1.5,0.0,,
2026_07_DEN_ARI,2026,7,2026-10-25,16:05,Denver Broncos,Arizona Cardinals,Home,,,,,10,7,3,-3,3,-6,State Farm Stadium,33.5277,-112.262608,America/Denver,False,False,7,7,Sunday,True,False,1,True,False,1,3,-6,AFC West,Empower Field at Mile High,39.7648,-105.0076,America/Denver,NFC West,State Farm Stadium,33.5277,-112.262608,America/Denver,Seattle Seahawks,Los Angeles Rams,Empower Field at Mile High,SoFi Stadium,Kansas City Chiefs,Dallas Cowboys,Empower Field at Mile High,AT&T Stadium,589,0,-589,589,0.0,0.0,America/Denver,America/Los_Angeles,0.0,-1.0,0.0,0.0,0.0,0,2.05,0.075,2.05,0.075,Denver Broncos,1.9749999999999999,Denver Broncos,1.9749999999999999,2.05,0.075,Denver Broncos,1.9749999999999999,0.0,0,No,No,No,No,No,0,No,0.0,0.0,2.928,-1.231,1.3074999999999999,-1.4585,1.3074999999999999,-1.4585,-0.7424999999999999,-1.5335,2.1855,-2.7645,Denver Broncos,2.766,Denver Broncos,2.766,1.3074999999999999,-1.4585,Denver Broncos,2.766,Tie,0.0,Denver Broncos,4.159,1.464,-0.6155,Denver Broncos,2.0795,Denver Broncos,0.7910000000000001,Denver Broncos,4.95,0.7215000000000001,-2.149,Denver Broncos,2.8705000000000003,Different,Same,Same,Same,Different,Same,False,Away Team,Away Team,,,,,,,,101,-122,188,-234,0.7910000000000001,-0.7910000000000001,4.95,-4.95,,,0.5495,0.4975,0.7006,0.3472,,,0.5248,0.4752,0.6686,0.3314,0.8252,0.1746,0.3252,-0.3254,,,38,7,2026-10-25,DEN @ ARI,0.0,70.0,0.0,Dome,True,B.Nix,J.Brissett,11.78,12.0,12.62,159.27,Low,4.0,20.0,44.42,44.0,12.676675730707807,29.0,61.0,0.1746,0.8252,0.0652,0.0656,0.0,0.0,0.0,0.0,0.3271,0.6729,+206,-206,,,,,,,,No Bet,,No Bet,,No Bet,,No Bet,,No Bet,,No Bet,,No Bet,,No Bet,,No Bet,,,,,,,,,,,,,,,,,,,,,,,,,,,,,7,0.10586,-0.26056,Denver Broncos,Arizona Cardinals,0,0,1,0,1,0,0,0,1,0,1,0,0,3.5,0.0,,
2026_07_GB_DET,2026,7,2026-10-25,16:25,Green Bay Packers,Detroit Lions,Home,,,,,7,14,-7,7,-7,10,Ford Field,42.3395,-83.045,America/Detroit,False,False,7,7,Sunday,True,False,1,True,False,1,-7,10,NFC North,Lambeau Field,44.5013,-88.0622,America/Chicago,NFC North,Ford Field,42.3395,-83.045,America/Detroit,Dallas Cowboys,Arizona Cardinals,Lambeau Field,State Farm Stadium,Carolina Panthers,Minnesota Vikings,Lambeau Field,Ford Field,292,0,-292,292,-1.0,0.0,America/Chicago,America/Denver,-1.0,-2.0,-1.0,0.0,-1.0,0,3.535,4.305,3.535,4.305,Detroit Lions,0.7699999999999996,Detroit Lions,0.7699999999999996,3.535,4.305,Detroit Lions,0.7699999999999996,0.0,0,No,No,No,No,No,1,No,0.0,0.0,-0.138,1.824,3.09379,6.3072099999999995,3.09379,6.3072099999999995,-0.44891,2.00991,-0.5672900000000001,3.81429,Detroit Lions,3.2134199999999997,Detroit Lions,3.2134199999999997,3.09379,6.3072099999999995,Detroit Lions,3.2134199999999997,Tie,0.0,Detroit Lions,1.9620000000000002,-0.069,0.912,Detroit Lions,0.9810000000000001,Detroit Lions,2.4588200000000002,Detroit Lions,4.3815800000000005,-0.5081,2.9121,Detroit Lions,3.4202000000000004,Different,Same,Same,Same,Different,Same,False,Home Team,Home Team,,,,,,,,-142,117,-224,181,-2.4588200000000002,2.4588200000000002,-4.3815800000000005,4.3815800000000005,,,0.4608,0.5868,0.3559,0.6914,,,0.4399,0.5601,0.3398,0.6602,0.504,0.495,0.004,-0.005,,,39,7,2026-10-25,GB @ DET,0.0,70.0,0.0,Dome,True,J.Love,J.Goff,-0.08,1.0,12.74,162.39,Med-Low,-9.0,9.0,56.44,56.0,14.512516507727991,39.0,75.0,0.495,0.504,0.0998,0.0988,0.0,0.0,0.0,0.0,0.5718,0.4279,-134,+134,,,,,,,,No Bet,,No Bet,,No Bet,,No Bet,,No Bet,,No Bet,,No Bet,,No Bet,,No Bet,,,,,,,,,,,,,,,,,,,,,,,,,,,,,7,0.05402,0.10019999999999998,Detroit Lions,Green Bay Packers,1,1,0,0,0,0,1,0,1,1,1,0,1,3.0,3.5,,
2026_07_LA_LV,2026,7,2026-10-25,16:25,Los Angeles Rams,Las Vegas Raiders,Home,,,,,7,7,0,0,2,1,Allegiant Stadium,36.108,-115.1578,America/Los_Angeles,False,False,7,7,Sunday,True,False,1,True,False,1,2,1,NFC West,SoFi Stadium,33.9535,-118.3395,America/Los_Angeles,AFC West,Allegiant Stadium,36.108,-115.1578,America/Los_Angeles,Arizona Cardinals,Buffalo Bills,SoFi Stadium,Allegiant Stadium,Los Angeles Chargers,New York Jets,SoFi Stadium,MetLife Stadium,233,0,-233,233,0.0,0.0,America/Los_Angeles,America/Los_Angeles,0.0,0.0,0.0,0.0,0.0,0,1.29,-2.35,1.29,-2.35,Los Angeles Rams,3.64,Los Angeles Rams,3.64,1.29,-2.35,Los Angeles Rams,3.64,0.0,0,No,No,No,No,No,0,No,0.0,0.0,6.079,-3.377,1.5930000000000002,-1.8135000000000003,1.5930000000000002,-1.8135000000000003,0.30300000000000005,0.5365,6.382,-2.8405,Los Angeles Rams,3.4065000000000003,Los Angeles Rams,3.4065000000000003,1.5930000000000002,-1.8135000000000003,Los Angeles Rams,3.4065000000000003,Tie,0.0,Los Angeles Rams,9.456,3.0395,-1.6885,Los Angeles Rams,4.728,Las Vegas Raiders,0.23349999999999993,Los Angeles Rams,9.2225,3.3425,-1.1520000000000001,Los Angeles Rams,4.4945,Different,Same,Different,Same,Different,Same,False,Home Team,Away Team,,,,,,,,-110,-110,314,-416,-0.23349999999999993,0.23349999999999993,9.2225,-9.2225,,,0.5238,0.5238,0.8062,0.2415,,,0.5,0.5,0.7695,0.2305,0.6856,0.3134,0.1856,-0.1866,,,40,7,2026-10-25,LA @ LV,0.0,70.0,0.0,Dome,True,M.Stafford,K.Cousins,6.44,7.0,13.35,178.23,Medium,-3.0,16.0,49.33,49.0,12.911443957862165,33.0,67.0,0.3134,0.6856,0.0874,0.072,0.0,0.0,0.0,0.0,0.348,0.6517,+187,-187,,,,,,,,No Bet,,No Bet,,No Bet,,No Bet,,No Bet,,No Bet,,No Bet,,No Bet,,No Bet,,,,,,,,,,,,,,,,,,,,,,,,,,,,,7,0.14112000000000002,0.004059999999999997,Las Vegas Raiders,Los Angeles Rams,0,0,1,0,0,0,1,0,1,0,1,0,0,3.5,2.5,,
2026_07_KC_SEA,2026,7,2026-10-25,20:20,Kansas City Chiefs,Seattle Seahawks,Home,,,,,7,10,-3,3,3,7,Lumen Field,47.5952,-122.3316,America/Los_Angeles,False,False,7,7,Sunday,True,False,1,True,False,1,3,7,AFC West,GEHA Field at Arrowhead Stadium,39.0489,-94.4839,America/Chicago,NFC West,Lumen Field,47.5952,-122.3316,America/Los_Angeles,Los Angeles Chargers,Denver Broncos,GEHA Field at Arrowhead Stadium,Empower Field at Mile High,Denver Broncos,Chicago Bears,Empower Field at Mile High,Lumen Field,1508,0,-1508,1508,2.0,0.0,America/Chicago,America/Denver,2.0,1.0,2.0,0.0,2.0,0,4.395,-0.13,4.395,-0.13,Kansas City Chiefs,4.5249999999999995,Kansas City Chiefs,4.5249999999999995,4.395,-0.13,Kansas City Chiefs,4.5249999999999995,-0.15,0,No,No,No,No,No,0,No,0.0,0.0,3.194,10.351,3.5290000000000004,0.3845,3.5290000000000004,0.3845,-0.866,0.5145,2.328,10.8655,Kansas City Chiefs,3.1445000000000003,Kansas City Chiefs,3.1445000000000003,3.5290000000000004,0.3845,Kansas City Chiefs,3.1445000000000003,Tie,0.0,Seattle Seahawks,7.157000000000001,1.597,5.1755,Seattle Seahawks,3.5785000000000005,Seattle Seahawks,1.3805,Seattle Seahawks,8.537500000000001,0.7309999999999999,5.69,Seattle Seahawks,4.9590000000000005,Different,Different,Different,Different,Different,Same,False,Home Team,Home Team,,,,,,,,-128,105,-397,302,-1.3805,1.3805,-8.537500000000001,8.537500000000001,,,0.4878,0.5614,0.2488,0.7988,,,0.4649,0.5351,0.2375,0.7625,0.24,0.7596,-0.26,0.2596,,,41,7,2026-10-25,KC @ SEA,10.0,55.0,0.0,Historical Avg,False,P.Mahomes,S.Darnold,-8.87,-9.0,12.9,166.42,Med-Low,-18.0,-1.0,50.19,50.0,13.695896972406581,33.0,68.0,0.7596,0.24,0.078,0.0814,0.0,0.0,0.0,0.0,0.6857,0.3141,-218,+218,,,,,,,,No Bet,,No Bet,,No Bet,,No Bet,,No Bet,,No Bet,,No Bet,,No Bet,,No Bet,,,,,,,,,,,,,,,,,,,,,,,,,,,,,7,0.07383636363636364,0.29769999999999996,Seattle Seahawks,Kansas City Chiefs,0,0,1,0,0,1,0,0,1,0,0,1,0,3.0,5.0,,
2026_07_DAL_PHI,2026,7,2026-10-26,20:15,Dallas Cowboys,Philadelphia Eagles,Home,,,,,8,8,0,0,3,-8,Lincoln Financial Field,39.9008,-75.1675,America/New_York,False,True,7,7,Monday,True,False,1,True,False,1,3,-8,NFC East,AT&T Stadium,32.7369,-97.0826,America/Chicago,NFC East,Lincoln Financial Field,39.9008,-75.1675,America/New_York,Green Bay Packers,Carolina Panthers,Lambeau Field,Lincoln Financial Field,Arizona Cardinals,Washington Commanders,AT&T Stadium,FedExField,1311,0,-1311,1311,-1.0,0.0,America/Chicago,America/New_York,-1.0,0.0,-1.0,0.0,-1.0,0,-0.615,4.905,-0.615,4.905,Philadelphia Eagles,5.5200000000000005,Philadelphia Eagles,5.5200000000000005,-0.615,4.905,Philadelphia Eagles,5.5200000000000005,0.0,0,No,No,No,No,No,1,No,0.0,0.0,-2.247,0.123,-1.5429749999999998,5.4174750000000005,-1.5429749999999998,5.4174750000000005,-0.983175,0.567675,-3.2064750000000006,0.666975,Philadelphia Eagles,6.96045,Philadelphia Eagles,6.96045,-1.5429749999999998,5.4174750000000005,Philadelphia Eagles,6.96045,Tie,0.0,Philadelphia Eagles,2.37,-1.1235,0.0615,Philadelphia Eagles,1.185,Philadelphia Eagles,1.55085,Philadelphia Eagles,3.8734500000000005,-2.094825,0.617325,Philadelphia Eagles,2.7121500000000003,Different,Same,Same,Same,Different,Same,False,Home Team,Home Team,,,,,,,,-128,105,-211,171,-1.55085,1.55085,-3.8734500000000005,3.8734500000000005,,,0.4878,0.5614,0.369,0.6785,,,0.4649,0.5351,0.3523,0.6477,0.295,0.7046,-0.205,0.2046,,,42,7,2026-10-26,DAL @ PHI,12.0,64.0,0.0,Historical Avg,False,D.Prescott,J.Hurts,-7.06,-7.0,13.24,175.43,Medium,-16.0,3.0,55.62,55.0,13.893400834833475,38.0,74.0,0.7046,0.295,0.0772,0.082,0.0,0.0,0.0,0.0,0.6291,0.3707,-170,+170,,,,,,,,No Bet,,No Bet,,No Bet,,No Bet,,No Bet,,No Bet,,No Bet,,No Bet,,No Bet,,,,,,,,,,,,,,,,,,,,,,,,,,,,,7,-0.1567,0.052140000000000006,Philadelphia Eagles,Dallas Cowboys,1,0,0,1,0,0,0,1,1,1,0,1,1,1.0,3.0,,
2026_08_CAR_GB,2026,8,2026-10-29,20:15,Carolina Panthers,Green Bay Packers,Home,,,,,4,4,0,0,7,-7,Lambeau Field,44.5013,-88.0622,America/Chicago,False,False,8,8,Thursday,True,False,1,True,False,1,7,-7,NFC South,Bank of America Stadium,35.2258,-80.8528,America/New_York,NFC North,Lambeau Field,44.5013,-88.0622,America/Chicago,Tampa Bay Buccaneers,Detroit Lions,Bank of America Stadium,Ford Field,Denver Broncos,New England Patriots,Bank of America Stadium,Gillette Stadium,745,0,-745,745,1.0,0.0,America/New_York,America/Detroit,1.0,1.0,1.0,0.0,1.0,0,-5.25,3.535,-5.25,3.535,Green Bay Packers,8.785,Green Bay Packers,8.785,-5.25,3.535,Green Bay Packers,8.785,0.0,0,No,No,No,No,No,0,No,0.0,0.0,-1.427,-0.138,-5.113,2.709,-5.113,2.709,0.13700000000000007,-0.8260000000000001,-1.29,-0.964,Green Bay Packers,7.822000000000001,Green Bay Packers,7.822000000000001,-5.113,2.709,Green Bay Packers,7.822000000000001,Tie,0.0,Green Bay Packers,1.2890000000000001,-0.7135,-0.069,Green Bay Packers,0.6445000000000001,Carolina Panthers,0.9630000000000001,Green Bay Packers,0.32600000000000007,-0.5765,-0.895,Carolina Panthers,0.3185,Different,Same,Different,Same,Different,Same,True,Away Team,Home Team,,,,,,,,101,-122,-116,-104,0.9630000000000001,-0.9630000000000001,-0.32600000000000007,0.32600000000000007,,,0.5495,0.4975,0.5098,0.537,,,0.5248,0.4752,0.487,0.513,0.3738,0.625,-0.1262,0.125,,,43,8,2026-10-29,CAR @ GB,12.0,52.0,0.0,Historical Avg,False,B.Young,J.Love,-4.4,-5.0,13.56,183.81,Med-High,-14.0,5.0,51.46,51.0,13.70635651228175,34.0,69.0,0.625,0.3738,0.0924,0.087,0.0,0.0,0.0,0.0,0.5377,0.4619,-116,+116,,,,,,,,No Bet,,No Bet,,No Bet,,No Bet,,No Bet,,No Bet,,No Bet,,No Bet,,No Bet,,,,,,,,,,,,,,,,,,,,,,,,,,,,,8,-0.08499999999999999,0.04613333333333333,Carolina Panthers,Green Bay Packers,0,1,0,0,0,0,0,1,0,1,0,1,0,1.5,3.0,,
2026_08_BAL_BUF,2026,8,2026-11-01,13:00,Baltimore Ravens,Buffalo Bills,Home,,,,,7,14,-7,7,-13,9,Highmark Stadium,42.7725,-78.7877,America/New_York,False,False,8,8,Sunday,True,False,1,True,False,1,-13,9,AFC North,M&T Bank Stadium,39.2789,-76.6228,America/New_York,AFC East,Highmark Stadium,42.7725,-78.7877,America/New_York,Cincinnati Bengals,Las Vegas Raiders,M&T Bank Stadium,Allegiant Stadium,Jacksonville Jaguars,Minnesota Vikings,M&T Bank Stadium,U.S. Bank Stadium,266,0,-266,266,0.0,0.0,America/New_York,America/Los_Angeles,0.0,-3.0,0.0,0.0,0.0,0,6.69,4.795,6.69,4.795,Baltimore Ravens,1.8950000000000005,Baltimore Ravens,1.8950000000000005,6.69,4.795,Baltimore Ravens,1.8950000000000005,0.0,0,No,No,No,No,No,0,No,0.0,0.0,3.773,3.307,7.1315,6.099,7.1315,6.099,0.4415,1.304,4.2145,4.611,Baltimore Ravens,1.0324999999999998,Baltimore Ravens,1.0324999999999998,7.1315,6.099,Baltimore Ravens,1.0324999999999998,Tie,0.0,Baltimore Ravens,0.4660000000000002,1.8865,1.6535,Baltimore Ravens,0.2330000000000001,Buffalo Bills,0.8625,Buffalo Bills,0.39649999999999963,2.3280000000000003,2.9575,Buffalo Bills,0.6294999999999997,Different,Different,Different,Different,Different,Different,False,Home Team,Home Team,,,,,,,,-122,101,-116,-104,-0.8625,0.8625,-0.39649999999999963,0.39649999999999963,,,0.4975,0.5495,0.5098,0.537,,,0.4752,0.5248,0.487,0.513,0.703,0.2966,0.203,-0.2034,,,44,8,2026-11-01,BAL @ BUF,15.0,40.0,0.0,Historical Avg,False,L.Jackson,J.Allen,7.68,8.0,14.7,216.23,High,-3.0,17.0,64.43,64.0,14.432908418232335,46.0,83.0,0.2966,0.703,0.0672,0.0706,0.0,0.0,0.0,0.0,0.4448,0.5551,+125,-125,,,,,,,,No Bet,,No Bet,,No Bet,,No Bet,,No Bet,,No Bet,,No Bet,,No Bet,,No Bet,,,,,,,,,,,,,,,,,,,,,,,,,,,,,8,0.2853111111111112,0.18978,Buffalo Bills,Baltimore Ravens,0,1,0,0,0,0,0,1,0,1,0,1,0,5.0,4.0,,
2026_08_TEN_CIN,2026,8,2026-11-01,13:00,Tennessee Titans,Cincinnati Bengals,Home,,,,,7,7,0,0,1,7,Paycor Stadium,39.0955,-84.5165,America/New_York,False,False,8,8,Sunday,True,False,1,True,False,1,1,7,AFC South,Nissan Stadium,36.1664,-86.7716,America/Chicago,AFC North,Paycor Stadium,39.0955,-84.5165,America/New_York,Cleveland Browns,Baltimore Ravens,Nissan Stadium,M&T Bank Stadium,Jacksonville Jaguars,Atlanta Falcons,Nissan Stadium,Bernabéu Stadium,237,0,-237,237,-1.0,0.0,America/Chicago,America/New_York,-1.0,0.0,-1.0,0.0,-1.0,0,-4.36,1.31,-4.36,1.31,Cincinnati Bengals,5.67,Cincinnati Bengals,5.67,-4.36,1.31,Cincinnati Bengals,5.67,0.0,0,No,No,No,No,No,0,No,0.0,0.0,-9.711,1.256,-4.658500000000001,1.52,-4.658500000000001,1.52,-0.2985,0.21000000000000002,-10.0095,1.4660000000000002,Cincinnati Bengals,6.178500000000001,Cincinnati Bengals,6.178500000000001,-4.658500000000001,1.52,Cincinnati Bengals,6.178500000000001,Tie,0.0,Cincinnati Bengals,10.967,-4.8555,0.628,Cincinnati Bengals,5.4835,Cincinnati Bengals,0.5085,Cincinnati Bengals,11.4755,-5.154,0.8380000000000001,Cincinnati Bengals,5.992,Different,Same,Same,Same,Different,Same,False,Home Team,Home Team,,,,,,,,-116,-104,-646,450,-0.5085,0.5085,-11.4755,11.4755,,,0.5098,0.537,0.1818,0.866,,,0.487,0.513,0.1735,0.8265,0.229,0.771,-0.271,0.271,,,45,8,2026-11-01,TEN @ CIN,10.0,48.0,0.0,Historical Avg,False,C.Ward,J.Burrow,-9.19,-10.0,12.74,162.41,Med-Low,-17.0,-2.0,49.29,49.0,13.1401763719905,33.0,67.0,0.771,0.229,0.078,0.078,0.0,0.0,0.0,0.0,0.7035,0.2965,-237,+237,,,,,,,,No Bet,,No Bet,,No Bet,,No Bet,,No Bet,,No Bet,,No Bet,,No Bet,,No Bet,,,,,,,,,,,,,,,,,,,,,,,,,,,,,8,-0.2679111111111111,0.0006600000000000023,Cincinnati Bengals,Tennessee Titans,0,0,0,0,0,0,0,0,0,0,0,0,0,0.0,2.5,,
2026_08_ARI_DAL,2026,8,2026-11-01,13:00,Arizona Cardinals,Dallas Cowboys,Home,,,,,7,6,1,-1,-5,2,AT&T Stadium,32.7369,-97.0826,America/Chicago,False,False,8,8,Sunday,True,False,1,True,False,1,-5,2,NFC West,State Farm Stadium,33.5277,-112.262608,America/Denver,NFC East,AT&T Stadium,32.7369,-97.0826,America/Chicago,Denver Broncos,Philadelphia Eagles,State Farm Stadium,Lincoln Financial Field,Seattle Seahawks,Indianapolis Colts,Lumen Field,Lucas Oil Stadium,879,0,-879,879,-1.0,0.0,America/Denver,America/New_York,-1.0,1.0,-1.0,0.0,-1.0,0,0.075,-0.615,0.075,-0.615,Arizona Cardinals,0.69,Arizona Cardinals,0.69,0.075,-0.615,Arizona Cardinals,0.69,0.0,0,No,No,No,No,No,0,Yes,0.0,0.0,-1.231,-2.247,0.8334999999999999,0.4590000000000001,0.8334999999999999,0.4590000000000001,0.7585,1.074,-0.47250000000000014,-1.1729999999999998,Arizona Cardinals,0.37449999999999983,Arizona Cardinals,0.37449999999999983,0.8334999999999999,0.4590000000000001,Arizona Cardinals,0.37449999999999983,Tie,0.0,Arizona Cardinals,1.0159999999999998,-0.6155,-1.1235,Arizona Cardinals,0.5079999999999999,Dallas Cowboys,0.3155000000000001,Arizona Cardinals,0.7004999999999997,0.1429999999999999,-0.04949999999999988,Arizona Cardinals,0.19249999999999978,Different,Same,Different,Same,Different,Same,False,Home Team,Away Team,,,,,,,,-116,-104,-104,-116,-0.3155000000000001,0.3155000000000001,0.7004999999999997,-0.7004999999999997,,,0.5098,0.537,0.537,0.5098,,,0.487,0.513,0.513,0.487,0.4226,0.5762,-0.0774,0.0762,,,46,8,2026-11-01,ARI @ DAL,0.0,70.0,0.0,Dome,True,J.Brissett,D.Prescott,-2.58,-3.0,12.82,164.32,Med-Low,-11.0,7.0,58.26,57.0,13.685449291289668,41.900000000000034,76.0,0.5762,0.4226,0.097,0.0912,0.0,0.0,0.0,0.0,0.5254,0.4742,-111,+111,,,,,,,,No Bet,,No Bet,,No Bet,,No Bet,,No Bet,,No Bet,,No Bet,,No Bet,,No Bet,,,,,,,,,,,,,,,,,,,,,,,,,,,,,8,-0.2809111111111111,-0.18257777777777778,Dallas Cowboys,Arizona Cardinals,0,1,0,0,0,0,0,0,0,1,0,0,0,0.0,1.0,,
2026_08_MIN_DET,2026,8,2026-11-01,13:00,Minnesota Vikings,Detroit Lions,Home,,,,,7,7,0,0,8,10,Ford Field,42.3395,-83.045,America/Detroit,False,False,8,8,Sunday,True,False,1,True,False,1,8,10,NFC North,U.S. Bank Stadium,44.9738,-93.2575,America/Chicago,NFC North,Ford Field,42.3395,-83.045,America/Detroit,Indianapolis Colts,Green Bay Packers,U.S. Bank Stadium,Ford Field,Buffalo Bills,Miami Dolphins,U.S. Bank Stadium,Hard Rock Stadium,541,0,-541,541,-1.0,0.0,America/Chicago,America/Detroit,-1.0,0.0,-1.0,0.0,-1.0,0,0.27,4.305,0.27,4.305,Detroit Lions,4.035,Detroit Lions,4.035,0.27,4.305,Detroit Lions,4.035,0.0,0,No,No,No,No,No,1,No,0.0,0.0,2.427,1.824,0.05022999999999999,5.7567699999999995,0.05022999999999999,5.7567699999999995,-0.26011999999999996,1.4921200000000001,2.16085,3.3221499999999997,Detroit Lions,5.7065399999999995,Detroit Lions,5.7065399999999995,0.05022999999999999,5.7567699999999995,Detroit Lions,5.7065399999999995,Tie,0.0,Minnesota Vikings,0.603,1.2135,0.912,Minnesota Vikings,0.3015,Detroit Lions,1.75224,Detroit Lions,1.1612999999999998,0.950365,2.407135,Detroit Lions,1.4567699999999997,Different,Different,Same,Same,Different,Different,False,Home Team,Home Team,,,,,,,,-131,108,-122,101,-1.75224,1.75224,-1.1612999999999998,1.1612999999999998,,,0.4808,0.5671,0.4975,0.5495,,,0.4588,0.5412,0.4752,0.5248,0.5252,0.4742,0.0252,-0.0258,,,47,8,2026-11-01,MIN @ DET,0.0,70.0,0.0,Dome,True,K.Murray,J.Goff,0.94,2.0,12.93,167.29,Med-Low,-8.0,10.0,47.16,47.0,12.600356694862553,32.0,64.0,0.4742,0.5252,0.0986,0.0904,0.0,0.0,0.0,0.0,0.5134,0.4864,-106,+106,,,,,,,,No Bet,,No Bet,,No Bet,,No Bet,,No Bet,,No Bet,,No Bet,,No Bet,,No Bet,,,,,,,,,,,,,,,,,,,,,,,,,,,,,8,0.09232000000000001,0.11279999999999998,Detroit Lions,Minnesota Vikings,0,1,0,0,0,0,0,0,0,1,0,0,1,3.0,3.5,,
2026_08_IND_JAX,2026,8,2026-11-01,13:00,Indianapolis Colts,Jacksonville Jaguars,Home,,,,,7,14,-7,7,-16,8,TIAA Bank Field,30.3239,-81.6554,America/New_York,False,True,8,8,Sunday,True,False,1,True,False,1,-16,8,AFC South,Lucas Oil Stadium,39.7601,-86.1638,America/Indiana/Indianapolis,AFC South,TIAA Bank Field,30.3239,-81.6554,America/New_York,Minnesota Vikings,Houston Texans,U.S. Bank Stadium,Wembley Stadium,Dallas Cowboys,Baltimore Ravens,Lucas Oil Stadium,M&T Bank Stadium,699,0,-699,699,0.0,0.0,America/Chicago,America/New_York,-1.0,0.0,0.0,0.0,0.0,0,-2.265,-1.825,-2.265,-1.825,Jacksonville Jaguars,0.44000000000000017,Jacksonville Jaguars,0.44000000000000017,-2.265,-1.825,Jacksonville Jaguars,0.44000000000000017,0.0,0,No,No,No,No,No,1,No,0.0,0.0,-0.012,6.394,-2.999945,0.8764450000000003,-2.999945,0.8764450000000003,-0.7393450000000001,2.705845,-0.6872850000000001,9.035785000000002,Jacksonville Jaguars,3.8763900000000002,Jacksonville Jaguars,3.8763900000000002,-2.999945,0.8764450000000003,Jacksonville Jaguars,3.8763900000000002,Tie,0.0,Jacksonville Jaguars,6.406,-0.006,3.197,Jacksonville Jaguars,3.203,Jacksonville Jaguars,3.44519,Jacksonville Jaguars,9.723070000000003,-0.7133150000000001,5.870815000000001,Jacksonville Jaguars,6.584130000000002,Different,Same,Same,Same,Different,Same,False,Home Team,Home Team,,,,,,,,-191,156,-436,327,-3.44519,3.44519,-9.723070000000003,9.723070000000003,,,0.3906,0.6564,0.2342,0.8134,,,0.3731,0.6269,0.2235,0.7765,0.2808,0.7188,-0.2192,0.2188,,,48,8,2026-11-01,IND @ JAX,10.0,60.0,0.0,Historical Avg,False,D.Jones,T.Lawrence,-7.46,-8.0,13.26,175.75,Medium,-16.0,2.0,52.6,53.0,13.300462161095748,36.0,70.0,0.7188,0.2808,0.0776,0.0806,0.0,0.0,0.0,0.0,0.7074,0.2925,-242,+242,,,,,,,,No Bet,,No Bet,,No Bet,,No Bet,,No Bet,,No Bet,,No Bet,,No Bet,,No Bet,,,,,,,,,,,,,,,,,,,,,,,,,,,,,8,0.0556,0.18626,Jacksonville Jaguars,Indianapolis Colts,0,0,0,0,0,0,0,0,0,0,0,0,1,3.0,4.0,,
2026_08_LV_NYJ,2026,8,2026-11-01,13:00,Las Vegas Raiders,New York Jets,Home,,,,,7,7,0,0,1,-12,MetLife Stadium,40.8136,-74.0744,America/New_York,False,False,8,8,Sunday,True,False,1,True,False,1,1,-12,AFC West,Allegiant Stadium,36.108,-115.1578,America/Los_Angeles,AFC East,MetLife Stadium,40.8136,-74.0744,America/New_York,Los Angeles Rams,Miami Dolphins,Allegiant Stadium,MetLife Stadium,San Francisco 49ers,Kansas City Chiefs,Levi's Stadium,GEHA Field at Arrowhead Stadium,2224,0,-2224,2224,-3.0,0.0,America/Los_Angeles,America/New_York,-3.0,0.0,-3.0,0.0,-3.0,0,-2.35,-3.725,-2.35,-3.725,Las Vegas Raiders,1.375,Las Vegas Raiders,1.375,-2.35,-3.725,Las Vegas Raiders,1.375,-0.44999999999999996,0,No,No,No,No,No,0,No,0.0,0.0,-3.377,-5.458,-3.4615,-4.3615,-3.4615,-4.3615,-1.1115,-0.6365000000000001,-4.4885,-6.0945,Las Vegas Raiders,0.9000000000000004,Las Vegas Raiders,0.9000000000000004,-3.4615,-4.3615,Las Vegas Raiders,0.9000000000000004,Tie,0.0,Las Vegas Raiders,2.0810000000000004,-1.6885,-2.729,Las Vegas Raiders,1.0405000000000002,New York Jets,0.47499999999999987,Las Vegas Raiders,1.6059999999999999,-2.8,-3.3655,Las Vegas Raiders,0.5655000000000001,Different,Same,Different,Same,Different,Same,False,Home Team,Away Team,,,,,,,,-116,-104,105,-128,-0.47499999999999987,0.47499999999999987,1.6059999999999999,-1.6059999999999999,,,0.5098,0.537,0.5614,0.4878,,,0.487,0.513,0.5351,0.4649,0.737,0.2616,0.237,-0.2384,,,49,8,2026-11-01,LV @ NYJ,12.0,48.0,0.0,Historical Avg,False,K.Cousins,G.Smith,7.0,8.0,11.6,134.64,Low,-1.0,15.0,42.53,42.0,11.823580651049934,28.0,58.0,0.2616,0.737,0.0856,0.0768,0.0,0.0,0.0,0.0,0.4132,0.5864,+142,-142,,,,,,,,No Bet,,No Bet,,No Bet,,No Bet,,No Bet,,No Bet,,No Bet,,No Bet,,No Bet,,,,,,,,,,,,,,,,,,,,,,,,,,,,,8,-0.021822222222222225,-0.21711111111111112,New York Jets,Las Vegas Raiders,0,0,0,0,0,0,0,0,0,0,0,0,0,2.0,0.5,,
2026_08_CLE_PIT,2026,8,2026-11-01,13:00,Cleveland Browns,Pittsburgh Steelers,Home,,,,,7,7,0,0,3,-4,Acrisure Stadium,40.4468,-80.0158,America/New_York,False,True,8,8,Sunday,True,False,1,True,False,1,3,-4,AFC North,FirstEnergy Stadium,41.5061,-81.6994,America/New_York,AFC North,Acrisure Stadium,40.4468,-80.0158,America/New_York,Tennessee Titans,New Orleans Saints,Nissan Stadium,Stade de France,New Orleans Saints,Cincinnati Bengals,Caesars Superdome,Paycor Stadium,114,0,-114,114,0.0,0.0,America/Chicago,America/Chicago,-1.0,-1.0,0.0,0.0,0.0,0,-4.705,-0.565,-4.705,-0.565,Pittsburgh Steelers,4.140000000000001,Pittsburgh Steelers,4.140000000000001,-4.705,-0.565,Pittsburgh Steelers,4.140000000000001,0.0,0,No,No,No,No,No,1,No,0.0,0.0,-4.154,-2.174,-6.734704999999999,0.546205,-6.734704999999999,0.546205,-2.071105,1.152605,-6.205304999999999,-1.041195,Pittsburgh Steelers,7.280909999999999,Pittsburgh Steelers,7.280909999999999,-6.734704999999999,0.546205,Pittsburgh Steelers,7.280909999999999,Tie,0.0,Pittsburgh Steelers,1.98,-2.077,-1.087,Pittsburgh Steelers,0.99,Pittsburgh Steelers,3.2237100000000005,Pittsburgh Steelers,5.164109999999999,-4.138204999999999,0.055705000000000005,Pittsburgh Steelers,4.193909999999999,Different,Same,Same,Same,Different,Same,False,Home Team,Home Team,,,,,,,,-164,135,-234,188,-3.2237100000000005,3.2237100000000005,-5.164109999999999,5.164109999999999,,,0.4255,0.6212,0.3472,0.7006,,,0.4065,0.5935,0.3314,0.6686,0.3066,0.6924,-0.1934,0.1924,,,50,8,2026-11-01,CLE @ PIT,12.0,45.0,0.0,Historical Avg,False,D.Watson,A.Rodgers,-7.03,-7.0,13.68,187.12,Med-High,-17.0,3.0,43.25,43.0,12.609491815960363,27.0,60.0,0.6924,0.3066,0.0826,0.0736,0.0,0.0,0.0,0.0,0.6515,0.3482,-187,+187,,,,,,,,No Bet,,No Bet,,No Bet,,No Bet,,No Bet,,No Bet,,No Bet,,No Bet,,No Bet,,,,,,,,,,,,,,,,,,,,,,,,,,,,,8,-0.12953333333333333,-0.09113333333333333,Pittsburgh Steelers,Cleveland Browns,0,1,0,0,0,0,0,0,0,1,0,0,1,1.5,1.5,,
2026_08_ATL_TB,2026,8,2026-11-01,13:00,Atlanta Falcons,Tampa Bay Buccaneers,Home,,,,,7,7,0,0,3,0,Raymond James Stadium,27.9759,-82.5033,America/New_York,False,False,8,8,Sunday,True,False,1,True,False,1,3,0,NFC South,Mercedes-Benz Stadium,33.7489,-84.388,America/New_York,NFC South,Raymond James Stadium,27.9759,-82.5033,America/New_York,San Francisco 49ers,Carolina Panthers,Mercedes-Benz Stadium,Bank of America Stadium,Cincinnati Bengals,Chicago Bears,Bernabéu Stadium,Soldier Field,414,0,-414,414,0.0,0.0,America/New_York,America/New_York,0.0,0.0,0.0,0.0,0.0,0,-0.71,1.025,-0.71,1.025,Tampa Bay Buccaneers,1.7349999999999999,Tampa Bay Buccaneers,1.7349999999999999,-0.71,1.025,Tampa Bay Buccaneers,1.7349999999999999,0.0,0,No,No,No,No,No,1,No,0.0,0.0,1.764,-3.128,1.88011,1.20489,1.88011,1.20489,2.57276,0.19724,4.287840000000001,-2.88184,Atlanta Falcons,0.6752199999999999,Atlanta Falcons,0.6752199999999999,1.88011,1.20489,Atlanta Falcons,0.6752199999999999,Tie,0.0,Atlanta Falcons,4.892,0.882,-1.564,Atlanta Falcons,2.446,Atlanta Falcons,2.3755200000000003,Atlanta Falcons,7.169680000000001,3.430300000000001,-1.3423,Atlanta Falcons,4.772600000000001,Different,Different,Same,Same,Different,Same,False,Away Team,Away Team,,,,,,,,117,-142,249,-319,2.3755200000000003,-2.3755200000000003,7.169680000000001,-7.169680000000001,,,0.5868,0.4608,0.7613,0.2865,,,0.5601,0.4399,0.7266,0.2734,0.6922,0.307,0.1922,-0.193,,,51,8,2026-11-01,ATL @ TB,8.0,75.0,0.0,Historical Avg,False,M.Penix,B.Mayfield,6.97,7.0,14.14,199.94,High,-3.0,17.0,50.31,50.0,13.16758657565028,34.0,67.0,0.307,0.6922,0.0776,0.0754,0.0,0.0,0.0,0.0,0.3401,0.6596,+194,-194,,,,,,,,No Bet,,No Bet,,No Bet,,No Bet,,No Bet,,No Bet,,No Bet,,No Bet,,No Bet,,,,,,,,,,,,,,,,,,,,,,,,,,,,,8,0.09055555555555556,-0.15651111111111113,Atlanta Falcons,Tampa Bay Buccaneers,0,0,0,0,0,0,0,0,0,0,0,0,1,3.0,1.0,,
2026_08_LAC_LA,2026,8,2026-11-01,16:05,Los Angeles Chargers,Los Angeles Rams,Home,,,,,14,7,7,-7,-3,-5,SoFi Stadium,33.9535,-118.3395,America/Los_Angeles,False,False,8,8,Sunday,True,False,1,True,False,1,-3,-5,AFC West,SoFi Stadium,33.9535,-118.3395,America/Los_Angeles,NFC West,SoFi Stadium,33.9535,-118.3395,America/Los_Angeles,Kansas City Chiefs,Las Vegas Raiders,GEHA Field at Arrowhead Stadium,Allegiant Stadium,Houston Texans,Washington Commanders,SoFi Stadium,FedExField,0,0,0,0,0.0,0.0,America/Chicago,America/Los_Angeles,2.0,0.0,0.0,0.0,0.0,0,0.935,1.29,0.935,1.29,Los Angeles Rams,0.355,Los Angeles Rams,0.355,0.935,1.29,Los Angeles Rams,0.355,0.0,0,No,No,No,No,No,0,No,0.0,0.0,-3.339,6.079,1.31,0.515,1.31,0.515,0.375,-0.775,-2.964,5.303999999999999,Los Angeles Chargers,0.795,Los Angeles Chargers,0.795,1.31,0.515,Los Angeles Chargers,0.795,Tie,0.0,Los Angeles Rams,9.418,-1.6695,3.0395,Los Angeles Rams,4.709,Los Angeles Chargers,1.15,Los Angeles Rams,8.267999999999999,-1.2945,2.2644999999999995,Los Angeles Rams,3.5589999999999993,Different,Different,Same,Different,Different,Same,False,Away Team,Home Team,,,,,,,,101,-122,-397,302,1.15,-1.15,-8.267999999999999,8.267999999999999,,,0.5495,0.4975,0.2488,0.7988,,,0.5248,0.4752,0.2375,0.7625,0.2234,0.775,-0.2766,0.275,,,52,8,2026-11-01,LAC @ LA,0.0,70.0,0.0,Dome,True,J.Herbert,M.Stafford,-10.39,-11.0,14.05,197.54,High,-20.0,-2.0,50.24,50.0,13.309203057178271,33.0,68.0,0.775,0.2234,0.0662,0.0606,0.0,0.0,0.0,0.0,0.6709,0.3286,-204,+204,,,,,,,,No Bet,,No Bet,,No Bet,,No Bet,,No Bet,,No Bet,,No Bet,,No Bet,,No Bet,,,,,,,,,,,,,,,,,,,,,,,,,,,,,8,-0.12684,0.12624444444444446,Los Angeles Chargers,Los Angeles Rams,0,0,0,1,0,0,0,1,0,1,0,1,0,1.5,3.5,,
2026_08_KC_DEN,2026,8,2026-11-01,16:25,Kansas City Chiefs,Denver Broncos,Home,,,,,7,7,0,0,3,3,Empower Field at Mile High,39.7648,-105.0076,America/Denver,False,True,8,8,Sunday,True,False,1,True,False,1,3,3,AFC West,GEHA Field at Arrowhead Stadium,39.0489,-94.4839,America/Chicago,AFC West,Empower Field at Mile High,39.7648,-105.0076,America/Denver,Seattle Seahawks,Arizona Cardinals,Lumen Field,State Farm Stadium,New York Jets,Carolina Panthers,GEHA Field at Arrowhead Stadium,Bank of America Stadium,563,0,-563,563,1.0,0.0,America/Los_Angeles,America/Denver,-1.0,0.0,1.0,0.0,1.0,0,4.395,2.05,4.395,2.05,Kansas City Chiefs,2.3449999999999998,Kansas City Chiefs,2.3449999999999998,4.395,2.05,Kansas City Chiefs,2.3449999999999998,0.0,0,No,No,No,No,No,1,No,0.0,0.0,3.194,2.928,3.823885,3.322615,3.823885,3.322615,-0.5476650000000001,1.249165,2.643675,4.179825,Kansas City Chiefs,0.5012700000000003,Kansas City Chiefs,0.5012700000000003,3.823885,3.322615,Kansas City Chiefs,0.5012700000000003,Tie,0.0,Kansas City Chiefs,0.266,1.597,1.464,Kansas City Chiefs,0.133,Denver Broncos,1.7968300000000001,Denver Broncos,1.5361500000000001,1.0480049999999999,2.7144950000000003,Denver Broncos,1.6664900000000005,Different,Different,Different,Different,Different,Different,False,Home Team,Home Team,,,,,,,,-131,108,-128,105,-1.7968300000000001,1.7968300000000001,-1.5361500000000001,1.5361500000000001,,,0.4808,0.5671,0.4878,0.5614,,,0.4588,0.5412,0.4649,0.5351,0.517,0.483,0.017,-0.017,,,53,8,2026-11-01,KC @ DEN,10.0,45.0,0.0,Historical Avg,False,P.Mahomes,B.Nix,0.74,1.0,13.37,178.65,Medium,-9.0,10.0,45.03,44.0,12.889388164899568,29.0,62.0,0.483,0.517,0.087,0.0936,0.0,0.0,0.0,0.0,0.5198,0.4802,-108,+108,,,,,,,,No Bet,,No Bet,,No Bet,,No Bet,,No Bet,,No Bet,,No Bet,,No Bet,,No Bet,,,,,,,,,,,,,,,,,,,,,,,,,,,,,8,0.07952000000000001,0.1195111111111111,Denver Broncos,Kansas City Chiefs,0,0,1,1,0,1,0,0,1,1,0,1,1,3.0,3.5,,
2026_08_NE_MIA,2026,8,2026-11-01,16:25,New England Patriots,Miami Dolphins,Home,,,,,10,7,3,-3,7,1,Hard Rock Stadium,25.9602,-80.2384,America/New_York,False,True,8,8,Sunday,True,False,1,True,False,1,7,1,AFC East,Gillette Stadium,42.0628,-71.2687,America/New_York,AFC East,Hard Rock Stadium,25.9602,-80.2384,America/New_York,Chicago Bears,New York Jets,Soldier Field,MetLife Stadium,Green Bay Packers,Detroit Lions,Gillette Stadium,Hard Rock Stadium,1223,0,-1223,1223,0.0,0.0,America/Chicago,America/New_York,-1.0,0.0,0.0,0.0,0.0,0,-1.995,0.66,-1.995,0.66,Miami Dolphins,2.6550000000000002,Miami Dolphins,2.6550000000000002,-1.995,0.66,Miami Dolphins,2.6550000000000002,0.0,0,No,No,No,No,No,1,No,0.0,0.0,3.904,-7.793,-2.273135,0.8986350000000001,-2.273135,0.8986350000000001,-0.304685,0.265185,3.482344999999999,-7.410845000000001,Miami Dolphins,3.17177,Miami Dolphins,3.17177,-2.273135,0.8986350000000001,Miami Dolphins,3.17177,Tie,0.0,New England Patriots,11.697,1.952,-3.8965,New England Patriots,5.8485,Miami Dolphins,0.56987,New England Patriots,10.89319,1.5888299999999995,-3.5728300000000006,New England Patriots,5.16166,Different,Different,Same,Different,Different,Same,False,Home Team,Away Team,,,,,,,,-116,-104,406,-567,-0.56987,0.56987,10.89319,-10.89319,,,0.5098,0.537,0.8501,0.1976,,,0.487,0.513,0.8114,0.1886,0.7936,0.206,0.2936,-0.294,,,54,8,2026-11-01,NE @ MIA,10.0,75.0,0.0,Historical Avg,False,D.Maye,M.Willis,10.94,11.0,13.33,177.73,Medium,3.0,20.0,46.04,46.0,13.001140422688238,30.0,63.0,0.206,0.7936,0.071,0.0742,0.0,0.0,0.0,0.0,0.3025,0.6973,+231,-230,,,,,,,,No Bet,,No Bet,,No Bet,,No Bet,,No Bet,,No Bet,,No Bet,,No Bet,,No Bet,,,,,,,,,,,,,,,,,,,,,,,,,,,,,8,0.02902222222222222,-0.28472,Miami Dolphins,New England Patriots,0,0,0,0,0,0,0,0,0,0,0,0,1,2.5,0.0,,
2026_08_PHI_WAS,2026,8,2026-11-01,20:20,Philadelphia Eagles,Washington Commanders,Home,,,,,6,13,-7,7,-15,7,FedExField,38.9077,-76.8645,America/New_York,False,False,8,8,Sunday,True,False,1,True,False,1,-15,7,NFC East,Lincoln Financial Field,39.9008,-75.1675,America/New_York,NFC East,FedExField,38.9077,-76.8645,America/New_York,Dallas Cowboys,San Francisco 49ers,Lincoln Financial Field,Levi's Stadium,New York Giants,Los Angeles Rams,Lincoln Financial Field,FedExField,114,0,-114,114,0.0,0.0,America/New_York,America/Los_Angeles,0.0,-3.0,0.0,0.0,0.0,0,4.905,1.45,4.905,1.45,Philadelphia Eagles,3.455,Philadelphia Eagles,3.455,4.905,1.45,Philadelphia Eagles,3.455,0.0,0,No,No,No,No,Yes,1,No,0.0,0.0,0.123,-3.609,2.59685,2.63115,2.59685,2.63115,-2.2736000000000005,1.1466,-2.18792,-2.4250800000000003,Washington Commanders,0.0343,Washington Commanders,0.0343,2.59685,2.63115,Washington Commanders,0.0343,Tie,0.0,Philadelphia Eagles,3.732,0.0615,-1.8045,Philadelphia Eagles,1.866,Washington Commanders,3.4202000000000004,Philadelphia Eagles,0.23716000000000026,-2.23076,-0.6392400000000001,Washington Commanders,1.59152,Different,Different,Same,Different,Different,Same,False,Home Team,Away Team,,,,,,,,-191,156,-110,-110,-3.4202000000000004,3.4202000000000004,0.23716000000000026,-0.23716000000000026,,,0.3906,0.6564,0.5238,0.5238,,,0.3731,0.6269,0.5,0.5,0.5822,0.4162,0.0822,-0.0838,,,55,8,2026-11-01,PHI @ WAS,10.0,52.0,0.0,Historical Avg,False,J.Hurts,J.Daniels,2.59,3.0,13.1,171.57,Medium,-7.0,11.0,45.88,45.0,13.281749222616819,29.0,64.0,0.4162,0.5822,0.091,0.0924,0.0,0.0,0.0,0.0,0.5144,0.4851,-106,+106,,,,,,,,No Bet,,No Bet,,No Bet,,No Bet,,No Bet,,No Bet,,No Bet,,No Bet,,No Bet,,,,,,,,,,,,,,,,,,,,,,,,,,,,,8,0.04880000000000001,-0.06301999999999999,Washington Commanders,Philadelphia Eagles,0,0,1,0,0,0,1,0,1,0,1,0,1,3.0,2.0,,
2026_08_CHI_SEA,2026,8,2026-11-02,20:15,Chicago Bears,Seattle Seahawks,Home,,,,,11,8,3,-3,2,4,Lumen Field,47.5952,-122.3316,America/Los_Angeles,False,False,8,8,Monday,True,False,1,True,False,1,2,4,NFC North,Soldier Field,41.8623,-87.6167,America/Chicago,NFC West,Lumen Field,47.5952,-122.3316,America/Los_Angeles,New England Patriots,Kansas City Chiefs,Soldier Field,Lumen Field,Tampa Bay Buccaneers,Arizona Cardinals,Soldier Field,Lumen Field,1733,0,-1733,1733,2.0,0.0,America/Chicago,America/Los_Angeles,2.0,0.0,2.0,0.0,2.0,0,-1.575,-0.13,-1.575,-0.13,Seattle Seahawks,1.4449999999999998,Seattle Seahawks,1.4449999999999998,-1.575,-0.13,Seattle Seahawks,1.4449999999999998,-0.15,0,No,No,No,No,No,0,No,0.0,0.0,3.925,10.351,-1.7185000000000001,-0.21549999999999997,-1.7185000000000001,-0.21549999999999997,-0.14350000000000007,-0.08549999999999996,3.781499999999999,10.265500000000001,Seattle Seahawks,1.5030000000000001,Seattle Seahawks,1.5030000000000001,-1.7185000000000001,-0.21549999999999997,Seattle Seahawks,1.5030000000000001,Tie,0.0,Seattle Seahawks,6.426000000000001,1.9625,5.1755,Seattle Seahawks,3.2130000000000005,Seattle Seahawks,0.05800000000000011,Seattle Seahawks,6.484000000000002,1.8189999999999995,5.090000000000001,Seattle Seahawks,3.2710000000000012,Different,Same,Same,Same,Different,Same,False,Home Team,Home Team,,,,,,,,-110,-110,-282,224,-0.05800000000000011,0.05800000000000011,-6.484000000000002,6.484000000000002,,,0.5238,0.5238,0.3086,0.7382,,,0.5,0.5,0.2948,0.7052,0.2442,0.7546,-0.2558,0.2546,,,56,8,2026-11-02,CHI @ SEA,10.0,48.0,0.0,Historical Avg,False,C.Williams,S.Darnold,-8.99,-9.0,13.38,179.05,Medium,-18.0,-1.0,50.24,50.0,13.897147865074933,33.0,68.0,0.7546,0.2442,0.084,0.0708,0.0,0.0,0.0,0.0,0.6533,0.3463,-188,+189,,,,,,,,No Bet,,No Bet,,No Bet,,No Bet,,No Bet,,No Bet,,No Bet,,No Bet,,No Bet,,,,,,,,,,,,,,,,,,,,,,,,,,,,,8,0.08684444444444445,0.30248888888888886,Seattle Seahawks,Chicago Bears,0,0,1,0,1,1,0,0,1,0,1,1,0,3.0,5.0,,
2026_09_JAX_BAL,2026,9,2026-11-05,20:15,Jacksonville Jaguars,Baltimore Ravens,Home,,,,,4,4,0,0,8,-13,M&T Bank Stadium,39.2789,-76.6228,America/New_York,False,False,9,9,Thursday,True,True,2,True,True,2,8,-13,AFC South,TIAA Bank Field,30.3239,-81.6554,America/New_York,AFC North,M&T Bank Stadium,39.2789,-76.6228,America/New_York,Indianapolis Colts,Buffalo Bills,TIAA Bank Field,Highmark Stadium,Tennessee Titans,Los Angeles Chargers,Nissan Stadium,M&T Bank Stadium,681,0,-681,681,0.0,0.0,America/New_York,America/New_York,0.0,0.0,0.0,0.0,0.0,0,-1.825,6.69,-1.825,6.69,Baltimore Ravens,8.515,Baltimore Ravens,8.515,-1.825,6.69,Baltimore Ravens,8.515,0.0,0,No,No,No,No,No,0,No,0.0,0.0,6.394,3.773,-3.2409999999999997,4.4235,-3.2409999999999997,4.4235,-1.416,-2.2665,4.978000000000001,1.5065000000000002,Baltimore Ravens,7.664499999999999,Baltimore Ravens,7.664499999999999,-3.2409999999999997,4.4235,Baltimore Ravens,7.664499999999999,Tie,0.0,Jacksonville Jaguars,2.621,3.197,1.8865,Jacksonville Jaguars,1.3105,Jacksonville Jaguars,0.8505000000000003,Jacksonville Jaguars,3.4715000000000007,1.7810000000000004,-0.38,Jacksonville Jaguars,2.1610000000000005,Different,Different,Different,Different,Different,Same,True,Away Team,Away Team,,,,,,,,101,-122,156,-191,0.8505000000000003,-0.8505000000000003,3.4715000000000007,-3.4715000000000007,,,0.5495,0.4975,0.6564,0.3906,,,0.5248,0.4752,0.6269,0.3731,0.4148,0.584,-0.0852,0.084,,,57,9,2026-11-05,JAX @ BAL,10.0,50.0,0.0,Historical Avg,False,T.Lawrence,L.Jackson,-2.88,-3.0,13.45,180.86,Med-High,-12.0,7.0,59.46,59.0,14.216789316146313,42.0,78.0,0.584,0.4148,0.098,0.0804,0.0,0.0,0.0,0.0,0.4774,0.5222,+109,-109,,,,,,,,No Bet,,No Bet,,No Bet,,No Bet,,No Bet,,No Bet,,No Bet,,No Bet,,No Bet,,,,,,,,,,,,,,,,,,,,,,,,,,,,,9,0.2164222222222222,0.310475,Jacksonville Jaguars,Baltimore Ravens,0,0,0,0,0,0,0,0,0,0,0,0,0,4.0,5.0,,
2026_09_CIN_ATL,2026,9,2026-11-08,09:30,Cincinnati Bengals,Atlanta Falcons,Neutral,,,,,7,7,0,0,7,3,Bernabéu Stadium,33.7489,-84.388,America/New_York,True,False,9,9,Sunday,True,True,2,True,True,2,7,3,AFC North,Paycor Stadium,39.0955,-84.5165,America/New_York,NFC South,Mercedes-Benz Stadium,33.7489,-84.388,America/New_York,Tennessee Titans,Tampa Bay Buccaneers,Paycor Stadium,Raymond James Stadium,Pittsburgh Steelers,Kansas City Chiefs,Paycor Stadium,Mercedes-Benz Stadium,369,0,-369,369,0.0,0.0,America/New_York,America/New_York,0.0,0.0,0.0,0.0,0.0,0,1.31,-0.71,1.31,-0.71,Cincinnati Bengals,2.02,Cincinnati Bengals,2.02,1.31,-0.71,Cincinnati Bengals,2.02,0.0,0,No,No,No,No,No,0,No,0.0,0.0,1.256,1.764,1.8000000000000003,-3.007,1.8000000000000003,-3.007,0.49000000000000005,-2.297,1.746,-0.5329999999999999,Cincinnati Bengals,4.807,Cincinnati Bengals,4.807,1.8000000000000003,-3.007,Cincinnati Bengals,4.807,Tie,0.0,Atlanta Falcons,0.508,0.628,0.882,Atlanta Falcons,0.254,Cincinnati Bengals,2.7870000000000004,Cincinnati Bengals,2.279,1.118,-1.415,Cincinnati Bengals,2.5330000000000004,Different,Different,Same,Same,Different,Different,False,Away Team,Away Team,,,,,,,,135,-164,117,-142,2.7870000000000004,-2.7870000000000004,2.279,-2.279,,,0.6212,0.4255,0.5868,0.4608,,,0.5935,0.4065,0.5601,0.4399,0.402,0.5976,-0.098,0.0976,,,58,9,2026-11-08,CIN @ ATL,10.0,60.0,0.0,Historical Avg,False,J.Burrow,M.Penix,-3.7,-4.0,13.56,183.94,Med-High,-13.0,6.0,56.01,56.0,13.521655632140867,39.0,74.0,0.5976,0.402,0.0838,0.0892,0.0,0.0,0.0,0.0,0.4813,0.5185,+108,-108,,,,,,,,No Bet,,No Bet,,No Bet,,No Bet,,No Bet,,No Bet,,No Bet,,No Bet,,No Bet,,,,,,,,,,,,,,,,,,,,,,,,,,,,,9,0.011622222222222221,0.089675,Cincinnati Bengals,Atlanta Falcons,0,0,0,0,0,0,0,0,0,0,0,0,0,2.5,3.0,,
2026_09_DEN_CAR,2026,9,2026-11-08,13:00,Denver Broncos,Carolina Panthers,Home,,,,,7,10,-3,3,0,10,Bank of America Stadium,35.2258,-80.8528,America/New_York,False,False,9,9,Sunday,True,True,2,True,True,2,0,10,AFC West,Empower Field at Mile High,39.7648,-105.0076,America/Denver,NFC South,Bank of America Stadium,35.2258,-80.8528,America/New_York,Kansas City Chiefs,Green Bay Packers,Empower Field at Mile High,Lambeau Field,Las Vegas Raiders,New Orleans Saints,Empower Field at Mile High,Caesars Superdome,1355,0,-1355,1355,-2.0,0.0,America/Denver,America/Chicago,-2.0,-1.0,-2.0,0.0,-2.0,0,2.05,-5.25,2.05,-5.25,Denver Broncos,7.3,Denver Broncos,7.3,2.05,-5.25,Denver Broncos,7.3,-0.3,0,No,No,No,No,No,0,No,0.0,0.0,2.928,-1.427,0.25750000000000006,-4.237,0.25750000000000006,-4.237,-1.7925,1.013,1.1355000000000002,-0.414,Denver Broncos,4.4945,Denver Broncos,4.4945,0.25750000000000006,-4.237,Denver Broncos,4.4945,Tie,0.0,Denver Broncos,4.355,1.464,-0.7135,Denver Broncos,2.1775,Carolina Panthers,2.8055,Denver Broncos,1.5495,-0.3284999999999999,0.2995,Carolina Panthers,0.6279999999999999,Different,Same,Different,Same,Different,Same,False,Home Team,Away Team,,,,,,,,-164,135,105,-128,-2.8055,2.8055,1.5495,-1.5495,,,0.4255,0.6212,0.5614,0.4878,,,0.4065,0.5935,0.5351,0.4649,0.5776,0.422,0.0776,-0.078,,,59,9,2026-11-08,DEN @ CAR,6.0,55.0,0.0,Historical Avg,False,B.Nix,B.Young,2.54,3.0,13.41,179.81,Medium,-7.0,12.0,44.85,44.0,12.909387711979978,29.0,62.0,0.422,0.5776,0.091,0.094,0.0,0.0,0.0,0.0,0.4935,0.5064,+103,-103,,,,,,,,No Bet,,No Bet,,No Bet,,No Bet,,No Bet,,No Bet,,No Bet,,No Bet,,No Bet,,,,,,,,,,,,,,,,,,,,,,,,,,,,,9,0.12475,-0.08577777777777779,Carolina Panthers,Denver Broncos,0,0,1,0,1,0,0,0,1,0,1,0,0,3.5,1.5,,
2026_09_DAL_IND,2026,9,2026-11-08,13:00,Dallas Cowboys,Indianapolis Colts,Home,,,,,7,7,0,0,2,-16,Lucas Oil Stadium,39.7601,-86.1638,America/Indiana/Indianapolis,False,False,9,9,Sunday,True,True,2,True,True,2,2,-16,NFC East,AT&T Stadium,32.7369,-97.0826,America/Chicago,AFC South,Lucas Oil Stadium,39.7601,-86.1638,America/Indiana/Indianapolis,Arizona Cardinals,Jacksonville Jaguars,AT&T Stadium,TIAA Bank Field,San Francisco 49ers,Miami Dolphins,AT&T Stadium,Lucas Oil Stadium,777,0,-777,777,-1.0,0.0,America/Chicago,America/New_York,-1.0,0.0,-1.0,0.0,-1.0,0,-0.615,-2.265,-0.615,-2.265,Dallas Cowboys,1.6500000000000001,Dallas Cowboys,1.6500000000000001,-0.615,-2.265,Dallas Cowboys,1.6500000000000001,0.0,0,No,No,No,No,No,0,No,0.0,0.0,-2.247,-0.012,-1.6640000000000001,-3.6155000000000004,-1.6640000000000001,-3.6155000000000004,-1.0490000000000002,-1.3505,-3.2960000000000003,-1.3625,Dallas Cowboys,1.9515000000000002,Dallas Cowboys,1.9515000000000002,-1.6640000000000001,-3.6155000000000004,Dallas Cowboys,1.9515000000000002,Tie,0.0,Indianapolis Colts,2.235,-1.1235,-0.006,Indianapolis Colts,1.1175,Dallas Cowboys,0.3014999999999999,Indianapolis Colts,1.9335000000000002,-2.1725000000000003,-1.3565,Indianapolis Colts,0.8160000000000003,Different,Different,Same,Different,Different,Same,False,Away Team,Home Team,,,,,,,,-104,-116,-131,108,0.3014999999999999,-0.3014999999999999,-1.9335000000000002,1.9335000000000002,,,0.537,0.5098,0.4808,0.5671,,,0.513,0.487,0.4588,0.5412,0.363,0.637,-0.137,0.137,,,60,9,2026-11-08,DAL @ IND,0.0,70.0,0.0,Dome,True,D.Prescott,D.Jones,-4.83,-5.0,13.28,176.27,Medium,-14.0,5.0,63.16,63.0,13.953884090683971,46.0,81.0,0.637,0.363,0.087,0.0912,0.0,0.0,0.0,0.0,0.5551,0.4449,-125,+125,,,,,,,,No Bet,,No Bet,,No Bet,,No Bet,,No Bet,,No Bet,,No Bet,,No Bet,,No Bet,,,,,,,,,,,,,,,,,,,,,,,,,,,,,9,-0.188275,0.04542499999999999,Dallas Cowboys,Indianapolis Colts,1,0,0,0,0,0,0,0,1,0,0,0,0,1.0,2.5,,
2026_09_NYJ_KC,2026,9,2026-11-08,13:00,New York Jets,Kansas City Chiefs,Home,,,,,7,7,0,0,-12,3,GEHA Field at Arrowhead Stadium,39.0489,-94.4839,America/Chicago,False,False,9,9,Sunday,True,True,2,True,True,2,-12,3,AFC East,MetLife Stadium,40.8136,-74.0744,America/New_York,AFC West,GEHA Field at Arrowhead Stadium,39.0489,-94.4839,America/Chicago,Las Vegas Raiders,Denver Broncos,MetLife Stadium,Empower Field at Mile High,Buffalo Bills,Atlanta Falcons,MetLife Stadium,Mercedes-Benz Stadium,1085,0,-1085,1085,1.0,0.0,America/New_York,America/Denver,1.0,-1.0,1.0,0.0,1.0,0,-3.725,4.395,-3.725,4.395,Kansas City Chiefs,8.12,Kansas City Chiefs,8.12,-3.725,4.395,Kansas City Chiefs,8.12,0.0,0,No,No,No,No,No,0,No,0.0,0.0,-5.458,3.194,-4.2135,5.336,-4.2135,5.336,-0.48850000000000016,0.9410000000000001,-5.9465,4.135,Kansas City Chiefs,9.5495,Kansas City Chiefs,9.5495,-4.2135,5.336,Kansas City Chiefs,9.5495,Tie,0.0,Kansas City Chiefs,8.652000000000001,-2.729,1.597,Kansas City Chiefs,4.3260000000000005,Kansas City Chiefs,1.4295000000000002,Kansas City Chiefs,10.0815,-3.2175000000000002,2.538,Kansas City Chiefs,5.7555,Different,Same,Same,Same,Different,Same,False,Home Team,Home Team,,,,,,,,-128,105,-483,356,-1.4295000000000002,1.4295000000000002,-10.0815,10.0815,,,0.4878,0.5614,0.2193,0.8285,,,0.4649,0.5351,0.2093,0.7907,0.1854,0.814,-0.3146,0.314,,,61,9,2026-11-08,NYJ @ KC,10.0,60.0,0.0,Historical Avg,False,G.Smith,P.Mahomes,-11.18,-12.0,12.61,158.89,Low,-20.0,-3.0,47.58,47.0,12.845063003687983,32.0,64.0,0.814,0.1854,0.0722,0.0684,0.0,0.0,0.0,0.0,0.7133,0.2865,-249,+249,,,,,,,,No Bet,,No Bet,,No Bet,,No Bet,,No Bet,,No Bet,,No Bet,,No Bet,,No Bet,,,,,,,,,,,,,,,,,,,,,,,,,,,,,9,-0.204925,0.053466666666666676,Kansas City Chiefs,New York Jets,0,0,0,1,0,0,0,0,0,1,0,0,0,0.5,3.0,,
2026_09_DET_MIA,2026,9,2026-11-08,13:00,Detroit Lions,Miami Dolphins,Home,,,,,7,7,0,0,10,1,Hard Rock Stadium,25.9602,-80.2384,America/New_York,False,False,9,9,Sunday,True,True,2,True,True,2,10,1,NFC North,Ford Field,42.3395,-83.045,America/Detroit,AFC East,Hard Rock Stadium,25.9602,-80.2384,America/New_York,Minnesota Vikings,New England Patriots,Ford Field,Hard Rock Stadium,New England Patriots,Indianapolis Colts,FC Bayern Munich Stadium,Lucas Oil Stadium,1142,0,-1142,1142,0.0,0.0,America/Detroit,America/New_York,0.0,0.0,0.0,0.0,0.0,0,4.305,0.66,4.305,0.66,Detroit Lions,3.6449999999999996,Detroit Lions,3.6449999999999996,4.305,0.66,Detroit Lions,3.6449999999999996,0.0,0,No,No,No,No,No,0,No,0.0,0.0,1.824,-7.793,3.795,1.1560000000000001,3.795,1.1560000000000001,-0.51,0.496,1.3139999999999998,-7.297000000000001,Detroit Lions,2.639,Detroit Lions,2.639,3.795,1.1560000000000001,Detroit Lions,2.639,Tie,0.0,Detroit Lions,9.617,0.912,-3.8965,Detroit Lions,4.8085,Miami Dolphins,1.006,Detroit Lions,8.611,0.4019999999999999,-3.4005,Detroit Lions,3.8025,Different,Same,Different,Same,Different,Same,False,Home Team,Away Team,,,,,,,,-122,101,302,-397,-1.006,1.006,8.611,-8.611,,,0.4975,0.5495,0.7988,0.2488,,,0.4752,0.5248,0.7625,0.2375,0.8498,0.1498,0.3498,-0.3502,,,62,9,2026-11-08,DET @ MIA,10.0,75.0,0.0,Historical Avg,False,J.Goff,M.Willis,13.87,14.0,13.48,181.65,Med-High,6.0,23.0,54.14,54.0,13.395204326167928,37.0,72.0,0.1498,0.8498,0.0572,0.0696,0.0,0.0,0.0,0.0,0.304,0.6958,+229,-229,,,,,,,,No Bet,,No Bet,,No Bet,,No Bet,,No Bet,,No Bet,,No Bet,,No Bet,,No Bet,,,,,,,,,,,,,,,,,,,,,,,,,,,,,9,0.08646666666666666,-0.27744444444444444,Miami Dolphins,Detroit Lions,1,0,0,0,0,0,0,0,1,0,0,0,0,3.0,0.0,,
2026_09_CLE_NO,2026,9,2026-11-08,13:00,Cleveland Browns,New Orleans Saints,Home,,,,,7,14,-7,7,-4,3,Caesars Superdome,29.9507,-90.0813,America/Chicago,False,True,9,9,Sunday,True,True,2,True,True,2,-4,3,AFC North,FirstEnergy Stadium,41.5061,-81.6994,America/New_York,NFC South,Caesars Superdome,29.9507,-90.0813,America/Chicago,Pittsburgh Steelers,Pittsburgh Steelers,Acrisure Stadium,Stade de France,Houston Texans,Carolina Panthers,FirstEnergy Stadium,Caesars Superdome,925,0,-925,925,1.0,0.0,America/New_York,America/Chicago,1.0,0.0,1.0,0.0,1.0,0,-4.705,-6.145,-4.705,-6.145,Cleveland Browns,1.4399999999999995,Cleveland Browns,1.4399999999999995,-4.705,-6.145,Cleveland Browns,1.4399999999999995,0.0,0,No,No,No,No,No,0,No,0.0,0.0,-4.154,-5.014,-7.609,-6.447999999999999,-7.609,-6.447999999999999,-2.904,-0.30299999999999994,-7.058,-5.316999999999999,New Orleans Saints,1.1610000000000014,New Orleans Saints,1.1610000000000014,-7.609,-6.447999999999999,New Orleans Saints,1.1610000000000014,Tie,0.0,Cleveland Browns,0.8600000000000003,-2.077,-2.507,Cleveland Browns,0.43000000000000016,New Orleans Saints,2.601,New Orleans Saints,1.7410000000000005,-4.981,-2.8099999999999996,New Orleans Saints,2.1710000000000003,Different,Different,Same,Same,Different,Different,False,Home Team,Home Team,,,,,,,,-142,117,-128,105,-2.601,2.601,-1.7410000000000005,1.7410000000000005,,,0.4608,0.5868,0.4878,0.5614,,,0.4399,0.5601,0.4649,0.5351,0.4488,0.5502,-0.0512,0.0502,,,63,9,2026-11-08,CLE @ NO,0.0,70.0,0.0,Dome,True,D.Watson,T.Shough,-1.75,-3.0,13.15,173.03,Medium,-11.0,8.0,41.91,41.0,12.36754390444787,26.0,58.0,0.5502,0.4488,0.09,0.0814,0.0,0.0,0.0,0.0,0.5485,0.4512,-121,+122,,,,,,,,No Bet,,No Bet,,No Bet,,No Bet,,No Bet,,No Bet,,No Bet,,No Bet,,No Bet,,,,,,,,,,,,,,,,,,,,,,,,,,,,,9,-0.139325,-0.09055555555555556,New Orleans Saints,Cleveland Browns,0,0,0,0,0,0,0,0,0,0,0,0,0,1.0,1.5,,
2026_09_NYG_PHI,2026,9,2026-11-08,13:00,New York Giants,Philadelphia Eagles,Home,,,,,14,7,7,-7,3,-22,Lincoln Financial Field,39.9008,-75.1675,America/New_York,False,False,9,9,Sunday,True,True,2,True,True,2,3,-22,NFC East,MetLife Stadium,40.8136,-74.0744,America/New_York,NFC East,Lincoln Financial Field,39.9008,-75.1675,America/New_York,Houston Texans,Washington Commanders,NRG Stadium,FedExField,Washington Commanders,Pittsburgh Steelers,MetLife Stadium,Lincoln Financial Field,85,0,-85,85,0.0,0.0,America/Chicago,America/New_York,-1.0,0.0,0.0,0.0,0.0,0,-2.84,4.905,-2.84,4.905,Philadelphia Eagles,7.745,Philadelphia Eagles,7.745,-2.84,4.905,Philadelphia Eagles,7.745,0.0,0,No,No,No,No,No,1,No,0.0,0.0,-4.129,0.123,-3.1753599999999995,4.188359999999999,-3.1753599999999995,4.188359999999999,-0.41280999999999984,-0.6391899999999999,-4.499289999999999,-0.5587100000000002,Philadelphia Eagles,7.363719999999999,Philadelphia Eagles,7.363719999999999,-3.1753599999999995,4.188359999999999,Philadelphia Eagles,7.363719999999999,Tie,0.0,Philadelphia Eagles,4.252,-2.0645,0.0615,Philadelphia Eagles,2.126,New York Giants,0.22638000000000008,Philadelphia Eagles,3.9405799999999993,-2.4560499999999994,-0.5989500000000001,Philadelphia Eagles,1.8570999999999993,Different,Same,Different,Same,Different,Same,False,Away Team,Home Team,,,,,,,,-110,-110,-211,171,0.22638000000000008,-0.22638000000000008,-3.9405799999999993,3.9405799999999993,,,0.5238,0.5238,0.369,0.6785,,,0.5,0.5,0.3523,0.6477,0.2462,0.7526,-0.2538,0.2526,,,64,9,2026-11-08,NYG @ PHI,12.0,50.0,0.0,Historical Avg,False,J.Winston,J.Hurts,-9.38,-10.0,13.42,179.99,Medium,-19.0,-1.0,41.98,41.0,12.809257178068163,26.0,59.0,0.7526,0.2462,0.074,0.0728,0.0,0.0,0.0,0.0,0.6334,0.3662,-173,+173,,,,,,,,No Bet,,No Bet,,No Bet,,No Bet,,No Bet,,No Bet,,No Bet,,No Bet,,No Bet,,,,,,,,,,,,,,,,,,,,,,,,,,,,,9,-0.2541333333333334,0.023325000000000012,New York Giants,Philadelphia Eagles,0,0,0,1,0,0,0,1,0,1,0,1,1,0.0,2.5,,
2026_09_LA_WAS,2026,9,2026-11-08,13:00,Los Angeles Rams,Washington Commanders,Home,,,,,7,7,0,0,-5,7,FedExField,38.9077,-76.8645,America/New_York,False,False,9,9,Sunday,True,True,2,True,True,2,-5,7,NFC West,SoFi Stadium,33.9535,-118.3395,America/Los_Angeles,NFC East,FedExField,38.9077,-76.8645,America/New_York,Los Angeles Chargers,Philadelphia Eagles,SoFi Stadium,FedExField,Arizona Cardinals,New York Giants,State Farm Stadium,MetLife Stadium,2309,0,-2309,2309,-3.0,0.0,America/Los_Angeles,America/New_York,-3.0,0.0,-3.0,0.0,-3.0,0,1.29,1.45,1.29,1.45,Washington Commanders,0.15999999999999992,Washington Commanders,0.15999999999999992,1.29,1.45,Washington Commanders,0.15999999999999992,-0.44999999999999996,0,No,No,No,No,No,0,No,0.0,0.0,6.079,-3.609,0.5680000000000001,2.1065,0.5680000000000001,2.1065,-0.722,0.6565000000000001,5.357,-2.9524999999999997,Washington Commanders,1.5385,Washington Commanders,1.5385,0.5680000000000001,2.1065,Washington Commanders,1.5385,Tie,0.0,Los Angeles Rams,9.687999999999999,3.0395,-1.8045,Los Angeles Rams,4.843999999999999,Washington Commanders,1.3785,Los Angeles Rams,8.3095,2.3175,-1.1479999999999997,Los Angeles Rams,3.4654999999999996,Different,Different,Same,Different,Different,Same,False,Home Team,Away Team,,,,,,,,-128,105,302,-397,-1.3785,1.3785,8.3095,-8.3095,,,0.4878,0.5614,0.7988,0.2488,,,0.4649,0.5351,0.7625,0.2375,0.785,0.2142,0.285,-0.2858,,,65,9,2026-11-08,LA @ WAS,10.0,52.0,0.0,Historical Avg,False,M.Stafford,J.Daniels,10.5,10.0,13.62,185.52,Med-High,3.0,20.0,53.55,53.0,13.96297633392037,36.0,72.0,0.2142,0.785,0.0682,0.066,0.0,0.0,0.0,0.0,0.3289,0.6708,+204,-204,,,,,,,,No Bet,,No Bet,,No Bet,,No Bet,,No Bet,,No Bet,,No Bet,,No Bet,,No Bet,,,,,,,,,,,,,,,,,,,,,,,,,,,,,9,0.10639999999999998,-0.03826666666666667,Washington Commanders,Los Angeles Rams,0,0,1,0,0,0,1,0,1,0,1,0,0,3.5,2.0,,
2026_09_HOU_LAC,2026,9,2026-11-08,16:05,Houston Texans,Los Angeles Chargers,Home,,,,,14,7,7,-7,7,-10,SoFi Stadium,33.9535,-118.3395,America/Los_Angeles,False,False,9,9,Sunday,True,True,2,True,True,2,7,-10,AFC South,NRG Stadium,29.6847,-95.4093,America/Chicago,AFC West,SoFi Stadium,33.9535,-118.3395,America/Los_Angeles,New York Giants,Los Angeles Rams,NRG Stadium,SoFi Stadium,Cleveland Browns,Baltimore Ravens,FirstEnergy Stadium,M&T Bank Stadium,1374,0,-1374,1374,2.0,0.0,America/Chicago,America/Los_Angeles,2.0,0.0,2.0,0.0,2.0,0,0.035,0.935,0.035,0.935,Los Angeles Chargers,0.9,Los Angeles Chargers,0.9,0.035,0.935,Los Angeles Chargers,0.9,-0.15,0,No,No,No,No,No,0,No,0.0,0.0,1.731,-3.339,1.3210000000000002,-0.9295,1.3210000000000002,-0.9295,1.286,-1.8645,3.0170000000000003,-5.2035,Houston Texans,2.2505,Houston Texans,2.2505,1.3210000000000002,-0.9295,Houston Texans,2.2505,Tie,0.0,Houston Texans,5.07,0.8655,-1.6695,Houston Texans,2.535,Houston Texans,3.1505,Houston Texans,8.220500000000001,2.1515000000000004,-3.534,Houston Texans,5.6855,Different,Different,Same,Same,Different,Same,False,Away Team,Away Team,,,,,,,,135,-164,282,-366,3.1505,-3.1505,8.220500000000001,-8.220500000000001,,,0.6212,0.4255,0.7854,0.2618,,,0.5935,0.4065,0.75,0.25,0.7446,0.2548,0.2446,-0.2452,,,66,9,2026-11-08,HOU @ LAC,0.0,70.0,0.0,Dome,True,C.Stroud,J.Herbert,8.03,9.0,12.83,164.72,Med-Low,-1.0,17.0,45.32,45.0,12.66264469035244,29.0,61.0,0.2548,0.7446,0.0812,0.0744,0.0,0.0,0.0,0.0,0.3038,0.696,+229,-229,,,,,,,,No Bet,,No Bet,,No Bet,,No Bet,,No Bet,,No Bet,,No Bet,,No Bet,,No Bet,,,,,,,,,,,,,,,,,,,,,,,,,,,,,9,0.07971111111111112,-0.1136888888888889,Houston Texans,Los Angeles Chargers,0,0,0,0,1,0,0,0,0,0,1,0,0,3.0,1.5,,
2026_09_LV_SF,2026,9,2026-11-08,16:05,Las Vegas Raiders,San Francisco 49ers,Home,,,,,7,14,-7,7,-6,9,Levi's Stadium,37.4031,-121.9702,America/Los_Angeles,False,True,9,9,Sunday,True,True,2,True,True,2,-6,9,AFC West,Allegiant Stadium,36.108,-115.1578,America/Los_Angeles,NFC West,Levi's Stadium,37.4031,-121.9702,America/Los_Angeles,New York Jets,Atlanta Falcons,MetLife Stadium,Mercedes-Benz Stadium,Seattle Seahawks,Dallas Cowboys,Allegiant Stadium,AT&T Stadium,387,0,-387,387,0.0,0.0,America/New_York,America/New_York,3.0,3.0,0.0,0.0,0.0,0,-2.35,3.325,-2.35,3.325,San Francisco 49ers,5.675000000000001,San Francisco 49ers,5.675000000000001,-2.35,3.325,San Francisco 49ers,5.675000000000001,0.0,0,No,No,No,No,No,0,No,0.0,0.0,-3.377,5.31,-3.6614999999999998,3.622,-3.6614999999999998,3.622,-1.3115,0.29700000000000004,-4.6885,5.607,San Francisco 49ers,7.2835,San Francisco 49ers,7.2835,-3.6614999999999998,3.622,San Francisco 49ers,7.2835,Tie,0.0,San Francisco 49ers,8.687,-1.6885,2.655,San Francisco 49ers,4.3435,San Francisco 49ers,1.6085000000000003,San Francisco 49ers,10.2955,-3.0,2.952,San Francisco 49ers,5.952,Different,Same,Same,Same,Different,Same,False,Home Team,Home Team,,,,,,,,-128,105,-538,389,-1.6085000000000003,1.6085000000000003,-10.2955,10.2955,,,0.4878,0.5614,0.2045,0.8433,,,0.4649,0.5351,0.1952,0.8048,0.1814,0.8184,-0.3186,0.3184,,,67,9,2026-11-08,LV @ SF,8.0,60.0,0.0,Historical Avg,False,K.Cousins,B.Purdy,-11.3,-11.0,12.39,153.43,Low,-20.0,-3.0,54.57,54.0,12.899069933953852,39.0,71.0,0.8184,0.1814,0.0686,0.0692,0.0,0.0,0.0,0.0,0.7194,0.2805,-256,+257,,,,,,,,No Bet,,No Bet,,No Bet,,No Bet,,No Bet,,No Bet,,No Bet,,No Bet,,No Bet,,,,,,,,,,,,,,,,,,,,,,,,,,,,,9,0.01527500000000001,0.2549333333333334,San Francisco 49ers,Las Vegas Raiders,0,0,0,0,0,0,0,0,0,0,0,0,0,2.5,4.5,,
2026_09_GB_NE,2026,9,2026-11-08,16:25,Green Bay Packers,New England Patriots,Home,,,,,10,7,3,-3,-4,4,Gillette Stadium,42.0628,-71.2687,America/New_York,False,False,9,9,Sunday,True,True,2,True,True,2,-4,4,NFC North,Lambeau Field,44.5013,-88.0622,America/Chicago,AFC East,Gillette Stadium,42.0628,-71.2687,America/New_York,Carolina Panthers,Miami Dolphins,Lambeau Field,Hard Rock Stadium,Minnesota Vikings,Detroit Lions,Lambeau Field,FC Bayern Munich Stadium,859,0,-859,859,-1.0,0.0,America/Chicago,America/New_York,-1.0,0.0,-1.0,0.0,-1.0,0,3.535,-1.995,3.535,-1.995,Green Bay Packers,5.53,Green Bay Packers,5.53,3.535,-1.995,Green Bay Packers,5.53,0.0,0,No,No,No,No,No,0,No,0.0,0.0,-0.138,3.904,3.961,-1.1345,3.961,-1.1345,0.42599999999999993,0.8605,0.2879999999999999,4.7645,Green Bay Packers,5.0954999999999995,Green Bay Packers,5.0954999999999995,3.961,-1.1345,Green Bay Packers,5.0954999999999995,Tie,0.0,New England Patriots,4.042,-0.069,1.952,New England Patriots,2.021,New England Patriots,0.4345000000000001,New England Patriots,4.4765,0.35699999999999993,2.8125,New England Patriots,2.4555000000000002,Different,Different,Different,Different,Different,Same,False,Home Team,Home Team,,,,,,,,-116,-104,-224,181,-0.4345000000000001,0.4345000000000001,-4.4765,4.4765,,,0.5098,0.537,0.3559,0.6914,,,0.487,0.513,0.3398,0.6602,0.5558,0.443,0.0558,-0.057,,,68,9,2026-11-08,GB @ NE,12.0,45.0,0.0,Historical Avg,False,J.Love,D.Maye,2.07,3.0,13.49,181.98,Med-High,-7.0,11.0,46.07,46.0,13.441604010819422,29.0,64.0,0.443,0.5558,0.095,0.0872,0.0,0.0,0.0,0.0,0.5387,0.4609,-117,+117,,,,,,,,No Bet,,No Bet,,No Bet,,No Bet,,No Bet,,No Bet,,No Bet,,No Bet,,No Bet,,,,,,,,,,,,,,,,,,,,,,,,,,,,,9,0.044925,0.039775,New England Patriots,Green Bay Packers,1,0,0,0,0,0,1,0,1,0,1,0,0,2.5,2.5,,
2026_09_ARI_SEA,2026,9,2026-11-08,16:25,Arizona Cardinals,Seattle Seahawks,Home,,,,,7,6,1,-1,-4,3,Lumen Field,47.5952,-122.3316,America/Los_Angeles,False,True,9,9,Sunday,True,True,2,True,True,2,-4,3,NFC West,State Farm Stadium,33.5277,-112.262608,America/Denver,NFC West,Lumen Field,47.5952,-122.3316,America/Los_Angeles,Dallas Cowboys,Chicago Bears,AT&T Stadium,Lumen Field,Los Angeles Rams,Las Vegas Raiders,State Farm Stadium,Allegiant Stadium,1103,0,-1103,1103,1.0,0.0,America/Chicago,America/Los_Angeles,2.0,0.0,1.0,0.0,1.0,0,0.075,-0.13,0.075,-0.13,Arizona Cardinals,0.20500000000000002,Arizona Cardinals,0.20500000000000002,0.075,-0.13,Arizona Cardinals,0.20500000000000002,0.0,0,No,No,No,No,No,1,Yes,0.0,0.0,-1.231,10.351,1.0217599999999998,-0.12875999999999999,1.0217599999999998,-0.12875999999999999,0.9488099999999999,-0.0008099999999999826,-0.16637000000000016,10.234370000000002,Arizona Cardinals,1.1505199999999998,Arizona Cardinals,1.1505199999999998,1.0217599999999998,-0.12875999999999999,Arizona Cardinals,1.1505199999999998,Tie,0.0,Seattle Seahawks,11.582,-0.6155,5.1755,Seattle Seahawks,5.791,Arizona Cardinals,0.9496199999999999,Seattle Seahawks,10.400740000000003,0.3912199999999999,5.116780000000001,Seattle Seahawks,4.7255600000000015,Different,Different,Same,Different,Different,Same,False,Away Team,Home Team,,,,,,,,101,-122,-538,389,0.9496199999999999,-0.9496199999999999,-10.400740000000003,10.400740000000003,,,0.5495,0.4975,0.2045,0.8433,,,0.5248,0.4752,0.1952,0.8048,0.0498,0.95,-0.4502,0.45,,,69,9,2026-11-08,ARI @ SEA,10.0,48.0,0.0,Historical Avg,False,J.Brissett,S.Darnold,-20.88,-21.0,12.75,162.67,Med-Low,-29.0,-13.0,49.26,49.0,12.52037023950118,33.0,65.0,0.95,0.0498,0.0274,0.0276,0.0,0.0,0.0,0.0,0.7433,0.2566,-290,+290,,,,,,,,No Bet,,No Bet,,No Bet,,No Bet,,No Bet,,No Bet,,No Bet,,No Bet,,No Bet,,,,,,,,,,,,,,,,,,,,,,,,,,,,,9,-0.25975000000000004,0.2840500000000001,Arizona Cardinals,Seattle Seahawks,0,0,0,0,0,1,0,0,0,0,0,1,1,0.0,5.0,,
2026_09_TB_CHI,2026,9,2026-11-08,20:20,Tampa Bay Buccaneers,Chicago Bears,Home,,,,,7,6,1,-1,1,1,Soldier Field,41.8623,-87.6167,America/Chicago,False,False,9,9,Sunday,True,True,2,True,True,2,1,1,NFC South,Raymond James Stadium,27.9759,-82.5033,America/New_York,NFC North,Soldier Field,41.8623,-87.6167,America/Chicago,Atlanta Falcons,Seattle Seahawks,Raymond James Stadium,Lumen Field,Detroit Lions,New Orleans Saints,Ford Field,Soldier Field,1001,0,-1001,1001,1.0,0.0,America/New_York,America/Los_Angeles,1.0,-2.0,1.0,0.0,1.0,0,1.025,-1.575,1.025,-1.575,Tampa Bay Buccaneers,2.5999999999999996,Tampa Bay Buccaneers,2.5999999999999996,1.025,-1.575,Tampa Bay Buccaneers,2.5999999999999996,0.0,0,No,No,No,No,No,0,Yes,0.0,0.0,-3.128,3.925,1.0519999999999998,-1.1564999999999999,1.0519999999999998,-1.1564999999999999,0.027000000000000024,0.41850000000000004,-3.101,4.3435,Tampa Bay Buccaneers,2.2085,Tampa Bay Buccaneers,2.2085,1.0519999999999998,-1.1564999999999999,Tampa Bay Buccaneers,2.2085,Tie,0.0,Chicago Bears,7.053,-1.564,1.9625,Chicago Bears,3.5265,Chicago Bears,0.3915,Chicago Bears,7.4445,-1.537,2.381,Chicago Bears,3.9179999999999997,Different,Different,Different,Different,Different,Same,False,Home Team,Home Team,,,,,,,,-116,-104,-346,268,-0.3915,0.3915,-7.4445,7.4445,,,0.5098,0.537,0.2717,0.7758,,,0.487,0.513,0.2594,0.7406,0.2644,0.735,-0.2356,0.235,,,70,9,2026-11-08,TB @ CHI,15.0,45.0,0.0,Historical Avg,False,B.Mayfield,C.Williams,-8.91,-10.0,14.26,203.34,High,-19.0,1.0,51.25,51.0,13.784349301186886,34.0,70.0,0.735,0.2644,0.0712,0.07,0.0,0.0,0.0,0.0,0.6629,0.3369,-197,+197,,,,,,,,No Bet,,No Bet,,No Bet,,No Bet,,No Bet,,No Bet,,No Bet,,No Bet,,No Bet,,,,,,,,,,,,,,,,,,,,,,,,,,,,,9,-0.14662499999999998,0.06832499999999998,Chicago Bears,Tampa Bay Buccaneers,0,0,0,1,0,1,0,0,0,1,0,1,0,1.0,3.0,,
2026_09_BUF_MIN,2026,9,2026-11-09,20:15,Buffalo Bills,Minnesota Vikings,Home,,,,,8,8,0,0,9,8,U.S. Bank Stadium,44.9738,-93.2575,America/Chicago,False,False,9,9,Monday,True,True,2,True,True,2,9,8,AFC East,Highmark Stadium,42.7725,-78.7877,America/New_York,NFC North,U.S. Bank Stadium,44.9738,-93.2575,America/Chicago,Baltimore Ravens,Detroit Lions,Highmark Stadium,Ford Field,New York Jets,Green Bay Packers,MetLife Stadium,Lambeau Field,735,0,-735,735,1.0,0.0,America/New_York,America/Detroit,1.0,1.0,1.0,0.0,1.0,0,4.795,0.27,4.795,0.27,Buffalo Bills,4.525,Buffalo Bills,4.525,4.795,0.27,Buffalo Bills,4.525,0.0,0,No,No,No,No,No,0,No,0.0,0.0,3.307,2.427,4.9910000000000005,1.2730000000000001,4.9910000000000005,1.2730000000000001,0.196,1.0030000000000001,3.503,3.4299999999999997,Buffalo Bills,3.7180000000000004,Buffalo Bills,3.7180000000000004,4.9910000000000005,1.2730000000000001,Buffalo Bills,3.7180000000000004,Tie,0.0,Buffalo Bills,0.8799999999999999,1.6535,1.2135,Buffalo Bills,0.43999999999999995,Minnesota Vikings,0.8070000000000002,Buffalo Bills,0.0730000000000004,1.8495000000000001,2.2165,Minnesota Vikings,0.36699999999999977,Different,Same,Different,Same,Different,Same,False,Home Team,Away Team,,,,,,,,-122,101,-110,-110,-0.8070000000000002,0.8070000000000002,0.0730000000000004,-0.0730000000000004,,,0.4975,0.5495,0.5238,0.5238,,,0.4752,0.5248,0.5,0.5,0.4922,0.507,-0.0078,0.007,,,71,9,2026-11-09,BUF @ MIN,0.0,70.0,0.0,Dome,True,J.Allen,K.Murray,-0.33,-1.0,13.84,191.67,Med-High,-10.0,10.0,49.27,49.0,12.808991101980286,33.0,66.0,0.507,0.4922,0.0806,0.078,0.0,0.0,0.0,0.0,0.5106,0.4891,-104,+104,,,,,,,,No Bet,,No Bet,,No Bet,,No Bet,,No Bet,,No Bet,,No Bet,,No Bet,,No Bet,,,,,,,,,,,,,,,,,,,,,,,,,,,,,9,0.21173333333333333,0.10180000000000002,Minnesota Vikings,Buffalo Bills,1,0,0,0,0,0,1,0,1,0,1,0,0,4.0,3.0,,
2026_10_WAS_NYG,2026,10,2026-11-12,20:15,Washington Commanders,New York Giants,Home,,,,,4,4,0,0,7,3,MetLife Stadium,40.8136,-74.0744,America/New_York,False,False,10,10,Thursday,True,False,1,True,False,1,7,3,NFC East,FedExField,38.9077,-76.8645,America/New_York,NFC East,MetLife Stadium,40.8136,-74.0744,America/New_York,Los Angeles Rams,Philadelphia Eagles,FedExField,Lincoln Financial Field,Cincinnati Bengals,Jacksonville Jaguars,FedExField,MetLife Stadium,198,0,-198,198,0.0,0.0,America/New_York,America/New_York,0.0,0.0,0.0,0.0,0.0,0,1.45,-2.84,1.45,-2.84,Washington Commanders,4.29,Washington Commanders,4.29,1.45,-2.84,Washington Commanders,4.29,0.0,0,No,No,No,No,No,1,No,0.0,0.0,-3.609,-4.129,1.46252,-1.57352,1.46252,-1.57352,0.05542000000000004,1.2235800000000001,-3.55878,-2.9002199999999996,Washington Commanders,3.03604,Washington Commanders,3.03604,1.46252,-1.57352,Washington Commanders,3.03604,Tie,0.0,Washington Commanders,0.5199999999999996,-1.8045,-2.0645,Washington Commanders,0.2599999999999998,New York Giants,1.16816,New York Giants,0.6585600000000005,-1.75168,-0.8383199999999997,New York Giants,0.9133600000000002,Different,Different,Different,Different,Different,Different,True,Home Team,Home Team,,,,,,,,-122,101,-116,-104,-1.16816,1.16816,-0.6585600000000005,0.6585600000000005,,,0.4975,0.5495,0.5098,0.537,,,0.4752,0.5248,0.487,0.513,0.6712,0.328,0.1712,-0.172,,,72,10,2026-11-12,WAS @ NYG,12.0,48.0,0.0,Historical Avg,False,J.Daniels,J.Winston,5.95,7.0,13.52,182.84,Med-High,-4.0,16.0,45.95,45.0,13.179592022865421,29.0,64.0,0.328,0.6712,0.085,0.0812,0.0,0.0,0.0,0.0,0.4553,0.5445,+120,-120,,,,,,,,No Bet,,No Bet,,No Bet,,No Bet,,No Bet,,No Bet,,No Bet,,No Bet,,No Bet,,,,,,,,,,,,,,,,,,,,,,,,,,,,,10,-0.06445000000000001,-0.2644,New York Giants,Washington Commanders,0,0,0,0,0,0,0,0,0,0,0,0,1,2.0,0.0,,
2026_10_NE_DET,2026,10,2026-11-15,09:30,New England Patriots,Detroit Lions,Neutral,,,,,7,7,0,0,4,10,FC Bayern Munich Stadium,42.3395,-83.045,America/Detroit,True,False,10,10,Sunday,True,False,1,True,False,1,4,10,AFC East,Gillette Stadium,42.0628,-71.2687,America/New_York,NFC North,Ford Field,42.3395,-83.045,America/Detroit,Green Bay Packers,Miami Dolphins,Gillette Stadium,Hard Rock Stadium,Los Angeles Chargers,Tampa Bay Buccaneers,SoFi Stadium,Ford Field,602,0,-602,602,0.0,0.0,America/New_York,America/New_York,0.0,0.0,0.0,0.0,0.0,0,-1.995,4.305,-1.995,4.305,Detroit Lions,6.3,Detroit Lions,6.3,-1.995,4.305,Detroit Lions,6.3,0.0,0,No,No,No,No,No,0,No,0.0,0.0,3.904,1.824,-2.6805000000000003,5.8149999999999995,-2.6805000000000003,5.8149999999999995,-0.6855,1.51,3.2185,3.3339999999999996,Detroit Lions,8.4955,Detroit Lions,8.4955,-2.6805000000000003,5.8149999999999995,Detroit Lions,8.4955,Tie,0.0,New England Patriots,2.08,1.952,0.912,New England Patriots,1.04,Detroit Lions,2.1955,Detroit Lions,0.11549999999999949,1.2665000000000002,2.4219999999999997,Detroit Lions,1.1554999999999995,Different,Different,Same,Same,Different,Different,False,Home Team,Home Team,,,,,,,,-131,108,-110,-110,-2.1955,2.1955,-0.11549999999999949,0.11549999999999949,,,0.4808,0.5671,0.5238,0.5238,,,0.4588,0.5412,0.5,0.5,0.4508,0.5478,-0.0492,0.0478,,,73,10,2026-11-15,NE @ DET,10.0,60.0,0.0,Historical Avg,False,D.Maye,J.Goff,-1.85,-3.0,13.72,188.26,Med-High,-11.0,8.0,50.6,50.0,13.687446316875016,33.0,68.0,0.5478,0.4508,0.1006,0.0902,0.0,0.0,0.0,0.0,0.5297,0.4699,-113,+113,,,,,,,,No Bet,,No Bet,,No Bet,,No Bet,,No Bet,,No Bet,,No Bet,,No Bet,,No Bet,,,,,,,,,,,,,,,,,,,,,,,,,,,,,10,0.05248571428571428,0.0913,Detroit Lions,New England Patriots,0,1,0,0,0,0,0,0,0,1,0,0,0,3.0,3.0,,
2026_10_KC_ATL,2026,10,2026-11-15,13:00,Kansas City Chiefs,Atlanta Falcons,Home,,,,,7,7,0,0,3,3,Mercedes-Benz Stadium,33.7489,-84.388,America/New_York,False,False,10,10,Sunday,True,False,1,True,False,1,3,3,AFC West,GEHA Field at Arrowhead Stadium,39.0489,-94.4839,America/Chicago,NFC South,Mercedes-Benz Stadium,33.7489,-84.388,America/New_York,New York Jets,Cincinnati Bengals,GEHA Field at Arrowhead Stadium,Bernabéu Stadium,Arizona Cardinals,Minnesota Vikings,GEHA Field at Arrowhead Stadium,U.S. Bank Stadium,669,0,-669,669,-1.0,0.0,America/Chicago,America/New_York,-1.0,0.0,-1.0,0.0,-1.0,0,4.395,-0.71,4.395,-0.71,Kansas City Chiefs,5.1049999999999995,Kansas City Chiefs,5.1049999999999995,4.395,-0.71,Kansas City Chiefs,5.1049999999999995,0.0,0,No,No,No,No,No,0,No,0.0,0.0,3.194,1.764,3.679,-3.007,3.679,-3.007,-0.716,-2.297,2.4779999999999998,-0.5329999999999999,Kansas City Chiefs,6.686,Kansas City Chiefs,6.686,3.679,-3.007,Kansas City Chiefs,6.686,Tie,0.0,Kansas City Chiefs,1.43,1.597,0.882,Kansas City Chiefs,0.715,Kansas City Chiefs,1.5810000000000002,Kansas City Chiefs,3.0109999999999997,0.8809999999999999,-1.415,Kansas City Chiefs,2.296,Different,Same,Same,Same,Different,Same,False,Away Team,Away Team,,,,,,,,105,-128,135,-164,1.5810000000000002,-1.5810000000000002,3.0109999999999997,-3.0109999999999997,,,0.5614,0.4878,0.6212,0.4255,,,0.5351,0.4649,0.5935,0.4065,0.5582,0.441,0.0582,-0.059,,,74,10,2026-11-15,KC @ ATL,0.0,70.0,0.0,Dome,True,P.Mahomes,M.Penix,2.21,3.0,13.41,179.86,Medium,-7.0,12.0,52.07,51.0,13.527138193037679,35.0,70.0,0.441,0.5582,0.0892,0.0868,0.0,0.0,0.0,0.0,0.4375,0.5623,+129,-128,,,,,,,,No Bet,,No Bet,,No Bet,,No Bet,,No Bet,,No Bet,,No Bet,,No Bet,,No Bet,,,,,,,,,,,,,,,,,,,,,,,,,,,,,10,0.052875000000000005,0.11091428571428572,Kansas City Chiefs,Atlanta Falcons,0,0,1,0,0,0,0,0,1,0,0,0,0,3.0,3.5,,
2026_10_HOU_CLE,2026,10,2026-11-15,13:00,Houston Texans,Cleveland Browns,Home,,,,,7,7,0,0,7,-4,FirstEnergy Stadium,41.5061,-81.6994,America/New_York,False,True,10,10,Sunday,True,False,1,True,False,1,7,-4,AFC South,NRG Stadium,29.6847,-95.4093,America/Chicago,AFC North,FirstEnergy Stadium,41.5061,-81.6994,America/New_York,Los Angeles Chargers,New Orleans Saints,SoFi Stadium,Caesars Superdome,Indianapolis Colts,Las Vegas Raiders,NRG Stadium,FirstEnergy Stadium,1119,0,-1119,1119,-1.0,0.0,America/Los_Angeles,America/Chicago,-3.0,-1.0,-1.0,0.0,-1.0,0,0.035,-4.705,0.035,-4.705,Houston Texans,4.74,Houston Texans,4.74,0.035,-4.705,Houston Texans,4.74,0.0,0,No,No,No,No,No,0,No,0.0,0.0,1.731,-4.154,0.7210000000000001,-2.6510000000000002,0.7210000000000001,-2.6510000000000002,0.6859999999999999,2.054,2.4170000000000003,-2.1,Houston Texans,3.3720000000000003,Houston Texans,3.3720000000000003,0.7210000000000001,-2.6510000000000002,Houston Texans,3.3720000000000003,Tie,0.0,Houston Texans,5.885,0.8655,-2.077,Houston Texans,2.9425,Cleveland Browns,1.3679999999999999,Houston Texans,4.517,1.5515,-0.02300000000000013,Houston Texans,1.5745000000000002,Different,Same,Different,Same,Different,Same,False,Home Team,Away Team,,,,,,,,-128,105,181,-224,-1.3679999999999999,1.3679999999999999,4.517,-4.517,,,0.4878,0.5614,0.6914,0.3559,,,0.4649,0.5351,0.6602,0.3398,0.7004,0.2988,0.2004,-0.2012,,,75,10,2026-11-15,HOU @ CLE,10.0,60.0,0.0,Historical Avg,False,C.Stroud,D.Watson,6.68,7.0,12.75,162.44,Med-Low,-3.0,16.0,42.81,42.0,12.496117867255833,27.0,59.0,0.2988,0.7004,0.0876,0.0754,0.0,0.0,0.0,0.0,0.3912,0.6085,+156,-155,,,,,,,,No Bet,,No Bet,,No Bet,,No Bet,,No Bet,,No Bet,,No Bet,,No Bet,,No Bet,,,,,,,,,,,,,,,,,,,,,,,,,,,,,10,0.064625,-0.1304857142857143,Cleveland Browns,Houston Texans,0,0,0,0,1,0,0,0,0,0,1,0,0,3.0,1.5,,
2026_10_MIN_GB,2026,10,2026-11-15,13:00,Minnesota Vikings,Green Bay Packers,Home,,,,,6,7,-1,1,7,-3,Lambeau Field,44.5013,-88.0622,America/Chicago,False,False,10,10,Sunday,True,False,1,True,False,1,7,-3,NFC North,U.S. Bank Stadium,44.9738,-93.2575,America/Chicago,NFC North,Lambeau Field,44.5013,-88.0622,America/Chicago,Buffalo Bills,New England Patriots,U.S. Bank Stadium,Gillette Stadium,San Francisco 49ers,Los Angeles Rams,Estadio Banorte,SoFi Stadium,257,0,-257,257,0.0,0.0,America/Chicago,America/New_York,0.0,1.0,0.0,0.0,0.0,0,0.27,3.535,0.27,3.535,Green Bay Packers,3.265,Green Bay Packers,3.265,0.27,3.535,Green Bay Packers,3.265,0.0,0,No,No,No,No,Yes,1,No,0.0,0.0,2.427,-0.138,-0.07707999999999993,2.9530800000000004,-0.07707999999999993,2.9530800000000004,-0.37972999999999996,-0.54927,2.0216200000000004,-0.6616200000000001,Green Bay Packers,3.0301600000000004,Green Bay Packers,3.0301600000000004,-0.07707999999999993,2.9530800000000004,Green Bay Packers,3.0301600000000004,Tie,0.0,Minnesota Vikings,2.565,1.2135,-0.069,Minnesota Vikings,1.2825,Minnesota Vikings,0.16954000000000008,Minnesota Vikings,2.6832400000000005,0.8209450000000003,-0.605445,Minnesota Vikings,1.4263900000000003,Different,Different,Different,Different,Different,Same,False,Away Team,Away Team,,,,,,,,-110,-110,117,-142,0.16954000000000008,-0.16954000000000008,2.6832400000000005,-2.6832400000000005,,,0.5238,0.5238,0.5868,0.4608,,,0.5,0.5,0.5601,0.4399,0.5196,0.4798,0.0196,-0.0202,,,76,10,2026-11-15,MIN @ GB,15.0,38.0,0.0,Historical Avg,False,K.Murray,J.Love,0.66,1.0,13.02,169.61,Med-Low,-9.0,10.0,43.54,43.0,12.809385735178035,27.0,61.0,0.4798,0.5196,0.1058,0.0852,0.0,0.0,0.0,0.0,0.4732,0.5266,+111,-111,,,,,,,,No Bet,,No Bet,,No Bet,,No Bet,,No Bet,,No Bet,,No Bet,,No Bet,,No Bet,,,,,,,,,,,,,,,,,,,,,,,,,,,,,10,0.11207500000000001,0.054228571428571425,Minnesota Vikings,Green Bay Packers,0,1,0,0,0,0,0,1,0,1,0,1,1,3.5,3.0,,
2026_10_MIA_IND,2026,10,2026-11-15,13:00,Miami Dolphins,Indianapolis Colts,Home,,,,,7,7,0,0,1,-16,Lucas Oil Stadium,39.7601,-86.1638,America/Indiana/Indianapolis,False,False,10,10,Sunday,True,False,1,True,False,1,1,-16,AFC East,Hard Rock Stadium,25.9602,-80.2384,America/New_York,AFC South,Lucas Oil Stadium,39.7601,-86.1638,America/Indiana/Indianapolis,Detroit Lions,Dallas Cowboys,Hard Rock Stadium,Lucas Oil Stadium,Buffalo Bills,Houston Texans,Highmark Stadium,NRG Stadium,1012,0,-1012,1012,0.0,0.0,America/New_York,America/Indiana/Indianapolis,0.0,0.0,0.0,0.0,0.0,0,0.66,-2.265,0.66,-2.265,Miami Dolphins,2.9250000000000003,Miami Dolphins,2.9250000000000003,0.66,-2.265,Miami Dolphins,2.9250000000000003,0.0,0,No,No,No,No,No,0,No,0.0,0.0,-7.793,-0.012,0.26400000000000007,-3.6155000000000004,0.26400000000000007,-3.6155000000000004,-0.396,-1.3505,-8.189,-1.3625,Miami Dolphins,3.8795000000000006,Miami Dolphins,3.8795000000000006,0.26400000000000007,-3.6155000000000004,Miami Dolphins,3.8795000000000006,Tie,0.0,Indianapolis Colts,7.781000000000001,-3.8965,-0.006,Indianapolis Colts,3.8905000000000003,Miami Dolphins,0.9545,Indianapolis Colts,6.8265,-4.2925,-1.3565,Indianapolis Colts,2.9360000000000004,Different,Different,Same,Different,Different,Same,False,Away Team,Home Team,,,,,,,,101,-122,-319,249,0.9545,-0.9545,-6.8265,6.8265,,,0.5495,0.4975,0.2865,0.7613,,,0.5248,0.4752,0.2734,0.7266,0.2664,0.7332,-0.2336,0.2332,,,77,10,2026-11-15,MIA @ IND,0.0,70.0,0.0,Dome,True,M.Willis,D.Jones,-8.15,-9.0,13.65,186.23,Med-High,-17.0,2.0,51.44,51.0,13.123720972743747,35.0,68.0,0.7332,0.2664,0.0706,0.0756,0.0,0.0,0.0,0.0,0.645,0.3549,-182,+182,,,,,,,,No Bet,,No Bet,,No Bet,,No Bet,,No Bet,,No Bet,,No Bet,,No Bet,,No Bet,,,,,,,,,,,,,,,,,,,,,,,,,,,,,10,-0.282925,0.0186,Miami Dolphins,Indianapolis Colts,0,0,0,0,0,0,0,0,0,0,0,0,0,0.0,2.5,,
2026_10_CAR_NO,2026,10,2026-11-15,13:00,Carolina Panthers,New Orleans Saints,Home,,,,,7,7,0,0,10,3,Caesars Superdome,29.9507,-90.0813,America/Chicago,False,False,10,10,Sunday,True,False,1,True,False,1,10,3,NFC South,Bank of America Stadium,35.2258,-80.8528,America/New_York,NFC South,Caesars Superdome,29.9507,-90.0813,America/Chicago,Denver Broncos,Cleveland Browns,Bank of America Stadium,Caesars Superdome,Baltimore Ravens,Chicago Bears,Bank of America Stadium,Soldier Field,648,0,-648,648,1.0,0.0,America/New_York,America/Chicago,1.0,0.0,1.0,0.0,1.0,0,-5.25,-6.145,-5.25,-6.145,Carolina Panthers,0.8949999999999996,Carolina Panthers,0.8949999999999996,-5.25,-6.145,Carolina Panthers,0.8949999999999996,0.0,0,No,No,No,No,No,1,No,0.0,0.0,-1.427,-5.014,-4.9831,-6.952899999999999,-4.9831,-6.952899999999999,0.27585,-0.81685,-1.1870200000000002,-5.79498,Carolina Panthers,1.9697999999999984,Carolina Panthers,1.9697999999999984,-4.9831,-6.952899999999999,Carolina Panthers,1.9697999999999984,Tie,0.0,Carolina Panthers,3.587,-0.7135,-2.507,Carolina Panthers,1.7935,Carolina Panthers,1.0927,Carolina Panthers,4.607959999999999,-0.45558500000000013,-3.3059149999999997,Carolina Panthers,2.8503299999999996,Different,Same,Same,Same,Different,Same,False,Away Team,Away Team,,,,,,,,101,-122,181,-224,1.0927,-1.0927,4.607959999999999,-4.607959999999999,,,0.5495,0.4975,0.6914,0.3559,,,0.5248,0.4752,0.6602,0.3398,0.5822,0.4166,0.0822,-0.0834,,,78,10,2026-11-15,CAR @ NO,0.0,70.0,0.0,Dome,True,B.Young,T.Shough,2.64,3.0,13.4,179.49,Medium,-7.0,12.0,49.35,49.0,13.256225697533548,33.0,67.0,0.4166,0.5822,0.0912,0.0824,0.0,0.0,0.0,0.0,0.4105,0.5891,+144,-143,,,,,,,,No Bet,,No Bet,,No Bet,,No Bet,,No Bet,,No Bet,,No Bet,,No Bet,,No Bet,,,,,,,,,,,,,,,,,,,,,,,,,,,,,10,-0.106775,-0.09144999999999999,Carolina Panthers,New Orleans Saints,0,0,0,0,0,0,0,0,0,0,0,0,1,1.5,1.5,,
2026_10_BUF_NYJ,2026,10,2026-11-15,13:00,Buffalo Bills,New York Jets,Home,,,,,6,7,-1,1,8,-11,MetLife Stadium,40.8136,-74.0744,America/New_York,False,True,10,10,Sunday,True,False,1,True,False,1,8,-11,AFC East,Highmark Stadium,42.7725,-78.7877,America/New_York,AFC East,MetLife Stadium,40.8136,-74.0744,America/New_York,Minnesota Vikings,Kansas City Chiefs,U.S. Bank Stadium,GEHA Field at Arrowhead Stadium,Miami Dolphins,Los Angeles Chargers,Highmark Stadium,SoFi Stadium,278,0,-278,278,0.0,0.0,America/Chicago,America/Chicago,-1.0,-1.0,0.0,0.0,0.0,0,4.795,-3.725,4.795,-3.725,Buffalo Bills,8.52,Buffalo Bills,8.52,4.795,-3.725,Buffalo Bills,8.52,0.0,0,No,No,No,No,Yes,1,No,0.0,0.0,3.307,-5.458,4.651225,-4.146725,4.651225,-4.146725,-0.058574999999999995,-0.5069250000000001,3.1607749999999997,-5.877275,Buffalo Bills,8.79795,Buffalo Bills,8.79795,4.651225,-4.146725,Buffalo Bills,8.79795,Tie,0.0,Buffalo Bills,8.765,1.6535,-2.729,Buffalo Bills,4.3825,Buffalo Bills,0.4483500000000001,Buffalo Bills,9.03805,1.5511,-3.1921,Buffalo Bills,4.7432,Different,Same,Same,Same,Different,Same,False,Away Team,Away Team,,,,,,,,-104,-116,314,-416,0.4483500000000001,-0.4483500000000001,9.03805,-9.03805,,,0.537,0.5098,0.8062,0.2415,,,0.513,0.487,0.7695,0.2305,0.863,0.1368,0.363,-0.3632,,,79,10,2026-11-15,BUF @ NYJ,12.0,48.0,0.0,Historical Avg,False,J.Allen,G.Smith,14.45,14.0,13.41,179.8,Medium,6.0,24.0,53.19,53.0,13.001765211682756,37.0,70.0,0.1368,0.863,0.0506,0.0586,0.0,0.0,0.0,0.0,0.2848,0.7152,+251,-251,,,,,,,,No Bet,,No Bet,,No Bet,,No Bet,,No Bet,,No Bet,,No Bet,,No Bet,,No Bet,,,,,,,,,,,,,,,,,,,,,,,,,,,,,10,0.19282500000000002,-0.1823142857142857,Buffalo Bills,New York Jets,1,0,0,0,0,0,1,0,1,0,1,0,1,4.0,1.0,,
2026_10_JAX_TEN,2026,10,2026-11-15,13:00,Jacksonville Jaguars,Tennessee Titans,Home,,,,,10,14,-4,4,4,5,Nissan Stadium,36.1664,-86.7716,America/Chicago,False,True,10,10,Sunday,True,False,1,True,False,1,4,5,AFC South,TIAA Bank Field,30.3239,-81.6554,America/New_York,AFC South,Nissan Stadium,36.1664,-86.7716,America/Chicago,Baltimore Ravens,Cincinnati Bengals,M&T Bank Stadium,Paycor Stadium,New York Giants,Dallas Cowboys,MetLife Stadium,AT&T Stadium,500,0,-500,500,1.0,0.0,America/New_York,America/New_York,1.0,1.0,1.0,0.0,1.0,0,-1.825,-4.36,-1.825,-4.36,Jacksonville Jaguars,2.535,Jacksonville Jaguars,2.535,-1.825,-4.36,Jacksonville Jaguars,2.535,0.0,0,No,No,No,No,No,1,No,0.0,0.0,6.394,-9.711,-3.664705,-3.5377950000000005,-3.664705,-3.5377950000000005,-1.814355,0.7968550000000001,4.418595000000001,-8.753095,Tennessee Titans,0.12690999999999963,Tennessee Titans,0.12690999999999963,-3.664705,-3.5377950000000005,Tennessee Titans,0.12690999999999963,Tie,0.0,Jacksonville Jaguars,16.105,3.197,-4.8555,Jacksonville Jaguars,8.0525,Tennessee Titans,2.61121,Jacksonville Jaguars,13.171690000000002,1.3021200000000004,-3.97812,Jacksonville Jaguars,5.280240000000001,Different,Different,Same,Different,Different,Same,False,Home Team,Away Team,,,,,,,,-142,117,494,-729,-2.61121,2.61121,13.171690000000002,-13.171690000000002,,,0.4608,0.5868,0.8794,0.1684,,,0.4399,0.5601,0.8393,0.1607,0.8482,0.1514,0.3482,-0.3486,,,80,10,2026-11-15,JAX @ TEN,8.0,55.0,0.0,Historical Avg,False,T.Lawrence,C.Ward,12.36,13.0,12.3,151.41,Low,5.0,20.0,47.61,47.0,12.742362126329313,32.0,64.0,0.1514,0.8482,0.0626,0.0654,0.0,0.0,0.0,0.0,0.2907,0.7091,+244,-244,,,,,,,,No Bet,,No Bet,,No Bet,,No Bet,,No Bet,,No Bet,,No Bet,,No Bet,,No Bet,,,,,,,,,,,,,,,,,,,,,,,,,,,,,10,0.19995000000000002,-0.257825,Tennessee Titans,Jacksonville Jaguars,0,0,0,0,0,0,0,0,0,0,0,0,1,4.0,0.0,,
2026_10_LA_ARI,2026,10,2026-11-15,16:05,Los Angeles Rams,Arizona Cardinals,Home,,,,,7,7,0,0,-5,-4,State Farm Stadium,33.5277,-112.262608,America/Denver,False,True,10,10,Sunday,True,False,1,True,False,1,-5,-4,NFC West,SoFi Stadium,33.9535,-118.3395,America/Los_Angeles,NFC West,State Farm Stadium,33.5277,-112.262608,America/Denver,Washington Commanders,Seattle Seahawks,FedExField,Lumen Field,Green Bay Packers,Kansas City Chiefs,SoFi Stadium,GEHA Field at Arrowhead Stadium,350,0,-350,350,-1.0,0.0,America/New_York,America/Los_Angeles,2.0,-1.0,-1.0,0.0,-1.0,0,1.29,0.075,1.29,0.075,Los Angeles Rams,1.215,Los Angeles Rams,1.215,1.29,0.075,Los Angeles Rams,1.215,0.0,0,No,No,No,No,No,1,No,0.0,0.0,6.079,-1.231,1.1449850000000001,-1.110485,1.1449850000000001,-1.110485,-0.132865,-1.197635,5.873035,-2.3555349999999997,Los Angeles Rams,2.25547,Los Angeles Rams,2.25547,1.1449850000000001,-1.110485,Los Angeles Rams,2.25547,Tie,0.0,Los Angeles Rams,7.31,3.0395,-0.6155,Los Angeles Rams,3.655,Los Angeles Rams,1.06477,Los Angeles Rams,8.22857,2.870085,-1.7765849999999999,Los Angeles Rams,4.64667,Different,Same,Same,Same,Different,Same,False,Away Team,Away Team,,,,,,,,101,-122,282,-366,1.06477,-1.06477,8.22857,-8.22857,,,0.5495,0.4975,0.7854,0.2618,,,0.5248,0.4752,0.75,0.25,0.8926,0.1072,0.3926,-0.3928,,,81,10,2026-11-15,LA @ ARI,0.0,70.0,0.0,Dome,True,M.Stafford,J.Brissett,17.18,17.0,13.71,187.88,Med-High,8.0,26.0,53.62,53.0,13.223928010027992,37.0,71.0,0.1072,0.8926,0.0414,0.0392,0.0,0.0,0.0,0.0,0.2775,0.7225,+260,-260,,,,,,,,No Bet,,No Bet,,No Bet,,No Bet,,No Bet,,No Bet,,No Bet,,No Bet,,No Bet,,,,,,,,,,,,,,,,,,,,,,,,,,,,,10,0.06551428571428572,-0.24074285714285715,Los Angeles Rams,Arizona Cardinals,0,0,1,0,0,0,1,0,1,0,1,0,1,3.0,0.5,,
2026_10_SEA_LV,2026,10,2026-11-15,16:05,Seattle Seahawks,Las Vegas Raiders,Home,,,,,7,7,0,0,3,-6,Allegiant Stadium,36.108,-115.1578,America/Los_Angeles,False,False,10,10,Sunday,True,False,1,True,False,1,3,-6,NFC West,Lumen Field,47.5952,-122.3316,America/Los_Angeles,AFC West,Allegiant Stadium,36.108,-115.1578,America/Los_Angeles,Arizona Cardinals,San Francisco 49ers,Lumen Field,Levi's Stadium,San Francisco 49ers,Denver Broncos,Levi's Stadium,Empower Field at Mile High,874,0,-874,874,0.0,0.0,America/Los_Angeles,America/Los_Angeles,0.0,0.0,0.0,0.0,0.0,0,-0.13,-2.35,-0.13,-2.35,Seattle Seahawks,2.22,Seattle Seahawks,2.22,-0.13,-2.35,Seattle Seahawks,2.22,0.0,0,No,No,No,No,No,0,No,0.0,0.0,10.351,-3.377,0.08050000000000002,-2.1635000000000004,0.08050000000000002,-2.1635000000000004,0.21050000000000002,0.18649999999999994,10.5615,-3.1904999999999997,Seattle Seahawks,2.2440000000000007,Seattle Seahawks,2.2440000000000007,0.08050000000000002,-2.1635000000000004,Seattle Seahawks,2.2440000000000007,Tie,0.0,Seattle Seahawks,13.728000000000002,5.1755,-1.6885,Seattle Seahawks,6.864000000000001,Seattle Seahawks,0.024000000000000077,Seattle Seahawks,13.752,5.386,-1.5019999999999998,Seattle Seahawks,6.888,Different,Same,Same,Same,Different,Same,False,Away Team,Away Team,,,,,,,,-110,-110,573,-890,0.024000000000000077,-0.024000000000000077,13.752,-13.752,,,0.5238,0.5238,0.899,0.1486,,,0.5,0.5,0.8582,0.1418,0.8278,0.172,0.3278,-0.328,,,82,10,2026-11-15,SEA @ LV,0.0,70.0,0.0,Dome,True,S.Darnold,K.Cousins,12.03,12.0,12.77,163.0,Med-Low,4.0,20.0,46.62,46.0,12.83813707485282,30.0,63.100000000000364,0.172,0.8278,0.0638,0.0652,0.0,0.0,0.0,0.0,0.2713,0.7287,+269,-269,,,,,,,,No Bet,,No Bet,,No Bet,,No Bet,,No Bet,,No Bet,,No Bet,,No Bet,,No Bet,,,,,,,,,,,,,,,,,,,,,,,,,,,,,10,0.2778,0.06431428571428571,Seattle Seahawks,Las Vegas Raiders,0,0,0,0,1,0,0,0,0,0,1,0,0,5.0,3.0,,
2026_10_SF_DAL,2026,10,2026-11-15,16:25,San Francisco 49ers,Dallas Cowboys,Home,,,,,7,7,0,0,9,2,AT&T Stadium,32.7369,-97.0826,America/Chicago,False,False,10,10,Sunday,True,False,1,True,False,1,9,2,NFC West,Levi's Stadium,37.4031,-121.9702,America/Los_Angeles,NFC East,AT&T Stadium,32.7369,-97.0826,America/Chicago,Las Vegas Raiders,Indianapolis Colts,Levi's Stadium,Lucas Oil Stadium,Minnesota Vikings,Tennessee Titans,Estadio Banorte,AT&T Stadium,1438,0,-1438,1438,-2.0,0.0,America/Los_Angeles,America/Indiana/Indianapolis,-2.0,1.0,-2.0,0.0,-2.0,0,3.325,-0.615,3.325,-0.615,San Francisco 49ers,3.9400000000000004,San Francisco 49ers,3.9400000000000004,3.325,-0.615,San Francisco 49ers,3.9400000000000004,-0.3,0,No,No,No,No,No,0,No,0.0,0.0,5.31,-2.247,4.003000000000001,0.559,4.003000000000001,0.559,0.6780000000000002,1.1740000000000002,5.9879999999999995,-1.0729999999999997,San Francisco 49ers,3.444000000000001,San Francisco 49ers,3.444000000000001,4.003000000000001,0.559,San Francisco 49ers,3.444000000000001,Tie,0.0,San Francisco 49ers,7.5569999999999995,2.655,-1.1235,San Francisco 49ers,3.7784999999999997,Dallas Cowboys,0.496,San Francisco 49ers,7.060999999999999,3.3329999999999997,0.05050000000000021,San Francisco 49ers,3.2824999999999998,Different,Same,Different,Same,Different,Same,False,Home Team,Away Team,,,,,,,,-116,-104,249,-319,-0.496,0.496,7.060999999999999,-7.060999999999999,,,0.5098,0.537,0.7613,0.2865,,,0.487,0.513,0.7266,0.2734,0.9192,0.0808,0.4192,-0.4192,,,83,10,2026-11-15,SF @ DAL,0.0,70.0,0.0,Dome,True,B.Purdy,D.Prescott,16.97,17.0,12.19,148.48,Low,9.0,25.0,65.04,65.0,13.871134981577226,47.0,83.0,0.0808,0.9192,0.0424,0.0456,0.0,0.0,0.0,0.0,0.2891,0.7109,+246,-246,,,,,,,,No Bet,,No Bet,,No Bet,,No Bet,,No Bet,,No Bet,,No Bet,,No Bet,,No Bet,,,,,,,,,,,,,,,,,,,,,,,,,,,,,10,0.2344,-0.15528571428571428,Dallas Cowboys,San Francisco 49ers,0,1,0,0,0,0,0,0,0,1,0,0,0,4.5,1.0,,
2026_10_PIT_CIN,2026,10,2026-11-15,20:20,Pittsburgh Steelers,Cincinnati Bengals,Home,,,,,14,7,7,-7,3,0,Paycor Stadium,39.0955,-84.5165,America/New_York,False,False,10,10,Sunday,True,False,1,True,False,1,3,0,AFC North,Acrisure Stadium,40.4468,-80.0158,America/New_York,AFC North,Paycor Stadium,39.0955,-84.5165,America/New_York,Cleveland Browns,Atlanta Falcons,Acrisure Stadium,Bernabéu Stadium,Philadelphia Eagles,Washington Commanders,Lincoln Financial Field,FedExField,256,0,-256,256,0.0,0.0,America/New_York,America/New_York,0.0,0.0,0.0,0.0,0.0,0,-0.565,1.31,-0.565,1.31,Cincinnati Bengals,1.875,Cincinnati Bengals,1.875,-0.565,1.31,Cincinnati Bengals,1.875,0.0,0,No,No,No,No,No,1,No,0.0,0.0,-2.174,1.256,-1.256295,0.625795,-1.256295,0.625795,-0.7100449999999999,-0.665455,-2.849745,0.556245,Cincinnati Bengals,1.8820899999999998,Cincinnati Bengals,1.8820899999999998,-1.256295,0.625795,Cincinnati Bengals,1.8820899999999998,Tie,0.0,Cincinnati Bengals,3.4299999999999997,-1.087,0.628,Cincinnati Bengals,1.7149999999999999,Cincinnati Bengals,0.04458999999999991,Cincinnati Bengals,3.40599,-1.779895,-0.054605000000000015,Cincinnati Bengals,1.72529,Different,Same,Same,Same,Different,Same,False,Home Team,Home Team,,,,,,,,-110,-110,-191,156,-0.04458999999999991,0.04458999999999991,-3.40599,3.40599,,,0.5238,0.5238,0.3906,0.6564,,,0.5,0.5,0.3731,0.6269,0.4604,0.5382,-0.0396,0.0382,,,84,10,2026-11-15,PIT @ CIN,10.0,48.0,0.0,Historical Avg,False,A.Rodgers,J.Burrow,-1.09,-3.0,13.8,190.55,Med-High,-10.0,9.0,51.98,51.0,13.43361706367584,36.0,70.0,0.5382,0.4604,0.087,0.0844,0.0,0.0,0.0,0.0,0.555,0.4445,-125,+125,,,,,,,,No Bet,,No Bet,,No Bet,,No Bet,,No Bet,,No Bet,,No Bet,,No Bet,,No Bet,,,,,,,,,,,,,,,,,,,,,,,,,,,,,10,-0.097575,0.008299999999999998,Cincinnati Bengals,Pittsburgh Steelers,1,0,0,0,0,0,0,0,1,0,0,0,1,1.5,2.5,,
2026_10_LAC_BAL,2026,10,2026-11-16,20:15,Los Angeles Chargers,Baltimore Ravens,Home,,,,,8,11,-3,3,-13,-10,M&T Bank Stadium,39.2789,-76.6228,America/New_York,False,False,10,10,Monday,True,False,1,True,False,1,-13,-10,AFC West,SoFi Stadium,33.9535,-118.3395,America/Los_Angeles,AFC North,M&T Bank Stadium,39.2789,-76.6228,America/New_York,Houston Texans,Jacksonville Jaguars,SoFi Stadium,M&T Bank Stadium,New York Jets,Carolina Panthers,SoFi Stadium,Bank of America Stadium,2320,0,-2320,2320,-3.0,0.0,America/Los_Angeles,America/New_York,-3.0,0.0,-3.0,0.0,-3.0,0,0.935,6.69,0.935,6.69,Baltimore Ravens,5.755000000000001,Baltimore Ravens,5.755000000000001,0.935,6.69,Baltimore Ravens,5.755000000000001,-0.44999999999999996,0,No,No,No,No,No,0,No,0.0,0.0,-3.339,3.773,0.22450000000000014,4.7985,0.22450000000000014,4.7985,-0.7104999999999998,-1.8915000000000002,-4.049499999999999,1.8815000000000002,Baltimore Ravens,4.574,Baltimore Ravens,4.574,0.22450000000000014,4.7985,Baltimore Ravens,4.574,Tie,0.0,Baltimore Ravens,7.112,-1.6695,1.8865,Baltimore Ravens,3.556,Los Angeles Chargers,1.1810000000000005,Baltimore Ravens,5.930999999999999,-2.3799999999999994,-0.0050000000000000044,Baltimore Ravens,2.3749999999999996,Different,Same,Different,Same,Different,Same,False,Away Team,Home Team,,,,,,,,101,-122,-261,208,1.1810000000000005,-1.1810000000000005,-5.930999999999999,5.930999999999999,,,0.5495,0.4975,0.3247,0.723,,,0.5248,0.4752,0.3099,0.6901,0.1574,0.8422,-0.3426,0.3422,,,85,10,2026-11-16,LAC @ BAL,10.0,50.0,0.0,Historical Avg,False,J.Herbert,L.Jackson,-13.39,-14.0,13.62,185.56,Med-High,-23.0,-5.0,55.27,54.0,13.58523324321134,38.0,73.0,0.8422,0.1574,0.0542,0.0576,0.0,0.0,0.0,0.0,0.6692,0.3307,-202,+202,,,,,,,,No Bet,,No Bet,,No Bet,,No Bet,,No Bet,,No Bet,,No Bet,,No Bet,,No Bet,,,,,,,,,,,,,,,,,,,,,,,,,,,,,10,-0.085075,0.3059428571428571,Los Angeles Chargers,Baltimore Ravens,0,0,0,0,0,0,0,0,0,0,0,0,0,1.5,5.0,,
2026_11_IND_HOU,2026,11,2026-11-19,20:15,Indianapolis Colts,Houston Texans,Home,,,,,4,4,0,0,-16,7,NRG Stadium,29.6847,-95.4093,America/Chicago,False,False,11,11,Thursday,True,False,1,True,False,1,-16,7,AFC South,Lucas Oil Stadium,39.7601,-86.1638,America/Indiana/Indianapolis,AFC South,NRG Stadium,29.6847,-95.4093,America/Chicago,Miami Dolphins,Cleveland Browns,Lucas Oil Stadium,FirstEnergy Stadium,New York Giants,Baltimore Ravens,Lucas Oil Stadium,NRG Stadium,870,0,-870,870,1.0,0.0,America/Indiana/Indianapolis,America/New_York,1.0,1.0,1.0,0.0,1.0,0,-2.265,0.035,-2.265,0.035,Houston Texans,2.3000000000000003,Houston Texans,2.3000000000000003,-2.265,0.035,Houston Texans,2.3000000000000003,0.0,0,No,No,No,No,No,1,No,0.0,0.0,-0.012,1.731,-2.4153650000000004,-0.05013499999999997,-2.4153650000000004,-0.05013499999999997,-0.1733650000000001,-0.06213499999999995,-0.1679350000000001,1.651435,Houston Texans,2.3652300000000004,Houston Texans,2.3652300000000004,-2.4153650000000004,-0.05013499999999997,Houston Texans,2.3652300000000004,Tie,0.0,Houston Texans,1.743,-0.006,0.8655,Houston Texans,0.8715,Houston Texans,0.11123000000000016,Houston Texans,1.8193700000000002,-0.1706500000000001,0.79465,Houston Texans,0.9653,Different,Same,Same,Same,Different,Same,True,Home Team,Home Team,,,,,,,,-110,-110,-131,108,-0.11123000000000016,0.11123000000000016,-1.8193700000000002,1.8193700000000002,,,0.5238,0.5238,0.4808,0.5671,,,0.5,0.5,0.4588,0.5412,0.405,0.5944,-0.095,0.0944,,,86,11,2026-11-19,IND @ HOU,0.0,70.0,0.0,Dome,True,D.Jones,C.Stroud,-3.34,-4.0,13.28,176.32,Medium,-13.0,6.0,51.4,51.0,13.11251695366576,35.0,69.0,0.5944,0.405,0.0926,0.0786,0.0,0.0,0.0,0.0,0.5452,0.4546,-120,+120,,,,,,,,No Bet,,No Bet,,No Bet,,No Bet,,No Bet,,No Bet,,No Bet,,No Bet,,No Bet,,,,,,,,,,,,,,,,,,,,,,,,,,,,,11,0.03753333333333333,0.06037142857142857,Houston Texans,Indianapolis Colts,0,0,0,0,0,1,0,0,0,0,0,1,1,2.5,3.0,,
2026_11_MIA_BUF,2026,11,2026-11-22,13:00,Miami Dolphins,Buffalo Bills,Home,,,,,7,7,0,0,1,8,Highmark Stadium,42.7725,-78.7877,America/New_York,False,True,11,11,Sunday,True,False,1,True,False,1,1,8,AFC East,Hard Rock Stadium,25.9602,-80.2384,America/New_York,AFC East,Highmark Stadium,42.7725,-78.7877,America/New_York,Indianapolis Colts,New York Jets,Lucas Oil Stadium,MetLife Stadium,New York Jets,Kansas City Chiefs,Hard Rock Stadium,Highmark Stadium,1164,0,-1164,1164,0.0,0.0,America/Indiana/Indianapolis,America/New_York,0.0,0.0,0.0,0.0,0.0,0,0.66,4.795,0.66,4.795,Buffalo Bills,4.135,Buffalo Bills,4.135,0.66,4.795,Buffalo Bills,4.135,0.0,0,No,No,No,No,No,1,No,0.0,0.0,-7.793,3.307,0.31660000000000005,5.4714,0.31660000000000005,5.4714,-0.38475000000000004,0.7177500000000001,-8.06675,3.9137499999999994,Buffalo Bills,5.1548,Buffalo Bills,5.1548,0.31660000000000005,5.4714,Buffalo Bills,5.1548,Tie,0.0,Buffalo Bills,11.1,-3.8965,1.6535,Buffalo Bills,5.55,Buffalo Bills,1.1025,Buffalo Bills,11.9805,-4.225750000000001,2.3157499999999995,Buffalo Bills,6.5415,Different,Same,Same,Same,Different,Same,False,Home Team,Home Team,,,,,,,,-122,101,-660,458,-1.1025,1.1025,-11.9805,11.9805,,,0.4975,0.5495,0.1792,0.8684,,,0.4752,0.5248,0.1711,0.8289,0.1164,0.8834,-0.3836,0.3834,,,87,11,2026-11-22,MIA @ BUF,15.0,40.0,0.0,Historical Avg,False,M.Willis,J.Allen,-16.8,-17.0,14.04,197.24,High,-26.0,-8.0,55.45,55.0,13.326414687592651,39.0,73.0,0.8834,0.1164,0.043,0.0438,0.0,0.0,0.0,0.0,0.7457,0.2542,-293,+293,,,,,,,,No Bet,,No Bet,,No Bet,,No Bet,,No Bet,,No Bet,,No Bet,,No Bet,,No Bet,,,,,,,,,,,,,,,,,,,,,,,,,,,,,11,-0.26854285714285714,0.1656,Buffalo Bills,Miami Dolphins,0,1,0,0,0,0,0,1,0,1,0,1,1,0.0,4.0,,
2026_11_BAL_CAR,2026,11,2026-11-22,13:00,Baltimore Ravens,Carolina Panthers,Home,,,,,6,7,-1,1,-11,11,Bank of America Stadium,35.2258,-80.8528,America/New_York,False,False,11,11,Sunday,True,False,1,True,False,1,-11,11,AFC North,M&T Bank Stadium,39.2789,-76.6228,America/New_York,NFC South,Bank of America Stadium,35.2258,-80.8528,America/New_York,Los Angeles Chargers,New Orleans Saints,M&T Bank Stadium,Caesars Superdome,Houston Texans,Tampa Bay Buccaneers,NRG Stadium,Raymond James Stadium,364,0,-364,364,0.0,0.0,America/New_York,America/Chicago,0.0,-1.0,0.0,0.0,0.0,0,6.69,-5.25,6.69,-5.25,Baltimore Ravens,11.940000000000001,Baltimore Ravens,11.940000000000001,6.69,-5.25,Baltimore Ravens,11.940000000000001,0.0,0,No,No,No,No,Yes,0,No,0.0,0.0,3.773,-1.427,7.631500000000001,-4.337,7.631500000000001,-4.337,0.9415,0.913,4.7145,-0.514,Baltimore Ravens,11.9685,Baltimore Ravens,11.9685,7.631500000000001,-4.337,Baltimore Ravens,11.9685,Tie,0.0,Baltimore Ravens,5.2,1.8865,-0.7135,Baltimore Ravens,2.6,Baltimore Ravens,0.02849999999999997,Baltimore Ravens,5.2285,2.8280000000000003,0.1995,Baltimore Ravens,2.6285000000000003,Different,Same,Same,Same,Different,Same,False,Away Team,Away Team,,,,,,,,-110,-110,188,-234,0.02849999999999997,-0.02849999999999997,5.2285,-5.2285,,,0.5238,0.5238,0.7006,0.3472,,,0.5,0.5,0.6686,0.3314,0.8168,0.1822,0.3168,-0.3178,,,88,11,2026-11-22,BAL @ CAR,6.0,55.0,0.0,Historical Avg,False,L.Jackson,B.Young,12.81,13.0,14.16,200.53,High,4.0,22.0,60.29,60.0,13.914080291779015,43.0,79.0,0.1822,0.8168,0.0576,0.0638,0.0,0.0,0.0,0.0,0.3379,0.6618,+196,-196,,,,,,,,No Bet,,No Bet,,No Bet,,No Bet,,No Bet,,No Bet,,No Bet,,No Bet,,No Bet,,,,,,,,,,,,,,,,,,,,,,,,,,,,,11,0.30413333333333337,-0.07662857142857142,Baltimore Ravens,Carolina Panthers,0,0,0,0,0,0,0,0,0,0,0,0,0,5.0,1.5,,
2026_11_NO_CHI,2026,11,2026-11-22,13:00,New Orleans Saints,Chicago Bears,Home,,,,,7,14,-7,7,-4,8,Soldier Field,41.8623,-87.6167,America/Chicago,False,False,11,11,Sunday,True,False,1,True,False,1,-4,8,NFC South,Caesars Superdome,29.9507,-90.0813,America/Chicago,NFC North,Soldier Field,41.8623,-87.6167,America/Chicago,Carolina Panthers,Tampa Bay Buccaneers,Caesars Superdome,Soldier Field,Cincinnati Bengals,Detroit Lions,Paycor Stadium,Ford Field,834,0,-834,834,0.0,0.0,America/Chicago,America/Chicago,0.0,0.0,0.0,0.0,0.0,0,-6.145,-1.575,-6.145,-1.575,Chicago Bears,4.569999999999999,Chicago Bears,4.569999999999999,-6.145,-1.575,Chicago Bears,4.569999999999999,0.0,0,No,No,No,No,No,0,No,0.0,0.0,-5.014,3.925,-5.892,-0.18149999999999977,-5.892,-0.18149999999999977,0.2529999999999999,1.3935,-4.761000000000001,5.3185,Chicago Bears,5.710500000000001,Chicago Bears,5.710500000000001,-5.892,-0.18149999999999977,Chicago Bears,5.710500000000001,Tie,0.0,Chicago Bears,8.939,-2.507,1.9625,Chicago Bears,4.4695,Chicago Bears,1.1405,Chicago Bears,10.079500000000001,-2.2540000000000004,3.356,Chicago Bears,5.61,Different,Same,Same,Same,Different,Same,False,Home Team,Home Team,,,,,,,,-122,101,-483,356,-1.1405,1.1405,-10.079500000000001,10.079500000000001,,,0.4975,0.5495,0.2193,0.8285,,,0.4752,0.5248,0.2093,0.7907,0.253,0.7456,-0.247,0.2456,,,89,11,2026-11-22,NO @ CHI,15.0,45.0,0.0,Historical Avg,False,T.Shough,C.Williams,-8.69,-9.0,13.5,182.24,Med-High,-17.0,1.0,49.08,49.0,13.52472038055776,32.0,67.0,0.7456,0.253,0.071,0.0682,0.0,0.0,0.0,0.0,0.687,0.3125,-219,+220,,,,,,,,No Bet,,No Bet,,No Bet,,No Bet,,No Bet,,No Bet,,No Bet,,No Bet,,No Bet,,,,,,,,,,,,,,,,,,,,,,,,,,,,,11,-0.06922857142857142,0.043000000000000003,Chicago Bears,New Orleans Saints,0,0,0,1,0,1,0,0,0,1,0,1,0,2.0,2.5,,
2026_11_TEN_DAL,2026,11,2026-11-22,13:00,Tennessee Titans,Dallas Cowboys,Home,,,,,7,7,0,0,5,2,AT&T Stadium,32.7369,-97.0826,America/Chicago,False,False,11,11,Sunday,True,False,1,True,False,1,5,2,AFC South,Nissan Stadium,36.1664,-86.7716,America/Chicago,NFC East,AT&T Stadium,32.7369,-97.0826,America/Chicago,Jacksonville Jaguars,San Francisco 49ers,Nissan Stadium,AT&T Stadium,Jacksonville Jaguars,Philadelphia Eagles,TIAA Bank Field,AT&T Stadium,633,0,-633,633,0.0,0.0,America/Chicago,America/Chicago,0.0,0.0,0.0,0.0,0.0,0,-4.36,-0.615,-4.36,-0.615,Dallas Cowboys,3.745,Dallas Cowboys,3.745,-4.36,-0.615,Dallas Cowboys,3.745,0.0,0,No,No,No,No,No,0,No,0.0,0.0,-9.711,-2.247,-4.383500000000001,0.559,-4.383500000000001,0.559,-0.02350000000000002,1.1740000000000002,-9.7345,-1.0729999999999997,Dallas Cowboys,4.942500000000001,Dallas Cowboys,4.942500000000001,-4.383500000000001,0.559,Dallas Cowboys,4.942500000000001,Tie,0.0,Dallas Cowboys,7.464,-4.8555,-1.1235,Dallas Cowboys,3.732,Dallas Cowboys,1.1975000000000002,Dallas Cowboys,8.6615,-4.8790000000000004,0.05050000000000021,Dallas Cowboys,4.929500000000001,Different,Same,Same,Same,Different,Same,False,Home Team,Home Team,,,,,,,,-122,101,-397,302,-1.1975000000000002,1.1975000000000002,-8.6615,8.6615,,,0.4975,0.5495,0.2488,0.7988,,,0.4752,0.5248,0.2375,0.7625,0.3614,0.6378,-0.1386,0.1378,,,90,11,2026-11-22,TEN @ DAL,0.0,70.0,0.0,Dome,True,C.Ward,D.Prescott,-4.06,-5.0,12.74,162.22,Med-Low,-13.0,5.0,56.55,56.0,13.587380275113674,39.0,75.0,0.6378,0.3614,0.0976,0.0962,0.0,0.0,0.0,0.0,0.6417,0.358,-179,+179,,,,,,,,No Bet,,No Bet,,No Bet,,No Bet,,No Bet,,No Bet,,No Bet,,No Bet,,No Bet,,,,,,,,,,,,,,,,,,,,,,,,,,,,,11,-0.27485714285714286,-0.2041333333333333,Dallas Cowboys,Tennessee Titans,0,1,0,0,0,0,0,0,0,1,0,0,0,0.0,0.5,,
2026_11_TB_DET,2026,11,2026-11-22,13:00,Tampa Bay Buccaneers,Detroit Lions,Home,,,,,14,7,7,-7,8,3,Ford Field,42.3395,-83.045,America/Detroit,False,False,11,11,Sunday,True,False,1,True,False,1,8,3,NFC South,Raymond James Stadium,27.9759,-82.5033,America/New_York,NFC North,Ford Field,42.3395,-83.045,America/Detroit,Chicago Bears,New England Patriots,Soldier Field,FC Bayern Munich Stadium,Carolina Panthers,Chicago Bears,Raymond James Stadium,Ford Field,992,0,-992,992,0.0,0.0,America/Chicago,America/Detroit,-1.0,0.0,0.0,0.0,0.0,0,1.025,4.305,1.025,4.305,Detroit Lions,3.28,Detroit Lions,3.28,1.025,4.305,Detroit Lions,3.28,0.0,0,No,No,No,No,No,0,No,0.0,0.0,-3.128,1.824,1.7769999999999997,4.9399999999999995,1.7769999999999997,4.9399999999999995,0.752,0.635,-2.3760000000000003,2.4589999999999996,Detroit Lions,3.163,Detroit Lions,3.163,1.7769999999999997,4.9399999999999995,Detroit Lions,3.163,Tie,0.0,Detroit Lions,4.952,-1.564,0.912,Detroit Lions,2.476,Tampa Bay Buccaneers,0.11699999999999999,Detroit Lions,4.835,-0.8120000000000002,1.5469999999999997,Detroit Lions,2.359,Different,Same,Different,Same,Different,Same,False,Away Team,Home Team,,,,,,,,-110,-110,-234,188,0.11699999999999999,-0.11699999999999999,-4.835,4.835,,,0.5238,0.5238,0.3472,0.7006,,,0.5,0.5,0.3314,0.6686,0.2892,0.7106,-0.2108,0.2106,,,91,11,2026-11-22,TB @ DET,0.0,70.0,0.0,Dome,True,B.Mayfield,J.Goff,-7.81,-8.0,13.66,186.51,Med-High,-17.0,3.0,55.46,55.0,13.708926762317862,39.0,74.0,0.7106,0.2892,0.074,0.0734,0.0,0.0,0.0,0.0,0.6264,0.3735,-168,+168,,,,,,,,No Bet,,No Bet,,No Bet,,No Bet,,No Bet,,No Bet,,No Bet,,No Bet,,No Bet,,,,,,,,,,,,,,,,,,,,,,,,,,,,,11,-0.13745714285714286,0.07425714285714287,Tampa Bay Buccaneers,Detroit Lions,0,1,0,0,0,0,0,0,0,1,0,0,0,1.0,3.0,,
2026_11_ARI_KC,2026,11,2026-11-22,13:00,Arizona Cardinals,Kansas City Chiefs,Home,,,,,7,7,0,0,-4,3,GEHA Field at Arrowhead Stadium,39.0489,-94.4839,America/Chicago,False,False,11,11,Sunday,True,False,1,True,False,1,-4,3,NFC West,State Farm Stadium,33.5277,-112.262608,America/Denver,AFC West,GEHA Field at Arrowhead Stadium,39.0489,-94.4839,America/Chicago,Los Angeles Rams,Atlanta Falcons,State Farm Stadium,Mercedes-Benz Stadium,Washington Commanders,Buffalo Bills,State Farm Stadium,Highmark Stadium,1058,0,-1058,1058,-1.0,0.0,America/Denver,America/New_York,-1.0,1.0,-1.0,0.0,-1.0,0,0.075,4.395,0.075,4.395,Kansas City Chiefs,4.319999999999999,Kansas City Chiefs,4.319999999999999,0.075,4.395,Kansas City Chiefs,4.319999999999999,0.0,0,No,No,No,No,No,0,No,0.0,0.0,-1.231,3.194,0.8085,5.336,0.8085,5.336,0.7334999999999999,0.9410000000000001,-0.49750000000000005,4.135,Kansas City Chiefs,4.5275,Kansas City Chiefs,4.5275,0.8085,5.336,Kansas City Chiefs,4.5275,Tie,0.0,Kansas City Chiefs,4.425,-0.6155,1.597,Kansas City Chiefs,2.2125,Kansas City Chiefs,0.20750000000000013,Kansas City Chiefs,4.6325,0.11799999999999994,2.538,Kansas City Chiefs,2.42,Different,Same,Same,Same,Different,Same,False,Home Team,Home Team,,,,,,,,-110,-110,-224,181,-0.20750000000000013,0.20750000000000013,-4.6325,4.6325,,,0.5238,0.5238,0.3559,0.6914,,,0.5,0.5,0.3398,0.6602,0.1646,0.8346,-0.3354,0.3346,,,92,11,2026-11-22,ARI @ KC,10.0,60.0,0.0,Historical Avg,False,J.Brissett,P.Mahomes,-12.41,-13.0,12.95,167.82,Med-Low,-21.0,-4.0,50.74,50.0,13.14439297393876,34.0,68.0,0.8346,0.1646,0.0624,0.065,0.0,0.0,0.0,0.0,0.6649,0.3348,-198,+199,,,,,,,,No Bet,,No Bet,,No Bet,,No Bet,,No Bet,,No Bet,,No Bet,,No Bet,,No Bet,,,,,,,,,,,,,,,,,,,,,,,,,,,,,11,-0.22496666666666668,0.01262857142857143,Kansas City Chiefs,Arizona Cardinals,0,0,0,1,0,0,0,0,0,1,0,0,0,0.5,2.5,,
2026_11_JAX_NYG,2026,11,2026-11-22,13:00,Jacksonville Jaguars,New York Giants,Home,,,,,7,10,-3,3,1,6,MetLife Stadium,40.8136,-74.0744,America/New_York,False,True,11,11,Sunday,True,False,1,True,False,1,1,6,AFC South,TIAA Bank Field,30.3239,-81.6554,America/New_York,NFC East,MetLife Stadium,40.8136,-74.0744,America/New_York,Tennessee Titans,Washington Commanders,Nissan Stadium,MetLife Stadium,Tennessee Titans,Indianapolis Colts,TIAA Bank Field,Lucas Oil Stadium,839,0,-839,839,0.0,0.0,America/Chicago,America/New_York,-1.0,0.0,0.0,0.0,0.0,0,-1.825,-2.84,-1.825,-2.84,Jacksonville Jaguars,1.015,Jacksonville Jaguars,1.015,-1.825,-2.84,Jacksonville Jaguars,1.015,0.0,0,No,No,No,No,No,0,No,0.0,0.0,6.394,-4.129,-3.816,-1.2294999999999996,-3.816,-1.2294999999999996,-1.991,1.6105,4.4030000000000005,-2.5184999999999995,New York Giants,2.5865,New York Giants,2.5865,-3.816,-1.2294999999999996,New York Giants,2.5865,Tie,0.0,Jacksonville Jaguars,10.523,3.197,-2.0645,Jacksonville Jaguars,5.2615,New York Giants,3.6015,Jacksonville Jaguars,6.9215,1.2060000000000002,-0.45399999999999974,Jacksonville Jaguars,1.66,Different,Different,Same,Different,Different,Same,False,Home Team,Away Team,,,,,,,,-191,156,249,-319,-3.6015,3.6015,6.9215,-6.9215,,,0.3906,0.6564,0.7613,0.2865,,,0.3731,0.6269,0.7266,0.2734,0.8036,0.1952,0.3036,-0.3048,,,93,11,2026-11-22,JAX @ NYG,12.0,48.0,0.0,Historical Avg,False,T.Lawrence,J.Winston,11.27,12.0,13.5,182.13,Med-High,3.0,20.0,47.03,47.0,13.071935552924822,30.0,64.0,0.1952,0.8036,0.0606,0.0646,0.0,0.0,0.0,0.0,0.3652,0.6344,+174,-174,,,,,,,,No Bet,,No Bet,,No Bet,,No Bet,,No Bet,,No Bet,,No Bet,,No Bet,,No Bet,,,,,,,,,,,,,,,,,,,,,,,,,,,,,11,0.18514285714285714,-0.25862857142857143,New York Giants,Jacksonville Jaguars,0,0,0,0,0,0,0,0,0,0,0,0,0,4.0,0.0,,
2026_11_NYJ_LAC,2026,11,2026-11-22,16:05,New York Jets,Los Angeles Chargers,Home,,,,,7,6,1,-1,-10,-14,SoFi Stadium,33.9535,-118.3395,America/Los_Angeles,False,False,11,11,Sunday,True,False,1,True,False,1,-10,-14,AFC East,MetLife Stadium,40.8136,-74.0744,America/New_York,AFC West,SoFi Stadium,33.9535,-118.3395,America/Los_Angeles,Buffalo Bills,Baltimore Ravens,MetLife Stadium,M&T Bank Stadium,Miami Dolphins,New England Patriots,Hard Rock Stadium,SoFi Stadium,2448,0,-2448,2448,3.0,0.0,America/New_York,America/New_York,3.0,3.0,3.0,0.0,3.0,0,-3.725,0.935,-3.725,0.935,Los Angeles Chargers,4.66,Los Angeles Chargers,4.66,-3.725,0.935,Los Angeles Chargers,4.66,-0.22499999999999998,0,No,No,No,No,No,0,Yes,0.0,0.0,-5.458,-3.339,-4.1135,-0.7045,-4.1135,-0.7045,-0.3885,-1.6395,-5.8465,-4.9785,Los Angeles Chargers,3.4090000000000003,Los Angeles Chargers,3.4090000000000003,-4.1135,-0.7045,Los Angeles Chargers,3.4090000000000003,Tie,0.0,Los Angeles Chargers,2.119,-2.729,-1.6695,Los Angeles Chargers,1.0595,New York Jets,1.251,Los Angeles Chargers,0.8679999999999994,-3.1174999999999997,-3.309,New York Jets,0.19150000000000045,Different,Same,Different,Same,Different,Same,False,Away Team,Home Team,,,,,,,,105,-128,-122,101,1.251,-1.251,-0.8679999999999994,0.8679999999999994,,,0.5614,0.4878,0.4975,0.5495,,,0.5351,0.4649,0.4752,0.5248,0.3864,0.6136,-0.1136,0.1136,,,94,11,2026-11-22,NYJ @ LAC,0.0,70.0,0.0,Dome,True,G.Smith,J.Herbert,-3.87,-5.0,12.89,166.28,Med-Low,-13.0,6.0,43.92,43.0,12.630867404983732,29.0,61.0,0.6136,0.3864,0.0862,0.0864,0.0,0.0,0.0,0.0,0.5344,0.4656,-115,+115,,,,,,,,No Bet,,No Bet,,No Bet,,No Bet,,No Bet,,No Bet,,No Bet,,No Bet,,No Bet,,,,,,,,,,,,,,,,,,,,,,,,,,,,,11,-0.19376666666666664,-0.11345714285714285,New York Jets,Los Angeles Chargers,0,0,0,0,0,0,0,0,0,0,0,0,0,0.5,1.5,,
2026_11_LV_DEN,2026,11,2026-11-22,16:25,Las Vegas Raiders,Denver Broncos,Home,,,,,7,14,-7,7,-13,7,Empower Field at Mile High,39.7648,-105.0076,America/Denver,False,False,11,11,Sunday,True,False,1,True,False,1,-13,7,AFC West,Allegiant Stadium,36.108,-115.1578,America/Los_Angeles,AFC West,Empower Field at Mile High,39.7648,-105.0076,America/Denver,Seattle Seahawks,Carolina Panthers,Allegiant Stadium,Bank of America Stadium,Cleveland Browns,Pittsburgh Steelers,FirstEnergy Stadium,Acrisure Stadium,607,0,-607,607,-1.0,0.0,America/Los_Angeles,America/New_York,-1.0,2.0,-1.0,0.0,-1.0,0,-2.35,2.05,-2.35,2.05,Denver Broncos,4.4,Denver Broncos,4.4,-2.35,2.05,Denver Broncos,4.4,0.0,0,No,No,No,No,No,1,No,0.0,0.0,-3.377,2.928,-4.00521,3.9612099999999995,-4.00521,3.9612099999999995,-1.6992099999999999,1.95521,-5.01316,4.82016,Denver Broncos,7.966419999999999,Denver Broncos,7.966419999999999,-4.00521,3.9612099999999995,Denver Broncos,7.966419999999999,Tie,0.0,Denver Broncos,6.305,-1.6885,1.464,Denver Broncos,3.1525,Denver Broncos,3.65442,Denver Broncos,9.83332,-3.356185,3.387685,Denver Broncos,6.743869999999999,Different,Same,Same,Same,Different,Same,False,Home Team,Home Team,,,,,,,,-191,156,-483,356,-3.65442,3.65442,-9.83332,9.83332,,,0.3906,0.6564,0.2193,0.8285,,,0.3731,0.6269,0.2093,0.7907,0.395,0.6044,-0.105,0.1044,,,95,11,2026-11-22,LV @ DEN,10.0,45.0,0.0,Historical Avg,False,K.Cousins,B.Nix,-3.94,-5.0,12.92,167.01,Med-Low,-13.0,6.0,40.73,40.0,12.129906962899003,26.0,57.0,0.6044,0.395,0.0878,0.0876,0.0,0.0,0.0,0.0,0.674,0.3258,-207,+207,,,,,,,,No Bet,,No Bet,,No Bet,,No Bet,,No Bet,,No Bet,,No Bet,,No Bet,,No Bet,,,,,,,,,,,,,,,,,,,,,,,,,,,,,11,0.09253333333333331,0.12765714285714286,Denver Broncos,Las Vegas Raiders,0,0,0,1,0,1,0,0,0,1,0,1,1,3.0,3.5,,
2026_11_PIT_PHI,2026,11,2026-11-22,16:25,Pittsburgh Steelers,Philadelphia Eagles,Home,,,,,7,14,-7,7,-4,-15,Lincoln Financial Field,39.9008,-75.1675,America/New_York,False,True,11,11,Sunday,True,False,1,True,False,1,-4,-15,AFC North,Acrisure Stadium,40.4468,-80.0158,America/New_York,NFC East,Lincoln Financial Field,39.9008,-75.1675,America/New_York,Cincinnati Bengals,New York Giants,Paycor Stadium,Lincoln Financial Field,Denver Broncos,Dallas Cowboys,Acrisure Stadium,AT&T Stadium,259,0,-259,259,0.0,0.0,America/New_York,America/New_York,0.0,0.0,0.0,0.0,0.0,0,-0.565,4.905,-0.565,4.905,Philadelphia Eagles,5.470000000000001,Philadelphia Eagles,5.470000000000001,-0.565,4.905,Philadelphia Eagles,5.470000000000001,0.0,0,No,No,No,No,No,0,No,0.0,0.0,-2.174,0.123,-2.6754999999999995,5.663500000000001,-2.6754999999999995,5.663500000000001,-2.1105,0.7585000000000001,-4.2844999999999995,0.8815000000000001,Philadelphia Eagles,8.339,Philadelphia Eagles,8.339,-2.6754999999999995,5.663500000000001,Philadelphia Eagles,8.339,Tie,0.0,Philadelphia Eagles,2.2969999999999997,-1.087,0.0615,Philadelphia Eagles,1.1484999999999999,Philadelphia Eagles,2.869,Philadelphia Eagles,5.1659999999999995,-3.1975,0.8200000000000001,Philadelphia Eagles,4.0175,Different,Same,Same,Same,Different,Same,False,Home Team,Home Team,,,,,,,,-164,135,-234,188,-2.869,2.869,-5.1659999999999995,5.1659999999999995,,,0.4255,0.6212,0.3472,0.7006,,,0.4065,0.5935,0.3314,0.6686,0.4578,0.5414,-0.0422,0.0414,,,96,11,2026-11-22,PIT @ PHI,12.0,50.0,0.0,Historical Avg,False,A.Rodgers,J.Hurts,-1.44,-3.0,13.52,182.67,Med-High,-11.0,8.0,43.45,43.0,13.082435936246934,27.0,61.0,0.5414,0.4578,0.0948,0.0922,0.0,0.0,0.0,0.0,0.6012,0.3986,-151,+151,,,,,,,,No Bet,,No Bet,,No Bet,,No Bet,,No Bet,,No Bet,,No Bet,,No Bet,,No Bet,,,,,,,,,,,,,,,,,,,,,,,,,,,,,11,-0.1054857142857143,0.020742857142857143,Philadelphia Eagles,Pittsburgh Steelers,1,0,0,1,0,0,0,1,1,1,0,1,0,1.5,2.5,,
2026_11_MIN_SF,2026,11,2026-11-22,20:20,Minnesota Vikings,San Francisco 49ers,Neutral,,,,,7,7,0,0,7,9,Estadio Banorte,37.4031,-121.9702,America/Los_Angeles,True,True,11,11,Sunday,True,False,1,True,False,1,7,9,NFC North,U.S. Bank Stadium,44.9738,-93.2575,America/Chicago,NFC West,Levi's Stadium,37.4031,-121.9702,America/Los_Angeles,Green Bay Packers,Dallas Cowboys,Lambeau Field,AT&T Stadium,Atlanta Falcons,Seattle Seahawks,U.S. Bank Stadium,Levi's Stadium,1571,0,-1571,1571,2.0,0.0,America/Chicago,America/Chicago,2.0,2.0,2.0,0.0,2.0,0,0.27,3.325,0.27,3.325,San Francisco 49ers,3.055,San Francisco 49ers,3.055,0.27,3.325,San Francisco 49ers,3.055,-0.15,0,No,No,No,No,No,0,No,0.0,0.0,2.427,5.31,0.017000000000000126,3.0970000000000004,0.017000000000000126,3.0970000000000004,-0.25299999999999995,-0.22800000000000004,2.1740000000000004,5.082,San Francisco 49ers,3.08,San Francisco 49ers,3.08,0.017000000000000126,3.0970000000000004,San Francisco 49ers,3.08,Tie,0.0,San Francisco 49ers,2.8829999999999996,1.2135,2.655,San Francisco 49ers,1.4414999999999998,San Francisco 49ers,0.02499999999999991,San Francisco 49ers,2.9079999999999995,0.9605000000000002,2.427,San Francisco 49ers,1.4665,Different,Same,Same,Same,Different,Same,False,Home Team,Home Team,,,,,,,,-110,-110,-164,135,-0.02499999999999991,0.02499999999999991,-2.9079999999999995,2.9079999999999995,,,0.5238,0.5238,0.4255,0.6212,,,0.5,0.5,0.4065,0.5935,0.3462,0.6526,-0.1538,0.1526,,,97,11,2026-11-22,MIN @ SF,10.0,60.0,0.0,Historical Avg,False,K.Murray,B.Purdy,-4.88,-6.0,12.51,156.57,Low,-13.0,4.0,50.17,50.0,12.797795355184839,34.0,67.0,0.6526,0.3462,0.0928,0.0898,0.0,0.0,0.0,0.0,0.582,0.4176,-139,+139,,,,,,,,No Bet,,No Bet,,No Bet,,No Bet,,No Bet,,No Bet,,No Bet,,No Bet,,No Bet,,,,,,,,,,,,,,,,,,,,,,,,,,,,,11,0.15005714285714286,0.24608571428571427,San Francisco 49ers,Minnesota Vikings,0,0,0,0,0,0,0,0,0,0,0,0,0,3.5,4.5,,
2026_11_CIN_WAS,2026,11,2026-11-23,20:15,Cincinnati Bengals,Washington Commanders,Home,,,,,8,11,-3,3,-3,10,FedExField,38.9077,-76.8645,America/New_York,False,False,11,11,Monday,True,False,1,True,False,1,-3,10,AFC North,Paycor Stadium,39.0955,-84.5165,America/New_York,NFC East,FedExField,38.9077,-76.8645,America/New_York,Pittsburgh Steelers,New York Giants,Paycor Stadium,MetLife Stadium,New Orleans Saints,Arizona Cardinals,Paycor Stadium,State Farm Stadium,411,0,-411,411,0.0,0.0,America/New_York,America/New_York,0.0,0.0,0.0,0.0,0.0,0,1.31,1.45,1.31,1.45,Washington Commanders,0.1399999999999999,Washington Commanders,0.1399999999999999,1.31,1.45,Washington Commanders,0.1399999999999999,0.0,0,No,No,No,No,No,0,No,0.0,0.0,1.256,-3.609,1.075,2.4814999999999996,1.075,2.4814999999999996,-0.235,1.0314999999999999,1.0210000000000001,-2.5774999999999997,Washington Commanders,1.4064999999999996,Washington Commanders,1.4064999999999996,1.075,2.4814999999999996,Washington Commanders,1.4064999999999996,Tie,0.0,Cincinnati Bengals,4.865,0.628,-1.8045,Cincinnati Bengals,2.4325,Washington Commanders,1.2664999999999997,Cincinnati Bengals,3.5984999999999996,0.39300000000000007,-0.7729999999999999,Cincinnati Bengals,1.166,Different,Different,Same,Different,Different,Same,False,Home Team,Away Team,,,,,,,,-128,105,156,-191,-1.2664999999999997,1.2664999999999997,3.5984999999999996,-3.5984999999999996,,,0.4878,0.5614,0.6564,0.3906,,,0.4649,0.5351,0.6269,0.3731,0.5778,0.4206,0.0778,-0.0794,,,98,11,2026-11-23,CIN @ WAS,10.0,52.0,0.0,Historical Avg,False,J.Burrow,J.Daniels,2.59,3.0,13.55,183.68,Med-High,-7.0,12.0,55.6,55.0,13.676629483860697,39.0,74.0,0.4206,0.5778,0.092,0.0888,0.0,0.0,0.0,0.0,0.4429,0.5565,+126,-125,,,,,,,,No Bet,,No Bet,,No Bet,,No Bet,,No Bet,,No Bet,,No Bet,,No Bet,,No Bet,,,,,,,,,,,,,,,,,,,,,,,,,,,,,11,-0.0016285714285714276,-0.06231428571428572,Washington Commanders,Cincinnati Bengals,0,0,0,0,0,0,0,0,0,0,0,0,0,2.5,2.0,,
2026_12_GB_LA,2026,12,2026-11-25,20:00,Green Bay Packers,Los Angeles Rams,Home,,,,,10,10,0,0,-3,-5,SoFi Stadium,33.9535,-118.3395,America/Los_Angeles,False,False,Thanksgiving,12,Wednesday,True,True,2,True,True,2,-3,-5,NFC North,Lambeau Field,44.5013,-88.0622,America/Chicago,NFC West,SoFi Stadium,33.9535,-118.3395,America/Los_Angeles,Minnesota Vikings,Arizona Cardinals,Lambeau Field,State Farm Stadium,New Orleans Saints,Kansas City Chiefs,Caesars Superdome,SoFi Stadium,1762,0,-1762,1762,2.0,0.0,America/Chicago,America/Denver,2.0,1.0,2.0,0.0,2.0,0,3.535,1.29,3.535,1.29,Green Bay Packers,2.245,Green Bay Packers,2.245,3.535,1.29,Green Bay Packers,2.245,-0.15,0,No,No,No,No,No,0,No,0.0,0.0,-0.138,6.079,3.861,0.837,3.861,0.837,0.32599999999999996,-0.453,0.18799999999999994,5.6259999999999994,Green Bay Packers,3.024,Green Bay Packers,3.024,3.861,0.837,Green Bay Packers,3.024,Tie,0.0,Los Angeles Rams,6.217,-0.069,3.0395,Los Angeles Rams,3.1085,Green Bay Packers,0.7789999999999999,Los Angeles Rams,5.438,0.25699999999999995,2.5864999999999996,Los Angeles Rams,2.3294999999999995,Different,Different,Same,Different,Different,Same,False,Away Team,Home Team,,,,,,,,101,-122,-244,195,0.7789999999999999,-0.7789999999999999,-5.438,5.438,,,0.5495,0.4975,0.339,0.7093,,,0.5248,0.4752,0.3234,0.6766,0.4044,0.5938,-0.0956,0.0938,,,99,12,2026-11-25,GB @ LA,0.0,70.0,0.0,Dome,True,J.Love,M.Stafford,-3.3,-4.0,13.52,182.84,Med-High,-13.0,7.0,53.52,53.0,14.04221623417591,36.0,71.0,0.5938,0.4044,0.0972,0.0936,0.0,0.0,0.0,0.0,0.5819,0.4175,-139,+140,,,,,,,,No Bet,,No Bet,,No Bet,,No Bet,,No Bet,,No Bet,,No Bet,,No Bet,,No Bet,,,,,,,,,,,,,,,,,,,,,,,,,,,,,12,0.0792,0.060799999999999986,Green Bay Packers,Los Angeles Rams,1,0,0,1,0,0,1,1,0,0,1,1,0,3.5,3.5,,
2026_12_CHI_DET,2026,12,2026-11-26,13:00,Chicago Bears,Detroit Lions,Home,,,,,4,4,0,0,8,3,Ford Field,42.3395,-83.045,America/Detroit,False,False,Thanksgiving,12,Thursday,True,True,2,True,True,2,8,3,NFC North,Soldier Field,41.8623,-87.6167,America/Chicago,NFC North,Ford Field,42.3395,-83.045,America/Detroit,New Orleans Saints,Tampa Bay Buccaneers,Soldier Field,Ford Field,Jacksonville Jaguars,Atlanta Falcons,Soldier Field,Mercedes-Benz Stadium,236,0,-236,236,-1.0,0.0,America/Chicago,America/Detroit,-1.0,0.0,-1.0,0.0,-1.0,0,-1.575,4.305,-1.575,4.305,Detroit Lions,5.88,Detroit Lions,5.88,-1.575,4.305,Detroit Lions,5.88,0.0,0,No,No,No,No,No,1,No,0.0,0.0,3.925,1.824,-1.646665,5.393165,-1.646665,5.393165,-0.13046500000000003,1.1469650000000002,3.773525,2.991975,Detroit Lions,7.03983,Detroit Lions,7.03983,-1.646665,5.393165,Detroit Lions,7.03983,Tie,0.0,Chicago Bears,2.101,1.9625,0.912,Chicago Bears,1.0505,Detroit Lions,1.2774300000000003,Chicago Bears,0.7815499999999997,1.8215299999999999,2.06947,Detroit Lions,0.24794000000000005,Different,Different,Same,Different,Different,Same,False,Home Team,Away Team,,,,,,,,-128,105,101,-122,-1.2774300000000003,1.2774300000000003,0.7815499999999997,-0.7815499999999997,,,0.4878,0.5614,0.5495,0.4975,,,0.4649,0.5351,0.5248,0.4752,0.5058,0.4934,0.0058,-0.0066,,,100,12,2026-11-26,CHI @ DET,0.0,70.0,0.0,Dome,True,C.Williams,J.Goff,0.09,1.0,13.46,181.04,Med-High,-9.0,10.0,56.83,57.0,14.239791078874507,39.0,75.0,0.4934,0.5058,0.0946,0.0954,0.0,0.0,0.0,0.0,0.5012,0.4985,-100,+101,,,,,,,,No Bet,,No Bet,,No Bet,,No Bet,,No Bet,,No Bet,,No Bet,,No Bet,,No Bet,,,,,,,,,,,,,,,,,,,,,,,,,,,,,12,0.0492,0.08773333333333333,Detroit Lions,Chicago Bears,0,1,1,0,1,0,0,0,0,0,1,0,1,3.5,4.0,,
2026_12_PHI_DAL,2026,12,2026-11-26,16:30,Philadelphia Eagles,Dallas Cowboys,Home,,,,,4,4,0,0,-15,2,AT&T Stadium,32.7369,-97.0826,America/Chicago,False,False,Thanksgiving,12,Thursday,True,True,2,True,True,2,-15,2,NFC East,Lincoln Financial Field,39.9008,-75.1675,America/New_York,NFC East,AT&T Stadium,32.7369,-97.0826,America/Chicago,Pittsburgh Steelers,Tennessee Titans,Lincoln Financial Field,AT&T Stadium,Arizona Cardinals,Seattle Seahawks,State Farm Stadium,Lumen Field,1311,0,-1311,1311,1.0,0.0,America/New_York,America/Chicago,1.0,0.0,1.0,0.0,1.0,0,4.905,-0.615,4.905,-0.615,Philadelphia Eagles,5.5200000000000005,Philadelphia Eagles,5.5200000000000005,4.905,-0.615,Philadelphia Eagles,5.5200000000000005,0.0,0,No,No,No,No,No,1,No,0.0,0.0,0.123,-2.247,3.219625,0.585875,3.219625,0.585875,-1.6301750000000002,1.1456750000000002,-1.530875,-1.0776249999999998,Philadelphia Eagles,2.63375,Philadelphia Eagles,2.63375,3.219625,0.585875,Philadelphia Eagles,2.63375,Tie,0.0,Philadelphia Eagles,2.37,0.0615,-1.1235,Philadelphia Eagles,1.185,Dallas Cowboys,2.77585,Dallas Cowboys,0.45325000000000015,-1.5805250000000002,0.034025000000000194,Dallas Cowboys,1.6145500000000004,Different,Different,Different,Different,Different,Different,False,Home Team,Home Team,,,,,,,,-164,135,-116,-104,-2.77585,2.77585,-0.45325000000000015,0.45325000000000015,,,0.4255,0.6212,0.5098,0.537,,,0.4065,0.5935,0.487,0.513,0.6738,0.3252,0.1738,-0.1748,,,101,12,2026-11-26,PHI @ DAL,0.0,70.0,0.0,Dome,True,J.Hurts,D.Prescott,5.66,7.0,12.72,161.9,Med-Low,-3.0,14.0,55.35,55.0,13.90742971796989,38.0,74.0,0.3252,0.6738,0.0806,0.0842,0.0,0.0,0.0,0.0,0.4772,0.5224,+110,-109,,,,,,,,No Bet,,No Bet,,No Bet,,No Bet,,No Bet,,No Bet,,No Bet,,No Bet,,No Bet,,,,,,,,,,,,,,,,,,,,,,,,,,,,,12,-0.0047666666666666595,-0.21000000000000002,Dallas Cowboys,Philadelphia Eagles,0,1,1,0,0,0,1,0,0,0,1,0,1,2.5,0.0,,
2026_12_KC_BUF,2026,12,2026-11-26,20:20,Kansas City Chiefs,Buffalo Bills,Home,,,,,4,4,0,0,3,8,Highmark Stadium,42.7725,-78.7877,America/New_York,False,False,Thanksgiving,12,Thursday,True,True,2,True,True,2,3,8,AFC West,GEHA Field at Arrowhead Stadium,39.0489,-94.4839,America/Chicago,AFC East,Highmark Stadium,42.7725,-78.7877,America/New_York,Arizona Cardinals,Miami Dolphins,GEHA Field at Arrowhead Stadium,Highmark Stadium,Los Angeles Rams,New England Patriots,SoFi Stadium,Gillette Stadium,857,0,-857,857,-1.0,0.0,America/Chicago,America/New_York,-1.0,0.0,-1.0,0.0,-1.0,0,4.395,4.795,4.395,4.795,Buffalo Bills,0.40000000000000036,Buffalo Bills,0.40000000000000036,4.395,4.795,Buffalo Bills,0.40000000000000036,0.0,0,No,No,Yes,No,No,0,No,0.0,0.0,3.194,3.307,3.679,5.274,3.679,5.274,-0.716,0.47900000000000004,2.4779999999999998,3.786,Buffalo Bills,1.5950000000000002,Buffalo Bills,1.5950000000000002,3.679,5.274,Buffalo Bills,1.5950000000000002,Tie,0.0,Buffalo Bills,0.11299999999999999,1.597,1.6535,Buffalo Bills,0.056499999999999995,Buffalo Bills,1.195,Buffalo Bills,1.3080000000000003,0.8809999999999999,2.1325,Buffalo Bills,1.2515,Different,Same,Same,Same,Different,Same,False,Home Team,Home Team,,,,,,,,-122,101,-128,105,-1.195,1.195,-1.3080000000000003,1.3080000000000003,,,0.4975,0.5495,0.4878,0.5614,,,0.4752,0.5248,0.4649,0.5351,0.3948,0.6046,-0.1052,0.1046,,,102,12,2026-11-26,KC @ BUF,15.0,40.0,0.0,Historical Avg,False,P.Mahomes,J.Allen,-3.64,-4.0,14.4,207.41,High,-13.0,7.0,57.12,57.0,13.794448194842737,40.0,75.0,0.6046,0.3948,0.0798,0.0788,0.0,0.0,0.0,0.0,0.5548,0.445,-125,+125,,,,,,,,No Bet,,No Bet,,No Bet,,No Bet,,No Bet,,No Bet,,No Bet,,No Bet,,No Bet,,,,,,,,,,,,,,,,,,,,,,,,,,,,,12,0.03226666666666667,0.17576666666666665,Buffalo Bills,Kansas City Chiefs,0,1,1,0,0,0,0,1,0,0,0,1,0,3.0,5.0,,
2026_12_DEN_PIT,2026,12,2026-11-27,15:00,Denver Broncos,Pittsburgh Steelers,Home,,,,,5,5,0,0,7,-4,Acrisure Stadium,40.4468,-80.0158,America/New_York,False,False,Thanksgiving,12,Friday,True,True,2,True,True,2,7,-4,AFC West,Empower Field at Mile High,39.7648,-105.0076,America/Denver,AFC North,Acrisure Stadium,40.4468,-80.0158,America/New_York,Las Vegas Raiders,Philadelphia Eagles,Empower Field at Mile High,Lincoln Financial Field,Miami Dolphins,Houston Texans,Empower Field at Mile High,Acrisure Stadium,1316,0,-1316,1316,-2.0,0.0,America/Denver,America/New_York,-2.0,0.0,-2.0,0.0,-2.0,0,2.05,-0.565,2.05,-0.565,Denver Broncos,2.6149999999999998,Denver Broncos,2.6149999999999998,2.05,-0.565,Denver Broncos,2.6149999999999998,-0.3,0,No,No,No,No,No,0,No,0.0,0.0,2.928,-2.174,0.8325,0.6205,0.8325,0.6205,-1.2174999999999998,1.1855,1.7105000000000004,-0.9885000000000002,Denver Broncos,0.21199999999999997,Denver Broncos,0.21199999999999997,0.8325,0.6205,Denver Broncos,0.21199999999999997,Tie,0.0,Denver Broncos,5.102,1.464,-1.087,Denver Broncos,2.551,Pittsburgh Steelers,2.4029999999999996,Denver Broncos,2.6990000000000007,0.24650000000000027,0.09849999999999992,Denver Broncos,0.14800000000000035,Different,Same,Different,Same,Different,Same,False,Home Team,Away Team,,,,,,,,-142,117,117,-142,-2.4029999999999996,2.4029999999999996,2.6990000000000007,-2.6990000000000007,,,0.4608,0.5868,0.5868,0.4608,,,0.4399,0.5601,0.5601,0.4399,0.576,0.4218,0.076,-0.0782,,,103,12,2026-11-27,DEN @ PIT,12.0,45.0,0.0,Historical Avg,False,B.Nix,A.Rodgers,2.48,3.0,13.27,176.11,Medium,-7.0,12.0,42.3,42.0,12.336941216675903,27.0,58.0,0.4218,0.576,0.0892,0.0944,0.0,0.0,0.0,0.0,0.4739,0.5253,+111,-111,,,,,,,,No Bet,,No Bet,,No Bet,,No Bet,,No Bet,,No Bet,,No Bet,,No Bet,,No Bet,,,,,,,,,,,,,,,,,,,,,,,,,,,,,12,0.13626666666666665,-0.11003333333333333,Pittsburgh Steelers,Denver Broncos,0,1,1,0,1,0,0,0,0,0,1,0,0,4.5,1.5,,
2026_12_NO_CIN,2026,13,2026-11-29,13:00,New Orleans Saints,Cincinnati Bengals,Home,,,,,7,6,1,-1,-3,-4,Paycor Stadium,39.0955,-84.5165,America/New_York,False,True,12,12,Sunday,True,True,2,True,True,2,-3,-4,NFC South,Caesars Superdome,29.9507,-90.0813,America/Chicago,AFC North,Paycor Stadium,39.0955,-84.5165,America/New_York,Chicago Bears,Washington Commanders,Soldier Field,FedExField,Green Bay Packers,Cleveland Browns,Caesars Superdome,FirstEnergy Stadium,706,0,-706,706,-1.0,0.0,America/Chicago,America/New_York,-1.0,0.0,-1.0,0.0,-1.0,0,-6.145,1.31,-6.145,1.31,Cincinnati Bengals,7.455,Cincinnati Bengals,7.455,-6.145,1.31,Cincinnati Bengals,7.455,0.0,0,No,No,No,No,No,0,Yes,0.0,0.0,-5.014,1.256,-5.317,0.8700000000000002,-5.317,0.8700000000000002,0.828,-0.44000000000000006,-4.186000000000001,0.8160000000000002,Cincinnati Bengals,6.187,Cincinnati Bengals,6.187,-5.317,0.8700000000000002,Cincinnati Bengals,6.187,Tie,0.0,Cincinnati Bengals,6.2700000000000005,-2.507,0.628,Cincinnati Bengals,3.1350000000000002,New Orleans Saints,1.268,Cincinnati Bengals,5.002000000000001,-1.6790000000000005,0.18800000000000006,Cincinnati Bengals,1.8670000000000004,Different,Same,Different,Same,Different,Same,False,Away Team,Home Team,,,,,,,,105,-128,-234,188,1.268,-1.268,-5.002000000000001,5.002000000000001,,,0.5614,0.4878,0.3472,0.7006,,,0.5351,0.4649,0.3314,0.6686,0.3992,0.5998,-0.1008,0.0998,,,104,13,2026-11-29,NO @ CIN,10.0,48.0,0.0,Historical Avg,False,T.Shough,J.Burrow,-3.55,-4.0,13.36,178.58,Medium,-13.0,7.0,51.46,51.0,12.913559813057324,36.0,68.0,0.5998,0.3992,0.0862,0.0794,0.0,0.0,0.0,0.0,0.5778,0.4219,-137,+137,,,,,,,,No Bet,,No Bet,,No Bet,,No Bet,,No Bet,,No Bet,,No Bet,,No Bet,,No Bet,,,,,,,,,,,,,,,,,,,,,,,,,,,,,13,-0.06396666666666666,-0.018533333333333332,New Orleans Saints,Cincinnati Bengals,0,0,0,0,0,0,0,0,0,0,0,0,0,2.0,2.5,,
2026_12_LV_CLE,2026,13,2026-11-29,13:00,Las Vegas Raiders,Cleveland Browns,Home,,,,,7,14,-7,7,-20,3,FirstEnergy Stadium,41.5061,-81.6994,America/New_York,False,True,12,12,Sunday,True,True,2,True,True,2,-20,3,AFC West,Allegiant Stadium,36.108,-115.1578,America/Los_Angeles,AFC North,FirstEnergy Stadium,41.5061,-81.6994,America/New_York,Denver Broncos,Houston Texans,Empower Field at Mile High,FirstEnergy Stadium,Los Angeles Chargers,Cincinnati Bengals,Allegiant Stadium,FirstEnergy Stadium,1826,0,-1826,1826,-3.0,0.0,America/Denver,America/New_York,-2.0,0.0,-3.0,0.0,-3.0,0,-2.35,-4.705,-2.35,-4.705,Las Vegas Raiders,2.355,Las Vegas Raiders,2.355,-2.35,-4.705,Las Vegas Raiders,2.355,-0.44999999999999996,0,No,No,No,No,No,0,No,0.0,0.0,-3.377,-4.154,-5.0365,-1.7759999999999994,-5.0365,-1.7759999999999994,-2.6865,2.9290000000000003,-6.0635,-1.225,Cleveland Browns,3.260500000000001,Cleveland Browns,3.260500000000001,-5.0365,-1.7759999999999994,Cleveland Browns,3.260500000000001,Tie,0.0,Las Vegas Raiders,0.7770000000000001,-1.6885,-2.077,Las Vegas Raiders,0.38850000000000007,Cleveland Browns,5.615500000000001,Cleveland Browns,4.8385,-4.375,0.8520000000000001,Cleveland Browns,5.227,Different,Different,Same,Same,Different,Different,False,Home Team,Home Team,,,,,,,,-244,195,-234,188,-5.615500000000001,5.615500000000001,-4.8385,4.8385,,,0.339,0.7093,0.3472,0.7006,,,0.3234,0.6766,0.3314,0.6686,0.59,0.4088,0.09,-0.0912,,,105,13,2026-11-29,LV @ CLE,10.0,60.0,0.0,Historical Avg,False,K.Cousins,D.Watson,2.75,4.0,13.01,169.16,Med-Low,-7.0,12.0,40.63,40.0,11.860927201480319,26.0,56.0,0.4088,0.59,0.079,0.0786,0.0,0.0,0.0,0.0,0.5847,0.4149,-141,+141,,,,,,,,No Bet,,No Bet,,No Bet,,No Bet,,No Bet,,No Bet,,No Bet,,No Bet,,No Bet,,,,,,,,,,,,,,,,,,,,,,,,,,,,,13,0.09304,-0.13703333333333334,Cleveland Browns,Las Vegas Raiders,0,0,0,0,0,0,0,0,0,0,0,0,0,3.0,1.5,,
2026_12_BAL_HOU,2026,13,2026-11-29,13:00,Baltimore Ravens,Houston Texans,Home,,,,,7,10,-3,3,-14,10,NRG Stadium,29.6847,-95.4093,America/Chicago,False,True,12,12,Sunday,True,True,2,True,True,2,-14,10,AFC North,M&T Bank Stadium,39.2789,-76.6228,America/New_York,AFC South,NRG Stadium,29.6847,-95.4093,America/Chicago,Carolina Panthers,Indianapolis Colts,Bank of America Stadium,NRG Stadium,Tampa Bay Buccaneers,Pittsburgh Steelers,M&T Bank Stadium,Acrisure Stadium,1254,0,-1254,1254,1.0,0.0,America/New_York,America/Chicago,1.0,0.0,1.0,0.0,1.0,0,6.69,0.035,6.69,0.035,Baltimore Ravens,6.655,Baltimore Ravens,6.655,6.69,0.035,Baltimore Ravens,6.655,0.0,0,No,No,No,No,No,0,No,0.0,0.0,3.773,1.731,7.456500000000001,0.34900000000000003,7.456500000000001,0.34900000000000003,0.7665,0.314,4.5395,2.045,Baltimore Ravens,7.107500000000001,Baltimore Ravens,7.107500000000001,7.456500000000001,0.34900000000000003,Baltimore Ravens,7.107500000000001,Tie,0.0,Baltimore Ravens,2.042,1.8865,0.8655,Baltimore Ravens,1.021,Baltimore Ravens,0.45249999999999996,Baltimore Ravens,2.4945000000000004,2.653,1.1795,Baltimore Ravens,1.4735,Different,Same,Same,Same,Different,Same,False,Away Team,Away Team,,,,,,,,-104,-116,117,-142,0.45249999999999996,-0.45249999999999996,2.4945000000000004,-2.4945000000000004,,,0.537,0.5098,0.5868,0.4608,,,0.513,0.487,0.5601,0.4399,0.688,0.3112,0.188,-0.1888,,,106,13,2026-11-29,BAL @ HOU,0.0,70.0,0.0,Dome,True,L.Jackson,C.Stroud,6.44,7.0,13.09,171.33,Medium,-3.0,15.0,56.18,56.0,13.566599193708663,39.0,74.0,0.3112,0.688,0.078,0.0802,0.0,0.0,0.0,0.0,0.4127,0.587,+142,-142,,,,,,,,No Bet,,No Bet,,No Bet,,No Bet,,No Bet,,No Bet,,No Bet,,No Bet,,No Bet,,,,,,,,,,,,,,,,,,,,,,,,,,,,,13,0.32736,0.1019,Baltimore Ravens,Houston Texans,0,0,0,0,0,1,0,0,0,0,0,1,0,5.0,3.0,,
2026_12_NYG_IND,2026,13,2026-11-29,13:00,New York Giants,Indianapolis Colts,Home,,,,,7,10,-3,3,3,-13,Lucas Oil Stadium,39.7601,-86.1638,America/Indiana/Indianapolis,False,False,12,12,Sunday,True,True,2,True,True,2,3,-13,NFC East,MetLife Stadium,40.8136,-74.0744,America/New_York,AFC South,Lucas Oil Stadium,39.7601,-86.1638,America/Indiana/Indianapolis,Jacksonville Jaguars,Houston Texans,MetLife Stadium,NRG Stadium,San Francisco 49ers,Philadelphia Eagles,MetLife Stadium,Lincoln Financial Field,640,0,-640,640,0.0,0.0,America/New_York,America/Chicago,0.0,-1.0,0.0,0.0,0.0,0,-2.84,-2.265,-2.84,-2.265,Indianapolis Colts,0.5749999999999997,Indianapolis Colts,0.5749999999999997,-2.84,-2.265,Indianapolis Colts,0.5749999999999997,0.0,0,No,No,No,No,No,0,No,0.0,0.0,-4.129,-0.012,-4.0005,-3.2405,-4.0005,-3.2405,-1.1604999999999999,-0.9755,-5.2894999999999985,-0.9875,Indianapolis Colts,0.7599999999999998,Indianapolis Colts,0.7599999999999998,-4.0005,-3.2405,Indianapolis Colts,0.7599999999999998,Tie,0.0,Indianapolis Colts,4.117,-2.0645,-0.006,Indianapolis Colts,2.0585,Indianapolis Colts,0.18499999999999983,Indianapolis Colts,4.301999999999999,-3.224999999999999,-0.9815,Indianapolis Colts,2.243499999999999,Different,Same,Same,Same,Different,Same,False,Home Team,Home Team,,,,,,,,-110,-110,-224,181,-0.18499999999999983,0.18499999999999983,-4.301999999999999,4.301999999999999,,,0.5238,0.5238,0.3559,0.6914,,,0.5,0.5,0.3398,0.6602,0.3052,0.6938,-0.1948,0.1938,,,107,13,2026-11-29,NYG @ IND,0.0,70.0,0.0,Dome,True,J.Winston,D.Jones,-6.87,-7.0,13.51,182.54,Med-High,-16.0,3.0,48.52,48.0,12.889319274122666,33.0,65.0,0.6938,0.3052,0.0728,0.0776,0.0,0.0,0.0,0.0,0.618,0.3817,-162,+162,,,,,,,,No Bet,,No Bet,,No Bet,,No Bet,,No Bet,,No Bet,,No Bet,,No Bet,,No Bet,,,,,,,,,,,,,,,,,,,,,,,,,,,,,13,-0.2692666666666667,0.0062799999999999965,Indianapolis Colts,New York Giants,0,0,0,0,0,0,0,0,0,0,0,0,0,0.5,2.5,,
2026_12_NYJ_MIA,2026,13,2026-11-29,13:00,New York Jets,Miami Dolphins,Home,,,,,7,7,0,0,-10,1,Hard Rock Stadium,25.9602,-80.2384,America/New_York,False,True,12,12,Sunday,True,True,2,True,True,2,-10,1,AFC East,MetLife Stadium,40.8136,-74.0744,America/New_York,AFC East,Hard Rock Stadium,25.9602,-80.2384,America/New_York,Los Angeles Chargers,Buffalo Bills,SoFi Stadium,Highmark Stadium,Denver Broncos,Denver Broncos,MetLife Stadium,Empower Field at Mile High,1085,0,-1085,1085,0.0,0.0,America/Los_Angeles,America/New_York,-3.0,0.0,0.0,0.0,0.0,0,-3.725,0.66,-3.725,0.66,Miami Dolphins,4.385,Miami Dolphins,4.385,-3.725,0.66,Miami Dolphins,4.385,0.0,0,No,No,No,No,No,1,No,0.0,0.0,-5.458,-7.793,-4.1350549999999995,1.1025550000000002,-4.1350549999999995,1.1025550000000002,-0.453905,0.486405,-5.935255,-7.283245000000001,Miami Dolphins,5.23761,Miami Dolphins,5.23761,-4.1350549999999995,1.1025550000000002,Miami Dolphins,5.23761,Tie,0.0,New York Jets,2.335,-2.729,-3.8965,New York Jets,1.1675,Miami Dolphins,0.94031,New York Jets,1.3479900000000011,-3.1945799999999998,-3.3984200000000007,New York Jets,0.2038400000000009,Different,Different,Same,Different,Different,Same,False,Home Team,Away Team,,,,,,,,-122,101,105,-128,-0.94031,0.94031,1.3479900000000011,-1.3479900000000011,,,0.4975,0.5495,0.5614,0.4878,,,0.4752,0.5248,0.5351,0.4649,0.553,0.4462,0.053,-0.0538,,,108,13,2026-11-29,NYJ @ MIA,10.0,75.0,0.0,Historical Avg,False,G.Smith,M.Willis,1.44,3.0,13.37,178.63,Medium,-8.0,10.0,45.85,45.0,12.874659930796879,30.0,63.0,0.4462,0.553,0.0846,0.0932,0.0,0.0,0.0,0.0,0.4786,0.5211,+109,-109,,,,,,,,No Bet,,No Bet,,No Bet,,No Bet,,No Bet,,No Bet,,No Bet,,No Bet,,No Bet,,,,,,,,,,,,,,,,,,,,,,,,,,,,,13,-0.24312,-0.30433333333333334,Miami Dolphins,New York Jets,0,0,0,0,0,0,0,0,0,0,0,0,1,0.5,0.0,,
2026_12_ATL_MIN,2026,13,2026-11-29,13:00,Atlanta Falcons,Minnesota Vikings,Home,,,,,14,7,7,-7,10,0,U.S. Bank Stadium,44.9738,-93.2575,America/Chicago,False,False,12,12,Sunday,True,True,2,True,True,2,10,0,NFC South,Mercedes-Benz Stadium,33.7489,-84.388,America/New_York,NFC North,U.S. Bank Stadium,44.9738,-93.2575,America/Chicago,Kansas City Chiefs,San Francisco 49ers,Mercedes-Benz Stadium,Estadio Banorte,Detroit Lions,Carolina Panthers,Mercedes-Benz Stadium,U.S. Bank Stadium,907,0,-907,907,1.0,0.0,America/New_York,America/Los_Angeles,1.0,-2.0,1.0,0.0,1.0,0,-0.71,0.27,-0.71,0.27,Minnesota Vikings,0.98,Minnesota Vikings,0.98,-0.71,0.27,Minnesota Vikings,0.98,0.0,0,No,No,No,No,No,0,No,0.0,0.0,1.764,2.427,2.837,0.348,2.837,0.348,3.547,0.07799999999999996,5.311,2.505,Atlanta Falcons,2.4890000000000003,Atlanta Falcons,2.4890000000000003,2.837,0.348,Atlanta Falcons,2.4890000000000003,Tie,0.0,Minnesota Vikings,0.663,0.882,1.2135,Minnesota Vikings,0.3315,Atlanta Falcons,3.4690000000000003,Atlanta Falcons,2.806,4.429,1.2914999999999999,Atlanta Falcons,3.1375,Different,Different,Same,Same,Different,Different,False,Away Team,Away Team,,,,,,,,156,-191,135,-164,3.4690000000000003,-3.4690000000000003,2.806,-2.806,,,0.6564,0.3906,0.6212,0.4255,,,0.6269,0.3731,0.5935,0.4065,0.407,0.5918,-0.093,0.0918,,,109,13,2026-11-29,ATL @ MIN,0.0,70.0,0.0,Dome,True,M.Penix,K.Murray,-2.61,-3.0,13.06,170.44,Medium,-12.0,7.0,43.06,43.0,12.281469207598064,28.0,59.0,0.5918,0.407,0.0942,0.0872,0.0,0.0,0.0,0.0,0.4571,0.5425,+119,-119,,,,,,,,No Bet,,No Bet,,No Bet,,No Bet,,No Bet,,No Bet,,No Bet,,No Bet,,No Bet,,,,,,,,,,,,,,,,,,,,,,,,,,,,,13,0.1449,0.1597666666666667,Atlanta Falcons,Minnesota Vikings,0,0,0,0,0,0,0,0,0,0,0,0,0,3.5,3.5,,
2026_12_TEN_JAX,2026,13,2026-11-29,16:05,Tennessee Titans,Jacksonville Jaguars,Home,,,,,7,7,0,0,5,1,TIAA Bank Field,30.3239,-81.6554,America/New_York,False,True,12,12,Sunday,True,True,2,True,True,2,5,1,AFC South,Nissan Stadium,36.1664,-86.7716,America/Chicago,AFC South,TIAA Bank Field,30.3239,-81.6554,America/New_York,Dallas Cowboys,New York Giants,AT&T Stadium,MetLife Stadium,Washington Commanders,Chicago Bears,Nissan Stadium,Soldier Field,500,0,-500,500,-1.0,0.0,America/Chicago,America/New_York,-1.0,0.0,-1.0,0.0,-1.0,0,-4.36,-1.825,-4.36,-1.825,Jacksonville Jaguars,2.535,Jacksonville Jaguars,2.535,-4.36,-1.825,Jacksonville Jaguars,2.535,0.0,0,No,No,No,No,No,1,No,0.0,0.0,-9.711,6.394,-4.413505000000001,-0.003994999999999867,-4.413505000000001,-0.003994999999999867,-0.07885500000000004,1.8463550000000002,-9.628805,8.079305,Jacksonville Jaguars,4.409510000000001,Jacksonville Jaguars,4.409510000000001,-4.413505000000001,-0.003994999999999867,Jacksonville Jaguars,4.409510000000001,Tie,0.0,Jacksonville Jaguars,16.105,-4.8555,3.197,Jacksonville Jaguars,8.0525,Jacksonville Jaguars,1.9252100000000003,Jacksonville Jaguars,17.708109999999998,-4.85383,4.96283,Jacksonville Jaguars,9.81666,Different,Same,Same,Same,Different,Same,False,Home Team,Home Team,,,,,,,,-131,108,-1832,906,-1.9252100000000003,1.9252100000000003,-17.708109999999998,17.708109999999998,,,0.4808,0.5671,0.0994,0.9482,,,0.4588,0.5412,0.0949,0.9051,0.1302,0.8686,-0.3698,0.3686,,,110,13,2026-11-29,TEN @ JAX,10.0,60.0,0.0,Historical Avg,False,C.Ward,T.Lawrence,-13.56,-14.0,12.34,152.16,Low,-21.0,-6.0,47.23,47.0,12.732589608073667,31.0,64.0,0.8686,0.1302,0.0572,0.0586,0.0,0.0,0.0,0.0,0.7716,0.228,-338,+339,,,,,,,,No Bet,,No Bet,,No Bet,,No Bet,,No Bet,,No Bet,,No Bet,,No Bet,,No Bet,,,,,,,,,,,,,,,,,,,,,,,,,,,,,13,-0.2590333333333333,0.15456666666666666,Jacksonville Jaguars,Tennessee Titans,0,0,0,0,0,0,0,0,0,0,0,0,1,0.5,3.5,,
2026_12_WAS_ARI,2026,13,2026-11-29,16:25,Washington Commanders,Arizona Cardinals,Home,,,,,6,7,-1,1,9,-3,State Farm Stadium,33.5277,-112.262608,America/Denver,False,False,12,12,Sunday,True,True,2,True,True,2,9,-3,NFC East,FedExField,38.9077,-76.8645,America/New_York,NFC West,State Farm Stadium,33.5277,-112.262608,America/Denver,Cincinnati Bengals,Kansas City Chiefs,FedExField,GEHA Field at Arrowhead Stadium,Tennessee Titans,Philadelphia Eagles,Nissan Stadium,State Farm Stadium,1994,0,-1994,1994,2.0,0.0,America/New_York,America/Chicago,2.0,1.0,2.0,0.0,2.0,0,1.45,0.075,1.45,0.075,Washington Commanders,1.375,Washington Commanders,1.375,1.45,0.075,Washington Commanders,1.375,-0.15,0,No,No,No,No,Yes,0,No,0.0,0.0,-3.609,-1.231,1.4685,-1.0085,1.4685,-1.0085,0.018500000000000016,-1.0835,-3.5904999999999996,-2.3145,Washington Commanders,2.477,Washington Commanders,2.477,1.4685,-1.0085,Washington Commanders,2.477,Tie,0.0,Arizona Cardinals,2.378,-1.8045,-0.6155,Arizona Cardinals,1.189,Washington Commanders,1.1019999999999999,Arizona Cardinals,1.2759999999999998,-1.7859999999999998,-1.6989999999999998,Arizona Cardinals,0.08699999999999997,Different,Different,Same,Different,Different,Same,False,Away Team,Home Team,,,,,,,,101,-122,-128,105,1.1019999999999999,-1.1019999999999999,-1.2759999999999998,1.2759999999999998,,,0.5495,0.4975,0.4878,0.5614,,,0.5248,0.4752,0.4649,0.5351,0.707,0.2928,0.207,-0.2072,,,111,13,2026-11-29,WAS @ ARI,0.0,70.0,0.0,Dome,True,J.Daniels,J.Brissett,7.34,7.0,13.3,176.9,Medium,-3.0,17.0,50.82,50.0,13.31657802928673,34.0,68.0,0.2928,0.707,0.079,0.0796,0.0,0.0,0.0,0.0,0.4344,0.5656,+130,-130,,,,,,,,No Bet,,No Bet,,No Bet,,No Bet,,No Bet,,No Bet,,No Bet,,No Bet,,No Bet,,,,,,,,,,,,,,,,,,,,,,,,,,,,,13,-0.1072,-0.22852,Washington Commanders,Arizona Cardinals,0,0,0,0,0,0,0,0,0,0,0,0,0,1.5,0.5,,
2026_12_SEA_SF,2026,13,2026-11-29,16:25,Seattle Seahawks,San Francisco 49ers,Home,,,,,14,7,7,-7,10,2,Levi's Stadium,37.4031,-121.9702,America/Los_Angeles,False,False,12,12,Sunday,True,True,2,True,True,2,10,2,NFC West,Lumen Field,47.5952,-122.3316,America/Los_Angeles,NFC West,Levi's Stadium,37.4031,-121.9702,America/Los_Angeles,Las Vegas Raiders,Minnesota Vikings,Allegiant Stadium,Estadio Banorte,Dallas Cowboys,New York Giants,Lumen Field,MetLife Stadium,704,0,-704,704,0.0,0.0,America/Los_Angeles,America/Los_Angeles,0.0,0.0,0.0,0.0,0.0,0,-0.13,3.325,-0.13,3.325,San Francisco 49ers,3.455,San Francisco 49ers,3.455,-0.13,3.325,San Francisco 49ers,3.455,0.0,0,No,No,No,No,No,1,No,0.0,0.0,10.351,5.31,0.968165,2.2093350000000003,0.968165,2.2093350000000003,1.063615,-1.0811150000000003,11.364205,4.279294999999999,San Francisco 49ers,1.2411700000000003,San Francisco 49ers,1.2411700000000003,0.968165,2.2093350000000003,San Francisco 49ers,1.2411700000000003,Tie,0.0,Seattle Seahawks,5.041000000000001,5.1755,2.655,Seattle Seahawks,2.5205000000000006,Seattle Seahawks,2.14473,Seattle Seahawks,7.084910000000001,6.21391,1.5990899999999995,Seattle Seahawks,4.614820000000001,Different,Different,Different,Different,Different,Same,False,Away Team,Away Team,,,,,,,,108,-131,249,-319,2.14473,-2.14473,7.084910000000001,-7.084910000000001,,,0.5671,0.4808,0.7613,0.2865,,,0.5412,0.4588,0.7266,0.2734,0.5816,0.4182,0.0816,-0.0818,,,112,13,2026-11-29,SEA @ SF,8.0,60.0,0.0,Historical Avg,False,S.Darnold,B.Purdy,2.69,3.0,12.9,166.44,Med-Low,-7.0,11.0,56.44,56.0,14.100880331568844,39.0,75.0,0.4182,0.5816,0.1088,0.0948,0.0,0.0,0.0,0.0,0.3835,0.6165,+161,-161,,,,,,,,No Bet,,No Bet,,No Bet,,No Bet,,No Bet,,No Bet,,No Bet,,No Bet,,No Bet,,,,,,,,,,,,,,,,,,,,,,,,,,,,,13,0.3105,0.30073333333333335,Seattle Seahawks,San Francisco 49ers,0,0,0,0,1,0,0,0,0,0,1,0,1,5.0,5.0,,
2026_12_NE_LAC,2026,13,2026-11-29,20:20,New England Patriots,Los Angeles Chargers,Home,,,,,14,7,7,-7,11,-21,SoFi Stadium,33.9535,-118.3395,America/Los_Angeles,False,False,12,12,Sunday,True,True,2,True,True,2,11,-21,AFC East,Gillette Stadium,42.0628,-71.2687,America/New_York,AFC West,SoFi Stadium,33.9535,-118.3395,America/Los_Angeles,Detroit Lions,New York Jets,FC Bayern Munich Stadium,SoFi Stadium,Buffalo Bills,Tampa Bay Buccaneers,Gillette Stadium,Raymond James Stadium,2588,0,-2588,2588,3.0,0.0,America/Detroit,America/Los_Angeles,3.0,0.0,3.0,0.0,3.0,0,-1.995,0.935,-1.995,0.935,Los Angeles Chargers,2.93,Los Angeles Chargers,2.93,-1.995,0.935,Los Angeles Chargers,2.93,-0.22499999999999998,0,No,No,No,No,No,0,No,0.0,0.0,3.904,-3.339,-1.8055,-1.4795,-1.8055,-1.4795,0.18950000000000022,-2.4145000000000003,4.093500000000001,-5.7535,Los Angeles Chargers,0.32600000000000007,Los Angeles Chargers,0.32600000000000007,-1.8055,-1.4795,Los Angeles Chargers,0.32600000000000007,Tie,0.0,New England Patriots,7.243,1.952,-1.6695,New England Patriots,3.6215,New England Patriots,2.6040000000000005,New England Patriots,9.847000000000001,2.1415000000000006,-4.084,New England Patriots,6.2255,Different,Different,Different,Different,Different,Same,False,Away Team,Away Team,,,,,,,,117,-142,356,-483,2.6040000000000005,-2.6040000000000005,9.847000000000001,-9.847000000000001,,,0.5868,0.4608,0.8285,0.2193,,,0.5601,0.4399,0.7907,0.2093,0.612,0.387,0.112,-0.113,,,113,13,2026-11-29,NE @ LAC,0.0,70.0,0.0,Dome,True,D.Maye,J.Herbert,3.94,5.0,14.36,206.21,High,-7.0,14.0,43.95,43.0,13.094101041935613,28.0,61.0,0.387,0.612,0.0862,0.0788,0.0,0.0,0.0,0.0,0.3454,0.6543,+190,-189,,,,,,,,No Bet,,No Bet,,No Bet,,No Bet,,No Bet,,No Bet,,No Bet,,No Bet,,No Bet,,,,,,,,,,,,,,,,,,,,,,,,,,,,,13,0.04256666666666666,-0.11353333333333333,New England Patriots,Los Angeles Chargers,0,0,0,0,0,0,0,0,0,0,0,0,0,2.5,1.5,,
2026_12_CAR_TB,2026,13,2026-11-30,20:15,Carolina Panthers,Tampa Bay Buccaneers,Home,,,,,8,8,0,0,11,8,Raymond James Stadium,27.9759,-82.5033,America/New_York,False,False,12,12,Monday,True,True,2,True,True,2,11,8,NFC South,Bank of America Stadium,35.2258,-80.8528,America/New_York,NFC South,Raymond James Stadium,27.9759,-82.5033,America/New_York,Baltimore Ravens,Detroit Lions,Bank of America Stadium,Ford Field,Minnesota Vikings,Los Angeles Chargers,U.S. Bank Stadium,Raymond James Stadium,510,0,-510,510,0.0,0.0,America/New_York,America/Detroit,0.0,0.0,0.0,0.0,0.0,0,-5.25,1.025,-5.25,1.025,Tampa Bay Buccaneers,6.275,Tampa Bay Buccaneers,6.275,-5.25,1.025,Tampa Bay Buccaneers,6.275,0.0,0,No,No,No,No,No,1,No,0.0,0.0,-1.427,-3.128,-4.922140000000001,1.5321399999999998,-4.922140000000001,1.5321399999999998,0.26511000000000007,0.56989,-1.1789,-2.5411,Tampa Bay Buccaneers,6.454280000000001,Tampa Bay Buccaneers,6.454280000000001,-4.922140000000001,1.5321399999999998,Tampa Bay Buccaneers,6.454280000000001,Tie,0.0,Carolina Panthers,1.701,-0.7135,-1.564,Carolina Panthers,0.8505,Tampa Bay Buccaneers,0.30477999999999994,Carolina Panthers,1.3622,-0.456895,-0.9856050000000001,Carolina Panthers,0.52871,Different,Different,Same,Different,Different,Same,False,Home Team,Away Team,,,,,,,,-116,-104,105,-128,-0.30477999999999994,0.30477999999999994,1.3622,-1.3622,,,0.5098,0.537,0.5614,0.4878,,,0.487,0.513,0.5351,0.4649,0.5796,0.4194,0.0796,-0.0806,,,114,13,2026-11-30,CAR @ TB,8.0,75.0,0.0,Historical Avg,False,B.Young,B.Mayfield,2.75,4.0,14.47,209.29,High,-8.0,13.0,51.91,51.0,13.397268535072369,35.0,69.0,0.4194,0.5796,0.0786,0.0834,0.0,0.0,0.0,0.0,0.4658,0.5339,+115,-115,,,,,,,,No Bet,,No Bet,,No Bet,,No Bet,,No Bet,,No Bet,,No Bet,,No Bet,,No Bet,,,,,,,,,,,,,,,,,,,,,,,,,,,,,13,-0.10266666666666667,-0.14693333333333333,Tampa Bay Buccaneers,Carolina Panthers,0,0,0,0,0,0,0,0,0,0,0,0,1,1.5,1.0,,
2026_13_KC_LA,2026,14,2026-12-03,20:15,Kansas City Chiefs,Los Angeles Rams,Home,,,,,7,8,-1,1,2,-4,SoFi Stadium,33.9535,-118.3395,America/Los_Angeles,False,True,13,13,Thursday,True,True,2,True,True,2,2,-4,AFC West,GEHA Field at Arrowhead Stadium,39.0489,-94.4839,America/Chicago,NFC West,SoFi Stadium,33.9535,-118.3395,America/Los_Angeles,Buffalo Bills,Green Bay Packers,Highmark Stadium,SoFi Stadium,Cincinnati Bengals,San Francisco 49ers,Paycor Stadium,Levi's Stadium,1366,0,-1366,1366,2.0,0.0,America/New_York,America/Los_Angeles,3.0,0.0,2.0,0.0,2.0,0,4.395,1.29,4.395,1.29,Kansas City Chiefs,3.1049999999999995,Kansas City Chiefs,3.1049999999999995,4.395,1.29,Kansas City Chiefs,3.1049999999999995,-0.15,0,No,No,No,No,No,0,No,0.0,0.0,3.194,6.079,3.628999999999999,0.962,3.628999999999999,0.962,-0.766,-0.328,2.428,5.7509999999999994,Kansas City Chiefs,2.666999999999999,Kansas City Chiefs,2.666999999999999,3.628999999999999,0.962,Kansas City Chiefs,2.666999999999999,Tie,0.0,Los Angeles Rams,2.885,1.597,3.0395,Los Angeles Rams,1.4425,Los Angeles Rams,0.438,Los Angeles Rams,3.3229999999999995,0.831,2.7114999999999996,Los Angeles Rams,1.8804999999999996,Different,Different,Different,Different,Different,Same,True,Home Team,Home Team,,,,,,,,-116,-104,-191,156,-0.438,0.438,-3.3229999999999995,3.3229999999999995,,,0.5098,0.537,0.3906,0.6564,,,0.487,0.513,0.3731,0.6269,0.3724,0.6268,-0.1276,0.1268,,,115,14,2026-12-03,KC @ LA,0.0,70.0,0.0,Dome,True,P.Mahomes,M.Stafford,-3.96,-5.0,13.67,186.76,Med-High,-13.0,6.0,55.21,54.0,13.995894507054937,38.0,74.0,0.6268,0.3724,0.0926,0.0828,0.0,0.0,0.0,0.0,0.5889,0.4108,-143,+143,,,,,,,,No Bet,,No Bet,,No Bet,,No Bet,,No Bet,,No Bet,,No Bet,,No Bet,,No Bet,,,,,,,,,,,,,,,,,,,,,,,,,,,,,14,0.06424,0.0476,Los Angeles Rams,Kansas City Chiefs,0,0,0,0,0,0,0,1,0,0,0,1,0,3.0,3.0,,
2026_13_DET_ATL,2026,14,2026-12-06,13:00,Detroit Lions,Atlanta Falcons,Home,,,,,10,7,3,-3,6,7,Mercedes-Benz Stadium,33.7489,-84.388,America/New_York,False,False,13,13,Sunday,True,True,2,True,True,2,6,7,NFC North,Ford Field,42.3395,-83.045,America/Detroit,NFC South,Mercedes-Benz Stadium,33.7489,-84.388,America/New_York,Chicago Bears,Minnesota Vikings,Ford Field,U.S. Bank Stadium,Tennessee Titans,Cleveland Browns,Ford Field,FirstEnergy Stadium,598,0,-598,598,0.0,0.0,America/Detroit,America/Chicago,0.0,-1.0,0.0,0.0,0.0,0,4.305,-0.71,4.305,-0.71,Detroit Lions,5.015,Detroit Lions,5.015,4.305,-0.71,Detroit Lions,5.015,0.0,0,No,No,No,No,No,0,No,0.0,0.0,1.824,1.764,3.8199999999999994,-3.032,3.8199999999999994,-3.032,-0.485,-2.322,1.3390000000000002,-0.5579999999999998,Detroit Lions,6.851999999999999,Detroit Lions,6.851999999999999,3.8199999999999994,-3.032,Detroit Lions,6.851999999999999,Tie,0.0,Detroit Lions,0.06000000000000005,0.912,0.882,Detroit Lions,0.030000000000000027,Detroit Lions,1.8370000000000002,Detroit Lions,1.897,0.4270000000000001,-1.44,Detroit Lions,1.867,Different,Same,Same,Same,Different,Same,False,Away Team,Away Team,,,,,,,,108,-131,108,-131,1.8370000000000002,-1.8370000000000002,1.897,-1.897,,,0.5671,0.4808,0.5671,0.4808,,,0.5412,0.4588,0.5412,0.4588,0.5036,0.496,0.0036,-0.004,,,116,14,2026-12-06,DET @ ATL,0.0,70.0,0.0,Dome,True,J.Goff,M.Penix,0.14,1.0,13.76,189.34,Med-High,-10.0,10.0,56.6,56.0,13.705692056913863,39.0,74.10000000000036,0.496,0.5036,0.0914,0.0814,0.0,0.0,0.0,0.0,0.4712,0.5287,+112,-112,,,,,,,,No Bet,,No Bet,,No Bet,,No Bet,,No Bet,,No Bet,,No Bet,,No Bet,,No Bet,,,,,,,,,,,,,,,,,,,,,,,,,,,,,14,0.10455999999999999,0.17468,Detroit Lions,Atlanta Falcons,0,0,0,0,0,0,0,0,0,0,0,0,0,3.5,4.0,,
2026_13_JAX_CHI,2026,14,2026-12-06,13:00,Jacksonville Jaguars,Chicago Bears,Home,,,,,7,10,-3,3,-2,11,Soldier Field,41.8623,-87.6167,America/Chicago,False,False,13,13,Sunday,True,True,2,True,True,2,-2,11,AFC South,TIAA Bank Field,30.3239,-81.6554,America/New_York,NFC North,Soldier Field,41.8623,-87.6167,America/Chicago,Tennessee Titans,Detroit Lions,TIAA Bank Field,Ford Field,Pittsburgh Steelers,Miami Dolphins,TIAA Bank Field,Hard Rock Stadium,863,0,-863,863,1.0,0.0,America/New_York,America/Detroit,1.0,1.0,1.0,0.0,1.0,0,-1.825,-1.575,-1.825,-1.575,Chicago Bears,0.25,Chicago Bears,0.25,-1.825,-1.575,Chicago Bears,0.25,0.0,0,No,No,No,No,No,0,No,0.0,0.0,6.394,3.925,-3.891,-0.3315,-3.891,-0.3315,-2.066,1.2435,4.328000000000001,5.168499999999999,Chicago Bears,3.5595,Chicago Bears,3.5595,-3.891,-0.3315,Chicago Bears,3.5595,Tie,0.0,Jacksonville Jaguars,2.4690000000000003,3.197,1.9625,Jacksonville Jaguars,1.2345000000000002,Chicago Bears,3.3095,Chicago Bears,0.8404999999999978,1.1310000000000007,3.2059999999999995,Chicago Bears,2.074999999999999,Different,Different,Same,Same,Different,Different,False,Home Team,Home Team,,,,,,,,-191,156,-122,101,-3.3095,3.3095,-0.8404999999999978,0.8404999999999978,,,0.3906,0.6564,0.4975,0.5495,,,0.3731,0.6269,0.4752,0.5248,0.5016,0.497,0.0016,-0.003,,,117,14,2026-12-06,JAX @ CHI,18.0,32.0,0.0,Historical Avg,False,T.Lawrence,C.Williams,0.04,1.0,13.47,181.44,Med-High,-10.0,9.0,42.98,43.0,13.105801869726617,26.0,60.0,0.497,0.5016,0.0936,0.092,0.0,0.0,0.0,0.0,0.5496,0.45,-122,+122,,,,,,,,No Bet,,No Bet,,No Bet,,No Bet,,No Bet,,No Bet,,No Bet,,No Bet,,No Bet,,,,,,,,,,,,,,,,,,,,,,,,,,,,,14,0.18516,0.059640000000000006,Chicago Bears,Jacksonville Jaguars,0,0,0,0,0,1,0,0,0,0,0,1,0,4.0,3.0,,
2026_13_CIN_CLE,2026,14,2026-12-06,13:00,Cincinnati Bengals,Cleveland Browns,Home,,,,,7,7,0,0,-4,3,FirstEnergy Stadium,41.5061,-81.6994,America/New_York,False,False,13,13,Sunday,True,True,2,True,True,2,-4,3,AFC North,Paycor Stadium,39.0955,-84.5165,America/New_York,AFC North,FirstEnergy Stadium,41.5061,-81.6994,America/New_York,New Orleans Saints,Las Vegas Raiders,Paycor Stadium,FirstEnergy Stadium,Kansas City Chiefs,Atlanta Falcons,Paycor Stadium,FirstEnergy Stadium,223,0,-223,223,0.0,0.0,America/New_York,America/New_York,0.0,0.0,0.0,0.0,0.0,0,1.31,-4.705,1.31,-4.705,Cincinnati Bengals,6.015000000000001,Cincinnati Bengals,6.015000000000001,1.31,-4.705,Cincinnati Bengals,6.015000000000001,0.0,0,No,No,No,No,No,1,No,0.0,0.0,1.256,-4.154,1.21449,-2.26549,1.21449,-2.26549,-0.03536,2.3793599999999997,1.1665400000000001,-1.7205399999999995,Cincinnati Bengals,3.47998,Cincinnati Bengals,3.47998,1.21449,-2.26549,Cincinnati Bengals,3.47998,Tie,0.0,Cincinnati Bengals,5.41,0.628,-2.077,Cincinnati Bengals,2.705,Cleveland Browns,2.4147199999999995,Cincinnati Bengals,2.8870799999999996,0.56559,0.3294100000000001,Cincinnati Bengals,0.23617999999999995,Different,Same,Different,Same,Different,Same,False,Home Team,Away Team,,,,,,,,-142,117,135,-164,-2.4147199999999995,2.4147199999999995,2.8870799999999996,-2.8870799999999996,,,0.4608,0.5868,0.6212,0.4255,,,0.4399,0.5601,0.5935,0.4065,0.5894,0.4098,0.0894,-0.0902,,,118,14,2026-12-06,CIN @ CLE,10.0,60.0,0.0,Historical Avg,False,J.Burrow,D.Watson,3.12,4.0,13.6,185.04,Med-High,-7.0,12.0,47.19,47.0,12.944861711464739,31.0,64.0,0.4098,0.5894,0.0884,0.0838,0.0,0.0,0.0,0.0,0.4588,0.5409,+118,-118,,,,,,,,No Bet,,No Bet,,No Bet,,No Bet,,No Bet,,No Bet,,No Bet,,No Bet,,No Bet,,,,,,,,,,,,,,,,,,,,,,,,,,,,,14,-0.040119999999999996,-0.1464,Cleveland Browns,Cincinnati Bengals,0,0,0,0,0,0,0,0,0,0,0,0,1,2.0,1.5,,
2026_13_GB_NO,2026,14,2026-12-06,13:00,Green Bay Packers,New Orleans Saints,Home,,,,,11,7,4,-4,1,-7,Caesars Superdome,29.9507,-90.0813,America/Chicago,False,True,13,13,Sunday,True,True,2,True,True,2,1,-7,NFC North,Lambeau Field,44.5013,-88.0622,America/Chicago,NFC South,Caesars Superdome,29.9507,-90.0813,America/Chicago,Los Angeles Rams,Cincinnati Bengals,SoFi Stadium,Paycor Stadium,Buffalo Bills,Carolina Panthers,Lambeau Field,Bank of America Stadium,1011,0,-1011,1011,0.0,0.0,America/Los_Angeles,America/New_York,-2.0,1.0,0.0,0.0,0.0,0,3.535,-6.145,3.535,-6.145,Green Bay Packers,9.68,Green Bay Packers,9.68,3.535,-6.145,Green Bay Packers,9.68,0.0,0,No,No,No,No,No,0,No,0.0,0.0,-0.138,-5.014,4.361,-7.772999999999999,4.361,-7.772999999999999,0.826,-1.6280000000000001,0.688,-6.6419999999999995,Green Bay Packers,12.133999999999999,Green Bay Packers,12.133999999999999,4.361,-7.772999999999999,Green Bay Packers,12.133999999999999,Tie,0.0,Green Bay Packers,4.876,-0.069,-2.507,Green Bay Packers,2.438,Green Bay Packers,2.454,Green Bay Packers,7.329999999999999,0.7569999999999999,-4.135,Green Bay Packers,4.8919999999999995,Different,Same,Same,Same,Different,Same,False,Away Team,Away Team,,,,,,,,117,-142,268,-346,2.454,-2.454,7.329999999999999,-7.329999999999999,,,0.5868,0.4608,0.7758,0.2717,,,0.5601,0.4399,0.7406,0.2594,0.7148,0.2842,0.2148,-0.2158,,,119,14,2026-12-06,GB @ NO,0.0,70.0,0.0,Dome,True,J.Love,T.Shough,7.26,8.0,12.79,163.5,Med-Low,-3.0,16.0,48.39,48.0,13.562445647684244,31.0,66.0,0.2842,0.7148,0.0834,0.08,0.0,0.0,0.0,0.0,0.3278,0.6718,+205,-205,,,,,,,,No Bet,,No Bet,,No Bet,,No Bet,,No Bet,,No Bet,,No Bet,,No Bet,,No Bet,,,,,,,,,,,,,,,,,,,,,,,,,,,,,14,0.05208,-0.0336,Green Bay Packers,New Orleans Saints,0,0,0,0,0,0,1,0,0,0,1,0,0,3.0,2.5,,
2026_13_SF_NYG,2026,14,2026-12-06,13:00,San Francisco 49ers,New York Giants,Home,,,,,7,7,0,0,2,3,MetLife Stadium,40.8136,-74.0744,America/New_York,False,False,13,13,Sunday,True,True,2,True,True,2,2,3,NFC West,Levi's Stadium,37.4031,-121.9702,America/Los_Angeles,NFC East,MetLife Stadium,40.8136,-74.0744,America/New_York,Seattle Seahawks,Indianapolis Colts,Levi's Stadium,Lucas Oil Stadium,Los Angeles Rams,Seattle Seahawks,Levi's Stadium,Lumen Field,2545,0,-2545,2545,-3.0,0.0,America/Los_Angeles,America/Indiana/Indianapolis,-3.0,0.0,-3.0,0.0,-3.0,0,3.325,-2.84,3.325,-2.84,San Francisco 49ers,6.165,San Francisco 49ers,6.165,3.325,-2.84,San Francisco 49ers,6.165,-0.44999999999999996,0,No,No,No,No,No,0,No,0.0,0.0,5.31,-4.129,3.428,-1.6045,3.428,-1.6045,0.10300000000000009,1.2355,5.412999999999999,-2.8934999999999995,San Francisco 49ers,5.0325,San Francisco 49ers,5.0325,3.428,-1.6045,San Francisco 49ers,5.0325,Tie,0.0,San Francisco 49ers,9.439,2.655,-2.0645,San Francisco 49ers,4.7195,New York Giants,1.1324999999999998,San Francisco 49ers,8.3065,2.7579999999999996,-0.8289999999999997,San Francisco 49ers,3.5869999999999993,Different,Same,Different,Same,Different,Same,False,Home Team,Away Team,,,,,,,,-122,101,302,-397,-1.1324999999999998,1.1324999999999998,8.3065,-8.3065,,,0.4975,0.5495,0.7988,0.2488,,,0.4752,0.5248,0.7625,0.2375,0.9244,0.0748,0.4244,-0.4252,,,120,14,2026-12-06,SF @ NYG,15.0,38.0,0.0,Historical Avg,False,B.Purdy,J.Winston,17.99,18.0,12.77,163.11,Med-Low,10.0,27.0,51.19,51.0,12.669866529035446,36.0,68.0,0.0748,0.9244,0.0376,0.0426,0.0,0.0,0.0,0.0,0.279,0.7207,+258,-258,,,,,,,,No Bet,,No Bet,,No Bet,,No Bet,,No Bet,,No Bet,,No Bet,,No Bet,,No Bet,,,,,,,,,,,,,,,,,,,,,,,,,,,,,14,0.27599999999999997,-0.23807999999999999,New York Giants,San Francisco 49ers,0,0,0,0,0,0,0,0,0,0,0,0,0,5.0,0.5,,
2026_13_LAC_TB,2026,14,2026-12-06,13:00,Los Angeles Chargers,Tampa Bay Buccaneers,Home,,,,,7,6,1,-1,-20,7,Raymond James Stadium,27.9759,-82.5033,America/New_York,False,False,13,13,Sunday,True,True,2,True,True,2,-20,7,AFC West,SoFi Stadium,33.9535,-118.3395,America/Los_Angeles,NFC South,Raymond James Stadium,27.9759,-82.5033,America/New_York,New England Patriots,Carolina Panthers,SoFi Stadium,Raymond James Stadium,Las Vegas Raiders,Baltimore Ravens,Allegiant Stadium,M&T Bank Stadium,2150,0,-2150,2150,-3.0,0.0,America/Los_Angeles,America/New_York,-3.0,0.0,-3.0,0.0,-3.0,0,0.935,1.025,0.935,1.025,Tampa Bay Buccaneers,0.08999999999999986,Tampa Bay Buccaneers,0.08999999999999986,0.935,1.025,Tampa Bay Buccaneers,0.08999999999999986,-0.44999999999999996,0,No,No,No,No,No,0,Yes,0.0,0.0,-3.339,-3.128,0.1745000000000002,1.448,0.1745000000000002,1.448,-0.7605000000000001,0.423,-4.099499999999999,-2.705,Tampa Bay Buccaneers,1.2734999999999999,Tampa Bay Buccaneers,1.2734999999999999,0.1745000000000002,1.448,Tampa Bay Buccaneers,1.2734999999999999,Tie,0.0,Tampa Bay Buccaneers,0.21099999999999985,-1.6695,-1.564,Tampa Bay Buccaneers,0.10549999999999993,Tampa Bay Buccaneers,1.1835,Tampa Bay Buccaneers,1.394499999999999,-2.4299999999999997,-1.141,Tampa Bay Buccaneers,1.2889999999999997,Different,Same,Same,Same,Different,Same,False,Home Team,Home Team,,,,,,,,-122,101,-128,105,-1.1835,1.1835,-1.394499999999999,1.394499999999999,,,0.4975,0.5495,0.4878,0.5614,,,0.4752,0.5248,0.4649,0.5351,0.5474,0.452,0.0474,-0.048,,,121,14,2026-12-06,LAC @ TB,10.0,70.0,0.0,Historical Avg,False,J.Herbert,B.Mayfield,1.63,3.0,14.9,222.16,High,-10.0,12.0,47.44,47.0,13.06098364667699,31.0,64.0,0.452,0.5474,0.0798,0.0778,0.0,0.0,0.0,0.0,0.504,0.4958,-102,+102,,,,,,,,No Bet,,No Bet,,No Bet,,No Bet,,No Bet,,No Bet,,No Bet,,No Bet,,No Bet,,,,,,,,,,,,,,,,,,,,,,,,,,,,,14,-0.14572000000000002,-0.16672,Tampa Bay Buccaneers,Los Angeles Chargers,0,0,0,0,0,0,0,0,0,0,0,0,0,1.5,1.0,,
2026_13_WAS_TEN,2026,14,2026-12-06,13:00,Washington Commanders,Tennessee Titans,Home,,,,,7,7,0,0,9,5,Nissan Stadium,36.1664,-86.7716,America/Chicago,False,True,13,13,Sunday,True,True,2,True,True,2,9,5,NFC East,FedExField,38.9077,-76.8645,America/New_York,AFC South,Nissan Stadium,36.1664,-86.7716,America/Chicago,Arizona Cardinals,Jacksonville Jaguars,State Farm Stadium,TIAA Bank Field,Houston Texans,Detroit Lions,FedExField,Ford Field,574,0,-574,574,1.0,0.0,America/Denver,America/New_York,-1.0,1.0,1.0,0.0,1.0,0,1.45,-4.36,1.45,-4.36,Washington Commanders,5.8100000000000005,Washington Commanders,5.8100000000000005,1.45,-4.36,Washington Commanders,5.8100000000000005,0.0,0,No,No,No,No,No,0,No,0.0,0.0,-3.609,-9.711,1.6684999999999999,-3.8365000000000005,1.6684999999999999,-3.8365000000000005,0.21850000000000003,0.5235000000000001,-3.3904999999999994,-9.1875,Washington Commanders,5.505000000000001,Washington Commanders,5.505000000000001,1.6684999999999999,-3.8365000000000005,Washington Commanders,5.505000000000001,Tie,0.0,Washington Commanders,6.102,-1.8045,-4.8555,Washington Commanders,3.051,Tennessee Titans,0.30500000000000005,Washington Commanders,5.797000000000001,-1.5859999999999996,-4.332,Washington Commanders,2.7460000000000004,Different,Same,Different,Same,Different,Same,False,Home Team,Away Team,,,,,,,,-116,-104,208,-261,-0.30500000000000005,0.30500000000000005,5.797000000000001,-5.797000000000001,,,0.5098,0.537,0.723,0.3247,,,0.487,0.513,0.6901,0.3099,0.6468,0.3514,0.1468,-0.1486,,,122,14,2026-12-06,WAS @ TEN,10.0,45.0,0.0,Historical Avg,False,J.Daniels,C.Ward,4.73,5.0,13.07,170.94,Medium,-5.0,14.0,46.84,47.0,13.197486476214248,30.0,64.0,0.3514,0.6468,0.096,0.0912,0.0,0.0,0.0,0.0,0.3914,0.608,+155,-155,,,,,,,,No Bet,,No Bet,,No Bet,,No Bet,,No Bet,,No Bet,,No Bet,,No Bet,,No Bet,,,,,,,,,,,,,,,,,,,,,,,,,,,,,14,-0.158,-0.28112000000000004,Tennessee Titans,Washington Commanders,0,0,0,0,0,0,0,0,0,0,0,0,0,1.0,0.0,,
2026_13_PHI_ARI,2026,14,2026-12-06,16:05,Philadelphia Eagles,Arizona Cardinals,Home,,,,,10,7,3,-3,-12,-6,State Farm Stadium,33.5277,-112.262608,America/Denver,False,True,13,13,Sunday,True,True,2,True,True,2,-12,-6,NFC East,Lincoln Financial Field,39.9008,-75.1675,America/New_York,NFC West,State Farm Stadium,33.5277,-112.262608,America/Denver,Dallas Cowboys,Washington Commanders,AT&T Stadium,State Farm Stadium,Indianapolis Colts,New York Jets,Lincoln Financial Field,State Farm Stadium,2084,0,-2084,2084,2.0,0.0,America/Chicago,America/Denver,1.0,0.0,2.0,0.0,2.0,0,4.905,0.075,4.905,0.075,Philadelphia Eagles,4.83,Philadelphia Eagles,4.83,4.905,0.075,Philadelphia Eagles,4.83,-0.15,0,No,No,No,No,No,0,No,0.0,0.0,0.123,-1.231,3.546499999999999,-1.4585,3.546499999999999,-1.4585,-1.3585000000000003,-1.5335,-1.2355,-2.7645,Philadelphia Eagles,5.004999999999999,Philadelphia Eagles,5.004999999999999,3.546499999999999,-1.4585,Philadelphia Eagles,5.004999999999999,Tie,0.0,Philadelphia Eagles,1.354,0.0615,-0.6155,Philadelphia Eagles,0.677,Philadelphia Eagles,0.17499999999999982,Philadelphia Eagles,1.529,-1.2970000000000002,-2.149,Philadelphia Eagles,0.8519999999999999,Different,Same,Same,Same,Different,Same,False,Away Team,Away Team,,,,,,,,-110,-110,105,-128,0.17499999999999982,-0.17499999999999982,1.529,-1.529,,,0.5238,0.5238,0.5614,0.4878,,,0.5,0.5,0.5351,0.4649,0.7684,0.2312,0.2684,-0.2688,,,123,14,2026-12-06,PHI @ ARI,0.0,70.0,0.0,Dome,True,J.Hurts,J.Brissett,9.58,10.0,12.9,166.38,Med-Low,1.0,18.0,45.03,44.0,12.668021613271698,29.0,61.0,0.2312,0.7684,0.0742,0.0668,0.0,0.0,0.0,0.0,0.3987,0.6012,+151,-151,,,,,,,,No Bet,,No Bet,,No Bet,,No Bet,,No Bet,,No Bet,,No Bet,,No Bet,,No Bet,,,,,,,,,,,,,,,,,,,,,,,,,,,,,14,-0.059399999999999994,-0.21845,Philadelphia Eagles,Arizona Cardinals,0,0,0,0,0,0,1,0,0,0,1,0,0,2.0,0.5,,
2026_13_MIA_DEN,2026,14,2026-12-06,16:05,Miami Dolphins,Denver Broncos,Home,,,,,7,9,-2,2,-1,9,Empower Field at Mile High,39.7648,-105.0076,America/Denver,False,False,13,13,Sunday,True,True,2,True,True,2,-1,9,AFC East,Hard Rock Stadium,25.9602,-80.2384,America/New_York,AFC West,Empower Field at Mile High,39.7648,-105.0076,America/Denver,New York Jets,Pittsburgh Steelers,Hard Rock Stadium,Acrisure Stadium,Chicago Bears,New York Jets,Hard Rock Stadium,MetLife Stadium,1715,0,-1715,1715,2.0,0.0,America/New_York,America/New_York,2.0,2.0,2.0,0.0,2.0,0,0.66,2.05,0.66,2.05,Denver Broncos,1.3899999999999997,Denver Broncos,1.3899999999999997,0.66,2.05,Denver Broncos,1.3899999999999997,-0.15,0,No,No,No,No,No,0,No,0.0,0.0,-7.793,2.928,0.014000000000000012,3.7675,0.014000000000000012,3.7675,-0.646,1.7174999999999998,-8.439,4.6455,Denver Broncos,3.7535,Denver Broncos,3.7535,0.014000000000000012,3.7675,Denver Broncos,3.7535,Tie,0.0,Denver Broncos,10.721,-3.8965,1.464,Denver Broncos,5.3605,Denver Broncos,2.3634999999999997,Denver Broncos,13.0845,-4.5425,3.1814999999999998,Denver Broncos,7.724,Different,Same,Same,Same,Different,Same,False,Home Team,Home Team,,,,,,,,-142,117,-729,494,-2.3634999999999997,2.3634999999999997,-13.0845,13.0845,,,0.4608,0.5868,0.1684,0.8794,,,0.4399,0.5601,0.1607,0.8393,0.1746,0.8248,-0.3254,0.3248,,,124,14,2026-12-06,MIA @ DEN,12.0,35.0,0.0,Historical Avg,False,M.Willis,B.Nix,-11.88,-13.0,13.09,171.26,Medium,-20.0,-4.0,42.93,43.0,12.5407369901793,27.0,59.0,0.8248,0.1746,0.0616,0.0774,0.0,0.0,0.0,0.0,0.7414,0.2584,-287,+287,,,,,,,,No Bet,,No Bet,,No Bet,,No Bet,,No Bet,,No Bet,,No Bet,,No Bet,,No Bet,,,,,,,,,,,,,,,,,,,,,,,,,,,,,14,-0.30012,0.09855999999999998,Denver Broncos,Miami Dolphins,0,0,0,0,0,1,0,0,0,0,0,1,0,0.0,3.5,,
2026_13_CAR_MIN,2026,14,2026-12-06,16:25,Carolina Panthers,Minnesota Vikings,Home,,,,,6,7,-1,1,10,1,U.S. Bank Stadium,44.9738,-93.2575,America/Chicago,False,True,13,13,Sunday,True,True,2,True,True,2,10,1,NFC South,Bank of America Stadium,35.2258,-80.8528,America/New_York,NFC North,U.S. Bank Stadium,44.9738,-93.2575,America/Chicago,Tampa Bay Buccaneers,Atlanta Falcons,Raymond James Stadium,U.S. Bank Stadium,New Orleans Saints,New England Patriots,Bank of America Stadium,Gillette Stadium,937,0,-937,937,1.0,0.0,America/New_York,America/Chicago,1.0,0.0,1.0,0.0,1.0,0,-5.25,0.27,-5.25,0.27,Minnesota Vikings,5.52,Minnesota Vikings,5.52,-5.25,0.27,Minnesota Vikings,5.52,0.0,0,No,No,No,No,Yes,0,No,0.0,0.0,-1.427,2.427,-5.088,0.998,-5.088,0.998,0.16200000000000003,0.728,-1.2650000000000001,3.1550000000000002,Minnesota Vikings,6.086,Minnesota Vikings,6.086,-5.088,0.998,Minnesota Vikings,6.086,Tie,0.0,Minnesota Vikings,3.854,-0.7135,1.2135,Minnesota Vikings,1.927,Minnesota Vikings,0.566,Minnesota Vikings,4.42,-0.5515000000000001,1.9415,Minnesota Vikings,2.4930000000000003,Different,Same,Same,Same,Different,Same,False,Home Team,Home Team,,,,,,,,-116,-104,-224,181,-0.566,0.566,-4.42,4.42,,,0.5098,0.537,0.3559,0.6914,,,0.487,0.513,0.3398,0.6602,0.2798,0.7196,-0.2202,0.2196,,,125,14,2026-12-06,CAR @ MIN,0.0,70.0,0.0,Dome,True,B.Young,K.Murray,-7.13,-8.0,12.99,168.63,Med-Low,-16.0,3.0,44.99,44.0,12.256629676799689,29.0,61.0,0.7196,0.2798,0.0804,0.0774,0.0,0.0,0.0,0.0,0.6309,0.3689,-171,+171,,,,,,,,No Bet,,No Bet,,No Bet,,No Bet,,No Bet,,No Bet,,No Bet,,No Bet,,No Bet,,,,,,,,,,,,,,,,,,,,,,,,,,,,,14,-0.07916,0.14780000000000001,Minnesota Vikings,Carolina Panthers,0,0,0,0,0,0,0,0,0,0,0,0,0,2.0,4.0,,
2026_13_BUF_NE,2026,14,2026-12-06,16:25,Buffalo Bills,New England Patriots,Home,,,,,10,7,3,-3,11,8,Gillette Stadium,42.0628,-71.2687,America/New_York,False,False,13,13,Sunday,True,True,2,True,True,2,11,8,AFC East,Highmark Stadium,42.7725,-78.7877,America/New_York,AFC East,Gillette Stadium,42.0628,-71.2687,America/New_York,Kansas City Chiefs,Los Angeles Chargers,Highmark Stadium,SoFi Stadium,Green Bay Packers,Minnesota Vikings,Lambeau Field,Gillette Stadium,386,0,-386,386,0.0,0.0,America/New_York,America/Los_Angeles,0.0,-3.0,0.0,0.0,0.0,0,4.795,-1.995,4.795,-1.995,Buffalo Bills,6.79,Buffalo Bills,6.79,4.795,-1.995,Buffalo Bills,6.79,0.0,0,No,No,No,No,No,1,No,0.0,0.0,3.307,3.904,5.179245,-0.8727450000000003,5.179245,-0.8727450000000003,0.452145,1.054355,3.7651149999999998,4.952385,Buffalo Bills,6.05199,Buffalo Bills,6.05199,5.179245,-0.8727450000000003,Buffalo Bills,6.05199,Tie,0.0,New England Patriots,0.597,1.6535,1.952,New England Patriots,0.2985,New England Patriots,0.6022099999999999,New England Patriots,1.1872699999999998,2.10863,3.00337,New England Patriots,0.8947400000000001,Different,Different,Different,Different,Different,Same,False,Home Team,Home Team,,,,,,,,-116,-104,-122,101,-0.6022099999999999,0.6022099999999999,-1.1872699999999998,1.1872699999999998,,,0.5098,0.537,0.4975,0.5495,,,0.487,0.513,0.4752,0.5248,0.5764,0.4224,0.0764,-0.0776,,,126,14,2026-12-06,BUF @ NE,15.0,35.0,0.0,Historical Avg,False,J.Allen,D.Maye,2.6,3.0,14.86,220.95,High,-8.0,13.0,51.89,51.0,13.851397286965682,34.0,70.0,0.4224,0.5764,0.0768,0.0796,0.0,0.0,0.0,0.0,0.4867,0.5129,+105,-105,,,,,,,,No Bet,,No Bet,,No Bet,,No Bet,,No Bet,,No Bet,,No Bet,,No Bet,,No Bet,,,,,,,,,,,,,,,,,,,,,,,,,,,,,14,0.19563999999999998,0.06659999999999999,New England Patriots,Buffalo Bills,0,0,0,0,0,0,1,0,0,0,1,0,1,4.0,3.0,,
2026_13_HOU_PIT,2026,14,2026-12-06,20:20,Houston Texans,Pittsburgh Steelers,Home,,,,,7,9,-2,2,8,-2,Acrisure Stadium,40.4468,-80.0158,America/New_York,False,False,13,13,Sunday,True,True,2,True,True,2,8,-2,AFC South,NRG Stadium,29.6847,-95.4093,America/Chicago,AFC North,Acrisure Stadium,40.4468,-80.0158,America/New_York,Baltimore Ravens,Denver Broncos,NRG Stadium,Acrisure Stadium,Washington Commanders,Jacksonville Jaguars,FedExField,TIAA Bank Field,1141,0,-1141,1141,-1.0,0.0,America/Chicago,America/New_York,-1.0,0.0,-1.0,0.0,-1.0,0,0.035,-0.565,0.035,-0.565,Houston Texans,0.6,Houston Texans,0.6,0.035,-0.565,Houston Texans,0.6,0.0,0,No,No,No,No,No,0,No,0.0,0.0,1.731,-2.174,0.621,0.8705,0.621,0.8705,0.5860000000000001,1.4355,2.317,-0.7385000000000002,Pittsburgh Steelers,0.24950000000000006,Pittsburgh Steelers,0.24950000000000006,0.621,0.8705,Pittsburgh Steelers,0.24950000000000006,Tie,0.0,Houston Texans,3.9050000000000002,0.8655,-1.087,Houston Texans,1.9525000000000001,Pittsburgh Steelers,0.8494999999999999,Houston Texans,3.0555000000000003,1.4515000000000002,0.3484999999999999,Houston Texans,1.1030000000000002,Different,Different,Same,Different,Different,Same,False,Home Team,Away Team,,,,,,,,-122,101,135,-164,-0.8494999999999999,0.8494999999999999,3.0555000000000003,-3.0555000000000003,,,0.4975,0.5495,0.6212,0.4255,,,0.4752,0.5248,0.5935,0.4065,0.618,0.3814,0.118,-0.1186,,,127,14,2026-12-06,HOU @ PIT,12.0,35.0,0.0,Historical Avg,False,C.Stroud,A.Rodgers,3.66,4.0,13.12,172.19,Medium,-6.0,13.0,44.77,44.0,12.889684253387683,29.0,62.0,0.3814,0.618,0.09,0.079,0.0,0.0,0.0,0.0,0.4376,0.5622,+129,-128,,,,,,,,No Bet,,No Bet,,No Bet,,No Bet,,No Bet,,No Bet,,No Bet,,No Bet,,No Bet,,,,,,,,,,,,,,,,,,,,,,,,,,,,,14,0.09868,-0.10832000000000001,Pittsburgh Steelers,Houston Texans,0,0,0,0,1,0,0,0,0,0,1,0,0,3.5,1.5,,
2026_13_DAL_SEA,2026,14,2026-12-07,20:15,Dallas Cowboys,Seattle Seahawks,Home,,,,,11,8,3,-3,5,7,Lumen Field,47.5952,-122.3316,America/Los_Angeles,False,False,13,13,Monday,True,True,2,True,True,2,5,7,NFC East,AT&T Stadium,32.7369,-97.0826,America/Chicago,NFC West,Lumen Field,47.5952,-122.3316,America/Los_Angeles,Philadelphia Eagles,San Francisco 49ers,AT&T Stadium,Levi's Stadium,Los Angeles Rams,New York Giants,SoFi Stadium,Lumen Field,1668,0,-1668,1668,2.0,0.0,America/Chicago,America/Los_Angeles,2.0,0.0,2.0,0.0,2.0,0,-0.615,-0.13,-0.615,-0.13,Seattle Seahawks,0.485,Seattle Seahawks,0.485,-0.615,-0.13,Seattle Seahawks,0.485,-0.15,0,No,No,No,No,No,0,No,0.0,0.0,-2.247,10.351,-1.214,-0.06549999999999995,-1.214,-0.06549999999999995,-0.5990000000000001,0.06450000000000006,-2.846,10.415500000000002,Seattle Seahawks,1.1485,Seattle Seahawks,1.1485,-1.214,-0.06549999999999995,Seattle Seahawks,1.1485,Tie,0.0,Seattle Seahawks,12.598,-1.1235,5.1755,Seattle Seahawks,6.299,Seattle Seahawks,0.6635000000000002,Seattle Seahawks,13.261500000000002,-1.7225000000000001,5.240000000000001,Seattle Seahawks,6.962500000000001,Different,Same,Same,Same,Different,Same,False,Home Team,Home Team,,,,,,,,-116,-104,-819,539,-0.6635000000000002,0.6635000000000002,-13.261500000000002,13.261500000000002,,,0.5098,0.537,0.1565,0.8912,,,0.487,0.513,0.1494,0.8506,0.0692,0.9304,-0.4308,0.4304,,,128,14,2026-12-07,DAL @ SEA,12.0,42.0,0.0,Historical Avg,False,D.Prescott,S.Darnold,-18.69,-19.0,12.69,161.12,Med-Low,-27.0,-10.0,59.52,59.0,13.687194095812455,43.0,77.0,0.9304,0.0692,0.0376,0.0398,0.0,0.0,0.0,0.0,0.7647,0.2352,-325,+325,,,,,,,,No Bet,,No Bet,,No Bet,,No Bet,,No Bet,,No Bet,,No Bet,,No Bet,,No Bet,,,,,,,,,,,,,,,,,,,,,,,,,,,,,14,-0.15480000000000002,0.28652,Seattle Seahawks,Dallas Cowboys,0,0,0,0,0,1,0,0,0,0,0,1,0,1.0,5.0,,
2026_14_MIN_NE,2026,15,2026-12-10,20:15,Minnesota Vikings,New England Patriots,Home,,,,,4,4,0,0,1,8,Gillette Stadium,42.0628,-71.2687,America/New_York,False,False,14,14,Thursday,True,True,2,True,True,2,1,8,NFC North,U.S. Bank Stadium,44.9738,-93.2575,America/Chicago,AFC East,Gillette Stadium,42.0628,-71.2687,America/New_York,Carolina Panthers,Buffalo Bills,U.S. Bank Stadium,Gillette Stadium,Detroit Lions,Kansas City Chiefs,U.S. Bank Stadium,GEHA Field at Arrowhead Stadium,1116,0,-1116,1116,-1.0,0.0,America/Chicago,America/New_York,-1.0,0.0,-1.0,0.0,-1.0,0,0.27,-1.995,0.27,-1.995,Minnesota Vikings,2.265,Minnesota Vikings,2.265,0.27,-1.995,Minnesota Vikings,2.265,0.0,0,No,No,No,No,No,0,No,0.0,0.0,2.427,3.904,-0.358,-0.7095000000000002,-0.358,-0.7095000000000002,-0.628,1.2854999999999999,1.7989999999999997,5.189500000000001,Minnesota Vikings,0.35150000000000026,Minnesota Vikings,0.35150000000000026,-0.358,-0.7095000000000002,Minnesota Vikings,0.35150000000000026,Tie,0.0,New England Patriots,1.4769999999999999,1.2135,1.952,New England Patriots,0.7384999999999999,New England Patriots,1.9135,New England Patriots,3.390500000000001,0.5854999999999999,3.2375000000000003,New England Patriots,2.652,Different,Different,Different,Different,Different,Same,True,Home Team,Home Team,,,,,,,,-131,108,-191,156,-1.9135,1.9135,-3.390500000000001,3.390500000000001,,,0.4808,0.5671,0.3906,0.6564,,,0.4588,0.5412,0.3731,0.6269,0.6076,0.391,0.1076,-0.109,,,129,15,2026-12-10,MIN @ NE,15.0,35.0,0.0,Historical Avg,False,K.Murray,D.Maye,3.5,4.0,13.42,180.17,Med-High,-6.0,13.0,39.04,39.0,12.186033763443163,23.0,55.0,0.391,0.6076,0.0926,0.088,0.0,0.0,0.0,0.0,0.5197,0.4798,-108,+108,,,,,,,,No Bet,,No Bet,,No Bet,,No Bet,,No Bet,,No Bet,,No Bet,,No Bet,,No Bet,,,,,,,,,,,,,,,,,,,,,,,,,,,,,15,0.15785000000000002,0.11049999999999999,New England Patriots,Minnesota Vikings,0,0,0,0,0,0,0,0,0,0,0,0,0,3.5,3.5,,
2026_14_TB_BAL,2026,15,2026-12-13,13:00,Tampa Bay Buccaneers,Baltimore Ravens,Home,,,,,7,14,-7,7,0,-7,M&T Bank Stadium,39.2789,-76.6228,America/New_York,False,False,14,14,Sunday,True,True,2,True,True,2,0,-7,NFC South,Raymond James Stadium,27.9759,-82.5033,America/New_York,AFC North,M&T Bank Stadium,39.2789,-76.6228,America/New_York,Los Angeles Chargers,Houston Texans,Raymond James Stadium,NRG Stadium,New Orleans Saints,Pittsburgh Steelers,Raymond James Stadium,Acrisure Stadium,850,0,-850,850,0.0,0.0,America/New_York,America/Chicago,0.0,-1.0,0.0,0.0,0.0,0,1.025,6.69,1.025,6.69,Baltimore Ravens,5.665000000000001,Baltimore Ravens,5.665000000000001,1.025,6.69,Baltimore Ravens,5.665000000000001,0.0,0,No,No,No,No,No,0,No,0.0,0.0,-3.128,3.773,0.3269999999999999,5.248500000000001,0.3269999999999999,5.248500000000001,-0.698,-1.4415,-3.826,2.3315,Baltimore Ravens,4.921500000000001,Baltimore Ravens,4.921500000000001,0.3269999999999999,5.248500000000001,Baltimore Ravens,4.921500000000001,Tie,0.0,Baltimore Ravens,6.901,-1.564,1.8865,Baltimore Ravens,3.4505,Tampa Bay Buccaneers,0.7435,Baltimore Ravens,6.157500000000001,-2.262,0.44500000000000006,Baltimore Ravens,2.707,Different,Same,Different,Same,Different,Same,False,Away Team,Home Team,,,,,,,,-104,-116,-261,208,0.7435,-0.7435,-6.157500000000001,6.157500000000001,,,0.537,0.5098,0.3247,0.723,,,0.513,0.487,0.3099,0.6901,0.1514,0.8484,-0.3486,0.3484,,,130,15,2026-12-13,TB @ BAL,12.0,40.0,0.0,Historical Avg,False,B.Mayfield,L.Jackson,-14.65,-14.0,14.36,206.09,High,-24.0,-6.0,58.99,59.0,13.848939571875281,42.0,77.0,0.8484,0.1514,0.0522,0.0576,0.0,0.0,0.0,0.0,0.6752,0.3248,-208,+208,,,,,,,,No Bet,,No Bet,,No Bet,,No Bet,,No Bet,,No Bet,,No Bet,,No Bet,,No Bet,,,,,,,,,,,,,,,,,,,,,,,,,,,,,15,-0.12124999999999998,0.32210000000000005,Tampa Bay Buccaneers,Baltimore Ravens,0,0,0,0,0,0,0,0,0,0,0,0,0,1.5,5.0,,
2026_14_NO_CAR,2026,15,2026-12-13,13:00,New Orleans Saints,Carolina Panthers,Home,,,,,7,7,0,0,-7,10,Bank of America Stadium,35.2258,-80.8528,America/New_York,False,False,14,14,Sunday,True,True,2,True,True,2,-7,10,NFC South,Caesars Superdome,29.9507,-90.0813,America/Chicago,NFC South,Bank of America Stadium,35.2258,-80.8528,America/New_York,Green Bay Packers,Minnesota Vikings,Caesars Superdome,U.S. Bank Stadium,Tampa Bay Buccaneers,Cincinnati Bengals,Raymond James Stadium,Bank of America Stadium,648,0,-648,648,-1.0,0.0,America/Chicago,America/Chicago,-1.0,-1.0,-1.0,0.0,-1.0,0,-6.145,-5.25,-6.145,-5.25,Carolina Panthers,0.8949999999999996,Carolina Panthers,0.8949999999999996,-6.145,-5.25,Carolina Panthers,0.8949999999999996,0.0,0,No,No,No,No,No,1,No,0.0,0.0,-5.014,-1.427,-5.580699999999999,-4.4733,-5.580699999999999,-4.4733,0.5553499999999999,0.7856500000000001,-4.42278,-0.67722,Carolina Panthers,1.1073999999999993,Carolina Panthers,1.1073999999999993,-5.580699999999999,-4.4733,Carolina Panthers,1.1073999999999993,Tie,0.0,Carolina Panthers,3.587,-2.507,-0.7135,Carolina Panthers,1.7935,Carolina Panthers,0.23030000000000017,Carolina Panthers,3.7455600000000002,-1.9337150000000003,0.05421500000000001,Carolina Panthers,1.9879300000000004,Different,Same,Same,Same,Different,Same,False,Home Team,Home Team,,,,,,,,-110,-110,-191,156,-0.23030000000000017,0.23030000000000017,-3.7455600000000002,3.7455600000000002,,,0.5238,0.5238,0.3906,0.6564,,,0.5,0.5,0.3731,0.6269,0.391,0.6076,-0.109,0.1076,,,131,15,2026-12-13,NO @ CAR,8.0,48.0,0.0,Historical Avg,False,T.Shough,B.Young,-3.89,-5.0,13.55,183.66,Med-High,-13.0,6.25,49.17,49.0,13.272126608382765,33.0,66.0,0.6076,0.391,0.0802,0.0796,0.0,0.0,0.0,0.0,0.5782,0.4214,-137,+137,,,,,,,,No Bet,,No Bet,,No Bet,,No Bet,,No Bet,,No Bet,,No Bet,,No Bet,,No Bet,,,,,,,,,,,,,,,,,,,,,,,,,,,,,15,-0.014750000000000001,-0.12585,Carolina Panthers,New Orleans Saints,0,0,0,0,0,0,0,0,0,0,0,0,1,2.0,1.5,,
2026_14_ATL_CLE,2026,15,2026-12-13,13:00,Atlanta Falcons,Cleveland Browns,Home,,,,,7,7,0,0,7,3,FirstEnergy Stadium,41.5061,-81.6994,America/New_York,False,False,14,14,Sunday,True,True,2,True,True,2,7,3,NFC South,Mercedes-Benz Stadium,33.7489,-84.388,America/New_York,AFC North,FirstEnergy Stadium,41.5061,-81.6994,America/New_York,Detroit Lions,Cincinnati Bengals,Mercedes-Benz Stadium,FirstEnergy Stadium,Washington Commanders,New York Giants,FedExField,MetLife Stadium,555,0,-555,555,0.0,0.0,America/New_York,America/New_York,0.0,0.0,0.0,0.0,0.0,0,-0.71,-4.705,-0.71,-4.705,Atlanta Falcons,3.995,Atlanta Falcons,3.995,-0.71,-4.705,Atlanta Falcons,3.995,0.0,0,No,No,No,No,No,0,No,0.0,0.0,1.764,-4.154,2.087,-2.3009999999999997,2.087,-2.3009999999999997,2.797,2.404,4.561,-1.7499999999999996,Atlanta Falcons,4.388,Atlanta Falcons,4.388,2.087,-2.3009999999999997,Atlanta Falcons,4.388,Tie,0.0,Atlanta Falcons,5.918,0.882,-2.077,Atlanta Falcons,2.959,Atlanta Falcons,0.39300000000000024,Atlanta Falcons,6.311,3.6790000000000003,0.3270000000000002,Atlanta Falcons,3.3520000000000003,Different,Same,Same,Same,Different,Same,False,Away Team,Away Team,,,,,,,,-104,-116,224,-282,0.39300000000000024,-0.39300000000000024,6.311,-6.311,,,0.537,0.5098,0.7382,0.3086,,,0.513,0.487,0.7052,0.2948,0.695,0.304,0.195,-0.196,,,132,15,2026-12-13,ATL @ CLE,10.0,60.0,0.0,Historical Avg,False,M.Penix,D.Watson,7.13,7.0,13.81,190.71,Med-High,-3.0,17.0,44.13,43.0,12.905910132310261,28.0,61.0,0.304,0.695,0.0802,0.0768,0.0,0.0,0.0,0.0,0.3619,0.6377,+176,-176,,,,,,,,No Bet,,No Bet,,No Bet,,No Bet,,No Bet,,No Bet,,No Bet,,No Bet,,No Bet,,,,,,,,,,,,,,,,,,,,,,,,,,,,,15,0.1696,-0.134,Atlanta Falcons,Cleveland Browns,0,0,0,0,0,0,0,0,0,0,0,0,0,4.0,1.5,,
2026_14_TEN_DET,2026,15,2026-12-13,13:00,Tennessee Titans,Detroit Lions,Home,,,,,7,7,0,0,5,6,Ford Field,42.3395,-83.045,America/Detroit,False,False,14,14,Sunday,True,True,2,True,True,2,5,6,AFC South,Nissan Stadium,36.1664,-86.7716,America/Chicago,NFC North,Ford Field,42.3395,-83.045,America/Detroit,Washington Commanders,Atlanta Falcons,Nissan Stadium,Mercedes-Benz Stadium,Indianapolis Colts,Minnesota Vikings,Nissan Stadium,U.S. Bank Stadium,470,0,-470,470,-1.0,0.0,America/Chicago,America/New_York,-1.0,0.0,-1.0,0.0,-1.0,0,-4.36,4.305,-4.36,4.305,Detroit Lions,8.665,Detroit Lions,8.665,-4.36,4.305,Detroit Lions,8.665,0.0,0,No,No,No,No,No,0,No,0.0,0.0,-9.711,1.824,-4.458500000000001,5.614999999999999,-4.458500000000001,5.614999999999999,-0.09850000000000003,1.31,-9.8095,3.1340000000000003,Detroit Lions,10.0735,Detroit Lions,10.0735,-4.458500000000001,5.614999999999999,Detroit Lions,10.0735,Tie,0.0,Detroit Lions,11.535,-4.8555,0.912,Detroit Lions,5.7675,Detroit Lions,1.4085,Detroit Lions,12.9435,-4.954,2.2220000000000004,Detroit Lions,7.176,Different,Same,Same,Same,Different,Same,False,Home Team,Home Team,,,,,,,,-128,105,-729,494,-1.4085,1.4085,-12.9435,12.9435,,,0.4878,0.5614,0.1684,0.8794,,,0.4649,0.5351,0.1607,0.8393,0.1672,0.8324,-0.3328,0.3324,,,133,15,2026-12-13,TEN @ DET,0.0,70.0,0.0,Dome,True,C.Ward,J.Goff,-12.24,-12.0,12.82,164.43,Med-Low,-21.0,-4.0,51.96,51.0,13.388615269839102,35.0,69.0,0.8324,0.1672,0.0698,0.0702,0.0,0.0,0.0,0.0,0.7356,0.2643,-278,+278,,,,,,,,No Bet,,No Bet,,No Bet,,No Bet,,No Bet,,No Bet,,No Bet,,No Bet,,No Bet,,,,,,,,,,,,,,,,,,,,,,,,,,,,,15,-0.2682,0.04760000000000001,Detroit Lions,Tennessee Titans,0,0,0,0,0,0,0,0,0,0,0,0,0,0.0,3.0,,
2026_14_CHI_MIA,2026,15,2026-12-13,13:00,Chicago Bears,Miami Dolphins,Home,,,,,7,7,0,0,11,-1,Hard Rock Stadium,25.9602,-80.2384,America/New_York,False,False,14,14,Sunday,True,True,2,True,True,2,11,-1,NFC North,Soldier Field,41.8623,-87.6167,America/Chicago,AFC East,Hard Rock Stadium,25.9602,-80.2384,America/New_York,Jacksonville Jaguars,Denver Broncos,Soldier Field,Empower Field at Mile High,Buffalo Bills,Green Bay Packers,Highmark Stadium,Lambeau Field,1175,0,-1175,1175,-1.0,0.0,America/Chicago,America/Denver,-1.0,-2.0,-1.0,0.0,-1.0,0,-1.575,0.66,-1.575,0.66,Miami Dolphins,2.235,Miami Dolphins,2.235,-1.575,0.66,Miami Dolphins,2.235,0.0,0,No,No,No,No,No,0,No,0.0,0.0,3.925,-7.793,-1.5684999999999998,1.056,-1.5684999999999998,1.056,0.006500000000000006,0.396,3.9314999999999993,-7.397,Miami Dolphins,2.6245,Miami Dolphins,2.6245,-1.5684999999999998,1.056,Miami Dolphins,2.6245,Tie,0.0,Chicago Bears,11.718,1.9625,-3.8965,Chicago Bears,5.859,Miami Dolphins,0.3895,Chicago Bears,11.3285,1.9689999999999996,-3.5005,Chicago Bears,5.4695,Different,Different,Same,Different,Different,Same,False,Home Team,Away Team,,,,,,,,-116,-104,450,-646,-0.3895,0.3895,11.3285,-11.3285,,,0.5098,0.537,0.866,0.1818,,,0.487,0.513,0.8265,0.1735,0.8388,0.1602,0.3388,-0.3398,,,134,15,2026-12-13,CHI @ MIA,10.0,70.0,0.0,Historical Avg,False,C.Williams,M.Willis,12.92,13.0,13.49,182.01,Med-High,5.0,22.0,51.02,50.0,13.383918704773247,34.0,68.0,0.1602,0.8388,0.0566,0.066,0.0,0.0,0.0,0.0,0.2822,0.7174,+254,-254,,,,,,,,No Bet,,No Bet,,No Bet,,No Bet,,No Bet,,No Bet,,No Bet,,No Bet,,No Bet,,,,,,,,,,,,,,,,,,,,,,,,,,,,,15,-0.010149999999999998,-0.2902,Miami Dolphins,Chicago Bears,0,0,0,0,1,0,0,0,0,0,1,0,0,2.5,0.0,,
2026_14_DEN_NYJ,2026,15,2026-12-13,13:00,Denver Broncos,New York Jets,Home,,,,,7,14,-7,7,2,-3,MetLife Stadium,40.8136,-74.0744,America/New_York,False,False,14,14,Sunday,True,True,2,True,True,2,2,-3,AFC West,Empower Field at Mile High,39.7648,-105.0076,America/Denver,AFC East,MetLife Stadium,40.8136,-74.0744,America/New_York,Miami Dolphins,Miami Dolphins,Empower Field at Mile High,Hard Rock Stadium,Las Vegas Raiders,Arizona Cardinals,Allegiant Stadium,State Farm Stadium,1622,0,-1622,1622,-2.0,0.0,America/Denver,America/New_York,-2.0,0.0,-2.0,0.0,-2.0,0,2.05,-3.725,2.05,-3.725,Denver Broncos,5.775,Denver Broncos,5.775,2.05,-3.725,Denver Broncos,5.775,-0.3,0,No,No,No,No,No,0,No,0.0,0.0,2.928,-5.458,0.057499999999999885,-3.3865000000000003,0.057499999999999885,-3.3865000000000003,-1.9925,0.3385,0.9355000000000004,-5.1195,Denver Broncos,3.444,Denver Broncos,3.444,0.057499999999999885,-3.3865000000000003,Denver Broncos,3.444,Tie,0.0,Denver Broncos,8.386,1.464,-2.729,Denver Broncos,4.193,New York Jets,2.331,Denver Broncos,6.055000000000001,-0.5284999999999997,-2.3905000000000003,Denver Broncos,1.8620000000000005,Different,Same,Different,Same,Different,Same,False,Home Team,Away Team,,,,,,,,-142,117,208,-261,-2.331,2.331,6.055000000000001,-6.055000000000001,,,0.4608,0.5868,0.723,0.3247,,,0.4399,0.5601,0.6901,0.3099,0.7956,0.2038,0.2956,-0.2962,,,135,15,2026-12-13,DEN @ NYJ,15.0,38.0,0.0,Historical Avg,False,B.Nix,G.Smith,10.25,10.0,12.5,156.28,Low,3.0,19.0,40.32,40.0,11.93567998613176,26.0,56.0,0.2038,0.7956,0.0678,0.0708,0.0,0.0,0.0,0.0,0.3579,0.6419,+179,-179,,,,,,,,No Bet,,No Bet,,No Bet,,No Bet,,No Bet,,No Bet,,No Bet,,No Bet,,No Bet,,,,,,,,,,,,,,,,,,,,,,,,,,,,,15,0.0493,-0.22985,New York Jets,Denver Broncos,0,0,0,0,1,0,0,0,0,0,1,0,0,3.0,0.5,,
2026_14_IND_PHI,2026,15,2026-12-13,13:00,Indianapolis Colts,Philadelphia Eagles,Home,,,,,14,7,7,-7,-6,-19,Lincoln Financial Field,39.9008,-75.1675,America/New_York,False,False,14,14,Sunday,True,True,2,True,True,2,-6,-19,AFC South,Lucas Oil Stadium,39.7601,-86.1638,America/Indiana/Indianapolis,NFC East,Lincoln Financial Field,39.9008,-75.1675,America/New_York,New York Giants,Arizona Cardinals,Lucas Oil Stadium,State Farm Stadium,Tennessee Titans,Seattle Seahawks,Nissan Stadium,Lincoln Financial Field,583,0,-583,583,0.0,0.0,America/Indiana/Indianapolis,America/Denver,0.0,-2.0,0.0,0.0,0.0,0,-2.265,4.905,-2.265,4.905,Philadelphia Eagles,7.17,Philadelphia Eagles,7.17,-2.265,4.905,Philadelphia Eagles,7.17,0.0,0,No,No,No,No,No,0,No,0.0,0.0,-0.012,0.123,-1.4895,4.4135,-1.4895,4.4135,0.7755,-0.49150000000000005,0.7635,-0.36850000000000005,Philadelphia Eagles,5.9030000000000005,Philadelphia Eagles,5.9030000000000005,-1.4895,4.4135,Philadelphia Eagles,5.9030000000000005,Tie,0.0,Philadelphia Eagles,0.135,-0.006,0.0615,Philadelphia Eagles,0.0675,Indianapolis Colts,1.267,Indianapolis Colts,1.1320000000000001,0.7695,-0.43000000000000005,Indianapolis Colts,1.1995,Different,Different,Different,Different,Different,Different,False,Away Team,Away Team,,,,,,,,105,-128,101,-122,1.267,-1.267,1.1320000000000001,-1.1320000000000001,,,0.5614,0.4878,0.5495,0.4975,,,0.5351,0.4649,0.5248,0.4752,0.4394,0.56,-0.0606,0.06,,,136,15,2026-12-13,IND @ PHI,15.0,40.0,0.0,Historical Avg,False,D.Jones,J.Hurts,-2.04,-3.0,13.47,181.52,Med-High,-11.0,7.0,47.14,47.0,13.327280378248823,30.0,64.0,0.56,0.4394,0.0942,0.0892,0.0,0.0,0.0,0.0,0.5,0.4998,-100,+100,,,,,,,,No Bet,,No Bet,,No Bet,,No Bet,,No Bet,,No Bet,,No Bet,,No Bet,,No Bet,,,,,,,,,,,,,,,,,,,,,,,,,,,,,15,0.022999999999999993,-0.08925000000000001,Indianapolis Colts,Philadelphia Eagles,0,0,0,0,0,0,0,1,0,0,0,1,0,2.5,1.5,,
2026_14_HOU_WAS,2026,15,2026-12-13,13:00,Houston Texans,Washington Commanders,Home,,,,,7,7,0,0,8,9,FedExField,38.9077,-76.8645,America/New_York,False,True,14,14,Sunday,True,True,2,True,True,2,8,9,AFC South,NRG Stadium,29.6847,-95.4093,America/Chicago,NFC East,FedExField,38.9077,-76.8645,America/New_York,Pittsburgh Steelers,Tennessee Titans,Acrisure Stadium,Nissan Stadium,Jacksonville Jaguars,Atlanta Falcons,NRG Stadium,FedExField,1231,0,-1231,1231,-1.0,0.0,America/New_York,America/Chicago,0.0,-1.0,0.0,0.0,0.0,0,0.035,1.45,0.035,1.45,Washington Commanders,1.415,Washington Commanders,1.415,0.035,1.45,Washington Commanders,1.415,0.0,0,No,No,No,No,No,0,No,0.0,0.0,1.731,-3.609,0.8460000000000001,2.2065,0.8460000000000001,2.2065,0.8109999999999999,0.7565,2.5420000000000003,-2.8525,Washington Commanders,1.3605,Washington Commanders,1.3605,0.8460000000000001,2.2065,Washington Commanders,1.3605,Tie,0.0,Houston Texans,5.34,0.8655,-1.8045,Houston Texans,2.67,Houston Texans,0.05449999999999999,Houston Texans,5.394500000000001,1.6765,-1.048,Houston Texans,2.7245,Different,Different,Different,Different,Different,Same,False,Away Team,Away Team,,,,,,,,-110,-110,195,-244,0.05449999999999999,-0.05449999999999999,5.394500000000001,-5.394500000000001,,,0.5238,0.5238,0.7093,0.339,,,0.5,0.5,0.6766,0.3234,0.664,0.3358,0.164,-0.1642,,,137,15,2026-12-13,HOU @ WAS,12.0,42.0,0.0,Historical Avg,False,C.Stroud,J.Daniels,5.12,6.0,13.02,169.48,Med-Low,-4.0,14.0,49.2,49.0,13.31823843813509,32.0,67.0,0.3358,0.664,0.0886,0.0854,0.0,0.0,0.0,0.0,0.3864,0.6135,+159,-159,,,,,,,,No Bet,,No Bet,,No Bet,,No Bet,,No Bet,,No Bet,,No Bet,,No Bet,,No Bet,,,,,,,,,,,,,,,,,,,,,,,,,,,,,15,0.08235,-0.15645,Houston Texans,Washington Commanders,0,0,0,0,1,0,0,0,0,0,1,0,0,3.0,1.0,,
2026_14_LAC_LV,2026,15,2026-12-13,16:05,Los Angeles Chargers,Las Vegas Raiders,Home,,,,,7,14,-7,7,-27,-13,Allegiant Stadium,36.108,-115.1578,America/Los_Angeles,False,True,14,14,Sunday,True,True,2,True,True,2,-27,-13,AFC West,SoFi Stadium,33.9535,-118.3395,America/Los_Angeles,AFC West,Allegiant Stadium,36.108,-115.1578,America/Los_Angeles,Tampa Bay Buccaneers,Cleveland Browns,Raymond James Stadium,FirstEnergy Stadium,San Francisco 49ers,Denver Broncos,SoFi Stadium,Allegiant Stadium,233,0,-233,233,0.0,0.0,America/New_York,America/New_York,3.0,3.0,0.0,0.0,0.0,0,0.935,-2.35,0.935,-2.35,Los Angeles Chargers,3.285,Los Angeles Chargers,3.285,0.935,-2.35,Los Angeles Chargers,3.285,0.0,0,No,No,No,No,No,1,No,0.0,0.0,-3.339,-3.377,-0.11938000000000004,-1.9696200000000001,-0.11938000000000004,-1.9696200000000001,-1.0215299999999998,0.34753,-4.3609100000000005,-3.02909,Los Angeles Chargers,1.85024,Los Angeles Chargers,1.85024,-0.11938000000000004,-1.9696200000000001,Los Angeles Chargers,1.85024,Tie,0.0,Los Angeles Chargers,0.03799999999999981,-1.6695,-1.6885,Los Angeles Chargers,0.018999999999999906,Las Vegas Raiders,1.3690599999999997,Las Vegas Raiders,1.3318200000000004,-2.6912200000000004,-1.34078,Las Vegas Raiders,1.3504400000000003,Different,Different,Different,Different,Different,Different,False,Home Team,Home Team,,,,,,,,-128,105,-128,105,-1.3690599999999997,1.3690599999999997,-1.3318200000000004,1.3318200000000004,,,0.4878,0.5614,0.4878,0.5614,,,0.4649,0.5351,0.4649,0.5351,0.3828,0.6158,-0.1172,0.1158,,,138,15,2026-12-13,LAC @ LV,0.0,70.0,0.0,Dome,True,J.Herbert,K.Cousins,-3.28,-5.0,13.38,179.15,Medium,-13.0,7.0,43.35,43.0,12.29237586884245,28.0,60.0,0.6158,0.3828,0.09,0.0742,0.0,0.0,0.0,0.0,0.562,0.4375,-128,+129,,,,,,,,No Bet,,No Bet,,No Bet,,No Bet,,No Bet,,No Bet,,No Bet,,No Bet,,No Bet,,,,,,,,,,,,,,,,,,,,,,,,,,,,,15,-0.15284999999999999,0.08735000000000001,Las Vegas Raiders,Los Angeles Chargers,0,0,0,0,0,0,0,0,0,0,0,0,1,1.0,3.0,,
2026_14_KC_CIN,2026,15,2026-12-13,16:25,Kansas City Chiefs,Cincinnati Bengals,Home,,,,,10,7,3,-3,5,-7,Paycor Stadium,39.0955,-84.5165,America/New_York,False,True,14,14,Sunday,True,True,2,True,True,2,5,-7,AFC West,GEHA Field at Arrowhead Stadium,39.0489,-94.4839,America/Chicago,AFC North,Paycor Stadium,39.0955,-84.5165,America/New_York,Los Angeles Rams,Cleveland Browns,SoFi Stadium,FirstEnergy Stadium,New England Patriots,Carolina Panthers,GEHA Field at Arrowhead Stadium,Bank of America Stadium,534,0,-534,534,-1.0,0.0,America/Los_Angeles,America/New_York,-3.0,0.0,-1.0,0.0,-1.0,0,4.395,1.31,4.395,1.31,Kansas City Chiefs,3.0849999999999995,Kansas City Chiefs,3.0849999999999995,4.395,1.31,Kansas City Chiefs,3.0849999999999995,0.0,0,No,No,No,No,No,0,No,0.0,0.0,3.194,1.256,4.003999999999999,0.5949999999999999,4.003999999999999,0.5949999999999999,-0.39100000000000007,-0.715,2.803,0.541,Kansas City Chiefs,3.408999999999999,Kansas City Chiefs,3.408999999999999,4.003999999999999,0.5949999999999999,Kansas City Chiefs,3.408999999999999,Tie,0.0,Kansas City Chiefs,1.938,1.597,0.628,Kansas City Chiefs,0.969,Kansas City Chiefs,0.3239999999999999,Kansas City Chiefs,2.262,1.206,-0.08699999999999997,Kansas City Chiefs,1.293,Different,Same,Same,Same,Different,Same,False,Away Team,Away Team,,,,,,,,-104,-116,117,-142,0.3239999999999999,-0.3239999999999999,2.262,-2.262,,,0.537,0.5098,0.5868,0.4608,,,0.513,0.487,0.5601,0.4399,0.6022,0.3966,0.1022,-0.1034,,,139,15,2026-12-13,KC @ CIN,12.0,38.0,0.0,Historical Avg,False,P.Mahomes,J.Burrow,3.78,4.0,13.44,180.58,Med-High,-6.0,13.0,55.23,55.0,13.614683128128096,39.0,73.0,0.3966,0.6022,0.0938,0.0902,0.0,0.0,0.0,0.0,0.4412,0.5584,+127,-126,,,,,,,,No Bet,,No Bet,,No Bet,,No Bet,,No Bet,,No Bet,,No Bet,,No Bet,,No Bet,,,,,,,,,,,,,,,,,,,,,,,,,,,,,15,0.05475,-0.024299999999999995,Kansas City Chiefs,Cincinnati Bengals,0,0,0,0,0,0,0,0,0,0,0,0,0,3.0,2.0,,
2026_14_NYG_SEA,2026,15,2026-12-13,16:25,New York Giants,Seattle Seahawks,Home,,,,,7,6,1,-1,4,6,Lumen Field,47.5952,-122.3316,America/Los_Angeles,False,False,14,14,Sunday,True,True,2,True,True,2,4,6,NFC East,MetLife Stadium,40.8136,-74.0744,America/New_York,NFC West,Lumen Field,47.5952,-122.3316,America/Los_Angeles,San Francisco 49ers,Dallas Cowboys,MetLife Stadium,Lumen Field,Cleveland Browns,Philadelphia Eagles,MetLife Stadium,Lincoln Financial Field,2394,0,-2394,2394,3.0,0.0,America/New_York,America/Los_Angeles,3.0,0.0,3.0,0.0,3.0,0,-2.84,-0.13,-2.84,-0.13,Seattle Seahawks,2.71,Seattle Seahawks,2.71,-2.84,-0.13,Seattle Seahawks,2.71,-0.22499999999999998,0,No,No,No,No,No,0,Yes,0.0,0.0,-4.129,10.351,-3.650499999999999,0.009500000000000036,-3.650499999999999,0.009500000000000036,-0.8104999999999999,0.13950000000000004,-4.939499999999999,10.490500000000003,Seattle Seahawks,3.6599999999999993,Seattle Seahawks,3.6599999999999993,-3.650499999999999,0.009500000000000036,Seattle Seahawks,3.6599999999999993,Tie,0.0,Seattle Seahawks,14.48,-2.0645,5.1755,Seattle Seahawks,7.24,Seattle Seahawks,0.95,Seattle Seahawks,15.430000000000001,-2.8749999999999996,5.315000000000001,Seattle Seahawks,8.190000000000001,Different,Same,Same,Same,Different,Same,False,Home Team,Home Team,,,,,,,,-122,101,-1197,702,-0.95,0.95,-15.430000000000001,15.430000000000001,,,0.4975,0.5495,0.1247,0.9229,,,0.4752,0.5248,0.119,0.881,0.0664,0.9336,-0.4336,0.4336,,,140,15,2026-12-13,NYG @ SEA,12.0,42.0,0.0,Historical Avg,False,J.Winston,S.Darnold,-19.7,-20.0,12.89,166.24,Med-Low,-28.0,-11.0,46.29,46.0,12.706343221856331,30.0,63.0,0.9336,0.0664,0.0286,0.0354,0.0,0.0,0.0,0.0,0.7798,0.2202,-354,+354,,,,,,,,No Bet,,No Bet,,No Bet,,No Bet,,No Bet,,No Bet,,No Bet,,No Bet,,No Bet,,,,,,,,,,,,,,,,,,,,,,,,,,,,,15,-0.1892,0.24975,Seattle Seahawks,New York Giants,0,0,0,0,0,1,0,0,0,0,0,1,0,1.0,4.5,,
2026_14_LA_SF,2026,15,2026-12-13,16:25,Los Angeles Rams,San Francisco 49ers,Home,,,,,10,7,3,-3,-1,-1,Levi's Stadium,37.4031,-121.9702,America/Los_Angeles,False,False,14,14,Sunday,True,True,2,True,True,2,-1,-1,NFC West,SoFi Stadium,33.9535,-118.3395,America/Los_Angeles,NFC West,Levi's Stadium,37.4031,-121.9702,America/Los_Angeles,Kansas City Chiefs,New York Giants,SoFi Stadium,MetLife Stadium,Dallas Cowboys,Los Angeles Chargers,SoFi Stadium,SoFi Stadium,313,0,-313,313,0.0,0.0,America/Los_Angeles,America/New_York,0.0,3.0,0.0,0.0,0.0,0,1.29,3.325,1.29,3.325,San Francisco 49ers,2.035,San Francisco 49ers,2.035,1.29,3.325,San Francisco 49ers,2.035,0.0,0,No,No,No,No,No,1,No,0.0,0.0,6.079,5.31,1.67504,2.3649600000000004,1.67504,2.3649600000000004,0.36469,-0.93969,6.436,4.378,San Francisco 49ers,0.6899200000000003,San Francisco 49ers,0.6899200000000003,1.67504,2.3649600000000004,San Francisco 49ers,0.6899200000000003,Tie,0.0,Los Angeles Rams,0.7690000000000001,3.0395,2.655,Los Angeles Rams,0.38450000000000006,Los Angeles Rams,1.30438,Los Angeles Rams,2.058,3.400345,1.719155,Los Angeles Rams,1.6811900000000002,Different,Different,Different,Different,Different,Same,False,Away Team,Away Team,,,,,,,,105,-128,108,-131,1.30438,-1.30438,2.058,-2.058,,,0.5614,0.4878,0.5671,0.4808,,,0.5351,0.4649,0.5412,0.4588,0.3996,0.5998,-0.1004,0.0998,,,141,15,2026-12-13,LA @ SF,8.0,55.0,0.0,Historical Avg,False,M.Stafford,B.Purdy,-3.21,-4.0,13.39,179.36,Medium,-12.0,6.0,60.53,60.0,14.463993279185248,43.0,79.0,0.5998,0.3996,0.1036,0.0932,0.0,0.0,0.0,0.0,0.5078,0.492,-103,+103,,,,,,,,No Bet,,No Bet,,No Bet,,No Bet,,No Bet,,No Bet,,No Bet,,No Bet,,No Bet,,,,,,,,,,,,,,,,,,,,,,,,,,,,,15,0.08459999999999998,0.32005,Los Angeles Rams,San Francisco 49ers,0,0,0,0,0,0,1,0,0,0,1,0,1,3.0,5.0,,
2026_14_BUF_GB,2026,15,2026-12-13,20:20,Buffalo Bills,Green Bay Packers,Home,,,,,7,7,0,0,11,1,Lambeau Field,44.5013,-88.0622,America/Chicago,False,True,14,14,Sunday,True,True,2,True,True,2,11,1,AFC East,Highmark Stadium,42.7725,-78.7877,America/New_York,NFC North,Lambeau Field,44.5013,-88.0622,America/Chicago,New England Patriots,New Orleans Saints,Gillette Stadium,Caesars Superdome,Chicago Bears,Miami Dolphins,Highmark Stadium,Lambeau Field,478,0,-478,478,1.0,0.0,America/New_York,America/Chicago,1.0,0.0,1.0,0.0,1.0,0,4.795,3.535,4.795,3.535,Buffalo Bills,1.2599999999999998,Buffalo Bills,1.2599999999999998,4.795,3.535,Buffalo Bills,1.2599999999999998,0.0,0,No,No,No,No,No,0,No,0.0,0.0,3.307,-0.138,5.091,3.109,5.091,3.109,0.296,-0.426,3.603,-0.564,Buffalo Bills,1.9820000000000002,Buffalo Bills,1.9820000000000002,5.091,3.109,Buffalo Bills,1.9820000000000002,Tie,0.0,Buffalo Bills,3.445,1.6535,-0.069,Buffalo Bills,1.7225,Buffalo Bills,0.722,Buffalo Bills,4.167,1.9495,-0.495,Buffalo Bills,2.4445,Different,Same,Same,Same,Different,Same,False,Away Team,Away Team,,,,,,,,-104,-116,171,-211,0.722,-0.722,4.167,-4.167,,,0.537,0.5098,0.6785,0.369,,,0.513,0.487,0.6477,0.3523,0.5836,0.4158,0.0836,-0.0842,,,142,15,2026-12-13,BUF @ GB,15.0,25.0,0.0,Historical Avg,False,J.Allen,J.Love,2.94,3.0,13.9,193.2,Med-High,-7.0,12.0,55.07,54.0,14.373702832138326,37.0,74.0,0.4158,0.5836,0.0858,0.088,0.0,0.0,0.0,0.0,0.4184,0.5814,+139,-139,,,,,,,,No Bet,,No Bet,,No Bet,,No Bet,,No Bet,,No Bet,,No Bet,,No Bet,,No Bet,,,,,,,,,,,,,,,,,,,,,,,,,,,,,15,0.22365000000000002,0.08615,Buffalo Bills,Green Bay Packers,0,0,0,0,0,0,1,1,0,0,1,1,0,4.0,3.0,,
2026_14_PIT_JAX,2026,15,2026-12-14,20:15,Pittsburgh Steelers,Jacksonville Jaguars,Home,,,,,8,8,0,0,-2,-2,TIAA Bank Field,30.3239,-81.6554,America/New_York,False,False,14,14,Monday,True,True,2,True,True,2,-2,-2,AFC North,Acrisure Stadium,40.4468,-80.0158,America/New_York,AFC South,TIAA Bank Field,30.3239,-81.6554,America/New_York,Houston Texans,Chicago Bears,Acrisure Stadium,Soldier Field,Baltimore Ravens,Houston Texans,Acrisure Stadium,NRG Stadium,705,0,-705,705,0.0,0.0,America/New_York,America/Chicago,0.0,-1.0,0.0,0.0,0.0,0,-0.565,-1.825,-0.565,-1.825,Pittsburgh Steelers,1.26,Pittsburgh Steelers,1.26,-0.565,-1.825,Pittsburgh Steelers,1.26,0.0,0,No,No,No,No,No,0,No,0.0,0.0,-2.174,6.394,-2.0505,-0.10899999999999999,-2.0505,-0.10899999999999999,-1.4855,1.716,-3.6595,8.110000000000001,Jacksonville Jaguars,1.9415,Jacksonville Jaguars,1.9415,-2.0505,-0.10899999999999999,Jacksonville Jaguars,1.9415,Tie,0.0,Jacksonville Jaguars,8.568,-1.087,3.197,Jacksonville Jaguars,4.284,Jacksonville Jaguars,3.2015000000000002,Jacksonville Jaguars,11.7695,-2.5725,4.913,Jacksonville Jaguars,7.4855,Different,Different,Same,Same,Different,Same,False,Home Team,Home Team,,,,,,,,-164,135,-660,458,-3.2015000000000002,3.2015000000000002,-11.7695,11.7695,,,0.4255,0.6212,0.1792,0.8684,,,0.4065,0.5935,0.1711,0.8289,0.314,0.685,-0.186,0.185,,,143,15,2026-12-14,PIT @ JAX,10.0,60.0,0.0,Historical Avg,False,A.Rodgers,T.Lawrence,-6.34,-7.0,13.54,183.42,Med-High,-16.0,3.0,49.39,49.0,13.064963934757849,33.0,67.0,0.685,0.314,0.0842,0.0762,0.0,0.0,0.0,0.0,0.7025,0.2972,-236,+236,,,,,,,,No Bet,,No Bet,,No Bet,,No Bet,,No Bet,,No Bet,,No Bet,,No Bet,,No Bet,,,,,,,,,,,,,,,,,,,,,,,,,,,,,15,-0.0889,0.18520000000000003,Jacksonville Jaguars,Pittsburgh Steelers,0,0,0,0,0,0,0,0,0,0,0,0,0,1.5,4.0,,
2026_15_SF_LAC,2026,16,2026-12-17,20:15,San Francisco 49ers,Los Angeles Chargers,Home,,,,,4,4,0,0,-1,-27,SoFi Stadium,33.9535,-118.3395,America/Los_Angeles,False,False,15,15,Thursday,True,True,2,True,True,2,-1,-27,NFC West,Levi's Stadium,37.4031,-121.9702,America/Los_Angeles,AFC West,SoFi Stadium,33.9535,-118.3395,America/Los_Angeles,Los Angeles Rams,Las Vegas Raiders,Levi's Stadium,Allegiant Stadium,Kansas City Chiefs,Miami Dolphins,GEHA Field at Arrowhead Stadium,Hard Rock Stadium,313,0,-313,313,0.0,0.0,America/Los_Angeles,America/Los_Angeles,0.0,0.0,0.0,0.0,0.0,0,3.325,0.935,3.325,0.935,San Francisco 49ers,2.39,San Francisco 49ers,2.39,3.325,0.935,San Francisco 49ers,2.39,0.0,0,No,No,No,No,No,0,No,0.0,0.0,5.31,-3.339,3.9530000000000003,-1.2545000000000002,3.9530000000000003,-1.2545000000000002,0.628,-2.1895000000000002,5.938,-5.5285,San Francisco 49ers,5.2075000000000005,San Francisco 49ers,5.2075000000000005,3.9530000000000003,-1.2545000000000002,San Francisco 49ers,5.2075000000000005,Tie,0.0,San Francisco 49ers,8.649,2.655,-1.6695,San Francisco 49ers,4.3245,San Francisco 49ers,2.8175000000000003,San Francisco 49ers,11.4665,3.283,-3.859,San Francisco 49ers,7.1419999999999995,Different,Same,Same,Same,Different,Same,True,Away Team,Away Team,,,,,,,,135,-164,450,-646,2.8175000000000003,-2.8175000000000003,11.4665,-11.4665,,,0.6212,0.4255,0.866,0.1818,,,0.5935,0.4065,0.8265,0.1735,0.8522,0.1478,0.3522,-0.3522,,,144,16,2026-12-17,SF @ LAC,0.0,70.0,0.0,Dome,True,B.Purdy,J.Herbert,13.46,14.0,13.05,170.26,Medium,6.0,22.0,54.05,54.0,13.66499922725121,37.0,72.0,0.1478,0.8522,0.0588,0.0584,0.0,0.0,0.0,0.0,0.2426,0.7574,+312,-312,,,,,,,,No Bet,,No Bet,,No Bet,,No Bet,,No Bet,,No Bet,,No Bet,,No Bet,,No Bet,,,,,,,,,,,,,,,,,,,,,,,,,,,,,16,0.3093333333333333,-0.08639999999999999,San Francisco 49ers,Los Angeles Chargers,0,0,0,0,0,0,0,0,0,0,0,0,0,5.0,2.0,,
2026_15_SEA_PHI,2026,16,2026-12-19,17:00,Seattle Seahawks,Philadelphia Eagles,Home,,,,,6,6,0,0,6,-19,Lincoln Financial Field,39.9008,-75.1675,America/New_York,False,False,15,15,Saturday,True,True,2,True,True,2,6,-19,NFC West,Lumen Field,47.5952,-122.3316,America/Los_Angeles,NFC East,Lincoln Financial Field,39.9008,-75.1675,America/New_York,New York Giants,Indianapolis Colts,Lumen Field,Lincoln Financial Field,Los Angeles Rams,Houston Texans,Lumen Field,Lincoln Financial Field,2373,0,-2373,2373,-3.0,0.0,America/Los_Angeles,America/New_York,-3.0,0.0,-3.0,0.0,-3.0,0,-0.13,4.905,-0.13,4.905,Philadelphia Eagles,5.035,Philadelphia Eagles,5.035,-0.13,4.905,Philadelphia Eagles,5.035,-0.44999999999999996,0,No,No,No,No,No,0,No,0.0,0.0,10.351,0.123,-0.4444999999999999,4.9385,-0.4444999999999999,4.9385,-0.3144999999999999,0.033499999999999974,10.036500000000002,0.15649999999999997,Philadelphia Eagles,5.383,Philadelphia Eagles,5.383,-0.4444999999999999,4.9385,Philadelphia Eagles,5.383,Tie,0.0,Seattle Seahawks,10.228000000000002,5.1755,0.0615,Seattle Seahawks,5.114000000000001,Philadelphia Eagles,0.34799999999999986,Seattle Seahawks,9.880000000000003,4.861000000000001,0.09499999999999997,Seattle Seahawks,4.766000000000001,Different,Different,Same,Different,Different,Same,False,Home Team,Away Team,,,,,,,,-116,-104,356,-483,-0.34799999999999986,0.34799999999999986,9.880000000000003,-9.880000000000003,,,0.5098,0.537,0.8285,0.2193,,,0.487,0.513,0.7907,0.2093,0.7878,0.2114,0.2878,-0.2886,,,145,16,2026-12-19,SEA @ PHI,15.0,40.0,0.0,Historical Avg,False,S.Darnold,J.Hurts,10.63,11.0,13.41,179.92,Medium,3.0,20.0,45.01,44.0,13.374272998396853,29.0,63.0,0.2114,0.7878,0.0752,0.068,0.0,0.0,0.0,0.0,0.3112,0.6885,+221,-221,,,,,,,,No Bet,,No Bet,,No Bet,,No Bet,,No Bet,,No Bet,,No Bet,,No Bet,,No Bet,,,,,,,,,,,,,,,,,,,,,,,,,,,,,16,0.23706666666666665,-0.022799999999999987,Philadelphia Eagles,Seattle Seahawks,0,0,0,0,1,0,0,1,0,0,1,1,0,4.5,2.5,,
2026_15_CHI_BUF,2026,16,2026-12-19,20:20,Chicago Bears,Buffalo Bills,Home,,,,,6,6,0,0,11,11,Highmark Stadium,42.7725,-78.7877,America/New_York,False,True,15,15,Saturday,True,True,2,True,True,2,11,11,NFC North,Soldier Field,41.8623,-87.6167,America/Chicago,AFC East,Highmark Stadium,42.7725,-78.7877,America/New_York,Miami Dolphins,Green Bay Packers,Hard Rock Stadium,Lambeau Field,Green Bay Packers,Denver Broncos,Soldier Field,Empower Field at Mile High,455,0,-455,455,-1.0,0.0,America/New_York,America/Chicago,0.0,-1.0,0.0,0.0,0.0,0,-1.575,4.795,-1.575,4.795,Buffalo Bills,6.37,Buffalo Bills,6.37,-1.575,4.795,Buffalo Bills,6.37,0.0,0,No,No,No,No,No,0,No,0.0,0.0,3.925,3.307,-1.4935,5.6739999999999995,-1.4935,5.6739999999999995,0.08150000000000002,0.879,4.0065,4.186,Buffalo Bills,7.1674999999999995,Buffalo Bills,7.1674999999999995,-1.4935,5.6739999999999995,Buffalo Bills,7.1674999999999995,Tie,0.0,Chicago Bears,0.6179999999999999,1.9625,1.6535,Chicago Bears,0.30899999999999994,Buffalo Bills,0.7975,Buffalo Bills,0.1795,2.044,2.5324999999999998,Buffalo Bills,0.4884999999999997,Different,Different,Same,Same,Different,Different,False,Home Team,Home Team,,,,,,,,-122,101,-110,-110,-0.7975,0.7975,-0.1795,0.1795,,,0.4975,0.5495,0.5238,0.5238,,,0.4752,0.5248,0.5,0.5,0.4338,0.565,-0.0662,0.065,,,146,16,2026-12-19,CHI @ BUF,20.0,30.0,0.0,Historical Avg,False,C.Williams,J.Allen,-2.17,-3.0,14.58,212.63,High,-12.0,8.0,47.66,47.0,13.658248442245513,30.0,65.0,0.565,0.4338,0.084,0.0822,0.0,0.0,0.0,0.0,0.5299,0.4697,-113,+113,,,,,,,,No Bet,,No Bet,,No Bet,,No Bet,,No Bet,,No Bet,,No Bet,,No Bet,,No Bet,,,,,,,,,,,,,,,,,,,,,,,,,,,,,16,0.008533333333333335,0.27653333333333335,Buffalo Bills,Chicago Bears,0,0,0,0,1,0,0,1,0,0,1,1,0,2.5,4.5,,
2026_15_CIN_CAR,2026,16,2026-12-20,13:00,Cincinnati Bengals,Carolina Panthers,Home,,,,,7,7,0,0,-7,10,Bank of America Stadium,35.2258,-80.8528,America/New_York,False,False,15,15,Sunday,True,True,2,True,True,2,-7,10,AFC North,Paycor Stadium,39.0955,-84.5165,America/New_York,NFC South,Bank of America Stadium,35.2258,-80.8528,America/New_York,Kansas City Chiefs,New Orleans Saints,Paycor Stadium,Bank of America Stadium,Indianapolis Colts,Pittsburgh Steelers,Lucas Oil Stadium,Acrisure Stadium,335,0,-335,335,0.0,0.0,America/New_York,America/New_York,0.0,0.0,0.0,0.0,0.0,0,1.31,-5.25,1.31,-5.25,Cincinnati Bengals,6.5600000000000005,Cincinnati Bengals,6.5600000000000005,1.31,-5.25,Cincinnati Bengals,6.5600000000000005,0.0,0,No,No,No,No,No,0,No,0.0,0.0,1.256,-1.427,1.1,-4.462,1.1,-4.462,-0.21000000000000002,0.788,1.0459999999999998,-0.639,Cincinnati Bengals,5.561999999999999,Cincinnati Bengals,5.561999999999999,1.1,-4.462,Cincinnati Bengals,5.561999999999999,Tie,0.0,Cincinnati Bengals,2.683,0.628,-0.7135,Cincinnati Bengals,1.3415,Carolina Panthers,0.998,Cincinnati Bengals,1.6849999999999998,0.4179999999999999,0.07450000000000001,Cincinnati Bengals,0.3434999999999999,Different,Same,Different,Same,Different,Same,False,Home Team,Away Team,,,,,,,,-122,101,105,-128,-0.998,0.998,1.6849999999999998,-1.6849999999999998,,,0.4975,0.5495,0.5614,0.4878,,,0.4752,0.5248,0.5351,0.4649,0.4856,0.5136,-0.0144,0.0136,,,147,16,2026-12-20,CIN @ CAR,8.0,48.0,0.0,Historical Avg,False,J.Burrow,B.Young,-0.68,-1.0,13.99,195.62,High,-10.0,9.0,55.19,55.0,13.568366750469824,38.0,73.0,0.5136,0.4856,0.0824,0.0814,0.0,0.0,0.0,0.0,0.5011,0.4986,-100,+101,,,,,,,,No Bet,,No Bet,,No Bet,,No Bet,,No Bet,,No Bet,,No Bet,,No Bet,,No Bet,,,,,,,,,,,,,,,,,,,,,,,,,,,,,16,-0.027599999999999996,-0.1723333333333333,Carolina Panthers,Cincinnati Bengals,0,0,0,0,0,0,0,0,0,0,0,0,0,2.0,1.0,,
2026_15_MIA_GB,2026,16,2026-12-20,13:00,Miami Dolphins,Green Bay Packers,Home,,,,,7,7,0,0,-1,1,Lambeau Field,44.5013,-88.0622,America/Chicago,False,False,15,15,Sunday,True,True,2,True,True,2,-1,1,AFC East,Hard Rock Stadium,25.9602,-80.2384,America/New_York,NFC North,Lambeau Field,44.5013,-88.0622,America/Chicago,Chicago Bears,Buffalo Bills,Hard Rock Stadium,Lambeau Field,Los Angeles Chargers,Chicago Bears,Hard Rock Stadium,Soldier Field,1352,0,-1352,1352,1.0,0.0,America/New_York,America/Chicago,1.0,0.0,1.0,0.0,1.0,0,0.66,3.535,0.66,3.535,Green Bay Packers,2.875,Green Bay Packers,2.875,0.66,3.535,Green Bay Packers,2.875,0.0,0,No,No,No,No,No,0,No,0.0,0.0,-7.793,-0.138,0.23899999999999993,3.109,0.23899999999999993,3.109,-0.42100000000000004,-0.426,-8.214,-0.564,Green Bay Packers,2.87,Green Bay Packers,2.87,0.23899999999999993,3.109,Green Bay Packers,2.87,Tie,0.0,Green Bay Packers,7.655,-3.8965,-0.069,Green Bay Packers,3.8275,Miami Dolphins,0.004999999999999949,Green Bay Packers,7.65,-4.3175,-0.495,Green Bay Packers,3.8225,Different,Same,Different,Same,Different,Same,False,Away Team,Home Team,,,,,,,,-110,-110,-346,268,0.004999999999999949,-0.004999999999999949,-7.65,7.65,,,0.5238,0.5238,0.2717,0.7758,,,0.5,0.5,0.2594,0.7406,0.1818,0.817,-0.3182,0.317,,,148,16,2026-12-20,MIA @ GB,15.0,25.0,0.0,Historical Avg,False,M.Willis,J.Love,-11.59,-12.0,13.02,169.48,Med-Low,-20.0,-4.0,47.27,47.0,13.61183174861894,30.0,65.0,0.817,0.1818,0.0646,0.0728,0.0,0.0,0.0,0.0,0.6859,0.3137,-218,+219,,,,,,,,No Bet,,No Bet,,No Bet,,No Bet,,No Bet,,No Bet,,No Bet,,No Bet,,No Bet,,,,,,,,,,,,,,,,,,,,,,,,,,,,,16,-0.28086666666666665,0.0092,Miami Dolphins,Green Bay Packers,0,0,0,0,0,0,0,1,0,0,0,1,0,0.5,2.5,,
2026_15_JAX_HOU,2026,16,2026-12-20,13:00,Jacksonville Jaguars,Houston Texans,Home,,,,,6,7,-1,1,-3,9,NRG Stadium,29.6847,-95.4093,America/Chicago,False,False,15,15,Sunday,True,True,2,True,True,2,-3,9,AFC South,TIAA Bank Field,30.3239,-81.6554,America/New_York,AFC South,NRG Stadium,29.6847,-95.4093,America/Chicago,Pittsburgh Steelers,Washington Commanders,TIAA Bank Field,FedExField,Dallas Cowboys,Philadelphia Eagles,AT&T Stadium,Lincoln Financial Field,823,0,-823,823,1.0,0.0,America/New_York,America/New_York,1.0,1.0,1.0,0.0,1.0,0,-1.825,0.035,-1.825,0.035,Houston Texans,1.8599999999999999,Houston Texans,1.8599999999999999,-1.825,0.035,Houston Texans,1.8599999999999999,0.0,0,No,No,No,No,Yes,1,No,0.0,0.0,6.394,1.731,-3.8011000000000004,0.10910000000000007,-3.8011000000000004,0.10910000000000007,-1.9947,0.09270000000000005,4.35267,1.8703300000000003,Houston Texans,3.9102000000000006,Houston Texans,3.9102000000000006,-3.8011000000000004,0.10910000000000007,Houston Texans,3.9102000000000006,Tie,0.0,Jacksonville Jaguars,4.663,3.197,0.8655,Jacksonville Jaguars,2.3315,Houston Texans,2.0874,Jacksonville Jaguars,2.4823399999999998,1.178985,0.9815150000000001,Jacksonville Jaguars,0.1974699999999998,Different,Different,Same,Different,Different,Same,False,Home Team,Away Team,,,,,,,,-131,108,117,-142,-2.0874,2.0874,2.4823399999999998,-2.4823399999999998,,,0.4808,0.5671,0.5868,0.4608,,,0.4588,0.5412,0.5601,0.4399,0.517,0.4826,0.017,-0.0174,,,149,16,2026-12-20,JAX @ HOU,0.0,70.0,0.0,Dome,True,T.Lawrence,C.Stroud,0.84,1.0,12.87,165.56,Med-Low,-8.0,10.0,49.86,49.0,13.431446115327635,33.0,67.0,0.4826,0.517,0.098,0.0916,0.0,0.0,0.0,0.0,0.4879,0.512,+105,-105,,,,,,,,No Bet,,No Bet,,No Bet,,No Bet,,No Bet,,No Bet,,No Bet,,No Bet,,No Bet,,,,,,,,,,,,,,,,,,,,,,,,,,,,,16,0.24126666666666666,0.1156,Houston Texans,Jacksonville Jaguars,0,0,0,0,0,1,0,0,0,0,0,1,1,4.5,3.5,,
2026_15_CLE_NYG,2026,16,2026-12-20,13:00,Cleveland Browns,New York Giants,Home,,,,,7,7,0,0,3,4,MetLife Stadium,40.8136,-74.0744,America/New_York,False,False,15,15,Sunday,True,True,2,True,True,2,3,4,AFC North,FirstEnergy Stadium,41.5061,-81.6994,America/New_York,NFC East,MetLife Stadium,40.8136,-74.0744,America/New_York,Atlanta Falcons,Seattle Seahawks,FirstEnergy Stadium,Lumen Field,Baltimore Ravens,Detroit Lions,M&T Bank Stadium,Ford Field,399,0,-399,399,0.0,0.0,America/New_York,America/Los_Angeles,0.0,-3.0,0.0,0.0,0.0,0,-4.705,-2.84,-4.705,-2.84,New York Giants,1.8650000000000002,New York Giants,1.8650000000000002,-4.705,-2.84,New York Giants,1.8650000000000002,0.0,0,No,No,No,No,No,0,No,0.0,0.0,-4.154,-4.129,-6.808999999999999,-1.5544999999999998,-6.808999999999999,-1.5544999999999998,-2.104,1.2854999999999999,-6.257999999999999,-2.8434999999999997,New York Giants,5.254499999999999,New York Giants,5.254499999999999,-6.808999999999999,-1.5544999999999998,New York Giants,5.254499999999999,Tie,0.0,New York Giants,0.025000000000000355,-2.077,-2.0645,New York Giants,0.012500000000000178,New York Giants,3.3895,New York Giants,3.4144999999999994,-4.180999999999999,-0.7789999999999999,New York Giants,3.4019999999999992,Different,Same,Same,Same,Different,Same,False,Home Team,Home Team,,,,,,,,-191,156,-191,156,-3.3895,3.3895,-3.4144999999999994,3.4144999999999994,,,0.3906,0.6564,0.3906,0.6564,,,0.3731,0.6269,0.3731,0.6269,0.5838,0.415,0.0838,-0.085,,,150,16,2026-12-20,CLE @ NYG,15.0,38.0,0.0,Historical Avg,False,D.Watson,J.Winston,2.45,3.0,13.49,182.06,Med-High,-7.0,12.0,40.07,39.0,12.505771215832334,24.0,57.0,0.415,0.5838,0.0904,0.0874,0.0,0.0,0.0,0.0,0.5563,0.4433,-125,+126,,,,,,,,No Bet,,No Bet,,No Bet,,No Bet,,No Bet,,No Bet,,No Bet,,No Bet,,No Bet,,,,,,,,,,,,,,,,,,,,,,,,,,,,,16,-0.2066,-0.22393333333333332,New York Giants,Cleveland Browns,0,0,0,0,0,0,0,0,0,0,0,0,0,1.0,0.5,,
2026_15_BAL_PIT,2026,16,2026-12-20,13:00,Baltimore Ravens,Pittsburgh Steelers,Home,,,,,7,6,1,-1,-6,-3,Acrisure Stadium,40.4468,-80.0158,America/New_York,False,False,15,15,Sunday,True,True,2,True,True,2,-6,-3,AFC North,M&T Bank Stadium,39.2789,-76.6228,America/New_York,AFC North,Acrisure Stadium,40.4468,-80.0158,America/New_York,Tampa Bay Buccaneers,Jacksonville Jaguars,M&T Bank Stadium,TIAA Bank Field,Cleveland Browns,Carolina Panthers,M&T Bank Stadium,Acrisure Stadium,197,0,-197,197,0.0,0.0,America/New_York,America/New_York,0.0,0.0,0.0,0.0,0.0,0,6.69,-0.565,6.69,-0.565,Baltimore Ravens,7.255000000000001,Baltimore Ravens,7.255000000000001,6.69,-0.565,Baltimore Ravens,7.255000000000001,0.0,0,No,No,No,No,No,1,Yes,0.0,0.0,3.773,-2.174,8.00639,0.64561,8.00639,0.64561,1.38894,1.1380599999999998,5.10247,-0.97647,Baltimore Ravens,7.36078,Baltimore Ravens,7.36078,8.00639,0.64561,Baltimore Ravens,7.36078,Tie,0.0,Baltimore Ravens,5.947,1.8865,-1.087,Baltimore Ravens,2.9735,Baltimore Ravens,0.2508800000000002,Baltimore Ravens,6.07894,3.245705,0.08079499999999995,Baltimore Ravens,3.16491,Different,Same,Same,Same,Different,Same,False,Away Team,Away Team,,,,,,,,-104,-116,208,-261,0.2508800000000002,-0.2508800000000002,6.07894,-6.07894,,,0.537,0.5098,0.723,0.3247,,,0.513,0.487,0.6901,0.3099,0.7872,0.2124,0.2872,-0.2876,,,151,16,2026-12-20,BAL @ PIT,12.0,35.0,0.0,Historical Avg,False,L.Jackson,A.Rodgers,11.02,12.0,14.06,197.65,High,3.0,20.0,54.85,55.0,13.735996300191397,37.0,73.0,0.2124,0.7872,0.0702,0.062,0.0,0.0,0.0,0.0,0.3364,0.6634,+197,-197,,,,,,,,No Bet,,No Bet,,No Bet,,No Bet,,No Bet,,No Bet,,No Bet,,No Bet,,No Bet,,,,,,,,,,,,,,,,,,,,,,,,,,,,,16,0.33373333333333327,-0.02266666666666667,Baltimore Ravens,Pittsburgh Steelers,0,0,0,0,0,0,0,0,0,0,0,0,1,5.0,2.5,,
2026_15_NO_TB,2026,16,2026-12-20,13:00,New Orleans Saints,Tampa Bay Buccaneers,Home,,,,,7,7,0,0,-7,0,Raymond James Stadium,27.9759,-82.5033,America/New_York,False,True,15,15,Sunday,True,True,2,True,True,2,-7,0,NFC South,Caesars Superdome,29.9507,-90.0813,America/Chicago,NFC South,Raymond James Stadium,27.9759,-82.5033,America/New_York,Carolina Panthers,Baltimore Ravens,Bank of America Stadium,M&T Bank Stadium,Arizona Cardinals,Atlanta Falcons,Caesars Superdome,Mercedes-Benz Stadium,478,0,-478,478,-1.0,0.0,America/New_York,America/New_York,0.0,0.0,0.0,0.0,0.0,0,-6.145,1.025,-6.145,1.025,Tampa Bay Buccaneers,7.17,Tampa Bay Buccaneers,7.17,-6.145,1.025,Tampa Bay Buccaneers,7.17,0.0,0,No,No,No,No,No,1,No,0.0,0.0,-5.014,-3.128,-5.44985,1.13085,-5.44985,1.13085,0.6234499999999998,0.17754999999999999,-4.37169,-2.96931,Tampa Bay Buccaneers,6.580699999999999,Tampa Bay Buccaneers,6.580699999999999,-5.44985,1.13085,Tampa Bay Buccaneers,6.580699999999999,Tie,0.0,Tampa Bay Buccaneers,1.8860000000000001,-2.507,-1.564,Tampa Bay Buccaneers,0.9430000000000001,New Orleans Saints,0.44589999999999985,Tampa Bay Buccaneers,1.40238,-1.87412,-1.39588,Tampa Bay Buccaneers,0.47824,Different,Same,Different,Same,Different,Same,False,Away Team,Home Team,,,,,,,,-104,-116,-128,105,0.44589999999999985,-0.44589999999999985,-1.40238,1.40238,,,0.537,0.5098,0.4878,0.5614,,,0.513,0.487,0.4649,0.5351,0.4918,0.5068,-0.0082,0.0068,,,152,16,2026-12-20,NO @ TB,10.0,70.0,0.0,Historical Avg,False,T.Shough,B.Mayfield,-0.5,-1.0,13.77,189.49,Med-High,-10.0,10.0,48.61,48.0,13.312362083298643,33.0,66.0,0.5068,0.4918,0.0834,0.085,0.0,0.0,0.0,0.0,0.5096,0.4899,-104,+104,,,,,,,,No Bet,,No Bet,,No Bet,,No Bet,,No Bet,,No Bet,,No Bet,,No Bet,,No Bet,,,,,,,,,,,,,,,,,,,,,,,,,,,,,16,-0.01693333333333333,-0.16393333333333332,New Orleans Saints,Tampa Bay Buccaneers,0,0,0,0,0,0,0,0,0,0,0,0,1,2.5,1.0,,
2026_15_IND_TEN,2026,16,2026-12-20,13:00,Indianapolis Colts,Tennessee Titans,Home,,,,,7,7,0,0,-6,5,Nissan Stadium,36.1664,-86.7716,America/Chicago,False,True,15,15,Sunday,True,True,2,True,True,2,-6,5,AFC South,Lucas Oil Stadium,39.7601,-86.1638,America/Indiana/Indianapolis,AFC South,Nissan Stadium,36.1664,-86.7716,America/Chicago,Philadelphia Eagles,Detroit Lions,Lincoln Financial Field,Ford Field,Cincinnati Bengals,Las Vegas Raiders,Lucas Oil Stadium,Allegiant Stadium,250,0,-250,250,1.0,0.0,America/New_York,America/Detroit,1.0,1.0,1.0,0.0,1.0,0,-2.265,-4.36,-2.265,-4.36,Indianapolis Colts,2.095,Indianapolis Colts,2.095,-2.265,-4.36,Indianapolis Colts,2.095,0.0,0,No,No,No,No,No,1,No,0.0,0.0,-0.012,-9.711,-1.9584700000000002,-3.8175300000000005,-1.9584700000000002,-3.8175300000000005,0.32747999999999994,0.5215200000000001,0.21848999999999996,-9.09249,Indianapolis Colts,1.8590600000000004,Indianapolis Colts,1.8590600000000004,-1.9584700000000002,-3.8175300000000005,Indianapolis Colts,1.8590600000000004,Tie,0.0,Indianapolis Colts,9.699,-0.006,-4.8555,Indianapolis Colts,4.8495,Tennessee Titans,0.19404000000000016,Indianapolis Colts,9.310979999999999,0.2729849999999999,-4.2854849999999995,Indianapolis Colts,4.55847,Different,Same,Different,Same,Different,Same,False,Home Team,Away Team,,,,,,,,-110,-110,327,-436,-0.19404000000000016,0.19404000000000016,9.310979999999999,-9.310979999999999,,,0.5238,0.5238,0.8134,0.2342,,,0.5,0.5,0.7765,0.2235,0.7422,0.2566,0.2422,-0.2434,,,153,16,2026-12-20,IND @ TEN,10.0,45.0,0.0,Historical Avg,False,D.Jones,C.Ward,8.46,9.0,13.09,171.45,Medium,-1.0,17.0,48.39,47.0,12.902984540098016,33.0,65.0,0.2566,0.7422,0.075,0.0778,0.0,0.0,0.0,0.0,0.3267,0.6729,+206,-206,,,,,,,,No Bet,,No Bet,,No Bet,,No Bet,,No Bet,,No Bet,,No Bet,,No Bet,,No Bet,,,,,,,,,,,,,,,,,,,,,,,,,,,,,16,-0.05006666666666667,-0.2764666666666667,Tennessee Titans,Indianapolis Colts,0,0,0,0,0,0,0,0,0,0,0,0,1,2.0,0.5,,
2026_15_ATL_WAS,2026,16,2026-12-20,13:00,Atlanta Falcons,Washington Commanders,Home,,,,,7,7,0,0,7,9,FedExField,38.9077,-76.8645,America/New_York,False,True,15,15,Sunday,True,True,2,True,True,2,7,9,NFC South,Mercedes-Benz Stadium,33.7489,-84.388,America/New_York,NFC East,FedExField,38.9077,-76.8645,America/New_York,Cleveland Browns,Houston Texans,FirstEnergy Stadium,FedExField,Tampa Bay Buccaneers,Minnesota Vikings,Mercedes-Benz Stadium,U.S. Bank Stadium,549,0,-549,549,0.0,0.0,America/New_York,America/New_York,0.0,0.0,0.0,0.0,0.0,0,-0.71,1.45,-0.71,1.45,Washington Commanders,2.16,Washington Commanders,2.16,-0.71,1.45,Washington Commanders,2.16,0.0,0,No,No,No,No,No,0,No,0.0,0.0,1.764,-3.609,2.087,2.2065,2.087,2.2065,2.797,0.7565,4.561,-2.8525,Washington Commanders,0.11949999999999994,Washington Commanders,0.11949999999999994,2.087,2.2065,Washington Commanders,0.11949999999999994,Tie,0.0,Atlanta Falcons,5.373,0.882,-1.8045,Atlanta Falcons,2.6865,Atlanta Falcons,2.0405,Atlanta Falcons,7.4135,3.6790000000000003,-1.048,Atlanta Falcons,4.727,Different,Different,Different,Different,Different,Same,False,Away Team,Away Team,,,,,,,,108,-131,268,-346,2.0405,-2.0405,7.4135,-7.4135,,,0.5671,0.4808,0.7758,0.2717,,,0.5412,0.4588,0.7406,0.2594,0.6882,0.311,0.1882,-0.189,,,154,16,2026-12-20,ATL @ WAS,12.0,42.0,0.0,Historical Avg,False,M.Penix,J.Daniels,6.3,7.0,13.51,182.51,Med-High,-3.0,16.0,51.41,51.0,13.736499362026143,34.0,70.0,0.311,0.6882,0.0778,0.0808,0.0,0.0,0.0,0.0,0.3431,0.6567,+191,-191,,,,,,,,No Bet,,No Bet,,No Bet,,No Bet,,No Bet,,No Bet,,No Bet,,No Bet,,No Bet,,,,,,,,,,,,,,,,,,,,,,,,,,,,,16,0.1634,-0.1456,Atlanta Falcons,Washington Commanders,0,0,0,0,0,0,0,0,0,0,0,0,0,3.5,1.5,,
2026_15_NYJ_ARI,2026,16,2026-12-20,16:05,New York Jets,Arizona Cardinals,Home,,,,,7,14,-7,7,-10,1,State Farm Stadium,33.5277,-112.262608,America/Denver,False,False,15,15,Sunday,True,True,2,True,True,2,-10,1,AFC East,MetLife Stadium,40.8136,-74.0744,America/New_York,NFC West,State Farm Stadium,33.5277,-112.262608,America/Denver,Denver Broncos,Philadelphia Eagles,MetLife Stadium,State Farm Stadium,New England Patriots,New Orleans Saints,MetLife Stadium,Caesars Superdome,2142,0,-2142,2142,2.0,0.0,America/New_York,America/Denver,2.0,0.0,2.0,0.0,2.0,0,-3.725,0.075,-3.725,0.075,Arizona Cardinals,3.8000000000000003,Arizona Cardinals,3.8000000000000003,-3.725,0.075,Arizona Cardinals,3.8000000000000003,-0.15,0,No,No,No,No,No,0,No,0.0,0.0,-5.458,-1.231,-4.7135,-0.35849999999999993,-4.7135,-0.35849999999999993,-0.9884999999999999,-0.4334999999999999,-6.4465,-1.6644999999999999,Arizona Cardinals,4.3549999999999995,Arizona Cardinals,4.3549999999999995,-4.7135,-0.35849999999999993,Arizona Cardinals,4.3549999999999995,Tie,0.0,Arizona Cardinals,4.227,-2.729,-0.6155,Arizona Cardinals,2.1135,Arizona Cardinals,0.555,Arizona Cardinals,4.782,-3.7175000000000002,-1.049,Arizona Cardinals,2.6685000000000003,Different,Same,Same,Same,Different,Same,False,Home Team,Home Team,,,,,,,,-116,-104,-234,188,-0.555,0.555,-4.782,4.782,,,0.5098,0.537,0.3472,0.7006,,,0.487,0.513,0.3314,0.6686,0.532,0.466,0.032,-0.034,,,155,16,2026-12-20,NYJ @ ARI,0.0,70.0,0.0,Dome,True,G.Smith,J.Brissett,1.09,2.0,12.53,157.12,Low,-8.0,10.0,46.65,46.0,12.75760723288116,30.0,63.0,0.466,0.532,0.102,0.0964,0.0,0.0,0.0,0.0,0.5492,0.4501,-122,+122,,,,,,,,No Bet,,No Bet,,No Bet,,No Bet,,No Bet,,No Bet,,No Bet,,No Bet,,No Bet,,,,,,,,,,,,,,,,,,,,,,,,,,,,,16,-0.3171333333333333,-0.2799333333333333,Arizona Cardinals,New York Jets,0,0,0,0,0,0,0,0,0,0,0,0,0,0.0,0.5,,
2026_15_DAL_LA,2026,16,2026-12-20,16:25,Dallas Cowboys,Los Angeles Rams,Home,,,,,13,7,6,-6,11,-7,SoFi Stadium,33.9535,-118.3395,America/Los_Angeles,False,False,15,15,Sunday,True,True,2,True,True,2,11,-7,NFC East,AT&T Stadium,32.7369,-97.0826,America/Chicago,NFC West,SoFi Stadium,33.9535,-118.3395,America/Los_Angeles,Seattle Seahawks,San Francisco 49ers,Lumen Field,Levi's Stadium,Jacksonville Jaguars,Seattle Seahawks,AT&T Stadium,Lumen Field,1227,0,-1227,1227,2.0,0.0,America/Los_Angeles,America/Los_Angeles,0.0,0.0,0.0,0.0,0.0,0,-0.615,1.29,-0.615,1.29,Los Angeles Rams,1.905,Los Angeles Rams,1.905,-0.615,1.29,Los Angeles Rams,1.905,0.0,0,No,No,No,No,No,0,No,0.0,0.0,-2.247,6.079,-0.6890000000000001,0.28700000000000003,-0.6890000000000001,0.28700000000000003,-0.07400000000000007,-1.0030000000000001,-2.3209999999999997,5.076,Los Angeles Rams,0.9760000000000001,Los Angeles Rams,0.9760000000000001,-0.6890000000000001,0.28700000000000003,Los Angeles Rams,0.9760000000000001,Tie,0.0,Los Angeles Rams,8.326,-1.1235,3.0395,Los Angeles Rams,4.163,Dallas Cowboys,0.929,Los Angeles Rams,7.396999999999999,-1.1974999999999998,2.0364999999999998,Los Angeles Rams,3.2339999999999995,Different,Same,Different,Same,Different,Same,False,Away Team,Home Team,,,,,,,,101,-122,-346,268,0.929,-0.929,-7.396999999999999,7.396999999999999,,,0.5495,0.4975,0.2717,0.7758,,,0.5248,0.4752,0.2594,0.7406,0.1162,0.8838,-0.3838,0.3838,,,156,16,2026-12-20,DAL @ LA,0.0,70.0,0.0,Dome,True,D.Prescott,M.Stafford,-15.31,-15.0,13.13,172.36,Medium,-24.0,-7.0,63.67,64.0,14.190543270208535,46.0,82.0,0.8838,0.1162,0.0458,0.0582,0.0,0.0,0.0,0.0,0.6999,0.3001,-233,+233,,,,,,,,No Bet,,No Bet,,No Bet,,No Bet,,No Bet,,No Bet,,No Bet,,No Bet,,No Bet,,,,,,,,,,,,,,,,,,,,,,,,,,,,,16,-0.07846666666666667,-0.015133333333333332,Dallas Cowboys,Los Angeles Rams,0,0,0,0,0,0,0,1,0,0,0,1,0,2.0,2.5,,
2026_15_DEN_LV,2026,16,2026-12-20,16:25,Denver Broncos,Las Vegas Raiders,Home,,,,,7,7,0,0,2,-13,Allegiant Stadium,36.108,-115.1578,America/Los_Angeles,False,True,15,15,Sunday,True,True,2,True,True,2,2,-13,AFC West,Empower Field at Mile High,39.7648,-105.0076,America/Denver,AFC West,Allegiant Stadium,36.108,-115.1578,America/Los_Angeles,New York Jets,Los Angeles Chargers,MetLife Stadium,Allegiant Stadium,Buffalo Bills,Tennessee Titans,Empower Field at Mile High,Allegiant Stadium,607,0,-607,607,1.0,0.0,America/New_York,America/Los_Angeles,3.0,0.0,1.0,0.0,1.0,0,2.05,-2.35,2.05,-2.35,Denver Broncos,4.4,Denver Broncos,4.4,2.05,-2.35,Denver Broncos,4.4,0.0,0,No,No,No,No,No,1,No,0.0,0.0,2.928,-3.377,1.07129,-2.47729,1.07129,-2.47729,-0.9347099999999999,-0.17129000000000003,1.9302400000000002,-3.48524,Denver Broncos,3.5485800000000003,Denver Broncos,3.5485800000000003,1.07129,-2.47729,Denver Broncos,3.5485800000000003,Tie,0.0,Denver Broncos,6.305,1.464,-1.6885,Denver Broncos,3.1525,Las Vegas Raiders,0.7634199999999999,Denver Broncos,5.4154800000000005,0.4977650000000001,-1.828265,Denver Broncos,2.3260300000000003,Different,Same,Different,Same,Different,Same,False,Home Team,Away Team,,,,,,,,-122,101,195,-244,-0.7634199999999999,0.7634199999999999,5.4154800000000005,-5.4154800000000005,,,0.4975,0.5495,0.7093,0.339,,,0.4752,0.5248,0.6766,0.3234,0.5628,0.4354,0.0628,-0.0646,,,157,16,2026-12-20,DEN @ LV,0.0,70.0,0.0,Dome,True,B.Nix,K.Cousins,2.18,3.0,12.62,159.14,Low,-7.0,11.0,40.83,40.0,11.961631919083347,26.0,57.0,0.4354,0.5628,0.0978,0.0886,0.0,0.0,0.0,0.0,0.4279,0.5715,+134,-133,,,,,,,,No Bet,,No Bet,,No Bet,,No Bet,,No Bet,,No Bet,,No Bet,,No Bet,,No Bet,,,,,,,,,,,,,,,,,,,,,,,,,,,,,16,0.0448,0.13799999999999998,Las Vegas Raiders,Denver Broncos,0,0,0,0,1,0,0,0,0,0,1,0,1,3.0,3.5,,
2026_15_DET_MIN,2026,16,2026-12-20,20:20,Detroit Lions,Minnesota Vikings,Home,,,,,7,10,-3,3,3,4,U.S. Bank Stadium,44.9738,-93.2575,America/Chicago,False,False,15,15,Sunday,True,True,2,True,True,2,3,4,NFC North,Ford Field,42.3395,-83.045,America/Detroit,NFC North,U.S. Bank Stadium,44.9738,-93.2575,America/Chicago,Tennessee Titans,New England Patriots,Ford Field,Gillette Stadium,New York Giants,Washington Commanders,Ford Field,U.S. Bank Stadium,541,0,-541,541,1.0,0.0,America/Detroit,America/New_York,1.0,1.0,1.0,0.0,1.0,0,4.305,0.27,4.305,0.27,Detroit Lions,4.035,Detroit Lions,4.035,4.305,0.27,Detroit Lions,4.035,0.0,0,No,No,No,No,No,1,No,0.0,0.0,1.824,2.427,3.275030000000001,1.31797,3.275030000000001,1.31797,-0.98962,1.00762,0.8404099999999999,3.4285900000000002,Detroit Lions,1.957060000000001,Detroit Lions,1.957060000000001,3.275030000000001,1.31797,Detroit Lions,1.957060000000001,Tie,0.0,Minnesota Vikings,0.603,0.912,1.2135,Minnesota Vikings,0.3015,Minnesota Vikings,1.9972400000000001,Minnesota Vikings,2.5881800000000004,-0.07460500000000009,2.218105,Minnesota Vikings,2.29271,Different,Different,Different,Different,Different,Same,False,Home Team,Home Team,,,,,,,,-131,108,-142,117,-1.9972400000000001,1.9972400000000001,-2.5881800000000004,2.5881800000000004,,,0.4808,0.5671,0.4608,0.5868,,,0.4588,0.5412,0.4399,0.5601,0.4248,0.5742,-0.0752,0.0742,,,158,16,2026-12-20,DET @ MIN,0.0,70.0,0.0,Dome,True,J.Goff,K.Murray,-2.17,-3.0,13.07,170.82,Medium,-11.0,7.0,47.2,47.0,13.02085043110433,31.0,64.0,0.5742,0.4248,0.0962,0.0892,0.0,0.0,0.0,0.0,0.5585,0.4412,-127,+127,,,,,,,,No Bet,,No Bet,,No Bet,,No Bet,,No Bet,,No Bet,,No Bet,,No Bet,,No Bet,,,,,,,,,,,,,,,,,,,,,,,,,,,,,16,0.08853333333333334,0.18573333333333333,Minnesota Vikings,Detroit Lions,0,0,0,0,0,0,0,0,0,0,0,0,1,3.0,4.0,,
2026_15_NE_KC,2026,16,2026-12-21,20:15,New England Patriots,Kansas City Chiefs,Home,,,,,11,8,3,-3,11,2,GEHA Field at Arrowhead Stadium,39.0489,-94.4839,America/Chicago,False,False,15,15,Monday,True,True,2,True,True,2,11,2,AFC East,Gillette Stadium,42.0628,-71.2687,America/New_York,AFC West,GEHA Field at Arrowhead Stadium,39.0489,-94.4839,America/Chicago,Minnesota Vikings,Cincinnati Bengals,Gillette Stadium,Paycor Stadium,New York Jets,San Francisco 49ers,MetLife Stadium,GEHA Field at Arrowhead Stadium,1232,0,-1232,1232,1.0,0.0,America/New_York,America/New_York,1.0,1.0,1.0,0.0,1.0,0,-1.995,4.395,-1.995,4.395,Kansas City Chiefs,6.39,Kansas City Chiefs,6.39,-1.995,4.395,Kansas City Chiefs,6.39,0.0,0,No,No,No,No,No,0,No,0.0,0.0,3.904,3.194,-2.0305,5.061,-2.0305,5.061,-0.035499999999999865,0.666,3.8684999999999996,3.86,Kansas City Chiefs,7.0915,Kansas City Chiefs,7.0915,-2.0305,5.061,Kansas City Chiefs,7.0915,Tie,0.0,New England Patriots,0.71,1.952,1.597,New England Patriots,0.355,Kansas City Chiefs,0.7014999999999999,New England Patriots,0.00849999999999973,1.9164999999999999,2.263,Kansas City Chiefs,0.34650000000000003,Different,Different,Same,Different,Different,Same,False,Home Team,Away Team,,,,,,,,-116,-104,-110,-110,-0.7014999999999999,0.7014999999999999,0.00849999999999973,-0.00849999999999973,,,0.5098,0.537,0.5238,0.5238,,,0.487,0.513,0.5,0.5,0.4104,0.5882,-0.0896,0.0882,,,159,16,2026-12-21,NE @ KC,10.0,60.0,0.0,Historical Avg,False,D.Maye,P.Mahomes,-3.01,-4.0,13.49,181.88,Med-High,-13.0,7.0,47.85,47.0,13.472572213219273,31.0,65.0,0.5882,0.4104,0.0932,0.0842,0.0,0.0,0.0,0.0,0.5337,0.4658,-114,+115,,,,,,,,No Bet,,No Bet,,No Bet,,No Bet,,No Bet,,No Bet,,No Bet,,No Bet,,No Bet,,,,,,,,,,,,,,,,,,,,,,,,,,,,,16,0.1772,0.0436,Kansas City Chiefs,New England Patriots,0,0,0,0,0,0,0,0,0,0,0,0,0,4.0,3.0,,
2026_16_HOU_PHI,2026,17,2026-12-24,20:15,Houston Texans,Philadelphia Eagles,Home,,,,,4,5,-1,1,8,-18,Lincoln Financial Field,39.9008,-75.1675,America/New_York,False,False,Christmas,16,Thursday,True,True,2,True,True,2,8,-18,AFC South,NRG Stadium,29.6847,-95.4093,America/Chicago,NFC East,Lincoln Financial Field,39.9008,-75.1675,America/New_York,Jacksonville Jaguars,Seattle Seahawks,NRG Stadium,Lincoln Financial Field,Green Bay Packers,San Francisco 49ers,Lambeau Field,Levi's Stadium,1342,0,-1342,1342,-1.0,0.0,America/Chicago,America/New_York,-1.0,0.0,-1.0,0.0,-1.0,0,0.035,4.905,0.035,4.905,Philadelphia Eagles,4.87,Philadelphia Eagles,4.87,0.035,4.905,Philadelphia Eagles,4.87,0.0,0,No,No,No,No,Yes,0,No,0.0,0.0,1.731,0.123,0.646,5.0635,0.646,5.0635,0.611,0.15849999999999997,2.342,0.2815000000000001,Philadelphia Eagles,4.4175,Philadelphia Eagles,4.4175,0.646,5.0635,Philadelphia Eagles,4.4175,Tie,0.0,Houston Texans,1.608,0.8655,0.0615,Houston Texans,0.804,Houston Texans,0.4525,Houston Texans,2.0605,1.4765000000000001,0.22000000000000003,Houston Texans,1.2565000000000002,Different,Different,Different,Different,Different,Same,True,Away Team,Away Team,,,,,,,,-104,-116,108,-131,0.4525,-0.4525,2.0605,-2.0605,,,0.537,0.5098,0.5671,0.4808,,,0.513,0.487,0.5412,0.4588,0.5514,0.448,0.0514,-0.052,,,160,17,2026-12-24,HOU @ PHI,15.0,40.0,0.0,Historical Avg,False,C.Stroud,J.Hurts,1.74,3.0,12.91,166.63,Med-Low,-7.0,10.0,43.48,43.0,13.069203708608853,27.0,61.0,0.448,0.5514,0.0974,0.0886,0.0,0.0,0.0,0.0,0.4646,0.5352,+115,-115,,,,,,,,No Bet,,No Bet,,No Bet,,No Bet,,No Bet,,No Bet,,No Bet,,No Bet,,No Bet,,,,,,,,,,,,,,,,,,,,,,,,,,,,,17,0.1477,-0.008199999999999985,Houston Texans,Philadelphia Eagles,0,0,0,0,1,0,0,1,0,0,0,0,0,2.0,0.0,,
2026_16_GB_CHI,2026,17,2026-12-25,13:00,Green Bay Packers,Chicago Bears,Home,,,,,5,6,-1,1,0,12,Soldier Field,41.8623,-87.6167,America/Chicago,False,False,Christmas,16,Friday,True,True,2,True,True,2,0,12,NFC North,Lambeau Field,44.5013,-88.0622,America/Chicago,NFC North,Soldier Field,41.8623,-87.6167,America/Chicago,Miami Dolphins,Buffalo Bills,Lambeau Field,Highmark Stadium,Houston Texans,Detroit Lions,Lambeau Field,Soldier Field,184,0,-184,184,0.0,0.0,America/Chicago,America/New_York,0.0,1.0,0.0,0.0,0.0,0,3.535,-1.575,3.535,-1.575,Green Bay Packers,5.11,Green Bay Packers,5.11,3.535,-1.575,Green Bay Packers,5.11,0.0,0,No,No,No,No,Yes,1,No,0.0,0.0,-0.138,3.925,3.842825,-0.38832499999999986,3.842825,-0.38832499999999986,0.358925,1.135575,0.261555,5.019944999999999,Green Bay Packers,4.2311499999999995,Green Bay Packers,4.2311499999999995,3.842825,-0.38832499999999986,Green Bay Packers,4.2311499999999995,Tie,0.0,Chicago Bears,4.063,-0.069,1.9625,Chicago Bears,2.0315,Chicago Bears,0.7766500000000001,Chicago Bears,4.758389999999999,0.31023999999999996,3.0777599999999996,Chicago Bears,2.7675199999999998,Different,Different,Different,Different,Different,Same,False,Home Team,Home Team,,,,,,,,-122,101,-234,188,-0.7766500000000001,0.7766500000000001,-4.758389999999999,4.758389999999999,,,0.4975,0.5495,0.3472,0.7006,,,0.4752,0.5248,0.3314,0.6686,0.49,0.5074,-0.01,0.0074,,,161,17,2026-12-25,GB @ CHI,18.0,32.0,0.0,Historical Avg,False,J.Love,C.Williams,-0.45,-1.0,13.35,178.35,Medium,-10.0,9.0,41.76,41.0,13.499037582106682,25.0,59.0,0.5074,0.49,0.102,0.0956,0.0,0.0,0.0,0.0,0.5669,0.4322,-131,+131,,,,,,,,No Bet,,No Bet,,No Bet,,No Bet,,No Bet,,No Bet,,No Bet,,No Bet,,No Bet,,,,,,,,,,,,,,,,,,,,,,,,,,,,,17,0.0188,0.0091,Chicago Bears,Green Bay Packers,0,0,0,0,0,1,1,0,0,0,0,0,1,0.5,0.0,,
2026_16_BUF_DEN,2026,17,2026-12-25,16:30,Buffalo Bills,Denver Broncos,Home,,,,,6,5,1,-1,12,1,Empower Field at Mile High,39.7648,-105.0076,America/Denver,False,False,Christmas,16,Friday,True,True,2,True,True,2,12,1,AFC East,Highmark Stadium,42.7725,-78.7877,America/New_York,AFC West,Empower Field at Mile High,39.7648,-105.0076,America/Denver,Chicago Bears,Las Vegas Raiders,Highmark Stadium,Allegiant Stadium,Miami Dolphins,New England Patriots,Hard Rock Stadium,Gillette Stadium,1371,0,-1371,1371,2.0,0.0,America/New_York,America/Los_Angeles,2.0,-1.0,2.0,0.0,2.0,0,4.795,2.05,4.795,2.05,Buffalo Bills,2.745,Buffalo Bills,2.745,4.795,2.05,Buffalo Bills,2.745,-0.15,0,No,No,No,No,No,0,Yes,0.0,0.0,3.307,2.928,5.141000000000001,3.1174999999999997,5.141000000000001,3.1174999999999997,0.34600000000000003,1.0675,3.653,3.9955,Buffalo Bills,2.023500000000001,Buffalo Bills,2.023500000000001,5.141000000000001,3.1174999999999997,Buffalo Bills,2.023500000000001,Tie,0.0,Buffalo Bills,0.379,1.6535,1.464,Buffalo Bills,0.1895,Denver Broncos,0.7214999999999998,Denver Broncos,0.3424999999999998,1.9995,2.5315,Denver Broncos,0.5319999999999998,Different,Different,Different,Different,Different,Different,False,Home Team,Home Team,,,,,,,,-116,-104,-116,-104,-0.7214999999999998,0.7214999999999998,-0.3424999999999998,0.3424999999999998,,,0.5098,0.537,0.5098,0.537,,,0.487,0.513,0.487,0.513,0.5918,0.4068,0.0918,-0.0932,,,162,17,2026-12-25,BUF @ DEN,12.0,35.0,0.0,Historical Avg,False,J.Allen,B.Nix,3.24,4.0,13.91,193.47,Med-High,-7.0,13.0,48.9,48.0,13.081139944379807,33.0,66.0,0.4068,0.5918,0.0882,0.0794,0.0,0.0,0.0,0.0,0.4776,0.5219,+109,-109,,,,,,,,No Bet,,No Bet,,No Bet,,No Bet,,No Bet,,No Bet,,No Bet,,No Bet,,No Bet,,,,,,,,,,,,,,,,,,,,,,,,,,,,,17,0.3689,0.1138,Denver Broncos,Buffalo Bills,0,0,0,0,0,1,1,0,0,0,0,0,0,5.0,1.5,,
2026_16_LA_SEA,2026,17,2026-12-25,20:15,Los Angeles Rams,Seattle Seahawks,Home,,,,,5,6,-1,1,-8,7,Lumen Field,47.5952,-122.3316,America/Los_Angeles,False,False,Christmas,16,Friday,True,True,2,True,True,2,-8,7,NFC West,SoFi Stadium,33.9535,-118.3395,America/Los_Angeles,NFC West,Lumen Field,47.5952,-122.3316,America/Los_Angeles,Dallas Cowboys,Philadelphia Eagles,SoFi Stadium,Lincoln Financial Field,Tampa Bay Buccaneers,Carolina Panthers,Raymond James Stadium,Bank of America Stadium,964,0,-964,964,0.0,0.0,America/Los_Angeles,America/New_York,0.0,3.0,0.0,0.0,0.0,0,1.29,-0.13,1.29,-0.13,Los Angeles Rams,1.42,Los Angeles Rams,1.42,1.29,-0.13,Los Angeles Rams,1.42,0.0,0,No,No,No,No,Yes,1,No,0.0,0.0,6.079,10.351,0.960665,0.24183500000000005,0.960665,0.24183500000000005,-0.315135,0.35763500000000004,5.806585,10.665915,Los Angeles Rams,0.71883,Los Angeles Rams,0.71883,0.960665,0.24183500000000005,Los Angeles Rams,0.71883,Tie,0.0,Seattle Seahawks,4.272000000000001,3.0395,5.1755,Seattle Seahawks,2.1360000000000006,Seattle Seahawks,0.6727700000000001,Seattle Seahawks,4.85933,2.745725,5.511775,Seattle Seahawks,2.76605,Different,Different,Different,Different,Different,Same,False,Home Team,Home Team,,,,,,,,-116,-104,-234,188,-0.6727700000000001,0.6727700000000001,-4.85933,4.85933,,,0.5098,0.537,0.3472,0.7006,,,0.487,0.513,0.3314,0.6686,0.3172,0.6826,-0.1828,0.1826,,,163,17,2026-12-25,LA @ SEA,12.0,42.0,0.0,Historical Avg,False,M.Stafford,S.Darnold,-6.36,-7.0,13.92,193.87,Med-High,-16.0,3.0,51.39,51.0,13.93582301095269,33.0,69.0,0.6826,0.3172,0.0856,0.0828,0.0,0.0,0.0,0.0,0.6214,0.3785,-164,+164,,,,,,,,No Bet,,No Bet,,No Bet,,No Bet,,No Bet,,No Bet,,No Bet,,No Bet,,No Bet,,,,,,,,,,,,,,,,,,,,,,,,,,,,,17,0.0687,0.2643,Seattle Seahawks,Los Angeles Rams,0,0,0,0,0,1,1,0,0,0,0,0,1,1.0,3.5,,
2026_16_TB_ATL,2026,18,2026-12-27,13:00,Tampa Bay Buccaneers,Atlanta Falcons,Home,,,,,7,7,0,0,0,7,Mercedes-Benz Stadium,33.7489,-84.388,America/New_York,False,False,16,16,Sunday,True,True,2,True,True,2,0,7,NFC South,Raymond James Stadium,27.9759,-82.5033,America/New_York,NFC South,Mercedes-Benz Stadium,33.7489,-84.388,America/New_York,New Orleans Saints,Washington Commanders,Raymond James Stadium,FedExField,Los Angeles Rams,New Orleans Saints,Raymond James Stadium,Mercedes-Benz Stadium,414,0,-414,414,0.0,0.0,America/New_York,America/New_York,0.0,0.0,0.0,0.0,0.0,0,1.025,-0.71,1.025,-0.71,Tampa Bay Buccaneers,1.7349999999999999,Tampa Bay Buccaneers,1.7349999999999999,1.025,-0.71,Tampa Bay Buccaneers,1.7349999999999999,0.0,0,No,No,No,No,No,1,No,0.0,0.0,-3.128,1.764,0.8154099999999999,-2.77041,0.8154099999999999,-2.77041,-0.19224,-2.07776,-3.2713200000000002,-0.36268000000000017,Tampa Bay Buccaneers,3.58582,Tampa Bay Buccaneers,3.58582,0.8154099999999999,-2.77041,Tampa Bay Buccaneers,3.58582,Tie,0.0,Atlanta Falcons,4.892,-1.564,0.882,Atlanta Falcons,2.446,Tampa Bay Buccaneers,1.88552,Atlanta Falcons,2.90864,-1.73178,-1.22022,Atlanta Falcons,0.51156,Different,Different,Same,Different,Different,Same,False,Away Team,Home Team,,,,,,,,108,-131,-164,135,1.88552,-1.88552,-2.90864,2.90864,,,0.5671,0.4808,0.4255,0.6212,,,0.5412,0.4588,0.4065,0.5935,0.3352,0.6642,-0.1648,0.1642,,,164,18,2026-12-27,TB @ ATL,0.0,70.0,0.0,Dome,True,B.Mayfield,M.Penix,-5.76,-7.0,13.96,195.02,High,-15.0,5.0,50.72,50.0,13.207031835275465,34.0,68.0,0.6642,0.3352,0.0804,0.0788,0.0,0.0,0.0,0.0,0.5722,0.4276,-134,+134,,,,,,,,No Bet,,No Bet,,No Bet,,No Bet,,No Bet,,No Bet,,No Bet,,No Bet,,No Bet,,,,,,,,,,,,,,,,,,,,,,,,,,,,,18,-0.16349999999999998,0.163,Tampa Bay Buccaneers,Atlanta Falcons,0,0,0,0,0,0,0,0,0,0,0,0,1,1.5,3.5,,
2026_16_CLE_BAL,2026,18,2026-12-27,13:00,Cleveland Browns,Baltimore Ravens,Home,,,,,7,7,0,0,3,-6,M&T Bank Stadium,39.2789,-76.6228,America/New_York,False,True,16,16,Sunday,True,True,2,True,True,2,3,-6,AFC North,FirstEnergy Stadium,41.5061,-81.6994,America/New_York,AFC North,M&T Bank Stadium,39.2789,-76.6228,America/New_York,New York Giants,Pittsburgh Steelers,MetLife Stadium,Acrisure Stadium,Indianapolis Colts,Cincinnati Bengals,FirstEnergy Stadium,Paycor Stadium,308,0,-308,308,0.0,0.0,America/New_York,America/New_York,0.0,0.0,0.0,0.0,0.0,0,-4.705,6.69,-4.705,6.69,Baltimore Ravens,11.395,Baltimore Ravens,11.395,-4.705,6.69,Baltimore Ravens,11.395,0.0,0,No,No,No,No,No,1,No,0.0,0.0,-4.154,3.773,-6.693174999999999,4.657675,-6.693174999999999,4.657675,-2.102125,-1.9183750000000002,-6.176854999999999,1.7753549999999998,Baltimore Ravens,11.35085,Baltimore Ravens,11.35085,-6.693174999999999,4.657675,Baltimore Ravens,11.35085,Tie,0.0,Baltimore Ravens,7.927,-2.077,1.8865,Baltimore Ravens,3.9635,Baltimore Ravens,0.18374999999999986,Baltimore Ravens,7.952209999999999,-4.1394899999999994,-0.07151000000000018,Baltimore Ravens,4.0679799999999995,Different,Same,Same,Same,Different,Same,False,Home Team,Home Team,,,,,,,,-110,-110,-366,282,-0.18374999999999986,0.18374999999999986,-7.952209999999999,7.952209999999999,,,0.5238,0.5238,0.2618,0.7854,,,0.5,0.5,0.25,0.75,0.0902,0.9096,-0.4098,0.4096,,,165,18,2026-12-27,CLE @ BAL,12.0,40.0,0.0,Historical Avg,False,D.Watson,L.Jackson,-18.18,-18.0,13.67,186.96,Med-High,-27.0,-9.0,54.99,54.0,13.393377134621948,38.0,72.0,0.9096,0.0902,0.0362,0.0404,0.0,0.0,0.0,0.0,0.7199,0.2801,-257,+257,,,,,,,,No Bet,,No Bet,,No Bet,,No Bet,,No Bet,,No Bet,,No Bet,,No Bet,,No Bet,,,,,,,,,,,,,,,,,,,,,,,,,,,,,18,-0.105,0.2958,Baltimore Ravens,Cleveland Browns,0,0,0,0,0,0,0,0,0,0,0,0,1,1.5,4.5,,
2026_16_CIN_IND,2026,18,2026-12-27,13:00,Cincinnati Bengals,Indianapolis Colts,Home,,,,,7,7,0,0,-7,-6,Lucas Oil Stadium,39.7601,-86.1638,America/Indiana/Indianapolis,False,True,16,16,Sunday,True,True,2,True,True,2,-7,-6,AFC North,Paycor Stadium,39.0955,-84.5165,America/New_York,AFC South,Lucas Oil Stadium,39.7601,-86.1638,America/Indiana/Indianapolis,Carolina Panthers,Tennessee Titans,Bank of America Stadium,Nissan Stadium,Baltimore Ravens,Cleveland Browns,Paycor Stadium,FirstEnergy Stadium,99,0,-99,99,0.0,0.0,America/New_York,America/Chicago,0.0,-1.0,0.0,0.0,0.0,0,1.31,-2.265,1.31,-2.265,Cincinnati Bengals,3.575,Cincinnati Bengals,3.575,1.31,-2.265,Cincinnati Bengals,3.575,0.0,0,No,No,No,No,No,0,No,0.0,0.0,1.256,-0.012,1.1,-3.1155000000000004,1.1,-3.1155000000000004,-0.21000000000000002,-0.8505,1.0459999999999998,-0.8625,Cincinnati Bengals,4.2155000000000005,Cincinnati Bengals,4.2155000000000005,1.1,-3.1155000000000004,Cincinnati Bengals,4.2155000000000005,Tie,0.0,Cincinnati Bengals,1.268,0.628,-0.006,Cincinnati Bengals,0.634,Cincinnati Bengals,0.6405000000000001,Cincinnati Bengals,1.9084999999999999,0.4179999999999999,-0.8565,Cincinnati Bengals,1.2745,Different,Same,Same,Same,Different,Same,False,Away Team,Away Team,,,,,,,,-104,-116,108,-131,0.6405000000000001,-0.6405000000000001,1.9084999999999999,-1.9084999999999999,,,0.537,0.5098,0.5671,0.4808,,,0.513,0.487,0.5412,0.4588,0.527,0.4726,0.027,-0.0274,,,166,18,2026-12-27,CIN @ IND,0.0,70.0,0.0,Dome,True,J.Burrow,D.Jones,0.83,2.0,13.39,179.23,Medium,-9.0,10.0,57.4,57.0,13.72505802550797,40.0,75.0,0.4726,0.527,0.0988,0.09,0.0,0.0,0.0,0.0,0.4728,0.5271,+112,-111,,,,,,,,No Bet,,No Bet,,No Bet,,No Bet,,No Bet,,No Bet,,No Bet,,No Bet,,No Bet,,,,,,,,,,,,,,,,,,,,,,,,,,,,,18,-0.05489999999999999,-0.061399999999999996,Cincinnati Bengals,Indianapolis Colts,0,0,0,0,0,0,0,0,0,0,0,0,0,2.0,2.0,,
2026_16_LAC_MIA,2026,18,2026-12-27,13:00,Los Angeles Chargers,Miami Dolphins,Home,,,,,10,7,3,-3,-24,-4,Hard Rock Stadium,25.9602,-80.2384,America/New_York,False,False,16,16,Sunday,True,True,2,True,True,2,-24,-4,AFC West,SoFi Stadium,33.9535,-118.3395,America/Los_Angeles,AFC East,Hard Rock Stadium,25.9602,-80.2384,America/New_York,San Francisco 49ers,Green Bay Packers,SoFi Stadium,Lambeau Field,Kansas City Chiefs,Buffalo Bills,SoFi Stadium,Hard Rock Stadium,2331,0,-2331,2331,-3.0,0.0,America/Los_Angeles,America/Chicago,-3.0,-1.0,-3.0,0.0,-3.0,0,0.935,0.66,0.935,0.66,Los Angeles Chargers,0.275,Los Angeles Chargers,0.275,0.935,0.66,Los Angeles Chargers,0.275,-0.44999999999999996,0,No,No,No,No,No,0,No,0.0,0.0,-3.339,-7.793,0.12449999999999994,0.681,0.12449999999999994,0.681,-0.8105000000000001,0.02100000000000002,-4.149499999999999,-7.772,Miami Dolphins,0.5565000000000001,Miami Dolphins,0.5565000000000001,0.12449999999999994,0.681,Miami Dolphins,0.5565000000000001,Tie,0.0,Los Angeles Chargers,4.454000000000001,-1.6695,-3.8965,Los Angeles Chargers,2.2270000000000003,Miami Dolphins,0.8315000000000001,Los Angeles Chargers,3.6225000000000014,-2.4799999999999995,-3.8755,Los Angeles Chargers,1.3955000000000006,Different,Different,Same,Different,Different,Same,False,Home Team,Away Team,,,,,,,,-122,101,156,-191,-0.8315000000000001,0.8315000000000001,3.6225000000000014,-3.6225000000000014,,,0.4975,0.5495,0.6564,0.3906,,,0.4752,0.5248,0.6269,0.3731,0.6684,0.3304,0.1684,-0.1696,,,167,18,2026-12-27,LAC @ MIA,10.0,70.0,0.0,Historical Avg,False,J.Herbert,M.Willis,5.84,7.0,14.39,206.96,High,-4.0,16.0,46.2,46.0,13.065786237115576,30.0,63.0,0.3304,0.6684,0.0834,0.0828,0.0,0.0,0.0,0.0,0.4094,0.5902,+144,-144,,,,,,,,No Bet,,No Bet,,No Bet,,No Bet,,No Bet,,No Bet,,No Bet,,No Bet,,No Bet,,,,,,,,,,,,,,,,,,,,,,,,,,,,,18,-0.2138,-0.3365,Miami Dolphins,Los Angeles Chargers,0,0,0,0,0,0,0,0,0,0,0,0,0,1.0,0.0,,
2026_16_WAS_MIN,2026,18,2026-12-27,13:00,Washington Commanders,Minnesota Vikings,Home,,,,,7,7,0,0,9,4,U.S. Bank Stadium,44.9738,-93.2575,America/Chicago,False,False,16,16,Sunday,True,True,2,True,True,2,9,4,NFC East,FedExField,38.9077,-76.8645,America/New_York,NFC North,U.S. Bank Stadium,44.9738,-93.2575,America/Chicago,Atlanta Falcons,Detroit Lions,FedExField,U.S. Bank Stadium,Jacksonville Jaguars,New York Jets,TIAA Bank Field,MetLife Stadium,938,0,-938,938,1.0,0.0,America/New_York,America/Chicago,1.0,0.0,1.0,0.0,1.0,0,1.45,0.27,1.45,0.27,Washington Commanders,1.18,Washington Commanders,1.18,1.45,0.27,Washington Commanders,1.18,0.0,0,No,No,No,No,No,0,No,0.0,0.0,-3.609,2.427,1.6684999999999999,1.073,1.6684999999999999,1.073,0.21850000000000003,0.8029999999999999,-3.3904999999999994,3.2300000000000004,Washington Commanders,0.5954999999999999,Washington Commanders,0.5954999999999999,1.6684999999999999,1.073,Washington Commanders,0.5954999999999999,Tie,0.0,Minnesota Vikings,6.036,-1.8045,1.2135,Minnesota Vikings,3.018,Minnesota Vikings,0.5844999999999999,Minnesota Vikings,6.6205,-1.5859999999999996,2.0165,Minnesota Vikings,3.6025,Different,Different,Different,Different,Different,Same,False,Home Team,Home Team,,,,,,,,-116,-104,-282,224,-0.5844999999999999,0.5844999999999999,-6.6205,6.6205,,,0.5098,0.537,0.3086,0.7382,,,0.487,0.513,0.2948,0.7052,0.2988,0.701,-0.2012,0.201,,,168,18,2026-12-27,WAS @ MIN,0.0,70.0,0.0,Dome,True,J.Daniels,K.Murray,-6.55,-7.0,12.68,160.86,Med-Low,-15.0,3.0,43.83,43.0,12.452875911358499,29.0,60.0,0.701,0.2988,0.0912,0.0826,0.0,0.0,0.0,0.0,0.6397,0.3602,-178,+178,,,,,,,,No Bet,,No Bet,,No Bet,,No Bet,,No Bet,,No Bet,,No Bet,,No Bet,,No Bet,,,,,,,,,,,,,,,,,,,,,,,,,,,,,18,-0.1178,0.1781,Minnesota Vikings,Washington Commanders,0,0,0,0,0,0,0,0,0,0,0,0,0,1.5,3.5,,
2026_16_ARI_NO,2026,18,2026-12-27,13:00,Arizona Cardinals,New Orleans Saints,Home,,,,,7,7,0,0,1,-7,Caesars Superdome,29.9507,-90.0813,America/Chicago,False,False,16,16,Sunday,True,True,2,True,True,2,1,-7,NFC West,State Farm Stadium,33.5277,-112.262608,America/Denver,NFC South,Caesars Superdome,29.9507,-90.0813,America/Chicago,New York Jets,Tampa Bay Buccaneers,State Farm Stadium,Raymond James Stadium,Las Vegas Raiders,Atlanta Falcons,State Farm Stadium,Mercedes-Benz Stadium,1323,0,-1323,1323,-1.0,0.0,America/Denver,America/New_York,-1.0,1.0,-1.0,0.0,-1.0,0,0.075,-6.145,0.075,-6.145,Arizona Cardinals,6.22,Arizona Cardinals,6.22,0.075,-6.145,Arizona Cardinals,6.22,0.0,0,No,No,No,No,No,0,No,0.0,0.0,-1.231,-5.014,1.0585,-7.472999999999999,1.0585,-7.472999999999999,0.9834999999999999,-1.328,-0.24750000000000005,-6.342,Arizona Cardinals,8.5315,Arizona Cardinals,8.5315,1.0585,-7.472999999999999,Arizona Cardinals,8.5315,Tie,0.0,Arizona Cardinals,3.7830000000000004,-0.6155,-2.507,Arizona Cardinals,1.8915000000000002,Arizona Cardinals,2.3115,Arizona Cardinals,6.0945,0.36799999999999994,-3.835,Arizona Cardinals,4.203,Different,Same,Same,Same,Different,Same,False,Away Team,Away Team,,,,,,,,117,-142,208,-261,2.3115,-2.3115,6.0945,-6.0945,,,0.5868,0.4608,0.723,0.3247,,,0.5601,0.4399,0.6901,0.3099,0.3592,0.6396,-0.1408,0.1396,,,169,18,2026-12-27,ARI @ NO,0.0,70.0,0.0,Dome,True,J.Brissett,T.Shough,-4.43,-6.0,12.77,163.02,Med-Low,-13.0,5.0,46.71,46.0,12.719367901903174,31.0,63.0,0.6396,0.3592,0.0796,0.0836,0.0,0.0,0.0,0.0,0.4631,0.5365,+116,-116,,,,,,,,No Bet,,No Bet,,No Bet,,No Bet,,No Bet,,No Bet,,No Bet,,No Bet,,No Bet,,,,,,,,,,,,,,,,,,,,,,,,,,,,,18,-0.34950000000000003,-0.09519999999999999,Arizona Cardinals,New Orleans Saints,0,0,0,0,0,0,0,0,0,0,0,0,0,0.0,2.0,,
2026_16_NE_NYJ,2026,18,2026-12-27,13:00,New England Patriots,New York Jets,Home,,,,,6,7,-1,1,10,-9,MetLife Stadium,40.8136,-74.0744,America/New_York,False,True,16,16,Sunday,True,True,2,True,True,2,10,-9,AFC East,Gillette Stadium,42.0628,-71.2687,America/New_York,AFC East,MetLife Stadium,40.8136,-74.0744,America/New_York,Kansas City Chiefs,Arizona Cardinals,GEHA Field at Arrowhead Stadium,State Farm Stadium,Denver Broncos,Minnesota Vikings,Gillette Stadium,MetLife Stadium,169,0,-169,169,0.0,0.0,America/Chicago,America/Denver,-1.0,-2.0,0.0,0.0,0.0,0,-1.995,-3.725,-1.995,-3.725,New England Patriots,1.73,New England Patriots,1.73,-1.995,-3.725,New England Patriots,1.73,0.0,0,No,No,No,No,Yes,1,No,0.0,0.0,3.904,-5.458,-2.52181,-4.12019,-2.52181,-4.12019,-0.5095099999999999,-0.41248999999999997,3.3008699999999997,-5.776870000000001,New England Patriots,1.5983800000000001,New England Patriots,1.5983800000000001,-2.52181,-4.12019,New England Patriots,1.5983800000000001,Tie,0.0,New England Patriots,9.362,1.952,-2.729,New England Patriots,4.681,New York Jets,0.09701999999999994,New England Patriots,9.07774,1.39568,-3.0946800000000003,New England Patriots,4.490360000000001,Different,Same,Different,Same,Different,Same,False,Home Team,Away Team,,,,,,,,-110,-110,314,-416,-0.09701999999999994,0.09701999999999994,9.07774,-9.07774,,,0.5238,0.5238,0.8062,0.2415,,,0.5,0.5,0.7695,0.2305,0.7666,0.2324,0.2666,-0.2676,,,170,18,2026-12-27,NE @ NYJ,15.0,38.0,0.0,Historical Avg,False,D.Maye,G.Smith,9.22,10.0,12.57,157.93,Low,1.0,18.0,43.91,43.0,12.727251534652927,29.0,61.0,0.2324,0.7666,0.0762,0.0752,0.0,0.0,0.0,0.0,0.321,0.6787,+212,-211,,,,,,,,No Bet,,No Bet,,No Bet,,No Bet,,No Bet,,No Bet,,No Bet,,No Bet,,No Bet,,,,,,,,,,,,,,,,,,,,,,,,,,,,,18,0.1325,-0.3419,New York Jets,New England Patriots,0,0,0,0,0,0,0,0,0,0,0,0,1,3.5,0.0,,
2026_16_CAR_PIT,2026,18,2026-12-27,13:00,Carolina Panthers,Pittsburgh Steelers,Home,,,,,7,7,0,0,10,-3,Acrisure Stadium,40.4468,-80.0158,America/New_York,False,False,16,16,Sunday,True,True,2,True,True,2,10,-3,NFC South,Bank of America Stadium,35.2258,-80.8528,America/New_York,AFC North,Acrisure Stadium,40.4468,-80.0158,America/New_York,Cincinnati Bengals,Baltimore Ravens,Bank of America Stadium,Acrisure Stadium,Seattle Seahawks,Tennessee Titans,Bank of America Stadium,Nissan Stadium,363,0,-363,363,0.0,0.0,America/New_York,America/New_York,0.0,0.0,0.0,0.0,0.0,0,-5.25,-0.565,-5.25,-0.565,Pittsburgh Steelers,4.6850000000000005,Pittsburgh Steelers,4.6850000000000005,-5.25,-0.565,Pittsburgh Steelers,4.6850000000000005,0.0,0,No,No,No,No,No,0,No,0.0,0.0,-1.427,-2.174,-5.038,0.6705,-5.038,0.6705,0.21200000000000002,1.2355,-1.215,-0.9384999999999999,Pittsburgh Steelers,5.7085,Pittsburgh Steelers,5.7085,-5.038,0.6705,Pittsburgh Steelers,5.7085,Tie,0.0,Carolina Panthers,0.7469999999999999,-0.7135,-1.087,Carolina Panthers,0.37349999999999994,Pittsburgh Steelers,1.0235,Pittsburgh Steelers,0.2765000000000002,-0.5015000000000001,0.14850000000000008,Pittsburgh Steelers,0.6500000000000001,Different,Different,Same,Same,Different,Different,False,Home Team,Home Team,,,,,,,,-122,101,-116,-104,-1.0235,1.0235,-0.2765000000000002,0.2765000000000002,,,0.4975,0.5495,0.5098,0.537,,,0.4752,0.5248,0.487,0.513,0.463,0.536,-0.037,0.036,,,171,18,2026-12-27,CAR @ PIT,12.0,35.0,0.0,Historical Avg,False,B.Young,A.Rodgers,-1.4,-2.0,13.77,189.51,Med-High,-11.0,9.0,48.11,47.0,13.281067132909078,32.0,66.0,0.536,0.463,0.0832,0.0892,0.0,0.0,0.0,0.0,0.5246,0.4751,-110,+110,,,,,,,,No Bet,,No Bet,,No Bet,,No Bet,,No Bet,,No Bet,,No Bet,,No Bet,,No Bet,,,,,,,,,,,,,,,,,,,,,,,,,,,,,18,-0.24,-0.052000000000000005,Pittsburgh Steelers,Carolina Panthers,0,0,0,0,0,0,0,0,0,0,0,0,0,1.0,2.0,,
2026_16_TEN_LV,2026,18,2026-12-27,16:05,Tennessee Titans,Las Vegas Raiders,Home,,,,,7,7,0,0,5,-13,Allegiant Stadium,36.108,-115.1578,America/Los_Angeles,False,False,16,16,Sunday,True,True,2,True,True,2,5,-13,AFC South,Nissan Stadium,36.1664,-86.7716,America/Chicago,AFC West,Allegiant Stadium,36.108,-115.1578,America/Los_Angeles,Indianapolis Colts,Denver Broncos,Nissan Stadium,Allegiant Stadium,Pittsburgh Steelers,Arizona Cardinals,Nissan Stadium,State Farm Stadium,1577,0,-1577,1577,2.0,0.0,America/Chicago,America/Los_Angeles,2.0,0.0,2.0,0.0,2.0,0,-4.36,-2.35,-4.36,-2.35,Las Vegas Raiders,2.0100000000000002,Las Vegas Raiders,2.0100000000000002,-4.36,-2.35,Las Vegas Raiders,2.0100000000000002,-0.15,0,No,No,No,No,No,0,No,0.0,0.0,-9.711,-3.377,-4.383500000000001,-2.5135,-4.383500000000001,-2.5135,-0.02350000000000002,-0.16350000000000003,-9.7345,-3.5405,Las Vegas Raiders,1.8700000000000006,Las Vegas Raiders,1.8700000000000006,-4.383500000000001,-2.5135,Las Vegas Raiders,1.8700000000000006,Tie,0.0,Las Vegas Raiders,6.3340000000000005,-4.8555,-1.6885,Las Vegas Raiders,3.1670000000000003,Tennessee Titans,0.14,Las Vegas Raiders,6.194000000000001,-4.8790000000000004,-1.852,Las Vegas Raiders,3.027,Different,Same,Different,Same,Different,Same,False,Away Team,Home Team,,,,,,,,-110,-110,-261,208,0.14,-0.14,-6.194000000000001,6.194000000000001,,,0.5238,0.5238,0.3247,0.723,,,0.5,0.5,0.3099,0.6901,0.21,0.7888,-0.29,0.2888,,,172,18,2026-12-27,TEN @ LV,0.0,70.0,0.0,Dome,True,C.Ward,K.Cousins,-8.59,-9.0,11.19,125.17,Low,-16.0,-3.0,41.12,41.0,11.710331565462807,26.0,56.0,0.7888,0.21,0.0788,0.079,0.0,0.0,0.0,0.0,0.6596,0.34,-194,+194,,,,,,,,No Bet,,No Bet,,No Bet,,No Bet,,No Bet,,No Bet,,No Bet,,No Bet,,No Bet,,,,,,,,,,,,,,,,,,,,,,,,,,,,,18,-0.2697,0.06260000000000002,Tennessee Titans,Las Vegas Raiders,0,0,0,0,0,0,0,0,0,0,0,0,0,0.5,3.0,,
2026_16_SF_KC,2026,18,2026-12-27,16:25,San Francisco 49ers,Kansas City Chiefs,Home,,,,,10,6,4,-4,3,-2,GEHA Field at Arrowhead Stadium,39.0489,-94.4839,America/Chicago,False,True,16,16,Sunday,True,True,2,True,True,2,3,-2,NFC West,Levi's Stadium,37.4031,-121.9702,America/Los_Angeles,AFC West,GEHA Field at Arrowhead Stadium,39.0489,-94.4839,America/Chicago,Los Angeles Chargers,New England Patriots,SoFi Stadium,GEHA Field at Arrowhead Stadium,Philadelphia Eagles,Los Angeles Chargers,Levi's Stadium,SoFi Stadium,1490,0,-1490,1490,-2.0,0.0,America/Los_Angeles,America/Chicago,-2.0,0.0,-2.0,0.0,-2.0,0,3.325,4.395,3.325,4.395,Kansas City Chiefs,1.0699999999999994,Kansas City Chiefs,1.0699999999999994,3.325,4.395,Kansas City Chiefs,1.0699999999999994,-0.3,0,No,No,No,No,No,0,Yes,0.0,0.0,5.31,3.194,4.003,4.760999999999999,4.003,4.760999999999999,0.6780000000000002,0.366,5.9879999999999995,3.56,Kansas City Chiefs,0.7579999999999991,Kansas City Chiefs,0.7579999999999991,4.003,4.760999999999999,Kansas City Chiefs,0.7579999999999991,Tie,0.0,San Francisco 49ers,2.1159999999999997,2.655,1.597,San Francisco 49ers,1.0579999999999998,San Francisco 49ers,0.31200000000000017,San Francisco 49ers,2.4279999999999995,3.3329999999999997,1.963,San Francisco 49ers,1.3699999999999997,Different,Different,Different,Different,Different,Same,False,Away Team,Away Team,,,,,,,,-104,-116,117,-142,0.31200000000000017,-0.31200000000000017,2.4279999999999995,-2.4279999999999995,,,0.537,0.5098,0.5868,0.4608,,,0.513,0.487,0.5601,0.4399,0.7156,0.2838,0.2156,-0.2162,,,173,18,2026-12-27,SF @ KC,10.0,60.0,0.0,Historical Avg,False,B.Purdy,P.Mahomes,6.98,7.0,12.63,159.6,Low,-3.0,15.0,56.88,57.0,13.908618197795006,39.0,75.0,0.2838,0.7156,0.0954,0.0868,0.0,0.0,0.0,0.0,0.4036,0.5962,+148,-148,,,,,,,,No Bet,,No Bet,,No Bet,,No Bet,,No Bet,,No Bet,,No Bet,,No Bet,,No Bet,,,,,,,,,,,,,,,,,,,,,,,,,,,,,18,0.35619999999999996,0.1735,San Francisco 49ers,Kansas City Chiefs,0,0,0,0,0,0,0,0,0,0,0,0,0,5.0,3.5,,
2026_16_JAX_DAL,2026,18,2026-12-27,20:20,Jacksonville Jaguars,Dallas Cowboys,Home,,,,,7,7,0,0,-3,11,AT&T Stadium,32.7369,-97.0826,America/Chicago,False,True,16,16,Sunday,True,True,2,True,True,2,-3,11,AFC South,TIAA Bank Field,30.3239,-81.6554,America/New_York,NFC East,AT&T Stadium,32.7369,-97.0826,America/Chicago,Houston Texans,Los Angeles Rams,NRG Stadium,SoFi Stadium,Washington Commanders,New York Giants,TIAA Bank Field,AT&T Stadium,922,0,-922,922,1.0,0.0,America/Chicago,America/Los_Angeles,0.0,-2.0,0.0,0.0,0.0,0,-1.825,-0.615,-1.825,-0.615,Dallas Cowboys,1.21,Dallas Cowboys,1.21,-1.825,-0.615,Dallas Cowboys,1.21,0.0,0,No,No,No,No,No,0,No,0.0,0.0,6.394,-2.247,-3.7910000000000004,1.0090000000000001,-3.7910000000000004,1.0090000000000001,-1.9660000000000002,1.624,4.428,-0.6229999999999998,Dallas Cowboys,4.800000000000001,Dallas Cowboys,4.800000000000001,-3.7910000000000004,1.0090000000000001,Dallas Cowboys,4.800000000000001,Tie,0.0,Jacksonville Jaguars,8.641,3.197,-1.1235,Jacksonville Jaguars,4.3205,Dallas Cowboys,3.5900000000000003,Jacksonville Jaguars,5.051,1.2309999999999999,0.5005000000000002,Jacksonville Jaguars,0.7304999999999997,Different,Different,Same,Different,Different,Same,False,Home Team,Away Team,,,,,,,,-191,156,188,-234,-3.5900000000000003,3.5900000000000003,5.051,-5.051,,,0.3906,0.6564,0.7006,0.3472,,,0.3731,0.6269,0.6686,0.3314,0.7964,0.2026,0.2964,-0.2974,,,174,18,2026-12-27,JAX @ DAL,0.0,70.0,0.0,Dome,True,T.Lawrence,D.Prescott,10.84,11.0,12.82,164.28,Med-Low,3.0,20.0,60.95,61.0,14.111474435442544,43.0,79.0,0.2026,0.7964,0.0768,0.069,0.0,0.0,0.0,0.0,0.387,0.6127,+158,-158,,,,,,,,No Bet,,No Bet,,No Bet,,No Bet,,No Bet,,No Bet,,No Bet,,No Bet,,No Bet,,,,,,,,,,,,,,,,,,,,,,,,,,,,,18,0.2137,0.031,Dallas Cowboys,Jacksonville Jaguars,0,0,0,0,0,0,0,0,0,0,0,0,0,4.0,2.5,,
2026_16_NYG_DET,2026,18,2026-12-28,20:15,New York Giants,Detroit Lions,Home,,,,,8,8,0,0,4,3,Ford Field,42.3395,-83.045,America/Detroit,False,False,16,16,Monday,True,True,2,True,True,2,4,3,NFC East,MetLife Stadium,40.8136,-74.0744,America/New_York,NFC North,Ford Field,42.3395,-83.045,America/Detroit,Cleveland Browns,Minnesota Vikings,MetLife Stadium,U.S. Bank Stadium,Dallas Cowboys,Chicago Bears,AT&T Stadium,Soldier Field,475,0,-475,475,0.0,0.0,America/New_York,America/Chicago,0.0,-1.0,0.0,0.0,0.0,0,-2.84,4.305,-2.84,4.305,Detroit Lions,7.145,Detroit Lions,7.145,-2.84,4.305,Detroit Lions,7.145,0.0,0,No,No,No,No,No,0,No,0.0,0.0,-4.129,1.824,-3.7254999999999994,5.465,-3.7254999999999994,5.465,-0.8855,1.1600000000000001,-5.014499999999999,2.984,Detroit Lions,9.1905,Detroit Lions,9.1905,-3.7254999999999994,5.465,Detroit Lions,9.1905,Tie,0.0,Detroit Lions,5.952999999999999,-2.0645,0.912,Detroit Lions,2.9764999999999997,Detroit Lions,2.0455,Detroit Lions,7.998499999999999,-2.9499999999999993,2.072,Detroit Lions,5.021999999999999,Different,Same,Same,Same,Different,Same,False,Home Team,Home Team,,,,,,,,-131,108,-366,282,-2.0455,2.0455,-7.998499999999999,7.998499999999999,,,0.4808,0.5671,0.2618,0.7854,,,0.4588,0.5412,0.25,0.75,0.172,0.828,-0.328,0.328,,,175,18,2026-12-28,NYG @ DET,0.0,70.0,0.0,Dome,True,J.Winston,J.Goff,-12.35,-13.0,13.25,175.62,Medium,-21.0,-4.0,50.66,50.0,13.301110001253772,34.0,68.0,0.828,0.172,0.0624,0.0668,0.0,0.0,0.0,0.0,0.7064,0.2936,-241,+241,,,,,,,,No Bet,,No Bet,,No Bet,,No Bet,,No Bet,,No Bet,,No Bet,,No Bet,,No Bet,,,,,,,,,,,,,,,,,,,,,,,,,,,,,18,-0.1719,-0.0312,Detroit Lions,New York Giants,0,0,0,0,0,0,0,0,0,0,0,0,0,1.5,2.5,,
2026_17_BAL_CIN,2026,19,2026-12-31,20:15,Baltimore Ravens,Cincinnati Bengals,Home,,,,,4,4,0,0,-6,-7,Paycor Stadium,39.0955,-84.5165,America/New_York,False,False,17,17,Thursday,True,False,1,True,False,1,-6,-7,AFC North,M&T Bank Stadium,39.2789,-76.6228,America/New_York,AFC North,Paycor Stadium,39.0955,-84.5165,America/New_York,Cleveland Browns,Indianapolis Colts,M&T Bank Stadium,Lucas Oil Stadium,Pittsburgh Steelers,Cleveland Browns,M&T Bank Stadium,Paycor Stadium,422,0,-422,422,0.0,0.0,America/New_York,America/Indiana/Indianapolis,0.0,0.0,0.0,0.0,0.0,0,6.69,1.31,6.69,1.31,Baltimore Ravens,5.380000000000001,Baltimore Ravens,5.380000000000001,6.69,1.31,Baltimore Ravens,5.380000000000001,0.0,0,No,No,No,No,No,1,No,0.0,0.0,3.773,1.256,7.934635000000001,0.8918649999999999,7.934635000000001,0.8918649999999999,1.298435,-0.47193500000000005,5.046265,0.8092349999999999,Baltimore Ravens,7.042770000000001,Baltimore Ravens,7.042770000000001,7.934635000000001,0.8918649999999999,Baltimore Ravens,7.042770000000001,Tie,0.0,Baltimore Ravens,2.5170000000000003,1.8865,0.628,Baltimore Ravens,1.2585000000000002,Baltimore Ravens,1.77037,Baltimore Ravens,4.23703,3.17235,0.16864999999999994,Baltimore Ravens,3.0037,Different,Same,Same,Same,Different,Same,True,Away Team,Away Team,,,,,,,,108,-131,171,-211,1.77037,-1.77037,4.23703,-4.23703,,,0.5671,0.4808,0.6785,0.369,,,0.5412,0.4588,0.6477,0.3523,0.774,0.2246,0.274,-0.2754,,,176,19,2026-12-31,BAL @ CIN,12.0,38.0,0.0,Historical Avg,False,L.Jackson,J.Burrow,10.35,10.5,13.68,187.07,Med-High,2.0,20.0,62.41,62.0,14.025209536420771,45.0,81.0,0.2246,0.774,0.0626,0.0646,0.0,0.0,0.0,0.0,0.3452,0.6543,+190,-189,,,,,,,,No Bet,,No Bet,,No Bet,,No Bet,,No Bet,,No Bet,,No Bet,,No Bet,,No Bet,,,,,,,,,,,,,,,,,,,,,,,,,,,,,19,0.3176,0.1656,Baltimore Ravens,Cincinnati Bengals,0,0,0,0,0,0,0,0,0,0,0,0,1,4.5,3.5,,
2026_17_NO_ATL,2026,19,2027-01-03,13:00,New Orleans Saints,Atlanta Falcons,Home,,,,,7,7,0,0,-7,7,Mercedes-Benz Stadium,33.7489,-84.388,America/New_York,False,False,17,17,Sunday,True,False,1,True,False,1,-7,7,NFC South,Caesars Superdome,29.9507,-90.0813,America/Chicago,NFC South,Mercedes-Benz Stadium,33.7489,-84.388,America/New_York,Arizona Cardinals,Tampa Bay Buccaneers,Caesars Superdome,Mercedes-Benz Stadium,Tampa Bay Buccaneers,Carolina Panthers,Caesars Superdome,Bank of America Stadium,424,0,-424,424,-1.0,0.0,America/Chicago,America/New_York,-1.0,0.0,-1.0,0.0,-1.0,0,-6.145,-0.71,-6.145,-0.71,Atlanta Falcons,5.435,Atlanta Falcons,5.435,-6.145,-0.71,Atlanta Falcons,5.435,0.0,0,No,No,No,No,No,1,No,0.0,0.0,-5.014,1.764,-5.56415,-2.83485,-5.56415,-2.83485,0.5265,-2.0705,-4.41972,-0.37428000000000017,Atlanta Falcons,2.7293,Atlanta Falcons,2.7293,-5.56415,-2.83485,Atlanta Falcons,2.7293,Tie,0.0,Atlanta Falcons,6.7780000000000005,-2.507,0.882,Atlanta Falcons,3.3890000000000002,New Orleans Saints,2.597,Atlanta Falcons,4.045439999999999,-1.94661,-1.22239,Atlanta Falcons,0.7242199999999999,Different,Same,Different,Same,Different,Same,False,Away Team,Home Team,,,,,,,,117,-142,-211,171,2.597,-2.597,-4.045439999999999,4.045439999999999,,,0.5868,0.4608,0.369,0.6785,,,0.5601,0.4399,0.3523,0.6477,0.3016,0.6968,-0.1984,0.1968,,,177,19,2027-01-03,NO @ ATL,0.0,70.0,0.0,Dome,True,T.Shough,M.Penix,-6.83,-7.0,13.08,171.06,Medium,-16.0,3.0,48.88,49.0,13.21078004441359,32.0,66.0,0.6968,0.3016,0.0798,0.08,0.0,0.0,0.0,0.0,0.5948,0.4047,-147,+147,,,,,,,,No Bet,,No Bet,,No Bet,,No Bet,,No Bet,,No Bet,,No Bet,,No Bet,,No Bet,,,,,,,,,,,,,,,,,,,,,,,,,,,,,19,0.008,0.1292,New Orleans Saints,Atlanta Falcons,0,0,0,0,0,0,0,0,0,0,0,0,1,2.5,3.0,,
2026_17_SEA_CAR,2026,19,2027-01-03,13:00,Seattle Seahawks,Carolina Panthers,Home,,,,,9,7,2,-2,9,8,Bank of America Stadium,35.2258,-80.8528,America/New_York,False,False,17,17,Sunday,True,False,1,True,False,1,9,8,NFC West,Lumen Field,47.5952,-122.3316,America/Los_Angeles,NFC South,Bank of America Stadium,35.2258,-80.8528,America/New_York,Los Angeles Rams,Pittsburgh Steelers,Lumen Field,Acrisure Stadium,Los Angeles Rams,Atlanta Falcons,SoFi Stadium,Bank of America Stadium,2279,0,-2279,2279,-3.0,0.0,America/Los_Angeles,America/New_York,-3.0,0.0,-3.0,0.0,-3.0,0,-0.13,-5.25,-0.13,-5.25,Seattle Seahawks,5.12,Seattle Seahawks,5.12,-0.13,-5.25,Seattle Seahawks,5.12,-0.44999999999999996,0,No,No,No,No,No,0,No,0.0,0.0,10.351,-1.427,-0.1444999999999999,-4.712,-0.1444999999999999,-4.712,-0.014499999999999902,0.538,10.336500000000001,-0.889,Seattle Seahawks,4.5675,Seattle Seahawks,4.5675,-0.1444999999999999,-4.712,Seattle Seahawks,4.5675,Tie,0.0,Seattle Seahawks,11.778,5.1755,-0.7135,Seattle Seahawks,5.889,Carolina Panthers,0.5525,Seattle Seahawks,11.2255,5.1610000000000005,-0.1755,Seattle Seahawks,5.336500000000001,Different,Same,Different,Same,Different,Same,False,Home Team,Away Team,,,,,,,,-116,-104,406,-567,-0.5525,0.5525,11.2255,-11.2255,,,0.5098,0.537,0.8501,0.1976,,,0.487,0.513,0.8114,0.1886,0.849,0.15,0.349,-0.35,,,178,19,2027-01-03,SEA @ CAR,8.0,45.0,0.0,Historical Avg,False,S.Darnold,B.Young,13.53,14.0,13.05,170.41,Medium,6.0,22.0,49.35,49.0,13.108910277583457,33.0,67.0,0.15,0.849,0.0538,0.0578,0.0,0.0,0.0,0.0,0.2839,0.7158,+252,-252,,,,,,,,No Bet,,No Bet,,No Bet,,No Bet,,No Bet,,No Bet,,No Bet,,No Bet,,No Bet,,,,,,,,,,,,,,,,,,,,,,,,,,,,,19,0.1796,-0.13,Carolina Panthers,Seattle Seahawks,0,0,0,0,0,0,0,0,0,0,0,0,0,3.5,2.0,,
2026_17_IND_CLE,2026,19,2027-01-03,13:00,Indianapolis Colts,Cleveland Browns,Home,,,,,7,7,0,0,-6,3,FirstEnergy Stadium,41.5061,-81.6994,America/New_York,False,False,17,17,Sunday,True,False,1,True,False,1,-6,3,AFC South,Lucas Oil Stadium,39.7601,-86.1638,America/Indiana/Indianapolis,AFC North,FirstEnergy Stadium,41.5061,-81.6994,America/New_York,Cincinnati Bengals,Baltimore Ravens,Lucas Oil Stadium,M&T Bank Stadium,Jacksonville Jaguars,Cincinnati Bengals,Lucas Oil Stadium,Paycor Stadium,263,0,-263,263,0.0,0.0,America/Indiana/Indianapolis,America/New_York,0.0,0.0,0.0,0.0,0.0,0,-2.265,-4.705,-2.265,-4.705,Indianapolis Colts,2.44,Indianapolis Colts,2.44,-2.265,-4.705,Indianapolis Colts,2.44,0.0,0,No,No,No,No,No,0,No,0.0,0.0,-0.012,-4.154,-2.0145000000000004,-2.3009999999999997,-2.0145000000000004,-2.3009999999999997,0.25049999999999994,2.404,0.23849999999999993,-1.7499999999999996,Indianapolis Colts,0.2864999999999993,Indianapolis Colts,0.2864999999999993,-2.0145000000000004,-2.3009999999999997,Indianapolis Colts,0.2864999999999993,Tie,0.0,Indianapolis Colts,4.142,-0.006,-2.077,Indianapolis Colts,2.071,Cleveland Browns,2.1535,Indianapolis Colts,1.9884999999999995,0.24449999999999994,0.3270000000000002,Cleveland Browns,0.08250000000000024,Different,Same,Different,Same,Different,Same,False,Home Team,Away Team,,,,,,,,-131,108,108,-131,-2.1535,2.1535,1.9884999999999995,-1.9884999999999995,,,0.4808,0.5671,0.5671,0.4808,,,0.4588,0.5412,0.5412,0.4588,0.5426,0.4566,0.0426,-0.0434,,,179,19,2027-01-03,IND @ CLE,10.0,60.0,0.0,Historical Avg,False,D.Jones,D.Watson,1.67,3.0,13.16,173.31,Medium,-8.0,11.0,46.14,46.0,12.91308802449924,30.0,63.0,0.4566,0.5426,0.0926,0.0862,0.0,0.0,0.0,0.0,0.4855,0.5142,+106,-106,,,,,,,,No Bet,,No Bet,,No Bet,,No Bet,,No Bet,,No Bet,,No Bet,,No Bet,,No Bet,,,,,,,,,,,,,,,,,,,,,,,,,,,,,19,-0.1654,-0.1666,Cleveland Browns,Indianapolis Colts,0,0,0,0,0,0,0,0,0,0,0,0,0,1.5,1.5,,
2026_17_NYG_DAL,2026,19,2027-01-03,13:00,New York Giants,Dallas Cowboys,Home,,,,,6,7,-1,1,3,12,AT&T Stadium,32.7369,-97.0826,America/Chicago,False,True,17,17,Sunday,True,False,1,True,False,1,3,12,NFC East,MetLife Stadium,40.8136,-74.0744,America/New_York,NFC East,AT&T Stadium,32.7369,-97.0826,America/Chicago,Detroit Lions,Jacksonville Jaguars,Ford Field,AT&T Stadium,Philadelphia Eagles,Washington Commanders,MetLife Stadium,FedExField,1384,0,-1384,1384,1.0,0.0,America/Detroit,America/Chicago,1.0,0.0,1.0,0.0,1.0,0,-2.84,-0.615,-2.84,-0.615,Dallas Cowboys,2.2249999999999996,Dallas Cowboys,2.2249999999999996,-2.84,-0.615,Dallas Cowboys,2.2249999999999996,0.0,0,No,No,No,No,Yes,1,No,0.0,0.0,-4.129,-2.247,-3.775905,1.084405,-3.775905,1.084405,-0.958155,1.7216550000000002,-5.0683349999999985,-0.5441649999999996,Dallas Cowboys,4.86031,Dallas Cowboys,4.86031,-3.775905,1.084405,Dallas Cowboys,4.86031,Tie,0.0,Dallas Cowboys,1.8819999999999997,-2.0645,-1.1235,Dallas Cowboys,0.9409999999999998,Dallas Cowboys,2.6798100000000002,Dallas Cowboys,4.524169999999999,-3.013244999999999,0.5887450000000003,Dallas Cowboys,3.6019899999999994,Different,Same,Same,Same,Different,Same,False,Home Team,Home Team,,,,,,,,-142,117,-224,181,-2.6798100000000002,2.6798100000000002,-4.524169999999999,4.524169999999999,,,0.4608,0.5868,0.3559,0.6914,,,0.4399,0.5601,0.3398,0.6602,0.4082,0.591,-0.0918,0.091,,,180,19,2027-01-03,NYG @ DAL,0.0,70.0,0.0,Dome,True,J.Winston,D.Prescott,-2.9,-3.0,13.19,174.08,Medium,-12.0,7.0,54.17,54.0,13.709691300941586,37.0,72.0,0.591,0.4082,0.0934,0.0922,0.0,0.0,0.0,0.0,0.6038,0.396,-152,+153,,,,,,,,No Bet,,No Bet,,No Bet,,No Bet,,No Bet,,No Bet,,No Bet,,No Bet,,No Bet,,,,,,,,,,,,,,,,,,,,,,,,,,,,,19,-0.252,-0.029,Dallas Cowboys,New York Giants,0,0,0,0,0,0,0,0,0,0,0,0,1,1.0,2.5,,
2026_17_WAS_JAX,2026,19,2027-01-03,13:00,Washington Commanders,Jacksonville Jaguars,Home,,,,,7,7,0,0,9,-3,TIAA Bank Field,30.3239,-81.6554,America/New_York,False,True,17,17,Sunday,True,False,1,True,False,1,9,-3,NFC East,FedExField,38.9077,-76.8645,America/New_York,AFC South,TIAA Bank Field,30.3239,-81.6554,America/New_York,Minnesota Vikings,Dallas Cowboys,U.S. Bank Stadium,AT&T Stadium,Dallas Cowboys,Indianapolis Colts,FedExField,Lucas Oil Stadium,652,0,-652,652,0.0,0.0,America/Chicago,America/Chicago,-1.0,-1.0,0.0,0.0,0.0,0,1.45,-1.825,1.45,-1.825,Washington Commanders,3.275,Washington Commanders,3.275,1.45,-1.825,Washington Commanders,3.275,0.0,0,No,No,No,No,No,0,No,0.0,0.0,-3.609,6.394,1.5935,-0.15900000000000003,1.5935,-0.15900000000000003,0.14350000000000002,1.666,-3.4654999999999996,8.06,Washington Commanders,1.7525,Washington Commanders,1.7525,1.5935,-0.15900000000000003,Washington Commanders,1.7525,Tie,0.0,Jacksonville Jaguars,10.003,-1.8045,3.197,Jacksonville Jaguars,5.0015,Jacksonville Jaguars,1.5225,Jacksonville Jaguars,11.525500000000001,-1.6609999999999998,4.863,Jacksonville Jaguars,6.524,Different,Different,Different,Different,Different,Same,False,Home Team,Home Team,,,,,,,,-128,105,-646,450,-1.5225,1.5225,-11.525500000000001,11.525500000000001,,,0.4878,0.5614,0.1818,0.866,,,0.4649,0.5351,0.1735,0.8265,0.237,0.7626,-0.263,0.2626,,,181,19,2027-01-03,WAS @ JAX,10.0,60.0,0.0,Historical Avg,False,J.Daniels,T.Lawrence,-9.18,-10.0,13.13,172.47,Medium,-18.0,-1.0,50.45,50.0,13.30194452648323,33.0,68.0,0.7626,0.237,0.074,0.0778,0.0,0.0,0.0,0.0,0.7081,0.2918,-243,+243,,,,,,,,No Bet,,No Bet,,No Bet,,No Bet,,No Bet,,No Bet,,No Bet,,No Bet,,No Bet,,,,,,,,,,,,,,,,,,,,,,,,,,,,,19,0.0274,0.1648,Jacksonville Jaguars,Washington Commanders,0,0,0,0,0,0,0,0,0,0,0,0,0,2.5,3.5,,
2026_17_KC_LAC,2026,19,2027-01-03,13:00,Kansas City Chiefs,Los Angeles Chargers,Home,,,,,7,7,0,0,-2,-24,SoFi Stadium,33.9535,-118.3395,America/Los_Angeles,False,False,17,17,Sunday,True,False,1,True,False,1,-2,-24,AFC West,GEHA Field at Arrowhead Stadium,39.0489,-94.4839,America/Chicago,AFC West,SoFi Stadium,33.9535,-118.3395,America/Los_Angeles,San Francisco 49ers,Miami Dolphins,GEHA Field at Arrowhead Stadium,Hard Rock Stadium,Las Vegas Raiders,Denver Broncos,GEHA Field at Arrowhead Stadium,Empower Field at Mile High,1366,0,-1366,1366,2.0,0.0,America/Chicago,America/New_York,2.0,3.0,2.0,0.0,2.0,0,4.395,0.935,4.395,0.935,Kansas City Chiefs,3.4599999999999995,Kansas City Chiefs,3.4599999999999995,4.395,0.935,Kansas City Chiefs,3.4599999999999995,-0.15,0,No,No,No,No,No,1,No,0.0,0.0,3.194,-3.339,3.457915,-1.0584150000000003,3.457915,-1.0584150000000003,-0.902485,-2.0280150000000003,2.226185,-5.301685,Kansas City Chiefs,4.51633,Kansas City Chiefs,4.51633,3.457915,-1.0584150000000003,Kansas City Chiefs,4.51633,Tie,0.0,Kansas City Chiefs,6.5329999999999995,1.597,-1.6695,Kansas City Chiefs,3.2664999999999997,Kansas City Chiefs,1.1255300000000004,Kansas City Chiefs,7.52787,0.66185,-3.6648500000000004,Kansas City Chiefs,4.326700000000001,Different,Same,Same,Same,Different,Same,False,Away Team,Away Team,,,,,,,,101,-122,268,-346,1.1255300000000004,-1.1255300000000004,7.52787,-7.52787,,,0.5495,0.4975,0.7758,0.2717,,,0.5248,0.4752,0.7406,0.2594,0.7218,0.2774,0.2218,-0.2226,,,182,19,2027-01-03,KC @ LAC,0.0,70.0,0.0,Dome,True,P.Mahomes,J.Herbert,7.67,8.0,13.63,185.76,Med-High,-2.0,17.0,49.13,49.0,13.325179902871433,33.0,67.0,0.2774,0.7218,0.0832,0.0762,0.0,0.0,0.0,0.0,0.3373,0.6624,+196,-196,,,,,,,,No Bet,,No Bet,,No Bet,,No Bet,,No Bet,,No Bet,,No Bet,,No Bet,,No Bet,,,,,,,,,,,,,,,,,,,,,,,,,,,,,19,0.1252,-0.205,Kansas City Chiefs,Los Angeles Chargers,0,0,0,0,0,0,0,0,0,0,0,0,1,3.0,1.5,,
2026_17_BUF_MIA,2026,19,2027-01-03,13:00,Buffalo Bills,Miami Dolphins,Home,,,,,9,7,2,-2,14,-6,Hard Rock Stadium,25.9602,-80.2384,America/New_York,False,True,17,17,Sunday,True,False,1,True,False,1,14,-6,AFC East,Highmark Stadium,42.7725,-78.7877,America/New_York,AFC East,Hard Rock Stadium,25.9602,-80.2384,America/New_York,Denver Broncos,Los Angeles Chargers,Empower Field at Mile High,Hard Rock Stadium,New York Jets,New England Patriots,Highmark Stadium,Gillette Stadium,1164,0,-1164,1164,0.0,0.0,America/Denver,America/New_York,-2.0,0.0,0.0,0.0,0.0,0,4.795,0.66,4.795,0.66,Buffalo Bills,4.135,Buffalo Bills,4.135,4.795,0.66,Buffalo Bills,4.135,0.0,0,No,No,No,No,No,1,No,0.0,0.0,3.307,-7.793,5.269400000000001,0.7025999999999999,5.269400000000001,0.7025999999999999,0.5157500000000002,0.0012499999999999421,3.71175,-7.680750000000001,Buffalo Bills,4.566800000000001,Buffalo Bills,4.566800000000001,5.269400000000001,0.7025999999999999,Buffalo Bills,4.566800000000001,Tie,0.0,Buffalo Bills,11.1,1.6535,-3.8965,Buffalo Bills,5.55,Buffalo Bills,0.5145000000000002,Buffalo Bills,11.3925,2.11375,-3.8397500000000004,Buffalo Bills,5.9535,Different,Same,Same,Same,Different,Same,False,Away Team,Away Team,,,,,,,,-104,-116,450,-646,0.5145000000000002,-0.5145000000000002,11.3925,-11.3925,,,0.537,0.5098,0.866,0.1818,,,0.513,0.487,0.8265,0.1735,0.8814,0.1178,0.3814,-0.3822,,,183,19,2027-01-03,BUF @ MIA,10.0,68.0,0.0,Historical Avg,False,J.Allen,M.Willis,16.65,17.0,14.27,203.7,High,7.0,26.0,56.34,56.0,13.57142117445844,39.0,74.0,0.1178,0.8814,0.0416,0.0456,0.0,0.0,0.0,0.0,0.2594,0.7403,+286,-285,,,,,,,,No Bet,,No Bet,,No Bet,,No Bet,,No Bet,,No Bet,,No Bet,,No Bet,,No Bet,,,,,,,,,,,,,,,,,,,,,,,,,,,,,19,0.3564,-0.2908,Buffalo Bills,Miami Dolphins,0,0,0,0,0,0,0,0,0,0,0,0,1,4.5,1.0,,
2026_17_DEN_NE,2026,19,2027-01-03,13:00,Denver Broncos,New England Patriots,Home,,,,,9,7,2,-2,3,8,Gillette Stadium,42.0628,-71.2687,America/New_York,False,False,17,17,Sunday,True,False,1,True,False,1,3,8,AFC West,Empower Field at Mile High,39.7648,-105.0076,America/Denver,AFC East,Gillette Stadium,42.0628,-71.2687,America/New_York,Buffalo Bills,New York Jets,Empower Field at Mile High,MetLife Stadium,Los Angeles Chargers,Miami Dolphins,Empower Field at Mile High,Gillette Stadium,1756,0,-1756,1756,-2.0,0.0,America/Denver,America/New_York,-2.0,0.0,-2.0,0.0,-2.0,0,2.05,-1.995,2.05,-1.995,Denver Broncos,4.045,Denver Broncos,4.045,2.05,-1.995,Denver Broncos,4.045,-0.3,0,No,No,No,No,No,0,No,0.0,0.0,2.928,3.904,0.7825,-0.8595000000000002,0.7825,-0.8595000000000002,-1.2674999999999998,1.1355,1.6605,5.0395,Denver Broncos,1.6420000000000001,Denver Broncos,1.6420000000000001,0.7825,-0.8595000000000002,Denver Broncos,1.6420000000000001,Tie,0.0,New England Patriots,0.976,1.464,1.952,New England Patriots,0.488,New England Patriots,2.4029999999999996,New England Patriots,3.3790000000000004,0.19650000000000012,3.0875000000000004,New England Patriots,2.891,Different,Different,Different,Different,Different,Same,False,Home Team,Home Team,,,,,,,,-142,117,-191,156,-2.4029999999999996,2.4029999999999996,-3.3790000000000004,3.3790000000000004,,,0.4608,0.5868,0.3906,0.6564,,,0.4399,0.5601,0.3731,0.6269,0.5232,0.4756,0.0232,-0.0244,,,184,19,2027-01-03,DEN @ NE,15.0,30.0,0.0,Historical Avg,False,B.Nix,D.Maye,0.58,2.0,13.22,174.78,Medium,-9.0,10.0,39.47,39.0,12.568458791406297,24.0,56.0,0.4756,0.5232,0.1012,0.1006,0.0,0.0,0.0,0.0,0.5542,0.4454,-124,+125,,,,,,,,No Bet,,No Bet,,No Bet,,No Bet,,No Bet,,No Bet,,No Bet,,No Bet,,No Bet,,,,,,,,,,,,,,,,,,,,,,,,,,,,,19,0.2044,0.2894,New England Patriots,Denver Broncos,0,0,0,0,0,0,0,0,0,0,0,0,0,3.5,4.0,,
2026_17_MIN_NYJ,2026,19,2027-01-03,13:00,Minnesota Vikings,New York Jets,Home,,,,,7,7,0,0,4,-9,MetLife Stadium,40.8136,-74.0744,America/New_York,False,False,17,17,Sunday,True,False,1,True,False,1,4,-9,NFC North,U.S. Bank Stadium,44.9738,-93.2575,America/Chicago,AFC East,MetLife Stadium,40.8136,-74.0744,America/New_York,Washington Commanders,New England Patriots,U.S. Bank Stadium,MetLife Stadium,Chicago Bears,Buffalo Bills,U.S. Bank Stadium,Highmark Stadium,1009,0,-1009,1009,-1.0,0.0,America/Chicago,America/New_York,-1.0,0.0,-1.0,0.0,-1.0,0,0.27,-3.725,0.27,-3.725,Minnesota Vikings,3.995,Minnesota Vikings,3.995,0.27,-3.725,Minnesota Vikings,3.995,0.0,0,No,No,No,No,No,0,No,0.0,0.0,2.427,-5.458,-0.20799999999999996,-4.2115,-0.20799999999999996,-4.2115,-0.478,-0.4865,1.949,-5.944500000000001,Minnesota Vikings,4.0035,Minnesota Vikings,4.0035,-0.20799999999999996,-4.2115,Minnesota Vikings,4.0035,Tie,0.0,Minnesota Vikings,7.885,1.2135,-2.729,Minnesota Vikings,3.9425,Minnesota Vikings,0.008500000000000008,Minnesota Vikings,7.8935,0.7355,-3.2155000000000005,Minnesota Vikings,3.9510000000000005,Different,Same,Same,Same,Different,Same,False,Away Team,Away Team,,,,,,,,-110,-110,282,-366,0.008500000000000008,-0.008500000000000008,7.8935,-7.8935,,,0.5238,0.5238,0.7854,0.2618,,,0.5,0.5,0.75,0.25,0.8254,0.1738,0.3254,-0.3262,,,185,19,2027-01-03,MIN @ NYJ,15.0,34.0,0.0,Historical Avg,False,K.Murray,G.Smith,11.41,12.0,12.22,149.39,Low,4.0,20.0,39.49,39.0,11.684677115601406,25.0,54.0,0.1738,0.8254,0.0624,0.0716,0.0,0.0,0.0,0.0,0.3079,0.6918,+225,-224,,,,,,,,No Bet,,No Bet,,No Bet,,No Bet,,No Bet,,No Bet,,No Bet,,No Bet,,No Bet,,,,,,,,,,,,,,,,,,,,,,,,,,,,,19,0.0308,-0.3576,Minnesota Vikings,New York Jets,0,0,0,0,0,0,0,0,0,0,0,0,0,2.5,0.5,,
2026_17_LA_TB,2026,19,2027-01-03,13:00,Los Angeles Rams,Tampa Bay Buccaneers,Home,,,,,9,7,2,-2,-6,-2,Raymond James Stadium,27.9759,-82.5033,America/New_York,False,True,17,17,Sunday,True,False,1,True,False,1,-6,-2,NFC West,SoFi Stadium,33.9535,-118.3395,America/Los_Angeles,NFC South,Raymond James Stadium,27.9759,-82.5033,America/New_York,Seattle Seahawks,Atlanta Falcons,Lumen Field,Mercedes-Benz Stadium,Seattle Seahawks,New Orleans Saints,SoFi Stadium,Caesars Superdome,2150,0,-2150,2150,-3.0,0.0,America/Los_Angeles,America/New_York,-3.0,0.0,-3.0,0.0,-3.0,0,1.29,1.025,1.29,1.025,Los Angeles Rams,0.2650000000000001,Los Angeles Rams,0.2650000000000001,1.29,1.025,Los Angeles Rams,0.2650000000000001,-0.44999999999999996,0,No,No,No,No,No,0,No,0.0,0.0,6.079,-3.128,0.6680000000000001,0.948,0.6680000000000001,0.948,-0.6219999999999999,-0.07700000000000001,5.457000000000001,-3.205,Tampa Bay Buccaneers,0.2799999999999998,Tampa Bay Buccaneers,0.2799999999999998,0.6680000000000001,0.948,Tampa Bay Buccaneers,0.2799999999999998,Tie,0.0,Los Angeles Rams,9.207,3.0395,-1.564,Los Angeles Rams,4.6035,Tampa Bay Buccaneers,0.5449999999999999,Los Angeles Rams,8.662,2.4175000000000004,-1.641,Los Angeles Rams,4.0585,Different,Different,Same,Different,Different,Same,False,Home Team,Away Team,,,,,,,,-116,-104,302,-397,-0.5449999999999999,0.5449999999999999,8.662,-8.662,,,0.5098,0.537,0.7988,0.2488,,,0.487,0.513,0.7625,0.2375,0.8176,0.1818,0.3176,-0.3182,,,186,19,2027-01-03,LA @ TB,10.0,68.0,0.0,Historical Avg,False,M.Stafford,B.Mayfield,12.96,13.0,14.35,205.8,High,4.0,23.0,53.91,53.0,13.383567342639369,37.0,71.0,0.1818,0.8176,0.0608,0.0612,0.0,0.0,0.0,0.0,0.3108,0.689,+222,-222,,,,,,,,No Bet,,No Bet,,No Bet,,No Bet,,No Bet,,No Bet,,No Bet,,No Bet,,No Bet,,,,,,,,,,,,,,,,,,,,,,,,,,,,,19,-0.1802,-0.0088,Tampa Bay Buccaneers,Los Angeles Rams,0,0,0,0,0,0,0,0,0,0,0,0,0,1.5,2.5,,
2026_17_PIT_TEN,2026,19,2027-01-03,13:00,Pittsburgh Steelers,Tennessee Titans,Home,,,,,7,7,0,0,-3,5,Nissan Stadium,36.1664,-86.7716,America/Chicago,False,False,17,17,Sunday,True,False,1,True,False,1,-3,5,AFC North,Acrisure Stadium,40.4468,-80.0158,America/New_York,AFC South,Nissan Stadium,36.1664,-86.7716,America/Chicago,Carolina Panthers,Las Vegas Raiders,Acrisure Stadium,Allegiant Stadium,Baltimore Ravens,Houston Texans,M&T Bank Stadium,NRG Stadium,470,0,-470,470,1.0,0.0,America/New_York,America/Los_Angeles,1.0,-2.0,1.0,0.0,1.0,0,-0.565,-4.36,-0.565,-4.36,Pittsburgh Steelers,3.7950000000000004,Pittsburgh Steelers,3.7950000000000004,-0.565,-4.36,Pittsburgh Steelers,3.7950000000000004,0.0,0,No,No,No,No,No,0,No,0.0,0.0,-2.174,-9.711,-2.0255,-3.8365000000000005,-2.0255,-3.8365000000000005,-1.4605,0.5235000000000001,-3.6344999999999996,-9.1875,Pittsburgh Steelers,1.8110000000000004,Pittsburgh Steelers,1.8110000000000004,-2.0255,-3.8365000000000005,Pittsburgh Steelers,1.8110000000000004,Tie,0.0,Pittsburgh Steelers,7.537000000000001,-1.087,-4.8555,Pittsburgh Steelers,3.7685000000000004,Tennessee Titans,1.984,Pittsburgh Steelers,5.553000000000001,-2.5475,-4.332,Pittsburgh Steelers,1.7845,Different,Same,Different,Same,Different,Same,False,Home Team,Away Team,,,,,,,,-131,108,195,-244,-1.984,1.984,5.553000000000001,-5.553000000000001,,,0.4808,0.5671,0.7093,0.339,,,0.4588,0.5412,0.6766,0.3234,0.7144,0.2842,0.2144,-0.2158,,,187,19,2027-01-03,PIT @ TEN,10.0,40.0,0.0,Historical Avg,False,A.Rodgers,C.Ward,7.31,7.0,12.9,166.48,Med-Low,-3.0,16.0,44.36,43.0,12.938304738484915,29.0,61.0,0.2842,0.7144,0.0862,0.0832,0.0,0.0,0.0,0.0,0.3829,0.6166,+161,-161,,,,,,,,No Bet,,No Bet,,No Bet,,No Bet,,No Bet,,No Bet,,No Bet,,No Bet,,No Bet,,,,,,,,,,,,,,,,,,,,,,,,,,,,,19,-0.3184,-0.3236,Tennessee Titans,Pittsburgh Steelers,0,0,0,0,0,0,0,0,0,0,0,0,0,0.5,0.5,,
2026_17_LV_ARI,2026,19,2027-01-03,16:05,Las Vegas Raiders,Arizona Cardinals,Home,,,,,7,7,0,0,-13,1,State Farm Stadium,33.5277,-112.262608,America/Denver,False,False,17,17,Sunday,True,False,1,True,False,1,-13,1,AFC West,Allegiant Stadium,36.108,-115.1578,America/Los_Angeles,NFC West,State Farm Stadium,33.5277,-112.262608,America/Denver,Tennessee Titans,New Orleans Saints,Allegiant Stadium,Caesars Superdome,Kansas City Chiefs,San Francisco 49ers,GEHA Field at Arrowhead Stadium,State Farm Stadium,242,0,-242,242,-1.0,0.0,America/Los_Angeles,America/Chicago,-1.0,1.0,-1.0,0.0,-1.0,0,-2.35,0.075,-2.35,0.075,Arizona Cardinals,2.4250000000000003,Arizona Cardinals,2.4250000000000003,-2.35,0.075,Arizona Cardinals,2.4250000000000003,0.0,0,No,No,No,No,No,0,No,0.0,0.0,-3.377,-1.231,-3.5615,-0.8835,-3.5615,-0.8835,-1.2115,-0.9584999999999999,-4.588500000000001,-2.1895,Arizona Cardinals,2.678,Arizona Cardinals,2.678,-3.5615,-0.8835,Arizona Cardinals,2.678,Tie,0.0,Arizona Cardinals,2.146,-1.6885,-0.6155,Arizona Cardinals,1.073,Arizona Cardinals,0.2530000000000001,Arizona Cardinals,2.399000000000001,-2.9000000000000004,-1.5739999999999998,Arizona Cardinals,1.3260000000000005,Different,Same,Same,Same,Different,Same,False,Home Team,Home Team,,,,,,,,-116,-104,-142,117,-0.2530000000000001,0.2530000000000001,-2.399000000000001,2.399000000000001,,,0.5098,0.537,0.4608,0.5868,,,0.487,0.513,0.4399,0.5601,0.7518,0.2466,0.2518,-0.2534,,,188,19,2027-01-03,LV @ ARI,0.0,70.0,0.0,Dome,True,K.Cousins,J.Brissett,8.33,10.0,12.3,151.31,Low,1.0,17.0,45.8,45.0,12.171269570615554,31.0,61.0,0.2466,0.7518,0.074,0.0724,0.0,0.0,0.0,0.0,0.4399,0.5596,+127,-127,,,,,,,,No Bet,,No Bet,,No Bet,,No Bet,,No Bet,,No Bet,,No Bet,,No Bet,,No Bet,,,,,,,,,,,,,,,,,,,,,,,,,,,,,19,-0.1266,-0.4456,Arizona Cardinals,Las Vegas Raiders,0,0,0,0,0,0,0,0,0,0,0,0,0,2.0,0.0,,
2026_17_DET_CHI,2026,19,2027-01-03,16:25,Detroit Lions,Chicago Bears,Home,,,,,6,9,-3,3,0,15,Soldier Field,41.8623,-87.6167,America/Chicago,False,False,17,17,Sunday,True,False,1,True,False,1,0,15,NFC North,Ford Field,42.3395,-83.045,America/Detroit,NFC North,Soldier Field,41.8623,-87.6167,America/Chicago,New York Giants,Green Bay Packers,Ford Field,Soldier Field,Green Bay Packers,Minnesota Vikings,Lambeau Field,U.S. Bank Stadium,236,0,-236,236,1.0,0.0,America/Detroit,America/Chicago,1.0,0.0,1.0,0.0,1.0,0,4.305,-1.575,4.305,-1.575,Detroit Lions,5.88,Detroit Lions,5.88,4.305,-1.575,Detroit Lions,5.88,0.0,0,No,No,No,No,Yes,1,No,0.0,0.0,1.824,3.925,3.0627350000000004,-0.09923500000000005,3.0627350000000004,-0.09923500000000005,-1.183465,1.416965,0.6615449999999998,5.320954999999999,Detroit Lions,3.1619700000000006,Detroit Lions,3.1619700000000006,3.0627350000000004,-0.09923500000000005,Detroit Lions,3.1619700000000006,Tie,0.0,Chicago Bears,2.101,0.912,1.9625,Chicago Bears,1.0505,Chicago Bears,2.6004300000000002,Chicago Bears,4.659409999999999,-0.2609600000000001,3.3689599999999995,Chicago Bears,3.6299199999999994,Different,Different,Different,Different,Different,Same,False,Home Team,Home Team,,,,,,,,-142,117,-224,181,-2.6004300000000002,2.6004300000000002,-4.659409999999999,4.659409999999999,,,0.4608,0.5868,0.3559,0.6914,,,0.4399,0.5601,0.3398,0.6602,0.449,0.5504,-0.051,0.0504,,,189,19,2027-01-03,DET @ CHI,18.0,26.0,0.0,Historical Avg,False,J.Goff,C.Williams,-1.71,-3.0,13.54,183.25,Med-High,-11.0,8.0,45.03,44.0,13.54544390745944,28.0,63.0,0.5504,0.449,0.0928,0.0866,0.0,0.0,0.0,0.0,0.5902,0.4096,-144,+144,,,,,,,,No Bet,,No Bet,,No Bet,,No Bet,,No Bet,,No Bet,,No Bet,,No Bet,,No Bet,,,,,,,,,,,,,,,,,,,,,,,,,,,,,19,-0.0114,-0.0322,Chicago Bears,Detroit Lions,0,0,0,0,0,0,0,0,0,0,0,0,1,2.5,2.5,,
2026_17_PHI_SF,2026,19,2027-01-03,20:20,Philadelphia Eagles,San Francisco 49ers,Home,,,,,10,7,3,-3,-15,0,Levi's Stadium,37.4031,-121.9702,America/Los_Angeles,False,False,17,17,Sunday,True,False,1,True,False,1,-15,0,NFC East,Lincoln Financial Field,39.9008,-75.1675,America/New_York,NFC West,Levi's Stadium,37.4031,-121.9702,America/Los_Angeles,Houston Texans,Kansas City Chiefs,Lincoln Financial Field,GEHA Field at Arrowhead Stadium,New York Giants,Arizona Cardinals,MetLife Stadium,State Farm Stadium,2501,0,-2501,2501,3.0,0.0,America/New_York,America/Chicago,3.0,2.0,3.0,0.0,3.0,0,4.905,3.325,4.905,3.325,Philadelphia Eagles,1.58,Philadelphia Eagles,1.58,4.905,3.325,Philadelphia Eagles,1.58,-0.22499999999999998,0,No,No,No,No,No,0,No,0.0,0.0,0.123,5.31,3.3964999999999996,2.422,3.3964999999999996,2.422,-1.5085000000000002,-0.903,-1.3855,4.407,Philadelphia Eagles,0.9744999999999995,Philadelphia Eagles,0.9744999999999995,3.3964999999999996,2.422,Philadelphia Eagles,0.9744999999999995,Tie,0.0,San Francisco 49ers,5.186999999999999,0.0615,2.655,San Francisco 49ers,2.5934999999999997,San Francisco 49ers,0.6055000000000001,San Francisco 49ers,5.7925,-1.447,1.752,San Francisco 49ers,3.199,Different,Different,Different,Different,Different,Same,False,Home Team,Home Team,,,,,,,,-116,-104,-261,208,-0.6055000000000001,0.6055000000000001,-5.7925,5.7925,,,0.5098,0.537,0.3247,0.723,,,0.487,0.513,0.3099,0.6901,0.2322,0.7668,-0.2678,0.2668,,,190,19,2027-01-03,PHI @ SF,8.0,55.0,0.0,Historical Avg,False,J.Hurts,B.Purdy,-9.12,-9.0,12.86,165.37,Med-Low,-18.0,-1.0,53.2,53.0,13.811739529464273,36.0,71.0,0.7668,0.2322,0.0844,0.0776,0.0,0.0,0.0,0.0,0.6566,0.343,-191,+192,,,,,,,,No Bet,,No Bet,,No Bet,,No Bet,,No Bet,,No Bet,,No Bet,,No Bet,,No Bet,,,,,,,,,,,,,,,,,,,,,,,,,,,,,19,0.2514,0.4456,San Francisco 49ers,Philadelphia Eagles,0,0,0,0,0,0,0,0,0,0,0,0,0,4.0,5.0,,
2026_17_HOU_GB,2026,19,2027-01-04,20:15,Houston Texans,Green Bay Packers,Home,,,,,11,10,1,-1,9,-1,Lambeau Field,44.5013,-88.0622,America/Chicago,False,True,17,17,Monday,True,False,1,True,False,1,9,-1,AFC South,NRG Stadium,29.6847,-95.4093,America/Chicago,NFC North,Lambeau Field,44.5013,-88.0622,America/Chicago,Philadelphia Eagles,Chicago Bears,Lincoln Financial Field,Soldier Field,Tennessee Titans,Detroit Lions,NRG Stadium,Lambeau Field,1099,0,-1099,1099,0.0,0.0,America/New_York,America/Chicago,1.0,0.0,0.0,0.0,0.0,0,0.035,3.535,0.035,3.535,Green Bay Packers,3.5,Green Bay Packers,3.5,0.035,3.535,Green Bay Packers,3.5,0.0,0,No,No,No,No,No,0,No,0.0,0.0,1.731,-0.138,0.9710000000000001,2.934,0.9710000000000001,2.934,0.9359999999999999,-0.601,2.6670000000000003,-0.739,Green Bay Packers,1.963,Green Bay Packers,1.963,0.9710000000000001,2.934,Green Bay Packers,1.963,Tie,0.0,Houston Texans,1.8690000000000002,0.8655,-0.069,Houston Texans,0.9345000000000001,Houston Texans,1.537,Houston Texans,3.406,1.8015,-0.6699999999999999,Houston Texans,2.4715,Different,Different,Different,Different,Different,Same,False,Away Team,Away Team,,,,,,,,105,-128,156,-191,1.537,-1.537,3.406,-3.406,,,0.5614,0.4878,0.6564,0.3906,,,0.5351,0.4649,0.6269,0.3731,0.4718,0.527,-0.0282,0.027,,,191,19,2027-01-04,HOU @ GB,15.0,20.0,0.0,Historical Avg,False,C.Stroud,J.Love,-0.78,-1.0,12.57,158.08,Low,-10.0,7.0,47.46,47.0,14.01950875619945,30.0,65.0,0.527,0.4718,0.107,0.1054,0.0,0.0,0.0,0.0,0.455,0.5446,+120,-120,,,,,,,,No Bet,,No Bet,,No Bet,,No Bet,,No Bet,,No Bet,,No Bet,,No Bet,,No Bet,,,,,,,,,,,,,,,,,,,,,,,,,,,,,19,0.3236,0.0106,Houston Texans,Green Bay Packers,0,0,0,0,0,0,0,0,0,0,0,0,0,4.5,2.5,,
2026_18_SF_ARI,2026,20,2027-01-10,13:00,San Francisco 49ers,Arizona Cardinals,Home,,,,,7,7,0,0,0,1,State Farm Stadium,33.5277,-112.262608,America/Denver,False,False,18,18,Sunday,True,False,1,True,False,1,0,1,NFC West,Levi's Stadium,37.4031,-121.9702,America/Los_Angeles,NFC West,State Farm Stadium,33.5277,-112.262608,America/Denver,Philadelphia Eagles,Las Vegas Raiders,Levi's Stadium,State Farm Stadium,Playoffs?,Playoffs?,Playoffs?,Playoffs?,608,0,-608,608,-1.0,0.0,America/Los_Angeles,America/Denver,-1.0,0.0,-1.0,0.0,-1.0,0,3.325,0.075,3.325,0.075,San Francisco 49ers,3.25,San Francisco 49ers,3.25,3.325,0.075,San Francisco 49ers,3.25,0.0,0,No,No,No,No,No,1,No,0.0,0.0,5.31,-1.231,3.879885,-0.8353849999999999,3.879885,-0.8353849999999999,0.587385,-0.9428849999999999,5.831974999999999,-2.108475,San Francisco 49ers,4.715269999999999,San Francisco 49ers,4.715269999999999,3.879885,-0.8353849999999999,San Francisco 49ers,4.715269999999999,Tie,0.0,San Francisco 49ers,6.5409999999999995,2.655,-0.6155,San Francisco 49ers,3.2704999999999997,San Francisco 49ers,1.5302699999999998,San Francisco 49ers,7.9404499999999985,3.2096799999999996,-1.52568,San Francisco 49ers,4.73536,Different,Same,Same,Same,Different,Same,False,Away Team,Away Team,,,,,,,,105,-128,282,-366,1.5302699999999998,-1.5302699999999998,7.9404499999999985,-7.9404499999999985,,,0.5614,0.4878,0.7854,0.2618,,,0.5351,0.4649,0.75,0.25,0.9456,0.0544,0.4456,-0.4456,,,192,20,2027-01-10,SF @ ARI,0.0,70.0,0.0,Dome,True,B.Purdy,J.Brissett,19.8,20.0,12.27,150.62,Low,11.0,28.0,56.59,56.0,12.77223457485835,40.0,73.0,0.0544,0.9456,0.0268,0.038,0.0,0.0,0.0,0.0,0.2564,0.7436,+290,-290,,,,,,,,No Bet,,No Bet,,No Bet,,No Bet,,No Bet,,No Bet,,No Bet,,No Bet,,No Bet,,,,,,,,,,,,,,,,,,,,,,,,,,,,,20,0.0,0.0,San Francisco 49ers,Arizona Cardinals,0,0,0,0,0,0,0,0,0,0,0,0,1,0.0,0.0,,
2026_18_PIT_BAL,2026,20,2027-01-10,13:00,Pittsburgh Steelers,Baltimore Ravens,Home,,,,,7,10,-3,3,-6,-3,M&T Bank Stadium,39.2789,-76.6228,America/New_York,False,True,18,18,Sunday,True,False,1,True,False,1,-6,-3,AFC North,Acrisure Stadium,40.4468,-80.0158,America/New_York,AFC North,M&T Bank Stadium,39.2789,-76.6228,America/New_York,Tennessee Titans,Cincinnati Bengals,Nissan Stadium,Paycor Stadium,Playoffs?,Playoffs?,Playoffs?,Playoffs?,197,0,-197,197,0.0,0.0,America/Chicago,America/New_York,-1.0,0.0,0.0,0.0,0.0,0,-0.565,6.69,-0.565,6.69,Baltimore Ravens,7.255000000000001,Baltimore Ravens,7.255000000000001,-0.565,6.69,Baltimore Ravens,7.255000000000001,0.0,0,No,No,No,No,No,1,No,0.0,0.0,-2.174,3.773,-2.39926,5.072259999999999,-2.39926,5.072259999999999,-1.90681,-1.54519,-4.02134,2.1683400000000006,Baltimore Ravens,7.471519999999999,Baltimore Ravens,7.471519999999999,-2.39926,5.072259999999999,Baltimore Ravens,7.471519999999999,Tie,0.0,Baltimore Ravens,5.947,-1.087,1.8865,Baltimore Ravens,2.9735,Baltimore Ravens,0.36161999999999983,Baltimore Ravens,6.189680000000001,-2.9640750000000002,0.31157500000000027,Baltimore Ravens,3.2756500000000006,Different,Same,Same,Same,Different,Same,False,Home Team,Home Team,,,,,,,,-116,-104,-261,208,-0.36161999999999983,0.36161999999999983,-6.189680000000001,6.189680000000001,,,0.5098,0.537,0.3247,0.723,,,0.487,0.513,0.3099,0.6901,0.1816,0.8176,-0.3184,0.3176,,,193,20,2027-01-10,PIT @ BAL,12.0,35.0,0.0,Historical Avg,False,A.Rodgers,L.Jackson,-12.12,-13.0,13.47,181.51,Med-High,-21.0,-4.0,55.63,55.0,13.993560418515273,38.0,74.0,0.8176,0.1816,0.0574,0.0614,0.0,0.0,0.0,0.0,0.6736,0.3262,-206,+207,,,,,,,,No Bet,,No Bet,,No Bet,,No Bet,,No Bet,,No Bet,,No Bet,,No Bet,,No Bet,,,,,,,,,,,,,,,,,,,,,,,,,,,,,20,0.0,0.0,Baltimore Ravens,Pittsburgh Steelers,0,0,0,0,0,0,0,0,0,0,0,0,1,0.0,0.0,,
2026_18_NYJ_BUF,2026,20,2027-01-10,13:00,New York Jets,Buffalo Bills,Home,,,,,7,7,0,0,-9,14,Highmark Stadium,42.7725,-78.7877,America/New_York,False,False,18,18,Sunday,True,False,1,True,False,1,-9,14,AFC East,MetLife Stadium,40.8136,-74.0744,America/New_York,AFC East,Highmark Stadium,42.7725,-78.7877,America/New_York,Minnesota Vikings,Miami Dolphins,MetLife Stadium,Hard Rock Stadium,Playoffs?,Playoffs?,Playoffs?,Playoffs?,278,0,-278,278,0.0,0.0,America/New_York,America/New_York,0.0,0.0,0.0,0.0,0.0,0,-3.725,4.795,-3.725,4.795,Buffalo Bills,8.52,Buffalo Bills,8.52,-3.725,4.795,Buffalo Bills,8.52,0.0,0,No,No,No,No,No,1,No,0.0,0.0,-5.458,3.307,-4.038875,5.724375,-4.038875,5.724375,-0.399075,1.0145750000000002,-5.769425,4.233924999999999,Buffalo Bills,9.76325,Buffalo Bills,9.76325,-4.038875,5.724375,Buffalo Bills,9.76325,Tie,0.0,Buffalo Bills,8.765,-2.729,1.6535,Buffalo Bills,4.3825,Buffalo Bills,1.4136500000000003,Buffalo Bills,10.00335,-3.08425,2.62425,Buffalo Bills,5.7085,Different,Same,Same,Same,Different,Same,False,Home Team,Home Team,,,,,,,,-128,105,-483,356,-1.4136500000000003,1.4136500000000003,-10.00335,10.00335,,,0.4878,0.5614,0.2193,0.8285,,,0.4649,0.5351,0.2093,0.7907,0.1424,0.8564,-0.3576,0.3564,,,194,20,2027-01-10,NYJ @ BUF,20.0,25.0,0.0,Historical Avg,False,G.Smith,J.Allen,-14.01,-14.0,12.9,166.51,Med-Low,-23.0,-6.0,41.88,41.0,12.10647072794947,27.0,57.0,0.8564,0.1424,0.0526,0.0548,0.0,0.0,0.0,0.0,0.7274,0.2722,-267,+267,,,,,,,,No Bet,,No Bet,,No Bet,,No Bet,,No Bet,,No Bet,,No Bet,,No Bet,,No Bet,,,,,,,,,,,,,,,,,,,,,,,,,,,,,20,0.0,0.0,Buffalo Bills,New York Jets,0,0,0,0,0,0,0,0,0,0,0,0,1,0.0,0.0,,
2026_18_ATL_CAR,2026,20,2027-01-10,13:00,Atlanta Falcons,Carolina Panthers,Home,,,,,7,7,0,0,7,8,Bank of America Stadium,35.2258,-80.8528,America/New_York,False,False,18,18,Sunday,True,False,1,True,False,1,7,8,NFC South,Mercedes-Benz Stadium,33.7489,-84.388,America/New_York,NFC South,Bank of America Stadium,35.2258,-80.8528,America/New_York,New Orleans Saints,Seattle Seahawks,Mercedes-Benz Stadium,Bank of America Stadium,Playoffs?,Playoffs?,Playoffs?,Playoffs?,226,0,-226,226,0.0,0.0,America/New_York,America/New_York,0.0,0.0,0.0,0.0,0.0,0,-0.71,-5.25,-0.71,-5.25,Atlanta Falcons,4.54,Atlanta Falcons,4.54,-0.71,-5.25,Atlanta Falcons,4.54,0.0,0,No,No,No,No,No,1,No,0.0,0.0,1.764,-1.427,2.0205100000000003,-4.4955099999999995,2.0205100000000003,-4.4955099999999995,2.77591,0.70909,4.508,-0.686,Atlanta Falcons,6.516019999999999,Atlanta Falcons,6.516019999999999,2.0205100000000003,-4.4955099999999995,Atlanta Falcons,6.516019999999999,Tie,0.0,Atlanta Falcons,3.191,0.882,-0.7135,Atlanta Falcons,1.5955,Atlanta Falcons,2.06682,Atlanta Falcons,5.194,3.6419550000000003,0.011544999999999972,Atlanta Falcons,3.6304100000000004,Different,Same,Same,Same,Different,Same,False,Away Team,Away Team,,,,,,,,108,-131,188,-234,2.06682,-2.06682,5.194,-5.194,,,0.5671,0.4808,0.7006,0.3472,,,0.5412,0.4588,0.6686,0.3314,0.6292,0.37,0.1292,-0.13,,,195,20,2027-01-10,ATL @ CAR,8.0,45.0,0.0,Historical Avg,False,M.Penix,B.Young,4.62,6.0,13.79,190.05,Med-High,-6.0,14.0,50.18,50.0,13.23263781642633,33.0,67.0,0.37,0.6292,0.0772,0.0824,0.0,0.0,0.0,0.0,0.3867,0.613,+159,-158,,,,,,,,No Bet,,No Bet,,No Bet,,No Bet,,No Bet,,No Bet,,No Bet,,No Bet,,No Bet,,,,,,,,,,,,,,,,,,,,,,,,,,,,,20,0.0,0.0,Atlanta Falcons,Carolina Panthers,0,0,0,0,0,0,0,0,0,0,0,0,1,0.0,0.0,,
2026_18_CLE_CIN,2026,20,2027-01-10,13:00,Cleveland Browns,Cincinnati Bengals,Home,,,,,7,10,-3,3,0,-4,Paycor Stadium,39.0955,-84.5165,America/New_York,False,False,18,18,Sunday,True,False,1,True,False,1,0,-4,AFC North,FirstEnergy Stadium,41.5061,-81.6994,America/New_York,AFC North,Paycor Stadium,39.0955,-84.5165,America/New_York,Indianapolis Colts,Baltimore Ravens,FirstEnergy Stadium,Paycor Stadium,Playoffs?,Playoffs?,Playoffs?,Playoffs?,223,0,-223,223,0.0,0.0,America/New_York,America/New_York,0.0,0.0,0.0,0.0,0.0,0,-4.705,1.31,-4.705,1.31,Cincinnati Bengals,6.015000000000001,Cincinnati Bengals,6.015000000000001,-4.705,1.31,Cincinnati Bengals,6.015000000000001,0.0,0,No,No,No,No,No,1,No,0.0,0.0,-4.154,1.256,-7.10021,1.1112100000000003,-7.10021,1.1112100000000003,-2.45536,-0.13864000000000004,-6.555259999999999,1.06326,Cincinnati Bengals,8.21142,Cincinnati Bengals,8.21142,-7.10021,1.1112100000000003,Cincinnati Bengals,8.21142,Tie,0.0,Cincinnati Bengals,5.41,-2.077,0.628,Cincinnati Bengals,2.705,Cincinnati Bengals,2.31672,Cincinnati Bengals,7.618519999999998,-4.50531,0.46231,Cincinnati Bengals,4.96762,Different,Same,Same,Same,Different,Same,False,Home Team,Home Team,,,,,,,,-142,117,-346,268,-2.31672,2.31672,-7.618519999999998,7.618519999999998,,,0.4608,0.5868,0.2717,0.7758,,,0.4399,0.5601,0.2594,0.7406,0.3334,0.6656,-0.1666,0.1656,,,196,20,2027-01-10,CLE @ CIN,12.0,34.0,0.0,Historical Avg,False,D.Watson,J.Burrow,-5.52,-6.0,13.36,178.4,Medium,-14.0,4.0,47.29,47.0,12.912869893318694,31.0,64.0,0.6656,0.3334,0.0838,0.0774,0.0,0.0,0.0,0.0,0.6554,0.3442,-190,+191,,,,,,,,No Bet,,No Bet,,No Bet,,No Bet,,No Bet,,No Bet,,No Bet,,No Bet,,No Bet,,,,,,,,,,,,,,,,,,,,,,,,,,,,,20,0.0,0.0,Cincinnati Bengals,Cleveland Browns,0,0,0,0,0,0,0,0,0,0,0,0,1,0.0,0.0,,
2026_18_LAC_DEN,2026,20,2027-01-10,13:00,Los Angeles Chargers,Denver Broncos,Home,,,,,7,7,0,0,-24,3,Empower Field at Mile High,39.7648,-105.0076,America/Denver,False,False,18,18,Sunday,True,False,1,True,False,1,-24,3,AFC West,SoFi Stadium,33.9535,-118.3395,America/Los_Angeles,AFC West,Empower Field at Mile High,39.7648,-105.0076,America/Denver,Kansas City Chiefs,New England Patriots,SoFi Stadium,Gillette Stadium,Playoffs?,Playoffs?,Playoffs?,Playoffs?,837,0,-837,837,-1.0,0.0,America/Los_Angeles,America/New_York,-1.0,2.0,-1.0,0.0,-1.0,0,0.935,2.05,0.935,2.05,Denver Broncos,1.1149999999999998,Denver Broncos,1.1149999999999998,0.935,2.05,Denver Broncos,1.1149999999999998,0.0,0,No,No,No,No,No,1,No,0.0,0.0,-3.339,2.928,0.5276799999999999,3.28932,0.5276799999999999,3.28932,-0.4184700000000001,1.25047,-3.6948000000000008,4.1158,Denver Broncos,2.76164,Denver Broncos,2.76164,0.5276799999999999,3.28932,Denver Broncos,2.76164,Tie,0.0,Denver Broncos,6.2669999999999995,-1.6695,1.464,Denver Broncos,3.1334999999999997,Denver Broncos,1.66894,Denver Broncos,7.810600000000001,-2.0566350000000004,2.683135,Denver Broncos,4.73977,Different,Same,Same,Same,Different,Same,False,Home Team,Home Team,,,,,,,,-128,105,-366,282,-1.66894,1.66894,-7.810600000000001,7.810600000000001,,,0.4878,0.5614,0.2618,0.7854,,,0.4649,0.5351,0.25,0.75,0.295,0.7044,-0.205,0.2044,,,197,20,2027-01-10,LAC @ DEN,12.0,35.0,0.0,Historical Avg,False,J.Herbert,B.Nix,-6.92,-7.0,13.29,176.72,Medium,-16.0,3.0,40.59,40.0,12.706694929020836,25.0,57.0,0.7044,0.295,0.0838,0.0804,0.0,0.0,0.0,0.0,0.6632,0.3366,-197,+197,,,,,,,,No Bet,,No Bet,,No Bet,,No Bet,,No Bet,,No Bet,,No Bet,,No Bet,,No Bet,,,,,,,,,,,,,,,,,,,,,,,,,,,,,20,0.0,0.0,Denver Broncos,Los Angeles Chargers,0,0,0,0,0,0,0,0,0,0,0,0,1,0.0,0.0,,
2026_18_DET_GB,2026,20,2027-01-10,13:00,Detroit Lions,Green Bay Packers,Home,,,,,7,6,1,-1,1,-2,Lambeau Field,44.5013,-88.0622,America/Chicago,False,True,18,18,Sunday,True,False,1,True,False,1,1,-2,NFC North,Ford Field,42.3395,-83.045,America/Detroit,NFC North,Lambeau Field,44.5013,-88.0622,America/Chicago,Chicago Bears,Houston Texans,Soldier Field,Lambeau Field,Playoffs?,Playoffs?,Playoffs?,Playoffs?,292,0,-292,292,1.0,0.0,America/Chicago,America/Chicago,0.0,0.0,0.0,0.0,0.0,0,4.305,3.535,4.305,3.535,Detroit Lions,0.7699999999999996,Detroit Lions,0.7699999999999996,4.305,3.535,Detroit Lions,0.7699999999999996,0.0,0,No,No,No,No,No,1,Yes,0.0,0.0,1.824,-0.138,3.41439,2.86461,3.41439,2.86461,-0.88291,-0.67809,0.92147,-0.79647,Detroit Lions,0.5497800000000002,Detroit Lions,0.5497800000000002,3.41439,2.86461,Detroit Lions,0.5497800000000002,Tie,0.0,Detroit Lions,1.9620000000000002,0.912,-0.069,Detroit Lions,0.9810000000000001,Green Bay Packers,0.20482,Detroit Lions,1.71794,0.01928000000000002,-0.7372799999999999,Detroit Lions,0.7565599999999999,Different,Same,Different,Same,Different,Same,False,Home Team,Away Team,,,,,,,,-110,-110,105,-128,-0.20482,0.20482,1.71794,-1.71794,,,0.5238,0.5238,0.5614,0.4878,,,0.5,0.5,0.5351,0.4649,0.4886,0.5106,-0.0114,0.0106,,,198,20,2027-01-10,DET @ GB,15.0,20.0,0.0,Historical Avg,False,J.Goff,J.Love,-0.08,-1.0,13.11,171.88,Medium,-9.0,9.0,55.29,55.0,15.142719254786632,36.0,75.0,0.5106,0.4886,0.1052,0.1022,0.0,0.0,0.0,0.0,0.4918,0.5079,+103,-103,,,,,,,,No Bet,,No Bet,,No Bet,,No Bet,,No Bet,,No Bet,,No Bet,,No Bet,,No Bet,,,,,,,,,,,,,,,,,,,,,,,,,,,,,20,0.0,0.0,Green Bay Packers,Detroit Lions,0,0,0,0,0,0,0,0,0,0,0,0,1,0.0,0.0,,
2026_18_TEN_HOU,2026,20,2027-01-10,13:00,Tennessee Titans,Houston Texans,Home,,,,,7,6,1,-1,6,8,NRG Stadium,29.6847,-95.4093,America/Chicago,False,False,18,18,Sunday,True,False,1,True,False,1,6,8,AFC South,Nissan Stadium,36.1664,-86.7716,America/Chicago,AFC South,NRG Stadium,29.6847,-95.4093,America/Chicago,Pittsburgh Steelers,Green Bay Packers,Nissan Stadium,Lambeau Field,Playoffs?,Playoffs?,Playoffs?,Playoffs?,671,0,-671,671,0.0,0.0,America/Chicago,America/Chicago,0.0,0.0,0.0,0.0,0.0,0,-4.36,0.035,-4.36,0.035,Houston Texans,4.3950000000000005,Houston Texans,4.3950000000000005,-4.36,0.035,Houston Texans,4.3950000000000005,0.0,0,No,No,No,No,No,1,Yes,0.0,0.0,-9.711,1.731,-4.216675,-0.11782499999999996,-4.216675,-0.11782499999999996,0.09937500000000003,-0.10887499999999993,-9.497205000000001,1.507705,Houston Texans,4.0988500000000005,Houston Texans,4.0988500000000005,-4.216675,-0.11782499999999996,Houston Texans,4.0988500000000005,Tie,0.0,Houston Texans,11.442,-4.8555,0.8655,Houston Texans,5.721,Tennessee Titans,0.20824999999999996,Houston Texans,11.00491,-4.698915,0.6994150000000001,Houston Texans,5.3983300000000005,Different,Same,Different,Same,Different,Same,False,Away Team,Home Team,,,,,,,,-110,-110,-567,406,0.20824999999999996,-0.20824999999999996,-11.00491,11.00491,,,0.5238,0.5238,0.1976,0.8501,,,0.5,0.5,0.1886,0.8114,0.1764,0.8236,-0.3236,0.3236,,,199,20,2027-01-10,TEN @ HOU,0.0,70.0,0.0,Dome,True,C.Ward,C.Stroud,-10.8,-11.0,12.01,144.3,Low,-19.0,-3.0,45.11,45.0,12.441230100005395,29.0,61.0,0.8236,0.1764,0.0758,0.0678,0.0,0.0,0.0,0.0,0.7117,0.2883,-247,+247,,,,,,,,No Bet,,No Bet,,No Bet,,No Bet,,No Bet,,No Bet,,No Bet,,No Bet,,No Bet,,,,,,,,,,,,,,,,,,,,,,,,,,,,,20,0.0,0.0,Tennessee Titans,Houston Texans,0,0,0,0,0,0,0,0,0,0,0,0,1,0.0,0.0,,
2026_18_JAX_IND,2026,20,2027-01-10,13:00,Jacksonville Jaguars,Indianapolis Colts,Home,,,,,7,7,0,0,-3,-6,Lucas Oil Stadium,39.7601,-86.1638,America/Indiana/Indianapolis,False,False,18,18,Sunday,True,False,1,True,False,1,-3,-6,AFC South,TIAA Bank Field,30.3239,-81.6554,America/New_York,AFC South,Lucas Oil Stadium,39.7601,-86.1638,America/Indiana/Indianapolis,Washington Commanders,Cleveland Browns,TIAA Bank Field,FirstEnergy Stadium,Playoffs?,Playoffs?,Playoffs?,Playoffs?,699,0,-699,699,0.0,0.0,America/New_York,America/New_York,0.0,0.0,0.0,0.0,0.0,0,-1.825,-2.265,-1.825,-2.265,Jacksonville Jaguars,0.44000000000000017,Jacksonville Jaguars,0.44000000000000017,-1.825,-2.265,Jacksonville Jaguars,0.44000000000000017,0.0,0,No,No,No,No,No,1,No,0.0,0.0,6.394,-0.012,-3.7842450000000003,-3.1222550000000004,-3.7842450000000003,-3.1222550000000004,-1.9548450000000002,-0.8616550000000001,4.375095,-0.8095950000000001,Indianapolis Colts,0.6619899999999999,Indianapolis Colts,0.6619899999999999,-3.7842450000000003,-3.1222550000000004,Indianapolis Colts,0.6619899999999999,Tie,0.0,Jacksonville Jaguars,6.406,3.197,-0.006,Jacksonville Jaguars,3.203,Indianapolis Colts,1.09319,Jacksonville Jaguars,5.18469,1.210125,-0.8356250000000001,Jacksonville Jaguars,2.04575,Different,Different,Same,Different,Different,Same,False,Home Team,Away Team,,,,,,,,-122,101,188,-234,-1.09319,1.09319,5.18469,-5.18469,,,0.4975,0.5495,0.7006,0.3472,,,0.4752,0.5248,0.6686,0.3314,0.6648,0.3346,0.1648,-0.1654,,,200,20,2027-01-10,JAX @ IND,0.0,70.0,0.0,Dome,True,T.Lawrence,D.Jones,5.99,7.0,13.44,180.74,Med-High,-4.0,15.0,53.86,53.0,13.385053787451831,37.0,71.0,0.3346,0.6648,0.0788,0.087,0.0,0.0,0.0,0.0,0.3969,0.6029,+152,-152,,,,,,,,No Bet,,No Bet,,No Bet,,No Bet,,No Bet,,No Bet,,No Bet,,No Bet,,No Bet,,,,,,,,,,,,,,,,,,,,,,,,,,,,,20,0.0,0.0,Indianapolis Colts,Jacksonville Jaguars,0,0,0,0,0,0,0,0,0,0,0,0,1,0.0,0.0,,
2026_18_LV_KC,2026,20,2027-01-10,13:00,Las Vegas Raiders,Kansas City Chiefs,Home,,,,,7,7,0,0,-13,-2,GEHA Field at Arrowhead Stadium,39.0489,-94.4839,America/Chicago,False,True,18,18,Sunday,True,False,1,True,False,1,-13,-2,AFC West,Allegiant Stadium,36.108,-115.1578,America/Los_Angeles,AFC West,GEHA Field at Arrowhead Stadium,39.0489,-94.4839,America/Chicago,Arizona Cardinals,Los Angeles Chargers,State Farm Stadium,SoFi Stadium,Playoffs?,Playoffs?,Playoffs?,Playoffs?,1147,0,-1147,1147,-2.0,0.0,America/Denver,America/Los_Angeles,-1.0,-2.0,-2.0,0.0,-2.0,0,-2.35,4.395,-2.35,4.395,Kansas City Chiefs,6.744999999999999,Kansas City Chiefs,6.744999999999999,-2.35,4.395,Kansas City Chiefs,6.744999999999999,-0.3,0,No,No,No,No,No,1,No,0.0,0.0,-3.377,3.194,-3.8462749999999994,4.995775,-3.8462749999999994,4.995775,-1.563725,0.6682250000000001,-4.875014999999999,3.796515,Kansas City Chiefs,8.84205,Kansas City Chiefs,8.84205,-3.8462749999999994,4.995775,Kansas City Chiefs,8.84205,Tie,0.0,Kansas City Chiefs,6.571,-1.6885,1.597,Kansas City Chiefs,3.2855,Kansas City Chiefs,2.2319500000000003,Kansas City Chiefs,8.671529999999999,-3.2193699999999996,2.23237,Kansas City Chiefs,5.451739999999999,Different,Same,Same,Same,Different,Same,False,Home Team,Home Team,,,,,,,,-131,108,-397,302,-2.2319500000000003,2.2319500000000003,-8.671529999999999,8.671529999999999,,,0.4808,0.5671,0.2488,0.7988,,,0.4588,0.5412,0.2375,0.7625,0.3734,0.6252,-0.1266,0.1252,,,201,20,2027-01-10,LV @ KC,10.0,60.0,0.0,Historical Avg,False,K.Cousins,P.Mahomes,-4.63,-5.0,13.06,170.6,Medium,-13.0,5.0,48.42,48.0,12.961942267633733,32.0,65.0,0.6252,0.3734,0.0992,0.0824,0.0,0.0,0.0,0.0,0.643,0.3566,-180,+180,,,,,,,,No Bet,,No Bet,,No Bet,,No Bet,,No Bet,,No Bet,,No Bet,,No Bet,,No Bet,,,,,,,,,,,,,,,,,,,,,,,,,,,,,20,0.0,0.0,Kansas City Chiefs,Las Vegas Raiders,0,0,0,0,0,0,0,0,0,0,0,0,1,0.0,0.0,,
2026_18_SEA_LA,2026,20,2027-01-10,13:00,Seattle Seahawks,Los Angeles Rams,Home,,,,,7,7,0,0,9,-6,SoFi Stadium,33.9535,-118.3395,America/Los_Angeles,False,True,18,18,Sunday,True,False,1,True,False,1,9,-6,NFC West,Lumen Field,47.5952,-122.3316,America/Los_Angeles,NFC West,SoFi Stadium,33.9535,-118.3395,America/Los_Angeles,Carolina Panthers,Tampa Bay Buccaneers,Bank of America Stadium,Raymond James Stadium,Playoffs?,Playoffs?,Playoffs?,Playoffs?,964,0,-964,964,0.0,0.0,America/New_York,America/New_York,3.0,3.0,0.0,0.0,0.0,0,-0.13,1.29,-0.13,1.29,Los Angeles Rams,1.42,Los Angeles Rams,1.42,-0.13,1.29,Los Angeles Rams,1.42,0.0,0,No,No,No,No,No,1,No,0.0,0.0,10.351,6.079,0.384565,0.7829349999999999,0.384565,0.7829349999999999,0.500365,-0.4928650000000001,10.808645,5.628855,Los Angeles Rams,0.39836999999999995,Los Angeles Rams,0.39836999999999995,0.384565,0.7829349999999999,Los Angeles Rams,0.39836999999999995,Tie,0.0,Seattle Seahawks,4.272000000000001,5.1755,3.0395,Seattle Seahawks,2.1360000000000006,Seattle Seahawks,0.9932300000000001,Seattle Seahawks,5.179790000000001,5.654505,2.567995,Seattle Seahawks,3.0865100000000005,Different,Different,Different,Different,Different,Same,False,Away Team,Away Team,,,,,,,,101,-122,188,-234,0.9932300000000001,-0.9932300000000001,5.179790000000001,-5.179790000000001,,,0.5495,0.4975,0.7006,0.3472,,,0.5248,0.4752,0.6686,0.3314,0.6796,0.3198,0.1796,-0.1802,,,202,20,2027-01-10,SEA @ LA,0.0,70.0,0.0,Dome,True,S.Darnold,M.Stafford,6.29,7.0,13.55,183.66,Med-High,-3.0,15.0,51.38,51.0,14.117938666761507,33.0,70.0,0.3198,0.6796,0.0876,0.0798,0.0,0.0,0.0,0.0,0.3755,0.6243,+166,-166,,,,,,,,No Bet,,No Bet,,No Bet,,No Bet,,No Bet,,No Bet,,No Bet,,No Bet,,No Bet,,,,,,,,,,,,,,,,,,,,,,,,,,,,,20,0.0,0.0,Seattle Seahawks,Los Angeles Rams,0,0,0,0,0,0,0,0,0,0,0,0,1,0.0,0.0,,
2026_18_CHI_MIN,2026,20,2027-01-10,13:00,Chicago Bears,Minnesota Vikings,Home,,,,,7,7,0,0,15,4,U.S. Bank Stadium,44.9738,-93.2575,America/Chicago,False,False,18,18,Sunday,True,False,1,True,False,1,15,4,NFC North,Soldier Field,41.8623,-87.6167,America/Chicago,NFC North,U.S. Bank Stadium,44.9738,-93.2575,America/Chicago,Detroit Lions,New York Jets,Soldier Field,MetLife Stadium,Playoffs?,Playoffs?,Playoffs?,Playoffs?,355,0,-355,355,0.0,0.0,America/Chicago,America/New_York,0.0,1.0,0.0,0.0,0.0,0,-1.575,0.27,-1.575,0.27,Minnesota Vikings,1.845,Minnesota Vikings,1.845,-1.575,0.27,Minnesota Vikings,1.845,0.0,0,No,No,No,No,No,1,No,0.0,0.0,3.925,2.427,-1.2698349999999998,1.049335,-1.2698349999999998,1.049335,0.286715,0.797785,4.196735,3.2397650000000002,Minnesota Vikings,2.3191699999999997,Minnesota Vikings,2.3191699999999997,-1.2698349999999998,1.049335,Minnesota Vikings,2.3191699999999997,Tie,0.0,Chicago Bears,1.4979999999999998,1.9625,1.2135,Chicago Bears,0.7489999999999999,Minnesota Vikings,0.5110699999999999,Chicago Bears,0.9569700000000001,2.241725,2.018775,Chicago Bears,0.22294999999999998,Different,Different,Same,Different,Different,Same,False,Home Team,Away Team,,,,,,,,-116,-104,101,-122,-0.5110699999999999,0.5110699999999999,0.9569700000000001,-0.9569700000000001,,,0.5098,0.537,0.5495,0.4975,,,0.487,0.513,0.5248,0.4752,0.4678,0.5308,-0.0322,0.0308,,,203,20,2027-01-10,CHI @ MIN,0.0,70.0,0.0,Dome,True,C.Williams,K.Murray,-1.03,-2.0,13.13,172.36,Medium,-10.0,8.25,45.0,45.0,12.69462160615844,29.0,62.0,0.5308,0.4678,0.0936,0.0894,0.0,0.0,0.0,0.0,0.5063,0.4932,-103,+103,,,,,,,,No Bet,,No Bet,,No Bet,,No Bet,,No Bet,,No Bet,,No Bet,,No Bet,,No Bet,,,,,,,,,,,,,,,,,,,,,,,,,,,,,20,0.0,0.0,Minnesota Vikings,Chicago Bears,0,0,0,0,0,0,0,0,0,0,0,0,1,0.0,0.0,,
2026_18_MIA_NE,2026,20,2027-01-10,13:00,Miami Dolphins,New England Patriots,Home,,,,,7,7,0,0,-6,8,Gillette Stadium,42.0628,-71.2687,America/New_York,False,False,18,18,Sunday,True,False,1,True,False,1,-6,8,AFC East,Hard Rock Stadium,25.9602,-80.2384,America/New_York,AFC East,Gillette Stadium,42.0628,-71.2687,America/New_York,Buffalo Bills,Denver Broncos,Hard Rock Stadium,Gillette Stadium,Playoffs?,Playoffs?,Playoffs?,Playoffs?,1223,0,-1223,1223,0.0,0.0,America/New_York,America/New_York,0.0,0.0,0.0,0.0,0.0,0,0.66,-1.995,0.66,-1.995,Miami Dolphins,2.6550000000000002,Miami Dolphins,2.6550000000000002,0.66,-1.995,Miami Dolphins,2.6550000000000002,0.0,0,No,No,No,No,No,1,No,0.0,0.0,-7.793,3.904,-0.09223500000000003,-0.7032650000000003,-0.09223500000000003,-0.7032650000000003,-0.725685,1.2651849999999998,-8.401715,5.052215,Miami Dolphins,0.6110300000000002,Miami Dolphins,0.6110300000000002,-0.09223500000000003,-0.7032650000000003,Miami Dolphins,0.6110300000000002,Tie,0.0,New England Patriots,11.697,-3.8965,1.952,New England Patriots,5.8485,New England Patriots,1.9908699999999997,New England Patriots,13.45393,-4.5637,3.1587,New England Patriots,7.7224,Different,Different,Different,Different,Different,Same,False,Home Team,Home Team,,,,,,,,-131,108,-819,539,-1.9908699999999997,1.9908699999999997,-13.45393,13.45393,,,0.4808,0.5671,0.1565,0.8912,,,0.4588,0.5412,0.1494,0.8506,0.2092,0.7894,-0.2908,0.2894,,,204,20,2027-01-10,MIA @ NE,15.0,30.0,0.0,Historical Avg,False,M.Willis,D.Maye,-11.0,-11.0,13.65,186.42,Med-High,-20.0,-3.0,44.68,44.0,12.942335738608937,29.0,61.0,0.7894,0.2092,0.0724,0.0728,0.0,0.0,0.0,0.0,0.7271,0.2725,-266,+267,,,,,,,,No Bet,,No Bet,,No Bet,,No Bet,,No Bet,,No Bet,,No Bet,,No Bet,,No Bet,,,,,,,,,,,,,,,,,,,,,,,,,,,,,20,0.0,0.0,New England Patriots,Miami Dolphins,0,0,0,0,0,0,0,0,0,0,0,0,1,0.0,0.0,,
2026_18_TB_NO,2026,20,2027-01-10,13:00,Tampa Bay Buccaneers,New Orleans Saints,Home,,,,,7,7,0,0,-2,-7,Caesars Superdome,29.9507,-90.0813,America/Chicago,False,False,18,18,Sunday,True,False,1,True,False,1,-2,-7,NFC South,Raymond James Stadium,27.9759,-82.5033,America/New_York,NFC South,Caesars Superdome,29.9507,-90.0813,America/Chicago,Los Angeles Rams,Atlanta Falcons,Raymond James Stadium,Mercedes-Benz Stadium,Playoffs?,Playoffs?,Playoffs?,Playoffs?,478,0,-478,478,1.0,0.0,America/New_York,America/New_York,1.0,1.0,1.0,0.0,1.0,0,1.025,-6.145,1.025,-6.145,Tampa Bay Buccaneers,7.17,Tampa Bay Buccaneers,7.17,1.025,-6.145,Tampa Bay Buccaneers,7.17,0.0,0,No,No,No,No,No,1,No,0.0,0.0,-3.128,-5.014,0.744,-7.389999999999999,0.744,-7.389999999999999,-0.2093,-1.3167,-3.35616,-6.311839999999999,Tampa Bay Buccaneers,8.133999999999999,Tampa Bay Buccaneers,8.133999999999999,0.744,-7.389999999999999,Tampa Bay Buccaneers,8.133999999999999,Tie,0.0,Tampa Bay Buccaneers,1.8860000000000001,-1.564,-2.507,Tampa Bay Buccaneers,0.9430000000000001,Tampa Bay Buccaneers,1.1074,Tampa Bay Buccaneers,2.955679999999999,-1.78273,-3.8142699999999996,Tampa Bay Buccaneers,2.0315399999999997,Different,Same,Same,Same,Different,Same,False,Away Team,Away Team,,,,,,,,101,-122,135,-164,1.1074,-1.1074,2.955679999999999,-2.955679999999999,,,0.5495,0.4975,0.6212,0.4255,,,0.5248,0.4752,0.5935,0.4065,0.4912,0.508,-0.0088,0.008,,,205,20,2027-01-10,TB @ NO,0.0,70.0,0.0,Dome,True,B.Mayfield,T.Shough,0.02,-1.0,13.76,189.43,Med-High,-10.0,10.0,48.73,48.0,13.195599956487099,32.0,66.0,0.508,0.4912,0.0876,0.0874,0.0,0.0,0.0,0.0,0.4632,0.5365,+116,-116,,,,,,,,No Bet,,No Bet,,No Bet,,No Bet,,No Bet,,No Bet,,No Bet,,No Bet,,No Bet,,,,,,,,,,,,,,,,,,,,,,,,,,,,,20,0.0,0.0,Tampa Bay Buccaneers,New Orleans Saints,0,0,0,0,0,0,0,0,0,0,0,0,1,0.0,0.0,,
2026_18_PHI_NYG,2026,20,2027-01-10,13:00,Philadelphia Eagles,New York Giants,Home,,,,,7,7,0,0,-15,3,MetLife Stadium,40.8136,-74.0744,America/New_York,False,True,18,18,Sunday,True,False,1,True,False,1,-15,3,NFC East,Lincoln Financial Field,39.9008,-75.1675,America/New_York,NFC East,MetLife Stadium,40.8136,-74.0744,America/New_York,San Francisco 49ers,Dallas Cowboys,Levi's Stadium,AT&T Stadium,Playoffs?,Playoffs?,Playoffs?,Playoffs?,85,0,-85,85,0.0,0.0,America/Los_Angeles,America/Chicago,-3.0,-1.0,0.0,0.0,0.0,0,4.905,-2.84,4.905,-2.84,Philadelphia Eagles,7.745,Philadelphia Eagles,7.745,4.905,-2.84,Philadelphia Eagles,7.745,0.0,0,No,No,No,No,No,1,No,0.0,0.0,0.123,-4.129,3.12374,-1.55674,3.12374,-1.55674,-1.70381,1.20581,-1.62333,-2.8806699999999994,Philadelphia Eagles,4.68048,Philadelphia Eagles,4.68048,3.12374,-1.55674,Philadelphia Eagles,4.68048,Tie,0.0,Philadelphia Eagles,4.252,0.0615,-2.0645,Philadelphia Eagles,2.126,New York Giants,2.9096200000000003,Philadelphia Eagles,1.2573399999999995,-1.66357,-0.8374299999999997,New York Giants,0.8261400000000003,Different,Same,Different,Same,Different,Same,False,Home Team,Away Team,,,,,,,,-164,135,105,-128,-2.9096200000000003,2.9096200000000003,1.2573399999999995,-1.2573399999999995,,,0.4255,0.6212,0.5614,0.4878,,,0.4065,0.5935,0.5351,0.4649,0.7514,0.248,0.2514,-0.252,,,206,20,2027-01-10,PHI @ NYG,15.0,34.0,0.0,Historical Avg,False,J.Hurts,J.Winston,9.02,10.0,13.12,172.23,Medium,1.0,18.0,41.3,41.0,12.761041016843677,25.0,58.0,0.248,0.7514,0.0806,0.0808,0.0,0.0,0.0,0.0,0.4355,0.5643,+130,-130,,,,,,,,No Bet,,No Bet,,No Bet,,No Bet,,No Bet,,No Bet,,No Bet,,No Bet,,No Bet,,,,,,,,,,,,,,,,,,,,,,,,,,,,,20,0.0,0.0,New York Giants,Philadelphia Eagles,0,0,0,0,0,0,0,0,0,0,0,0,1,0.0,0.0,,
2026_18_DAL_WAS,2026,20,2027-01-10,13:00,Dallas Cowboys,Washington Commanders,Home,,,,,7,7,0,0,12,9,FedExField,38.9077,-76.8645,America/New_York,False,False,18,18,Sunday,True,False,1,True,False,1,12,9,NFC East,AT&T Stadium,32.7369,-97.0826,America/Chicago,NFC East,FedExField,38.9077,-76.8645,America/New_York,New York Giants,Jacksonville Jaguars,AT&T Stadium,TIAA Bank Field,Playoffs?,Playoffs?,Playoffs?,Playoffs?,1206,0,-1206,1206,-1.0,0.0,America/Chicago,America/New_York,-1.0,0.0,-1.0,0.0,-1.0,0,-0.615,1.45,-0.615,1.45,Washington Commanders,2.065,Washington Commanders,2.065,-0.615,1.45,Washington Commanders,2.065,0.0,0,No,No,No,No,No,1,No,0.0,0.0,-2.247,-3.609,-1.1302949999999998,2.1727950000000003,-1.1302949999999998,2.1727950000000003,-0.5359449999999999,0.7434449999999999,-2.796565,-2.851935,Washington Commanders,3.30309,Washington Commanders,3.30309,-1.1302949999999998,2.1727950000000003,Washington Commanders,3.30309,Tie,0.0,Dallas Cowboys,1.362,-1.1235,-1.8045,Dallas Cowboys,0.681,Washington Commanders,1.2793899999999998,Dallas Cowboys,0.05536999999999992,-1.666255,-1.054245,Washington Commanders,0.6120099999999999,Different,Different,Same,Different,Different,Same,False,Home Team,Away Team,,,,,,,,-128,105,-110,-110,-1.2793899999999998,1.2793899999999998,0.05536999999999992,-0.05536999999999992,,,0.4878,0.5614,0.5238,0.5238,,,0.4649,0.5351,0.5,0.5,0.471,0.5274,-0.029,0.0274,,,207,20,2027-01-10,DAL @ WAS,12.0,38.0,0.0,Historical Avg,False,D.Prescott,J.Daniels,-1.34,-2.0,13.18,173.67,Medium,-10.0,7.0,61.51,61.0,14.283413136157744,43.0,80.0,0.5274,0.471,0.1034,0.0886,0.0,0.0,0.0,0.0,0.5208,0.4786,-109,+109,,,,,,,,No Bet,,No Bet,,No Bet,,No Bet,,No Bet,,No Bet,,No Bet,,No Bet,,No Bet,,,,,,,,,,,,,,,,,,,,,,,,,,,,,20,0.0,0.0,Washington Commanders,Dallas Cowboys,0,0,0,0,0,0,0,0,0,0,0,0,1,0.0,0.0,,
