Game ID,Season,Week_x,Date_x,Time,Away Team,Home Team,Location,Away QB,Home QB,Away QB ID,Home QB ID,Away Team Weekly Rest,Home Team Weekly Rest,Weekly Away Rest Advantage,Weekly Home Rest Advantage,Away Cumulative Rest Advantage,Home Cumulative Rest Advantage,Actual Stadium,Actual Stadium Latitude,Actual Stadium Longitude,Actual Stadium TimeZone,International Game,Back to Back Away Games,Circa Week,NFL Week,Day of Week,Big Splash Active,Big Splash Multi-Pick Week,Big Splash Picks Required,Survivor World Championship Active,Survivor World Championship Multi-Pick Week,Survivor World Championship Picks Required,Away Team Current Week Cumulative Rest Advantage,Home Team Current Week Cumulative Rest Advantage,Away Team Division,Away Stadium,Away Stadium Latitude,Away Stadium Longitude,Away Stadium TimeZone,Home Team Division,Home Stadium,Home Stadium Latitude,Home Stadium Longitude,Home Stadium TimeZone,Away Team Previous Opponent,Home Team Previous Opponent,Away Team Previous Location,Home Team Previous Location,Away Team Next Opponent,Home Team Next Opponent,Away Team Next Location,Home Team Next Location,Away Travel Distance,Home Travel Distance,Away Travel Advantage,Home Travel Advantage,Away Timezone Change,Home Timezone Change,Away Previous Game Actual Stadium TimeZone,Home Previous Game Actual Stadium TimeZone,Away Weekly Timezone Difference,Home Weekly Timezone Difference,Adjusted Away Timezone Change,Adjusted Home Timezone Change,Away Timezone Advantage,Home Timezone Advantage,Away Team Massey-Peabody Preseason Rank,Home Team Massey-Peabody Preseason Rank,Away Team Generic Sports Fan Preseason Rank,Home Team Generic Sports Fan Preseason Rank,Massey-Peabody Preseason Winner,Massey-Peabody Preseason Difference,Generic Sports Fan Preseason Winner,Generic Sports Fan Preseason Difference,Away Team MP + GSF Average Preseason Rank,Home Team MP + GSF Average Preseason Rank,MP + GSF Average Preseason Winner,MP + GSF Average Preseason Difference,Away NonLinear TZ,Home NonLinear TZ,Home Team 3 games in 10 days,Away Team 3 games in 10 days,Home Team 4 games in 17 days,Away Team 4 games in 17 days,Away Team Short Rest,Divisional Matchup?,Home Team Short Rest,Away Team Massey-Peabody Current Rank,Home Team Massey-Peabody Current Rank,Away Team Generic Sports Fan Current Rank,Home Team Generic Sports Fan Current Rank,Away Team Adjusted Massey-Peabody Preseason Rank,Home Team Adjusted Massey-Peabody Preseason Rank,Away Team Adjusted Generic Sports Fan Preseason Rank,Home Team Adjusted Generic Sports Fan Preseason Rank,Away Team Adjusted Massey-Peabody Current Rank,Home Team Adjusted Massey-Peabody Current Rank,Away Team Adjusted Generic Sports Fan Current Rank,Home Team Adjusted Generic Sports Fan Current Rank,Adjusted Massey-Peabody Preseason Winner,Adjusted Massey-Peabody Preseason Difference,Adjusted Generic Sports Fan Preseason Winner,Adjusted Generic Sports Fan Preseason Difference,Away Team Adjusted MP + GSF Average Preseason Rank,Home Team Adjusted MP + GSF Average Preseason Rank,Adjusted MP + GSF Average Preseason Winner,Adjusted MP + GSF Average Preseason Difference,Massey-Peabody Current Winner,Massey-Peabody Current Difference,Generic Sports Fan Current Winner,Generic Sports Fan Current Difference,Away Team MP + GSF Average Current Rank,Home Team MP + GSF Average Current Rank,MP + GSF Average Current Winner,MP + GSF Average Current Difference,Adjusted Massey-Peabody Current Winner,Adjusted Massey-Peabody Current Difference,Adjusted Generic Sports Fan Current Winner,Adjusted Generic Sports Fan Current Difference,Away Team Adjusted MP + GSF Average Current Rank,Home Team Adjusted MP + GSF Average Current Rank,Adjusted MP + GSF Average Current Winner,Adjusted MP + GSF Average Current Difference,Massey-Peabody Bayesian Same Winner Across All Metrics,Generic Sports Fan Bayesian Same Adjusted Winner Across All Metrics,Massey-Peabody Bayesian Same Current and Preseason Adjusted Winner,Generic Sports Fan Bayesian Current and Preseason Adjusted Winner,Massey-Peabody Bayesian Same Current and Adjusted Current Winner,Generic Sports Fan Bayesian Same Current and Adjusted Current Winner,Thursday Night Game,Masey-Peabody Home Team Winner?,Generic Sports Fan Home Team Winner?,Total Line,Home Team Sportsbook Moneyline,Away Team Sportsbook Moneyline,Sportsbook Favorite,Sportsbook Underdog,Home Team Sportsbook Spread,Away Team Sportsbook Spread,Massey-Peabody Home Team Moneyline,Massey-Peabody Away Team Moneyline,Generic Sports Fan Home Team Moneyline,Generic Sports Fan Away Team Moneyline,Massey-Peabody Home Team Spread,Massey-Peabody Away Team Spread,Generic Sports Fan Home Team Spread,Generic Sports Fan Away Team Spread,Away Team Sportsbook Implied Odds to Win,Home Team Sportsbook Implied Odds to Win,Away Team Massey-Peabody Implied Odds to Win,Home Team Massey-Peabody Implied Odds to Win,Away Team Generic Sports Fan Implied Odds to Win,Home Team Generic Sports Fan Implied Odds to Win,Away Team Sportsbook Fair Odds,Home Team Sportsbook Fair Odds,Away Team Massey-Peabody Fair Odds,Home Team Massey-Peabody Fair Odds,Away Team Generic Sports Fan Fair Odds,Home Team Generic Sports Fan Fair Odds,Away Team Fair Odds,Home Team Fair Odds,Away Team Expected Win Advantage,Home Team Expected Win Advantage,temp,wind,Matchup_ID,Wind,Temperature,Precipitation,Sim_Weather_Source,Dome,Away_Starting_QB,Home_Starting_QB,Sim_Spread_Mean,Sim_Spread_Median,Sim_Spread_Std,Sim_Spread_Variance,Sim_Spread_Variance_Label,Sim_Spread_25th,Sim_Spread_75th,Sim_Total_Mean,Sim_Total_Median,Sim_Total_Std,Sim_Total_10th_Floor,Sim_Total_90th_Ceiling,Sim_Home_Win_Pct,Sim_Away_Win_Pct,Sim_Prob_Land_3,Sim_Prob_Land_7,Sim_Home_Cover_Prob,Sim_Away_Cover_Prob,Sim_Prob_Over,Sim_Prob_Under,Week_y,Date_y,Matchup,Consensus Home Win Pct,Consensus Away Win Pct,Consensus Home Team Odds,Consensus Away Team Odds,Market Home Team Implied Odds,Market Away Team Implied Odds,Monte Carlo Home Team Spread,Monte Carlo Away Team Spread,Monte Carlo Total,Consensus Home Team Spread,Consensus Away Team Spread,GSF Spread Bet,GSF Spread Edge,Massey-Peabody Spread Bet,Massey-Peabody Spread Edge,Monte Carlo Spread Bet,Monte Carlo Spread Edge,Consensus Spread Bet,Consensus Spread Edge,GSF Moneyline Bet,GSF Moneyline Edge,Massey-Peabody Moneyline Bet,Massey-Peabody Moneyline Edge,Monte Carlo Moneyline Bet,Monte Carlo Moneyline Edge,Consensus Moneyline Bet,Consensus Moneyline Edge,Monte Carlo Total Bet,Monte Carlo Total Edge,MC ML Unit Wager,MC ML Unit to Win,MC ML Kelly Wager,MC ML Kelly To Win,MC Spread Unit Wager,MC Spread Unit to Win,MC Spread Kelly Wager,MC Spread Kelly To Win,MC Total Unit Wager,MC Total Unit to Win,MC Total Kelly Wager,MC Total Kelly To Win,MC Bet Direction,Home Team Offensive Pressure Allowed Rate,Away Team Offensive Pressure Allowed Rate,Home Team Defensive Pressure Generated Rate,Away Team Defensive Pressure Generated Rate,Home Team Zone Rate,Away Team Zone Rate,Home Team Man Rate,Away Team Man Rate,Home Team Offensive EPA vs Pressure,Away Team Offensive EPA vs Pressure,Home Team Offensive EPA vs Zone,Away Team Offensive EPA vs Zone,Home Team Offensive EPA vs Man,Away Team Offensive EPA vs Man,Week,Away Team Cumulative Win Percentage,Home Team Cumulative Win Percentage,Favorite,Underdog,Away Team Thanksgiving Favorite,Home Team Thanksgiving Favorite,Away Team Thanksgiving Underdog,Home Team Thanksgiving Underdog,Away Team Christmas Favorite,Home Team Christmas Favorite,Away Team Christmas Underdog,Home Team Christmas Underdog,Away Team Pre Thanksgiving,Home Team Pre Thanksgiving,Away Team Pre Christmas,Home Team Pre Christmas,Divisional Matchup Boolean,Away Team Star Rating,Home Team Star Rating,Away Team Public Pick %,Home Team Public Pick %,Total Remaining Entries at Start of Week,Home Team Expected Availability,Away Team Expected Availability,Home Pick %,Away Pick %,Expected Home Team Survivors,Expected Away Team Survivors,Expected Home Team Eliminations,Expected Away Team Eliminations,Home Predicted_Pick_Pct,Away Predicted_Pick_Pct,Home Expected Survival Rate,Home Expected Elimination Percent,Away Expected Survival Rate,Away Expected Elimination Percent,Expected Eliminated Entry Percent From Game,Expected Away Team Picks,Expected Home Team Picks,Avg Survivors,Avg Eliminations,Preseason Away Team Sportsbook Fair Odds,Preseason Home Team Sportsbook Fair Odds,Preseason Consensus Away Win Pct,Preseason Consensus Home Win Pct,Preseason Sim_Away_Win_Pct,Preseason Sim_Home_Win_Pct,Preseason Sportsbook Favorite,Preseason Sim Favorite,Preseason Consensus Favorite,Sim Favorite,Consensus Favorite,Sportsbook Bayesian Same Current and Preseason Adjusted Winner,Sim Bayesian Same Current and Preseason Adjusted Winner,Consensus Bayesian Same Current and Preseason Adjusted Winner,Away_Odds_Imputed,Home_Odds_Imputed,Topdown Home Pick %,Topdown Away Pick %,Predicted Circa Home Pick %,Predicted Circa Away Pick %,Top Down Circa Home Pick %,Top Down Circa Away Pick %,Archetype Circa Home Pick %,Archetype Circa Away Pick %,sportsbook_Home_EV,sportsbook_Away_EV,mp_Home_EV,mp_Away_EV,gsf_Home_EV,gsf_Away_EV,sim_Home_EV,sim_Away_EV,consensus_Home_EV,consensus_Away_EV
2023_16_LV_KC,2023,18,2023-12-25,13:00,Las Vegas Raiders,Kansas City Chiefs,Home,Aidan O'Connell,Patrick Mahomes,00-0038579,00-0033873,11,8,3,-3,-4,-10,GEHA Field at Arrowhead Stadium,39.0489,-94.4839,America/Chicago,False,False,Christmas,16,Monday,False,False,0,False,False,0,-4,-10,AFC West,Allegiant Stadium,36.108,-115.1578,America/Los_Angeles,AFC West,GEHA Field at Arrowhead Stadium,39.0489,-94.4839,America/Chicago,Los Angeles Chargers,New England Patriots,Allegiant Stadium,Gillette Stadium,Indianapolis Colts,Cincinnati Bengals,Lucas Oil Stadium,GEHA Field at Arrowhead Stadium,1147,0,-1147,1147,-2.0,0.0,America/Los_Angeles,America/New_York,-2.0,1.0,-2.0,0.0,-2.0,0,-2.35,4.395,-2.35,4.395,Kansas City Chiefs,6.744999999999999,Kansas City Chiefs,6.744999999999999,-2.35,4.395,Kansas City Chiefs,6.744999999999999,-0.3,0,No,No,No,No,No,1,No,0.0,0.0,-0.919,7.168,-3.4916,3.9466,-3.4916,3.9466,-1.20905,-0.38095,-2.04718,6.706180000000001,Kansas City Chiefs,7.4382,Kansas City Chiefs,7.4382,-3.4916,3.9466,Kansas City Chiefs,7.4382,Tie,0.0,Kansas City Chiefs,8.087,-0.4595,3.584,Kansas City Chiefs,4.0435,Kansas City Chiefs,0.8281,Kansas City Chiefs,8.75336,-1.628115,3.162615,Kansas City Chiefs,4.79073,Different,Same,Same,Same,Different,Same,False,Home Team,Home Team,40.5,-600.0,440.0,Kansas City Chiefs,Las Vegas Raiders,-11.0,11.0,-122,101,-416,314,-0.8281,0.8281,-8.75336,8.75336,0.1852,0.8571,0.4975,0.5495,0.2415,0.8062,0.1777,0.8223,0.4752,0.5248,0.2305,0.7695,0.1777,0.8223,-0.3223,0.3223,38.0,11.0,0,11.0,38.0,0.0,nfl_read_py Fallback,False,A.O'Connell,S.Buechele,-0.01,-1.0,13.59,184.62,Med-High,-10.0,10.0,37.67,37.0,12.065137416050163,23.0,54.0,0.501,0.4978,0.0858,0.0862,0.2096,0.7736,0.3838,0.6162,18,2023-12-25,Las Vegas Raiders @ Kansas City Chiefs,0.6544,0.3453,-189,190,0.8571428571428571,0.1851851851851851,-0.505,0.505,37.335,-3.362153333333333,3.362153333333333,Las Vegas Raiders,2.24664,Las Vegas Raiders,10.1719,Las Vegas Raiders,10.495,Las Vegas Raiders,7.637846666666666,Las Vegas Raiders,0.0453148148148148,Las Vegas Raiders,0.2900148148148148,Las Vegas Raiders,0.3126148148148148,Las Vegas Raiders,0.1601148148148148,Under,3.164999999999999,100.0,440.0,959.16,4220.3,110.0,100.0,1311.4,1192.18,110.0,100.0,485.05,440.95,Las Vegas Raiders,0.2676,0.2638,0.2961,0.2558,0.6119,0.5989,0.3854,0.3993,-0.2269,-0.62,0.2081,0.0302,-0.012,-0.2326,18,-0.0035999999999999,0.0608,Kansas City Chiefs,Las Vegas Raiders,0,0,0,0,0,0,0,0,0,0,0,0,1,2.0,2.5,0.001,0.035,4.0,0.0,1.0,0.00204,0.006061,0.0,0.0061008217971278,0.0,0.0282313211242446,0.0,0.0085830357303431,0.0,0.0,0.0015252054492819,0.0070578302810611,0.0070578302810611,0.0343321429213725,0.0,4.0,0.0,0.1777,0.8223,0.3184,0.6814,0.3856,0.6136,Kansas City Chiefs,Kansas City Chiefs,Kansas City Chiefs,Kansas City Chiefs,Kansas City Chiefs,Same,Same,Same,False,False,0.0,0.0085830357303431,0.00204,0.006061,0.0,0.0085830357303431,0.0,0.0266031583193657,12.257366221268835,1.920910023716032,24.947786891857724,16.075583511644915,14.131130334856286,3.0539210668015104,22.993381992042565,16.302459337556595,20.730256217617374,7.824856245121655
2023_16_NYG_PHI,2023,18,2023-12-25,16:30,New York Giants,Philadelphia Eagles,Home,Tommy DeVito,Jalen Hurts,00-0038476,00-0036389,8,7,1,-1,-4,-6,Lincoln Financial Field,39.9008,-75.1675,America/New_York,False,True,Christmas,16,Monday,False,False,0,False,False,0,-4,-6,NFC East,MetLife Stadium,40.8136,-74.0744,America/New_York,NFC East,Lincoln Financial Field,39.9008,-75.1675,America/New_York,New Orleans Saints,Seattle Seahawks,Caesars Superdome,Lumen Field,Los Angeles Rams,Arizona Cardinals,MetLife Stadium,Lincoln Financial Field,85,0,-85,85,0.0,0.0,America/Chicago,America/Los_Angeles,-1.0,-3.0,0.0,0.0,0.0,0,-2.84,4.905,-2.84,4.905,Philadelphia Eagles,7.745,Philadelphia Eagles,7.745,-2.84,4.905,Philadelphia Eagles,7.745,0.0,0,No,No,No,No,No,1,No,0.0,0.0,-5.901,4.099,-4.719925,5.087425,-4.719925,5.087425,-1.957375,0.2598749999999999,-7.758375,4.258875,Philadelphia Eagles,9.80735,Philadelphia Eagles,9.80735,-4.719925,5.087425,Philadelphia Eagles,9.80735,Tie,0.0,Philadelphia Eagles,10.0,-2.9505,2.0495,Philadelphia Eagles,5.0,Philadelphia Eagles,2.21725,Philadelphia Eagles,12.01725,-4.857875,2.259375,Philadelphia Eagles,7.11725,Different,Same,Same,Same,Different,Same,False,Home Team,Home Team,41.0,-900.0,600.0,Philadelphia Eagles,New York Giants,-14.0,14.0,-131,108,-660,458,-2.21725,2.21725,-12.01725,12.01725,0.1429,0.9,0.4808,0.5671,0.1792,0.8684,0.137,0.863,0.4588,0.5412,0.1711,0.8289,0.137,0.863,-0.363,0.363,51.0,5.0,1,5.0,51.0,0.0,nfl_read_py Fallback,False,J.Dart,T.McKee,-1.97,-3.0,14.33,205.39,High,-13.0,9.0,42.75,42.0,12.667339462484282,27.0,59.10000000000037,0.5574,0.4416,0.0756,0.0708,0.1956,0.7752,0.5246,0.4554,18,2023-12-25,New York Giants @ Philadelphia Eagles,0.6976,0.3021,-231,231,0.9,0.1428571428571428,-2.485,2.485,42.375,-5.573166666666666,5.573166666666666,New York Giants,1.98275,New York Giants,11.78275,New York Giants,11.515,New York Giants,8.426833333333335,New York Giants,0.0282428571428571,New York Giants,0.3159428571428571,New York Giants,0.2987428571428571,New York Giants,0.1592428571428571,Over,1.375,100.0,600.0,871.33,5228.0,110.0,100.0,1319.8,1199.82,110.0,100.0,4.15,3.77,New York Giants,0.2864,0.3856,0.2992,0.3055,0.6799,0.6193,0.3201,0.3807,-0.2806,-0.7488,0.095,-0.1169,0.0857,-0.2288,18,-0.19465,0.2589,Philadelphia Eagles,New York Giants,0,0,0,0,0,0,0,0,0,0,0,0,1,0.0,5.0,0.001,0.308,4.0,1.0,0.5,0.982135,0.005684,3.392197601121267,0.004790040621842,0.53850645579793,0.0301737595375888,0.9826760142297992,0.0087409500398577,0.8480494002803167,0.1346266139494825,0.0011975101554605,0.0075434398843972,0.1421700538338797,0.0349638001594308,3.930704056919197,4.0,0.0,0.137,0.863,0.2275,0.7724,0.1588,0.8408,Philadelphia Eagles,Philadelphia Eagles,Philadelphia Eagles,Philadelphia Eagles,Philadelphia Eagles,Same,Same,Same,False,False,0.9826760142297992,0.0087409500398577,0.982135,0.005684,0.9826760142297992,0.0087409500398577,0.9586724039588516,0.0147244377217826,0.8744313145653039,13.303844930419563,0.5477058143008466,40.47566458920179,0.8396994232220607,16.345351978435737,0.5640459339603101,38.731795395638855,0.7063581633406919,27.848754299398337
2023_16_BAL_SF,2023,18,2023-12-25,20:15,Baltimore Ravens,San Francisco 49ers,Home,Lamar Jackson,Brock Purdy,00-0034796,00-0037834,8,8,0,0,10,-19,Levi's Stadium,37.4031,-121.9702,America/Los_Angeles,False,True,Christmas,16,Monday,False,False,0,False,False,0,10,-19,AFC North,M&T Bank Stadium,39.2789,-76.6228,America/New_York,NFC West,Levi's Stadium,37.4031,-121.9702,America/Los_Angeles,Jacksonville Jaguars,Arizona Cardinals,TIAA Bank Field,State Farm Stadium,Miami Dolphins,Washington Commanders,M&T Bank Stadium,FedExField,2433,0,-2433,2433,3.0,0.0,America/New_York,America/Denver,3.0,1.0,3.0,0.0,3.0,0,6.69,3.325,6.69,3.325,Baltimore Ravens,3.365,Baltimore Ravens,3.365,6.69,3.325,Baltimore Ravens,3.365,-0.2249999999999999,0,No,No,No,No,No,0,No,0.0,0.0,9.03,9.845,7.779,1.682,7.779,1.682,1.089,-1.643,10.119,8.202000000000002,Baltimore Ravens,6.097,Baltimore Ravens,6.097,7.779,1.682,Baltimore Ravens,6.097,Tie,0.0,San Francisco 49ers,0.8150000000000013,4.515,4.9225,San Francisco 49ers,0.4075000000000006,Baltimore Ravens,2.732,Baltimore Ravens,1.916999999999998,5.604,3.279500000000001,Baltimore Ravens,2.324499999999999,Different,Different,Same,Same,Different,Different,False,Away Team,Away Team,47.5,-345.0,275.0,San Francisco 49ers,Baltimore Ravens,-6.5,6.5,117,-142,108,-131,2.732,-2.732,1.916999999999998,-1.916999999999998,0.2667,0.7753,0.5868,0.4608,0.5671,0.4808,0.2559,0.7441,0.5601,0.4399,0.5412,0.4588,0.2559,0.7441,-0.2441,0.2441,56.0,8.0,2,8.0,56.0,0.0,nfl_read_py Fallback,False,L.Jackson,B.Purdy,-4.33,-5.0,14.12,199.48,High,-14.0,6.0,56.85,57.0,14.441817429192618,39.0,76.0,0.6202,0.3796,0.0836,0.0848,0.4578,0.5422,0.7332,0.2668,18,2023-12-25,Baltimore Ravens @ San Francisco 49ers,0.5658,0.4342,-130,130,0.7752808988764045,0.2666666666666666,-4.665,4.665,56.925,-0.0053333333333339,0.0053333333333339,Baltimore Ravens,8.416999999999998,Baltimore Ravens,9.232,Baltimore Ravens,1.835,Baltimore Ravens,6.494666666666666,Baltimore Ravens,0.2745333333333333,Baltimore Ravens,0.2934333333333334,Baltimore Ravens,0.1129333333333333,Baltimore Ravens,0.1675333333333333,Over,9.424999999999995,100.0,275.0,385.0,1058.75,110.0,100.0,96.55,87.77,110.0,100.0,1099.3,999.36,Baltimore Ravens,0.3095,0.2865,0.3166,0.2734,0.6282,0.5375,0.3718,0.4625,-0.1795,-0.4936,0.2359,0.1349,0.5481,-0.0748,18,0.0167,0.2784,San Francisco 49ers,Baltimore Ravens,0,0,0,0,0,0,0,0,0,0,0,0,0,2.0,5.0,0.001,0.002,4.0,0.0,0.0,0.00204,0.00204,0.0,0.0,0.0,0.0,0.0,0.0,0.0,0.0,0.0,0.0,0.0,0.0,0.0,4.0,0.0,0.2559,0.7441,0.3684,0.6314,0.2982,0.701,San Francisco 49ers,San Francisco 49ers,San Francisco 49ers,San Francisco 49ers,San Francisco 49ers,Same,Same,Same,False,False,0.0,0.0,0.00204,0.00204,0.0,0.0,0.0,0.0,10.550055353893239,3.6282208910916283,18.04618064050081,22.977189763001828,7.8845015830805965,9.300549818577199,24.371280792617398,14.924560536981764,16.15648263141774,12.398629831321287
2023_17_NYJ_CLE,2023,19,2023-12-28,20:15,New York Jets,Cleveland Browns,Home,Trevor Siemian,Joe Flacco,00-0032156,00-0026158,4,4,0,0,9,7,FirstEnergy Stadium,41.5061,-81.6994,America/New_York,False,False,17,17,Thursday,False,False,0,False,False,0,9,7,AFC East,MetLife Stadium,40.8136,-74.0744,America/New_York,AFC North,FirstEnergy Stadium,41.5061,-81.6994,America/New_York,Washington Commanders,Houston Texans,MetLife Stadium,NRG Stadium,New England Patriots,Cincinnati Bengals,Gillette Stadium,Paycor Stadium,399,0,-399,399,0.0,0.0,America/New_York,America/Chicago,0.0,-1.0,0.0,0.0,0.0,0,-3.725,-4.705,-3.725,-4.705,New York Jets,0.98,New York Jets,0.98,-3.725,-4.705,New York Jets,0.98,0.0,0,No,No,No,No,No,0,No,0.0,0.0,-1.876,4.563,-4.185,-3.0390000000000006,-4.185,-3.0390000000000006,-0.46,1.666,-2.336,6.228999999999999,Cleveland Browns,1.145999999999999,Cleveland Browns,1.145999999999999,-4.185,-3.0390000000000006,Cleveland Browns,1.145999999999999,Tie,0.0,Cleveland Browns,6.439,-0.938,2.2815,Cleveland Browns,3.2195,Cleveland Browns,2.1260000000000003,Cleveland Browns,8.565,-1.398,3.9475,Cleveland Browns,5.3455,Different,Different,Same,Same,Different,Same,True,Home Team,Home Team,33.5,-345.0,270.0,Cleveland Browns,New York Jets,-6.5,6.5,-131,108,-397,302,-2.1260000000000003,2.1260000000000003,-8.565,8.565,0.2703,0.7753,0.4808,0.5671,0.2488,0.7988,0.2585,0.7415,0.4588,0.5412,0.2375,0.7625,0.2585,0.7415,-0.2415,0.2415,47.0,6.0,3,6.0,47.0,0.0,nfl_read_py Fallback,False,B.Cook,S.Sanders,5.24,6.0,14.41,207.62,High,-6.0,16.0,45.31,45.0,12.627372890242128,30.0,62.0,0.3646,0.635,0.0784,0.0728,0.2386,0.7614,0.8222,0.1778,19,2023-12-28,New York Jets @ Cleveland Browns,0.6024,0.3975,-152,152,,,,,,,,No Bet,,No Bet,,No Bet,,No Bet,,No Bet,,No Bet,,No Bet,,No Bet,,No Bet,,,,,,,,,,,,,,,0.2966,0.3467,0.3321,0.3286,0.6468,0.5304,0.3502,0.4667,-0.4839,-0.8776,-0.2242,-0.3205,-0.0044,-0.2341,19,-0.0635,-0.2508,Cleveland Browns,New York Jets,0,0,0,0,0,0,0,0,0,0,0,0,0,2.0,0.5,,,3.4030884635402368,0.2499999999999999,1.0,0.1306327589596649,0.0120443433491036,0.6308475239287713,0.0057833317189757,0.2199245919562877,0.016589324834122,0.2499999999999999,3.4483750258380245e-05,0.1853749999999999,0.0646249999999999,0.0016994361977177,0.004874785070049,0.0694997850700489,0.0223726565530978,0.850772115885059,2.0,2.0,0.2585,0.7415,0.4202,0.5798,0.6338,0.3658,Cleveland Browns,New York Jets,Cleveland Browns,New York Jets,Cleveland Browns,Same,Same,Same,False,False,0.2499999999999999,0.0065742212677667,0.1306327589596649,0.0120443433491036,0.2499999999999999,0.0065742212677667,0.065689414324794,0.0138242602257932,1.2618217122896274,0.5664048797144486,1.0185424957664868,1.151341400138914,1.4503914226819632,0.6046486780376975,0.6482879224161742,1.4709985329721602,1.094735652967682,0.9518393893580629
2023_17_DET_DAL,2023,19,2023-12-30,20:15,Detroit Lions,Dallas Cowboys,Home,Jared Goff,Dak Prescott,00-0033106,00-0033077,6,6,0,0,0,0,AT&T Stadium,32.7369,-97.0826,America/Chicago,False,True,17,17,Saturday,False,False,0,False,False,0,0,0,NFC North,Ford Field,42.3395,-83.045,America/Detroit,NFC East,AT&T Stadium,32.7369,-97.0826,America/Chicago,Minnesota Vikings,Miami Dolphins,U.S. Bank Stadium,Hard Rock Stadium,Minnesota Vikings,Washington Commanders,Ford Field,FedExField,1013,0,-1013,1013,1.0,0.0,America/Chicago,America/New_York,0.0,1.0,0.0,0.0,0.0,0,4.305,-0.615,4.305,-0.615,Detroit Lions,4.92,Detroit Lions,4.92,4.305,-0.615,Detroit Lions,4.92,0.0,0,No,No,No,No,No,0,No,0.0,0.0,1.956,6.114,4.172,2.4045,4.172,2.4045,-0.133,3.0195,1.823,9.1335,Detroit Lions,1.7675,Detroit Lions,1.7675,4.172,2.4045,Detroit Lions,1.7675,Tie,0.0,Dallas Cowboys,4.158,0.978,3.057,Dallas Cowboys,2.079,Dallas Cowboys,3.1525,Dallas Cowboys,7.310499999999999,0.845,6.076499999999999,Dallas Cowboys,5.2315,Different,Different,Different,Different,Different,Same,False,Home Team,Home Team,53.0,-238.0,195.0,Dallas Cowboys,Detroit Lions,-5.5,5.5,-164,135,-346,268,-3.1525,3.1525,-7.310499999999999,7.310499999999999,0.339,0.7041,0.4255,0.6212,0.2717,0.7758,0.325,0.675,0.4065,0.5935,0.2594,0.7406,0.325,0.675,-0.175,0.175,,,4,0.0,70.0,0.0,Dome,True,J.Goff,J.Milton III,9.36,10.0,13.98,195.42,High,1.0,18.0,58.45,57.0,14.291951259858216,41.0,77.0,0.2472,0.7524,0.0666,0.0716,0.1602,0.8398,0.6112,0.3494,19,2023-12-30,Detroit Lions @ Dallas Cowboys,0.5641,0.4358,-129,129,,,,,,,,No Bet,,No Bet,,No Bet,,No Bet,,No Bet,,No Bet,,No Bet,,No Bet,,No Bet,,,,,,,,,,,,,,,0.2634,0.2634,0.3354,0.3548,0.5655,0.5915,0.4345,0.4022,-0.3388,-0.5493,0.1114,0.1048,0.1738,0.1475,19,0.1447,0.3579,Dallas Cowboys,Detroit Lions,0,0,0,0,0,0,0,0,0,0,0,0,0,3.5,5.0,,,3.4030884635402368,0.0,0.2499999999999999,0.0015063861640812,0.0042650274037784,0.0,0.0018824827289023,0.0,0.0039097718215663,0.0,6.750892406695913e-05,0.0,0.0,0.0005531689079113,0.0011488892702774,0.0011488892702774,0.0057922545504687,0.0,2.0,2.0,0.325,0.675,0.4006,0.5992,0.5076,0.4918,Dallas Cowboys,Detroit Lions,Dallas Cowboys,Detroit Lions,Dallas Cowboys,Same,Same,Same,False,False,0.0,0.0017020581781888,0.0015063861640812,0.0042650274037784,0.0,0.0017020581781888,0.0,0.0036305328087261,1.2363115256003596,0.5919150664037154,1.2914575317636738,0.8784263641417256,1.5244975522164752,0.5305425485031897,0.52652918974925,1.5927572656390845,1.1577377050901405,0.8888373372355972
2023_17_MIA_BAL,2023,19,2023-12-31,13:00,Miami Dolphins,Baltimore Ravens,Home,Tua Tagovailoa,Lamar Jackson,00-0036212,00-0034796,7,6,1,-1,7,9,M&T Bank Stadium,39.2789,-76.6228,America/New_York,False,False,17,17,Sunday,False,False,0,False,False,0,7,9,AFC East,Hard Rock Stadium,25.9602,-80.2384,America/New_York,AFC North,M&T Bank Stadium,39.2789,-76.6228,America/New_York,Dallas Cowboys,San Francisco 49ers,Hard Rock Stadium,Levi's Stadium,Buffalo Bills,Pittsburgh Steelers,Hard Rock Stadium,M&T Bank Stadium,943,0,-943,943,0.0,0.0,America/New_York,America/Los_Angeles,0.0,-3.0,0.0,0.0,0.0,0,0.66,6.69,0.66,6.69,Baltimore Ravens,6.03,Baltimore Ravens,6.03,0.66,6.69,Baltimore Ravens,6.03,0.0,0,No,No,No,No,No,0,Yes,0.0,0.0,3.216,9.03,-0.4060000000000001,6.4510000000000005,-0.4060000000000001,6.4510000000000005,-1.066,-0.239,2.1500000000000004,8.790999999999999,Baltimore Ravens,6.857000000000001,Baltimore Ravens,6.857000000000001,-0.4060000000000001,6.4510000000000005,Baltimore Ravens,6.857000000000001,Tie,0.0,Baltimore Ravens,5.813999999999999,1.608,4.515,Baltimore Ravens,2.907,Baltimore Ravens,0.8270000000000001,Baltimore Ravens,6.640999999999998,0.5420000000000001,4.275999999999999,Baltimore Ravens,3.733999999999999,Different,Same,Same,Same,Different,Same,False,Home Team,Home Team,47.0,-180.0,150.0,Baltimore Ravens,Miami Dolphins,-3.0,3.0,-122,101,-282,224,-0.8270000000000001,0.8270000000000001,-6.640999999999998,6.640999999999998,0.4,0.6429,0.4975,0.5495,0.3086,0.7382,0.3836,0.6164,0.4752,0.5248,0.2948,0.7052,0.3836,0.6164,-0.1164,0.1164,50.0,7.0,5,7.0,50.0,0.0,nfl_read_py Fallback,False,Q.Ewers,L.Jackson,-10.64,-11.0,14.11,199.11,High,-20.0,-3.0,52.18,52.0,13.806373426408468,35.0,70.0,0.7764,0.2232,0.0642,0.0624,0.7178,0.2476,0.6122,0.355,19,2023-12-31,Miami Dolphins @ Baltimore Ravens,0.6557,0.3442,-190,191,,,,,,,,No Bet,,No Bet,,No Bet,,No Bet,,No Bet,,No Bet,,No Bet,,No Bet,,No Bet,,,,,,,,,,,,,,,0.2865,0.2545,0.2734,0.3475,0.5375,0.6737,0.4625,0.3249,-0.4936,-0.2258,0.1349,0.1145,-0.0748,0.2104,19,-0.083,-0.083,Baltimore Ravens,Miami Dolphins,0,0,0,0,0,0,0,0,0,0,0,0,0,2.0,2.0,,,3.4030884635402368,0.0,0.0,0.0015063861640812,0.0015063861640812,0.0,0.0,0.0,0.0,0.0,0.0,0.0,0.0,0.0,0.0,0.0,0.0,0.0,2.0,2.0,0.3836,0.6164,0.3872,0.6126,0.3588,0.6408,Baltimore Ravens,Baltimore Ravens,Baltimore Ravens,Baltimore Ravens,Baltimore Ravens,Same,Same,Same,False,False,0.0,0.0,0.0015063861640812,0.0015063861640812,0.0,0.0,0.0,0.0,1.12691887131131,0.7013077206927609,1.1387550685711547,1.0311288273342434,1.4492142790275029,0.6058258216921566,1.645414003963498,0.47387245142483014,1.3419392552529867,0.7046357870727548
2023_17_NE_BUF,2023,19,2023-12-31,13:00,New England Patriots,Buffalo Bills,Home,Bailey Zappe,Josh Allen,00-0038108,00-0034857,7,8,-1,1,9,0,Highmark Stadium,42.7725,-78.7877,America/New_York,False,True,17,17,Sunday,False,False,0,False,False,0,9,0,AFC East,Gillette Stadium,42.0628,-71.2687,America/New_York,AFC East,Highmark Stadium,42.7725,-78.7877,America/New_York,Denver Broncos,Los Angeles Chargers,Empower Field at Mile High,SoFi Stadium,New York Jets,Miami Dolphins,Gillette Stadium,Hard Rock Stadium,386,0,-386,386,0.0,0.0,America/Denver,America/Los_Angeles,-2.0,-3.0,0.0,0.0,0.0,0,-1.995,4.795,-1.995,4.795,Buffalo Bills,6.79,Buffalo Bills,6.79,-1.995,4.795,Buffalo Bills,6.79,0.0,0,No,No,No,No,No,1,No,0.0,0.0,-3.962,6.822,-0.8807300000000003,6.348730000000001,-0.8807300000000003,6.348730000000001,1.04637,1.62163,-2.80779,8.335790000000001,Buffalo Bills,7.229460000000001,Buffalo Bills,7.229460000000001,-0.8807300000000003,6.348730000000001,Buffalo Bills,7.229460000000001,Tie,0.0,Buffalo Bills,10.784,-1.981,3.411,Buffalo Bills,5.392,Buffalo Bills,0.5752599999999999,Buffalo Bills,11.14358,-0.8807099999999999,4.97871,Buffalo Bills,5.85942,Different,Same,Same,Same,Different,Same,False,Home Team,Home Team,40.0,-1200.0,750.0,Buffalo Bills,New England Patriots,-15.0,15.0,-116,-104,-567,406,-0.5752599999999999,0.5752599999999999,-11.14358,11.14358,0.1176,0.9231,0.5098,0.537,0.1976,0.8501,0.113,0.887,0.487,0.513,0.1886,0.8114,0.113,0.887,-0.387,0.387,35.0,4.0,6,4.0,35.0,0.0,nfl_read_py Fallback,False,D.Maye,M.Trubisky,0.17,1.0,14.52,210.78,High,-10.0,11.0,41.98,41.0,12.917976822437677,26.0,59.0,0.491,0.5076,0.0792,0.0738,0.1508,0.8394,0.5212,0.4394,19,2023-12-31,New England Patriots @ Buffalo Bills,0.6756,0.324,-208,209,,,,,,,,No Bet,,No Bet,,No Bet,,No Bet,,No Bet,,No Bet,,No Bet,,No Bet,,No Bet,,,,,,,,,,,,,,,0.2811,0.2549,0.296,0.2911,0.5776,0.4902,0.4224,0.5065,-0.14,-0.6719,0.1353,-0.2297,0.1487,-0.1153,19,0.0635,0.083,Buffalo Bills,New England Patriots,0,0,0,0,0,0,0,0,0,0,0,0,1,3.0,3.0,,,3.4030884635402368,0.0,1.0,0.0015063861640812,0.0118244859854382,0.0,0.0025380233520692,0.0,0.0199223602945615,0.0,6.043212136739393e-05,0.0,0.0,0.0007457999929361,0.0058541999445516,0.0058541999445516,0.0224603836466308,0.0,2.0,2.0,0.113,0.887,0.3025,0.6972,0.3106,0.6882,Buffalo Bills,Buffalo Bills,Buffalo Bills,New England Patriots,Buffalo Bills,Same,Different,Same,False,False,0.0,0.0065999999374877,0.0015063861640812,0.0118244859854382,0.0,0.0065999999374877,0.0,0.0134361146334276,1.6254329420669549,0.2027936499371149,1.12721870074951,1.0426651951558914,1.6749070390196716,0.3801330616999843,1.053786233020746,1.065500222367583,1.3934468792174564,0.6531281631082843
2023_17_ATL_CHI,2023,19,2023-12-31,13:00,Atlanta Falcons,Chicago Bears,Home,Taylor Heinicke,Justin Fields,00-0031800,00-0036945,7,7,0,0,-13,12,Soldier Field,41.8623,-87.6167,America/Chicago,False,False,17,17,Sunday,False,False,0,False,False,0,-13,12,NFC South,Mercedes-Benz Stadium,33.7489,-84.388,America/New_York,NFC North,Soldier Field,41.8623,-87.6167,America/Chicago,Indianapolis Colts,Arizona Cardinals,Mercedes-Benz Stadium,Soldier Field,New Orleans Saints,Green Bay Packers,Caesars Superdome,Lambeau Field,587,0,-587,587,1.0,0.0,America/New_York,America/Chicago,1.0,0.0,1.0,0.0,1.0,0,-0.71,-1.575,-0.71,-1.575,Atlanta Falcons,0.865,Atlanta Falcons,0.865,-0.71,-1.575,Atlanta Falcons,0.865,0.0,0,No,No,No,No,No,0,No,0.0,0.0,-4.405,-1.925,-3.04,0.5405000000000002,-3.04,0.5405000000000002,-2.33,2.1155,-6.735,0.1905000000000001,Chicago Bears,3.5805,Chicago Bears,3.5805,-3.04,0.5405000000000002,Chicago Bears,3.5805,Tie,0.0,Chicago Bears,2.4800000000000004,-2.2025,-0.9625,Chicago Bears,1.2400000000000002,Chicago Bears,4.4455,Chicago Bears,6.9255,-4.532500000000001,1.153,Chicago Bears,5.685500000000001,Different,Different,Same,Same,Different,Same,False,Home Team,Home Team,39.0,-155.0,130.0,Chicago Bears,Atlanta Falcons,-3.0,3.0,-224,181,-319,249,-4.4455,4.4455,-6.9255,6.9255,0.4348,0.6078,0.3559,0.6914,0.2865,0.7613,0.417,0.583,0.3398,0.6602,0.2734,0.7266,0.417,0.583,-0.083,0.083,32.0,5.0,7,5.0,32.0,0.0,nfl_read_py Fallback,False,K.Cousins,C.Williams,6.68,7.0,13.83,191.16,Med-High,-3.0,17.0,50.69,50.0,13.529867385244115,33.0,69.0,0.3146,0.6846,0.0864,0.0888,0.2442,0.7156,0.7908,0.19,19,2023-12-31,Atlanta Falcons @ Chicago Bears,0.5711,0.4287,-133,133,,,,,,,,No Bet,,No Bet,,No Bet,,No Bet,,No Bet,,No Bet,,No Bet,,No Bet,,No Bet,,,,,,,,,,,,,,,0.353,0.2613,0.2469,0.2795,0.6272,0.7351,0.3692,0.2613,-0.6586,-0.4785,-0.219,-0.0376,-0.0785,-0.0622,19,-0.1092,-0.0721,Chicago Bears,Atlanta Falcons,0,0,0,0,0,0,0,0,0,0,0,0,0,1.5,2.0,,,3.4030884635402368,0.5,1.0,0.0586122790810359,0.0314592596483021,0.0604998594308235,0.0179925957833719,0.0432734843613266,0.0251551159273521,0.0274031057140038,0.0061794364590536,0.0177779273383582,0.0127159445970761,0.005287137250806,0.0073918489621581,0.0201077935592342,0.0431477117107241,0.1037733437921501,2.0,2.0,0.417,0.583,0.4181,0.5818,0.4756,0.5238,Chicago Bears,Chicago Bears,Chicago Bears,Atlanta Falcons,Chicago Bears,Same,Different,Same,False,False,0.0304938719354343,0.0126789862129641,0.0586122790810359,0.0314592596483021,0.0304938719354343,0.0126789862129641,0.0780557310347037,0.0429705758625746,1.0409570474303793,0.7872695445736931,1.3985032356204565,0.7713806602849386,1.4664708775164328,0.5885692232032272,0.63763300742974,1.4816534479585897,1.136517988827235,0.9100570534985053
2023_17_TEN_HOU,2023,19,2023-12-31,13:00,Tennessee Titans,Houston Texans,Home,Will Levis,C.J. Stroud,00-0039152,00-0039163,7,7,0,0,12,-2,NRG Stadium,29.6847,-95.4093,America/Chicago,False,False,17,17,Sunday,False,False,0,False,False,0,12,-2,AFC South,Nissan Stadium,36.1664,-86.7716,America/Chicago,AFC South,NRG Stadium,29.6847,-95.4093,America/Chicago,Seattle Seahawks,Cleveland Browns,Nissan Stadium,NRG Stadium,Jacksonville Jaguars,Indianapolis Colts,Nissan Stadium,Lucas Oil Stadium,671,0,-671,671,0.0,0.0,America/Chicago,America/Chicago,0.0,0.0,0.0,0.0,0.0,0,-4.36,0.035,-4.36,0.035,Houston Texans,4.3950000000000005,Houston Texans,4.3950000000000005,-4.36,0.035,Houston Texans,4.3950000000000005,0.0,0,No,No,No,No,No,1,No,0.0,0.0,-4.504,-2.733,-4.629495,-1.101005,-4.629495,-1.101005,-0.3134449999999998,-1.092055,-4.799735,-3.842765,Houston Texans,3.52849,Houston Texans,3.52849,-4.629495,-1.101005,Houston Texans,3.52849,Tie,0.0,Houston Texans,1.7709999999999997,-2.252,-1.3665,Houston Texans,0.8854999999999997,Tennessee Titans,0.7786100000000001,Houston Texans,0.95697,-2.55659,-2.46741,Houston Texans,0.0891799999999998,Different,Same,Different,Same,Different,Same,False,Away Team,Home Team,44.0,-230.0,190.0,Houston Texans,Tennessee Titans,-5.0,5.0,101,-122,-122,101,0.7786100000000001,-0.7786100000000001,-0.95697,0.95697,0.3448,0.697,0.5495,0.4975,0.4975,0.5495,0.331,0.669,0.5248,0.4752,0.4752,0.5248,0.331,0.669,-0.169,0.169,,,8,0.0,70.0,0.0,Dome,True,C.Ward,C.Stroud,-10.0,-10.0,12.62,159.31,Low,-19.0,-3.0,46.68,46.0,13.154901091401063,30.0,64.0,0.7938,0.205,0.0688,0.0676,0.6632,0.3074,0.5442,0.4256,19,2023-12-31,Tennessee Titans @ Houston Texans,0.6157,0.384,-160,160,,,,,,,,No Bet,,No Bet,,No Bet,,No Bet,,No Bet,,No Bet,,No Bet,,No Bet,,No Bet,,,,,,,,,,,,,,,0.3126,0.363,0.2947,0.3008,0.5945,0.589,0.4024,0.4093,-0.6252,-0.5928,0.1485,0.0761,-0.1977,-0.1562,19,-0.1225,0.0325,Houston Texans,Tennessee Titans,0,0,0,0,0,0,0,0,0,0,0,0,1,1.5,2.5,,,3.4030884635402368,0.7500000000000001,0.5,0.1799018330273097,0.0129304510019432,0.5484351292914149,0.0037229122450035,0.2713483225642127,0.007524556773134,0.2375425056471043,3.532639826488775e-05,0.1611580583834947,0.0797359003362283,0.0010939804489039,0.0022110964360022,0.0819469967722305,0.0112474690181376,0.8197834518556277,2.0,2.0,0.331,0.669,0.498,0.5015,0.2628,0.7354,Houston Texans,Houston Texans,Houston Texans,Houston Texans,Houston Texans,Same,Same,Same,False,False,0.2408939587197231,0.0033050768849061,0.1799018330273097,0.0129304510019432,0.2408939587197231,0.0033050768849061,0.1547087119138582,0.0173258822452708,1.0772959090941565,0.7509306829099152,0.8283607323686216,1.3415231635367704,0.891380213783897,1.1636598869357622,1.5142242051505383,0.6050622502377871,1.0694725583572098,0.9771024839685322
2023_17_LV_IND,2023,19,2023-12-31,13:00,Las Vegas Raiders,Indianapolis Colts,Home,Aidan O'Connell,Gardner Minshew,00-0038579,00-0035289,6,7,-1,1,-5,5,Lucas Oil Stadium,39.7601,-86.1638,America/Indiana/Indianapolis,False,True,17,17,Sunday,False,False,0,False,False,0,-5,5,AFC West,Allegiant Stadium,36.108,-115.1578,America/Los_Angeles,AFC South,Lucas Oil Stadium,39.7601,-86.1638,America/Indiana/Indianapolis,Kansas City Chiefs,Atlanta Falcons,GEHA Field at Arrowhead Stadium,Mercedes-Benz Stadium,Denver Broncos,Houston Texans,Allegiant Stadium,Lucas Oil Stadium,1592,0,-1592,1592,-3.0,0.0,America/Chicago,America/New_York,-1.0,0.0,-3.0,0.0,-3.0,0,-2.35,-2.265,-2.35,-2.265,Indianapolis Colts,0.0849999999999999,Indianapolis Colts,0.0849999999999999,-2.35,-2.265,Indianapolis Colts,0.0849999999999999,-0.4499999999999999,0,No,No,No,No,Yes,0,No,0.0,0.0,-0.919,-2.385,-4.1925,-1.8995,-4.1925,-1.8995,-1.8425,0.3655,-2.7615,-2.0194999999999994,Indianapolis Colts,2.293,Indianapolis Colts,2.293,-4.1925,-1.8995,Indianapolis Colts,2.293,Tie,0.0,Las Vegas Raiders,1.4659999999999995,-0.4595,-1.1925,Las Vegas Raiders,0.7329999999999999,Indianapolis Colts,2.208,Indianapolis Colts,0.7420000000000004,-2.302,-0.8269999999999997,Indianapolis Colts,1.475,Different,Different,Same,Same,Different,Different,False,Home Team,Home Team,42.5,-180.0,150.0,Indianapolis Colts,Las Vegas Raiders,-3.5,3.5,-131,108,-116,-104,-2.208,2.208,-0.7420000000000004,0.7420000000000004,0.4,0.6429,0.4808,0.5671,0.5098,0.537,0.3836,0.6164,0.4588,0.5412,0.487,0.513,0.3836,0.6164,-0.1164,0.1164,,,9,0.0,70.0,0.0,Dome,True,A.O'Connell,R.Leonard,0.76,2.0,13.08,171.16,Medium,-9.0,10.0,40.17,39.0,12.395256053608852,25.0,56.0,0.466,0.5328,0.0998,0.0886,0.3844,0.6156,0.4166,0.5834,19,2023-12-31,Las Vegas Raiders @ Indianapolis Colts,0.5342,0.4656,-115,115,,,,,,,,No Bet,,No Bet,,No Bet,,No Bet,,No Bet,,No Bet,,No Bet,,No Bet,,No Bet,,,,,,,,,,,,,,,0.2905,0.2638,0.2816,0.2558,0.5613,0.5989,0.4312,0.3993,-0.586,-0.62,-0.1915,0.0302,0.0872,-0.2326,19,0.1092,-0.0325,Indianapolis Colts,Las Vegas Raiders,0,0,0,0,0,0,0,0,0,0,0,0,0,3.5,2.5,,,3.4030884635402368,1.0,0.99820726911378,0.1531471303056829,0.0278054109419841,0.4075523320960356,0.0126946759211096,0.2536292579364687,0.0203988483779248,0.1889846769701262,0.0032173587500338,0.1197595467947543,0.0745291404128289,0.0037303396773598,0.0059942163115865,0.0805233567244154,0.0330935242990344,0.6611815900325043,2.0,2.0,0.3836,0.6164,0.4585,0.5413,0.4976,0.5016,Indianapolis Colts,Indianapolis Colts,Indianapolis Colts,Las Vegas Raiders,Indianapolis Colts,Same,Different,Same,False,False,0.1942886872075833,0.0097245559889463,0.1531471303056829,0.0278054109419841,0.1942886872075833,0.0097245559889463,0.1379189737546189,0.0385903464884372,1.0136989692355172,0.8145276227685546,1.010373766662738,1.1595101292426622,0.9106275016100628,1.1444125991095908,0.8395863433982184,1.2797001119901108,0.9483053920301893,1.0982696502955527
2023_17_CAR_JAX,2023,19,2023-12-31,13:00,Carolina Panthers,Jacksonville Jaguars,Home,Bryce Young,C.J. Beathard,00-0039150,00-0033936,7,7,0,0,-1,-1,TIAA Bank Field,30.3239,-81.6554,America/New_York,False,False,17,17,Sunday,False,False,0,False,False,0,-1,-1,NFC South,Bank of America Stadium,35.2258,-80.8528,America/New_York,AFC South,TIAA Bank Field,30.3239,-81.6554,America/New_York,Green Bay Packers,Tampa Bay Buccaneers,Bank of America Stadium,Raymond James Stadium,Tampa Bay Buccaneers,Tennessee Titans,Bank of America Stadium,Nissan Stadium,342,0,-342,342,0.0,0.0,America/New_York,America/New_York,0.0,0.0,0.0,0.0,0.0,0,-5.25,-1.825,-5.25,-1.825,Jacksonville Jaguars,3.425,Jacksonville Jaguars,3.425,-5.25,-1.825,Jacksonville Jaguars,3.425,0.0,0,No,No,No,No,No,0,No,0.0,0.0,-6.54,0.366,-5.9615,-2.1605,-5.9615,-2.1605,-0.7115,-0.3354999999999999,-7.2515,0.0305,Jacksonville Jaguars,3.801,Jacksonville Jaguars,3.801,-5.9615,-2.1605,Jacksonville Jaguars,3.801,Tie,0.0,Jacksonville Jaguars,6.906,-3.27,0.183,Jacksonville Jaguars,3.453,Jacksonville Jaguars,0.376,Jacksonville Jaguars,7.282,-3.9815,-0.1524999999999999,Jacksonville Jaguars,3.829,Different,Same,Same,Same,Different,Same,False,Home Team,Home Team,38.0,-192.0,160.0,Jacksonville Jaguars,Carolina Panthers,-3.5,3.5,-116,-104,-346,268,-0.376,0.376,-7.282,7.282,0.3846,0.6575,0.5098,0.537,0.2717,0.7758,0.3691,0.6309,0.487,0.513,0.2594,0.7406,0.3691,0.6309,-0.1309,0.1309,56.0,8.0,10,8.0,56.0,0.0,nfl_read_py Fallback,False,B.Young,T.Lawrence,-5.98,-7.0,12.87,165.67,Med-Low,-15.0,3.0,40.4,40.0,12.250569458209284,25.0,57.0,0.6854,0.313,0.085,0.0858,0.6056,0.3944,0.5466,0.4366,19,2023-12-31,Carolina Panthers @ Jacksonville Jaguars,0.6425,0.3571,-180,180,,,,,,,,No Bet,,No Bet,,No Bet,,No Bet,,No Bet,,No Bet,,No Bet,,No Bet,,No Bet,,,,,,,,,,,,,,,0.2267,0.3287,0.293,0.236,0.5938,0.5514,0.3981,0.4408,-0.6737,-0.6952,-0.0188,-0.12,-0.0585,-0.2872,19,-0.1806,0.1225,Jacksonville Jaguars,Carolina Panthers,0,0,0,0,0,0,0,0,0,0,0,0,0,1.0,3.5,,,3.4030884635402368,0.0,1.0,0.0015063861640812,0.0136221637945447,0.0,0.0122357534324902,0.0,0.0209144861570254,0.0,0.0032223327148658,0.0,0.0,0.0035954849730122,0.0061457368449564,0.0061457368449564,0.0331502395895157,0.0,2.0,2.0,0.3691,0.6309,0.4052,0.5945,0.328,0.671,Jacksonville Jaguars,Jacksonville Jaguars,Jacksonville Jaguars,Jacksonville Jaguars,Jacksonville Jaguars,Same,Same,Same,False,False,0.0,0.0097412218179687,0.0015063861640812,0.0136221637945447,0.0,0.0097412218179687,0.0,0.0145582604766262,1.163898075538036,0.6643285164660406,1.1296638940949855,1.0402200018104149,1.5329564215776612,0.5220836791419962,1.4657715904810877,0.6535148649072381,1.3281954612226126,0.7183795811031264
2023_17_LA_NYG,2023,19,2023-12-31,13:00,Los Angeles Rams,New York Giants,Home,Matthew Stafford,Tyrod Taylor,00-0026498,00-0028118,10,6,4,-4,-17,-8,MetLife Stadium,40.8136,-74.0744,America/New_York,False,False,17,17,Sunday,False,False,0,False,False,0,-17,-8,NFC West,SoFi Stadium,33.9535,-118.3395,America/Los_Angeles,NFC East,MetLife Stadium,40.8136,-74.0744,America/New_York,New Orleans Saints,Philadelphia Eagles,SoFi Stadium,Lincoln Financial Field,San Francisco 49ers,Philadelphia Eagles,Levi's Stadium,MetLife Stadium,2448,0,-2448,2448,-3.0,0.0,America/Los_Angeles,America/New_York,-3.0,0.0,-3.0,0.0,-3.0,0,1.29,-2.84,1.29,-2.84,Los Angeles Rams,4.13,Los Angeles Rams,4.13,1.29,-2.84,Los Angeles Rams,4.13,-0.4499999999999999,0,No,No,No,No,No,0,Yes,0.0,0.0,0.596,-5.901,-0.625,-1.7099999999999995,-0.625,-1.7099999999999995,-1.915,1.13,-1.319,-4.771000000000001,Los Angeles Rams,1.0849999999999995,Los Angeles Rams,1.0849999999999995,-0.625,-1.7099999999999995,Los Angeles Rams,1.0849999999999995,Tie,0.0,Los Angeles Rams,6.497,0.298,-2.9505,Los Angeles Rams,3.2485,New York Giants,3.045,Los Angeles Rams,3.452000000000001,-1.617,-1.8205000000000005,Los Angeles Rams,0.2035000000000004,Different,Same,Different,Same,Different,Same,False,Home Team,Away Team,43.5,240.0,-298.0,Los Angeles Rams,New York Giants,6.0,-6.0,-164,135,156,-191,-3.045,3.045,3.452000000000001,-3.452000000000001,0.7487,0.2941,0.4255,0.6212,0.6564,0.3906,0.718,0.282,0.4065,0.5935,0.6269,0.3731,0.718,0.282,0.218,-0.218,41.0,10.0,11,10.0,41.0,0.0,nfl_read_py Fallback,False,M.Stafford,J.Dart,9.29,10.0,13.77,189.56,Med-High,1.0,19.0,46.5,46.0,13.009036242735007,30.0,64.0,0.2432,0.7562,0.0698,0.0676,0.359,0.611,0.5704,0.4296,19,2023-12-31,Los Angeles Rams @ New York Giants,0.373,0.6269,168,-168,,,,,,,,No Bet,,No Bet,,No Bet,,No Bet,,No Bet,,No Bet,,No Bet,,No Bet,,No Bet,,,,,,,,,,,,,,,0.3856,0.2679,0.3055,0.2474,0.6193,0.571,0.3807,0.4258,-0.7488,-0.495,-0.1169,0.0735,-0.2288,0.0529,19,-0.1806,-0.1713,Los Angeles Rams,New York Giants,0,0,0,0,0,0,0,0,0,0,0,0,0,1.0,1.5,,,3.4030884635402368,0.4985924431077355,0.0,0.0067939628805077,0.0015063861640812,0.003162952136922,0.0,0.0080531901925888,0.0,3.532639826488775e-05,0.0,0.0009294357671888,0.0023664357476652,0.0,0.0,0.0023664357476652,0.0,0.0112161423295109,2.0,2.0,0.718,0.282,0.5968,0.4029,0.6974,0.3014,Los Angeles Rams,Los Angeles Rams,Los Angeles Rams,Los Angeles Rams,Los Angeles Rams,Same,Same,Same,False,False,0.0032958715148541,0.0,0.0067939628805077,0.0015063861640812,0.0032958715148541,0.0,0.0069382674007631,0.0,0.5115772225765378,1.3166493694275387,1.2808347706074525,0.8890491252979444,0.7608208179179904,1.294219282801663,0.5104614053590748,1.6088250500292507,0.757437772794766,1.2891372695309786
2023_17_ARI_PHI,2023,19,2023-12-31,13:00,Arizona Cardinals,Philadelphia Eagles,Home,Kyler Murray,Jalen Hurts,00-0035228,00-0036389,7,6,1,-1,5,-7,Lincoln Financial Field,39.9008,-75.1675,America/New_York,False,True,17,17,Sunday,False,False,0,False,False,0,5,-7,NFC West,State Farm Stadium,33.5277,-112.262608,America/Denver,NFC East,Lincoln Financial Field,39.9008,-75.1675,America/New_York,Chicago Bears,New York Giants,Soldier Field,Lincoln Financial Field,Seattle Seahawks,New York Giants,State Farm Stadium,MetLife Stadium,2084,0,-2084,2084,-2.0,0.0,America/Chicago,America/New_York,-1.0,0.0,-2.0,0.0,-2.0,0,0.075,4.905,0.075,4.905,Philadelphia Eagles,4.83,Philadelphia Eagles,4.83,0.075,4.905,Philadelphia Eagles,4.83,-0.3,0,No,No,No,No,No,0,Yes,0.0,0.0,-5.445,4.099,-0.4385,5.1125,-0.4385,5.1125,-0.5135,0.2074999999999999,-5.9585,4.3065,Philadelphia Eagles,5.551,Philadelphia Eagles,5.551,-0.4385,5.1125,Philadelphia Eagles,5.551,Tie,0.0,Philadelphia Eagles,9.544,-2.7225,2.0495,Philadelphia Eagles,4.772,Philadelphia Eagles,0.7209999999999999,Philadelphia Eagles,10.265,-3.236,2.257,Philadelphia Eagles,5.492999999999999,Different,Same,Same,Same,Different,Same,False,Home Team,Home Team,48.0,-750.0,525.0,Philadelphia Eagles,Arizona Cardinals,-12.0,12.0,-116,-104,-538,389,-0.7209999999999999,0.7209999999999999,-10.265,10.265,0.16,0.8824,0.5098,0.537,0.2045,0.8433,0.1535,0.8465,0.487,0.513,0.1952,0.8048,0.1535,0.8465,-0.3465,0.3465,45.0,9.0,12,9.0,45.0,0.0,nfl_read_py Fallback,False,J.Brissett,T.McKee,-1.28,-3.0,14.15,200.28,High,-12.0,9.0,46.7,46.0,12.827387427439882,30.0,63.0,0.5382,0.4606,0.079,0.0794,0.2388,0.7474,0.4308,0.5492,19,2023-12-31,Arizona Cardinals @ Philadelphia Eagles,0.6756,0.3241,-208,209,,,,,,,,No Bet,,No Bet,,No Bet,,No Bet,,No Bet,,No Bet,,No Bet,,No Bet,,No Bet,,,,,,,,,,,,,,,0.2864,0.2719,0.2992,0.2422,0.6799,0.6831,0.3201,0.3169,-0.2806,-0.5808,0.095,-0.2271,0.0857,-0.1673,19,-0.083,0.1713,Philadelphia Eagles,Arizona Cardinals,0,0,0,0,0,0,0,0,0,0,0,0,0,2.0,3.5,,,3.4030884635402368,0.0032002877784846,1.0,0.0234574764422979,0.0118178829864419,0.0027617622755418,0.0034342027809005,0.0005008039093864,0.0189384537721973,0.0009439510683672,3.4483750258380245e-05,0.0008115458370038,0.0001471615900532,0.0010091429646021,0.0055650783031645,0.0057122398932178,0.0223726565530978,0.0032625661849283,2.0,2.0,0.1535,0.8465,0.2643,0.7356,0.248,0.7514,Philadelphia Eagles,Philadelphia Eagles,Philadelphia Eagles,Philadelphia Eagles,Philadelphia Eagles,Same,Same,Same,False,False,0.000958707427057,0.0065742212677667,0.0234574764422979,0.0118178829864419,0.000958707427057,0.0065742212677667,0.0365913636723768,0.0134407087769571,1.541825899025746,0.28640069297832654,1.09725567166207,1.0726282242433303,1.6449477935869907,0.4100923071326661,1.1257451244473904,0.9935413309409401,1.3702400439334557,0.6763349983922862
2023_17_NO_TB,2023,19,2023-12-31,13:00,New Orleans Saints,Tampa Bay Buccaneers,Home,Derek Carr,Baker Mayfield,00-0031280,00-0034855,10,7,3,-3,4,-6,Raymond James Stadium,27.9759,-82.5033,America/New_York,False,True,17,17,Sunday,False,False,0,False,False,0,4,-6,NFC South,Caesars Superdome,29.9507,-90.0813,America/Chicago,NFC South,Raymond James Stadium,27.9759,-82.5033,America/New_York,Los Angeles Rams,Jacksonville Jaguars,SoFi Stadium,Raymond James Stadium,Atlanta Falcons,Carolina Panthers,Caesars Superdome,Bank of America Stadium,478,0,-478,478,-1.0,0.0,America/Los_Angeles,America/New_York,-3.0,0.0,-1.0,0.0,-1.0,0,-6.145,1.025,-6.145,1.025,Tampa Bay Buccaneers,7.17,Tampa Bay Buccaneers,7.17,-6.145,1.025,Tampa Bay Buccaneers,7.17,0.0,0,No,No,No,No,No,1,No,0.0,0.0,-0.567,-3.589,-6.246309999999999,0.3383099999999999,-6.246309999999999,0.3383099999999999,-0.17301,-0.61499,-0.7702299999999999,-4.17377,Tampa Bay Buccaneers,6.584619999999999,Tampa Bay Buccaneers,6.584619999999999,-6.246309999999999,0.3383099999999999,Tampa Bay Buccaneers,6.584619999999999,Tie,0.0,New Orleans Saints,3.022,-0.2835,-1.7945,New Orleans Saints,1.511,New Orleans Saints,0.44198,New Orleans Saints,3.4035400000000005,-0.4716199999999999,-2.39438,New Orleans Saints,1.92276,Different,Different,Different,Different,Different,Same,False,Away Team,Away Team,42.5,-148.0,124.0,Tampa Bay Buccaneers,New Orleans Saints,-2.5,2.5,-104,-116,156,-191,0.44198,-0.44198,3.4035400000000005,-3.4035400000000005,0.4464,0.5968,0.537,0.5098,0.6564,0.3906,0.4279,0.5721,0.513,0.487,0.6269,0.3731,0.4279,0.5721,-0.0721,0.0721,66.0,5.0,13,5.0,66.0,0.0,nfl_read_py Fallback,False,T.Shough,B.Mayfield,1.17,2.0,13.12,172.05,Medium,-8.0,10.0,43.78,43.0,12.679977129474675,28.0,60.0,0.4572,0.541,0.0968,0.0882,0.4188,0.5812,0.5362,0.4638,19,2023-12-31,New Orleans Saints @ Tampa Bay Buccaneers,0.4724,0.5272,112,-112,,,,,,,,No Bet,,No Bet,,No Bet,,No Bet,,No Bet,,No Bet,,No Bet,,No Bet,,No Bet,,,,,,,,,,,,,,,0.2497,0.238,0.266,0.2605,0.7063,0.623,0.2883,0.3722,-0.4775,-0.5075,0.1099,0.0026,-0.0447,0.0026,19,0.1092,0.1806,Tampa Bay Buccaneers,New Orleans Saints,0,0,0,0,0,0,0,0,0,0,0,0,1,3.5,4.0,,,3.4030884635402368,0.0,0.5,0.0015063861640812,0.0161099769863953,0.0,0.0047973505950738,0.0,0.0064140319594338,0.0,2.465255837605072e-05,0.0,0.0,0.0014097049331721,0.0018847679183635,0.0018847679183635,0.0112113825545076,0.0,2.0,2.0,0.4279,0.5721,0.5158,0.4839,0.5752,0.4236,Tampa Bay Buccaneers,New Orleans Saints,New Orleans Saints,New Orleans Saints,New Orleans Saints,Same,Same,Same,False,False,0.0,0.0032944728515356,0.0015063861640812,0.0161099769863953,0.0,0.0032944728515356,0.0,0.0227174727484558,1.0592253483256928,0.7690012436783779,1.0766720916847228,1.0932118042206758,0.7832855169891964,1.2717545837304631,0.98755957206597,1.1317268833223626,0.9843598840770783,1.0622151582486643
2023_17_SF_WAS,2023,19,2023-12-31,13:00,San Francisco 49ers,Washington Commanders,Home,Brock Purdy,Sam Howell,00-0037834,00-0037077,6,7,-1,1,-20,13,FedExField,38.9077,-76.8645,America/New_York,False,False,17,17,Sunday,False,False,0,False,False,0,-20,13,NFC West,Levi's Stadium,37.4031,-121.9702,America/Los_Angeles,NFC East,FedExField,38.9077,-76.8645,America/New_York,Baltimore Ravens,New York Jets,Levi's Stadium,MetLife Stadium,Los Angeles Rams,Dallas Cowboys,Levi's Stadium,FedExField,2426,0,-2426,2426,-3.0,0.0,America/Los_Angeles,America/New_York,-3.0,0.0,-3.0,0.0,-3.0,0,3.325,1.45,3.325,1.45,San Francisco 49ers,1.875,San Francisco 49ers,1.875,3.325,1.45,San Francisco 49ers,1.875,-0.4499999999999999,0,No,No,No,No,Yes,0,No,0.0,0.0,9.845,-4.983,2.218,1.602,2.218,1.602,-1.1069999999999998,0.152,8.738000000000001,-4.831,San Francisco 49ers,0.6160000000000001,San Francisco 49ers,0.6160000000000001,2.218,1.602,San Francisco 49ers,0.6160000000000001,Tie,0.0,San Francisco 49ers,14.828,4.9225,-2.4915,San Francisco 49ers,7.414,Washington Commanders,1.259,San Francisco 49ers,13.569,3.815500000000001,-2.3395,San Francisco 49ers,6.155000000000001,Different,Same,Different,Same,Different,Same,False,Home Team,Away Team,49.0,675.0,-1050.0,San Francisco 49ers,Washington Commanders,14.0,-14.0,-128,105,539,-819,-1.259,1.259,13.569,-13.569,0.913,0.129,0.4878,0.5614,0.8912,0.1565,0.8762,0.1238,0.4649,0.5351,0.8506,0.1494,0.8762,0.1238,0.3762,-0.3762,48.0,7.0,14,7.0,48.0,0.0,nfl_read_py Fallback,False,B.Purdy,J.Johnson,15.39,15.0,13.24,175.21,Medium,7.0,24.0,55.92,55.0,13.583829093542384,39.0,74.0,0.1172,0.8824,0.0504,0.0544,0.443,0.5142,0.673,0.3044,19,2023-12-31,San Francisco 49ers @ Washington Commanders,0.2314,0.7685,332,-332,,,,,,,,No Bet,,No Bet,,No Bet,,No Bet,,No Bet,,No Bet,,No Bet,,No Bet,,No Bet,,,,,,,,,,,,,,,0.3106,0.3095,0.2825,0.3166,0.5762,0.6282,0.4224,0.3718,-0.6459,-0.1795,-0.0713,0.2359,-0.2174,0.5481,19,0.1806,-0.3579,San Francisco 49ers,Washington Commanders,0,0,0,0,0,0,0,0,0,0,0,0,0,4.0,0.0,,,3.4030884635402368,0.0,0.0,0.0015063861640812,0.0015063861640812,0.0,0.0,0.0,0.0,0.0,0.0,0.0,0.0,0.0,0.0,0.0,0.0,0.0,2.0,2.0,0.8762,0.1238,0.7158,0.2842,0.904,0.096,San Francisco 49ers,San Francisco 49ers,San Francisco 49ers,San Francisco 49ers,San Francisco 49ers,Same,Same,Same,False,False,0.0,0.0,0.0015063861640812,0.0015063861640812,0.0,0.0,0.0,0.0,0.2263344520901042,1.6018921399139665,1.1611048726989786,1.0087790232064215,0.30702299104751685,1.7480171096721404,0.24838037257151274,1.8709060828168154,0.4735774647941769,1.5729975775315719
2023_17_PIT_SEA,2023,19,2023-12-31,16:05,Pittsburgh Steelers,Seattle Seahawks,Home,Mason Rudolph,Geno Smith,00-0034771,00-0030565,8,7,1,-1,7,-5,Lumen Field,47.5952,-122.3316,America/Los_Angeles,False,False,17,17,Sunday,False,False,0,False,False,0,7,-5,AFC North,Acrisure Stadium,40.4468,-80.0158,America/New_York,NFC West,Lumen Field,47.5952,-122.3316,America/Los_Angeles,Cincinnati Bengals,Tennessee Titans,Acrisure Stadium,Nissan Stadium,Baltimore Ravens,Arizona Cardinals,M&T Bank Stadium,State Farm Stadium,2130,0,-2130,2130,3.0,0.0,America/New_York,America/Chicago,3.0,2.0,3.0,0.0,3.0,0,-0.565,-0.13,-0.565,-0.13,Seattle Seahawks,0.4349999999999999,Seattle Seahawks,0.4349999999999999,-0.565,-0.13,Seattle Seahawks,0.4349999999999999,-0.2249999999999999,0,No,No,No,No,No,0,No,0.0,0.0,-0.584,-0.78,-0.2374999999999999,0.0189999999999999,-0.2374999999999999,0.0189999999999999,0.3275,0.1489999999999999,-0.2564999999999999,-0.631,Seattle Seahawks,0.2564999999999998,Seattle Seahawks,0.2564999999999998,-0.2374999999999999,0.0189999999999999,Seattle Seahawks,0.2564999999999998,Tie,0.0,Pittsburgh Steelers,0.196,-0.292,-0.39,Pittsburgh Steelers,0.098,Pittsburgh Steelers,0.1785,Pittsburgh Steelers,0.3745,0.0355,-0.241,Pittsburgh Steelers,0.2765000000000001,Different,Different,Different,Different,Different,Same,False,Away Team,Away Team,40.5,-225.0,185.0,Seattle Seahawks,Pittsburgh Steelers,-4.5,4.5,-110,-110,-104,-116,0.1785,-0.1785,0.3745,-0.3745,0.3509,0.6923,0.5238,0.5238,0.537,0.5098,0.3364,0.6636,0.5,0.5,0.513,0.487,0.3364,0.6636,-0.1636,0.1636,47.0,4.0,15,4.0,47.0,0.0,nfl_read_py Fallback,False,A.Rodgers,S.Darnold,9.9,10.0,13.38,178.89,Medium,2.0,19.0,51.5,51.0,13.621890857810763,35.0,69.0,0.2206,0.7782,0.0674,0.0736,0.1554,0.8446,0.784,0.216,19,2023-12-31,Pittsburgh Steelers @ Seattle Seahawks,0.4678,0.5319,114,-114,,,,,,,,No Bet,,No Bet,,No Bet,,No Bet,,No Bet,,No Bet,,No Bet,,No Bet,,No Bet,,,,,,,,,,,,,,,0.2939,0.3236,0.3043,0.2871,0.6012,0.6327,0.3972,0.36,-0.4696,-0.6273,0.0223,-0.102,0.0805,-0.0344,19,0.083,0.083,Seattle Seahawks,Pittsburgh Steelers,0,0,0,0,0,0,0,0,0,0,0,0,0,3.0,3.0,,,3.4030884635402368,0.0,0.2499999999999999,0.0015063861640812,0.0044624596115973,0.0,0.0019271732701533,0.0,0.0038016414449279,0.0,4.8744363137909655e-05,0.0,0.0,0.0005663012556977,0.0011171150810969,0.0011171150810969,0.0057288147150812,0.0,2.0,2.0,0.3364,0.6636,0.5454,0.4543,0.727,0.272,Seattle Seahawks,Pittsburgh Steelers,Pittsburgh Steelers,Pittsburgh Steelers,Pittsburgh Steelers,Same,Same,Same,False,False,0.0,0.0016834163367947,0.0015063861640812,0.0044624596115973,0.0,0.0016834163367947,0.0,0.0039763293504222,1.2156739513863153,0.6125526406177556,1.0889805104221453,1.0809033854832555,1.0043503972661674,1.0506897034534857,0.4701318199461057,1.6491546354422275,0.9609352817808989,1.085639760544839
2023_17_LAC_DEN,2023,19,2023-12-31,16:25,Los Angeles Chargers,Denver Broncos,Home,Easton Stick,Jarrett Stidham,00-0035282,00-0035264,8,7,1,-1,-6,3,Empower Field at Mile High,39.7648,-105.0076,America/Denver,False,False,17,17,Sunday,False,False,0,False,False,0,-6,3,AFC West,SoFi Stadium,33.9535,-118.3395,America/Los_Angeles,AFC West,Empower Field at Mile High,39.7648,-105.0076,America/Denver,Buffalo Bills,New England Patriots,SoFi Stadium,Empower Field at Mile High,Kansas City Chiefs,Las Vegas Raiders,SoFi Stadium,Allegiant Stadium,837,0,-837,837,-1.0,0.0,America/Los_Angeles,America/Denver,-1.0,0.0,-1.0,0.0,-1.0,0,0.935,2.05,0.935,2.05,Denver Broncos,1.1149999999999998,Denver Broncos,1.1149999999999998,0.935,2.05,Denver Broncos,1.1149999999999998,0.0,0,No,No,No,No,No,1,No,0.0,0.0,-1.654,-3.855,0.2705349999999999,3.017965,0.2705349999999999,3.017965,-0.6756150000000001,0.979115,-2.351625,-2.853875,Denver Broncos,2.7474300000000005,Denver Broncos,2.7474300000000005,0.2705349999999999,3.017965,Denver Broncos,2.7474300000000005,Tie,0.0,Los Angeles Chargers,2.201,-0.827,-1.9275,Los Angeles Chargers,1.1005,Denver Broncos,1.6547300000000005,Los Angeles Chargers,0.5022500000000001,-1.51362,-0.93738,Denver Broncos,0.5762400000000001,Different,Different,Same,Different,Different,Same,False,Home Team,Away Team,39.5,-198.0,164.0,Denver Broncos,Los Angeles Chargers,-3.5,3.5,-128,105,-104,-116,-1.6547300000000005,1.6547300000000005,0.5022500000000001,-0.5022500000000001,0.3788,0.6644,0.4878,0.5614,0.537,0.5098,0.3631,0.6369,0.4649,0.5351,0.513,0.487,0.3631,0.6369,-0.1369,0.1369,41.0,6.0,16,6.0,41.0,0.0,nfl_read_py Fallback,False,T.Lance,B.Nix,1.29,2.0,13.28,176.45,Medium,-8.0,11.0,43.08,43.0,12.472928837717232,27.0,59.0,0.4614,0.538,0.0916,0.0788,0.3856,0.6144,0.6018,0.3982,19,2023-12-31,Los Angeles Chargers @ Denver Broncos,0.5301,0.4698,-113,113,,,,,,,,No Bet,,No Bet,,No Bet,,No Bet,,No Bet,,No Bet,,No Bet,,No Bet,,No Bet,,,,,,,,,,,,,,,0.3759,0.284,0.279,0.2682,0.6616,0.5883,0.3299,0.409,-0.3854,-0.5639,0.0273,0.0757,-0.2213,0.0222,19,0.1225,-0.1092,Denver Broncos,Los Angeles Chargers,0,0,0,0,0,0,0,0,0,0,0,0,1,3.5,1.5,,,3.4030884635402368,1.0,0.2499999999999999,0.2005712039481459,0.0082003230285364,0.4341604293564675,0.002223489236195,0.2475171171288009,0.0039001385142733,0.1950470764279457,0.0001655241941834,0.1275783553698189,0.0727330834271962,0.0006533739160815,0.0011460585159799,0.0738791419431761,0.0061236277504684,0.6816775464852685,2.0,2.0,0.3631,0.6369,0.5152,0.4846,0.6454,0.3536,Denver Broncos,Los Angeles Chargers,Los Angeles Chargers,Los Angeles Chargers,Denver Broncos,Same,Same,Different,False,False,0.2003114387970151,0.0017994324320614,0.2005712039481459,0.0082003230285364,0.2003114387970151,0.0017994324320614,0.2145540418940536,0.0102360686811542,0.9943936570501497,0.8338329349539225,0.9221252066585046,1.2477586892468904,0.7948711929287534,1.2601689077909064,0.764920440839859,1.3543660145484693,0.8726670133028245,1.1739080290229165
2023_17_CIN_KC,2023,19,2023-12-31,16:25,Cincinnati Bengals,Kansas City Chiefs,Home,Jake Browning,Patrick Mahomes,00-0035100,00-0033873,8,6,2,-2,2,-12,GEHA Field at Arrowhead Stadium,39.0489,-94.4839,America/Chicago,False,True,17,17,Sunday,False,False,0,False,False,0,2,-12,AFC North,Paycor Stadium,39.0955,-84.5165,America/New_York,AFC West,GEHA Field at Arrowhead Stadium,39.0489,-94.4839,America/Chicago,Pittsburgh Steelers,Las Vegas Raiders,Acrisure Stadium,GEHA Field at Arrowhead Stadium,Cleveland Browns,Los Angeles Chargers,Paycor Stadium,SoFi Stadium,534,0,-534,534,1.0,0.0,America/New_York,America/Chicago,1.0,0.0,1.0,0.0,1.0,0,1.31,4.395,1.31,4.395,Kansas City Chiefs,3.0849999999999995,Kansas City Chiefs,3.0849999999999995,1.31,4.395,Kansas City Chiefs,3.0849999999999995,0.0,0,No,No,No,No,No,0,Yes,0.0,0.0,2.588,7.168,0.659,3.972499999999999,0.659,3.972499999999999,-0.651,-0.4225000000000001,1.9370000000000005,6.745499999999999,Kansas City Chiefs,3.3134999999999986,Kansas City Chiefs,3.3134999999999986,0.659,3.972499999999999,Kansas City Chiefs,3.3134999999999986,Tie,0.0,Kansas City Chiefs,4.58,1.294,3.584,Kansas City Chiefs,2.29,Kansas City Chiefs,0.2284999999999998,Kansas City Chiefs,4.808499999999999,0.6430000000000001,3.1615,Kansas City Chiefs,2.518499999999999,Different,Same,Same,Same,Different,Same,False,Home Team,Home Team,46.0,-345.0,275.0,Kansas City Chiefs,Cincinnati Bengals,-7.5,7.5,-110,-110,-234,188,-0.2284999999999998,0.2284999999999998,-4.808499999999999,4.808499999999999,0.2667,0.7753,0.5238,0.5238,0.3472,0.7006,0.2559,0.7441,0.5,0.5,0.3314,0.6686,0.2559,0.7441,-0.2441,0.2441,36.0,12.0,17,12.0,36.0,0.0,nfl_read_py Fallback,False,J.Burrow,S.Buechele,2.72,3.0,14.13,199.78,High,-7.0,13.0,45.64,45.0,12.958241726628238,29.0,63.0,0.4316,0.5682,0.0858,0.0766,0.2488,0.7512,0.4592,0.5074,19,2023-12-31,Cincinnati Bengals @ Kansas City Chiefs,0.5861,0.4139,-142,142,,,,,,,,No Bet,,No Bet,,No Bet,,No Bet,,No Bet,,No Bet,,No Bet,,No Bet,,No Bet,,,,,,,,,,,,,,,0.2676,0.2416,0.2961,0.297,0.6119,0.6604,0.3854,0.3383,-0.2269,-0.4557,0.2081,0.0432,-0.012,0.0583,19,0.2508,-0.1225,Kansas City Chiefs,Cincinnati Bengals,0,0,0,0,0,0,0,0,0,0,0,0,0,4.5,1.5,,,3.4030884635402368,0.0,1.0,0.0015063861640812,0.0117528781238124,0.0,0.0058652262046522,0.0,0.0170547667795299,0.0,0.0001963777360647,0.0,0.0,0.0017235009514124,0.005011555521477,0.005011555521477,0.0229199929841822,0.0,2.0,2.0,0.2559,0.7441,0.387,0.6128,0.2792,0.72,Kansas City Chiefs,Kansas City Chiefs,Kansas City Chiefs,Cincinnati Bengals,Kansas City Chiefs,Same,Different,Same,False,False,0.0,0.0067350564728894,0.0015063861640812,0.0117528781238124,0.0,0.0067350564728894,0.0,0.0132321741459852,1.3675940444133254,0.46063254759074773,1.0989333730561068,1.0709505228492908,1.3847926331846354,0.670247467535024,0.9276125507409311,1.1916739046473974,1.2114085547716864,0.8351664875540507
2023_17_GB_MIN,2023,19,2023-12-31,20:20,Green Bay Packers,Minnesota Vikings,Home,Jordan Love,Jaren Hall,00-0036264,00-0038598,7,7,0,0,0,-1,U.S. Bank Stadium,44.9738,-93.2575,America/Chicago,False,True,17,17,Sunday,False,False,0,False,False,0,0,-1,NFC North,Lambeau Field,44.5013,-88.0622,America/Chicago,NFC North,U.S. Bank Stadium,44.9738,-93.2575,America/Chicago,Carolina Panthers,Detroit Lions,Bank of America Stadium,U.S. Bank Stadium,Chicago Bears,Detroit Lions,Lambeau Field,Ford Field,257,0,-257,257,0.0,0.0,America/New_York,America/Chicago,1.0,0.0,0.0,0.0,0.0,0,3.535,0.27,3.535,0.27,Green Bay Packers,3.265,Green Bay Packers,3.265,3.535,0.27,Green Bay Packers,3.265,0.0,0,No,No,No,No,No,1,No,0.0,0.0,-2.331,0.438,3.83407,-0.3730699999999999,3.83407,-0.3730699999999999,0.33172,-0.6757200000000001,-1.97159,-0.26541,Green Bay Packers,4.20714,Green Bay Packers,4.20714,3.83407,-0.3730699999999999,Green Bay Packers,4.20714,Tie,0.0,Minnesota Vikings,2.769,-1.1655,0.219,Minnesota Vikings,1.3845,Green Bay Packers,1.00744,Minnesota Vikings,1.70618,-0.819935,-0.470565,Minnesota Vikings,0.3493699999999999,Different,Different,Same,Different,Different,Same,False,Away Team,Home Team,42.5,-112.0,-108.0,Minnesota Vikings,Green Bay Packers,-1.0,1.0,101,-122,-128,105,1.00744,-1.00744,-1.70618,1.70618,0.5192,0.5283,0.5495,0.4975,0.4878,0.5614,0.4957,0.5043,0.5248,0.4752,0.4649,0.5351,0.4957,0.5043,-0.0043,0.0043,,,18,0.0,70.0,0.0,Dome,True,C.Tune,J.McCarthy,-8.4,-9.0,13.12,172.15,Medium,-17.0,1.0,42.63,42.0,12.806862502011532,26.0,59.0,0.7482,0.251,0.0832,0.065,0.7332,0.2518,0.489,0.511,19,2023-12-31,Green Bay Packers @ Minnesota Vikings,0.5657,0.4341,-130,130,,,,,,,,No Bet,,No Bet,,No Bet,,No Bet,,No Bet,,No Bet,,No Bet,,No Bet,,No Bet,,,,,,,,,,,,,,,0.3357,0.228,0.2729,0.286,0.6357,0.6205,0.3586,0.3764,-0.2976,-0.3997,0.0951,0.1878,-0.0038,-0.0488,19,0.0721,-0.1447,Minnesota Vikings,Green Bay Packers,0,0,0,0,0,0,0,0,0,0,0,0,1,3.0,1.5,,,3.4030884635402368,0.7500000000000001,0.5,0.0422425564959368,0.0217758881926454,0.0099466943085626,0.0059866823189456,0.0097770699360589,0.0060905464866739,0.0008967346837273,0.0002807570175845,0.0029228432981184,0.0028729990538911,0.001759190918216,0.0017897114788306,0.0046627105327217,0.0120772288056195,0.0197237642446215,2.0,2.0,0.4957,0.5043,0.5129,0.4867,0.5338,0.4646,Minnesota Vikings,Green Bay Packers,Green Bay Packers,Minnesota Vikings,Minnesota Vikings,Same,Different,Different,False,False,0.0057958423520095,0.0035489023970466,0.0422425564959368,0.0217758881926454,0.0057958423520095,0.0035489023970466,0.0654467751984333,0.0321579943625675,0.9028553192313983,0.9253712727726751,1.003380665186886,1.1665032307185093,1.0751595813357422,0.9798805193839198,1.5653290046400399,0.5539574507482855,1.1333860616015898,0.9131889807241521
2023_18_PIT_BAL,2023,20,2024-01-06,16:30,Pittsburgh Steelers,Baltimore Ravens,Home,Mason Rudolph,Tyler Huntley,00-0034771,00-0035993,6,6,0,0,7,9,M&T Bank Stadium,39.2789,-76.6228,America/New_York,False,True,18,18,Saturday,False,False,0,False,False,0,7,9,AFC North,Acrisure Stadium,40.4468,-80.0158,America/New_York,AFC North,M&T Bank Stadium,39.2789,-76.6228,America/New_York,Seattle Seahawks,Miami Dolphins,Lumen Field,M&T Bank Stadium,Playoffs?,Playoffs?,Playoffs?,Playoffs?,197,0,-197,197,0.0,0.0,America/Los_Angeles,America/New_York,-3.0,0.0,0.0,0.0,0.0,0,-0.565,6.69,-0.565,6.69,Baltimore Ravens,7.255000000000001,Baltimore Ravens,7.255000000000001,-0.565,6.69,Baltimore Ravens,7.255000000000001,0.0,0,No,No,No,No,No,1,No,0.0,0.0,-0.584,9.03,-0.2438649999999999,6.482365,-0.2438649999999999,6.482365,0.248585,-0.1350849999999999,-0.2392749999999999,8.798775,Baltimore Ravens,6.726229999999999,Baltimore Ravens,6.726229999999999,-0.2438649999999999,6.482365,Baltimore Ravens,6.726229999999999,Tie,0.0,Baltimore Ravens,9.614,-0.292,4.515,Baltimore Ravens,4.807,Pittsburgh Steelers,0.38367,Baltimore Ravens,9.038049999999998,0.004655,4.331845,Baltimore Ravens,4.32719,Different,Same,Different,Same,Different,Same,False,Away Team,Home Team,34.0,130.0,-155.0,Pittsburgh Steelers,Baltimore Ravens,3.0,-3.0,-104,-116,-416,314,0.38367,-0.38367,-9.038049999999998,9.038049999999998,0.6078,0.4348,0.537,0.5098,0.2415,0.8062,0.583,0.417,0.513,0.487,0.2305,0.7695,0.583,0.417,0.083,-0.083,38.0,15.0,19,15.0,38.0,0.0,nfl_read_py Fallback,False,A.Rodgers,L.Jackson,-2.09,-3.0,14.32,205.05,High,-12.0,8.0,50.76,50.0,13.62725226892348,33.0,69.0,0.5548,0.4436,0.0862,0.0824,0.592,0.3636,0.8896,0.1006,20,2024-01-06,Pittsburgh Steelers @ Baltimore Ravens,0.5571,0.4425,-126,126,,,,,,,,No Bet,,No Bet,,No Bet,,No Bet,,No Bet,,No Bet,,No Bet,,No Bet,,No Bet,,,,,,,,,,,,,,,0.2865,0.3236,0.2734,0.2871,0.5375,0.6327,0.4625,0.36,-0.4936,-0.6273,0.1349,-0.102,-0.0748,-0.0344,20,0.0,0.0,Pittsburgh Steelers,Baltimore Ravens,0,0,0,0,0,0,0,0,0,0,0,0,1,0.0,0.0,,,2.178450582412383,0.0,0.2491153468039566,0.0015979015614948,0.0259824462594681,0.0,0.0147549691689718,0.0,0.0105537258035355,0.0,0.0116177503299069,0.0,0.0,0.0067731484423357,0.0048446018875711,0.0048446018875711,0.0253086949725074,0.0,0.0,2.0,0.583,0.417,0.4837,0.5159,0.412,0.5864,Pittsburgh Steelers,Baltimore Ravens,Baltimore Ravens,Baltimore Ravens,Baltimore Ravens,Same,Same,Same,False,False,0.0,0.0116177503299069,0.0015979015614948,0.0259824462594681,0.0,0.0116177503299069,0.0,0.0343165866050794,0.7816943382270365,1.0365007150931786,1.1609241524326535,1.1424101673369202,1.9057477784898251,0.5322153988103309,1.2729380284279053,0.9553287724834503,1.253590043078536,0.9340868803874971
2023_18_HOU_IND,2023,20,2024-01-06,20:15,Houston Texans,Indianapolis Colts,Home,C.J. Stroud,Gardner Minshew,00-0039163,00-0035289,6,6,0,0,-2,5,Lucas Oil Stadium,39.7601,-86.1638,America/Indiana/Indianapolis,False,False,18,18,Saturday,False,False,0,False,False,0,-2,5,AFC South,NRG Stadium,29.6847,-95.4093,America/Chicago,AFC South,Lucas Oil Stadium,39.7601,-86.1638,America/Indiana/Indianapolis,Tennessee Titans,Las Vegas Raiders,NRG Stadium,Lucas Oil Stadium,Playoffs?,Playoffs?,Playoffs?,Playoffs?,870,0,-870,870,-1.0,0.0,America/Chicago,America/Indiana/Indianapolis,-1.0,0.0,-1.0,0.0,-1.0,0,0.035,-2.265,0.035,-2.265,Houston Texans,2.3000000000000003,Houston Texans,2.3000000000000003,0.035,-2.265,Houston Texans,2.3000000000000003,0.0,0,No,No,No,No,No,1,No,0.0,0.0,-2.733,-2.385,0.831655,-1.946155,0.831655,-1.946155,0.8196549999999999,0.2958449999999999,-1.9098650000000004,-2.092635,Houston Texans,2.77781,Houston Texans,2.77781,0.831655,-1.946155,Houston Texans,2.77781,Tie,0.0,Indianapolis Colts,0.3480000000000003,-1.3665,-1.1925,Indianapolis Colts,0.1740000000000001,Houston Texans,0.5238099999999999,Houston Texans,0.1827699999999992,-0.5451050000000002,-0.8983949999999998,Houston Texans,0.3532899999999996,Different,Different,Same,Same,Different,Different,False,Away Team,Away Team,47.5,105.0,-125.0,Houston Texans,Indianapolis Colts,1.5,-1.5,-104,-116,-110,-110,0.5238099999999999,-0.5238099999999999,0.1827699999999992,-0.1827699999999992,0.5556,0.4878,0.537,0.5098,0.5238,0.5238,0.5325,0.4675,0.513,0.487,0.5,0.5,0.5325,0.4675,0.0325,-0.0325,,,20,0.0,70.0,0.0,Dome,True,C.Stroud,R.Leonard,6.21,7.0,12.75,162.64,Med-Low,-3.0,15.0,47.96,47.0,13.178142612999212,32.0,65.0,0.3084,0.6914,0.0812,0.0842,0.3288,0.6712,0.49,0.51,20,2024-01-06,Houston Texans @ Indianapolis Colts,0.4407,0.5592,127,-127,,,,,,,,No Bet,,No Bet,,No Bet,,No Bet,,No Bet,,No Bet,,No Bet,,No Bet,,No Bet,,,,,,,,,,,,,,,0.2905,0.3126,0.2816,0.2947,0.5613,0.5945,0.4312,0.4024,-0.586,-0.6252,-0.1915,0.1485,0.0872,-0.1977,20,0.0,0.0,Houston Texans,Indianapolis Colts,0,0,0,0,0,0,0,0,0,0,0,0,1,0.0,0.0,,,2.178450582412383,0.8129164207871457,0.4982453199906484,0.0261272307593644,0.0257771250268537,0.0003456592161566,0.0017930832409939,0.0003937187863175,0.0015742092303562,0.0003394054510318,0.0015457281879772,0.0001586720483573,0.0001807334026744,0.0008231002600978,0.0007226279278793,0.0009033613305537,0.0033672924713501,0.0007393780024742,0.0,2.0,0.5325,0.4675,0.4856,0.5143,0.5454,0.4542,Houston Texans,Houston Texans,Indianapolis Colts,Houston Texans,Houston Texans,Same,Same,Different,False,False,0.0003394054510318,0.0015457281879772,0.0261272307593644,0.0257771250268537,0.0003394054510318,0.0015457281879772,0.0414653321242729,0.0401322201176855,0.8496634508868888,0.9685316024333339,1.1211601003638405,1.182174219405736,1.2183508635775087,1.2196123137226476,0.6867368564771245,1.5415299444342299,0.9636034214889851,1.2240735019770412
2023_18_TB_CAR,2023,20,2024-01-07,13:00,Tampa Bay Buccaneers,Carolina Panthers,Home,Baker Mayfield,Bryce Young,00-0034855,00-0039150,7,7,0,0,-6,-1,Bank of America Stadium,35.2258,-80.8528,America/New_York,False,False,18,18,Sunday,False,False,0,False,False,0,-6,-1,NFC South,Raymond James Stadium,27.9759,-82.5033,America/New_York,NFC South,Bank of America Stadium,35.2258,-80.8528,America/New_York,New Orleans Saints,Jacksonville Jaguars,Raymond James Stadium,TIAA Bank Field,Playoffs?,Playoffs?,Playoffs?,Playoffs?,510,0,-510,510,0.0,0.0,America/New_York,America/New_York,0.0,0.0,0.0,0.0,0.0,0,1.025,-5.25,1.025,-5.25,Tampa Bay Buccaneers,6.275,Tampa Bay Buccaneers,6.275,1.025,-5.25,Tampa Bay Buccaneers,6.275,0.0,0,No,No,No,No,No,1,No,0.0,0.0,-3.589,-6.54,0.7649199999999999,-4.58392,0.7649199999999999,-4.58392,-0.19733,0.6033299999999999,-3.81584,-5.907159999999999,Tampa Bay Buccaneers,5.34884,Tampa Bay Buccaneers,5.34884,0.7649199999999999,-4.58392,Tampa Bay Buccaneers,5.34884,Tie,0.0,Tampa Bay Buccaneers,2.951,-1.7945,-3.27,Tampa Bay Buccaneers,1.4755,Carolina Panthers,0.8006599999999999,Tampa Bay Buccaneers,2.091319999999999,-2.0065850000000003,-2.651915,Tampa Bay Buccaneers,0.6453299999999995,Different,Same,Different,Same,Different,Same,False,Home Team,Away Team,36.5,200.0,-245.0,Tampa Bay Buccaneers,Carolina Panthers,5.0,-5.0,-122,101,108,-131,-0.8006599999999999,0.8006599999999999,2.091319999999999,-2.091319999999999,0.7101,0.3333,0.4975,0.5495,0.5671,0.4808,0.6806,0.3194,0.4752,0.5248,0.5412,0.4588,0.6806,0.3194,0.1806,-0.1806,54.0,19.0,21,19.0,54.0,0.0,nfl_read_py Fallback,False,B.Mayfield,B.Young,4.69,6.0,12.33,152.01,Low,-4.0,13.0,32.32,32.0,11.165040601194663,19.0,47.0,0.3456,0.6532,0.0994,0.0898,0.465,0.5148,0.341,0.659,20,2024-01-07,Tampa Bay Buccaneers @ Carolina Panthers,0.4122,0.5876,143,-142,,,,,,,,No Bet,,No Bet,,No Bet,,No Bet,,No Bet,,No Bet,,No Bet,,No Bet,,No Bet,,,,,,,,,,,,,,,0.3287,0.2497,0.236,0.266,0.5514,0.7063,0.4408,0.2883,-0.6952,-0.4775,-0.12,0.1099,-0.2872,-0.0447,20,0.0,0.0,Tampa Bay Buccaneers,Carolina Panthers,0,0,0,0,0,0,0,0,0,0,0,0,1,0.0,0.0,,,2.178450582412383,0.9943832770266744,0.0,0.0101939568711919,0.0015979015614948,0.0058429775842906,0.0,0.0124506278768573,0.0,0.0083975306159527,0.0,0.0026821712787353,0.0057153593372174,0.0,0.0,0.0057153593372174,0.0,0.018293605461148,0.0,2.0,0.6806,0.3194,0.5442,0.4554,0.6166,0.382,Tampa Bay Buccaneers,Tampa Bay Buccaneers,Tampa Bay Buccaneers,Tampa Bay Buccaneers,Tampa Bay Buccaneers,Same,Same,Same,False,False,0.0083975306159527,0.0,0.0101939568711919,0.0015979015614948,0.0083975306159527,0.0,0.009464299034034,0.0,0.5734444488823777,1.2447506044378427,1.194960279160514,1.108374040609058,1.103202271031058,1.334760906269102,0.7582039654275978,1.4700628354837626,0.8896159803358845,1.2980609431301462
2023_18_CLE_CIN,2023,20,2024-01-07,13:00,Cleveland Browns,Cincinnati Bengals,Home,Jeff Driskel,Jake Browning,00-0032436,00-0035100,10,7,3,-3,10,-1,Paycor Stadium,39.0955,-84.5165,America/New_York,False,False,18,18,Sunday,False,False,0,False,False,0,10,-1,AFC North,FirstEnergy Stadium,41.5061,-81.6994,America/New_York,AFC North,Paycor Stadium,39.0955,-84.5165,America/New_York,New York Jets,Kansas City Chiefs,FirstEnergy Stadium,GEHA Field at Arrowhead Stadium,Playoffs?,Playoffs?,Playoffs?,Playoffs?,223,0,-223,223,0.0,0.0,America/New_York,America/Chicago,0.0,-1.0,0.0,0.0,0.0,0,-4.705,1.31,-4.705,1.31,Cincinnati Bengals,6.015000000000001,Cincinnati Bengals,6.015000000000001,-4.705,1.31,Cincinnati Bengals,6.015000000000001,0.0,0,No,No,No,No,No,1,No,0.0,0.0,4.563,2.588,-5.22293,1.93793,-5.22293,1.93793,-0.57808,0.68808,3.96517,3.29583,Cincinnati Bengals,7.16086,Cincinnati Bengals,7.16086,-5.22293,1.93793,Cincinnati Bengals,7.16086,Tie,0.0,Cleveland Browns,1.975,2.2815,1.294,Cleveland Browns,0.9874999999999998,Cincinnati Bengals,1.2661600000000002,Cleveland Browns,0.6693399999999996,1.693545,1.991955,Cincinnati Bengals,0.29841,Different,Different,Same,Different,Different,Same,False,Home Team,Away Team,37.0,-360.0,285.0,Cincinnati Bengals,Cleveland Browns,-7.5,7.5,-128,105,-104,-116,-1.2661600000000002,1.2661600000000002,0.6693399999999996,-0.6693399999999996,0.2597,0.7826,0.4878,0.5614,0.537,0.5098,0.2492,0.7508,0.4649,0.5351,0.513,0.487,0.2492,0.7508,-0.2508,0.2508,38.0,12.0,22,12.0,38.0,0.0,nfl_read_py Fallback,False,S.Sanders,J.Burrow,-4.58,-6.0,14.58,212.53,High,-15.0,6.0,50.04,50.0,13.567724542820509,33.0,68.0,0.6282,0.3708,0.084,0.0824,0.4296,0.5704,0.8092,0.1666,20,2024-01-07,Cleveland Browns @ Cincinnati Bengals,0.6003,0.3995,-150,150,,,,,,,,No Bet,,No Bet,,No Bet,,No Bet,,No Bet,,No Bet,,No Bet,,No Bet,,No Bet,,,,,,,,,,,,,,,0.2416,0.2966,0.297,0.3321,0.6604,0.6468,0.3383,0.3502,-0.4557,-0.4839,0.0432,-0.2242,0.0583,-0.0044,20,0.0,0.0,Cincinnati Bengals,Cleveland Browns,0,0,0,0,0,0,0,0,0,0,0,0,1,0.0,0.0,,,2.178450582412383,0.9973076156732656,0.0,0.3695012847695045,0.0052037247533256,0.7389857695726711,0.0,0.2452787077484145,0.0,0.4518185931172817,0.0,0.3392253997124551,0.1125931934048266,0.0,0.0,0.1125931934048266,0.0,0.9842644773210858,0.0,2.0,0.2492,0.7508,0.3256,0.6743,0.3188,0.681,Cincinnati Bengals,Cincinnati Bengals,Cincinnati Bengals,Cincinnati Bengals,Cincinnati Bengals,Same,Same,Same,False,False,0.4518185931172817,0.0,0.3695012847695045,0.0052037247533256,0.4518185931172817,0.0,0.3485038877080907,0.0061259600121085,1.0657389204807342,0.7524561328394799,0.7861278460583125,1.5172064737112587,0.7231903317136273,1.7147728455865334,0.9457062791018191,1.2825605218095386,0.8821526044099478,1.305524319056082
2023_18_MIN_DET,2023,20,2024-01-07,13:00,Minnesota Vikings,Detroit Lions,Home,Nick Mullens,Jared Goff,00-0033319,00-0033106,7,8,-1,1,-2,1,Ford Field,42.3395,-83.045,America/Detroit,False,False,18,18,Sunday,False,False,0,False,False,0,-2,1,NFC North,U.S. Bank Stadium,44.9738,-93.2575,America/Chicago,NFC North,Ford Field,42.3395,-83.045,America/Detroit,Green Bay Packers,Dallas Cowboys,U.S. Bank Stadium,AT&T Stadium,Playoffs?,Playoffs?,Playoffs?,Playoffs?,541,0,-541,541,-1.0,0.0,America/Chicago,America/Chicago,-1.0,-1.0,-1.0,0.0,-1.0,0,0.27,4.305,0.27,4.305,Detroit Lions,4.035,Detroit Lions,4.035,0.27,4.305,Detroit Lions,4.035,0.0,0,No,No,No,No,No,1,No,0.0,0.0,0.438,1.956,0.6950700000000001,4.52393,0.6950700000000001,4.52393,0.38472,0.25928,0.8379,2.2001,Detroit Lions,3.82886,Detroit Lions,3.82886,0.6950700000000001,4.52393,Detroit Lions,3.82886,Tie,0.0,Detroit Lions,1.518,0.219,0.978,Detroit Lions,0.759,Minnesota Vikings,0.12544,Detroit Lions,1.3622,0.61131,1.22969,Detroit Lions,0.6183799999999999,Different,Same,Different,Same,Different,Same,False,Away Team,Home Team,47.5,-205.0,170.0,Detroit Lions,Minnesota Vikings,-3.5,3.5,-110,-110,-128,105,0.12544,-0.12544,-1.3622,1.3622,0.3704,0.6721,0.5238,0.5238,0.4878,0.5614,0.3553,0.6447,0.5,0.5,0.4649,0.5351,0.3553,0.6447,-0.1447,0.1447,,,23,0.0,70.0,0.0,Dome,True,J.McCarthy,J.Goff,-6.69,-7.0,13.89,192.84,Med-High,-16.0,3.0,56.59,56.0,14.31699125541821,39.0,76.0,0.6878,0.3118,0.0776,0.0772,0.612,0.388,0.721,0.279,20,2024-01-07,Minnesota Vikings @ Detroit Lions,0.5919,0.408,-145,145,,,,,,,,No Bet,,No Bet,,No Bet,,No Bet,,No Bet,,No Bet,,No Bet,,No Bet,,No Bet,,,,,,,,,,,,,,,0.2634,0.3357,0.3548,0.2729,0.5915,0.6357,0.4022,0.3586,-0.5493,-0.2976,0.1048,0.0951,0.1475,-0.0038,20,0.0,0.0,Detroit Lions,Minnesota Vikings,0,0,0,0,0,0,0,0,0,0,0,0,1,0.0,0.0,,,2.178450582412383,0.2491358616329878,0.7454340509769344,0.0543769185756209,0.0059677217024411,0.1217561551509089,0.0,0.0671009181404031,0.0,0.0866933015676557,0.0,0.0558911715206676,0.030802130046988,0.0,0.0,0.030802130046988,0.0,0.188857073291312,0.0,2.0,0.3553,0.6447,0.375,0.6249,0.3626,0.637,Detroit Lions,Detroit Lions,Detroit Lions,Detroit Lions,Detroit Lions,Same,Same,Same,False,False,0.0866933015676557,0.0,0.0543769185756209,0.0059677217024411,0.0866933015676557,0.0,0.0366071151823429,0.0074239201478849,1.1273452334416791,0.6908498198785442,1.0747376982923535,1.2285966214772148,1.2180964700766663,1.2198667072234932,1.465283988243228,0.7629828126681336,1.2253074064529588,0.9623695170130709
2023_18_NYJ_NE,2023,20,2024-01-07,13:00,New York Jets,New England Patriots,Home,Trevor Siemian,Bailey Zappe,00-0032156,00-0038108,10,7,3,-3,12,6,Gillette Stadium,42.0628,-71.2687,America/New_York,False,True,18,18,Sunday,False,False,0,False,False,0,12,6,AFC East,MetLife Stadium,40.8136,-74.0744,America/New_York,AFC East,Gillette Stadium,42.0628,-71.2687,America/New_York,Cleveland Browns,Buffalo Bills,FirstEnergy Stadium,Highmark Stadium,Playoffs?,Playoffs?,Playoffs?,Playoffs?,169,0,-169,169,0.0,0.0,America/New_York,America/New_York,0.0,0.0,0.0,0.0,0.0,0,-3.725,-1.995,-3.725,-1.995,New England Patriots,1.73,New England Patriots,1.73,-3.725,-1.995,New England Patriots,1.73,0.0,0,No,No,No,No,No,1,No,0.0,0.0,-1.876,-3.962,-3.797755,-2.597745,-3.797755,-2.597745,-0.0900549999999999,-0.5854449999999999,-1.986915,-4.526585,New England Patriots,1.2000099999999998,New England Patriots,1.2000099999999998,-3.797755,-2.597745,New England Patriots,1.2000099999999998,Tie,0.0,New York Jets,2.0860000000000003,-0.938,-1.981,New York Jets,1.043,New York Jets,0.4953899999999999,New York Jets,2.53967,-1.038485,-2.556015,New York Jets,1.51753,Different,Different,Different,Different,Different,Same,False,Away Team,Away Team,28.5,-142.0,120.0,New England Patriots,New York Jets,-2.5,2.5,-104,-116,117,-142,0.4953899999999999,-0.4953899999999999,2.53967,-2.53967,0.4545,0.5868,0.537,0.5098,0.5868,0.4608,0.4365,0.5635,0.513,0.487,0.5601,0.4399,0.4365,0.5635,-0.0635,0.0635,33.0,14.0,24,14.0,33.0,0.0,nfl_read_py Fallback,False,B.Cook,D.Maye,6.43,7.0,13.64,185.97,Med-High,-4.0,16.0,39.08,39.0,12.23026547703392,23.0,55.0,0.3154,0.6822,0.075,0.0756,0.2822,0.7178,0.8074,0.1926,20,2024-01-07,New York Jets @ New England Patriots,0.4514,0.548,122,-121,,,,,,,,No Bet,,No Bet,,No Bet,,No Bet,,No Bet,,No Bet,,No Bet,,No Bet,,No Bet,,,,,,,,,,,,,,,0.2549,0.3467,0.2911,0.3286,0.4902,0.5304,0.5065,0.4667,-0.6719,-0.8776,-0.2297,-0.3205,-0.1153,-0.2341,20,0.0,0.0,New England Patriots,New York Jets,0,0,0,0,0,0,0,0,0,0,0,0,1,0.0,0.0,,,2.178450582412383,0.9988349410482112,0.9973452086700212,0.0983890321586193,0.0265826320947473,0.1401225573916547,0.0152239304403005,0.1085421407301815,0.0196533443370202,0.1141475047124864,0.0160101289691401,0.0643221189054861,0.0498253858070003,0.0069884212950296,0.0090217076741104,0.0588470934811108,0.0348772747773207,0.2486646981218362,0.0,2.0,0.4365,0.5635,0.5316,0.4682,0.7,0.2988,New England Patriots,New York Jets,New York Jets,New York Jets,New York Jets,Same,Same,Same,False,False,0.1141475047124864,0.0160101289691401,0.0983890321586193,0.0265826320947473,0.1141475047124864,0.0160101289691401,0.0945766224364827,0.0326479463545175,0.9548514059390808,0.8633436473811326,1.0099744777884163,1.2933598419811556,0.9520716805684507,1.4858914967317096,0.6166509050482959,1.6116158958630622,0.8881302916842153,1.2995466317818203
2023_18_ATL_NO,2023,20,2024-01-07,13:00,Atlanta Falcons,New Orleans Saints,Home,Desmond Ridder,Derek Carr,00-0038122,00-0031280,7,7,0,0,-13,4,Caesars Superdome,29.9507,-90.0813,America/Chicago,False,True,18,18,Sunday,False,False,0,False,False,0,-13,4,NFC South,Mercedes-Benz Stadium,33.7489,-84.388,America/New_York,NFC South,Caesars Superdome,29.9507,-90.0813,America/Chicago,Chicago Bears,Tampa Bay Buccaneers,Soldier Field,Raymond James Stadium,Playoffs?,Playoffs?,Playoffs?,Playoffs?,424,0,-424,424,1.0,0.0,America/Chicago,America/New_York,0.0,1.0,0.0,0.0,0.0,0,-0.71,-6.145,-0.71,-6.145,Atlanta Falcons,5.435,Atlanta Falcons,5.435,-0.71,-6.145,Atlanta Falcons,5.435,0.0,0,No,No,No,No,No,1,No,0.0,0.0,-4.405,-0.567,-3.1381149999999995,-5.403384999999999,-3.1381149999999995,-5.403384999999999,-2.373765,0.6872649999999999,-6.740385000000001,0.081885,Atlanta Falcons,2.26527,Atlanta Falcons,2.26527,-3.1381149999999995,-5.403384999999999,Atlanta Falcons,2.26527,Tie,0.0,New Orleans Saints,3.838,-2.2025,-0.2835,New Orleans Saints,1.919,New Orleans Saints,3.06103,New Orleans Saints,6.8222700000000005,-4.557075,0.3845749999999999,New Orleans Saints,4.94165,Different,Different,Different,Different,Different,Same,False,Home Team,Home Team,41.5,-175.0,145.0,New Orleans Saints,Atlanta Falcons,-3.5,3.5,-164,135,-319,249,-3.06103,3.06103,-6.8222700000000005,6.8222700000000005,0.4082,0.6364,0.4255,0.6212,0.2865,0.7613,0.3908,0.6092,0.4065,0.5935,0.2734,0.7266,0.3908,0.6092,-0.1092,0.1092,,,25,0.0,70.0,0.0,Dome,True,K.Cousins,T.Shough,6.96,7.0,13.65,186.39,Med-High,-3.0,17.0,48.9,48.0,13.406118925510434,32.0,67.0,0.3042,0.6948,0.0762,0.0826,0.2402,0.7598,0.6954,0.3046,20,2024-01-07,Atlanta Falcons @ New Orleans Saints,0.5584,0.4414,-126,127,,,,,,,,No Bet,,No Bet,,No Bet,,No Bet,,No Bet,,No Bet,,No Bet,,No Bet,,No Bet,,,,,,,,,,,,,,,0.238,0.2613,0.2605,0.2795,0.623,0.7351,0.3722,0.2613,-0.5075,-0.4785,0.0026,-0.0376,0.0026,-0.0622,20,0.0,0.0,New Orleans Saints,Atlanta Falcons,0,0,0,0,0,0,0,0,0,0,0,0,1,0.0,0.0,,,2.178450582412383,0.4977978152757721,0.9917406454254072,0.0490505464258054,0.0242745738045202,0.0517263246129038,0.0089531821391442,0.0331822844036816,0.0139567005096383,0.0389766055296783,0.0105165950670373,0.02374454808868,0.0152320574409982,0.0041098853521981,0.0064067097148391,0.0216387671558374,0.0229098826487826,0.0849086090165854,0.0,2.0,0.3908,0.6092,0.369,0.6307,0.4888,0.5104,New Orleans Saints,New Orleans Saints,New Orleans Saints,Atlanta Falcons,New Orleans Saints,Same,Different,Same,False,False,0.0389766055296783,0.0105165950670373,0.0490505464258054,0.0242745738045202,0.0389766055296783,0.0105165950670373,0.0567625092068604,0.0320890176255988,1.0841704105801142,0.7340246427401065,1.3280528042427178,0.9752815155268573,1.7346453668331718,0.7033178104669834,0.6466005476276647,1.5816662532836965,1.1855812840030646,1.0020956394629656
2023_18_JAX_TEN,2023,20,2024-01-07,13:00,Jacksonville Jaguars,Tennessee Titans,Home,Trevor Lawrence,Ryan Tannehill,00-0036971,00-0029701,7,7,0,0,-1,12,Nissan Stadium,36.1664,-86.7716,America/Chicago,False,False,18,18,Sunday,False,False,0,False,False,0,-1,12,AFC South,TIAA Bank Field,30.3239,-81.6554,America/New_York,AFC South,Nissan Stadium,36.1664,-86.7716,America/Chicago,Carolina Panthers,Houston Texans,TIAA Bank Field,NRG Stadium,Playoffs?,Playoffs?,Playoffs?,Playoffs?,500,0,-500,500,1.0,0.0,America/New_York,America/Chicago,1.0,0.0,1.0,0.0,1.0,0,-1.825,-4.36,-1.825,-4.36,Jacksonville Jaguars,2.535,Jacksonville Jaguars,2.535,-1.825,-4.36,Jacksonville Jaguars,2.535,0.0,0,No,No,No,No,No,1,No,0.0,0.0,0.366,-4.504,-1.5279,-2.8411000000000004,-1.5279,-2.8411000000000004,0.32245,1.4935500000000002,0.63975,-2.9617499999999994,Jacksonville Jaguars,1.3132000000000004,Jacksonville Jaguars,1.3132000000000004,-1.5279,-2.8411000000000004,Jacksonville Jaguars,1.3132000000000004,Tie,0.0,Jacksonville Jaguars,4.869999999999999,0.183,-2.252,Jacksonville Jaguars,2.435,Tennessee Titans,1.1711,Jacksonville Jaguars,3.6015,0.4811,-0.7340999999999996,Jacksonville Jaguars,1.2151999999999996,Different,Same,Different,Same,Different,Same,False,Home Team,Away Team,41.5,154.0,-185.0,Jacksonville Jaguars,Tennessee Titans,3.5,-3.5,-122,101,156,-191,-1.1711,1.1711,3.6015,-3.6015,0.6491,0.3937,0.4975,0.5495,0.6564,0.3906,0.6225,0.3775,0.4752,0.5248,0.6269,0.3731,0.6225,0.3775,0.1225,-0.1225,41.0,11.0,26,11.0,41.0,0.0,nfl_read_py Fallback,False,T.Lawrence,C.Ward,7.86,9.0,13.25,175.51,Medium,-2.0,17.0,44.69,44.0,13.180194381904576,29.0,62.0,0.2716,0.7276,0.072,0.0728,0.347,0.653,0.5758,0.4242,20,2024-01-07,Jacksonville Jaguars @ Tennessee Titans,0.3868,0.6131,159,-158,,,,,,,,No Bet,,No Bet,,No Bet,,No Bet,,No Bet,,No Bet,,No Bet,,No Bet,,No Bet,,,,,,,,,,,,,,,0.363,0.2267,0.3008,0.293,0.589,0.5938,0.4093,0.3981,-0.5928,-0.6737,0.0761,-0.0188,-0.1562,-0.0585,20,0.0,0.0,Jacksonville Jaguars,Tennessee Titans,0,0,0,0,0,0,0,0,0,0,0,0,1,0.0,0.0,,,2.178450582412383,0.4982910274508587,0.0,0.0104775055430692,0.0015979015614948,0.0001935975167768,0.0,0.0003192435872678,0.0,0.0002354155325739,0.0,8.886936354668091e-05,0.0001465461690273,0.0,0.0,0.0001465461690273,0.0,0.0005128411040447,0.0,2.0,0.6225,0.3775,0.606,0.3939,0.7414,0.2578,Jacksonville Jaguars,Jacksonville Jaguars,Jacksonville Jaguars,Jacksonville Jaguars,Jacksonville Jaguars,Same,Same,Same,False,False,0.0002354155325739,0.0,0.0104775055430692,0.0015979015614948,0.0002354155325739,0.0,0.0149415425379108,0.0,0.6782119341091918,1.1399831192110232,1.1945038773664653,1.108830442403107,0.8947617064891384,1.5432014708110235,0.5945078993496679,1.6337589015616825,0.8339327332731594,1.3537441901928697
2023_18_SEA_ARI,2023,20,2024-01-07,16:25,Seattle Seahawks,Arizona Cardinals,Home,Geno Smith,Kyler Murray,00-0030565,00-0035228,7,7,0,0,-5,5,State Farm Stadium,33.5277,-112.262608,America/Denver,False,False,18,18,Sunday,False,False,0,False,False,0,-5,5,NFC West,Lumen Field,47.5952,-122.3316,America/Los_Angeles,NFC West,State Farm Stadium,33.5277,-112.262608,America/Denver,Pittsburgh Steelers,Philadelphia Eagles,Lumen Field,Lincoln Financial Field,Playoffs?,Playoffs?,Playoffs?,Playoffs?,1103,0,-1103,1103,-1.0,0.0,America/Los_Angeles,America/New_York,-1.0,2.0,-1.0,0.0,-1.0,0,-0.13,0.075,-0.13,0.075,Arizona Cardinals,0.205,Arizona Cardinals,0.205,-0.13,0.075,Arizona Cardinals,0.205,0.0,0,No,No,No,No,No,1,No,0.0,0.0,-0.78,-5.445,-0.912575,0.697075,-0.912575,0.697075,-0.7846249999999999,0.624125,-1.611275,-4.774225,Arizona Cardinals,1.60965,Arizona Cardinals,1.60965,-0.912575,0.697075,Arizona Cardinals,1.60965,Tie,0.0,Seattle Seahawks,4.665,-0.39,-2.7225,Seattle Seahawks,2.3325,Arizona Cardinals,1.40875,Seattle Seahawks,3.1629500000000004,-1.19795,-2.07505,Seattle Seahawks,0.8771,Different,Different,Same,Different,Different,Same,False,Home Team,Away Team,48.0,130.0,-155.0,Seattle Seahawks,Arizona Cardinals,2.5,-2.5,-128,105,135,-164,-1.40875,1.40875,3.1629500000000004,-3.1629500000000004,0.6078,0.4348,0.4878,0.5614,0.6212,0.4255,0.583,0.417,0.4649,0.5351,0.5935,0.4065,0.583,0.417,0.083,-0.083,,,27,0.0,70.0,0.0,Dome,True,S.Darnold,J.Brissett,-2.1,-3.0,13.65,186.29,Med-High,-12.0,8.0,50.37,50.0,13.817798691258114,33.0,68.0,0.5606,0.4388,0.0826,0.0882,0.5906,0.4094,0.5408,0.4404,20,2024-01-07,Seattle Seahawks @ Arizona Cardinals,0.4798,0.52,108,-108,,,,,,,,No Bet,,No Bet,,No Bet,,No Bet,,No Bet,,No Bet,,No Bet,,No Bet,,No Bet,,,,,,,,,,,,,,,0.2719,0.2939,0.2422,0.3043,0.6831,0.6012,0.3169,0.3972,-0.5808,-0.4696,-0.2271,0.0223,-0.1673,0.0805,20,0.0,0.0,Seattle Seahawks,Arizona Cardinals,0,0,0,0,0,0,0,0,0,0,0,0,1,0.0,0.0,,,2.178450582412383,0.9984235571792968,0.0,0.0240262388702339,0.0015979015614948,0.0096036679236115,0.0,0.0134267107900852,0.0,0.0105719078043961,0.0,0.0044084855544332,0.0061634222499629,0.0,0.0,0.0061634222499629,0.0,0.0230303787136968,0.0,2.0,0.583,0.417,0.545,0.4548,0.4494,0.5498,Seattle Seahawks,Arizona Cardinals,Seattle Seahawks,Arizona Cardinals,Seattle Seahawks,Same,Same,Same,False,False,0.0105719078043961,0.0,0.0240262388702339,0.0015979015614948,0.0105719078043961,0.0,0.03163326607711,0.0,0.7369943483292938,1.081200704990925,1.1964797294139249,1.106854590355647,0.9527215222893907,1.4852416550107683,1.214870996515657,1.0133958043956999,1.0170262423514536,1.1706506811145823
2023_18_CHI_GB,2023,20,2024-01-07,16:25,Chicago Bears,Green Bay Packers,Home,Justin Fields,Jordan Love,00-0036945,00-0036264,7,7,0,0,12,0,Lambeau Field,44.5013,-88.0622,America/Chicago,False,False,18,18,Sunday,False,False,0,False,False,0,12,0,NFC North,Soldier Field,41.8623,-87.6167,America/Chicago,NFC North,Lambeau Field,44.5013,-88.0622,America/Chicago,Atlanta Falcons,Minnesota Vikings,Soldier Field,U.S. Bank Stadium,Playoffs?,Playoffs?,Playoffs?,Playoffs?,184,0,-184,184,0.0,0.0,America/Chicago,America/Chicago,0.0,0.0,0.0,0.0,0.0,0,-1.575,3.535,-1.575,3.535,Green Bay Packers,5.11,Green Bay Packers,5.11,-1.575,3.535,Green Bay Packers,5.11,0.0,0,No,No,No,No,No,1,No,0.0,0.0,-1.925,-2.331,-2.433665,3.136165,-2.433665,3.136165,-0.909765,-0.347735,-2.838825,-2.674675,Green Bay Packers,5.56983,Green Bay Packers,5.56983,-2.433665,3.136165,Green Bay Packers,5.56983,Tie,0.0,Chicago Bears,0.4059999999999999,-0.9625,-1.1655,Chicago Bears,0.2029999999999999,Green Bay Packers,0.5620299999999999,Green Bay Packers,0.1641499999999998,-1.874295,-1.511205,Green Bay Packers,0.3630899999999999,Different,Different,Same,Same,Different,Different,False,Home Team,Home Team,45.5,-148.0,124.0,Green Bay Packers,Chicago Bears,-2.5,2.5,-116,-104,-110,-110,-0.5620299999999999,0.5620299999999999,-0.1641499999999998,0.1641499999999998,0.4464,0.5968,0.5098,0.537,0.5238,0.5238,0.4279,0.5721,0.487,0.513,0.5,0.5,0.4279,0.5721,-0.0721,0.0721,34.0,7.0,28,7.0,34.0,0.0,nfl_read_py Fallback,False,C.Williams,C.Tune,11.01,11.0,14.28,204.03,High,3.0,21.0,42.96,43.0,12.695990429840396,27.0,60.0,0.2234,0.7764,0.0724,0.0672,0.2026,0.7974,0.4046,0.5954,20,2024-01-07,Chicago Bears @ Green Bay Packers,0.4521,0.5478,121,-121,,,,,,,,No Bet,,No Bet,,No Bet,,No Bet,,No Bet,,No Bet,,No Bet,,No Bet,,No Bet,,,,,,,,,,,,,,,0.228,0.353,0.286,0.2469,0.6205,0.6272,0.3764,0.3692,-0.3997,-0.6586,0.1878,-0.219,-0.0488,-0.0785,20,0.0,0.0,Green Bay Packers,Chicago Bears,0,0,0,0,0,0,0,0,0,0,0,0,1,0.0,0.0,,,2.178450582412383,0.4972518622330574,0.4722280321990013,0.0274009352393592,0.0096022989682746,0.0114949013941987,1.1879021279334929e-05,0.0085975673948219,1.5882187599690378e-05,0.009223284177863,1.2743556867047664e-05,0.0052766408781554,0.0039466432997076,5.452967983409695e-06,7.290588883637969e-06,0.0039539338885912,2.7761208879025307e-05,0.0200924687890207,0.0,2.0,0.4279,0.5721,0.4163,0.5834,0.4672,0.5314,Green Bay Packers,Green Bay Packers,Green Bay Packers,Chicago Bears,Chicago Bears,Same,Different,Different,False,False,0.009223284177863,1.2743556867047664e-05,0.0274009352393592,0.0096022989682746,0.009223284177863,1.2743556867047664e-05,0.0381919712381891,0.0135909311368197,1.0229600279684394,0.7952350253517736,1.152964624484459,1.1503696952851137,1.1869865537871973,1.2509766235129631,0.47937711458084037,1.748889686330519,0.9633941006102147,1.224282822855815
2023_18_KC_LAC,2023,20,2024-01-07,16:25,Kansas City Chiefs,Los Angeles Chargers,Home,Blaine Gabbert,Easton Stick,00-0027948,00-0035282,7,7,0,0,-12,-6,SoFi Stadium,33.9535,-118.3395,America/Los_Angeles,False,False,18,18,Sunday,False,False,0,False,False,0,-12,-6,AFC West,GEHA Field at Arrowhead Stadium,39.0489,-94.4839,America/Chicago,AFC West,SoFi Stadium,33.9535,-118.3395,America/Los_Angeles,Cincinnati Bengals,Denver Broncos,GEHA Field at Arrowhead Stadium,Empower Field at Mile High,Playoffs?,Playoffs?,Playoffs?,Playoffs?,1366,0,-1366,1366,2.0,0.0,America/Chicago,America/Denver,2.0,1.0,2.0,0.0,2.0,0,4.395,0.935,4.395,0.935,Kansas City Chiefs,3.4599999999999995,Kansas City Chiefs,3.4599999999999995,4.395,0.935,Kansas City Chiefs,3.4599999999999995,-0.15,0,No,No,No,No,No,1,No,0.0,0.0,7.168,-1.654,3.41835,1.05165,3.41835,1.05165,-0.9420500000000002,0.0820499999999999,6.13773,-1.48373,Kansas City Chiefs,2.3667,Kansas City Chiefs,2.3667,3.41835,1.05165,Kansas City Chiefs,2.3667,Tie,0.0,Kansas City Chiefs,8.822,3.584,-0.827,Kansas City Chiefs,4.411,Los Angeles Chargers,1.0241000000000002,Kansas City Chiefs,7.621459999999999,2.59784,-0.70084,Kansas City Chiefs,3.29868,Different,Same,Different,Same,Different,Same,False,Home Team,Away Team,35.0,-185.0,154.0,Los Angeles Chargers,Kansas City Chiefs,-3.5,3.5,-122,101,268,-346,-1.0241000000000002,1.0241000000000002,7.621459999999999,-7.621459999999999,0.3937,0.6491,0.4975,0.5495,0.7758,0.2717,0.3775,0.6225,0.4752,0.5248,0.7406,0.2594,0.3775,0.6225,-0.1225,0.1225,,,29,0.0,70.0,0.0,Dome,True,S.Buechele,T.Lance,3.69,5.0,13.5,182.34,Med-High,-7.0,13.0,42.56,42.0,12.13893918466131,28.0,59.0,0.3914,0.6076,0.0832,0.0742,0.3208,0.6792,0.7114,0.2536,20,2024-01-07,Kansas City Chiefs @ Los Angeles Chargers,0.4495,0.5502,122,-122,,,,,,,,No Bet,,No Bet,,No Bet,,No Bet,,No Bet,,No Bet,,No Bet,,No Bet,,No Bet,,,,,,,,,,,,,,,0.284,0.2676,0.2682,0.2961,0.5883,0.6119,0.409,0.3854,-0.5639,-0.2269,0.0757,0.2081,0.0222,-0.012,20,0.0,0.0,Los Angeles Chargers,Kansas City Chiefs,0,0,0,0,0,0,0,0,0,0,0,0,1,0.0,0.0,,,2.178450582412383,0.2489793253727458,0.0,0.0428282802782344,0.0015979015614948,0.0956237254548584,0.0,0.057988684914392,0.0,0.0705145260624376,0.0,0.0438952924738674,0.0266192335885702,0.0,0.0,0.0266192335885702,0.0,0.1536124103692504,0.0,2.0,0.3775,0.6225,0.5936,0.4064,0.781,0.2188,Los Angeles Chargers,Kansas City Chiefs,Kansas City Chiefs,Kansas City Chiefs,Kansas City Chiefs,Same,Same,Same,False,False,0.0705145260624376,0.0,0.0428282802782344,0.0015979015614948,0.0705145260624376,0.0,0.0268890645086385,0.0,1.0929551525044117,0.7252399008157981,1.1427591595794142,1.160575160190157,0.5793583897761367,1.8586047875240188,0.8138625272441607,1.4144042736671945,0.9248965665619635,1.2627803569040676
2023_18_DEN_LV,2023,20,2024-01-07,16:25,Denver Broncos,Las Vegas Raiders,Home,Jarrett Stidham,Aidan O'Connell,00-0035264,00-0038579,7,7,0,0,3,-5,Allegiant Stadium,36.108,-115.1578,America/Los_Angeles,False,False,18,18,Sunday,False,False,0,False,False,0,3,-5,AFC West,Empower Field at Mile High,39.7648,-105.0076,America/Denver,AFC West,Allegiant Stadium,36.108,-115.1578,America/Los_Angeles,Los Angeles Chargers,Indianapolis Colts,Empower Field at Mile High,Lucas Oil Stadium,Playoffs?,Playoffs?,Playoffs?,Playoffs?,607,0,-607,607,1.0,0.0,America/Denver,America/Indiana/Indianapolis,1.0,3.0,1.0,0.0,1.0,0,2.05,-2.35,2.05,-2.35,Denver Broncos,4.4,Denver Broncos,4.4,2.05,-2.35,Denver Broncos,4.4,0.0,0,No,No,No,No,No,1,No,0.0,0.0,-3.855,-0.919,1.322385,-1.7758850000000002,1.322385,-1.7758850000000002,-0.683615,0.530115,-4.5092550000000005,-0.4182450000000001,Denver Broncos,3.0982700000000003,Denver Broncos,3.0982700000000003,1.322385,-1.7758850000000002,Denver Broncos,3.0982700000000003,Tie,0.0,Las Vegas Raiders,2.936,-1.9275,-0.4595,Las Vegas Raiders,1.468,Las Vegas Raiders,1.21373,Las Vegas Raiders,4.091010000000001,-2.596435,0.0559349999999999,Las Vegas Raiders,2.65237,Different,Different,Different,Different,Different,Same,False,Home Team,Home Team,37.5,-175.0,145.0,Las Vegas Raiders,Denver Broncos,-3.5,3.5,-122,101,-211,171,-1.21373,1.21373,-4.091010000000001,4.091010000000001,0.4082,0.6364,0.4975,0.5495,0.369,0.6785,0.3908,0.6092,0.4752,0.5248,0.3523,0.6477,0.3908,0.6092,-0.1092,0.1092,,,30,0.0,70.0,0.0,Dome,True,B.Nix,A.O'Connell,-3.57,-5.0,12.99,168.77,Med-Low,-13.0,6.0,39.86,39.0,12.202716627809552,25.0,56.0,0.6118,0.3872,0.0908,0.0882,0.5284,0.4716,0.5474,0.4526,20,2024-01-07,Denver Broncos @ Las Vegas Raiders,0.5984,0.4014,-149,149,,,,,,,,No Bet,,No Bet,,No Bet,,No Bet,,No Bet,,No Bet,,No Bet,,No Bet,,No Bet,,,,,,,,,,,,,,,0.2638,0.3759,0.2558,0.279,0.5989,0.6616,0.3993,0.3299,-0.62,-0.3854,0.0302,0.0273,-0.2326,-0.2213,20,0.0,0.0,Las Vegas Raiders,Denver Broncos,0,0,0,0,0,0,0,0,0,0,0,0,1,0.0,0.0,,,2.178450582412383,0.992379881509214,0.8007021904184373,0.1156610585796117,0.0170227847587968,0.2221576098100817,4.0162339499811306e-05,0.1425134502852593,6.260720886203954e-05,0.167399280497568,4.717552428848095e-05,0.1019796416791184,0.0654196388184496,1.843619489193836e-05,2.87393293965426e-05,0.0654483781478461,0.0001027695483618,0.364671060095341,0.0,2.0,0.3908,0.6092,0.3817,0.6179,0.3612,0.6372,Las Vegas Raiders,Las Vegas Raiders,Las Vegas Raiders,Las Vegas Raiders,Las Vegas Raiders,Same,Same,Same,False,False,0.167399280497568,4.717552428848095e-05,0.1156610585796117,0.0170227847587968,0.167399280497568,4.717552428848095e-05,0.0913281134801839,0.0261765763372291,1.0135178142645977,0.8046772390556154,1.0557522348567399,1.2475820849128285,1.4101750370769384,1.027788140223222,1.2164252154054531,1.011841585505907,1.168892001707666,1.018784921758369
2023_18_PHI_NYG,2023,20,2024-01-07,16:25,Philadelphia Eagles,New York Giants,Home,Jalen Hurts,Tyrod Taylor,00-0036389,00-0028118,7,7,0,0,-7,-8,MetLife Stadium,40.8136,-74.0744,America/New_York,False,False,18,18,Sunday,False,False,0,False,False,0,-7,-8,NFC East,Lincoln Financial Field,39.9008,-75.1675,America/New_York,NFC East,MetLife Stadium,40.8136,-74.0744,America/New_York,Arizona Cardinals,Los Angeles Rams,Lincoln Financial Field,MetLife Stadium,Playoffs?,Playoffs?,Playoffs?,Playoffs?,85,0,-85,85,0.0,0.0,America/New_York,America/New_York,0.0,0.0,0.0,0.0,0.0,0,4.905,-2.84,4.905,-2.84,Philadelphia Eagles,7.745,Philadelphia Eagles,7.745,4.905,-2.84,Philadelphia Eagles,7.745,0.0,0,No,No,No,No,No,1,No,0.0,0.0,4.099,-5.901,3.844675000000001,-1.332175,3.844675000000001,-1.332175,-0.982875,1.4303750000000002,3.016125,-4.370625,Philadelphia Eagles,5.176850000000001,Philadelphia Eagles,5.176850000000001,3.844675000000001,-1.332175,Philadelphia Eagles,5.176850000000001,Tie,0.0,Philadelphia Eagles,10.0,2.0495,-2.9505,Philadelphia Eagles,5.0,New York Giants,2.41325,Philadelphia Eagles,7.386749999999999,1.016625,-1.4701249999999997,Philadelphia Eagles,2.48675,Different,Same,Different,Same,Different,Same,False,Home Team,Away Team,43.0,190.0,-238.0,Philadelphia Eagles,New York Giants,4.5,-4.5,-142,117,268,-346,-2.41325,2.41325,7.386749999999999,-7.386749999999999,0.7041,0.3448,0.4608,0.5868,0.7758,0.2717,0.6713,0.3287,0.4399,0.5601,0.7406,0.2594,0.6713,0.3287,0.1713,-0.1713,36.0,12.0,31,12.0,36.0,0.0,nfl_read_py Fallback,False,T.McKee,J.Dart,1.48,3.0,14.24,202.68,High,-9.0,12.0,42.35,42.0,12.776094523689768,27.0,59.0,0.444,0.5558,0.088,0.0808,0.5468,0.4532,0.434,0.525,20,2024-01-07,Philadelphia Eagles @ New York Giants,0.398,0.6019,151,-151,,,,,,,,No Bet,,No Bet,,No Bet,,No Bet,,No Bet,,No Bet,,No Bet,,No Bet,,No Bet,,,,,,,,,,,,,,,0.3856,0.2864,0.3055,0.2992,0.6193,0.6799,0.3807,0.3201,-0.7488,-0.2806,-0.1169,0.095,-0.2288,0.0857,20,0.0,0.0,Philadelphia Eagles,New York Giants,0,0,0,0,0,0,0,0,0,0,0,0,1,0.0,0.0,,,2.178450582412383,0.4971405156862653,0.001932523295857,0.0046248417375943,0.0093519456469187,0.0,0.0028261102330373,0.0,0.0013837962663479,0.0,0.001932523295857,0.0,0.0,0.0012973028885088,0.0006352204073482,0.0006352204073482,0.0042099064993852,0.0,0.0,2.0,0.6713,0.3287,0.6566,0.3432,0.7196,0.2796,Philadelphia Eagles,Philadelphia Eagles,Philadelphia Eagles,Philadelphia Eagles,Philadelphia Eagles,Same,Same,Same,False,False,0.0,0.001932523295857,0.0046248417375943,0.0093519456469187,0.0,0.001932523295857,0.0051424913234349,0.0119906268055249,0.6017600534349532,1.2164349998852697,1.2975889248865335,1.0057453948830395,0.6390033873994783,1.7989597899006875,0.9965640041418493,1.231702796769513,0.8773547191501163,1.310322204315916
2023_18_LA_SF,2023,20,2024-01-07,16:25,Los Angeles Rams,San Francisco 49ers,Home,Carson Wentz,Sam Darnold,00-0032950,00-0034869,7,7,0,0,-17,-20,Levi's Stadium,37.4031,-121.9702,America/Los_Angeles,False,True,18,18,Sunday,False,False,0,False,False,0,-17,-20,NFC West,SoFi Stadium,33.9535,-118.3395,America/Los_Angeles,NFC West,Levi's Stadium,37.4031,-121.9702,America/Los_Angeles,New York Giants,Washington Commanders,MetLife Stadium,FedExField,Playoffs?,Playoffs?,Playoffs?,Playoffs?,313,0,-313,313,0.0,0.0,America/New_York,America/New_York,3.0,3.0,0.0,0.0,0.0,0,1.29,3.325,1.29,3.325,San Francisco 49ers,2.035,San Francisco 49ers,2.035,1.29,3.325,San Francisco 49ers,2.035,0.0,0,No,No,No,No,No,1,No,0.0,0.0,0.596,9.845,-0.23118,1.61318,-0.23118,1.61318,-1.54153,-1.69147,-0.85304,8.06104,San Francisco 49ers,1.84436,San Francisco 49ers,1.84436,-0.23118,1.61318,San Francisco 49ers,1.84436,Tie,0.0,San Francisco 49ers,9.249,0.298,4.9225,San Francisco 49ers,4.6245,Los Angeles Rams,0.1499399999999999,San Francisco 49ers,8.91408,-1.197285,3.184785,San Francisco 49ers,4.382070000000001,Different,Same,Different,Same,Different,Same,False,Away Team,Home Team,40.0,-245.0,200.0,San Francisco 49ers,Los Angeles Rams,-5.5,5.5,-110,-110,-416,314,0.1499399999999999,-0.1499399999999999,-8.91408,8.91408,0.3333,0.7101,0.5238,0.5238,0.2415,0.8062,0.3194,0.6806,0.5,0.5,0.2305,0.7695,0.3194,0.6806,-0.1806,0.1806,52.0,11.0,32,11.0,52.0,0.0,nfl_read_py Fallback,False,M.Stafford,B.Purdy,-5.23,-6.0,13.61,185.12,Med-High,-14.0,4.0,57.24,57.0,14.594741173929286,39.0,76.0,0.6522,0.347,0.0934,0.0936,0.5084,0.4916,0.876,0.1082,20,2024-01-07,Los Angeles Rams @ San Francisco 49ers,0.6506,0.3492,-186,186,,,,,,,,No Bet,,No Bet,,No Bet,,No Bet,,No Bet,,No Bet,,No Bet,,No Bet,,No Bet,,,,,,,,,,,,,,,0.3095,0.2679,0.3166,0.2474,0.6282,0.571,0.3718,0.4258,-0.1795,-0.495,0.2359,0.0735,0.5481,0.0529,20,0.0,0.0,San Francisco 49ers,Los Angeles Rams,0,0,0,0,0,0,0,0,0,0,0,0,1,0.0,0.0,,,2.178450582412383,0.0,0.0,0.0015979015614948,0.0015979015614948,0.0,0.0,0.0,0.0,0.0,0.0,0.0,0.0,0.0,0.0,0.0,0.0,0.0,0.0,2.0,0.3194,0.6806,0.3304,0.6693,0.3484,0.6506,San Francisco 49ers,San Francisco 49ers,San Francisco 49ers,San Francisco 49ers,San Francisco 49ers,Same,Same,Same,False,False,0.0,0.0,0.0015979015614948,0.0015979015614948,0.0,0.0,0.0,0.0,1.237463553289746,0.5807315000304766,1.151667159884788,1.151667159884788,1.8760126649324704,0.5619505123676864,1.453275607554387,0.7749911933569711,1.4233026064069976,0.7643743170590331
2023_18_DAL_WAS,2023,20,2024-01-07,16:25,Dallas Cowboys,Washington Commanders,Home,Dak Prescott,Sam Howell,00-0033077,00-0037077,8,7,1,-1,1,12,FedExField,38.9077,-76.8645,America/New_York,False,False,18,18,Sunday,False,False,0,False,False,0,1,12,NFC East,AT&T Stadium,32.7369,-97.0826,America/Chicago,NFC East,FedExField,38.9077,-76.8645,America/New_York,Detroit Lions,San Francisco 49ers,AT&T Stadium,FedExField,Playoffs?,Playoffs?,Playoffs?,Playoffs?,1206,0,-1206,1206,-1.0,0.0,America/Chicago,America/New_York,-1.0,0.0,-1.0,0.0,-1.0,0,-0.615,1.45,-0.615,1.45,Washington Commanders,2.065,Washington Commanders,2.065,-0.615,1.45,Washington Commanders,2.065,0.0,0,No,No,No,No,No,1,No,0.0,0.0,6.114,-4.983,-3.534635,1.352135,-3.534635,1.352135,-2.940285,-0.0772149999999998,3.062745,-4.949245,Washington Commanders,4.88677,Washington Commanders,4.88677,-3.534635,1.352135,Washington Commanders,4.88677,Tie,0.0,Dallas Cowboys,11.097,3.057,-2.4915,Dallas Cowboys,5.5485,Washington Commanders,2.86307,Dallas Cowboys,8.01199,0.0612300000000001,-2.51323,Dallas Cowboys,2.57446,Different,Different,Same,Different,Different,Same,False,Home Team,Away Team,47.5,575.0,-850.0,Dallas Cowboys,Washington Commanders,13.0,-13.0,-164,135,282,-366,-2.86307,2.86307,8.01199,-8.01199,0.8947,0.1481,0.4255,0.6212,0.7854,0.2618,0.8579,0.1421,0.4065,0.5935,0.75,0.25,0.8579,0.1421,0.3579,-0.3579,48.0,13.0,33,13.0,48.0,0.0,nfl_read_py Fallback,False,J.Milton III,J.Johnson,0.58,1.0,13.78,190.01,Med-High,-10.0,10.0,50.59,50.0,13.499238276540249,33.0,68.0,0.4846,0.5146,0.0842,0.079,0.7974,0.1744,0.571,0.429,20,2024-01-07,Dallas Cowboys @ Washington Commanders,0.3676,0.6322,172,-172,,,,,,,,No Bet,,No Bet,,No Bet,,No Bet,,No Bet,,No Bet,,No Bet,,No Bet,,No Bet,,,,,,,,,,,,,,,0.3106,0.2634,0.2825,0.3354,0.5762,0.5655,0.4224,0.4345,-0.6459,-0.3388,-0.0713,0.1114,-0.2174,0.1738,20,0.0,0.0,Dallas Cowboys,Washington Commanders,0,0,0,0,0,0,0,0,0,0,0,0,1,0.0,0.0,,,2.178450582412383,0.0,0.0,0.0015979015614948,0.0015979015614948,0.0,0.0,0.0,0.0,0.0,0.0,0.0,0.0,0.0,0.0,0.0,0.0,0.0,0.0,2.0,0.8579,0.1421,0.731,0.2689,0.8126,0.187,Dallas Cowboys,Dallas Cowboys,Dallas Cowboys,Dallas Cowboys,Dallas Cowboys,Same,Same,Same,False,False,0.0,0.0,0.0015979015614948,0.0015979015614948,0.0,0.0,0.0,0.0,0.258365517076804,1.559829536243418,1.3670289187832396,0.9363054009863301,0.6094907943250396,1.8284723829751244,1.0798180917216473,1.148448709189712,0.8041900370661142,1.383486886399914
2023_18_BUF_MIA,2023,20,2024-01-07,20:20,Buffalo Bills,Miami Dolphins,Home,Josh Allen,Tua Tagovailoa,00-0034857,00-0036212,7,7,0,0,0,7,Hard Rock Stadium,25.9602,-80.2384,America/New_York,False,False,18,18,Sunday,False,False,0,False,False,0,0,7,AFC East,Highmark Stadium,42.7725,-78.7877,America/New_York,AFC East,Hard Rock Stadium,25.9602,-80.2384,America/New_York,New England Patriots,Baltimore Ravens,Highmark Stadium,M&T Bank Stadium,Playoffs?,Playoffs?,Playoffs?,Playoffs?,1164,0,-1164,1164,0.0,0.0,America/New_York,America/New_York,0.0,0.0,0.0,0.0,0.0,0,4.795,0.66,4.795,0.66,Buffalo Bills,4.135,Buffalo Bills,4.135,4.795,0.66,Buffalo Bills,4.135,0.0,0,No,No,No,No,No,1,No,0.0,0.0,6.822,3.216,3.235085,2.5084150000000003,3.235085,2.5084150000000003,-1.518565,1.807065,5.267375,5.059125000000001,Buffalo Bills,0.7266699999999995,Buffalo Bills,0.7266699999999995,3.235085,2.5084150000000003,Buffalo Bills,0.7266699999999995,Tie,0.0,Buffalo Bills,3.606,3.411,1.608,Buffalo Bills,1.803,Miami Dolphins,3.3256300000000003,Buffalo Bills,0.2082499999999987,1.874405,3.4330950000000007,Miami Dolphins,1.5586900000000008,Different,Same,Different,Same,Different,Same,False,Home Team,Away Team,47.5,130.0,-155.0,Buffalo Bills,Miami Dolphins,2.5,-2.5,-191,156,-110,-110,-3.3256300000000003,3.3256300000000003,0.2082499999999987,-0.2082499999999987,0.6078,0.4348,0.3906,0.6564,0.5238,0.5238,0.583,0.417,0.3731,0.6269,0.5,0.5,0.583,0.417,0.083,-0.083,63.0,6.0,34,6.0,63.0,0.0,nfl_read_py Fallback,False,M.Trubisky,Q.Ewers,-2.04,-3.0,15.22,231.58,High,-13.0,9.0,47.58,47.0,13.64536973566655,30.0,66.0,0.5644,0.4344,0.0716,0.0788,0.5934,0.4066,0.4758,0.5242,20,2024-01-07,Buffalo Bills @ Miami Dolphins,0.5271,0.4726,-111,112,,,,,,,,No Bet,,No Bet,,No Bet,,No Bet,,No Bet,,No Bet,,No Bet,,No Bet,,No Bet,,,,,,,,,,,,,,,0.2545,0.2811,0.3475,0.296,0.6737,0.5776,0.3249,0.4224,-0.2258,-0.14,0.1145,0.1353,0.2104,0.1487,20,0.0,0.0,Buffalo Bills,Miami Dolphins,0,0,0,0,0,0,0,0,0,0,0,0,1,0.0,0.0,,,2.178450582412383,0.0,0.0,0.0015979015614948,0.0015979015614948,0.0,0.0,0.0,0.0,0.0,0.0,0.0,0.0,0.0,0.0,0.0,0.0,0.0,0.0,2.0,0.583,0.417,0.5452,0.4546,0.4278,0.5714,Buffalo Bills,Miami Dolphins,Buffalo Bills,Miami Dolphins,Miami Dolphins,Same,Same,Different,False,False,0.0,0.0,0.0015979015614948,0.0015979015614948,0.0,0.0,0.0,0.0,0.7581873372345295,1.0600077160856916,1.443960285063543,0.8593740347060274,1.2189815886500788,1.2189815886500788,1.2576337824343737,0.9706330184769888,1.153124506358949,1.0345524171070823
