Game ID,Season,Week_x,Date_x,Time,Away Team,Home Team,Location,Away QB,Home QB,Away QB ID,Home QB ID,Away Team Weekly Rest,Home Team Weekly Rest,Weekly Away Rest Advantage,Weekly Home Rest Advantage,Away Cumulative Rest Advantage,Home Cumulative Rest Advantage,Actual Stadium,Actual Stadium Latitude,Actual Stadium Longitude,Actual Stadium TimeZone,International Game,Back to Back Away Games,Circa Week,NFL Week,Day of Week,Big Splash Active,Big Splash Multi-Pick Week,Big Splash Picks Required,Survivor World Championship Active,Survivor World Championship Multi-Pick Week,Survivor World Championship Picks Required,Away Team Current Week Cumulative Rest Advantage,Home Team Current Week Cumulative Rest Advantage,Away Team Division,Away Stadium,Away Stadium Latitude,Away Stadium Longitude,Away Stadium TimeZone,Home Team Division,Home Stadium,Home Stadium Latitude,Home Stadium Longitude,Home Stadium TimeZone,Away Team Previous Opponent,Home Team Previous Opponent,Away Team Previous Location,Home Team Previous Location,Away Team Next Opponent,Home Team Next Opponent,Away Team Next Location,Home Team Next Location,Away Travel Distance,Home Travel Distance,Away Travel Advantage,Home Travel Advantage,Away Timezone Change,Home Timezone Change,Away Previous Game Actual Stadium TimeZone,Home Previous Game Actual Stadium TimeZone,Away Weekly Timezone Difference,Home Weekly Timezone Difference,Adjusted Away Timezone Change,Adjusted Home Timezone Change,Away Timezone Advantage,Home Timezone Advantage,Away Team Massey-Peabody Preseason Rank,Home Team Massey-Peabody Preseason Rank,Away Team Generic Sports Fan Preseason Rank,Home Team Generic Sports Fan Preseason Rank,Massey-Peabody Preseason Winner,Massey-Peabody Preseason Difference,Generic Sports Fan Preseason Winner,Generic Sports Fan Preseason Difference,Away Team MP + GSF Average Preseason Rank,Home Team MP + GSF Average Preseason Rank,MP + GSF Average Preseason Winner,MP + GSF Average Preseason Difference,Away NonLinear TZ,Home NonLinear TZ,Home Team 3 games in 10 days,Away Team 3 games in 10 days,Home Team 4 games in 17 days,Away Team 4 games in 17 days,Away Team Short Rest,Divisional Matchup?,Home Team Short Rest,Away Team Massey-Peabody Current Rank,Home Team Massey-Peabody Current Rank,Away Team Generic Sports Fan Current Rank,Home Team Generic Sports Fan Current Rank,Away Team Adjusted Massey-Peabody Preseason Rank,Home Team Adjusted Massey-Peabody Preseason Rank,Away Team Adjusted Generic Sports Fan Preseason Rank,Home Team Adjusted Generic Sports Fan Preseason Rank,Away Team Adjusted Massey-Peabody Current Rank,Home Team Adjusted Massey-Peabody Current Rank,Away Team Adjusted Generic Sports Fan Current Rank,Home Team Adjusted Generic Sports Fan Current Rank,Adjusted Massey-Peabody Preseason Winner,Adjusted Massey-Peabody Preseason Difference,Adjusted Generic Sports Fan Preseason Winner,Adjusted Generic Sports Fan Preseason Difference,Away Team Adjusted MP + GSF Average Preseason Rank,Home Team Adjusted MP + GSF Average Preseason Rank,Adjusted MP + GSF Average Preseason Winner,Adjusted MP + GSF Average Preseason Difference,Massey-Peabody Current Winner,Massey-Peabody Current Difference,Generic Sports Fan Current Winner,Generic Sports Fan Current Difference,Away Team MP + GSF Average Current Rank,Home Team MP + GSF Average Current Rank,MP + GSF Average Current Winner,MP + GSF Average Current Difference,Adjusted Massey-Peabody Current Winner,Adjusted Massey-Peabody Current Difference,Adjusted Generic Sports Fan Current Winner,Adjusted Generic Sports Fan Current Difference,Away Team Adjusted MP + GSF Average Current Rank,Home Team Adjusted MP + GSF Average Current Rank,Adjusted MP + GSF Average Current Winner,Adjusted MP + GSF Average Current Difference,Massey-Peabody Bayesian Same Winner Across All Metrics,Generic Sports Fan Bayesian Same Adjusted Winner Across All Metrics,Massey-Peabody Bayesian Same Current and Preseason Adjusted Winner,Generic Sports Fan Bayesian Current and Preseason Adjusted Winner,Massey-Peabody Bayesian Same Current and Adjusted Current Winner,Generic Sports Fan Bayesian Same Current and Adjusted Current Winner,Thursday Night Game,Masey-Peabody Home Team Winner?,Generic Sports Fan Home Team Winner?,Total Line,Home Team Sportsbook Moneyline,Away Team Sportsbook Moneyline,Sportsbook Favorite,Sportsbook Underdog,Home Team Sportsbook Spread,Away Team Sportsbook Spread,Massey-Peabody Home Team Moneyline,Massey-Peabody Away Team Moneyline,Generic Sports Fan Home Team Moneyline,Generic Sports Fan Away Team Moneyline,Massey-Peabody Home Team Spread,Massey-Peabody Away Team Spread,Generic Sports Fan Home Team Spread,Generic Sports Fan Away Team Spread,Away Team Sportsbook Implied Odds to Win,Home Team Sportsbook Implied Odds to Win,Away Team Massey-Peabody Implied Odds to Win,Home Team Massey-Peabody Implied Odds to Win,Away Team Generic Sports Fan Implied Odds to Win,Home Team Generic Sports Fan Implied Odds to Win,Away Team Sportsbook Fair Odds,Home Team Sportsbook Fair Odds,Away Team Massey-Peabody Fair Odds,Home Team Massey-Peabody Fair Odds,Away Team Generic Sports Fan Fair Odds,Home Team Generic Sports Fan Fair Odds,Away Team Fair Odds,Home Team Fair Odds,Away Team Expected Win Advantage,Home Team Expected Win Advantage,temp,wind,Matchup_ID,Wind,Temperature,Precipitation,Sim_Weather_Source,Dome,Away_Starting_QB,Home_Starting_QB,Sim_Spread_Mean,Sim_Spread_Median,Sim_Spread_Std,Sim_Spread_Variance,Sim_Spread_Variance_Label,Sim_Spread_25th,Sim_Spread_75th,Sim_Total_Mean,Sim_Total_Median,Sim_Total_Std,Sim_Total_10th_Floor,Sim_Total_90th_Ceiling,Sim_Home_Win_Pct,Sim_Away_Win_Pct,Sim_Prob_Land_3,Sim_Prob_Land_7,Sim_Home_Cover_Prob,Sim_Away_Cover_Prob,Sim_Prob_Over,Sim_Prob_Under,Week_y,Date_y,Matchup,Consensus Home Win Pct,Consensus Away Win Pct,Consensus Home Team Odds,Consensus Away Team Odds,Market Home Team Implied Odds,Market Away Team Implied Odds,Monte Carlo Home Team Spread,Monte Carlo Away Team Spread,Monte Carlo Total,Consensus Home Team Spread,Consensus Away Team Spread,GSF Spread Bet,GSF Spread Edge,Massey-Peabody Spread Bet,Massey-Peabody Spread Edge,Monte Carlo Spread Bet,Monte Carlo Spread Edge,Consensus Spread Bet,Consensus Spread Edge,GSF Moneyline Bet,GSF Moneyline Edge,Massey-Peabody Moneyline Bet,Massey-Peabody Moneyline Edge,Monte Carlo Moneyline Bet,Monte Carlo Moneyline Edge,Consensus Moneyline Bet,Consensus Moneyline Edge,Monte Carlo Total Bet,Monte Carlo Total Edge,MC ML Unit Wager,MC ML Unit to Win,MC ML Kelly Wager,MC ML Kelly To Win,MC Spread Unit Wager,MC Spread Unit to Win,MC Spread Kelly Wager,MC Spread Kelly To Win,MC Total Unit Wager,MC Total Unit to Win,MC Total Kelly Wager,MC Total Kelly To Win,MC Bet Direction,Home Team Offensive Pressure Allowed Rate,Away Team Offensive Pressure Allowed Rate,Home Team Defensive Pressure Generated Rate,Away Team Defensive Pressure Generated Rate,Home Team Zone Rate,Away Team Zone Rate,Home Team Man Rate,Away Team Man Rate,Home Team Offensive EPA vs Pressure,Away Team Offensive EPA vs Pressure,Home Team Offensive EPA vs Zone,Away Team Offensive EPA vs Zone,Home Team Offensive EPA vs Man,Away Team Offensive EPA vs Man,Week,Away Team Cumulative Win Percentage,Home Team Cumulative Win Percentage,Favorite,Underdog,Away Team Thanksgiving Favorite,Home Team Thanksgiving Favorite,Away Team Thanksgiving Underdog,Home Team Thanksgiving Underdog,Away Team Christmas Favorite,Home Team Christmas Favorite,Away Team Christmas Underdog,Home Team Christmas Underdog,Away Team Pre Thanksgiving,Home Team Pre Thanksgiving,Away Team Pre Christmas,Home Team Pre Christmas,Divisional Matchup Boolean,Away Team Star Rating,Home Team Star Rating,Away Team Public Pick %,Home Team Public Pick %,Total Remaining Entries at Start of Week,Home Team Expected Availability,Away Team Expected Availability,Home Pick %,Away Pick %,Expected Home Team Survivors,Expected Away Team Survivors,Expected Home Team Eliminations,Expected Away Team Eliminations,Home Expected Survival Rate,Home Expected Elimination Percent,Away Expected Survival Rate,Away Expected Elimination Percent,Expected Eliminated Entry Percent From Game,Expected Away Team Picks,Expected Home Team Picks,Home Predicted_Pick_Pct,Away Predicted_Pick_Pct,Avg Survivors,Avg Eliminations,Preseason Away Team Sportsbook Fair Odds,Preseason Home Team Sportsbook Fair Odds,Preseason Consensus Away Win Pct,Preseason Consensus Home Win Pct,Preseason Sim_Away_Win_Pct,Preseason Sim_Home_Win_Pct,Preseason Sportsbook Favorite,Preseason Sim Favorite,Preseason Consensus Favorite,Sim Favorite,Consensus Favorite,Sportsbook Bayesian Same Current and Preseason Adjusted Winner,Sim Bayesian Same Current and Preseason Adjusted Winner,Consensus Bayesian Same Current and Preseason Adjusted Winner,Away_Odds_Imputed,Home_Odds_Imputed,Topdown Home Pick %,Topdown Away Pick %,Predicted Circa Home Pick %,Predicted Circa Away Pick %,Top Down Circa Home Pick %,Top Down Circa Away Pick %,Archetype Circa Home Pick %,Archetype Circa Away Pick %,sportsbook_Home_EV,sportsbook_Away_EV,mp_Home_EV,mp_Away_EV,gsf_Home_EV,gsf_Away_EV,sim_Home_EV,sim_Away_EV,consensus_Home_EV,consensus_Away_EV
2023_05_CHI_WAS,2023,5,2023-10-05,20:15,Chicago Bears,Washington Commanders,Home,Justin Fields,Sam Howell,00-0036945,00-0037077,4,4,0,0,0,1,FedExField,38.9077,-76.8645,America/New_York,False,False,5,5,Thursday,False,False,0,False,False,0,0,1,NFC North,Soldier Field,41.8623,-87.6167,America/Chicago,NFC East,FedExField,38.9077,-76.8645,America/New_York,Denver Broncos,Philadelphia Eagles,Soldier Field,Lincoln Financial Field,Minnesota Vikings,Atlanta Falcons,Soldier Field,Mercedes-Benz Stadium,601,0,-601,601,-1.0,0.0,America/Chicago,America/New_York,-1.0,0.0,-1.0,0.0,-1.0,0,-1.575,1.45,-1.575,1.45,Washington Commanders,3.025,Washington Commanders,3.025,-1.575,1.45,Washington Commanders,3.025,0.0,0,No,No,No,No,No,0,No,0.0,0.0,-7.898,-1.022,-2.4725,0.6655,-2.4725,0.6655,-0.8975,-0.7845,-8.7955,-1.8065,Washington Commanders,3.138,Washington Commanders,3.138,-2.4725,0.6655,Washington Commanders,3.138,Tie,0.0,Washington Commanders,6.876,-3.949,-0.511,Washington Commanders,3.438,Washington Commanders,0.1129999999999999,Washington Commanders,6.989000000000001,-4.846500000000001,-1.2955,Washington Commanders,3.5510000000000006,Different,Same,Same,Same,Different,Same,True,Home Team,Home Team,45.5,-258.0,210.0,Washington Commanders,Chicago Bears,-6.0,6.0,-110,-110,-319,249,-0.1129999999999999,0.1129999999999999,-6.989000000000001,6.989000000000001,0.3226,0.7207,0.5238,0.5238,0.2865,0.7613,0.3092,0.6908,0.5,0.5,0.2734,0.7266,0.3092,0.6908,-0.1908,0.1908,70.0,1.0,0,1.0,70.0,0.0,nfl_read_py Fallback,False,C.Williams,J.Daniels,6.04,7.0,13.65,186.32,Med-High,-4.0,15.0,48.43,48.0,13.459303875467054,32.0,66.0,0.3296,0.67,0.0824,0.0832,0.2028,0.7788,0.5692,0.4308,5,2023-10-05,Chicago Bears @ Washington Commanders,0.5618,0.4381,-128,128,0.7206703910614525,0.3225806451612903,6.52,-6.52,48.215,-0.1940000000000002,0.1940000000000002,Washington Commanders,0.9890000000000008,Chicago Bears,5.8870000000000005,Chicago Bears,12.52,Chicago Bears,5.806,Washington Commanders,0.0059296089385475,Chicago Bears,0.1774193548387097,Chicago Bears,0.3474193548387097,Chicago Bears,0.1155193548387096,Over,2.7150000000000034,100.0,210.0,1282.14,2692.5,110.0,100.0,1338.7,1217.0,110.0,100.0,238.3,216.64,Chicago Bears,0.3401,0.3356,0.3095,0.2273,0.6796,0.7105,0.3204,0.2895,-0.4457,-0.2506,0.043,-0.1097,-0.0692,-0.0577,5,-0.0832916666666666,-0.1557833333333333,Washington Commanders,Chicago Bears,0,1,1,0,1,0,0,1,1,1,1,1,0,1.5,0.5,0.001,0.076,2383.0,0.5925304238355015,1.0,0.068669,0.003118,187.6834046221317,0.1376117565016736,84.00652679380879,0.3074456707353047,0.0787592969459218,0.0352524241686146,5.774727507413919e-05,0.0001290162277529,0.0353814403963676,0.4450574272369783,271.68993141594046,,,2091.0,292.0,0.3092,0.6908,0.4398,0.5601,0.653,0.3464,Washington Commanders,Chicago Bears,Washington Commanders,Chicago Bears,Washington Commanders,Same,Same,Same,False,False,0.1140117211145364,0.000186763502827,0.068669,0.003118,0.1140117211145364,0.000186763502827,0.0592871918098897,0.0004797577433292,1.0580746956451552,0.5589196444363972,1.2999692538073688,1.8342981385566417,1.1623003539150163,0.527332926197544,0.5420870079181537,1.3435814699636524,1.014253564526882,0.9934964622716863
2023_05_JAX_BUF,2023,5,2023-10-08,09:30,Jacksonville Jaguars,Buffalo Bills,Neutral,Trevor Lawrence,Josh Allen,00-0036971,00-0034857,7,7,0,0,-3,-1,Highmark Stadium,42.7725,-78.7877,America/New_York,False,False,5,5,Sunday,False,False,0,False,False,0,-3,-1,AFC South,TIAA Bank Field,30.3239,-81.6554,America/New_York,AFC East,Highmark Stadium,42.7725,-78.7877,America/New_York,Atlanta Falcons,Miami Dolphins,TIAA Bank Field,Highmark Stadium,Indianapolis Colts,New York Giants,TIAA Bank Field,Highmark Stadium,874,0,-874,874,0.0,0.0,America/New_York,America/New_York,0.0,0.0,0.0,0.0,0.0,0,-1.825,4.795,-1.825,4.795,Buffalo Bills,6.62,Buffalo Bills,6.62,-1.825,4.795,Buffalo Bills,6.62,0.0,0,No,No,No,No,No,0,No,0.0,0.0,-0.831,8.815,0.1080000000000001,5.4990000000000006,0.1080000000000001,5.4990000000000006,1.9330000000000005,0.704,1.1020000000000003,9.518999999999998,Buffalo Bills,5.391,Buffalo Bills,5.391,0.1080000000000001,5.4990000000000006,Buffalo Bills,5.391,Tie,0.0,Buffalo Bills,9.646,-0.4155,4.4075,Buffalo Bills,4.823,Jacksonville Jaguars,1.2290000000000003,Buffalo Bills,8.416999999999998,1.5175000000000003,5.1115,Buffalo Bills,3.5939999999999994,Different,Same,Different,Same,Different,Same,False,Away Team,Home Team,48.5,-250.0,205.0,Buffalo Bills,Jacksonville Jaguars,-5.5,5.5,101,-122,-397,302,1.2290000000000003,-1.2290000000000003,-8.416999999999998,8.416999999999998,0.3279,0.7143,0.5495,0.4975,0.2488,0.7988,0.3146,0.6854,0.5248,0.4752,0.2375,0.7625,0.3146,0.6854,-0.1854,0.1854,,,1,15.0,55.0,0.0,Historical Avg,False,T.Lawrence,J.Allen,-3.23,-4.0,14.73,217.11,High,-14.0,7.0,50.7,50.0,13.962006108110415,33.0,69.0,0.5962,0.403,0.08,0.0798,0.4756,0.5244,0.5514,0.4486,5,2023-10-08,Jacksonville Jaguars @ Buffalo Bills,0.6298,0.37,-170,170,0.7142857142857143,0.3278688524590163,-3.615,3.615,50.35,-3.600999999999999,3.600999999999999,Buffalo Bills,2.916999999999998,Jacksonville Jaguars,6.729,Jacksonville Jaguars,1.885,Jacksonville Jaguars,1.899000000000001,Buffalo Bills,0.0482142857142856,Jacksonville Jaguars,0.1969311475409836,Jacksonville Jaguars,0.0751311475409836,Jacksonville Jaguars,0.0421311475409836,Over,1.8500000000000008,100.0,205.0,279.45,572.87,110.0,100.0,3.1,2.82,110.0,100.0,144.85,131.68,Jacksonville Jaguars,0.2914,0.2761,0.3112,0.3396,0.6401,0.6819,0.3599,0.3123,0.1574,-0.2198,0.2138,0.0712,0.1883,0.1283,5,0.0512749999999999,0.184775,Buffalo Bills,Jacksonville Jaguars,1,1,0,0,1,1,0,0,1,1,1,1,0,3.0,4.5,0.0,0.031,2383.0,0.4897188417960554,0.9232060428031892,0.018773,0.001175,24.824570586046004,0.1198002985795798,11.394528605733983,0.2610016676619326,0.0104173607159236,0.0047815898471397,5.027289071740655e-05,0.0001095265076214,0.0048911163547611,0.3808019662415124,36.21909919178,,,2091.0,292.0,0.3146,0.6854,0.3628,0.6369,0.399,0.5998,Buffalo Bills,Buffalo Bills,Buffalo Bills,Buffalo Bills,Buffalo Bills,Same,Same,Same,False,False,0.0151989505630633,0.0001597993983388,0.018773,0.001175,0.0151989505630633,0.0001597993983388,0.0158055462515189,0.0004087966209836,1.0927620422057784,0.5242322978757784,1.4106652662793895,1.7236021260846228,1.2729878285894018,0.4166454515231652,1.0958172795689878,0.7898511983128274,1.2337200609915229,0.7740299658070451
2023_05_HOU_ATL,2023,5,2023-10-08,13:00,Houston Texans,Atlanta Falcons,Home,C.J. Stroud,Desmond Ridder,00-0039163,00-0038122,7,7,0,0,0,0,Mercedes-Benz Stadium,33.7489,-84.388,America/New_York,False,False,5,5,Sunday,False,False,0,False,False,0,0,0,AFC South,NRG Stadium,29.6847,-95.4093,America/Chicago,NFC South,Mercedes-Benz Stadium,33.7489,-84.388,America/New_York,Pittsburgh Steelers,Jacksonville Jaguars,NRG Stadium,TIAA Bank Field,New Orleans Saints,Washington Commanders,NRG Stadium,Mercedes-Benz Stadium,705,0,-705,705,-1.0,0.0,America/Chicago,America/New_York,-1.0,0.0,-1.0,0.0,-1.0,0,0.035,-0.71,0.035,-0.71,Houston Texans,0.745,Houston Texans,0.745,0.035,-0.71,Houston Texans,0.745,0.0,0,No,No,No,No,No,0,No,0.0,0.0,-6.153,-4.138,1.5955,1.715,1.5955,1.715,1.5605,2.425,-4.592499999999999,-1.713,Atlanta Falcons,0.1194999999999999,Atlanta Falcons,0.1194999999999999,1.5955,1.715,Atlanta Falcons,0.1194999999999999,Tie,0.0,Atlanta Falcons,2.015,-3.0765,-2.069,Atlanta Falcons,1.0074999999999998,Atlanta Falcons,0.8644999999999998,Atlanta Falcons,2.8795,-1.5159999999999996,0.3559999999999998,Atlanta Falcons,1.872,Different,Different,Same,Same,Different,Same,False,Home Team,Home Team,42.0,-142.0,120.0,Atlanta Falcons,Houston Texans,-2.5,2.5,-122,101,-164,135,-0.8644999999999998,0.8644999999999998,-2.8795,2.8795,0.4545,0.5868,0.4975,0.5495,0.4255,0.6212,0.4365,0.5635,0.4752,0.5248,0.4065,0.5935,0.4365,0.5635,-0.0635,0.0635,,,2,0.0,70.0,0.0,Dome,True,C.Stroud,M.Penix,4.28,5.0,13.23,175.07,Medium,-6.0,13.0,50.85,50.0,13.818925013824613,33.0,69.0,0.3738,0.6252,0.0888,0.0874,0.3366,0.6634,0.7234,0.2574,5,2023-10-08,Houston Texans @ Atlanta Falcons,0.5139,0.4858,-106,106,0.5867768595041323,0.4545454545454545,4.640000000000001,-4.640000000000001,50.425,0.2986666666666672,-0.2986666666666672,Atlanta Falcons,0.3794999999999993,Houston Texans,1.6355000000000002,Houston Texans,7.140000000000001,Houston Texans,2.798666666666667,Atlanta Falcons,0.0067231404958677,Houston Texans,0.0206545454545454,Houston Texans,0.1706545454545454,Houston Texans,0.0312545454545454,Over,8.424999999999997,100.0,120.0,782.17,938.6,110.0,100.0,732.85,666.23,110.0,100.0,1047.85,952.59,Houston Texans,0.3051,0.3754,0.2615,0.3534,0.735,0.6751,0.265,0.3249,-0.2105,-0.2948,-0.0171,-0.0323,0.0235,-0.0025,5,0.0274416666666666,0.0144,Atlanta Falcons,Houston Texans,1,0,0,0,0,1,1,0,1,0,1,1,0,2.5,2.5,0.0069999999999999,0.002,2383.0,0.965589592950063,1.0,0.015289,0.006696,3.479953817789709,0.5751935941642172,2.695651892573572,0.7425465986518589,0.0014603247242088,0.0011312009620535,0.0002413737281427,0.0003116015940628,0.0014428025561164,1.317740192816076,6.175605710363281,,,2091.0,292.0,0.4365,0.5635,0.4697,0.5302,0.6356,0.3638,Atlanta Falcons,Houston Texans,Atlanta Falcons,Houston Texans,Atlanta Falcons,Same,Same,Same,False,False,0.0025915256862623,0.0005529753222056,0.015289,0.006696,0.0025915256862623,0.0005529753222056,0.0020375298937694,0.0012441397501265,0.9027159211476632,0.7142784189338908,1.605652458632565,1.5286149337314503,0.9931649003641898,0.6964683797483716,0.6917749412362009,1.1938935366456094,1.0160423109957002,0.991707715802868
2023_05_CAR_DET,2023,5,2023-10-08,13:00,Carolina Panthers,Detroit Lions,Home,Bryce Young,Jared Goff,00-0039150,00-0033106,7,10,-3,3,-4,6,Ford Field,42.3395,-83.045,America/Detroit,False,False,5,5,Sunday,False,False,0,False,False,0,-4,6,NFC South,Bank of America Stadium,35.2258,-80.8528,America/New_York,NFC North,Ford Field,42.3395,-83.045,America/Detroit,Minnesota Vikings,Green Bay Packers,Bank of America Stadium,Lambeau Field,Miami Dolphins,Tampa Bay Buccaneers,Hard Rock Stadium,Raymond James Stadium,505,0,-505,505,0.0,0.0,America/New_York,America/Chicago,0.0,-1.0,0.0,0.0,0.0,0,-5.25,4.305,-5.25,4.305,Detroit Lions,9.555,Detroit Lions,9.555,-5.25,4.305,Detroit Lions,9.555,0.0,0,No,No,No,No,No,0,No,0.0,0.0,-6.873,3.996,-6.840999999999999,4.6225,-6.840999999999999,4.6225,-1.591,0.3175,-8.464,4.3135,Detroit Lions,11.4635,Detroit Lions,11.4635,-6.840999999999999,4.6225,Detroit Lions,11.4635,Tie,0.0,Detroit Lions,10.869,-3.4365,1.998,Detroit Lions,5.4345,Detroit Lions,1.9085,Detroit Lions,12.7775,-5.0275,2.3155,Detroit Lions,7.343,Different,Same,Same,Same,Different,Same,False,Home Team,Home Team,43.5,-455.0,350.0,Detroit Lions,Carolina Panthers,-9.5,9.5,-131,108,-729,494,-1.9085,1.9085,-12.7775,12.7775,0.2222,0.8198,0.4808,0.5671,0.1684,0.8794,0.2133,0.7867,0.4588,0.5412,0.1607,0.8393,0.2133,0.7867,-0.2867,0.2867,,,3,0.0,70.0,0.0,Dome,True,B.Young,J.Goff,-10.1,-10.0,13.02,169.44,Med-Low,-19.0,-3.0,48.12,47.0,12.968747512478162,32.0,65.0,0.7796,0.2188,0.069,0.072,0.5408,0.4592,0.6172,0.3828,5,2023-10-08,Carolina Panthers @ Detroit Lions,0.7367,0.2629,-280,280,0.8198198198198198,0.2222222222222222,-10.05,10.05,47.56,-8.245333333333333,8.245333333333333,Detroit Lions,3.2775,Carolina Panthers,7.5915,Detroit Lions,0.5500000000000007,Carolina Panthers,1.254666666666667,Detroit Lions,0.0194801801801802,Carolina Panthers,0.2365777777777777,No Bet,0.0,Carolina Panthers,0.0406777777777778,Over,4.060000000000002,,0.0,0.0,0.0,110.0,100.0,89.2,81.09,110.0,100.0,490.3,445.73,No Bet,0.282,0.2885,0.3201,0.2763,0.6287,0.6647,0.3713,0.3333,-0.1944,-0.4301,0.2815,-0.0051,0.1703,-0.0377,5,-0.1601833333333333,0.1113666666666666,Detroit Lions,Carolina Panthers,0,1,1,0,0,1,1,0,1,1,1,1,0,0.5,3.5,0.0,0.387,2383.0,0.989928661351238,1.0,0.480003,0.0001761643636525,876.819548168973,0.0895432714419918,237.734345524904,0.3302564071421238,0.3679477751443445,0.0997626292592966,3.757585876709689e-05,0.0001385885048854,0.0999012177641821,0.4197996785841157,1114.553893693877,,,2091.0,292.0,0.2133,0.7867,0.2746,0.7253,0.2354,0.7642,Detroit Lions,Detroit Lions,Detroit Lions,Detroit Lions,Detroit Lions,Same,Same,Same,False,False,0.4677104044036412,0.0001761643636525,0.480003,0.0001761643636525,0.4677104044036412,0.0001761643636525,0.3097121494329963,0.0005048370305066,0.9423786675674409,0.6746156725141131,0.7466019371395936,2.387665455224421,1.0682345155497328,0.6213987645628278,0.9962239463240397,0.8894445315577727,0.9440769049058774,1.0636731218926907
2023_05_TEN_IND,2023,5,2023-10-08,13:00,Tennessee Titans,Indianapolis Colts,Home,Ryan Tannehill,Anthony Richardson,00-0029701,00-0039164,7,7,0,0,2,1,Lucas Oil Stadium,39.7601,-86.1638,America/Indiana/Indianapolis,False,False,5,5,Sunday,False,False,0,False,False,0,2,1,AFC South,Nissan Stadium,36.1664,-86.7716,America/Chicago,AFC South,Lucas Oil Stadium,39.7601,-86.1638,America/Indiana/Indianapolis,Cincinnati Bengals,Los Angeles Rams,Nissan Stadium,Lucas Oil Stadium,Baltimore Ravens,Jacksonville Jaguars,Nissan Stadium,TIAA Bank Field,250,0,-250,250,-1.0,0.0,America/Chicago,America/Indiana/Indianapolis,-1.0,0.0,-1.0,0.0,-1.0,0,-4.36,-2.265,-4.36,-2.265,Indianapolis Colts,2.095,Indianapolis Colts,2.095,-4.36,-2.265,Indianapolis Colts,2.095,0.0,0,No,No,No,No,No,1,No,0.0,0.0,-1.274,-2.838,-5.980885000000001,-5.185615,-5.980885000000001,-5.185615,-1.641835,-2.899665,-2.9314749999999994,-5.722025,Indianapolis Colts,0.7952700000000004,Indianapolis Colts,0.7952700000000004,-5.980885000000001,-5.185615,Indianapolis Colts,0.7952700000000004,Tie,0.0,Tennessee Titans,1.564,-0.637,-1.419,Tennessee Titans,0.782,Tennessee Titans,1.2578300000000002,Tennessee Titans,2.790550000000001,-2.286655,-4.3108450000000005,Tennessee Titans,2.024190000000001,Different,Different,Different,Different,Different,Same,False,Away Team,Away Team,43.5,120.0,-142.0,Tennessee Titans,Indianapolis Colts,2.5,-2.5,105,-128,135,-164,1.2578300000000002,-1.2578300000000002,2.790550000000001,-2.790550000000001,0.5868,0.4545,0.5614,0.4878,0.6212,0.4255,0.5635,0.4365,0.5351,0.4649,0.5935,0.4065,0.5635,0.4365,0.0635,-0.0635,,,4,0.0,70.0,0.0,Dome,True,C.Ward,D.Jones,-5.53,-6.0,12.94,167.54,Med-Low,-14.0,4.0,41.43,41.0,12.717423851310562,25.0,58.0,0.677,0.3228,0.0878,0.0834,0.706,0.294,0.4108,0.5892,5,2023-10-08,Tennessee Titans @ Indianapolis Colts,0.4962,0.5037,102,-101,0.4545454545454545,0.5867768595041323,-5.765000000000001,5.765000000000001,41.215,-0.5722066666666663,0.5722066666666663,Tennessee Titans,0.290550000000001,Indianapolis Colts,1.2421699999999998,Indianapolis Colts,8.265,Indianapolis Colts,3.0722066666666663,Tennessee Titans,0.0067231404958677,Indianapolis Colts,0.0103545454545454,Indianapolis Colts,0.2224545454545455,Indianapolis Colts,0.0416545454545454,Under,2.2849999999999966,100.0,120.0,1019.58,1223.5,110.0,100.0,956.5,869.55,110.0,100.0,343.3,312.09,Indianapolis Colts,0.33,0.3803,0.2661,0.3131,0.6202,0.6891,0.3781,0.3109,-0.2658,-0.291,-0.1245,0.0833,0.0655,-0.0327,5,-0.0988583333333333,-0.014975,Tennessee Titans,Indianapolis Colts,0,0,1,0,0,0,1,1,1,0,1,1,1,1.5,2.0,0.002,0.002,2383.0,0.995383969785984,0.9995803608896348,0.008696,0.011398,0.2128913345962494,19.85874740623616,0.2748322269071857,15.383040359932716,8.933753025440596e-05,0.0001153303511989,0.0083335070945179,0.0064553253713523,0.0065706557225513,35.24178776616888,0.4877235615034351,,,2091.0,292.0,0.5635,0.4365,0.4827,0.517,0.313,0.6858,Tennessee Titans,Indianapolis Colts,Indianapolis Colts,Indianapolis Colts,Tennessee Titans,Same,Same,Different,False,False,0.0002046678814533,0.0147888324658702,0.008696,0.011398,0.0002046678814533,0.0147888324658702,0.0007919857815334,0.0024753851340045,0.7084720999014559,0.9085222401800978,1.4694292011164864,1.6648381912475279,0.6898515813625928,0.9997816987499677,1.2804810963492097,0.6051873815326008,1.0012007932504785,1.0065492335480877
2023_05_NYG_MIA,2023,5,2023-10-08,13:00,New York Giants,Miami Dolphins,Home,Daniel Jones,Tua Tagovailoa,00-0035710,00-0036212,6,7,-1,1,2,1,Hard Rock Stadium,25.9602,-80.2384,America/New_York,False,False,5,5,Sunday,False,False,0,False,False,0,2,1,NFC East,MetLife Stadium,40.8136,-74.0744,America/New_York,AFC East,Hard Rock Stadium,25.9602,-80.2384,America/New_York,Seattle Seahawks,Buffalo Bills,MetLife Stadium,Highmark Stadium,Buffalo Bills,Carolina Panthers,Highmark Stadium,Hard Rock Stadium,1085,0,-1085,1085,0.0,0.0,America/New_York,America/New_York,0.0,0.0,0.0,0.0,0.0,0,-2.84,0.66,-2.84,0.66,Miami Dolphins,3.5,Miami Dolphins,3.5,-2.84,0.66,Miami Dolphins,3.5,0.0,0,No,No,No,No,Yes,0,No,0.0,0.0,-2.869,0.176,-2.3835,2.7725,-2.3835,2.7725,0.4565,2.1125,-2.4125,2.2885,Miami Dolphins,5.156,Miami Dolphins,5.156,-2.3835,2.7725,Miami Dolphins,5.156,Tie,0.0,Miami Dolphins,3.0450000000000004,-1.4345,0.088,Miami Dolphins,1.5225000000000002,Miami Dolphins,1.6559999999999997,Miami Dolphins,4.7010000000000005,-0.978,2.2005,Miami Dolphins,3.1785,Different,Same,Same,Same,Different,Same,False,Home Team,Home Team,47.5,-750.0,525.0,Miami Dolphins,New York Giants,-12.5,12.5,-128,105,-224,181,-1.6559999999999997,1.6559999999999997,-4.7010000000000005,4.7010000000000005,0.16,0.8824,0.4878,0.5614,0.3559,0.6914,0.1535,0.8465,0.4649,0.5351,0.3398,0.6602,0.1535,0.8465,-0.3465,0.3465,88.0,8.0,5,8.0,88.0,0.0,nfl_read_py Fallback,False,J.Dart,T.Tagovailoa,-10.58,-11.0,13.98,195.3,High,-20.0,-2.0,49.44,49.0,13.276318282017236,33.0,67.0,0.777,0.2224,0.064,0.0692,0.4692,0.5308,0.5364,0.4636,5,2023-10-08,New York Giants @ Miami Dolphins,0.7047,0.2951,-239,239,0.8823529411764706,0.16,-10.79,10.79,49.22,-5.7156666666666665,5.7156666666666665,New York Giants,7.798999999999999,New York Giants,10.844,New York Giants,1.7100000000000009,New York Giants,6.7843333333333335,New York Giants,0.1798,New York Giants,0.3048999999999999,New York Giants,0.0623999999999999,New York Giants,0.1350999999999999,Over,1.7199999999999989,100.0,525.0,185.71,975.0,110.0,100.0,36.7,33.36,110.0,100.0,66.1,60.09,New York Giants,0.2785,0.3907,0.3369,0.3678,0.7627,0.6773,0.2373,0.3227,-0.0255,-0.2367,0.1938,0.0478,0.2394,0.0089,5,-0.2139833333333333,0.1626166666666666,Miami Dolphins,New York Giants,0,1,1,0,0,1,0,0,1,1,0,1,0,0.0,4.0,0.0,0.428,2383.0,0.912715065044062,0.8220730172052035,0.257961,0.000165,672.7904695294617,0.018692204583145,122.00039819583266,0.1030811151767574,0.2823291940954518,0.0511961385630854,7.84398010203316e-06,4.3256867468215445e-05,0.0512393954305536,0.1217733197599024,794.7908677252943,,,2091.0,292.0,0.1535,0.8465,0.3008,0.6989,0.2812,0.7176,Miami Dolphins,Miami Dolphins,Miami Dolphins,Miami Dolphins,Miami Dolphins,Same,Same,Same,False,False,0.3335253326585373,5.110084757024861e-05,0.257961,0.000165,0.3335253326585373,5.110084757024861e-05,0.5619549810975076,0.0003530342536882,1.1950993198949458,0.4218950201866073,0.9694417148038335,2.164825677560185,0.8766690495527221,0.8129642305598384,1.1611776511828062,0.7244908266990051,1.0618461807740822,0.9459038460244856
2023_05_NO_NE,2023,5,2023-10-08,13:00,New Orleans Saints,New England Patriots,Home,Derek Carr,Mac Jones,00-0031280,00-0036972,7,7,0,0,0,0,Gillette Stadium,42.0628,-71.2687,America/New_York,False,False,5,5,Sunday,False,False,0,False,False,0,0,0,NFC South,Caesars Superdome,29.9507,-90.0813,America/Chicago,AFC East,Gillette Stadium,42.0628,-71.2687,America/New_York,Tampa Bay Buccaneers,Dallas Cowboys,Caesars Superdome,AT&T Stadium,Houston Texans,Las Vegas Raiders,NRG Stadium,Allegiant Stadium,1338,0,-1338,1338,-1.0,0.0,America/Chicago,America/Chicago,-1.0,-1.0,-1.0,0.0,-1.0,0,-6.145,-1.995,-6.145,-1.995,New England Patriots,4.15,New England Patriots,4.15,-6.145,-1.995,New England Patriots,4.15,0.0,0,No,No,No,No,No,0,No,0.0,0.0,-1.274,-1.213,-5.658,-1.54,-5.658,-1.54,0.487,0.455,-0.7869999999999999,-0.758,New England Patriots,4.117999999999999,New England Patriots,4.117999999999999,-5.658,-1.54,New England Patriots,4.117999999999999,Tie,0.0,New England Patriots,0.0609999999999999,-0.637,-0.6065,New England Patriots,0.0304999999999999,New Orleans Saints,0.032,New England Patriots,0.0289999999999999,-0.1499999999999999,-0.1515,New Orleans Saints,0.0015,Different,Same,Different,Same,Different,Same,False,Away Team,Home Team,38.5,-135.0,114.0,New England Patriots,New Orleans Saints,-2.5,2.5,-110,-110,-110,-110,0.032,-0.032,-0.0289999999999999,0.0289999999999999,0.4673,0.5745,0.5238,0.5238,0.5238,0.5238,0.4486,0.5514,0.5,0.5,0.5,0.5,0.4486,0.5514,-0.0514,0.0514,61.0,10.0,6,10.0,61.0,0.0,nfl_read_py Fallback,False,S.Rattler,D.Maye,3.52,4.0,13.93,194.0,Med-High,-7.0,13.0,40.18,40.0,12.453757191050206,25.0,57.0,0.3928,0.6054,0.0838,0.0762,0.363,0.637,0.5424,0.4576,5,2023-10-08,New Orleans Saints @ New England Patriots,0.486,0.5135,106,-106,0.574468085106383,0.4672897196261682,3.76,-3.76,40.09,1.2543333333333333,-1.2543333333333333,New Orleans Saints,2.471,New Orleans Saints,2.532,New Orleans Saints,6.26,New Orleans Saints,3.754333333333333,New Orleans Saints,0.0327102803738317,New Orleans Saints,0.0327102803738317,New Orleans Saints,0.1381102803738318,New Orleans Saints,0.0462102803738317,Over,1.5900000000000034,100.0,114.0,648.15,738.89,110.0,100.0,594.25,540.23,110.0,100.0,97.6,88.73,New Orleans Saints,0.2277,0.2581,0.2962,0.2661,0.637,0.6793,0.363,0.3207,-0.2427,-0.057,0.0422,0.0533,-0.0555,0.1277,5,0.05615,-0.1332416666666667,New England Patriots,New Orleans Saints,0,0,0,0,0,0,1,1,0,0,1,1,0,3.0,1.0,0.001,0.003,2383.0,0.984473352916492,0.9672681493915232,0.014128,0.006658,8.114314164839438,0.3074911110191811,6.601525814920152,0.3779549679357479,0.003405083577356,0.0027702584200252,0.0001290352962732,0.0001586046865026,0.0029288631065278,0.685446078954929,14.71583997975959,,,2091.0,292.0,0.4486,0.5514,0.5223,0.4776,0.6158,0.3836,New England Patriots,New Orleans Saints,New Orleans Saints,New Orleans Saints,New Orleans Saints,Same,Same,Same,False,False,0.0061753419973812,0.0002876399827758,0.014128,0.006658,0.0061753419973812,0.0002876399827758,0.0031341528089299,0.0007381136321517,0.8842232144278461,0.7327711256537067,1.5330599646827137,1.6012074276813006,0.8362067955694592,0.8534264845431013,0.7290479385160522,1.1566205393657603,0.962116213660752,1.0456338131378151
2023_05_BAL_PIT,2023,5,2023-10-08,13:00,Baltimore Ravens,Pittsburgh Steelers,Home,Lamar Jackson,Kenny Pickett,00-0034796,00-0038102,7,7,0,0,0,-1,Acrisure Stadium,40.4468,-80.0158,America/New_York,False,True,5,5,Sunday,False,False,0,False,False,0,0,-1,AFC North,M&T Bank Stadium,39.2789,-76.6228,America/New_York,AFC North,Acrisure Stadium,40.4468,-80.0158,America/New_York,Cleveland Browns,Houston Texans,FirstEnergy Stadium,NRG Stadium,Tennessee Titans,Los Angeles Rams,Nissan Stadium,SoFi Stadium,197,0,-197,197,0.0,0.0,America/New_York,America/Chicago,0.0,-1.0,0.0,0.0,0.0,0,6.69,-0.565,6.69,-0.565,Baltimore Ravens,7.255000000000001,Baltimore Ravens,7.255000000000001,6.69,-0.565,Baltimore Ravens,7.255000000000001,0.0,0,No,No,No,No,No,1,No,0.0,0.0,5.928,-2.272,7.817525000000001,-0.363025,7.817525000000001,-0.363025,1.200075,0.129425,7.046075,-2.060575,Baltimore Ravens,8.18055,Baltimore Ravens,8.18055,7.817525000000001,-0.363025,Baltimore Ravens,8.18055,Tie,0.0,Baltimore Ravens,8.2,2.964,-1.136,Baltimore Ravens,4.1,Baltimore Ravens,1.07065,Baltimore Ravens,9.10665,4.123075,-0.965575,Baltimore Ravens,5.08865,Different,Same,Same,Same,Different,Same,False,Away Team,Away Team,38.5,190.0,-230.0,Baltimore Ravens,Pittsburgh Steelers,4.5,-4.5,101,-122,314,-416,1.07065,-1.07065,9.10665,-9.10665,0.697,0.3448,0.5495,0.4975,0.8062,0.2415,0.669,0.331,0.5248,0.4752,0.7695,0.2305,0.669,0.331,0.169,-0.169,53.0,13.0,7,13.0,53.0,0.0,nfl_read_py Fallback,False,C.Rush,A.Rodgers,-3.94,-5.0,14.63,213.98,High,-14.0,7.0,48.48,48.0,13.26568636320554,32.0,66.0,0.6098,0.3892,0.0802,0.0714,0.6982,0.3018,0.7712,0.2288,5,2023-10-08,Baltimore Ravens @ Pittsburgh Steelers,0.4116,0.5881,143,-143,0.3448275862068966,0.696969696969697,-4.47,4.47,48.24,1.9024333333333336,-1.9024333333333336,Baltimore Ravens,4.60665,Pittsburgh Steelers,3.42935,Pittsburgh Steelers,8.969999999999999,Pittsburgh Steelers,2.5975666666666664,Baltimore Ravens,0.0725303030303029,Pittsburgh Steelers,0.1303724137931034,Pittsburgh Steelers,0.2649724137931034,Pittsburgh Steelers,0.0667724137931034,Over,9.739999999999997,100.0,190.0,1011.08,1921.05,110.0,100.0,915.55,832.32,110.0,100.0,1298.8,1180.73,Pittsburgh Steelers,0.331,0.2564,0.2918,0.2524,0.7084,0.6686,0.2916,0.3314,-0.0535,-0.4181,-0.0011,0.0998,0.1434,-0.1485,5,0.1184999999999999,0.0213416666666666,Baltimore Ravens,Pittsburgh Steelers,1,0,0,1,0,0,0,1,1,1,0,1,1,3.5,2.5,0.017,0.0,2383.0,0.9991607217792698,0.5018883759966429,0.003824,0.012342,0.1371628390461108,22.49785128337862,0.2772264027850397,11.131223878622304,5.755889175245944e-05,0.0001163350410344,0.009440978297683,0.0046710968856996,0.004787431926734,33.62907516200092,0.4143892418311505,,,2091.0,292.0,0.669,0.331,0.5656,0.4341,0.5334,0.4656,Baltimore Ravens,Baltimore Ravens,Baltimore Ravens,Pittsburgh Steelers,Baltimore Ravens,Same,Different,Same,False,False,0.0001738939327868,0.0141120751833826,0.003824,0.012342,0.0001738939327868,0.0141120751833826,0.0004482943976026,0.0085228462416072,0.5428392523891999,1.0741550876923525,1.5282735184209957,1.6059938739430182,0.39659121948784476,1.2930420606247188,1.163095149956691,0.7225733279251203,0.8416444321518688,1.1661055946467016
2023_05_CIN_ARI,2023,5,2023-10-08,16:05,Cincinnati Bengals,Arizona Cardinals,Home,Joe Burrow,Joshua Dobbs,00-0036442,00-0033949,7,7,0,0,-1,-3,State Farm Stadium,33.5277,-112.262608,America/Denver,False,True,5,5,Sunday,False,False,0,False,False,0,-1,-3,AFC North,Paycor Stadium,39.0955,-84.5165,America/New_York,NFC West,State Farm Stadium,33.5277,-112.262608,America/Denver,Tennessee Titans,San Francisco 49ers,Nissan Stadium,Levi's Stadium,Seattle Seahawks,Los Angeles Rams,Paycor Stadium,SoFi Stadium,1584,0,-1584,1584,2.0,0.0,America/Chicago,America/Los_Angeles,1.0,-1.0,2.0,0.0,2.0,0,1.31,0.075,1.31,0.075,Cincinnati Bengals,1.235,Cincinnati Bengals,1.235,1.31,0.075,Cincinnati Bengals,1.235,-0.15,0,No,No,No,No,No,0,No,0.0,0.0,1.891,-3.672,-1.1445,0.5794999999999999,-1.1445,0.5794999999999999,-2.4545,0.5045,-0.5635000000000001,-3.1675,Arizona Cardinals,1.724,Arizona Cardinals,1.724,-1.1445,0.5794999999999999,Arizona Cardinals,1.724,Tie,0.0,Cincinnati Bengals,5.563000000000001,0.9455,-1.836,Cincinnati Bengals,2.7815000000000003,Arizona Cardinals,2.959,Cincinnati Bengals,2.604,-1.509,-1.3315,Arizona Cardinals,0.1774999999999997,Different,Different,Same,Different,Different,Same,False,Home Team,Away Team,45.5,142.0,-170.0,Cincinnati Bengals,Arizona Cardinals,3.0,-3.0,-164,135,117,-142,-2.959,2.959,2.604,-2.604,0.6296,0.4132,0.4255,0.6212,0.5868,0.4608,0.6038,0.3962,0.4065,0.5935,0.5601,0.4399,0.6038,0.3962,0.1038,-0.1038,,,8,0.0,70.0,0.0,Dome,True,J.Browning,K.Murray,-1.61,-3.0,13.9,193.15,Med-High,-11.0,8.0,48.92,49.0,13.067608630467312,33.0,67.0,0.5458,0.453,0.0812,0.0778,0.5814,0.3794,0.592,0.408,5,2023-10-08,Cincinnati Bengals @ Arizona Cardinals,0.4938,0.5058,103,-102,0.4132231404958678,0.6296296296296297,-2.305,2.305,48.96,-0.8866666666666666,0.8866666666666666,Arizona Cardinals,0.3959999999999999,Arizona Cardinals,5.959,Arizona Cardinals,5.305,Arizona Cardinals,3.8866666666666654,Arizona Cardinals,0.0266768595041322,Arizona Cardinals,0.1802768595041322,Arizona Cardinals,0.1325768595041321,Arizona Cardinals,0.0805768595041322,Over,3.460000000000001,100.0,142.0,564.85,802.09,110.0,100.0,302.35,274.86,110.0,100.0,358.0,325.45,Arizona Cardinals,0.23,0.2253,0.2958,0.3297,0.7598,0.6843,0.2402,0.3157,-0.3077,-0.0925,0.0094,0.1701,-0.0726,0.1406,5,-0.0067333333333333,-0.2181083333333333,Cincinnati Bengals,Arizona Cardinals,0,0,1,1,1,0,0,1,1,1,1,1,0,2.5,0.0,0.013,0.001,2383.0,1.0,0.9987410826689048,0.014715,0.011856,0.224923642719471,11.0365236580602,0.3427786357244236,7.241918968737084,9.43867573308733e-05,0.0001438433217475,0.0046313569693916,0.0030389924333768,0.0031828357551244,18.278442626797283,0.5677022784438946,,,2091.0,292.0,0.6038,0.3962,0.6448,0.3552,0.649,0.3508,Cincinnati Bengals,Cincinnati Bengals,Cincinnati Bengals,Arizona Cardinals,Cincinnati Bengals,Same,Different,Same,False,False,0.0002382300790784,0.0076703494027684,0.014715,0.011856,0.0002382300790784,0.0076703494027684,0.0005726077194261,0.0119565823483017,0.6379335471960438,0.9790607928855091,1.847520796370208,1.286746595993808,0.74002483202885,0.9496084480837107,1.0245005013271955,0.8611679765546174,0.9861863624579448,1.0215636643406238
2023_05_PHI_LA,2023,5,2023-10-08,16:05,Philadelphia Eagles,Los Angeles Rams,Home,Jalen Hurts,Matthew Stafford,00-0036389,00-0026498,7,7,0,0,2,-1,SoFi Stadium,33.9535,-118.3395,America/Los_Angeles,False,False,5,5,Sunday,False,False,0,False,False,0,2,-1,NFC East,Lincoln Financial Field,39.9008,-75.1675,America/New_York,NFC West,SoFi Stadium,33.9535,-118.3395,America/Los_Angeles,Washington Commanders,Indianapolis Colts,Lincoln Financial Field,Lucas Oil Stadium,New York Jets,Arizona Cardinals,MetLife Stadium,SoFi Stadium,2394,0,-2394,2394,3.0,0.0,America/New_York,America/Indiana/Indianapolis,3.0,3.0,3.0,0.0,3.0,0,4.905,1.29,4.905,1.29,Philadelphia Eagles,3.615,Philadelphia Eagles,3.615,4.905,1.29,Philadelphia Eagles,3.615,-0.2249999999999999,0,No,No,No,No,No,0,No,0.0,0.0,8.409,1.559,4.8245,0.9245,4.8245,0.9245,-0.0804999999999999,-0.3655,8.3285,1.1934999999999998,Philadelphia Eagles,3.9,Philadelphia Eagles,3.9,4.8245,0.9245,Philadelphia Eagles,3.9,Tie,0.0,Philadelphia Eagles,6.8500000000000005,4.2045,0.7795,Philadelphia Eagles,3.4250000000000003,Philadelphia Eagles,0.285,Philadelphia Eagles,7.135,4.124,0.4139999999999999,Philadelphia Eagles,3.71,Different,Same,Same,Same,Different,Same,False,Away Team,Away Team,50.5,160.0,-192.0,Philadelphia Eagles,Los Angeles Rams,3.5,-3.5,-104,-116,249,-319,0.285,-0.285,7.135,-7.135,0.6575,0.3846,0.537,0.5098,0.7613,0.2865,0.6309,0.3691,0.513,0.487,0.7266,0.2734,0.6309,0.3691,0.1309,-0.1309,,,9,0.0,70.0,0.0,Dome,True,J.Hurts,M.Stafford,1.32,2.0,13.66,186.63,Med-High,-8.0,11.0,51.56,51.0,13.510889675664057,35.0,69.0,0.467,0.5324,0.0924,0.0854,0.5506,0.4494,0.505,0.495,5,2023-10-08,Philadelphia Eagles @ Los Angeles Rams,0.3991,0.6007,151,-150,0.3846153846153846,0.6575342465753424,1.66,-1.66,51.28,3.026666666666667,-3.026666666666667,Philadelphia Eagles,3.635,Los Angeles Rams,3.215,Los Angeles Rams,1.84,Los Angeles Rams,0.4733333333333331,Philadelphia Eagles,0.0690657534246576,Los Angeles Rams,0.1023846153846153,Los Angeles Rams,0.0823846153846153,Los Angeles Rams,0.0144846153846153,Over,0.7800000000000011,100.0,160.0,334.69,535.5,110.0,100.0,140.65,127.86,110.0,100.0,0.0,0.0,Los Angeles Rams,0.3454,0.2719,0.2532,0.3298,0.6951,0.6484,0.3049,0.3516,-0.112,-0.1157,0.0504,0.1135,0.1155,0.3028,5,0.1259083333333333,0.03395,Philadelphia Eagles,Los Angeles Rams,0,1,1,0,0,1,0,0,1,1,0,1,0,3.5,2.5,0.0069999999999999,0.0,2383.0,0.9991607217792698,0.8006714225765842,0.003419,0.008616,0.2135580594797703,8.304531379273907,0.3650332693735766,4.858460187177047,8.961731409138497e-05,0.0001531822364135,0.0034849061599974,0.0020387999106911,0.0021919821471047,13.162991566450954,0.5785913288533471,,,2091.0,292.0,0.6309,0.3691,0.5905,0.4094,0.5456,0.4538,Philadelphia Eagles,Philadelphia Eagles,Philadelphia Eagles,Philadelphia Eagles,Philadelphia Eagles,Same,Same,Same,False,False,0.0002427995505049,0.0055237060706886,0.003419,0.008616,0.0002427995505049,0.0055237060706886,0.0004998339130454,0.0092980671774573,0.6016867455539429,1.0153075945276093,1.5501326748548043,1.584134717509209,0.4667653944008681,1.2228678857116948,0.8891801474990294,0.9964883303827831,0.8104933419804974,1.1972566848180695
2023_05_NYJ_DEN,2023,5,2023-10-08,16:25,New York Jets,Denver Broncos,Home,Zach Wilson,Russell Wilson,00-0037013,00-0029263,7,7,0,0,-1,0,Empower Field at Mile High,39.7648,-105.0076,America/Denver,False,False,5,5,Sunday,False,False,0,False,False,0,-1,0,AFC East,MetLife Stadium,40.8136,-74.0744,America/New_York,AFC West,Empower Field at Mile High,39.7648,-105.0076,America/Denver,Kansas City Chiefs,Chicago Bears,MetLife Stadium,Soldier Field,Philadelphia Eagles,Kansas City Chiefs,MetLife Stadium,GEHA Field at Arrowhead Stadium,1622,0,-1622,1622,2.0,0.0,America/New_York,America/Chicago,2.0,1.0,2.0,0.0,2.0,0,-3.725,2.05,-3.725,2.05,Denver Broncos,5.775,Denver Broncos,5.775,-3.725,2.05,Denver Broncos,5.775,-0.15,0,No,No,No,No,No,0,No,0.0,0.0,-1.783,-8.65,-4.347,3.657,-4.347,3.657,-0.622,1.607,-2.405,-7.043,Denver Broncos,8.004,Denver Broncos,8.004,-4.347,3.657,Denver Broncos,8.004,Tie,0.0,New York Jets,6.867000000000001,-0.8915,-4.325,New York Jets,3.4335000000000004,Denver Broncos,2.229,New York Jets,4.638,-1.5134999999999998,-2.718,New York Jets,1.2045,Different,Different,Same,Different,Different,Same,False,Home Team,Away Team,42.5,-135.0,114.0,Denver Broncos,New York Jets,-2.5,2.5,-131,108,181,-224,-2.229,2.229,4.638,-4.638,0.4673,0.5745,0.4808,0.5671,0.6914,0.3559,0.4486,0.5514,0.4588,0.5412,0.6602,0.3398,0.4486,0.5514,-0.0514,0.0514,73.0,9.0,10,9.0,73.0,0.0,nfl_read_py Fallback,False,J.Fields,B.Nix,7.28,8.0,13.18,173.82,Medium,-3.0,17.0,41.5,41.0,12.208595372121726,26.0,57.0,0.2906,0.7088,0.0704,0.0716,0.2612,0.7388,0.4544,0.5456,5,2023-10-08,New York Jets @ Denver Broncos,0.4308,0.5691,132,-132,0.574468085106383,0.4672897196261682,7.640000000000001,-7.640000000000001,41.25,3.3496666666666663,-3.3496666666666663,New York Jets,7.138,New York Jets,0.2709999999999999,New York Jets,10.14,New York Jets,5.849666666666666,New York Jets,0.1929102803738318,No Bet,0.0,New York Jets,0.2415102803738317,New York Jets,0.1018102803738318,Under,1.25,100.0,114.0,1133.4,1292.08,110.0,100.0,1128.7,1026.09,110.0,100.0,114.4,104.0,New York Jets,0.3287,0.3369,0.2984,0.3184,0.7431,0.6142,0.2569,0.3858,-0.0906,-0.3847,0.1153,-0.0835,-0.2523,-0.0426,5,-0.1149,-0.0703666666666666,Denver Broncos,New York Jets,0,1,1,0,1,1,0,0,1,1,1,1,0,1.0,1.5,0.0069999999999999,0.002,2383.0,0.9718841796055392,0.9995803608896348,0.011582,0.013007,7.341097380041942,0.6550178389808082,5.972463338206048,0.80512000983954,0.0030806115736642,0.0025062792019328,0.0002748711032231,0.0003378598446661,0.002844139046599,1.4601378488203482,13.313560718247992,,,2091.0,292.0,0.4486,0.5514,0.5354,0.4645,0.693,0.3066,Denver Broncos,New York Jets,New York Jets,New York Jets,New York Jets,Same,Same,Same,False,False,0.0055868907755971,0.0006127309478893,0.011582,0.013007,0.0055868907755971,0.0006127309478893,0.0027183716137356,0.0014976101676325,0.8930152787202499,0.723979061361304,1.7027292370910518,1.4315381552729627,0.575616032791865,1.114017247320695,0.5499271728819278,1.335741304999884,0.8675054862252003,1.1402445405733714
2023_05_KC_MIN,2023,5,2023-10-08,16:25,Kansas City Chiefs,Minnesota Vikings,Home,Patrick Mahomes,Kirk Cousins,00-0033873,00-0029604,7,7,0,0,3,3,U.S. Bank Stadium,44.9738,-93.2575,America/Chicago,False,True,5,5,Sunday,False,False,0,False,False,0,3,3,AFC West,GEHA Field at Arrowhead Stadium,39.0489,-94.4839,America/Chicago,NFC North,U.S. Bank Stadium,44.9738,-93.2575,America/Chicago,New York Jets,Carolina Panthers,MetLife Stadium,Bank of America Stadium,Denver Broncos,Chicago Bears,GEHA Field at Arrowhead Stadium,Soldier Field,414,0,-414,414,0.0,0.0,America/New_York,America/New_York,1.0,1.0,0.0,0.0,0.0,0,4.395,0.27,4.395,0.27,Kansas City Chiefs,4.125,Kansas City Chiefs,4.125,4.395,0.27,Kansas City Chiefs,4.125,0.0,0,No,No,No,No,No,0,No,0.0,0.0,8.791,-3.191,4.3165,-0.139,4.3165,-0.139,-0.0784999999999999,-0.409,8.7125,-3.6,Kansas City Chiefs,4.4555,Kansas City Chiefs,4.4555,4.3165,-0.139,Kansas City Chiefs,4.4555,Tie,0.0,Kansas City Chiefs,11.982,4.3955,-1.5955,Kansas City Chiefs,5.991,Kansas City Chiefs,0.3305,Kansas City Chiefs,12.3125,4.317,-2.0045,Kansas City Chiefs,6.3215,Different,Same,Same,Same,Different,Same,False,Away Team,Away Team,52.5,150.0,-180.0,Kansas City Chiefs,Minnesota Vikings,3.5,-3.5,-104,-116,466,-675,0.3305,-0.3305,12.3125,-12.3125,0.6429,0.4,0.537,0.5098,0.871,0.1767,0.6164,0.3836,0.513,0.487,0.8314,0.1686,0.6164,0.3836,0.1164,-0.1164,,,11,0.0,70.0,0.0,Dome,True,P.Mahomes,C.Wentz,10.72,11.0,13.07,170.7,Medium,3.0,20.0,50.44,50.0,13.454715042369878,33.0,69.0,0.2058,0.7936,0.0666,0.0612,0.2748,0.7252,0.4212,0.5788,5,2023-10-08,Kansas City Chiefs @ Minnesota Vikings,0.3113,0.6886,221,-221,0.4,0.6428571428571429,10.86,-10.86,50.22,7.834333333333333,-7.834333333333333,Kansas City Chiefs,8.8125,Minnesota Vikings,3.1695,Kansas City Chiefs,7.359999999999999,Kansas City Chiefs,4.334333333333333,Kansas City Chiefs,0.1885428571428571,Minnesota Vikings,0.0869999999999999,Kansas City Chiefs,0.150742857142857,Kansas City Chiefs,0.045742857142857,Under,2.280000000000001,180.0,100.0,1055.2,586.22,110.0,100.0,1057.3,961.18,110.0,100.0,288.7,262.45,Kansas City Chiefs,0.3769,0.2746,0.2705,0.2641,0.6727,0.6482,0.3273,0.3518,-0.0262,-0.0051,0.1532,0.2564,0.1804,0.3131,5,0.1766,-0.0455083333333333,Kansas City Chiefs,Minnesota Vikings,1,0,0,1,0,0,0,1,1,1,0,1,0,4.0,2.0,0.006,0.0,2383.0,0.9152328997062528,0.4288711707931179,0.000905,0.00495,0.1565244975713566,5.59834914125313,0.2515164241475084,3.483982366295751,6.568380091118615e-05,0.0001055461284714,0.0023492862531486,0.0014620152607199,0.0015675613891914,9.08233150754888,0.4080409217188649,,,2091.0,292.0,0.6164,0.3836,0.6891,0.3106,0.7878,0.2112,Kansas City Chiefs,Kansas City Chiefs,Kansas City Chiefs,Kansas City Chiefs,Kansas City Chiefs,Same,Same,Same,False,False,0.0001712299293826,0.0038113015138686,0.000905,0.00495,0.0001712299293826,0.0038113015138686,0.0004645320803075,0.0017866860640238,0.6241085536431845,0.9928857864383673,1.5448727841690124,1.5893946081950008,0.28752423087240003,1.4021090492401607,0.39251743364664426,1.4931510442351665,0.6314367998298602,1.3763132269687057
2023_05_DAL_SF,2023,5,2023-10-08,20:20,Dallas Cowboys,San Francisco 49ers,Home,Dak Prescott,Brock Purdy,00-0033077,00-0037834,7,7,0,0,1,3,Levi's Stadium,37.4031,-121.9702,America/Los_Angeles,False,False,5,5,Sunday,False,False,0,False,False,0,1,3,NFC East,AT&T Stadium,32.7369,-97.0826,America/Chicago,NFC West,Levi's Stadium,37.4031,-121.9702,America/Los_Angeles,New England Patriots,Arizona Cardinals,AT&T Stadium,Levi's Stadium,Los Angeles Chargers,Cleveland Browns,SoFi Stadium,FirstEnergy Stadium,1438,0,-1438,1438,2.0,0.0,America/Chicago,America/Los_Angeles,2.0,0.0,2.0,0.0,2.0,0,-0.615,3.325,-0.615,3.325,San Francisco 49ers,3.94,San Francisco 49ers,3.94,-0.615,3.325,San Francisco 49ers,3.94,-0.15,0,No,No,No,No,No,0,No,0.0,0.0,5.882,8.506,-1.7145,3.778,-1.7145,3.778,-1.0995,0.453,4.7825,8.959000000000001,San Francisco 49ers,5.4925,San Francisco 49ers,5.4925,-1.7145,3.778,San Francisco 49ers,5.4925,Tie,0.0,San Francisco 49ers,2.624000000000001,2.941,4.253,San Francisco 49ers,1.3120000000000005,San Francisco 49ers,1.5525,San Francisco 49ers,4.176500000000002,1.8415,4.706,San Francisco 49ers,2.8645000000000005,Different,Same,Same,Same,Different,Same,False,Home Team,Home Team,45.0,-180.0,150.0,San Francisco 49ers,Dallas Cowboys,-3.5,3.5,-128,105,-211,171,-1.5525,1.5525,-4.176500000000002,4.176500000000002,0.4,0.6429,0.4878,0.5614,0.369,0.6785,0.3836,0.6164,0.4649,0.5351,0.3523,0.6477,0.3836,0.6164,-0.1164,0.1164,78.0,10.0,12,10.0,78.0,0.0,nfl_read_py Fallback,False,D.Prescott,M.Jones,-2.05,-3.0,14.26,203.3,High,-12.0,8.0,57.25,57.0,14.313785693944787,39.900000000000034,76.0,0.5502,0.4492,0.0872,0.084,0.4708,0.5292,0.8002,0.1858,5,2023-10-08,Dallas Cowboys @ San Francisco 49ers,0.5874,0.4125,-142,142,0.6428571428571429,0.4,-2.525,2.525,57.125,-2.7513333333333336,2.7513333333333336,San Francisco 49ers,0.6765000000000017,Dallas Cowboys,1.9475,Dallas Cowboys,0.975,Dallas Cowboys,0.7486666666666664,San Francisco 49ers,0.0048428571428571,Dallas Cowboys,0.0648999999999999,Dallas Cowboys,0.0491999999999999,Dallas Cowboys,0.0124999999999999,Over,12.125,100.0,150.0,205.0,307.5,110.0,100.0,28.3,25.73,110.0,100.0,1451.05,1319.14,Dallas Cowboys,0.3017,0.2949,0.3038,0.3968,0.675,0.6958,0.325,0.3042,0.0776,-0.1879,0.3026,0.1492,0.5133,0.1819,5,0.1773083333333333,0.2483749999999999,San Francisco 49ers,Dallas Cowboys,1,1,0,0,0,0,1,0,1,1,1,0,0,4.0,5.0,0.0,0.002,2383.0,0.2719261435165757,0.7956357532522031,0.004327,1.9e-05,5.47796797864731,0.1792594866061979,3.409066379962863,0.2880488726383223,0.0022987696091679,0.0014305775828631,7.522429148392697e-05,0.0001208765726556,0.0015514541555187,0.4673083592445203,8.887034358610174,,,2091.0,292.0,0.3836,0.6164,0.4026,0.5973,0.281,0.7186,San Francisco 49ers,San Francisco 49ers,San Francisco 49ers,San Francisco 49ers,San Francisco 49ers,Same,Same,Same,False,False,0.0037293471920311,0.0001961008641395,0.004327,1.9e-05,0.0037293471920311,0.0001961008641395,0.0010523922109081,0.0004141909508789,0.9926357869651544,0.6243585531164012,1.6575129124485741,1.4767544799154468,1.0898111329890827,0.5998221471234775,1.0304228338650696,0.8552456440167379,1.1716582667260396,0.8360917600725278
2023_05_GB_LV,2023,5,2023-10-09,20:15,Green Bay Packers,Las Vegas Raiders,Home,Jordan Love,Jimmy Garoppolo,00-0036264,00-0031345,11,8,3,-3,4,-1,Allegiant Stadium,36.108,-115.1578,America/Los_Angeles,False,False,5,5,Monday,False,False,0,False,False,0,4,-1,NFC North,Lambeau Field,44.5013,-88.0622,America/Chicago,AFC West,Allegiant Stadium,36.108,-115.1578,America/Los_Angeles,Detroit Lions,Los Angeles Chargers,Lambeau Field,SoFi Stadium,Denver Broncos,New England Patriots,Empower Field at Mile High,Allegiant Stadium,1531,0,-1531,1531,2.0,0.0,America/Chicago,America/Los_Angeles,2.0,0.0,2.0,0.0,2.0,0,3.535,-2.35,3.535,-2.35,Green Bay Packers,5.885,Green Bay Packers,5.885,3.535,-2.35,Green Bay Packers,5.885,-0.15,0,No,No,No,No,No,0,No,0.0,0.0,-4.219,-2.18,4.2780000000000005,-2.3585,4.2780000000000005,-2.3585,0.743,-0.0084999999999999,-3.476,-2.1885,Green Bay Packers,6.6365,Green Bay Packers,6.6365,4.2780000000000005,-2.3585,Green Bay Packers,6.6365,Tie,0.0,Las Vegas Raiders,2.039,-2.1095,-1.09,Las Vegas Raiders,1.0195,Green Bay Packers,0.7515,Las Vegas Raiders,1.2875,-1.3665,-1.0985,Las Vegas Raiders,0.268,Different,Different,Same,Different,Different,Same,False,Away Team,Home Team,45.0,-118.0,-102.0,Las Vegas Raiders,Green Bay Packers,-1.0,1.0,101,-122,-128,105,0.7515,-0.7515,-1.2875,1.2875,0.505,0.5413,0.5495,0.4975,0.4878,0.5614,0.4826,0.5174,0.5248,0.4752,0.4649,0.5351,0.4826,0.5174,-0.0174,0.0174,,,13,0.0,70.0,0.0,Dome,True,J.Love,G.Smith,-2.84,-4.0,13.17,173.41,Medium,-12.0,7.0,48.57,48.0,13.383291579379856,32.0,66.0,0.5918,0.4068,0.0944,0.0876,0.57,0.4082,0.5762,0.4024,5,2023-10-09,Green Bay Packers @ Las Vegas Raiders,0.5299,0.4698,-113,113,0.5412844036697247,0.504950495049505,-3.42,3.42,48.285,-1.3186666666666669,1.3186666666666669,Las Vegas Raiders,0.2875000000000001,Green Bay Packers,1.7515,Las Vegas Raiders,2.42,Las Vegas Raiders,0.3186666666666666,No Bet,0.0,Green Bay Packers,0.019849504950495,Las Vegas Raiders,0.0505155963302752,No Bet,0.0,Over,3.2849999999999966,118.0,100.0,275.31,233.31,110.0,100.0,242.5,220.45,110.0,100.0,275.05,250.05,Las Vegas Raiders,0.349,0.1986,0.2784,0.3282,0.6944,0.6162,0.3056,0.3838,-0.0675,-0.2632,0.1187,0.1438,-0.0025,-0.0551,5,0.0003416666666666,-0.0914833333333333,Las Vegas Raiders,Green Bay Packers,0,0,1,1,1,0,0,0,1,1,1,0,0,2.5,1.5,0.004,0.001,2383.0,1.0,0.9974821653378096,0.013746,0.003962,1.563343629739938,1.1985316115008633,1.4581941161818597,1.2849570157284431,0.0006560401299789,0.0006119152816541,0.0005029507391946,0.0005392182189376,0.0011511335005918,2.483488627229306,3.0215377459217976,,,2091.0,292.0,0.4826,0.5174,0.4571,0.5427,0.4306,0.5684,Las Vegas Raiders,Las Vegas Raiders,Las Vegas Raiders,Las Vegas Raiders,Las Vegas Raiders,Same,Same,Same,False,False,0.0012679554116331,0.0010421689581323,0.013746,0.003962,0.0012679554116331,0.0010421689581323,0.0009039201019233,0.0009364637722129,0.8268909745138882,0.7901033655676707,1.4451344340357681,1.6891329583282484,0.8928708537071601,0.7967624264053995,1.1001506971500876,0.7855177807317208,1.0460055064816405,0.9617445203169275
2023_06_DEN_KC,2023,6,2023-10-12,20:15,Denver Broncos,Kansas City Chiefs,Home,Russell Wilson,Patrick Mahomes,00-0029263,00-0033873,4,4,0,0,0,3,GEHA Field at Arrowhead Stadium,39.0489,-94.4839,America/Chicago,False,False,6,6,Thursday,False,False,0,False,False,0,0,3,AFC West,Empower Field at Mile High,39.7648,-105.0076,America/Denver,AFC West,GEHA Field at Arrowhead Stadium,39.0489,-94.4839,America/Chicago,New York Jets,Minnesota Vikings,Empower Field at Mile High,U.S. Bank Stadium,Green Bay Packers,Los Angeles Chargers,Empower Field at Mile High,GEHA Field at Arrowhead Stadium,563,0,-563,563,-1.0,0.0,America/Denver,America/Chicago,-1.0,0.0,-1.0,0.0,-1.0,0,2.05,4.395,2.05,4.395,Kansas City Chiefs,2.345,Kansas City Chiefs,2.345,2.05,4.395,Kansas City Chiefs,2.345,0.0,0,No,No,No,No,No,1,No,0.0,0.0,-8.65,8.791,0.4120549999999999,4.729445,0.4120549999999999,4.729445,-1.661395,0.3578950000000001,-10.136985,8.974485000000001,Kansas City Chiefs,4.3173900000000005,Kansas City Chiefs,4.3173900000000005,0.4120549999999999,4.729445,Kansas City Chiefs,4.3173900000000005,Tie,0.0,Kansas City Chiefs,17.441000000000003,-4.325,4.3955,Kansas City Chiefs,8.720500000000001,Kansas City Chiefs,2.01929,Kansas City Chiefs,19.11147,-5.89919,4.66619,Kansas City Chiefs,10.56538,Different,Same,Same,Same,Different,Same,True,Home Team,Home Team,47.5,-650.0,470.0,Kansas City Chiefs,Denver Broncos,-10.5,10.5,-131,108,-3245,1190,-2.01929,2.01929,-19.11147,19.11147,0.1754,0.8667,0.4808,0.5671,0.0775,0.9701,0.1684,0.8316,0.4588,0.5412,0.074,0.926,0.1684,0.8316,-0.3316,0.3316,,,14,10.0,60.0,0.0,Historical Avg,False,B.Nix,P.Mahomes,-13.84,-14.0,13.14,172.63,Medium,-23.0,-6.0,49.24,49.0,12.947650262864917,33.0,66.0,0.8558,0.144,0.0536,0.0506,0.8322,0.1678,0.689,0.311,6,2023-10-12,Denver Broncos @ Kansas City Chiefs,0.7886,0.2113,-373,373,,,,,,,,No Bet,,No Bet,,No Bet,,No Bet,,No Bet,,No Bet,,No Bet,,No Bet,,No Bet,,,,,,,,,,,,,,,0.2746,0.3287,0.2641,0.2984,0.6482,0.7431,0.3518,0.2569,-0.0051,-0.0906,0.2564,0.1153,0.3131,-0.2523,6,-0.0466181818181818,0.1625090909090909,Kansas City Chiefs,Denver Broncos,1,1,0,0,1,0,0,0,1,1,1,0,1,2.0,4.0,,,1859.6168742926632,0.4258606855589578,0.9679365399161358,0.0919178425582799,0.0057173641232903,253.3765002008287,0.0623308765045841,51.30904597621398,0.3078049697221624,0.1362519902370776,0.0275911918661903,3.351812804360184e-05,0.0001655206370609,0.0277567125032512,0.3701358462267465,304.6855461770427,,,1533.0,558.0,0.1684,0.8316,0.2328,0.7672,0.154,0.846,Kansas City Chiefs,Kansas City Chiefs,Kansas City Chiefs,Kansas City Chiefs,Kansas City Chiefs,Same,Same,Same,False,False,0.1638431821032679,0.0001990387651045,0.0919178425582799,0.0057173641232903,0.1638431821032679,0.0001990387651045,0.0457142320383029,0.0101236376797157,1.1369868590424912,0.2622965776735757,1.0648880510313983,1.1204262108894751,1.3658185210731886,0.12610336370523414,1.297246729185986,0.25398562760279814,1.2267091098128091,0.38427416961420724
2023_06_BAL_TEN,2023,6,2023-10-15,09:30,Baltimore Ravens,Tennessee Titans,Neutral,Lamar Jackson,Ryan Tannehill,00-0034796,00-0029701,7,7,0,0,0,2,Nissan Stadium,36.1664,-86.7716,America/Chicago,False,True,6,6,Sunday,False,False,0,False,False,0,0,2,AFC North,M&T Bank Stadium,39.2789,-76.6228,America/New_York,AFC South,Nissan Stadium,36.1664,-86.7716,America/Chicago,Pittsburgh Steelers,Indianapolis Colts,Acrisure Stadium,Lucas Oil Stadium,Detroit Lions,Atlanta Falcons,M&T Bank Stadium,Nissan Stadium,594,0,-594,594,1.0,0.0,America/New_York,America/Indiana/Indianapolis,1.0,1.0,1.0,0.0,1.0,0,6.69,-4.36,6.69,-4.36,Baltimore Ravens,11.05,Baltimore Ravens,11.05,6.69,-4.36,Baltimore Ravens,11.05,0.0,0,No,No,No,No,No,0,No,0.0,0.0,5.928,-1.274,7.976000000000001,-2.6060000000000008,7.976000000000001,-2.6060000000000008,1.286,1.754,7.214,0.48,Baltimore Ravens,10.582,Baltimore Ravens,10.582,7.976000000000001,-2.6060000000000008,Baltimore Ravens,10.582,Tie,0.0,Baltimore Ravens,7.202,2.964,-0.637,Baltimore Ravens,3.601,Tennessee Titans,0.4679999999999999,Baltimore Ravens,6.734,4.25,1.117,Baltimore Ravens,3.133,Different,Same,Different,Same,Different,Same,False,Home Team,Away Team,42.5,205.0,-250.0,Baltimore Ravens,Tennessee Titans,5.5,-5.5,-116,-104,224,-282,-0.4679999999999999,0.4679999999999999,6.734,-6.734,0.7143,0.3279,0.5098,0.537,0.7382,0.3086,0.6854,0.3146,0.487,0.513,0.7052,0.2948,0.6854,0.3146,0.1854,-0.1854,,,15,8.0,68.0,0.0,Historical Avg,False,C.Rush,C.Ward,9.27,10.0,13.24,175.17,Medium,2.0,19.0,44.13,43.0,12.423526570281425,29.0,61.0,0.2324,0.7668,0.0682,0.0652,0.3524,0.6476,0.5354,0.4646,6,2023-10-15,Baltimore Ravens @ Tennessee Titans,0.3387,0.6611,195,-195,,,,,,,,No Bet,,No Bet,,No Bet,,No Bet,,No Bet,,No Bet,,No Bet,,No Bet,,No Bet,,,,,,,,,,,,,,,0.3803,0.2564,0.3131,0.2524,0.6891,0.6686,0.3109,0.3314,-0.291,-0.4181,0.0833,0.0998,-0.0327,-0.1485,6,0.1124181818181817,-0.0909909090909091,Baltimore Ravens,Tennessee Titans,1,0,0,1,0,0,0,1,1,1,0,1,0,3.5,1.5,,,1859.6168742926632,0.9889014153064004,0.4897902650392791,0.0069890879361499,0.0287602986654996,0.1176264164002573,27.986369996901853,0.2562655619858118,12.845800993617338,6.32530377769338e-05,0.0001378055692698,0.0150495354090325,0.00690776749297,0.0070455730622399,40.8321709905192,0.3738919783860692,,,1533.0,558.0,0.6854,0.3146,0.6864,0.3133,0.857,0.1416,Baltimore Ravens,Baltimore Ravens,Baltimore Ravens,Baltimore Ravens,Baltimore Ravens,Same,Same,Same,False,False,0.0002010586070468,0.0219573029020025,0.0069890879361499,0.0287602986654996,0.0002010586070468,0.0219573029020025,0.0121250890170502,0.0330943586896023,0.4498539958505799,0.9494294408654887,1.1514114508008904,1.0339028111199826,0.45055827621931444,1.0413636085591085,0.37064236027090847,1.1805899965178754,0.559412692797141,1.0515705866298755
2023_06_WAS_ATL,2023,6,2023-10-15,13:00,Washington Commanders,Atlanta Falcons,Home,Sam Howell,Desmond Ridder,00-0037077,00-0038122,10,7,3,-3,4,-3,Mercedes-Benz Stadium,33.7489,-84.388,America/New_York,False,False,6,6,Sunday,False,False,0,False,False,0,4,-3,NFC East,FedExField,38.9077,-76.8645,America/New_York,NFC South,Mercedes-Benz Stadium,33.7489,-84.388,America/New_York,Chicago Bears,Houston Texans,FedExField,Mercedes-Benz Stadium,New York Giants,Tampa Bay Buccaneers,MetLife Stadium,Raymond James Stadium,549,0,-549,549,0.0,0.0,America/New_York,America/New_York,0.0,0.0,0.0,0.0,0.0,0,1.45,-0.71,1.45,-0.71,Washington Commanders,2.16,Washington Commanders,2.16,1.45,-0.71,Washington Commanders,2.16,0.0,0,No,No,No,No,No,0,No,0.0,0.0,-1.022,-4.138,2.7095,1.34,2.7095,1.34,1.2595,2.05,0.2375,-2.088,Washington Commanders,1.3695,Washington Commanders,1.3695,2.7095,1.34,Washington Commanders,1.3695,Tie,0.0,Washington Commanders,3.116,-0.511,-2.069,Washington Commanders,1.5579999999999998,Atlanta Falcons,0.7904999999999998,Washington Commanders,2.3255,0.7485,-0.0190000000000001,Washington Commanders,0.7675000000000002,Different,Same,Different,Same,Different,Same,False,Home Team,Away Team,42.0,-125.0,105.0,Atlanta Falcons,Washington Commanders,-1.5,1.5,-122,101,117,-142,-0.7904999999999998,0.7904999999999998,2.3255,-2.3255,0.4878,0.5556,0.4975,0.5495,0.5868,0.4608,0.4675,0.5325,0.4752,0.5248,0.5601,0.4399,0.4675,0.5325,-0.0325,0.0325,,,16,0.0,70.0,0.0,Dome,True,J.Daniels,M.Penix,-5.64,-6.0,13.45,180.86,Med-High,-14.0,4.0,46.19,46.0,13.03346562067116,30.0,63.0,0.6628,0.3364,0.0874,0.0888,0.6442,0.3558,0.6108,0.3642,6,2023-10-15,Washington Commanders @ Atlanta Falcons,0.54,0.4598,-117,117,,,,,,,,No Bet,,No Bet,,No Bet,,No Bet,,No Bet,,No Bet,,No Bet,,No Bet,,No Bet,,,,,,,,,,,,,,,0.3051,0.3401,0.2615,0.3095,0.735,0.6796,0.265,0.3204,-0.2105,-0.4457,-0.0171,0.043,0.0235,-0.0692,6,-0.166990909090909,0.0127545454545454,Atlanta Falcons,Washington Commanders,1,0,0,0,0,1,1,0,1,0,1,1,0,0.5,2.5,,,1859.6168742926632,0.9637182645781296,0.4916045787237118,0.0205273826335599,0.0047327817490444,0.4285311342632438,0.628493621079743,0.3762221695174959,0.715877760909012,0.0002304405494417,0.0002023116560827,0.0003379694117471,0.0003849598112413,0.000587271467324,1.344371381988755,0.8047533037807397,,,1533.0,558.0,0.4675,0.5325,0.4705,0.5292,0.3792,0.6196,Atlanta Falcons,Atlanta Falcons,Atlanta Falcons,Atlanta Falcons,Atlanta Falcons,Same,Same,Same,False,False,0.0004327522055245,0.0007229292229885,0.0205273826335599,0.0047327817490444,0.0004327522055245,0.0007229292229885,0.0333031443768674,0.0082524946360315,0.7371296828776065,0.6621537538384592,1.12475132548802,1.0605629364328495,0.647227209804141,0.8446946749742834,1.0190506861698625,0.5321816706189164,0.8589683659283575,0.7520149134986563
2023_06_MIN_CHI,2023,6,2023-10-15,13:00,Minnesota Vikings,Chicago Bears,Home,Kirk Cousins,Justin Fields,00-0029604,00-0036945,7,10,-3,3,0,3,Soldier Field,41.8623,-87.6167,America/Chicago,False,False,6,6,Sunday,False,False,0,False,False,0,0,3,NFC North,U.S. Bank Stadium,44.9738,-93.2575,America/Chicago,NFC North,Soldier Field,41.8623,-87.6167,America/Chicago,Kansas City Chiefs,Washington Commanders,U.S. Bank Stadium,FedExField,San Francisco 49ers,Las Vegas Raiders,U.S. Bank Stadium,Soldier Field,355,0,-355,355,0.0,0.0,America/Chicago,America/New_York,0.0,1.0,0.0,0.0,0.0,0,0.27,-1.575,0.27,-1.575,Minnesota Vikings,1.845,Minnesota Vikings,1.845,0.27,-1.575,Minnesota Vikings,1.845,0.0,0,No,No,No,No,No,1,No,0.0,0.0,-3.191,-7.898,0.5941850000000001,-0.3676850000000001,0.5941850000000001,-0.3676850000000001,0.3426350000000001,1.188865,-2.895435,-6.662065,Minnesota Vikings,0.9618700000000002,Minnesota Vikings,0.9618700000000002,0.5941850000000001,-0.3676850000000001,Minnesota Vikings,0.9618700000000002,Tie,0.0,Minnesota Vikings,4.707,-1.5955,-3.949,Minnesota Vikings,2.3535,Chicago Bears,0.84623,Minnesota Vikings,3.76663,-1.2764,-2.7366,Minnesota Vikings,1.4602000000000002,Different,Same,Different,Same,Different,Same,False,Home Team,Away Team,44.5,140.0,-166.0,Minnesota Vikings,Chicago Bears,3.0,-3.0,-122,101,171,-211,-0.84623,0.84623,3.76663,-3.76663,0.6241,0.4167,0.4975,0.5495,0.6785,0.369,0.5996,0.4004,0.4752,0.5248,0.6477,0.3523,0.5996,0.4004,0.0996,-0.0996,53.0,16.0,17,16.0,53.0,0.0,nfl_read_py Fallback,False,C.Wentz,C.Williams,-0.83,-1.0,13.97,195.22,High,-10.0,9.0,40.72,40.0,12.65244514841486,25.0,57.10000000000037,0.512,0.4868,0.0928,0.0812,0.4288,0.5712,0.34,0.66,6,2023-10-15,Minnesota Vikings @ Chicago Bears,0.4474,0.5523,124,-123,,,,,,,,No Bet,,No Bet,,No Bet,,No Bet,,No Bet,,No Bet,,No Bet,,No Bet,,No Bet,,,,,,,,,,,,,,,0.3356,0.3769,0.2273,0.2705,0.7105,0.6727,0.2895,0.3273,-0.2506,-0.0262,-0.1097,0.1532,-0.0577,0.1804,6,-0.0586999999999999,-0.0818090909090909,Minnesota Vikings,Chicago Bears,0,0,1,1,0,1,1,0,1,1,1,1,1,1.5,1.5,,,1859.6168742926632,0.9999259999420288,0.9151487294130406,0.0054014963411335,0.03003299478461,0.230289994260334,21.92057887701966,0.344859841554686,14.638091698396716,0.0001238373330785,0.0001854467155692,0.011787685506649,0.0078715631702172,0.0080570098857865,36.55867057541638,0.57514983581502,,,1533.0,558.0,0.5996,0.4004,0.526,0.4736,0.4882,0.5102,Minnesota Vikings,Chicago Bears,Minnesota Vikings,Chicago Bears,Minnesota Vikings,Same,Same,Same,False,False,0.0003092840486478,0.0196592486768663,0.0054014963411335,0.03003299478461,0.0003092840486478,0.0196592486768663,0.0095587405867626,0.036505072788107,0.5723541497428094,0.826929286973256,1.181025377719457,1.0042888842014144,0.5388997680035967,0.9530221167748263,0.8099331260508755,0.7412992307379029,0.7378001680400827,0.8731831113869307
2023_06_SEA_CIN,2023,6,2023-10-15,13:00,Seattle Seahawks,Cincinnati Bengals,Home,Geno Smith,Joe Burrow,00-0030565,00-0036442,13,7,6,-6,1,-7,Paycor Stadium,39.0955,-84.5165,America/New_York,False,False,6,6,Sunday,False,False,0,False,False,0,1,-7,NFC West,Lumen Field,47.5952,-122.3316,America/Los_Angeles,AFC North,Paycor Stadium,39.0955,-84.5165,America/New_York,New York Giants,Arizona Cardinals,MetLife Stadium,State Farm Stadium,Arizona Cardinals,San Francisco 49ers,Lumen Field,Levi's Stadium,1965,0,-1965,1965,-3.0,0.0,America/New_York,America/Denver,0.0,-2.0,0.0,0.0,0.0,0,-0.13,1.31,-0.13,1.31,Cincinnati Bengals,1.44,Cincinnati Bengals,1.44,-0.13,1.31,Cincinnati Bengals,1.44,0.0,0,No,No,No,No,No,0,No,0.0,0.0,1.265,1.891,1.505,2.9145000000000003,1.505,2.9145000000000003,1.635,1.6045,2.9,3.4955,Cincinnati Bengals,1.4095000000000004,Cincinnati Bengals,1.4095000000000004,1.505,2.9145000000000003,Cincinnati Bengals,1.4095000000000004,Tie,0.0,Cincinnati Bengals,0.6260000000000001,0.6325,0.9455,Cincinnati Bengals,0.313,Seattle Seahawks,0.0304999999999999,Cincinnati Bengals,0.5954999999999999,2.2675,2.55,Cincinnati Bengals,0.2824999999999997,Different,Same,Different,Same,Different,Same,False,Away Team,Home Team,45.5,-155.0,130.0,Cincinnati Bengals,Seattle Seahawks,-3.0,3.0,-110,-110,-116,-104,0.0304999999999999,-0.0304999999999999,-0.5954999999999999,0.5954999999999999,0.4348,0.6078,0.5238,0.5238,0.5098,0.537,0.417,0.583,0.5,0.5,0.487,0.513,0.417,0.583,-0.083,0.083,57.0,15.0,18,15.0,57.0,0.0,nfl_read_py Fallback,False,S.Darnold,J.Browning,0.17,1.0,13.89,193.0,Med-High,-10.0,10.0,47.52,47.0,13.302776731711118,31.0,65.0,0.4934,0.5054,0.0934,0.0874,0.4116,0.5458,0.5508,0.4492,6,2023-10-15,Seattle Seahawks @ Cincinnati Bengals,0.5224,0.4773,-109,110,,,,,,,,No Bet,,No Bet,,No Bet,,No Bet,,No Bet,,No Bet,,No Bet,,No Bet,,No Bet,,,,,,,,,,,,,,,0.2253,0.3131,0.3297,0.2943,0.6843,0.7122,0.3157,0.2878,-0.0925,-0.0073,0.1701,0.1594,0.1406,-0.0144,6,-0.0313749999999999,-0.014890909090909,Cincinnati Bengals,Seattle Seahawks,0,0,1,1,1,1,0,0,1,1,1,1,0,2.0,2.0,,,1859.6168742926632,0.9928062453319084,0.8371800251783467,0.0217406582514564,0.0046167893000897,14.378758378210366,0.176919728720908,10.284635066404327,0.2473482058616052,0.0077321079287794,0.0055305128753019,9.51377303393219e-05,0.0001330103040475,0.0056635231793494,0.4242679345825133,24.66339344461469,,,1533.0,558.0,0.417,0.583,0.3671,0.6325,0.3008,0.6976,Cincinnati Bengals,Cincinnati Bengals,Cincinnati Bengals,Seattle Seahawks,Cincinnati Bengals,Same,Different,Same,False,False,0.0132626208040813,0.0002281480343868,0.0217406582514564,0.0046167893000897,0.0132626208040813,0.0002281480343868,0.0273614280243884,0.0083726564783999,0.8073010356325622,0.5919824010835054,1.0687030717762402,1.116611190144629,0.7553476263506868,0.7365742584277362,0.7544442475522759,0.7967881092365027,0.8296524257218265,0.7813308537051874
2023_06_SF_CLE,2023,6,2023-10-15,13:00,San Francisco 49ers,Cleveland Browns,Home,Brock Purdy,Phillip Walker,00-0037834,00-0033275,7,14,-7,7,-4,6,FirstEnergy Stadium,41.5061,-81.6994,America/New_York,False,False,6,6,Sunday,False,False,0,False,False,0,-4,6,NFC West,Levi's Stadium,37.4031,-121.9702,America/Los_Angeles,AFC North,FirstEnergy Stadium,41.5061,-81.6994,America/New_York,Dallas Cowboys,Baltimore Ravens,Levi's Stadium,FirstEnergy Stadium,Minnesota Vikings,Indianapolis Colts,U.S. Bank Stadium,Lucas Oil Stadium,2146,0,-2146,2146,-3.0,0.0,America/Los_Angeles,America/New_York,-3.0,0.0,-3.0,0.0,-3.0,0,3.325,-4.705,3.325,-4.705,San Francisco 49ers,8.030000000000001,San Francisco 49ers,8.030000000000001,3.325,-4.705,San Francisco 49ers,8.030000000000001,-0.4499999999999999,0,No,No,No,No,No,0,No,0.0,0.0,8.506,2.134,1.622,-2.58,1.622,-2.58,-1.7029999999999998,2.125,6.803000000000001,4.259,San Francisco 49ers,4.202,San Francisco 49ers,4.202,1.622,-2.58,San Francisco 49ers,4.202,Tie,0.0,San Francisco 49ers,6.372,4.253,1.067,San Francisco 49ers,3.186,Cleveland Browns,3.828,San Francisco 49ers,2.5440000000000014,2.5500000000000007,3.192,Cleveland Browns,0.641999999999999,Different,Same,Different,Same,Different,Same,False,Home Team,Away Team,36.0,360.0,-470.0,San Francisco 49ers,Cleveland Browns,9.5,-9.5,-211,171,117,-142,-3.828,3.828,2.5440000000000014,-2.5440000000000014,0.8246,0.2174,0.369,0.6785,0.5868,0.4608,0.7914,0.2086,0.3523,0.6477,0.5601,0.4399,0.7914,0.2086,0.2914,-0.2914,53.0,15.0,19,15.0,53.0,0.0,nfl_read_py Fallback,False,M.Jones,D.Gabriel,7.96,9.0,15.18,230.35,High,-3.0,18.0,50.74,50.0,13.969298024505724,33.0,69.0,0.2928,0.7062,0.0672,0.073,0.5064,0.4936,0.8434,0.134,6,2023-10-15,San Francisco 49ers @ Cleveland Browns,0.3972,0.6025,152,-152,,,,,,,,No Bet,,No Bet,,No Bet,,No Bet,,No Bet,,No Bet,,No Bet,,No Bet,,No Bet,,,,,,,,,,,,,,,0.3351,0.3017,0.2977,0.3038,0.6472,0.675,0.3528,0.325,-0.3694,0.0776,0.0053,0.3026,-0.0343,0.5133,6,0.2444636363636363,0.02125,San Francisco 49ers,Cleveland Browns,1,1,0,0,0,1,0,0,1,1,0,1,0,5.0,2.5,,,1859.6168742926632,0.9916072177926982,0.2689803926716708,0.0053352905749902,0.0541052482553942,0.0655827974878218,142.40277160106598,0.2488122048507297,37.53502420518368,3.526683285919708e-05,0.0001337975624389,0.0765764032202769,0.0201842781295801,0.0203180756920191,179.93779580624965,0.3143950023385515,,,1533.0,558.0,0.7914,0.2086,0.6258,0.3742,0.8472,0.1526,San Francisco 49ers,San Francisco 49ers,San Francisco 49ers,San Francisco 49ers,San Francisco 49ers,Same,Same,Same,False,False,0.0001690643952981,0.0967606813498571,0.0053352905749902,0.0541052482553942,0.0001690643952981,0.0967606813498571,0.0095403006356814,0.0272246518141049,0.30893008703175756,1.0903533496843125,1.474465350094443,0.71084891182643,0.6845744354235105,0.8073474493549135,0.48088822114947577,1.070344135639307,0.6729193135998116,0.9380639658272043
2023_06_NO_HOU,2023,6,2023-10-15,13:00,New Orleans Saints,Houston Texans,Home,Derek Carr,C.J. Stroud,00-0031280,00-0039163,7,7,0,0,0,0,NRG Stadium,29.6847,-95.4093,America/Chicago,False,True,6,6,Sunday,False,False,0,False,False,0,0,0,NFC South,Caesars Superdome,29.9507,-90.0813,America/Chicago,AFC South,NRG Stadium,29.6847,-95.4093,America/Chicago,New England Patriots,Atlanta Falcons,Gillette Stadium,Mercedes-Benz Stadium,Jacksonville Jaguars,Carolina Panthers,Caesars Superdome,Bank of America Stadium,320,0,-320,320,0.0,0.0,America/New_York,America/New_York,1.0,1.0,0.0,0.0,0.0,0,-6.145,0.035,-6.145,0.035,Houston Texans,6.18,Houston Texans,6.18,-6.145,0.035,Houston Texans,6.18,0.0,0,No,No,No,No,No,0,No,0.0,0.0,-1.274,-6.153,-5.582999999999999,-1.6005,-5.582999999999999,-1.6005,0.562,-1.6355,-0.712,-7.788499999999999,Houston Texans,3.982499999999999,Houston Texans,3.982499999999999,-5.582999999999999,-1.6005,Houston Texans,3.982499999999999,Tie,0.0,New Orleans Saints,4.879,-0.637,-3.0765,New Orleans Saints,2.4395,New Orleans Saints,2.1975,New Orleans Saints,7.076499999999999,-0.0749999999999999,-4.712,New Orleans Saints,4.637,Different,Different,Different,Different,Different,Same,False,Away Team,Away Team,42.5,110.0,-130.0,New Orleans Saints,Houston Texans,2.0,-2.0,108,-131,249,-319,2.1975,-2.1975,7.076499999999999,-7.076499999999999,0.5652,0.4762,0.5671,0.4808,0.7613,0.2865,0.5427,0.4573,0.5412,0.4588,0.7266,0.2734,0.5427,0.4573,0.0427,-0.0427,,,20,0.0,70.0,0.0,Dome,True,S.Rattler,C.Stroud,-4.58,-5.0,13.27,176.03,Medium,-14.0,5.0,47.38,47.0,13.154460571478609,31.0,65.0,0.632,0.367,0.0938,0.0794,0.6558,0.3296,0.6382,0.3618,6,2023-10-15,New Orleans Saints @ Houston Texans,0.4554,0.5444,120,-119,,,,,,,,No Bet,,No Bet,,No Bet,,No Bet,,No Bet,,No Bet,,No Bet,,No Bet,,No Bet,,,,,,,,,,,,,,,0.3754,0.2581,0.3534,0.2661,0.6751,0.6793,0.3249,0.3207,-0.2948,-0.057,-0.0323,0.0533,-0.0025,0.1277,6,0.0573727272727272,0.0338181818181818,New Orleans Saints,Houston Texans,0,1,0,0,0,0,1,1,0,1,1,1,0,3.0,2.5,,,1859.6168742926632,0.9996906924205112,0.9671027975304652,0.0088361398126332,0.0138355088381615,0.3298178316014757,1.3952203200553894,0.3914107527008985,1.1756665788858112,0.0001773579473067,0.0002104792433924,0.0007502729940467,0.0006322090292566,0.000842688272649,2.5708868989412004,0.7212285843023742,,,1533.0,558.0,0.5427,0.4573,0.5726,0.427,0.3964,0.6022,New Orleans Saints,Houston Texans,New Orleans Saints,Houston Texans,New Orleans Saints,Same,Same,Same,False,False,0.0003878371906991,0.0013824820233033,0.0088361398126332,0.0138355088381615,0.0003878371906991,0.0013824820233033,0.0149194772575521,0.0221836328318693,0.6424115536984658,0.7568718830175998,1.0095896270496563,1.1757246348712116,0.4102229360125095,1.0816989487659134,0.9833446806975128,0.5678876760912651,0.7371025051987121,0.8738807742283021
2023_06_IND_JAX,2023,6,2023-10-15,13:00,Indianapolis Colts,Jacksonville Jaguars,Home,Gardner Minshew,Trevor Lawrence,00-0035289,00-0036971,7,7,0,0,1,-3,TIAA Bank Field,30.3239,-81.6554,America/New_York,False,False,6,6,Sunday,False,False,0,False,False,0,1,-3,AFC South,Lucas Oil Stadium,39.7601,-86.1638,America/Indiana/Indianapolis,AFC South,TIAA Bank Field,30.3239,-81.6554,America/New_York,Tennessee Titans,Buffalo Bills,Lucas Oil Stadium,Highmark Stadium,Cleveland Browns,New Orleans Saints,Lucas Oil Stadium,Caesars Superdome,699,0,-699,699,0.0,0.0,America/Indiana/Indianapolis,America/New_York,0.0,0.0,0.0,0.0,0.0,0,-2.265,-1.825,-2.265,-1.825,Jacksonville Jaguars,0.4400000000000001,Jacksonville Jaguars,0.4400000000000001,-2.265,-1.825,Jacksonville Jaguars,0.4400000000000001,0.0,0,No,No,No,No,No,1,No,0.0,0.0,-2.838,-0.831,0.6994449999999997,-4.009945,0.6994449999999997,-4.009945,2.960045,-2.180545,0.1421149999999996,-3.031615,Indianapolis Colts,4.70939,Indianapolis Colts,4.70939,0.6994449999999997,-4.009945,Indianapolis Colts,4.70939,Tie,0.0,Jacksonville Jaguars,2.007,-1.419,-0.4155,Jacksonville Jaguars,1.0035,Indianapolis Colts,5.14059,Indianapolis Colts,3.1737299999999995,1.5510799999999996,-2.60608,Indianapolis Colts,4.157159999999999,Different,Different,Same,Same,Different,Different,False,Away Team,Away Team,44.0,-205.0,170.0,Jacksonville Jaguars,Indianapolis Colts,-4.0,4.0,188,-234,135,-164,5.14059,-5.14059,3.1737299999999995,-3.1737299999999995,0.3704,0.6721,0.7006,0.3472,0.6212,0.4255,0.3553,0.6447,0.6686,0.3314,0.5935,0.4065,0.3553,0.6447,-0.1447,0.1447,,,21,10.0,60.0,0.0,Historical Avg,False,D.Jones,T.Lawrence,-0.86,-2.0,13.58,184.51,Med-High,-10.0,9.0,47.53,47.0,13.447758425898952,30.0,65.0,0.5236,0.4758,0.0954,0.0864,0.4114,0.565,0.5636,0.4072,6,2023-10-15,Indianapolis Colts @ Jacksonville Jaguars,0.4766,0.5233,110,-110,,,,,,,,No Bet,,No Bet,,No Bet,,No Bet,,No Bet,,No Bet,,No Bet,,No Bet,,No Bet,,,,,,,,,,,,,,,0.2761,0.33,0.3396,0.2661,0.6819,0.6202,0.3123,0.3781,-0.2198,-0.2658,0.0712,-0.1245,0.1283,0.0655,6,-0.0031818181818181,0.0427818181818181,Jacksonville Jaguars,Indianapolis Colts,0,1,0,0,0,1,1,0,0,1,1,1,1,2.5,3.0,,,1859.6168742926632,0.9231416207707612,0.9952694884981772,0.0430652474526565,0.0057426379129218,17.957935337866935,0.0949855399102758,9.896780557692136,0.1723534409798898,0.0096567930664199,0.0053219459849527,5.107801570493128e-05,9.26822311426096e-05,0.0054146282160953,0.2673389808901656,27.85471589555907,,,1533.0,558.0,0.3553,0.6447,0.4554,0.5443,0.4946,0.5042,Jacksonville Jaguars,Jacksonville Jaguars,Jacksonville Jaguars,Jacksonville Jaguars,Indianapolis Colts,Same,Same,Different,False,False,0.0149787390513726,0.0001437602468475,0.0430652474526565,0.0057426379129218,0.0149787390513726,0.0001437602468475,0.0598926749538098,0.0101972709108009,0.8845092761096224,0.5147741606064454,0.6799129266474268,1.5054013352734454,0.5856913792883865,0.9062305054900361,0.7884054845817505,0.7628268722070282,0.7419906147043465,0.8689926647226677
2023_06_CAR_MIA,2023,6,2023-10-15,13:00,Carolina Panthers,Miami Dolphins,Home,Bryce Young,Tua Tagovailoa,00-0039150,00-0036212,7,7,0,0,-4,1,Hard Rock Stadium,25.9602,-80.2384,America/New_York,False,True,6,6,Sunday,False,False,0,False,False,0,-4,1,NFC South,Bank of America Stadium,35.2258,-80.8528,America/New_York,AFC East,Hard Rock Stadium,25.9602,-80.2384,America/New_York,Detroit Lions,New York Giants,Ford Field,Hard Rock Stadium,Houston Texans,Philadelphia Eagles,Bank of America Stadium,Lincoln Financial Field,641,0,-641,641,0.0,0.0,America/Detroit,America/New_York,0.0,0.0,0.0,0.0,0.0,0,-5.25,0.66,-5.25,0.66,Miami Dolphins,5.91,Miami Dolphins,5.91,-5.25,0.66,Miami Dolphins,5.91,0.0,0,No,No,No,No,No,0,No,0.0,0.0,-6.873,0.176,-6.616,2.6975,-6.616,2.6975,-1.366,2.0375,-8.239,2.2135,Miami Dolphins,9.3135,Miami Dolphins,9.3135,-6.616,2.6975,Miami Dolphins,9.3135,Tie,0.0,Miami Dolphins,7.049,-3.4365,0.088,Miami Dolphins,3.5245,Miami Dolphins,3.4035,Miami Dolphins,10.4525,-4.8025,2.1255,Miami Dolphins,6.928,Different,Same,Same,Same,Different,Same,False,Home Team,Home Team,47.5,-1100.0,700.0,Miami Dolphins,Carolina Panthers,-14.0,14.0,-191,156,-538,389,-3.4035,3.4035,-10.4525,10.4525,0.125,0.9167,0.3906,0.6564,0.2045,0.8433,0.12,0.88,0.3731,0.6269,0.1952,0.8048,0.12,0.88,-0.38,0.38,87.0,12.0,22,12.0,87.0,0.0,nfl_read_py Fallback,False,B.Young,T.Tagovailoa,-11.64,-12.0,12.99,168.83,Med-Low,-20.0,-4.0,44.57,44.0,12.648207773118466,29.0,61.0,0.8208,0.1784,0.0608,0.0674,0.4142,0.5456,0.3864,0.6136,6,2023-10-15,Carolina Panthers @ Miami Dolphins,0.7831,0.2167,-361,361,,,,,,,,No Bet,,No Bet,,No Bet,,No Bet,,No Bet,,No Bet,,No Bet,,No Bet,,No Bet,,,,,,,,,,,,,,,0.2785,0.2885,0.3369,0.2763,0.7627,0.6647,0.2373,0.3333,-0.0255,-0.4301,0.1938,-0.0051,0.2394,-0.0377,6,-0.1402,0.1428545454545454,Miami Dolphins,Carolina Panthers,0,1,1,0,0,1,1,0,1,1,1,1,0,1.0,4.0,,,1859.6168742926632,0.5509252368110994,0.9999518485379006,0.1751002625074887,0.0054247765283981,417.6868464400701,0.0434976809270324,56.95729724182773,0.3189829934649045,0.224609085997321,0.0306285117269073,2.339066800712781e-05,0.0001715315653856,0.0308000432922929,0.3624806743919369,474.6441436818977,,,1533.0,558.0,0.12,0.88,0.2683,0.7314,0.1944,0.8044,Miami Dolphins,Miami Dolphins,Miami Dolphins,Miami Dolphins,Miami Dolphins,Same,Same,Same,False,False,0.2552375977242284,0.0001949222333927,0.1751002625074887,0.0054247765283981,0.2552375977242284,0.0001949222333927,0.1207715857385176,0.0096653955226801,1.1873159214287579,0.21196751528731203,1.1479105746336165,1.0374036872872527,1.1284473291807668,0.3634745555976547,1.1978252150383804,0.35340714175040044,1.1689581024791322,0.4420251769478834
2023_06_NE_LV,2023,6,2023-10-15,16:05,New England Patriots,Las Vegas Raiders,Home,Mac Jones,Jimmy Garoppolo,00-0036972,00-0031345,7,6,1,-1,1,-2,Allegiant Stadium,36.108,-115.1578,America/Los_Angeles,False,False,6,6,Sunday,False,False,0,False,False,0,1,-2,AFC East,Gillette Stadium,42.0628,-71.2687,America/New_York,AFC West,Allegiant Stadium,36.108,-115.1578,America/Los_Angeles,New Orleans Saints,Green Bay Packers,Gillette Stadium,Allegiant Stadium,Buffalo Bills,Chicago Bears,Gillette Stadium,Soldier Field,2361,0,-2361,2361,3.0,0.0,America/New_York,America/Los_Angeles,3.0,0.0,3.0,0.0,3.0,0,-1.995,-2.35,-1.995,-2.35,New England Patriots,0.355,New England Patriots,0.355,-1.995,-2.35,New England Patriots,0.355,-0.2249999999999999,0,No,No,No,No,No,0,Yes,0.0,0.0,-1.213,-2.18,-2.325,-2.2835,-2.325,-2.2835,-0.33,0.0665,-1.543,-2.1135,Las Vegas Raiders,0.0415,Las Vegas Raiders,0.0415,-2.325,-2.2835,Las Vegas Raiders,0.0415,Tie,0.0,New England Patriots,0.967,-0.6065,-1.09,New England Patriots,0.4835,Las Vegas Raiders,0.3965,New England Patriots,0.5705,-0.9365,-1.0235,New England Patriots,0.0869999999999999,Different,Different,Same,Different,Different,Same,False,Home Team,Away Team,41.5,-148.0,124.0,Las Vegas Raiders,New England Patriots,-3.0,3.0,-116,-104,-104,-116,-0.3965,0.3965,0.5705,-0.5705,0.4464,0.5968,0.5098,0.537,0.537,0.5098,0.4279,0.5721,0.487,0.513,0.513,0.487,0.4279,0.5721,-0.0721,0.0721,,,23,0.0,70.0,0.0,Dome,True,D.Maye,G.Smith,-5.51,-6.5,13.11,171.95,Medium,-14.0,4.0,41.25,40.0,12.657564242243028,25.90000000000004,58.0,0.6726,0.3264,0.0826,0.0818,0.5856,0.363,0.468,0.532,6,2023-10-15,New England Patriots @ Las Vegas Raiders,0.5612,0.4386,-128,128,,,,,,,,No Bet,,No Bet,,No Bet,,No Bet,,No Bet,,No Bet,,No Bet,,No Bet,,No Bet,,,,,,,,,,,,,,,0.349,0.2277,0.2784,0.2962,0.6944,0.637,0.3056,0.363,-0.0675,-0.2427,0.1187,0.0422,-0.0025,-0.0555,6,-0.1388,-0.1063545454545454,Las Vegas Raiders,New England Patriots,0,0,0,1,0,0,1,0,0,1,1,0,0,1.0,1.0,,,1859.6168742926632,0.999159319507501,0.980109919632458,0.0234232887955701,0.0065141602192164,12.120217151728204,0.2060373548317544,9.065269916490992,0.2754708359412168,0.0065175882835212,0.0048748051503561,0.0001107955932644,0.0001481331126584,0.0050229382630145,0.4815081907729712,21.1854870682192,,,1533.0,558.0,0.4279,0.5721,0.4474,0.5524,0.3618,0.6376,Las Vegas Raiders,Las Vegas Raiders,Las Vegas Raiders,Las Vegas Raiders,Las Vegas Raiders,Same,Same,Same,False,False,0.0113923934338773,0.0002589287059228,0.0234232887955701,0.0065141602192164,0.0113923934338773,0.0002589287059228,0.0311558533274521,0.0113417628058373,0.7921021127372716,0.6071813239787934,1.0973943731325078,1.087919888788362,0.7166976806235023,0.7752242041549197,1.0337420068842744,0.517490349904504,0.89243181487984,0.7185514645471738
2023_06_ARI_LA,2023,6,2023-10-15,16:25,Arizona Cardinals,Los Angeles Rams,Home,Joshua Dobbs,Matthew Stafford,00-0033949,00-0026498,7,7,0,0,-3,-1,SoFi Stadium,33.9535,-118.3395,America/Los_Angeles,False,False,6,6,Sunday,False,False,0,False,False,0,-3,-1,NFC West,State Farm Stadium,33.5277,-112.262608,America/Denver,NFC West,SoFi Stadium,33.9535,-118.3395,America/Los_Angeles,Cincinnati Bengals,Philadelphia Eagles,State Farm Stadium,SoFi Stadium,Seattle Seahawks,Pittsburgh Steelers,Lumen Field,SoFi Stadium,350,0,-350,350,1.0,0.0,America/Denver,America/Los_Angeles,1.0,0.0,1.0,0.0,1.0,0,0.075,1.29,0.075,1.29,Los Angeles Rams,1.215,Los Angeles Rams,1.215,0.075,1.29,Los Angeles Rams,1.215,0.0,0,No,No,No,No,No,1,No,0.0,0.0,-3.672,1.559,-0.63871,0.90871,-0.63871,0.90871,-0.7258600000000001,-0.3691399999999999,-4.345549999999999,1.1375499999999998,Los Angeles Rams,1.54742,Los Angeles Rams,1.54742,-0.63871,0.90871,Los Angeles Rams,1.54742,Tie,0.0,Los Angeles Rams,5.231,-1.836,0.7795,Los Angeles Rams,2.6155,Los Angeles Rams,0.3567200000000001,Los Angeles Rams,5.483099999999999,-2.535705,0.3842049999999999,Los Angeles Rams,2.91991,Different,Same,Same,Same,Different,Same,False,Home Team,Home Team,48.0,-340.0,270.0,Los Angeles Rams,Arizona Cardinals,-7.0,7.0,-116,-104,-244,195,-0.3567200000000001,0.3567200000000001,-5.483099999999999,5.483099999999999,0.2703,0.7727,0.5098,0.537,0.339,0.7093,0.2591,0.7409,0.487,0.513,0.3234,0.6766,0.2591,0.7409,-0.2409,0.2409,,,24,0.0,70.0,0.0,Dome,True,K.Murray,M.Stafford,-8.24,-9.0,13.49,182.02,Med-High,-17.0,1.0,52.06,51.0,13.289254938459262,35.0,70.0,0.7356,0.264,0.0762,0.076,0.5286,0.4196,0.5996,0.3856,6,2023-10-15,Arizona Cardinals @ Los Angeles Rams,0.6665,0.3334,-200,200,,,,,,,,No Bet,,No Bet,,No Bet,,No Bet,,No Bet,,No Bet,,No Bet,,No Bet,,No Bet,,,,,,,,,,,,,,,0.3454,0.23,0.2532,0.2958,0.6951,0.7598,0.3049,0.2402,-0.112,-0.3077,0.0504,0.0094,0.1155,-0.0726,6,-0.2160363636363636,0.0151363636363636,Los Angeles Rams,Arizona Cardinals,0,1,1,0,0,1,1,0,1,1,1,1,1,0.0,2.5,,,1859.6168742926632,0.9990458819633744,0.9998790483965656,0.1337965127907975,0.0057745001745789,190.15292422097508,0.0984081860785086,66.49834345479098,0.2813995564089814,0.1022538173586443,0.0357591632846872,5.291852716487093e-05,0.0001513212534791,0.0359104845381663,0.37980774248749,256.65126767576606,,,1533.0,558.0,0.2591,0.7409,0.3484,0.6515,0.2744,0.7252,Los Angeles Rams,Los Angeles Rams,Los Angeles Rams,Los Angeles Rams,Los Angeles Rams,Same,Same,Same,False,False,0.1380129806433315,0.000204239780644,0.1337965127907975,0.0057745001745789,0.1380129806433315,0.000204239780644,0.1274730531151123,0.0102104312786928,0.9827632358814145,0.41652020083465463,0.9527853109552582,1.232528950965615,0.9403347447865535,0.5515871399918674,1.0717688762842632,0.4794634805045166,0.9902642322966722,0.6207190471303426
2023_06_PHI_NYJ,2023,6,2023-10-15,16:25,Philadelphia Eagles,New York Jets,Home,Jalen Hurts,Zach Wilson,00-0036389,00-0037013,7,7,0,0,2,-1,MetLife Stadium,40.8136,-74.0744,America/New_York,False,True,6,6,Sunday,False,False,0,False,False,0,2,-1,NFC East,Lincoln Financial Field,39.9008,-75.1675,America/New_York,AFC East,MetLife Stadium,40.8136,-74.0744,America/New_York,Los Angeles Rams,Denver Broncos,SoFi Stadium,Empower Field at Mile High,Miami Dolphins,New York Giants,Lincoln Financial Field,MetLife Stadium,85,0,-85,85,0.0,0.0,America/Los_Angeles,America/Denver,-3.0,-2.0,0.0,0.0,0.0,0,4.905,-3.725,4.905,-3.725,Philadelphia Eagles,8.63,Philadelphia Eagles,8.63,4.905,-3.725,Philadelphia Eagles,8.63,0.0,0,No,No,No,No,No,0,No,0.0,0.0,8.409,-1.783,4.8245,-3.203,4.8245,-3.203,-0.0804999999999999,0.5219999999999999,8.3285,-1.261,Philadelphia Eagles,8.0275,Philadelphia Eagles,8.0275,4.8245,-3.203,Philadelphia Eagles,8.0275,Tie,0.0,Philadelphia Eagles,10.192,4.2045,-0.8915,Philadelphia Eagles,5.096,New York Jets,0.6024999999999999,Philadelphia Eagles,9.5895,4.124,-0.3695000000000001,Philadelphia Eagles,4.4935,Different,Same,Different,Same,Different,Same,False,Home Team,Away Team,43.0,245.0,-305.0,Philadelphia Eagles,New York Jets,6.5,-6.5,-116,-104,327,-436,-0.6024999999999999,0.6024999999999999,9.5895,-9.5895,0.7531,0.2899,0.5098,0.537,0.8134,0.2342,0.7221,0.2779,0.487,0.513,0.7765,0.2235,0.7221,0.2779,0.2221,-0.2221,59.0,11.0,25,11.0,59.0,0.0,nfl_read_py Fallback,False,J.Hurts,J.Fields,2.2,3.0,13.91,193.49,Med-High,-8.0,12.0,44.93,44.0,12.915254730780658,29.0,62.0,0.4244,0.5756,0.0866,0.0818,0.5862,0.4138,0.5248,0.4348,6,2023-10-15,Philadelphia Eagles @ New York Jets,0.3597,0.6403,178,-178,,,,,,,,No Bet,,No Bet,,No Bet,,No Bet,,No Bet,,No Bet,,No Bet,,No Bet,,No Bet,,,,,,,,,,,,,,,0.3369,0.2719,0.3184,0.3298,0.6142,0.6484,0.3858,0.3516,-0.3847,-0.1157,-0.0835,0.1135,-0.0426,0.3028,6,0.1171636363636363,-0.1051545454545454,Philadelphia Eagles,New York Jets,0,0,1,1,0,1,0,0,1,1,0,1,0,3.5,1.0,,,1859.6168742926632,0.999228128207712,0.7962057009034398,0.0054768670556537,0.0848639242458736,0.096037798611694,65.55395490283675,0.2495462194224695,25.22842274961686,5.16438627436222e-05,0.0001341922752327,0.03525132289831,0.0135664625861243,0.013700654861357,90.78237765245362,0.3455840180341635,,,1533.0,558.0,0.7221,0.2779,0.6284,0.3713,0.5768,0.4224,Philadelphia Eagles,Philadelphia Eagles,Philadelphia Eagles,Philadelphia Eagles,Philadelphia Eagles,Same,Same,Same,False,False,0.0001858361379763,0.0488177854844343,0.0054768670556537,0.0848639242458736,0.0001858361379763,0.0488177854844343,0.0097529877698032,0.105005706271757,0.42277513802910643,0.9765082986869625,1.227994622300035,0.9573196396208332,0.36794395799212465,1.1239779267863004,0.7084490131904233,0.8427833435983565,0.6320279802459491,0.9789552991810669
2023_06_DET_TB,2023,6,2023-10-15,16:25,Detroit Lions,Tampa Bay Buccaneers,Home,Jared Goff,Baker Mayfield,00-0033106,00-0034855,7,14,-7,7,-1,3,Raymond James Stadium,27.9759,-82.5033,America/New_York,False,False,6,6,Sunday,False,False,0,False,False,0,-1,3,NFC North,Ford Field,42.3395,-83.045,America/Detroit,NFC South,Raymond James Stadium,27.9759,-82.5033,America/New_York,Carolina Panthers,New Orleans Saints,Ford Field,Caesars Superdome,Baltimore Ravens,Atlanta Falcons,M&T Bank Stadium,Raymond James Stadium,992,0,-992,992,0.0,0.0,America/Detroit,America/Chicago,0.0,-1.0,0.0,0.0,0.0,0,4.305,1.025,4.305,1.025,Detroit Lions,3.28,Detroit Lions,3.28,4.305,1.025,Detroit Lions,3.28,0.0,0,No,No,No,No,No,0,No,0.0,0.0,3.996,-1.97,3.9375,0.2559999999999998,3.9375,0.2559999999999998,-0.3675,-0.7689999999999999,3.6285,-2.739,Detroit Lions,3.6815,Detroit Lions,3.6815,3.9375,0.2559999999999998,Detroit Lions,3.6815,Tie,0.0,Detroit Lions,5.966,1.998,-0.985,Detroit Lions,2.983,Detroit Lions,0.4014999999999998,Detroit Lions,6.3675,1.6305,-1.754,Detroit Lions,3.3845,Different,Same,Same,Same,Different,Same,False,Away Team,Away Team,43.5,136.0,-162.0,Detroit Lions,Tampa Bay Buccaneers,3.0,-3.0,-104,-116,224,-282,0.4014999999999998,-0.4014999999999998,6.3675,-6.3675,0.6183,0.4237,0.537,0.5098,0.7382,0.3086,0.5934,0.4066,0.513,0.487,0.7052,0.2948,0.5934,0.4066,0.0934,-0.0934,77.0,13.0,26,13.0,77.0,0.0,nfl_read_py Fallback,False,J.Goff,B.Mayfield,7.57,8.0,13.09,171.26,Medium,-2.0,16.25,56.37,56.0,14.043139496329967,39.0,75.0,0.2794,0.72,0.088,0.0792,0.3148,0.6368,0.8106,0.1894,6,2023-10-15,Detroit Lions @ Tampa Bay Buccaneers,0.367,0.6329,172,-172,,,,,,,,No Bet,,No Bet,,No Bet,,No Bet,,No Bet,,No Bet,,No Bet,,No Bet,,No Bet,,,,,,,,,,,,,,,0.2225,0.282,0.2694,0.3201,0.7481,0.6287,0.2519,0.3713,-0.3344,-0.1944,0.1123,0.2815,0.0317,0.1703,6,0.113,-0.0429916666666666,Detroit Lions,Tampa Bay Buccaneers,1,0,0,1,1,0,0,1,1,1,1,1,0,3.5,2.0,,,1859.6168742926632,0.970625262274444,0.5184231806846967,0.0056136852614749,0.0144837001646948,0.1783544455814305,3.1899054448645834,0.2602939695229239,2.185735682308628,9.590924240740215e-05,0.0001399718259826,0.00171535625911,0.0011753688152243,0.001315340641207,5.3756411271732105,0.4386484151043545,,,1533.0,558.0,0.5934,0.4066,0.537,0.4629,0.7226,0.277,Detroit Lions,Detroit Lions,Detroit Lions,Detroit Lions,Detroit Lions,Same,Same,Same,False,False,0.00023588106839,0.0028907250743344,0.0056136852614749,0.0144837001646948,0.00023588106839,0.0028907250743344,0.009937817220379,0.0222812914445037,0.5733019447214616,0.8259814919946101,1.0766742601626809,1.108640001758194,0.44415732084040854,1.047764563938015,0.4380122664855509,1.1132200903032283,0.5970029084141696,1.013980371012843
2023_06_NYG_BUF,2023,6,2023-10-15,20:20,New York Giants,Buffalo Bills,Home,Tyrod Taylor,Josh Allen,00-0028118,00-0034857,7,7,0,0,2,-1,Highmark Stadium,42.7725,-78.7877,America/New_York,False,True,6,6,Sunday,False,False,0,False,False,0,2,-1,NFC East,MetLife Stadium,40.8136,-74.0744,America/New_York,AFC East,Highmark Stadium,42.7725,-78.7877,America/New_York,Miami Dolphins,Jacksonville Jaguars,Hard Rock Stadium,Highmark Stadium,Washington Commanders,New England Patriots,MetLife Stadium,Gillette Stadium,278,0,-278,278,0.0,0.0,America/New_York,America/New_York,0.0,0.0,0.0,0.0,0.0,0,-2.84,4.795,-2.84,4.795,Buffalo Bills,7.635,Buffalo Bills,7.635,-2.84,4.795,Buffalo Bills,7.635,0.0,0,No,No,No,No,No,0,No,0.0,0.0,-2.869,8.815,-2.2585,5.4990000000000006,-2.2585,5.4990000000000006,0.5815,0.704,-2.2875,9.518999999999998,Buffalo Bills,7.7575,Buffalo Bills,7.7575,-2.2585,5.4990000000000006,Buffalo Bills,7.7575,Tie,0.0,Buffalo Bills,11.684,-1.4345,4.4075,Buffalo Bills,5.842,Buffalo Bills,0.1224999999999999,Buffalo Bills,11.806499999999998,-0.853,5.1115,Buffalo Bills,5.964499999999999,Different,Same,Same,Same,Different,Same,False,Home Team,Home Team,43.5,-1200.0,750.0,Buffalo Bills,New York Giants,-15.5,15.5,-110,-110,-660,458,-0.1224999999999999,0.1224999999999999,-11.806499999999998,11.806499999999998,0.1176,0.9231,0.5238,0.5238,0.1792,0.8684,0.113,0.887,0.5,0.5,0.1711,0.8289,0.113,0.887,-0.387,0.387,46.0,7.0,27,7.0,46.0,0.0,nfl_read_py Fallback,False,J.Dart,J.Allen,-6.72,-8.0,14.74,217.32,High,-17.0,4.0,48.82,48.0,13.249759817711618,33.0,66.0,0.685,0.3138,0.0716,0.067,0.2958,0.7042,0.6372,0.3628,6,2023-10-15,New York Giants @ Buffalo Bills,0.7252,0.2745,-264,264,,,,,,,,No Bet,,No Bet,,No Bet,,No Bet,,No Bet,,No Bet,,No Bet,,No Bet,,No Bet,,,,,,,,,,,,,,,0.2914,0.3907,0.3112,0.3678,0.6401,0.6773,0.3599,0.3227,0.1574,-0.2367,0.2138,0.0478,0.1883,0.0089,6,-0.1982545454545454,0.1663909090909091,Buffalo Bills,New York Giants,0,1,1,0,0,1,0,0,1,1,0,1,0,0.0,4.0,,,1859.6168742926632,0.476369548761979,0.8220629655623939,0.1675922492664983,0.0050294515359669,341.2206987564584,0.0127412694048415,43.470055196707776,0.1000133270981813,0.1834897840912782,0.0233758124039621,6.851556135555043e-06,5.3781684002100205e-05,0.0234295940879642,0.1127545965030229,384.69075395316617,,,1533.0,558.0,0.113,0.887,0.2806,0.7192,0.3846,0.6146,Buffalo Bills,Buffalo Bills,Buffalo Bills,Buffalo Bills,Buffalo Bills,Same,Same,Same,False,False,0.2068655964952403,6.063324013765525e-05,0.1675922492664983,0.0050294515359669,0.2068655964952403,6.063324013765525e-05,0.1385535817830036,0.0091250348069372,1.2011919466157592,0.1980914901003037,0.8869228380264915,1.298391423894372,1.1733452312778527,0.31857665350057374,0.9668186293126452,0.5844137274761387,1.069029511337802,0.5419537680892195
2023_06_DAL_LAC,2023,6,2023-10-16,20:15,Dallas Cowboys,Los Angeles Chargers,Home,Dak Prescott,Justin Herbert,00-0033077,00-0036355,8,15,-7,7,-6,4,SoFi Stadium,33.9535,-118.3395,America/Los_Angeles,False,True,6,6,Monday,False,False,0,False,False,0,-6,4,NFC East,AT&T Stadium,32.7369,-97.0826,America/Chicago,AFC West,SoFi Stadium,33.9535,-118.3395,America/Los_Angeles,San Francisco 49ers,Las Vegas Raiders,Levi's Stadium,SoFi Stadium,Los Angeles Rams,Kansas City Chiefs,AT&T Stadium,GEHA Field at Arrowhead Stadium,1227,0,-1227,1227,2.0,0.0,America/Los_Angeles,America/Los_Angeles,0.0,0.0,0.0,0.0,0.0,0,-0.615,0.935,-0.615,0.935,Los Angeles Chargers,1.55,Los Angeles Chargers,1.55,-0.615,0.935,Los Angeles Chargers,1.55,0.0,0,No,No,No,No,No,0,No,0.0,0.0,5.882,0.306,-2.5895,1.914,-2.5895,1.914,-1.9745,0.979,3.9075,1.285,Los Angeles Chargers,4.5035,Los Angeles Chargers,4.5035,-2.5895,1.914,Los Angeles Chargers,4.5035,Tie,0.0,Dallas Cowboys,5.576,2.941,0.153,Dallas Cowboys,2.788,Los Angeles Chargers,2.9535,Dallas Cowboys,2.6225,0.9665,1.132,Los Angeles Chargers,0.1655000000000002,Different,Different,Same,Different,Different,Same,False,Home Team,Away Team,49.5,110.0,-130.0,Dallas Cowboys,Los Angeles Chargers,1.5,-1.5,-164,135,117,-142,-2.9535,2.9535,2.6225,-2.6225,0.5652,0.4762,0.4255,0.6212,0.5868,0.4608,0.5427,0.4573,0.4065,0.5935,0.5601,0.4399,0.5427,0.4573,0.0427,-0.0427,,,28,0.0,70.0,0.0,Dome,True,D.Prescott,J.Herbert,4.69,6.0,13.43,180.38,Med-High,-5.0,14.0,57.64,57.0,13.764744257591396,41.0,75.0,0.3584,0.64,0.0842,0.0772,0.381,0.619,0.7128,0.2872,6,2023-10-16,Dallas Cowboys @ Los Angeles Chargers,0.4623,0.5373,116,-116,,,,,,,,No Bet,,No Bet,,No Bet,,No Bet,,No Bet,,No Bet,,No Bet,,No Bet,,No Bet,,,,,,,,,,,,,,,0.31,0.2949,0.2621,0.3968,0.7035,0.6958,0.2965,0.3042,-0.2056,-0.1879,0.0804,0.1492,0.193,0.1819,6,0.1895454545454545,-0.007275,Dallas Cowboys,Los Angeles Chargers,1,1,0,0,0,0,1,1,1,1,1,1,0,4.5,2.5,,,1859.6168742926632,0.8778850188837599,0.7955393573283522,0.0058753456734432,0.009674506590471,0.2158799301242503,0.7574093717265089,0.2561951412167738,0.6382224169716834,0.0001160883906295,0.0001377677008411,0.0004072932345349,0.0003432010247887,0.0004809687256299,1.3956317886981924,0.4720750713410243,,,1533.0,558.0,0.5427,0.4573,0.5746,0.4253,0.643,0.3564,Dallas Cowboys,Dallas Cowboys,Dallas Cowboys,Dallas Cowboys,Dallas Cowboys,Same,Same,Same,False,False,0.0002538560914707,0.0007504942593237,0.0058753456734432,0.009674506590471,0.0002538560914707,0.0007504942593237,0.0103388738951518,0.0160177623011244,0.6418064816352326,0.7574769550808382,1.302110476409575,0.883203785511285,0.6584872996689963,0.8334345851094274,0.5581996681019101,0.993032688686873,0.7473927416143403,0.8635905378126669
2023_07_JAX_NO,2023,7,2023-10-19,20:15,Jacksonville Jaguars,New Orleans Saints,Home,Trevor Lawrence,Derek Carr,00-0036971,00-0031280,4,4,0,0,-3,0,Caesars Superdome,29.9507,-90.0813,America/Chicago,False,False,7,7,Thursday,False,False,0,False,False,0,-3,0,AFC South,TIAA Bank Field,30.3239,-81.6554,America/New_York,NFC South,Caesars Superdome,29.9507,-90.0813,America/Chicago,Indianapolis Colts,Houston Texans,TIAA Bank Field,NRG Stadium,Pittsburgh Steelers,Indianapolis Colts,Acrisure Stadium,Lucas Oil Stadium,504,0,-504,504,1.0,0.0,America/New_York,America/Chicago,1.0,0.0,1.0,0.0,1.0,0,-1.825,-6.145,-1.825,-6.145,Jacksonville Jaguars,4.319999999999999,Jacksonville Jaguars,4.319999999999999,-1.825,-6.145,Jacksonville Jaguars,4.319999999999999,0.0,0,No,No,No,No,No,0,No,0.0,0.0,-0.831,-1.274,0.1830000000000002,-6.707,0.1830000000000002,-6.707,2.008,-0.562,1.177,-1.836,Jacksonville Jaguars,6.890000000000001,Jacksonville Jaguars,6.890000000000001,0.1830000000000002,-6.707,Jacksonville Jaguars,6.890000000000001,Tie,0.0,Jacksonville Jaguars,0.443,-0.4155,-0.637,Jacksonville Jaguars,0.2215,Jacksonville Jaguars,2.5700000000000003,Jacksonville Jaguars,3.013,1.5925,-1.199,Jacksonville Jaguars,2.7915,Different,Same,Same,Same,Different,Same,True,Away Team,Away Team,41.0,-148.0,124.0,New Orleans Saints,Jacksonville Jaguars,-2.5,2.5,117,-142,135,-164,2.5700000000000003,-2.5700000000000003,3.013,-3.013,0.4464,0.5968,0.5868,0.4608,0.6212,0.4255,0.4279,0.5721,0.5601,0.4399,0.5935,0.4065,0.4279,0.5721,-0.0721,0.0721,,,29,0.0,70.0,0.0,Dome,True,T.Lawrence,S.Rattler,2.67,3.0,13.56,183.97,Med-High,-7.0,12.0,45.75,45.0,12.82083725868177,29.0,63.0,0.4194,0.5796,0.091,0.0928,0.3864,0.6136,0.6204,0.3602,7,2023-10-19,Jacksonville Jaguars @ New Orleans Saints,0.4595,0.5403,118,-118,,,,,,,,No Bet,,No Bet,,No Bet,,No Bet,,No Bet,,No Bet,,No Bet,,No Bet,,No Bet,,,,,,,,,,,,,,,0.2581,0.2761,0.2661,0.3396,0.6793,0.6819,0.3207,0.3123,-0.057,-0.2198,0.0533,0.0712,0.1277,0.1283,7,0.05427,0.0559,New Orleans Saints,Jacksonville Jaguars,1,0,0,0,1,0,0,1,1,0,1,1,0,3.0,3.0,,,1513.085625606397,0.9661806948441112,0.9112732010105312,0.0254529449165422,0.0106861728034377,8.948201669500435,0.1205149468554615,6.692773106763215,0.1611278361673511,0.005913876596319,0.0044232613101991,7.964846457857462e-05,0.000106489569024,0.0045297508792232,0.2816427830228126,15.640974776263649,,,1416.0,117.0,0.4279,0.5721,0.4927,0.507,0.578,0.4208,New Orleans Saints,Jacksonville Jaguars,New Orleans Saints,Jacksonville Jaguars,Jacksonville Jaguars,Same,Same,Different,False,False,0.0103371379065181,0.0001861380336026,0.0254529449165422,0.0106861728034377,0.0103371379065181,0.0001861380336026,0.0353376162136413,0.0184646332554281,0.9069469091962719,0.6963299731878647,1.01289512361826,1.3442387654169268,0.6669667194827216,1.000593598076634,0.8586226395728361,1.2315024820485863,0.855417498642247,1.0389364246263393
2023_07_DET_BAL,2023,7,2023-10-22,13:00,Detroit Lions,Baltimore Ravens,Home,Jared Goff,Lamar Jackson,00-0033106,00-0034796,7,7,0,0,-1,0,M&T Bank Stadium,39.2789,-76.6228,America/New_York,False,True,7,7,Sunday,False,False,0,False,False,0,-1,0,NFC North,Ford Field,42.3395,-83.045,America/Detroit,AFC North,M&T Bank Stadium,39.2789,-76.6228,America/New_York,Tampa Bay Buccaneers,Tennessee Titans,Raymond James Stadium,Nissan Stadium,Las Vegas Raiders,Arizona Cardinals,Ford Field,State Farm Stadium,396,0,-396,396,0.0,0.0,America/New_York,America/Chicago,0.0,-1.0,0.0,0.0,0.0,0,4.305,6.69,4.305,6.69,Baltimore Ravens,2.3850000000000007,Baltimore Ravens,2.3850000000000007,4.305,6.69,Baltimore Ravens,2.3850000000000007,0.0,0,No,No,No,No,No,0,No,0.0,0.0,3.996,5.928,4.4625,5.479,4.4625,5.479,0.1574999999999999,-1.211,4.1535,4.717,Baltimore Ravens,1.0165000000000006,Baltimore Ravens,1.0165000000000006,4.4625,5.479,Baltimore Ravens,1.0165000000000006,Tie,0.0,Baltimore Ravens,1.932,1.998,2.964,Baltimore Ravens,0.966,Detroit Lions,1.3685,Baltimore Ravens,0.5634999999999994,2.1555,1.7529999999999997,Detroit Lions,0.4025000000000003,Different,Same,Different,Same,Different,Same,False,Away Team,Home Team,43.5,-162.0,136.0,Baltimore Ravens,Detroit Lions,-3.0,3.0,105,-128,-116,-104,1.3685,-1.3685,-0.5634999999999994,0.5634999999999994,0.4237,0.6183,0.5614,0.4878,0.5098,0.537,0.4066,0.5934,0.5351,0.4649,0.487,0.513,0.4066,0.5934,-0.0934,0.0934,62.0,16.0,30,16.0,62.0,0.0,nfl_read_py Fallback,False,J.Goff,C.Rush,-0.07,-0.5,14.34,205.7,High,-10.0,10.0,45.29,45.0,12.887177049550507,29.0,63.0,0.5,0.4994,0.0802,0.0848,0.423,0.5364,0.5298,0.4702,7,2023-10-22,Detroit Lions @ Baltimore Ravens,0.5178,0.482,-107,107,,,,,,,,No Bet,,No Bet,,No Bet,,No Bet,,No Bet,,No Bet,,No Bet,,No Bet,,No Bet,,,,,,,,,,,,,,,0.2564,0.282,0.2524,0.3201,0.6686,0.6287,0.3314,0.3713,-0.4181,-0.1944,0.0998,0.2815,-0.1485,0.1703,7,0.13364,0.11432,Baltimore Ravens,Detroit Lions,1,1,0,0,1,0,0,0,1,1,1,0,0,4.0,3.5,,,1513.085625606397,0.471294041479105,0.5163149685710655,0.0184434215291004,0.0038112417182697,13.566025463743111,0.1139433280318408,9.295493686481205,0.1662911235959035,0.0089658015608378,0.0061434022828389,7.530527427102878e-05,0.0001099019915209,0.0062533042743599,0.2802344516277444,22.861519150224314,,,1416.0,117.0,0.4066,0.5934,0.3911,0.6086,0.3756,0.6234,Baltimore Ravens,Baltimore Ravens,Baltimore Ravens,Baltimore Ravens,Baltimore Ravens,Same,Same,Same,False,False,0.0151092038436768,0.000185207265792,0.0184434215291004,0.0038112417182697,0.0151092038436768,0.000185207265792,0.0214585269061265,0.0077172131113304,0.941324740227768,0.6619521421563693,1.0717517345891814,1.2853821544460082,0.8442044989199556,0.8233558186394023,1.026653166608863,1.0634719550125586,0.9658502453266234,0.9285036779419641
2023_07_LV_CHI,2023,7,2023-10-22,13:00,Las Vegas Raiders,Chicago Bears,Home,Brian Hoyer,Tyson Bagent,00-0026625,00-0038416,7,7,0,0,-2,3,Soldier Field,41.8623,-87.6167,America/Chicago,False,False,7,7,Sunday,False,False,0,False,False,0,-2,3,AFC West,Allegiant Stadium,36.108,-115.1578,America/Los_Angeles,NFC North,Soldier Field,41.8623,-87.6167,America/Chicago,New England Patriots,Minnesota Vikings,Allegiant Stadium,Soldier Field,Detroit Lions,Los Angeles Chargers,Ford Field,SoFi Stadium,1523,0,-1523,1523,-2.0,0.0,America/Los_Angeles,America/Chicago,-2.0,0.0,-2.0,0.0,-2.0,0,-2.35,-1.575,-2.35,-1.575,Chicago Bears,0.7750000000000001,Chicago Bears,0.7750000000000001,-2.35,-1.575,Chicago Bears,0.7750000000000001,-0.3,0,No,No,No,No,No,0,No,0.0,0.0,-2.18,-7.898,-3.1665,-0.6024999999999998,-3.1665,-0.6024999999999998,-0.8165,0.9725,-2.9965,-6.9255,Chicago Bears,2.564,Chicago Bears,2.564,-3.1665,-0.6024999999999998,Chicago Bears,2.564,Tie,0.0,Las Vegas Raiders,5.718,-1.09,-3.949,Las Vegas Raiders,2.859,Chicago Bears,1.789,Las Vegas Raiders,3.929,-1.9065,-2.9765,Las Vegas Raiders,1.0699999999999996,Different,Different,Same,Different,Different,Same,False,Home Team,Away Team,38.5,120.0,-142.0,Las Vegas Raiders,Chicago Bears,2.5,-2.5,-131,108,171,-211,-1.789,1.789,3.929,-3.929,0.5868,0.4545,0.4808,0.5671,0.6785,0.369,0.5635,0.4365,0.4588,0.5412,0.6477,0.3523,0.5635,0.4365,0.0635,-0.0635,52.0,8.0,31,8.0,52.0,0.0,nfl_read_py Fallback,False,G.Smith,C.Williams,2.39,3.0,13.78,190.01,Med-High,-7.0,12.0,48.11,47.0,13.588320260043105,31.0,66.0,0.4252,0.5738,0.0924,0.091,0.4638,0.5362,0.7546,0.2454,7,2023-10-22,Las Vegas Raiders @ Chicago Bears,0.4388,0.5609,128,-128,,,,,,,,No Bet,,No Bet,,No Bet,,No Bet,,No Bet,,No Bet,,No Bet,,No Bet,,No Bet,,,,,,,,,,,,,,,0.3356,0.349,0.2273,0.2784,0.7105,0.6944,0.2895,0.3056,-0.2506,-0.0675,-0.1097,0.1187,-0.0577,-0.0025,7,-0.12334,-0.08364,Las Vegas Raiders,Chicago Bears,0,0,1,1,0,1,0,0,1,1,0,1,0,1.0,1.5,,,1513.085625606397,0.9997738010245566,0.991149054294076,0.0106868549716597,0.0417025959453367,0.6685706026482331,19.53641043022171,0.8630917172789904,15.13335075916908,0.0004418590668854,0.0005704182913859,0.0129116357327049,0.0100016486199213,0.0105720669113072,34.66976118939079,1.5316623199272237,,,1416.0,117.0,0.5635,0.4365,0.5492,0.4506,0.5332,0.4662,Las Vegas Raiders,Las Vegas Raiders,Las Vegas Raiders,Las Vegas Raiders,Las Vegas Raiders,Same,Same,Same,False,False,0.0010122773582713,0.0229132843526262,0.0106868549716597,0.0417025959453367,0.0010122773582713,0.0229132843526262,0.0179600714794982,0.0530445915691122,0.721582111032727,0.881694771351409,1.3261273056199976,1.0310065834151931,0.6096374712047472,1.0579228463546104,0.9272406369786661,1.162884484642759,0.8628716680199773,1.031482255248611
2023_07_CLE_IND,2023,7,2023-10-22,13:00,Cleveland Browns,Indianapolis Colts,Home,Deshaun Watson,Gardner Minshew,00-0033537,00-0035289,7,7,0,0,6,1,Lucas Oil Stadium,39.7601,-86.1638,America/Indiana/Indianapolis,False,False,7,7,Sunday,False,False,0,False,False,0,6,1,AFC North,FirstEnergy Stadium,41.5061,-81.6994,America/New_York,AFC South,Lucas Oil Stadium,39.7601,-86.1638,America/Indiana/Indianapolis,San Francisco 49ers,Jacksonville Jaguars,FirstEnergy Stadium,TIAA Bank Field,Seattle Seahawks,New Orleans Saints,Lumen Field,Lucas Oil Stadium,263,0,-263,263,0.0,0.0,America/New_York,America/New_York,0.0,0.0,0.0,0.0,0.0,0,-4.705,-2.265,-4.705,-2.265,Indianapolis Colts,2.44,Indianapolis Colts,2.44,-4.705,-2.265,Indianapolis Colts,2.44,0.0,0,No,No,No,No,No,0,No,0.0,0.0,2.134,-2.838,-5.705,-5.1775,-5.705,-5.1775,-1.0,-2.9125,1.134,-5.750500000000001,Indianapolis Colts,0.5274999999999999,Indianapolis Colts,0.5274999999999999,-5.705,-5.1775,Indianapolis Colts,0.5274999999999999,Tie,0.0,Cleveland Browns,4.972,1.067,-1.419,Cleveland Browns,2.486,Cleveland Browns,1.9125,Cleveland Browns,6.884500000000001,0.067,-4.3315,Cleveland Browns,4.3985,Different,Different,Different,Different,Different,Same,False,Away Team,Away Team,40.0,150.0,-180.0,Cleveland Browns,Indianapolis Colts,3.5,-3.5,108,-131,249,-319,1.9125,-1.9125,6.884500000000001,-6.884500000000001,0.6429,0.4,0.5671,0.4808,0.7613,0.2865,0.6164,0.3836,0.5412,0.4588,0.7266,0.2734,0.6164,0.3836,0.1164,-0.1164,,,32,0.0,70.0,0.0,Dome,True,D.Gabriel,D.Jones,-1.24,-3.0,14.49,210.1,High,-12.0,10.0,47.36,47.0,13.13271082521517,31.0,64.0,0.5328,0.4666,0.0792,0.078,0.6072,0.3928,0.6832,0.2858,7,2023-10-22,Cleveland Browns @ Indianapolis Colts,0.4122,0.5877,143,-143,,,,,,,,No Bet,,No Bet,,No Bet,,No Bet,,No Bet,,No Bet,,No Bet,,No Bet,,No Bet,,,,,,,,,,,,,,,0.33,0.3351,0.2661,0.2977,0.6202,0.6472,0.3781,0.3528,-0.2658,-0.3694,-0.1245,0.0053,0.0655,-0.0343,7,0.0125999999999999,0.00814,Cleveland Browns,Indianapolis Colts,1,0,0,0,1,0,0,1,1,0,1,1,0,2.5,2.5,,,1513.085625606397,0.9952067124475013,0.9915638740477192,0.0060498632419,0.0601808024907742,0.0339852999378308,54.01672908737524,0.054610372475701,33.615861904472986,2.2460923137916e-05,3.609205688793384e-05,0.0356997173016742,0.0222167611241437,0.0222528531810317,87.63259099184822,0.0885956724135318,,,1416.0,117.0,0.6164,0.3836,0.5419,0.4579,0.4284,0.5708,Cleveland Browns,Indianapolis Colts,Cleveland Browns,Indianapolis Colts,Cleveland Browns,Same,Same,Same,False,False,5.8552980025849845e-05,0.057916478425818,0.0060498632419,0.0601808024907742,5.8552980025849845e-05,0.057916478425818,0.0112945008308862,0.0605094064311199,0.6519912855162044,0.9512855968679312,1.1704603703109033,1.1866735187242876,0.49056369156042895,1.176996625998932,1.1800071663153815,0.9101179553060421,0.8355603722925036,1.0587935509760862
2023_07_BUF_NE,2023,7,2023-10-22,13:00,Buffalo Bills,New England Patriots,Home,Josh Allen,Mac Jones,00-0034857,00-0036972,7,7,0,0,-1,1,Gillette Stadium,42.0628,-71.2687,America/New_York,False,False,7,7,Sunday,False,False,0,False,False,0,-1,1,AFC East,Highmark Stadium,42.7725,-78.7877,America/New_York,AFC East,Gillette Stadium,42.0628,-71.2687,America/New_York,New York Giants,Las Vegas Raiders,Highmark Stadium,Allegiant Stadium,Tampa Bay Buccaneers,Miami Dolphins,Highmark Stadium,Hard Rock Stadium,386,0,-386,386,0.0,0.0,America/New_York,America/Los_Angeles,0.0,-3.0,0.0,0.0,0.0,0,4.795,-1.995,4.795,-1.995,Buffalo Bills,6.79,Buffalo Bills,6.79,4.795,-1.995,Buffalo Bills,6.79,0.0,0,No,No,No,No,No,1,No,0.0,0.0,8.815,-1.213,3.93619,-1.43519,3.93619,-1.43519,-0.79091,0.49191,7.92381,-0.62081,Buffalo Bills,5.37138,Buffalo Bills,5.37138,3.93619,-1.43519,Buffalo Bills,5.37138,Tie,0.0,Buffalo Bills,10.028,4.4075,-0.6065,Buffalo Bills,5.013999999999999,New England Patriots,1.28282,Buffalo Bills,8.54462,3.56645,-0.0644499999999999,Buffalo Bills,3.6309,Different,Same,Different,Same,Different,Same,False,Home Team,Away Team,41.0,310.0,-395.0,Buffalo Bills,New England Patriots,7.5,-7.5,-128,105,302,-397,-1.28282,1.28282,8.54462,-8.54462,0.798,0.2439,0.4878,0.5614,0.7988,0.2488,0.7659,0.2341,0.4649,0.5351,0.7625,0.2375,0.7659,0.2341,0.2659,-0.2659,55.0,13.0,33,13.0,55.0,0.0,nfl_read_py Fallback,False,J.Allen,D.Maye,7.09,7.0,14.27,203.68,High,-3.0,17.0,46.56,46.0,13.391226381060015,30.0,64.0,0.3032,0.6954,0.0734,0.073,0.505,0.495,0.6358,0.3408,7,2023-10-22,Buffalo Bills @ New England Patriots,0.3275,0.6722,205,-205,,,,,,,,No Bet,,No Bet,,No Bet,,No Bet,,No Bet,,No Bet,,No Bet,,No Bet,,No Bet,,,,,,,,,,,,,,,0.2277,0.2914,0.2962,0.3112,0.637,0.6401,0.363,0.3599,-0.2427,0.1574,0.0422,0.2138,-0.0555,0.1883,7,0.15644,-0.1260899999999999,Buffalo Bills,New England Patriots,1,0,0,0,1,0,0,1,1,0,1,1,1,4.0,1.0,,,1513.085625606397,0.9799737493117936,0.2508564033180732,0.0051926750978906,0.1480784839780817,0.0277663206426388,157.08860257600426,0.0908424817607735,48.01467797759837,1.835079269324959e-05,6.003789886270765e-05,0.1038200349785545,0.0317329549399133,0.031792992838776,205.10328055360264,0.1186088024034124,,,1416.0,117.0,0.7659,0.2341,0.6747,0.3251,0.683,0.3164,Buffalo Bills,Buffalo Bills,Buffalo Bills,Buffalo Bills,Buffalo Bills,Same,Same,Same,False,False,7.838869155595724e-05,0.1355529899184679,0.0051926750978906,0.1480784839780817,7.838869155595724e-05,0.1355529899184679,0.0099422672804667,0.1504086376959798,0.45701607178302006,1.146260810601117,1.4713136768359276,0.8858202121992637,0.48571482613941513,1.181845491419942,0.7979490076390602,1.2921761139823646,0.7574973980578459,1.1368565252107425
2023_07_WAS_NYG,2023,7,2023-10-22,13:00,Washington Commanders,New York Giants,Home,Sam Howell,Tyrod Taylor,00-0037077,00-0028118,7,7,0,0,4,2,MetLife Stadium,40.8136,-74.0744,America/New_York,False,True,7,7,Sunday,False,False,0,False,False,0,4,2,NFC East,FedExField,38.9077,-76.8645,America/New_York,NFC East,MetLife Stadium,40.8136,-74.0744,America/New_York,Atlanta Falcons,Buffalo Bills,Mercedes-Benz Stadium,Highmark Stadium,Philadelphia Eagles,New York Jets,FedExField,MetLife Stadium,198,0,-198,198,0.0,0.0,America/New_York,America/New_York,0.0,0.0,0.0,0.0,0.0,0,1.45,-2.84,1.45,-2.84,Washington Commanders,4.29,Washington Commanders,4.29,1.45,-2.84,Washington Commanders,4.29,0.0,0,No,No,No,No,No,1,No,0.0,0.0,-1.022,-2.869,2.42744,-3.16444,2.42744,-3.16444,1.02034,-0.3673399999999999,-0.02013,-3.21787,Washington Commanders,5.59188,Washington Commanders,5.59188,2.42744,-3.16444,Washington Commanders,5.59188,Tie,0.0,Washington Commanders,1.847,-0.511,-1.4345,Washington Commanders,0.9235,Washington Commanders,1.38768,Washington Commanders,3.19774,0.500105,-1.792605,Washington Commanders,2.29271,Different,Same,Same,Same,Different,Same,False,Away Team,Away Team,37.0,136.0,-162.0,Washington Commanders,New York Giants,3.0,-3.0,105,-128,135,-164,1.38768,-1.38768,3.19774,-3.19774,0.6183,0.4237,0.5614,0.4878,0.6212,0.4255,0.5934,0.4066,0.5351,0.4649,0.5935,0.4065,0.5934,0.4066,0.0934,-0.0934,54.0,14.0,34,14.0,54.0,0.0,nfl_read_py Fallback,False,J.Daniels,J.Dart,-1.05,-2.0,14.19,201.4,High,-10.0,10.0,43.48,43.0,12.933408776208788,27.0,61.0,0.528,0.4708,0.0902,0.0878,0.5592,0.3948,0.6442,0.313,7,2023-10-22,Washington Commanders @ New York Giants,0.4515,0.5482,121,-121,,,,,,,,No Bet,,No Bet,,No Bet,,No Bet,,No Bet,,No Bet,,No Bet,,No Bet,,No Bet,,,,,,,,,,,,,,,0.3907,0.3401,0.3678,0.3095,0.6773,0.6796,0.3227,0.3204,-0.2367,-0.4457,0.0478,0.043,0.0089,-0.0692,7,-0.1930299999999999,-0.2087399999999999,Washington Commanders,New York Giants,1,0,0,1,0,0,1,0,1,1,1,0,1,0.0,0.0,,,1513.085625606397,0.8220545448430445,0.4911892065792386,0.0088071477200766,0.0634363762446553,0.1568682829054462,63.35917678402027,0.228936643079419,43.41395564607792,0.0001036744254592,0.0001513044861474,0.0418741515428962,0.0286923323514351,0.0288436368375825,106.7731324300982,0.3858049259848652,,,1416.0,117.0,0.5934,0.4066,0.5232,0.4765,0.406,0.5928,Washington Commanders,New York Giants,Washington Commanders,New York Giants,Washington Commanders,Same,Same,Same,False,False,0.0002549789116067,0.0705664838943314,0.0088071477200766,0.0634363762446553,0.0002549789116067,0.0705664838943314,0.0154849080722399,0.057856761281569,0.6897740443443416,0.9135028380397949,1.1856141365546335,1.1715197524805572,0.7190029349184559,0.9485573826409003,1.1707366926904108,0.9193884289310129,0.9111183902689688,0.9832355329996202
2023_07_ATL_TB,2023,7,2023-10-22,13:00,Atlanta Falcons,Tampa Bay Buccaneers,Home,Desmond Ridder,Baker Mayfield,00-0038122,00-0034855,7,7,0,0,-3,3,Raymond James Stadium,27.9759,-82.5033,America/New_York,False,False,7,7,Sunday,False,False,0,False,False,0,-3,3,NFC South,Mercedes-Benz Stadium,33.7489,-84.388,America/New_York,NFC South,Raymond James Stadium,27.9759,-82.5033,America/New_York,Washington Commanders,Detroit Lions,Mercedes-Benz Stadium,Raymond James Stadium,Tennessee Titans,Buffalo Bills,Nissan Stadium,Highmark Stadium,414,0,-414,414,0.0,0.0,America/New_York,America/New_York,0.0,0.0,0.0,0.0,0.0,0,-0.71,1.025,-0.71,1.025,Tampa Bay Buccaneers,1.735,Tampa Bay Buccaneers,1.735,-0.71,1.025,Tampa Bay Buccaneers,1.735,0.0,0,No,No,No,No,No,1,No,0.0,0.0,-4.138,-1.97,-3.25484,-0.2991600000000001,-3.25484,-0.2991600000000001,-2.56219,-1.30681,-6.67851,-3.29849,Tampa Bay Buccaneers,2.95568,Tampa Bay Buccaneers,2.95568,-3.25484,-0.2991600000000001,Tampa Bay Buccaneers,2.95568,Tie,0.0,Tampa Bay Buccaneers,2.168,-2.069,-0.985,Tampa Bay Buccaneers,1.084,Tampa Bay Buccaneers,1.2553799999999995,Tampa Bay Buccaneers,3.3800200000000005,-4.62035,-2.30265,Tampa Bay Buccaneers,2.3177000000000003,Different,Same,Same,Same,Different,Same,False,Home Team,Home Team,37.5,-148.0,124.0,Tampa Bay Buccaneers,Atlanta Falcons,-3.0,3.0,-128,105,-191,156,-1.2553799999999995,1.2553799999999995,-3.3800200000000005,3.3800200000000005,0.4464,0.5968,0.4878,0.5614,0.3906,0.6564,0.4279,0.5721,0.4649,0.5351,0.3731,0.6269,0.4279,0.5721,-0.0721,0.0721,79.0,3.0,35,3.0,79.0,0.0,nfl_read_py Fallback,False,M.Penix,B.Mayfield,2.92,3.0,13.22,174.88,Medium,-7.0,12.0,47.64,47.0,13.029770181480426,31.0,64.0,0.417,0.5822,0.1012,0.0866,0.3242,0.6216,0.7702,0.2298,7,2023-10-22,Atlanta Falcons @ Tampa Bay Buccaneers,0.5378,0.462,-116,116,,,,,,,,No Bet,,No Bet,,No Bet,,No Bet,,No Bet,,No Bet,,No Bet,,No Bet,,No Bet,,,,,,,,,,,,,,,0.2225,0.3051,0.2694,0.2615,0.7481,0.735,0.2519,0.265,-0.3344,-0.2105,0.1123,-0.0171,0.0317,0.0235,7,0.02124,-0.0534545454545454,Tampa Bay Buccaneers,Atlanta Falcons,0,0,0,1,1,0,0,1,0,1,1,1,1,2.5,1.5,,,1513.085625606397,0.9705073876197892,0.9634350478671844,0.0429250244957822,0.014071001083039,21.0737281737172,0.0940930640253894,15.762014133077413,0.1258019208434805,0.0139276507668041,0.0104171329542308,6.218621235508727e-05,8.314263166241043e-05,0.0105002755858932,0.2198949848688699,36.83574230679461,,,1416.0,117.0,0.4279,0.5721,0.4193,0.5806,0.548,0.4514,Tampa Bay Buccaneers,Atlanta Falcons,Tampa Bay Buccaneers,Atlanta Falcons,Tampa Bay Buccaneers,Same,Same,Same,False,False,0.0243447837210349,0.0001453288440174,0.0429250244957822,0.014071001083039,0.0243447837210349,0.0001453288440174,0.0540795557313068,0.0237813139417331,0.897079372440958,0.7061975099431781,1.2135252728509114,1.143608616184279,1.0243423738889534,0.6432179436704036,0.8368379435808246,1.2532871780405979,0.9891901597642743,0.9051637635043146
2023_07_PIT_LA,2023,7,2023-10-22,16:05,Pittsburgh Steelers,Los Angeles Rams,Home,Kenny Pickett,Matthew Stafford,00-0038102,00-0026498,14,7,7,-7,6,-8,SoFi Stadium,33.9535,-118.3395,America/Los_Angeles,False,False,7,7,Sunday,False,False,0,False,False,0,6,-8,AFC North,Acrisure Stadium,40.4468,-80.0158,America/New_York,NFC West,SoFi Stadium,33.9535,-118.3395,America/Los_Angeles,Baltimore Ravens,Arizona Cardinals,Acrisure Stadium,SoFi Stadium,Jacksonville Jaguars,Dallas Cowboys,Acrisure Stadium,AT&T Stadium,2137,0,-2137,2137,3.0,0.0,America/New_York,America/Los_Angeles,3.0,0.0,3.0,0.0,3.0,0,-0.565,1.29,-0.565,1.29,Los Angeles Rams,1.855,Los Angeles Rams,1.855,-0.565,1.29,Los Angeles Rams,1.855,-0.2249999999999999,0,No,No,No,No,No,0,No,0.0,0.0,-2.272,1.559,0.0915000000000001,0.0494999999999999,0.0915000000000001,0.0494999999999999,0.6565000000000001,-1.2405,-1.6155,0.3184999999999998,Pittsburgh Steelers,0.0420000000000001,Pittsburgh Steelers,0.0420000000000001,0.0915000000000001,0.0494999999999999,Pittsburgh Steelers,0.0420000000000001,Tie,0.0,Los Angeles Rams,3.831,-1.136,0.7795,Los Angeles Rams,1.9155,Pittsburgh Steelers,1.897,Los Angeles Rams,1.934,-0.4794999999999999,-0.4610000000000001,Los Angeles Rams,0.0184999999999998,Different,Different,Same,Different,Different,Same,False,Away Team,Home Team,44.0,-175.0,145.0,Los Angeles Rams,Pittsburgh Steelers,-3.5,3.5,108,-131,-131,108,1.897,-1.897,-1.934,1.934,0.4082,0.6364,0.5671,0.4808,0.4808,0.5671,0.3908,0.6092,0.5412,0.4588,0.4588,0.5412,0.3908,0.6092,-0.1092,0.1092,,,36,0.0,70.0,0.0,Dome,True,A.Rodgers,M.Stafford,2.26,3.0,13.56,183.8,Med-High,-7.0,11.0,53.35,53.0,13.51828620988661,36.0,71.0,0.4314,0.5682,0.0946,0.0846,0.3522,0.6478,0.731,0.2498,7,2023-10-22,Pittsburgh Steelers @ Los Angeles Rams,0.5102,0.4898,-104,104,,,,,,,,No Bet,,No Bet,,No Bet,,No Bet,,No Bet,,No Bet,,No Bet,,No Bet,,No Bet,,,,,,,,,,,,,,,0.3454,0.331,0.2532,0.2918,0.6951,0.7084,0.3049,0.2916,-0.112,-0.0535,0.0504,-0.0011,0.1155,0.1434,7,0.0332090909090909,0.0057299999999999,Los Angeles Rams,Pittsburgh Steelers,0,1,1,0,0,1,1,0,1,1,1,1,0,2.5,2.5,,,1513.085625606397,0.8733735994415127,0.9990869631244942,0.0566184549572529,0.0059826977401598,38.54074354436762,0.1513733615258181,24.72377310758186,0.2359689146405537,0.02547162096588,0.016339969588749,0.0001000428257093,0.0001559521223697,0.0164959217111188,0.3873422761663719,63.26451665194948,,,1416.0,117.0,0.3908,0.6092,0.5274,0.4726,0.5462,0.4538,Los Angeles Rams,Pittsburgh Steelers,Pittsburgh Steelers,Pittsburgh Steelers,Los Angeles Rams,Same,Same,Different,False,False,0.0418115905546291,0.0002559949480791,0.0566184549572529,0.0059826977401598,0.0418115905546291,0.0002559949480791,0.0647969714361924,0.0110686551067393,0.9419723609652052,0.6613045214189313,1.0002791487884155,1.3568547402467765,0.8636935604948903,0.8038667570644661,0.840936624169659,1.2491884974517637,0.9147682813390997,0.9795856419294893
2023_07_ARI_SEA,2023,7,2023-10-22,16:05,Arizona Cardinals,Seattle Seahawks,Home,Joshua Dobbs,Geno Smith,00-0033949,00-0030565,7,7,0,0,-3,1,Lumen Field,47.5952,-122.3316,America/Los_Angeles,False,True,7,7,Sunday,False,False,0,False,False,0,-3,1,NFC West,State Farm Stadium,33.5277,-112.262608,America/Denver,NFC West,Lumen Field,47.5952,-122.3316,America/Los_Angeles,Los Angeles Rams,Cincinnati Bengals,SoFi Stadium,Paycor Stadium,Baltimore Ravens,Cleveland Browns,State Farm Stadium,Lumen Field,1103,0,-1103,1103,1.0,0.0,America/Los_Angeles,America/New_York,0.0,3.0,0.0,0.0,0.0,0,0.075,-0.13,0.075,-0.13,Arizona Cardinals,0.205,Arizona Cardinals,0.205,0.075,-0.13,Arizona Cardinals,0.205,0.0,0,No,No,No,No,No,1,No,0.0,0.0,-3.672,1.265,-0.7343550000000001,-1.210145,-0.7343550000000001,-1.210145,-0.8073049999999999,-1.082195,-4.429935,0.1334349999999999,Arizona Cardinals,0.4757899999999999,Arizona Cardinals,0.4757899999999999,-0.7343550000000001,-1.210145,Arizona Cardinals,0.4757899999999999,Tie,0.0,Seattle Seahawks,4.937,-1.836,0.6325,Seattle Seahawks,2.4685,Arizona Cardinals,0.2748900000000001,Seattle Seahawks,4.563369999999999,-2.61862,-0.47438,Seattle Seahawks,2.14424,Different,Different,Same,Different,Different,Same,False,Away Team,Home Team,43.5,-455.0,350.0,Seattle Seahawks,Arizona Cardinals,-9.5,9.5,-104,-116,-224,181,0.2748900000000001,-0.2748900000000001,-4.563369999999999,4.563369999999999,0.2222,0.8198,0.537,0.5098,0.3559,0.6914,0.2133,0.7867,0.513,0.487,0.3398,0.6602,0.2133,0.7867,-0.2867,0.2867,56.0,5.0,37,5.0,56.0,0.0,nfl_read_py Fallback,False,K.Murray,S.Darnold,0.68,2.0,13.65,186.36,Med-High,-9.0,10.0,49.4,49.0,13.367583484595992,33.0,67.0,0.4788,0.5204,0.0944,0.0876,0.2456,0.7544,0.65,0.35,7,2023-10-22,Arizona Cardinals @ Seattle Seahawks,0.6032,0.3966,-152,152,,,,,,,,No Bet,,No Bet,,No Bet,,No Bet,,No Bet,,No Bet,,No Bet,,No Bet,,No Bet,,,,,,,,,,,,,,,0.3131,0.23,0.2943,0.2958,0.7122,0.7598,0.2878,0.2402,-0.0073,-0.3077,0.1594,0.0094,-0.0144,-0.0726,7,-0.20897,-0.0602909090909091,Seattle Seahawks,Arizona Cardinals,0,0,1,1,0,1,1,0,1,1,1,1,1,0.0,1.5,,,1513.085625606397,0.8370630987296864,0.9998140103151688,0.2934040591660922,0.0053920508911843,570.6092738659477,0.0376601211031858,154.71076409763145,0.1388992839750414,0.3771163139807541,0.1022485188408476,2.48896165992542e-05,9.17986937582432e-05,0.1023403175346059,0.1765594050782273,725.3200379635791,,,1416.0,117.0,0.2133,0.7867,0.4102,0.5896,0.5414,0.4578,Seattle Seahawks,Arizona Cardinals,Seattle Seahawks,Arizona Cardinals,Seattle Seahawks,Same,Same,Same,False,False,0.4793648328216018,0.0001166883103574,0.2934040591660922,0.0053920508911843,0.4793648328216018,0.0001166883103574,0.1671790349175753,0.0102305225464556,1.095992105891816,0.5072847764923205,0.7769327364330797,1.5802011526021111,0.8962354201754272,0.7713248973839292,0.7076110892463785,1.3825140323750464,0.8757051335322069,1.018648789736383
2023_07_GB_DEN,2023,7,2023-10-22,16:25,Green Bay Packers,Denver Broncos,Home,Jordan Love,Russell Wilson,00-0036264,00-0029263,13,10,3,-3,7,-3,Empower Field at Mile High,39.7648,-105.0076,America/Denver,False,False,7,7,Sunday,False,False,0,False,False,0,7,-3,NFC North,Lambeau Field,44.5013,-88.0622,America/Chicago,AFC West,Empower Field at Mile High,39.7648,-105.0076,America/Denver,Las Vegas Raiders,Kansas City Chiefs,Allegiant Stadium,GEHA Field at Arrowhead Stadium,Minnesota Vikings,Kansas City Chiefs,Lambeau Field,Empower Field at Mile High,925,0,-925,925,1.0,0.0,America/Los_Angeles,America/Chicago,-1.0,1.0,1.0,0.0,1.0,0,3.535,2.05,3.535,2.05,Green Bay Packers,1.4850000000000003,Green Bay Packers,1.4850000000000003,3.535,2.05,Green Bay Packers,1.4850000000000003,0.0,0,No,No,No,No,No,0,No,0.0,0.0,-4.219,-8.65,4.503,3.282,4.503,3.282,0.968,1.232,-3.251,-7.418,Green Bay Packers,1.221,Green Bay Packers,1.221,4.503,3.282,Green Bay Packers,1.221,Tie,0.0,Green Bay Packers,4.431,-2.1095,-4.325,Green Bay Packers,2.2155,Denver Broncos,0.264,Green Bay Packers,4.167,-1.1415,-3.093,Green Bay Packers,1.9515,Different,Same,Different,Same,Different,Same,False,Home Team,Away Team,44.0,-118.0,-102.0,Denver Broncos,Green Bay Packers,-1.5,1.5,-116,-104,171,-211,-0.264,0.264,4.167,-4.167,0.505,0.5413,0.5098,0.537,0.6785,0.369,0.4826,0.5174,0.487,0.513,0.6477,0.3523,0.4826,0.5174,-0.0174,0.0174,72.0,9.0,38,9.0,72.0,0.0,nfl_read_py Fallback,False,J.Love,B.Nix,5.21,6.0,13.69,187.5,Med-High,-5.0,15.0,48.11,47.0,13.035446955722964,32.0,65.0,0.3506,0.6478,0.0858,0.0772,0.3318,0.6682,0.5882,0.3834,7,2023-10-22,Green Bay Packers @ Denver Broncos,0.4333,0.5663,131,-131,,,,,,,,No Bet,,No Bet,,No Bet,,No Bet,,No Bet,,No Bet,,No Bet,,No Bet,,No Bet,,,,,,,,,,,,,,,0.3287,0.1986,0.2984,0.3282,0.7431,0.6162,0.2569,0.3838,-0.0906,-0.2632,0.1153,0.1438,-0.2523,-0.0551,7,0.0019545454545454,-0.05302,Denver Broncos,Green Bay Packers,0,1,1,0,1,1,0,0,1,1,1,1,0,2.5,1.5,,,1513.085625606397,0.9678953453694098,0.9968376607476064,0.0154703720196188,0.0130334040405035,3.5142123839094253,3.307153651040596,3.277848659595456,3.545630540920856,0.0023225469361663,0.0021663338836371,0.0021857015856027,0.0023433112316428,0.00450964511528,6.85278419196145,6.792061043504881,,,1416.0,117.0,0.4826,0.5174,0.5326,0.4671,0.6126,0.3862,Denver Broncos,Green Bay Packers,Green Bay Packers,Green Bay Packers,Green Bay Packers,Same,Same,Same,False,False,0.0044888808198034,0.0045290128172456,0.0154703720196188,0.0130334040405035,0.0044888808198034,0.0045290128172456,0.0233106172803603,0.0194761976022942,0.8278099969215302,0.7754668854626058,1.2051614591019248,1.1519724299332657,0.5857726041249476,1.0817877134344098,0.730008553828057,1.360116567793368,0.8183624303876499,1.0759914928809395
2023_07_LAC_KC,2023,7,2023-10-22,16:25,Los Angeles Chargers,Kansas City Chiefs,Home,Justin Herbert,Patrick Mahomes,00-0036355,00-0033873,6,10,-4,4,0,7,GEHA Field at Arrowhead Stadium,39.0489,-94.4839,America/Chicago,False,False,7,7,Sunday,False,False,0,False,False,0,0,7,AFC West,SoFi Stadium,33.9535,-118.3395,America/Los_Angeles,AFC West,GEHA Field at Arrowhead Stadium,39.0489,-94.4839,America/Chicago,Dallas Cowboys,Denver Broncos,SoFi Stadium,GEHA Field at Arrowhead Stadium,Chicago Bears,Denver Broncos,SoFi Stadium,Empower Field at Mile High,1366,0,-1366,1366,-2.0,0.0,America/Los_Angeles,America/Chicago,-2.0,0.0,-2.0,0.0,-2.0,0,0.935,4.395,0.935,4.395,Kansas City Chiefs,3.4599999999999995,Kansas City Chiefs,3.4599999999999995,0.935,4.395,Kansas City Chiefs,3.4599999999999995,-0.3,0,No,No,No,No,Yes,1,No,0.0,0.0,0.306,8.791,-0.065075,5.219575,-0.065075,5.219575,-1.034675,0.859175,-0.643825,9.565325,Kansas City Chiefs,5.28465,Kansas City Chiefs,5.28465,-0.065075,5.219575,Kansas City Chiefs,5.28465,Tie,0.0,Kansas City Chiefs,8.485000000000001,0.153,4.3955,Kansas City Chiefs,4.242500000000001,Kansas City Chiefs,1.89385,Kansas City Chiefs,10.20915,-0.83925,5.212250000000001,Kansas City Chiefs,6.051500000000001,Different,Same,Same,Same,Different,Same,False,Home Team,Home Team,48.5,-265.0,215.0,Kansas City Chiefs,Los Angeles Chargers,-5.5,5.5,-131,108,-483,356,-1.89385,1.89385,-10.20915,10.20915,0.3175,0.726,0.4808,0.5671,0.2193,0.8285,0.3042,0.6958,0.4588,0.5412,0.2093,0.7907,0.3042,0.6958,-0.1958,0.1958,72.0,10.0,39,10.0,72.0,0.0,nfl_read_py Fallback,False,J.Herbert,P.Mahomes,-9.61,-10.0,13.36,178.38,Medium,-19.0,-1.0,53.02,53.0,13.595100231703409,36.0,71.0,0.7636,0.2362,0.0692,0.0676,0.6426,0.3574,0.6252,0.3748,7,2023-10-22,Los Angeles Chargers @ Kansas City Chiefs,0.6978,0.3021,-231,231,,,,,,,,No Bet,,No Bet,,No Bet,,No Bet,,No Bet,,No Bet,,No Bet,,No Bet,,No Bet,,,,,,,,,,,,,,,0.2746,0.31,0.2641,0.2621,0.6482,0.7035,0.3518,0.2965,-0.0051,-0.2056,0.2564,0.0804,0.3131,0.193,7,0.0098636363636363,0.15918,Kansas City Chiefs,Los Angeles Chargers,1,1,0,0,0,0,1,0,1,1,1,0,1,2.5,4.0,,,1513.085625606397,0.2584038702189248,0.8777423435939609,0.0415518705042289,0.0044788908149268,54.43895029471011,0.0448962297418957,23.800414888834176,0.1026916392321206,0.0359787637747815,0.0157297210984313,2.9671968976575804e-05,6.786902042702644e-05,0.0157975901188584,0.1475878689740164,78.2393651835443,,,1416.0,117.0,0.3042,0.6958,0.2961,0.7039,0.226,0.7736,Kansas City Chiefs,Kansas City Chiefs,Kansas City Chiefs,Kansas City Chiefs,Kansas City Chiefs,Same,Same,Same,False,False,0.0517084848732129,9.754098940360224e-05,0.0415518705042289,0.0044788908149268,0.0517084848732129,9.754098940360224e-05,0.0351852108444578,0.0088146438139013,1.092707972316472,0.5105689100676649,1.2144151466254716,1.1427187424097198,1.2988152766668455,0.3687450408925135,1.5605223719178352,0.529602749703589,1.2886099973472782,0.6057439259213102
2023_07_MIA_PHI,2023,7,2023-10-22,20:20,Miami Dolphins,Philadelphia Eagles,Home,Tua Tagovailoa,Jalen Hurts,00-0036212,00-0036389,7,7,0,0,1,2,Lincoln Financial Field,39.9008,-75.1675,America/New_York,False,False,7,7,Sunday,False,False,0,False,False,0,1,2,AFC East,Hard Rock Stadium,25.9602,-80.2384,America/New_York,NFC East,Lincoln Financial Field,39.9008,-75.1675,America/New_York,Carolina Panthers,New York Jets,Hard Rock Stadium,MetLife Stadium,New England Patriots,Washington Commanders,Hard Rock Stadium,FedExField,1006,0,-1006,1006,0.0,0.0,America/New_York,America/New_York,0.0,0.0,0.0,0.0,0.0,0,0.66,4.905,0.66,4.905,Philadelphia Eagles,4.245,Philadelphia Eagles,4.245,0.66,4.905,Philadelphia Eagles,4.245,0.0,0,No,No,No,No,No,0,No,0.0,0.0,0.176,8.409,-1.2775,5.1855,-1.2775,5.1855,-1.9375,0.2804999999999999,-1.7615,8.6895,Philadelphia Eagles,6.463,Philadelphia Eagles,6.463,-1.2775,5.1855,Philadelphia Eagles,6.463,Tie,0.0,Philadelphia Eagles,8.233,0.088,4.2045,Philadelphia Eagles,4.1165,Philadelphia Eagles,2.218,Philadelphia Eagles,10.451,-1.8495,4.485,Philadelphia Eagles,6.3345,Different,Same,Same,Same,Different,Same,False,Home Team,Home Team,52.0,-155.0,130.0,Philadelphia Eagles,Miami Dolphins,-3.0,3.0,-131,108,-538,389,-2.218,2.218,-10.451,10.451,0.4348,0.6078,0.4808,0.5671,0.2045,0.8433,0.417,0.583,0.4588,0.5412,0.1952,0.8048,0.417,0.583,-0.083,0.083,55.0,17.0,40,17.0,55.0,0.0,nfl_read_py Fallback,False,T.Tagovailoa,J.Hurts,-1.75,-3.0,13.83,191.36,Med-High,-11.0,8.0,45.22,44.0,13.36404510544304,29.0,63.0,0.5572,0.4408,0.0802,0.0822,0.4792,0.4792,0.287,0.697,7,2023-10-22,Miami Dolphins @ Philadelphia Eagles,0.6216,0.378,-164,165,,,,,,,,No Bet,,No Bet,,No Bet,,No Bet,,No Bet,,No Bet,,No Bet,,No Bet,,No Bet,,,,,,,,,,,,,,,0.2719,0.2785,0.3298,0.3369,0.6484,0.7627,0.3516,0.2373,-0.1157,-0.0255,0.1135,0.1938,0.3028,0.2394,7,0.16544,0.1205799999999999,Philadelphia Eagles,Miami Dolphins,1,0,0,1,1,0,0,0,1,1,1,0,0,4.0,3.5,,,1513.085625606397,0.7528810180213559,0.2748755279437149,0.0339555238465309,0.0032095610224966,7.544927685362491,0.1197450466371224,5.396629236357048,0.1674133385837947,0.0049864512342708,0.0035666383613909,7.913963665415992e-05,0.0001106436646747,0.0036772820260657,0.2871583852209172,12.941556921719538,,,1416.0,117.0,0.417,0.583,0.3747,0.625,0.4326,0.5664,Philadelphia Eagles,Philadelphia Eagles,Philadelphia Eagles,Philadelphia Eagles,Philadelphia Eagles,Same,Same,Same,False,False,0.0085530895956618,0.0001897833013289,0.0339555238465309,0.0032095610224966,0.0085530895956618,0.0001897833013289,0.0497221094517468,0.006773769088048,0.9133464213731177,0.6899304610110185,1.224817130094852,1.1323167589403385,1.3266049516020786,0.34095536595728243,1.126190615760562,0.9639345058608612,1.1472910614698357,0.7470628617987536
2023_07_SF_MIN,2023,7,2023-10-23,20:15,San Francisco 49ers,Minnesota Vikings,Home,Brock Purdy,Kirk Cousins,00-0037834,00-0029604,8,8,0,0,-4,0,U.S. Bank Stadium,44.9738,-93.2575,America/Chicago,False,True,7,7,Monday,False,False,0,False,False,0,-4,0,NFC West,Levi's Stadium,37.4031,-121.9702,America/Los_Angeles,NFC North,U.S. Bank Stadium,44.9738,-93.2575,America/Chicago,Cleveland Browns,Chicago Bears,FirstEnergy Stadium,Soldier Field,Cincinnati Bengals,Green Bay Packers,Levi's Stadium,Lambeau Field,1571,0,-1571,1571,-2.0,0.0,America/New_York,America/Chicago,1.0,0.0,-2.0,0.0,-2.0,0,3.325,0.27,3.325,0.27,San Francisco 49ers,3.055,San Francisco 49ers,3.055,3.325,0.27,San Francisco 49ers,3.055,-0.3,0,No,No,No,No,No,0,No,0.0,0.0,8.506,-3.191,2.3720000000000003,-0.289,2.3720000000000003,-0.289,-0.9529999999999998,-0.559,7.552999999999999,-3.75,San Francisco 49ers,2.6610000000000005,San Francisco 49ers,2.6610000000000005,2.3720000000000003,-0.289,San Francisco 49ers,2.6610000000000005,Tie,0.0,San Francisco 49ers,11.697,4.253,-1.5955,San Francisco 49ers,5.8485,Minnesota Vikings,0.3939999999999998,San Francisco 49ers,11.303,3.3,-2.1545,San Francisco 49ers,5.4545,Different,Same,Different,Same,Different,Same,False,Home Team,Away Team,44.5,260.0,-325.0,San Francisco 49ers,Minnesota Vikings,7.0,-7.0,-116,-104,450,-646,-0.3939999999999998,0.3939999999999998,11.303,-11.303,0.7647,0.2778,0.5098,0.537,0.866,0.1818,0.7335,0.2665,0.487,0.513,0.8265,0.1735,0.7335,0.2665,0.2335,-0.2335,,,41,0.0,70.0,0.0,Dome,True,M.Jones,C.Wentz,8.83,9.0,13.64,185.95,Med-High,-1.0,18.0,50.71,50.0,13.645595313297653,33.0,68.0,0.2594,0.7396,0.0786,0.0872,0.406,0.5388,0.661,0.339,7,2023-10-23,San Francisco 49ers @ Minnesota Vikings,0.3031,0.6966,230,-230,,,,,,,,No Bet,,No Bet,,No Bet,,No Bet,,No Bet,,No Bet,,No Bet,,No Bet,,No Bet,,,,,,,,,,,,,,,0.3769,0.3017,0.2705,0.3038,0.6727,0.675,0.3273,0.325,-0.0262,0.0776,0.1532,0.3026,0.1804,0.5133,7,0.24556,-0.04122,San Francisco 49ers,Minnesota Vikings,1,0,0,1,0,0,0,1,1,1,0,1,0,5.0,2.0,,,1513.085625606397,0.9006613940593426,0.1748662399818681,0.004451584370939,0.0629269243895184,0.0346983662051958,77.84122792874344,0.0955018822195539,28.281782199059467,2.2932189439900205e-05,6.311730189180787e-05,0.0514453555115541,0.0186914618184446,0.0187545791203365,106.1230101278029,0.1302002484247497,,,1416.0,117.0,0.7335,0.2665,0.7135,0.2865,0.8546,0.1452,San Francisco 49ers,San Francisco 49ers,San Francisco 49ers,San Francisco 49ers,San Francisco 49ers,Same,Same,Same,False,False,8.604949133170808e-05,0.0701368173299988,0.004451584370939,0.0629269243895184,8.604949133170808e-05,0.0701368173299988,0.008778987249166,0.0573232768626238,0.4613241194244116,1.1419527629597244,1.3038615647744005,1.0532723242607902,0.3172038725099628,1.3503564450493932,0.6027431126999999,1.4873820089214165,0.6275116796540752,1.2668422436145133
2023_08_TB_BUF,2023,8,2023-10-26,20:15,Tampa Bay Buccaneers,Buffalo Bills,Home,Baker Mayfield,Josh Allen,00-0034855,00-0034857,4,4,0,0,3,-1,Highmark Stadium,42.7725,-78.7877,America/New_York,False,False,8,8,Thursday,False,False,0,False,False,0,3,-1,NFC South,Raymond James Stadium,27.9759,-82.5033,America/New_York,AFC East,Highmark Stadium,42.7725,-78.7877,America/New_York,Atlanta Falcons,New England Patriots,Raymond James Stadium,Gillette Stadium,Houston Texans,Cincinnati Bengals,NRG Stadium,Paycor Stadium,1043,0,-1043,1043,0.0,0.0,America/New_York,America/New_York,0.0,0.0,0.0,0.0,0.0,0,1.025,4.795,1.025,4.795,Buffalo Bills,3.77,Buffalo Bills,3.77,1.025,4.795,Buffalo Bills,3.77,0.0,0,No,No,No,No,No,0,No,0.0,0.0,-1.97,8.815,2.619,5.4990000000000006,2.619,5.4990000000000006,1.594,0.704,-0.3759999999999999,9.518999999999998,Buffalo Bills,2.880000000000001,Buffalo Bills,2.880000000000001,2.619,5.4990000000000006,Buffalo Bills,2.880000000000001,Tie,0.0,Buffalo Bills,10.785,-0.985,4.4075,Buffalo Bills,5.3925,Tampa Bay Buccaneers,0.8899999999999999,Buffalo Bills,9.894999999999998,0.609,5.1115,Buffalo Bills,4.5025,Different,Same,Different,Same,Different,Same,True,Away Team,Home Team,43.0,-485.0,370.0,Buffalo Bills,Tampa Bay Buccaneers,-10.0,10.0,101,-122,-483,356,0.8899999999999999,-0.8899999999999999,-9.894999999999998,9.894999999999998,0.2128,0.8291,0.5495,0.4975,0.2193,0.8285,0.2042,0.7958,0.5248,0.4752,0.2093,0.7907,0.2042,0.7958,-0.2958,0.2958,66.0,10.0,42,10.0,66.0,0.0,nfl_read_py Fallback,False,B.Mayfield,J.Allen,-5.85,-7.0,13.56,183.76,Med-High,-15.0,4.0,49.95,50.0,13.333232723498522,33.0,67.0,0.6674,0.3306,0.0842,0.0898,0.3668,0.587,0.662,0.298,8,2023-10-26,Tampa Bay Buccaneers @ Buffalo Bills,0.6823,0.3172,-215,215,,,,,,,,No Bet,,No Bet,,No Bet,,No Bet,,No Bet,,No Bet,,No Bet,,No Bet,,No Bet,,,,,,,,,,,,,,,0.2914,0.2225,0.3112,0.2694,0.6401,0.7481,0.3599,0.2519,0.1574,-0.3344,0.2138,0.1123,0.1883,0.0317,8,-0.0292199999999999,0.1409555555555555,Buffalo Bills,Tampa Bay Buccaneers,0,1,1,0,0,1,1,0,1,1,1,1,0,2.0,4.0,,,1094.9894785089236,0.1073951138179074,0.951261788837951,0.0831046056516425,0.0040510324776179,42.974935013782726,0.0101845725231045,11.027245199565764,0.0396909050631078,0.0392468931046742,0.0100706403266831,9.301068844034172e-06,3.624775017670125e-05,0.0101068880768598,0.0498754775862124,54.00218021334849,,,1386.0,30.0,0.2042,0.7958,0.3072,0.6926,0.3282,0.6708,Buffalo Bills,Buffalo Bills,Buffalo Bills,Buffalo Bills,Buffalo Bills,Same,Same,Same,False,False,0.0493175334313574,4.554881902073542e-05,0.0831046056516425,0.0040510324776179,0.0493175334313574,4.554881902073542e-05,0.1002743790573803,0.0083431876526876,1.1476489303067283,0.335419530745883,0.9389713523446369,1.2644745424870103,1.1493536929847499,0.3469695149365051,1.1019438007916693,0.6408163039201056,1.098558977225414,0.5948663711677631
2023_08_HOU_CAR,2023,8,2023-10-29,13:00,Houston Texans,Carolina Panthers,Home,C.J. Stroud,Bryce Young,00-0039163,00-0039150,14,14,0,0,0,-4,Bank of America Stadium,35.2258,-80.8528,America/New_York,False,False,8,8,Sunday,False,False,0,False,False,0,0,-4,AFC South,NRG Stadium,29.6847,-95.4093,America/Chicago,NFC South,Bank of America Stadium,35.2258,-80.8528,America/New_York,New Orleans Saints,Miami Dolphins,NRG Stadium,Hard Rock Stadium,Tampa Bay Buccaneers,Indianapolis Colts,NRG Stadium,Bank of America Stadium,929,0,-929,929,-1.0,0.0,America/Chicago,America/New_York,-1.0,0.0,-1.0,0.0,-1.0,0,0.035,-5.25,0.035,-5.25,Houston Texans,5.285,Houston Texans,5.285,0.035,-5.25,Houston Texans,5.285,0.0,0,No,No,No,No,No,0,No,0.0,0.0,-6.153,-6.873,1.5955,-4.284000000000001,1.5955,-4.284000000000001,1.5605,0.966,-4.592499999999999,-5.907,Houston Texans,5.8795,Houston Texans,5.8795,1.5955,-4.284000000000001,Houston Texans,5.8795,Tie,0.0,Houston Texans,0.7200000000000006,-3.0765,-3.4365,Houston Texans,0.3600000000000003,Houston Texans,0.5945,Houston Texans,1.314500000000001,-1.5159999999999996,-2.4705,Houston Texans,0.9545000000000003,Different,Same,Same,Same,Different,Same,False,Away Team,Away Team,43.0,136.0,-162.0,Houston Texans,Carolina Panthers,3.0,-3.0,-104,-116,105,-128,0.5945,-0.5945,1.314500000000001,-1.314500000000001,0.6183,0.4237,0.537,0.5098,0.5614,0.4878,0.5934,0.4066,0.513,0.487,0.5351,0.4649,0.5934,0.4066,0.0934,-0.0934,77.0,14.0,43,14.0,77.0,0.0,nfl_read_py Fallback,False,C.Stroud,B.Young,8.58,9.0,12.86,165.41,Med-Low,1.0,17.0,43.76,43.0,12.549832130243791,28.0,60.0,0.246,0.7518,0.0842,0.0816,0.285,0.6646,0.4796,0.4756,8,2023-10-29,Houston Texans @ Carolina Panthers,0.4011,0.5983,149,-149,,,,,,,,No Bet,,No Bet,,No Bet,,No Bet,,No Bet,,No Bet,,No Bet,,No Bet,,No Bet,,,,,,,,,,,,,,,0.2885,0.3754,0.2763,0.3534,0.6647,0.6751,0.3333,0.3249,-0.4301,-0.2948,-0.0051,-0.0323,-0.0377,-0.0025,8,0.0278599999999999,-0.14488,Houston Texans,Carolina Panthers,1,0,0,1,0,0,1,1,1,1,1,1,0,2.5,1.0,,,1094.9894785089236,0.9999231008714164,0.999472715442857,0.0050971874430603,0.0312111836613384,0.0536901421976701,4.232779124022822,0.0783564446141108,2.900316804562992,4.903256446882162e-05,7.155908449532402e-05,0.0038655888545949,0.002648716596357,0.0027202756808524,7.133095928585814,0.132046586811781,,,1386.0,30.0,0.5934,0.4066,0.5127,0.487,0.698,0.3008,Houston Texans,Houston Texans,Houston Texans,Houston Texans,Houston Texans,Same,Same,Same,False,False,0.0001205916489641,0.006514305450952,0.0050971874430603,0.0312111836613384,0.0001205916489641,0.006514305450952,0.0099129027119483,0.0463292261939277,0.6179323698277291,0.8651360912248826,1.1103304603534956,1.0931154344781486,0.7112354934168499,0.7850877145044063,0.4453590414214155,1.2974010632903534,0.6992809536370699,0.9941443947561064
2023_08_LA_DAL,2023,8,2023-10-29,13:00,Los Angeles Rams,Dallas Cowboys,Home,Matthew Stafford,Dak Prescott,00-0026498,00-0033077,7,13,-6,6,-14,0,AT&T Stadium,32.7369,-97.0826,America/Chicago,False,False,8,8,Sunday,False,False,0,False,False,0,-14,0,NFC West,SoFi Stadium,33.9535,-118.3395,America/Los_Angeles,NFC East,AT&T Stadium,32.7369,-97.0826,America/Chicago,Pittsburgh Steelers,Los Angeles Chargers,SoFi Stadium,SoFi Stadium,Green Bay Packers,Philadelphia Eagles,Lambeau Field,Lincoln Financial Field,1227,0,-1227,1227,-2.0,0.0,America/Los_Angeles,America/Los_Angeles,-2.0,-2.0,-2.0,0.0,-2.0,0,1.29,-0.615,1.29,-0.615,Los Angeles Rams,1.905,Los Angeles Rams,1.905,1.29,-0.615,Los Angeles Rams,1.905,-0.3,0,No,No,No,No,No,0,No,0.0,0.0,1.559,5.882,0.0054999999999999,0.9845,0.0054999999999999,0.9845,-1.2845,1.5995,0.2744999999999999,7.4815,Dallas Cowboys,0.979,Dallas Cowboys,0.979,0.0054999999999999,0.9845,Dallas Cowboys,0.979,Tie,0.0,Dallas Cowboys,4.323,0.7795,2.941,Dallas Cowboys,2.1615,Dallas Cowboys,2.884,Dallas Cowboys,7.207,-0.505,4.5405,Dallas Cowboys,5.0455,Different,Different,Same,Same,Different,Same,False,Home Team,Home Team,44.5,-310.0,250.0,Dallas Cowboys,Los Angeles Rams,-6.5,6.5,-164,135,-319,249,-2.884,2.884,-7.207,7.207,0.2857,0.7561,0.4255,0.6212,0.2865,0.7613,0.2742,0.7258,0.4065,0.5935,0.2734,0.7266,0.2742,0.7258,-0.2258,0.2258,,,44,0.0,70.0,0.0,Dome,True,M.Stafford,D.Prescott,-0.44,-2.0,13.61,185.25,Med-High,-10.0,9.0,56.66,56.0,13.878032422385507,39.0,75.0,0.5154,0.4838,0.0884,0.0874,0.3412,0.6588,0.8022,0.1978,8,2023-10-29,Los Angeles Rams @ Dallas Cowboys,0.6403,0.3595,-178,178,,,,,,,,No Bet,,No Bet,,No Bet,,No Bet,,No Bet,,No Bet,,No Bet,,No Bet,,No Bet,,,,,,,,,,,,,,,0.2949,0.3454,0.3968,0.2532,0.6958,0.6951,0.3042,0.3049,-0.1879,-0.112,0.1492,0.0504,0.1819,0.1155,8,0.0314555555555555,0.18592,Dallas Cowboys,Los Angeles Rams,1,1,0,0,1,0,0,1,1,1,1,1,0,2.5,4.5,,,1094.9894785089236,0.7950387846185805,0.8381762351738217,0.0502233171642198,0.0034841654722601,47.09753919850027,0.0183835462594509,17.792980501830773,0.0486607508209682,0.0430118646095433,0.0162494533975431,1.6788788038844272e-05,4.443946884971981e-05,0.0162938928663928,0.0670442970804192,64.89051970033104,,,1386.0,30.0,0.2742,0.7258,0.3519,0.6479,0.4842,0.515,Dallas Cowboys,Dallas Cowboys,Dallas Cowboys,Dallas Cowboys,Dallas Cowboys,Same,Same,Same,False,False,0.0592613180070864,6.122825688856408e-05,0.0502233171642198,0.0034841654722601,0.0592613180070864,6.122825688856408e-05,0.0434077311693897,0.0074581422427634,1.0537938872912995,0.42927457376131617,1.2422792063678392,0.961166688463803,1.06420378485986,0.4321194230613922,0.8592996852025909,0.8834604195091794,1.0494356838384982,0.6439896645546805
2023_08_MIN_GB,2023,8,2023-10-29,13:00,Minnesota Vikings,Green Bay Packers,Home,Kirk Cousins,Jordan Love,00-0029604,00-0036264,6,7,-1,1,-1,8,Lambeau Field,44.5013,-88.0622,America/Chicago,False,False,8,8,Sunday,False,False,0,False,False,0,-1,8,NFC North,U.S. Bank Stadium,44.9738,-93.2575,America/Chicago,NFC North,Lambeau Field,44.5013,-88.0622,America/Chicago,San Francisco 49ers,Denver Broncos,U.S. Bank Stadium,Empower Field at Mile High,Atlanta Falcons,Los Angeles Rams,Mercedes-Benz Stadium,Lambeau Field,257,0,-257,257,0.0,0.0,America/Chicago,America/Denver,0.0,-1.0,0.0,0.0,0.0,0,0.27,3.535,0.27,3.535,Green Bay Packers,3.265,Green Bay Packers,3.265,0.27,3.535,Green Bay Packers,3.265,0.0,0,No,No,No,No,Yes,1,No,0.0,0.0,-3.191,-4.219,0.68438,3.661620000000001,0.68438,3.661620000000001,0.38173,0.15927,-2.81955,-4.04945,Green Bay Packers,2.977240000000001,Green Bay Packers,2.977240000000001,0.68438,3.661620000000001,Green Bay Packers,2.977240000000001,Tie,0.0,Minnesota Vikings,1.0280000000000005,-1.5955,-2.1095,Minnesota Vikings,0.5140000000000002,Minnesota Vikings,0.22246,Minnesota Vikings,1.2299000000000009,-1.2189099999999995,-1.94509,Minnesota Vikings,0.7261800000000003,Different,Different,Different,Different,Different,Same,False,Away Team,Away Team,41.5,-108.0,-112.0,Minnesota Vikings,Green Bay Packers,1.0,-1.0,-110,-110,101,-122,0.22246,-0.22246,1.2299000000000009,-1.2299000000000009,0.5283,0.5192,0.5238,0.5238,0.5495,0.4975,0.5043,0.4957,0.5,0.5,0.5248,0.4752,0.5043,0.4957,0.0043,-0.0043,39.0,8.0,45,8.0,39.0,0.0,nfl_read_py Fallback,False,C.Wentz,J.Love,-1.26,-2.0,13.48,181.78,Med-High,-10.0,9.0,48.77,48.0,13.49409548515915,32.0,67.0,0.5336,0.4646,0.0918,0.0858,0.5354,0.445,0.6934,0.3066,8,2023-10-29,Minnesota Vikings @ Green Bay Packers,0.5011,0.4984,-100,101,,,,,,,,No Bet,,No Bet,,No Bet,,No Bet,,No Bet,,No Bet,,No Bet,,No Bet,,No Bet,,,,,,,,,,,,,,,0.1986,0.3769,0.3282,0.2705,0.6162,0.6727,0.3838,0.3273,-0.2632,-0.0262,0.1438,0.1532,-0.0551,0.1804,8,-0.0462777777777777,0.0025799999999999,Minnesota Vikings,Green Bay Packers,0,0,1,1,0,1,1,0,1,1,1,1,1,2.0,2.5,,,1094.9894785089236,0.9938174000821396,0.9006297057491933,0.0103625484371392,0.0137641757187401,1.6549883277483537,1.2801095428190914,1.6837010564524808,1.2582793979286606,0.0015114193882501,0.0015376413102573,0.0011690610439127,0.0011491246469711,0.0026867659572284,2.538388940747752,3.3386893842008343,,,1386.0,30.0,0.5043,0.4957,0.4573,0.5424,0.4766,0.5224,Minnesota Vikings,Green Bay Packers,Green Bay Packers,Green Bay Packers,Green Bay Packers,Same,Same,Same,False,False,0.0030490606985075,0.0023181856908838,0.0103625484371392,0.0137641757187401,0.0030490606985075,0.0023181856908838,0.0162522038839937,0.0219528775747741,0.7371555272077455,0.7459129338448677,1.106587975253269,1.0968579195783767,0.7130856226808336,0.7832375852404232,0.932764715785821,0.8099953889259491,0.8512680934972938,0.8421572548958847
2023_08_NO_IND,2023,8,2023-10-29,13:00,New Orleans Saints,Indianapolis Colts,Home,Derek Carr,Gardner Minshew,00-0031280,00-0035289,10,7,3,-3,3,-2,Lucas Oil Stadium,39.7601,-86.1638,America/Indiana/Indianapolis,False,False,8,8,Sunday,False,False,0,False,False,0,3,-2,NFC South,Caesars Superdome,29.9507,-90.0813,America/Chicago,AFC South,Lucas Oil Stadium,39.7601,-86.1638,America/Indiana/Indianapolis,Jacksonville Jaguars,Cleveland Browns,Caesars Superdome,Lucas Oil Stadium,Chicago Bears,Carolina Panthers,Caesars Superdome,Bank of America Stadium,713,0,-713,713,-1.0,0.0,America/Chicago,America/Indiana/Indianapolis,-1.0,0.0,-1.0,0.0,-1.0,0,-6.145,-2.265,-6.145,-2.265,Indianapolis Colts,3.88,Indianapolis Colts,3.88,-6.145,-2.265,Indianapolis Colts,3.88,0.0,0,No,No,No,No,No,0,No,0.0,0.0,-1.274,-2.838,-5.283,-5.5525,-5.283,-5.5525,0.8620000000000001,-3.2875,-0.412,-6.125500000000001,New Orleans Saints,0.2695000000000007,New Orleans Saints,0.2695000000000007,-5.283,-5.5525,New Orleans Saints,0.2695000000000007,Tie,0.0,New Orleans Saints,1.564,-0.637,-1.419,New Orleans Saints,0.782,New Orleans Saints,4.1495,New Orleans Saints,5.713500000000001,0.225,-4.7065,New Orleans Saints,4.9315,Different,Different,Same,Same,Different,Same,False,Away Team,Away Team,43.5,110.0,-130.0,New Orleans Saints,Indianapolis Colts,2.0,-2.0,171,-211,195,-244,4.1495,-4.1495,5.713500000000001,-5.713500000000001,0.5652,0.4762,0.6785,0.369,0.7093,0.339,0.5427,0.4573,0.6477,0.3523,0.6766,0.3234,0.5427,0.4573,0.0427,-0.0427,,,46,0.0,70.0,0.0,Dome,True,S.Rattler,D.Jones,-1.29,-2.0,13.62,185.54,Med-High,-11.0,9.0,43.78,43.0,12.776300748345056,28.0,60.0,0.5344,0.4646,0.0882,0.08,0.5522,0.4318,0.4926,0.5074,8,2023-10-29,New Orleans Saints @ Indianapolis Colts,0.4168,0.5829,140,-140,,,,,,,,No Bet,,No Bet,,No Bet,,No Bet,,No Bet,,No Bet,,No Bet,,No Bet,,No Bet,,,,,,,,,,,,,,,0.33,0.2581,0.2661,0.2661,0.6202,0.6793,0.3781,0.3207,-0.2658,-0.057,-0.1245,0.0533,0.0655,0.1277,8,0.0573666666666666,0.0137888888888888,New Orleans Saints,Indianapolis Colts,0,0,0,0,0,0,1,1,0,0,1,1,0,3.0,2.5,,,1094.9894785089236,0.99517567534568,0.9580087426517618,0.0087275427297188,0.0118877605814056,0.2221154245746497,1.2768620681812046,0.2635951036883061,1.0759333402971532,0.000202847085688,0.0002407284351693,0.0011660952851528,0.0009825969668332,0.0012233254020025,2.3527954084783578,0.4857105282629558,,,1386.0,30.0,0.5427,0.4573,0.537,0.4628,0.4578,0.5414,New Orleans Saints,Indianapolis Colts,New Orleans Saints,Indianapolis Colts,New Orleans Saints,Same,Same,Same,False,False,0.0004435755208573,0.002148692251986,0.0087275427297188,0.0118877605814056,0.0004435755208573,0.002148692251986,0.0153218145454333,0.0191587458956487,0.6800512359848642,0.8030172250677481,0.7804116140046191,1.4230342808270249,0.48557072972628296,1.010752478194972,0.9339577288795474,0.8088023758322227,0.7082547538570025,0.9851705945361763
2023_08_NE_MIA,2023,8,2023-10-29,13:00,New England Patriots,Miami Dolphins,Home,Mac Jones,Tua Tagovailoa,00-0036972,00-0036212,7,7,0,0,1,1,Hard Rock Stadium,25.9602,-80.2384,America/New_York,False,False,8,8,Sunday,False,False,0,False,False,0,1,1,AFC East,Gillette Stadium,42.0628,-71.2687,America/New_York,AFC East,Hard Rock Stadium,25.9602,-80.2384,America/New_York,Buffalo Bills,Philadelphia Eagles,Gillette Stadium,Lincoln Financial Field,Washington Commanders,Kansas City Chiefs,Gillette Stadium,GEHA Field at Arrowhead Stadium,1223,0,-1223,1223,0.0,0.0,America/New_York,America/New_York,0.0,0.0,0.0,0.0,0.0,0,-1.995,0.66,-1.995,0.66,Miami Dolphins,2.655,Miami Dolphins,2.655,-1.995,0.66,Miami Dolphins,2.655,0.0,0,No,No,No,No,No,1,No,0.0,0.0,-1.213,0.176,-2.349025,2.646525,-2.349025,2.646525,-0.380575,2.013075,-1.579685,2.175185,Miami Dolphins,4.99555,Miami Dolphins,4.99555,-2.349025,2.646525,Miami Dolphins,4.99555,Tie,0.0,Miami Dolphins,1.389,-0.6065,0.088,Miami Dolphins,0.6945,Miami Dolphins,2.39365,Miami Dolphins,3.75487,-0.98013,2.09413,Miami Dolphins,3.07426,Different,Same,Same,Same,Different,Same,False,Home Team,Home Team,46.5,-380.0,300.0,Miami Dolphins,New England Patriots,-7.5,7.5,-142,117,-211,171,-2.39365,2.39365,-3.75487,3.75487,0.25,0.7917,0.4608,0.5868,0.369,0.6785,0.24,0.76,0.4399,0.5601,0.3523,0.6477,0.24,0.76,-0.26,0.26,83.0,17.0,47,17.0,83.0,0.0,nfl_read_py Fallback,False,D.Maye,T.Tagovailoa,-8.06,-9.0,13.39,179.38,Medium,-17.0,2.0,39.13,38.0,12.640618651315195,23.0,56.0,0.7306,0.2692,0.0848,0.0742,0.523,0.477,0.281,0.719,8,2023-10-29,New England Patriots @ Miami Dolphins,0.6746,0.3254,-207,207,,,,,,,,No Bet,,No Bet,,No Bet,,No Bet,,No Bet,,No Bet,,No Bet,,No Bet,,No Bet,,,,,,,,,,,,,,,0.2785,0.2277,0.3369,0.2962,0.7627,0.637,0.2373,0.363,-0.0255,-0.2427,0.1938,0.0422,0.2394,-0.0555,8,-0.1112111111111111,0.1549333333333333,Miami Dolphins,New England Patriots,0,1,0,0,0,1,1,0,0,1,1,1,1,1.0,4.0,,,1094.9894785089236,0.2747661706859629,0.9799483916976908,0.0594839428605236,0.0044693887104313,69.82086693971102,0.0125399009439285,22.04869482306664,0.0397096863224403,0.063763961490103,0.0201359878389799,1.145207437153136e-05,3.626490217651598e-05,0.0201722527411564,0.0522495872663688,91.86956176277766,,,1386.0,30.0,0.24,0.76,0.3735,0.6264,0.267,0.7326,Miami Dolphins,Miami Dolphins,Miami Dolphins,Miami Dolphins,Miami Dolphins,Same,Same,Same,False,False,0.0838999493290829,4.771697654804734e-05,0.0594839428605236,0.0044693887104313,0.0838999493290829,4.771697654804734e-05,0.0426297418609017,0.0089879549715128,1.1024237697470105,0.38064469130560485,1.1563467113963384,1.047099183435306,0.9383710495460225,0.557952158375231,1.2352588530799862,0.5075012516317882,1.102825762632314,0.5905995857608677
2023_08_NYJ_NYG,2023,8,2023-10-29,13:00,New York Jets,New York Giants,Home,Zach Wilson,Tyrod Taylor,00-0037013,00-0028118,14,7,7,-7,6,-5,MetLife Stadium,40.8136,-74.0744,America/New_York,False,False,8,8,Sunday,False,False,0,False,False,0,6,-5,AFC East,MetLife Stadium,40.8136,-74.0744,America/New_York,NFC East,MetLife Stadium,40.8136,-74.0744,America/New_York,Philadelphia Eagles,Washington Commanders,MetLife Stadium,MetLife Stadium,Los Angeles Chargers,Las Vegas Raiders,MetLife Stadium,Allegiant Stadium,0,0,0,0,0.0,0.0,America/New_York,America/New_York,0.0,0.0,0.0,0.0,0.0,0,-3.725,-2.84,-3.725,-2.84,New York Giants,0.8850000000000002,New York Giants,0.8850000000000002,-3.725,-2.84,New York Giants,0.8850000000000002,0.0,0,No,No,No,No,No,0,No,0.0,0.0,-1.783,-2.869,-2.9000000000000004,-3.615,-2.9000000000000004,-3.615,0.8250000000000001,-0.775,-0.958,-3.644,New York Jets,0.7149999999999994,New York Jets,0.7149999999999994,-2.9000000000000004,-3.615,New York Jets,0.7149999999999994,Tie,0.0,New York Jets,1.0860000000000003,-0.8915,-1.4345,New York Jets,0.5430000000000001,New York Jets,1.6,New York Jets,2.686,-0.0664999999999999,-2.2095,New York Jets,2.143,Different,Different,Same,Same,Different,Same,False,Away Team,Away Team,35.0,136.0,-162.0,New York Jets,New York Giants,3.0,-3.0,105,-128,117,-142,1.6,-1.6,2.686,-2.686,0.6183,0.4237,0.5614,0.4878,0.5868,0.4608,0.5934,0.4066,0.5351,0.4649,0.5601,0.4399,0.5934,0.4066,0.0934,-0.0934,52.0,6.0,48,6.0,52.0,0.0,nfl_read_py Fallback,False,J.Fields,J.Dart,7.23,8.0,13.34,178.02,Medium,-3.0,17.0,40.69,40.0,12.295428625022172,25.0,57.0,0.2904,0.7088,0.0712,0.0732,0.3232,0.6388,0.6528,0.3206,8,2023-10-29,New York Jets @ New York Giants,0.4004,0.5994,150,-150,,,,,,,,No Bet,,No Bet,,No Bet,,No Bet,,No Bet,,No Bet,,No Bet,,No Bet,,No Bet,,,,,,,,,,,,,,,0.3907,0.3369,0.3678,0.3184,0.6773,0.6142,0.3227,0.3858,-0.2367,-0.3847,0.0478,-0.0835,0.0089,-0.0426,8,-0.1250099999999999,-0.2215555555555555,New York Jets,New York Giants,0,0,1,1,1,0,0,0,1,1,1,0,0,1.0,0.0,,,1094.9894785089236,0.8219112847606563,0.9991646567180712,0.0052746771594536,0.0254072799153748,0.082487039440177,9.006609414716472,0.1203832002061019,6.17136398386201,7.533135345967143e-05,0.0001099400519994,0.0082252931114744,0.0056360029981892,0.0057459430501887,15.177973398578482,0.2028702396462789,,,1386.0,30.0,0.5934,0.4066,0.6066,0.3932,0.65,0.3492,New York Jets,New York Jets,New York Jets,New York Jets,New York Jets,Same,Same,Same,False,False,0.0001852714054591,0.0138612961096637,0.0052746771594536,0.0254072799153748,0.0001852714054591,0.0138612961096637,0.0101474250067393,0.0328692522619266,0.6144986115313,0.8685698495213131,1.053092672736279,1.150353222095365,0.670158362893386,0.8261648450278698,0.5202062779528117,1.2225538267589617,0.6934676082770397,0.9999577401161402
2023_08_JAX_PIT,2023,8,2023-10-29,13:00,Jacksonville Jaguars,Pittsburgh Steelers,Home,Trevor Lawrence,Kenny Pickett,00-0036971,00-0038102,10,7,3,-3,0,3,Acrisure Stadium,40.4468,-80.0158,America/New_York,False,True,8,8,Sunday,False,False,0,False,False,0,0,3,AFC South,TIAA Bank Field,30.3239,-81.6554,America/New_York,AFC North,Acrisure Stadium,40.4468,-80.0158,America/New_York,New Orleans Saints,Los Angeles Rams,Caesars Superdome,SoFi Stadium,San Francisco 49ers,Tennessee Titans,TIAA Bank Field,Acrisure Stadium,705,0,-705,705,0.0,0.0,America/Chicago,America/Los_Angeles,-1.0,-3.0,0.0,0.0,0.0,0,-1.825,-0.565,-1.825,-0.565,Pittsburgh Steelers,1.26,Pittsburgh Steelers,1.26,-1.825,-0.565,Pittsburgh Steelers,1.26,0.0,0,No,No,No,No,No,0,No,0.0,0.0,-0.831,-2.272,0.4830000000000001,-0.4714999999999999,0.4830000000000001,-0.4714999999999999,2.3080000000000003,0.0935,1.4770000000000003,-2.1785,Jacksonville Jaguars,0.9545,Jacksonville Jaguars,0.9545,0.4830000000000001,-0.4714999999999999,Jacksonville Jaguars,0.9545,Tie,0.0,Jacksonville Jaguars,1.4409999999999998,-0.4155,-1.136,Jacksonville Jaguars,0.7204999999999999,Jacksonville Jaguars,2.2145,Jacksonville Jaguars,3.6555,1.8925000000000003,-1.0425,Jacksonville Jaguars,2.9350000000000005,Different,Different,Same,Same,Different,Same,False,Away Team,Away Team,41.0,114.0,-135.0,Jacksonville Jaguars,Pittsburgh Steelers,2.5,-2.5,108,-131,156,-191,2.2145,-2.2145,3.6555,-3.6555,0.5745,0.4673,0.5671,0.4808,0.6564,0.3906,0.5514,0.4486,0.5412,0.4588,0.6269,0.3731,0.5514,0.4486,0.0514,-0.0514,58.0,2.0,49,2.0,58.0,0.0,nfl_read_py Fallback,False,T.Lawrence,A.Rodgers,-8.43,-9.0,13.59,184.82,Med-High,-17.0,1.0,48.85,49.0,13.492755383892865,32.0,67.0,0.7396,0.2598,0.077,0.0764,0.7704,0.2296,0.693,0.2852,8,2023-10-29,Jacksonville Jaguars @ Pittsburgh Steelers,0.505,0.4948,-102,102,,,,,,,,No Bet,,No Bet,,No Bet,,No Bet,,No Bet,,No Bet,,No Bet,,No Bet,,No Bet,,,,,,,,,,,,,,,0.331,0.2761,0.2918,0.3396,0.7084,0.6819,0.2916,0.3123,-0.0535,-0.2198,-0.0011,0.0712,0.1434,0.1283,8,0.0545888888888888,0.04167,Jacksonville Jaguars,Pittsburgh Steelers,1,0,0,1,1,0,0,1,1,1,1,1,0,3.0,3.0,,,1094.9894785089236,0.9989487212833652,0.9111631406408008,0.0052312311259969,0.0131329943430092,0.1574247488203739,1.2072496825842474,0.1934997915727913,0.9821766550730746,0.0001437682753214,0.0001767138364071,0.0011025217194124,0.0008969736005231,0.0010736874369302,2.1894263376573218,0.3509245403931653,,,1386.0,30.0,0.5514,0.4486,0.4606,0.5392,0.2908,0.7084,Jacksonville Jaguars,Pittsburgh Steelers,Pittsburgh Steelers,Pittsburgh Steelers,Pittsburgh Steelers,Same,Same,Same,False,False,0.0003204821117286,0.0019994953199356,0.0052312311259969,0.0131329943430092,0.0003204821117286,0.0019994953199356,0.0099975744927814,0.0211731542286125,0.6699040018259619,0.8131644592266515,1.0221849864590924,1.1812609083725543,0.5627209785041335,0.933602229417123,1.2939900436427616,0.44877006106901224,0.8614322829162028,0.8319930654769755
2023_08_ATL_TEN,2023,8,2023-10-29,13:00,Atlanta Falcons,Tennessee Titans,Home,Desmond Ridder,Will Levis,00-0038122,00-0039152,7,14,-7,7,-10,9,Nissan Stadium,36.1664,-86.7716,America/Chicago,False,True,8,8,Sunday,False,False,0,False,False,0,-10,9,NFC South,Mercedes-Benz Stadium,33.7489,-84.388,America/New_York,AFC South,Nissan Stadium,36.1664,-86.7716,America/Chicago,Tampa Bay Buccaneers,Baltimore Ravens,Raymond James Stadium,Nissan Stadium,Minnesota Vikings,Pittsburgh Steelers,Mercedes-Benz Stadium,Acrisure Stadium,215,0,-215,215,1.0,0.0,America/New_York,America/Chicago,1.0,0.0,1.0,0.0,1.0,0,-0.71,-4.36,-0.71,-4.36,Atlanta Falcons,3.65,Atlanta Falcons,3.65,-0.71,-4.36,Atlanta Falcons,3.65,0.0,0,No,No,No,No,No,0,No,0.0,0.0,-4.138,-1.274,-4.085,-1.7310000000000003,-4.085,-1.7310000000000003,-3.375,2.629,-7.513,1.355,Tennessee Titans,2.354,Tennessee Titans,2.354,-4.085,-1.7310000000000003,Tennessee Titans,2.354,Tie,0.0,Tennessee Titans,2.864,-2.069,-0.637,Tennessee Titans,1.432,Tennessee Titans,6.004,Tennessee Titans,8.868,-5.444,1.992,Tennessee Titans,7.436,Different,Different,Same,Same,Different,Same,False,Home Team,Home Team,35.0,110.0,-130.0,Atlanta Falcons,Tennessee Titans,2.5,-2.5,-261,208,-416,314,-6.004,6.004,-8.868,8.868,0.5652,0.4762,0.3247,0.723,0.2415,0.8062,0.5427,0.4573,0.3099,0.6901,0.2305,0.7695,0.5427,0.4573,0.0427,-0.0427,77.0,7.0,50,7.0,77.0,0.0,nfl_read_py Fallback,False,M.Penix,C.Ward,6.59,7.0,13.17,173.57,Medium,-3.0,16.0,44.15,43.0,12.963801818583864,28.0,61.0,0.3026,0.6968,0.085,0.09,0.335,0.665,0.7432,0.235,8,2023-10-29,Atlanta Falcons @ Tennessee Titans,0.5549,0.445,-125,125,,,,,,,,No Bet,,No Bet,,No Bet,,No Bet,,No Bet,,No Bet,,No Bet,,No Bet,,No Bet,,,,,,,,,,,,,,,0.3803,0.3051,0.3131,0.2615,0.6891,0.735,0.3109,0.265,-0.291,-0.2105,0.0833,-0.0171,-0.0327,0.0235,8,0.0188555555555555,-0.09582,Atlanta Falcons,Tennessee Titans,0,0,0,1,1,0,0,1,0,1,1,1,0,2.5,1.5,,,1094.9894785089236,0.988823675874864,0.9633491173026698,0.0107136177330468,0.0157787835929313,0.2509078200701031,2.1003634926701835,0.2977644302472009,1.769847475950019,0.0002291417634549,0.0002719335994467,0.001918158606903,0.0016163145954243,0.001888248194871,3.870210968620202,0.5486722503173042,,,1386.0,30.0,0.5427,0.4573,0.4583,0.5415,0.644,0.3552,Atlanta Falcons,Atlanta Falcons,Tennessee Titans,Atlanta Falcons,Tennessee Titans,Same,Same,Same,False,False,0.0005010753629016,0.0035344732023273,0.0107136177330468,0.0157787835929313,0.0005010753629016,0.0035344732023273,0.0183538452572655,0.0243197519128846,0.6811635534190612,0.8019049076335513,1.526757309314829,0.6766885855168133,1.1535626978445945,0.34276051007665914,0.5309469381549337,1.2118131665568386,0.9436381351757887,0.7497872132173897
2023_08_PHI_WAS,2023,8,2023-10-29,13:00,Philadelphia Eagles,Washington Commanders,Home,Jalen Hurts,Sam Howell,00-0036389,00-0037077,7,7,0,0,2,4,FedExField,38.9077,-76.8645,America/New_York,False,False,8,8,Sunday,False,False,0,False,False,0,2,4,NFC East,Lincoln Financial Field,39.9008,-75.1675,America/New_York,NFC East,FedExField,38.9077,-76.8645,America/New_York,Miami Dolphins,New York Giants,Lincoln Financial Field,MetLife Stadium,Dallas Cowboys,New England Patriots,Lincoln Financial Field,Gillette Stadium,114,0,-114,114,0.0,0.0,America/New_York,America/New_York,0.0,0.0,0.0,0.0,0.0,0,4.905,1.45,4.905,1.45,Philadelphia Eagles,3.455,Philadelphia Eagles,3.455,4.905,1.45,Philadelphia Eagles,3.455,0.0,0,No,No,No,No,No,1,No,0.0,0.0,8.409,-1.022,4.784409999999999,0.8555899999999999,4.784409999999999,0.8555899999999999,-0.0860399999999999,-0.6289600000000001,8.22865,-1.55665,Philadelphia Eagles,3.92882,Philadelphia Eagles,3.92882,4.784409999999999,0.8555899999999999,Philadelphia Eagles,3.92882,Tie,0.0,Philadelphia Eagles,9.431,4.2045,-0.511,Philadelphia Eagles,4.7155000000000005,Philadelphia Eagles,0.5429200000000001,Philadelphia Eagles,9.7853,4.071305,-1.092805,Philadelphia Eagles,5.16411,Different,Same,Same,Same,Different,Same,False,Away Team,Away Team,42.5,245.0,-305.0,Philadelphia Eagles,Washington Commanders,7.0,-7.0,-104,-116,356,-483,0.5429200000000001,-0.5429200000000001,9.7853,-9.7853,0.7531,0.2899,0.537,0.5098,0.8285,0.2193,0.7221,0.2779,0.513,0.487,0.7907,0.2093,0.7221,0.2779,0.2221,-0.2221,69.0,4.0,51,4.0,69.0,0.0,nfl_read_py Fallback,False,J.Hurts,J.Daniels,11.53,12.0,13.3,176.81,Medium,3.0,20.0,48.86,49.0,12.889072179033183,33.0,66.0,0.1864,0.8128,0.0622,0.062,0.3292,0.6306,0.6824,0.3176,8,2023-10-29,Philadelphia Eagles @ Washington Commanders,0.2902,0.7097,245,-244,,,,,,,,No Bet,,No Bet,,No Bet,,No Bet,,No Bet,,No Bet,,No Bet,,No Bet,,No Bet,,,,,,,,,,,,,,,0.3401,0.2719,0.3095,0.3298,0.6796,0.6484,0.3204,0.3516,-0.4457,-0.1157,0.043,0.1135,-0.0692,0.3028,8,0.1093,-0.1897999999999999,Philadelphia Eagles,Washington Commanders,0,1,1,0,0,0,0,1,1,1,0,1,1,3.5,0.5,,,1094.9894785089236,0.4333263886914373,0.7459906068955461,0.0023900806402491,0.0713220751987502,0.0364092522524673,57.74907573176643,0.0946064089654793,22.22471700021866,3.325077817372897e-05,8.639937718333822e-05,0.0527393887020767,0.0202967402303103,0.0203831396074937,79.9737927319851,0.1310156612179467,,,1386.0,30.0,0.7221,0.2779,0.6893,0.3107,0.8192,0.1806,Philadelphia Eagles,Philadelphia Eagles,Philadelphia Eagles,Philadelphia Eagles,Philadelphia Eagles,Same,Same,Same,False,False,0.000119650155357,0.0730361289323871,0.0023900806402491,0.0713220751987502,0.000119650155357,0.0730361289323871,0.0057327206029553,0.0675611930002067,0.4462224751431837,1.036845985909429,1.169675698689652,1.0337701961419956,0.3423839273665375,1.1539392805547157,0.36300060144927015,1.3797595032625012,0.5387640885782109,1.1546612598149637
2023_08_CLE_SEA,2023,8,2023-10-29,16:05,Cleveland Browns,Seattle Seahawks,Home,Phillip Walker,Geno Smith,00-0033275,00-0030565,7,7,0,0,6,1,Lumen Field,47.5952,-122.3316,America/Los_Angeles,False,True,8,8,Sunday,False,False,0,False,False,0,6,1,AFC North,FirstEnergy Stadium,41.5061,-81.6994,America/New_York,NFC West,Lumen Field,47.5952,-122.3316,America/Los_Angeles,Indianapolis Colts,Arizona Cardinals,Lucas Oil Stadium,Lumen Field,Arizona Cardinals,Baltimore Ravens,FirstEnergy Stadium,M&T Bank Stadium,2019,0,-2019,2019,3.0,0.0,America/Indiana/Indianapolis,America/Los_Angeles,3.0,0.0,3.0,0.0,3.0,0,-4.705,-0.13,-4.705,-0.13,Seattle Seahawks,4.575,Seattle Seahawks,4.575,-4.705,-0.13,Seattle Seahawks,4.575,-0.2249999999999999,0,No,No,No,No,No,0,No,0.0,0.0,2.134,1.265,-5.705,-1.215,-5.705,-1.215,-1.0,-1.085,1.134,0.1799999999999999,Seattle Seahawks,4.49,Seattle Seahawks,4.49,-5.705,-1.215,Seattle Seahawks,4.49,Tie,0.0,Cleveland Browns,0.869,1.067,0.6325,Cleveland Browns,0.4345,Cleveland Browns,0.0849999999999999,Cleveland Browns,0.9540000000000002,0.067,-0.4525,Cleveland Browns,0.5195000000000001,Different,Different,Different,Different,Different,Same,False,Away Team,Away Team,39.5,-198.0,164.0,Seattle Seahawks,Cleveland Browns,-4.0,4.0,-110,-110,101,-122,0.0849999999999999,-0.0849999999999999,0.9540000000000002,-0.9540000000000002,0.3788,0.6644,0.5238,0.5238,0.5495,0.4975,0.3631,0.6369,0.5,0.5,0.5248,0.4752,0.3631,0.6369,-0.1369,0.1369,47.0,3.0,52,3.0,47.0,0.0,nfl_read_py Fallback,False,D.Gabriel,S.Darnold,1.15,2.0,14.36,206.27,High,-9.0,11.0,48.89,48.0,13.362754680174612,32.0,67.0,0.4742,0.5252,0.0796,0.083,0.3784,0.604,0.7432,0.2568,8,2023-10-29,Cleveland Browns @ Seattle Seahawks,0.5216,0.4783,-109,109,,,,,,,,No Bet,,No Bet,,No Bet,,No Bet,,No Bet,,No Bet,,No Bet,,No Bet,,No Bet,,,,,,,,,,,,,,,0.3131,0.3351,0.2943,0.2977,0.7122,0.6472,0.2878,0.3528,-0.0073,-0.3694,0.1594,0.0053,-0.0144,-0.0343,8,0.0275499999999999,-0.08001,Seattle Seahawks,Cleveland Browns,1,0,0,1,1,1,0,0,1,1,1,1,0,2.5,1.5,,,1094.9894785089236,0.3159537318680417,0.9422330538457468,0.0227170119950129,0.0039445436577893,13.073945343669482,0.025557689098743,7.453524186350116,0.0448297774359389,0.0119397908384221,0.0068069368086529,2.334057961319007e-05,4.094082940137911e-05,0.0068478776380543,0.0703874665346819,20.5274695300196,,,1386.0,30.0,0.3631,0.6369,0.4721,0.5277,0.509,0.4904,Seattle Seahawks,Cleveland Browns,Seattle Seahawks,Cleveland Browns,Seattle Seahawks,Same,Same,Same,False,False,0.0187467276470751,6.428140901456918e-05,0.0227170119950129,0.0039445436577893,0.0187467276470751,6.428140901456918e-05,0.0257244319637374,0.0081672651034321,0.9342778375197475,0.5487906235328648,1.0749299289605165,1.1285159658711303,0.6998622374961521,0.7964609704251043,0.8108198125880264,0.9319402921237433,0.8684459337704269,0.824979414622752
2023_08_BAL_ARI,2023,8,2023-10-29,16:25,Baltimore Ravens,Arizona Cardinals,Home,Lamar Jackson,Joshua Dobbs,00-0034796,00-0033949,7,7,0,0,0,-3,State Farm Stadium,33.5277,-112.262608,America/Denver,False,False,8,8,Sunday,False,False,0,False,False,0,0,-3,AFC North,M&T Bank Stadium,39.2789,-76.6228,America/New_York,NFC West,State Farm Stadium,33.5277,-112.262608,America/Denver,Detroit Lions,Seattle Seahawks,M&T Bank Stadium,Lumen Field,Seattle Seahawks,Cleveland Browns,M&T Bank Stadium,FirstEnergy Stadium,2007,0,-2007,2007,2.0,0.0,America/New_York,America/Los_Angeles,2.0,-1.0,2.0,0.0,2.0,0,6.69,0.075,6.69,0.075,Baltimore Ravens,6.615,Baltimore Ravens,6.615,6.69,0.075,Baltimore Ravens,6.615,-0.15,0,No,No,No,No,No,0,No,0.0,0.0,5.928,-3.672,7.901000000000001,0.5794999999999999,7.901000000000001,0.5794999999999999,1.211,0.5045,7.139,-3.1675,Baltimore Ravens,7.3215,Baltimore Ravens,7.3215,7.901000000000001,0.5794999999999999,Baltimore Ravens,7.3215,Tie,0.0,Baltimore Ravens,9.6,2.964,-1.836,Baltimore Ravens,4.8,Baltimore Ravens,0.7065000000000001,Baltimore Ravens,10.3065,4.175,-1.3315,Baltimore Ravens,5.5065,Different,Same,Same,Same,Different,Same,False,Away Team,Away Team,44.5,380.0,-500.0,Baltimore Ravens,Arizona Cardinals,9.5,-9.5,-104,-116,389,-538,0.7065000000000001,-0.7065000000000001,10.3065,-10.3065,0.8333,0.2083,0.537,0.5098,0.8433,0.2045,0.8,0.2,0.513,0.487,0.8048,0.1952,0.8,0.2,0.3,-0.3,,,53,0.0,70.0,0.0,Dome,True,C.Rush,K.Murray,7.31,8.0,14.01,196.4,High,-3.0,17.0,49.01,49.0,13.143500163933194,32.0,67.0,0.3034,0.6956,0.0758,0.0674,0.5252,0.4748,0.6178,0.3822,8,2023-10-29,Baltimore Ravens @ Arizona Cardinals,0.2964,0.7033,237,-237,,,,,,,,No Bet,,No Bet,,No Bet,,No Bet,,No Bet,,No Bet,,No Bet,,No Bet,,No Bet,,,,,,,,,,,,,,,0.23,0.2564,0.2958,0.2524,0.7598,0.6686,0.2402,0.3314,-0.3077,-0.4181,0.0094,0.0998,-0.0726,-0.1485,8,0.0936888888888889,-0.1988555555555555,Baltimore Ravens,Arizona Cardinals,1,0,0,1,0,0,0,1,1,1,0,1,0,3.5,0.0,,,1094.9894785089236,0.999779617180036,0.458904858085109,0.0046496002893222,0.1276747225177046,0.0163595738420311,145.29055246143818,0.0654382953681246,36.32263811535953,1.4940393641323772e-05,5.976157456529509e-05,0.1326867109803504,0.0331716777450875,0.0332314393196528,181.6131905767977,0.0817978692101557,,,1386.0,30.0,0.8,0.2,0.7223,0.2775,0.8068,0.1926,Baltimore Ravens,Baltimore Ravens,Baltimore Ravens,Baltimore Ravens,Baltimore Ravens,Same,Same,Same,False,False,7.470196820661886e-05,0.165858388725438,0.0046496002893222,0.1276747225177046,7.470196820661886e-05,0.165858388725438,0.0092497514225894,0.0977794896267482,0.3484640222419993,1.134604438810615,1.239104125438598,0.964341769393046,0.34417044042771244,1.152152767493536,0.621898584899828,1.1208615198119458,0.5892632124164253,1.1041621359767453
2023_08_KC_DEN,2023,8,2023-10-29,16:25,Kansas City Chiefs,Denver Broncos,Home,Patrick Mahomes,Russell Wilson,00-0033873,00-0029263,7,7,0,0,7,-3,Empower Field at Mile High,39.7648,-105.0076,America/Denver,False,False,8,8,Sunday,False,False,0,False,False,0,7,-3,AFC West,GEHA Field at Arrowhead Stadium,39.0489,-94.4839,America/Chicago,AFC West,Empower Field at Mile High,39.7648,-105.0076,America/Denver,Los Angeles Chargers,Green Bay Packers,GEHA Field at Arrowhead Stadium,Empower Field at Mile High,Miami Dolphins,Buffalo Bills,GEHA Field at Arrowhead Stadium,Highmark Stadium,563,0,-563,563,1.0,0.0,America/Chicago,America/Denver,1.0,0.0,1.0,0.0,1.0,0,4.395,2.05,4.395,2.05,Kansas City Chiefs,2.345,Kansas City Chiefs,2.345,4.395,2.05,Kansas City Chiefs,2.345,0.0,0,No,No,No,No,No,1,No,0.0,0.0,8.791,-8.65,4.580654999999999,3.5178449999999994,4.580654999999999,3.5178449999999994,0.209105,1.444395,8.825695,-7.031195,Kansas City Chiefs,1.0628099999999998,Kansas City Chiefs,1.0628099999999998,4.580654999999999,3.5178449999999994,Kansas City Chiefs,1.0628099999999998,Tie,0.0,Kansas City Chiefs,17.441000000000003,4.3955,-4.325,Kansas City Chiefs,8.720500000000001,Denver Broncos,1.2352899999999998,Kansas City Chiefs,15.85689,4.517399999999999,-2.7934,Kansas City Chiefs,7.310799999999999,Different,Same,Different,Same,Different,Same,False,Home Team,Away Team,45.5,270.0,-340.0,Kansas City Chiefs,Denver Broncos,7.0,-7.0,-122,101,728,-1266,-1.2352899999999998,1.2352899999999998,15.85689,-15.85689,0.7727,0.2703,0.4975,0.5495,0.9268,0.1208,0.7409,0.2591,0.4752,0.5248,0.8847,0.1153,0.7409,0.2591,0.2409,-0.2409,26.0,7.0,54,7.0,26.0,0.0,nfl_read_py Fallback,False,P.Mahomes,B.Nix,14.65,15.0,12.91,166.62,Med-Low,7.0,23.0,46.63,46.0,12.746036377190586,30.0,64.0,0.1308,0.8688,0.049,0.0466,0.2374,0.7276,0.5212,0.4788,8,2023-10-29,Kansas City Chiefs @ Denver Broncos,0.2575,0.7424,288,-288,,,,,,,,No Bet,,No Bet,,No Bet,,No Bet,,No Bet,,No Bet,,No Bet,,No Bet,,No Bet,,,,,,,,,,,,,,,0.3287,0.2746,0.2984,0.2641,0.7431,0.6482,0.2569,0.3518,-0.0906,-0.0051,0.1153,0.2564,-0.2523,0.3131,8,0.1501,-0.0321444444444444,Kansas City Chiefs,Denver Broncos,1,1,0,0,0,1,0,0,1,1,0,1,1,4.0,2.0,,,1094.9894785089236,0.9646859881537634,0.2086874561682244,0.0043540704417057,0.0443885537659931,0.0189389913958477,49.43137359138909,0.0541563053847302,17.28663638484129,1.729604874526968e-05,4.945828836499539e-05,0.0451432406991719,0.0157870342355992,0.0158364925239641,66.71800997623038,0.073095296780578,,,1386.0,30.0,0.7409,0.2591,0.7322,0.2677,0.8504,0.1494,Kansas City Chiefs,Kansas City Chiefs,Kansas City Chiefs,Kansas City Chiefs,Kansas City Chiefs,Same,Same,Same,False,False,6.675433711026507e-05,0.0609302749347711,0.0043540704417057,0.0443885537659931,6.675433711026507e-05,0.0609302749347711,0.0087982100080664,0.0333752682930047,0.4029069769731652,1.080161484079448,1.2126272822365516,0.9908186125951,0.182856046075641,1.3134671618456129,0.24416465393424755,1.4985954507775312,0.46124653181478664,1.232178816578388
2023_08_CIN_SF,2023,8,2023-10-29,16:25,Cincinnati Bengals,San Francisco 49ers,Home,Joe Burrow,Brock Purdy,00-0036442,00-0037834,14,6,8,-8,1,-12,Levi's Stadium,37.4031,-121.9702,America/Los_Angeles,False,False,8,8,Sunday,False,False,0,False,False,0,1,-12,AFC North,Paycor Stadium,39.0955,-84.5165,America/New_York,NFC West,Levi's Stadium,37.4031,-121.9702,America/Los_Angeles,Seattle Seahawks,Minnesota Vikings,Paycor Stadium,U.S. Bank Stadium,Buffalo Bills,Jacksonville Jaguars,Paycor Stadium,TIAA Bank Field,2020,0,-2020,2020,3.0,0.0,America/New_York,America/Chicago,3.0,2.0,3.0,0.0,3.0,0,1.31,3.325,1.31,3.325,San Francisco 49ers,2.015,San Francisco 49ers,2.015,1.31,3.325,San Francisco 49ers,2.015,-0.2249999999999999,0,No,No,No,No,No,0,Yes,0.0,0.0,1.891,8.506,-0.4444999999999999,2.403,-0.4444999999999999,2.403,-1.7545000000000002,-0.9220000000000002,0.1364999999999998,7.584,San Francisco 49ers,2.8475,San Francisco 49ers,2.8475,-0.4444999999999999,2.403,San Francisco 49ers,2.8475,Tie,0.0,San Francisco 49ers,6.615,0.9455,4.253,San Francisco 49ers,3.3075,San Francisco 49ers,0.8325,San Francisco 49ers,7.447500000000001,-0.8090000000000002,3.3310000000000004,San Francisco 49ers,4.140000000000001,Different,Same,Same,Same,Different,Same,False,Home Team,Home Team,44.0,-205.0,170.0,San Francisco 49ers,Cincinnati Bengals,-4.0,4.0,-122,101,-346,268,-0.8325,0.8325,-7.447500000000001,7.447500000000001,0.3704,0.6721,0.4975,0.5495,0.2717,0.7758,0.3553,0.6447,0.4752,0.5248,0.2594,0.7406,0.3553,0.6447,-0.1447,0.1447,74.0,10.0,55,10.0,74.0,0.0,nfl_read_py Fallback,False,J.Browning,M.Jones,-10.51,-11.0,13.92,193.86,Med-High,-20.0,-2.0,49.71,49.0,13.475811792270331,33.0,68.0,0.779,0.2206,0.0638,0.0724,0.6892,0.2878,0.6262,0.3414,8,2023-10-29,Cincinnati Bengals @ San Francisco 49ers,0.6723,0.3276,-205,205,,,,,,,,No Bet,,No Bet,,No Bet,,No Bet,,No Bet,,No Bet,,No Bet,,No Bet,,No Bet,,,,,,,,,,,,,,,0.3017,0.2253,0.3038,0.3297,0.675,0.6843,0.325,0.3157,0.0776,-0.0925,0.3026,0.1701,0.5133,0.1406,8,-0.00191,0.2567666666666667,San Francisco 49ers,Cincinnati Bengals,0,1,1,0,1,0,0,0,1,1,1,0,0,2.5,5.0,,,1094.9894785089236,0.1037776775285176,0.9833033076693768,0.0054517932617532,0.004146049556002,3.3211857974140058,0.0224049478384355,1.830335526324176,0.0406542917856442,0.0030330755341471,0.0016715553548665,2.0461336184659026e-05,3.712756385659913e-05,0.0017086829187231,0.0630592396240798,5.151521323738181,,,1386.0,30.0,0.3553,0.6447,0.4112,0.5885,0.2542,0.7444,San Francisco 49ers,San Francisco 49ers,San Francisco 49ers,San Francisco 49ers,San Francisco 49ers,Same,Same,Same,False,False,0.0047046308890137,5.758890004125816e-05,0.0054517932617532,0.004146049556002,0.0047046308890137,5.758890004125816e-05,0.0076549392442516,0.0084825596284776,0.955430860502329,0.5276376005502854,1.1545050227712894,1.0489408720603601,1.1075753596451252,0.388747848276128,1.3568576359578233,0.38590246875395434,1.1375780905153912,0.555847257877785
2023_08_CHI_LAC,2023,8,2023-10-29,20:20,Chicago Bears,Los Angeles Chargers,Home,Tyson Bagent,Justin Herbert,00-0038416,00-0036355,7,7,0,0,3,0,SoFi Stadium,33.9535,-118.3395,America/Los_Angeles,False,False,8,8,Sunday,False,False,0,False,False,0,3,0,NFC North,Soldier Field,41.8623,-87.6167,America/Chicago,AFC West,SoFi Stadium,33.9535,-118.3395,America/Los_Angeles,Las Vegas Raiders,Kansas City Chiefs,Soldier Field,GEHA Field at Arrowhead Stadium,New Orleans Saints,New York Jets,Caesars Superdome,MetLife Stadium,1750,0,-1750,1750,2.0,0.0,America/Chicago,America/Chicago,2.0,2.0,2.0,0.0,2.0,0,-1.575,0.935,-1.575,0.935,Los Angeles Chargers,2.51,Los Angeles Chargers,2.51,-1.575,0.935,Los Angeles Chargers,2.51,-0.15,0,No,No,No,No,No,0,No,0.0,0.0,-7.898,0.306,-2.2475,1.189,-2.2475,1.189,-0.6725,0.254,-8.5705,0.56,Los Angeles Chargers,3.4365,Los Angeles Chargers,3.4365,-2.2475,1.189,Los Angeles Chargers,3.4365,Tie,0.0,Los Angeles Chargers,8.203999999999999,-3.949,0.153,Los Angeles Chargers,4.101999999999999,Los Angeles Chargers,0.9265,Los Angeles Chargers,9.1305,-4.621499999999999,0.407,Los Angeles Chargers,5.028499999999999,Different,Same,Same,Same,Different,Same,False,Home Team,Home Team,46.0,-440.0,340.0,Los Angeles Chargers,Chicago Bears,-9.5,9.5,-122,101,-416,314,-0.9265,0.9265,-9.1305,9.1305,0.2273,0.8148,0.4975,0.5495,0.2415,0.8062,0.2181,0.7819,0.4752,0.5248,0.2305,0.7695,0.2181,0.7819,-0.2819,0.2819,,,56,0.0,70.0,0.0,Dome,True,C.Williams,J.Herbert,-2.19,-3.0,13.53,183.16,Med-High,-11.0,7.0,51.53,51.0,13.607333084140055,34.0,69.0,0.5678,0.4318,0.094,0.083,0.3034,0.6966,0.6334,0.3374,8,2023-10-29,Chicago Bears @ Los Angeles Chargers,0.661,0.3389,-195,195,,,,,,,,No Bet,,No Bet,,No Bet,,No Bet,,No Bet,,No Bet,,No Bet,,No Bet,,No Bet,,,,,,,,,,,,,,,0.31,0.3356,0.2621,0.2273,0.7035,0.7105,0.2965,0.2895,-0.2056,-0.2506,0.0804,-0.1097,0.193,-0.0577,8,-0.061611111111111,-0.0173399999999999,Los Angeles Chargers,Chicago Bears,0,1,1,0,1,0,0,1,1,1,1,1,0,1.5,2.0,,,1094.9894785089236,0.8777013420769388,0.9991632283973576,0.2684131078759051,0.0042103936028904,310.7032836336751,0.0169193682865584,86.66630791725864,0.0606568274335627,0.2837500174492708,0.0791480736739813,1.545162635681028e-05,5.539489522416304e-05,0.0792034685692054,0.0775761957201211,397.36959155093376,,,1386.0,30.0,0.2181,0.7819,0.338,0.6619,0.4214,0.5782,Los Angeles Chargers,Los Angeles Chargers,Los Angeles Chargers,Los Angeles Chargers,Los Angeles Chargers,Same,Same,Same,False,False,0.3628980911232521,7.084652158097331e-05,0.2684131078759051,0.0042103936028904,0.3628980911232521,7.084652158097331e-05,0.1945351002484537,0.0085738160976509,1.0339566142523764,0.44911184680023886,0.8381755387024215,1.3652703561292203,1.0200046359460246,0.47631857197523086,0.7848289824572455,0.9579311222545303,0.925267271068395,0.7681580773247829
2023_08_LV_DET,2023,8,2023-10-30,20:15,Las Vegas Raiders,Detroit Lions,Home,Jimmy Garoppolo,Jared Goff,00-0031345,00-0033106,8,8,0,0,-2,-1,Ford Field,42.3395,-83.045,America/Detroit,False,True,8,8,Monday,False,False,0,False,False,0,-2,-1,AFC West,Allegiant Stadium,36.108,-115.1578,America/Los_Angeles,NFC North,Ford Field,42.3395,-83.045,America/Detroit,Chicago Bears,Baltimore Ravens,Soldier Field,M&T Bank Stadium,New York Giants,Los Angeles Chargers,Allegiant Stadium,SoFi Stadium,1759,0,-1759,1759,-3.0,0.0,America/Chicago,America/New_York,-1.0,0.0,-3.0,0.0,-3.0,0,-2.35,4.305,-2.35,4.305,Detroit Lions,6.654999999999999,Detroit Lions,6.654999999999999,-2.35,4.305,Detroit Lions,6.654999999999999,-0.4499999999999999,0,No,No,No,No,No,0,No,0.0,0.0,-2.18,3.996,-3.3915,4.0475,-3.3915,4.0475,-1.0415,-0.2575,-3.2215000000000003,3.7385,Detroit Lions,7.439,Detroit Lions,7.439,-3.3915,4.0475,Detroit Lions,7.439,Tie,0.0,Detroit Lions,6.176,-1.09,1.998,Detroit Lions,3.088,Detroit Lions,0.7839999999999998,Detroit Lions,6.960000000000001,-2.1315,1.7405000000000002,Detroit Lions,3.872,Different,Same,Same,Same,Different,Same,False,Home Team,Home Team,46.0,-340.0,270.0,Detroit Lions,Las Vegas Raiders,-7.0,7.0,-122,101,-319,249,-0.7839999999999998,0.7839999999999998,-6.960000000000001,6.960000000000001,0.2703,0.7727,0.4975,0.5495,0.2865,0.7613,0.2591,0.7409,0.4752,0.5248,0.2734,0.7266,0.2591,0.7409,-0.2409,0.2409,,,57,0.0,70.0,0.0,Dome,True,G.Smith,J.Goff,-3.18,-4.0,13.31,177.04,Medium,-13.0,7.0,54.86,54.0,14.348546418256566,37.0,74.0,0.5942,0.4046,0.0964,0.0908,0.3748,0.574,0.7166,0.2594,8,2023-10-30,Las Vegas Raiders @ Detroit Lions,0.6466,0.3531,-183,183,,,,,,,,No Bet,,No Bet,,No Bet,,No Bet,,No Bet,,No Bet,,No Bet,,No Bet,,No Bet,,,,,,,,,,,,,,,0.282,0.349,0.3201,0.2784,0.6287,0.6944,0.3713,0.3056,-0.1944,-0.0675,0.2815,0.1187,0.1703,-0.0025,8,-0.1102777777777777,0.1217222222222222,Detroit Lions,Las Vegas Raiders,0,1,1,0,0,1,0,0,1,1,0,1,0,1.0,3.5,,,1094.9894785089236,0.5162109097373797,0.9733074121471352,0.0706455545936872,0.0042870078253223,69.5447619427689,0.0055675265328216,24.32048565173629,0.0159204184028081,0.0635118083851087,0.0222107025949273,5.084547972463744e-06,1.453933459204318e-05,0.0222252419295193,0.0214879449356297,93.8652475945052,,,1386.0,30.0,0.2591,0.7409,0.3372,0.6625,0.3642,0.6344,Detroit Lions,Detroit Lions,Detroit Lions,Detroit Lions,Detroit Lions,Same,Same,Same,False,False,0.085722510980036,1.9623882564506925e-05,0.0706455545936872,0.0042870078253223,0.085722510980036,1.9623882564506925e-05,0.0587518573177027,0.0087234865221507,1.0673201296733876,0.4157483313792304,1.062982604444692,1.1404632903869565,1.0541213252591852,0.4422018826620682,0.9812246018279026,0.7615355028838695,1.0454594391388725,0.6479659092543093
2023_09_TEN_PIT,2023,9,2023-11-02,20:15,Tennessee Titans,Pittsburgh Steelers,Home,Will Levis,Kenny Pickett,00-0039152,00-0038102,4,4,0,0,9,3,Acrisure Stadium,40.4468,-80.0158,America/New_York,False,False,9,9,Thursday,False,False,0,False,False,0,9,3,AFC South,Nissan Stadium,36.1664,-86.7716,America/Chicago,AFC North,Acrisure Stadium,40.4468,-80.0158,America/New_York,Atlanta Falcons,Jacksonville Jaguars,Nissan Stadium,Acrisure Stadium,Tampa Bay Buccaneers,Green Bay Packers,Raymond James Stadium,Acrisure Stadium,470,0,-470,470,-1.0,0.0,America/Chicago,America/New_York,-1.0,0.0,-1.0,0.0,-1.0,0,-4.36,-0.565,-4.36,-0.565,Pittsburgh Steelers,3.795,Pittsburgh Steelers,3.795,-4.36,-0.565,Pittsburgh Steelers,3.795,0.0,0,No,No,No,No,No,0,No,0.0,0.0,-1.274,-2.272,-5.639,-0.2464999999999999,-5.639,-0.2464999999999999,-1.279,0.3185,-2.553,-1.9535,Pittsburgh Steelers,5.3925,Pittsburgh Steelers,5.3925,-5.639,-0.2464999999999999,Pittsburgh Steelers,5.3925,Tie,0.0,Tennessee Titans,0.9979999999999998,-0.637,-1.136,Tennessee Titans,0.4989999999999999,Pittsburgh Steelers,1.5975,Pittsburgh Steelers,0.5995000000000001,-1.916,-0.8174999999999999,Pittsburgh Steelers,1.0985,Different,Different,Same,Same,Different,Different,True,Home Team,Home Team,37.0,-175.0,145.0,Pittsburgh Steelers,Tennessee Titans,-3.5,3.5,-128,105,-116,-104,-1.5975,1.5975,-0.5995000000000001,0.5995000000000001,0.4082,0.6364,0.4878,0.5614,0.5098,0.537,0.3908,0.6092,0.4649,0.5351,0.487,0.513,0.3908,0.6092,-0.1092,0.1092,40.0,5.0,58,5.0,40.0,0.0,nfl_read_py Fallback,False,C.Ward,A.Rodgers,-11.89,-12.0,12.94,167.52,Med-Low,-20.0,-4.0,45.83,45.0,12.975163028306127,29.0,63.0,0.8306,0.1684,0.061,0.0628,0.7576,0.2424,0.722,0.2526,9,2023-11-02,Tennessee Titans @ Pittsburgh Steelers,0.622,0.3778,-165,165,,,,,,,,No Bet,,No Bet,,No Bet,,No Bet,,No Bet,,No Bet,,No Bet,,No Bet,,No Bet,,,,,,,,,,,,,,,0.331,0.3803,0.2918,0.3131,0.7084,0.6891,0.2916,0.3109,-0.0535,-0.291,-0.0011,0.0833,0.1434,-0.0327,9,-0.0943333333333333,0.0341666666666666,Pittsburgh Steelers,Tennessee Titans,0,0,1,1,0,0,1,1,1,1,1,1,0,1.5,3.0,,,830.716371850934,0.9987592164726324,0.988521637984951,0.0581062665469831,0.0046789155187786,13.261293094187328,0.0328293532147234,8.507080336848995,0.0511761565465955,0.0159636833262833,0.0102406556860005,3.9519328530357255e-05,6.160484887587933e-05,0.0103022605348764,0.084005509761319,21.76837343103632,,,1238.0,148.0,0.3908,0.6092,0.3906,0.6092,0.1882,0.811,Pittsburgh Steelers,Pittsburgh Steelers,Pittsburgh Steelers,Pittsburgh Steelers,Pittsburgh Steelers,Same,Same,Same,False,False,0.0262043390122838,0.0001011241774062,0.0581062665469831,0.0046789155187786,0.0262043390122838,0.0001011241774062,0.0760555111672672,0.0096649425014022,0.8877242316348982,0.6275553281353825,1.1850784399647047,1.2397659174386237,0.8869903967877527,0.9625116675104906,1.9690846103716853,0.4871717356117876,1.1819980036209117,0.8353689601346705
2023_09_MIA_KC,2023,9,2023-11-05,09:30,Miami Dolphins,Kansas City Chiefs,Neutral,Tua Tagovailoa,Patrick Mahomes,00-0036212,00-0033873,7,7,0,0,1,7,GEHA Field at Arrowhead Stadium,39.0489,-94.4839,America/Chicago,False,False,9,9,Sunday,False,False,0,False,False,0,1,7,AFC East,Hard Rock Stadium,25.9602,-80.2384,America/New_York,AFC West,GEHA Field at Arrowhead Stadium,39.0489,-94.4839,America/Chicago,New England Patriots,Denver Broncos,Hard Rock Stadium,Empower Field at Mile High,Las Vegas Raiders,Philadelphia Eagles,Hard Rock Stadium,GEHA Field at Arrowhead Stadium,1224,0,-1224,1224,1.0,0.0,America/New_York,America/Denver,1.0,-1.0,1.0,0.0,1.0,0,0.66,4.395,0.66,4.395,Kansas City Chiefs,3.735,Kansas City Chiefs,3.735,0.66,4.395,Kansas City Chiefs,3.735,0.0,0,No,No,No,No,No,0,No,0.0,0.0,0.176,8.791,-1.2025,4.9735,-1.2025,4.9735,-1.8625,0.5785,-1.6865,9.3695,Kansas City Chiefs,6.176,Kansas City Chiefs,6.176,-1.2025,4.9735,Kansas City Chiefs,6.176,Tie,0.0,Kansas City Chiefs,8.615,0.088,4.3955,Kansas City Chiefs,4.3075,Kansas City Chiefs,2.441,Kansas City Chiefs,11.056,-1.7745000000000002,4.974,Kansas City Chiefs,6.7485,Different,Same,Same,Same,Different,Same,False,Home Team,Home Team,51.0,-115.0,-105.0,Kansas City Chiefs,Miami Dolphins,-1.0,1.0,-142,117,-567,406,-2.441,2.441,-11.056,11.056,0.5122,0.5349,0.4608,0.5868,0.1976,0.8501,0.4892,0.5108,0.4399,0.5601,0.1886,0.8114,0.4892,0.5108,-0.0108,0.0108,,,59,10.0,60.0,0.0,Historical Avg,False,T.Tagovailoa,P.Mahomes,-4.61,-5.0,13.81,190.76,Med-High,-14.0,5.0,57.75,57.0,14.060082600914864,40.0,76.0,0.6342,0.3654,0.0864,0.078,0.6136,0.3658,0.655,0.3192,9,2023-11-05,Miami Dolphins @ Kansas City Chiefs,0.6291,0.3708,-170,170,,,,,,,,No Bet,,No Bet,,No Bet,,No Bet,,No Bet,,No Bet,,No Bet,,No Bet,,No Bet,,,,,,,,,,,,,,,0.2746,0.2785,0.2641,0.3369,0.6482,0.7627,0.3518,0.2373,-0.0051,-0.0255,0.2564,0.1938,0.3131,0.2394,9,0.17565,0.1675124999999999,Kansas City Chiefs,Miami Dolphins,1,1,0,0,1,0,0,0,1,1,1,0,0,4.5,4.5,,,830.716371850934,0.149182942634622,0.190717186814197,0.0015923580138095,0.0024733176424073,0.1009765643510697,0.1012801289941155,0.0967066078319172,0.1057520234877232,0.0001215535985237,0.0001164135090012,0.0001219190236596,0.0001273022021368,0.000243715711138,0.2070321524818387,0.197683172182987,,,1238.0,148.0,0.4892,0.5108,0.3829,0.6171,0.372,0.628,Kansas City Chiefs,Kansas City Chiefs,Kansas City Chiefs,Kansas City Chiefs,Kansas City Chiefs,Same,Same,Same,False,False,0.0002379671075249,0.0002492212257964,0.0015923580138095,0.0024733176424073,0.0002379671075249,0.0002492212257964,0.0048227727334934,0.0061740234478021,0.7746073175502957,0.740672242219993,1.3600408909489157,1.0648034664544208,1.501325633152034,0.3481764311462114,1.5594321314303818,0.8968242145530927,1.2702905637256487,0.7470764000299382
2023_09_MIN_ATL,2023,9,2023-11-05,13:00,Minnesota Vikings,Atlanta Falcons,Home,Jaren Hall,Taylor Heinicke,00-0038598,00-0031800,7,7,0,0,-1,-10,Mercedes-Benz Stadium,33.7489,-84.388,America/New_York,False,True,9,9,Sunday,False,False,0,False,False,0,-1,-10,NFC North,U.S. Bank Stadium,44.9738,-93.2575,America/Chicago,NFC South,Mercedes-Benz Stadium,33.7489,-84.388,America/New_York,Green Bay Packers,Tennessee Titans,Lambeau Field,Nissan Stadium,New Orleans Saints,Arizona Cardinals,U.S. Bank Stadium,State Farm Stadium,907,0,-907,907,-1.0,0.0,America/Chicago,America/Chicago,-1.0,-1.0,-1.0,0.0,-1.0,0,0.27,-0.71,0.27,-0.71,Minnesota Vikings,0.98,Minnesota Vikings,0.98,0.27,-0.71,Minnesota Vikings,0.98,0.0,0,No,No,No,No,No,0,No,0.0,0.0,-3.191,-4.138,0.7040000000000001,1.215,0.7040000000000001,1.215,0.434,1.925,-2.757,-2.213,Atlanta Falcons,0.5109999999999998,Atlanta Falcons,0.5109999999999998,0.7040000000000001,1.215,Atlanta Falcons,0.5109999999999998,Tie,0.0,Minnesota Vikings,0.947,-1.5955,-2.069,Minnesota Vikings,0.4735,Atlanta Falcons,1.4909999999999997,Atlanta Falcons,0.5439999999999996,-1.1614999999999998,-0.1440000000000001,Atlanta Falcons,1.0174999999999996,Different,Different,Same,Same,Different,Different,False,Home Team,Home Team,38.5,-192.0,160.0,Atlanta Falcons,Minnesota Vikings,-3.5,3.5,-128,105,-116,-104,-1.4909999999999997,1.4909999999999997,-0.5439999999999996,0.5439999999999996,0.3846,0.6575,0.4878,0.5614,0.5098,0.537,0.3691,0.6309,0.4649,0.5351,0.487,0.513,0.3691,0.6309,-0.1309,0.1309,,,60,0.0,70.0,0.0,Dome,True,C.Wentz,M.Penix,-0.64,-1.0,13.6,184.88,Med-High,-10.0,9.0,47.39,47.0,13.19459669851289,31.0,64.0,0.512,0.4874,0.0938,0.0876,0.4268,0.5732,0.7478,0.2522,9,2023-11-05,Minnesota Vikings @ Atlanta Falcons,0.5478,0.4521,-121,121,,,,,,,,No Bet,,No Bet,,No Bet,,No Bet,,No Bet,,No Bet,,No Bet,,No Bet,,No Bet,,,,,,,,,,,,,,,0.3051,0.3769,0.2615,0.2705,0.735,0.6727,0.265,0.3273,-0.2105,-0.0262,-0.0171,0.1532,0.0235,0.1804,9,-0.0357,0.00485,Atlanta Falcons,Minnesota Vikings,0,0,1,0,0,1,1,0,1,0,1,1,0,2.5,2.5,,,830.716371850934,0.9608207411157528,0.8990887351048242,0.054804577885971,0.0025140599912431,25.42292542645096,0.0196675056334226,14.873358337142257,0.0336175272395728,0.0306036166950769,0.0179042557016213,2.367535575301241e-05,4.046811689129106e-05,0.0179447238185126,0.0532850328729954,40.296283763593216,,,1238.0,148.0,0.3691,0.6309,0.4601,0.5396,0.5194,0.4794,Atlanta Falcons,Minnesota Vikings,Atlanta Falcons,Atlanta Falcons,Atlanta Falcons,Same,Different,Same,False,False,0.0485078723966982,6.414347264430347e-05,0.054804577885971,0.0025140599912431,0.0485078723966982,6.414347264430347e-05,0.0573148367865001,0.0063501087510436,0.9219234038196725,0.5933561559506151,1.1873376119018506,1.2375067455014819,0.8882452433349699,0.9612568209632741,1.153017161536983,1.303239184446487,1.0323708660727233,0.9849960976828622
2023_09_SEA_BAL,2023,9,2023-11-05,13:00,Seattle Seahawks,Baltimore Ravens,Home,Geno Smith,Lamar Jackson,00-0030565,00-0034796,7,7,0,0,1,0,M&T Bank Stadium,39.2789,-76.6228,America/New_York,False,False,9,9,Sunday,False,False,0,False,False,0,1,0,NFC West,Lumen Field,47.5952,-122.3316,America/Los_Angeles,AFC North,M&T Bank Stadium,39.2789,-76.6228,America/New_York,Cleveland Browns,Arizona Cardinals,Lumen Field,State Farm Stadium,Washington Commanders,Cleveland Browns,Lumen Field,M&T Bank Stadium,2327,0,-2327,2327,-3.0,0.0,America/Los_Angeles,America/Denver,-3.0,-2.0,-3.0,0.0,-3.0,0,-0.13,6.69,-0.13,6.69,Baltimore Ravens,6.82,Baltimore Ravens,6.82,-0.13,6.69,Baltimore Ravens,6.82,-0.4499999999999999,0,No,No,No,No,No,0,No,0.0,0.0,1.265,5.928,0.3800000000000001,5.479,0.3800000000000001,5.479,0.5100000000000001,-1.211,1.775,4.717,Baltimore Ravens,5.099,Baltimore Ravens,5.099,0.3800000000000001,5.479,Baltimore Ravens,5.099,Tie,0.0,Baltimore Ravens,4.663,0.6325,2.964,Baltimore Ravens,2.3315,Seattle Seahawks,1.721,Baltimore Ravens,2.942,1.1425,1.7529999999999997,Baltimore Ravens,0.6104999999999996,Different,Same,Different,Same,Different,Same,False,Away Team,Home Team,44.5,-270.0,220.0,Baltimore Ravens,Seattle Seahawks,-6.0,6.0,105,-128,-164,135,1.721,-1.721,-2.942,2.942,0.3125,0.7297,0.5614,0.4878,0.4255,0.6212,0.2998,0.7002,0.5351,0.4649,0.4065,0.5935,0.2998,0.7002,-0.2002,0.2002,70.0,6.0,61,6.0,70.0,0.0,nfl_read_py Fallback,False,S.Darnold,C.Rush,-6.57,-7.0,13.84,191.54,Med-High,-16.25,3.0,47.46,47.0,13.12992722896085,31.0,65.0,0.6876,0.3114,0.0758,0.0684,0.5396,0.4304,0.5654,0.4346,9,2023-11-05,Seattle Seahawks @ Baltimore Ravens,0.6116,0.3882,-157,158,,,,,,,,No Bet,,No Bet,,No Bet,,No Bet,,No Bet,,No Bet,,No Bet,,No Bet,,No Bet,,,,,,,,,,,,,,,0.2564,0.3131,0.2524,0.2943,0.6686,0.7122,0.3314,0.2878,-0.4181,-0.0073,0.0998,0.1594,-0.1485,-0.0144,9,-0.0666555555555555,0.080375,Baltimore Ravens,Seattle Seahawks,0,1,1,0,1,0,0,0,1,1,1,0,0,2.0,3.5,,,830.716371850934,0.2840069538368591,0.3002155740723319,0.0311615219805961,0.0015792223653143,14.569079069603385,0.0231746653756667,6.23794616547714,0.0541257528220208,0.0175379703148762,0.0075091166815194,2.7897205545655577e-05,6.51555147533957e-05,0.0075742721962728,0.0773004181976876,20.807025235080523,,,1238.0,148.0,0.2998,0.7002,0.3309,0.6689,0.2056,0.7936,Baltimore Ravens,Baltimore Ravens,Baltimore Ravens,Baltimore Ravens,Baltimore Ravens,Same,Same,Same,False,False,0.0250470869963956,9.305272029905128e-05,0.0311615219805961,0.0015792223653143,0.0250470869963956,9.305272029905128e-05,0.0352242057382372,0.0048912150928048,1.043549370463606,0.47173018930668276,1.0650208158537955,1.3598235415495366,1.0633529207656778,0.7861491435325666,1.6346649913044982,0.8215913546789738,1.1932695201954078,0.8240974435601777
2023_09_ARI_CLE,2023,9,2023-11-05,13:00,Arizona Cardinals,Cleveland Browns,Home,Clayton Tune,Deshaun Watson,00-0038582,00-0033537,7,7,0,0,-3,6,FirstEnergy Stadium,41.5061,-81.6994,America/New_York,False,False,9,9,Sunday,False,False,0,False,False,0,-3,6,NFC West,State Farm Stadium,33.5277,-112.262608,America/Denver,AFC North,FirstEnergy Stadium,41.5061,-81.6994,America/New_York,Baltimore Ravens,Seattle Seahawks,State Farm Stadium,Lumen Field,Atlanta Falcons,Baltimore Ravens,State Farm Stadium,M&T Bank Stadium,1751,0,-1751,1751,-2.0,0.0,America/Denver,America/Los_Angeles,-2.0,-3.0,-2.0,0.0,-2.0,0,0.075,-4.705,0.075,-4.705,Arizona Cardinals,4.78,Arizona Cardinals,4.78,0.075,-4.705,Arizona Cardinals,4.78,-0.3,0,No,No,No,No,No,0,No,0.0,0.0,-3.672,2.134,-1.1795,-3.1050000000000004,-1.1795,-3.1050000000000004,-1.2545,1.6,-4.9265,3.734,Arizona Cardinals,1.9255000000000004,Arizona Cardinals,1.9255000000000004,-1.1795,-3.1050000000000004,Arizona Cardinals,1.9255000000000004,Tie,0.0,Cleveland Browns,5.806,-1.836,1.067,Cleveland Browns,2.903,Cleveland Browns,2.8545,Cleveland Browns,8.660499999999999,-3.0905,2.667,Cleveland Browns,5.7575,Different,Different,Different,Different,Different,Same,False,Home Team,Home Team,38.0,-750.0,525.0,Cleveland Browns,Arizona Cardinals,-13.0,13.0,-164,135,-397,302,-2.8545,2.8545,-8.660499999999999,8.660499999999999,0.16,0.8824,0.4255,0.6212,0.2488,0.7988,0.1535,0.8465,0.4065,0.5935,0.2375,0.7625,0.1535,0.8465,-0.3465,0.3465,56.0,7.0,62,7.0,56.0,0.0,nfl_read_py Fallback,False,K.Murray,D.Gabriel,-0.9,-2.0,14.56,211.9,High,-11.0,10.0,49.74,49.0,13.2542598858263,33.0,67.0,0.5212,0.4782,0.081,0.078,0.205,0.772,0.7994,0.1864,9,2023-11-05,Arizona Cardinals @ Cleveland Browns,0.6809,0.3189,-213,214,,,,,,,,No Bet,,No Bet,,No Bet,,No Bet,,No Bet,,No Bet,,No Bet,,No Bet,,No Bet,,,,,,,,,,,,,,,0.3351,0.23,0.2977,0.2958,0.6472,0.7598,0.3528,0.2402,-0.3694,-0.3077,0.0053,0.0094,-0.0343,-0.0726,9,-0.1804,-0.0078888888888888,Cleveland Browns,Arizona Cardinals,0,1,1,0,0,1,1,0,1,1,1,1,0,0.5,2.5,,,830.716371850934,0.9422022880031984,0.999759923847394,0.3396624580190795,0.0030798954453226,307.7916189534754,0.0093726787120821,55.81336504354218,0.0516871174578339,0.370513486170592,0.0671870290929543,1.1282645954357049e-05,6.2219933552855e-05,0.0672492490265072,0.061059796169916,363.6049839970176,,,1238.0,148.0,0.1535,0.8465,0.3429,0.657,0.5156,0.4838,Cleveland Browns,Arizona Cardinals,Cleveland Browns,Cleveland Browns,Cleveland Browns,Same,Different,Same,False,False,0.4377005152635463,7.350257950721205e-05,0.3396624580190795,0.0030798954453226,0.4377005152635463,7.350257950721205e-05,0.2582678367680121,0.0072167055080612,1.122827946432223,0.392451613338066,0.9219909675709829,1.5028533898323464,1.1025131411442175,0.7469889231540259,0.7966263111926161,1.6596300347908557,0.9957920073604251,1.021574956395161
2023_09_LA_GB,2023,9,2023-11-05,13:00,Los Angeles Rams,Green Bay Packers,Home,Brett Rypien,Jordan Love,00-0034955,00-0036264,7,7,0,0,-14,8,Lambeau Field,44.5013,-88.0622,America/Chicago,False,True,9,9,Sunday,False,False,0,False,False,0,-14,8,NFC West,SoFi Stadium,33.9535,-118.3395,America/Los_Angeles,NFC North,Lambeau Field,44.5013,-88.0622,America/Chicago,Dallas Cowboys,Minnesota Vikings,AT&T Stadium,Lambeau Field,Seattle Seahawks,Pittsburgh Steelers,SoFi Stadium,Acrisure Stadium,1762,0,-1762,1762,-2.0,0.0,America/Chicago,America/Chicago,0.0,0.0,0.0,0.0,0.0,0,1.29,3.535,1.29,3.535,Green Bay Packers,2.245,Green Bay Packers,2.245,1.29,3.535,Green Bay Packers,2.245,0.0,0,No,No,No,No,No,0,No,0.0,0.0,1.559,-4.219,0.9055,3.617,0.9055,3.617,-0.3845,0.082,1.1745,-4.1370000000000005,Green Bay Packers,2.7115,Green Bay Packers,2.7115,0.9055,3.617,Green Bay Packers,2.7115,Tie,0.0,Los Angeles Rams,5.7780000000000005,0.7795,-2.1095,Los Angeles Rams,2.889,Green Bay Packers,0.4665000000000001,Los Angeles Rams,5.3115000000000006,0.3949999999999999,-2.0275000000000003,Los Angeles Rams,2.4225000000000003,Different,Different,Same,Different,Different,Same,False,Home Team,Away Team,38.0,-198.0,160.0,Green Bay Packers,Los Angeles Rams,-3.5,3.5,-116,-104,195,-244,-0.4665000000000001,0.4665000000000001,5.3115000000000006,-5.3115000000000006,0.3846,0.6644,0.5098,0.537,0.7093,0.339,0.3666,0.6334,0.487,0.513,0.6766,0.3234,0.3666,0.6334,-0.1334,0.1334,51.0,8.0,63,8.0,51.0,0.0,nfl_read_py Fallback,False,M.Stafford,J.Love,5.02,6.0,13.48,181.68,Med-High,-5.0,14.0,50.12,50.0,13.614118649597597,33.0,68.0,0.351,0.6478,0.0836,0.0798,0.2798,0.7202,0.811,0.18,9,2023-11-05,Los Angeles Rams @ Green Bay Packers,0.4552,0.5445,120,-120,,,,,,,,No Bet,,No Bet,,No Bet,,No Bet,,No Bet,,No Bet,,No Bet,,No Bet,,No Bet,,,,,,,,,,,,,,,0.1986,0.3454,0.3282,0.2532,0.6162,0.6951,0.3838,0.3049,-0.2632,-0.112,0.1438,0.0504,-0.0551,0.1155,9,0.0520625,-0.0119555555555555,Green Bay Packers,Los Angeles Rams,1,0,0,1,1,1,0,0,1,1,1,1,0,3.0,2.5,,,830.716371850934,0.9918251577430836,0.8381541054230639,0.0569172733311574,0.0023415123086967,35.363999696814545,0.0412920114587096,20.468017506871195,0.0713430443479179,0.0425704860228279,0.024638996172985,4.970650977626238e-05,8.588135104278395e-05,0.0247248775240278,0.1126350558066275,55.83201720368574,,,1238.0,148.0,0.3666,0.6334,0.4502,0.5495,0.6548,0.3442,Green Bay Packers,Los Angeles Rams,Green Bay Packers,Los Angeles Rams,Los Angeles Rams,Same,Same,Different,False,False,0.067209482195813,0.000135587860819,0.0569172733311574,0.0023415123086967,0.067209482195813,0.000135587860819,0.0491258045135689,0.0060403725521394,0.9242833979940761,0.5909961617762124,1.1299983818100225,1.2948459755933093,0.5465452122448002,1.3029568520534462,0.7691082090357062,1.6871481369477663,0.8451940616549929,1.1721729021005918
2023_09_TB_HOU,2023,9,2023-11-05,13:00,Tampa Bay Buccaneers,Houston Texans,Home,Baker Mayfield,C.J. Stroud,00-0034855,00-0039163,10,7,3,-3,6,-3,NRG Stadium,29.6847,-95.4093,America/Chicago,False,True,9,9,Sunday,False,False,0,False,False,0,6,-3,NFC South,Raymond James Stadium,27.9759,-82.5033,America/New_York,AFC South,NRG Stadium,29.6847,-95.4093,America/Chicago,Buffalo Bills,Carolina Panthers,Highmark Stadium,Bank of America Stadium,Tennessee Titans,Cincinnati Bengals,Raymond James Stadium,Paycor Stadium,789,0,-789,789,1.0,0.0,America/New_York,America/New_York,1.0,1.0,1.0,0.0,1.0,0,1.025,0.035,1.025,0.035,Tampa Bay Buccaneers,0.99,Tampa Bay Buccaneers,0.99,1.025,0.035,Tampa Bay Buccaneers,0.99,0.0,0,No,No,No,No,No,0,No,0.0,0.0,-1.97,-6.153,3.069,-1.9755,3.069,-1.9755,2.044,-2.0105,0.074,-8.163499999999999,Tampa Bay Buccaneers,5.044499999999999,Tampa Bay Buccaneers,5.044499999999999,3.069,-1.9755,Tampa Bay Buccaneers,5.044499999999999,Tie,0.0,Tampa Bay Buccaneers,4.183,-0.985,-3.0765,Tampa Bay Buccaneers,2.0915,Tampa Bay Buccaneers,4.0545,Tampa Bay Buccaneers,8.237499999999999,1.0590000000000002,-5.087,Tampa Bay Buccaneers,6.146,Different,Same,Same,Same,Different,Same,False,Away Team,Away Team,39.5,-148.0,124.0,Houston Texans,Tampa Bay Buccaneers,-2.5,2.5,171,-211,282,-366,4.0545,-4.0545,8.237499999999999,-8.237499999999999,0.4464,0.5968,0.6785,0.369,0.7854,0.2618,0.4279,0.5721,0.6477,0.3523,0.75,0.25,0.4279,0.5721,-0.0721,0.0721,,,64,0.0,70.0,0.0,Dome,True,B.Mayfield,C.Stroud,-5.37,-6.0,12.45,155.08,Low,-14.0,4.0,50.61,50.0,13.594232394323637,34.0,68.0,0.6698,0.3298,0.0944,0.0886,0.6288,0.3712,0.7874,0.2126,9,2023-11-05,Tampa Bay Buccaneers @ Houston Texans,0.461,0.5389,117,-117,,,,,,,,No Bet,,No Bet,,No Bet,,No Bet,,No Bet,,No Bet,,No Bet,,No Bet,,No Bet,,,,,,,,,,,,,,,0.3754,0.2225,0.3534,0.2694,0.6751,0.7481,0.3249,0.2519,-0.2948,-0.3344,-0.0323,0.1123,-0.0025,0.0317,9,-0.0244555555555555,0.0229444444444444,Houston Texans,Tampa Bay Buccaneers,0,1,1,0,0,0,1,1,1,1,1,1,0,2.5,3.0,,,830.716371850934,0.994377379336032,0.9512495288502244,0.0244018423959261,0.0032948293674598,3.7299908774811295,0.0476416156111181,2.789832365799992,0.0636965839942059,0.004490089522577,0.0033583452310972,5.7350038142341e-05,7.667669273482891e-05,0.003435021923832,0.1113381996053241,6.51982324328112,,,1238.0,148.0,0.4279,0.5721,0.5282,0.4714,0.3674,0.6312,Houston Texans,Houston Texans,Tampa Bay Buccaneers,Houston Texans,Tampa Bay Buccaneers,Same,Same,Same,False,False,0.0078484347536743,0.0001340267308771,0.0244018423959261,0.0032948293674598,0.0078484347536743,0.0001340267308771,0.0353293103026397,0.0075110171062858,0.8526710389496509,0.6626085208206378,0.8140473173417695,1.6107970400615599,0.44441597416310247,1.4050860901351443,1.6058573020841356,0.8503990438993378,0.900623600208216,1.1167433635473671
2023_09_WAS_NE,2023,9,2023-11-05,13:00,Washington Commanders,New England Patriots,Home,Sam Howell,Mac Jones,00-0037077,00-0036972,7,7,0,0,4,1,Gillette Stadium,42.0628,-71.2687,America/New_York,False,False,9,9,Sunday,False,False,0,False,False,0,4,1,NFC East,FedExField,38.9077,-76.8645,America/New_York,AFC East,Gillette Stadium,42.0628,-71.2687,America/New_York,Philadelphia Eagles,Miami Dolphins,FedExField,Hard Rock Stadium,Seattle Seahawks,Indianapolis Colts,Lumen Field,Gillette Stadium,366,0,-366,366,0.0,0.0,America/New_York,America/New_York,0.0,0.0,0.0,0.0,0.0,0,1.45,-1.995,1.45,-1.995,Washington Commanders,3.4450000000000003,Washington Commanders,3.4450000000000003,1.45,-1.995,Washington Commanders,3.4450000000000003,0.0,0,No,No,No,No,No,0,No,0.0,0.0,-1.022,-1.213,2.4845,-1.49,2.4845,-1.49,1.0345,0.505,0.0124999999999999,-0.708,Washington Commanders,3.9745,Washington Commanders,3.9745,2.4845,-1.49,Washington Commanders,3.9745,Tie,0.0,Washington Commanders,0.191,-0.511,-0.6065,Washington Commanders,0.0955,Washington Commanders,0.5295,Washington Commanders,0.7204999999999999,0.5235,-0.1014999999999999,Washington Commanders,0.625,Different,Same,Same,Same,Different,Same,False,Away Team,Away Team,40.5,-155.0,130.0,New England Patriots,Washington Commanders,-2.5,2.5,-104,-116,-104,-116,0.5295,-0.5295,0.7204999999999999,-0.7204999999999999,0.4348,0.6078,0.537,0.5098,0.537,0.5098,0.417,0.583,0.513,0.487,0.513,0.487,0.417,0.583,-0.083,0.083,62.0,6.0,65,6.0,62.0,0.0,nfl_read_py Fallback,False,J.Daniels,D.Maye,-3.4,-4.0,12.95,167.65,Med-Low,-13.0,6.0,41.03,40.0,12.5148299306718,26.0,57.0,0.6004,0.398,0.0922,0.0926,0.5642,0.4358,0.499,0.501,9,2023-11-05,Washington Commanders @ New England Patriots,0.5394,0.4603,-117,117,,,,,,,,No Bet,,No Bet,,No Bet,,No Bet,,No Bet,,No Bet,,No Bet,,No Bet,,No Bet,,,,,,,,,,,,,,,0.2277,0.3401,0.2962,0.3095,0.637,0.6796,0.363,0.3204,-0.2427,-0.4457,0.0422,0.043,-0.0555,-0.0692,9,-0.20315,-0.1354874999999999,New England Patriots,Washington Commanders,1,0,0,0,0,0,1,1,1,0,1,1,0,0.5,1.0,,,830.716371850934,0.9799332964120206,0.4332825599509837,0.0356805362934819,0.0017238151158072,11.883967873021447,0.1299447286320558,8.500196574699734,0.1816733256414594,0.0143056863638579,0.0102323691487628,0.0001564249038965,0.0002186947697162,0.0104510639184791,0.3116180542735153,20.384164447721183,,,1238.0,148.0,0.417,0.583,0.4601,0.5393,0.4118,0.586,New England Patriots,New England Patriots,New England Patriots,New England Patriots,New England Patriots,Same,Same,Same,False,False,0.0245380555126208,0.0003751196736127,0.0356805362934819,0.0017238151158072,0.0245380555126208,0.0003751196736127,0.0425025276785085,0.004941492141729,0.8606161593256474,0.6546634004446409,1.1089849021702924,1.3158594552330383,0.8610933365686868,0.9884087277295573,1.4068180342578116,1.049438311725662,1.0404509614214783,0.976916002334107
2023_09_CHI_NO,2023,9,2023-11-05,13:00,Chicago Bears,New Orleans Saints,Home,Tyson Bagent,Derek Carr,00-0038416,00-0031280,7,7,0,0,3,3,Caesars Superdome,29.9507,-90.0813,America/Chicago,False,True,9,9,Sunday,False,False,0,False,False,0,3,3,NFC North,Soldier Field,41.8623,-87.6167,America/Chicago,NFC South,Caesars Superdome,29.9507,-90.0813,America/Chicago,Los Angeles Chargers,Indianapolis Colts,SoFi Stadium,Lucas Oil Stadium,Carolina Panthers,Minnesota Vikings,Soldier Field,U.S. Bank Stadium,834,0,-834,834,0.0,0.0,America/Los_Angeles,America/Indiana/Indianapolis,-2.0,1.0,0.0,0.0,0.0,0,-1.575,-6.145,-1.575,-6.145,Chicago Bears,4.569999999999999,Chicago Bears,4.569999999999999,-1.575,-6.145,Chicago Bears,4.569999999999999,0.0,0,No,No,No,No,No,0,No,0.0,0.0,-7.898,-1.274,-2.2475,-6.557,-2.2475,-6.557,-0.6725,-0.412,-8.5705,-1.6860000000000002,Chicago Bears,4.3095,Chicago Bears,4.3095,-2.2475,-6.557,Chicago Bears,4.3095,Tie,0.0,New Orleans Saints,6.624,-3.949,-0.637,New Orleans Saints,3.312,New Orleans Saints,0.2604999999999999,New Orleans Saints,6.884499999999999,-4.621499999999999,-1.0490000000000002,New Orleans Saints,3.572499999999999,Different,Different,Different,Different,Different,Same,False,Home Team,Home Team,42.0,-440.0,340.0,New Orleans Saints,Chicago Bears,-9.0,9.0,-116,-104,-319,249,-0.2604999999999999,0.2604999999999999,-6.884499999999999,6.884499999999999,0.2273,0.8148,0.5098,0.537,0.2865,0.7613,0.2181,0.7819,0.487,0.513,0.2734,0.7266,0.2181,0.7819,-0.2819,0.2819,,,66,0.0,70.0,0.0,Dome,True,C.Williams,S.Rattler,1.75,3.0,14.17,200.68,High,-8.25,12.0,47.65,47.0,13.322243821372105,31.0,65.0,0.457,0.5428,0.0776,0.0868,0.23,0.75,0.6376,0.3388,9,2023-11-05,Chicago Bears @ New Orleans Saints,0.6196,0.3803,-163,163,,,,,,,,No Bet,,No Bet,,No Bet,,No Bet,,No Bet,,No Bet,,No Bet,,No Bet,,No Bet,,,,,,,,,,,,,,,0.2581,0.3356,0.2661,0.2273,0.6793,0.7105,0.3207,0.2895,-0.057,-0.2506,0.0533,-0.1097,0.1277,-0.0577,9,-0.0340749999999999,0.0293,New Orleans Saints,Chicago Bears,0,0,1,0,1,0,0,1,1,0,1,1,0,2.5,3.0,,,830.716371850934,0.9564716812533736,0.9991428611951936,0.2502354925450404,0.0029654511034882,199.75246686986023,0.0123774095247884,55.71813917932794,0.0443736657837326,0.2404580836956279,0.0670723980739435,1.4899681701481488e-05,5.341614453181282e-05,0.0671258142184753,0.0567510753085211,255.4706060491881,,,1238.0,148.0,0.2181,0.7819,0.3687,0.6314,0.5508,0.4492,New Orleans Saints,Chicago Bears,New Orleans Saints,Chicago Bears,New Orleans Saints,Same,Same,Same,False,False,0.3075304817695714,6.83158262332943e-05,0.2502354925450404,0.0029654511034882,0.3075304817695714,6.83158262332943e-05,0.2000709623553725,0.0070434459347671,1.0494405187981817,0.4658390409721067,0.8507346657657077,1.5741096916376265,1.1016519343254314,0.7478501299728102,0.7568586489147435,1.6993976970687295,0.9549438025024808,1.0624231612531054
2023_09_IND_CAR,2023,9,2023-11-05,16:05,Indianapolis Colts,Carolina Panthers,Home,Gardner Minshew,Bryce Young,00-0035289,00-0039150,7,7,0,0,-2,-4,Bank of America Stadium,35.2258,-80.8528,America/New_York,False,False,9,9,Sunday,False,False,0,False,False,0,-2,-4,AFC South,Lucas Oil Stadium,39.7601,-86.1638,America/Indiana/Indianapolis,NFC South,Bank of America Stadium,35.2258,-80.8528,America/New_York,New Orleans Saints,Houston Texans,Lucas Oil Stadium,Bank of America Stadium,New England Patriots,Chicago Bears,Gillette Stadium,Soldier Field,427,0,-427,427,0.0,0.0,America/Indiana/Indianapolis,America/New_York,0.0,0.0,0.0,0.0,0.0,0,-2.265,-5.25,-2.265,-5.25,Indianapolis Colts,2.985,Indianapolis Colts,2.985,-2.265,-5.25,Indianapolis Colts,2.985,0.0,0,No,No,No,No,No,0,No,0.0,0.0,-2.838,-6.873,0.5974999999999997,-4.284000000000001,0.5974999999999997,-4.284000000000001,2.8625,0.966,0.0244999999999997,-5.907,Indianapolis Colts,4.881500000000001,Indianapolis Colts,4.881500000000001,0.5974999999999997,-4.284000000000001,Indianapolis Colts,4.881500000000001,Tie,0.0,Indianapolis Colts,4.035,-1.419,-3.4365,Indianapolis Colts,2.0175,Indianapolis Colts,1.8965,Indianapolis Colts,5.9315,1.4434999999999998,-2.4705,Indianapolis Colts,3.914,Different,Same,Same,Same,Different,Same,False,Away Team,Away Team,45.0,110.0,-130.0,Indianapolis Colts,Carolina Panthers,1.5,-1.5,108,-131,208,-261,1.8965,-1.8965,5.9315,-5.9315,0.5652,0.4762,0.5671,0.4808,0.723,0.3247,0.5427,0.4573,0.5412,0.4588,0.6901,0.3099,0.5427,0.4573,0.0427,-0.0427,75.0,2.0,67,2.0,75.0,0.0,nfl_read_py Fallback,False,D.Jones,B.Young,6.99,8.0,12.72,161.69,Med-Low,-3.0,16.0,39.22,39.0,11.811300238443884,25.0,55.0,0.291,0.7086,0.0856,0.079,0.309,0.691,0.2842,0.6902,9,2023-11-05,Indianapolis Colts @ Carolina Panthers,0.3792,0.6206,164,-164,,,,,,,,No Bet,,No Bet,,No Bet,,No Bet,,No Bet,,No Bet,,No Bet,,No Bet,,No Bet,,,,,,,,,,,,,,,0.2885,0.33,0.2763,0.2661,0.6647,0.6202,0.3333,0.3781,-0.4301,-0.2658,-0.0051,-0.1245,-0.0377,0.0655,9,0.010175,-0.1562333333333333,Indianapolis Colts,Carolina Panthers,0,0,0,1,0,0,1,1,0,1,1,1,0,3.0,1.0,,,830.716371850934,0.9998584697361492,0.9949082971741388,0.0103376612988077,0.0132854500349864,0.2036277975954499,2.6300292871911566,0.2416549437022757,2.2161643505297888,0.0002451231304635,0.0002908994596601,0.0031659774338275,0.0026677749778686,0.0029586744375288,4.846193637720945,0.4452827412977256,,,1238.0,148.0,0.5427,0.4573,0.5159,0.484,0.7098,0.2896,Indianapolis Colts,Indianapolis Colts,Indianapolis Colts,Indianapolis Colts,Indianapolis Colts,Same,Same,Same,False,False,0.0005360225901237,0.0058337524116962,0.0103376612988077,0.0132854500349864,0.0005360225901237,0.0058337524116962,0.0181226203337993,0.0194246937459519,0.6949409455974829,0.8203386141728063,1.118888032565831,1.3059563248375023,0.576173239374265,1.2733288249239785,0.7197859221261458,1.736470423857328,0.7689340418091103,1.248432921946473
2023_09_NYG_LV,2023,9,2023-11-05,16:25,New York Giants,Las Vegas Raiders,Home,Daniel Jones,Aidan O'Connell,00-0035710,00-0038579,7,6,1,-1,-4,-3,Allegiant Stadium,36.108,-115.1578,America/Los_Angeles,False,False,9,9,Sunday,False,False,0,False,False,0,-4,-3,NFC East,MetLife Stadium,40.8136,-74.0744,America/New_York,AFC West,Allegiant Stadium,36.108,-115.1578,America/Los_Angeles,New York Jets,Detroit Lions,MetLife Stadium,Ford Field,Dallas Cowboys,New York Jets,AT&T Stadium,Allegiant Stadium,2224,0,-2224,2224,3.0,0.0,America/New_York,America/Detroit,3.0,3.0,3.0,0.0,3.0,0,-2.84,-2.35,-2.84,-2.35,Las Vegas Raiders,0.4899999999999997,Las Vegas Raiders,0.4899999999999997,-2.84,-2.35,Las Vegas Raiders,0.4899999999999997,-0.2249999999999999,0,No,No,No,No,No,0,Yes,0.0,0.0,-2.869,-2.18,-2.4835,-2.3335,-2.4835,-2.3335,0.3565,0.0165,-2.5125,-2.1635,Las Vegas Raiders,0.1499999999999999,Las Vegas Raiders,0.1499999999999999,-2.4835,-2.3335,Las Vegas Raiders,0.1499999999999999,Tie,0.0,Las Vegas Raiders,0.6890000000000001,-1.4345,-1.09,Las Vegas Raiders,0.3445,New York Giants,0.3399999999999999,Las Vegas Raiders,0.3490000000000002,-1.078,-1.0735,Las Vegas Raiders,0.0045000000000001,Different,Same,Different,Same,Different,Same,False,Away Team,Home Team,38.5,-118.0,-102.0,Las Vegas Raiders,New York Giants,-1.0,1.0,-104,-116,-116,-104,0.3399999999999999,-0.3399999999999999,-0.3490000000000002,0.3490000000000002,0.505,0.5413,0.537,0.5098,0.5098,0.537,0.4826,0.5174,0.513,0.487,0.487,0.513,0.4826,0.5174,-0.0174,0.0174,,,68,0.0,70.0,0.0,Dome,True,J.Dart,G.Smith,-5.81,-7.0,13.29,176.52,Medium,-15.0,4.0,43.48,43.0,12.76789907891576,27.0,61.0,0.676,0.323,0.0832,0.0772,0.659,0.324,0.6334,0.3666,9,2023-11-05,New York Giants @ Las Vegas Raiders,0.5484,0.4514,-121,122,,,,,,,,No Bet,,No Bet,,No Bet,,No Bet,,No Bet,,No Bet,,No Bet,,No Bet,,No Bet,,,,,,,,,,,,,,,0.349,0.3907,0.2784,0.3678,0.6944,0.6773,0.3056,0.3227,-0.0675,-0.2367,0.1187,0.0478,-0.0025,0.0089,9,-0.247075,-0.1262375,Las Vegas Raiders,New York Giants,0,0,1,1,0,0,0,0,1,1,0,0,0,0.0,1.5,,,830.716371850934,0.9733007100683974,0.8218119884879027,0.0114653792217543,0.0068020405343095,1.5515704378177777,0.3513898613379021,1.447212781775917,0.3767283759971624,0.0018677499209034,0.0017421262308233,0.0004229961912932,0.00045349819597,0.0021956244267933,0.7281182373350645,2.9987832195936943,,,1238.0,148.0,0.4826,0.5174,0.4228,0.577,0.434,0.5656,Las Vegas Raiders,Las Vegas Raiders,Las Vegas Raiders,Las Vegas Raiders,Las Vegas Raiders,Same,Same,Same,False,False,0.0036098761517267,0.0008764943872632,0.0114653792217543,0.0068020405343095,0.0036098761517267,0.0008764943872632,0.0179798622830789,0.0124635199950688,0.7808174885168627,0.7344620712534252,1.1707839077638185,1.2540604496395145,0.9432525330710054,0.9062495312272381,1.6519922590771166,0.804264086906359,1.0997612186036732,0.9176057451519124
2023_09_DAL_PHI,2023,9,2023-11-05,16:25,Dallas Cowboys,Philadelphia Eagles,Home,Dak Prescott,Jalen Hurts,00-0033077,00-0036389,7,7,0,0,0,2,Lincoln Financial Field,39.9008,-75.1675,America/New_York,False,False,9,9,Sunday,False,False,0,False,False,0,0,2,NFC East,AT&T Stadium,32.7369,-97.0826,America/Chicago,NFC East,Lincoln Financial Field,39.9008,-75.1675,America/New_York,Los Angeles Rams,Washington Commanders,AT&T Stadium,FedExField,New York Giants,Kansas City Chiefs,AT&T Stadium,GEHA Field at Arrowhead Stadium,1311,0,-1311,1311,-1.0,0.0,America/Chicago,America/New_York,-1.0,0.0,-1.0,0.0,-1.0,0,-0.615,4.905,-0.615,4.905,Philadelphia Eagles,5.5200000000000005,Philadelphia Eagles,5.5200000000000005,-0.615,4.905,Philadelphia Eagles,5.5200000000000005,0.0,0,No,No,No,No,No,1,No,0.0,0.0,5.882,8.409,-1.76925,5.1152500000000005,-1.76925,5.1152500000000005,-1.20945,0.2654499999999999,4.69782,8.649180000000001,Philadelphia Eagles,6.884500000000001,Philadelphia Eagles,6.884500000000001,-1.76925,5.1152500000000005,Philadelphia Eagles,6.884500000000001,Tie,0.0,Philadelphia Eagles,2.527000000000001,2.941,4.2045,Philadelphia Eagles,1.2635000000000003,Philadelphia Eagles,1.4749,Philadelphia Eagles,3.951360000000001,1.744185,4.457315,Philadelphia Eagles,2.7131300000000005,Different,Same,Same,Same,Different,Same,False,Home Team,Home Team,46.5,-175.0,145.0,Philadelphia Eagles,Dallas Cowboys,-3.5,3.5,-128,105,-211,171,-1.4749,1.4749,-3.951360000000001,3.951360000000001,0.4082,0.6364,0.4878,0.5614,0.369,0.6785,0.3908,0.6092,0.4649,0.5351,0.3523,0.6477,0.3908,0.6092,-0.1092,0.1092,64.0,6.0,69,6.0,64.0,0.0,nfl_read_py Fallback,False,D.Prescott,J.Hurts,-2.54,-3.0,14.11,199.0,High,-12.0,7.0,56.55,56.0,13.830061861113148,39.0,75.0,0.5764,0.4232,0.0876,0.0728,0.4976,0.5024,0.7574,0.2426,9,2023-11-05,Dallas Cowboys @ Philadelphia Eagles,0.5921,0.4078,-145,145,,,,,,,,No Bet,,No Bet,,No Bet,,No Bet,,No Bet,,No Bet,,No Bet,,No Bet,,No Bet,,,,,,,,,,,,,,,0.2719,0.2949,0.3298,0.3968,0.6484,0.6958,0.3516,0.3042,-0.1157,-0.1879,0.1135,0.1492,0.3028,0.1819,9,0.2187111111111111,0.1093124999999999,Philadelphia Eagles,Dallas Cowboys,1,0,0,1,0,0,1,0,1,1,1,0,1,5.0,4.0,,,830.716371850934,0.6764734074173478,0.7383436949412681,0.0339619937769219,0.0024015602950236,9.521811811659257,0.0782770842942343,6.108214143132694,0.1220225172775014,0.0114621694411096,0.0073529478292607,9.422841170184692e-05,0.0001468883019671,0.0074998361312279,0.2002996015717358,15.63002595479195,,,1238.0,148.0,0.3908,0.6092,0.4355,0.5645,0.436,0.5638,Philadelphia Eagles,Philadelphia Eagles,Philadelphia Eagles,Philadelphia Eagles,Philadelphia Eagles,Same,Same,Same,False,False,0.0188151172703704,0.000241116713669,0.0339619937769219,0.0024015602950236,0.0188151172703704,0.000241116713669,0.0433557753110624,0.0060683584084223,0.9022817603730439,0.6129977993972445,1.2297669716066604,1.1950773857966706,1.1627606847738987,0.6867413795243448,1.3520007329124846,1.104255613070987,1.150714867014732,0.8666520967408543
2023_09_BUF_CIN,2023,9,2023-11-05,20:20,Buffalo Bills,Cincinnati Bengals,Home,Josh Allen,Joe Burrow,00-0034857,00-0036442,10,7,3,-3,2,-2,Paycor Stadium,39.0955,-84.5165,America/New_York,False,False,9,9,Sunday,False,False,0,False,False,0,2,-2,AFC East,Highmark Stadium,42.7725,-78.7877,America/New_York,AFC North,Paycor Stadium,39.0955,-84.5165,America/New_York,Tampa Bay Buccaneers,San Francisco 49ers,Highmark Stadium,Levi's Stadium,Denver Broncos,Houston Texans,Highmark Stadium,Paycor Stadium,392,0,-392,392,0.0,0.0,America/New_York,America/Los_Angeles,0.0,-3.0,0.0,0.0,0.0,0,4.795,1.31,4.795,1.31,Buffalo Bills,3.485,Buffalo Bills,3.485,4.795,1.31,Buffalo Bills,3.485,0.0,0,No,No,No,No,No,0,No,0.0,0.0,8.815,1.891,4.366,3.3895,4.366,3.3895,-0.429,2.0795000000000003,8.386,3.9705,Buffalo Bills,0.9764999999999996,Buffalo Bills,0.9764999999999996,4.366,3.3895,Buffalo Bills,0.9764999999999996,Tie,0.0,Buffalo Bills,6.924,4.4075,0.9455,Buffalo Bills,3.462,Cincinnati Bengals,2.5085000000000006,Buffalo Bills,4.4155,3.9785,3.0250000000000004,Buffalo Bills,0.9534999999999992,Different,Same,Different,Same,Different,Same,False,Home Team,Away Team,51.0,-125.0,105.0,Cincinnati Bengals,Buffalo Bills,-1.5,1.5,-142,117,181,-224,-2.5085000000000006,2.5085000000000006,4.4155,-4.4155,0.4878,0.5556,0.4608,0.5868,0.6914,0.3559,0.4675,0.5325,0.4399,0.5601,0.6602,0.3398,0.4675,0.5325,-0.0325,0.0325,51.0,5.0,70,5.0,51.0,0.0,nfl_read_py Fallback,False,J.Allen,J.Browning,6.56,7.0,14.4,207.32,High,-4.0,17.0,49.69,50.0,13.4291928143105,33.0,67.0,0.322,0.677,0.0812,0.079,0.3054,0.6946,0.4324,0.5348,9,2023-11-05,Buffalo Bills @ Cincinnati Bengals,0.4386,0.5612,128,-128,,,,,,,,No Bet,,No Bet,,No Bet,,No Bet,,No Bet,,No Bet,,No Bet,,No Bet,,No Bet,,,,,,,,,,,,,,,0.2253,0.2914,0.3297,0.3112,0.6843,0.6401,0.3157,0.3599,-0.0925,0.1574,0.1701,0.2138,0.1406,0.1883,9,0.1626375,-0.0057333333333333,Cincinnati Bengals,Buffalo Bills,1,0,0,1,1,1,0,0,1,1,1,1,0,4.5,2.5,,,830.716371850934,0.983276337034636,0.0556627338263713,0.0125671736498957,0.000969806095733,1.348867342503843,0.0875594751430595,1.1842168687709798,0.0997335198153566,0.001623739928826,0.001425536932819,0.0001054023709054,0.0001200572460046,0.0015455941788236,0.1872929949584161,2.533084211274822,,,1238.0,148.0,0.4675,0.5325,0.4783,0.5216,0.4834,0.516,Cincinnati Bengals,Cincinnati Bengals,Cincinnati Bengals,Buffalo Bills,Buffalo Bills,Same,Different,Different,False,False,0.0030492768616451,0.00022545961691,0.0125671736498957,0.000969806095733,0.0030492768616451,0.00022545961691,0.0200215605150135,0.0038706655022309,0.7989742768729351,0.7163052828973553,1.333198625748732,1.091645731654596,0.6162999204282404,1.2332021438700043,0.7705541946182837,1.685702151365194,0.868743139065261,1.1486238246903306
2023_09_LAC_NYJ,2023,9,2023-11-06,20:15,Los Angeles Chargers,New York Jets,Home,Justin Herbert,Zach Wilson,00-0036355,00-0037013,8,8,0,0,0,6,MetLife Stadium,40.8136,-74.0744,America/New_York,False,False,9,9,Monday,False,False,0,False,False,0,0,6,AFC West,SoFi Stadium,33.9535,-118.3395,America/Los_Angeles,AFC East,MetLife Stadium,40.8136,-74.0744,America/New_York,Chicago Bears,New York Giants,SoFi Stadium,MetLife Stadium,Detroit Lions,Las Vegas Raiders,SoFi Stadium,Allegiant Stadium,2448,0,-2448,2448,-3.0,0.0,America/Los_Angeles,America/New_York,-3.0,0.0,-3.0,0.0,-3.0,0,0.935,-3.725,0.935,-3.725,Los Angeles Chargers,4.66,Los Angeles Chargers,4.66,0.935,-3.725,Los Angeles Chargers,4.66,-0.4499999999999999,0,No,No,No,No,No,0,No,0.0,0.0,0.306,-1.783,0.0060000000000001,-2.853,0.0060000000000001,-2.853,-0.929,0.872,-0.623,-0.911,Los Angeles Chargers,2.859,Los Angeles Chargers,2.859,0.0060000000000001,-2.853,Los Angeles Chargers,2.859,Tie,0.0,Los Angeles Chargers,2.089,0.153,-0.8915,Los Angeles Chargers,1.0445,New York Jets,1.801,Los Angeles Chargers,0.2879999999999999,-0.776,-0.0194999999999999,New York Jets,0.7565000000000001,Different,Same,Different,Same,Different,Same,False,Home Team,Away Team,41.0,142.0,-170.0,Los Angeles Chargers,New York Jets,3.0,-3.0,-131,108,-104,-116,-1.801,1.801,0.2879999999999999,-0.2879999999999999,0.6296,0.4132,0.4808,0.5671,0.537,0.5098,0.6038,0.3962,0.4588,0.5412,0.513,0.487,0.6038,0.3962,0.1038,-0.1038,48.0,4.0,71,4.0,48.0,0.0,nfl_read_py Fallback,False,J.Herbert,J.Fields,-2.13,-3.0,13.08,171.13,Medium,-11.0,7.0,44.07,43.0,12.699263147793236,29.0,61.0,0.5632,0.4354,0.0964,0.0884,0.5978,0.3538,0.5616,0.412,9,2023-11-06,Los Angeles Chargers @ New York Jets,0.4969,0.5028,101,-101,,,,,,,,No Bet,,No Bet,,No Bet,,No Bet,,No Bet,,No Bet,,No Bet,,No Bet,,No Bet,,,,,,,,,,,,,,,0.3369,0.31,0.3184,0.2621,0.6142,0.7035,0.3858,0.2965,-0.3847,-0.2056,-0.0835,0.0804,-0.0426,0.193,9,-0.0307999999999999,-0.1273666666666666,Los Angeles Chargers,New York Jets,1,0,0,1,0,1,1,0,1,1,1,1,0,2.5,1.5,,,830.716371850934,0.988322677770854,0.5036828513357591,0.0035826518040192,0.0274129374179833,0.0276240364078164,10.3380117917245,0.042098417927914,6.783571169064668,3.325327072375716e-05,5.067724599445879e-05,0.0124446948947089,0.0081659293098438,0.0082166065558382,17.12158296078917,0.0697224543357305,,,1238.0,148.0,0.6038,0.3962,0.5015,0.4981,0.4302,0.568,Los Angeles Chargers,New York Jets,Los Angeles Chargers,New York Jets,Los Angeles Chargers,Same,Same,Same,False,False,8.393051671821595e-05,0.0206106242045528,0.0035826518040192,0.0274129374179833,8.393051671821595e-05,0.0206106242045528,0.0079854016946374,0.0321604511310984,0.6161098099362413,0.8991697498340493,1.362689498842269,1.062154858561053,0.9288710843817347,0.9206309799165074,1.4304978582899264,1.025758487693549,1.0360028063790674,0.9813641573765184
2023_10_CAR_CHI,2023,10,2023-11-09,20:15,Carolina Panthers,Chicago Bears,Home,Bryce Young,Tyson Bagent,00-0039150,00-0038416,4,4,0,0,-4,3,Soldier Field,41.8623,-87.6167,America/Chicago,False,False,10,10,Thursday,False,False,0,False,False,0,-4,3,NFC South,Bank of America Stadium,35.2258,-80.8528,America/New_York,NFC North,Soldier Field,41.8623,-87.6167,America/Chicago,Indianapolis Colts,New Orleans Saints,Bank of America Stadium,Caesars Superdome,Dallas Cowboys,Detroit Lions,Bank of America Stadium,Ford Field,586,0,-586,586,1.0,0.0,America/New_York,America/Chicago,1.0,0.0,1.0,0.0,1.0,0,-5.25,-1.575,-5.25,-1.575,Chicago Bears,3.675,Chicago Bears,3.675,-5.25,-1.575,Chicago Bears,3.675,0.0,0,No,No,No,No,No,0,No,0.0,0.0,-6.873,-7.898,-6.541,-0.6024999999999998,-6.541,-0.6024999999999998,-1.291,0.9725,-8.164,-6.9255,Chicago Bears,5.9385,Chicago Bears,5.9385,-6.541,-0.6024999999999998,Chicago Bears,5.9385,Tie,0.0,Carolina Panthers,1.0249999999999997,-3.4365,-3.949,Carolina Panthers,0.5124999999999997,Chicago Bears,2.2635,Chicago Bears,1.2385000000000002,-4.7275,-2.9765,Chicago Bears,1.7510000000000003,Different,Different,Same,Same,Different,Different,True,Home Team,Home Team,38.0,-180.0,150.0,Chicago Bears,Carolina Panthers,-3.0,3.0,-142,117,-122,101,-2.2635,2.2635,-1.2385000000000002,1.2385000000000002,0.4,0.6429,0.4608,0.5868,0.4975,0.5495,0.3836,0.6164,0.4399,0.5601,0.4752,0.5248,0.3836,0.6164,-0.1164,0.1164,51.0,8.0,72,8.0,51.0,0.0,nfl_read_py Fallback,False,B.Young,C.Williams,-5.64,-7.0,13.34,178.02,Medium,-15.0,4.0,42.69,43.0,12.610085479930826,26.0,59.0,0.659,0.3402,0.0848,0.0806,0.5864,0.3702,0.622,0.3618,10,2023-11-09,Carolina Panthers @ Chicago Bears,0.5901,0.4097,-144,144,,,,,,,,No Bet,,No Bet,,No Bet,,No Bet,,No Bet,,No Bet,,No Bet,,No Bet,,No Bet,,,,,,,,,,,,,,,0.3356,0.2885,0.2273,0.2763,0.7105,0.6647,0.2895,0.3333,-0.2506,-0.4301,-0.1097,-0.0051,-0.0577,-0.0377,10,-0.1612125,-0.0555714285714285,Chicago Bears,Carolina Panthers,0,0,1,1,0,1,1,0,1,1,1,1,0,0.5,1.5,,,638.4326674480773,0.9991234740144368,0.9995395202086924,0.0758588907037764,0.0059785739171137,43.97004746936528,0.0339617703065243,27.36357918437464,0.0545725631307133,0.0688718634106255,0.0428605561393834,5.319553969923767e-05,8.547896420909828e-05,0.0429460351035925,0.0885343334372377,71.3336266537399,,,1219.0,19.0,0.3836,0.6164,0.4276,0.5722,0.3602,0.6392,Chicago Bears,Chicago Bears,Chicago Bears,Chicago Bears,Chicago Bears,Same,Same,Same,False,False,0.1117324195500089,0.0001386745039083,0.0758588907037764,0.0059785739171137,0.1117324195500089,0.0001386745039083,0.0505812523883585,0.0120132394608376,0.8650941016477712,0.6009758924077857,1.1660810686113416,1.1077444490785815,0.8106301001418015,0.8333440959007034,1.1000576795115034,0.6562913589731728,0.9758255888181956,0.7805528081419666
2023_10_IND_NE,2023,10,2023-11-12,09:30,Indianapolis Colts,New England Patriots,Neutral,Gardner Minshew,Mac Jones,00-0035289,00-0036972,7,7,0,0,-2,1,Gillette Stadium,42.0628,-71.2687,America/New_York,False,True,10,10,Sunday,False,False,0,False,False,0,-2,1,AFC South,Lucas Oil Stadium,39.7601,-86.1638,America/Indiana/Indianapolis,AFC East,Gillette Stadium,42.0628,-71.2687,America/New_York,Carolina Panthers,Washington Commanders,Bank of America Stadium,Gillette Stadium,Tampa Bay Buccaneers,New York Giants,Lucas Oil Stadium,MetLife Stadium,792,0,-792,792,0.0,0.0,America/New_York,America/New_York,0.0,0.0,0.0,0.0,0.0,0,-2.265,-1.995,-2.265,-1.995,New England Patriots,0.27,New England Patriots,0.27,-2.265,-1.995,New England Patriots,0.27,0.0,0,No,No,No,No,No,0,No,0.0,0.0,-2.838,-1.213,0.5974999999999997,-1.49,0.5974999999999997,-1.49,2.8625,0.505,0.0244999999999997,-0.708,Indianapolis Colts,2.0874999999999995,Indianapolis Colts,2.0874999999999995,0.5974999999999997,-1.49,Indianapolis Colts,2.0874999999999995,Tie,0.0,New England Patriots,1.625,-1.419,-0.6065,New England Patriots,0.8125,Indianapolis Colts,2.3575,Indianapolis Colts,0.7324999999999997,1.4434999999999998,-0.1014999999999999,Indianapolis Colts,1.5449999999999997,Different,Different,Same,Same,Different,Different,False,Away Team,Away Team,42.0,-102.0,-118.0,Indianapolis Colts,New England Patriots,1.0,-1.0,117,-142,-104,-116,2.3575,-2.3575,0.7324999999999997,-0.7324999999999997,0.5413,0.505,0.5868,0.4608,0.537,0.5098,0.5174,0.4826,0.5601,0.4399,0.513,0.487,0.5174,0.4826,0.0174,-0.0174,,,73,12.0,45.0,0.0,Historical Avg,False,D.Jones,D.Maye,3.91,5.0,13.46,181.18,Med-High,-6.0,13.0,41.62,41.0,12.84620239538505,26.0,58.0,0.3788,0.62,0.089,0.0786,0.38,0.6032,0.4646,0.515,10,2023-11-12,Indianapolis Colts @ New England Patriots,0.4471,0.5526,124,-124,,,,,,,,No Bet,,No Bet,,No Bet,,No Bet,,No Bet,,No Bet,,No Bet,,No Bet,,No Bet,,,,,,,,,,,,,,,0.2277,0.33,0.2962,0.2661,0.637,0.6202,0.363,0.3781,-0.2427,-0.2658,0.0422,-0.1245,-0.0555,0.0655,10,0.0091428571428571,-0.1523571428571428,Indianapolis Colts,New England Patriots,0,0,0,0,0,0,1,1,0,0,1,1,0,2.5,0.5,,,638.4326674480773,0.9613190110238314,0.990788787911394,0.0152104343414762,0.0175780135517971,0.1450556616088001,0.5446568019584174,0.1555155394040472,0.5080235265271208,0.0002272058887409,0.0002435895707305,0.0008531154963224,0.0007957354822674,0.001039325052998,1.0526803284855382,0.3005712010128473,,,1219.0,19.0,0.5174,0.4826,0.5069,0.493,0.6372,0.3624,Indianapolis Colts,Indianapolis Colts,Indianapolis Colts,Indianapolis Colts,Indianapolis Colts,Same,Same,Same,False,False,0.0004707954594715,0.0016488509785899,0.0152104343414762,0.0175780135517971,0.0004707954594715,0.0016488509785899,0.0259282005002264,0.0288279117305482,0.7088789918041485,0.7571910022514083,1.003911546159063,1.2699139715308627,0.802393472956113,0.8415807230863896,0.6672681750974139,1.0890808633872586,0.7873484497622425,0.9690299471979179
2023_10_CLE_BAL,2023,10,2023-11-12,13:00,Cleveland Browns,Baltimore Ravens,Home,Deshaun Watson,Lamar Jackson,00-0033537,00-0034796,7,7,0,0,6,0,M&T Bank Stadium,39.2789,-76.6228,America/New_York,False,False,10,10,Sunday,False,False,0,False,False,0,6,0,AFC North,FirstEnergy Stadium,41.5061,-81.6994,America/New_York,AFC North,M&T Bank Stadium,39.2789,-76.6228,America/New_York,Arizona Cardinals,Seattle Seahawks,FirstEnergy Stadium,M&T Bank Stadium,Pittsburgh Steelers,Cincinnati Bengals,FirstEnergy Stadium,M&T Bank Stadium,308,0,-308,308,0.0,0.0,America/New_York,America/New_York,0.0,0.0,0.0,0.0,0.0,0,-4.705,6.69,-4.705,6.69,Baltimore Ravens,11.395,Baltimore Ravens,11.395,-4.705,6.69,Baltimore Ravens,11.395,0.0,0,No,No,No,No,No,1,No,0.0,0.0,2.134,5.928,-5.59316,5.36716,-5.59316,5.36716,-1.00211,-1.20889,1.16983,4.68117,Baltimore Ravens,10.96032,Baltimore Ravens,10.96032,-5.59316,5.36716,Baltimore Ravens,10.96032,Tie,0.0,Baltimore Ravens,3.794,1.067,2.964,Baltimore Ravens,1.897,Cleveland Browns,0.2067799999999999,Baltimore Ravens,3.51134,0.08386,1.7361399999999998,Baltimore Ravens,1.6522799999999995,Different,Same,Different,Same,Different,Same,False,Away Team,Home Team,38.5,-258.0,210.0,Baltimore Ravens,Cleveland Browns,-6.0,6.0,-110,-110,-191,156,0.2067799999999999,-0.2067799999999999,-3.51134,3.51134,0.3226,0.7207,0.5238,0.5238,0.3906,0.6564,0.3092,0.6908,0.5,0.5,0.3731,0.6269,0.3092,0.6908,-0.1908,0.1908,49.0,4.0,74,4.0,49.0,0.0,nfl_read_py Fallback,False,D.Gabriel,C.Rush,-6.47,-8.0,15.14,229.25,High,-17.0,5.0,48.3,48.0,13.1191531920355,32.0,65.0,0.6662,0.3336,0.0606,0.0644,0.5434,0.4292,0.7714,0.2286,10,2023-11-12,Cleveland Browns @ Baltimore Ravens,0.621,0.379,-164,164,,,,,,,,No Bet,,No Bet,,No Bet,,No Bet,,No Bet,,No Bet,,No Bet,,No Bet,,No Bet,,,,,,,,,,,,,,,0.2564,0.3351,0.2524,0.2977,0.6686,0.6472,0.3314,0.3528,-0.4181,-0.3694,0.0998,0.0053,-0.1485,-0.0343,10,0.0149749999999999,0.0646,Baltimore Ravens,Cleveland Browns,1,1,0,0,1,0,0,0,1,1,1,0,1,2.5,3.0,,,638.4326674480773,0.2611868824143887,0.4600972287746813,0.0413932049243024,0.0036602906216357,15.569240010166558,0.0134682194540644,6.968744949541835,0.0300900582110857,0.0243866593988672,0.0109153953186591,2.1095755497442188e-05,4.713113809066321e-05,0.0109625264567498,0.0435582776651502,22.5379849597084,,,1219.0,19.0,0.3092,0.6908,0.358,0.6418,0.2078,0.7916,Baltimore Ravens,Baltimore Ravens,Baltimore Ravens,Baltimore Ravens,Baltimore Ravens,Same,Same,Same,False,False,0.0353020547175264,6.82268935881054e-05,0.0413932049243024,0.0036602906216357,0.0353020547175264,6.82268935881054e-05,0.0446513253193619,0.0085110186121963,0.9938809146642813,0.47218907939127636,1.0784080450073035,1.195417472682624,1.0036339670918712,0.6403402289506326,1.139784356080286,0.6165646824043902,1.0587482226004594,0.6976301743597012
2023_10_HOU_CIN,2023,10,2023-11-12,13:00,Houston Texans,Cincinnati Bengals,Home,C.J. Stroud,Joe Burrow,00-0039163,00-0036442,7,7,0,0,-3,-2,Paycor Stadium,39.0955,-84.5165,America/New_York,False,False,10,10,Sunday,False,False,0,False,False,0,-3,-2,AFC South,NRG Stadium,29.6847,-95.4093,America/Chicago,AFC North,Paycor Stadium,39.0955,-84.5165,America/New_York,Tampa Bay Buccaneers,Buffalo Bills,NRG Stadium,Paycor Stadium,Arizona Cardinals,Baltimore Ravens,NRG Stadium,M&T Bank Stadium,897,0,-897,897,-1.0,0.0,America/Chicago,America/New_York,-1.0,0.0,-1.0,0.0,-1.0,0,0.035,1.31,0.035,1.31,Cincinnati Bengals,1.275,Cincinnati Bengals,1.275,0.035,1.31,Cincinnati Bengals,1.275,0.0,0,No,No,No,No,No,0,No,0.0,0.0,-6.153,1.891,1.4455,3.6145,1.4455,3.6145,1.4105,2.3045,-4.7425,4.1955,Cincinnati Bengals,2.169,Cincinnati Bengals,2.169,1.4455,3.6145,Cincinnati Bengals,2.169,Tie,0.0,Cincinnati Bengals,8.044,-3.0765,0.9455,Cincinnati Bengals,4.022,Cincinnati Bengals,0.8940000000000001,Cincinnati Bengals,8.937999999999999,-1.666,3.25,Cincinnati Bengals,4.916,Different,Same,Same,Same,Different,Same,False,Home Team,Home Team,46.0,-250.0,205.0,Cincinnati Bengals,Houston Texans,-5.5,5.5,-122,101,-416,314,-0.8940000000000001,0.8940000000000001,-8.937999999999999,8.937999999999999,0.3279,0.7143,0.4975,0.5495,0.2415,0.8062,0.3146,0.6854,0.4752,0.5248,0.2305,0.7695,0.3146,0.6854,-0.1854,0.1854,56.0,6.0,75,6.0,56.0,0.0,nfl_read_py Fallback,False,C.Stroud,J.Browning,6.87,7.0,13.12,172.14,Medium,-3.0,16.0,49.26,49.0,13.567572503757958,32.0,67.0,0.3026,0.6972,0.0822,0.0768,0.1954,0.8046,0.5612,0.4082,10,2023-11-12,Houston Texans @ Cincinnati Bengals,0.5706,0.4294,-133,133,,,,,,,,No Bet,,No Bet,,No Bet,,No Bet,,No Bet,,No Bet,,No Bet,,No Bet,,No Bet,,,,,,,,,,,,,,,0.2253,0.3754,0.3297,0.3534,0.6843,0.6751,0.3157,0.3249,-0.0925,-0.2948,0.1701,-0.0323,0.1406,-0.0025,10,0.0489875,-0.029625,Cincinnati Bengals,Houston Texans,1,0,0,1,0,1,1,0,1,1,1,1,0,2.5,2.0,,,638.4326674480773,0.98116355770601,0.988534960757436,0.1010386418796592,0.0073493244969989,46.28568351282012,0.0244674974439534,21.24522327565393,0.0533058574319316,0.0724989272523158,0.0332771556953291,3.832431937067719e-05,8.349487761176777e-05,0.0333606505729408,0.0777733548758851,67.53090678847407,,,1219.0,19.0,0.3146,0.6854,0.356,0.6436,0.4748,0.5238,Cincinnati Bengals,Cincinnati Bengals,Cincinnati Bengals,Houston Texans,Cincinnati Bengals,Same,Different,Same,False,False,0.1057760829476449,0.0001218191969824,0.1010386418796592,0.0073493244969989,0.1057760829476449,0.0001218191969824,0.0927340037094155,0.0141198365885663,0.9563791895508934,0.5096908045046633,1.05196476795811,1.2218607497318161,1.2103218360173618,0.4336523600251429,0.46848953840020785,1.287859500084469,0.9207471332627583,0.8356312636974035
2023_10_SF_JAX,2023,10,2023-11-12,13:00,San Francisco 49ers,Jacksonville Jaguars,Home,Brock Purdy,Trevor Lawrence,00-0037834,00-0036971,14,14,0,0,-12,0,TIAA Bank Field,30.3239,-81.6554,America/New_York,False,False,10,10,Sunday,False,False,0,False,False,0,-12,0,NFC West,Levi's Stadium,37.4031,-121.9702,America/Los_Angeles,AFC South,TIAA Bank Field,30.3239,-81.6554,America/New_York,Cincinnati Bengals,Pittsburgh Steelers,Levi's Stadium,Acrisure Stadium,Tampa Bay Buccaneers,Tennessee Titans,Levi's Stadium,TIAA Bank Field,2344,0,-2344,2344,-3.0,0.0,America/Los_Angeles,America/New_York,-3.0,0.0,-3.0,0.0,-3.0,0,3.325,-1.825,3.325,-1.825,San Francisco 49ers,5.15,San Francisco 49ers,5.15,3.325,-1.825,San Francisco 49ers,5.15,-0.4499999999999999,0,No,No,No,No,No,0,No,0.0,0.0,8.506,-0.831,1.747,-3.908,1.747,-3.908,-1.5779999999999998,-2.083,6.928000000000002,-2.914,San Francisco 49ers,5.655,San Francisco 49ers,5.655,1.747,-3.908,San Francisco 49ers,5.655,Tie,0.0,San Francisco 49ers,9.337,4.253,-0.4155,San Francisco 49ers,4.6685,San Francisco 49ers,0.5050000000000003,San Francisco 49ers,9.842000000000002,2.6750000000000007,-2.4985,San Francisco 49ers,5.173500000000001,Different,Same,Same,Same,Different,Same,False,Away Team,Away Team,44.5,142.0,-170.0,San Francisco 49ers,Jacksonville Jaguars,3.0,-3.0,-104,-116,356,-483,0.5050000000000003,-0.5050000000000003,9.842000000000002,-9.842000000000002,0.6296,0.4132,0.537,0.5098,0.8285,0.2193,0.6038,0.3962,0.513,0.487,0.7907,0.2093,0.6038,0.3962,0.1038,-0.1038,59.0,11.0,76,11.0,59.0,0.0,nfl_read_py Fallback,False,M.Jones,T.Lawrence,8.34,9.0,13.61,185.19,Med-High,-1.0,17.0,48.35,47.0,13.91900254064009,31.0,67.0,0.265,0.7332,0.0772,0.0734,0.3016,0.6536,0.58,0.42,10,2023-11-12,San Francisco 49ers @ Jacksonville Jaguars,0.3394,0.6602,195,-194,,,,,,,,No Bet,,No Bet,,No Bet,,No Bet,,No Bet,,No Bet,,No Bet,,No Bet,,No Bet,,,,,,,,,,,,,,,0.2761,0.3017,0.3396,0.3038,0.6819,0.675,0.3123,0.325,-0.2198,0.0776,0.0712,0.3026,0.1283,0.5133,10,0.2758875,0.0743875,San Francisco 49ers,Jacksonville Jaguars,1,1,0,0,0,1,0,0,1,1,0,1,0,5.0,3.0,,,638.4326674480773,0.909709877260552,0.0997796995062304,0.005184607539294,0.010889661471927,0.0394197694003137,4.140027556175495,0.0600748530134008,2.716593106586173,6.174459956424402e-05,9.409739832632644e-05,0.006484673744412,0.004255097279788,0.0043491946781144,6.856620662761668,0.0994946224137145,,,1219.0,19.0,0.6038,0.3962,0.6517,0.348,0.8482,0.1508,San Francisco 49ers,San Francisco 49ers,San Francisco 49ers,San Francisco 49ers,San Francisco 49ers,Same,Same,Same,False,False,0.0001558419978905,0.0107397710242001,0.005184607539294,0.010889661471927,0.0001558419978905,0.0107397710242001,0.0107885240551382,0.0130354690088024,0.5839877190673171,0.8820822749882413,1.116279257851929,1.1575462598379958,0.346941395731068,1.2970328003114382,0.4693677089532667,1.2869813295314094,0.600659532486683,1.1557188644734768
2023_10_NO_MIN,2023,10,2023-11-12,13:00,New Orleans Saints,Minnesota Vikings,Home,Derek Carr,Joshua Dobbs,00-0031280,00-0033949,7,7,0,0,3,-1,U.S. Bank Stadium,44.9738,-93.2575,America/Chicago,False,False,10,10,Sunday,False,False,0,False,False,0,3,-1,NFC South,Caesars Superdome,29.9507,-90.0813,America/Chicago,NFC North,U.S. Bank Stadium,44.9738,-93.2575,America/Chicago,Chicago Bears,Atlanta Falcons,Caesars Superdome,Mercedes-Benz Stadium,Atlanta Falcons,Denver Broncos,Mercedes-Benz Stadium,Empower Field at Mile High,1052,0,-1052,1052,0.0,0.0,America/Chicago,America/New_York,0.0,1.0,0.0,0.0,0.0,0,-6.145,0.27,-6.145,0.27,Minnesota Vikings,6.414999999999999,Minnesota Vikings,6.414999999999999,-6.145,0.27,Minnesota Vikings,6.414999999999999,0.0,0,No,No,No,No,No,0,No,0.0,0.0,-1.274,-3.191,-5.432999999999999,-0.339,-5.432999999999999,-0.339,0.7120000000000001,-0.6090000000000001,-0.562,-3.8,Minnesota Vikings,5.093999999999999,Minnesota Vikings,5.093999999999999,-5.432999999999999,-0.339,Minnesota Vikings,5.093999999999999,Tie,0.0,New Orleans Saints,1.917,-0.637,-1.5955,New Orleans Saints,0.9585,New Orleans Saints,1.3210000000000002,New Orleans Saints,3.2379999999999995,0.075,-2.2045,New Orleans Saints,2.2795,Different,Different,Different,Different,Different,Same,False,Away Team,Away Team,41.0,130.0,-155.0,New Orleans Saints,Minnesota Vikings,3.0,-3.0,105,-128,135,-164,1.3210000000000002,-1.3210000000000002,3.2379999999999995,-3.2379999999999995,0.6078,0.4348,0.5614,0.4878,0.6212,0.4255,0.583,0.417,0.5351,0.4649,0.5935,0.4065,0.583,0.417,0.083,-0.083,,,77,0.0,70.0,0.0,Dome,True,S.Rattler,C.Wentz,1.64,3.0,13.67,186.74,Med-High,-9.0,11.0,45.31,45.0,12.853451850958052,29.0,62.0,0.4548,0.5444,0.0888,0.0794,0.4938,0.4596,0.6092,0.368,10,2023-11-12,New Orleans Saints @ Minnesota Vikings,0.4358,0.564,129,-129,,,,,,,,No Bet,,No Bet,,No Bet,,No Bet,,No Bet,,No Bet,,No Bet,,No Bet,,No Bet,,,,,,,,,,,,,,,0.3769,0.2581,0.2705,0.2661,0.6727,0.6793,0.3273,0.3207,-0.0262,-0.057,0.1532,0.0533,0.1804,0.1277,10,0.0216285714285714,-0.0289428571428571,New Orleans Saints,Minnesota Vikings,0,0,0,1,0,0,1,1,0,1,1,1,0,2.5,2.0,,,638.4326674480773,0.8990579291848954,0.6435922233955786,0.0058420935677096,0.0205979174086886,0.0227809023296505,2.957308696762021,0.031849558892533,2.1152619666376724,3.568254491222962e-05,4.988710715546732e-05,0.0046321387478226,0.0033132107338628,0.0033630978410183,5.072570663399694,0.0546304612221836,,,1219.0,19.0,0.583,0.417,0.5754,0.4243,0.5502,0.4488,New Orleans Saints,New Orleans Saints,New Orleans Saints,New Orleans Saints,New Orleans Saints,Same,Same,Same,False,False,8.556965206769694e-05,0.0079453494816855,0.0058420935677096,0.0205979174086886,8.556965206769694e-05,0.0079453494816855,0.0118370230014797,0.0295925402561398,0.6195957589094623,0.8464742351460962,1.0801298442909038,1.1936956733990207,0.6790320345437187,0.9649421614987862,0.8116943001065952,0.9446547383780797,0.7783136139215606,0.9780647830386006
2023_10_GB_PIT,2023,10,2023-11-12,13:00,Green Bay Packers,Pittsburgh Steelers,Home,Jordan Love,Kenny Pickett,00-0036264,00-0038102,7,10,-3,3,5,6,Acrisure Stadium,40.4468,-80.0158,America/New_York,False,False,10,10,Sunday,False,False,0,False,False,0,5,6,NFC North,Lambeau Field,44.5013,-88.0622,America/Chicago,AFC North,Acrisure Stadium,40.4468,-80.0158,America/New_York,Los Angeles Rams,Tennessee Titans,Lambeau Field,Acrisure Stadium,Los Angeles Chargers,Cleveland Browns,Lambeau Field,FirstEnergy Stadium,496,0,-496,496,-1.0,0.0,America/Chicago,America/New_York,-1.0,0.0,-1.0,0.0,-1.0,0,3.535,-0.565,3.535,-0.565,Green Bay Packers,4.1,Green Bay Packers,4.1,3.535,-0.565,Green Bay Packers,4.1,0.0,0,No,No,No,No,No,0,No,0.0,0.0,-4.219,-2.272,3.803,0.1285000000000001,3.803,0.1285000000000001,0.268,0.6935,-3.951,-1.5784999999999996,Green Bay Packers,3.6745,Green Bay Packers,3.6745,3.803,0.1285000000000001,Green Bay Packers,3.6745,Tie,0.0,Pittsburgh Steelers,1.9470000000000005,-2.1095,-1.136,Pittsburgh Steelers,0.9735000000000004,Pittsburgh Steelers,0.4255,Pittsburgh Steelers,2.3725000000000005,-1.8415,-0.4424999999999998,Pittsburgh Steelers,1.399,Different,Different,Different,Different,Different,Same,False,Home Team,Home Team,38.5,-166.0,140.0,Pittsburgh Steelers,Green Bay Packers,-3.0,3.0,-116,-104,-142,117,-0.4255,0.4255,-2.3725000000000005,2.3725000000000005,0.4167,0.6241,0.5098,0.537,0.4608,0.5868,0.4004,0.5996,0.487,0.513,0.4399,0.5601,0.4004,0.5996,-0.0996,0.0996,50.0,5.0,78,5.0,50.0,0.0,nfl_read_py Fallback,False,J.Love,A.Rodgers,-8.16,-8.0,13.47,181.51,Med-High,-17.0,1.0,51.79,51.0,13.453023058252786,35.0,69.0,0.7358,0.2628,0.0822,0.0758,0.6446,0.3036,0.8398,0.1602,10,2023-11-12,Green Bay Packers @ Pittsburgh Steelers,0.6021,0.3975,-151,152,,,,,,,,No Bet,,No Bet,,No Bet,,No Bet,,No Bet,,No Bet,,No Bet,,No Bet,,No Bet,,,,,,,,,,,,,,,0.331,0.1986,0.2918,0.3282,0.7084,0.6162,0.2916,0.3838,-0.0535,-0.2632,-0.0011,0.1438,0.1434,-0.0551,10,-0.0009999999999999,0.0259874999999999,Pittsburgh Steelers,Green Bay Packers,0,0,1,1,1,0,0,1,1,1,1,1,0,2.0,2.5,,,638.4326674480773,0.977987577159132,0.9364332558246397,0.0463710220063643,0.0064713919007601,7.292321058202735,0.0511124063771359,4.869655356411566,0.0765409562031236,0.0114222241906125,0.007627515953838,8.00591965029622e-05,0.0001198888467112,0.0077474048005492,0.1276533625802596,12.1619764146143,,,1219.0,19.0,0.4004,0.5996,0.3686,0.6311,0.2694,0.7296,Pittsburgh Steelers,Pittsburgh Steelers,Pittsburgh Steelers,Pittsburgh Steelers,Pittsburgh Steelers,Same,Same,Same,False,False,0.0190497401444505,0.0001999480432141,0.0463710220063643,0.0064713919007601,0.0190497401444505,0.0001999480432141,0.0622108986514996,0.0127294014898253,0.8568813652196284,0.6091886288359296,1.1045058220113255,1.1693196956785985,0.8910645174021389,0.7529096786403654,1.263878091301298,0.49247094718337997,1.0232174928482916,0.7331609041118698
2023_10_TEN_TB,2023,10,2023-11-12,13:00,Tennessee Titans,Tampa Bay Buccaneers,Home,Will Levis,Baker Mayfield,00-0039152,00-0034855,10,7,3,-3,12,3,Raymond James Stadium,27.9759,-82.5033,America/New_York,False,True,10,10,Sunday,False,False,0,False,False,0,12,3,AFC South,Nissan Stadium,36.1664,-86.7716,America/Chicago,NFC South,Raymond James Stadium,27.9759,-82.5033,America/New_York,Pittsburgh Steelers,Houston Texans,Acrisure Stadium,NRG Stadium,Jacksonville Jaguars,San Francisco 49ers,TIAA Bank Field,Levi's Stadium,618,0,-618,618,-1.0,0.0,America/New_York,America/Chicago,0.0,-1.0,0.0,0.0,0.0,0,-4.36,1.025,-4.36,1.025,Tampa Bay Buccaneers,5.385,Tampa Bay Buccaneers,5.385,-4.36,1.025,Tampa Bay Buccaneers,5.385,0.0,0,No,No,No,No,No,0,No,0.0,0.0,-1.274,-1.97,-5.189,-0.494,-5.189,-0.494,-0.8289999999999998,-1.519,-2.103,-3.489,Tampa Bay Buccaneers,4.695,Tampa Bay Buccaneers,4.695,-5.189,-0.494,Tampa Bay Buccaneers,4.695,Tie,0.0,Tennessee Titans,0.696,-0.637,-0.985,Tennessee Titans,0.348,Tennessee Titans,0.6900000000000001,Tennessee Titans,1.386,-1.4659999999999995,-2.504,Tennessee Titans,1.0380000000000005,Different,Different,Different,Different,Different,Same,False,Away Team,Away Team,39.5,-142.0,120.0,Tampa Bay Buccaneers,Tennessee Titans,-2.5,2.5,-104,-116,105,-128,0.6900000000000001,-0.6900000000000001,1.386,-1.386,0.4545,0.5868,0.537,0.5098,0.5614,0.4878,0.4365,0.5635,0.513,0.487,0.5351,0.4649,0.4365,0.5635,-0.0635,0.0635,85.0,6.0,79,6.0,85.0,0.0,nfl_read_py Fallback,False,C.Ward,B.Mayfield,-3.19,-4.0,12.59,158.58,Low,-12.0,6.0,43.09,43.0,12.559276879149747,27.0,59.0,0.6078,0.3914,0.0916,0.0884,0.5722,0.4278,0.598,0.402,10,2023-11-12,Tennessee Titans @ Tampa Bay Buccaneers,0.5308,0.469,-113,113,,,,,,,,No Bet,,No Bet,,No Bet,,No Bet,,No Bet,,No Bet,,No Bet,,No Bet,,No Bet,,,,,,,,,,,,,,,0.2225,0.3803,0.2694,0.3131,0.7481,0.6891,0.2519,0.3109,-0.3344,-0.291,0.1123,0.0833,0.0317,-0.0327,10,-0.0981875,-0.0354499999999999,Tampa Bay Buccaneers,Tennessee Titans,0,0,1,1,0,0,1,1,1,1,1,1,0,1.0,2.0,,,638.4326674480773,0.9511749060778628,0.9884702161907843,0.0243509437486135,0.0088251522807028,3.447386457778969,0.0659209844335651,2.670424469956557,0.0851007439365726,0.0053997651335085,0.0041827816872696,0.0001032544037839,0.0001332963494439,0.0043160780367136,0.1510217283701377,6.117810927735526,,,1219.0,19.0,0.4365,0.5635,0.4693,0.5305,0.3912,0.6082,Tampa Bay Buccaneers,Tampa Bay Buccaneers,Tampa Bay Buccaneers,Tampa Bay Buccaneers,Tampa Bay Buccaneers,Same,Same,Same,False,False,0.0095825468207782,0.0002365507532278,0.0243509437486135,0.0088251522807028,0.0095825468207782,0.0002365507532278,0.0343299958704538,0.0163065915898043,0.8173614085990117,0.6487085854565459,1.083141641793728,1.190683875896198,0.7527084627213849,0.8912657333211187,1.0543907465246198,0.7019582919600562,0.9185869945209177,0.837791402439244
2023_10_ATL_ARI,2023,10,2023-11-12,16:05,Atlanta Falcons,Arizona Cardinals,Home,Taylor Heinicke,Kyler Murray,00-0031800,00-0035228,7,7,0,0,-10,-3,State Farm Stadium,33.5277,-112.262608,America/Denver,False,False,10,10,Sunday,False,False,0,False,False,0,-10,-3,NFC South,Mercedes-Benz Stadium,33.7489,-84.388,America/New_York,NFC West,State Farm Stadium,33.5277,-112.262608,America/Denver,Minnesota Vikings,Cleveland Browns,Mercedes-Benz Stadium,FirstEnergy Stadium,New Orleans Saints,Houston Texans,Mercedes-Benz Stadium,NRG Stadium,1597,0,-1597,1597,2.0,0.0,America/New_York,America/New_York,2.0,2.0,2.0,0.0,2.0,0,-0.71,0.075,-0.71,0.075,Arizona Cardinals,0.7849999999999999,Arizona Cardinals,0.7849999999999999,-0.71,0.075,Arizona Cardinals,0.7849999999999999,-0.15,0,No,No,No,No,No,0,No,0.0,0.0,-4.138,-3.672,-3.635,0.5794999999999999,-3.635,0.5794999999999999,-2.925,0.5045,-7.063,-3.1675,Arizona Cardinals,4.214499999999999,Arizona Cardinals,4.214499999999999,-3.635,0.5794999999999999,Arizona Cardinals,4.214499999999999,Tie,0.0,Arizona Cardinals,0.4659999999999997,-2.069,-1.836,Arizona Cardinals,0.2329999999999998,Arizona Cardinals,3.4295,Arizona Cardinals,3.8955,-4.994,-1.3315,Arizona Cardinals,3.6625,Different,Same,Same,Same,Different,Same,False,Home Team,Home Team,43.5,110.0,-130.0,Atlanta Falcons,Arizona Cardinals,2.0,-2.0,-191,156,-211,171,-3.4295,3.4295,-3.8955,3.8955,0.5652,0.4762,0.3906,0.6564,0.369,0.6785,0.5427,0.4573,0.3731,0.6269,0.3523,0.6477,0.5427,0.4573,0.0427,-0.0427,,,80,0.0,70.0,0.0,Dome,True,M.Penix,K.Murray,2.82,3.0,13.79,190.1,Med-High,-7.0,13.0,49.95,49.0,13.787608707487102,33.0,68.0,0.4178,0.581,0.0892,0.0854,0.4422,0.542,0.6638,0.3362,10,2023-11-12,Atlanta Falcons @ Arizona Cardinals,0.5374,0.4623,-116,116,,,,,,,,No Bet,,No Bet,,No Bet,,No Bet,,No Bet,,No Bet,,No Bet,,No Bet,,No Bet,,,,,,,,,,,,,,,0.23,0.3051,0.2958,0.2615,0.7598,0.735,0.2402,0.265,-0.3077,-0.2105,0.0094,-0.0171,-0.0726,0.0235,10,-0.0005571428571428,-0.2000714285714285,Atlanta Falcons,Arizona Cardinals,0,0,0,1,1,0,0,1,0,1,1,1,0,2.0,0.0,,,638.4326674480773,0.9997452430843474,0.9209999006063366,0.0150422443949215,0.0201969184190937,0.3160868169700567,0.4646835021402577,0.3751154943574235,0.3915602828979913,0.0004950981255917,0.0005875568614883,0.0007278504466221,0.0006133149239733,0.0012008717854616,0.856243785038249,0.6912023113274802,,,1219.0,19.0,0.5427,0.4573,0.4899,0.5098,0.5372,0.4618,Atlanta Falcons,Atlanta Falcons,Arizona Cardinals,Atlanta Falcons,Arizona Cardinals,Same,Same,Same,False,False,0.00108265498708,0.0013411653705954,0.0150422443949215,0.0201969184190937,0.00108265498708,0.0013411653705954,0.0252965075956848,0.0330213031463592,0.6733646447011215,0.7927053493544358,1.4329751598047615,0.8408503578851629,1.0683259028493717,0.5756482931931344,0.7382234621985084,1.0181255762861676,0.9484063889918526,0.807972007968309
2023_10_DET_LAC,2023,10,2023-11-12,16:05,Detroit Lions,Los Angeles Chargers,Home,Jared Goff,Justin Herbert,00-0033106,00-0036355,13,6,7,-7,6,-7,SoFi Stadium,33.9535,-118.3395,America/Los_Angeles,False,False,10,10,Sunday,False,False,0,False,False,0,6,-7,NFC North,Ford Field,42.3395,-83.045,America/Detroit,AFC West,SoFi Stadium,33.9535,-118.3395,America/Los_Angeles,Las Vegas Raiders,New York Jets,Ford Field,MetLife Stadium,Chicago Bears,Green Bay Packers,Ford Field,Lambeau Field,1986,0,-1986,1986,3.0,0.0,America/Detroit,America/New_York,3.0,3.0,3.0,0.0,3.0,0,4.305,0.935,4.305,0.935,Detroit Lions,3.37,Detroit Lions,3.37,4.305,0.935,Detroit Lions,3.37,-0.2249999999999999,0,No,No,No,No,No,0,Yes,0.0,0.0,3.996,0.306,5.3375,0.289,5.3375,0.289,1.0325,-0.6460000000000001,5.028499999999999,-0.3400000000000001,Detroit Lions,5.0485,Detroit Lions,5.0485,5.3375,0.289,Detroit Lions,5.0485,Tie,0.0,Detroit Lions,3.69,1.998,0.153,Detroit Lions,1.845,Detroit Lions,1.6785,Detroit Lions,5.368499999999999,3.0304999999999995,-0.4930000000000001,Detroit Lions,3.5234999999999994,Different,Same,Same,Same,Different,Same,False,Away Team,Away Team,48.5,120.0,-142.0,Detroit Lions,Los Angeles Chargers,2.5,-2.5,105,-128,195,-244,1.6785,-1.6785,5.368499999999999,-5.368499999999999,0.5868,0.4545,0.5614,0.4878,0.7093,0.339,0.5635,0.4365,0.5351,0.4649,0.6766,0.3234,0.5635,0.4365,0.0635,-0.0635,,,81,0.0,70.0,0.0,Dome,True,J.Goff,J.Herbert,4.18,5.0,13.01,169.18,Med-Low,-5.0,13.0,58.93,58.0,14.253347151494072,41.0,78.0,0.3732,0.6262,0.0892,0.0928,0.4102,0.5898,0.7706,0.2294,10,2023-11-12,Detroit Lions @ Los Angeles Chargers,0.3995,0.6003,150,-150,,,,,,,,No Bet,,No Bet,,No Bet,,No Bet,,No Bet,,No Bet,,No Bet,,No Bet,,No Bet,,,,,,,,,,,,,,,0.31,0.282,0.2621,0.3201,0.7035,0.6287,0.2965,0.3713,-0.2056,-0.1944,0.0804,0.2815,0.193,0.1703,10,0.129,-0.0267124999999999,Detroit Lions,Los Angeles Chargers,1,1,0,0,1,0,0,1,1,1,1,1,0,3.5,2.0,,,638.4326674480773,0.4874900524411672,0.4324942956205602,0.0041586716447915,0.0142047660616979,0.0508347460769516,1.852981751163585,0.065625153297508,1.4353620840867882,7.96242872097173e-05,0.0001027910328583,0.0029023918192818,0.0022482591466131,0.0023510501794715,3.288343835250373,0.1164598993744596,,,1219.0,19.0,0.5635,0.4365,0.5364,0.4633,0.62,0.379,Detroit Lions,Detroit Lions,Detroit Lions,Detroit Lions,Detroit Lions,Same,Same,Same,False,False,0.000182415320068,0.005150650965895,0.0041586716447915,0.0142047660616979,0.000182415320068,0.005150650965895,0.0092033022703245,0.0215259906497795,0.6456081769409002,0.820461817114656,1.072775004373746,1.2010505133161786,0.5383165054018463,1.1056576906406574,0.6637870169169268,1.0925620215677474,0.7102378428762836,1.0461405540838775
2023_10_NYG_DAL,2023,10,2023-11-12,16:25,New York Giants,Dallas Cowboys,Home,Tommy DeVito,Dak Prescott,00-0038476,00-0033077,7,7,0,0,-4,0,AT&T Stadium,32.7369,-97.0826,America/Chicago,False,True,10,10,Sunday,False,False,0,False,False,0,-4,0,NFC East,MetLife Stadium,40.8136,-74.0744,America/New_York,NFC East,AT&T Stadium,32.7369,-97.0826,America/Chicago,Las Vegas Raiders,Philadelphia Eagles,Allegiant Stadium,Lincoln Financial Field,Washington Commanders,Carolina Panthers,FedExField,Bank of America Stadium,1384,0,-1384,1384,1.0,0.0,America/Los_Angeles,America/New_York,-2.0,1.0,1.0,0.0,1.0,0,-2.84,-0.615,-2.84,-0.615,Dallas Cowboys,2.225,Dallas Cowboys,2.225,-2.84,-0.615,Dallas Cowboys,2.225,0.0,0,No,No,No,No,No,1,No,0.0,0.0,-2.869,5.882,-2.45332,0.50432,-2.45332,0.50432,0.36443,1.14157,-2.41706,6.93606,Dallas Cowboys,2.95764,Dallas Cowboys,2.95764,-2.45332,0.50432,Dallas Cowboys,2.95764,Tie,0.0,Dallas Cowboys,8.751,-1.4345,2.941,Dallas Cowboys,4.3755,Dallas Cowboys,0.7771399999999999,Dallas Cowboys,9.35312,-1.026315,4.038815,Dallas Cowboys,5.06513,Different,Same,Same,Same,Different,Same,False,Home Team,Home Team,38.5,-2100.0,1100.0,Dallas Cowboys,New York Giants,-17.5,17.5,-122,101,-436,327,-0.7771399999999999,0.7771399999999999,-9.35312,9.35312,0.0833,0.9545,0.4975,0.5495,0.2342,0.8134,0.0803,0.9197,0.4752,0.5248,0.2235,0.7765,0.0803,0.9197,-0.4197,0.4197,,,82,0.0,70.0,0.0,Dome,True,J.Dart,D.Prescott,-9.63,-10.0,13.72,188.34,Med-High,-19.0,-1.0,52.08,52.0,13.281079322615112,36.0,69.0,0.7612,0.2382,0.0668,0.0686,0.2882,0.7118,0.8566,0.1434,10,2023-11-12,New York Giants @ Dallas Cowboys,0.7456,0.2543,-293,293,,,,,,,,No Bet,,No Bet,,No Bet,,No Bet,,No Bet,,No Bet,,No Bet,,No Bet,,No Bet,,,,,,,,,,,,,,,0.2949,0.3907,0.3968,0.3678,0.6958,0.6773,0.3042,0.3227,-0.1879,-0.2367,0.1492,0.0478,0.1819,0.0089,10,-0.2224142857142857,0.1935875,Dallas Cowboys,New York Giants,0,1,1,0,0,0,0,1,1,1,0,1,1,0.0,4.0,,,638.4326674480773,0.7382210867348191,0.821261593936912,0.305991891115822,0.0049322641144831,262.9715244096956,0.0019576623696782,22.960327726539703,0.0224216946624296,0.4119017365775423,0.0359635853508499,3.066356828987738e-06,3.511990505130788e-05,0.0359987052559012,0.0243793570321079,285.9318521362353,,,1219.0,19.0,0.0803,0.9197,0.2712,0.7286,0.295,0.7042,Dallas Cowboys,Dallas Cowboys,Dallas Cowboys,Dallas Cowboys,Dallas Cowboys,Same,Same,Same,False,False,0.4478653219283922,3.8186261880295617e-05,0.305991891115822,0.0049322641144831,0.4478653219283922,3.8186261880295617e-05,0.1967963954552113,0.010474626417073,1.2714342261353886,0.1946357679201667,0.8173052024489322,1.4565203152409893,1.0893932089781422,0.5545809870643629,1.1136028271390759,0.6427462113456,1.0811497923001314,0.6752286046600294
2023_10_WAS_SEA,2023,10,2023-11-12,16:25,Washington Commanders,Seattle Seahawks,Home,Sam Howell,Geno Smith,00-0037077,00-0030565,7,7,0,0,4,1,Lumen Field,47.5952,-122.3316,America/Los_Angeles,False,True,10,10,Sunday,False,False,0,False,False,0,4,1,NFC East,FedExField,38.9077,-76.8645,America/New_York,NFC West,Lumen Field,47.5952,-122.3316,America/Los_Angeles,New England Patriots,Baltimore Ravens,Gillette Stadium,M&T Bank Stadium,New York Giants,Los Angeles Rams,FedExField,SoFi Stadium,2328,0,-2328,2328,3.0,0.0,America/New_York,America/New_York,3.0,3.0,3.0,0.0,3.0,0,1.45,-0.13,1.45,-0.13,Washington Commanders,1.58,Washington Commanders,1.58,1.45,-0.13,Washington Commanders,1.58,-0.2249999999999999,0,No,No,No,No,No,0,No,0.0,0.0,-1.022,1.265,2.4845,-1.215,2.4845,-1.215,1.0345,-1.085,0.0125000000000001,0.1799999999999999,Washington Commanders,3.699500000000001,Washington Commanders,3.699500000000001,2.4845,-1.215,Washington Commanders,3.699500000000001,Tie,0.0,Seattle Seahawks,2.287,-0.511,0.6325,Seattle Seahawks,1.1435,Washington Commanders,2.1195,Seattle Seahawks,0.1674999999999997,0.5235000000000001,-0.4525,Washington Commanders,0.976,Different,Different,Same,Different,Different,Same,False,Away Team,Home Team,44.0,-270.0,220.0,Seattle Seahawks,Washington Commanders,-6.0,6.0,108,-131,-110,-110,2.1195,-2.1195,-0.1674999999999997,0.1674999999999997,0.3125,0.7297,0.5671,0.4808,0.5238,0.5238,0.2998,0.7002,0.5412,0.4588,0.5,0.5,0.2998,0.7002,-0.2002,0.2002,52.0,4.0,83,4.0,52.0,0.0,nfl_read_py Fallback,False,J.Daniels,S.Darnold,-3.48,-4.0,13.13,172.48,Medium,-13.0,7.0,45.77,45.0,12.951312918050442,29.0,63.0,0.6084,0.3908,0.0918,0.0798,0.4404,0.5266,0.5108,0.4638,10,2023-11-12,Washington Commanders @ Seattle Seahawks,0.5669,0.433,-131,131,,,,,,,,No Bet,,No Bet,,No Bet,,No Bet,,No Bet,,No Bet,,No Bet,,No Bet,,No Bet,,,,,,,,,,,,,,,0.3131,0.3401,0.2943,0.3095,0.7122,0.6796,0.2878,0.3204,-0.0073,-0.4457,0.1594,0.043,-0.0144,-0.0692,10,-0.2035714285714285,-0.1000125,Seattle Seahawks,Washington Commanders,1,0,0,1,0,1,1,0,1,1,1,1,0,0.0,1.0,,,638.4326674480773,0.3001792747622288,0.4330790228588868,0.1119654832649419,0.0033559529086644,82.86915214049125,0.0320451088651582,35.48153643490327,0.0748431795443088,0.1298009271231893,0.0555760039296374,5.019340409576459e-05,0.0001172295581983,0.0556932334878357,0.106888288409467,118.35068857539451,,,1219.0,19.0,0.2998,0.7002,0.425,0.5744,0.3874,0.6106,Seattle Seahawks,Seattle Seahawks,Seattle Seahawks,Seattle Seahawks,Seattle Seahawks,Same,Same,Same,False,False,0.1853769310528268,0.000167422962294,0.1119654832649419,0.0033559529086644,0.1853769310528268,0.000167422962294,0.0607256555627827,0.0079848849683559,0.971243131945947,0.49482686210961074,0.8881237680357672,1.385701749654157,0.7425073401427273,0.9014668558997776,0.9757897476070282,0.7805592908776475,0.901616045161647,0.8547623517985153
2023_10_NYJ_LV,2023,10,2023-11-12,20:20,New York Jets,Las Vegas Raiders,Home,Zach Wilson,Aidan O'Connell,00-0037013,00-0038579,6,7,-1,1,5,-2,Allegiant Stadium,36.108,-115.1578,America/Los_Angeles,False,False,10,10,Sunday,False,False,0,False,False,0,5,-2,AFC East,MetLife Stadium,40.8136,-74.0744,America/New_York,AFC West,Allegiant Stadium,36.108,-115.1578,America/Los_Angeles,Los Angeles Chargers,New York Giants,MetLife Stadium,Allegiant Stadium,Buffalo Bills,Miami Dolphins,Highmark Stadium,Hard Rock Stadium,2224,0,-2224,2224,3.0,0.0,America/New_York,America/Los_Angeles,3.0,0.0,3.0,0.0,3.0,0,-3.725,-2.35,-3.725,-2.35,Las Vegas Raiders,1.375,Las Vegas Raiders,1.375,-3.725,-2.35,Las Vegas Raiders,1.375,-0.2249999999999999,0,No,No,No,No,Yes,0,No,0.0,0.0,-1.783,-2.18,-4.172,-2.1085,-4.172,-2.1085,-0.4469999999999999,0.2415,-2.23,-1.9385,Las Vegas Raiders,2.0635,Las Vegas Raiders,2.0635,-4.172,-2.1085,Las Vegas Raiders,2.0635,Tie,0.0,New York Jets,0.3970000000000002,-0.8915,-1.09,New York Jets,0.1985000000000001,Las Vegas Raiders,0.6884999999999999,Las Vegas Raiders,0.2914999999999998,-1.3385,-0.8485,Las Vegas Raiders,0.49,Different,Different,Same,Same,Different,Different,False,Home Team,Home Team,35.5,-105.0,-115.0,New York Jets,Las Vegas Raiders,1.0,-1.0,-116,-104,-116,-104,-0.6884999999999999,0.6884999999999999,-0.2914999999999998,0.2914999999999998,0.5349,0.5122,0.5098,0.537,0.5098,0.537,0.5108,0.4892,0.487,0.513,0.487,0.513,0.5108,0.4892,0.0108,-0.0108,,,84,0.0,70.0,0.0,Dome,True,J.Fields,G.Smith,0.33,1.0,13.41,179.82,Medium,-10.0,10.0,42.29,42.0,12.568769183645562,26.0,59.0,0.4936,0.5058,0.0932,0.0874,0.4942,0.486,0.6976,0.3024,10,2023-11-12,New York Jets @ Las Vegas Raiders,0.5022,0.4976,-101,101,,,,,,,,No Bet,,No Bet,,No Bet,,No Bet,,No Bet,,No Bet,,No Bet,,No Bet,,No Bet,,,,,,,,,,,,,,,0.349,0.3369,0.2784,0.3184,0.6944,0.6142,0.3056,0.3858,-0.0675,-0.3847,0.1187,-0.0835,-0.0025,-0.0426,10,-0.1446374999999999,-0.1427285714285714,New York Jets,Las Vegas Raiders,0,0,1,1,1,0,0,0,1,1,1,0,0,1.0,1.0,,,638.4326674480773,0.9708704296066852,0.988279409251218,0.0129682101424297,0.0166847774967013,0.2017287804577668,0.4210034071469175,0.2106358566186166,0.4032006005800156,0.0003159750287592,0.0003299265018197,0.0006594327461809,0.0006315475713228,0.0009614740731426,0.8242040077269331,0.4123646370763835,,,1219.0,19.0,0.5108,0.4892,0.4821,0.5177,0.5358,0.4634,New York Jets,New York Jets,Las Vegas Raiders,New York Jets,Las Vegas Raiders,Same,Same,Same,False,False,0.000645901530579,0.0012909803175038,0.0129682101424297,0.0166847774967013,0.000645901530579,0.0012909803175038,0.0223920083319063,0.0276809211896048,0.7193278539141406,0.7467421401414172,1.1722834324829037,1.101542085207026,0.846148896704975,0.7978252993375274,0.870203234474818,0.8861458040098562,0.885339812280066,0.8710385846800981
2023_10_DEN_BUF,2023,10,2023-11-13,20:15,Denver Broncos,Buffalo Bills,Home,Russell Wilson,Josh Allen,00-0029263,00-0034857,15,8,7,-7,4,-5,Highmark Stadium,42.7725,-78.7877,America/New_York,False,False,10,10,Monday,False,False,0,False,False,0,4,-5,AFC West,Empower Field at Mile High,39.7648,-105.0076,America/Denver,AFC East,Highmark Stadium,42.7725,-78.7877,America/New_York,Kansas City Chiefs,Cincinnati Bengals,Empower Field at Mile High,Paycor Stadium,Minnesota Vikings,New York Jets,Empower Field at Mile High,Highmark Stadium,1371,0,-1371,1371,-2.0,0.0,America/Denver,America/New_York,-2.0,0.0,-2.0,0.0,-2.0,0,2.05,4.795,2.05,4.795,Buffalo Bills,2.745,Buffalo Bills,2.745,2.05,4.795,Buffalo Bills,2.745,-0.3,0,No,No,No,No,No,0,No,0.0,0.0,-8.65,8.815,0.7180000000000002,4.773999999999999,0.7180000000000002,4.773999999999999,-1.332,-0.021,-9.982,8.793999999999999,Buffalo Bills,4.055999999999999,Buffalo Bills,4.055999999999999,0.7180000000000002,4.773999999999999,Buffalo Bills,4.055999999999999,Tie,0.0,Buffalo Bills,17.465,-4.325,4.4075,Buffalo Bills,8.7325,Buffalo Bills,1.311,Buffalo Bills,18.776,-5.657,4.386499999999999,Buffalo Bills,10.043499999999998,Different,Same,Same,Same,Different,Same,False,Home Team,Home Team,47.5,-395.0,310.0,Buffalo Bills,Denver Broncos,-7.5,7.5,-128,105,-3245,1190,-1.311,1.311,-18.776,18.776,0.2439,0.798,0.4878,0.5614,0.0775,0.9701,0.2341,0.7659,0.4649,0.5351,0.074,0.926,0.2341,0.7659,-0.2659,0.2659,49.0,10.0,85,10.0,49.0,0.0,nfl_read_py Fallback,False,B.Nix,J.Allen,-8.65,-10.0,14.07,197.99,High,-18.0,1.0,49.11,49.0,13.320028528197618,33.0,67.0,0.733,0.2664,0.0714,0.0704,0.5502,0.4498,0.5298,0.4702,10,2023-11-13,Denver Broncos @ Buffalo Bills,0.74,0.2598,-285,285,,,,,,,,No Bet,,No Bet,,No Bet,,No Bet,,No Bet,,No Bet,,No Bet,,No Bet,,No Bet,,,,,,,,,,,,,,,0.2914,0.3287,0.3112,0.2984,0.6401,0.7431,0.3599,0.2569,0.1574,-0.0906,0.2138,0.1153,0.1883,-0.2523,10,-0.0029249999999999,0.1478857142857143,Buffalo Bills,Denver Broncos,1,1,0,0,1,1,0,0,1,1,1,1,0,2.0,3.5,,,638.4326674480773,0.0555255862779962,0.9646631897690948,0.0878342715118884,0.0060643845637427,26.152467740892927,0.0179239530157377,7.993592764255167,0.0586414165517025,0.0409635488193747,0.012520651232035,2.80749308887699e-05,9.185215535116988e-05,0.0126125033873861,0.0765653695674403,34.14606050514809,,,1219.0,19.0,0.2341,0.7659,0.2956,0.7042,0.2874,0.7118,Buffalo Bills,Buffalo Bills,Buffalo Bills,Buffalo Bills,Buffalo Bills,Same,Same,Same,False,False,0.0534842000514097,0.0001199270862399,0.0878342715118884,0.0060643845637427,0.0534842000514097,0.0001199270862399,0.10454522886399,0.0121559433162727,1.0869354464693366,0.37913454758622356,1.0920015809914774,1.181823936698441,1.5026779098570735,0.14129628618543452,1.226828947519806,0.5295200909648639,1.239635478116206,0.5167429188439618
2023_11_CIN_BAL,2023,11,2023-11-16,20:15,Cincinnati Bengals,Baltimore Ravens,Home,Joe Burrow,Lamar Jackson,00-0036442,00-0034796,4,4,0,0,-2,0,M&T Bank Stadium,39.2789,-76.6228,America/New_York,False,False,11,11,Thursday,False,False,0,False,False,0,-2,0,AFC North,Paycor Stadium,39.0955,-84.5165,America/New_York,AFC North,M&T Bank Stadium,39.2789,-76.6228,America/New_York,Houston Texans,Cleveland Browns,Paycor Stadium,M&T Bank Stadium,Pittsburgh Steelers,Los Angeles Chargers,Paycor Stadium,SoFi Stadium,422,0,-422,422,0.0,0.0,America/New_York,America/New_York,0.0,0.0,0.0,0.0,0.0,0,1.31,6.69,1.31,6.69,Baltimore Ravens,5.380000000000001,Baltimore Ravens,5.380000000000001,1.31,6.69,Baltimore Ravens,5.380000000000001,0.0,0,No,No,No,No,No,1,No,0.0,0.0,1.891,5.928,-1.127765,5.412265,-1.127765,5.412265,-2.491565,-1.223935,-0.5601950000000001,4.663695,Baltimore Ravens,6.54003,Baltimore Ravens,6.54003,-1.127765,5.412265,Baltimore Ravens,6.54003,Tie,0.0,Baltimore Ravens,4.037,0.9455,2.964,Baltimore Ravens,2.0185,Baltimore Ravens,1.26763,Baltimore Ravens,5.22389,-1.52588,1.71988,Baltimore Ravens,3.24576,Different,Same,Same,Same,Different,Same,True,Home Team,Home Team,46.5,-205.0,170.0,Baltimore Ravens,Cincinnati Bengals,-4.0,4.0,-128,105,-234,188,-1.26763,1.26763,-5.22389,5.22389,0.3704,0.6721,0.4878,0.5614,0.3472,0.7006,0.3553,0.6447,0.4649,0.5351,0.3314,0.6686,0.3553,0.6447,-0.1447,0.1447,56.0,1.0,86,1.0,56.0,0.0,nfl_read_py Fallback,False,J.Browning,C.Rush,-8.08,-9.0,14.16,200.63,High,-18.0,3.0,46.73,46.0,12.949416586008176,30.0,64.0,0.7136,0.2862,0.0754,0.064,0.6298,0.351,0.4894,0.5106,11,2023-11-16,Cincinnati Bengals @ Baltimore Ravens,0.6405,0.3594,-178,178,,,,,,,,No Bet,,No Bet,,No Bet,,No Bet,,No Bet,,No Bet,,No Bet,,No Bet,,No Bet,,,,,,,,,,,,,,,0.2564,0.2253,0.2524,0.3297,0.6686,0.6843,0.3314,0.3157,-0.4181,-0.0925,0.0998,0.1701,-0.1485,0.1406,11,-0.0131857142857142,0.05125,Baltimore Ravens,Cincinnati Bengals,0,1,1,0,1,0,0,0,0,0,1,0,1,2.5,3.0,,,499.9552487938695,0.2300456151755169,0.8885839045780886,0.0119123705486385,0.0076476226083286,3.106016906916973,1.51526893048017,1.71175400500636,2.749490232143444,0.0062125898556124,0.003423814449665,0.0030308091256881,0.0054994726803579,0.008923287130023,4.264759162623614,4.817770911923333,0.0096364043052775,0.0085302818060461,811.0,408.0,0.3553,0.6447,0.4491,0.5508,0.318,0.6812,Baltimore Ravens,Baltimore Ravens,Baltimore Ravens,Baltimore Ravens,Baltimore Ravens,Same,Same,Same,False,False,0.0096364043052775,0.0085302818060461,0.0119123705486385,0.0076476226083286,0.0096364043052775,0.0085302818060461,0.0156104855161676,0.009825567347837,0.9178100478131787,0.5090264332454323,1.1586943502763487,1.0175463317875757,1.1415800410943362,0.5703103723870382,1.2944546844365574,0.5239472503849297,1.1168646388331125,0.6319984559237791
2023_11_DAL_CAR,2023,11,2023-11-19,13:00,Dallas Cowboys,Carolina Panthers,Home,Dak Prescott,Bryce Young,00-0033077,00-0039150,7,10,-3,3,-3,-1,Bank of America Stadium,35.2258,-80.8528,America/New_York,False,False,11,11,Sunday,False,False,0,False,False,0,-3,-1,NFC East,AT&T Stadium,32.7369,-97.0826,America/Chicago,NFC South,Bank of America Stadium,35.2258,-80.8528,America/New_York,New York Giants,Chicago Bears,AT&T Stadium,Soldier Field,Washington Commanders,Tennessee Titans,AT&T Stadium,Nissan Stadium,944,0,-944,944,-1.0,0.0,America/Chicago,America/Chicago,-1.0,-1.0,-1.0,0.0,-1.0,0,-0.615,-5.25,-0.615,-5.25,Dallas Cowboys,4.635,Dallas Cowboys,4.635,-0.615,-5.25,Dallas Cowboys,4.635,0.0,0,No,No,No,No,No,0,No,0.0,0.0,5.882,-6.873,-2.2145,-3.909,-2.2145,-3.909,-1.5995,1.341,4.2825,-5.532,Dallas Cowboys,1.6945,Dallas Cowboys,1.6945,-2.2145,-3.909,Dallas Cowboys,1.6945,Tie,0.0,Dallas Cowboys,12.755,2.941,-3.4365,Dallas Cowboys,6.3775,Carolina Panthers,2.9405,Dallas Cowboys,9.8145,1.3415,-2.0955,Dallas Cowboys,3.437,Different,Same,Different,Same,Different,Same,False,Home Team,Away Team,43.0,470.0,-650.0,Dallas Cowboys,Carolina Panthers,11.0,-11.0,-164,135,356,-483,-2.9405,2.9405,9.8145,-9.8145,0.8667,0.1754,0.4255,0.6212,0.8285,0.2193,0.8316,0.1684,0.4065,0.5935,0.7907,0.2093,0.8316,0.1684,0.3316,-0.3316,65.0,2.0,87,2.0,65.0,0.0,nfl_read_py Fallback,False,D.Prescott,B.Young,11.73,13.0,12.88,165.99,Med-Low,4.0,20.0,47.75,47.0,12.729721222418036,32.0,64.0,0.186,0.8138,0.064,0.06,0.4492,0.5314,0.614,0.3426,11,2023-11-19,Dallas Cowboys @ Carolina Panthers,0.2893,0.7106,246,-246,,,,,,,,No Bet,,No Bet,,No Bet,,No Bet,,No Bet,,No Bet,,No Bet,,No Bet,,No Bet,,,,,,,,,,,,,,,0.2885,0.2949,0.2763,0.3968,0.6647,0.6958,0.3333,0.3042,-0.4301,-0.1879,-0.0051,0.1492,-0.0377,0.1819,11,0.1738714285714285,-0.1368714285714285,Dallas Cowboys,Carolina Panthers,1,0,0,1,0,0,1,1,0,0,1,1,0,4.0,1.5,,,499.9552487938695,0.9994715905882148,0.2122309605303072,0.0084621088635066,0.0974113460190015,0.7209924921313632,39.58458007621978,3.560435608411174,8.015925065939648,0.0014421140569495,0.0071215086090217,0.0791762466175056,0.0160332851495766,0.0231547937585984,47.60050514215943,4.281428100542537,0.0085636226659713,0.0952095317670822,811.0,408.0,0.8316,0.1684,0.6912,0.3086,0.7978,0.2016,Dallas Cowboys,Dallas Cowboys,Dallas Cowboys,Dallas Cowboys,Dallas Cowboys,Same,Same,Same,False,False,0.0085636226659713,0.0952095317670822,0.0084621088635066,0.0974113460190015,0.0085636226659713,0.0952095317670822,0.0110392635293921,0.0927837787767064,0.2691038154630388,1.157732665595573,1.4001388001320179,0.776101881931913,0.40936521442133206,1.3025251990600446,0.39265102511885025,1.4257509097026324,0.5708701579255645,1.1779929368313233
2023_11_PIT_CLE,2023,11,2023-11-19,13:00,Pittsburgh Steelers,Cleveland Browns,Home,Kenny Pickett,Dorian Thompson-Robinson,00-0038102,00-0038583,7,7,0,0,6,6,FirstEnergy Stadium,41.5061,-81.6994,America/New_York,False,False,11,11,Sunday,False,False,0,False,False,0,6,6,AFC North,Acrisure Stadium,40.4468,-80.0158,America/New_York,AFC North,FirstEnergy Stadium,41.5061,-81.6994,America/New_York,Green Bay Packers,Baltimore Ravens,Acrisure Stadium,M&T Bank Stadium,Cincinnati Bengals,Denver Broncos,Paycor Stadium,Empower Field at Mile High,114,0,-114,114,0.0,0.0,America/New_York,America/New_York,0.0,0.0,0.0,0.0,0.0,0,-0.565,-4.705,-0.565,-4.705,Pittsburgh Steelers,4.140000000000001,Pittsburgh Steelers,4.140000000000001,-0.565,-4.705,Pittsburgh Steelers,4.140000000000001,0.0,0,No,No,No,No,No,1,No,0.0,0.0,-2.272,2.134,-0.4602149999999999,-3.0782850000000006,-0.4602149999999999,-3.0782850000000006,0.146185,1.585315,-2.081755,3.675255,Pittsburgh Steelers,2.618070000000001,Pittsburgh Steelers,2.618070000000001,-0.4602149999999999,-3.0782850000000006,Pittsburgh Steelers,2.618070000000001,Tie,0.0,Cleveland Browns,4.406,-1.136,1.067,Cleveland Browns,2.203,Cleveland Browns,1.43913,Cleveland Browns,5.757009999999999,-0.967785,2.630285,Cleveland Browns,3.59807,Different,Different,Different,Different,Different,Same,False,Home Team,Home Team,34.0,-142.0,120.0,Cleveland Browns,Pittsburgh Steelers,-2.5,2.5,-128,105,-261,208,-1.43913,1.43913,-5.757009999999999,5.757009999999999,0.4545,0.5868,0.4878,0.5614,0.3247,0.723,0.4365,0.5635,0.4649,0.5351,0.3099,0.6901,0.4365,0.5635,-0.0635,0.0635,48.0,11.0,88,11.0,48.0,0.0,nfl_read_py Fallback,False,A.Rodgers,D.Gabriel,9.39,10.0,14.15,200.25,High,1.0,19.0,51.02,50.0,13.541565365884097,34.0,69.0,0.2458,0.7538,0.073,0.0646,0.2776,0.677,0.755,0.245,11,2023-11-19,Pittsburgh Steelers @ Cleveland Browns,0.5086,0.4913,-104,104,,,,,,,,No Bet,,No Bet,,No Bet,,No Bet,,No Bet,,No Bet,,No Bet,,No Bet,,No Bet,,,,,,,,,,,,,,,0.3351,0.331,0.2977,0.2918,0.6472,0.7084,0.3528,0.2916,-0.3694,-0.0535,0.0053,-0.0011,-0.0343,0.1434,11,0.0387714285714285,0.0080428571428571,Cleveland Browns,Pittsburgh Steelers,0,1,1,0,0,1,1,0,0,0,1,1,1,3.0,2.5,,,499.9552487938695,0.4600702899246811,0.9634016295652318,0.0152600548946016,0.0085351463307343,2.0788310843391566,1.87506212626844,1.610310147851006,2.420612848000609,0.0041580343227804,0.0032209085747891,0.0037504599277475,0.0048416590361643,0.0080625676109534,4.295674974269049,3.689141232190163,0.0073789428975695,0.0085921189639118,811.0,408.0,0.4365,0.5635,0.5264,0.4734,0.7292,0.2704,Cleveland Browns,Pittsburgh Steelers,Pittsburgh Steelers,Pittsburgh Steelers,Cleveland Browns,Same,Same,Different,False,False,0.0073789428975695,0.0085921189639118,0.0152600548946016,0.0085351463307343,0.0073789428975695,0.0085921189639118,0.0220645169097705,0.0111324884209314,0.8005171402838556,0.6263193407747564,1.1553382349232768,1.0209024471406465,1.1768148566580643,0.535075556823309,0.4425001007767126,1.3759018340447735,0.8838677170853311,0.864995377671555
2023_11_CHI_DET,2023,11,2023-11-19,13:00,Chicago Bears,Detroit Lions,Home,Justin Fields,Jared Goff,00-0036945,00-0033106,10,7,3,-3,6,3,Ford Field,42.3395,-83.045,America/Detroit,False,False,11,11,Sunday,False,False,0,False,False,0,6,3,NFC North,Soldier Field,41.8623,-87.6167,America/Chicago,NFC North,Ford Field,42.3395,-83.045,America/Detroit,Carolina Panthers,Los Angeles Chargers,Soldier Field,SoFi Stadium,Minnesota Vikings,Green Bay Packers,U.S. Bank Stadium,Ford Field,236,0,-236,236,-1.0,0.0,America/Chicago,America/Los_Angeles,-1.0,-3.0,-1.0,0.0,-1.0,0,-1.575,4.305,-1.575,4.305,Detroit Lions,5.88,Detroit Lions,5.88,-1.575,4.305,Detroit Lions,5.88,0.0,0,No,No,No,No,No,1,No,0.0,0.0,-7.898,3.996,-1.8878,3.962800000000001,-1.8878,3.962800000000001,-0.3716,-0.2834,-8.15066,3.59366,Detroit Lions,5.850600000000001,Detroit Lions,5.850600000000001,-1.8878,3.962800000000001,Detroit Lions,5.850600000000001,Tie,0.0,Detroit Lions,11.894,-3.949,1.998,Detroit Lions,5.947,Detroit Lions,0.0882,Detroit Lions,11.74432,-4.2611300000000005,1.65513,Detroit Lions,5.91626,Different,Same,Same,Same,Different,Same,False,Home Team,Home Team,48.0,-440.0,340.0,Detroit Lions,Chicago Bears,-8.0,8.0,-110,-110,-646,450,-0.0882,0.0882,-11.74432,11.74432,0.2273,0.8148,0.5238,0.5238,0.1818,0.866,0.2181,0.7819,0.5,0.5,0.1735,0.8265,0.2181,0.7819,-0.2819,0.2819,,,89,0.0,70.0,0.0,Dome,True,C.Williams,J.Goff,-5.23,-6.0,14.02,196.63,High,-14.0,5.0,58.43,58.0,14.190832244232782,41.0,77.0,0.6506,0.3484,0.084,0.0828,0.4176,0.559,0.7538,0.2314,11,2023-11-19,Chicago Bears @ Detroit Lions,0.6898,0.31,-222,223,,,,,,,,No Bet,,No Bet,,No Bet,,No Bet,,No Bet,,No Bet,,No Bet,,No Bet,,No Bet,,,,,,,,,,,,,,,0.282,0.3356,0.3201,0.2273,0.6287,0.7105,0.3713,0.2895,-0.1944,-0.2506,0.2815,-0.1097,0.1703,-0.0577,11,-0.0178499999999999,0.1071571428571428,Detroit Lions,Chicago Bears,0,1,1,0,1,1,0,0,0,0,1,1,1,2.5,3.5,,,499.9552487938695,0.4287880003958699,0.9111755075205517,0.1265187644932146,0.008079675762113,65.35942069156195,0.9311450693974196,18.23109048833567,3.3382041713060184,0.1307305420819964,0.0364654447219381,0.0018624568331741,0.0066770059507513,0.0431424506726894,4.269349240703438,83.59051117989763,0.1671959868039345,0.0085394627839254,811.0,408.0,0.2181,0.7819,0.3113,0.6886,0.3376,0.6616,Detroit Lions,Detroit Lions,Detroit Lions,Detroit Lions,Detroit Lions,Same,Same,Same,False,False,0.1671959868039345,0.0085394627839254,0.1265187644932146,0.008079675762113,0.1671959868039345,0.0085394627839254,0.0928286596878005,0.0104745911863234,1.0687002132900765,0.3581362677685366,0.9353204955888994,1.240920186475025,1.353092773506168,0.35879763997520586,1.0816819293704005,0.7367200054510852,1.116351938880194,0.6325111558766939
2023_11_LAC_GB,2023,11,2023-11-19,13:00,Los Angeles Chargers,Green Bay Packers,Home,Justin Herbert,Jordan Love,00-0036355,00-0036264,7,7,0,0,-7,5,Lambeau Field,44.5013,-88.0622,America/Chicago,False,False,11,11,Sunday,False,False,0,False,False,0,-7,5,AFC West,SoFi Stadium,33.9535,-118.3395,America/Los_Angeles,NFC North,Lambeau Field,44.5013,-88.0622,America/Chicago,Detroit Lions,Pittsburgh Steelers,SoFi Stadium,Acrisure Stadium,Baltimore Ravens,Detroit Lions,SoFi Stadium,Ford Field,1762,0,-1762,1762,-2.0,0.0,America/Los_Angeles,America/New_York,-2.0,1.0,-2.0,0.0,-2.0,0,0.935,3.535,0.935,3.535,Green Bay Packers,2.6,Green Bay Packers,2.6,0.935,3.535,Green Bay Packers,2.6,-0.3,0,No,No,No,No,No,0,No,0.0,0.0,0.306,-4.219,-0.119,3.467,-0.119,3.467,-1.054,-0.068,-0.748,-4.287,Green Bay Packers,3.5860000000000003,Green Bay Packers,3.5860000000000003,-0.119,3.467,Green Bay Packers,3.5860000000000003,Tie,0.0,Los Angeles Chargers,4.525,0.153,-2.1095,Los Angeles Chargers,2.2625,Green Bay Packers,0.986,Los Angeles Chargers,3.539,-0.901,-2.1775,Los Angeles Chargers,1.2764999999999995,Different,Different,Same,Different,Different,Same,False,Home Team,Away Team,44.0,136.0,-162.0,Los Angeles Chargers,Green Bay Packers,3.0,-3.0,-122,101,156,-191,-0.986,0.986,3.539,-3.539,0.6183,0.4237,0.4975,0.5495,0.6564,0.3906,0.5934,0.4066,0.4752,0.5248,0.6269,0.3731,0.5934,0.4066,0.0934,-0.0934,45.0,5.0,90,5.0,45.0,0.0,nfl_read_py Fallback,False,J.Herbert,J.Love,-0.71,-1.0,13.23,175.08,Medium,-10.0,9.0,51.78,51.0,13.544755591770867,35.0,70.0,0.5132,0.4858,0.0972,0.0872,0.5566,0.392,0.692,0.2854,11,2023-11-19,Los Angeles Chargers @ Green Bay Packers,0.4544,0.5453,120,-120,,,,,,,,No Bet,,No Bet,,No Bet,,No Bet,,No Bet,,No Bet,,No Bet,,No Bet,,No Bet,,,,,,,,,,,,,,,0.1986,0.31,0.3282,0.2621,0.6162,0.7035,0.3838,0.2965,-0.2632,-0.2056,0.1438,0.0804,-0.0551,0.193,11,-0.0438714285714285,0.0121999999999999,Los Angeles Chargers,Green Bay Packers,1,0,0,1,0,1,1,0,0,0,1,1,0,2.0,2.5,,,499.9552487938695,0.9363310218616988,0.4873883738485341,0.0083185783614288,0.0165708302523063,1.7462820390728813,3.2375022523655703,2.548558194751224,2.21834920089626,0.003492876699036,0.0050975726345499,0.0064755840851275,0.0044370955325461,0.009534668167096,5.455851453261831,4.294840233824106,0.0085904493335859,0.0109126796176736,811.0,408.0,0.5934,0.4066,0.4999,0.4998,0.4912,0.5078,Los Angeles Chargers,Green Bay Packers,Los Angeles Chargers,Green Bay Packers,Los Angeles Chargers,Same,Same,Same,False,False,0.0085904493335859,0.0109126796176736,0.0083185783614288,0.0165708302523063,0.0085904493335859,0.0109126796176736,0.0108053685138971,0.0218878122026669,0.5843754071917379,0.8424610738668742,1.1533375568917759,1.0229031251721488,0.6448209642273891,1.0670694492539823,0.940636074884205,0.8777658599372802,0.8015139707423916,0.9473491240144952
2023_11_ARI_HOU,2023,11,2023-11-19,13:00,Arizona Cardinals,Houston Texans,Home,Kyler Murray,C.J. Stroud,00-0035228,00-0039163,7,7,0,0,-3,-3,NRG Stadium,29.6847,-95.4093,America/Chicago,False,False,11,11,Sunday,False,False,0,False,False,0,-3,-3,NFC West,State Farm Stadium,33.5277,-112.262608,America/Denver,AFC South,NRG Stadium,29.6847,-95.4093,America/Chicago,Atlanta Falcons,Cincinnati Bengals,State Farm Stadium,Paycor Stadium,Los Angeles Rams,Jacksonville Jaguars,State Farm Stadium,NRG Stadium,1025,0,-1025,1025,-1.0,0.0,America/Denver,America/New_York,-1.0,1.0,-1.0,0.0,-1.0,0,0.075,0.035,0.075,0.035,Arizona Cardinals,0.0399999999999999,Arizona Cardinals,0.0399999999999999,0.075,0.035,Arizona Cardinals,0.0399999999999999,0.0,0,No,No,No,No,No,0,No,0.0,0.0,-3.672,-6.153,-0.8045,-1.7505,-0.8045,-1.7505,-0.8795,-1.7855,-4.5515,-7.938499999999999,Arizona Cardinals,0.946,Arizona Cardinals,0.946,-0.8045,-1.7505,Arizona Cardinals,0.946,Tie,0.0,Arizona Cardinals,2.4809999999999994,-1.836,-3.0765,Arizona Cardinals,1.2404999999999995,Arizona Cardinals,0.906,Arizona Cardinals,3.387,-2.7155,-4.862,Arizona Cardinals,2.1465,Different,Same,Same,Same,Different,Same,False,Away Team,Away Team,48.0,-250.0,205.0,Houston Texans,Arizona Cardinals,-5.5,5.5,101,-122,156,-191,0.906,-0.906,3.387,-3.387,0.3279,0.7143,0.5495,0.4975,0.6564,0.3906,0.3146,0.6854,0.5248,0.4752,0.6269,0.3731,0.3146,0.6854,-0.1854,0.1854,,,91,0.0,70.0,0.0,Dome,True,K.Murray,C.Stroud,-5.89,-7.0,13.2,174.12,Medium,-14.0,4.0,51.93,52.0,13.672070402898765,35.0,70.0,0.6718,0.3272,0.0818,0.0876,0.541,0.459,0.588,0.3938,11,2023-11-19,Arizona Cardinals @ Houston Texans,0.5514,0.4484,-123,123,,,,,,,,No Bet,,No Bet,,No Bet,,No Bet,,No Bet,,No Bet,,No Bet,,No Bet,,No Bet,,,,,,,,,,,,,,,0.3754,0.23,0.3534,0.2958,0.6751,0.7598,0.3249,0.2402,-0.2948,-0.3077,-0.0323,0.0094,-0.0025,-0.0726,11,-0.2025166666666666,0.0295,Houston Texans,Arizona Cardinals,0,1,1,0,0,0,1,1,0,0,1,1,0,0.5,3.0,,,499.9552487938695,0.988486021382356,0.9991130128642776,0.0653102065861145,0.0084958858393159,16.89369021591856,1.3467888963766872,7.754238316206565,2.9341675447443785,0.0337904047545739,0.0155098648027268,0.0026938188960427,0.0058688603666487,0.0213787251693756,4.280956441121066,24.647928532125125,0.0493002695573007,0.0085626792626915,811.0,408.0,0.3146,0.6854,0.4869,0.513,0.3866,0.6128,Houston Texans,Houston Texans,Houston Texans,Houston Texans,Houston Texans,Same,Same,Same,False,False,0.0493002695573007,0.0085626792626915,0.0653102065861145,0.0084958858393159,0.0493002695573007,0.0085626792626915,0.0722426195585325,0.0110910194888235,0.951250756189367,0.4755857248692467,0.9584943018748601,1.2177463801890667,0.598221135721628,1.1136692777597466,1.1747877953186816,0.6436141395028034,0.9172828652863586,0.831580229470528
2023_11_TEN_JAX,2023,11,2023-11-19,13:00,Tennessee Titans,Jacksonville Jaguars,Home,Will Levis,Trevor Lawrence,00-0039152,00-0036971,7,7,0,0,12,0,TIAA Bank Field,30.3239,-81.6554,America/New_York,False,True,11,11,Sunday,False,False,0,False,False,0,12,0,AFC South,Nissan Stadium,36.1664,-86.7716,America/Chicago,AFC South,TIAA Bank Field,30.3239,-81.6554,America/New_York,Tampa Bay Buccaneers,San Francisco 49ers,Raymond James Stadium,TIAA Bank Field,Carolina Panthers,Houston Texans,Nissan Stadium,NRG Stadium,500,0,-500,500,-1.0,0.0,America/New_York,America/New_York,0.0,0.0,0.0,0.0,0.0,0,-4.36,-1.825,-4.36,-1.825,Jacksonville Jaguars,2.535,Jacksonville Jaguars,2.535,-4.36,-1.825,Jacksonville Jaguars,2.535,0.0,0,No,No,No,No,No,1,No,0.0,0.0,-1.274,-0.831,-5.39894,-3.92306,-5.39894,-3.92306,-1.0642899999999995,-2.0727100000000003,-2.33386,-2.90814,Jacksonville Jaguars,1.4758799999999992,Jacksonville Jaguars,1.4758799999999992,-5.39894,-3.92306,Jacksonville Jaguars,1.4758799999999992,Tie,0.0,Jacksonville Jaguars,0.443,-0.637,-0.4155,Jacksonville Jaguars,0.2215,Tennessee Titans,1.0084200000000003,Tennessee Titans,0.5742799999999999,-1.699075,-2.490425,Tennessee Titans,0.7913500000000002,Different,Different,Different,Different,Different,Different,False,Away Team,Away Team,40.0,-290.0,235.0,Jacksonville Jaguars,Tennessee Titans,-6.5,6.5,101,-122,-104,-116,1.0084200000000003,-1.0084200000000003,0.5742799999999999,-0.5742799999999999,0.2985,0.7436,0.5495,0.4975,0.537,0.5098,0.2864,0.7136,0.5248,0.4752,0.513,0.487,0.2864,0.7136,-0.2136,0.2136,75.0,3.0,92,3.0,75.0,0.0,nfl_read_py Fallback,False,C.Ward,T.Lawrence,-6.15,-7.0,13.0,169.02,Med-Low,-15.0,3.0,44.64,44.0,13.061435574233483,29.0,62.0,0.689,0.3104,0.0872,0.0894,0.5194,0.4806,0.5968,0.3666,11,2023-11-19,Tennessee Titans @ Jacksonville Jaguars,0.5912,0.4086,-145,145,,,,,,,,No Bet,,No Bet,,No Bet,,No Bet,,No Bet,,No Bet,,No Bet,,No Bet,,No Bet,,,,,,,,,,,,,,,0.2761,0.3803,0.3396,0.3131,0.6819,0.6891,0.3123,0.3109,-0.2198,-0.291,0.0712,0.0833,0.1283,-0.0327,11,-0.0817,0.0545,Jacksonville Jaguars,Tennessee Titans,0,1,1,0,0,1,1,0,0,0,1,1,1,2.0,3.0,,,499.9552487938695,0.9096310306647908,0.9883383624206868,0.0799514378087711,0.0101270336042345,25.64350147743054,1.2262010079953825,10.291898575022572,3.0552270925471547,0.0512915936762238,0.0205856396144485,0.0024526215315342,0.0061110011344371,0.0266966407488857,4.281428100542537,35.93540005245311,0.0718772332906723,0.0085636226659713,811.0,408.0,0.2864,0.7136,0.4138,0.586,0.303,0.6964,Jacksonville Jaguars,Jacksonville Jaguars,Jacksonville Jaguars,Jacksonville Jaguars,Jacksonville Jaguars,Same,Same,Same,False,False,0.0718772332906723,0.0085636226659713,0.0799514378087711,0.0101270336042345,0.0718772332906723,0.0085636226659713,0.0806089291163839,0.0135619420927105,0.9866993240850146,0.44013715697359873,0.9420054315356278,1.2342352505282974,0.7794392746256901,0.9324511388556826,1.1963195994978266,0.6220823353236591,0.9768396560197645,0.772023438737122
2023_11_LV_MIA,2023,11,2023-11-19,13:00,Las Vegas Raiders,Miami Dolphins,Home,Aidan O'Connell,Tua Tagovailoa,00-0038579,00-0036212,7,14,-7,7,-9,8,Hard Rock Stadium,25.9602,-80.2384,America/New_York,False,False,11,11,Sunday,False,False,0,False,False,0,-9,8,AFC West,Allegiant Stadium,36.108,-115.1578,America/Los_Angeles,AFC East,Hard Rock Stadium,25.9602,-80.2384,America/New_York,New York Jets,Kansas City Chiefs,Allegiant Stadium,GEHA Field at Arrowhead Stadium,Kansas City Chiefs,New York Jets,Allegiant Stadium,MetLife Stadium,2168,0,-2168,2168,-3.0,0.0,America/Los_Angeles,America/Chicago,-3.0,-1.0,-3.0,0.0,-3.0,0,-2.35,0.66,-2.35,0.66,Miami Dolphins,3.01,Miami Dolphins,3.01,-2.35,0.66,Miami Dolphins,3.01,-0.4499999999999999,0,No,No,No,No,No,0,No,0.0,0.0,-2.18,0.176,-4.2665,3.5725,-4.2665,3.5725,-1.9165,2.9125,-4.0965,3.0885,Miami Dolphins,7.838999999999999,Miami Dolphins,7.838999999999999,-4.2665,3.5725,Miami Dolphins,7.838999999999999,Tie,0.0,Miami Dolphins,2.3560000000000003,-1.09,0.088,Miami Dolphins,1.1780000000000002,Miami Dolphins,4.829,Miami Dolphins,7.185,-3.0065,3.0005,Miami Dolphins,6.007,Different,Same,Same,Same,Different,Same,False,Home Team,Home Team,44.5,-1100.0,700.0,Miami Dolphins,Las Vegas Raiders,-14.0,14.0,-234,188,-319,249,-4.829,4.829,-7.185,7.185,0.125,0.9167,0.3472,0.7006,0.2865,0.7613,0.12,0.88,0.3314,0.6686,0.2734,0.7266,0.12,0.88,-0.38,0.38,82.0,7.0,93,7.0,82.0,0.0,nfl_read_py Fallback,False,G.Smith,T.Tagovailoa,-3.34,-4.0,13.6,184.97,Med-High,-13.0,7.0,51.88,51.0,13.71665342845168,35.0,70.0,0.5996,0.3998,0.0878,0.089,0.2006,0.7672,0.6862,0.3138,11,2023-11-19,Las Vegas Raiders @ Miami Dolphins,0.7187,0.2811,-255,256,,,,,,,,No Bet,,No Bet,,No Bet,,No Bet,,No Bet,,No Bet,,No Bet,,No Bet,,No Bet,,,,,,,,,,,,,,,0.2785,0.349,0.3369,0.2784,0.7627,0.6944,0.2373,0.3056,-0.0255,-0.0675,0.1938,0.1187,0.2394,-0.0025,11,-0.1031833333333333,0.1464571428571428,Miami Dolphins,Las Vegas Raiders,0,1,1,0,0,1,0,0,0,0,0,1,0,1.5,4.0,,,499.9552487938695,0.1905585481132689,0.9704669359321124,0.1710621670634002,0.0082331353911104,55.998397079973856,0.5115851279776255,7.636145056360071,3.75162427183592,0.1120068190404415,0.0152736571418783,0.0010232618403583,0.0075039201626278,0.0227775773045062,4.263209399813546,63.634542136333934,0.1272804761823199,0.0085271820029861,811.0,408.0,0.12,0.88,0.293,0.7066,0.3726,0.6262,Miami Dolphins,Miami Dolphins,Miami Dolphins,Miami Dolphins,Miami Dolphins,Same,Same,Same,False,False,0.1272804761823199,0.0085271820029861,0.1710621670634002,0.0082331353911104,0.1272804761823199,0.0085271820029861,0.1847502006383198,0.0107146280948893,1.2116429073918416,0.21519357366677236,1.248639817435584,0.9276008646283416,1.131266387824798,0.5806240256565758,0.9483810852070705,0.8700208496144145,1.1364601670667775,0.6124029276901108
2023_11_NYG_WAS,2023,11,2023-11-19,13:00,New York Giants,Washington Commanders,Home,Tommy DeVito,Sam Howell,00-0038476,00-0037077,7,7,0,0,-4,4,FedExField,38.9077,-76.8645,America/New_York,False,True,11,11,Sunday,False,False,0,False,False,0,-4,4,NFC East,MetLife Stadium,40.8136,-74.0744,America/New_York,NFC East,FedExField,38.9077,-76.8645,America/New_York,Dallas Cowboys,Seattle Seahawks,AT&T Stadium,Lumen Field,New England Patriots,Dallas Cowboys,MetLife Stadium,AT&T Stadium,198,0,-198,198,0.0,0.0,America/Chicago,America/Los_Angeles,-1.0,-3.0,0.0,0.0,0.0,0,-2.84,1.45,-2.84,1.45,Washington Commanders,4.29,Washington Commanders,4.29,-2.84,1.45,Washington Commanders,4.29,0.0,0,No,No,No,No,No,1,No,0.0,0.0,-2.869,-1.022,-2.52476,0.7817599999999999,-2.52476,0.7817599999999999,0.2723399999999999,-0.6253400000000001,-2.57819,-1.66581,Washington Commanders,3.30652,Washington Commanders,3.30652,-2.52476,0.7817599999999999,Washington Commanders,3.30652,Tie,0.0,Washington Commanders,1.847,-1.4345,-0.511,Washington Commanders,0.9235,New York Giants,0.89768,Washington Commanders,0.9123800000000002,-1.1529250000000002,-1.145575,Washington Commanders,0.0073500000000001,Different,Same,Different,Same,Different,Same,False,Away Team,Home Team,39.0,-395.0,310.0,Washington Commanders,New York Giants,-7.5,7.5,101,-122,-122,101,0.89768,-0.89768,-0.9123800000000002,0.9123800000000002,0.2439,0.798,0.5495,0.4975,0.4975,0.5495,0.2341,0.7659,0.5248,0.4752,0.4752,0.5248,0.2341,0.7659,-0.2659,0.2659,56.0,7.0,94,7.0,56.0,0.0,nfl_read_py Fallback,False,J.Dart,J.Daniels,1.91,3.0,14.01,196.38,High,-9.0,11.0,43.84,43.0,12.873438426597016,28.0,61.0,0.4464,0.5524,0.086,0.0854,0.4142,0.5858,0.343,0.657,11,2023-11-19,New York Giants @ Washington Commanders,0.5531,0.4466,-124,124,,,,,,,,No Bet,,No Bet,,No Bet,,No Bet,,No Bet,,No Bet,,No Bet,,No Bet,,No Bet,,,,,,,,,,,,,,,0.3401,0.3907,0.3095,0.3678,0.6796,0.6773,0.3204,0.3227,-0.4457,-0.2367,0.043,0.0478,-0.0692,0.0089,11,-0.2151666666666666,-0.2818166666666666,Washington Commanders,New York Giants,0,1,1,0,0,0,0,1,0,0,0,1,1,0.5,0.0,,,499.9552487938695,0.4330149269044139,0.8212576782617103,0.1665718860607301,0.0070567329771171,95.580427860171,0.9977839735604376,29.21449035391831,3.264428643100979,0.1911779666095247,0.0584342107106538,0.0019957465712532,0.0065294416869836,0.0649636523976374,4.262212616661416,124.79491821408934,0.2496121773201785,0.0085251882582369,811.0,408.0,0.2341,0.7659,0.4237,0.5758,0.6214,0.3768,Washington Commanders,New York Giants,Washington Commanders,New York Giants,Washington Commanders,Same,Same,Same,False,False,0.2496121773201785,0.0085251882582369,0.1665718860607301,0.0070567329771171,0.2496121773201785,0.0085251882582369,0.1030749793867285,0.0089333742878055,1.0252898511521649,0.4015466299064485,0.8391687447893778,1.3370719372745492,0.7770488282044288,0.9348415852769443,0.6812628692138426,1.1371390656076417,0.8385772412244084,0.9102858535324784
2023_11_TB_SF,2023,11,2023-11-19,16:05,Tampa Bay Buccaneers,San Francisco 49ers,Home,Baker Mayfield,Brock Purdy,00-0034855,00-0037834,7,7,0,0,3,-12,Levi's Stadium,37.4031,-121.9702,America/Los_Angeles,False,False,11,11,Sunday,False,False,0,False,False,0,3,-12,NFC South,Raymond James Stadium,27.9759,-82.5033,America/New_York,NFC West,Levi's Stadium,37.4031,-121.9702,America/Los_Angeles,Tennessee Titans,Jacksonville Jaguars,Raymond James Stadium,TIAA Bank Field,Indianapolis Colts,Seattle Seahawks,Lucas Oil Stadium,Lumen Field,2365,0,-2365,2365,3.0,0.0,America/New_York,America/New_York,3.0,3.0,3.0,0.0,3.0,0,1.025,3.325,1.025,3.325,San Francisco 49ers,2.3000000000000003,San Francisco 49ers,2.3000000000000003,1.025,3.325,San Francisco 49ers,2.3000000000000003,-0.2249999999999999,0,No,No,No,No,No,0,No,0.0,0.0,-1.97,8.506,2.619,3.028,2.619,3.028,1.594,-0.2970000000000001,-0.3759999999999999,8.209000000000001,San Francisco 49ers,0.4090000000000002,San Francisco 49ers,0.4090000000000002,2.619,3.028,San Francisco 49ers,0.4090000000000002,Tie,0.0,San Francisco 49ers,10.476,-0.985,4.253,San Francisco 49ers,5.238,Tampa Bay Buccaneers,1.891,San Francisco 49ers,8.585,0.609,3.956000000000001,San Francisco 49ers,3.347000000000001,Different,Same,Different,Same,Different,Same,False,Away Team,Home Team,41.5,-950.0,625.0,San Francisco 49ers,Tampa Bay Buccaneers,-13.5,13.5,108,-131,-397,302,1.891,-1.891,-8.585,8.585,0.1379,0.9048,0.5671,0.4808,0.2488,0.7988,0.1323,0.8677,0.5412,0.4588,0.2375,0.7625,0.1323,0.8677,-0.3677,0.3677,65.0,10.0,95,10.0,65.0,0.0,nfl_read_py Fallback,False,B.Mayfield,M.Jones,-6.98,-7.0,13.19,174.06,Medium,-16.0,3.0,49.87,50.0,13.370132746159628,33.0,68.0,0.7038,0.296,0.087,0.0868,0.3036,0.6964,0.7284,0.2716,11,2023-11-19,Tampa Bay Buccaneers @ San Francisco 49ers,0.6982,0.3018,-231,231,,,,,,,,No Bet,,No Bet,,No Bet,,No Bet,,No Bet,,No Bet,,No Bet,,No Bet,,No Bet,,,,,,,,,,,,,,,0.3017,0.2225,0.3038,0.2694,0.675,0.7481,0.325,0.2519,0.0776,-0.3344,0.3026,0.1123,0.5133,0.0317,11,0.0120142857142857,0.2627714285714285,San Francisco 49ers,Tampa Bay Buccaneers,0,1,1,0,0,0,1,0,0,0,1,0,0,2.5,5.0,,,499.9552487938695,0.0914989032426385,0.9442795160082602,0.0740798176140715,0.0079733860466373,25.17165693965419,0.5642276372151042,3.837974199742133,3.70053152540851,0.0503478201306621,0.0076766354768774,0.0011285562829399,0.0074017255231062,0.0150783609999837,4.264759162623614,29.00963113939633,0.0580244556075396,0.0085302818060461,811.0,408.0,0.1323,0.8677,0.2522,0.7476,0.166,0.8334,San Francisco 49ers,San Francisco 49ers,San Francisco 49ers,San Francisco 49ers,San Francisco 49ers,Same,Same,Same,False,False,0.0580244556075396,0.0085302818060461,0.0740798176140715,0.0079733860466373,0.0580244556075396,0.0085302818060461,0.0801907239976005,0.010319161095609,1.2207386320275357,0.20609784903107828,0.9118782135492471,1.2643624685146806,1.2650398194628465,0.44685059401852806,1.2275434829244718,0.590858451897011,1.1724068041136961,0.5764562906431892
2023_11_NYJ_BUF,2023,11,2023-11-19,16:25,New York Jets,Buffalo Bills,Home,Zach Wilson,Josh Allen,00-0037013,00-0034857,7,6,1,-1,6,-6,Highmark Stadium,42.7725,-78.7877,America/New_York,False,True,11,11,Sunday,False,False,0,False,False,0,6,-6,AFC East,MetLife Stadium,40.8136,-74.0744,America/New_York,AFC East,Highmark Stadium,42.7725,-78.7877,America/New_York,Las Vegas Raiders,Denver Broncos,Allegiant Stadium,Highmark Stadium,Miami Dolphins,Philadelphia Eagles,MetLife Stadium,Lincoln Financial Field,278,0,-278,278,0.0,0.0,America/Los_Angeles,America/New_York,-3.0,0.0,0.0,0.0,0.0,0,-3.725,4.795,-3.725,4.795,Buffalo Bills,8.52,Buffalo Bills,8.52,-3.725,4.795,Buffalo Bills,8.52,0.0,0,No,No,No,No,No,1,Yes,0.0,0.0,-1.783,8.815,-3.83129,5.05829,-3.83129,5.05829,-0.1914899999999999,0.3484899999999999,-1.86851,9.05751,Buffalo Bills,8.889579999999999,Buffalo Bills,8.889579999999999,-3.83129,5.05829,Buffalo Bills,8.889579999999999,Tie,0.0,Buffalo Bills,10.598,-0.8915,4.4075,Buffalo Bills,5.299,Buffalo Bills,0.5399799999999999,Buffalo Bills,10.92602,-1.0299999999999998,4.702999999999999,Buffalo Bills,5.732999999999999,Different,Same,Same,Same,Different,Same,False,Home Team,Home Team,39.5,-395.0,310.0,Buffalo Bills,New York Jets,-8.0,8.0,-116,-104,-567,406,-0.5399799999999999,0.5399799999999999,-10.92602,10.92602,0.2439,0.798,0.5098,0.537,0.1976,0.8501,0.2341,0.7659,0.487,0.513,0.1886,0.8114,0.2341,0.7659,-0.2659,0.2659,40.0,9.0,96,9.0,40.0,0.0,nfl_read_py Fallback,False,J.Fields,J.Allen,0.5,1.0,14.33,205.46,High,-10.0,10.0,47.73,47.0,13.190527434594896,32.0,65.0,0.4874,0.512,0.0816,0.0816,0.29,0.6956,0.7216,0.2784,11,2023-11-19,New York Jets @ Buffalo Bills,0.6444,0.3554,-181,181,,,,,,,,No Bet,,No Bet,,No Bet,,No Bet,,No Bet,,No Bet,,No Bet,,No Bet,,No Bet,,,,,,,,,,,,,,,0.2914,0.3369,0.3112,0.3184,0.6401,0.6142,0.3599,0.3858,0.1574,-0.3847,0.2138,-0.0835,0.1883,-0.0426,11,-0.1273142857142857,0.1282166666666666,Buffalo Bills,New York Jets,0,1,1,0,1,1,0,0,0,0,1,1,1,1.5,4.0,,,499.9552487938695,0.0032159689592759,0.9874373270685374,0.0183394164214669,0.008594854291754,1.231445085783391,1.002282318337008,0.3763954753647889,3.279145782205529,0.0024631106259094,0.0007528583333665,0.0020047440661038,0.0065588785998674,0.0073117369332339,4.281428100542537,1.60784056114818,0.0032159689592759,0.0085636226659713,811.0,408.0,0.2341,0.7659,0.3674,0.6324,0.5122,0.4872,Buffalo Bills,New York Jets,Buffalo Bills,New York Jets,Buffalo Bills,Same,Same,Same,False,False,0.0032159689592759,0.0085636226659713,0.0183394164214669,0.008594854291754,0.0032159689592759,0.0085636226659713,0.0292782331833857,0.0112403981741159,1.089086529493669,0.3377499515649432,1.1030826724725393,1.0731580095913849,1.384264988922214,0.32762542455915705,0.8775135497871607,0.940888385034324,1.1194794717104193,0.6293836230464678
2023_11_SEA_LA,2023,11,2023-11-19,16:25,Seattle Seahawks,Los Angeles Rams,Home,Geno Smith,Matthew Stafford,00-0030565,00-0026498,7,14,-7,7,-6,-7,SoFi Stadium,33.9535,-118.3395,America/Los_Angeles,False,False,11,11,Sunday,False,False,0,False,False,0,-6,-7,NFC West,Lumen Field,47.5952,-122.3316,America/Los_Angeles,NFC West,SoFi Stadium,33.9535,-118.3395,America/Los_Angeles,Washington Commanders,Green Bay Packers,Lumen Field,Lambeau Field,San Francisco 49ers,Arizona Cardinals,Lumen Field,State Farm Stadium,964,0,-964,964,0.0,0.0,America/Los_Angeles,America/Chicago,0.0,2.0,0.0,0.0,0.0,0,-0.13,1.29,-0.13,1.29,Los Angeles Rams,1.42,Los Angeles Rams,1.42,-0.13,1.29,Los Angeles Rams,1.42,0.0,0,No,No,No,No,No,1,No,0.0,0.0,1.265,1.559,0.1896949999999999,1.1398049999999995,0.1896949999999999,1.1398049999999995,0.3054949999999999,-0.135995,1.5734349999999997,1.420065,Los Angeles Rams,0.9501099999999998,Los Angeles Rams,0.9501099999999998,0.1896949999999999,1.1398049999999995,Los Angeles Rams,0.9501099999999998,Tie,0.0,Los Angeles Rams,0.294,0.6325,0.7795,Los Angeles Rams,0.147,Seattle Seahawks,0.4414899999999999,Seattle Seahawks,0.1533699999999997,0.9394649999999998,0.6420349999999999,Seattle Seahawks,0.2974299999999998,Different,Different,Different,Different,Different,Different,False,Away Team,Away Team,45.0,-135.0,114.0,Los Angeles Rams,Seattle Seahawks,-2.5,2.5,-104,-116,-110,-110,0.4414899999999999,-0.4414899999999999,0.1533699999999997,-0.1533699999999997,0.4673,0.5745,0.537,0.5098,0.5238,0.5238,0.4486,0.5514,0.513,0.487,0.5,0.5,0.4486,0.5514,-0.0514,0.0514,,,97,0.0,70.0,0.0,Dome,True,S.Darnold,M.Stafford,-7.67,-8.0,13.25,175.59,Medium,-17.0,3.0,49.54,49.0,13.670521013807695,32.0,67.10000000000036,0.7188,0.281,0.0782,0.077,0.6864,0.3136,0.6024,0.3744,11,2023-11-19,Seattle Seahawks @ Los Angeles Rams,0.5643,0.4356,-130,130,,,,,,,,No Bet,,No Bet,,No Bet,,No Bet,,No Bet,,No Bet,,No Bet,,No Bet,,No Bet,,,,,,,,,,,,,,,0.3454,0.3131,0.2532,0.2943,0.6951,0.7122,0.3049,0.2878,-0.112,-0.0073,0.0504,0.1594,0.1155,-0.0144,11,-0.1069571428571428,0.0521571428571428,Los Angeles Rams,Seattle Seahawks,0,1,1,0,1,1,0,0,0,0,1,1,1,1.5,3.0,,,499.9552487938695,0.8380894282635699,0.1344261351754135,0.0150773517362767,0.0066384028379387,2.358134727741163,2.009166533538389,1.9184969874223536,2.4695818693559253,0.0047166916107593,0.0038373374258009,0.004018692749772,0.0049396058453506,0.0087769432711516,4.478748402894315,4.276631715163517,0.0085540290365603,0.0089582985951226,811.0,408.0,0.4486,0.5514,0.4178,0.5818,0.2888,0.7098,Los Angeles Rams,Los Angeles Rams,Los Angeles Rams,Los Angeles Rams,Los Angeles Rams,Same,Same,Same,False,False,0.0085540290365603,0.0089582985951226,0.0150773517362767,0.0066384028379387,0.0085540290365603,0.0089582985951226,0.021068489987188,0.0080344445617708,0.7823342067166111,0.6445022743420012,1.0483013016856384,1.1279393803782873,0.8492903200216707,0.862600093459703,1.3008640526774387,0.5175378821440463,0.9799513195223041,0.768911775234583
2023_11_MIN_DEN,2023,11,2023-11-19,20:20,Minnesota Vikings,Denver Broncos,Home,Joshua Dobbs,Russell Wilson,00-0033949,00-0029263,7,6,1,-1,0,3,Empower Field at Mile High,39.7648,-105.0076,America/Denver,False,False,11,11,Sunday,False,False,0,False,False,0,0,3,NFC North,U.S. Bank Stadium,44.9738,-93.2575,America/Chicago,AFC West,Empower Field at Mile High,39.7648,-105.0076,America/Denver,New Orleans Saints,Buffalo Bills,U.S. Bank Stadium,Highmark Stadium,Chicago Bears,Cleveland Browns,U.S. Bank Stadium,Empower Field at Mile High,698,0,-698,698,1.0,0.0,America/Chicago,America/New_York,1.0,2.0,1.0,0.0,1.0,0,0.27,2.05,0.27,2.05,Denver Broncos,1.7799999999999998,Denver Broncos,1.7799999999999998,0.27,2.05,Denver Broncos,1.7799999999999998,0.0,0,No,No,No,No,No,0,Yes,0.0,0.0,-3.191,-8.65,0.979,3.707,0.979,3.707,0.7090000000000001,1.657,-2.482,-6.992999999999999,Denver Broncos,2.728,Denver Broncos,2.728,0.979,3.707,Denver Broncos,2.728,Tie,0.0,Minnesota Vikings,5.4590000000000005,-1.5955,-4.325,Minnesota Vikings,2.7295000000000003,Denver Broncos,0.948,Minnesota Vikings,4.511,-0.8864999999999996,-2.668,Minnesota Vikings,1.7815,Different,Different,Same,Different,Different,Same,False,Home Team,Away Team,43.5,-142.0,120.0,Denver Broncos,Minnesota Vikings,-2.5,2.5,-122,101,181,-224,-0.948,0.948,4.511,-4.511,0.4545,0.5868,0.4975,0.5495,0.6914,0.3559,0.4365,0.5635,0.4752,0.5248,0.6602,0.3398,0.4365,0.5635,-0.0635,0.0635,53.0,3.0,98,3.0,53.0,0.0,nfl_read_py Fallback,False,C.Wentz,B.Nix,3.66,5.0,13.68,187.2,Med-High,-7.0,13.0,45.53,45.0,12.827773826984604,29.0,62.0,0.3898,0.6088,0.0856,0.0792,0.36,0.64,0.5342,0.4658,11,2023-11-19,Minnesota Vikings @ Denver Broncos,0.4545,0.5452,120,-120,,,,,,,,No Bet,,No Bet,,No Bet,,No Bet,,No Bet,,No Bet,,No Bet,,No Bet,,No Bet,,,,,,,,,,,,,,,0.3287,0.3769,0.2984,0.2705,0.7431,0.6727,0.2569,0.3273,-0.0906,-0.0262,0.1153,0.1532,-0.2523,0.1804,11,-0.0231833333333333,-0.0124142857142857,Denver Broncos,Minnesota Vikings,0,1,1,0,0,1,1,0,0,0,1,1,0,2.5,2.5,,,499.9552487938695,0.9646273386543024,0.8990123633019795,0.022758880852258,0.0084312385794611,4.100459088873782,1.8772376541553293,3.176309480556177,2.4234213473459985,0.008201652245408,0.0063531875867269,0.0037548113729861,0.004847276537635,0.0112004641243619,4.300659001501328,7.276768569429958,0.0145548398321349,0.0086020879106211,811.0,408.0,0.4365,0.5635,0.5075,0.4923,0.5934,0.4058,Denver Broncos,Minnesota Vikings,Minnesota Vikings,Minnesota Vikings,Minnesota Vikings,Same,Same,Same,False,False,0.0145548398321349,0.0086020879106211,0.022758880852258,0.0084312385794611,0.0145548398321349,0.0086020879106211,0.0290347505733576,0.0109689469882924,0.7965446413100498,0.6302918397485635,1.1225137846856272,1.0537268973782934,0.5716578378384273,1.1402325756429474,0.6966112171805956,1.1217907176408914,0.7830550157960424,0.9658080789608471
2023_11_PHI_KC,2023,11,2023-11-20,20:15,Philadelphia Eagles,Kansas City Chiefs,Home,Jalen Hurts,Patrick Mahomes,00-0036389,00-0033873,15,15,0,0,2,7,GEHA Field at Arrowhead Stadium,39.0489,-94.4839,America/Chicago,False,False,11,11,Monday,False,False,0,False,False,0,2,7,NFC East,Lincoln Financial Field,39.9008,-75.1675,America/New_York,AFC West,GEHA Field at Arrowhead Stadium,39.0489,-94.4839,America/Chicago,Dallas Cowboys,Miami Dolphins,Lincoln Financial Field,GEHA Field at Arrowhead Stadium,Buffalo Bills,Las Vegas Raiders,Lincoln Financial Field,Allegiant Stadium,1029,0,-1029,1029,1.0,0.0,America/New_York,America/Chicago,1.0,0.0,1.0,0.0,1.0,0,4.905,4.395,4.905,4.395,Philadelphia Eagles,0.5100000000000007,Philadelphia Eagles,0.5100000000000007,4.905,4.395,Philadelphia Eagles,0.5100000000000007,0.0,0,No,No,No,No,No,0,No,0.0,0.0,8.409,8.791,4.8995,4.9735,4.8995,4.9735,-0.0055,0.5785,8.4035,9.3695,Kansas City Chiefs,0.0739999999999998,Kansas City Chiefs,0.0739999999999998,4.8995,4.9735,Kansas City Chiefs,0.0739999999999998,Tie,0.0,Kansas City Chiefs,0.3819999999999997,4.2045,4.3955,Kansas City Chiefs,0.1909999999999998,Kansas City Chiefs,0.5840000000000001,Kansas City Chiefs,0.9660000000000012,4.199,4.974,Kansas City Chiefs,0.7750000000000004,Different,Different,Same,Same,Different,Same,False,Home Team,Home Team,46.0,-148.0,124.0,Kansas City Chiefs,Philadelphia Eagles,-2.5,2.5,-116,-104,-122,101,-0.5840000000000001,0.5840000000000001,-0.9660000000000012,0.9660000000000012,0.4464,0.5968,0.5098,0.537,0.4975,0.5495,0.4279,0.5721,0.487,0.513,0.4752,0.5248,0.4279,0.5721,-0.0721,0.0721,45.0,12.0,99,12.0,45.0,0.0,nfl_read_py Fallback,False,J.Hurts,P.Mahomes,-2.5,-3.0,14.23,202.59,High,-12.0,8.0,53.09,53.0,13.45450965312379,36.0,71.0,0.573,0.4264,0.0728,0.0866,0.5372,0.4628,0.684,0.2908,11,2023-11-20,Philadelphia Eagles @ Kansas City Chiefs,0.5457,0.4541,-120,120,,,,,,,,No Bet,,No Bet,,No Bet,,No Bet,,No Bet,,No Bet,,No Bet,,No Bet,,No Bet,,,,,,,,,,,,,,,0.2746,0.2719,0.2641,0.3298,0.6482,0.6484,0.3518,0.3516,-0.0051,-0.1157,0.2564,0.1135,0.3131,0.3028,11,0.1352285714285714,0.1811428571428571,Kansas City Chiefs,Philadelphia Eagles,0,1,1,0,0,0,0,0,0,0,0,0,0,4.0,4.5,,,499.9552487938695,0.1490247794178889,0.6615590518444735,0.0063912260866982,0.0061904420687669,1.9661681193571183,1.8663282104242465,1.470587901193691,2.4952707856595264,0.0039326882237969,0.0029414390682795,0.0037329905325061,0.0049909882768093,0.0079324273450889,4.361598996083773,3.4367560205508094,0.0068741272920764,0.0087239788093154,811.0,408.0,0.4279,0.5721,0.4354,0.5644,0.4422,0.5568,Kansas City Chiefs,Kansas City Chiefs,Kansas City Chiefs,Kansas City Chiefs,Kansas City Chiefs,Same,Same,Same,False,False,0.0068741272920764,0.0087239788093154,0.0063912260866982,0.0061904420687669,0.0068741272920764,0.0087239788093154,0.0089355156373161,0.0074991110456762,0.8161891206368052,0.6106473604218072,1.1161368883240985,1.0601037937398259,0.8982421119329979,0.813648301548381,1.0417670768131853,0.7766348580083001,0.9541886348202838,0.7946744599366061
2023_12_GB_DET,2023,12,2023-11-23,12:30,Green Bay Packers,Detroit Lions,Home,Jordan Love,Jared Goff,00-0036264,00-0033106,4,4,0,0,5,3,Ford Field,42.3395,-83.045,America/Detroit,False,False,Thanksgiving,12,Thursday,False,False,0,False,False,0,5,3,NFC North,Lambeau Field,44.5013,-88.0622,America/Chicago,NFC North,Ford Field,42.3395,-83.045,America/Detroit,Los Angeles Chargers,Chicago Bears,Lambeau Field,Ford Field,Kansas City Chiefs,New Orleans Saints,Lambeau Field,Caesars Superdome,292,0,-292,292,-1.0,0.0,America/Chicago,America/Detroit,-1.0,0.0,-1.0,0.0,-1.0,0,3.535,4.305,3.535,4.305,Detroit Lions,0.7699999999999996,Detroit Lions,0.7699999999999996,3.535,4.305,Detroit Lions,0.7699999999999996,0.0,0,No,No,No,No,No,1,No,0.0,0.0,-4.219,3.996,4.030195,4.245305,4.030195,4.245305,0.487495,-0.0519949999999999,-3.649355,3.861855,Detroit Lions,0.2151100000000001,Detroit Lions,0.2151100000000001,4.030195,4.245305,Detroit Lions,0.2151100000000001,Tie,0.0,Detroit Lions,8.215,-2.1095,1.998,Detroit Lions,4.1075,Green Bay Packers,0.53949,Detroit Lions,7.51121,-1.5809300000000002,1.90493,Detroit Lions,3.48586,Different,Same,Different,Same,Different,Same,False,Away Team,Home Team,47.0,-425.0,330.0,Detroit Lions,Green Bay Packers,-8.5,8.5,-104,-116,-346,268,0.53949,-0.53949,-7.51121,7.51121,0.2326,0.8095,0.537,0.5098,0.2717,0.7758,0.2232,0.7768,0.513,0.487,0.2594,0.7406,0.2232,0.7768,-0.2768,0.2768,,,100,0.0,70.0,0.0,Dome,True,J.Love,J.Goff,-4.37,-5.0,13.51,182.63,Med-High,-14.0,5.0,59.75,60.0,14.588963627754593,41.0,79.0,0.6252,0.374,0.0932,0.0922,0.378,0.622,0.7848,0.1882,12,2023-11-23,Green Bay Packers @ Detroit Lions,0.6574,0.3424,-192,192,,,,,,,,No Bet,,No Bet,,No Bet,,No Bet,,No Bet,,No Bet,,No Bet,,No Bet,,No Bet,,,,,,,,,,,,,,,0.282,0.1986,0.3201,0.3282,0.6287,0.6162,0.3713,0.3838,-0.1944,-0.2632,0.2815,0.1438,0.1703,-0.0551,12,0.0603666666666666,0.0788833333333333,Detroit Lions,Green Bay Packers,0,0,0,0,1,1,0,0,0,0,1,1,1,3.0,3.5,,,360.5005836232376,0.2474861560696768,0.931486974116972,0.2474133420853252,0.0820094694233396,69.3052443955506,10.112643470369765,19.91365930623956,35.19489895960229,0.192247246034925,0.0552389100347518,0.0280516701768743,0.0976278557051791,0.152866765739931,45.30754242997206,89.21890370179017,0.2474861560696768,0.117709353793887,446.0,365.0,0.2232,0.7768,0.3427,0.6571,0.368,0.6312,Detroit Lions,Detroit Lions,Detroit Lions,Detroit Lions,Detroit Lions,Same,Same,Same,False,False,0.2474861560696768,0.1256795258820534,0.2474133420853252,0.0820094694233396,0.2474861560696768,0.1256795258820534,0.2437557146251855,0.0565506340920764,1.1839688119149647,0.4678457750420796,0.8971249891438733,1.4189142313712204,1.2335721888014775,0.6218222923131957,0.9813358491179416,0.8219448122166784,1.0859283336198702,0.8111607536029156
2023_12_WAS_DAL,2023,12,2023-11-23,16:30,Washington Commanders,Dallas Cowboys,Home,Sam Howell,Dak Prescott,00-0037077,00-0033077,4,4,0,0,4,-3,AT&T Stadium,32.7369,-97.0826,America/Chicago,False,False,Thanksgiving,12,Thursday,False,False,0,False,False,0,4,-3,NFC East,FedExField,38.9077,-76.8645,America/New_York,NFC East,AT&T Stadium,32.7369,-97.0826,America/Chicago,New York Giants,Carolina Panthers,FedExField,Bank of America Stadium,Miami Dolphins,Seattle Seahawks,FedExField,AT&T Stadium,1206,0,-1206,1206,1.0,0.0,America/New_York,America/New_York,1.0,1.0,1.0,0.0,1.0,0,1.45,-0.615,1.45,-0.615,Washington Commanders,2.065,Washington Commanders,2.065,1.45,-0.615,Washington Commanders,2.065,0.0,0,No,No,No,No,No,1,No,0.0,0.0,-1.022,5.882,2.53775,0.4062499999999999,2.53775,0.4062499999999999,1.1084,1.0006,0.1554399999999999,6.813559999999999,Washington Commanders,2.1315,Washington Commanders,2.1315,2.53775,0.4062499999999999,Washington Commanders,2.1315,Tie,0.0,Dallas Cowboys,6.904,-0.511,2.941,Dallas Cowboys,3.452,Washington Commanders,0.1078000000000001,Dallas Cowboys,6.658119999999999,0.63192,3.90708,Dallas Cowboys,3.27516,Different,Different,Same,Different,Different,Same,False,Away Team,Home Team,48.0,-800.0,550.0,Dallas Cowboys,Washington Commanders,-13.0,13.0,-110,-110,-282,224,0.1078000000000001,-0.1078000000000001,-6.658119999999999,6.658119999999999,0.1538,0.8889,0.5238,0.5238,0.3086,0.7382,0.1475,0.8525,0.5,0.5,0.2948,0.7052,0.1475,0.8525,-0.3525,0.3525,,,101,0.0,70.0,0.0,Dome,True,J.Daniels,D.Prescott,-11.49,-12.0,13.52,182.71,Med-High,-21.0,-3.0,53.79,53.0,13.524615731551757,37.0,72.0,0.8042,0.1954,0.056,0.0654,0.723,0.277,0.5532,0.4468,12,2023-11-23,Washington Commanders @ Dallas Cowboys,0.7155,0.2844,-251,252,,,,,,,,No Bet,,No Bet,,No Bet,,No Bet,,No Bet,,No Bet,,No Bet,,No Bet,,No Bet,,,,,,,,,,,,,,,0.2949,0.3401,0.3968,0.3095,0.6958,0.6796,0.3042,0.3204,-0.1879,-0.4457,0.1492,0.043,0.1819,-0.0692,12,-0.26768,0.1440999999999999,Dallas Cowboys,Washington Commanders,0,0,0,0,0,0,1,1,0,0,1,1,1,0.0,4.0,,,360.5005836232376,0.1024264778901627,0.1678824078401369,0.36433119189019,0.0621538296233594,31.47839631183956,7.986603839344211,5.446408746036755,46.15986286807418,0.0873185724013637,0.015107905488799,0.0221542050197929,0.1280437951143964,0.1431517006031954,54.146466707418384,36.92480505787631,0.1024264778901627,0.1500230851802479,446.0,365.0,0.1475,0.8525,0.2983,0.7016,0.1872,0.8124,Dallas Cowboys,Dallas Cowboys,Dallas Cowboys,Dallas Cowboys,Dallas Cowboys,Same,Same,Same,False,False,0.1024264778901627,0.1501980001341893,0.36433119189019,0.0621538296233594,0.1024264778901627,0.1501980001341893,0.5175627751080135,0.0101224168124957,1.2529619976989528,0.3988525892580914,0.7837869130980941,1.5322523074169996,1.0449163796988183,0.8104781014158551,1.230102102224535,0.573178559110085,1.0822392269883516,0.814849860234434
2023_12_SF_SEA,2023,12,2023-11-23,20:20,San Francisco 49ers,Seattle Seahawks,Home,Brock Purdy,Geno Smith,00-0037834,00-0030565,4,4,0,0,-12,-6,Lumen Field,47.5952,-122.3316,America/Los_Angeles,False,False,Thanksgiving,12,Thursday,False,False,0,False,False,0,-12,-6,NFC West,Levi's Stadium,37.4031,-121.9702,America/Los_Angeles,NFC West,Lumen Field,47.5952,-122.3316,America/Los_Angeles,Tampa Bay Buccaneers,Los Angeles Rams,Levi's Stadium,SoFi Stadium,Philadelphia Eagles,Dallas Cowboys,Lincoln Financial Field,AT&T Stadium,704,0,-704,704,0.0,0.0,America/Los_Angeles,America/Los_Angeles,0.0,0.0,0.0,0.0,0.0,0,3.325,-0.13,3.325,-0.13,San Francisco 49ers,3.455,San Francisco 49ers,3.455,3.325,-0.13,San Francisco 49ers,3.455,0.0,0,No,No,No,No,No,1,No,0.0,0.0,8.506,1.265,2.38213,-1.52513,2.38213,-1.52513,-0.90832,-1.42968,7.525270000000001,-0.0922700000000001,San Francisco 49ers,3.90726,San Francisco 49ers,3.90726,2.38213,-1.52513,San Francisco 49ers,3.90726,Tie,0.0,San Francisco 49ers,7.241,4.253,0.6325,San Francisco 49ers,3.6205,San Francisco 49ers,0.52136,San Francisco 49ers,7.617540000000001,3.3084750000000005,-0.7609750000000001,San Francisco 49ers,4.069450000000001,Different,Same,Same,Same,Different,Same,False,Away Team,Away Team,43.5,280.0,-355.0,San Francisco 49ers,Seattle Seahawks,7.0,-7.0,-104,-116,268,-346,0.52136,-0.52136,7.617540000000001,-7.617540000000001,0.7802,0.2632,0.537,0.5098,0.7758,0.2717,0.7478,0.2522,0.513,0.487,0.7406,0.2594,0.7478,0.2522,0.2478,-0.2478,39.0,4.0,102,4.0,39.0,0.0,nfl_read_py Fallback,False,M.Jones,S.Darnold,9.38,10.0,13.5,182.25,Med-High,1.0,18.0,49.24,49.0,13.765145426246724,32.0,67.0,0.2478,0.7516,0.0718,0.0798,0.1894,0.8106,0.5104,0.4896,12,2023-11-23,San Francisco 49ers @ Seattle Seahawks,0.3116,0.6882,221,-221,,,,,,,,No Bet,,No Bet,,No Bet,,No Bet,,No Bet,,No Bet,,No Bet,,No Bet,,No Bet,,,,,,,,,,,,,,,0.3131,0.3017,0.2943,0.3038,0.7122,0.675,0.2878,0.325,-0.0073,0.0776,0.1594,0.3026,-0.0144,0.5133,12,0.2652666666666667,-0.0834833333333333,San Francisco 49ers,Seattle Seahawks,0,0,0,0,0,1,0,0,0,0,0,1,1,5.0,1.5,,,360.5005836232376,0.1288528667125858,0.0216747251881549,0.0552671276275061,0.025813765727797,11.715076786886716,5.843123057775903,34.7364568645277,1.97062802242723,0.0324966929849141,0.0963561737276716,0.0162083594957022,0.0054663656924526,0.1018225394201243,7.813751080203133,46.45153365141442,0.1288528667125858,0.0216747251881549,446.0,365.0,0.7478,0.2522,0.7001,0.2998,0.872,0.1272,San Francisco 49ers,San Francisco 49ers,San Francisco 49ers,San Francisco 49ers,San Francisco 49ers,Same,Same,Same,False,False,0.1288528667125858,0.0216747251881549,0.0552671276275061,0.025813765727797,0.1288528667125858,0.0216747251881549,0.0122880799512127,0.0312745220326482,0.40040479663375717,1.2514097903232873,1.0824428420528776,1.2335963784622161,0.45983227054863,1.3955622105660432,0.4272789293524729,1.376001731982147,0.5657209359112348,1.3313681513115507
2023_12_MIA_NYJ,2023,12,2023-11-24,15:00,Miami Dolphins,New York Jets,Home,Tua Tagovailoa,Tim Boyle,00-0036212,00-0034177,5,5,0,0,8,6,MetLife Stadium,40.8136,-74.0744,America/New_York,False,False,Thanksgiving,12,Friday,False,False,0,False,False,0,8,6,AFC East,Hard Rock Stadium,25.9602,-80.2384,America/New_York,AFC East,MetLife Stadium,40.8136,-74.0744,America/New_York,Las Vegas Raiders,Buffalo Bills,Hard Rock Stadium,Highmark Stadium,Washington Commanders,Atlanta Falcons,FedExField,MetLife Stadium,1085,0,-1085,1085,0.0,0.0,America/New_York,America/New_York,0.0,0.0,0.0,0.0,0.0,0,0.66,-3.725,0.66,-3.725,Miami Dolphins,4.385,Miami Dolphins,4.385,0.66,-3.725,Miami Dolphins,4.385,0.0,0,No,No,No,No,No,1,No,0.0,0.0,0.176,-1.783,-0.946755,-2.833745,-0.946755,-2.833745,-1.562905,0.847405,-1.406495,-0.916005,Miami Dolphins,1.88699,Miami Dolphins,1.88699,-0.946755,-2.833745,Miami Dolphins,1.88699,Tie,0.0,Miami Dolphins,1.959,0.088,-0.8915,Miami Dolphins,0.9795,New York Jets,2.41031,New York Jets,0.4904900000000001,-1.4847,-0.0343,New York Jets,1.4504,Different,Different,Different,Different,Different,Different,False,Home Team,Home Team,40.0,380.0,-500.0,Miami Dolphins,New York Jets,9.5,-9.5,-142,117,-116,-104,-2.41031,2.41031,-0.4904900000000001,0.4904900000000001,0.8333,0.2083,0.4608,0.5868,0.5098,0.537,0.8,0.2,0.4399,0.5601,0.487,0.513,0.8,0.2,0.3,-0.3,48.0,11.0,103,11.0,48.0,0.0,nfl_read_py Fallback,False,T.Tagovailoa,J.Fields,0.51,1.0,14.19,201.34,High,-10.0,10.0,48.2,47.0,13.424666758453078,32.0,66.0,0.4842,0.5156,0.0844,0.084,0.7154,0.2846,0.7046,0.2684,12,2023-11-24,Miami Dolphins @ New York Jets,0.4393,0.5606,128,-128,,,,,,,,No Bet,,No Bet,,No Bet,,No Bet,,No Bet,,No Bet,,No Bet,,No Bet,,No Bet,,,,,,,,,,,,,,,0.3369,0.2785,0.3184,0.3369,0.6142,0.7627,0.3858,0.2373,-0.3847,-0.0255,-0.0835,0.1938,-0.0426,0.2394,12,0.1208666666666666,-0.0985333333333333,Miami Dolphins,New York Jets,0,0,0,0,1,1,0,0,0,0,1,1,1,3.5,1.5,,,360.5005836232376,0.9846570754854096,0.03522344014435,0.0831609781882409,0.0798502954342412,13.587902053061343,10.158456583405084,54.35160821224538,2.539614145851271,0.0376917615957653,0.1507670463830614,0.02817875211548,0.00704468802887,0.1578117344119314,12.698070729256358,67.93951026530672,0.1805836794698664,0.03522344014435,446.0,365.0,0.8,0.2,0.5801,0.4197,0.5426,0.4566,Miami Dolphins,Miami Dolphins,Miami Dolphins,Miami Dolphins,Miami Dolphins,Same,Same,Same,False,False,0.1884588079788268,0.03522344014435,0.0831609781882409,0.0798502954342412,0.1884588079788268,0.03522344014435,0.019949647202436,0.1084962101759316,0.328777112906471,1.3230374740505733,1.29213383113481,1.0239053893802836,0.9485643748717458,0.9068301062429274,0.8700904145070225,0.9331902468275974,0.8300133947403994,1.0670756924823863
2023_12_NO_ATL,2023,13,2023-11-26,13:00,New Orleans Saints,Atlanta Falcons,Home,Derek Carr,Desmond Ridder,00-0031280,00-0038122,14,14,0,0,3,-10,Mercedes-Benz Stadium,33.7489,-84.388,America/New_York,False,False,12,12,Sunday,False,False,0,False,False,0,3,-10,NFC South,Caesars Superdome,29.9507,-90.0813,America/Chicago,NFC South,Mercedes-Benz Stadium,33.7489,-84.388,America/New_York,Minnesota Vikings,Arizona Cardinals,U.S. Bank Stadium,State Farm Stadium,Detroit Lions,New York Jets,Caesars Superdome,MetLife Stadium,424,0,-424,424,-1.0,0.0,America/Chicago,America/Denver,-1.0,-2.0,-1.0,0.0,-1.0,0,-6.145,-0.71,-6.145,-0.71,Atlanta Falcons,5.435,Atlanta Falcons,5.435,-6.145,-0.71,Atlanta Falcons,5.435,0.0,0,No,No,No,No,No,1,No,0.0,0.0,-1.274,-4.138,-5.440769999999999,1.14777,-5.440769999999999,1.14777,0.6498800000000001,1.91212,-0.6527599999999998,-2.19724,Atlanta Falcons,6.588539999999998,Atlanta Falcons,6.588539999999998,-5.440769999999999,1.14777,Atlanta Falcons,6.588539999999998,Tie,0.0,New Orleans Saints,2.864,-0.637,-2.069,New Orleans Saints,1.432,Atlanta Falcons,1.2622399999999998,New Orleans Saints,1.54448,-0.0014399999999998,-0.14256,New Orleans Saints,0.1411200000000002,Different,Different,Same,Different,Different,Same,False,Home Team,Away Team,42.0,110.0,-130.0,New Orleans Saints,Atlanta Falcons,2.0,-2.0,-128,105,105,-128,-1.2622399999999998,1.2622399999999998,1.54448,-1.54448,0.5652,0.4762,0.4878,0.5614,0.5614,0.4878,0.5427,0.4573,0.4649,0.5351,0.5351,0.4649,0.5427,0.4573,0.0427,-0.0427,,,104,0.0,70.0,0.0,Dome,True,S.Rattler,M.Penix,-0.06,1.0,13.31,177.2,Medium,-10.0,9.0,44.3,44.0,13.127171011446174,28.0,61.0,0.4896,0.5092,0.0902,0.087,0.5128,0.4676,0.5434,0.431,13,2023-11-26,New Orleans Saints @ Atlanta Falcons,0.4867,0.513,105,-105,,,,,,,,No Bet,,No Bet,,No Bet,,No Bet,,No Bet,,No Bet,,No Bet,,No Bet,,No Bet,,,,,,,,,,,,,,,0.3051,0.2581,0.2615,0.2661,0.735,0.6793,0.265,0.3207,-0.2105,-0.057,-0.0171,0.0533,0.0235,0.1277,13,0.0181166666666666,0.0064666666666666,New Orleans Saints,Atlanta Falcons,0,0,0,0,0,1,1,0,0,0,1,1,1,3.0,3.0,,,160.1874464982332,0.9200704504140218,0.637677076582146,0.012837935299442,0.0189362102976385,0.2271096181991363,0.6171440195062057,0.2695219545083562,0.5200294087344534,0.0014177741337654,0.0016825410505019,0.0038526366016641,0.0032463805379417,0.0049289215884436,1.1371734282406591,0.4966315727074926,0.0031003151842673,0.0070990171396058,237.0,209.0,0.5427,0.4573,0.5377,0.4618,0.5226,0.4758,New Orleans Saints,New Orleans Saints,New Orleans Saints,New Orleans Saints,New Orleans Saints,Same,Same,Same,False,False,0.0031003151842673,0.0070990171396058,0.012837935299442,0.0189362102976385,0.0031003151842673,0.0070990171396058,0.0204106680460219,0.0274590806289637,0.8185572258003023,0.9597980980592167,1.1557506003460216,0.9889720328205748,0.8314665355869217,0.9456471349084321,0.9877537552149892,1.0156555301456394,0.9405686108483063,0.9789370931531347
2023_12_PIT_CIN,2023,13,2023-11-26,13:00,Pittsburgh Steelers,Cincinnati Bengals,Home,Kenny Pickett,Jake Browning,00-0038102,00-0035100,7,10,-3,3,3,1,Paycor Stadium,39.0955,-84.5165,America/New_York,False,True,12,12,Sunday,False,False,0,False,False,0,3,1,AFC North,Acrisure Stadium,40.4468,-80.0158,America/New_York,AFC North,Paycor Stadium,39.0955,-84.5165,America/New_York,Cleveland Browns,Baltimore Ravens,FirstEnergy Stadium,M&T Bank Stadium,Arizona Cardinals,Jacksonville Jaguars,Acrisure Stadium,TIAA Bank Field,256,0,-256,256,0.0,0.0,America/New_York,America/New_York,0.0,0.0,0.0,0.0,0.0,0,-0.565,1.31,-0.565,1.31,Cincinnati Bengals,1.875,Cincinnati Bengals,1.875,-0.565,1.31,Cincinnati Bengals,1.875,0.0,0,No,No,No,No,No,1,No,0.0,0.0,-2.272,1.891,-0.7605199999999999,3.9415200000000006,-0.7605199999999999,3.9415200000000006,-0.2142699999999999,2.65027,-2.44464,4.49964,Cincinnati Bengals,4.70204,Cincinnati Bengals,4.70204,-0.7605199999999999,3.9415200000000006,Cincinnati Bengals,4.70204,Tie,0.0,Cincinnati Bengals,4.163,-1.136,0.9455,Cincinnati Bengals,2.0815,Cincinnati Bengals,2.86454,Cincinnati Bengals,6.94428,-1.3294549999999998,3.574955,Cincinnati Bengals,4.90441,Different,Same,Same,Same,Different,Same,False,Home Team,Home Team,36.0,114.0,-135.0,Pittsburgh Steelers,Cincinnati Bengals,2.0,-2.0,-164,135,-319,249,-2.86454,2.86454,-6.94428,6.94428,0.5745,0.4673,0.4255,0.6212,0.2865,0.7613,0.5514,0.4486,0.4065,0.5935,0.2734,0.7266,0.5514,0.4486,0.0514,-0.0514,48.0,9.0,105,9.0,48.0,0.0,nfl_read_py Fallback,False,A.Rodgers,J.Browning,11.56,12.0,13.34,177.97,Medium,3.0,20.0,49.5,49.0,13.594695891827747,32.0,67.0,0.1908,0.8088,0.064,0.0678,0.205,0.7814,0.8242,0.1504,13,2023-11-26,Pittsburgh Steelers @ Cincinnati Bengals,0.4899,0.51,104,-104,,,,,,,,No Bet,,No Bet,,No Bet,,No Bet,,No Bet,,No Bet,,No Bet,,No Bet,,No Bet,,,,,,,,,,,,,,,0.2253,0.331,0.3297,0.2918,0.6843,0.7084,0.3157,0.2916,-0.0925,-0.0535,0.1701,-0.0011,0.1406,0.1434,13,0.0366666666666666,-0.0068166666666666,Pittsburgh Steelers,Cincinnati Bengals,0,0,0,0,0,1,1,0,0,0,1,1,1,3.5,3.0,,,160.1874464982332,0.8843806688572172,0.9582003560820572,0.0086783850125443,0.0473616761084759,0.1550422346298621,1.8965258802438096,0.1905713066761167,1.5429479685842815,0.000967880055642,0.0011896769119059,0.0118394163943722,0.0096321403600206,0.0108218172719266,3.439473848828092,0.3456135413059789,0.0021575569675479,0.0214715567543929,237.0,209.0,0.5514,0.4486,0.4736,0.526,0.6178,0.3808,Pittsburgh Steelers,Pittsburgh Steelers,Cincinnati Bengals,Pittsburgh Steelers,Pittsburgh Steelers,Same,Same,Different,False,False,0.0021575569675479,0.0214715567543929,0.0086783850125443,0.0473616761084759,0.0021575569675479,0.0214715567543929,0.014510737359326,0.0629245120743958,0.8314926904075927,0.9468626334519258,1.3214633911889728,0.8232592419776249,1.316933594144588,0.46018007635076696,0.410893703306046,1.5925155820545844,0.9804718808930787,0.9390338231083639
2023_12_JAX_HOU,2023,13,2023-11-26,13:00,Jacksonville Jaguars,Houston Texans,Home,Trevor Lawrence,C.J. Stroud,00-0036971,00-0039163,7,7,0,0,0,-3,NRG Stadium,29.6847,-95.4093,America/Chicago,False,False,12,12,Sunday,False,False,0,False,False,0,0,-3,AFC South,TIAA Bank Field,30.3239,-81.6554,America/New_York,AFC South,NRG Stadium,29.6847,-95.4093,America/Chicago,Tennessee Titans,Arizona Cardinals,TIAA Bank Field,NRG Stadium,Cincinnati Bengals,Denver Broncos,TIAA Bank Field,NRG Stadium,823,0,-823,823,1.0,0.0,America/New_York,America/Chicago,1.0,0.0,1.0,0.0,1.0,0,-1.825,0.035,-1.825,0.035,Houston Texans,1.86,Houston Texans,1.86,-1.825,0.035,Houston Texans,1.86,0.0,0,No,No,No,No,No,1,No,0.0,0.0,-0.831,-6.153,0.3121650000000002,-1.729665,0.3121650000000002,-1.729665,2.1185650000000003,-1.7460649999999998,1.2343450000000002,-7.845845,Jacksonville Jaguars,2.04183,Jacksonville Jaguars,2.04183,0.3121650000000002,-1.729665,Jacksonville Jaguars,2.04183,Tie,0.0,Jacksonville Jaguars,5.321999999999999,-0.4155,-3.0765,Jacksonville Jaguars,2.661,Jacksonville Jaguars,3.86463,Jacksonville Jaguars,9.08019,1.6764550000000005,-4.795954999999999,Jacksonville Jaguars,6.47241,Different,Different,Same,Same,Different,Same,False,Away Team,Away Team,48.0,-105.0,-115.0,Jacksonville Jaguars,Houston Texans,1.0,-1.0,171,-211,314,-416,3.86463,-3.86463,9.08019,-9.08019,0.5349,0.5122,0.6785,0.369,0.8062,0.2415,0.5108,0.4892,0.6477,0.3523,0.7695,0.2305,0.5108,0.4892,0.0108,-0.0108,,,106,0.0,70.0,0.0,Dome,True,T.Lawrence,C.Stroud,-2.73,-4.0,13.19,173.87,Medium,-11.0,7.0,51.41,51.0,13.797394067598828,33.0,69.0,0.5848,0.4138,0.091,0.0916,0.5862,0.394,0.5764,0.406,13,2023-11-26,Jacksonville Jaguars @ Houston Texans,0.4142,0.5854,141,-141,,,,,,,,No Bet,,No Bet,,No Bet,,No Bet,,No Bet,,No Bet,,No Bet,,No Bet,,No Bet,,,,,,,,,,,,,,,0.3754,0.2761,0.3534,0.3396,0.6751,0.6819,0.3249,0.3123,-0.2948,-0.2198,-0.0323,0.0712,-0.0025,0.1283,13,0.0617833333333333,0.0362166666666666,Jacksonville Jaguars,Houston Texans,0,0,0,0,1,0,0,1,0,0,1,1,1,3.5,3.5,,,160.1874464982332,0.9416242658586138,0.8384979933207215,0.0197517089702526,0.0181664491429596,0.5544598300185972,0.4078305635273541,0.5789412943039643,0.3905847918511778,0.0034613188619915,0.0036141489670999,0.0025459583284627,0.0024382983834846,0.0060524473505845,0.7984153553785319,1.1334011243225617,0.0070754678290914,0.0049842567119473,237.0,209.0,0.5108,0.4892,0.5815,0.4182,0.4504,0.5484,Jacksonville Jaguars,Houston Texans,Jacksonville Jaguars,Houston Texans,Jacksonville Jaguars,Same,Same,Same,False,False,0.0070754678290914,0.0049842567119473,0.0197517089702526,0.0181664491429596,0.0070754678290914,0.0049842567119473,0.028743325949551,0.0275547800335241,0.8685817879522323,0.909773535907287,0.7536519876261696,1.3910706455404278,0.408647590627102,1.3684660798682509,1.1698539422229135,0.8335553431377128,0.7934588011602236,1.12604690284122
2023_12_TB_IND,2023,13,2023-11-26,13:00,Tampa Bay Buccaneers,Indianapolis Colts,Home,Baker Mayfield,Gardner Minshew,00-0034855,00-0035289,7,14,-7,7,-4,5,Lucas Oil Stadium,39.7601,-86.1638,America/Indiana/Indianapolis,False,True,12,12,Sunday,False,False,0,False,False,0,-4,5,NFC South,Raymond James Stadium,27.9759,-82.5033,America/New_York,AFC South,Lucas Oil Stadium,39.7601,-86.1638,America/Indiana/Indianapolis,San Francisco 49ers,New England Patriots,Levi's Stadium,Gillette Stadium,Carolina Panthers,Tennessee Titans,Raymond James Stadium,Nissan Stadium,840,0,-840,840,0.0,0.0,America/Los_Angeles,America/New_York,-3.0,0.0,0.0,0.0,0.0,0,1.025,-2.265,1.025,-2.265,Tampa Bay Buccaneers,3.29,Tampa Bay Buccaneers,3.29,1.025,-2.265,Tampa Bay Buccaneers,3.29,0.0,0,No,No,No,No,No,0,No,0.0,0.0,-1.97,-2.838,1.7439999999999998,-4.452500000000001,1.7439999999999998,-4.452500000000001,0.7189999999999999,-2.1875,-1.2510000000000003,-5.0255,Tampa Bay Buccaneers,6.1965,Tampa Bay Buccaneers,6.1965,1.7439999999999998,-4.452500000000001,Tampa Bay Buccaneers,6.1965,Tie,0.0,Tampa Bay Buccaneers,0.8680000000000001,-0.985,-1.419,Tampa Bay Buccaneers,0.434,Tampa Bay Buccaneers,2.9065,Tampa Bay Buccaneers,3.7745,-0.2660000000000002,-3.6065,Tampa Bay Buccaneers,3.3405,Different,Same,Same,Same,Different,Same,False,Away Team,Away Team,45.0,-155.0,130.0,Indianapolis Colts,Tampa Bay Buccaneers,-2.5,2.5,135,-164,171,-211,2.9065,-2.9065,3.7745,-3.7745,0.4348,0.6078,0.6212,0.4255,0.6785,0.369,0.417,0.583,0.5935,0.4065,0.6477,0.3523,0.417,0.583,-0.083,0.083,,,107,0.0,70.0,0.0,Dome,True,B.Mayfield,D.Jones,-1.16,-3.0,12.79,163.52,Med-Low,-10.0,8.0,44.99,44.0,12.727543247281554,29.0,62.0,0.537,0.4608,0.0932,0.0918,0.5016,0.4984,0.4716,0.5032,13,2023-11-26,Tampa Bay Buccaneers @ Indianapolis Colts,0.4697,0.5297,113,-113,,,,,,,,No Bet,,No Bet,,No Bet,,No Bet,,No Bet,,No Bet,,No Bet,,No Bet,,No Bet,,,,,,,,,,,,,,,0.33,0.2225,0.2661,0.2694,0.6202,0.7481,0.3781,0.2519,-0.2658,-0.3344,-0.1245,0.1123,0.0655,0.0317,13,0.02785,-0.0031666666666666,Indianapolis Colts,Tampa Bay Buccaneers,0,0,0,0,0,0,1,1,0,0,1,1,0,3.0,3.0,,,160.1874464982332,0.9896993768025552,0.9427143933348257,0.0539911239188413,0.0112486940431004,4.50020619592799,0.0972808548144094,3.218843882850724,0.1360065668028793,0.0280933761933562,0.0200942330576836,0.000607293873153,0.0008490463502355,0.0209432794079191,0.2332874216172887,7.7190500787787135,0.0481876092510398,0.0014563402233886,237.0,209.0,0.417,0.583,0.4443,0.5555,0.4332,0.566,Indianapolis Colts,Indianapolis Colts,Indianapolis Colts,Indianapolis Colts,Tampa Bay Buccaneers,Same,Same,Different,False,False,0.0481876092510398,0.0014563402233886,0.0539911239188413,0.0112486940431004,0.0481876092510398,0.0014563402233886,0.0568961558766714,0.0189421972519491,0.9999349316385581,0.7784203922209623,0.8183541126185014,1.3263685205480955,0.5931812145157561,1.183932455979597,1.0277711320698735,0.9756381532907539,0.857836394842683,1.0616693091587603
2023_12_NE_NYG,2023,13,2023-11-26,13:00,New England Patriots,New York Giants,Home,Mac Jones,Tommy DeVito,00-0036972,00-0038476,14,7,7,-7,8,-11,MetLife Stadium,40.8136,-74.0744,America/New_York,False,False,12,12,Sunday,False,False,0,False,False,0,8,-11,AFC East,Gillette Stadium,42.0628,-71.2687,America/New_York,NFC East,MetLife Stadium,40.8136,-74.0744,America/New_York,Indianapolis Colts,Washington Commanders,Gillette Stadium,FedExField,Los Angeles Chargers,Green Bay Packers,Gillette Stadium,MetLife Stadium,169,0,-169,169,0.0,0.0,America/New_York,America/New_York,0.0,0.0,0.0,0.0,0.0,0,-1.995,-2.84,-1.995,-2.84,New England Patriots,0.8449999999999998,New England Patriots,0.8449999999999998,-1.995,-2.84,New England Patriots,0.8449999999999998,0.0,0,No,No,No,No,No,0,No,0.0,0.0,-1.213,-2.869,-1.5250000000000004,-4.3965,-1.5250000000000004,-4.3965,0.47,-1.5565000000000002,-0.7430000000000001,-4.4255,New England Patriots,2.8715,New England Patriots,2.8715,-1.5250000000000004,-4.3965,New England Patriots,2.8715,Tie,0.0,New England Patriots,1.656,-0.6065,-1.4345,New England Patriots,0.8280000000000001,New England Patriots,2.0265000000000004,New England Patriots,3.682499999999999,-0.1365,-2.991,New England Patriots,2.8545,Different,Same,Same,Same,Different,Same,False,Away Team,Away Team,36.5,180.0,-218.0,New England Patriots,New York Giants,4.5,-4.5,108,-131,156,-191,2.0265000000000004,-2.0265000000000004,3.682499999999999,-3.682499999999999,0.6855,0.3571,0.5671,0.4808,0.6564,0.3906,0.6575,0.3425,0.5412,0.4588,0.6269,0.3731,0.6575,0.3425,0.1575,-0.1575,43.0,6.0,108,6.0,43.0,0.0,nfl_read_py Fallback,False,D.Maye,J.Dart,-0.01,1.0,14.25,203.19,High,-10.0,10.0,40.71,40.0,12.85164687989462,25.0,57.0,0.4948,0.5032,0.0866,0.0826,0.5924,0.4076,0.6092,0.3908,13,2023-11-26,New England Patriots @ New York Giants,0.4173,0.5822,140,-139,,,,,,,,No Bet,,No Bet,,No Bet,,No Bet,,No Bet,,No Bet,,No Bet,,No Bet,,No Bet,,,,,,,,,,,,,,,0.3907,0.2277,0.3678,0.2962,0.6773,0.637,0.3227,0.363,-0.2367,-0.2427,0.0478,0.0422,0.0089,-0.0555,13,-0.204,-0.2266999999999999,New England Patriots,New York Giants,0,0,0,0,0,0,1,0,0,0,1,0,0,0.5,0.0,,,160.1874464982332,0.8184899047298836,0.9610288737326262,0.0083836934513462,0.2495180066632941,0.0418576004473301,34.11652025791516,0.0803543716616629,17.77172348035885,0.000261303874694,0.0005016271463104,0.2129787383700598,0.1109432971737574,0.1114449243200678,51.88824373827401,0.122211972108993,0.0007629310210044,0.3239220355438172,237.0,209.0,0.6575,0.3425,0.5829,0.4166,0.4278,0.5704,New England Patriots,New York Giants,New England Patriots,New England Patriots,New England Patriots,Same,Different,Same,False,False,0.0007629310210044,0.3239220355438172,0.0083836934513462,0.2495180066632941,0.0007629310210044,0.3239220355438172,0.0149054295469432,0.1925958767109885,0.8058592806160505,0.9724960432434695,1.2674424842408922,0.877280148925704,0.8601198165490681,0.9169938539462851,1.2307657500097344,0.7726435353508921,1.032330356833186,0.8871753471682564
2023_12_CAR_TEN,2023,13,2023-11-26,13:00,Carolina Panthers,Tennessee Titans,Home,Bryce Young,Will Levis,00-0039150,00-0039152,7,7,0,0,-1,12,Nissan Stadium,36.1664,-86.7716,America/Chicago,False,False,12,12,Sunday,False,False,0,False,False,0,-1,12,NFC South,Bank of America Stadium,35.2258,-80.8528,America/New_York,AFC South,Nissan Stadium,36.1664,-86.7716,America/Chicago,Dallas Cowboys,Jacksonville Jaguars,Bank of America Stadium,TIAA Bank Field,Tampa Bay Buccaneers,Indianapolis Colts,Raymond James Stadium,Nissan Stadium,338,0,-338,338,1.0,0.0,America/New_York,America/New_York,1.0,1.0,1.0,0.0,1.0,0,-5.25,-4.36,-5.25,-4.36,Tennessee Titans,0.8899999999999997,Tennessee Titans,0.8899999999999997,-5.25,-4.36,Tennessee Titans,0.8899999999999997,0.0,0,No,No,No,No,No,0,No,0.0,0.0,-6.873,-1.274,-6.391,-2.1060000000000003,-6.391,-2.1060000000000003,-1.141,2.254,-8.014,0.98,Tennessee Titans,4.285,Tennessee Titans,4.285,-6.391,-2.1060000000000003,Tennessee Titans,4.285,Tie,0.0,Tennessee Titans,5.599,-3.4365,-0.637,Tennessee Titans,2.7995,Tennessee Titans,3.395,Tennessee Titans,8.994,-4.5775,1.617,Tennessee Titans,6.1945,Different,Same,Same,Same,Different,Same,False,Home Team,Home Team,36.0,-175.0,145.0,Tennessee Titans,Carolina Panthers,-3.5,3.5,-191,156,-416,314,-3.395,3.395,-8.994,8.994,0.4082,0.6364,0.3906,0.6564,0.2415,0.8062,0.3908,0.6092,0.3731,0.6269,0.2305,0.7695,0.3908,0.6092,-0.1092,0.1092,51.0,13.0,109,13.0,51.0,0.0,nfl_read_py Fallback,False,B.Young,C.Ward,-0.12,-1.0,12.76,162.78,Med-Low,-10.0,9.0,37.06,36.0,11.870839815597948,22.0,53.0,0.5032,0.4956,0.0912,0.1032,0.4248,0.5752,0.4932,0.4584,13,2023-11-26,Carolina Panthers @ Tennessee Titans,0.6272,0.3725,-168,168,,,,,,,,No Bet,,No Bet,,No Bet,,No Bet,,No Bet,,No Bet,,No Bet,,No Bet,,No Bet,,,,,,,,,,,,,,,0.3803,0.2885,0.3131,0.2763,0.6891,0.6647,0.3109,0.3333,-0.291,-0.4301,0.0833,-0.0051,-0.0327,-0.0377,13,-0.1414833333333333,-0.1135166666666666,Tennessee Titans,Carolina Panthers,0,0,0,0,0,0,1,1,0,0,1,1,0,1.0,1.5,,,160.1874464982332,0.9849369781686244,0.9974716146522952,0.1474914538151707,0.0127667756199815,22.892568380283382,0.0725524041845251,14.685514975401754,0.113098578887443,0.1429111261882552,0.0916770651910212,0.000452921909741,0.0007060389647243,0.0923831041557455,0.1856509830719682,37.57808335568514,0.2345881913792764,0.0011589608744653,237.0,209.0,0.3908,0.6092,0.4605,0.5393,0.5214,0.4778,Tennessee Titans,Carolina Panthers,Tennessee Titans,Tennessee Titans,Tennessee Titans,Same,Different,Same,False,False,0.2345881913792764,0.0011589608744653,0.1474914538151707,0.0127667756199815,0.2345881913792764,0.0011589608744653,0.088403582635332,0.0214880452731915,0.9688657323226142,0.8094895915369054,1.1726738936084335,0.9720487395581614,1.2733705527463257,0.5037431177490288,0.8637614324656172,1.1396478528950087,1.0693738050823796,0.8501318989190627
2023_12_LA_ARI,2023,13,2023-11-26,16:05,Los Angeles Rams,Arizona Cardinals,Home,Matthew Stafford,Kyler Murray,00-0026498,00-0035228,7,7,0,0,-7,-3,State Farm Stadium,33.5277,-112.262608,America/Denver,False,False,12,12,Sunday,False,False,0,False,False,0,-7,-3,NFC West,SoFi Stadium,33.9535,-118.3395,America/Los_Angeles,NFC West,State Farm Stadium,33.5277,-112.262608,America/Denver,Seattle Seahawks,Houston Texans,SoFi Stadium,NRG Stadium,Cleveland Browns,Pittsburgh Steelers,SoFi Stadium,Acrisure Stadium,350,0,-350,350,-1.0,0.0,America/Los_Angeles,America/Chicago,-1.0,1.0,-1.0,0.0,-1.0,0,1.29,0.075,1.29,0.075,Los Angeles Rams,1.215,Los Angeles Rams,1.215,1.29,0.075,Los Angeles Rams,1.215,0.0,0,No,No,No,No,No,1,No,0.0,0.0,1.559,-3.672,1.1744899999999998,0.5855099999999999,1.1744899999999998,0.5855099999999999,-0.10336,0.4983599999999999,1.40333,-3.12133,Los Angeles Rams,0.58898,Los Angeles Rams,0.58898,1.1744899999999998,0.5855099999999999,Los Angeles Rams,0.58898,Tie,0.0,Los Angeles Rams,5.231,0.7795,-1.836,Los Angeles Rams,2.6155,Arizona Cardinals,0.60172,Los Angeles Rams,4.52466,0.6499849999999999,-1.311485,Los Angeles Rams,1.96147,Different,Same,Different,Same,Different,Same,False,Home Team,Away Team,45.0,124.0,-148.0,Los Angeles Rams,Arizona Cardinals,3.0,-3.0,-116,-104,181,-224,-0.60172,0.60172,4.52466,-4.52466,0.5968,0.4464,0.5098,0.537,0.6914,0.3559,0.5721,0.4279,0.487,0.513,0.6602,0.3398,0.5721,0.4279,0.0721,-0.0721,,,110,0.0,70.0,0.0,Dome,True,M.Stafford,K.Murray,9.45,10.0,13.44,180.53,Med-High,1.0,19.0,52.08,51.0,13.44734833621317,35.0,70.0,0.237,0.7624,0.0686,0.0728,0.2704,0.6918,0.6852,0.295,13,2023-11-26,Los Angeles Rams @ Arizona Cardinals,0.3794,0.6204,164,-163,,,,,,,,No Bet,,No Bet,,No Bet,,No Bet,,No Bet,,No Bet,,No Bet,,No Bet,,No Bet,,,,,,,,,,,,,,,0.23,0.3454,0.2958,0.2532,0.7598,0.6951,0.2402,0.3049,-0.3077,-0.112,0.0094,0.0504,-0.0726,0.1155,13,0.0488333333333333,-0.2285999999999999,Los Angeles Rams,Arizona Cardinals,0,0,0,0,1,0,0,1,0,0,1,1,1,3.5,0.0,,,160.1874464982332,0.9953771273829264,0.8315481497334757,0.011830687398944,0.0331441627471807,0.117772513213877,1.4682118318226187,0.1574612171293739,1.0981434064619793,0.000735216871162,0.0009829810048886,0.0091655860925332,0.0068553649519226,0.0078383459568113,2.566355238284598,0.2752337303432509,0.0017181978760507,0.0160209510444559,237.0,209.0,0.5721,0.4279,0.5823,0.4175,0.7408,0.2586,Los Angeles Rams,Los Angeles Rams,Los Angeles Rams,Los Angeles Rams,Los Angeles Rams,Same,Same,Same,False,False,0.0017181978760507,0.0160209510444559,0.011830687398944,0.0331441627471807,0.0017181978760507,0.0160209510444559,0.0196881661589877,0.044122061068907,0.7793660198213815,0.9989893040381383,1.1286323975345445,1.0160902356320494,0.6207467635532461,1.1563669069421074,0.49271337922404906,1.5106959061365768,0.749395638455751,1.1701100655456915
2023_12_CLE_DEN,2023,13,2023-11-26,16:05,Cleveland Browns,Denver Broncos,Home,Dorian Thompson-Robinson,Russell Wilson,00-0038583,00-0029263,7,7,0,0,6,3,Empower Field at Mile High,39.7648,-105.0076,America/Denver,False,False,12,12,Sunday,False,False,0,False,False,0,6,3,AFC North,FirstEnergy Stadium,41.5061,-81.6994,America/New_York,AFC West,Empower Field at Mile High,39.7648,-105.0076,America/Denver,Pittsburgh Steelers,Minnesota Vikings,FirstEnergy Stadium,Empower Field at Mile High,Los Angeles Rams,Houston Texans,SoFi Stadium,NRG Stadium,1223,0,-1223,1223,2.0,0.0,America/New_York,America/Denver,2.0,0.0,2.0,0.0,2.0,0,-4.705,2.05,-4.705,2.05,Denver Broncos,6.755,Denver Broncos,6.755,-4.705,2.05,Denver Broncos,6.755,-0.15,0,No,No,No,No,No,0,No,0.0,0.0,2.134,-8.65,-5.705,3.807,-5.705,3.807,-1.0,1.757,1.134,-6.893,Denver Broncos,9.512,Denver Broncos,9.512,-5.705,3.807,Denver Broncos,9.512,Tie,0.0,Cleveland Browns,10.784,1.067,-4.325,Cleveland Browns,5.392,Denver Broncos,2.757,Cleveland Browns,8.027,0.067,-2.568,Cleveland Browns,2.635,Different,Different,Same,Different,Different,Same,False,Home Team,Away Team,37.5,-125.0,105.0,Denver Broncos,Cleveland Browns,-1.5,1.5,-164,135,282,-366,-2.757,2.757,8.027,-8.027,0.4878,0.5556,0.4255,0.6212,0.7854,0.2618,0.4675,0.5325,0.4065,0.5935,0.75,0.25,0.4675,0.5325,-0.0325,0.0325,40.0,5.0,111,5.0,40.0,0.0,nfl_read_py Fallback,False,D.Gabriel,B.Nix,3.28,4.0,14.48,209.53,High,-7.0,14.0,46.19,46.0,12.965253634247194,30.0,63.0,0.4144,0.5838,0.0806,0.0694,0.395,0.605,0.7318,0.2682,13,2023-11-26,Cleveland Browns @ Denver Broncos,0.4476,0.552,123,-123,,,,,,,,No Bet,,No Bet,,No Bet,,No Bet,,No Bet,,No Bet,,No Bet,,No Bet,,No Bet,,,,,,,,,,,,,,,0.3287,0.3351,0.2984,0.2977,0.7431,0.6472,0.2569,0.3528,-0.0906,-0.3694,0.1153,0.0053,-0.2523,-0.0343,13,0.0147999999999999,-0.0199,Denver Broncos,Cleveland Browns,0,0,0,0,1,1,0,0,0,0,1,1,0,3.0,2.5,,,160.1874464982332,0.9532529906639,0.4543037775283745,0.0363917660095315,0.0117354081110351,1.411314518366783,0.1907036283583216,1.2390413846694297,0.217218571338623,0.0088103940053901,0.0077349468498025,0.001190502954677,0.0013560274296589,0.0090909742794614,0.4079221996969446,2.6503559030362123,0.0165453408551927,0.0025465303843359,237.0,209.0,0.4675,0.5325,0.5362,0.4636,0.5498,0.4492,Denver Broncos,Cleveland Browns,Cleveland Browns,Cleveland Browns,Cleveland Browns,Same,Same,Same,False,False,0.0165453408551927,0.0025465303843359,0.0363917660095315,0.0117354081110351,0.0165453408551927,0.0025465303843359,0.0488580346426,0.0190328339668098,0.9254011604189493,0.8529541634405706,1.2407075253792692,0.9040151077873263,0.42862849804630027,1.3484851724490532,0.8035356353858213,1.1998736499748062,0.8340071909215772,1.085498513079866
2023_12_KC_LV,2023,13,2023-11-26,16:25,Kansas City Chiefs,Las Vegas Raiders,Home,Patrick Mahomes,Aidan O'Connell,00-0033873,00-0038579,6,7,-1,1,6,-8,Allegiant Stadium,36.108,-115.1578,America/Los_Angeles,False,False,12,12,Sunday,False,False,0,False,False,0,6,-8,AFC West,GEHA Field at Arrowhead Stadium,39.0489,-94.4839,America/Chicago,AFC West,Allegiant Stadium,36.108,-115.1578,America/Los_Angeles,Philadelphia Eagles,Miami Dolphins,GEHA Field at Arrowhead Stadium,Hard Rock Stadium,Green Bay Packers,Minnesota Vikings,Lambeau Field,Allegiant Stadium,1147,0,-1147,1147,2.0,0.0,America/Chicago,America/New_York,2.0,3.0,2.0,0.0,2.0,0,4.395,-2.35,4.395,-2.35,Kansas City Chiefs,6.744999999999999,Kansas City Chiefs,6.744999999999999,4.395,-2.35,Kansas City Chiefs,6.744999999999999,-0.15,0,No,No,No,No,Yes,1,No,0.0,0.0,8.791,-2.18,4.273999999999999,-2.341,4.273999999999999,-2.341,-0.0535499999999999,-0.0584499999999999,8.627740000000001,-2.12874,Kansas City Chiefs,6.614999999999998,Kansas City Chiefs,6.614999999999998,4.273999999999999,-2.341,Kansas City Chiefs,6.614999999999998,Tie,0.0,Kansas City Chiefs,10.971,4.3955,-1.09,Kansas City Chiefs,5.4855,Kansas City Chiefs,0.0049,Kansas City Chiefs,10.75648,4.287095000000001,-1.093595,Kansas City Chiefs,5.38069,Different,Same,Same,Same,Different,Same,False,Away Team,Away Team,42.5,380.0,-500.0,Kansas City Chiefs,Las Vegas Raiders,9.0,-9.0,-110,-110,406,-567,0.0049,-0.0049,10.75648,-10.75648,0.8333,0.2083,0.5238,0.5238,0.8501,0.1976,0.8,0.2,0.5,0.5,0.8114,0.1886,0.8,0.2,0.3,-0.3,,,112,0.0,70.0,0.0,Dome,True,P.Mahomes,G.Smith,8.48,9.0,13.23,175.01,Medium,-1.0,17.0,47.82,47.0,13.099235673696652,32.0,65.0,0.2542,0.7452,0.0682,0.0716,0.3772,0.6228,0.6052,0.3948,13,2023-11-26,Kansas City Chiefs @ Las Vegas Raiders,0.2857,0.7142,250,-250,,,,,,,,No Bet,,No Bet,,No Bet,,No Bet,,No Bet,,No Bet,,No Bet,,No Bet,,No Bet,,,,,,,,,,,,,,,0.349,0.2746,0.2784,0.2641,0.6944,0.6482,0.3056,0.3518,-0.0675,-0.0051,0.1187,0.2564,-0.0025,0.3131,13,0.1613333333333333,-0.0638199999999999,Kansas City Chiefs,Las Vegas Raiders,0,0,0,0,0,0,0,0,0,0,0,0,1,5.0,2.0,,,160.1874464982332,0.969047839400185,0.1435707851424955,0.0043370069275864,0.1150275206128348,0.0314318627278434,18.398589970978264,0.1257274509113738,4.599647492744565,0.0001962192632129,0.0007848770528517,0.1148566281139964,0.028714157028499,0.0294990340813508,22.99823746372283,0.1571593136392173,0.0009810963160646,0.1435707851424955,237.0,209.0,0.8,0.2,0.7045,0.2953,0.7686,0.2306,Kansas City Chiefs,Kansas City Chiefs,Kansas City Chiefs,Kansas City Chiefs,Kansas City Chiefs,Same,Same,Same,False,False,0.0009810963160646,0.1435707851424955,0.0043370069275864,0.1150275206128348,0.0009810963160646,0.1435707851424955,0.0084707129651858,0.0935592910150114,0.4263107042037506,1.352044619655769,1.2131366950822446,0.9315859380843511,0.4026220665829689,1.3744916039123851,0.6143896156634863,1.3890196696971415,0.6503438435721182,1.269161860429322
2023_12_BUF_PHI,2023,13,2023-11-26,16:25,Buffalo Bills,Philadelphia Eagles,Home,Josh Allen,Jalen Hurts,00-0034857,00-0036389,7,6,1,-1,-5,1,Lincoln Financial Field,39.9008,-75.1675,America/New_York,False,False,12,12,Sunday,False,False,0,False,False,0,-5,1,AFC East,Highmark Stadium,42.7725,-78.7877,America/New_York,NFC East,Lincoln Financial Field,39.9008,-75.1675,America/New_York,New York Jets,Kansas City Chiefs,Highmark Stadium,GEHA Field at Arrowhead Stadium,Kansas City Chiefs,San Francisco 49ers,GEHA Field at Arrowhead Stadium,Lincoln Financial Field,273,0,-273,273,0.0,0.0,America/New_York,America/Chicago,0.0,-1.0,0.0,0.0,0.0,0,4.795,4.905,4.795,4.905,Philadelphia Eagles,0.1100000000000003,Philadelphia Eagles,0.1100000000000003,4.795,4.905,Philadelphia Eagles,0.1100000000000003,0.0,0,No,No,No,No,No,0,Yes,0.0,0.0,8.815,8.409,3.866,5.0355,3.866,5.0355,-0.929,0.1305,7.885999999999999,8.539500000000002,Philadelphia Eagles,1.1694999999999998,Philadelphia Eagles,1.1694999999999998,3.866,5.0355,Philadelphia Eagles,1.1694999999999998,Tie,0.0,Buffalo Bills,0.4059999999999988,4.4075,4.2045,Buffalo Bills,0.2029999999999994,Philadelphia Eagles,1.0595,Philadelphia Eagles,0.6535000000000029,3.4784999999999995,4.335000000000001,Philadelphia Eagles,0.8565000000000014,Different,Different,Same,Same,Different,Different,False,Home Team,Home Team,49.0,-148.0,124.0,Philadelphia Eagles,Buffalo Bills,-2.5,2.5,-122,101,-116,-104,-1.0595,1.0595,-0.6535000000000029,0.6535000000000029,0.4464,0.5968,0.4975,0.5495,0.5098,0.537,0.4279,0.5721,0.4752,0.5248,0.487,0.513,0.4279,0.5721,-0.0721,0.0721,47.0,6.0,113,6.0,47.0,0.0,nfl_read_py Fallback,False,J.Allen,J.Hurts,-2.98,-4.0,14.48,209.54,High,-13.0,8.0,53.56,53.0,13.648448163342726,36.0,72.0,0.5802,0.418,0.0732,0.0806,0.5462,0.4538,0.6112,0.364,13,2023-11-26,Buffalo Bills @ Philadelphia Eagles,0.5475,0.452,-121,121,,,,,,,,No Bet,,No Bet,,No Bet,,No Bet,,No Bet,,No Bet,,No Bet,,No Bet,,No Bet,,,,,,,,,,,,,,,0.2719,0.2914,0.3298,0.3112,0.6484,0.6401,0.3516,0.3599,-0.1157,0.1574,0.1135,0.2138,0.3028,0.1883,13,0.1682799999999999,0.14575,Philadelphia Eagles,Buffalo Bills,0,0,0,0,1,0,0,0,0,0,1,0,0,5.0,4.5,,,160.1874464982332,0.6563820055504938,0.0,0.0321009683216818,0.0,1.2547947041117808,0.0,0.9385188846170788,0.0,0.0078332898834592,0.0058588791140223,0.0,0.0,0.0058588791140223,0.0,2.19331358872886,0.0136921689974816,0.0,237.0,209.0,0.4279,0.5721,0.4431,0.5568,0.4044,0.595,Philadelphia Eagles,Philadelphia Eagles,Philadelphia Eagles,Philadelphia Eagles,Philadelphia Eagles,Same,Same,Same,False,False,0.0136921689974816,0.0,0.0321009683216818,0.0,0.0136921689974816,0.0,0.0439229803219146,0.0016015984336662,0.9896223646407523,0.0,1.0827256084785866,0.0,0.8837675300077722,0.0,1.1267280386697915,0.0,1.017689393539482,0.0
2023_12_BAL_LAC,2023,13,2023-11-26,20:20,Baltimore Ravens,Los Angeles Chargers,Home,Lamar Jackson,Justin Herbert,00-0034796,00-0036355,10,7,3,-3,3,-10,SoFi Stadium,33.9535,-118.3395,America/Los_Angeles,False,False,12,12,Sunday,False,False,0,False,False,0,3,-10,AFC North,M&T Bank Stadium,39.2789,-76.6228,America/New_York,AFC West,SoFi Stadium,33.9535,-118.3395,America/Los_Angeles,Cincinnati Bengals,Green Bay Packers,M&T Bank Stadium,Lambeau Field,Los Angeles Rams,New England Patriots,M&T Bank Stadium,Gillette Stadium,2320,0,-2320,2320,3.0,0.0,America/New_York,America/Chicago,3.0,2.0,3.0,0.0,3.0,0,6.69,0.935,6.69,0.935,Baltimore Ravens,5.755000000000001,Baltimore Ravens,5.755000000000001,6.69,0.935,Baltimore Ravens,5.755000000000001,-0.2249999999999999,0,No,No,No,No,No,0,No,0.0,0.0,5.928,0.306,8.276,0.4640000000000001,8.276,0.4640000000000001,1.586,-0.471,7.514,-0.1649999999999999,Baltimore Ravens,7.811999999999999,Baltimore Ravens,7.811999999999999,8.276,0.4640000000000001,Baltimore Ravens,7.811999999999999,Tie,0.0,Baltimore Ravens,5.622,2.964,0.153,Baltimore Ravens,2.811,Baltimore Ravens,2.057,Baltimore Ravens,7.679,4.55,-0.3179999999999999,Baltimore Ravens,4.867999999999999,Different,Same,Same,Same,Different,Same,False,Away Team,Away Team,49.0,142.0,-170.0,Baltimore Ravens,Los Angeles Chargers,3.0,-3.0,108,-131,268,-346,2.057,-2.057,7.679,-7.679,0.6296,0.4132,0.5671,0.4808,0.7758,0.2717,0.6038,0.3962,0.5412,0.4588,0.7406,0.2594,0.6038,0.3962,0.1038,-0.1038,,,114,0.0,70.0,0.0,Dome,True,C.Rush,J.Herbert,3.28,5.0,13.63,185.75,Med-High,-7.0,13.0,48.16,48.0,13.099599324425618,32.0,65.0,0.4006,0.5982,0.0806,0.0872,0.4356,0.529,0.4468,0.5222,13,2023-11-26,Baltimore Ravens @ Los Angeles Chargers,0.3788,0.621,164,-164,,,,,,,,No Bet,,No Bet,,No Bet,,No Bet,,No Bet,,No Bet,,No Bet,,No Bet,,No Bet,,,,,,,,,,,,,,,0.31,0.2564,0.2621,0.2524,0.7035,0.6686,0.2965,0.3314,-0.2056,-0.4181,0.0804,0.0998,0.193,-0.1485,13,0.0407399999999999,-0.0338833333333333,Baltimore Ravens,Los Angeles Chargers,0,0,0,0,0,0,0,1,0,0,0,1,0,3.5,2.5,,,160.1874464982332,0.4784077996152642,0.2214297708523268,0.0059791606638862,0.0529669510856287,0.0619616498839011,3.985491499013036,0.0944281781925782,2.6151900164110047,0.0003868071514866,0.0005894855074902,0.0248801737348188,0.0163258112516316,0.0169152967591219,6.60068151542404,0.1563898280764793,0.0009762926589768,0.0412059849864505,237.0,209.0,0.6038,0.3962,0.6214,0.3785,0.7212,0.2784,Baltimore Ravens,Baltimore Ravens,Baltimore Ravens,Baltimore Ravens,Baltimore Ravens,Same,Same,Same,False,False,0.0009762926589768,0.0412059849864505,0.0059791606638862,0.0529669510856287,0.0009762926589768,0.0412059849864505,0.0110306893824448,0.0595744080378634,0.7446420160887088,1.0337133077708132,1.04645689489423,1.0982657382723653,0.49389413331061965,1.2832195371847337,0.8543435196633655,1.1490657656972612,0.7741144647009743,1.1453912393004677
2023_12_CHI_MIN,2023,13,2023-11-27,20:15,Chicago Bears,Minnesota Vikings,Home,Justin Fields,Joshua Dobbs,00-0036945,00-0033949,8,8,0,0,6,0,U.S. Bank Stadium,44.9738,-93.2575,America/Chicago,False,True,12,12,Monday,False,False,0,False,False,0,6,0,NFC North,Soldier Field,41.8623,-87.6167,America/Chicago,NFC North,U.S. Bank Stadium,44.9738,-93.2575,America/Chicago,Detroit Lions,Denver Broncos,Ford Field,Empower Field at Mile High,Detroit Lions,Las Vegas Raiders,Soldier Field,Allegiant Stadium,355,0,-355,355,0.0,0.0,America/Detroit,America/Denver,1.0,-1.0,0.0,0.0,0.0,0,-1.575,0.27,-1.575,0.27,Minnesota Vikings,1.845,Minnesota Vikings,1.845,-1.575,0.27,Minnesota Vikings,1.845,0.0,0,No,No,No,No,No,1,No,0.0,0.0,-7.898,-3.191,-2.079415,-0.307085,-2.079415,-0.307085,-0.5228649999999999,-0.5586350000000001,-8.373795000000001,-3.796705,Minnesota Vikings,1.77233,Minnesota Vikings,1.77233,-2.079415,-0.307085,Minnesota Vikings,1.77233,Tie,0.0,Minnesota Vikings,4.707,-3.949,-1.5955,Minnesota Vikings,2.3535,Chicago Bears,0.0357700000000001,Minnesota Vikings,4.577090000000001,-4.44833,-2.17767,Minnesota Vikings,2.2706600000000003,Different,Same,Different,Same,Different,Same,False,Away Team,Home Team,43.5,-166.0,140.0,Minnesota Vikings,Chicago Bears,-3.0,3.0,-110,-110,-224,181,0.0357700000000001,-0.0357700000000001,-4.577090000000001,4.577090000000001,0.4167,0.6241,0.5238,0.5238,0.3559,0.6914,0.4004,0.5996,0.5,0.5,0.3398,0.6602,0.4004,0.5996,-0.0996,0.0996,,,115,0.0,70.0,0.0,Dome,True,C.Williams,C.Wentz,1.63,3.0,14.23,202.38,High,-9.0,11.0,50.23,49.0,13.50402286308407,33.0,68.0,0.4508,0.5488,0.0904,0.0778,0.3734,0.583,0.6754,0.3246,13,2023-11-27,Chicago Bears @ Minnesota Vikings,0.5527,0.4472,-124,124,,,,,,,,No Bet,,No Bet,,No Bet,,No Bet,,No Bet,,No Bet,,No Bet,,No Bet,,No Bet,,,,,,,,,,,,,,,0.3769,0.3356,0.2705,0.2273,0.6727,0.7105,0.3273,0.2895,-0.0262,-0.2506,0.1532,-0.1097,0.1804,-0.0577,13,-0.0014999999999999,-0.04774,Minnesota Vikings,Chicago Bears,0,0,0,0,1,0,0,1,0,0,1,1,1,3.0,2.5,,,160.1874464982332,0.893805055077155,0.908592585018627,0.0782291890908973,0.0091250666877443,10.113672214396994,0.094973290193653,6.753693053109666,0.1422227392610249,0.0631364843843025,0.0421611880378164,0.0005928884707872,0.0008878519657443,0.0430490400035607,0.237196029454678,16.86736526750666,0.1052976724221189,0.0014807404365316,237.0,209.0,0.4004,0.5996,0.4613,0.5385,0.5384,0.4608,Minnesota Vikings,Chicago Bears,Minnesota Vikings,Chicago Bears,Minnesota Vikings,Same,Same,Same,False,False,0.1052976724221189,0.0014807404365316,0.0782291890908973,0.0091250666877443,0.1052976724221189,0.0014807404365316,0.0596843195653103,0.0156205130544397,1.0070809597365173,0.771274364123003,0.981957733496654,1.1627648996699433,1.117256372553176,0.6598572979421755,0.8283722871391069,1.17503699822152,0.9897001368669686,0.929805567134475
2023_13_SEA_DAL,2023,14,2023-11-30,20:15,Seattle Seahawks,Dallas Cowboys,Home,Geno Smith,Dak Prescott,00-0030565,00-0033077,7,7,0,0,-6,-3,AT&T Stadium,32.7369,-97.0826,America/Chicago,False,False,13,13,Thursday,False,False,0,False,False,0,-6,-3,NFC West,Lumen Field,47.5952,-122.3316,America/Los_Angeles,NFC East,AT&T Stadium,32.7369,-97.0826,America/Chicago,San Francisco 49ers,Washington Commanders,Lumen Field,AT&T Stadium,San Francisco 49ers,Philadelphia Eagles,Levi's Stadium,AT&T Stadium,1668,0,-1668,1668,-2.0,0.0,America/Los_Angeles,America/Chicago,-2.0,0.0,-2.0,0.0,-2.0,0,-0.13,-0.615,-0.13,-0.615,Seattle Seahawks,0.485,Seattle Seahawks,0.485,-0.13,-0.615,Seattle Seahawks,0.485,-0.3,0,No,No,No,No,No,0,No,0.0,0.0,1.265,5.882,0.255,0.3844999999999999,0.255,0.3844999999999999,0.385,0.9995,1.65,6.881499999999999,Dallas Cowboys,0.1294999999999999,Dallas Cowboys,0.1294999999999999,0.255,0.3844999999999999,Dallas Cowboys,0.1294999999999999,Tie,0.0,Dallas Cowboys,4.617,0.6325,2.941,Dallas Cowboys,2.3085,Dallas Cowboys,0.6144999999999999,Dallas Cowboys,5.231499999999999,1.0175,3.9405,Dallas Cowboys,2.923,Different,Different,Same,Same,Different,Same,True,Home Team,Home Team,47.5,-500.0,380.0,Dallas Cowboys,Seattle Seahawks,-9.5,9.5,-116,-104,-234,188,-0.6144999999999999,0.6144999999999999,-5.231499999999999,5.231499999999999,0.2083,0.8333,0.5098,0.537,0.3472,0.7006,0.2,0.8,0.487,0.513,0.3314,0.6686,0.2,0.8,-0.3,0.3,,,116,0.0,70.0,0.0,Dome,True,S.Darnold,D.Prescott,-8.78,-9.0,13.57,184.11,Med-High,-18.0,1.0,56.03,56.0,14.091127988120594,38.0,74.0,0.7432,0.2564,0.0738,0.0728,0.493,0.507,0.7134,0.2866,14,2023-11-30,Seattle Seahawks @ Dallas Cowboys,0.6812,0.3187,-214,214,,,,,,,,No Bet,,No Bet,,No Bet,,No Bet,,No Bet,,No Bet,,No Bet,,No Bet,,No Bet,,,,,,,,,,,,,,,0.2949,0.3131,0.3968,0.2943,0.6958,0.7122,0.3042,0.2878,-0.1879,-0.0073,0.1492,0.1594,0.1819,-0.0144,14,-0.0401799999999999,0.1129199999999999,Dallas Cowboys,Seattle Seahawks,0,0,0,0,1,0,0,1,0,0,1,1,0,2.0,3.5,,,102.70801552276484,0.0,0.0557193157197747,0.0332109655724349,0.0026026535067296,0.0,0.0001602698143615,0.0,0.0006410792574461,0.0,0.0,1.5604411549165857e-06,6.241764619666342e-06,6.241764619666342e-06,0.0008013490718076,0.0,0.0,7.802205774582928e-06,210.0,27.0,0.2,0.8,0.3119,0.688,0.253,0.7466,Dallas Cowboys,Dallas Cowboys,Dallas Cowboys,Dallas Cowboys,Dallas Cowboys,Same,Same,Same,False,False,0.0,7.802205774582928e-06,0.0332109655724349,0.0026026535067296,0.0,7.802205774582928e-06,0.0538321831238094,0.0062045590234966,1.231888902183472,0.3262753924192526,1.2481858209101757,1.320404942961767,1.5626368559419952,0.853412256188626,1.2630523461430452,0.4652941235079848,1.3303623940649951,0.6742423239981408
2023_13_DEN_HOU,2023,14,2023-12-03,13:00,Denver Broncos,Houston Texans,Home,Russell Wilson,C.J. Stroud,00-0029263,00-0039163,7,7,0,0,3,-3,NRG Stadium,29.6847,-95.4093,America/Chicago,False,False,13,13,Sunday,False,False,0,False,False,0,3,-3,AFC West,Empower Field at Mile High,39.7648,-105.0076,America/Denver,AFC South,NRG Stadium,29.6847,-95.4093,America/Chicago,Cleveland Browns,Jacksonville Jaguars,Empower Field at Mile High,NRG Stadium,Los Angeles Chargers,New York Jets,SoFi Stadium,MetLife Stadium,883,0,-883,883,-1.0,0.0,America/Denver,America/Chicago,-1.0,0.0,-1.0,0.0,-1.0,0,2.05,0.035,2.05,0.035,Denver Broncos,2.015,Denver Broncos,2.015,2.05,0.035,Denver Broncos,2.015,0.0,0,No,No,No,No,No,0,No,0.0,0.0,-8.65,-6.153,0.518,-1.7505,0.518,-1.7505,-1.532,-1.7855,-10.182,-7.938499999999999,Denver Broncos,2.2685,Denver Broncos,2.2685,0.518,-1.7505,Denver Broncos,2.2685,Tie,0.0,Houston Texans,2.4970000000000008,-4.325,-3.0765,Houston Texans,1.2485000000000004,Denver Broncos,0.2534999999999998,Houston Texans,2.243499999999999,-5.856999999999999,-4.862,Houston Texans,0.9949999999999992,Different,Different,Same,Different,Different,Same,False,Away Team,Home Team,47.5,-170.0,142.0,Houston Texans,Denver Broncos,-3.5,3.5,-104,-116,-131,108,0.2534999999999998,-0.2534999999999998,-2.243499999999999,2.243499999999999,0.4132,0.6296,0.537,0.5098,0.4808,0.5671,0.3962,0.6038,0.513,0.487,0.4588,0.5412,0.3962,0.6038,-0.1038,0.1038,,,117,0.0,70.0,0.0,Dome,True,B.Nix,C.Stroud,-8.51,-9.0,13.18,173.69,Medium,-17.0,-1.0,48.99,49.0,13.208209538004764,33.0,67.0,0.7502,0.249,0.0794,0.0736,0.6638,0.3362,0.5224,0.4776,14,2023-12-03,Denver Broncos @ Houston Texans,0.5956,0.4042,-147,147,,,,,,,,No Bet,,No Bet,,No Bet,,No Bet,,No Bet,,No Bet,,No Bet,,No Bet,,No Bet,,,,,,,,,,,,,,,0.3754,0.3287,0.3534,0.2984,0.6751,0.7431,0.3249,0.2569,-0.2948,-0.0906,-0.0323,0.1153,-0.0025,-0.2523,14,-0.00312,0.0227,Houston Texans,Denver Broncos,0,0,0,0,1,0,0,1,0,0,1,1,0,2.5,2.5,,,102.70801552276484,0.9362258573001728,0.939511954862717,0.0393342372633863,0.0050998462419856,1.1476290726337135,0.0023550433031485,0.7530484242753848,0.0035890336861208,0.0111737050588748,0.0073319343231636,2.2929498648784035e-05,3.494404665354821e-05,0.0073668783698172,0.0059440769892693,1.9006774969090985,0.0185056393820385,5.787354530233224e-05,210.0,27.0,0.3962,0.6038,0.4742,0.5256,0.307,0.6922,Houston Texans,Houston Texans,Houston Texans,Houston Texans,Houston Texans,Same,Same,Same,False,False,0.0185056393820385,5.787354530233224e-05,0.0393342372633863,0.0050998462419856,0.0185056393820385,5.787354530233224e-05,0.0520331114012345,0.01005924476266,0.9170449752689781,0.6411193193337491,1.1740125402757038,1.3945782235962392,1.2436302081075414,1.1724189040230752,1.2729218262934112,0.4554246433576196,1.15108609442748,0.8535186236356557
2023_13_LAC_NE,2023,14,2023-12-03,13:00,Los Angeles Chargers,New England Patriots,Home,Justin Herbert,Bailey Zappe,00-0036355,00-0038108,7,7,0,0,-10,8,Gillette Stadium,42.0628,-71.2687,America/New_York,False,False,13,13,Sunday,False,False,0,False,False,0,-10,8,AFC West,SoFi Stadium,33.9535,-118.3395,America/Los_Angeles,AFC East,Gillette Stadium,42.0628,-71.2687,America/New_York,Baltimore Ravens,New York Giants,SoFi Stadium,MetLife Stadium,Denver Broncos,Pittsburgh Steelers,SoFi Stadium,Acrisure Stadium,2588,0,-2588,2588,-3.0,0.0,America/Los_Angeles,America/New_York,-3.0,0.0,-3.0,0.0,-3.0,0,0.935,-1.995,0.935,-1.995,Los Angeles Chargers,2.93,Los Angeles Chargers,2.93,0.935,-1.995,Los Angeles Chargers,2.93,-0.4499999999999999,0,No,No,No,No,No,0,No,0.0,0.0,0.306,-1.213,-0.4939999999999999,-1.14,-0.4939999999999999,-1.14,-1.4289999999999998,0.855,-1.123,-0.358,Los Angeles Chargers,0.6460000000000002,Los Angeles Chargers,0.6460000000000002,-0.4939999999999999,-1.14,Los Angeles Chargers,0.6460000000000002,Tie,0.0,Los Angeles Chargers,1.519,0.153,-0.6065,Los Angeles Chargers,0.7595000000000001,New England Patriots,2.284,New England Patriots,0.7649999999999999,-1.2759999999999998,0.2484999999999999,New England Patriots,1.5244999999999995,Different,Different,Different,Different,Different,Different,False,Home Team,Home Team,38.5,185.0,-225.0,Los Angeles Chargers,New England Patriots,4.5,-4.5,-142,117,-122,101,-2.284,2.284,-0.7649999999999999,0.7649999999999999,0.6923,0.3509,0.4608,0.5868,0.4975,0.5495,0.6636,0.3364,0.4399,0.5601,0.4752,0.5248,0.6636,0.3364,0.1636,-0.1636,44.0,8.0,118,8.0,44.0,0.0,nfl_read_py Fallback,False,J.Herbert,D.Maye,3.79,5.0,13.17,173.34,Medium,-6.0,13.0,44.1,43.0,13.022908130952834,28.0,61.0,0.3774,0.6214,0.089,0.081,0.4978,0.5022,0.6608,0.3392,14,2023-12-03,Los Angeles Chargers @ New England Patriots,0.4497,0.55,122,-122,,,,,,,,No Bet,,No Bet,,No Bet,,No Bet,,No Bet,,No Bet,,No Bet,,No Bet,,No Bet,,,,,,,,,,,,,,,0.2277,0.31,0.2962,0.2621,0.637,0.7035,0.363,0.2965,-0.2427,-0.2056,0.0422,0.0804,-0.0555,0.193,14,-0.0733799999999999,-0.21208,Los Angeles Chargers,New England Patriots,0,0,0,0,0,0,1,1,0,0,1,1,0,1.5,0.5,,,102.70801552276484,0.6288588859836821,0.4778045200214708,0.003556613575498,0.0812956185697389,0.0022969566571708,7.127268152340221,0.004531095236916,3.613039491330999,2.2363947404491832e-05,4.411627674679186e-05,0.0693934949094648,0.0351777752976853,0.0352218915744321,10.74030764367122,0.0068280518940869,6.648022415128369e-05,0.1045712702071502,210.0,27.0,0.6636,0.3364,0.5505,0.4492,0.6148,0.3842,Los Angeles Chargers,Los Angeles Chargers,Los Angeles Chargers,Los Angeles Chargers,Los Angeles Chargers,Same,Same,Same,False,False,6.648022415128369e-05,0.1045712702071502,0.003556613575498,0.0812956185697389,6.648022415128369e-05,0.1045712702071502,0.0076528929021437,0.0646445754149499,0.5759299281773805,0.982234366425346,1.5974733141984907,0.9711174496734499,1.4053136146505167,1.0107354974801017,0.718721599633351,1.0096248700176795,0.9988902524450127,1.005714465618121
2023_13_DET_NO,2023,14,2023-12-03,13:00,Detroit Lions,New Orleans Saints,Home,Jared Goff,Derek Carr,00-0033106,00-0031280,10,7,3,-3,6,0,Caesars Superdome,29.9507,-90.0813,America/Chicago,False,False,13,13,Sunday,False,False,0,False,False,0,6,0,NFC North,Ford Field,42.3395,-83.045,America/Detroit,NFC South,Caesars Superdome,29.9507,-90.0813,America/Chicago,Green Bay Packers,Atlanta Falcons,Ford Field,Mercedes-Benz Stadium,Chicago Bears,Carolina Panthers,Soldier Field,Caesars Superdome,940,0,-940,940,1.0,0.0,America/Detroit,America/New_York,1.0,1.0,1.0,0.0,1.0,0,4.305,-6.145,4.305,-6.145,Detroit Lions,10.45,Detroit Lions,10.45,4.305,-6.145,Detroit Lions,10.45,0.0,0,No,No,No,No,No,0,No,0.0,0.0,3.996,-1.274,5.112499999999999,-6.932,5.112499999999999,-6.932,0.8075000000000001,-0.787,4.803499999999999,-2.061,Detroit Lions,12.0445,Detroit Lions,12.0445,5.112499999999999,-6.932,Detroit Lions,12.0445,Tie,0.0,Detroit Lions,5.27,1.998,-0.637,Detroit Lions,2.635,Detroit Lions,1.5945,Detroit Lions,6.864499999999999,2.8054999999999994,-1.424,Detroit Lions,4.2295,Different,Same,Same,Same,Different,Same,False,Away Team,Away Team,47.5,164.0,-198.0,Detroit Lions,New Orleans Saints,4.0,-4.0,105,-128,249,-319,1.5945,-1.5945,6.864499999999999,-6.864499999999999,0.6644,0.3788,0.5614,0.4878,0.7613,0.2865,0.6369,0.3631,0.5351,0.4649,0.7266,0.2734,0.6369,0.3631,0.1369,-0.1369,,,119,0.0,70.0,0.0,Dome,True,J.Goff,S.Rattler,7.21,7.0,14.09,198.39,High,-3.0,17.0,53.68,53.0,13.735367349410232,36.0,71.10000000000036,0.306,0.6938,0.0814,0.0748,0.3806,0.5928,0.6556,0.3444,14,2023-12-03,Detroit Lions @ New Orleans Saints,0.3518,0.6481,184,-184,,,,,,,,No Bet,,No Bet,,No Bet,,No Bet,,No Bet,,No Bet,,No Bet,,No Bet,,No Bet,,,,,,,,,,,,,,,0.2581,0.282,0.2661,0.3201,0.6793,0.6287,0.3207,0.3713,-0.057,-0.1944,0.0533,0.2815,0.1277,0.1703,14,0.0672799999999999,0.04912,Detroit Lions,New Orleans Saints,0,0,0,0,1,0,0,1,0,0,1,1,0,3.0,3.0,,,102.70801552276484,0.6316683535397909,0.0,0.0032895095300295,0.0204164163566268,0.0004657981904239,0.0,0.0008170390181244,0.0,4.535168828382931e-06,7.95496840208507e-06,0.0,0.0,7.95496840208507e-06,0.0,0.0012828372085483,1.2490137230468e-05,0.0,210.0,27.0,0.6369,0.3631,0.5574,0.4424,0.6878,0.3114,Detroit Lions,Detroit Lions,Detroit Lions,Detroit Lions,Detroit Lions,Same,Same,Same,False,False,1.2490137230468e-05,0.0,0.0032895095300295,0.0204164163566268,1.2490137230468e-05,0.0,0.0072703551201843,0.0339254047885753,0.5772389623244256,0.9809253322782998,1.2333031036712994,1.3352876602006436,0.6869003806953012,1.729148731435315,0.5419760520306686,1.1863704176203629,0.7255515932064758,1.27905312485666
2023_13_ATL_NYJ,2023,14,2023-12-03,13:00,Atlanta Falcons,New York Jets,Home,Desmond Ridder,Tim Boyle,00-0038122,00-0034177,7,9,-2,2,-12,8,MetLife Stadium,40.8136,-74.0744,America/New_York,False,False,13,13,Sunday,False,False,0,False,False,0,-12,8,NFC South,Mercedes-Benz Stadium,33.7489,-84.388,America/New_York,AFC East,MetLife Stadium,40.8136,-74.0744,America/New_York,New Orleans Saints,Miami Dolphins,Mercedes-Benz Stadium,MetLife Stadium,Tampa Bay Buccaneers,Houston Texans,Mercedes-Benz Stadium,MetLife Stadium,747,0,-747,747,0.0,0.0,America/New_York,America/New_York,0.0,0.0,0.0,0.0,0.0,0,-0.71,-3.725,-0.71,-3.725,Atlanta Falcons,3.015,Atlanta Falcons,3.015,-0.71,-3.725,Atlanta Falcons,3.015,0.0,0,No,No,No,No,No,0,No,0.0,0.0,-4.138,-1.783,-3.885,-2.603,-3.885,-2.603,-3.175,1.122,-7.313,-0.6610000000000001,New York Jets,1.2819999999999996,New York Jets,1.2819999999999996,-3.885,-2.603,New York Jets,1.2819999999999996,Tie,0.0,New York Jets,2.355,-2.069,-0.8915,New York Jets,1.1775,New York Jets,4.297,New York Jets,6.651999999999999,-5.244,0.2304999999999998,New York Jets,5.4745,Different,Different,Same,Same,Different,Same,False,Home Team,Home Team,33.0,105.0,-125.0,Atlanta Falcons,New York Jets,2.0,-2.0,-224,181,-282,224,-4.297,4.297,-6.651999999999999,6.651999999999999,0.5556,0.4878,0.3559,0.6914,0.3086,0.7382,0.5325,0.4675,0.3398,0.6602,0.2948,0.7052,0.5325,0.4675,0.0325,-0.0325,50.0,8.0,120,8.0,50.0,0.0,nfl_read_py Fallback,False,M.Penix,J.Fields,-2.91,-4.0,13.39,179.32,Medium,-13.0,7.0,42.88,43.0,12.727613383053622,26.0,60.0,0.5886,0.4108,0.0964,0.0876,0.6108,0.3776,0.758,0.2084,14,2023-12-03,Atlanta Falcons @ New York Jets,0.6054,0.3945,-153,153,,,,,,,,No Bet,,No Bet,,No Bet,,No Bet,,No Bet,,No Bet,,No Bet,,No Bet,,No Bet,,,,,,,,,,,,,,,0.3369,0.3051,0.3184,0.2615,0.6142,0.735,0.3858,0.265,-0.3847,-0.2105,-0.0835,-0.0171,-0.0426,0.0235,14,0.00126,-0.1117399999999999,Atlanta Falcons,New York Jets,0,0,0,0,1,1,0,0,0,0,1,1,0,2.5,1.5,,,102.70801552276484,0.8998320636002789,0.9178592343074384,0.012468248992862,0.0203470540735201,0.0641260267133341,0.1701579558314645,0.0730419448659902,0.1493875011290322,0.0006243526991242,0.0007111610957939,0.001656715446846,0.0014544872702357,0.0021656483660296,0.3195454569604967,0.1371679715793244,0.0013355137949181,0.0031112027170817,210.0,27.0,0.5325,0.4675,0.3827,0.6173,0.3726,0.6272,Atlanta Falcons,New York Jets,New York Jets,New York Jets,New York Jets,Same,Same,Same,False,False,0.0013355137949181,0.0031112027170817,0.012468248992862,0.0203470540735201,0.0013355137949181,0.0031112027170817,0.0207416286642075,0.0319133126807982,0.7340701147205753,0.8240941798821497,1.7117961751135085,0.8567945887584316,1.7159551796203605,0.7000939325102545,1.0240437052911768,0.7043027643598535,1.2231794823753157,0.7814252356878187
2023_13_ARI_PIT,2023,14,2023-12-03,13:00,Arizona Cardinals,Pittsburgh Steelers,Home,Kyler Murray,Kenny Pickett,00-0035228,00-0038102,7,7,0,0,-3,3,Acrisure Stadium,40.4468,-80.0158,America/New_York,False,False,13,13,Sunday,False,False,0,False,False,0,-3,3,NFC West,State Farm Stadium,33.5277,-112.262608,America/Denver,AFC North,Acrisure Stadium,40.4468,-80.0158,America/New_York,Los Angeles Rams,Cincinnati Bengals,State Farm Stadium,Paycor Stadium,San Francisco 49ers,New England Patriots,State Farm Stadium,Acrisure Stadium,1830,0,-1830,1830,-2.0,0.0,America/Denver,America/New_York,-2.0,0.0,-2.0,0.0,-2.0,0,0.075,-0.565,0.075,-0.565,Arizona Cardinals,0.6399999999999999,Arizona Cardinals,0.6399999999999999,0.075,-0.565,Arizona Cardinals,0.6399999999999999,-0.3,0,No,No,No,No,No,0,No,0.0,0.0,-3.672,-2.272,-1.1795,-0.2464999999999999,-1.1795,-0.2464999999999999,-1.2545,0.3185,-4.9265,-1.9535,Pittsburgh Steelers,0.933,Pittsburgh Steelers,0.933,-1.1795,-0.2464999999999999,Pittsburgh Steelers,0.933,Tie,0.0,Pittsburgh Steelers,1.4000000000000004,-1.836,-1.136,Pittsburgh Steelers,0.7000000000000002,Pittsburgh Steelers,1.573,Pittsburgh Steelers,2.973,-3.0905,-0.8174999999999999,Pittsburgh Steelers,2.273,Different,Different,Same,Same,Different,Same,False,Home Team,Home Team,41.0,-285.0,230.0,Pittsburgh Steelers,Arizona Cardinals,-6.0,6.0,-128,105,-164,135,-1.573,1.573,-2.973,2.973,0.303,0.7403,0.4878,0.5614,0.4255,0.6212,0.2905,0.7095,0.4649,0.5351,0.4065,0.5935,0.2905,0.7095,-0.2095,0.2095,56.0,12.0,121,12.0,56.0,0.0,nfl_read_py Fallback,False,K.Murray,A.Rodgers,-11.83,-12.0,13.57,184.02,Med-High,-21.0,-3.0,53.19,53.0,13.343120430115382,36.0,71.0,0.8156,0.1834,0.0668,0.065,0.6752,0.3008,0.8038,0.1762,14,2023-12-03,Arizona Cardinals @ Pittsburgh Steelers,0.6634,0.3363,-197,197,,,,,,,,No Bet,,No Bet,,No Bet,,No Bet,,No Bet,,No Bet,,No Bet,,No Bet,,No Bet,,,,,,,,,,,,,,,0.331,0.23,0.2918,0.2958,0.7084,0.7598,0.2916,0.2402,-0.0535,-0.3077,-0.0011,0.0094,0.1434,-0.0726,14,-0.233375,0.0020999999999999,Pittsburgh Steelers,Arizona Cardinals,0,0,0,0,0,0,1,1,0,0,1,1,0,0.5,2.5,,,102.70801552276484,0.93973513824496,0.9942304543349229,0.1710774829445124,0.0048597531991997,10.727712584319844,0.0032407164624518,4.39238971916126,0.0079149340107041,0.104448640446588,0.0427657928819363,3.155271227817179e-05,7.706247628696346e-05,0.0428428553582232,0.0111556504731559,15.120102303481104,0.1472144333285243,0.0001086151885651,210.0,27.0,0.2905,0.7095,0.3255,0.6743,0.2168,0.7824,Pittsburgh Steelers,Pittsburgh Steelers,Pittsburgh Steelers,Pittsburgh Steelers,Pittsburgh Steelers,Same,Same,Same,False,False,0.1472144333285243,0.0001086151885651,0.1710774829445124,0.0048597531991997,0.1472144333285243,0.0001086151885651,0.1782351330655255,0.0096546331024852,0.9990311876683962,0.559133106934329,1.0501112386187197,1.5184795252532213,1.149509281687151,1.2665398304434674,1.302026470678578,0.4263199989724527,1.1339623397844119,0.8706423782787229
2023_13_IND_TEN,2023,14,2023-12-03,13:00,Indianapolis Colts,Tennessee Titans,Home,Gardner Minshew,Will Levis,00-0035289,00-0039152,7,7,0,0,5,12,Nissan Stadium,36.1664,-86.7716,America/Chicago,False,False,13,13,Sunday,False,False,0,False,False,0,5,12,AFC South,Lucas Oil Stadium,39.7601,-86.1638,America/Indiana/Indianapolis,AFC South,Nissan Stadium,36.1664,-86.7716,America/Chicago,Tampa Bay Buccaneers,Carolina Panthers,Lucas Oil Stadium,Nissan Stadium,Cincinnati Bengals,Miami Dolphins,Paycor Stadium,Hard Rock Stadium,250,0,-250,250,1.0,0.0,America/Indiana/Indianapolis,America/Chicago,1.0,0.0,1.0,0.0,1.0,0,-2.265,-4.36,-2.265,-4.36,Indianapolis Colts,2.095,Indianapolis Colts,2.095,-2.265,-4.36,Indianapolis Colts,2.095,0.0,0,No,No,No,No,No,1,No,0.0,0.0,-2.838,-1.274,0.991215,-2.0747150000000003,0.991215,-2.0747150000000003,3.277165,2.264335,0.454805,0.974695,Indianapolis Colts,3.0659300000000003,Indianapolis Colts,3.0659300000000003,0.991215,-2.0747150000000003,Indianapolis Colts,3.0659300000000003,Tie,0.0,Tennessee Titans,1.564,-1.419,-0.637,Tennessee Titans,0.782,Indianapolis Colts,1.01283,Tennessee Titans,0.51989,1.865985,1.619515,Indianapolis Colts,0.2464699999999999,Different,Different,Same,Different,Different,Same,False,Away Team,Home Team,42.0,102.0,-122.0,Indianapolis Colts,Tennessee Titans,1.5,-1.5,101,-122,-116,-104,1.01283,-1.01283,-0.51989,0.51989,0.5495,0.495,0.5495,0.4975,0.5098,0.537,0.5261,0.4739,0.5248,0.4752,0.487,0.513,0.5261,0.4739,0.0261,-0.0261,53.0,13.0,122,13.0,53.0,0.0,nfl_read_py Fallback,False,D.Jones,C.Ward,6.65,7.0,13.18,173.72,Medium,-3.0,16.0,42.35,42.0,12.483641600972224,27.0,59.0,0.2966,0.703,0.0788,0.0728,0.3186,0.6814,0.4808,0.492,14,2023-12-03,Indianapolis Colts @ Tennessee Titans,0.4397,0.5602,127,-127,,,,,,,,No Bet,,No Bet,,No Bet,,No Bet,,No Bet,,No Bet,,No Bet,,No Bet,,No Bet,,,,,,,,,,,,,,,0.3803,0.33,0.3131,0.2661,0.6891,0.6202,0.3109,0.3781,-0.291,-0.2658,0.0833,-0.1245,-0.0327,0.0655,14,-0.00902,-0.131,Indianapolis Colts,Tennessee Titans,0,0,0,0,0,0,1,1,0,0,1,1,1,2.0,1.0,,,102.70801552276484,0.7620471845749653,0.9458838462130216,0.0123119607798908,0.0161117911892744,0.0569397742791923,0.2176998840715102,0.0632116802031718,0.1960995534337363,0.0005543849132843,0.0006154503120465,0.0021195997504523,0.0019092916208693,0.0025247419329159,0.4137994375052465,0.1201514544823642,0.0011698352253309,0.0040288913713217,210.0,27.0,0.5261,0.4739,0.5549,0.4448,0.7286,0.2702,Indianapolis Colts,Indianapolis Colts,Indianapolis Colts,Indianapolis Colts,Indianapolis Colts,Same,Same,Same,False,False,0.0011698352253309,0.0040288913713217,0.0123119607798908,0.0161117911892744,0.0011698352253309,0.0040288913713217,0.0205998645174388,0.0247620936126571,0.7411310704283868,0.8170332241743382,1.2293001243718336,1.3392906395001074,1.246570289210766,1.1694788229198514,0.5154491281008473,1.2128973415501823,0.8862312172155751,1.1183735008475602
2023_13_MIA_WAS,2023,14,2023-12-03,13:00,Miami Dolphins,Washington Commanders,Home,Tua Tagovailoa,Sam Howell,00-0036212,00-0037077,9,10,-1,1,7,5,FedExField,38.9077,-76.8645,America/New_York,False,True,13,13,Sunday,False,False,0,False,False,0,7,5,AFC East,Hard Rock Stadium,25.9602,-80.2384,America/New_York,NFC East,FedExField,38.9077,-76.8645,America/New_York,New York Jets,Dallas Cowboys,MetLife Stadium,AT&T Stadium,Tennessee Titans,Los Angeles Rams,Hard Rock Stadium,SoFi Stadium,915,0,-915,915,0.0,0.0,America/New_York,America/Chicago,0.0,-1.0,0.0,0.0,0.0,0,0.66,1.45,0.66,1.45,Washington Commanders,0.7899999999999999,Washington Commanders,0.7899999999999999,0.66,1.45,Washington Commanders,0.7899999999999999,0.0,0,No,No,No,No,No,0,No,0.0,0.0,0.176,-1.022,-1.0525,0.9405,-1.0525,0.9405,-1.7125,-0.5095000000000001,-1.5365,-1.5315,Washington Commanders,1.993,Washington Commanders,1.993,-1.0525,0.9405,Washington Commanders,1.993,Tie,0.0,Miami Dolphins,1.198,0.088,-0.511,Miami Dolphins,0.599,Washington Commanders,1.2029999999999998,Washington Commanders,0.0049999999999998,-1.6244999999999998,-1.0205000000000002,Washington Commanders,0.6039999999999996,Different,Different,Same,Same,Different,Different,False,Home Team,Home Team,50.0,350.0,-455.0,Miami Dolphins,Washington Commanders,8.5,-8.5,-122,101,-110,-110,-1.2029999999999998,1.2029999999999998,-0.0049999999999998,0.0049999999999998,0.8198,0.2222,0.4975,0.5495,0.5238,0.5238,0.7867,0.2133,0.4752,0.5248,0.5,0.5,0.7867,0.2133,0.2867,-0.2867,53.0,2.0,123,2.0,53.0,0.0,nfl_read_py Fallback,False,T.Tagovailoa,J.Daniels,11.73,12.0,13.2,174.2,Medium,3.75,20.0,51.57,51.0,13.494334487207976,35.0,69.0,0.181,0.8184,0.0672,0.0588,0.3864,0.6136,0.5088,0.452,14,2023-12-03,Miami Dolphins @ Washington Commanders,0.3548,0.6451,182,-182,,,,,,,,No Bet,,No Bet,,No Bet,,No Bet,,No Bet,,No Bet,,No Bet,,No Bet,,No Bet,,,,,,,,,,,,,,,0.3401,0.2785,0.3095,0.3369,0.6796,0.7627,0.3204,0.2373,-0.4457,-0.0255,0.043,0.1938,-0.0692,0.2394,14,0.0877,-0.2629249999999999,Miami Dolphins,Washington Commanders,0,0,0,0,1,0,0,1,0,0,1,1,0,3.0,0.0,,,102.70801552276484,0.118024544356232,0.0,0.0016075463996731,0.0552270751343263,0.000950264167501,0.0,0.0035047952206894,0.0,9.25209354561432e-06,3.41238724441387e-05,0.0,0.0,3.41238724441387e-05,0.0,0.0044550593881904,4.337596598975302e-05,0.0,210.0,27.0,0.7867,0.2133,0.6475,0.3524,0.8164,0.1832,Miami Dolphins,Miami Dolphins,Miami Dolphins,Miami Dolphins,Miami Dolphins,Same,Same,Same,False,False,4.337596598975302e-05,0.0,0.0016075463996731,0.0552270751343263,4.337596598975302e-05,0.0,0.004634519683358,0.0880865992396427,0.35993407679503164,1.198230217807692,1.464993760178904,1.1035970036930383,1.3063735221545392,1.10967558997608,0.34342731868517457,1.384919150965856,0.7762617124461718,1.228343005616963
2023_13_CAR_TB,2023,14,2023-12-03,16:05,Carolina Panthers,Tampa Bay Buccaneers,Home,Bryce Young,Baker Mayfield,00-0039150,00-0034855,7,7,0,0,-1,-4,Raymond James Stadium,27.9759,-82.5033,America/New_York,False,True,13,13,Sunday,False,False,0,False,False,0,-1,-4,NFC South,Bank of America Stadium,35.2258,-80.8528,America/New_York,NFC South,Raymond James Stadium,27.9759,-82.5033,America/New_York,Tennessee Titans,Indianapolis Colts,Nissan Stadium,Lucas Oil Stadium,New Orleans Saints,Atlanta Falcons,Caesars Superdome,Mercedes-Benz Stadium,510,0,-510,510,0.0,0.0,America/Chicago,America/Indiana/Indianapolis,-1.0,0.0,0.0,0.0,0.0,0,-5.25,1.025,-5.25,1.025,Tampa Bay Buccaneers,6.275,Tampa Bay Buccaneers,6.275,-5.25,1.025,Tampa Bay Buccaneers,6.275,0.0,0,No,No,No,No,No,1,No,0.0,0.0,-6.873,-1.97,-6.40753,-0.67747,-6.40753,-0.67747,-1.22028,-1.6397199999999998,-8.04425,-3.65875,Tampa Bay Buccaneers,5.73006,Tampa Bay Buccaneers,5.73006,-6.40753,-0.67747,Tampa Bay Buccaneers,5.73006,Tie,0.0,Tampa Bay Buccaneers,4.9030000000000005,-3.4365,-0.985,Tampa Bay Buccaneers,2.4515,Carolina Panthers,0.4194399999999998,Tampa Bay Buccaneers,4.3855,-4.632265,-2.649235,Tampa Bay Buccaneers,1.9830300000000003,Different,Same,Different,Same,Different,Same,False,Away Team,Home Team,37.0,-198.0,164.0,Tampa Bay Buccaneers,Carolina Panthers,-4.0,4.0,-104,-116,-224,181,0.4194399999999998,-0.4194399999999998,-4.3855,4.3855,0.3788,0.6644,0.537,0.5098,0.3559,0.6914,0.3631,0.6369,0.513,0.487,0.3398,0.6602,0.3631,0.6369,-0.1369,0.1369,81.0,8.0,124,8.0,81.0,0.0,nfl_read_py Fallback,False,B.Young,B.Mayfield,-3.43,-4.0,12.55,157.47,Low,-13.0,6.0,39.22,39.0,12.037586662555402,25.0,55.0,0.6096,0.39,0.0948,0.087,0.4884,0.4844,0.521,0.4468,14,2023-12-03,Carolina Panthers @ Tampa Bay Buccaneers,0.5984,0.4015,-149,149,,,,,,,,No Bet,,No Bet,,No Bet,,No Bet,,No Bet,,No Bet,,No Bet,,No Bet,,No Bet,,,,,,,,,,,,,,,0.2225,0.2885,0.2694,0.2763,0.7481,0.6647,0.2519,0.3333,-0.3344,-0.4301,0.1123,-0.0051,0.0317,-0.0377,14,-0.1424,0.00604,Tampa Bay Buccaneers,Carolina Panthers,0,0,0,0,0,0,1,1,0,0,1,1,1,1.0,2.5,,,102.70801552276484,0.94176723400827,0.996765219890258,0.0589740903759009,0.0055750485713285,3.7247528371428738,0.0036800944323544,2.1235009501751883,0.0064551146900758,0.0362654542411765,0.0206751239362084,3.583064489780493e-05,6.284918131482225e-05,0.0207379731175233,0.0101352091224302,5.848253787318061,0.0569405781773849,9.86798262126272e-05,210.0,27.0,0.3631,0.6369,0.4267,0.5728,0.426,0.572,Tampa Bay Buccaneers,Tampa Bay Buccaneers,Tampa Bay Buccaneers,Tampa Bay Buccaneers,Tampa Bay Buccaneers,Same,Same,Same,False,False,0.0569405781773849,9.86798262126272e-05,0.0589740903759009,0.0055750485713285,0.0569405781773849,9.86798262126272e-05,0.0590667345370337,0.0107736274065826,0.956112763169742,0.6020515314329834,1.1335270116836975,1.4350637521882457,1.501060408205464,0.9149887039251515,1.0076931450623696,0.7206533245886624,1.132742114083491,0.8718626039796415
2023_13_CLE_LA,2023,14,2023-12-03,16:25,Cleveland Browns,Los Angeles Rams,Home,Joe Flacco,Matthew Stafford,00-0026158,00-0026498,7,7,0,0,6,-7,SoFi Stadium,33.9535,-118.3395,America/Los_Angeles,False,True,13,13,Sunday,False,False,0,False,False,0,6,-7,AFC North,FirstEnergy Stadium,41.5061,-81.6994,America/New_York,NFC West,SoFi Stadium,33.9535,-118.3395,America/Los_Angeles,Denver Broncos,Arizona Cardinals,Empower Field at Mile High,State Farm Stadium,Jacksonville Jaguars,Baltimore Ravens,FirstEnergy Stadium,M&T Bank Stadium,2051,0,-2051,2051,3.0,0.0,America/Denver,America/Denver,1.0,1.0,3.0,0.0,3.0,0,-4.705,1.29,-4.705,1.29,Los Angeles Rams,5.995,Los Angeles Rams,5.995,-4.705,1.29,Los Angeles Rams,5.995,-0.2249999999999999,0,No,No,No,No,No,0,No,0.0,0.0,2.134,1.559,-5.705,0.6244999999999999,-5.705,0.6244999999999999,-1.0,-0.6655,1.134,0.8934999999999998,Los Angeles Rams,6.3295,Los Angeles Rams,6.3295,-5.705,0.6244999999999999,Los Angeles Rams,6.3295,Tie,0.0,Cleveland Browns,0.575,1.067,0.7795,Cleveland Browns,0.2875,Los Angeles Rams,0.3345,Cleveland Browns,0.2405000000000002,0.067,0.1139999999999999,Los Angeles Rams,0.0469999999999998,Different,Different,Same,Different,Different,Same,False,Home Team,Away Team,39.5,-192.0,160.0,Los Angeles Rams,Cleveland Browns,-3.5,3.5,-116,-104,-110,-110,-0.3345,0.3345,0.2405000000000002,-0.2405000000000002,0.3846,0.6575,0.5098,0.537,0.5238,0.5238,0.3691,0.6309,0.487,0.513,0.5,0.5,0.3691,0.6309,-0.1309,0.1309,,,125,0.0,70.0,0.0,Dome,True,D.Gabriel,M.Stafford,-3.9,-5.0,14.11,199.23,High,-14.0,7.0,49.05,49.0,13.314575209994668,32.900000000000034,67.0,0.6136,0.3856,0.083,0.076,0.5376,0.4624,0.7612,0.2388,14,2023-12-03,Cleveland Browns @ Los Angeles Rams,0.5644,0.4354,-130,130,,,,,,,,No Bet,,No Bet,,No Bet,,No Bet,,No Bet,,No Bet,,No Bet,,No Bet,,No Bet,,,,,,,,,,,,,,,0.3454,0.3351,0.2532,0.2977,0.6951,0.6472,0.3049,0.3528,-0.112,-0.3694,0.0504,0.0053,0.1155,-0.0343,14,0.0439399999999999,0.03242,Los Angeles Rams,Cleveland Browns,0,0,0,0,1,1,0,0,0,0,1,1,0,2.5,2.5,,,102.70801552276484,0.8172531424319549,0.4524470224602557,0.0347281395624707,0.0034571864993931,1.1941364642686627,0.0004734952136752,0.6986143112403921,0.0008093419948731,0.0116265167639616,0.0068019453757778,4.610109651765739e-06,7.880027578702262e-06,0.0068098254033565,0.0012828372085483,1.892750775509055,0.0184284621397395,1.2490137230468e-05,210.0,27.0,0.3691,0.6309,0.4374,0.5624,0.3744,0.625,Los Angeles Rams,Los Angeles Rams,Los Angeles Rams,Los Angeles Rams,Los Angeles Rams,Same,Same,Same,False,False,0.0184284621397395,1.2490137230468e-05,0.0347281395624707,0.0034571864993931,0.0184284621397395,1.2490137230468e-05,0.0449138132406132,0.0075312402990792,0.9618353321246086,0.596328962478116,1.2467151393780012,1.3218756244939414,1.1497635457820272,1.2662855663485904,1.0338497440294958,0.6944967256215352,1.09172759061823,0.9128771274449035
2023_13_SF_PHI,2023,14,2023-12-03,16:25,San Francisco 49ers,Philadelphia Eagles,Home,Brock Purdy,Jalen Hurts,00-0037834,00-0036389,10,7,3,-3,-9,-2,Lincoln Financial Field,39.9008,-75.1675,America/New_York,False,True,13,13,Sunday,False,False,0,False,False,0,-9,-2,NFC West,Levi's Stadium,37.4031,-121.9702,America/Los_Angeles,NFC East,Lincoln Financial Field,39.9008,-75.1675,America/New_York,Seattle Seahawks,Buffalo Bills,Lumen Field,Lincoln Financial Field,Seattle Seahawks,Dallas Cowboys,Levi's Stadium,AT&T Stadium,2501,0,-2501,2501,-3.0,0.0,America/Los_Angeles,America/New_York,-3.0,0.0,-3.0,0.0,-3.0,0,3.325,4.905,3.325,4.905,Philadelphia Eagles,1.58,Philadelphia Eagles,1.58,3.325,4.905,Philadelphia Eagles,1.58,-0.4499999999999999,0,No,No,No,No,No,0,No,0.0,0.0,8.506,8.409,2.122,4.760500000000001,2.122,4.760500000000001,-1.2029999999999998,-0.1444999999999999,7.303000000000001,8.264500000000002,Philadelphia Eagles,2.6385000000000014,Philadelphia Eagles,2.6385000000000014,2.122,4.760500000000001,Philadelphia Eagles,2.6385000000000014,Tie,0.0,San Francisco 49ers,0.0969999999999995,4.253,4.2045,San Francisco 49ers,0.0484999999999997,Philadelphia Eagles,1.0585,Philadelphia Eagles,0.9615000000000008,3.0500000000000007,4.0600000000000005,Philadelphia Eagles,1.0099999999999998,Different,Different,Same,Same,Different,Different,False,Home Team,Home Team,46.5,124.0,-148.0,San Francisco 49ers,Philadelphia Eagles,3.0,-3.0,-122,101,-122,101,-1.0585,1.0585,-0.9615000000000008,0.9615000000000008,0.5968,0.4464,0.4975,0.5495,0.4975,0.5495,0.5721,0.4279,0.4752,0.5248,0.4752,0.5248,0.5721,0.4279,0.0721,-0.0721,52.0,44.0,126,44.0,52.0,0.0,nfl_read_py Fallback,False,M.Jones,J.Hurts,1.29,2.0,14.69,215.78,High,-9.0,12.0,37.39,37.0,12.86478297400285,21.0,54.0,0.4752,0.5226,0.0866,0.0974,0.5046,0.4534,0.243,0.757,14,2023-12-03,San Francisco 49ers @ Philadelphia Eagles,0.4882,0.5113,105,-105,,,,,,,,No Bet,,No Bet,,No Bet,,No Bet,,No Bet,,No Bet,,No Bet,,No Bet,,No Bet,,,,,,,,,,,,,,,0.2719,0.3017,0.3298,0.3038,0.6484,0.675,0.3516,0.325,-0.1157,0.0776,0.1135,0.3026,0.3028,0.5133,14,0.3038999999999999,0.18932,San Francisco 49ers,Philadelphia Eagles,0,0,0,0,0,0,0,0,0,0,0,0,0,5.0,4.0,,,102.70801552276484,0.6441648996340266,0.0,0.006775411955371,0.0019022668616234,0.0057277547764233,0.0,0.0076579773488941,0.0,5.576735902519548e-05,7.456065926224429e-05,0.0,0.0,7.456065926224429e-05,0.0,0.0133857321253175,0.0001303280182874,0.0,210.0,27.0,0.5721,0.4279,0.5061,0.4935,0.6392,0.3592,San Francisco 49ers,San Francisco 49ers,San Francisco 49ers,San Francisco 49ers,San Francisco 49ers,Same,Same,Same,False,False,0.0001303280182874,0.0,0.006775411955371,0.0019022668616234,0.0001303280182874,0.0,0.0126218784484803,0.0051196169608139,0.6633245199212578,0.8948397746814674,1.3368303006428668,1.2317604632290737,1.2587941953214485,1.1572549168091693,0.8170044810860582,0.9113419885649735,0.9724089246993866,1.0321957933637473
2023_13_KC_GB,2023,14,2023-12-03,20:20,Kansas City Chiefs,Green Bay Packers,Home,Patrick Mahomes,Jordan Love,00-0033873,00-0036264,7,10,-3,3,3,8,Lambeau Field,44.5013,-88.0622,America/Chicago,False,True,13,13,Sunday,False,False,0,False,False,0,3,8,AFC West,GEHA Field at Arrowhead Stadium,39.0489,-94.4839,America/Chicago,NFC North,Lambeau Field,44.5013,-88.0622,America/Chicago,Las Vegas Raiders,Detroit Lions,Allegiant Stadium,Ford Field,Buffalo Bills,New York Giants,GEHA Field at Arrowhead Stadium,MetLife Stadium,501,0,-501,501,0.0,0.0,America/Los_Angeles,America/Detroit,-2.0,1.0,0.0,0.0,0.0,0,4.395,3.535,4.395,3.535,Kansas City Chiefs,0.8599999999999994,Kansas City Chiefs,0.8599999999999994,4.395,3.535,Kansas City Chiefs,0.8599999999999994,0.0,0,No,No,No,No,No,0,No,0.0,0.0,8.791,-4.219,4.0915,3.842,4.0915,3.842,-0.3035,0.307,8.4875,-3.912,Kansas City Chiefs,0.2494999999999998,Kansas City Chiefs,0.2494999999999998,4.0915,3.842,Kansas City Chiefs,0.2494999999999998,Tie,0.0,Kansas City Chiefs,13.010000000000002,4.3955,-2.1095,Kansas City Chiefs,6.505000000000001,Green Bay Packers,0.6105,Kansas City Chiefs,12.399500000000002,4.0920000000000005,-1.8025,Kansas City Chiefs,5.894500000000001,Different,Same,Different,Same,Different,Same,False,Home Team,Away Team,43.5,215.0,-265.0,Kansas City Chiefs,Green Bay Packers,5.5,-5.5,-116,-104,466,-675,-0.6105,0.6105,12.399500000000002,-12.399500000000002,0.726,0.3175,0.5098,0.537,0.871,0.1767,0.6958,0.3042,0.487,0.513,0.8314,0.1686,0.6958,0.3042,0.1958,-0.1958,31.0,9.0,127,9.0,31.0,0.0,nfl_read_py Fallback,False,P.Mahomes,J.Love,9.87,10.0,13.67,186.83,Med-High,2.0,19.0,51.92,51.0,13.522142754346804,35.0,69.0,0.2304,0.7694,0.0674,0.0636,0.3496,0.6504,0.7238,0.2762,14,2023-12-03,Kansas City Chiefs @ Green Bay Packers,0.304,0.6959,229,-229,,,,,,,,No Bet,,No Bet,,No Bet,,No Bet,,No Bet,,No Bet,,No Bet,,No Bet,,No Bet,,,,,,,,,,,,,,,0.1986,0.2746,0.3282,0.2641,0.6162,0.6482,0.3838,0.3518,-0.2632,-0.0051,0.1438,0.2564,-0.0551,0.3131,14,0.15444,0.1115999999999999,Kansas City Chiefs,Green Bay Packers,0,0,0,0,0,1,0,0,0,0,0,1,0,3.5,3.5,,,102.70801552276484,0.8683569118590578,0.0,0.0044103747953138,0.0185859167880989,0.0010261272479346,0.0,0.0023470721206868,0.0,9.990722172090143e-06,2.2851888518541493e-05,0.0,0.0,2.2851888518541493e-05,0.0,0.0033731993686215,3.284261069063164e-05,0.0,210.0,27.0,0.6958,0.3042,0.6766,0.3233,0.7764,0.2232,Kansas City Chiefs,Kansas City Chiefs,Kansas City Chiefs,Kansas City Chiefs,Kansas City Chiefs,Same,Same,Same,False,False,3.284261069063164e-05,0.0,0.0044103747953138,0.0185859167880989,3.284261069063164e-05,0.0,0.0090018300629323,0.0310773678207387,0.48270362051776217,1.0754606740849628,1.3500380877718707,1.2185526761000696,0.4228647810421758,1.9931843310884432,0.4072931123408527,1.3210533573101781,0.6250520702850733,1.379552647778061
2023_13_CIN_JAX,2023,14,2023-12-04,20:15,Cincinnati Bengals,Jacksonville Jaguars,Home,Jake Browning,Trevor Lawrence,00-0035100,00-0036971,8,8,0,0,1,0,TIAA Bank Field,30.3239,-81.6554,America/New_York,False,False,13,13,Monday,False,False,0,False,False,0,1,0,AFC North,Paycor Stadium,39.0955,-84.5165,America/New_York,AFC South,TIAA Bank Field,30.3239,-81.6554,America/New_York,Pittsburgh Steelers,Houston Texans,Paycor Stadium,NRG Stadium,Indianapolis Colts,Cleveland Browns,Paycor Stadium,FirstEnergy Stadium,627,0,-627,627,0.0,0.0,America/New_York,America/Chicago,0.0,-1.0,0.0,0.0,0.0,0,1.31,-1.825,1.31,-1.825,Cincinnati Bengals,3.135,Cincinnati Bengals,3.135,1.31,-1.825,Cincinnati Bengals,3.135,0.0,0,No,No,No,No,No,0,No,0.0,0.0,1.891,-0.831,-1.0445,-3.908,-1.0445,-3.908,-2.3545000000000003,-2.083,-0.4635,-2.914,Cincinnati Bengals,2.8635,Cincinnati Bengals,2.8635,-1.0445,-3.908,Cincinnati Bengals,2.8635,Tie,0.0,Cincinnati Bengals,2.722,0.9455,-0.4155,Cincinnati Bengals,1.361,Jacksonville Jaguars,0.2715000000000001,Cincinnati Bengals,2.4505,-1.4090000000000005,-2.4985,Cincinnati Bengals,1.0894999999999997,Different,Same,Different,Same,Different,Same,False,Home Team,Away Team,41.0,-550.0,410.0,Jacksonville Jaguars,Cincinnati Bengals,-10.0,10.0,-116,-104,117,-142,-0.2715000000000001,0.2715000000000001,2.4505,-2.4505,0.1961,0.8462,0.5098,0.537,0.5868,0.4608,0.1881,0.8119,0.487,0.513,0.5601,0.4399,0.1881,0.8119,-0.3119,0.3119,61.0,4.0,128,4.0,61.0,0.0,nfl_read_py Fallback,False,J.Browning,T.Lawrence,-4.42,-5.0,13.6,184.96,Med-High,-14.0,6.0,49.44,49.0,13.204235887361063,33.0,67.0,0.6242,0.375,0.0904,0.0752,0.3364,0.624,0.723,0.2546,14,2023-12-04,Cincinnati Bengals @ Jacksonville Jaguars,0.5972,0.4026,-148,148,,,,,,,,No Bet,,No Bet,,No Bet,,No Bet,,No Bet,,No Bet,,No Bet,,No Bet,,No Bet,,,,,,,,,,,,,,,0.2761,0.2253,0.3396,0.3297,0.6819,0.6843,0.3123,0.3157,-0.2198,-0.0925,0.0712,0.1701,0.1283,0.1406,14,0.0542,0.0117599999999999,Jacksonville Jaguars,Cincinnati Bengals,0,0,0,0,1,1,0,0,0,0,1,1,0,3.0,2.5,,,102.70801552276484,0.8345272169265756,0.882871125187809,0.3786818758441219,0.004092915416688,53.71198258898196,0.0001328181555165,12.443926499553529,0.0005732858078889,0.5229580409629948,0.1211582799669163,1.2931625135638377e-06,5.581704650518233e-06,0.1211638616715668,0.0007061039634054,66.1559090885355,0.6441163209299111,6.874867164082071e-06,210.0,27.0,0.1881,0.8119,0.5124,0.4873,0.592,0.4068,Jacksonville Jaguars,Cincinnati Bengals,Cincinnati Bengals,Jacksonville Jaguars,Jacksonville Jaguars,Same,Different,Different,False,False,0.6441163209299111,6.874867164082071e-06,0.3786818758441219,0.004092915416688,0.6441163209299111,6.874867164082071e-06,0.1971199854011648,0.0085237947193935,1.0587144488351818,0.4994498457675392,0.7656838984989088,1.8029068653730318,0.6214051791064107,1.7946439330242077,0.7916028168498405,0.9367436528011914,0.8151334069007086,1.1894713111624329
2023_14_NE_PIT,2023,15,2023-12-07,20:15,New England Patriots,Pittsburgh Steelers,Home,Bailey Zappe,Mitchell Trubisky,00-0038108,00-0033869,4,4,0,0,8,3,Acrisure Stadium,40.4468,-80.0158,America/New_York,False,False,14,14,Thursday,False,False,0,False,False,0,8,3,AFC East,Gillette Stadium,42.0628,-71.2687,America/New_York,AFC North,Acrisure Stadium,40.4468,-80.0158,America/New_York,Los Angeles Chargers,Arizona Cardinals,Gillette Stadium,Acrisure Stadium,Kansas City Chiefs,Indianapolis Colts,Gillette Stadium,Lucas Oil Stadium,467,0,-467,467,0.0,0.0,America/New_York,America/New_York,0.0,0.0,0.0,0.0,0.0,0,-1.995,-0.565,-1.995,-0.565,Pittsburgh Steelers,1.4300000000000002,Pittsburgh Steelers,1.4300000000000002,-1.995,-0.565,Pittsburgh Steelers,1.4300000000000002,0.0,0,No,No,No,No,No,0,No,0.0,0.0,-1.213,-2.272,-2.0500000000000003,-0.2464999999999999,-2.0500000000000003,-0.2464999999999999,-0.0549999999999999,0.3185,-1.268,-1.9535,Pittsburgh Steelers,1.8035000000000003,Pittsburgh Steelers,1.8035000000000003,-2.0500000000000003,-0.2464999999999999,Pittsburgh Steelers,1.8035000000000003,Tie,0.0,New England Patriots,1.0589999999999995,-0.6065,-1.136,New England Patriots,0.5294999999999999,Pittsburgh Steelers,0.3735,New England Patriots,0.6854999999999998,-0.6615,-0.8174999999999999,New England Patriots,0.1559999999999999,Different,Different,Same,Different,Different,Same,True,Home Team,Away Team,30.0,-270.0,220.0,Pittsburgh Steelers,New England Patriots,-6.0,6.0,-116,-104,-104,-116,-0.3735,0.3735,0.6854999999999998,-0.6854999999999998,0.3125,0.7297,0.5098,0.537,0.537,0.5098,0.2998,0.7002,0.487,0.513,0.513,0.487,0.2998,0.7002,-0.2002,0.2002,42.0,5.0,129,5.0,42.0,0.0,nfl_read_py Fallback,False,D.Maye,A.Rodgers,-10.95,-11.0,13.63,185.7,Med-High,-20.0,-3.0,44.97,44.0,13.000576773331552,29.0,63.0,0.7964,0.2026,0.069,0.0614,0.637,0.328,0.8648,0.111,15,2023-12-07,New England Patriots @ Pittsburgh Steelers,0.6242,0.3756,-166,166,,,,,,,,No Bet,,No Bet,,No Bet,,No Bet,,No Bet,,No Bet,,No Bet,,No Bet,,No Bet,,,,,,,,,,,,,,,0.331,0.2277,0.2918,0.2962,0.7084,0.637,0.2916,0.363,-0.0535,-0.2427,-0.0011,0.0422,0.1434,-0.0555,15,-0.21505,-0.0474249999999999,Pittsburgh Steelers,New England Patriots,0,0,0,0,0,0,1,1,0,0,1,1,0,0.0,2.0,,,78.16291467900373,0.8024870247582001,0.6288294992001083,0.2350291151736899,0.0054954703062468,20.596295531775457,0.0048956159487197,8.818579549309169,0.0114339902845015,0.263504701895515,0.112823064307734,6.263348761781561e-05,0.0001462840828218,0.1129693483905558,0.0163296062332213,29.414875081084624,0.3763277662032491,0.0002089175704396,195.0,15.0,0.2998,0.7002,0.3855,0.6143,0.2304,0.7688,Pittsburgh Steelers,Pittsburgh Steelers,Pittsburgh Steelers,Pittsburgh Steelers,Pittsburgh Steelers,Same,Same,Same,False,False,0.3763277662032491,0.0002089175704396,0.2350291151736899,0.0054954703062468,0.3763277662032491,0.0002089175704396,0.1331561937020325,0.0108800358623609,0.9774539460840923,0.6239619366140543,0.8386425611048206,1.3143631813338363,0.7441131540386923,1.2327657292915015,1.2183411728001252,0.49031178348424476,0.9479111059665757,0.8952032189306719
2023_14_TB_ATL,2023,15,2023-12-10,13:00,Tampa Bay Buccaneers,Atlanta Falcons,Home,Baker Mayfield,Desmond Ridder,00-0034855,00-0038122,7,7,0,0,-4,-12,Mercedes-Benz Stadium,33.7489,-84.388,America/New_York,False,False,14,14,Sunday,False,False,0,False,False,0,-4,-12,NFC South,Raymond James Stadium,27.9759,-82.5033,America/New_York,NFC South,Mercedes-Benz Stadium,33.7489,-84.388,America/New_York,Carolina Panthers,New York Jets,Raymond James Stadium,MetLife Stadium,Green Bay Packers,Carolina Panthers,Lambeau Field,Bank of America Stadium,414,0,-414,414,0.0,0.0,America/New_York,America/New_York,0.0,0.0,0.0,0.0,0.0,0,1.025,-0.71,1.025,-0.71,Tampa Bay Buccaneers,1.735,Tampa Bay Buccaneers,1.735,1.025,-0.71,Tampa Bay Buccaneers,1.735,0.0,0,No,No,No,No,No,1,No,0.0,0.0,-1.97,-4.138,2.25746,1.12654,2.25746,1.12654,1.24981,1.81919,-0.74187,-2.29713,Tampa Bay Buccaneers,1.13092,Tampa Bay Buccaneers,1.13092,2.25746,1.12654,Tampa Bay Buccaneers,1.13092,Tie,0.0,Tampa Bay Buccaneers,2.168,-0.985,-2.069,Tampa Bay Buccaneers,1.084,Atlanta Falcons,0.5693799999999996,Tampa Bay Buccaneers,1.5552599999999996,0.25397,-0.23897,Tampa Bay Buccaneers,0.49294,Different,Same,Different,Same,Different,Same,False,Home Team,Away Team,41.5,-125.0,105.0,Atlanta Falcons,Tampa Bay Buccaneers,-1.5,1.5,-116,-104,105,-128,-0.5693799999999996,0.5693799999999996,1.5552599999999996,-1.5552599999999996,0.4878,0.5556,0.5098,0.537,0.5614,0.4878,0.4675,0.5325,0.487,0.513,0.5351,0.4649,0.4675,0.5325,-0.0325,0.0325,,,130,0.0,70.0,0.0,Dome,True,B.Mayfield,M.Penix,-1.74,-3.0,13.14,172.71,Medium,-11.0,7.0,46.62,46.0,13.038687461326116,30.0,64.0,0.5462,0.4532,0.1006,0.0832,0.521,0.479,0.6426,0.3574,15,2023-12-10,Tampa Bay Buccaneers @ Atlanta Falcons,0.5142,0.4857,-106,106,,,,,,,,No Bet,,No Bet,,No Bet,,No Bet,,No Bet,,No Bet,,No Bet,,No Bet,,No Bet,,,,,,,,,,,,,,,0.3051,0.2225,0.2615,0.2694,0.735,0.7481,0.265,0.2519,-0.2105,-0.3344,-0.0171,0.1123,0.0235,0.0317,15,0.015675,-0.00655,Atlanta Falcons,Tampa Bay Buccaneers,0,0,0,0,0,1,1,0,0,0,1,1,1,2.5,2.0,,,78.16291467900373,0.9156822689712524,0.8941135244141546,0.0222895255839791,0.0119611535808706,0.2371501862927279,0.0025570411419138,0.2082022762288268,0.0029125655787574,0.0030340499361704,0.002663696422835,3.271425013275142e-05,3.726275549880241e-05,0.0027009591783338,0.0054696067206713,0.4453524625215548,0.0056977463590055,6.997700563155383e-05,195.0,15.0,0.4675,0.5325,0.4809,0.5187,0.4914,0.507,Atlanta Falcons,Atlanta Falcons,Atlanta Falcons,Atlanta Falcons,Atlanta Falcons,Same,Same,Same,False,False,0.0056977463590055,6.997700563155383e-05,0.0222895255839791,0.0119611535808706,0.0056977463590055,6.997700563155383e-05,0.0333098473843918,0.0208938642189381,0.8456891674806751,0.7557267152174707,1.0908310466232514,1.062174695815413,0.9079702630812373,1.068908620248967,0.9251455678189748,0.7835073884653967,0.9380402901396657,0.9050740347575867
2023_14_LA_BAL,2023,15,2023-12-10,13:00,Los Angeles Rams,Baltimore Ravens,Home,Matthew Stafford,Lamar Jackson,00-0026498,00-0034796,7,14,-7,7,-14,10,M&T Bank Stadium,39.2789,-76.6228,America/New_York,False,False,14,14,Sunday,False,False,0,False,False,0,-14,10,NFC West,SoFi Stadium,33.9535,-118.3395,America/Los_Angeles,AFC North,M&T Bank Stadium,39.2789,-76.6228,America/New_York,Cleveland Browns,Los Angeles Chargers,SoFi Stadium,SoFi Stadium,Washington Commanders,Jacksonville Jaguars,SoFi Stadium,TIAA Bank Field,2320,0,-2320,2320,-3.0,0.0,America/Los_Angeles,America/Los_Angeles,-3.0,-3.0,-3.0,0.0,-3.0,0,1.29,6.69,1.29,6.69,Baltimore Ravens,5.4,Baltimore Ravens,5.4,1.29,6.69,Baltimore Ravens,5.4,-0.4499999999999999,0,No,No,No,No,No,0,No,0.0,0.0,1.559,5.928,-0.2945,6.504,-0.2945,6.504,-1.5844999999999998,-0.1860000000000001,-0.0255,5.742,Baltimore Ravens,6.798500000000001,Baltimore Ravens,6.798500000000001,-0.2945,6.504,Baltimore Ravens,6.798500000000001,Tie,0.0,Baltimore Ravens,4.369,0.7795,2.964,Baltimore Ravens,2.1845,Baltimore Ravens,1.3984999999999996,Baltimore Ravens,5.7675,-0.8049999999999999,2.778,Baltimore Ravens,3.583,Different,Same,Same,Same,Different,Same,False,Home Team,Home Team,42.0,-360.0,285.0,Baltimore Ravens,Los Angeles Rams,-7.5,7.5,-128,105,-261,208,-1.3984999999999996,1.3984999999999996,-5.7675,5.7675,0.2597,0.7826,0.4878,0.5614,0.3247,0.723,0.2492,0.7508,0.4649,0.5351,0.3099,0.6901,0.2492,0.7508,-0.2508,0.2508,57.0,5.0,131,5.0,57.0,0.0,nfl_read_py Fallback,False,M.Stafford,C.Rush,0.66,1.0,13.99,195.79,High,-9.0,10.0,47.49,47.0,12.868369517029164,31.90000000000004,64.0,0.4828,0.5166,0.0878,0.0844,0.2912,0.7088,0.64,0.3314,15,2023-12-10,Los Angeles Rams @ Baltimore Ravens,0.6147,0.3852,-160,160,,,,,,,,No Bet,,No Bet,,No Bet,,No Bet,,No Bet,,No Bet,,No Bet,,No Bet,,No Bet,,,,,,,,,,,,,,,0.2564,0.3454,0.2524,0.2532,0.6686,0.6951,0.3314,0.3049,-0.4181,-0.112,0.0998,0.0504,-0.1485,0.1155,15,0.103225,-0.011775,Baltimore Ravens,Los Angeles Rams,0,0,0,0,1,0,0,0,0,0,1,0,0,3.0,2.0,,,78.16291467900373,0.1826256767538514,0.8019756099963657,0.1058459561874839,0.0037263686992907,10.717336036882202,0.0011515000649592,3.5572191534244064,0.0034692867125659,0.1371153581067916,0.0455103186470597,1.4732051250752578e-05,4.438532937024492e-05,0.04555470397643,0.0046207867775252,14.274555190306607,0.1826256767538514,5.91173806209975e-05,195.0,15.0,0.2492,0.7508,0.3052,0.6946,0.3958,0.6034,Baltimore Ravens,Baltimore Ravens,Baltimore Ravens,Los Angeles Rams,Baltimore Ravens,Same,Different,Same,False,False,0.1826256767538514,5.91173806209975e-05,0.1058459561874839,0.0037263686992907,0.1826256767538514,5.91173806209975e-05,0.0533337142127095,0.0082550626133637,1.1454521609163182,0.45596372178182953,1.020721352697276,1.1322843897413857,1.2636337457809195,0.7132451375492815,0.7465302400579404,0.9621227162264306,1.0399675906589976,0.8031467342382502
2023_14_DET_CHI,2023,15,2023-12-10,13:00,Detroit Lions,Chicago Bears,Home,Jared Goff,Justin Fields,00-0033106,00-0036945,7,13,-6,6,0,12,Soldier Field,41.8623,-87.6167,America/Chicago,False,True,14,14,Sunday,False,False,0,False,False,0,0,12,NFC North,Ford Field,42.3395,-83.045,America/Detroit,NFC North,Soldier Field,41.8623,-87.6167,America/Chicago,New Orleans Saints,Minnesota Vikings,Caesars Superdome,U.S. Bank Stadium,Denver Broncos,Cleveland Browns,Ford Field,FirstEnergy Stadium,236,0,-236,236,1.0,0.0,America/Chicago,America/Chicago,0.0,0.0,0.0,0.0,0.0,0,4.305,-1.575,4.305,-1.575,Detroit Lions,5.88,Detroit Lions,5.88,4.305,-1.575,Detroit Lions,5.88,0.0,0,No,No,No,No,No,1,No,0.0,0.0,3.996,-7.898,4.024849999999999,0.33515,4.024849999999999,0.33515,-0.2213499999999999,1.85135,3.655710000000001,-5.927709999999999,Detroit Lions,3.689699999999999,Detroit Lions,3.689699999999999,4.024849999999999,0.33515,Detroit Lions,3.689699999999999,Tie,0.0,Detroit Lions,11.894,1.998,-3.949,Detroit Lions,5.947,Chicago Bears,2.0727,Detroit Lions,9.58342,1.7171800000000002,-2.03818,Detroit Lions,3.75536,Different,Same,Different,Same,Different,Same,False,Home Team,Away Team,44.5,142.0,-170.0,Detroit Lions,Chicago Bears,3.0,-3.0,-131,108,327,-436,-2.0727,2.0727,9.58342,-9.58342,0.6296,0.4132,0.4808,0.5671,0.8134,0.2342,0.6038,0.3962,0.4588,0.5412,0.7765,0.2235,0.6038,0.3962,0.1038,-0.1038,36.0,12.0,132,12.0,36.0,0.0,nfl_read_py Fallback,False,J.Goff,C.Williams,5.65,6.0,14.15,200.24,High,-4.0,15.0,56.56,56.0,14.549166329662247,38.0,75.0,0.3342,0.6656,0.0854,0.075,0.3702,0.5824,0.7964,0.2036,15,2023-12-10,Detroit Lions @ Chicago Bears,0.3738,0.6262,168,-168,,,,,,,,No Bet,,No Bet,,No Bet,,No Bet,,No Bet,,No Bet,,No Bet,,No Bet,,No Bet,,,,,,,,,,,,,,,0.3356,0.282,0.2273,0.3201,0.7105,0.6287,0.2895,0.3713,-0.2506,-0.1944,-0.1097,0.2815,-0.0577,0.1703,15,0.05815,0.024075,Detroit Lions,Chicago Bears,0,0,0,0,1,1,0,0,0,0,1,1,1,3.0,2.5,,,78.16291467900373,0.9076678929221996,0.0,0.0053384480245654,0.0183101881904427,0.0028513395232185,0.0,0.0043453781022699,0.0,3.647944213606013e-05,5.5593859570300633e-05,0.0,0.0,5.5593859570300633e-05,0.0,0.0071967176254884,9.207330170636077e-05,0.0,195.0,15.0,0.6038,0.3962,0.556,0.4439,0.6744,0.3252,Detroit Lions,Detroit Lions,Detroit Lions,Detroit Lions,Detroit Lions,Same,Same,Same,False,False,9.207330170636077e-05,0.0,0.0053384480245654,0.0183101881904427,9.207330170636077e-05,0.0,0.0107104233771892,0.0306863570080976,0.6430388982737651,0.9583769844243811,1.182188314296767,0.9708174281418906,0.45173278644162196,1.5251460968885746,0.5802506369286815,1.1284023193556925,0.7004361807258307,1.1426781441714184
2023_14_IND_CIN,2023,15,2023-12-10,13:00,Indianapolis Colts,Cincinnati Bengals,Home,Gardner Minshew,Jake Browning,00-0035289,00-0035100,7,6,1,-1,6,0,Paycor Stadium,39.0955,-84.5165,America/New_York,False,True,14,14,Sunday,False,False,0,False,False,0,6,0,AFC South,Lucas Oil Stadium,39.7601,-86.1638,America/Indiana/Indianapolis,AFC North,Paycor Stadium,39.0955,-84.5165,America/New_York,Tennessee Titans,Jacksonville Jaguars,Nissan Stadium,TIAA Bank Field,Pittsburgh Steelers,Minnesota Vikings,Lucas Oil Stadium,Paycor Stadium,99,0,-99,99,0.0,0.0,America/Chicago,America/New_York,-1.0,0.0,0.0,0.0,0.0,0,-2.265,1.31,-2.265,1.31,Cincinnati Bengals,3.575,Cincinnati Bengals,3.575,-2.265,1.31,Cincinnati Bengals,3.575,0.0,0,No,No,No,No,No,0,Yes,0.0,0.0,-2.838,1.891,1.0725,3.614500000000001,1.0725,3.614500000000001,3.3375,2.3045,0.4994999999999998,4.1955,Cincinnati Bengals,2.5420000000000007,Cincinnati Bengals,2.5420000000000007,1.0725,3.614500000000001,Cincinnati Bengals,2.5420000000000007,Tie,0.0,Cincinnati Bengals,4.729,-1.419,0.9455,Cincinnati Bengals,2.3645,Indianapolis Colts,1.033,Cincinnati Bengals,3.696,1.9185,3.25,Cincinnati Bengals,1.3315,Different,Same,Different,Same,Different,Same,False,Away Team,Home Team,45.0,-148.0,124.0,Cincinnati Bengals,Indianapolis Colts,-3.0,3.0,101,-122,-191,156,1.033,-1.033,-3.696,3.696,0.4464,0.5968,0.5495,0.4975,0.3906,0.6564,0.4279,0.5721,0.5248,0.4752,0.3731,0.6269,0.4279,0.5721,-0.0721,0.0721,40.0,9.0,133,9.0,40.0,0.0,nfl_read_py Fallback,False,D.Jones,J.Browning,3.59,5.0,13.69,187.34,Med-High,-7.0,13.0,45.66,45.0,12.954418977098388,29.0,62.0,0.3962,0.6026,0.0812,0.086,0.3292,0.6314,0.4968,0.482,15,2023-12-10,Indianapolis Colts @ Cincinnati Bengals,0.5176,0.4821,-107,107,,,,,,,,No Bet,,No Bet,,No Bet,,No Bet,,No Bet,,No Bet,,No Bet,,No Bet,,No Bet,,,,,,,,,,,,,,,0.2253,0.33,0.3297,0.2661,0.6843,0.6202,0.3157,0.3781,-0.0925,-0.2658,0.1701,-0.1245,0.1406,0.0655,15,0.0067499999999999,0.049725,Cincinnati Bengals,Indianapolis Colts,0,0,0,0,0,1,1,0,0,0,1,1,0,2.5,2.5,,,78.16291467900373,0.8828694259400768,0.9430986393797612,0.0357558739871222,0.0090277841507912,0.9377655116219826,0.0040222148199111,0.7013981164534981,0.0053776795944639,0.0119975760304379,0.0089735409603642,5.145937605358458e-05,6.880090918498654e-05,0.0090423418695492,0.009399894414375,1.6391636280754809,0.0209711169908022,0.0001202602852385,195.0,15.0,0.4279,0.5721,0.3732,0.6267,0.4092,0.5902,Cincinnati Bengals,Cincinnati Bengals,Cincinnati Bengals,Indianapolis Colts,Cincinnati Bengals,Same,Different,Same,False,False,0.0209711169908022,0.0001202602852385,0.0357558739871222,0.0090277841507912,0.0209711169908022,0.0001202602852385,0.0446410802255283,0.0163585668164225,0.8981053203393718,0.7033105623587773,0.9880831218356758,1.1649226206029857,1.2118943517804517,0.7649845315497464,0.6569826167129414,1.051670339571426,0.928942499782189,0.9141718251150596
2023_14_JAX_CLE,2023,15,2023-12-10,13:00,Jacksonville Jaguars,Cleveland Browns,Home,Trevor Lawrence,Joe Flacco,00-0036971,00-0026158,6,7,-1,1,-1,7,FirstEnergy Stadium,41.5061,-81.6994,America/New_York,False,False,14,14,Sunday,False,False,0,False,False,0,-1,7,AFC South,TIAA Bank Field,30.3239,-81.6554,America/New_York,AFC North,FirstEnergy Stadium,41.5061,-81.6994,America/New_York,Cincinnati Bengals,Los Angeles Rams,TIAA Bank Field,SoFi Stadium,Baltimore Ravens,Chicago Bears,TIAA Bank Field,FirstEnergy Stadium,772,0,-772,772,0.0,0.0,America/New_York,America/Los_Angeles,0.0,-3.0,0.0,0.0,0.0,0,-1.825,-4.705,-1.825,-4.705,Jacksonville Jaguars,2.88,Jacksonville Jaguars,2.88,-1.825,-4.705,Jacksonville Jaguars,2.88,0.0,0,No,No,No,No,Yes,0,No,0.0,0.0,-0.831,2.134,0.0830000000000001,-2.9800000000000004,0.0830000000000001,-2.9800000000000004,1.908,1.725,1.0770000000000002,3.859,Jacksonville Jaguars,3.0630000000000006,Jacksonville Jaguars,3.0630000000000006,0.0830000000000001,-2.9800000000000004,Jacksonville Jaguars,3.0630000000000006,Tie,0.0,Cleveland Browns,2.965,-0.4155,1.067,Cleveland Browns,1.4825,Jacksonville Jaguars,0.183,Cleveland Browns,2.782,1.4925000000000002,2.792,Cleveland Browns,1.2994999999999997,Different,Different,Same,Different,Different,Same,False,Away Team,Home Team,37.5,-142.0,120.0,Cleveland Browns,Jacksonville Jaguars,-2.5,2.5,-110,-110,-164,135,0.183,-0.183,-2.782,2.782,0.4545,0.5868,0.5238,0.5238,0.4255,0.6212,0.4365,0.5635,0.5,0.5,0.4065,0.5935,0.4365,0.5635,-0.0635,0.0635,39.0,11.0,134,11.0,39.0,0.0,nfl_read_py Fallback,False,T.Lawrence,D.Gabriel,2.92,4.0,14.46,209.11,High,-7.0,13.0,48.46,47.0,13.904936378536158,31.0,67.0,0.418,0.5812,0.0828,0.0796,0.3832,0.6168,0.7752,0.2248,15,2023-12-10,Jacksonville Jaguars @ Cleveland Browns,0.5188,0.481,-108,108,,,,,,,,No Bet,,No Bet,,No Bet,,No Bet,,No Bet,,No Bet,,No Bet,,No Bet,,No Bet,,,,,,,,,,,,,,,0.3351,0.2761,0.2977,0.3396,0.6472,0.6819,0.3528,0.3123,-0.3694,-0.2198,0.0053,0.0712,-0.0343,0.1283,15,0.0305749999999999,0.0390499999999999,Cleveland Browns,Jacksonville Jaguars,0,0,0,0,1,1,0,0,0,0,1,1,0,2.5,2.5,,,78.16291467900373,0.4524409646614182,0.1473473336076878,0.0220915310474937,0.0068139614465564,0.0576932881245416,0.0058854502168848,0.0446905417326751,0.0075978263395523,0.0007381158745355,0.0005717614538327,7.529722044085713e-05,9.720500279134708e-05,0.0006689664566241,0.0134832765564372,0.1023838298572168,0.0013098773283683,0.0001725022232322,195.0,15.0,0.4365,0.5635,0.466,0.5339,0.6002,0.3994,Cleveland Browns,Jacksonville Jaguars,Cleveland Browns,Jacksonville Jaguars,Cleveland Browns,Same,Same,Same,False,False,0.0013098773283683,0.0001725022232322,0.0220915310474937,0.0068139614465564,0.0013098773283683,0.0001725022232322,0.0356913446799519,0.0129270164185418,0.8920506121932255,0.709365270504923,1.0563106295954299,1.0966951128432305,1.1572478718182777,0.8196310115119197,0.7025148152041796,1.0061381410801917,0.9418807870509337,0.9012335378463145
2023_14_CAR_NO,2023,15,2023-12-10,13:00,Carolina Panthers,New Orleans Saints,Home,Bryce Young,Derek Carr,00-0039150,00-0031280,7,7,0,0,-1,0,Caesars Superdome,29.9507,-90.0813,America/Chicago,False,True,14,14,Sunday,False,False,0,False,False,0,-1,0,NFC South,Bank of America Stadium,35.2258,-80.8528,America/New_York,NFC South,Caesars Superdome,29.9507,-90.0813,America/Chicago,Tampa Bay Buccaneers,Detroit Lions,Raymond James Stadium,Caesars Superdome,Atlanta Falcons,New York Giants,Bank of America Stadium,Caesars Superdome,648,0,-648,648,1.0,0.0,America/New_York,America/Chicago,1.0,0.0,1.0,0.0,1.0,0,-5.25,-6.145,-5.25,-6.145,Carolina Panthers,0.8949999999999996,Carolina Panthers,0.8949999999999996,-5.25,-6.145,Carolina Panthers,0.8949999999999996,0.0,0,No,No,No,No,No,1,No,0.0,0.0,-6.873,-1.274,-6.39416,-6.70384,-6.39416,-6.70384,-1.13521,-0.56779,-7.95222,-1.89778,Carolina Panthers,0.3096799999999993,Carolina Panthers,0.3096799999999993,-6.39416,-6.70384,Carolina Panthers,0.3096799999999993,Tie,0.0,New Orleans Saints,5.599,-3.4365,-0.637,New Orleans Saints,2.7995,New Orleans Saints,0.56742,New Orleans Saints,6.05444,-4.543715,-1.232785,New Orleans Saints,3.31093,Different,Different,Different,Different,Different,Same,False,Home Team,Home Team,39.0,-245.0,200.0,New Orleans Saints,Carolina Panthers,-5.5,5.5,-116,-104,-261,208,-0.56742,0.56742,-6.05444,6.05444,0.3333,0.7101,0.5098,0.537,0.3247,0.723,0.3194,0.6806,0.487,0.513,0.3099,0.6901,0.3194,0.6806,-0.1806,0.1806,,,135,0.0,70.0,0.0,Dome,True,B.Young,S.Rattler,-3.58,-5.0,13.06,170.64,Medium,-13.0,6.0,37.77,37.0,11.823798648611051,23.0,53.0,0.6108,0.388,0.0878,0.0858,0.4804,0.5196,0.4166,0.5432,15,2023-12-10,Carolina Panthers @ New Orleans Saints,0.6236,0.3761,-166,166,,,,,,,,No Bet,,No Bet,,No Bet,,No Bet,,No Bet,,No Bet,,No Bet,,No Bet,,No Bet,,,,,,,,,,,,,,,0.2581,0.2885,0.2661,0.2763,0.6793,0.6647,0.3207,0.3333,-0.057,-0.4301,0.0533,-0.0051,0.1277,-0.0377,15,-0.13285,0.01625,New Orleans Saints,Carolina Panthers,0,0,0,0,0,0,1,1,0,0,1,1,1,1.0,2.5,,,78.16291467900373,0.6316623942150608,0.9967181375309644,0.0798757395932965,0.0049545441536847,4.592330718605341,0.005295462020633,2.15514315533727,0.0112839431785938,0.0587533197484374,0.0275724512601394,6.774903472292785e-05,0.0001443644114978,0.0277168156716373,0.0165794051992268,6.747473873942611,0.0863257710085769,0.0002121134462208,195.0,15.0,0.3194,0.6806,0.3749,0.625,0.4004,0.5992,New Orleans Saints,New Orleans Saints,New Orleans Saints,New Orleans Saints,New Orleans Saints,Same,Same,Same,False,False,0.0863257710085769,0.0002121134462208,0.0798757395932965,0.0049545441536847,0.0863257710085769,0.0002121134462208,0.0723926489532214,0.0100474262807492,1.0433396412710567,0.5580762414270923,1.0073027993803754,1.1457029430582855,1.2912020169191152,0.6856768664110855,0.986045306714834,0.7226076495695362,1.0815868146317766,0.7615275102654703
2023_14_HOU_NYJ,2023,15,2023-12-10,13:00,Houston Texans,New York Jets,Home,C.J. Stroud,Zach Wilson,00-0039163,00-0037013,7,7,0,0,-3,8,MetLife Stadium,40.8136,-74.0744,America/New_York,False,False,14,14,Sunday,False,False,0,False,False,0,-3,8,AFC South,NRG Stadium,29.6847,-95.4093,America/Chicago,AFC East,MetLife Stadium,40.8136,-74.0744,America/New_York,Denver Broncos,Atlanta Falcons,NRG Stadium,MetLife Stadium,Tennessee Titans,Miami Dolphins,Nissan Stadium,Hard Rock Stadium,1421,0,-1421,1421,-1.0,0.0,America/Chicago,America/New_York,-1.0,0.0,-1.0,0.0,-1.0,0,0.035,-3.725,0.035,-3.725,Houston Texans,3.76,Houston Texans,3.76,0.035,-3.725,Houston Texans,3.76,0.0,0,No,No,No,No,No,0,No,0.0,0.0,-6.153,-1.783,1.4455,-2.753,1.4455,-2.753,1.4105,0.972,-4.7425,-0.811,Houston Texans,4.1985,Houston Texans,4.1985,1.4455,-2.753,Houston Texans,4.1985,Tie,0.0,New York Jets,4.369999999999999,-3.0765,-0.8915,New York Jets,2.185,Houston Texans,0.4384999999999999,New York Jets,3.9315,-1.666,0.0804999999999999,New York Jets,1.7465,Different,Different,Same,Different,Different,Same,False,Away Team,Home Team,33.5,145.0,-175.0,Houston Texans,New York Jets,3.5,-3.5,-104,-116,-211,171,0.4384999999999999,-0.4384999999999999,-3.9315,3.9315,0.6364,0.4082,0.537,0.5098,0.369,0.6785,0.6092,0.3908,0.513,0.487,0.3523,0.6477,0.6092,0.3908,0.1092,-0.1092,58.0,7.0,136,7.0,58.0,0.0,nfl_read_py Fallback,False,C.Stroud,J.Fields,1.09,2.0,12.9,166.31,Med-Low,-8.0,10.0,45.43,45.0,13.055392743841113,29.0,63.0,0.4648,0.5342,0.099,0.0868,0.5608,0.4392,0.8082,0.1918,15,2023-12-10,Houston Texans @ New York Jets,0.4976,0.5022,101,-101,,,,,,,,No Bet,,No Bet,,No Bet,,No Bet,,No Bet,,No Bet,,No Bet,,No Bet,,No Bet,,,,,,,,,,,,,,,0.3369,0.3754,0.3184,0.3534,0.6142,0.6751,0.3858,0.3249,-0.3847,-0.2948,-0.0835,-0.0323,-0.0426,-0.0025,15,0.001075,-0.112375,Houston Texans,New York Jets,0,0,0,0,0,1,1,0,0,0,1,1,0,2.5,1.0,,,78.16291467900373,0.899011648612216,0.9215433307164757,0.01202612658757,0.0867109389505304,0.0036268302956205,5.3933833753071,0.0056536975846776,3.459839499458331,4.640090905661686e-05,7.233222568395851e-05,0.0690018200761374,0.0442644636995314,0.0443367959252153,8.853222874765432,0.0092805278802982,0.0001187331347405,0.1132662837756688,195.0,15.0,0.6092,0.3908,0.4777,0.522,0.4938,0.505,Houston Texans,New York Jets,New York Jets,Houston Texans,Houston Texans,Same,Different,Different,False,False,0.0001187331347405,0.1132662837756688,0.01202612658757,0.0867109389505304,0.0001187331347405,0.1132662837756688,0.0209637970756157,0.0664002702256821,0.6756283796767952,0.9257875030213543,1.145408135177144,1.0075976072615163,1.3493871373450377,0.6274917459851634,0.8528754867675518,0.8557774695168181,0.9861850066432876,0.8569293182539601
2023_14_MIN_LV,2023,15,2023-12-10,16:05,Minnesota Vikings,Las Vegas Raiders,Home,Joshua Dobbs,Aidan O'Connell,00-0033949,00-0038579,13,14,-1,1,-1,-7,Allegiant Stadium,36.108,-115.1578,America/Los_Angeles,False,False,14,14,Sunday,False,False,0,False,False,0,-1,-7,NFC North,U.S. Bank Stadium,44.9738,-93.2575,America/Chicago,AFC West,Allegiant Stadium,36.108,-115.1578,America/Los_Angeles,Chicago Bears,Kansas City Chiefs,U.S. Bank Stadium,Allegiant Stadium,Cincinnati Bengals,Los Angeles Chargers,Paycor Stadium,Allegiant Stadium,1296,0,-1296,1296,2.0,0.0,America/Chicago,America/Los_Angeles,2.0,0.0,2.0,0.0,2.0,0,0.27,-2.35,0.27,-2.35,Minnesota Vikings,2.62,Minnesota Vikings,2.62,0.27,-2.35,Minnesota Vikings,2.62,-0.15,0,No,No,No,No,No,0,No,0.0,0.0,-3.191,-2.18,0.7040000000000001,-2.3585,0.7040000000000001,-2.3585,0.434,-0.0085,-2.757,-2.1885,Minnesota Vikings,3.0625,Minnesota Vikings,3.0625,0.7040000000000001,-2.3585,Minnesota Vikings,3.0625,Tie,0.0,Las Vegas Raiders,1.0109999999999997,-1.5955,-1.09,Las Vegas Raiders,0.5054999999999998,Minnesota Vikings,0.4425,Las Vegas Raiders,0.5684999999999998,-1.1614999999999998,-1.0985,Las Vegas Raiders,0.0629999999999997,Different,Different,Same,Different,Different,Same,False,Away Team,Home Team,40.5,130.0,-155.0,Minnesota Vikings,Las Vegas Raiders,3.0,-3.0,-104,-116,-116,-104,0.4425,-0.4425,-0.5684999999999998,0.5684999999999998,0.6078,0.4348,0.537,0.5098,0.5098,0.537,0.583,0.417,0.513,0.487,0.487,0.513,0.583,0.417,0.083,-0.083,,,137,0.0,70.0,0.0,Dome,True,C.Wentz,G.Smith,-3.53,-4.0,12.94,167.36,Med-Low,-13.0,6.0,45.39,45.0,12.910288388306974,29.0,63.0,0.6162,0.3828,0.0912,0.0862,0.6546,0.3026,0.633,0.367,15,2023-12-10,Minnesota Vikings @ Las Vegas Raiders,0.5083,0.4915,-103,103,,,,,,,,No Bet,,No Bet,,No Bet,,No Bet,,No Bet,,No Bet,,No Bet,,No Bet,,No Bet,,,,,,,,,,,,,,,0.349,0.3769,0.2784,0.2705,0.6944,0.6727,0.3056,0.3273,-0.0675,-0.0262,0.1187,0.1532,-0.0025,0.1804,15,-0.080425,-0.0590249999999999,Minnesota Vikings,Las Vegas Raiders,0,0,0,0,0,0,1,0,0,0,1,0,0,1.5,1.5,,,78.16291467900373,0.968741808146754,0.7953349194901683,0.0104696219395728,0.0450410002487452,0.0004828847165366,2.045483337703061,0.0006751122056136,1.4630644113587938,6.177926175345137e-06,8.637244508935768e-06,0.0261694864643081,0.0187181404041449,0.0187267776486538,3.508547749061856,0.0011579969221503,1.4815170684280904e-05,0.0448876268684531,195.0,15.0,0.583,0.417,0.4623,0.5374,0.427,0.5718,Minnesota Vikings,Las Vegas Raiders,Las Vegas Raiders,Las Vegas Raiders,Las Vegas Raiders,Same,Same,Same,False,False,1.4815170684280904e-05,0.0448876268684531,0.0104696219395728,0.0450410002487452,1.4815170684280904e-05,0.0448876268684531,0.0186372089767003,0.0442616458845415,0.6910557322045559,0.910360150493592,1.0940810843026159,1.058924658136046,1.0512362967469024,0.9256425865832952,1.0782738385155741,0.630379117768795,0.9691331527992489,0.8739811720979991
2023_14_SEA_SF,2023,15,2023-12-10,16:05,Seattle Seahawks,San Francisco 49ers,Home,Drew Lock,Brock Purdy,00-0035704,00-0037834,10,7,3,-3,-3,-12,Levi's Stadium,37.4031,-121.9702,America/Los_Angeles,False,True,14,14,Sunday,False,False,0,False,False,0,-3,-12,NFC West,Lumen Field,47.5952,-122.3316,America/Los_Angeles,NFC West,Levi's Stadium,37.4031,-121.9702,America/Los_Angeles,Dallas Cowboys,Philadelphia Eagles,AT&T Stadium,Lincoln Financial Field,Philadelphia Eagles,Arizona Cardinals,Lumen Field,State Farm Stadium,704,0,-704,704,0.0,0.0,America/Chicago,America/New_York,2.0,3.0,0.0,0.0,0.0,0,-0.13,3.325,-0.13,3.325,San Francisco 49ers,3.455,San Francisco 49ers,3.455,-0.13,3.325,San Francisco 49ers,3.455,0.0,0,No,No,No,No,No,1,No,0.0,0.0,1.265,8.506,1.09723,2.78577,1.09723,2.78577,1.19268,-0.50468,2.5300899999999995,7.928910000000001,San Francisco 49ers,1.6885399999999997,San Francisco 49ers,1.6885399999999997,1.09723,2.78577,San Francisco 49ers,1.6885399999999997,Tie,0.0,San Francisco 49ers,7.241,0.6325,4.253,San Francisco 49ers,3.6205,Seattle Seahawks,1.69736,San Francisco 49ers,5.3988200000000015,1.861385,3.7121150000000007,San Francisco 49ers,1.8507300000000009,Different,Same,Different,Same,Different,Same,False,Away Team,Home Team,44.5,-1000.0,650.0,San Francisco 49ers,Seattle Seahawks,-14.5,14.5,105,-128,-244,195,1.69736,-1.69736,-5.3988200000000015,5.3988200000000015,0.1333,0.9091,0.5614,0.4878,0.339,0.7093,0.1279,0.8721,0.5351,0.4649,0.3234,0.6766,0.1279,0.8721,-0.3721,0.3721,63.0,5.0,138,5.0,63.0,0.0,nfl_read_py Fallback,False,S.Darnold,M.Jones,-9.0,-10.0,13.67,186.9,Med-High,-18.0,-1.0,50.71,50.0,13.791957948776243,33.0,69.0,0.751,0.2488,0.0658,0.082,0.3372,0.6628,0.6562,0.3438,15,2023-12-10,Seattle Seahawks @ San Francisco 49ers,0.6911,0.3088,-224,224,,,,,,,,No Bet,,No Bet,,No Bet,,No Bet,,No Bet,,No Bet,,No Bet,,No Bet,,No Bet,,,,,,,,,,,,,,,0.3017,0.3131,0.3038,0.2943,0.675,0.7122,0.325,0.2878,0.0776,-0.0073,0.3026,0.1594,0.5133,-0.0144,15,0.0428,0.28685,San Francisco 49ers,Seattle Seahawks,0,0,0,0,1,0,0,0,0,0,1,0,1,2.5,5.0,,,78.16291467900373,0.0,0.0557172652612546,0.0370145415436588,0.0025604547087172,0.0,0.0001578658260627,0.0,0.00107642522994,0.0,0.0,2.019702396092533e-06,1.3771559496734147e-05,1.3771559496734147e-05,0.0012342910560028,0.0,0.0,1.579126189282668e-05,195.0,15.0,0.1279,0.8721,0.2558,0.7441,0.136,0.8636,San Francisco 49ers,San Francisco 49ers,San Francisco 49ers,San Francisco 49ers,San Francisco 49ers,Same,Same,Same,False,False,0.0,1.579126189282668e-05,0.0370145415436588,0.0025604547087172,0.0,1.579126189282668e-05,0.0594090174098372,0.0064911863794067,1.3855269138884891,0.21588896880966116,0.9561296983233896,1.196876044115271,1.3040979616455042,0.6727809216846955,1.2620870243349658,0.44656593194940836,1.2453933439432203,0.5977209809540293
2023_14_BUF_KC,2023,15,2023-12-10,16:25,Buffalo Bills,Kansas City Chiefs,Home,Josh Allen,Patrick Mahomes,00-0034857,00-0033873,14,7,7,-7,2,-4,GEHA Field at Arrowhead Stadium,39.0489,-94.4839,America/Chicago,False,False,14,14,Sunday,False,False,0,False,False,0,2,-4,AFC East,Highmark Stadium,42.7725,-78.7877,America/New_York,AFC West,GEHA Field at Arrowhead Stadium,39.0489,-94.4839,America/Chicago,Philadelphia Eagles,Green Bay Packers,Lincoln Financial Field,Lambeau Field,Dallas Cowboys,New England Patriots,Highmark Stadium,Gillette Stadium,857,0,-857,857,1.0,0.0,America/New_York,America/Chicago,1.0,0.0,1.0,0.0,1.0,0,4.795,4.395,4.795,4.395,Buffalo Bills,0.4000000000000003,Buffalo Bills,0.4000000000000003,4.795,4.395,Buffalo Bills,0.4000000000000003,0.0,0,No,No,No,No,No,0,No,0.0,0.0,8.815,8.791,4.741,3.8985,4.741,3.8985,-0.054,-0.4965,8.761,8.294500000000001,Buffalo Bills,0.8425000000000002,Buffalo Bills,0.8425000000000002,4.741,3.8985,Buffalo Bills,0.8425000000000002,Tie,0.0,Buffalo Bills,0.0239999999999991,4.4075,4.3955,Buffalo Bills,0.0119999999999995,Buffalo Bills,0.4425,Buffalo Bills,0.4664999999999981,4.3535,3.899000000000001,Buffalo Bills,0.454499999999999,Different,Same,Same,Same,Different,Same,False,Away Team,Away Team,49.5,-125.0,105.0,Kansas City Chiefs,Buffalo Bills,-2.0,2.0,-104,-116,-104,-116,0.4425,-0.4425,0.4664999999999981,-0.4664999999999981,0.4878,0.5556,0.537,0.5098,0.537,0.5098,0.4675,0.5325,0.513,0.487,0.513,0.487,0.4675,0.5325,-0.0325,0.0325,45.0,5.0,139,5.0,45.0,0.0,nfl_read_py Fallback,False,J.Allen,P.Mahomes,-4.95,-6.0,14.24,202.91,High,-14.0,6.0,54.71,54.0,14.02623048392966,37.0,73.0,0.6384,0.36,0.0756,0.078,0.6042,0.3798,0.6328,0.3672,15,2023-12-10,Buffalo Bills @ Kansas City Chiefs,0.5362,0.4634,-116,116,,,,,,,,No Bet,,No Bet,,No Bet,,No Bet,,No Bet,,No Bet,,No Bet,,No Bet,,No Bet,,,,,,,,,,,,,,,0.2746,0.2914,0.2641,0.3112,0.6482,0.6401,0.3518,0.3599,-0.0051,0.1574,0.2564,0.2138,0.3131,0.1883,15,0.2184749999999999,0.184925,Kansas City Chiefs,Buffalo Bills,0,0,0,0,1,0,0,0,0,0,1,0,0,4.5,4.0,,,78.16291467900373,0.0,0.0,0.004132906569658,0.0,0.0,0.0,0.0,0.0,0.0,0.0,0.0,0.0,0.0,0.0,0.0,0.0,0.0,195.0,15.0,0.4675,0.5325,0.4688,0.5311,0.37,0.6296,Kansas City Chiefs,Kansas City Chiefs,Kansas City Chiefs,Kansas City Chiefs,Kansas City Chiefs,Same,Same,Same,False,False,0.0,0.0,0.004132906569658,0.0,0.0,0.0,0.0089155297721159,0.0019233714321221,0.8499286124098705,0.0,1.0430508494877917,0.0,0.9582789883974505,0.0,1.087775804599577,0.0,0.9844168817407817,0.0
2023_14_DEN_LAC,2023,15,2023-12-10,16:25,Denver Broncos,Los Angeles Chargers,Home,Russell Wilson,Justin Herbert,00-0029263,00-0036355,7,7,0,0,3,-10,SoFi Stadium,33.9535,-118.3395,America/Los_Angeles,False,True,14,14,Sunday,False,False,0,False,False,0,3,-10,AFC West,Empower Field at Mile High,39.7648,-105.0076,America/Denver,AFC West,SoFi Stadium,33.9535,-118.3395,America/Los_Angeles,Houston Texans,New England Patriots,NRG Stadium,Gillette Stadium,Detroit Lions,Las Vegas Raiders,Ford Field,Allegiant Stadium,837,0,-837,837,1.0,0.0,America/Chicago,America/New_York,2.0,3.0,1.0,0.0,1.0,0,2.05,0.935,2.05,0.935,Denver Broncos,1.1149999999999998,Denver Broncos,1.1149999999999998,2.05,0.935,Denver Broncos,1.1149999999999998,0.0,0,No,No,No,No,No,1,No,0.0,0.0,-8.65,0.306,0.66821,0.68879,0.66821,0.68879,-1.37064,-0.25736,-9.93108,-0.04092,Los Angeles Chargers,0.02058,Los Angeles Chargers,0.02058,0.66821,0.68879,Los Angeles Chargers,0.02058,Tie,0.0,Los Angeles Chargers,8.956,-4.325,0.153,Los Angeles Chargers,4.478,Los Angeles Chargers,1.1132799999999998,Los Angeles Chargers,9.89016,-5.65086,-0.14914,Los Angeles Chargers,5.50172,Different,Different,Same,Same,Different,Same,False,Home Team,Home Team,45.0,-162.0,136.0,Los Angeles Chargers,Denver Broncos,-3.0,3.0,-122,101,-483,356,-1.1132799999999998,1.1132799999999998,-9.89016,9.89016,0.4237,0.6183,0.4975,0.5495,0.2193,0.8285,0.4066,0.5934,0.4752,0.5248,0.2093,0.7907,0.4066,0.5934,-0.0934,0.0934,,,140,0.0,70.0,0.0,Dome,True,B.Nix,J.Herbert,-5.28,-6.0,12.96,168.03,Med-Low,-14.0,4.0,47.36,47.0,13.100655360483874,31.0,64.0,0.66,0.3394,0.0844,0.0828,0.6232,0.3768,0.5626,0.4374,15,2023-12-10,Denver Broncos @ Los Angeles Chargers,0.6422,0.3576,-179,180,,,,,,,,No Bet,,No Bet,,No Bet,,No Bet,,No Bet,,No Bet,,No Bet,,No Bet,,No Bet,,,,,,,,,,,,,,,0.31,0.3287,0.2621,0.2984,0.7035,0.7431,0.2965,0.2569,-0.2056,-0.0906,0.0804,0.1153,0.193,-0.2523,15,0.01945,-0.115075,Los Angeles Chargers,Denver Broncos,0,0,0,0,1,0,0,1,0,0,1,1,1,2.5,1.0,,,78.16291467900373,0.3866197403646452,0.9394818249307304,0.0422349001281612,0.0111674880363058,2.08890211795896,0.0042512263785277,1.4313238981498366,0.0062043230029964,0.0267249772675133,0.018312058909624,5.438930208765262e-05,7.937681224499032e-05,0.018391435721869,0.0104555493815242,3.5202260161087966,0.0450370361771374,0.0001337661143326,195.0,15.0,0.4066,0.5934,0.3864,0.6136,0.3538,0.646,Los Angeles Chargers,Los Angeles Chargers,Los Angeles Chargers,Los Angeles Chargers,Los Angeles Chargers,Same,Same,Same,False,False,0.0450370361771374,0.0001337661143326,0.0422349001281612,0.0111674880363058,0.0450370361771374,0.0001337661143326,0.0398611161240302,0.0196360592449855,0.9295187427383822,0.6718971399597669,1.0889020881519307,1.0641036542867297,1.5399189590244615,0.43695992430573444,1.1052210970812348,0.6034318592031376,1.1563692719474936,0.6867450529497523
2023_14_PHI_DAL,2023,15,2023-12-10,20:20,Philadelphia Eagles,Dallas Cowboys,Home,Jalen Hurts,Dak Prescott,00-0036389,00-0033077,7,10,-3,3,-5,0,AT&T Stadium,32.7369,-97.0826,America/Chicago,False,False,14,14,Sunday,False,False,0,False,False,0,-5,0,NFC East,Lincoln Financial Field,39.9008,-75.1675,America/New_York,NFC East,AT&T Stadium,32.7369,-97.0826,America/Chicago,San Francisco 49ers,Seattle Seahawks,Lincoln Financial Field,AT&T Stadium,Seattle Seahawks,Buffalo Bills,Lumen Field,Highmark Stadium,1311,0,-1311,1311,1.0,0.0,America/New_York,America/Chicago,1.0,0.0,1.0,0.0,1.0,0,4.905,-0.615,4.905,-0.615,Philadelphia Eagles,5.5200000000000005,Philadelphia Eagles,5.5200000000000005,4.905,-0.615,Philadelphia Eagles,5.5200000000000005,0.0,0,No,No,No,No,No,1,No,0.0,0.0,8.409,5.882,4.28885,0.7951499999999999,4.28885,0.7951499999999999,-0.5609500000000001,1.35495,7.82278,7.262219999999999,Philadelphia Eagles,3.4937,Philadelphia Eagles,3.4937,4.28885,0.7951499999999999,Philadelphia Eagles,3.4937,Tie,0.0,Philadelphia Eagles,2.527000000000001,4.2045,2.941,Philadelphia Eagles,1.2635000000000003,Dallas Cowboys,1.9159,Philadelphia Eagles,0.5605600000000006,3.630915,4.308585,Dallas Cowboys,0.67767,Different,Same,Different,Same,Different,Same,False,Home Team,Away Team,52.5,-175.0,145.0,Dallas Cowboys,Philadelphia Eagles,-3.5,3.5,-131,108,-104,-116,-1.9159,1.9159,0.5605600000000006,-0.5605600000000006,0.4082,0.6364,0.4808,0.5671,0.537,0.5098,0.3908,0.6092,0.4588,0.5412,0.513,0.487,0.3908,0.6092,-0.1092,0.1092,,,141,0.0,70.0,0.0,Dome,True,J.Hurts,D.Prescott,1.56,3.0,13.77,189.55,Med-High,-8.0,11.0,57.53,57.0,14.048320982398035,40.0,76.0,0.4478,0.552,0.0822,0.0802,0.3684,0.6316,0.6336,0.3664,15,2023-12-10,Philadelphia Eagles @ Dallas Cowboys,0.5213,0.4786,-109,109,,,,,,,,No Bet,,No Bet,,No Bet,,No Bet,,No Bet,,No Bet,,No Bet,,No Bet,,No Bet,,,,,,,,,,,,,,,0.2949,0.2719,0.3968,0.3298,0.6958,0.6484,0.3042,0.3516,-0.1879,-0.1157,0.1492,0.1135,0.1819,0.3028,15,0.26395,0.1138499999999999,Dallas Cowboys,Philadelphia Eagles,0,0,0,0,0,0,0,1,0,0,0,1,1,5.0,3.5,,,78.16291467900373,0.0,0.644091619936104,0.0043061839132334,0.0030266961668057,0.0,0.0308411297557066,0.0,0.0480768071831537,0.0,0.0,0.0003945749705261,0.0006150846265213,0.0006150846265213,0.0789179369388604,0.0,0.0,0.0010096595970474,195.0,15.0,0.3908,0.6092,0.4752,0.5247,0.522,0.4778,Dallas Cowboys,Philadelphia Eagles,Dallas Cowboys,Philadelphia Eagles,Dallas Cowboys,Same,Same,Same,False,False,0.0,0.0010096595970474,0.0043061839132334,0.0030266961668057,0.0,0.0010096595970474,0.0091816168268697,0.006598868433472,0.9747460151215727,0.6266698675765661,1.1635246399005892,0.9894811025380849,0.9613586212974914,1.0155202620327055,0.7641331947105238,0.9445197615738502,0.9596166849595467,0.8834976399376984
2023_14_TEN_MIA,2023,15,2023-12-11,20:15,Tennessee Titans,Miami Dolphins,Home,Will Levis,Tua Tagovailoa,00-0039152,00-0036212,8,8,0,0,12,7,Hard Rock Stadium,25.9602,-80.2384,America/New_York,False,False,14,14,Monday,False,False,0,False,False,0,12,7,AFC South,Nissan Stadium,36.1664,-86.7716,America/Chicago,AFC East,Hard Rock Stadium,25.9602,-80.2384,America/New_York,Indianapolis Colts,Washington Commanders,Nissan Stadium,FedExField,Houston Texans,New York Jets,Nissan Stadium,Hard Rock Stadium,803,0,-803,803,-1.0,0.0,America/Chicago,America/New_York,-1.0,0.0,-1.0,0.0,-1.0,0,-4.36,0.66,-4.36,0.66,Miami Dolphins,5.0200000000000005,Miami Dolphins,5.0200000000000005,-4.36,0.66,Miami Dolphins,5.0200000000000005,0.0,0,No,No,No,No,No,0,No,0.0,0.0,-1.274,0.176,-5.489000000000001,2.9975,-5.489000000000001,2.9975,-1.1289999999999998,2.3375,-2.403,2.5135,Miami Dolphins,8.486500000000001,Miami Dolphins,8.486500000000001,-5.489000000000001,2.9975,Miami Dolphins,8.486500000000001,Tie,0.0,Miami Dolphins,1.45,-0.637,0.088,Miami Dolphins,0.725,Miami Dolphins,3.4665,Miami Dolphins,4.916499999999999,-1.7659999999999996,2.4255,Miami Dolphins,4.1915,Different,Same,Same,Same,Different,Same,False,Home Team,Home Team,45.0,-950.0,625.0,Miami Dolphins,Tennessee Titans,-14.0,14.0,-191,156,-234,188,-3.4665,3.4665,-4.916499999999999,4.916499999999999,0.1379,0.9048,0.3906,0.6564,0.3472,0.7006,0.1323,0.8677,0.3731,0.6269,0.3314,0.6686,0.1323,0.8677,-0.3677,0.3677,64.0,9.0,142,9.0,64.0,0.0,nfl_read_py Fallback,False,C.Ward,T.Tagovailoa,-11.15,-12.0,12.76,162.86,Med-Low,-20.0,-3.0,48.17,47.0,12.953943248645867,32.0,65.0,0.8186,0.1812,0.0616,0.0704,0.3936,0.5646,0.5692,0.41,15,2023-12-11,Tennessee Titans @ Miami Dolphins,0.7455,0.2545,-293,293,,,,,,,,No Bet,,No Bet,,No Bet,,No Bet,,No Bet,,No Bet,,No Bet,,No Bet,,No Bet,,,,,,,,,,,,,,,0.2785,0.3803,0.3369,0.3131,0.7627,0.6891,0.2373,0.3109,-0.0255,-0.291,0.1938,0.0833,0.2394,-0.0327,15,-0.071825,0.0176999999999999,Miami Dolphins,Tennessee Titans,0,0,0,0,0,1,1,0,0,0,1,1,0,1.5,2.5,,,78.16291467900373,0.0,0.7613187089991372,0.0726500051614271,0.0054465648809586,0.0,0.0009223254421725,0.0,0.0060491442643474,0.0,0.0,1.180003900776173e-05,7.739148788386131e-05,7.739148788386131e-05,0.0069714697065199,0.0,0.0,8.919152689162304e-05,195.0,15.0,0.1323,0.8677,0.321,0.6788,0.1868,0.8122,Miami Dolphins,Miami Dolphins,Miami Dolphins,Miami Dolphins,Miami Dolphins,Same,Same,Same,False,False,0.0,8.919152689162304e-05,0.0726500051614271,0.0054465648809586,0.0,8.919152689162304e-05,0.1141313219141902,0.0108782128523778,1.3663310945426226,0.23508478815552597,1.2641589953457482,0.888846747092925,1.2546400792504337,0.7222388040797604,1.3643063486691052,0.3443466076152728,1.3228866918097613,0.5202276330874878
2023_14_GB_NYG,2023,15,2023-12-11,20:15,Green Bay Packers,New York Giants,Home,Jordan Love,Tommy DeVito,00-0036264,00-0038476,8,15,-7,7,1,-4,MetLife Stadium,40.8136,-74.0744,America/New_York,False,False,14,14,Monday,False,False,0,False,False,0,1,-4,NFC North,Lambeau Field,44.5013,-88.0622,America/Chicago,NFC East,MetLife Stadium,40.8136,-74.0744,America/New_York,Kansas City Chiefs,New England Patriots,Lambeau Field,MetLife Stadium,Tampa Bay Buccaneers,New Orleans Saints,Lambeau Field,Caesars Superdome,753,0,-753,753,-1.0,0.0,America/Chicago,America/New_York,-1.0,0.0,-1.0,0.0,-1.0,0,3.535,-2.84,3.535,-2.84,Green Bay Packers,6.375,Green Bay Packers,6.375,3.535,-2.84,Green Bay Packers,6.375,0.0,0,No,No,No,No,No,0,No,0.0,0.0,-4.219,-2.869,3.303,-2.9965,3.303,-2.9965,-0.2319999999999999,-0.1564999999999999,-4.451000000000001,-3.0255000000000005,Green Bay Packers,6.2995,Green Bay Packers,6.2995,3.303,-2.9965,Green Bay Packers,6.2995,Tie,0.0,New York Giants,1.35,-2.1095,-1.4345,New York Giants,0.675,New York Giants,0.0754999999999999,New York Giants,1.4255000000000009,-2.341500000000001,-1.5910000000000002,New York Giants,0.7505000000000006,Different,Different,Different,Different,Different,Same,False,Home Team,Home Team,37.5,215.0,-265.0,Green Bay Packers,New York Giants,6.0,-6.0,-110,-110,-128,105,-0.0754999999999999,0.0754999999999999,-1.4255000000000009,1.4255000000000009,0.726,0.3175,0.5238,0.5238,0.4878,0.5614,0.6958,0.3042,0.5,0.5,0.4649,0.5351,0.6958,0.3042,0.1958,-0.1958,39.0,14.0,143,14.0,39.0,0.0,nfl_read_py Fallback,False,J.Love,J.Dart,5.26,6.0,13.79,190.08,Med-High,-5.0,15.0,46.08,45.0,13.296608551047592,29.0,64.0,0.348,0.6516,0.091,0.0856,0.4742,0.4938,0.7242,0.2758,15,2023-12-11,Green Bay Packers @ New York Giants,0.4218,0.5781,137,-137,,,,,,,,No Bet,,No Bet,,No Bet,,No Bet,,No Bet,,No Bet,,No Bet,,No Bet,,No Bet,,,,,,,,,,,,,,,0.3907,0.1986,0.3678,0.3282,0.6773,0.6162,0.3227,0.3838,-0.2367,-0.2632,0.0478,0.1438,0.0089,-0.0551,15,0.0905499999999999,-0.234425,Green Bay Packers,New York Giants,0,0,0,0,1,0,0,0,0,0,1,0,0,3.0,0.0,,,78.16291467900373,0.8180823649654916,0.8683437838014342,0.0037216833619964,0.0929752276771431,0.0022328295334804,6.588305388986479,0.0051071755075466,2.880371513839734,2.8566354551261784e-05,6.534013641278089e-05,0.0842894026667641,0.0368508713584789,0.0369162114948917,9.468676902826212,0.0073400050410271,9.390649096404267e-05,0.1211402740252431,195.0,15.0,0.6958,0.3042,0.5517,0.4481,0.5582,0.4412,Green Bay Packers,Green Bay Packers,Green Bay Packers,Green Bay Packers,Green Bay Packers,Same,Same,Same,False,False,9.390649096404267e-05,0.1211402740252431,0.0037216833619964,0.0929752276771431,9.390649096404267e-05,0.1211402740252431,0.0082265755051806,0.0712006201893728,0.5417890858802523,1.0596267968178925,1.1907670522222076,0.9622386902164549,1.150198752277584,0.8266801310526184,0.6612244327686098,1.047428523515766,0.8598743351867377,0.9832399897105111
2023_15_LAC_LV,2023,16,2023-12-14,20:15,Los Angeles Chargers,Las Vegas Raiders,Home,Easton Stick,Aidan O'Connell,00-0035282,00-0038579,4,4,0,0,-10,-7,Allegiant Stadium,36.108,-115.1578,America/Los_Angeles,False,False,15,15,Thursday,False,False,0,False,False,0,-10,-7,AFC West,SoFi Stadium,33.9535,-118.3395,America/Los_Angeles,AFC West,Allegiant Stadium,36.108,-115.1578,America/Los_Angeles,Denver Broncos,Minnesota Vikings,SoFi Stadium,Allegiant Stadium,Buffalo Bills,Kansas City Chiefs,SoFi Stadium,GEHA Field at Arrowhead Stadium,233,0,-233,233,0.0,0.0,America/Los_Angeles,America/Los_Angeles,0.0,0.0,0.0,0.0,0.0,0,0.935,-2.35,0.935,-2.35,Los Angeles Chargers,3.285,Los Angeles Chargers,3.285,0.935,-2.35,Los Angeles Chargers,3.285,0.0,0,No,No,No,No,No,1,No,0.0,0.0,0.306,-2.18,0.154855,-2.407355,0.154855,-2.407355,-0.747295,-0.090205,-0.466155,-2.245345,Los Angeles Chargers,2.56221,Los Angeles Chargers,2.56221,0.154855,-2.407355,Los Angeles Chargers,2.56221,Tie,0.0,Los Angeles Chargers,2.486,0.153,-1.09,Los Angeles Chargers,1.243,Las Vegas Raiders,0.6570900000000001,Los Angeles Chargers,1.7791899999999998,-0.606725,-1.167775,Los Angeles Chargers,0.56105,Different,Same,Different,Same,Different,Same,True,Home Team,Away Team,36.0,-162.0,136.0,Las Vegas Raiders,Los Angeles Chargers,-3.0,3.0,-116,-104,108,-131,-0.6570900000000001,0.6570900000000001,1.7791899999999998,-1.7791899999999998,0.4237,0.6183,0.5098,0.537,0.5671,0.4808,0.4066,0.5934,0.487,0.513,0.5412,0.4588,0.4066,0.5934,-0.0934,0.0934,,,144,0.0,70.0,0.0,Dome,True,J.Herbert,G.Smith,-2.18,-3.0,13.13,172.52,Medium,-11.0,7.0,47.33,47.0,13.29635192806354,30.0,65.0,0.572,0.427,0.1,0.0898,0.4848,0.4616,0.78,0.188,16,2023-12-14,Los Angeles Chargers @ Las Vegas Raiders,0.5343,0.4654,-115,115,,,,,,,,No Bet,,No Bet,,No Bet,,No Bet,,No Bet,,No Bet,,No Bet,,No Bet,,No Bet,,,,,,,,,,,,,,,0.349,0.31,0.2784,0.2621,0.6944,0.7035,0.3056,0.2965,-0.0675,-0.2056,0.1187,0.0804,-0.0025,0.193,16,-0.1222999999999999,-0.1098333333333333,Las Vegas Raiders,Los Angeles Chargers,0,0,0,0,0,0,1,0,0,0,1,0,1,1.5,1.5,,,53.3238192089422,0.9687327524428732,0.3474458374269377,0.0974302930671889,0.0049581009830361,5.167305714848052,0.0027155864319389,3.5406580782898844,0.0039631800017525,0.0969042688896806,0.0663991839072196,5.092633033838584e-05,7.432288347958228e-05,0.0664735067906992,0.0066787664336914,8.707963793137937,0.1633034527969002,0.0001252492138179,100.0,95.0,0.4066,0.5934,0.4505,0.5491,0.4718,0.5266,Las Vegas Raiders,Las Vegas Raiders,Las Vegas Raiders,Las Vegas Raiders,Las Vegas Raiders,Same,Same,Same,False,False,0.1633034527969002,0.0001252492138179,0.0974302930671889,0.0049581009830361,0.1633034527969002,0.0001252492138179,0.0516082784382091,0.0101189856843903,0.897113566043896,0.7207743930343864,1.068730281782445,1.288032431224019,0.7825231922181652,1.1093251810678788,0.9080561588824366,0.8040450799235114,0.9103123717281486,0.9549678777628822
2023_15_MIN_CIN,2023,16,2023-12-16,13:00,Minnesota Vikings,Cincinnati Bengals,Home,Nick Mullens,Jake Browning,00-0033319,00-0035100,6,6,0,0,-1,0,Paycor Stadium,39.0955,-84.5165,America/New_York,False,True,15,15,Saturday,False,False,0,False,False,0,-1,0,NFC North,U.S. Bank Stadium,44.9738,-93.2575,America/Chicago,AFC North,Paycor Stadium,39.0955,-84.5165,America/New_York,Las Vegas Raiders,Indianapolis Colts,Allegiant Stadium,Paycor Stadium,Detroit Lions,Pittsburgh Steelers,U.S. Bank Stadium,Acrisure Stadium,604,0,-604,604,-1.0,0.0,America/Los_Angeles,America/New_York,-3.0,0.0,-1.0,0.0,-1.0,0,0.27,1.31,0.27,1.31,Cincinnati Bengals,1.04,Cincinnati Bengals,1.04,0.27,1.31,Cincinnati Bengals,1.04,0.0,0,No,No,No,No,No,0,No,0.0,0.0,-3.191,1.891,0.7040000000000001,3.7145,0.7040000000000001,3.7145,0.434,2.4045,-2.757,4.2955000000000005,Cincinnati Bengals,3.0105,Cincinnati Bengals,3.0105,0.7040000000000001,3.7145,Cincinnati Bengals,3.0105,Tie,0.0,Cincinnati Bengals,5.082,-1.5955,0.9455,Cincinnati Bengals,2.541,Cincinnati Bengals,1.9705,Cincinnati Bengals,7.0525,-1.1614999999999998,3.3500000000000005,Cincinnati Bengals,4.5115,Different,Same,Same,Same,Different,Same,False,Home Team,Home Team,41.5,-175.0,145.0,Cincinnati Bengals,Minnesota Vikings,-3.0,3.0,-131,108,-319,249,-1.9705,1.9705,-7.0525,7.0525,0.4082,0.6364,0.4808,0.5671,0.2865,0.7613,0.3908,0.6092,0.4588,0.5412,0.2734,0.7266,0.3908,0.6092,-0.1092,0.1092,53.0,5.0,145,5.0,53.0,0.0,nfl_read_py Fallback,False,C.Wentz,J.Browning,1.0,2.0,13.81,190.77,Med-High,-9.0,10.0,46.83,46.0,13.338701639675673,30.0,64.0,0.472,0.527,0.0904,0.0804,0.3924,0.5598,0.6406,0.3594,16,2023-12-16,Minnesota Vikings @ Cincinnati Bengals,0.5872,0.4125,-142,142,,,,,,,,No Bet,,No Bet,,No Bet,,No Bet,,No Bet,,No Bet,,No Bet,,No Bet,,No Bet,,,,,,,,,,,,,,,0.2253,0.3769,0.3297,0.2705,0.6843,0.6727,0.3157,0.3273,-0.0925,-0.0262,0.1701,0.1532,0.1406,0.1804,16,-0.0708333333333333,0.0299,Cincinnati Bengals,Minnesota Vikings,0,0,0,0,0,1,1,0,0,0,1,1,0,2.0,2.5,,,53.3238192089422,0.8652831853906615,0.7569752639357132,0.0487346618735448,0.0082776604573098,1.488766259082262,0.0006423780018683,0.9550391563515233,0.0010013732823393,0.0279193478855805,0.0179101791754512,1.2046736550345772e-05,1.877909904419305e-05,0.0179289582744954,0.0016437512842077,2.4438054154337854,0.0458295270610318,3.0825835594538824e-05,100.0,95.0,0.3908,0.6092,0.3416,0.6581,0.328,0.671,Cincinnati Bengals,Cincinnati Bengals,Cincinnati Bengals,Minnesota Vikings,Cincinnati Bengals,Same,Different,Same,False,False,0.0458295270610318,3.0825835594538824e-05,0.0487346618735448,0.0082776604573098,0.0458295270610318,3.0825835594538824e-05,0.0490666457464753,0.0152513234747405,0.9585275073570639,0.6593604517212043,1.2123723766889247,1.1443903363175332,1.342393348748534,0.5494550245375254,0.7768866962407446,0.9352145425652024,1.0577730722320768,0.8075071772589527
2023_15_PIT_IND,2023,16,2023-12-16,16:30,Pittsburgh Steelers,Indianapolis Colts,Home,Mitchell Trubisky,Gardner Minshew,00-0033869,00-0035289,9,6,3,-3,6,3,Lucas Oil Stadium,39.7601,-86.1638,America/Indiana/Indianapolis,False,False,15,15,Saturday,False,False,0,False,False,0,6,3,AFC North,Acrisure Stadium,40.4468,-80.0158,America/New_York,AFC South,Lucas Oil Stadium,39.7601,-86.1638,America/Indiana/Indianapolis,New England Patriots,Cincinnati Bengals,Acrisure Stadium,Paycor Stadium,Cincinnati Bengals,Atlanta Falcons,Acrisure Stadium,Mercedes-Benz Stadium,328,0,-328,328,0.0,0.0,America/New_York,America/New_York,0.0,0.0,0.0,0.0,0.0,0,-0.565,-2.265,-0.565,-2.265,Pittsburgh Steelers,1.7000000000000002,Pittsburgh Steelers,1.7000000000000002,-0.565,-2.265,Pittsburgh Steelers,1.7000000000000002,0.0,0,No,No,No,No,No,0,Yes,0.0,0.0,-2.272,-2.838,-0.2084999999999999,-5.327500000000001,-0.2084999999999999,-5.327500000000001,0.3565,-3.0625,-1.9155,-5.9005,Pittsburgh Steelers,5.119000000000001,Pittsburgh Steelers,5.119000000000001,-0.2084999999999999,-5.327500000000001,Pittsburgh Steelers,5.119000000000001,Tie,0.0,Pittsburgh Steelers,0.5660000000000003,-1.136,-1.419,Pittsburgh Steelers,0.2830000000000001,Pittsburgh Steelers,3.419,Pittsburgh Steelers,3.985,-0.7794999999999999,-4.4815000000000005,Pittsburgh Steelers,3.702000000000001,Different,Same,Same,Same,Different,Same,False,Away Team,Away Team,41.5,-122.0,102.0,Indianapolis Colts,Pittsburgh Steelers,-1.5,1.5,156,-191,171,-211,3.419,-3.419,3.985,-3.985,0.495,0.5495,0.6564,0.3906,0.6785,0.369,0.4739,0.5261,0.6269,0.3731,0.6477,0.3523,0.4739,0.5261,-0.0261,0.0261,,,146,0.0,70.0,0.0,Dome,True,A.Rodgers,D.Jones,7.59,7.0,13.32,177.31,Medium,-2.0,17.0,50.33,50.0,13.48204712048255,33.0,68.0,0.281,0.7182,0.0866,0.0844,0.2598,0.7402,0.7378,0.2622,16,2023-12-16,Pittsburgh Steelers @ Indianapolis Colts,0.3831,0.6167,161,-161,,,,,,,,No Bet,,No Bet,,No Bet,,No Bet,,No Bet,,No Bet,,No Bet,,No Bet,,No Bet,,,,,,,,,,,,,,,0.33,0.331,0.2661,0.2918,0.6202,0.7084,0.3781,0.2916,-0.2658,-0.0535,-0.1245,-0.0011,0.0655,0.1434,16,-0.0545333333333333,0.0002999999999999,Indianapolis Colts,Pittsburgh Steelers,0,0,0,0,0,0,1,1,0,0,1,1,0,2.0,2.5,,,53.3238192089422,0.9430232093959456,0.4162375805638215,0.0172093050861918,0.0109877569269035,0.0799457307063848,0.0060067280115454,0.0720134609043067,0.006668368024634,0.0014992499016833,0.0013504933062302,0.0001126462451612,0.0001250542088612,0.0014755475150914,0.0126750960361794,0.1519591916106915,0.0028497432079135,0.0002377004540225,100.0,95.0,0.4739,0.5261,0.5753,0.4245,0.6458,0.3536,Indianapolis Colts,Pittsburgh Steelers,Pittsburgh Steelers,Pittsburgh Steelers,Pittsburgh Steelers,Same,Same,Same,False,False,0.0028497432079135,0.0002377004540225,0.0172093050861918,0.0109877569269035,0.0028497432079135,0.0002377004540225,0.0271796748098807,0.0192675811410023,0.846864067970748,0.7710238911075289,0.8702239334526735,1.4865387795537803,0.6610399059445703,1.230808467341468,0.47719804801921006,1.2349031907867323,0.7090452553243636,1.1562349941666623
2023_15_DEN_DET,2023,16,2023-12-16,20:15,Denver Broncos,Detroit Lions,Home,Russell Wilson,Jared Goff,00-0029263,00-0033106,6,6,0,0,3,0,Ford Field,42.3395,-83.045,America/Detroit,False,True,15,15,Saturday,False,False,0,False,False,0,3,0,AFC West,Empower Field at Mile High,39.7648,-105.0076,America/Denver,NFC North,Ford Field,42.3395,-83.045,America/Detroit,Los Angeles Chargers,Chicago Bears,SoFi Stadium,Soldier Field,New England Patriots,Minnesota Vikings,Empower Field at Mile High,U.S. Bank Stadium,1154,0,-1154,1154,-2.0,0.0,America/Los_Angeles,America/Chicago,-3.0,-1.0,-2.0,0.0,-2.0,0,2.05,4.305,2.05,4.305,Detroit Lions,2.255,Detroit Lions,2.255,2.05,4.305,Detroit Lions,2.255,-0.3,0,No,No,No,No,No,0,No,0.0,0.0,-8.65,3.996,0.143,4.0975,0.143,4.0975,-1.907,-0.2075,-10.557,3.7885,Detroit Lions,3.9545,Detroit Lions,3.9545,0.143,4.0975,Detroit Lions,3.9545,Tie,0.0,Detroit Lions,12.646,-4.325,1.998,Detroit Lions,6.323,Detroit Lions,1.6995,Detroit Lions,14.3455,-6.232,1.7905,Detroit Lions,8.0225,Different,Same,Same,Same,Different,Same,False,Home Team,Home Team,49.0,-258.0,210.0,Detroit Lions,Denver Broncos,-5.5,5.5,-128,105,-984,615,-1.6995,1.6995,-14.3455,14.3455,0.3226,0.7207,0.4878,0.5614,0.1399,0.9077,0.3092,0.6908,0.4649,0.5351,0.1335,0.8665,0.3092,0.6908,-0.1908,0.1908,,,147,0.0,70.0,0.0,Dome,True,B.Nix,J.Goff,-9.61,-10.0,13.34,178.04,Medium,-18.0,-2.0,54.98,54.0,14.041741959723256,37.0,74.0,0.769,0.23,0.0764,0.071,0.643,0.357,0.6384,0.3328,16,2023-12-16,Denver Broncos @ Detroit Lions,0.7154,0.2844,-251,252,,,,,,,,No Bet,,No Bet,,No Bet,,No Bet,,No Bet,,No Bet,,No Bet,,No Bet,,No Bet,,,,,,,,,,,,,,,0.282,0.3287,0.3201,0.2984,0.6287,0.7431,0.3713,0.2569,-0.1944,-0.0906,0.2815,0.1153,0.1703,-0.2523,16,0.0895333333333333,0.0139333333333333,Detroit Lions,Denver Broncos,0,0,0,0,1,1,0,0,0,0,1,1,0,3.0,2.5,,,53.3238192089422,0.0,0.939402100214054,0.0353189472606922,0.0042026222636134,0.0,0.0018628903846415,0.0,0.0041619814932418,0.0,0.0,3.493542683696526e-05,7.805107651673868e-05,7.805107651673868e-05,0.0060248718778834,0.0,0.0,0.0001129865033537,100.0,95.0,0.3092,0.6908,0.3033,0.6963,0.2476,0.751,Detroit Lions,Detroit Lions,Detroit Lions,Detroit Lions,Detroit Lions,Same,Same,Same,False,False,0.0,0.0001129865033537,0.0353189472606922,0.0042026222636134,0.0,0.0001129865033537,0.0566076885017138,0.0089716050396162,1.098810292024349,0.5190776670539249,1.2124714353307557,1.1442912776757048,1.6246634364975092,0.2671849367885302,1.298789003063401,0.4133122357425437,1.3097691347366491,0.5555111147543689
2023_15_ATL_CAR,2023,16,2023-12-17,13:00,Atlanta Falcons,Carolina Panthers,Home,Desmond Ridder,Bryce Young,00-0038122,00-0039150,7,7,0,0,-12,-1,Bank of America Stadium,35.2258,-80.8528,America/New_York,False,False,15,15,Sunday,False,False,0,False,False,0,-12,-1,NFC South,Mercedes-Benz Stadium,33.7489,-84.388,America/New_York,NFC South,Bank of America Stadium,35.2258,-80.8528,America/New_York,Tampa Bay Buccaneers,New Orleans Saints,Mercedes-Benz Stadium,Caesars Superdome,Indianapolis Colts,Green Bay Packers,Mercedes-Benz Stadium,Bank of America Stadium,226,0,-226,226,0.0,0.0,America/New_York,America/Chicago,0.0,-1.0,0.0,0.0,0.0,0,-0.71,-5.25,-0.71,-5.25,Atlanta Falcons,4.54,Atlanta Falcons,4.54,-0.71,-5.25,Atlanta Falcons,4.54,0.0,0,No,No,No,No,No,1,No,0.0,0.0,-4.138,-6.873,-3.73899,-4.13001,-3.73899,-4.13001,-2.98359,1.07459,-7.14894,-5.771059999999999,Atlanta Falcons,0.3910200000000006,Atlanta Falcons,0.3910200000000006,-3.73899,-4.13001,Atlanta Falcons,0.3910200000000006,Tie,0.0,Atlanta Falcons,2.7350000000000003,-2.069,-3.4365,Atlanta Falcons,1.3675000000000002,Carolina Panthers,4.05818,Carolina Panthers,1.3778800000000002,-5.066265,-2.348235,Carolina Panthers,2.71803,Different,Different,Different,Different,Different,Different,False,Home Team,Home Team,32.0,130.0,-155.0,Atlanta Falcons,Carolina Panthers,3.0,-3.0,-211,171,-128,105,-4.05818,4.05818,-1.3778800000000002,1.3778800000000002,0.6078,0.4348,0.369,0.6785,0.4878,0.5614,0.583,0.417,0.3523,0.6477,0.4649,0.5351,0.583,0.417,0.083,-0.083,47.0,11.0,148,11.0,47.0,0.0,nfl_read_py Fallback,False,M.Penix,B.Young,6.18,7.0,13.11,172.0,Medium,-4.0,16.0,39.73,39.0,12.208979788561184,25.0,56.0,0.32,0.6788,0.08,0.0884,0.3518,0.6052,0.72,0.2568,16,2023-12-17,Atlanta Falcons @ Carolina Panthers,0.48,0.5197,108,-108,,,,,,,,No Bet,,No Bet,,No Bet,,No Bet,,No Bet,,No Bet,,No Bet,,No Bet,,No Bet,,,,,,,,,,,,,,,0.2885,0.3051,0.2763,0.2615,0.6647,0.735,0.3333,0.265,-0.4301,-0.2105,-0.0051,-0.0171,-0.0377,0.0235,16,-0.0364,-0.1494666666666666,Atlanta Falcons,Carolina Panthers,0,0,0,0,1,0,0,1,0,0,1,1,1,2.0,1.0,,,53.3238192089422,0.9966188299026064,0.911234909614574,0.0128807398986613,0.0550192887302991,0.0458576500809669,2.3438040587137654,0.0641127338062439,1.6764430402806867,0.0008599843514824,0.0012023282420005,0.0439541670773784,0.0314389153881077,0.0326412436301082,4.020247098994452,0.1099703838872108,0.0020623125934829,0.0753930824654861,100.0,95.0,0.583,0.417,0.4537,0.546,0.642,0.357,Atlanta Falcons,Atlanta Falcons,Carolina Panthers,Atlanta Falcons,Atlanta Falcons,Same,Same,Different,False,False,0.0020623125934829,0.0753930824654861,0.0128807398986613,0.0550192887302991,0.0020623125934829,0.0753930824654861,0.0210446169812345,0.0405798300841781,0.7033643435529549,0.914523615525324,1.5841514200030535,0.7726112930034041,1.0523510939456884,0.8394972793403549,0.5772731940757972,1.1348280447301553,0.9350741062049077,0.9302061432861178
2023_15_CHI_CLE,2023,16,2023-12-17,13:00,Chicago Bears,Cleveland Browns,Home,Justin Fields,Joe Flacco,00-0036945,00-0026158,7,7,0,0,12,7,FirstEnergy Stadium,41.5061,-81.6994,America/New_York,False,False,15,15,Sunday,False,False,0,False,False,0,12,7,NFC North,Soldier Field,41.8623,-87.6167,America/Chicago,AFC North,FirstEnergy Stadium,41.5061,-81.6994,America/New_York,Detroit Lions,Jacksonville Jaguars,Soldier Field,FirstEnergy Stadium,Arizona Cardinals,Houston Texans,Soldier Field,NRG Stadium,306,0,-306,306,-1.0,0.0,America/Chicago,America/New_York,-1.0,0.0,-1.0,0.0,-1.0,0,-1.575,-4.705,-1.575,-4.705,Chicago Bears,3.13,Chicago Bears,3.13,-1.575,-4.705,Chicago Bears,3.13,0.0,0,No,No,No,No,No,0,No,0.0,0.0,-7.898,2.134,-1.8725,-3.0550000000000006,-1.8725,-3.0550000000000006,-0.2974999999999999,1.65,-8.1955,3.784,Chicago Bears,1.1825000000000008,Chicago Bears,1.1825000000000008,-1.8725,-3.0550000000000006,Chicago Bears,1.1825000000000008,Tie,0.0,Cleveland Browns,10.032,-3.949,1.067,Cleveland Browns,5.016,Cleveland Browns,1.9475,Cleveland Browns,11.979499999999998,-4.246499999999999,2.717,Cleveland Browns,6.9635,Different,Different,Different,Different,Different,Same,False,Home Team,Home Team,38.0,-148.0,124.0,Cleveland Browns,Chicago Bears,-3.0,3.0,-131,108,-660,458,-1.9475,1.9475,-11.979499999999998,11.979499999999998,0.4464,0.5968,0.4808,0.5671,0.1792,0.8684,0.4279,0.5721,0.4588,0.5412,0.1711,0.8289,0.4279,0.5721,-0.0721,0.0721,45.0,15.0,149,15.0,45.0,0.0,nfl_read_py Fallback,False,C.Williams,D.Gabriel,1.06,2.0,15.3,234.23,High,-10.0,12.0,50.76,50.0,13.795424123431255,33.0,69.0,0.4728,0.5268,0.0748,0.075,0.4044,0.561,0.8162,0.1728,16,2023-12-17,Chicago Bears @ Cleveland Browns,0.6038,0.3962,-152,152,,,,,,,,No Bet,,No Bet,,No Bet,,No Bet,,No Bet,,No Bet,,No Bet,,No Bet,,No Bet,,,,,,,,,,,,,,,0.3351,0.3356,0.2977,0.2273,0.6472,0.7105,0.3528,0.2895,-0.3694,-0.2506,0.0053,-0.1097,-0.0343,-0.0577,16,0.0561333333333333,0.0280333333333333,Cleveland Browns,Chicago Bears,0,0,0,0,1,1,0,0,0,0,1,1,0,3.0,2.5,,,53.3238192089422,0.4513590225016026,0.9076144207672504,0.0221765254095343,0.0087513701853398,0.198319417137532,0.00323718810614,0.1483322471476139,0.0043281030977395,0.003719152530325,0.0027817258656285,6.070810669910205e-05,8.116641234530563e-05,0.0028628922779738,0.0075652912038796,0.346651664285146,0.0065008783959535,0.0001418745190444,100.0,95.0,0.4279,0.5721,0.4086,0.5911,0.5462,0.4522,Cleveland Browns,Chicago Bears,Cleveland Browns,Chicago Bears,Cleveland Browns,Same,Same,Same,False,False,0.0065008783959535,0.0001418745190444,0.0221765254095343,0.0087513701853398,0.0065008783959535,0.0001418745190444,0.0325383379425565,0.0159075085257889,0.9164438273209402,0.7014441317573378,1.2545142772101332,1.1022484357963278,1.5606564162867882,0.33119195699924875,0.799054994363951,0.9130462444420043,1.1140361710366165,0.7512440784544105
2023_15_TB_GB,2023,16,2023-12-17,13:00,Tampa Bay Buccaneers,Green Bay Packers,Home,Baker Mayfield,Jordan Love,00-0034855,00-0036264,7,6,1,-1,-3,0,Lambeau Field,44.5013,-88.0622,America/Chicago,False,True,15,15,Sunday,False,False,0,False,False,0,-3,0,NFC South,Raymond James Stadium,27.9759,-82.5033,America/New_York,NFC North,Lambeau Field,44.5013,-88.0622,America/Chicago,Atlanta Falcons,New York Giants,Mercedes-Benz Stadium,MetLife Stadium,Jacksonville Jaguars,Carolina Panthers,Raymond James Stadium,Bank of America Stadium,1182,0,-1182,1182,1.0,0.0,America/New_York,America/New_York,1.0,1.0,1.0,0.0,1.0,0,1.025,3.535,1.025,3.535,Green Bay Packers,2.51,Green Bay Packers,2.51,1.025,3.535,Green Bay Packers,2.51,0.0,0,No,No,No,No,No,0,Yes,0.0,0.0,-1.97,-4.219,2.469,3.117,2.469,3.117,1.444,-0.418,-0.5260000000000002,-4.6370000000000005,Green Bay Packers,0.6480000000000001,Green Bay Packers,0.6480000000000001,2.469,3.117,Green Bay Packers,0.6480000000000001,Tie,0.0,Tampa Bay Buccaneers,2.249000000000001,-0.985,-2.1095,Tampa Bay Buccaneers,1.1245000000000005,Tampa Bay Buccaneers,1.862,Tampa Bay Buccaneers,4.111000000000001,0.4589999999999998,-2.5275000000000003,Tampa Bay Buccaneers,2.9865000000000004,Different,Different,Different,Different,Different,Same,False,Away Team,Away Team,41.5,-218.0,180.0,Green Bay Packers,Tampa Bay Buccaneers,-4.0,4.0,108,-131,171,-211,1.862,-1.862,4.111000000000001,-4.111000000000001,0.3571,0.6855,0.5671,0.4808,0.6785,0.369,0.3425,0.6575,0.5412,0.4588,0.6477,0.3523,0.3425,0.6575,-0.1575,0.1575,42.0,8.0,150,8.0,42.0,0.0,nfl_read_py Fallback,False,B.Mayfield,J.Love,-2.27,-3.0,12.83,164.49,Med-Low,-11.0,7.0,48.55,48.0,13.491174943653796,31.0,67.0,0.5704,0.4286,0.103,0.0982,0.4462,0.5198,0.6878,0.3122,16,2023-12-17,Tampa Bay Buccaneers @ Green Bay Packers,0.5097,0.49,-104,104,,,,,,,,No Bet,,No Bet,,No Bet,,No Bet,,No Bet,,No Bet,,No Bet,,No Bet,,No Bet,,,,,,,,,,,,,,,0.1986,0.2225,0.3282,0.2694,0.6162,0.7481,0.3838,0.2519,-0.2632,-0.3344,0.1438,0.1123,-0.0551,0.0317,16,0.0734,0.0682333333333333,Green Bay Packers,Tampa Bay Buccaneers,0,0,0,0,0,1,1,0,0,0,1,1,0,3.0,3.0,,,53.3238192089422,0.7447910172006194,0.8940655713384025,0.0561222546135921,0.0042209857238483,2.938333925951876,0.0003098801675282,1.5306150108570606,0.0005948794456929,0.0551035910319628,0.0287041519824293,5.811289816170716e-06,1.1155979720094147e-05,0.0287153079621494,0.0009047596132211,4.468948936808936,0.0838077430143921,1.6967269536264864e-05,100.0,95.0,0.3425,0.6575,0.4266,0.5731,0.4342,0.5648,Green Bay Packers,Green Bay Packers,Green Bay Packers,Green Bay Packers,Green Bay Packers,Same,Same,Same,False,False,0.0838077430143921,1.6967269536264864e-05,0.0561222546135921,0.0042209857238483,0.0838077430143921,1.6967269536264864e-05,0.0371158251165705,0.0090584442826057,1.030480419097678,0.5874075399806008,1.002526189684178,1.3542365233222746,0.622532619580866,1.269315753705178,0.9365364472640523,0.7755647915419032,0.9019218069457967,0.9633584425452304
2023_15_NYJ_MIA,2023,16,2023-12-17,13:00,New York Jets,Miami Dolphins,Home,Zach Wilson,Tua Tagovailoa,00-0037013,00-0036212,7,6,1,-1,9,6,Hard Rock Stadium,25.9602,-80.2384,America/New_York,False,False,15,15,Sunday,False,False,0,False,False,0,9,6,AFC East,MetLife Stadium,40.8136,-74.0744,America/New_York,AFC East,Hard Rock Stadium,25.9602,-80.2384,America/New_York,Houston Texans,Tennessee Titans,MetLife Stadium,Hard Rock Stadium,Washington Commanders,Dallas Cowboys,MetLife Stadium,Hard Rock Stadium,1085,0,-1085,1085,0.0,0.0,America/New_York,America/New_York,0.0,0.0,0.0,0.0,0.0,0,-3.725,0.66,-3.725,0.66,Miami Dolphins,4.385,Miami Dolphins,4.385,-3.725,0.66,Miami Dolphins,4.385,0.0,0,No,No,No,No,No,1,Yes,0.0,0.0,-1.783,0.176,-3.705805,2.781305,-3.705805,2.781305,-0.0246549999999999,2.165155,-1.788065,2.321565,Miami Dolphins,6.48711,Miami Dolphins,6.48711,-3.705805,2.781305,Miami Dolphins,6.48711,Tie,0.0,Miami Dolphins,1.959,-0.8915,0.088,Miami Dolphins,0.9795,Miami Dolphins,2.18981,Miami Dolphins,4.10963,-0.90636,2.24336,Miami Dolphins,3.14972,Different,Same,Same,Same,Different,Same,False,Home Team,Home Team,36.0,-345.0,275.0,Miami Dolphins,New York Jets,-7.5,7.5,-131,108,-211,171,-2.18981,2.18981,-4.10963,4.10963,0.2667,0.7753,0.4808,0.5671,0.369,0.6785,0.2559,0.7441,0.4588,0.5412,0.3523,0.6477,0.2559,0.7441,-0.2441,0.2441,76.0,15.0,151,15.0,76.0,0.0,nfl_read_py Fallback,False,J.Fields,T.Tagovailoa,-2.78,-4.0,14.16,200.5,High,-13.0,7.0,48.24,47.0,13.332432583430466,32.0,66.0,0.5856,0.4138,0.0872,0.0858,0.3786,0.6214,0.807,0.1662,16,2023-12-17,New York Jets @ Miami Dolphins,0.6296,0.3702,-170,170,,,,,,,,No Bet,,No Bet,,No Bet,,No Bet,,No Bet,,No Bet,,No Bet,,No Bet,,No Bet,,,,,,,,,,,,,,,0.2785,0.3369,0.3369,0.3184,0.7627,0.6142,0.2373,0.3858,-0.0255,-0.3847,0.1938,-0.0835,0.2394,-0.0426,16,-0.0684666666666666,-0.0577666666666666,Miami Dolphins,New York Jets,0,0,0,0,1,1,0,0,0,0,1,1,1,2.0,2.0,,,53.3238192089422,0.0,0.8989436334109527,0.0351906074291612,0.0045000074939158,0.0,0.0002315279850233,0.0,0.0006732316281978,0.0,0.0,4.341924274330179e-06,1.2625345261934684e-05,1.2625345261934684e-05,0.0009047596132211,0.0,0.0,1.6967269536264864e-05,100.0,95.0,0.2559,0.7441,0.3974,0.6026,0.4186,0.5812,Miami Dolphins,Miami Dolphins,Miami Dolphins,Miami Dolphins,Miami Dolphins,Same,Same,Same,False,False,0.0,1.6967269536264864e-05,0.0351906074291612,0.0045000074939158,0.0,1.6967269536264864e-05,0.0564114978534366,0.0094849795312496,1.1872151261876651,0.4306728328906095,1.227545148653679,1.1292175643527824,1.197823015323113,0.6940253579629346,0.9791620913979102,0.7329391474080451,1.1468843196184388,0.7183959298725836
2023_15_KC_NE,2023,16,2023-12-17,13:00,Kansas City Chiefs,New England Patriots,Home,Patrick Mahomes,Bailey Zappe,00-0033873,00-0038108,7,10,-3,3,-7,11,Gillette Stadium,42.0628,-71.2687,America/New_York,False,False,15,15,Sunday,False,False,0,False,False,0,-7,11,AFC West,GEHA Field at Arrowhead Stadium,39.0489,-94.4839,America/Chicago,AFC East,Gillette Stadium,42.0628,-71.2687,America/New_York,Buffalo Bills,Pittsburgh Steelers,GEHA Field at Arrowhead Stadium,Acrisure Stadium,Las Vegas Raiders,Denver Broncos,GEHA Field at Arrowhead Stadium,Empower Field at Mile High,1232,0,-1232,1232,-1.0,0.0,America/Chicago,America/New_York,-1.0,0.0,-1.0,0.0,-1.0,0,4.395,-1.995,4.395,-1.995,Kansas City Chiefs,6.39,Kansas City Chiefs,6.39,4.395,-1.995,Kansas City Chiefs,6.39,0.0,0,No,No,No,No,No,0,No,0.0,0.0,8.791,-1.213,3.5165,-0.7649999999999999,3.5165,-0.7649999999999999,-0.8785000000000001,1.23,7.912500000000001,0.0169999999999999,Kansas City Chiefs,4.281499999999999,Kansas City Chiefs,4.281499999999999,3.5165,-0.7649999999999999,Kansas City Chiefs,4.281499999999999,Tie,0.0,Kansas City Chiefs,10.004,4.3955,-0.6065,Kansas City Chiefs,5.002000000000001,New England Patriots,2.1085000000000003,Kansas City Chiefs,7.895500000000001,3.517000000000001,0.6234999999999999,Kansas City Chiefs,2.893500000000001,Different,Same,Different,Same,Different,Same,False,Home Team,Away Team,39.5,370.0,-485.0,Kansas City Chiefs,New England Patriots,10.0,-10.0,-131,108,282,-366,-2.1085000000000003,2.1085000000000003,7.895500000000001,-7.895500000000001,0.8291,0.2128,0.4808,0.5671,0.7854,0.2618,0.7958,0.2042,0.4588,0.5412,0.75,0.25,0.7958,0.2042,0.2958,-0.2958,53.0,7.0,152,7.0,53.0,0.0,nfl_read_py Fallback,False,P.Mahomes,D.Maye,12.47,13.0,12.88,165.97,Med-Low,5.0,21.0,45.55,45.0,13.045781243055105,29.0,63.0,0.1604,0.8394,0.0568,0.0544,0.3944,0.5644,0.661,0.339,16,2023-12-17,Kansas City Chiefs @ New England Patriots,0.289,0.711,246,-246,,,,,,,,No Bet,,No Bet,,No Bet,,No Bet,,No Bet,,No Bet,,No Bet,,No Bet,,No Bet,,,,,,,,,,,,,,,0.2277,0.2746,0.2962,0.2641,0.637,0.6482,0.363,0.3518,-0.2427,-0.0051,0.0422,0.2564,-0.0555,0.3131,16,0.1479666666666666,-0.1881333333333333,Kansas City Chiefs,New England Patriots,0,0,0,0,0,0,0,1,0,0,0,1,0,3.5,1.0,,,53.3238192089422,0.6287376900232461,0.0,0.0033340970998236,0.0574556816208539,0.0006298123743587,0.0,0.0024544793707868,0.0,1.1811088997411944e-05,4.6029699432617166e-05,0.0,0.0,4.6029699432617166e-05,0.0,0.0030842917451455,5.784078843002911e-05,0.0,100.0,95.0,0.7958,0.2042,0.7126,0.2874,0.8292,0.1706,Kansas City Chiefs,Kansas City Chiefs,Kansas City Chiefs,Kansas City Chiefs,Kansas City Chiefs,Same,Same,Same,False,False,5.784078843002911e-05,0.0,0.0033340970998236,0.0574556816208539,5.784078843002911e-05,0.0,0.0076776584623241,0.0904476913523564,0.35620779897120025,1.2616801601070773,1.3574747898719692,0.9992879231344862,0.5143639905751124,1.3774843827109313,0.2990609535926665,1.4130402852132715,0.5830681281708986,1.2822121213201225
2023_15_NYG_NO,2023,16,2023-12-17,13:00,New York Giants,New Orleans Saints,Home,Tommy DeVito,Derek Carr,00-0038476,00-0031280,6,7,-1,1,-5,1,Caesars Superdome,29.9507,-90.0813,America/Chicago,False,False,15,15,Sunday,False,False,0,False,False,0,-5,1,NFC East,MetLife Stadium,40.8136,-74.0744,America/New_York,NFC South,Caesars Superdome,29.9507,-90.0813,America/Chicago,Green Bay Packers,Carolina Panthers,MetLife Stadium,Caesars Superdome,Philadelphia Eagles,Los Angeles Rams,Lincoln Financial Field,SoFi Stadium,1169,0,-1169,1169,1.0,0.0,America/New_York,America/Chicago,1.0,0.0,1.0,0.0,1.0,0,-2.84,-6.145,-2.84,-6.145,New York Giants,3.305,New York Giants,3.305,-2.84,-6.145,New York Giants,3.305,0.0,0,No,No,No,No,Yes,0,No,0.0,0.0,-2.869,-1.274,-2.6585,-6.582,-2.6585,-6.582,0.1815,-0.437,-2.6875,-1.711,New York Giants,3.9235,New York Giants,3.9235,-2.6585,-6.582,New York Giants,3.9235,Tie,0.0,New Orleans Saints,1.5950000000000002,-1.4345,-0.637,New Orleans Saints,0.7975000000000001,New York Giants,0.6185,New Orleans Saints,0.9765,-1.253,-1.074,New Orleans Saints,0.179,Different,Different,Same,Different,Different,Same,False,Away Team,Home Team,39.5,-250.0,205.0,New Orleans Saints,New York Giants,-6.0,6.0,-104,-116,-122,101,0.6185,-0.6185,-0.9765,0.9765,0.3279,0.7143,0.537,0.5098,0.4975,0.5495,0.3146,0.6854,0.513,0.487,0.4752,0.5248,0.3146,0.6854,-0.1854,0.1854,,,153,0.0,70.0,0.0,Dome,True,J.Dart,S.Rattler,-1.47,-3.0,13.56,183.82,Med-High,-11.0,8.0,42.61,42.0,12.691365771776914,26.0,59.0,0.5474,0.4512,0.093,0.0892,0.385,0.5856,0.5794,0.4206,16,2023-12-17,New York Giants @ New Orleans Saints,0.5612,0.4385,-128,128,,,,,,,,No Bet,,No Bet,,No Bet,,No Bet,,No Bet,,No Bet,,No Bet,,No Bet,,No Bet,,,,,,,,,,,,,,,0.2581,0.3907,0.2661,0.3678,0.6793,0.6773,0.3207,0.3227,-0.057,-0.2367,0.0533,0.0478,0.1277,0.0089,16,-0.2507666666666666,-0.0401333333333333,New Orleans Saints,New York Giants,0,0,0,0,0,0,0,1,0,0,0,1,0,0.0,2.0,,,53.3238192089422,0.5455408300298153,0.8180404919420172,0.1388268661131816,0.004962267891233,8.911833879840033,0.0018916444513983,4.090549954183943,0.0041212114017433,0.1671266989508049,0.0767114961918926,3.5474661782686945e-05,7.728650090862565e-05,0.0767887826928012,0.0060128558531416,13.002383834023975,0.2438381951426976,0.0001127611626913,100.0,95.0,0.3146,0.6854,0.3975,0.6022,0.537,0.4616,New Orleans Saints,New York Giants,New Orleans Saints,New Orleans Saints,New Orleans Saints,Same,Different,Same,False,False,0.2438381951426976,0.0001127611626913,0.1388268661131816,0.004962267891233,0.2438381951426976,0.0001127611626913,0.0656001460030418,0.0101329987129749,1.023676835649392,0.5942111234288878,0.9540897342020545,1.402672978804403,0.8674814924974487,1.0243668807885982,0.8347328290862425,0.8773684097197113,0.9231927291078698,0.9420875203831558
2023_15_HOU_TEN,2023,16,2023-12-17,13:00,Houston Texans,Tennessee Titans,Home,Case Keenum,Will Levis,00-0028986,00-0039152,7,6,1,-1,-2,11,Nissan Stadium,36.1664,-86.7716,America/Chicago,False,True,15,15,Sunday,False,False,0,False,False,0,-2,11,AFC South,NRG Stadium,29.6847,-95.4093,America/Chicago,AFC South,Nissan Stadium,36.1664,-86.7716,America/Chicago,New York Jets,Miami Dolphins,MetLife Stadium,Hard Rock Stadium,Cleveland Browns,Seattle Seahawks,NRG Stadium,Nissan Stadium,671,0,-671,671,0.0,0.0,America/New_York,America/New_York,1.0,1.0,0.0,0.0,0.0,0,0.035,-4.36,0.035,-4.36,Houston Texans,4.3950000000000005,Houston Texans,4.3950000000000005,0.035,-4.36,Houston Texans,4.3950000000000005,0.0,0,No,No,No,No,No,1,Yes,0.0,0.0,-6.153,-1.274,1.606485,-2.216985000000001,1.606485,-2.216985000000001,1.615435,2.099065,-4.488774999999999,0.776275,Houston Texans,3.823470000000001,Houston Texans,3.823470000000001,1.606485,-2.216985000000001,Houston Texans,3.823470000000001,Tie,0.0,Tennessee Titans,4.879,-3.0765,-0.637,Tennessee Titans,2.4395,Tennessee Titans,0.48363,Tennessee Titans,5.265049999999999,-1.4366699999999994,1.43767,Tennessee Titans,2.8743399999999992,Different,Different,Different,Different,Different,Same,False,Home Team,Home Team,38.0,-170.0,142.0,Tennessee Titans,Houston Texans,-3.0,3.0,-116,-104,-244,195,-0.48363,0.48363,-5.265049999999999,5.265049999999999,0.4132,0.6296,0.5098,0.537,0.339,0.7093,0.3962,0.6038,0.487,0.513,0.3234,0.6766,0.3962,0.6038,-0.1038,0.1038,48.0,9.0,154,9.0,48.0,0.0,nfl_read_py Fallback,False,C.Stroud,C.Ward,9.21,10.0,12.95,167.75,Med-Low,1.0,18.0,48.42,48.0,13.458922821708436,32.0,66.0,0.2334,0.7654,0.0708,0.0664,0.3132,0.6868,0.6236,0.3764,16,2023-12-17,Houston Texans @ Tennessee Titans,0.5067,0.493,-103,103,,,,,,,,No Bet,,No Bet,,No Bet,,No Bet,,No Bet,,No Bet,,No Bet,,No Bet,,No Bet,,,,,,,,,,,,,,,0.3803,0.3754,0.3131,0.3534,0.6891,0.6751,0.3109,0.3249,-0.291,-0.2948,0.0833,-0.0323,-0.0327,-0.0025,16,0.0360333333333333,-0.1303666666666666,Tennessee Titans,Houston Texans,0,0,0,0,0,0,1,1,0,0,1,1,1,2.5,1.5,,,53.3238192089422,0.7613014123115432,0.8203993493715939,0.0582006330909377,0.0048159087047688,2.1861374397477027,0.0006714748613027,1.4344942921961574,0.0010233127744941,0.0409973905128891,0.0269015669446947,1.2592400005552269e-05,1.919053791860792e-05,0.0269207574826133,0.0016947876357969,3.62063173194386,0.0678989574575838,3.178293792416019e-05,100.0,95.0,0.3962,0.6038,0.5057,0.4939,0.762,0.2364,Tennessee Titans,Houston Texans,Houston Texans,Houston Texans,Tennessee Titans,Same,Same,Different,False,False,0.0678989574575838,3.178293792416019e-05,0.0582006330909377,0.0048159087047688,0.0678989574575838,3.178293792416019e-05,0.0500297759867045,0.0099588239316684,0.9408925028209648,0.6769954562573116,1.126230174596245,1.2305325384102126,1.2333023758978539,0.6585459973881862,0.37146905712183753,1.3406321816841,0.8949738493067206,0.9703064001843056
2023_15_SF_ARI,2023,16,2023-12-17,16:05,San Francisco 49ers,Arizona Cardinals,Home,Brock Purdy,Kyler Murray,00-0037834,00-0035228,7,14,-7,7,-19,4,State Farm Stadium,33.5277,-112.262608,America/Denver,False,False,15,15,Sunday,False,False,0,False,False,0,-19,4,NFC West,Levi's Stadium,37.4031,-121.9702,America/Los_Angeles,NFC West,State Farm Stadium,33.5277,-112.262608,America/Denver,Seattle Seahawks,Pittsburgh Steelers,Levi's Stadium,Acrisure Stadium,Baltimore Ravens,Chicago Bears,Levi's Stadium,Soldier Field,608,0,-608,608,-1.0,0.0,America/Los_Angeles,America/New_York,-1.0,2.0,-1.0,0.0,-1.0,0,3.325,0.075,3.325,0.075,San Francisco 49ers,3.25,San Francisco 49ers,3.25,3.325,0.075,San Francisco 49ers,3.25,0.0,0,No,No,No,No,No,1,No,0.0,0.0,8.506,-3.672,1.471825,1.454675,1.471825,1.454675,-1.820675,1.3471750000000002,6.563545,-2.203045,San Francisco 49ers,0.01715,San Francisco 49ers,0.01715,1.471825,1.454675,San Francisco 49ers,0.01715,Tie,0.0,San Francisco 49ers,12.178,4.253,-1.836,San Francisco 49ers,6.089,Arizona Cardinals,3.1678500000000005,San Francisco 49ers,8.76659,2.371435,-0.4279349999999998,San Francisco 49ers,2.79937,Different,Same,Different,Same,Different,Same,False,Home Team,Away Team,48.0,525.0,-750.0,San Francisco 49ers,Arizona Cardinals,12.5,-12.5,-164,135,314,-416,-3.1678500000000005,3.1678500000000005,8.76659,-8.76659,0.8824,0.16,0.4255,0.6212,0.8062,0.2415,0.8465,0.1535,0.4065,0.5935,0.7695,0.2305,0.8465,0.1535,0.3465,-0.3465,,,155,0.0,70.0,0.0,Dome,True,M.Jones,K.Murray,9.98,10.5,13.61,185.34,Med-High,1.0,19.0,52.38,52.0,13.707435431809389,35.0,70.0,0.2338,0.7646,0.0624,0.0744,0.5514,0.4486,0.5984,0.3848,16,2023-12-17,San Francisco 49ers @ Arizona Cardinals,0.3028,0.6968,230,-230,,,,,,,,No Bet,,No Bet,,No Bet,,No Bet,,No Bet,,No Bet,,No Bet,,No Bet,,No Bet,,,,,,,,,,,,,,,0.23,0.3017,0.2958,0.3038,0.7598,0.675,0.2402,0.325,-0.3077,0.0776,0.0094,0.3026,-0.0726,0.5133,16,0.2669666666666666,-0.1956666666666666,San Francisco 49ers,Arizona Cardinals,0,0,0,0,0,0,0,1,0,0,0,1,1,5.0,0.5,,,53.3238192089422,0.9941889932855776,0.0,0.0047883544839674,0.0342401413744986,0.0038689567922452,0.0,0.0213359734503949,0.0,7.25558830864176e-05,0.0004001208796915,0.0,0.0,0.0004001208796915,0.0,0.0252049302426402,0.0004726767627779,0.0,100.0,95.0,0.8465,0.1535,0.7292,0.2708,0.8608,0.139,San Francisco 49ers,San Francisco 49ers,San Francisco 49ers,San Francisco 49ers,San Francisco 49ers,Same,Same,Same,False,False,0.0004726767627779,0.0,0.0047883544839674,0.0342401413744986,0.0004726767627779,0.0,0.0096468587647294,0.0549585385561924,0.2593725173426957,1.3585154417355796,1.4423884143494876,0.914374298656969,0.456941546762103,1.4349068265239413,0.4172611888290837,1.294840049976863,0.5889055148650728,1.276374734625944
2023_15_WAS_LA,2023,16,2023-12-17,16:05,Washington Commanders,Los Angeles Rams,Home,Sam Howell,Matthew Stafford,00-0037077,00-0026498,14,7,7,-7,12,-21,SoFi Stadium,33.9535,-118.3395,America/Los_Angeles,False,False,15,15,Sunday,False,False,0,False,False,0,12,-21,NFC East,FedExField,38.9077,-76.8645,America/New_York,NFC West,SoFi Stadium,33.9535,-118.3395,America/Los_Angeles,Miami Dolphins,Baltimore Ravens,FedExField,M&T Bank Stadium,New York Jets,New Orleans Saints,MetLife Stadium,SoFi Stadium,2309,0,-2309,2309,3.0,0.0,America/New_York,America/New_York,3.0,3.0,3.0,0.0,3.0,0,1.45,1.29,1.45,1.29,Washington Commanders,0.1599999999999999,Washington Commanders,0.1599999999999999,1.45,1.29,Washington Commanders,0.1599999999999999,-0.2249999999999999,0,No,No,No,No,No,0,No,0.0,0.0,-1.022,1.559,3.4095000000000004,-0.6005,3.4095000000000004,-0.6005,1.9595,-1.8905000000000003,0.9375000000000004,-0.3315000000000002,Washington Commanders,4.010000000000001,Washington Commanders,4.010000000000001,3.4095000000000004,-0.6005,Washington Commanders,4.010000000000001,Tie,0.0,Los Angeles Rams,2.581,-0.511,0.7795,Los Angeles Rams,1.2905,Washington Commanders,3.850000000000001,Washington Commanders,1.2690000000000006,1.4485,-1.1110000000000002,Washington Commanders,2.5595000000000003,Different,Different,Same,Same,Different,Different,False,Away Team,Away Team,48.5,-298.0,240.0,Los Angeles Rams,Washington Commanders,-6.5,6.5,171,-211,105,-128,3.850000000000001,-3.850000000000001,1.2690000000000006,-1.2690000000000006,0.2941,0.7487,0.6785,0.369,0.5614,0.4878,0.282,0.718,0.6477,0.3523,0.5351,0.4649,0.282,0.718,-0.218,0.218,,,156,0.0,70.0,0.0,Dome,True,J.Daniels,M.Stafford,-10.95,-11.0,13.18,173.68,Medium,-20.0,-3.0,47.34,47.0,12.721240055502056,32.0,64.0,0.7976,0.2014,0.0664,0.0714,0.6586,0.3414,0.451,0.549,16,2023-12-17,Washington Commanders @ Los Angeles Rams,0.5832,0.4166,-140,140,,,,,,,,No Bet,,No Bet,,No Bet,,No Bet,,No Bet,,No Bet,,No Bet,,No Bet,,No Bet,,,,,,,,,,,,,,,0.3454,0.3401,0.2532,0.3095,0.6951,0.6796,0.3049,0.3204,-0.112,-0.4457,0.0504,0.043,0.1155,-0.0692,16,-0.2779,0.0649666666666666,Los Angeles Rams,Washington Commanders,0,0,0,0,0,1,1,0,0,0,1,1,0,0.0,3.0,,,53.3238192089422,0.8019540155179125,0.1180123868750094,0.1766873822316145,0.0014247858538141,9.42420759550549,0.0024054841115698,3.70142972414004,0.0061246013904509,0.176735420217708,0.0694141901133616,4.5110874413257845e-05,0.00011485676535,0.0695290468787117,0.0085300855020207,13.125637319645527,0.2461496103310696,0.0001599676397633,100.0,95.0,0.282,0.718,0.3978,0.6019,0.2078,0.791,Los Angeles Rams,Los Angeles Rams,Los Angeles Rams,Los Angeles Rams,Los Angeles Rams,Same,Same,Same,False,False,0.2461496103310696,0.0001599676397633,0.1766873822316145,0.0014247858538141,0.2461496103310696,0.0001599676397633,0.1220621208113377,0.0046964253785084,1.0536188123234018,0.564269146754875,0.6277771755629348,1.7289855374435203,0.7251604689181573,1.1666879043678884,1.261667171496542,0.45043406730939967,0.9281686280791887,0.9371116214118362
2023_15_DAL_BUF,2023,16,2023-12-17,16:25,Dallas Cowboys,Buffalo Bills,Home,Dak Prescott,Josh Allen,00-0033077,00-0034857,7,7,0,0,0,2,Highmark Stadium,42.7725,-78.7877,America/New_York,False,False,15,15,Sunday,False,False,0,False,False,0,0,2,NFC East,AT&T Stadium,32.7369,-97.0826,America/Chicago,AFC East,Highmark Stadium,42.7725,-78.7877,America/New_York,Philadelphia Eagles,Kansas City Chiefs,AT&T Stadium,GEHA Field at Arrowhead Stadium,Miami Dolphins,Los Angeles Chargers,Hard Rock Stadium,SoFi Stadium,1211,0,-1211,1211,-1.0,0.0,America/Chicago,America/Chicago,-1.0,-1.0,-1.0,0.0,-1.0,0,-0.615,4.795,-0.615,4.795,Buffalo Bills,5.41,Buffalo Bills,5.41,-0.615,4.795,Buffalo Bills,5.41,0.0,0,No,No,No,No,No,0,No,0.0,0.0,5.882,8.815,-1.8395,5.648999999999999,-1.8395,5.648999999999999,-1.2245,0.854,4.6575,9.669,Buffalo Bills,7.488499999999999,Buffalo Bills,7.488499999999999,-1.8395,5.648999999999999,Buffalo Bills,7.488499999999999,Tie,0.0,Buffalo Bills,2.933,2.941,4.4075,Buffalo Bills,1.4665,Buffalo Bills,2.0785,Buffalo Bills,5.011499999999999,1.7165,5.261499999999999,Buffalo Bills,3.544999999999999,Different,Same,Same,Same,Different,Same,False,Home Team,Home Team,49.5,-135.0,114.0,Buffalo Bills,Dallas Cowboys,-2.0,2.0,-131,108,-234,188,-2.0785,2.0785,-5.011499999999999,5.011499999999999,0.4673,0.5745,0.4808,0.5671,0.3472,0.7006,0.4486,0.5514,0.4588,0.5412,0.3314,0.6686,0.4486,0.5514,-0.0514,0.0514,48.0,9.0,157,9.0,48.0,0.0,nfl_read_py Fallback,False,D.Prescott,J.Allen,1.68,3.0,14.63,214.15,High,-9.0,12.0,59.52,59.0,14.448406779008208,41.0,78.0,0.456,0.5434,0.0814,0.0766,0.4226,0.5618,0.7494,0.2506,16,2023-12-17,Dallas Cowboys @ Buffalo Bills,0.5543,0.4456,-124,124,,,,,,,,No Bet,,No Bet,,No Bet,,No Bet,,No Bet,,No Bet,,No Bet,,No Bet,,No Bet,,,,,,,,,,,,,,,0.2914,0.2949,0.3112,0.3968,0.6401,0.6958,0.3599,0.3042,0.1574,-0.1879,0.2138,0.1492,0.1883,0.1819,16,0.1689333333333333,0.2741666666666666,Buffalo Bills,Dallas Cowboys,0,0,0,0,0,1,1,0,0,0,1,1,0,4.0,5.0,,,53.3238192089422,0.0,0.0,0.0,0.0003909955772936,0.0,0.0,0.0,0.0,0.0,0.0,0.0,0.0,0.0,0.0,0.0,0.0,0.0,100.0,95.0,0.4486,0.5514,0.4882,0.5117,0.5452,0.4542,Buffalo Bills,Dallas Cowboys,Buffalo Bills,Dallas Cowboys,Buffalo Bills,Same,Same,Same,False,False,0.0,0.0,0.0,0.0003909955772936,0.0,0.0,0.0022516624033032,0.0032139961303387,0.0,0.7255161669676038,0.0,1.0806736479720345,0.0,0.6266241648927243,0.0,0.9310802949052517,0.0,0.8309900236123888
2023_15_BAL_JAX,2023,16,2023-12-17,20:20,Baltimore Ravens,Jacksonville Jaguars,Home,Lamar Jackson,Trevor Lawrence,00-0034796,00-0036971,7,7,0,0,10,-1,TIAA Bank Field,30.3239,-81.6554,America/New_York,False,False,15,15,Sunday,False,False,0,False,False,0,10,-1,AFC North,M&T Bank Stadium,39.2789,-76.6228,America/New_York,AFC South,TIAA Bank Field,30.3239,-81.6554,America/New_York,Los Angeles Rams,Cleveland Browns,M&T Bank Stadium,FirstEnergy Stadium,San Francisco 49ers,Tampa Bay Buccaneers,Levi's Stadium,Raymond James Stadium,681,0,-681,681,0.0,0.0,America/New_York,America/New_York,0.0,0.0,0.0,0.0,0.0,0,6.69,-1.825,6.69,-1.825,Baltimore Ravens,8.515,Baltimore Ravens,8.515,6.69,-1.825,Baltimore Ravens,8.515,0.0,0,No,No,No,No,No,0,No,0.0,0.0,5.928,-0.831,8.401,-3.958,8.401,-3.958,1.711,-2.133,7.639,-2.9640000000000004,Baltimore Ravens,12.359,Baltimore Ravens,12.359,8.401,-3.958,Baltimore Ravens,12.359,Tie,0.0,Baltimore Ravens,6.759,2.964,-0.4155,Baltimore Ravens,3.3795,Baltimore Ravens,3.844,Baltimore Ravens,10.603000000000002,4.675,-2.5485,Baltimore Ravens,7.2235,Different,Same,Same,Same,Different,Same,False,Away Team,Away Team,42.5,185.0,-225.0,Baltimore Ravens,Jacksonville Jaguars,4.0,-4.0,171,-211,389,-538,3.844,-3.844,10.603000000000002,-10.603000000000002,0.6923,0.3509,0.6785,0.369,0.8433,0.2045,0.6636,0.3364,0.6477,0.3523,0.8048,0.1952,0.6636,0.3364,0.1636,-0.1636,58.0,13.0,158,13.0,58.0,0.0,nfl_read_py Fallback,False,C.Rush,T.Lawrence,3.38,4.0,14.59,212.96,High,-7.0,14.0,48.83,49.0,12.944021151740882,33.0,65.0,0.403,0.596,0.0818,0.0786,0.48,0.494,0.6804,0.3196,16,2023-12-17,Baltimore Ravens @ Jacksonville Jaguars,0.3217,0.678,211,-211,,,,,,,,No Bet,,No Bet,,No Bet,,No Bet,,No Bet,,No Bet,,No Bet,,No Bet,,No Bet,,,,,,,,,,,,,,,0.2761,0.2564,0.3396,0.2524,0.6819,0.6686,0.3123,0.3314,-0.2198,-0.4181,0.0712,0.0998,0.1283,-0.1485,16,-0.0702333333333333,0.0953,Baltimore Ravens,Jacksonville Jaguars,0,0,0,0,0,1,0,0,0,0,0,1,0,2.0,3.5,,,53.3238192089422,0.1472369617268998,0.0,0.0022777886538893,0.015979466807794,0.0006189252210027,0.0,0.0012209238307296,0.0,1.1606918450038562e-05,2.2896406312263944e-05,0.0,0.0,2.2896406312263944e-05,0.0,0.0018398490517324,3.4503324762302505e-05,0.0,100.0,95.0,0.6636,0.3364,0.6504,0.3496,0.7366,0.2634,Baltimore Ravens,Baltimore Ravens,Baltimore Ravens,Baltimore Ravens,Baltimore Ravens,Same,Same,Same,False,False,3.4503324762302505e-05,0.0,0.0022777886538893,0.015979466807794,3.4503324762302505e-05,0.0,0.0060771833268815,0.0270437942520813,0.5528136956597183,1.0650742634185595,0.8501331152346704,1.5066295977717872,0.37775419032726615,1.5140941829587793,0.7003170459955315,1.01178419281042,0.6114913863862558,1.2537888631047611
2023_15_PHI_SEA,2023,16,2023-12-18,20:15,Philadelphia Eagles,Seattle Seahawks,Home,Jalen Hurts,Drew Lock,00-0036389,00-0035704,8,8,0,0,-5,-3,Lumen Field,47.5952,-122.3316,America/Los_Angeles,False,True,15,15,Monday,False,False,0,False,False,0,-5,-3,NFC East,Lincoln Financial Field,39.9008,-75.1675,America/New_York,NFC West,Lumen Field,47.5952,-122.3316,America/Los_Angeles,Dallas Cowboys,San Francisco 49ers,AT&T Stadium,Levi's Stadium,New York Giants,Tennessee Titans,Lincoln Financial Field,Nissan Stadium,2373,0,-2373,2373,3.0,0.0,America/Chicago,America/Los_Angeles,2.0,0.0,3.0,0.0,3.0,0,4.905,-0.13,4.905,-0.13,Philadelphia Eagles,5.035,Philadelphia Eagles,5.035,4.905,-0.13,Philadelphia Eagles,5.035,-0.2249999999999999,0,No,No,No,No,No,0,No,0.0,0.0,8.409,1.265,4.4745,-1.415,4.4745,-1.415,-0.4305,-1.285,7.9785,-0.0200000000000002,Philadelphia Eagles,5.8895,Philadelphia Eagles,5.8895,4.4745,-1.415,Philadelphia Eagles,5.8895,Tie,0.0,Philadelphia Eagles,7.144000000000001,4.2045,0.6325,Philadelphia Eagles,3.5720000000000005,Philadelphia Eagles,0.8545000000000001,Philadelphia Eagles,7.998500000000001,3.774,-0.6525000000000002,Philadelphia Eagles,4.4265,Different,Same,Same,Same,Different,Same,False,Away Team,Away Team,46.0,195.0,-238.0,Philadelphia Eagles,Seattle Seahawks,5.0,-5.0,101,-122,282,-366,0.8545000000000001,-0.8545000000000001,7.998500000000001,-7.998500000000001,0.7041,0.339,0.5495,0.4975,0.7854,0.2618,0.675,0.325,0.5248,0.4752,0.75,0.25,0.675,0.325,0.175,-0.175,46.0,2.0,159,2.0,46.0,0.0,nfl_read_py Fallback,False,J.Hurts,S.Darnold,8.53,9.0,13.35,178.35,Medium,-1.0,17.0,50.05,50.0,13.23167787772556,33.0,67.0,0.2572,0.7418,0.0736,0.0796,0.3548,0.619,0.599,0.372,16,2023-12-18,Philadelphia Eagles @ Seattle Seahawks,0.3268,0.6729,206,-206,,,,,,,,No Bet,,No Bet,,No Bet,,No Bet,,No Bet,,No Bet,,No Bet,,No Bet,,No Bet,,,,,,,,,,,,,,,0.3131,0.2719,0.2943,0.3298,0.7122,0.6484,0.2878,0.3516,-0.0073,-0.1157,0.1594,0.1135,-0.0144,0.3028,16,0.2936,0.1154,Philadelphia Eagles,Seattle Seahawks,0,0,0,0,0,1,0,0,0,0,0,1,0,5.0,3.5,,,53.3238192089422,0.0557143047488906,0.6435132455770795,0.0027674447584076,0.0678670583350874,0.000597950941813,2.187685728467668,0.0012418981099193,1.0533301655585068,1.1213580547748317e-05,2.328974421455419e-05,0.041026426106043,0.0197534644214281,0.0197767541656427,3.241015894026175,0.0018398490517324,3.4503324762302505e-05,0.0607798905274712,100.0,95.0,0.675,0.325,0.6508,0.3491,0.7368,0.2628,Philadelphia Eagles,Philadelphia Eagles,Philadelphia Eagles,Philadelphia Eagles,Philadelphia Eagles,Same,Same,Same,False,False,3.4503324762302505e-05,0.0607798905274712,0.0027674447584076,0.0678670583350874,3.4503324762302505e-05,0.0607798905274712,0.0068257112580181,0.0691637915158893,0.5668679255609076,1.051020033517373,1.2205880299078602,1.1361746830986097,0.5232441114131141,1.368604261872932,0.48142440626108274,1.230676832544864,0.6659676173626145,1.1993126321284089
2023_16_NO_LA,2023,17,2023-12-21,20:15,New Orleans Saints,Los Angeles Rams,Home,Derek Carr,Matthew Stafford,00-0031280,00-0026498,4,4,0,0,1,-21,SoFi Stadium,33.9535,-118.3395,America/Los_Angeles,False,False,16,16,Thursday,False,False,0,False,False,0,1,-21,NFC South,Caesars Superdome,29.9507,-90.0813,America/Chicago,NFC West,SoFi Stadium,33.9535,-118.3395,America/Los_Angeles,New York Giants,Washington Commanders,Caesars Superdome,SoFi Stadium,Tampa Bay Buccaneers,New York Giants,Raymond James Stadium,MetLife Stadium,1673,0,-1673,1673,2.0,0.0,America/Chicago,America/Los_Angeles,2.0,0.0,2.0,0.0,2.0,0,-6.145,1.29,-6.145,1.29,Los Angeles Rams,7.435,Los Angeles Rams,7.435,-6.145,1.29,Los Angeles Rams,7.435,-0.15,0,No,No,No,No,No,0,No,0.0,0.0,-1.274,1.559,-5.533,-0.0755,-5.533,-0.0755,0.6120000000000001,-1.3655,-0.6619999999999999,0.1934999999999999,Los Angeles Rams,5.4575,Los Angeles Rams,5.4575,-5.533,-0.0755,Los Angeles Rams,5.4575,Tie,0.0,Los Angeles Rams,2.833,-0.637,0.7795,Los Angeles Rams,1.4165,New Orleans Saints,1.9775,Los Angeles Rams,0.8554999999999998,-0.0249999999999999,-0.5860000000000001,New Orleans Saints,0.5610000000000002,Different,Same,Different,Same,Different,Same,True,Away Team,Home Team,45.5,-218.0,180.0,Los Angeles Rams,New Orleans Saints,-4.0,4.0,108,-131,-122,101,1.9775,-1.9775,-0.8554999999999998,0.8554999999999998,0.3571,0.6855,0.5671,0.4808,0.4975,0.5495,0.3425,0.6575,0.5412,0.4588,0.4752,0.5248,0.3425,0.6575,-0.1575,0.1575,,,160,0.0,70.0,0.0,Dome,True,S.Rattler,M.Stafford,-4.34,-5.0,13.53,183.01,Med-High,-14.0,6.0,46.1,45.0,13.191876444267669,29.0,63.0,0.6228,0.376,0.0836,0.0812,0.5218,0.4528,0.4938,0.5062,17,2023-12-21,New Orleans Saints @ Los Angeles Rams,0.566,0.4337,-130,131,,,,,,,,No Bet,,No Bet,,No Bet,,No Bet,,No Bet,,No Bet,,No Bet,,No Bet,,No Bet,,,,,,,,,,,,,,,0.3454,0.2581,0.2532,0.2661,0.6951,0.6793,0.3049,0.3207,-0.112,-0.057,0.0504,0.0533,0.1155,0.1277,17,0.01855,0.0186999999999999,Los Angeles Rams,New Orleans Saints,0,0,0,0,0,1,1,0,0,0,0,0,0,3.0,3.0,,,34.99788782792411,0.5326746909528997,0.2909016379832181,0.1219660450420567,0.0021028710496949,2.0819017554683974,0.0006896582370365,1.0844887471451348,0.001323942455041,0.0594864971767607,0.0309872627878943,1.970571025392921e-05,3.782921019549914e-05,0.0310250919980898,0.0020136006920776,3.166390502613532,0.0904737599646551,5.753492044942835e-05,62.0,38.0,0.3425,0.6575,0.4423,0.5574,0.3796,0.6192,Los Angeles Rams,Los Angeles Rams,Los Angeles Rams,Los Angeles Rams,Los Angeles Rams,Same,Same,Same,False,False,0.0904737599646551,5.753492044942835e-05,0.1219660450420567,0.0021028710496949,0.0904737599646551,5.753492044942835e-05,0.1357354558858791,0.0057516447629862,1.011147347921327,0.6607942637507643,0.888821327266202,1.438257608662797,1.0866034882925657,1.3656116042295632,1.1317038947864877,0.907636134955965,1.0358945193686646,1.059061896837084
2023_16_CIN_PIT,2023,17,2023-12-23,16:30,Cincinnati Bengals,Pittsburgh Steelers,Home,Jake Browning,Mason Rudolph,00-0035100,00-0034771,7,7,0,0,0,6,Acrisure Stadium,40.4468,-80.0158,America/New_York,False,False,16,16,Saturday,False,False,0,False,False,0,0,6,AFC North,Paycor Stadium,39.0955,-84.5165,America/New_York,AFC North,Acrisure Stadium,40.4468,-80.0158,America/New_York,Minnesota Vikings,Indianapolis Colts,Paycor Stadium,Lucas Oil Stadium,Kansas City Chiefs,Seattle Seahawks,GEHA Field at Arrowhead Stadium,Lumen Field,256,0,-256,256,0.0,0.0,America/New_York,America/Indiana/Indianapolis,0.0,0.0,0.0,0.0,0.0,0,1.31,-0.565,1.31,-0.565,Cincinnati Bengals,1.875,Cincinnati Bengals,1.875,1.31,-0.565,Cincinnati Bengals,1.875,0.0,0,No,No,No,No,No,1,No,0.0,0.0,1.891,-2.272,-1.08452,-0.1064799999999999,-1.08452,-0.1064799999999999,-2.37577,0.43977,-0.5264000000000001,-1.7905999999999995,Pittsburgh Steelers,0.97804,Pittsburgh Steelers,0.97804,-1.08452,-0.1064799999999999,Pittsburgh Steelers,0.97804,Tie,0.0,Cincinnati Bengals,4.163,0.9455,-1.136,Cincinnati Bengals,2.0815,Pittsburgh Steelers,2.8155400000000004,Cincinnati Bengals,1.2641999999999998,-1.4510850000000002,-0.6754149999999999,Pittsburgh Steelers,0.7756700000000003,Different,Different,Same,Different,Different,Same,False,Home Team,Away Team,39.5,130.0,-155.0,Cincinnati Bengals,Pittsburgh Steelers,3.0,-3.0,-164,135,105,-128,-2.8155400000000004,2.8155400000000004,1.2641999999999998,-1.2641999999999998,0.6078,0.4348,0.4255,0.6212,0.5614,0.4878,0.583,0.417,0.4065,0.5935,0.5351,0.4649,0.583,0.417,0.083,-0.083,49.0,5.0,161,5.0,49.0,0.0,nfl_read_py Fallback,False,J.Browning,A.Rodgers,-12.54,-13.0,13.4,179.68,Medium,-21.0,-4.0,50.49,50.0,13.27665446981212,33.0,67.0,0.831,0.1686,0.0562,0.0614,0.8454,0.1546,0.574,0.426,17,2023-12-23,Cincinnati Bengals @ Pittsburgh Steelers,0.5766,0.4233,-136,136,,,,,,,,No Bet,,No Bet,,No Bet,,No Bet,,No Bet,,No Bet,,No Bet,,No Bet,,No Bet,,,,,,,,,,,,,,,0.331,0.2253,0.2918,0.3297,0.7084,0.6843,0.2916,0.3157,-0.0535,-0.0925,-0.0011,0.1701,0.1434,0.1406,17,0.00335,-0.0402999999999999,Cincinnati Bengals,Pittsburgh Steelers,0,0,0,0,1,0,0,1,0,0,0,0,1,3.0,2.5,,,34.99788782792411,0.4160659494059334,0.8227444394411302,0.0073974473341465,0.0449223899332316,0.0032265763173264,0.8000546922384459,0.0045110167697873,0.572251812458717,9.219345845071348e-05,0.0001288939718867,0.0228600850477638,0.0163510385333062,0.0164799325051929,1.372306504697163,0.0077375930871137,0.0002210874303374,0.0392111235810701,62.0,38.0,0.583,0.417,0.5209,0.479,0.3352,0.6644,Cincinnati Bengals,Pittsburgh Steelers,Cincinnati Bengals,Pittsburgh Steelers,Pittsburgh Steelers,Same,Same,Different,False,False,0.0002210874303374,0.0392111235810701,0.0073974473341465,0.0449223899332316,0.0002210874303374,0.0392111235810701,0.0138375541948399,0.0479919664106943,0.7259638927872067,0.9459777188848861,1.43974033545818,0.8873386004708158,1.2062203113200616,1.2459947812020695,1.7183365248318465,0.32100350491060653,1.2543672865485485,0.8405891296571977
2023_16_BUF_LAC,2023,17,2023-12-23,20:00,Buffalo Bills,Los Angeles Chargers,Home,Josh Allen,Easton Stick,00-0034857,00-0035282,6,9,-3,3,-1,-7,SoFi Stadium,33.9535,-118.3395,America/Los_Angeles,False,False,16,16,Saturday,False,False,0,False,False,0,-1,-7,AFC East,Highmark Stadium,42.7725,-78.7877,America/New_York,AFC West,SoFi Stadium,33.9535,-118.3395,America/Los_Angeles,Dallas Cowboys,Las Vegas Raiders,Highmark Stadium,Allegiant Stadium,New England Patriots,Denver Broncos,Highmark Stadium,Empower Field at Mile High,2204,0,-2204,2204,3.0,0.0,America/New_York,America/Los_Angeles,3.0,0.0,3.0,0.0,3.0,0,4.795,0.935,4.795,0.935,Buffalo Bills,3.86,Buffalo Bills,3.86,4.795,0.935,Buffalo Bills,3.86,-0.2249999999999999,0,No,No,No,No,Yes,0,No,0.0,0.0,8.815,0.306,3.7160000000000006,1.064,3.7160000000000006,1.064,-1.079,0.1289999999999999,7.735999999999999,0.4349999999999999,Buffalo Bills,2.6520000000000006,Buffalo Bills,2.6520000000000006,3.7160000000000006,1.064,Buffalo Bills,2.6520000000000006,Tie,0.0,Buffalo Bills,8.509,4.4075,0.153,Buffalo Bills,4.2545,Los Angeles Chargers,1.208,Buffalo Bills,7.300999999999999,3.3285,0.2819999999999999,Buffalo Bills,3.0464999999999995,Different,Same,Different,Same,Different,Same,False,Home Team,Away Team,44.5,550.0,-800.0,Buffalo Bills,Los Angeles Chargers,13.0,-13.0,-122,101,268,-346,-1.208,1.208,7.300999999999999,-7.300999999999999,0.8889,0.1538,0.4975,0.5495,0.7758,0.2717,0.8525,0.1475,0.4752,0.5248,0.7406,0.2594,0.8525,0.1475,0.3525,-0.3525,,,162,0.0,70.0,0.0,Dome,True,J.Allen,J.Herbert,3.37,4.0,14.07,197.92,High,-7.0,13.0,53.36,53.0,13.960637911004511,36.0,71.0,0.4036,0.5958,0.0802,0.0776,0.7308,0.2468,0.7266,0.2734,17,2023-12-23,Buffalo Bills @ Los Angeles Chargers,0.3338,0.666,200,-199,,,,,,,,No Bet,,No Bet,,No Bet,,No Bet,,No Bet,,No Bet,,No Bet,,No Bet,,No Bet,,,,,,,,,,,,,,,0.31,0.2914,0.2621,0.3112,0.7035,0.6401,0.2965,0.3599,-0.2056,0.1574,0.0804,0.2138,0.193,0.1883,17,0.235,-0.0071999999999999,Buffalo Bills,Los Angeles Chargers,0,0,0,0,1,0,0,1,0,0,0,0,0,5.0,3.0,,,34.99788782792411,0.3473682445606113,0.0,0.0013110851207037,0.0558808866622597,0.0002970061020814,0.0,0.0017165945899961,0.0,8.48640076629068e-06,4.9048519683137664e-05,0.0,0.0,4.9048519683137664e-05,0.0,0.0020136006920776,5.753492044942835e-05,0.0,62.0,38.0,0.8525,0.1475,0.6544,0.3455,0.5848,0.4148,Buffalo Bills,Buffalo Bills,Buffalo Bills,Buffalo Bills,Buffalo Bills,Same,Same,Same,False,False,5.753492044942835e-05,0.0,0.0013110851207037,0.0558808866622597,5.753492044942835e-05,0.0,0.0045274547715258,0.0889337115803012,0.26989601304952043,1.402045598622571,1.3096821806901175,1.0173967552388798,0.7163064036375615,1.7359086888845647,0.8872881076016413,1.1520519221408116,0.7648561674672725,1.3301002487384743
2023_16_IND_ATL,2023,17,2023-12-24,13:00,Indianapolis Colts,Atlanta Falcons,Home,Gardner Minshew,Taylor Heinicke,00-0035289,00-0031800,8,7,1,-1,4,-13,Mercedes-Benz Stadium,33.7489,-84.388,America/New_York,False,False,16,16,Sunday,False,False,0,False,False,0,4,-13,AFC South,Lucas Oil Stadium,39.7601,-86.1638,America/Indiana/Indianapolis,NFC South,Mercedes-Benz Stadium,33.7489,-84.388,America/New_York,Pittsburgh Steelers,Carolina Panthers,Lucas Oil Stadium,Bank of America Stadium,Las Vegas Raiders,Chicago Bears,Lucas Oil Stadium,Soldier Field,426,0,-426,426,0.0,0.0,America/Indiana/Indianapolis,America/New_York,0.0,0.0,0.0,0.0,0.0,0,-2.265,-0.71,-2.265,-0.71,Atlanta Falcons,1.5550000000000002,Atlanta Falcons,1.5550000000000002,-2.265,-0.71,Atlanta Falcons,1.5550000000000002,0.0,0,No,No,No,No,No,0,No,0.0,0.0,-2.838,-4.138,0.9725,0.9899999999999998,0.9725,0.9899999999999998,3.2375,1.6999999999999995,0.3995000000000002,-2.4380000000000006,Atlanta Falcons,0.0174999999999998,Atlanta Falcons,0.0174999999999998,0.9725,0.9899999999999998,Atlanta Falcons,0.0174999999999998,Tie,0.0,Indianapolis Colts,1.2999999999999998,-1.419,-2.069,Indianapolis Colts,0.6499999999999999,Indianapolis Colts,1.5375,Indianapolis Colts,2.837500000000001,1.8185,-0.3690000000000004,Indianapolis Colts,2.1875000000000004,Different,Different,Different,Different,Different,Same,False,Away Team,Away Team,44.0,-155.0,130.0,Atlanta Falcons,Indianapolis Colts,-3.0,3.0,105,-128,135,-164,1.5375,-1.5375,2.837500000000001,-2.837500000000001,0.4348,0.6078,0.5614,0.4878,0.6212,0.4255,0.417,0.583,0.5351,0.4649,0.5935,0.4065,0.417,0.583,-0.083,0.083,,,163,0.0,70.0,0.0,Dome,True,D.Jones,M.Penix,0.42,1.0,13.42,180.17,Med-High,-9.0,10.0,45.89,45.0,13.428846421909988,29.0,63.0,0.4828,0.5156,0.0864,0.0964,0.4034,0.5556,0.5226,0.4494,17,2023-12-24,Indianapolis Colts @ Atlanta Falcons,0.4843,0.5153,106,-106,,,,,,,,No Bet,,No Bet,,No Bet,,No Bet,,No Bet,,No Bet,,No Bet,,No Bet,,No Bet,,,,,,,,,,,,,,,0.3051,0.33,0.2615,0.2661,0.735,0.6202,0.265,0.3781,-0.2105,-0.2658,-0.0171,-0.1245,0.0235,0.0655,17,0.04195,-0.0961,Atlanta Falcons,Indianapolis Colts,0,0,0,0,0,1,1,0,0,0,0,0,0,3.0,2.0,,,34.99788782792411,0.8442650378829522,0.9407389078089626,0.0486643188081268,0.0069353999410655,1.4550475335159905,0.0041463328469624,1.040745834435966,0.0057969113903575,0.0415752956484144,0.0297373898548693,0.0001184738024005,0.0001656360354904,0.0299030258903598,0.00994324423732,2.4957933679519564,0.0713126855032838,0.000284109837891,62.0,38.0,0.417,0.583,0.4866,0.5132,0.5646,0.4346,Atlanta Falcons,Indianapolis Colts,Atlanta Falcons,Indianapolis Colts,Indianapolis Colts,Same,Same,Different,False,False,0.0713126855032838,0.000284109837891,0.0486643188081268,0.0069353999410655,0.0713126855032838,0.000284109837891,0.034130048968439,0.0130846049440485,0.9427369012422427,0.7292047104298497,1.0138698044585646,1.313209131470432,0.927986603927078,1.5242284885950486,0.9350495671881109,1.1042904625543413,0.9611968687865383,1.133759547419209
2023_16_GB_CAR,2023,17,2023-12-24,13:00,Green Bay Packers,Carolina Panthers,Home,Jordan Love,Bryce Young,00-0036264,00-0039150,7,7,0,0,0,-1,Bank of America Stadium,35.2258,-80.8528,America/New_York,False,False,16,16,Sunday,False,False,0,False,False,0,0,-1,NFC North,Lambeau Field,44.5013,-88.0622,America/Chicago,NFC South,Bank of America Stadium,35.2258,-80.8528,America/New_York,Tampa Bay Buccaneers,Atlanta Falcons,Lambeau Field,Bank of America Stadium,Minnesota Vikings,Jacksonville Jaguars,U.S. Bank Stadium,TIAA Bank Field,745,0,-745,745,-1.0,0.0,America/Chicago,America/New_York,-1.0,0.0,-1.0,0.0,-1.0,0,3.535,-5.25,3.535,-5.25,Green Bay Packers,8.785,Green Bay Packers,8.785,3.535,-5.25,Green Bay Packers,8.785,0.0,0,No,No,No,No,No,0,No,0.0,0.0,-4.219,-6.873,3.778,-4.134,3.778,-4.134,0.243,1.116,-3.976,-5.757,Green Bay Packers,7.912000000000001,Green Bay Packers,7.912000000000001,3.778,-4.134,Green Bay Packers,7.912000000000001,Tie,0.0,Green Bay Packers,2.654,-2.1095,-3.4365,Green Bay Packers,1.327,Carolina Panthers,0.8729999999999999,Green Bay Packers,1.7809999999999993,-1.8665000000000005,-2.3205,Green Bay Packers,0.4539999999999997,Different,Same,Different,Same,Different,Same,False,Home Team,Away Team,39.5,164.0,-198.0,Green Bay Packers,Carolina Panthers,3.5,-3.5,-122,101,108,-131,-0.8729999999999999,0.8729999999999999,1.7809999999999993,-1.7809999999999993,0.6644,0.3788,0.4975,0.5495,0.5671,0.4808,0.6369,0.3631,0.4752,0.5248,0.5412,0.4588,0.6369,0.3631,0.1369,-0.1369,67.0,1.0,164,1.0,67.0,0.0,nfl_read_py Fallback,False,J.Love,B.Young,6.57,7.0,12.8,163.8,Med-Low,-3.0,16.0,41.24,40.0,12.439518773870036,26.0,57.0,0.303,0.6962,0.0886,0.0818,0.3828,0.6172,0.5296,0.4704,17,2023-12-24,Green Bay Packers @ Carolina Panthers,0.4124,0.5874,142,-142,,,,,,,,No Bet,,No Bet,,No Bet,,No Bet,,No Bet,,No Bet,,No Bet,,No Bet,,No Bet,,,,,,,,,,,,,,,0.2885,0.1986,0.2763,0.3282,0.6647,0.6162,0.3333,0.3838,-0.4301,-0.2632,-0.0051,0.1438,-0.0377,-0.0551,17,0.0339,-0.15575,Green Bay Packers,Carolina Panthers,0,0,0,0,1,0,0,1,0,0,0,0,0,3.0,1.5,,,34.99788782792411,0.9953085322553186,0.6608335526702188,0.0100790859626734,0.0609196087727209,0.0121590708696076,1.5385170511120605,0.02132776710783,0.87711656658626,0.0003474229910499,0.0006094015505362,0.043960282936975,0.0250619857660789,0.0256713873166151,2.4156336176983206,0.0334868379774376,0.0009568245415861,0.0690222687030539,62.0,38.0,0.6369,0.3631,0.5256,0.4742,0.6524,0.3466,Green Bay Packers,Green Bay Packers,Green Bay Packers,Green Bay Packers,Green Bay Packers,Same,Same,Same,False,False,0.0009568245415861,0.0690222687030539,0.0100790859626734,0.0609196087727209,0.0009568245415861,0.0690222687030539,0.0175333700511647,0.0544799249326527,0.6446685190185046,1.0272730926535871,1.30390985802375,1.023169077905248,1.2143565507122855,1.2378585418098436,0.6720405914941159,1.3672994382483339,0.9287390558912417,1.1662173603145076
2023_16_CLE_HOU,2023,17,2023-12-24,13:00,Cleveland Browns,Houston Texans,Home,Joe Flacco,Case Keenum,00-0026158,00-0028986,7,7,0,0,7,-2,NRG Stadium,29.6847,-95.4093,America/Chicago,False,False,16,16,Sunday,False,False,0,False,False,0,7,-2,AFC North,FirstEnergy Stadium,41.5061,-81.6994,America/New_York,AFC South,NRG Stadium,29.6847,-95.4093,America/Chicago,Chicago Bears,Tennessee Titans,FirstEnergy Stadium,Nissan Stadium,New York Jets,Tennessee Titans,FirstEnergy Stadium,NRG Stadium,1119,0,-1119,1119,1.0,0.0,America/New_York,America/Chicago,1.0,0.0,1.0,0.0,1.0,0,-4.705,0.035,-4.705,0.035,Houston Texans,4.74,Houston Texans,4.74,-4.705,0.035,Houston Texans,4.74,0.0,0,No,No,No,No,No,0,No,0.0,0.0,2.134,-6.153,-5.58,-1.7005,-5.58,-1.7005,-0.875,-1.7355,1.259,-7.888499999999999,Houston Texans,3.8795,Houston Texans,3.8795,-5.58,-1.7005,Houston Texans,3.8795,Tie,0.0,Cleveland Browns,8.286999999999999,1.067,-3.0765,Cleveland Browns,4.1435,Cleveland Browns,0.8605,Cleveland Browns,9.1475,0.192,-4.811999999999999,Cleveland Browns,5.004,Different,Different,Different,Different,Different,Same,False,Away Team,Away Team,40.0,136.0,-162.0,Cleveland Browns,Houston Texans,3.0,-3.0,101,-122,314,-416,0.8605,-0.8605,9.1475,-9.1475,0.6183,0.4237,0.5495,0.4975,0.8062,0.2415,0.5934,0.4066,0.5248,0.4752,0.7695,0.2305,0.5934,0.4066,0.0934,-0.0934,,,165,0.0,70.0,0.0,Dome,True,D.Gabriel,C.Stroud,-5.44,-7.0,13.91,193.5,Med-High,-15.0,5.0,50.84,50.0,13.987242128041885,33.0,69.0,0.6594,0.34,0.0798,0.0782,0.6878,0.2758,0.7624,0.2166,17,2023-12-24,Cleveland Browns @ Houston Texans,0.4429,0.5569,126,-126,,,,,,,,No Bet,,No Bet,,No Bet,,No Bet,,No Bet,,No Bet,,No Bet,,No Bet,,No Bet,,,,,,,,,,,,,,,0.3754,0.3351,0.3534,0.2977,0.6751,0.6472,0.3249,0.3528,-0.2948,-0.3694,-0.0323,0.0053,-0.0025,-0.0343,17,-0.00465,0.10075,Cleveland Browns,Houston Texans,0,0,0,0,1,0,0,1,0,0,0,0,0,3.0,3.5,,,34.99788782792411,0.8203801632177149,0.4456924114731708,0.007605815524676,0.0302307692651042,0.0014506533326299,0.5412255758452795,0.0021171118730512,0.3708498805842444,4.144973947463611e-05,6.049256124999769e-05,0.0154645211307136,0.0105963503399868,0.0106568429012368,0.912075456429524,0.0035677652056812,0.0001019423007246,0.0260608714707005,62.0,38.0,0.5934,0.4066,0.5794,0.4204,0.3706,0.6288,Cleveland Browns,Houston Texans,Cleveland Browns,Houston Texans,Cleveland Browns,Same,Same,Same,False,False,0.0001019423007246,0.0260608714707005,0.007605815524676,0.0302307692651042,0.0001019423007246,0.0260608714707005,0.0142326361121685,0.0333255179533115,0.6969927905586982,0.9749488211133942,1.1436939144916098,1.1833850214373869,0.5948980979062994,1.8573169946158294,1.3686594711907347,0.6706805585517152,0.9569882881107324,1.1379681280950158
2023_16_DET_MIN,2023,17,2023-12-24,13:00,Detroit Lions,Minnesota Vikings,Home,Jared Goff,Nick Mullens,00-0033106,00-0033319,8,8,0,0,0,-1,U.S. Bank Stadium,44.9738,-93.2575,America/Chicago,False,False,16,16,Sunday,False,False,0,False,False,0,0,-1,NFC North,Ford Field,42.3395,-83.045,America/Detroit,NFC North,U.S. Bank Stadium,44.9738,-93.2575,America/Chicago,Denver Broncos,Cincinnati Bengals,Ford Field,Paycor Stadium,Dallas Cowboys,Green Bay Packers,AT&T Stadium,U.S. Bank Stadium,541,0,-541,541,1.0,0.0,America/Detroit,America/New_York,1.0,1.0,1.0,0.0,1.0,0,4.305,0.27,4.305,0.27,Detroit Lions,4.035,Detroit Lions,4.035,4.305,0.27,Detroit Lions,4.035,0.0,0,No,No,No,No,No,1,No,0.0,0.0,3.996,-3.191,4.538234999999999,-0.289735,4.538234999999999,-0.289735,0.2735849999999999,-0.6000850000000001,4.197715,-3.719215,Detroit Lions,4.82797,Detroit Lions,4.82797,4.538234999999999,-0.289735,Detroit Lions,4.82797,Tie,0.0,Detroit Lions,7.186999999999999,1.998,-1.5955,Detroit Lions,3.5935,Detroit Lions,0.8736700000000001,Detroit Lions,7.916929999999999,2.23565,-2.15965,Detroit Lions,4.3953,Different,Same,Same,Same,Different,Same,False,Away Team,Away Team,47.5,124.0,-148.0,Detroit Lions,Minnesota Vikings,2.5,-2.5,101,-122,282,-366,0.8736700000000001,-0.8736700000000001,7.916929999999999,-7.916929999999999,0.5968,0.4464,0.5495,0.4975,0.7854,0.2618,0.5721,0.4279,0.5248,0.4752,0.75,0.25,0.5721,0.4279,0.0721,-0.0721,,,166,0.0,70.0,0.0,Dome,True,J.Goff,C.Wentz,6.37,7.0,13.73,188.42,Med-High,-4.0,16.0,56.56,56.0,14.147733430915585,39.0,75.0,0.325,0.6738,0.0826,0.0746,0.3604,0.6396,0.7304,0.2696,17,2023-12-24,Detroit Lions @ Minnesota Vikings,0.3695,0.6302,171,-170,,,,,,,,No Bet,,No Bet,,No Bet,,No Bet,,No Bet,,No Bet,,No Bet,,No Bet,,No Bet,,,,,,,,,,,,,,,0.3769,0.282,0.2705,0.3201,0.6727,0.6287,0.3273,0.3713,-0.0262,-0.1944,0.1532,0.2815,0.1804,0.1703,17,-0.0151499999999999,-0.0702,Detroit Lions,Minnesota Vikings,0,0,0,0,1,0,0,1,0,0,0,0,1,3.0,2.5,,,34.99788782792411,0.7569569091708478,0.0,0.0077270320555487,0.0125510593418267,0.0054415861385077,0.0,0.0072753714181824,0.0,0.0001554832727409,0.0002078802999184,0.0,0.0,0.0002078802999184,0.0,0.0127169575566902,0.0003633635726594,0.0,62.0,38.0,0.5721,0.4279,0.5675,0.4324,0.6728,0.3266,Detroit Lions,Detroit Lions,Detroit Lions,Detroit Lions,Detroit Lions,Same,Same,Same,False,False,0.0003633635726594,0.0,0.0077270320555487,0.0125510593418267,0.0003633635726594,0.0,0.0142600508629932,0.0219409310885296,0.7191172186821805,0.9528243929899127,1.1139111982543348,1.2131677376746617,0.6195265586917207,1.832688533830407,0.667904060690691,1.3714359690517606,0.7799446903963225,1.315011725809423
2023_16_WAS_NYJ,2023,17,2023-12-24,13:00,Washington Commanders,New York Jets,Home,Sam Howell,Trevor Siemian,00-0037077,00-0032156,7,7,0,0,12,9,MetLife Stadium,40.8136,-74.0744,America/New_York,False,True,16,16,Sunday,False,False,0,False,False,0,12,9,NFC East,FedExField,38.9077,-76.8645,America/New_York,AFC East,MetLife Stadium,40.8136,-74.0744,America/New_York,Los Angeles Rams,Miami Dolphins,SoFi Stadium,Hard Rock Stadium,San Francisco 49ers,Cleveland Browns,FedExField,FirstEnergy Stadium,198,0,-198,198,0.0,0.0,America/Los_Angeles,America/New_York,-3.0,0.0,0.0,0.0,0.0,0,1.45,-3.725,1.45,-3.725,Washington Commanders,5.175,Washington Commanders,5.175,1.45,-3.725,Washington Commanders,5.175,0.0,0,No,No,No,No,No,0,No,0.0,0.0,-1.022,-1.783,2.8845,-2.703,2.8845,-2.703,1.4345,1.022,0.4125000000000001,-0.761,Washington Commanders,5.5875,Washington Commanders,5.5875,2.8845,-2.703,Washington Commanders,5.5875,Tie,0.0,Washington Commanders,0.7609999999999999,-0.511,-0.8915,Washington Commanders,0.3804999999999999,Washington Commanders,0.4125000000000001,Washington Commanders,1.1735000000000002,0.9235,0.1305,Washington Commanders,0.7930000000000001,Different,Same,Same,Same,Different,Same,False,Away Team,Away Team,36.5,-166.0,140.0,New York Jets,Washington Commanders,-3.0,3.0,-104,-116,101,-122,0.4125000000000001,-0.4125000000000001,1.1735000000000002,-1.1735000000000002,0.4167,0.6241,0.537,0.5098,0.5495,0.4975,0.4004,0.5996,0.513,0.487,0.5248,0.4752,0.4004,0.5996,-0.0996,0.0996,45.0,2.0,167,2.0,45.0,0.0,nfl_read_py Fallback,False,J.Daniels,J.Fields,-8.59,-10.0,13.23,175.1,Medium,-18.0,1.0,41.72,41.0,12.23022949345974,26.0,58.0,0.74,0.2596,0.0728,0.069,0.6694,0.2896,0.6412,0.3588,17,2023-12-24,Washington Commanders @ New York Jets,0.5754,0.4245,-136,136,,,,,,,,No Bet,,No Bet,,No Bet,,No Bet,,No Bet,,No Bet,,No Bet,,No Bet,,No Bet,,,,,,,,,,,,,,,0.3369,0.3401,0.3184,0.3095,0.6142,0.6796,0.3858,0.3204,-0.3847,-0.4457,-0.0835,0.043,-0.0426,-0.0692,17,-0.36705,-0.1525,New York Jets,Washington Commanders,0,0,0,0,0,1,1,0,0,0,0,0,0,0.0,1.5,,,34.99788782792411,0.8989370179264367,0.1179436546096969,0.1190167165966431,0.0043052031653169,4.984878486014618,0.0068527399774384,3.328794772848988,0.0102619952309492,0.1424336951568055,0.0951141620093144,0.0001958043871427,0.0002932175587682,0.0954073795680826,0.0171147352083877,8.313673258863604,0.2375478571661199,0.000489021945911,62.0,38.0,0.4004,0.5996,0.4168,0.583,0.242,0.7572,New York Jets,New York Jets,New York Jets,New York Jets,New York Jets,Same,Same,Same,False,False,0.2375478571661199,0.000489021945911,0.1190167165966431,0.0043052031653169,0.2375478571661199,0.000489021945911,0.0411605994473924,0.008892611370569,0.9152002187869654,0.7567413928851272,0.9569257256348143,1.3701532102941827,0.9787263700729216,1.4734887224492037,1.3913226074734615,0.6480174222689897,1.0615709373354887,1.0333854788702583
2023_16_SEA_TEN,2023,17,2023-12-24,13:00,Seattle Seahawks,Tennessee Titans,Home,Geno Smith,Ryan Tannehill,00-0030565,00-0029701,6,7,-1,1,-4,12,Nissan Stadium,36.1664,-86.7716,America/Chicago,False,False,16,16,Sunday,False,False,0,False,False,0,-4,12,NFC West,Lumen Field,47.5952,-122.3316,America/Los_Angeles,AFC South,Nissan Stadium,36.1664,-86.7716,America/Chicago,Philadelphia Eagles,Houston Texans,Lumen Field,Nissan Stadium,Pittsburgh Steelers,Houston Texans,Lumen Field,NRG Stadium,1969,0,-1969,1969,-2.0,0.0,America/Los_Angeles,America/Chicago,-2.0,0.0,-2.0,0.0,-2.0,0,-0.13,-4.36,-0.13,-4.36,Seattle Seahawks,4.23,Seattle Seahawks,4.23,-0.13,-4.36,Seattle Seahawks,4.23,-0.3,0,No,No,No,No,Yes,0,No,0.0,0.0,1.265,-1.274,0.2299999999999999,-2.031,0.2299999999999999,-2.031,0.3600000000000001,2.329,1.6249999999999998,1.055,Seattle Seahawks,2.261,Seattle Seahawks,2.261,0.2299999999999999,-2.031,Seattle Seahawks,2.261,Tie,0.0,Seattle Seahawks,2.539,0.6325,-0.637,Seattle Seahawks,1.2695,Tennessee Titans,1.969,Seattle Seahawks,0.5699999999999998,0.9925,1.6919999999999995,Tennessee Titans,0.6994999999999998,Different,Same,Different,Same,Different,Same,False,Home Team,Away Team,42.0,140.0,-166.0,Seattle Seahawks,Tennessee Titans,3.0,-3.0,-131,108,-104,-116,-1.969,1.969,0.5699999999999998,-0.5699999999999998,0.6241,0.4167,0.4808,0.5671,0.537,0.5098,0.5996,0.4004,0.4588,0.5412,0.513,0.487,0.5996,0.4004,0.0996,-0.0996,61.0,4.0,168,4.0,61.0,0.0,nfl_read_py Fallback,False,S.Darnold,C.Ward,3.97,5.0,12.89,166.14,Med-Low,-6.0,13.0,44.19,43.0,12.94923515495103,28.0,61.0,0.365,0.6338,0.085,0.086,0.4046,0.544,0.5388,0.4358,17,2023-12-24,Seattle Seahawks @ Tennessee Titans,0.4484,0.5513,123,-123,,,,,,,,No Bet,,No Bet,,No Bet,,No Bet,,No Bet,,No Bet,,No Bet,,No Bet,,No Bet,,,,,,,,,,,,,,,0.3803,0.3131,0.3131,0.2943,0.6891,0.7122,0.3109,0.2878,-0.291,-0.0073,0.0833,0.1594,-0.0327,-0.0144,17,0.1232999999999999,-0.14575,Seattle Seahawks,Tennessee Titans,0,0,0,0,1,0,0,1,0,0,0,0,0,4.0,1.5,,,34.99788782792411,0.698836572990485,0.055697219405205,0.0086470449055014,0.028324396955713,0.0027708741001383,0.6258140512533095,0.0041493908852222,0.4179051803232573,7.917260932322819e-05,0.0001185611801953,0.0178814805719214,0.0119408686140715,0.0120594297942669,1.0437192315765669,0.0069202649853606,0.0001977337895185,0.0298223491859929,62.0,38.0,0.5996,0.4004,0.5584,0.4414,0.6338,0.365,Seattle Seahawks,Seattle Seahawks,Seattle Seahawks,Seattle Seahawks,Seattle Seahawks,Same,Same,Same,False,False,0.0001977337895185,0.0298223491859929,0.0086470449055014,0.028324396955713,0.0001977337895185,0.0298223491859929,0.015783865717682,0.0280758867786472,0.6843097026553653,0.9876319090167273,1.291910528346547,1.0351684075824505,1.2290785059595426,1.2231365865625867,0.7666092035583963,1.2727308261840546,0.9647522726819174,1.13020414352383
2023_16_JAX_TB,2023,17,2023-12-24,16:05,Jacksonville Jaguars,Tampa Bay Buccaneers,Home,Trevor Lawrence,Baker Mayfield,00-0036971,00-0034855,7,7,0,0,-1,-3,Raymond James Stadium,27.9759,-82.5033,America/New_York,False,False,16,16,Sunday,False,False,0,False,False,0,-1,-3,AFC South,TIAA Bank Field,30.3239,-81.6554,America/New_York,NFC South,Raymond James Stadium,27.9759,-82.5033,America/New_York,Baltimore Ravens,Green Bay Packers,TIAA Bank Field,Lambeau Field,Carolina Panthers,New Orleans Saints,TIAA Bank Field,Raymond James Stadium,170,0,-170,170,0.0,0.0,America/New_York,America/Chicago,0.0,-1.0,0.0,0.0,0.0,0,-1.825,1.025,-1.825,1.025,Tampa Bay Buccaneers,2.85,Tampa Bay Buccaneers,2.85,-1.825,1.025,Tampa Bay Buccaneers,2.85,0.0,0,No,No,No,No,No,0,No,0.0,0.0,-0.831,-1.97,0.2080000000000001,-0.5690000000000001,0.2080000000000001,-0.5690000000000001,2.0330000000000004,-1.594,1.2020000000000002,-3.564,Jacksonville Jaguars,0.7770000000000002,Jacksonville Jaguars,0.7770000000000002,0.2080000000000001,-0.5690000000000001,Jacksonville Jaguars,0.7770000000000002,Tie,0.0,Jacksonville Jaguars,1.139,-0.4155,-0.985,Jacksonville Jaguars,0.5695,Jacksonville Jaguars,3.627,Jacksonville Jaguars,4.766,1.6175000000000002,-2.579,Jacksonville Jaguars,4.1965,Different,Different,Same,Same,Different,Same,False,Away Team,Away Team,43.0,105.0,-125.0,Jacksonville Jaguars,Tampa Bay Buccaneers,2.0,-2.0,156,-191,188,-234,3.627,-3.627,4.766,-4.766,0.5556,0.4878,0.6564,0.3906,0.7006,0.3472,0.5325,0.4675,0.6269,0.3731,0.6686,0.3314,0.5325,0.4675,0.0325,-0.0325,72.0,11.0,169,11.0,72.0,0.0,nfl_read_py Fallback,False,T.Lawrence,B.Mayfield,5.14,6.0,13.16,173.21,Medium,-5.0,14.0,47.84,47.0,13.335885970227933,31.0,65.0,0.348,0.6508,0.0896,0.0848,0.3672,0.615,0.6038,0.3496,17,2023-12-24,Jacksonville Jaguars @ Tampa Bay Buccaneers,0.38,0.6197,163,-163,,,,,,,,No Bet,,No Bet,,No Bet,,No Bet,,No Bet,,No Bet,,No Bet,,No Bet,,No Bet,,,,,,,,,,,,,,,0.2225,0.2761,0.2694,0.3396,0.7481,0.6819,0.2519,0.3123,-0.3344,-0.2198,0.1123,0.0712,0.0317,0.1283,17,0.1266999999999999,0.12635,Jacksonville Jaguars,Tampa Bay Buccaneers,0,0,0,0,1,0,0,1,0,0,0,0,0,4.0,4.0,,,34.99788782792411,0.8940567170849957,0.147219277081928,0.0112727246420088,0.0162883455927746,0.0356922803752889,0.0360886696328772,0.0406548434221205,0.0316834799124321,0.0010198409844268,0.0011616370571278,0.0010311670752908,0.0009052969158656,0.0020669339729935,0.0677721495453093,0.0763471237974095,0.0021814780415546,0.0019364639911564,62.0,38.0,0.5325,0.4675,0.5527,0.4471,0.6534,0.3456,Jacksonville Jaguars,Jacksonville Jaguars,Jacksonville Jaguars,Jacksonville Jaguars,Jacksonville Jaguars,Same,Same,Same,False,False,0.0021814780415546,0.0019364639911564,0.0112727246420088,0.0162883455927746,0.0021814780415546,0.0019364639911564,0.018629335665426,0.0265340068727267,0.7855345880255059,0.8864070236465862,0.8761464613660502,1.4509324745629426,0.8205964297891135,1.6316186627330154,0.7151919611317957,1.3241480686106544,0.80224203919802,1.2927143770077283
2023_16_ARI_CHI,2023,17,2023-12-24,16:25,Arizona Cardinals,Chicago Bears,Home,Kyler Murray,Justin Fields,00-0035228,00-0036945,7,7,0,0,4,12,Soldier Field,41.8623,-87.6167,America/Chicago,False,False,16,16,Sunday,False,False,0,False,False,0,4,12,NFC West,State Farm Stadium,33.5277,-112.262608,America/Denver,NFC North,Soldier Field,41.8623,-87.6167,America/Chicago,San Francisco 49ers,Cleveland Browns,State Farm Stadium,FirstEnergy Stadium,Philadelphia Eagles,Atlanta Falcons,Lincoln Financial Field,Soldier Field,1458,0,-1458,1458,-1.0,0.0,America/Denver,America/New_York,-1.0,1.0,-1.0,0.0,-1.0,0,0.075,-1.575,0.075,-1.575,Arizona Cardinals,1.65,Arizona Cardinals,1.65,0.075,-1.575,Arizona Cardinals,1.65,0.0,0,No,No,No,No,No,0,No,0.0,0.0,-3.672,-7.898,-0.4544999999999999,-0.1524999999999998,-0.4544999999999999,-0.1524999999999998,-0.5295,1.4225,-4.2015,-6.4755,Chicago Bears,0.3020000000000001,Chicago Bears,0.3020000000000001,-0.4544999999999999,-0.1524999999999998,Chicago Bears,0.3020000000000001,Tie,0.0,Arizona Cardinals,4.225999999999999,-1.836,-3.949,Arizona Cardinals,2.1129999999999995,Chicago Bears,1.952,Arizona Cardinals,2.274,-2.3655,-2.5265,Arizona Cardinals,0.161,Different,Different,Same,Different,Different,Same,False,Home Team,Away Team,42.0,-218.0,180.0,Chicago Bears,Arizona Cardinals,-4.5,4.5,-131,108,117,-142,-1.952,1.952,2.274,-2.274,0.3571,0.6855,0.4808,0.5671,0.5868,0.4608,0.3425,0.6575,0.4588,0.5412,0.5601,0.4399,0.3425,0.6575,-0.1575,0.1575,52.0,4.0,170,4.0,52.0,0.0,nfl_read_py Fallback,False,K.Murray,C.Williams,-4.26,-5.0,13.74,188.88,Med-High,-14.0,6.0,52.2,52.0,13.419441690437669,36.0,70.0,0.6228,0.3762,0.0864,0.0782,0.5144,0.4856,0.7616,0.2192,17,2023-12-24,Arizona Cardinals @ Chicago Bears,0.5654,0.4344,-130,130,,,,,,,,No Bet,,No Bet,,No Bet,,No Bet,,No Bet,,No Bet,,No Bet,,No Bet,,No Bet,,,,,,,,,,,,,,,0.3356,0.23,0.2273,0.2958,0.7105,0.7598,0.2895,0.2402,-0.2506,-0.3077,-0.1097,0.0094,-0.0577,-0.0726,17,-0.21475,0.00545,Chicago Bears,Arizona Cardinals,0,0,0,0,0,1,1,0,0,0,0,0,0,1.0,3.0,,,34.99788782792411,0.9075219240965354,0.9940784449915988,0.1057080506343404,0.0088302366221107,3.1809825595855563,0.0119263352437511,1.6570137287574953,0.0228950815263251,0.0908907010396071,0.0473461066251946,0.0003407730004276,0.0006541846650544,0.048000291290249,0.0348214167700762,4.837996288343052,0.1382368076648017,0.0009949576654821,62.0,38.0,0.3425,0.6575,0.4423,0.5574,0.4164,0.5826,Chicago Bears,Chicago Bears,Chicago Bears,Chicago Bears,Chicago Bears,Same,Same,Same,False,False,0.1382368076648017,0.0009949576654821,0.1057080506343404,0.0088302366221107,0.1382368076648017,0.0009949576654821,0.0813659936942218,0.0155791697792474,1.0282684613806032,0.643673150291489,1.1036835011829027,1.2233954347460954,0.9231977985190171,1.5290172940031133,1.1577991890868569,0.8815408406555957,1.0619804089756562,1.0329760072300893
2023_16_DAL_MIA,2023,17,2023-12-24,16:25,Dallas Cowboys,Miami Dolphins,Home,Dak Prescott,Tua Tagovailoa,00-0033077,00-0036212,7,7,0,0,0,6,Hard Rock Stadium,25.9602,-80.2384,America/New_York,False,True,16,16,Sunday,False,False,0,False,False,0,0,6,NFC East,AT&T Stadium,32.7369,-97.0826,America/Chicago,AFC East,Hard Rock Stadium,25.9602,-80.2384,America/New_York,Buffalo Bills,New York Jets,Highmark Stadium,Hard Rock Stadium,Detroit Lions,Baltimore Ravens,AT&T Stadium,M&T Bank Stadium,1115,0,-1115,1115,-1.0,0.0,America/New_York,America/New_York,0.0,0.0,0.0,0.0,0.0,0,-0.615,0.66,-0.615,0.66,Miami Dolphins,1.275,Miami Dolphins,1.275,-0.615,0.66,Miami Dolphins,1.275,0.0,0,No,No,No,No,No,0,No,0.0,0.0,5.882,0.176,-1.7645,2.9475,-1.7645,2.9475,-1.1495,2.2875,4.7325,2.4635,Miami Dolphins,4.712,Miami Dolphins,4.712,-1.7645,2.9475,Miami Dolphins,4.712,Tie,0.0,Dallas Cowboys,5.706,2.941,0.088,Dallas Cowboys,2.853,Miami Dolphins,3.4370000000000003,Dallas Cowboys,2.269,1.7915,2.3755,Miami Dolphins,0.5840000000000001,Different,Different,Same,Different,Different,Same,False,Home Team,Away Team,48.5,-122.0,102.0,Miami Dolphins,Dallas Cowboys,-1.5,1.5,-191,156,117,-142,-3.4370000000000003,3.4370000000000003,2.269,-2.269,0.495,0.5495,0.3906,0.6564,0.5868,0.4608,0.4739,0.5261,0.3731,0.6269,0.5601,0.4399,0.4739,0.5261,-0.0261,0.0261,75.0,15.0,171,15.0,75.0,0.0,nfl_read_py Fallback,False,D.Prescott,T.Tagovailoa,-0.93,-2.0,14.18,201.1,High,-10.0,9.0,61.37,61.0,14.431504998000086,43.0,80.0,0.5362,0.4632,0.0922,0.0872,0.507,0.493,0.8128,0.1872,17,2023-12-24,Dallas Cowboys @ Miami Dolphins,0.5323,0.4676,-114,114,,,,,,,,No Bet,,No Bet,,No Bet,,No Bet,,No Bet,,No Bet,,No Bet,,No Bet,,No Bet,,,,,,,,,,,,,,,0.2785,0.2949,0.3369,0.3968,0.7627,0.6958,0.2373,0.3042,-0.0255,-0.1879,0.1938,0.1492,0.2394,0.1819,17,0.2664499999999999,-0.0997,Miami Dolphins,Dallas Cowboys,0,0,0,0,0,1,1,0,0,0,0,0,0,5.0,2.0,,,34.99788782792411,0.0,0.0,0.0035041545272865,0.0002963125499512,0.0,0.0,0.0,0.0,0.0,0.0,0.0,0.0,0.0,0.0,0.0,0.0,0.0,62.0,38.0,0.4739,0.5261,0.5312,0.4688,0.4872,0.5126,Miami Dolphins,Miami Dolphins,Dallas Cowboys,Miami Dolphins,Miami Dolphins,Same,Same,Different,False,False,0.0,0.0,0.0035041545272865,0.0002963125499512,0.0,0.0,0.0079533999615677,0.0029937159118099,0.8771099501642773,0.7948316615078151,1.4537928068983426,0.8732861290306553,1.07312840202117,1.3790866905009602,1.0896514956338716,0.9496885341085813,1.1109955799190208,0.9839608362867275
2023_16_NE_DEN,2023,17,2023-12-24,20:15,New England Patriots,Denver Broncos,Home,Bailey Zappe,Russell Wilson,00-0038108,00-0029263,7,8,-1,1,10,4,Empower Field at Mile High,39.7648,-105.0076,America/Denver,False,False,16,16,Sunday,False,False,0,False,False,0,10,4,AFC East,Gillette Stadium,42.0628,-71.2687,America/New_York,AFC West,Empower Field at Mile High,39.7648,-105.0076,America/Denver,Kansas City Chiefs,Detroit Lions,Gillette Stadium,Ford Field,Buffalo Bills,Los Angeles Chargers,Highmark Stadium,Empower Field at Mile High,1756,0,-1756,1756,2.0,0.0,America/New_York,America/Detroit,2.0,2.0,2.0,0.0,2.0,0,-1.995,2.05,-1.995,2.05,Denver Broncos,4.045,Denver Broncos,4.045,-1.995,2.05,Denver Broncos,4.045,-0.15,0,No,No,No,No,No,0,No,0.0,0.0,-1.213,-8.65,-2.0250000000000004,3.932,-2.0250000000000004,3.932,-0.03,1.882,-1.243,-6.768000000000002,Denver Broncos,5.957000000000001,Denver Broncos,5.957000000000001,-2.0250000000000004,3.932,Denver Broncos,5.957000000000001,Tie,0.0,New England Patriots,7.437,-0.6065,-4.325,New England Patriots,3.7185,Denver Broncos,1.912,New England Patriots,5.525000000000001,-0.6365000000000001,-2.4430000000000005,New England Patriots,1.8065000000000004,Different,Different,Same,Different,Different,Same,False,Home Team,Away Team,37.5,-340.0,270.0,Denver Broncos,New England Patriots,-7.0,7.0,-131,108,195,-244,-1.912,1.912,5.525000000000001,-5.525000000000001,0.2703,0.7727,0.4808,0.5671,0.7093,0.339,0.2591,0.7409,0.4588,0.5412,0.6766,0.3234,0.2591,0.7409,-0.2409,0.2409,28.0,9.0,172,9.0,28.0,0.0,nfl_read_py Fallback,False,D.Maye,B.Nix,1.04,2.0,13.1,171.51,Medium,-8.0,10.0,39.13,38.0,12.886711662309104,23.0,56.0,0.4688,0.5292,0.1018,0.1004,0.2626,0.6962,0.514,0.486,17,2023-12-24,New England Patriots @ Denver Broncos,0.5186,0.4809,-108,108,,,,,,,,No Bet,,No Bet,,No Bet,,No Bet,,No Bet,,No Bet,,No Bet,,No Bet,,No Bet,,,,,,,,,,,,,,,0.3287,0.2277,0.2984,0.2962,0.7431,0.637,0.2569,0.363,-0.0906,-0.2427,0.1153,0.0422,-0.2523,-0.0555,17,-0.16175,0.0138499999999999,Denver Broncos,New England Patriots,0,0,0,0,0,1,1,0,0,0,0,0,0,1.5,3.0,,,34.99788782792411,0.9393488715622624,0.6287196942979769,0.2692471686698021,0.006265830324714,7.530178225091399,0.0005930463573148,2.6333772143625067,0.0016958241842322,0.2151609337716438,0.075243889783011,1.6945204242916695e-05,4.84550437035005e-05,0.0752923448267145,0.0022888705415471,10.163555439453908,0.2904048235546549,6.54002479464172e-05,62.0,38.0,0.2591,0.7409,0.4818,0.5179,0.5126,0.4862,Denver Broncos,New England Patriots,Denver Broncos,New England Patriots,Denver Broncos,Same,Same,Same,False,False,0.2904048235546549,6.54002479464172e-05,0.2692471686698021,0.006265830324714,0.2904048235546549,6.54002479464172e-05,0.2410833087085578,0.0121832335726166,1.0604621701444474,0.6114794415276451,0.8976472812497591,1.4294316546792372,0.5147317279902685,1.937483364531865,0.6972339356075556,1.3421060941349006,0.798007032560224,1.2969493836455193
2023_16_LV_KC,2023,18,2023-12-25,13:00,Las Vegas Raiders,Kansas City Chiefs,Home,Aidan O'Connell,Patrick Mahomes,00-0038579,00-0033873,11,8,3,-3,-4,-10,GEHA Field at Arrowhead Stadium,39.0489,-94.4839,America/Chicago,False,False,Christmas,16,Monday,False,False,0,False,False,0,-4,-10,AFC West,Allegiant Stadium,36.108,-115.1578,America/Los_Angeles,AFC West,GEHA Field at Arrowhead Stadium,39.0489,-94.4839,America/Chicago,Los Angeles Chargers,New England Patriots,Allegiant Stadium,Gillette Stadium,Indianapolis Colts,Cincinnati Bengals,Lucas Oil Stadium,GEHA Field at Arrowhead Stadium,1147,0,-1147,1147,-2.0,0.0,America/Los_Angeles,America/New_York,-2.0,1.0,-2.0,0.0,-2.0,0,-2.35,4.395,-2.35,4.395,Kansas City Chiefs,6.744999999999999,Kansas City Chiefs,6.744999999999999,-2.35,4.395,Kansas City Chiefs,6.744999999999999,-0.3,0,No,No,No,No,No,1,No,0.0,0.0,-2.18,8.791,-2.9721,3.8291,-2.9721,3.8291,-0.68955,-0.4984499999999999,-2.75984,8.18284,Kansas City Chiefs,6.8012,Kansas City Chiefs,6.8012,-2.9721,3.8291,Kansas City Chiefs,6.8012,Tie,0.0,Kansas City Chiefs,10.971,-1.09,4.3955,Kansas City Chiefs,5.4855,Kansas City Chiefs,0.1911,Kansas City Chiefs,10.94268,-1.724695,3.842195,Kansas City Chiefs,5.566890000000001,Different,Same,Same,Same,Different,Same,False,Home Team,Home Team,40.5,-600.0,440.0,Kansas City Chiefs,Las Vegas Raiders,-11.0,11.0,-110,-110,-567,406,-0.1911,0.1911,-10.94268,10.94268,0.1852,0.8571,0.5238,0.5238,0.1976,0.8501,0.1777,0.8223,0.5,0.5,0.1886,0.8114,0.1777,0.8223,-0.3223,0.3223,38.0,11.0,173,11.0,38.0,0.0,nfl_read_py Fallback,False,n,i,-0.46,-2.0,13.47,181.54,Med-High,-10.0,10.0,37.7,37.0,12.16861227852038,22.0,54.0,0.5192,0.4794,0.0878,0.0874,0.2152,0.769,0.3826,0.6174,18,2023-12-25,LV @ KC,0.6632,0.3364,-197,197,,,,,,,,No Bet,,No Bet,,No Bet,,No Bet,,No Bet,,No Bet,,No Bet,,No Bet,,No Bet,,,,,,,,,,,,,,,0.2746,0.349,0.2641,0.2784,0.6482,0.6944,0.3518,0.3056,-0.0051,-0.0675,0.2564,0.1187,0.3131,-0.0025,18,-0.0035999999999999,0.0608,Kansas City Chiefs,Las Vegas Raiders,0,0,0,0,0,0,0,0,0,0,0,0,1,2.0,2.5,,,22.859934759656014,0.0,0.8210865361839265,0.0994765929047723,0.1242622602450858,0.0,0.8085708954501822,0.0,3.741631104832217,0.0,0.0,0.0353706563011358,0.1636763684660891,0.1636763684660891,4.550202000282399,0.0,0.0,0.1064549827855423,,,0.1777,0.8223,0.3184,0.6814,0.3856,0.6136,Kansas City Chiefs,Kansas City Chiefs,Kansas City Chiefs,Kansas City Chiefs,Kansas City Chiefs,Same,Same,Same,False,False,0.0,0.199047024767225,0.0994765929047723,0.1242622602450858,0.0,0.199047024767225,0.1613432469231685,0.0791117186818329,1.4314857840029793,0.2928401587037498,1.4347607698250069,1.3172107022365271,1.5607599614774097,0.3409089869583829,1.2712506213188983,1.0899121870039103,1.4878636297463326,0.7030670922559095
2023_16_NYG_PHI,2023,18,2023-12-25,16:30,New York Giants,Philadelphia Eagles,Home,Tommy DeVito,Jalen Hurts,00-0038476,00-0036389,8,7,1,-1,-4,-6,Lincoln Financial Field,39.9008,-75.1675,America/New_York,False,True,Christmas,16,Monday,False,False,0,False,False,0,-4,-6,NFC East,MetLife Stadium,40.8136,-74.0744,America/New_York,NFC East,Lincoln Financial Field,39.9008,-75.1675,America/New_York,New Orleans Saints,Seattle Seahawks,Caesars Superdome,Lumen Field,Los Angeles Rams,Arizona Cardinals,MetLife Stadium,Lincoln Financial Field,85,0,-85,85,0.0,0.0,America/Chicago,America/Los_Angeles,-1.0,-3.0,0.0,0.0,0.0,0,-2.84,4.905,-2.84,4.905,Philadelphia Eagles,7.745,Philadelphia Eagles,7.745,-2.84,4.905,Philadelphia Eagles,7.745,0.0,0,No,No,No,No,No,1,No,0.0,0.0,-2.869,8.409,-2.41156,4.638560000000001,-2.41156,4.638560000000001,0.3509899999999999,-0.18899,-2.40523,8.107230000000001,Philadelphia Eagles,7.050120000000001,Philadelphia Eagles,7.050120000000001,-2.41156,4.638560000000001,Philadelphia Eagles,7.050120000000001,Tie,0.0,Philadelphia Eagles,11.278,-1.4345,4.2045,Philadelphia Eagles,5.639,New York Giants,0.53998,Philadelphia Eagles,10.51246,-1.02712,3.95912,Philadelphia Eagles,4.98624,Different,Same,Different,Same,Different,Same,False,Away Team,Home Team,41.0,-900.0,600.0,Philadelphia Eagles,New York Giants,-14.0,14.0,-104,-116,-538,389,0.53998,-0.53998,-10.51246,10.51246,0.1429,0.9,0.537,0.5098,0.2045,0.8433,0.137,0.863,0.513,0.487,0.1952,0.8048,0.137,0.863,-0.363,0.363,51.0,5.0,174,5.0,51.0,0.0,nfl_read_py Fallback,False,e,n,-4.08,-6.0,13.95,194.52,Med-High,-14.0,6.0,43.75,43.0,12.556760099836302,28.0,61.0,0.6248,0.3744,0.0818,0.0766,0.236,0.7312,0.5624,0.4178,18,2023-12-25,NYG @ PHI,0.6949,0.3049,-228,228,,,,,,,,No Bet,,No Bet,,No Bet,,No Bet,,No Bet,,No Bet,,No Bet,,No Bet,,No Bet,,,,,,,,,,,,,,,0.2719,0.3907,0.3298,0.3678,0.6484,0.6773,0.3516,0.3227,-0.1157,-0.2367,0.1135,0.0478,0.3028,0.0089,18,-0.19465,0.2589,Philadelphia Eagles,New York Giants,0,0,0,0,0,0,0,0,0,0,0,0,1,0.0,5.0,,,22.859934759656014,0.581004166765696,0.8179864416958794,0.6274952483008833,0.1173943791510259,11.462122070764874,0.6888381114469456,1.81959527658724,4.339177300574555,0.5014065959187957,0.0795975708469003,0.0301329867599898,0.1898158217070891,0.2694133925539894,5.0280154120215,13.281717347352114,0.581004166765696,0.1309295024161924,,,0.137,0.863,0.2275,0.7724,0.1588,0.8408,Philadelphia Eagles,Philadelphia Eagles,Philadelphia Eagles,Philadelphia Eagles,Philadelphia Eagles,Same,Same,Same,False,False,0.581004166765696,0.2199488084670789,0.6274952483008833,0.1173943791510259,0.581004166765696,0.2199488084670789,0.6492058447788878,0.0553482646940304,1.151400020899607,0.5729259218071224,0.6457448602067808,2.106226611854753,1.0771299529525231,0.8245389954832694,0.8273165193673564,1.533846288955452,0.9246856003233348,1.2662451216789072
2023_16_BAL_SF,2023,18,2023-12-25,20:15,Baltimore Ravens,San Francisco 49ers,Home,Lamar Jackson,Brock Purdy,00-0034796,00-0037834,8,8,0,0,10,-19,Levi's Stadium,37.4031,-121.9702,America/Los_Angeles,False,True,Christmas,16,Monday,False,False,0,False,False,0,10,-19,AFC North,M&T Bank Stadium,39.2789,-76.6228,America/New_York,NFC West,Levi's Stadium,37.4031,-121.9702,America/Los_Angeles,Jacksonville Jaguars,Arizona Cardinals,TIAA Bank Field,State Farm Stadium,Miami Dolphins,Washington Commanders,M&T Bank Stadium,FedExField,2433,0,-2433,2433,3.0,0.0,America/New_York,America/Denver,3.0,1.0,3.0,0.0,3.0,0,6.69,3.325,6.69,3.325,Baltimore Ravens,3.365,Baltimore Ravens,3.365,6.69,3.325,Baltimore Ravens,3.365,-0.2249999999999999,0,No,No,No,No,No,0,No,0.0,0.0,5.928,8.506,8.401,2.678,8.401,2.678,1.711,-0.647,7.639,7.859,Baltimore Ravens,5.723,Baltimore Ravens,5.723,8.401,2.678,Baltimore Ravens,5.723,Tie,0.0,San Francisco 49ers,2.5780000000000003,2.964,4.253,San Francisco 49ers,1.289,Baltimore Ravens,2.358,San Francisco 49ers,0.2199999999999997,4.675,3.606,Baltimore Ravens,1.069,Different,Different,Same,Different,Different,Same,False,Away Team,Home Team,47.5,-345.0,275.0,San Francisco 49ers,Baltimore Ravens,-6.5,6.5,117,-142,-110,-110,2.358,-2.358,-0.2199999999999997,0.2199999999999997,0.2667,0.7753,0.5868,0.4608,0.5238,0.5238,0.2559,0.7441,0.5601,0.4399,0.5,0.5,0.2559,0.7441,-0.2441,0.2441,56.0,8.0,175,8.0,56.0,0.0,nfl_read_py Fallback,False,r,k,-3.06,-4.0,14.33,205.41,High,-13.0,7.0,46.17,46.0,13.0646155701574,30.0,63.0,0.5822,0.417,0.0854,0.0858,0.4372,0.5628,0.435,0.565,18,2023-12-25,BAL @ SF,0.5666,0.4332,-131,131,,,,,,,,No Bet,,No Bet,,No Bet,,No Bet,,No Bet,,No Bet,,No Bet,,No Bet,,No Bet,,,,,,,,,,,,,,,0.3017,0.2564,0.3038,0.2524,0.675,0.6686,0.325,0.3314,0.0776,-0.4181,0.3026,0.0998,0.5133,-0.1485,18,0.0167,0.2784,San Francisco 49ers,Baltimore Ravens,0,0,0,0,0,0,0,0,0,0,0,0,0,2.0,5.0,,,22.859934759656014,0.0,0.0,0.0210252187899856,0.0103463006082468,0.0,0.0,0.0,0.0,0.0,0.0,0.0,0.0,0.0,0.0,0.0,0.0,0.0,,,0.2559,0.7441,0.3684,0.6314,0.2982,0.701,San Francisco 49ers,San Francisco 49ers,San Francisco 49ers,San Francisco 49ers,San Francisco 49ers,Same,Same,Same,False,False,0.0,0.0,0.0210252187899856,0.0103463006082468,0.0,0.0,0.0360247340077849,0.0189661909142953,1.2749392518084162,0.4493866908983132,1.1856619491013078,1.5663095229602257,0.9376779486089755,0.9639909998268171,1.3553760448608985,1.00578676346191,1.2242608330189104,0.9666698889833315
2023_17_NYJ_CLE,2023,19,2023-12-28,20:15,New York Jets,Cleveland Browns,Home,Trevor Siemian,Joe Flacco,00-0032156,00-0026158,4,4,0,0,9,7,FirstEnergy Stadium,41.5061,-81.6994,America/New_York,False,False,17,17,Thursday,False,False,0,False,False,0,9,7,AFC East,MetLife Stadium,40.8136,-74.0744,America/New_York,AFC North,FirstEnergy Stadium,41.5061,-81.6994,America/New_York,Washington Commanders,Houston Texans,MetLife Stadium,NRG Stadium,New England Patriots,Cincinnati Bengals,Gillette Stadium,Paycor Stadium,399,0,-399,399,0.0,0.0,America/New_York,America/Chicago,0.0,-1.0,0.0,0.0,0.0,0,-3.725,-4.705,-3.725,-4.705,New York Jets,0.98,New York Jets,0.98,-3.725,-4.705,New York Jets,0.98,0.0,0,No,No,No,No,No,0,No,0.0,0.0,-1.783,2.134,-3.847,-3.0550000000000006,-3.847,-3.0550000000000006,-0.1219999999999999,1.65,-1.905,3.784,Cleveland Browns,0.7919999999999994,Cleveland Browns,0.7919999999999994,-3.847,-3.0550000000000006,Cleveland Browns,0.7919999999999994,Tie,0.0,Cleveland Browns,3.917,-0.8915,1.067,Cleveland Browns,1.9585,Cleveland Browns,1.772,Cleveland Browns,5.689,-1.0134999999999998,2.717,Cleveland Browns,3.7305,Different,Different,Same,Same,Different,Same,True,Home Team,Home Team,33.5,-345.0,270.0,Cleveland Browns,New York Jets,-6.5,6.5,-131,108,-244,195,-1.772,1.772,-5.689,5.689,0.2703,0.7753,0.4808,0.5671,0.339,0.7093,0.2585,0.7415,0.4588,0.5412,0.3234,0.6766,0.2585,0.7415,-0.2415,0.2415,47.0,6.0,176,6.0,47.0,0.0,nfl_read_py Fallback,False,J.Fields,D.Gabriel,4.09,5.0,14.54,211.48,High,-7.0,14.0,44.93,44.0,12.858805828593397,29.0,62.0,0.3918,0.6082,0.0824,0.0742,0.2602,0.7398,0.803,0.197,19,2023-12-28,New York Jets @ Cleveland Browns,0.5878,0.4122,-143,143,,,,,,,,No Bet,,No Bet,,No Bet,,No Bet,,No Bet,,No Bet,,No Bet,,No Bet,,No Bet,,,,,,,,,,,,,,,0.3351,0.3369,0.2977,0.3184,0.6472,0.6142,0.3528,0.3858,-0.3694,-0.3847,0.0053,-0.0835,-0.0343,-0.0426,19,-0.0635,-0.2508,Cleveland Browns,New York Jets,0,0,0,0,0,0,0,0,0,0,0,0,0,2.0,0.5,,,12.959531077662,0.4220166844190213,0.6808752194819329,0.1928193771775312,0.005233989349302,3.127507992290393,0.0001355518366924,1.0903045394565969,0.0003888266418083,0.2413287929592757,0.0841314807551891,1.0459625111443602e-05,3.000314127711965e-05,0.0841614838964662,0.0005243784785007,4.21781253174699,0.3254602737144649,4.046276638856325e-05,,,0.2585,0.7415,0.4202,0.5798,0.6338,0.3658,Cleveland Browns,New York Jets,Cleveland Browns,New York Jets,Cleveland Browns,Same,Same,Same,False,False,0.3254602737144649,4.046276638856325e-05,0.1928193771775312,0.005233989349302,0.3254602737144649,4.046276638856325e-05,0.1019512480877617,0.0099724177635283,1.05629174212807,0.5103253444130622,0.9487165404349591,1.245523718816547,1.117980570245923,0.7964916450783803,0.594588272301169,1.3165442164485293,0.928725188029275,0.9499366789385544
2023_17_DET_DAL,2023,19,2023-12-30,20:15,Detroit Lions,Dallas Cowboys,Home,Jared Goff,Dak Prescott,00-0033106,00-0033077,6,6,0,0,0,0,AT&T Stadium,32.7369,-97.0826,America/Chicago,False,True,17,17,Saturday,False,False,0,False,False,0,0,0,NFC North,Ford Field,42.3395,-83.045,America/Detroit,NFC East,AT&T Stadium,32.7369,-97.0826,America/Chicago,Minnesota Vikings,Miami Dolphins,U.S. Bank Stadium,Hard Rock Stadium,Minnesota Vikings,Washington Commanders,Ford Field,FedExField,1013,0,-1013,1013,1.0,0.0,America/Chicago,America/New_York,0.0,1.0,0.0,0.0,0.0,0,4.305,-0.615,4.305,-0.615,Detroit Lions,4.92,Detroit Lions,4.92,4.305,-0.615,Detroit Lions,4.92,0.0,0,No,No,No,No,No,0,No,0.0,0.0,3.996,5.882,4.512499999999999,0.5345,4.512499999999999,0.5345,0.2075,1.1495,4.2035,7.031499999999999,Detroit Lions,3.9779999999999993,Detroit Lions,3.9779999999999993,4.512499999999999,0.5345,Detroit Lions,3.9779999999999993,Tie,0.0,Dallas Cowboys,1.886,1.998,2.941,Dallas Cowboys,0.9429999999999998,Dallas Cowboys,0.942,Dallas Cowboys,2.8279999999999994,2.2055,4.0905,Dallas Cowboys,1.885,Different,Different,Different,Different,Different,Same,False,Home Team,Home Team,53.0,-238.0,195.0,Dallas Cowboys,Detroit Lions,-5.5,5.5,-122,101,-164,135,-0.942,0.942,-2.8279999999999994,2.8279999999999994,0.339,0.7041,0.4975,0.5495,0.4255,0.6212,0.325,0.675,0.4752,0.5248,0.4065,0.5935,0.325,0.675,-0.175,0.175,,,177,0.0,70.0,0.0,Dome,True,J.Goff,D.Prescott,0.64,1.0,13.64,185.95,Med-High,-9.0,10.0,63.93,63.5,14.89719610699846,45.0,83.10000000000036,0.489,0.5108,0.0946,0.0878,0.34,0.66,0.7514,0.2188,19,2023-12-30,Detroit Lions @ Dallas Cowboys,0.5706,0.4294,-133,133,,,,,,,,No Bet,,No Bet,,No Bet,,No Bet,,No Bet,,No Bet,,No Bet,,No Bet,,No Bet,,,,,,,,,,,,,,,0.2949,0.282,0.3968,0.3201,0.6958,0.6287,0.3042,0.3713,-0.1879,-0.1944,0.1492,0.2815,0.1819,0.1703,19,0.1447,0.3579,Dallas Cowboys,Detroit Lions,0,0,0,0,0,0,0,0,0,0,0,0,0,3.5,5.0,,,12.959531077662,0.0,0.0,0.0100007958353901,0.001470036217889,0.0,0.0,0.0,0.0,0.0,0.0,0.0,0.0,0.0,0.0,0.0,0.0,0.0,,,0.325,0.675,0.4006,0.5992,0.5076,0.4918,Dallas Cowboys,Detroit Lions,Dallas Cowboys,Detroit Lions,Dallas Cowboys,Same,Same,Same,False,False,0.0,0.0,0.0100007958353901,0.001470036217889,0.0,0.0,0.0173956584425075,0.0041552174814229,1.0525407728160874,0.5140763137250356,1.1396775733554692,1.0545626858960186,1.127815343569623,0.7866568717546882,0.9260007607715116,0.985131727978179,1.0637316523507245,0.8149302146170975
2023_17_MIA_BAL,2023,19,2023-12-31,13:00,Miami Dolphins,Baltimore Ravens,Home,Tua Tagovailoa,Lamar Jackson,00-0036212,00-0034796,7,6,1,-1,7,9,M&T Bank Stadium,39.2789,-76.6228,America/New_York,False,False,17,17,Sunday,False,False,0,False,False,0,7,9,AFC East,Hard Rock Stadium,25.9602,-80.2384,America/New_York,AFC North,M&T Bank Stadium,39.2789,-76.6228,America/New_York,Dallas Cowboys,San Francisco 49ers,Hard Rock Stadium,Levi's Stadium,Buffalo Bills,Pittsburgh Steelers,Hard Rock Stadium,M&T Bank Stadium,943,0,-943,943,0.0,0.0,America/New_York,America/Los_Angeles,0.0,-3.0,0.0,0.0,0.0,0,0.66,6.69,0.66,6.69,Baltimore Ravens,6.03,Baltimore Ravens,6.03,0.66,6.69,Baltimore Ravens,6.03,0.0,0,No,No,No,No,No,0,Yes,0.0,0.0,0.176,5.928,-0.9025,5.829,-0.9025,5.829,-1.5625,-0.8610000000000001,-1.3865,5.066999999999999,Baltimore Ravens,6.7315,Baltimore Ravens,6.7315,-0.9025,5.829,Baltimore Ravens,6.7315,Tie,0.0,Baltimore Ravens,5.752,0.088,2.964,Baltimore Ravens,2.876,Baltimore Ravens,0.7014999999999999,Baltimore Ravens,6.453499999999999,-1.4745,2.103,Baltimore Ravens,3.5775,Different,Same,Same,Same,Different,Same,False,Home Team,Home Team,47.0,-180.0,150.0,Baltimore Ravens,Miami Dolphins,-3.0,3.0,-116,-104,-282,224,-0.7014999999999999,0.7014999999999999,-6.453499999999999,6.453499999999999,0.4,0.6429,0.5098,0.537,0.3086,0.7382,0.3836,0.6164,0.487,0.513,0.2948,0.7052,0.3836,0.6164,-0.1164,0.1164,50.0,7.0,178,7.0,50.0,0.0,nfl_read_py Fallback,False,T.Tagovailoa,C.Rush,0.25,1.0,14.38,206.86,High,-10.0,10.0,52.39,52.0,13.660348929166243,36.0,70.0,0.4952,0.5044,0.088,0.0768,0.4152,0.539,0.6252,0.3396,19,2023-12-31,Miami Dolphins @ Baltimore Ravens,0.5824,0.4174,-139,140,,,,,,,,No Bet,,No Bet,,No Bet,,No Bet,,No Bet,,No Bet,,No Bet,,No Bet,,No Bet,,,,,,,,,,,,,,,0.2564,0.2785,0.2524,0.3369,0.6686,0.7627,0.3314,0.2373,-0.4181,-0.0255,0.0998,0.1938,-0.1485,0.2394,19,-0.083,-0.083,Baltimore Ravens,Miami Dolphins,0,0,0,0,0,0,0,0,0,0,0,0,0,2.0,2.0,,,12.959531077662,0.0,0.0,0.0098292717853372,5.6579579845695386e-05,0.0,0.0,0.0,0.0,0.0,0.0,0.0,0.0,0.0,0.0,0.0,0.0,0.0,,,0.3836,0.6164,0.3872,0.6126,0.3588,0.6408,Baltimore Ravens,Baltimore Ravens,Baltimore Ravens,Miami Dolphins,Baltimore Ravens,Same,Different,Same,False,False,0.0,0.0,0.0098292717853372,5.6579579845695386e-05,0.0,0.0,0.017129439001337,0.0019614164594516,0.9595888683796442,0.6070282181614816,1.1120434370190713,1.0821968222324243,1.3417206119603193,0.5727516033639914,0.9366007803077279,0.9745317084419635,1.0847623256685488,0.7938995412992749
2023_17_NE_BUF,2023,19,2023-12-31,13:00,New England Patriots,Buffalo Bills,Home,Bailey Zappe,Josh Allen,00-0038108,00-0034857,7,8,-1,1,9,0,Highmark Stadium,42.7725,-78.7877,America/New_York,False,True,17,17,Sunday,False,False,0,False,False,0,9,0,AFC East,Gillette Stadium,42.0628,-71.2687,America/New_York,AFC East,Highmark Stadium,42.7725,-78.7877,America/New_York,Denver Broncos,Los Angeles Chargers,Empower Field at Mile High,SoFi Stadium,New York Jets,Miami Dolphins,Gillette Stadium,Hard Rock Stadium,386,0,-386,386,0.0,0.0,America/Denver,America/Los_Angeles,-2.0,-3.0,0.0,0.0,0.0,0,-1.995,4.795,-1.995,4.795,Buffalo Bills,6.79,Buffalo Bills,6.79,-1.995,4.795,Buffalo Bills,6.79,0.0,0,No,No,No,No,No,1,No,0.0,0.0,-1.213,8.815,-1.9980100000000005,5.54701,-1.9980100000000005,5.54701,-0.07091,0.8199099999999999,-1.1836300000000002,9.534629999999998,Buffalo Bills,7.545020000000001,Buffalo Bills,7.545020000000001,-1.9980100000000005,5.54701,Buffalo Bills,7.545020000000001,Tie,0.0,Buffalo Bills,10.028,-0.6065,4.4075,Buffalo Bills,5.013999999999999,Buffalo Bills,0.89082,Buffalo Bills,10.71826,-0.6272700000000001,5.177269999999999,Buffalo Bills,5.804539999999999,Different,Same,Same,Same,Different,Same,False,Home Team,Home Team,40.0,-1200.0,750.0,Buffalo Bills,New England Patriots,-15.0,15.0,-122,101,-538,389,-0.89082,0.89082,-10.71826,10.71826,0.1176,0.9231,0.4975,0.5495,0.2045,0.8433,0.113,0.887,0.4752,0.5248,0.1952,0.8048,0.113,0.887,-0.387,0.387,35.0,4.0,179,4.0,35.0,0.0,nfl_read_py Fallback,False,D.Maye,J.Allen,-6.72,-7.0,14.31,204.82,High,-17.0,4.0,45.64,45.0,13.311595835088118,29.0,63.0,0.6868,0.312,0.0792,0.0746,0.6022,0.3472,0.3738,0.6262,19,2023-12-31,New England Patriots @ Buffalo Bills,0.7258,0.2739,-265,265,,,,,,,,No Bet,,No Bet,,No Bet,,No Bet,,No Bet,,No Bet,,No Bet,,No Bet,,No Bet,,,,,,,,,,,,,,,0.2914,0.2277,0.3112,0.2962,0.6401,0.637,0.3599,0.363,0.1574,-0.2427,0.2138,0.0422,0.1883,-0.0555,19,0.0635,0.083,Buffalo Bills,New England Patriots,0,0,0,0,0,0,0,0,0,0,0,0,1,3.0,3.0,,,12.959531077662,0.0,0.6286937516886233,0.0685250913507671,0.0039539394299634,0.0,0.0,0.0,0.0,0.0,0.0,0.0,0.0,0.0,0.0,0.0,0.0,0.0,,,0.113,0.887,0.3025,0.6972,0.3106,0.6882,Buffalo Bills,Buffalo Bills,Buffalo Bills,Buffalo Bills,Buffalo Bills,Same,Same,Same,False,False,0.0,0.0,0.0685250913507671,0.0039539394299634,0.0,0.0,0.1082301813108709,0.0080104396781719,1.3710133535994036,0.19560373294171526,1.062890621399415,1.1313496378520833,1.495518041916328,0.4189541734079844,1.2542700152848758,0.6568624734648071,1.309970545370726,0.5686913215970942
2023_17_ATL_CHI,2023,19,2023-12-31,13:00,Atlanta Falcons,Chicago Bears,Home,Taylor Heinicke,Justin Fields,00-0031800,00-0036945,7,7,0,0,-13,12,Soldier Field,41.8623,-87.6167,America/Chicago,False,False,17,17,Sunday,False,False,0,False,False,0,-13,12,NFC South,Mercedes-Benz Stadium,33.7489,-84.388,America/New_York,NFC North,Soldier Field,41.8623,-87.6167,America/Chicago,Indianapolis Colts,Arizona Cardinals,Mercedes-Benz Stadium,Soldier Field,New Orleans Saints,Green Bay Packers,Caesars Superdome,Lambeau Field,587,0,-587,587,1.0,0.0,America/New_York,America/Chicago,1.0,0.0,1.0,0.0,1.0,0,-0.71,-1.575,-0.71,-1.575,Atlanta Falcons,0.865,Atlanta Falcons,0.865,-0.71,-1.575,Atlanta Falcons,0.865,0.0,0,No,No,No,No,No,0,No,0.0,0.0,-4.138,-7.898,-3.71,-0.1524999999999998,-3.71,-0.1524999999999998,-3.0,1.4225,-7.138,-6.4755,Chicago Bears,3.5575,Chicago Bears,3.5575,-3.71,-0.1524999999999998,Chicago Bears,3.5575,Tie,0.0,Atlanta Falcons,3.76,-2.069,-3.949,Atlanta Falcons,1.88,Chicago Bears,4.4225,Chicago Bears,0.6624999999999996,-5.069,-2.5265,Chicago Bears,2.5425,Different,Different,Same,Same,Different,Different,False,Home Team,Home Team,39.0,-155.0,130.0,Chicago Bears,Atlanta Falcons,-3.0,3.0,-224,181,-116,-104,-4.4225,4.4225,-0.6624999999999996,0.6624999999999996,0.4348,0.6078,0.3559,0.6914,0.5098,0.537,0.417,0.583,0.3398,0.6602,0.487,0.513,0.417,0.583,-0.083,0.083,32.0,5.0,180,5.0,32.0,0.0,nfl_read_py Fallback,False,M.Penix,C.Williams,0.21,1.0,14.22,202.11,High,-10.0,10.0,48.35,48.0,13.526433944061113,31.0,66.0,0.4968,0.5026,0.0954,0.0904,0.4106,0.5408,0.7344,0.2386,19,2023-12-31,Atlanta Falcons @ Chicago Bears,0.5632,0.4366,-129,129,,,,,,,,No Bet,,No Bet,,No Bet,,No Bet,,No Bet,,No Bet,,No Bet,,No Bet,,No Bet,,,,,,,,,,,,,,,0.3356,0.3051,0.2273,0.2615,0.7105,0.735,0.2895,0.265,-0.2506,-0.2105,-0.1097,-0.0171,-0.0577,0.0235,19,-0.1092,-0.0721,Chicago Bears,Atlanta Falcons,0,0,0,0,0,0,0,0,0,0,0,0,0,1.5,2.0,,,12.959531077662,0.7683709338146444,0.7806144829354416,0.0353224422956192,0.0122217041938756,0.177060067066607,0.0007430772393019,0.1266450222414668,0.0010388825671775,0.0136625365536412,0.0097723460426559,5.733828136596511e-05,8.016359241332773e-05,0.0098525096350692,0.0017819598064795,0.3037050893080738,0.0234348825962971,0.0001375018737792,,,0.417,0.583,0.4181,0.5818,0.4756,0.5238,Chicago Bears,Chicago Bears,Chicago Bears,Atlanta Falcons,Chicago Bears,Same,Different,Same,False,False,0.0234348825962971,0.0001375018737792,0.0353224422956192,0.0122217041938756,0.0234348825962971,0.0001375018737792,0.0423539105314243,0.0207585346798341,0.898545611711177,0.6680714748299478,1.4191917977957058,0.7750484614557945,0.9585983304185097,0.9558738849058,0.9263387128535219,0.9847937758961685,1.0356209814305897,0.8430408855372338
2023_17_TEN_HOU,2023,19,2023-12-31,13:00,Tennessee Titans,Houston Texans,Home,Will Levis,C.J. Stroud,00-0039152,00-0039163,7,7,0,0,12,-2,NRG Stadium,29.6847,-95.4093,America/Chicago,False,False,17,17,Sunday,False,False,0,False,False,0,12,-2,AFC South,Nissan Stadium,36.1664,-86.7716,America/Chicago,AFC South,NRG Stadium,29.6847,-95.4093,America/Chicago,Seattle Seahawks,Cleveland Browns,Nissan Stadium,NRG Stadium,Jacksonville Jaguars,Indianapolis Colts,Nissan Stadium,Lucas Oil Stadium,671,0,-671,671,0.0,0.0,America/Chicago,America/Chicago,0.0,0.0,0.0,0.0,0.0,0,-4.36,0.035,-4.36,0.035,Houston Texans,4.3950000000000005,Houston Texans,4.3950000000000005,-4.36,0.035,Houston Texans,4.3950000000000005,0.0,0,No,No,No,No,No,1,No,0.0,0.0,-1.274,-6.153,-5.376865,-1.7376349999999998,-5.376865,-1.7376349999999998,-1.0608149999999998,-1.728685,-2.383605,-7.832894999999999,Houston Texans,3.63923,Houston Texans,3.63923,-5.376865,-1.7376349999999998,Houston Texans,3.63923,Tie,0.0,Tennessee Titans,4.879,-0.637,-3.0765,Tennessee Titans,2.4395,Tennessee Titans,0.6678700000000002,Tennessee Titans,5.44929,-1.7222099999999998,-4.78079,Tennessee Titans,3.05858,Different,Different,Different,Different,Different,Same,False,Away Team,Away Team,44.0,-230.0,190.0,Houston Texans,Tennessee Titans,-5.0,5.0,-104,-116,195,-244,0.6678700000000002,-0.6678700000000002,5.44929,-5.44929,0.3448,0.697,0.537,0.5098,0.7093,0.339,0.331,0.669,0.513,0.487,0.6766,0.3234,0.331,0.669,-0.169,0.169,,,181,0.0,70.0,0.0,Dome,True,C.Ward,C.Stroud,-8.42,-9.0,12.55,157.63,Low,-17.0,-1.0,47.14,47.0,13.217199963493591,30.0,64.0,0.7542,0.2446,0.0748,0.0774,0.619,0.3516,0.561,0.4154,19,2023-12-31,Tennessee Titans @ Houston Texans,0.5584,0.4413,-126,127,,,,,,,,No Bet,,No Bet,,No Bet,,No Bet,,No Bet,,No Bet,,No Bet,,No Bet,,No Bet,,,,,,,,,,,,,,,0.3754,0.3803,0.3534,0.3131,0.6751,0.6891,0.3249,0.3109,-0.2948,-0.291,-0.0323,0.0833,-0.0025,-0.0327,19,-0.1225,0.0325,Houston Texans,Tennessee Titans,0,0,0,0,0,0,0,0,0,0,0,0,1,1.5,2.5,,,12.959531077662,0.8203167048855771,0.6987153620540029,0.1122039544385708,0.0063521181957718,1.2843334356051823,0.0,0.6354474845819362,0.0,0.0991033879164774,0.0490332158450732,0.0,0.0,0.0490332158450732,0.0,1.9197809201871183,0.1481366037615507,0.0,,,0.331,0.669,0.498,0.5015,0.2628,0.7354,Houston Texans,Houston Texans,Houston Texans,Houston Texans,Houston Texans,Same,Same,Same,False,False,0.1481366037615507,0.0,0.1122039544385708,0.0063521181957718,0.1481366037615507,0.0,0.0853582141418142,0.0117326104796642,0.9837786944022461,0.5828383921388788,0.9292615919209761,1.2649786673305228,0.5343812039327771,1.3800910113915368,1.35438084694789,0.5567516418017928,0.947004088889769,0.9316577780780533
2023_17_LV_IND,2023,19,2023-12-31,13:00,Las Vegas Raiders,Indianapolis Colts,Home,Aidan O'Connell,Gardner Minshew,00-0038579,00-0035289,6,7,-1,1,-5,5,Lucas Oil Stadium,39.7601,-86.1638,America/Indiana/Indianapolis,False,True,17,17,Sunday,False,False,0,False,False,0,-5,5,AFC West,Allegiant Stadium,36.108,-115.1578,America/Los_Angeles,AFC South,Lucas Oil Stadium,39.7601,-86.1638,America/Indiana/Indianapolis,Kansas City Chiefs,Atlanta Falcons,GEHA Field at Arrowhead Stadium,Mercedes-Benz Stadium,Denver Broncos,Houston Texans,Allegiant Stadium,Lucas Oil Stadium,1592,0,-1592,1592,-3.0,0.0,America/Chicago,America/New_York,-1.0,0.0,-3.0,0.0,-3.0,0,-2.35,-2.265,-2.35,-2.265,Indianapolis Colts,0.0849999999999999,Indianapolis Colts,0.0849999999999999,-2.35,-2.265,Indianapolis Colts,0.0849999999999999,-0.4499999999999999,0,No,No,No,No,Yes,0,No,0.0,0.0,-2.18,-2.838,-3.6665,-4.9025,-3.6665,-4.9025,-1.3164999999999998,-2.6375,-3.4965,-5.4755,Las Vegas Raiders,1.2359999999999998,Las Vegas Raiders,1.2359999999999998,-3.6665,-4.9025,Las Vegas Raiders,1.2359999999999998,Tie,0.0,Las Vegas Raiders,0.6579999999999999,-1.09,-1.419,Las Vegas Raiders,0.3289999999999999,Las Vegas Raiders,1.321,Las Vegas Raiders,1.979,-2.4065,-4.0565,Las Vegas Raiders,1.65,Different,Different,Same,Same,Different,Same,False,Away Team,Away Team,42.5,-180.0,150.0,Indianapolis Colts,Las Vegas Raiders,-3.5,3.5,105,-128,108,-131,1.321,-1.321,1.979,-1.979,0.4,0.6429,0.5614,0.4878,0.5671,0.4808,0.3836,0.6164,0.5351,0.4649,0.5412,0.4588,0.3836,0.6164,-0.1164,0.1164,,,182,0.0,70.0,0.0,Dome,True,G.Smith,D.Jones,1.68,3.0,13.27,176.22,Medium,-8.0,11.0,44.96,44.0,13.031325513888822,29.0,62.0,0.4478,0.5516,0.0912,0.091,0.3684,0.6316,0.5608,0.4392,19,2023-12-31,Las Vegas Raiders @ Indianapolis Colts,0.497,0.5029,101,-101,,,,,,,,No Bet,,No Bet,,No Bet,,No Bet,,No Bet,,No Bet,,No Bet,,No Bet,,No Bet,,,,,,,,,,,,,,,0.33,0.349,0.2661,0.2784,0.6202,0.6944,0.3781,0.3056,-0.2658,-0.0675,-0.1245,0.1187,0.0655,-0.0025,19,0.1092,-0.0325,Indianapolis Colts,Las Vegas Raiders,0,0,0,0,0,0,0,0,0,0,0,0,0,3.5,2.5,,,12.959531077662,0.94055752790169,0.758694549112427,0.0769836390100039,0.0095184377774483,1.015706245624909,4.051239411544269e-05,0.6320975272902584,6.509864372460603e-05,0.0783752312902474,0.0487747221332558,3.1260694443854395e-06,5.023225249007259e-06,0.0487797453585048,0.00010561103784,1.647803772915167,0.1271499534235033,8.149294693392699e-06,,,0.3836,0.6164,0.4585,0.5413,0.4976,0.5016,Indianapolis Colts,Indianapolis Colts,Indianapolis Colts,Las Vegas Raiders,Las Vegas Raiders,Same,Different,Different,False,False,0.1271499534235033,8.149294693392699e-06,0.0769836390100039,0.0095184377774483,0.1271499534235033,8.149294693392699e-06,0.0435380032474107,0.0166420113671763,0.923030108359195,0.6435869781819294,0.929877204064884,1.2643630551866116,0.8118913511909368,1.102580864133376,0.7908297696369506,1.1203027191127337,0.8684392221605088,1.0102226448073135
2023_17_CAR_JAX,2023,19,2023-12-31,13:00,Carolina Panthers,Jacksonville Jaguars,Home,Bryce Young,C.J. Beathard,00-0039150,00-0033936,7,7,0,0,-1,-1,TIAA Bank Field,30.3239,-81.6554,America/New_York,False,False,17,17,Sunday,False,False,0,False,False,0,-1,-1,NFC South,Bank of America Stadium,35.2258,-80.8528,America/New_York,AFC South,TIAA Bank Field,30.3239,-81.6554,America/New_York,Green Bay Packers,Tampa Bay Buccaneers,Bank of America Stadium,Raymond James Stadium,Tampa Bay Buccaneers,Tennessee Titans,Bank of America Stadium,Nissan Stadium,342,0,-342,342,0.0,0.0,America/New_York,America/New_York,0.0,0.0,0.0,0.0,0.0,0,-5.25,-1.825,-5.25,-1.825,Jacksonville Jaguars,3.425,Jacksonville Jaguars,3.425,-5.25,-1.825,Jacksonville Jaguars,3.425,0.0,0,No,No,No,No,No,0,No,0.0,0.0,-6.873,-0.831,-6.465999999999999,-3.958,-6.465999999999999,-3.958,-1.216,-2.133,-8.089,-2.9640000000000004,Jacksonville Jaguars,2.507999999999999,Jacksonville Jaguars,2.507999999999999,-6.465999999999999,-3.958,Jacksonville Jaguars,2.507999999999999,Tie,0.0,Jacksonville Jaguars,6.042,-3.4365,-0.4155,Jacksonville Jaguars,3.021,Carolina Panthers,0.917,Jacksonville Jaguars,5.125,-4.6525,-2.5485,Jacksonville Jaguars,2.104,Different,Same,Different,Same,Different,Same,False,Away Team,Home Team,38.0,-192.0,160.0,Jacksonville Jaguars,Carolina Panthers,-3.5,3.5,101,-122,-234,188,0.917,-0.917,-5.125,5.125,0.3846,0.6575,0.5495,0.4975,0.3472,0.7006,0.3691,0.6309,0.5248,0.4752,0.3314,0.6686,0.3691,0.6309,-0.1309,0.1309,56.0,8.0,183,8.0,56.0,0.0,nfl_read_py Fallback,False,B.Young,T.Lawrence,-6.81,-7.0,13.1,171.6,Medium,-16.0,3.0,41.0,40.0,12.464680529084507,26.0,57.0,0.6958,0.3026,0.0794,0.084,0.6192,0.3808,0.5656,0.4162,19,2023-12-31,Carolina Panthers @ Jacksonville Jaguars,0.6176,0.382,-162,162,,,,,,,,No Bet,,No Bet,,No Bet,,No Bet,,No Bet,,No Bet,,No Bet,,No Bet,,No Bet,,,,,,,,,,,,,,,0.2761,0.2885,0.3396,0.2763,0.6819,0.6647,0.3123,0.3333,-0.2198,-0.4301,0.0712,-0.0051,0.1283,-0.0377,19,-0.1806,0.1225,Jacksonville Jaguars,Carolina Panthers,0,0,0,0,0,0,0,0,0,0,0,0,0,1.0,3.5,,,12.959531077662,0.1456405906153084,0.9947766378734036,0.0302092518295892,0.0061323512710237,0.0240002499815888,0.0018416366576471,0.0140410402095489,0.0031478964164443,0.0018519381478977,0.0010834527982074,0.0001421067356998,0.0002429020307586,0.0013263548289661,0.0049895330740915,0.0380412901911378,0.0029353909461051,0.0003850087664585,,,0.3691,0.6309,0.4052,0.5945,0.328,0.671,Jacksonville Jaguars,Jacksonville Jaguars,Jacksonville Jaguars,Jacksonville Jaguars,Jacksonville Jaguars,Same,Same,Same,False,False,0.0029353909461051,0.0003850087664585,0.0302092518295892,0.0061323512710237,0.0029353909461051,0.0003850087664585,0.046964275842766,0.0111558743224146,0.9735449016291203,0.5930721849120024,1.0094861723156003,1.1847540869358963,1.257861118041351,0.6566110972829532,1.308895906626042,0.6022365821236488,1.13765931979865,0.7410025471691749
2023_17_LA_NYG,2023,19,2023-12-31,13:00,Los Angeles Rams,New York Giants,Home,Matthew Stafford,Tyrod Taylor,00-0026498,00-0028118,10,6,4,-4,-17,-8,MetLife Stadium,40.8136,-74.0744,America/New_York,False,False,17,17,Sunday,False,False,0,False,False,0,-17,-8,NFC West,SoFi Stadium,33.9535,-118.3395,America/Los_Angeles,NFC East,MetLife Stadium,40.8136,-74.0744,America/New_York,New Orleans Saints,Philadelphia Eagles,SoFi Stadium,Lincoln Financial Field,San Francisco 49ers,Philadelphia Eagles,Levi's Stadium,MetLife Stadium,2448,0,-2448,2448,-3.0,0.0,America/Los_Angeles,America/New_York,-3.0,0.0,-3.0,0.0,-3.0,0,1.29,-2.84,1.29,-2.84,Los Angeles Rams,4.13,Los Angeles Rams,4.13,1.29,-2.84,Los Angeles Rams,4.13,-0.4499999999999999,0,No,No,No,No,No,0,Yes,0.0,0.0,1.559,-2.869,0.3804999999999999,-4.046499999999999,0.3804999999999999,-4.046499999999999,-0.9095,-1.2065,0.6494999999999999,-4.0755,Los Angeles Rams,4.426999999999999,Los Angeles Rams,4.426999999999999,0.3804999999999999,-4.046499999999999,Los Angeles Rams,4.426999999999999,Tie,0.0,Los Angeles Rams,4.428,0.7795,-1.4345,Los Angeles Rams,2.214,Los Angeles Rams,0.297,Los Angeles Rams,4.725,-0.1300000000000001,-2.641,Los Angeles Rams,2.511,Different,Same,Same,Same,Different,Same,False,Away Team,Away Team,43.5,240.0,-298.0,Los Angeles Rams,New York Giants,6.0,-6.0,-104,-116,181,-224,0.297,-0.297,4.725,-4.725,0.7487,0.2941,0.537,0.5098,0.6914,0.3559,0.718,0.282,0.513,0.487,0.6602,0.3398,0.718,0.282,0.218,-0.218,41.0,10.0,184,10.0,41.0,0.0,nfl_read_py Fallback,False,M.Stafford,J.Dart,9.41,10.0,13.56,183.83,Med-High,1.0,18.0,46.31,46.0,12.900339433964607,30.0,63.0,0.2346,0.765,0.0766,0.0708,0.3602,0.6092,0.5634,0.4366,19,2023-12-31,Los Angeles Rams @ New York Giants,0.3358,0.664,198,-198,,,,,,,,No Bet,,No Bet,,No Bet,,No Bet,,No Bet,,No Bet,,No Bet,,No Bet,,No Bet,,,,,,,,,,,,,,,0.3907,0.3454,0.3678,0.2532,0.6773,0.6951,0.3227,0.3049,-0.2367,-0.112,0.0478,0.0504,0.0089,0.1155,19,-0.1806,-0.1713,Los Angeles Rams,New York Giants,0,0,0,0,0,0,0,0,0,0,0,0,0,1.0,1.5,,,12.959531077662,0.7648334296525442,0.4416026132170257,0.0034985725560769,0.1725819010585078,0.0,2.4974631900151514,0.0,0.9808977988638896,0.0,0.0,0.1927124658329622,0.0756892971655924,0.0756892971655924,3.478360988879041,0.0,0.0,0.2684017629985547,,,0.718,0.282,0.5968,0.4029,0.6974,0.3014,Los Angeles Rams,Los Angeles Rams,Los Angeles Rams,Los Angeles Rams,Los Angeles Rams,Same,Same,Same,False,False,0.0,0.2684017629985547,0.0034985725560769,0.1725819010585078,0.0,0.2684017629985547,0.0073036728157041,0.1054629681963245,0.5398301139013341,1.0267869726397867,1.2834622501710735,0.9107780090804223,0.8124923748282464,1.1019798404960643,0.5885827678508877,1.3225497208987953,0.7865293751666628,1.0921324918011635
2023_17_ARI_PHI,2023,19,2023-12-31,13:00,Arizona Cardinals,Philadelphia Eagles,Home,Kyler Murray,Jalen Hurts,00-0035228,00-0036389,7,6,1,-1,5,-7,Lincoln Financial Field,39.9008,-75.1675,America/New_York,False,True,17,17,Sunday,False,False,0,False,False,0,5,-7,NFC West,State Farm Stadium,33.5277,-112.262608,America/Denver,NFC East,Lincoln Financial Field,39.9008,-75.1675,America/New_York,Chicago Bears,New York Giants,Soldier Field,Lincoln Financial Field,Seattle Seahawks,New York Giants,State Farm Stadium,MetLife Stadium,2084,0,-2084,2084,-2.0,0.0,America/Chicago,America/New_York,-1.0,0.0,-2.0,0.0,-2.0,0,0.075,4.905,0.075,4.905,Philadelphia Eagles,4.83,Philadelphia Eagles,4.83,0.075,4.905,Philadelphia Eagles,4.83,-0.3,0,No,No,No,No,No,0,Yes,0.0,0.0,-3.672,8.409,-0.7044999999999999,4.6355,-0.7044999999999999,4.6355,-0.7794999999999999,-0.2695000000000001,-4.451499999999999,8.139500000000002,Philadelphia Eagles,5.34,Philadelphia Eagles,5.34,-0.7044999999999999,4.6355,Philadelphia Eagles,5.34,Tie,0.0,Philadelphia Eagles,12.081,-1.836,4.2045,Philadelphia Eagles,6.040500000000001,Philadelphia Eagles,0.5099999999999998,Philadelphia Eagles,12.591,-2.6154999999999995,3.935000000000001,Philadelphia Eagles,6.5505,Different,Same,Same,Same,Different,Same,False,Home Team,Home Team,48.0,-750.0,525.0,Philadelphia Eagles,Arizona Cardinals,-12.0,12.0,-116,-104,-675,466,-0.5099999999999998,0.5099999999999998,-12.591,12.591,0.16,0.8824,0.5098,0.537,0.1767,0.871,0.1535,0.8465,0.487,0.513,0.1686,0.8314,0.1535,0.8465,-0.3465,0.3465,45.0,9.0,185,9.0,45.0,0.0,nfl_read_py Fallback,False,K.Murray,J.Hurts,-9.87,-10.0,13.55,183.55,Med-High,-19.0,-2.0,51.79,51.0,13.32943809858483,35.0,69.0,0.7746,0.2252,0.0692,0.0694,0.4304,0.545,0.5908,0.3894,19,2023-12-31,Arizona Cardinals @ Philadelphia Eagles,0.7414,0.2586,-287,287,,,,,,,,No Bet,,No Bet,,No Bet,,No Bet,,No Bet,,No Bet,,No Bet,,No Bet,,No Bet,,,,,,,,,,,,,,,0.2719,0.23,0.3298,0.2958,0.6484,0.7598,0.3516,0.2402,-0.1157,-0.3077,0.1135,0.0094,0.3028,-0.0726,19,-0.083,0.1713,Philadelphia Eagles,Arizona Cardinals,0,0,0,0,0,0,0,0,0,0,0,0,0,2.0,3.5,,,12.959531077662,0.0,0.9935567315497564,0.0200548364798507,0.0054927976852021,0.0,0.0006561770738704,0.0,0.0036185921370119,0.0,0.0,5.0632779067252014e-05,0.0002792224591558,0.0002792224591558,0.0042747692108823,0.0,0.0,0.0003298552382231,,,0.1535,0.8465,0.2643,0.7356,0.248,0.7514,Philadelphia Eagles,Philadelphia Eagles,Philadelphia Eagles,Philadelphia Eagles,Philadelphia Eagles,Same,Same,Same,False,False,0.0,0.0003298552382231,0.0200548364798507,0.0054927976852021,0.0,0.0003298552382231,0.0330003569151061,0.0101969905532236,1.321095796754254,0.24552128978686927,1.1053832075130987,1.088857051738399,1.5831694470897637,0.33130276823454896,1.4699746443669084,0.44115784438277356,1.3816895655453463,0.4969723014224737
2023_17_NO_TB,2023,19,2023-12-31,13:00,New Orleans Saints,Tampa Bay Buccaneers,Home,Derek Carr,Baker Mayfield,00-0031280,00-0034855,10,7,3,-3,4,-6,Raymond James Stadium,27.9759,-82.5033,America/New_York,False,True,17,17,Sunday,False,False,0,False,False,0,4,-6,NFC South,Caesars Superdome,29.9507,-90.0813,America/Chicago,NFC South,Raymond James Stadium,27.9759,-82.5033,America/New_York,Los Angeles Rams,Jacksonville Jaguars,SoFi Stadium,Raymond James Stadium,Atlanta Falcons,Carolina Panthers,Caesars Superdome,Bank of America Stadium,478,0,-478,478,-1.0,0.0,America/Los_Angeles,America/New_York,-3.0,0.0,-1.0,0.0,-1.0,0,-6.145,1.025,-6.145,1.025,Tampa Bay Buccaneers,7.17,Tampa Bay Buccaneers,7.17,-6.145,1.025,Tampa Bay Buccaneers,7.17,0.0,0,No,No,No,No,No,1,No,0.0,0.0,-1.274,-1.97,-5.19011,-0.98689,-5.19011,-0.98689,0.88319,-1.94019,-0.3977700000000001,-3.90323,Tampa Bay Buccaneers,4.20322,Tampa Bay Buccaneers,4.20322,-5.19011,-0.98689,Tampa Bay Buccaneers,4.20322,Tie,0.0,New Orleans Saints,0.696,-0.637,-0.985,New Orleans Saints,0.348,New Orleans Saints,2.82338,New Orleans Saints,3.50546,0.2427099999999999,-2.92171,New Orleans Saints,3.16442,Different,Different,Different,Different,Different,Same,False,Away Team,Away Team,42.5,-148.0,124.0,Tampa Bay Buccaneers,New Orleans Saints,-2.5,2.5,135,-164,156,-191,2.82338,-2.82338,3.50546,-3.50546,0.4464,0.5968,0.6212,0.4255,0.6564,0.3906,0.4279,0.5721,0.5935,0.4065,0.6269,0.3731,0.4279,0.5721,-0.0721,0.0721,66.0,5.0,186,5.0,66.0,0.0,nfl_read_py Fallback,False,S.Rattler,B.Mayfield,2.36,3.0,12.99,168.78,Med-Low,-7.0,11.0,43.55,43.0,12.807436875810303,28.0,61.0,0.4262,0.5726,0.0996,0.088,0.39,0.61,0.5192,0.4808,19,2023-12-31,New Orleans Saints @ Tampa Bay Buccaneers,0.4445,0.5552,125,-125,,,,,,,,No Bet,,No Bet,,No Bet,,No Bet,,No Bet,,No Bet,,No Bet,,No Bet,,No Bet,,,,,,,,,,,,,,,0.2225,0.2581,0.2694,0.2661,0.7481,0.6793,0.2519,0.3207,-0.3344,-0.057,0.1123,0.0533,0.0317,0.1277,19,0.1092,0.1806,Tampa Bay Buccaneers,New Orleans Saints,0,0,0,0,0,0,0,0,0,0,0,0,1,3.5,4.0,,,12.959531077662,0.8924953705303993,0.2908714691203457,0.0396376223667197,0.0090788593838519,0.2772633759381729,9.98988082894247e-05,0.2073780782449645,0.0001335641697181,0.0213945531112683,0.0160019739141963,7.708520292190018e-06,1.0306250196685927e-05,0.016012280164393,0.0002334629780075,0.4846414541831374,0.0373965270254647,1.8014770488875945e-05,,,0.4279,0.5721,0.5158,0.4839,0.5752,0.4236,Tampa Bay Buccaneers,New Orleans Saints,New Orleans Saints,New Orleans Saints,New Orleans Saints,Same,Same,Same,False,False,0.0373965270254647,1.8014770488875945e-05,0.0396376223667197,0.0090788593838519,0.0373965270254647,1.8014770488875945e-05,0.0405063751097384,0.0159537114842428,0.8765518176153674,0.6900652689257576,0.8517797906543966,1.342460468597099,0.6857631516512757,1.228709063673041,0.7849534010299328,1.1261790877197555,0.8057509016666476,1.0729109653011768
2023_17_SF_WAS,2023,19,2023-12-31,13:00,San Francisco 49ers,Washington Commanders,Home,Brock Purdy,Sam Howell,00-0037834,00-0037077,6,7,-1,1,-20,13,FedExField,38.9077,-76.8645,America/New_York,False,False,17,17,Sunday,False,False,0,False,False,0,-20,13,NFC West,Levi's Stadium,37.4031,-121.9702,America/Los_Angeles,NFC East,FedExField,38.9077,-76.8645,America/New_York,Baltimore Ravens,New York Jets,Levi's Stadium,MetLife Stadium,Los Angeles Rams,Dallas Cowboys,Levi's Stadium,FedExField,2426,0,-2426,2426,-3.0,0.0,America/Los_Angeles,America/New_York,-3.0,0.0,-3.0,0.0,-3.0,0,3.325,1.45,3.325,1.45,San Francisco 49ers,1.875,San Francisco 49ers,1.875,3.325,1.45,San Francisco 49ers,1.875,-0.4499999999999999,0,No,No,No,No,Yes,0,No,0.0,0.0,8.506,-1.022,1.222,1.3404999999999998,1.222,1.3404999999999998,-2.103,-0.1095,6.403000000000001,-1.1315,Washington Commanders,0.1184999999999998,Washington Commanders,0.1184999999999998,1.222,1.3404999999999998,Washington Commanders,0.1184999999999998,Tie,0.0,San Francisco 49ers,9.528,4.253,-0.511,San Francisco 49ers,4.764,Washington Commanders,1.9935,San Francisco 49ers,7.534500000000001,2.150000000000001,-0.6205,San Francisco 49ers,2.770500000000001,Different,Different,Same,Different,Different,Same,False,Home Team,Away Team,49.0,675.0,-1050.0,San Francisco 49ers,Washington Commanders,14.0,-14.0,-131,108,268,-346,-1.9935,1.9935,7.534500000000001,-7.534500000000001,0.913,0.129,0.4808,0.5671,0.7758,0.2717,0.8762,0.1238,0.4588,0.5412,0.7406,0.2594,0.8762,0.1238,0.3762,-0.3762,48.0,7.0,187,7.0,48.0,0.0,nfl_read_py Fallback,False,M.Jones,J.Daniels,12.76,13.0,13.05,170.39,Medium,5.0,21.0,48.49,48.0,13.161465875684188,32.0,66.0,0.162,0.8376,0.0634,0.0688,0.5058,0.4526,0.4594,0.5178,19,2023-12-31,San Francisco 49ers @ Washington Commanders,0.2716,0.7283,268,-268,,,,,,,,No Bet,,No Bet,,No Bet,,No Bet,,No Bet,,No Bet,,No Bet,,No Bet,,No Bet,,,,,,,,,,,,,,,0.3401,0.3017,0.3095,0.3038,0.6796,0.675,0.3204,0.325,-0.4457,0.0776,0.043,0.3026,-0.0692,0.5133,19,0.1806,-0.3579,San Francisco 49ers,Washington Commanders,0,0,0,0,0,0,0,0,0,0,0,0,0,4.0,0.0,,,12.959531077662,0.1176438838514034,0.0,0.0036603938177327,0.0281091406531523,6.283640851294775e-05,0.0,0.0004447274728517,0.0,4.848663746889514e-06,3.431663307774308e-05,0.0,0.0,3.431663307774308e-05,0.0,0.0005075638813646,3.916529682463259e-05,0.0,,,0.8762,0.1238,0.7158,0.2842,0.904,0.096,San Francisco 49ers,San Francisco 49ers,San Francisco 49ers,San Francisco 49ers,San Francisco 49ers,Same,Same,Same,False,False,3.916529682463259e-05,0.0,0.0036603938177327,0.0281091406531523,3.916529682463259e-05,0.0,0.0075308621002855,0.0455012998171235,0.201127892939696,1.3654891936014277,1.2210214873458407,0.9732187719056564,0.5163035147550317,1.3981687005692802,0.32344348156365715,1.5876890071860301,0.5297370530137471,1.3489248139540788
2023_17_PIT_SEA,2023,19,2023-12-31,16:05,Pittsburgh Steelers,Seattle Seahawks,Home,Mason Rudolph,Geno Smith,00-0034771,00-0030565,8,7,1,-1,7,-5,Lumen Field,47.5952,-122.3316,America/Los_Angeles,False,False,17,17,Sunday,False,False,0,False,False,0,7,-5,AFC North,Acrisure Stadium,40.4468,-80.0158,America/New_York,NFC West,Lumen Field,47.5952,-122.3316,America/Los_Angeles,Cincinnati Bengals,Tennessee Titans,Acrisure Stadium,Nissan Stadium,Baltimore Ravens,Arizona Cardinals,M&T Bank Stadium,State Farm Stadium,2130,0,-2130,2130,3.0,0.0,America/New_York,America/Chicago,3.0,2.0,3.0,0.0,3.0,0,-0.565,-0.13,-0.565,-0.13,Seattle Seahawks,0.4349999999999999,Seattle Seahawks,0.4349999999999999,-0.565,-0.13,Seattle Seahawks,0.4349999999999999,-0.2249999999999999,0,No,No,No,No,No,0,No,0.0,0.0,-2.272,1.265,-0.3084999999999999,-1.59,-0.3084999999999999,-1.59,0.2565,-1.46,-2.0154999999999994,-0.195,Pittsburgh Steelers,1.2815000000000003,Pittsburgh Steelers,1.2815000000000003,-0.3084999999999999,-1.59,Pittsburgh Steelers,1.2815000000000003,Tie,0.0,Seattle Seahawks,3.537,-1.136,0.6325,Seattle Seahawks,1.7685,Pittsburgh Steelers,1.7165,Seattle Seahawks,1.8205,-0.8794999999999997,-0.8275,Seattle Seahawks,0.0519999999999997,Different,Different,Same,Different,Different,Same,False,Away Team,Home Team,40.5,-225.0,185.0,Seattle Seahawks,Pittsburgh Steelers,-4.5,4.5,105,-128,-131,108,1.7165,-1.7165,-1.8205,1.8205,0.3509,0.6923,0.5614,0.4878,0.4808,0.5671,0.3364,0.6636,0.5351,0.4649,0.4588,0.5412,0.3364,0.6636,-0.1636,0.1636,47.0,4.0,188,4.0,47.0,0.0,nfl_read_py Fallback,False,A.Rodgers,S.Darnold,9.49,10.0,13.21,174.55,Medium,1.0,18.0,51.56,51.0,13.87697986861892,34.0,69.0,0.2338,0.7654,0.0784,0.0676,0.154,0.846,0.775,0.225,19,2023-12-31,Pittsburgh Steelers @ Seattle Seahawks,0.4759,0.5239,110,-110,,,,,,,,No Bet,,No Bet,,No Bet,,No Bet,,No Bet,,No Bet,,No Bet,,No Bet,,No Bet,,,,,,,,,,,,,,,0.3131,0.331,0.2943,0.2918,0.7122,0.7084,0.2878,0.2916,-0.0073,-0.0535,0.1594,-0.0011,-0.0144,0.1434,19,0.083,0.083,Seattle Seahawks,Pittsburgh Steelers,0,0,0,0,0,0,0,0,0,0,0,0,0,3.0,3.0,,,12.959531077662,0.0283211985270628,0.415924803932368,0.0274048624628237,0.0029260960201737,0.1698424713107124,0.0,0.0860985644197161,0.0,0.0131056031497517,0.0066436481307662,0.0,0.0,0.0066436481307662,0.0,0.2559410357304286,0.0197492512805179,0.0,,,0.3364,0.6636,0.5454,0.4543,0.727,0.272,Seattle Seahawks,Pittsburgh Steelers,Pittsburgh Steelers,Pittsburgh Steelers,Pittsburgh Steelers,Same,Same,Same,False,False,0.0197492512805179,0.0,0.0274048624628237,0.0029260960201737,0.0197492512805179,0.0,0.0323209196485829,0.0064151421203037,1.0251037719053953,0.5415133146357312,0.9864704617306241,1.207769797520872,1.0112552404477377,0.9032169748765735,0.42978224632610035,1.4813502424235807,0.8701862798209133,1.0084755871469073
2023_17_LAC_DEN,2023,19,2023-12-31,16:25,Los Angeles Chargers,Denver Broncos,Home,Easton Stick,Jarrett Stidham,00-0035282,00-0035264,8,7,1,-1,-6,3,Empower Field at Mile High,39.7648,-105.0076,America/Denver,False,False,17,17,Sunday,False,False,0,False,False,0,-6,3,AFC West,SoFi Stadium,33.9535,-118.3395,America/Los_Angeles,AFC West,Empower Field at Mile High,39.7648,-105.0076,America/Denver,Buffalo Bills,New England Patriots,SoFi Stadium,Empower Field at Mile High,Kansas City Chiefs,Las Vegas Raiders,SoFi Stadium,Allegiant Stadium,837,0,-837,837,-1.0,0.0,America/Los_Angeles,America/Denver,-1.0,0.0,-1.0,0.0,-1.0,0,0.935,2.05,0.935,2.05,Denver Broncos,1.1149999999999998,Denver Broncos,1.1149999999999998,0.935,2.05,Denver Broncos,1.1149999999999998,0.0,0,No,No,No,No,No,1,No,0.0,0.0,0.306,-8.65,0.41451,3.69849,0.41451,3.69849,-0.53164,1.65964,-0.3152,-6.900799999999999,Denver Broncos,3.28398,Denver Broncos,3.28398,0.41451,3.69849,Denver Broncos,3.28398,Tie,0.0,Los Angeles Chargers,8.956,0.153,-4.325,Los Angeles Chargers,4.478,Denver Broncos,2.19128,Los Angeles Chargers,6.5856,-0.42342,-2.6205799999999995,Los Angeles Chargers,2.19716,Different,Different,Same,Different,Different,Same,False,Home Team,Away Team,39.5,-198.0,164.0,Denver Broncos,Los Angeles Chargers,-3.5,3.5,-131,108,224,-282,-2.19128,2.19128,6.5856,-6.5856,0.3788,0.6644,0.4808,0.5671,0.7382,0.3086,0.3631,0.6369,0.4588,0.5412,0.7052,0.2948,0.3631,0.6369,-0.1369,0.1369,41.0,6.0,189,6.0,41.0,0.0,nfl_read_py Fallback,False,J.Herbert,B.Nix,5.46,7.0,13.4,179.65,Medium,-4.0,15.0,47.82,47.0,13.122092396480538,32.0,65.0,0.3372,0.6622,0.0836,0.0854,0.2688,0.7312,0.7296,0.2704,19,2023-12-31,Los Angeles Chargers @ Denver Broncos,0.4525,0.5473,121,-121,,,,,,,,No Bet,,No Bet,,No Bet,,No Bet,,No Bet,,No Bet,,No Bet,,No Bet,,No Bet,,,,,,,,,,,,,,,0.3287,0.31,0.2984,0.2621,0.7431,0.7035,0.2569,0.2965,-0.0906,-0.2056,0.1153,0.0804,-0.2523,0.193,19,0.1225,-0.1092,Denver Broncos,Los Angeles Chargers,0,0,0,0,0,0,0,0,0,0,0,0,1,3.5,1.5,,,12.959531077662,0.6099438096378988,0.3473552521306151,0.0553808044536584,0.0031263324170912,0.3752536267725311,3.8347367839721685e-05,0.2139340428342063,6.726367000032702e-05,0.0289558028391432,0.0165078536832986,2.9590089031708886e-06,5.19028579022181e-06,0.0165130439690889,0.00010561103784,0.5891876696067374,0.0454636565224419,8.149294693392699e-06,,,0.3631,0.6369,0.5152,0.4846,0.6454,0.3536,Denver Broncos,Los Angeles Chargers,Los Angeles Chargers,Los Angeles Chargers,Los Angeles Chargers,Same,Same,Same,False,False,0.0454636565224419,8.149294693392699e-06,0.0553808044536584,0.0031263324170912,0.0454636565224419,8.149294693392699e-06,0.0600037034846994,0.0067209378126935,0.9654560409093139,0.6011610456318124,1.1153710573433744,1.078869201908122,0.5225399348552675,1.3919322804690448,0.5996944933199891,1.311437995429698,0.8002556448951509,1.0784062220726676
2023_17_CIN_KC,2023,19,2023-12-31,16:25,Cincinnati Bengals,Kansas City Chiefs,Home,Jake Browning,Patrick Mahomes,00-0035100,00-0033873,8,6,2,-2,2,-12,GEHA Field at Arrowhead Stadium,39.0489,-94.4839,America/Chicago,False,True,17,17,Sunday,False,False,0,False,False,0,2,-12,AFC North,Paycor Stadium,39.0955,-84.5165,America/New_York,AFC West,GEHA Field at Arrowhead Stadium,39.0489,-94.4839,America/Chicago,Pittsburgh Steelers,Las Vegas Raiders,Acrisure Stadium,GEHA Field at Arrowhead Stadium,Cleveland Browns,Los Angeles Chargers,Paycor Stadium,SoFi Stadium,534,0,-534,534,1.0,0.0,America/New_York,America/Chicago,1.0,0.0,1.0,0.0,1.0,0,1.31,4.395,1.31,4.395,Kansas City Chiefs,3.0849999999999995,Kansas City Chiefs,3.0849999999999995,1.31,4.395,Kansas City Chiefs,3.0849999999999995,0.0,0,No,No,No,No,No,0,Yes,0.0,0.0,1.891,8.791,-0.7695000000000001,3.848499999999999,-0.7695000000000001,3.848499999999999,-2.0795000000000003,-0.5465000000000001,-0.1884999999999999,8.2445,Kansas City Chiefs,4.617999999999999,Kansas City Chiefs,4.617999999999999,-0.7695000000000001,3.848499999999999,Kansas City Chiefs,4.617999999999999,Tie,0.0,Kansas City Chiefs,6.9,0.9455,4.3955,Kansas City Chiefs,3.45,Kansas City Chiefs,1.5330000000000004,Kansas City Chiefs,8.433,-1.134,3.849,Kansas City Chiefs,4.9830000000000005,Different,Same,Same,Same,Different,Same,False,Home Team,Home Team,46.0,-345.0,275.0,Kansas City Chiefs,Cincinnati Bengals,-7.5,7.5,-128,105,-397,302,-1.5330000000000004,1.5330000000000004,-8.433,8.433,0.2667,0.7753,0.4878,0.5614,0.2488,0.7988,0.2559,0.7441,0.4649,0.5351,0.2375,0.7625,0.2559,0.7441,-0.2441,0.2441,36.0,12.0,190,12.0,36.0,0.0,nfl_read_py Fallback,False,J.Browning,P.Mahomes,-13.8,-14.0,13.48,181.83,Med-High,-23.0,-6.0,49.96,50.0,13.038509001546023,33.0,67.0,0.8418,0.1578,0.0566,0.0532,0.6902,0.3098,0.591,0.3748,19,2023-12-31,Cincinnati Bengals @ Kansas City Chiefs,0.7209,0.279,-258,258,,,,,,,,No Bet,,No Bet,,No Bet,,No Bet,,No Bet,,No Bet,,No Bet,,No Bet,,No Bet,,,,,,,,,,,,,,,0.2746,0.2253,0.2641,0.3297,0.6482,0.6843,0.3518,0.3157,-0.0051,-0.0925,0.2564,0.1701,0.3131,0.1406,19,0.2508,-0.1225,Kansas City Chiefs,Cincinnati Bengals,0,0,0,0,0,0,0,0,0,0,0,0,0,4.5,1.5,,,12.959531077662,0.0,0.7877463215265327,0.0148862325157001,0.0039489217282819,0.0,3.750020890376611e-05,0.0,0.0001090422252649,0.0,0.0,2.89363933610254e-06,8.4140563891907e-06,8.4140563891907e-06,0.0001465424341686,0.0,0.0,1.130769572529324e-05,,,0.2559,0.7441,0.387,0.6128,0.2792,0.72,Kansas City Chiefs,Kansas City Chiefs,Kansas City Chiefs,Kansas City Chiefs,Kansas City Chiefs,Same,Same,Same,False,False,0.0,1.130769572529324e-05,0.0148862325157001,0.0039489217282819,0.0,1.130769572529324e-05,0.0249782582149894,0.0079957310583655,1.160214691178114,0.40640239536301115,1.1589582931165403,1.0352819661349548,1.4515948590675425,0.4628773562567708,1.6028455254380993,0.3082869633115833,1.3455835945186454,0.5330782724491809
2023_17_GB_MIN,2023,19,2023-12-31,20:20,Green Bay Packers,Minnesota Vikings,Home,Jordan Love,Jaren Hall,00-0036264,00-0038598,7,7,0,0,0,-1,U.S. Bank Stadium,44.9738,-93.2575,America/Chicago,False,True,17,17,Sunday,False,False,0,False,False,0,0,-1,NFC North,Lambeau Field,44.5013,-88.0622,America/Chicago,NFC North,U.S. Bank Stadium,44.9738,-93.2575,America/Chicago,Carolina Panthers,Detroit Lions,Bank of America Stadium,U.S. Bank Stadium,Chicago Bears,Detroit Lions,Lambeau Field,Ford Field,257,0,-257,257,0.0,0.0,America/New_York,America/Chicago,1.0,0.0,0.0,0.0,0.0,0,3.535,0.27,3.535,0.27,Green Bay Packers,3.265,Green Bay Packers,3.265,3.535,0.27,Green Bay Packers,3.265,0.0,0,No,No,No,No,No,1,No,0.0,0.0,-4.219,-3.191,3.81108,-0.29708,3.81108,-0.29708,0.30873,-0.5997300000000001,-3.89999,-3.80101,Green Bay Packers,4.10816,Green Bay Packers,4.10816,3.81108,-0.29708,Green Bay Packers,4.10816,Tie,0.0,Minnesota Vikings,1.0280000000000005,-2.1095,-1.5955,Minnesota Vikings,0.5140000000000002,Green Bay Packers,0.90846,Minnesota Vikings,0.0989800000000005,-1.79563,-2.20037,Green Bay Packers,0.4047399999999999,Different,Different,Same,Different,Different,Same,False,Away Team,Home Team,42.5,-112.0,-108.0,Minnesota Vikings,Green Bay Packers,-1.0,1.0,101,-122,-110,-110,0.90846,-0.90846,-0.0989800000000005,0.0989800000000005,0.5192,0.5283,0.5495,0.4975,0.5238,0.5238,0.4957,0.5043,0.5248,0.4752,0.5,0.5,0.4957,0.5043,-0.0043,0.0043,,,191,0.0,70.0,0.0,Dome,True,J.Love,C.Wentz,1.34,2.0,13.46,181.07,Med-High,-8.0,11.0,50.19,50.0,13.613939514696764,33.0,68.0,0.462,0.5372,0.0898,0.0898,0.4628,0.5372,0.6256,0.3744,19,2023-12-31,Green Bay Packers @ Minnesota Vikings,0.4854,0.5144,106,-106,,,,,,,,No Bet,,No Bet,,No Bet,,No Bet,,No Bet,,No Bet,,No Bet,,No Bet,,No Bet,,,,,,,,,,,,,,,0.3769,0.1986,0.2705,0.3282,0.6727,0.6162,0.3273,0.3838,-0.0262,-0.2632,0.1532,0.1438,0.1804,-0.0551,19,0.0721,-0.1447,Minnesota Vikings,Green Bay Packers,0,0,0,0,0,0,0,0,0,0,0,0,1,3.0,1.5,,,12.959531077662,0.7567188688528975,0.5935316523241476,0.0207739522127041,0.0086056944505427,0.0053765469293869,0.0004587640079328,0.0052848588397721,0.000466723197903,0.0004148720271719,0.0004077970729111,3.5399738245437754e-05,3.601389549561078e-05,0.0004438109684068,0.0009254872058358,0.0106614057691591,0.000822669100083,7.141363374104853e-05,,,0.4957,0.5043,0.5129,0.4867,0.5338,0.4646,Minnesota Vikings,Green Bay Packers,Green Bay Packers,Green Bay Packers,Green Bay Packers,Same,Same,Same,False,False,0.000822669100083,7.141363374104853e-05,0.0207739522127041,0.0086056944505427,0.000822669100083,7.141363374104853e-05,0.0336129793691704,0.015186638461889,0.7820818514423122,0.7845352350988127,1.0258460932450548,1.1683941660064439,0.9448369079348473,0.9696353073894634,0.8708459963348192,1.0402864924148718,0.8999785128989427,0.9786833540688835
2023_18_PIT_BAL,2023,20,2024-01-06,16:30,Pittsburgh Steelers,Baltimore Ravens,Home,Mason Rudolph,Tyler Huntley,00-0034771,00-0035993,6,6,0,0,7,9,M&T Bank Stadium,39.2789,-76.6228,America/New_York,False,True,18,18,Saturday,False,False,0,False,False,0,7,9,AFC North,Acrisure Stadium,40.4468,-80.0158,America/New_York,AFC North,M&T Bank Stadium,39.2789,-76.6228,America/New_York,Seattle Seahawks,Miami Dolphins,Lumen Field,M&T Bank Stadium,Playoffs?,Playoffs?,Playoffs?,Playoffs?,197,0,-197,197,0.0,0.0,America/Los_Angeles,America/New_York,-3.0,0.0,0.0,0.0,0.0,0,-0.565,6.69,-0.565,6.69,Baltimore Ravens,7.255000000000001,Baltimore Ravens,7.255000000000001,-0.565,6.69,Baltimore Ravens,7.255000000000001,0.0,0,No,No,No,No,No,1,No,0.0,0.0,-2.272,5.928,-0.3203749999999999,5.865875,-0.3203749999999999,5.865875,0.172075,-0.7515750000000001,-2.0179249999999995,5.094425,Baltimore Ravens,6.18625,Baltimore Ravens,6.18625,-0.3203749999999999,5.865875,Baltimore Ravens,6.18625,Tie,0.0,Baltimore Ravens,8.2,-1.136,2.964,Baltimore Ravens,4.1,Pittsburgh Steelers,0.92365,Baltimore Ravens,7.112349999999999,-0.9229249999999998,2.171425,Baltimore Ravens,3.09435,Different,Same,Different,Same,Different,Same,False,Away Team,Home Team,34.0,130.0,-155.0,Pittsburgh Steelers,Baltimore Ravens,3.0,-3.0,101,-122,-319,249,0.92365,-0.92365,-7.112349999999999,7.112349999999999,0.6078,0.4348,0.5495,0.4975,0.2865,0.7613,0.583,0.417,0.5248,0.4752,0.2734,0.7266,0.583,0.417,0.083,-0.083,38.0,15.0,192,15.0,38.0,0.0,nfl_read_py Fallback,False,A.Rodgers,C.Rush,2.07,3.0,14.68,215.42,High,-9.0,12.0,47.79,47.0,13.187948863983657,31.0,65.0,0.435,0.5642,0.081,0.08,0.4692,0.4858,0.841,0.148,20,2024-01-06,Pittsburgh Steelers @ Baltimore Ravens,0.5134,0.4864,-106,106,,,,,,,,No Bet,,No Bet,,No Bet,,No Bet,,No Bet,,No Bet,,No Bet,,No Bet,,No Bet,,,,,,,,,,,,,,,0.2564,0.331,0.2524,0.2918,0.6686,0.7084,0.3314,0.2916,-0.4181,-0.0535,0.0998,-0.0011,-0.1485,0.1434,20,0.0,0.0,Pittsburgh Steelers,Baltimore Ravens,0,0,0,0,0,0,0,0,0,0,0,0,1,0.0,0.0,,,8.957921503537742,0.0,0.415924803932368,0.0020527090731203,0.0472539313319212,0.0,0.1525971279138738,0.0,0.1091475168783626,0.0,0.0,0.0170348811221005,0.012184469001571,0.012184469001571,0.2617446447922364,0.0,0.0,0.0292193501236716,,,0.583,0.417,0.4837,0.5159,0.412,0.5864,Pittsburgh Steelers,Baltimore Ravens,Baltimore Ravens,Pittsburgh Steelers,Baltimore Ravens,Same,Different,Same,False,False,0.0,0.0292193501236716,0.0020527090731203,0.0472539313319212,0.0,0.0292193501236716,0.0051443347464177,0.0572857922153933,0.7314795662425525,0.9395741125535698,1.100794679969503,1.0819554831755922,1.5097495586280725,0.5130287436694768,0.9879933439580048,1.1486165438561642,1.0744694097785485,0.9182866449509008
2023_18_HOU_IND,2023,20,2024-01-06,20:15,Houston Texans,Indianapolis Colts,Home,C.J. Stroud,Gardner Minshew,00-0039163,00-0035289,6,6,0,0,-2,5,Lucas Oil Stadium,39.7601,-86.1638,America/Indiana/Indianapolis,False,False,18,18,Saturday,False,False,0,False,False,0,-2,5,AFC South,NRG Stadium,29.6847,-95.4093,America/Chicago,AFC South,Lucas Oil Stadium,39.7601,-86.1638,America/Indiana/Indianapolis,Tennessee Titans,Las Vegas Raiders,NRG Stadium,Lucas Oil Stadium,Playoffs?,Playoffs?,Playoffs?,Playoffs?,870,0,-870,870,-1.0,0.0,America/Chicago,America/Indiana/Indianapolis,-1.0,0.0,-1.0,0.0,-1.0,0,0.035,-2.265,0.035,-2.265,Houston Texans,2.3000000000000003,Houston Texans,2.3000000000000003,0.035,-2.265,Houston Texans,2.3000000000000003,0.0,0,No,No,No,No,No,1,No,0.0,0.0,-6.153,-2.838,1.43077,-4.91277,1.43077,-4.91277,1.41877,-2.67077,-4.701079999999999,-5.541919999999999,Houston Texans,6.34354,Houston Texans,6.34354,1.43077,-4.91277,Houston Texans,6.34354,Tie,0.0,Indianapolis Colts,3.3149999999999995,-3.0765,-1.419,Indianapolis Colts,1.6574999999999998,Houston Texans,4.08954,Houston Texans,0.84084,-1.6411549999999997,-4.106344999999999,Houston Texans,2.46519,Different,Different,Same,Same,Different,Different,False,Away Team,Away Team,47.5,105.0,-125.0,Houston Texans,Indianapolis Colts,1.5,-1.5,171,-211,101,-122,4.08954,-4.08954,0.84084,-0.84084,0.5556,0.4878,0.6785,0.369,0.5495,0.4975,0.5325,0.4675,0.6477,0.3523,0.5248,0.4752,0.5325,0.4675,0.0325,-0.0325,,,193,0.0,70.0,0.0,Dome,True,C.Stroud,D.Jones,3.08,4.0,12.92,166.97,Med-Low,-7.0,12.0,50.33,50.0,13.699955916659867,33.0,69.0,0.4026,0.5966,0.0924,0.084,0.4254,0.5746,0.6262,0.3738,20,2024-01-06,Houston Texans @ Indianapolis Colts,0.4244,0.5754,136,-136,,,,,,,,No Bet,,No Bet,,No Bet,,No Bet,,No Bet,,No Bet,,No Bet,,No Bet,,No Bet,,,,,,,,,,,,,,,0.33,0.3754,0.2661,0.3534,0.6202,0.6751,0.3781,0.3249,-0.2658,-0.2948,-0.1245,-0.0323,0.0655,-0.0025,20,0.0,0.0,Houston Texans,Indianapolis Colts,0,0,0,0,0,0,0,0,0,0,0,0,1,0.0,0.0,,,8.957921503537742,0.8271711530351792,0.676942660460432,0.008732079786051,0.0294163649145709,0.0053935176333158,0.0236896428538435,0.0061434184807287,0.0207979493599471,0.0006020947639679,0.0006858084744661,0.0026445468231093,0.002321738290711,0.0030075467651771,0.0444875922137907,0.0115369361140445,0.001287903238434,0.0049662851138203,,,0.5325,0.4675,0.4856,0.5143,0.5454,0.4542,Houston Texans,Houston Texans,Indianapolis Colts,Houston Texans,Houston Texans,Same,Same,Different,False,False,0.001287903238434,0.0049662851138203,0.008732079786051,0.0294163649145709,0.001287903238434,0.0049662851138203,0.0147036321728027,0.0444959898279426,0.7973091890073344,0.8737444897887812,0.7961686277656982,1.3865815353794007,0.9856431241281167,1.0371351781694276,0.8864818135761056,1.250128074238067,0.8691492729290039,1.1236067818004494
2023_18_TB_CAR,2023,20,2024-01-07,13:00,Tampa Bay Buccaneers,Carolina Panthers,Home,Baker Mayfield,Bryce Young,00-0034855,00-0039150,7,7,0,0,-6,-1,Bank of America Stadium,35.2258,-80.8528,America/New_York,False,False,18,18,Sunday,False,False,0,False,False,0,-6,-1,NFC South,Raymond James Stadium,27.9759,-82.5033,America/New_York,NFC South,Bank of America Stadium,35.2258,-80.8528,America/New_York,New Orleans Saints,Jacksonville Jaguars,Raymond James Stadium,TIAA Bank Field,Playoffs?,Playoffs?,Playoffs?,Playoffs?,510,0,-510,510,0.0,0.0,America/New_York,America/New_York,0.0,0.0,0.0,0.0,0.0,0,1.025,-5.25,1.025,-5.25,Tampa Bay Buccaneers,6.275,Tampa Bay Buccaneers,6.275,1.025,-5.25,Tampa Bay Buccaneers,6.275,0.0,0,No,No,No,No,No,1,No,0.0,0.0,-1.97,-6.873,2.10597,-4.07097,2.10597,-4.07097,1.1437199999999998,1.11628,-0.87531,-5.70769,Tampa Bay Buccaneers,6.17694,Tampa Bay Buccaneers,6.17694,2.10597,-4.07097,Tampa Bay Buccaneers,6.17694,Tie,0.0,Tampa Bay Buccaneers,4.9030000000000005,-0.985,-3.4365,Tampa Bay Buccaneers,2.4515,Tampa Bay Buccaneers,0.0274399999999999,Tampa Bay Buccaneers,4.83238,0.1342049999999999,-2.295705,Tampa Bay Buccaneers,2.42991,Different,Same,Same,Same,Different,Same,False,Away Team,Away Team,36.5,200.0,-245.0,Tampa Bay Buccaneers,Carolina Panthers,5.0,-5.0,-110,-110,188,-234,0.0274399999999999,-0.0274399999999999,4.83238,-4.83238,0.7101,0.3333,0.5238,0.5238,0.7006,0.3472,0.6806,0.3194,0.5,0.5,0.6686,0.3314,0.6806,0.3194,0.1806,-0.1806,54.0,19.0,194,19.0,54.0,0.0,nfl_read_py Fallback,False,B.Mayfield,B.Young,4.16,6.0,12.42,154.22,Low,-5.0,13.0,32.56,32.0,11.423796944419376,19.0,47.0,0.361,0.6374,0.0972,0.0898,0.4746,0.5072,0.3432,0.6568,20,2024-01-07,Tampa Bay Buccaneers @ Carolina Panthers,0.378,0.6216,165,-164,,,,,,,,No Bet,,No Bet,,No Bet,,No Bet,,No Bet,,No Bet,,No Bet,,No Bet,,No Bet,,,,,,,,,,,,,,,0.2885,0.2225,0.2763,0.2694,0.6647,0.7481,0.3333,0.2519,-0.4301,-0.3344,-0.0051,0.1123,-0.0377,0.0317,20,0.0,0.0,Tampa Bay Buccaneers,Carolina Panthers,0,0,0,0,0,0,0,0,0,0,0,0,1,0.0,0.0,,,8.957921503537742,0.9945710503766924,0.8615436172884587,0.0057553987934334,0.1509903364991879,0.0023153241025884,1.1961203994591652,0.0049336555548581,0.5613294968957646,0.0002584666656962,0.0005507589626577,0.133526555126296,0.062662917583513,0.0632136765461708,1.7574498963549297,0.0072489796574465,0.000809225628354,0.196189472709809,,,0.6806,0.3194,0.5442,0.4554,0.6166,0.382,Tampa Bay Buccaneers,Tampa Bay Buccaneers,Tampa Bay Buccaneers,Tampa Bay Buccaneers,Tampa Bay Buccaneers,Same,Same,Same,False,False,0.000809225628354,0.196189472709809,0.0057553987934334,0.1509903364991879,0.000809225628354,0.196189472709809,0.0103851883956252,0.1158001014785608,0.6385152336512269,1.0325384451448911,1.2804135121525297,0.9023366509925614,0.8308577989787262,1.1919205033188087,0.9519075539718912,1.1847023338422813,0.9131182905529515,1.0796377641764983
2023_18_CLE_CIN,2023,20,2024-01-07,13:00,Cleveland Browns,Cincinnati Bengals,Home,Jeff Driskel,Jake Browning,00-0032436,00-0035100,10,7,3,-3,10,-1,Paycor Stadium,39.0955,-84.5165,America/New_York,False,False,18,18,Sunday,False,False,0,False,False,0,10,-1,AFC North,FirstEnergy Stadium,41.5061,-81.6994,America/New_York,AFC North,Paycor Stadium,39.0955,-84.5165,America/New_York,New York Jets,Kansas City Chiefs,FirstEnergy Stadium,GEHA Field at Arrowhead Stadium,Playoffs?,Playoffs?,Playoffs?,Playoffs?,223,0,-223,223,0.0,0.0,America/New_York,America/Chicago,0.0,-1.0,0.0,0.0,0.0,0,-4.705,1.31,-4.705,1.31,Cincinnati Bengals,6.015000000000001,Cincinnati Bengals,6.015000000000001,-4.705,1.31,Cincinnati Bengals,6.015000000000001,0.0,0,No,No,No,No,No,1,No,0.0,0.0,2.134,1.891,-5.192805,3.352305,-5.192805,3.352305,-0.5479550000000001,2.102455,1.583615,3.995885,Cincinnati Bengals,8.54511,Cincinnati Bengals,8.54511,-5.192805,3.352305,Cincinnati Bengals,8.54511,Tie,0.0,Cleveland Browns,0.2429999999999998,1.067,0.9455,Cleveland Browns,0.1214999999999999,Cincinnati Bengals,2.65041,Cincinnati Bengals,2.4122700000000004,0.51783,3.04917,Cincinnati Bengals,2.53134,Different,Different,Same,Same,Different,Different,False,Home Team,Home Team,37.0,-360.0,285.0,Cincinnati Bengals,Cleveland Browns,-7.5,7.5,-142,117,-142,117,-2.65041,2.65041,-2.4122700000000004,2.4122700000000004,0.2597,0.7826,0.4608,0.5868,0.4608,0.5868,0.2492,0.7508,0.4399,0.5601,0.4399,0.5601,0.2492,0.7508,-0.2508,0.2508,38.0,12.0,195,12.0,38.0,0.0,nfl_read_py Fallback,False,D.Gabriel,J.Browning,1.93,3.0,14.49,210.05,High,-9.0,12.0,46.46,46.0,13.367496293301537,29.0,64.0,0.4498,0.5488,0.0858,0.0796,0.2676,0.7324,0.739,0.2356,20,2024-01-07,Cleveland Browns @ Cincinnati Bengals,0.5802,0.4194,-138,138,,,,,,,,No Bet,,No Bet,,No Bet,,No Bet,,No Bet,,No Bet,,No Bet,,No Bet,,No Bet,,,,,,,,,,,,,,,0.2253,0.3351,0.3297,0.2977,0.6843,0.6472,0.3157,0.3528,-0.0925,-0.3694,0.1701,0.0053,0.1406,-0.0343,20,0.0,0.0,Cincinnati Bengals,Cleveland Browns,0,0,0,0,0,0,0,0,0,0,0,0,1,0.0,0.0,,,8.957921503537742,0.787742135264252,0.0728834629395465,0.2899152277646461,0.00268928734615,3.0213062835877555,0.0002645017507233,1.0028097041423396,0.0007969017433512,0.3372776019966857,0.1119466947490331,2.952713423743872e-05,8.89605633445786e-05,0.1120356553123777,0.0010614034940746,4.024115987730095,0.4492242967457189,0.000118487697582,,,0.2492,0.7508,0.3256,0.6743,0.3188,0.681,Cincinnati Bengals,Cincinnati Bengals,Cincinnati Bengals,Cleveland Browns,Cincinnati Bengals,Same,Different,Same,False,False,0.4492242967457189,0.000118487697582,0.2899152277646461,0.00268928734615,0.4492242967457189,0.000118487697582,0.1761528581799008,0.0060579896831512,1.0623011426758666,0.6087525361202477,0.8778739020289099,1.3048762611161826,0.836596924141097,1.186181378156439,0.6682828109805291,1.4683270768336463,0.8642849796748733,1.1284710750545786
2023_18_MIN_DET,2023,20,2024-01-07,13:00,Minnesota Vikings,Detroit Lions,Home,Nick Mullens,Jared Goff,00-0033319,00-0033106,7,8,-1,1,-2,1,Ford Field,42.3395,-83.045,America/Detroit,False,False,18,18,Sunday,False,False,0,False,False,0,-2,1,NFC North,U.S. Bank Stadium,44.9738,-93.2575,America/Chicago,NFC North,Ford Field,42.3395,-83.045,America/Detroit,Green Bay Packers,Dallas Cowboys,U.S. Bank Stadium,AT&T Stadium,Playoffs?,Playoffs?,Playoffs?,Playoffs?,541,0,-541,541,-1.0,0.0,America/Chicago,America/Chicago,-1.0,-1.0,-1.0,0.0,-1.0,0,0.27,4.305,0.27,4.305,Detroit Lions,4.035,Detroit Lions,4.035,0.27,4.305,Detroit Lions,4.035,0.0,0,No,No,No,No,No,1,No,0.0,0.0,-3.191,3.996,0.6154350000000001,4.186065,0.6154350000000001,4.186065,0.305085,-0.0785849999999999,-2.814045,3.845545,Detroit Lions,3.57063,Detroit Lions,3.57063,0.6154350000000001,4.186065,Detroit Lions,3.57063,Tie,0.0,Detroit Lions,7.186999999999999,-1.5955,1.998,Detroit Lions,3.5935,Minnesota Vikings,0.38367,Detroit Lions,6.65959,-1.25448,1.88348,Detroit Lions,3.13796,Different,Same,Different,Same,Different,Same,False,Away Team,Home Team,47.5,-205.0,170.0,Detroit Lions,Minnesota Vikings,-3.5,3.5,-104,-116,-282,224,0.38367,-0.38367,-6.65959,6.65959,0.3704,0.6721,0.537,0.5098,0.3086,0.7382,0.3553,0.6447,0.513,0.487,0.2948,0.7052,0.3553,0.6447,-0.1447,0.1447,,,196,0.0,70.0,0.0,Dome,True,C.Wentz,J.Goff,-5.1,-6.0,13.64,186.05,Med-High,-14.0,5.0,56.63,56.0,14.240554683000797,39.0,75.0,0.6454,0.3538,0.093,0.0738,0.5618,0.4382,0.729,0.271,20,2024-01-07,Minnesota Vikings @ Detroit Lions,0.6206,0.3792,-164,164,,,,,,,,No Bet,,No Bet,,No Bet,,No Bet,,No Bet,,No Bet,,No Bet,,No Bet,,No Bet,,,,,,,,,,,,,,,0.282,0.3769,0.3201,0.2705,0.6287,0.6727,0.3713,0.3273,-0.1944,-0.0262,0.2815,0.1532,0.1703,0.1804,20,0.0,0.0,Detroit Lions,Minnesota Vikings,0,0,0,0,0,0,0,0,0,0,0,0,1,0.0,0.0,,,8.957921503537742,0.0,0.7561186685801821,0.026086808484052,0.0037947338261679,0.0,0.0007171429135967,0.0,0.001301272266805,0.0,0.0,8.005684279702066e-05,0.000145264977628,0.000145264977628,0.0020184151804018,0.0,0.0,0.000225321820425,,,0.3553,0.6447,0.375,0.6249,0.3626,0.637,Detroit Lions,Detroit Lions,Detroit Lions,Detroit Lions,Detroit Lions,Same,Same,Same,False,False,0.0,0.000225321820425,0.026086808484052,0.0037947338261679,0.0,0.000225321820425,0.0423774628399927,0.0077051379418086,1.0611942689826896,0.6098594098134231,1.0316069411039914,1.151143222041102,1.4040225958190684,0.6187557064784682,1.3518309023937882,0.7847789854203803,1.212226809947085,0.7805292447823684
2023_18_NYJ_NE,2023,20,2024-01-07,13:00,New York Jets,New England Patriots,Home,Trevor Siemian,Bailey Zappe,00-0032156,00-0038108,10,7,3,-3,12,6,Gillette Stadium,42.0628,-71.2687,America/New_York,False,True,18,18,Sunday,False,False,0,False,False,0,12,6,AFC East,MetLife Stadium,40.8136,-74.0744,America/New_York,AFC East,Gillette Stadium,42.0628,-71.2687,America/New_York,Cleveland Browns,Buffalo Bills,FirstEnergy Stadium,Highmark Stadium,Playoffs?,Playoffs?,Playoffs?,Playoffs?,169,0,-169,169,0.0,0.0,America/New_York,America/New_York,0.0,0.0,0.0,0.0,0.0,0,-3.725,-1.995,-3.725,-1.995,New England Patriots,1.73,New England Patriots,1.73,-3.725,-1.995,New England Patriots,1.73,0.0,0,No,No,No,No,No,1,No,0.0,0.0,-1.783,-1.213,-3.45193,-1.48507,-3.45193,-1.48507,0.2557700000000001,0.52723,-1.5215299999999998,-0.69147,New England Patriots,1.96686,New England Patriots,1.96686,-3.45193,-1.48507,New England Patriots,1.96686,Tie,0.0,New England Patriots,0.5699999999999998,-0.8915,-0.6065,New England Patriots,0.2849999999999999,New England Patriots,0.2714599999999998,New England Patriots,0.8300599999999998,-0.6328799999999999,-0.08212,New England Patriots,0.5507599999999999,Different,Same,Same,Same,Different,Same,False,Home Team,Home Team,28.5,-142.0,120.0,New England Patriots,New York Jets,-2.5,2.5,-116,-104,-122,101,-0.2714599999999998,0.2714599999999998,-0.8300599999999998,0.8300599999999998,0.4545,0.5868,0.5098,0.537,0.4975,0.5495,0.4365,0.5635,0.487,0.513,0.4752,0.5248,0.4365,0.5635,-0.0635,0.0635,33.0,14.0,197,14.0,33.0,0.0,nfl_read_py Fallback,False,J.Fields,D.Maye,7.01,8.0,13.78,189.81,Med-High,-4.0,16.0,38.92,38.0,12.444526879309231,23.0,56.0,0.3084,0.6908,0.0766,0.0688,0.2806,0.7194,0.8058,0.1942,20,2024-01-07,New York Jets @ New England Patriots,0.4774,0.5224,109,-109,,,,,,,,No Bet,,No Bet,,No Bet,,No Bet,,No Bet,,No Bet,,No Bet,,No Bet,,No Bet,,,,,,,,,,,,,,,0.2277,0.3369,0.2962,0.3184,0.637,0.6142,0.363,0.3858,-0.2427,-0.3847,0.0422,-0.0835,-0.0555,-0.0426,20,0.0,0.0,New England Patriots,New York Jets,0,0,0,0,0,0,0,0,0,0,0,0,1,0.0,0.0,,,8.957921503537742,0.6286937516886233,0.6808600874184693,0.0325453268674612,0.0134793551040464,0.0685798554896423,0.0015229720004555,0.0531235260358986,0.0019660818379305,0.0076557776781765,0.005930340650442,0.0001700139926269,0.0002194796903672,0.0061498203408092,0.0034890538383861,0.121703381525541,0.0135861183286186,0.0003894936829942,,,0.4365,0.5635,0.5316,0.4682,0.7,0.2988,New England Patriots,New York Jets,New York Jets,New York Jets,New York Jets,Same,Same,Same,False,False,0.0135861183286186,0.0003894936829942,0.0325453268674612,0.0134793551040464,0.0135861183286186,0.0003894936829942,0.044067651553197,0.0226078729300886,0.9269465197745421,0.7441071590215739,1.0927913430928067,1.0899588200522836,1.0390442662980033,0.9837340359995369,0.6381064357329229,1.4985034520812437,0.9295239812754978,1.0632320734539504
2023_18_ATL_NO,2023,20,2024-01-07,13:00,Atlanta Falcons,New Orleans Saints,Home,Desmond Ridder,Derek Carr,00-0038122,00-0031280,7,7,0,0,-13,4,Caesars Superdome,29.9507,-90.0813,America/Chicago,False,True,18,18,Sunday,False,False,0,False,False,0,-13,4,NFC South,Mercedes-Benz Stadium,33.7489,-84.388,America/New_York,NFC South,Caesars Superdome,29.9507,-90.0813,America/Chicago,Chicago Bears,Tampa Bay Buccaneers,Soldier Field,Raymond James Stadium,Playoffs?,Playoffs?,Playoffs?,Playoffs?,424,0,-424,424,1.0,0.0,America/Chicago,America/New_York,0.0,1.0,0.0,0.0,0.0,0,-0.71,-6.145,-0.71,-6.145,Atlanta Falcons,5.435,Atlanta Falcons,5.435,-0.71,-6.145,Atlanta Falcons,5.435,0.0,0,No,No,No,No,No,1,No,0.0,0.0,-4.138,-1.274,-3.81222,-6.47978,-3.81222,-6.47978,-3.04787,-0.38913,-7.15723,-1.6917700000000002,Atlanta Falcons,2.6675600000000004,Atlanta Falcons,2.6675600000000004,-3.81222,-6.47978,Atlanta Falcons,2.6675600000000004,Tie,0.0,New Orleans Saints,2.864,-2.069,-0.637,New Orleans Saints,1.432,New Orleans Saints,2.6587399999999994,New Orleans Saints,5.46546,-5.10255,-1.04045,New Orleans Saints,4.0621,Different,Different,Different,Different,Different,Same,False,Home Team,Home Team,41.5,-175.0,145.0,New Orleans Saints,Atlanta Falcons,-3.5,3.5,-142,117,-244,195,-2.6587399999999994,2.6587399999999994,-5.46546,5.46546,0.4082,0.6364,0.4608,0.5868,0.339,0.7093,0.3908,0.6092,0.4399,0.5601,0.3234,0.6766,0.3908,0.6092,-0.1092,0.1092,,,198,0.0,70.0,0.0,Dome,True,M.Penix,S.Rattler,1.15,2.0,13.57,184.19,Med-High,-8.0,11.0,45.49,45.0,13.370760909142676,29.0,63.0,0.4734,0.5252,0.0946,0.088,0.4362,0.5638,0.4914,0.5086,20,2024-01-07,Atlanta Falcons @ New Orleans Saints,0.5798,0.4198,-138,138,,,,,,,,No Bet,,No Bet,,No Bet,,No Bet,,No Bet,,No Bet,,No Bet,,No Bet,,No Bet,,,,,,,,,,,,,,,0.2581,0.3051,0.2661,0.2615,0.6793,0.735,0.3207,0.265,-0.057,-0.2105,0.0533,-0.0171,0.1277,0.0235,20,0.0,0.0,New Orleans Saints,Atlanta Falcons,0,0,0,0,0,0,0,0,0,0,0,0,1,0.0,0.0,,,8.957921503537742,0.2908603171127901,0.7805315309650532,0.0480260355456897,0.0099069354476225,0.2563579745751103,0.0008122803516517,0.1644528832303892,0.0012662261776515,0.0286180197575818,0.0183583751169779,9.06773241237864e-05,0.0001413526761929,0.0184997277931709,0.0020785065293032,0.4208108578054995,0.0469763948745598,0.0002320300003167,,,0.3908,0.6092,0.369,0.6307,0.4888,0.5104,New Orleans Saints,New Orleans Saints,New Orleans Saints,Atlanta Falcons,New Orleans Saints,Same,Different,Same,False,False,0.0469763948745598,0.0002320300003167,0.0480260355456897,0.0099069354476225,0.0469763948745598,0.0002320300003167,0.0476139426948592,0.0171699282063088,0.9892905689398718,0.6817631098562454,1.1690513559469133,1.0136988071981776,1.3278991032506084,0.694879199046924,0.9623353501817118,1.1742745376324577,1.1121913210592533,0.8805647336702014
2023_18_JAX_TEN,2023,20,2024-01-07,13:00,Jacksonville Jaguars,Tennessee Titans,Home,Trevor Lawrence,Ryan Tannehill,00-0036971,00-0029701,7,7,0,0,-1,12,Nissan Stadium,36.1664,-86.7716,America/Chicago,False,False,18,18,Sunday,False,False,0,False,False,0,-1,12,AFC South,TIAA Bank Field,30.3239,-81.6554,America/New_York,AFC South,Nissan Stadium,36.1664,-86.7716,America/Chicago,Carolina Panthers,Houston Texans,TIAA Bank Field,NRG Stadium,Playoffs?,Playoffs?,Playoffs?,Playoffs?,500,0,-500,500,1.0,0.0,America/New_York,America/Chicago,1.0,0.0,1.0,0.0,1.0,0,-1.825,-4.36,-1.825,-4.36,Jacksonville Jaguars,2.535,Jacksonville Jaguars,2.535,-1.825,-4.36,Jacksonville Jaguars,2.535,0.0,0,No,No,No,No,No,1,No,0.0,0.0,-0.831,-1.274,0.2591100000000001,-2.08211,0.2591100000000001,-2.08211,2.10946,2.25254,1.2740300000000002,0.98297,Jacksonville Jaguars,2.3412200000000003,Jacksonville Jaguars,2.3412200000000003,0.2591100000000001,-2.08211,Jacksonville Jaguars,2.3412200000000003,Tie,0.0,Jacksonville Jaguars,0.443,-0.4155,-0.637,Jacksonville Jaguars,0.2215,Tennessee Titans,0.1430800000000003,Jacksonville Jaguars,0.2910600000000002,1.691745,1.617755,Jacksonville Jaguars,0.07399,Different,Same,Different,Same,Different,Same,False,Home Team,Away Team,41.5,154.0,-185.0,Jacksonville Jaguars,Tennessee Titans,3.5,-3.5,-110,-110,-104,-116,-0.1430800000000003,0.1430800000000003,0.2910600000000002,-0.2910600000000002,0.6491,0.3937,0.5238,0.5238,0.537,0.5098,0.6225,0.3775,0.5,0.5,0.513,0.487,0.6225,0.3775,0.1225,-0.1225,41.0,11.0,199,11.0,41.0,0.0,nfl_read_py Fallback,False,T.Lawrence,C.Ward,7.8,8.0,13.07,170.86,Medium,-2.0,17.0,45.3,44.0,13.067491223083836,29.0,63.0,0.267,0.7322,0.0808,0.079,0.3516,0.6484,0.5978,0.4022,20,2024-01-07,Jacksonville Jaguars @ Tennessee Titans,0.4079,0.5919,145,-145,,,,,,,,No Bet,,No Bet,,No Bet,,No Bet,,No Bet,,No Bet,,No Bet,,No Bet,,No Bet,,,,,,,,,,,,,,,0.3803,0.2761,0.3131,0.3396,0.6891,0.6819,0.3109,0.3123,-0.291,-0.2198,0.0833,0.0712,-0.0327,0.1283,20,0.0,0.0,Jacksonville Jaguars,Tennessee Titans,0,0,0,0,0,0,0,0,0,0,0,0,1,0.0,0.0,,,8.957921503537742,0.6987153620540029,0.1429613697746132,0.0056615116308722,0.0598120112919465,0.0004179212340204,0.372672165310579,0.00068915488259,0.2259979797666563,4.665381739005046e-05,7.69324538418713e-05,0.0416025263408928,0.0252288412749992,0.0253057737288411,0.5986701450772354,0.0011070761166104,0.0001235862712319,0.066831367615892,,,0.6225,0.3775,0.606,0.3939,0.7414,0.2578,Jacksonville Jaguars,Jacksonville Jaguars,Jacksonville Jaguars,Jacksonville Jaguars,Jacksonville Jaguars,Same,Same,Same,False,False,0.0001235862712319,0.066831367615892,0.0056615116308722,0.0598120112919465,0.0001235862712319,0.066831367615892,0.0106593773523221,0.0537205438009739,0.671362682864145,0.9996909959319707,1.1668429521184436,1.0159072110266483,1.048537848104297,0.9742404541932422,0.6294508128901175,1.507159074924056,0.8739591675359493,1.118796887193502
2023_18_SEA_ARI,2023,20,2024-01-07,16:25,Seattle Seahawks,Arizona Cardinals,Home,Geno Smith,Kyler Murray,00-0030565,00-0035228,7,7,0,0,-5,5,State Farm Stadium,33.5277,-112.262608,America/Denver,False,False,18,18,Sunday,False,False,0,False,False,0,-5,5,NFC West,Lumen Field,47.5952,-122.3316,America/Los_Angeles,NFC West,State Farm Stadium,33.5277,-112.262608,America/Denver,Pittsburgh Steelers,Philadelphia Eagles,Lumen Field,Lincoln Financial Field,Playoffs?,Playoffs?,Playoffs?,Playoffs?,1103,0,-1103,1103,-1.0,0.0,America/Los_Angeles,America/New_York,-1.0,2.0,-1.0,0.0,-1.0,0,-0.13,0.075,-0.13,0.075,Arizona Cardinals,0.205,Arizona Cardinals,0.205,-0.13,0.075,Arizona Cardinals,0.205,0.0,0,No,No,No,No,No,1,No,0.0,0.0,1.265,-3.672,0.6829949999999999,0.976505,0.6829949999999999,0.976505,0.810945,0.903555,2.026575,-2.719075,Arizona Cardinals,0.2935100000000001,Arizona Cardinals,0.2935100000000001,0.6829949999999999,0.976505,Arizona Cardinals,0.2935100000000001,Tie,0.0,Seattle Seahawks,4.937,0.6325,-1.836,Seattle Seahawks,2.4685,Arizona Cardinals,0.0926099999999999,Seattle Seahawks,4.74565,1.4187600000000002,-0.90776,Seattle Seahawks,2.3265200000000004,Different,Different,Same,Different,Different,Same,False,Home Team,Away Team,48.0,130.0,-155.0,Seattle Seahawks,Arizona Cardinals,2.5,-2.5,-110,-110,181,-224,-0.0926099999999999,0.0926099999999999,4.74565,-4.74565,0.6078,0.4348,0.5238,0.5238,0.6914,0.3559,0.583,0.417,0.5,0.5,0.6602,0.3398,0.583,0.417,0.083,-0.083,,,200,0.0,70.0,0.0,Dome,True,S.Darnold,K.Murray,-0.97,-2.0,13.8,190.56,Med-High,-11.0,9.0,49.91,49.0,13.491944977498802,33.0,68.0,0.5302,0.4684,0.0932,0.0804,0.7574,0.2086,0.6374,0.3626,20,2024-01-07,Seattle Seahawks @ Arizona Cardinals,0.4468,0.5529,124,-124,,,,,,,,No Bet,,No Bet,,No Bet,,No Bet,,No Bet,,No Bet,,No Bet,,No Bet,,No Bet,,,,,,,,,,,,,,,0.23,0.3131,0.2958,0.2943,0.7598,0.7122,0.2402,0.2878,-0.3077,-0.0073,0.0094,0.1594,-0.0726,-0.0144,20,0.0,0.0,Seattle Seahawks,Arizona Cardinals,0,0,0,0,0,0,0,0,0,0,0,0,1,0.0,0.0,,,8.957921503537742,0.9934834805089194,0.0093611673140591,0.0166646864640152,0.0150719869262299,0.0390090739886616,0.048888398954821,0.0545378660321096,0.034968203026004,0.0043547014754768,0.0060882277223093,0.0054575605440964,0.0039036067699626,0.009991834492272,0.0838566019808251,0.0935469400207712,0.0104429291977862,0.0093611673140591,,,0.583,0.417,0.545,0.4548,0.4494,0.5498,Seattle Seahawks,Arizona Cardinals,Seattle Seahawks,Arizona Cardinals,Seattle Seahawks,Same,Same,Same,False,False,0.0104429291977862,0.0093611673140591,0.0166646864640152,0.0150719869262299,0.0104429291977862,0.0093611673140591,0.0213894425977415,0.0195841443659375,0.6956221365590219,0.9754315422370937,1.0891201996500288,1.0936299634950626,0.6856526114936433,1.337125690803893,1.1307539354647826,1.0058559523493864,0.8885515177793016,1.1042045369501543
2023_18_CHI_GB,2023,20,2024-01-07,16:25,Chicago Bears,Green Bay Packers,Home,Justin Fields,Jordan Love,00-0036945,00-0036264,7,7,0,0,12,0,Lambeau Field,44.5013,-88.0622,America/Chicago,False,False,18,18,Sunday,False,False,0,False,False,0,12,0,NFC North,Soldier Field,41.8623,-87.6167,America/Chicago,NFC North,Lambeau Field,44.5013,-88.0622,America/Chicago,Atlanta Falcons,Minnesota Vikings,Soldier Field,U.S. Bank Stadium,Playoffs?,Playoffs?,Playoffs?,Playoffs?,184,0,-184,184,0.0,0.0,America/Chicago,America/Chicago,0.0,0.0,0.0,0.0,0.0,0,-1.575,3.535,-1.575,3.535,Green Bay Packers,5.11,Green Bay Packers,5.11,-1.575,3.535,Green Bay Packers,5.11,0.0,0,No,No,No,No,No,1,No,0.0,0.0,-7.898,-4.219,-1.7473549999999998,3.166855,-1.7473549999999998,3.166855,-0.2234549999999999,-0.317045,-8.084665,-4.572835,Green Bay Packers,4.91421,Green Bay Packers,4.91421,-1.7473549999999998,3.166855,Green Bay Packers,4.91421,Tie,0.0,Green Bay Packers,3.679,-3.949,-2.1095,Green Bay Packers,1.8395,Chicago Bears,0.09359,Green Bay Packers,3.51183,-4.154059999999999,-2.44494,Green Bay Packers,1.7091199999999995,Different,Same,Different,Same,Different,Same,False,Away Team,Home Team,45.5,-148.0,124.0,Green Bay Packers,Chicago Bears,-2.5,2.5,-110,-110,-191,156,0.09359,-0.09359,-3.51183,3.51183,0.4464,0.5968,0.5238,0.5238,0.3906,0.6564,0.4279,0.5721,0.5,0.5,0.3731,0.6269,0.4279,0.5721,-0.0721,0.0721,34.0,7.0,201,7.0,34.0,0.0,nfl_read_py Fallback,False,C.Williams,J.Love,-0.94,-2.0,14.08,198.26,High,-11.0,9.0,51.21,50.0,13.9398064692764,34.0,70.0,0.5312,0.4682,0.0842,0.097,0.4954,0.5046,0.6428,0.3572,20,2024-01-07,Chicago Bears @ Green Bay Packers,0.5576,0.4423,-126,126,,,,,,,,No Bet,,No Bet,,No Bet,,No Bet,,No Bet,,No Bet,,No Bet,,No Bet,,No Bet,,,,,,,,,,,,,,,0.1986,0.3356,0.3282,0.2273,0.6162,0.7105,0.3838,0.2895,-0.2632,-0.2506,0.1438,-0.1097,-0.0551,-0.0577,20,0.0,0.0,Green Bay Packers,Chicago Bears,0,0,0,0,0,0,0,0,0,0,0,0,1,0.0,0.0,,,8.957921503537742,0.593480439103787,0.7486051804535907,0.0199152388254399,0.0081360306724556,0.0683633384226657,0.0021747583381333,0.0511320966807527,0.0029076402085676,0.0076316072200082,0.0057080313396985,0.0002427748822396,0.0003245887126181,0.0060326200523166,0.0050823985467009,0.1194954351034185,0.0133396385597067,0.0005673635948577,,,0.4279,0.5721,0.4163,0.5834,0.4672,0.5314,Green Bay Packers,Green Bay Packers,Green Bay Packers,Green Bay Packers,Green Bay Packers,Same,Same,Same,False,False,0.0133396385597067,0.0005673635948577,0.0199152388254399,0.0081360306724556,0.0133396385597067,0.0005673635948577,0.0246522360986664,0.0142212425391581,0.9469843241961052,0.7240693546000114,1.0747118908523456,1.108038272292747,1.2549491493754117,0.767829152922127,1.1195946032070458,1.0170152846071234,1.0977389779703048,0.8950170767591472
2023_18_KC_LAC,2023,20,2024-01-07,16:25,Kansas City Chiefs,Los Angeles Chargers,Home,Blaine Gabbert,Easton Stick,00-0027948,00-0035282,7,7,0,0,-12,-6,SoFi Stadium,33.9535,-118.3395,America/Los_Angeles,False,False,18,18,Sunday,False,False,0,False,False,0,-12,-6,AFC West,GEHA Field at Arrowhead Stadium,39.0489,-94.4839,America/Chicago,AFC West,SoFi Stadium,33.9535,-118.3395,America/Los_Angeles,Cincinnati Bengals,Denver Broncos,GEHA Field at Arrowhead Stadium,Empower Field at Mile High,Playoffs?,Playoffs?,Playoffs?,Playoffs?,1366,0,-1366,1366,2.0,0.0,America/Chicago,America/Denver,2.0,1.0,2.0,0.0,2.0,0,4.395,0.935,4.395,0.935,Kansas City Chiefs,3.4599999999999995,Kansas City Chiefs,3.4599999999999995,4.395,0.935,Kansas City Chiefs,3.4599999999999995,-0.15,0,No,No,No,No,No,1,No,0.0,0.0,8.791,0.306,3.539725,0.915775,3.539725,0.915775,-0.8206750000000002,-0.053825,7.885475,0.3370249999999999,Kansas City Chiefs,2.62395,Kansas City Chiefs,2.62395,3.539725,0.915775,Kansas City Chiefs,2.62395,Tie,0.0,Kansas City Chiefs,8.485000000000001,4.3955,0.153,Kansas City Chiefs,4.242500000000001,Los Angeles Chargers,0.7668500000000001,Kansas City Chiefs,7.548450000000001,3.5324,0.1415999999999999,Kansas City Chiefs,3.3908,Different,Same,Different,Same,Different,Same,False,Home Team,Away Team,35.0,-185.0,154.0,Los Angeles Chargers,Kansas City Chiefs,-3.5,3.5,-122,101,268,-346,-0.7668500000000001,0.7668500000000001,7.548450000000001,-7.548450000000001,0.3937,0.6491,0.4975,0.5495,0.7758,0.2717,0.3775,0.6225,0.4752,0.5248,0.7406,0.2594,0.3775,0.6225,-0.1225,0.1225,,,202,0.0,70.0,0.0,Dome,True,P.Mahomes,J.Herbert,10.59,11.0,13.25,175.66,Medium,3.0,20.0,52.48,52.0,13.304569100568058,36.0,70.0,0.2054,0.7942,0.0652,0.067,0.1576,0.8424,0.9046,0.0808,20,2024-01-07,Kansas City Chiefs @ Los Angeles Chargers,0.403,0.5969,148,-148,,,,,,,,No Bet,,No Bet,,No Bet,,No Bet,,No Bet,,No Bet,,No Bet,,No Bet,,No Bet,,,,,,,,,,,,,,,0.31,0.2746,0.2621,0.2641,0.7035,0.6482,0.2965,0.3518,-0.2056,-0.0051,0.0804,0.2564,0.193,0.3131,20,0.0,0.0,Los Angeles Chargers,Kansas City Chiefs,0,0,0,0,0,0,0,0,0,0,0,0,1,0.0,0.0,,,8.957921503537742,0.347350971297408,0.0,0.0613719644678571,0.0003472572640965,0.4247537726091293,0.0,0.2575816050762189,0.0,0.0474165544363591,0.0287546173489567,0.0,0.0,0.0287546173489567,0.0,0.6823353776853484,0.0761711717853158,0.0,,,0.3775,0.6225,0.5936,0.4064,0.781,0.2188,Los Angeles Chargers,Kansas City Chiefs,Kansas City Chiefs,Kansas City Chiefs,Kansas City Chiefs,Same,Same,Same,False,False,0.0761711717853158,0.0,0.0613719644678571,0.0003472572640965,0.0761711717853158,0.0,0.0504208804602766,0.0025022841924485,0.9944738681598977,0.6765798106362193,1.0602407465054753,1.1225094166396126,0.47380987226704685,1.5489684300304893,0.3918415917375897,1.7447682960765853,0.7384230716048528,1.2543329831245975
2023_18_DEN_LV,2023,20,2024-01-07,16:25,Denver Broncos,Las Vegas Raiders,Home,Jarrett Stidham,Aidan O'Connell,00-0035264,00-0038579,7,7,0,0,3,-5,Allegiant Stadium,36.108,-115.1578,America/Los_Angeles,False,False,18,18,Sunday,False,False,0,False,False,0,3,-5,AFC West,Empower Field at Mile High,39.7648,-105.0076,America/Denver,AFC West,Allegiant Stadium,36.108,-115.1578,America/Los_Angeles,Los Angeles Chargers,Indianapolis Colts,Empower Field at Mile High,Lucas Oil Stadium,Playoffs?,Playoffs?,Playoffs?,Playoffs?,607,0,-607,607,1.0,0.0,America/Denver,America/Indiana/Indianapolis,1.0,3.0,1.0,0.0,1.0,0,2.05,-2.35,2.05,-2.35,Denver Broncos,4.4,Denver Broncos,4.4,2.05,-2.35,Denver Broncos,4.4,0.0,0,No,No,No,No,No,1,No,0.0,0.0,-8.65,-2.18,0.6379849999999999,-2.303485,0.6379849999999999,-2.303485,-1.368015,0.002515,-9.953315,-2.242185,Denver Broncos,2.94147,Denver Broncos,2.94147,0.6379849999999999,-2.303485,Denver Broncos,2.94147,Tie,0.0,Las Vegas Raiders,6.470000000000001,-4.325,-1.09,Las Vegas Raiders,3.2350000000000003,Las Vegas Raiders,1.37053,Las Vegas Raiders,7.71113,-5.660665,-1.119835,Las Vegas Raiders,4.54083,Different,Different,Different,Different,Different,Same,False,Home Team,Home Team,37.5,-175.0,145.0,Las Vegas Raiders,Denver Broncos,-3.5,3.5,-128,105,-346,268,-1.37053,1.37053,-7.71113,7.71113,0.4082,0.6364,0.4878,0.5614,0.2717,0.7758,0.3908,0.6092,0.4649,0.5351,0.2594,0.7406,0.3908,0.6092,-0.1092,0.1092,,,203,0.0,70.0,0.0,Dome,True,B.Nix,G.Smith,-6.58,-7.0,13.15,172.94,Medium,-16.0,3.0,43.79,43.0,12.66218138108381,28.0,60.0,0.6936,0.3054,0.0818,0.0818,0.6116,0.3884,0.67,0.33,20,2024-01-07,Denver Broncos @ Las Vegas Raiders,0.6446,0.3551,-181,182,,,,,,,,No Bet,,No Bet,,No Bet,,No Bet,,No Bet,,No Bet,,No Bet,,No Bet,,No Bet,,,,,,,,,,,,,,,0.349,0.3287,0.2784,0.2984,0.6944,0.7431,0.3056,0.2569,-0.0675,-0.0906,0.1187,0.1153,-0.0025,-0.2523,20,0.0,0.0,Las Vegas Raiders,Denver Broncos,0,0,0,0,0,0,0,0,0,0,0,0,1,0.0,0.0,,,8.957921503537742,0.7586900265907571,0.5680531069091093,0.0638283175873214,0.00917724246356,0.4330398141860238,0.0004326453463713,0.2777937612998984,0.0006744307702391,0.0483415504383471,0.0310109617716776,4.829751479743502e-05,7.528875643448673e-05,0.0310862505281121,0.0011070761166104,0.7108335754859223,0.0793525122100247,0.0001235862712319,,,0.3908,0.6092,0.3817,0.6179,0.3612,0.6372,Las Vegas Raiders,Las Vegas Raiders,Las Vegas Raiders,Las Vegas Raiders,Las Vegas Raiders,Same,Same,Same,False,False,0.0793525122100247,0.0001235862712319,0.0638283175873214,0.00917724246356,0.0793525122100247,0.0001235862712319,0.0522791120901781,0.016105874605989,0.9766840490265746,0.6943696297695408,1.091349257624971,1.0914009055201181,1.4451899310214844,0.5775883712760498,1.4181663022233226,0.7184435855908463,1.2250658184961456,0.7676902362333127
2023_18_PHI_NYG,2023,20,2024-01-07,16:25,Philadelphia Eagles,New York Giants,Home,Jalen Hurts,Tyrod Taylor,00-0036389,00-0028118,7,7,0,0,-7,-8,MetLife Stadium,40.8136,-74.0744,America/New_York,False,False,18,18,Sunday,False,False,0,False,False,0,-7,-8,NFC East,Lincoln Financial Field,39.9008,-75.1675,America/New_York,NFC East,MetLife Stadium,40.8136,-74.0744,America/New_York,Arizona Cardinals,Los Angeles Rams,Lincoln Financial Field,MetLife Stadium,Playoffs?,Playoffs?,Playoffs?,Playoffs?,85,0,-85,85,0.0,0.0,America/New_York,America/New_York,0.0,0.0,0.0,0.0,0.0,0,4.905,-2.84,4.905,-2.84,Philadelphia Eagles,7.745,Philadelphia Eagles,7.745,4.905,-2.84,Philadelphia Eagles,7.745,0.0,0,No,No,No,No,No,1,No,0.0,0.0,8.409,-2.869,4.29354,-3.64054,4.29354,-3.64054,-0.53401,-0.8779899999999999,7.76221,-3.63421,Philadelphia Eagles,7.93408,Philadelphia Eagles,7.93408,4.29354,-3.64054,Philadelphia Eagles,7.93408,Tie,0.0,Philadelphia Eagles,11.278,4.2045,-1.4345,Philadelphia Eagles,5.639,Philadelphia Eagles,0.3439799999999999,Philadelphia Eagles,11.39642,3.6141,-2.2561,Philadelphia Eagles,5.8702000000000005,Different,Same,Same,Same,Different,Same,False,Away Team,Away Team,43.0,190.0,-238.0,Philadelphia Eagles,New York Giants,4.5,-4.5,-104,-116,450,-646,0.3439799999999999,-0.3439799999999999,11.39642,-11.39642,0.7041,0.3448,0.537,0.5098,0.866,0.1818,0.6713,0.3287,0.513,0.487,0.8265,0.1735,0.6713,0.3287,0.1713,-0.1713,36.0,12.0,204,12.0,36.0,0.0,nfl_read_py Fallback,False,J.Hurts,J.Dart,10.02,11.0,13.58,184.44,Med-High,2.0,19.0,46.6,46.0,13.057885545331716,30.0,64.0,0.2238,0.7756,0.0664,0.0674,0.314,0.686,0.5642,0.388,20,2024-01-07,Philadelphia Eagles @ New York Giants,0.3032,0.6966,230,-230,,,,,,,,No Bet,,No Bet,,No Bet,,No Bet,,No Bet,,No Bet,,No Bet,,No Bet,,No Bet,,,,,,,,,,,,,,,0.3907,0.2719,0.3678,0.3298,0.6773,0.6484,0.3227,0.3516,-0.2367,-0.1157,0.0478,0.1135,0.0089,0.3028,20,0.0,0.0,Philadelphia Eagles,New York Giants,0,0,0,0,0,0,0,0,0,0,0,0,1,0.0,0.0,,,8.957921503537742,0.7648334296525442,0.0,0.0028179590164536,0.0117994480236995,0.000663453069798,0.0,0.0013549621106037,0.0,7.40632823737143e-05,0.0001512585380513,0.0,0.0,0.0001512585380513,0.0,0.0020184151804018,0.000225321820425,0.0,,,0.6713,0.3287,0.6566,0.3432,0.7196,0.2796,Philadelphia Eagles,Philadelphia Eagles,Philadelphia Eagles,Philadelphia Eagles,Philadelphia Eagles,Same,Same,Same,False,False,0.000225321820425,0.0,0.0028179590164536,0.0117994480236995,0.000225321820425,0.0,0.0061919386749315,0.020243780481276,0.5554981303724328,1.1155555484236823,1.0757098189585788,1.1070403441865142,0.3571420274573695,1.6656362748401652,0.486452192808874,1.6501576950053016,0.6130239786378651,1.3797320760915903
2023_18_LA_SF,2023,20,2024-01-07,16:25,Los Angeles Rams,San Francisco 49ers,Home,Carson Wentz,Sam Darnold,00-0032950,00-0034869,7,7,0,0,-17,-20,Levi's Stadium,37.4031,-121.9702,America/Los_Angeles,False,True,18,18,Sunday,False,False,0,False,False,0,-17,-20,NFC West,SoFi Stadium,33.9535,-118.3395,America/Los_Angeles,NFC West,Levi's Stadium,37.4031,-121.9702,America/Los_Angeles,New York Giants,Washington Commanders,MetLife Stadium,FedExField,Playoffs?,Playoffs?,Playoffs?,Playoffs?,313,0,-313,313,0.0,0.0,America/New_York,America/New_York,3.0,3.0,0.0,0.0,0.0,0,1.29,3.325,1.29,3.325,San Francisco 49ers,2.035,San Francisco 49ers,2.035,1.29,3.325,San Francisco 49ers,2.035,0.0,0,No,No,No,No,No,1,No,0.0,0.0,1.559,8.506,0.7742249999999999,2.609275,0.7742249999999999,2.609275,-0.5361250000000001,-0.6953750000000001,1.0923449999999997,7.741155,San Francisco 49ers,1.8350500000000003,San Francisco 49ers,1.8350500000000003,0.7742249999999999,2.609275,San Francisco 49ers,1.8350500000000003,Tie,0.0,San Francisco 49ers,6.947,0.7795,4.253,San Francisco 49ers,3.4735,Los Angeles Rams,0.15925,San Francisco 49ers,6.64881,0.2781099999999998,3.52289,San Francisco 49ers,3.24478,Different,Same,Different,Same,Different,Same,False,Away Team,Home Team,40.0,-245.0,200.0,San Francisco 49ers,Los Angeles Rams,-5.5,5.5,-110,-110,-282,224,0.15925,-0.15925,-6.64881,6.64881,0.3333,0.7101,0.5238,0.5238,0.3086,0.7382,0.3194,0.6806,0.5,0.5,0.2948,0.7052,0.3194,0.6806,-0.1806,0.1806,52.0,11.0,205,11.0,52.0,0.0,nfl_read_py Fallback,False,M.Stafford,M.Jones,-0.05,1.0,13.95,194.61,Med-High,-10.0,10.0,51.52,51.0,14.094069984278647,34.0,70.0,0.4926,0.5064,0.0864,0.0908,0.367,0.633,0.7706,0.2036,20,2024-01-07,Los Angeles Rams @ San Francisco 49ers,0.5946,0.4052,-147,147,,,,,,,,No Bet,,No Bet,,No Bet,,No Bet,,No Bet,,No Bet,,No Bet,,No Bet,,No Bet,,,,,,,,,,,,,,,0.3017,0.3454,0.3038,0.2532,0.675,0.6951,0.325,0.3049,0.0776,-0.112,0.3026,0.0504,0.5133,0.1155,20,0.0,0.0,San Francisco 49ers,Los Angeles Rams,0,0,0,0,0,0,0,0,0,0,0,0,1,0.0,0.0,,,8.957921503537742,0.0,0.1628032076820664,0.0112858634848117,0.002076790423814,0.0,0.0003390122760074,0.0,0.0007223912180671,0.0,0.0,3.784497060769634e-05,8.064272697432098e-05,8.064272697432098e-05,0.0010614034940746,0.0,0.0,0.000118487697582,,,0.3194,0.6806,0.3304,0.6693,0.3484,0.6506,San Francisco 49ers,San Francisco 49ers,San Francisco 49ers,Los Angeles Rams,San Francisco 49ers,Same,Different,Same,False,False,0.0,0.000118487697582,0.0112858634848117,0.002076790423814,0.0,0.000118487697582,0.0194481459706443,0.0051091221605394,1.1310299303560838,0.5400237484400271,1.0783435553717116,1.1044066077733765,1.4173164003354346,0.6054619019621004,1.0404580059637054,1.0961518818504647,1.1746256247384552,0.8181304299909963
2023_18_DAL_WAS,2023,20,2024-01-07,16:25,Dallas Cowboys,Washington Commanders,Home,Dak Prescott,Sam Howell,00-0033077,00-0037077,8,7,1,-1,1,12,FedExField,38.9077,-76.8645,America/New_York,False,False,18,18,Sunday,False,False,0,False,False,0,1,12,NFC East,AT&T Stadium,32.7369,-97.0826,America/Chicago,NFC East,FedExField,38.9077,-76.8645,America/New_York,Detroit Lions,San Francisco 49ers,AT&T Stadium,FedExField,Playoffs?,Playoffs?,Playoffs?,Playoffs?,1206,0,-1206,1206,-1.0,0.0,America/Chicago,America/New_York,-1.0,0.0,-1.0,0.0,-1.0,0,-0.615,1.45,-0.615,1.45,Washington Commanders,2.065,Washington Commanders,2.065,-0.615,1.45,Washington Commanders,2.065,0.0,0,No,No,No,No,No,1,No,0.0,0.0,5.882,-1.022,-1.6859499999999998,1.11195,-1.6859499999999998,1.11195,-1.0916,-0.3173999999999999,4.72136,-1.27036,Washington Commanders,2.7979,Washington Commanders,2.7979,-1.6859499999999998,1.11195,Washington Commanders,2.7979,Tie,0.0,Dallas Cowboys,6.904,2.941,-0.511,Dallas Cowboys,3.452,Washington Commanders,0.7742,Dallas Cowboys,5.99172,1.81488,-0.7938799999999999,Dallas Cowboys,2.60876,Different,Different,Same,Different,Different,Same,False,Home Team,Away Team,47.5,575.0,-850.0,Dallas Cowboys,Washington Commanders,13.0,-13.0,-122,101,208,-261,-0.7742,0.7742,5.99172,-5.99172,0.8947,0.1481,0.4975,0.5495,0.723,0.3247,0.8579,0.1421,0.4752,0.5248,0.6901,0.3099,0.8579,0.1421,0.3579,-0.3579,48.0,13.0,206,13.0,48.0,0.0,nfl_read_py Fallback,False,D.Prescott,J.Daniels,11.64,12.0,13.75,189.01,Med-High,3.0,21.0,53.73,53.0,13.606068824674246,36.0,72.0,0.1928,0.8068,0.0638,0.0654,0.5218,0.4398,0.6552,0.3448,20,2024-01-07,Dallas Cowboys @ Washington Commanders,0.2924,0.7075,242,-242,,,,,,,,No Bet,,No Bet,,No Bet,,No Bet,,No Bet,,No Bet,,No Bet,,No Bet,,No Bet,,,,,,,,,,,,,,,0.3401,0.2949,0.3095,0.3968,0.6796,0.6958,0.3204,0.3042,-0.4457,-0.1879,0.043,0.1492,-0.0692,0.1819,20,0.0,0.0,Dallas Cowboys,Washington Commanders,0,0,0,0,0,0,0,0,0,0,0,0,1,0.0,0.0,,,8.957921503537742,0.1176368692321652,0.0,0.001283694352429,0.0350454923132949,0.000150825436508,0.0,0.0009105780575666,0.0,1.6837101826404664e-05,0.0001016505957556,0.0,0.0,0.0001016505957556,0.0,0.0010614034940746,0.000118487697582,0.0,,,0.8579,0.1421,0.731,0.2689,0.8126,0.187,Dallas Cowboys,Dallas Cowboys,Dallas Cowboys,Dallas Cowboys,Dallas Cowboys,Same,Same,Same,False,False,0.000118487697582,0.0,0.001283694352429,0.0350454923132949,0.000118487697582,0.0,0.0038804741837003,0.0562560699332264,0.25098501309676907,1.420068665699346,1.1926422679721151,0.9901078951729774,0.6620907697449824,1.3606875325525543,0.4410441671567144,1.6955657206574544,0.615978395290503,1.3767776594389465
2023_18_BUF_MIA,2023,20,2024-01-07,20:20,Buffalo Bills,Miami Dolphins,Home,Josh Allen,Tua Tagovailoa,00-0034857,00-0036212,7,7,0,0,0,7,Hard Rock Stadium,25.9602,-80.2384,America/New_York,False,False,18,18,Sunday,False,False,0,False,False,0,0,7,AFC East,Highmark Stadium,42.7725,-78.7877,America/New_York,AFC East,Hard Rock Stadium,25.9602,-80.2384,America/New_York,New England Patriots,Baltimore Ravens,Highmark Stadium,M&T Bank Stadium,Playoffs?,Playoffs?,Playoffs?,Playoffs?,1164,0,-1164,1164,0.0,0.0,America/New_York,America/New_York,0.0,0.0,0.0,0.0,0.0,0,4.795,0.66,4.795,0.66,Buffalo Bills,4.135,Buffalo Bills,4.135,4.795,0.66,Buffalo Bills,4.135,0.0,0,No,No,No,No,No,1,No,0.0,0.0,8.815,0.176,4.030565,3.007935,4.030565,3.007935,-0.723085,2.306585,8.005525,2.568975,Buffalo Bills,1.02263,Buffalo Bills,1.02263,4.030565,3.007935,Buffalo Bills,1.02263,Tie,0.0,Buffalo Bills,8.639,4.4075,0.088,Buffalo Bills,4.3195,Miami Dolphins,3.0296700000000003,Buffalo Bills,5.43655,3.64122,2.43778,Buffalo Bills,1.20344,Different,Same,Different,Same,Different,Same,False,Home Team,Away Team,47.5,130.0,-155.0,Buffalo Bills,Miami Dolphins,2.5,-2.5,-164,135,195,-244,-3.0296700000000003,3.0296700000000003,5.43655,-5.43655,0.6078,0.4348,0.4255,0.6212,0.7093,0.339,0.583,0.417,0.4065,0.5935,0.6766,0.3234,0.583,0.417,0.083,-0.083,63.0,6.0,207,6.0,63.0,0.0,nfl_read_py Fallback,False,J.Allen,T.Tagovailoa,-2.24,-3.0,14.66,214.91,High,-12.0,8.0,57.38,57.0,14.504564986275463,39.0,76.0,0.565,0.4342,0.0784,0.0866,0.6008,0.3992,0.745,0.255,20,2024-01-07,Buffalo Bills @ Miami Dolphins,0.4747,0.5251,111,-111,,,,,,,,No Bet,,No Bet,,No Bet,,No Bet,,No Bet,,No Bet,,No Bet,,No Bet,,No Bet,,,,,,,,,,,,,,,0.2785,0.2914,0.3369,0.3112,0.7627,0.6401,0.2373,0.3599,-0.0255,0.1574,0.1938,0.2138,0.2394,0.1883,20,0.0,0.0,Buffalo Bills,Miami Dolphins,0,0,0,0,0,0,0,0,0,0,0,0,1,0.0,0.0,,,8.957921503537742,0.0,0.0,0.0016897166672936,0.0033702573402867,0.0,0.0,0.0,0.0,0.0,0.0,0.0,0.0,0.0,0.0,0.0,0.0,0.0,,,0.583,0.417,0.5452,0.4546,0.4278,0.5714,Buffalo Bills,Miami Dolphins,Buffalo Bills,Miami Dolphins,Buffalo Bills,Same,Same,Same,False,False,0.0,0.0,0.0016897166672936,0.0033702573402867,0.0,0.0,0.0045819944434982,0.0071854531824413,0.6981047089709824,0.9729489698251338,1.2977560031330617,0.884994160012031,0.6559084655423032,1.3668698367552352,1.209344676082289,0.9272652117318799,0.9478913976161969,1.044864657113248
