Game ID,Season,Week_x,Date_x,Time,Away Team,Home Team,Location,Away QB,Home QB,Away QB ID,Home QB ID,Away Team Weekly Rest,Home Team Weekly Rest,Weekly Away Rest Advantage,Weekly Home Rest Advantage,Away Cumulative Rest Advantage,Home Cumulative Rest Advantage,Actual Stadium,Actual Stadium Latitude,Actual Stadium Longitude,Actual Stadium TimeZone,International Game,Back to Back Away Games,Circa Week,NFL Week,Day of Week,Big Splash Active,Big Splash Multi-Pick Week,Big Splash Picks Required,Survivor World Championship Active,Survivor World Championship Multi-Pick Week,Survivor World Championship Picks Required,Away Team Current Week Cumulative Rest Advantage,Home Team Current Week Cumulative Rest Advantage,Away Team Division,Away Stadium,Away Stadium Latitude,Away Stadium Longitude,Away Stadium TimeZone,Home Team Division,Home Stadium,Home Stadium Latitude,Home Stadium Longitude,Home Stadium TimeZone,Away Team Previous Opponent,Home Team Previous Opponent,Away Team Previous Location,Home Team Previous Location,Away Team Next Opponent,Home Team Next Opponent,Away Team Next Location,Home Team Next Location,Away Travel Distance,Home Travel Distance,Away Travel Advantage,Home Travel Advantage,Away Timezone Change,Home Timezone Change,Away Previous Game Actual Stadium TimeZone,Home Previous Game Actual Stadium TimeZone,Away Weekly Timezone Difference,Home Weekly Timezone Difference,Adjusted Away Timezone Change,Adjusted Home Timezone Change,Away Timezone Advantage,Home Timezone Advantage,Away Team Massey-Peabody Preseason Rank,Home Team Massey-Peabody Preseason Rank,Away Team Generic Sports Fan Preseason Rank,Home Team Generic Sports Fan Preseason Rank,Massey-Peabody Preseason Winner,Massey-Peabody Preseason Difference,Generic Sports Fan Preseason Winner,Generic Sports Fan Preseason Difference,Away Team MP + GSF Average Preseason Rank,Home Team MP + GSF Average Preseason Rank,MP + GSF Average Preseason Winner,MP + GSF Average Preseason Difference,Away NonLinear TZ,Home NonLinear TZ,Home Team 3 games in 10 days,Away Team 3 games in 10 days,Home Team 4 games in 17 days,Away Team 4 games in 17 days,Away Team Short Rest,Divisional Matchup?,Home Team Short Rest,Away Team Massey-Peabody Current Rank,Home Team Massey-Peabody Current Rank,Away Team Generic Sports Fan Current Rank,Home Team Generic Sports Fan Current Rank,Away Team Adjusted Massey-Peabody Preseason Rank,Home Team Adjusted Massey-Peabody Preseason Rank,Away Team Adjusted Generic Sports Fan Preseason Rank,Home Team Adjusted Generic Sports Fan Preseason Rank,Away Team Adjusted Massey-Peabody Current Rank,Home Team Adjusted Massey-Peabody Current Rank,Away Team Adjusted Generic Sports Fan Current Rank,Home Team Adjusted Generic Sports Fan Current Rank,Adjusted Massey-Peabody Preseason Winner,Adjusted Massey-Peabody Preseason Difference,Adjusted Generic Sports Fan Preseason Winner,Adjusted Generic Sports Fan Preseason Difference,Away Team Adjusted MP + GSF Average Preseason Rank,Home Team Adjusted MP + GSF Average Preseason Rank,Adjusted MP + GSF Average Preseason Winner,Adjusted MP + GSF Average Preseason Difference,Massey-Peabody Current Winner,Massey-Peabody Current Difference,Generic Sports Fan Current Winner,Generic Sports Fan Current Difference,Away Team MP + GSF Average Current Rank,Home Team MP + GSF Average Current Rank,MP + GSF Average Current Winner,MP + GSF Average Current Difference,Adjusted Massey-Peabody Current Winner,Adjusted Massey-Peabody Current Difference,Adjusted Generic Sports Fan Current Winner,Adjusted Generic Sports Fan Current Difference,Away Team Adjusted MP + GSF Average Current Rank,Home Team Adjusted MP + GSF Average Current Rank,Adjusted MP + GSF Average Current Winner,Adjusted MP + GSF Average Current Difference,Massey-Peabody Bayesian Same Winner Across All Metrics,Generic Sports Fan Bayesian Same Adjusted Winner Across All Metrics,Massey-Peabody Bayesian Same Current and Preseason Adjusted Winner,Generic Sports Fan Bayesian Current and Preseason Adjusted Winner,Massey-Peabody Bayesian Same Current and Adjusted Current Winner,Generic Sports Fan Bayesian Same Current and Adjusted Current Winner,Thursday Night Game,Masey-Peabody Home Team Winner?,Generic Sports Fan Home Team Winner?,Total Line,Home Team Sportsbook Moneyline,Away Team Sportsbook Moneyline,Sportsbook Favorite,Sportsbook Underdog,Home Team Sportsbook Spread,Away Team Sportsbook Spread,Massey-Peabody Home Team Moneyline,Massey-Peabody Away Team Moneyline,Generic Sports Fan Home Team Moneyline,Generic Sports Fan Away Team Moneyline,Massey-Peabody Home Team Spread,Massey-Peabody Away Team Spread,Generic Sports Fan Home Team Spread,Generic Sports Fan Away Team Spread,Away Team Sportsbook Implied Odds to Win,Home Team Sportsbook Implied Odds to Win,Away Team Massey-Peabody Implied Odds to Win,Home Team Massey-Peabody Implied Odds to Win,Away Team Generic Sports Fan Implied Odds to Win,Home Team Generic Sports Fan Implied Odds to Win,Away Team Sportsbook Fair Odds,Home Team Sportsbook Fair Odds,Away Team Massey-Peabody Fair Odds,Home Team Massey-Peabody Fair Odds,Away Team Generic Sports Fan Fair Odds,Home Team Generic Sports Fan Fair Odds,Away Team Fair Odds,Home Team Fair Odds,Away Team Expected Win Advantage,Home Team Expected Win Advantage,temp,wind,Matchup_ID,Wind,Temperature,Precipitation,Sim_Weather_Source,Dome,Away_Starting_QB,Home_Starting_QB,Sim_Spread_Mean,Sim_Spread_Median,Sim_Spread_Std,Sim_Spread_Variance,Sim_Spread_Variance_Label,Sim_Spread_25th,Sim_Spread_75th,Sim_Total_Mean,Sim_Total_Median,Sim_Total_Std,Sim_Total_10th_Floor,Sim_Total_90th_Ceiling,Sim_Home_Win_Pct,Sim_Away_Win_Pct,Sim_Prob_Land_3,Sim_Prob_Land_7,Sim_Home_Cover_Prob,Sim_Away_Cover_Prob,Sim_Prob_Over,Sim_Prob_Under,Week_y,Date_y,Matchup,Consensus Home Win Pct,Consensus Away Win Pct,Consensus Home Team Odds,Consensus Away Team Odds,Market Home Team Implied Odds,Market Away Team Implied Odds,Monte Carlo Home Team Spread,Monte Carlo Away Team Spread,Monte Carlo Total,Consensus Home Team Spread,Consensus Away Team Spread,GSF Spread Bet,GSF Spread Edge,Massey-Peabody Spread Bet,Massey-Peabody Spread Edge,Monte Carlo Spread Bet,Monte Carlo Spread Edge,Consensus Spread Bet,Consensus Spread Edge,GSF Moneyline Bet,GSF Moneyline Edge,Massey-Peabody Moneyline Bet,Massey-Peabody Moneyline Edge,Monte Carlo Moneyline Bet,Monte Carlo Moneyline Edge,Consensus Moneyline Bet,Consensus Moneyline Edge,Monte Carlo Total Bet,Monte Carlo Total Edge,MC ML Unit Wager,MC ML Unit to Win,MC ML Kelly Wager,MC ML Kelly To Win,MC Spread Unit Wager,MC Spread Unit to Win,MC Spread Kelly Wager,MC Spread Kelly To Win,MC Total Unit Wager,MC Total Unit to Win,MC Total Kelly Wager,MC Total Kelly To Win,MC Bet Direction,Home Team Offensive Pressure Allowed Rate,Away Team Offensive Pressure Allowed Rate,Home Team Defensive Pressure Generated Rate,Away Team Defensive Pressure Generated Rate,Home Team Zone Rate,Away Team Zone Rate,Home Team Man Rate,Away Team Man Rate,Home Team Offensive EPA vs Pressure,Away Team Offensive EPA vs Pressure,Home Team Offensive EPA vs Zone,Away Team Offensive EPA vs Zone,Home Team Offensive EPA vs Man,Away Team Offensive EPA vs Man,Week,Away Team Cumulative Win Percentage,Home Team Cumulative Win Percentage,Favorite,Underdog,Away Team Thanksgiving Favorite,Home Team Thanksgiving Favorite,Away Team Thanksgiving Underdog,Home Team Thanksgiving Underdog,Away Team Christmas Favorite,Home Team Christmas Favorite,Away Team Christmas Underdog,Home Team Christmas Underdog,Away Team Pre Thanksgiving,Home Team Pre Thanksgiving,Away Team Pre Christmas,Home Team Pre Christmas,Divisional Matchup Boolean,Away Team Star Rating,Home Team Star Rating,Away Team Public Pick %,Home Team Public Pick %,Total Remaining Entries at Start of Week,Home Team Expected Availability,Away Team Expected Availability,Home Pick %,Away Pick %,Expected Home Team Survivors,Expected Away Team Survivors,Expected Home Team Eliminations,Expected Away Team Eliminations,Home Predicted_Pick_Pct,Away Predicted_Pick_Pct,Home Expected Survival Rate,Home Expected Elimination Percent,Away Expected Survival Rate,Away Expected Elimination Percent,Expected Eliminated Entry Percent From Game,Expected Away Team Picks,Expected Home Team Picks,Avg Survivors,Avg Eliminations,Preseason Away Team Sportsbook Fair Odds,Preseason Home Team Sportsbook Fair Odds,Preseason Consensus Away Win Pct,Preseason Consensus Home Win Pct,Preseason Sim_Away_Win_Pct,Preseason Sim_Home_Win_Pct,Preseason Sportsbook Favorite,Preseason Sim Favorite,Preseason Consensus Favorite,Sim Favorite,Consensus Favorite,Sportsbook Bayesian Same Current and Preseason Adjusted Winner,Sim Bayesian Same Current and Preseason Adjusted Winner,Consensus Bayesian Same Current and Preseason Adjusted Winner,Away_Odds_Imputed,Home_Odds_Imputed,Topdown Home Pick %,Topdown Away Pick %,Predicted Circa Home Pick %,Predicted Circa Away Pick %,Top Down Circa Home Pick %,Top Down Circa Away Pick %,Archetype Circa Home Pick %,Archetype Circa Away Pick %,sportsbook_Home_EV,sportsbook_Away_EV,mp_Home_EV,mp_Away_EV,gsf_Home_EV,gsf_Away_EV,sim_Home_EV,sim_Away_EV,consensus_Home_EV,consensus_Away_EV
2024_15_LA_SF,2024,16,2024-12-12,20:15,Los Angeles Rams,San Francisco 49ers,Home,Matthew Stafford,Brock Purdy,00-0026498,00-0037834,4,4,0,0,-1,-23,Levi's Stadium,37.4031,-121.9702,America/Los_Angeles,False,False,15,15,Thursday,False,False,0,False,False,0,-1,-23,NFC West,SoFi Stadium,33.9535,-118.3395,America/Los_Angeles,NFC West,Levi's Stadium,37.4031,-121.9702,America/Los_Angeles,Buffalo Bills,Chicago Bears,SoFi Stadium,Levi's Stadium,New York Jets,Miami Dolphins,MetLife Stadium,Hard Rock Stadium,313,0,-313,313,0.0,0.0,America/Los_Angeles,America/Los_Angeles,0.0,0.0,0.0,0.0,0.0,0,1.29,3.325,1.29,3.325,San Francisco 49ers,2.035,San Francisco 49ers,2.035,1.29,3.325,San Francisco 49ers,2.035,0.0,0,No,No,No,No,No,1,No,0.0,0.0,0.085,4.442,0.200535,3.045965,0.200535,3.045965,-1.109815,-0.2586850000000001,-0.981245,4.1397450000000005,San Francisco 49ers,2.84543,San Francisco 49ers,2.84543,0.200535,3.045965,San Francisco 49ers,2.84543,Tie,0.0,San Francisco 49ers,4.357,0.0425,2.221,San Francisco 49ers,2.1785,San Francisco 49ers,0.8511299999999999,San Francisco 49ers,5.120990000000001,-1.04553,1.94053,San Francisco 49ers,2.98606,Different,Same,Same,Same,Different,Same,True,Home Team,Home Team,48.5,-155.0,130.0,San Francisco 49ers,Los Angeles Rams,-3.0,3.0,-122,101,-234,188,-0.8511299999999999,0.8511299999999999,-5.120990000000001,5.120990000000001,0.4348,0.6078,0.4975,0.5495,0.3472,0.7006,0.417,0.583,0.4752,0.5248,0.3314,0.6686,0.417,0.583,-0.083,0.083,53.0,4.0,0,4.0,53.0,0.0,nfl_read_py Fallback,False,d,Brock Purdy,-0.53,-1.0,13.93,194.12,Med-High,-10.0,10.0,43.5,43.0,12.752023862215616,28.0,60.0,0.5108,0.4884,0.089,0.0854,0.4366,0.5232,0.3358,0.6642,16,2024-12-12,Los Angeles Rams @ San Francisco 49ers,0.5718,0.428,-134,134,0.6078431372549019,0.4347826086956521,-0.765,0.765,43.25,-2.2457066666666665,2.2457066666666665,San Francisco 49ers,2.120990000000001,Los Angeles Rams,2.14887,Los Angeles Rams,2.235,Los Angeles Rams,0.7542933333333335,San Francisco 49ers,0.060756862745098,Los Angeles Rams,0.0404173913043478,Los Angeles Rams,0.0536173913043478,No Bet,0.0,Under,5.25,100.0,130.0,237.15,308.3,110.0,100.0,0.0,0.0,110.0,100.0,737.05,670.05,Los Angeles Rams,0.2892,0.2986,0.2851,0.3092,0.5523,0.5412,0.4462,0.4572,-0.3146,-0.5189,0.1371,0.2264,0.1368,-0.0012,16,0.0278333333333333,-0.0891333333333333,San Francisco 49ers,Los Angeles Rams,0,0,0,0,1,1,0,0,0,0,1,1,1,2.5,1.5,0.002,0.003,51.0,0.2549019607843137,0.6078431372549019,0.011922,9.300311742757204e-05,0.1266937977954777,0.0019778972983321,0.0906197490235235,0.0027652616904739,0.0042610499376274,9.300311742757204e-05,0.0024841921136368,0.0017768578239906,3.8782299967297545e-05,5.4220817460274506e-05,0.0018310786414509,0.0047431589888061,0.2173135468190012,51.0,0.0,0.417,0.583,0.4178,0.5821,0.3978,0.6016,San Francisco 49ers,San Francisco 49ers,San Francisco 49ers,San Francisco 49ers,San Francisco 49ers,Same,Same,Same,False,False,0.0042610499376274,9.300311742757204e-05,0.011922,9.300311742757204e-05,0.0042610499376274,9.300311742757204e-05,0.0026982905795695,0.0006401677774929,0.8625056578172429,0.6323682129889054,1.6480070441841632,1.6626743743691266,1.0936446410211125,0.5589547747691568,0.8068858501982465,0.7976104459424639,1.0418955863227717,0.8149093854861872
2024_15_DAL_CAR,2024,16,2024-12-15,13:00,Dallas Cowboys,Carolina Panthers,Home,Cooper Rush,Bryce Young,00-0033662,00-0039150,6,7,-1,1,2,3,Bank of America Stadium,35.2258,-80.8528,America/New_York,False,False,15,15,Sunday,False,False,0,False,False,0,2,3,NFC East,AT&T Stadium,32.7369,-97.0826,America/Chicago,NFC South,Bank of America Stadium,35.2258,-80.8528,America/New_York,Cincinnati Bengals,Philadelphia Eagles,AT&T Stadium,Lincoln Financial Field,Tampa Bay Buccaneers,Arizona Cardinals,AT&T Stadium,Bank of America Stadium,944,0,-944,944,-1.0,0.0,America/Chicago,America/New_York,-1.0,0.0,-1.0,0.0,-1.0,0,-0.615,-5.25,-0.615,-5.25,Dallas Cowboys,4.635,Dallas Cowboys,4.635,-0.615,-5.25,Dallas Cowboys,4.635,0.0,0,No,No,No,No,Yes,0,No,0.0,0.0,-0.799,-7.384,1.4130000000000005,-4.356,1.4130000000000005,-4.356,2.028,0.8940000000000001,1.229,-6.49,Dallas Cowboys,5.769,Dallas Cowboys,5.769,1.4130000000000005,-4.356,Dallas Cowboys,5.769,Tie,0.0,Dallas Cowboys,6.585,-0.3995,-3.692,Dallas Cowboys,3.2925,Dallas Cowboys,1.134,Dallas Cowboys,7.719,1.6285,-2.798,Dallas Cowboys,4.4265,Different,Same,Same,Same,Different,Same,False,Away Team,Away Team,42.0,-142.0,120.0,Carolina Panthers,Dallas Cowboys,-2.5,2.5,101,-122,268,-346,1.134,-1.134,7.719,-7.719,0.4545,0.5868,0.5495,0.4975,0.7758,0.2717,0.4365,0.5635,0.5248,0.4752,0.7406,0.2594,0.4365,0.5635,-0.0635,0.0635,45.0,7.0,1,7.0,45.0,0.0,nfl_read_py Fallback,False,Cooper Rush,Bryce Young,-0.16,1.0,13.95,194.5,Med-High,-10.0,10.0,49.25,49.0,13.533093662751948,33.0,67.0,0.493,0.5062,0.0792,0.0806,0.4642,0.5358,0.6822,0.296,16,2024-12-15,Dallas Cowboys @ Carolina Panthers,0.4478,0.552,123,-123,0.5867768595041323,0.4545454545454545,0.42,-0.42,49.125,3.091,-3.091,Dallas Cowboys,10.219,Dallas Cowboys,3.634,Dallas Cowboys,2.92,Dallas Cowboys,5.590999999999999,Dallas Cowboys,0.2860545454545455,Dallas Cowboys,0.0702545454545455,Dallas Cowboys,0.0516545454545454,Dallas Cowboys,0.0974545454545455,Over,7.125,100.0,120.0,236.75,284.1,110.0,100.0,62.95,57.23,110.0,100.0,831.55,755.95,Dallas Cowboys,0.2496,0.2979,0.1937,0.3451,0.4714,0.4856,0.5234,0.5118,-0.4761,-0.4548,-0.2092,0.0281,-0.1315,-0.1593,16,-0.0524333333333333,-0.2468666666666666,Carolina Panthers,Dallas Cowboys,0,0,0,0,1,0,0,1,0,0,1,1,0,2.0,0.5,0.006,0.004,51.0,1.0,0.8235294117647058,0.012134,0.00531,0.5151317342879274,0.0018060719865964,0.3990328341023607,0.0023315499758237,0.0179247954586331,8.112984240039648e-05,0.0101006222409397,0.0078241732176933,3.5413176207773065e-05,4.571666619262342e-05,0.0078698898838859,0.0041376219624202,0.914164568390288,51.0,0.0,0.4365,0.5635,0.5424,0.4574,0.5166,0.4824,Carolina Panthers,Dallas Cowboys,Dallas Cowboys,Dallas Cowboys,Dallas Cowboys,Same,Same,Same,False,False,0.0179247954586331,8.112984240039648e-05,0.012134,0.00531,0.0179247954586331,8.112984240039648e-05,0.0062479073927388,0.0012984145878945,0.837117120247009,0.657756750559135,1.5213510451879528,1.7893303733653314,0.4232848779497046,1.229314537840561,0.7836512645176508,0.8208450316230689,0.8201081680687113,1.0366968037402418
2024_15_KC_CLE,2024,16,2024-12-15,13:00,Kansas City Chiefs,Cleveland Browns,Home,Patrick Mahomes,Jameis Winston,00-0033873,00-0031503,7,7,0,0,1,3,FirstEnergy Stadium,41.5061,-81.6994,America/New_York,False,False,15,15,Sunday,False,False,0,False,False,0,1,3,AFC West,GEHA Field at Arrowhead Stadium,39.0489,-94.4839,America/Chicago,AFC North,FirstEnergy Stadium,41.5061,-81.6994,America/New_York,Los Angeles Chargers,Pittsburgh Steelers,GEHA Field at Arrowhead Stadium,Acrisure Stadium,Houston Texans,Cincinnati Bengals,GEHA Field at Arrowhead Stadium,Paycor Stadium,694,0,-694,694,-1.0,0.0,America/Chicago,America/New_York,-1.0,0.0,-1.0,0.0,-1.0,0,4.395,-4.705,4.395,-4.705,Kansas City Chiefs,9.1,Kansas City Chiefs,9.1,4.395,-4.705,Kansas City Chiefs,9.1,0.0,0,No,No,No,No,No,0,No,0.0,0.0,5.74,-4.317,5.295999999999999,-3.52,5.295999999999999,-3.52,0.901,1.185,6.641,-3.132,Kansas City Chiefs,8.815999999999999,Kansas City Chiefs,8.815999999999999,5.295999999999999,-3.52,Kansas City Chiefs,8.815999999999999,Tie,0.0,Kansas City Chiefs,10.057,2.87,-2.1585,Kansas City Chiefs,5.0285,Cleveland Browns,0.284,Kansas City Chiefs,9.773,3.771,-0.9734999999999998,Kansas City Chiefs,4.7445,Different,Same,Different,Same,Different,Same,False,Home Team,Away Team,41.5,190.0,-230.0,Kansas City Chiefs,Cleveland Browns,4.5,-4.5,-116,-104,356,-483,-0.284,0.284,9.773,-9.773,0.697,0.3448,0.5098,0.537,0.8285,0.2193,0.669,0.331,0.487,0.513,0.7907,0.2093,0.669,0.331,0.169,-0.169,40.0,18.0,2,18.0,40.0,0.0,nfl_read_py Fallback,False,Patrick Mahomes,Jameis Winston,8.49,9.0,12.97,168.25,Med-Low,-1.0,17.0,33.51,33.0,11.474307645657294,19.0,49.0,0.2524,0.7462,0.078,0.0688,0.3484,0.6516,0.239,0.761,16,2024-12-15,Kansas City Chiefs @ Cleveland Browns,0.3264,0.6732,206,-206,0.3448275862068966,0.696969696969697,8.745000000000001,-8.745000000000001,33.254999999999995,6.078,-6.078,Kansas City Chiefs,5.273,Cleveland Browns,4.784,Kansas City Chiefs,4.245000000000001,Kansas City Chiefs,1.5780000000000003,Kansas City Chiefs,0.0937303030303029,Cleveland Browns,0.1681724137931034,Kansas City Chiefs,0.0492303030303029,No Bet,0.0,Under,8.245000000000005,230.0,100.0,406.15,176.59,110.0,100.0,670.9,609.91,110.0,100.0,1245.25,1132.05,Kansas City Chiefs,0.3144,0.3134,0.3629,0.3119,0.5142,0.546,0.4755,0.454,-0.7297,-0.3429,-0.1633,0.0844,-0.1176,0.0465,16,-0.0286666666666666,-0.2823,Kansas City Chiefs,Cleveland Browns,0,0,0,0,1,0,0,1,0,0,1,1,0,2.0,0.0,0.013,0.0,51.0,1.0,0.1372549019607843,0.0002643886829996,0.010196,0.0044631453577164,0.3049800309772388,0.0090206774752637,0.1508944547884395,0.0002643886829996,0.0089387154071701,8.751265407287145e-05,0.0001768760289267,0.0059800006073968,0.0029587147997733,0.0031355908287,0.4558744857656783,0.0134838228329801,51.0,0.0,0.669,0.331,0.5303,0.4693,0.5662,0.4324,Kansas City Chiefs,Kansas City Chiefs,Kansas City Chiefs,Kansas City Chiefs,Kansas City Chiefs,Same,Same,Same,False,False,0.0002643886829996,0.0089387154071701,0.0002643886829996,0.010196,0.0002643886829996,0.0089387154071701,0.0008293707796113,0.003454514247645,0.5017525897036301,0.9931212811025195,1.7731473253787884,1.5375340931744994,0.35309140331814526,1.2995080124721254,0.41345528866174625,1.1910410074789697,0.6214055080435494,1.2353994637654055
2024_15_MIA_HOU,2024,16,2024-12-15,13:00,Miami Dolphins,Houston Texans,Home,Tua Tagovailoa,C.J. Stroud,00-0036212,00-0039163,7,14,-7,7,-2,3,NRG Stadium,29.6847,-95.4093,America/Chicago,False,False,15,15,Sunday,False,False,0,False,False,0,-2,3,AFC East,Hard Rock Stadium,25.9602,-80.2384,America/New_York,AFC South,NRG Stadium,29.6847,-95.4093,America/Chicago,New York Jets,Jacksonville Jaguars,Hard Rock Stadium,TIAA Bank Field,San Francisco 49ers,Kansas City Chiefs,Hard Rock Stadium,GEHA Field at Arrowhead Stadium,961,0,-961,961,1.0,0.0,America/New_York,America/New_York,1.0,1.0,1.0,0.0,1.0,0,0.66,0.035,0.66,0.035,Miami Dolphins,0.625,Miami Dolphins,0.625,0.66,0.035,Miami Dolphins,0.625,0.0,0,No,No,No,No,No,0,No,0.0,0.0,-2.387,0.71,-0.398,0.795,-0.398,0.795,-1.058,0.76,-3.445,1.4699999999999998,Houston Texans,1.193,Houston Texans,1.193,-0.398,0.795,Houston Texans,1.193,Tie,0.0,Houston Texans,3.097,-1.1935,0.355,Houston Texans,1.5485,Houston Texans,1.818,Houston Texans,4.914999999999999,-2.2515,1.1149999999999998,Houston Texans,3.3665,Different,Different,Same,Same,Different,Same,False,Home Team,Home Team,46.5,-155.0,130.0,Houston Texans,Miami Dolphins,-2.5,2.5,-131,108,-234,188,-1.818,1.818,-4.914999999999999,4.914999999999999,0.4348,0.6078,0.4808,0.5671,0.3472,0.7006,0.417,0.583,0.4588,0.5412,0.3314,0.6686,0.417,0.583,-0.083,0.083,,,3,0.0,70.0,0.0,Dome,True,Tua Tagovailoa,C.J. Stroud,-4.58,-6.0,13.35,178.27,Medium,-14.0,6.0,40.31,40.0,12.55858466746034,25.0,57.0,0.6346,0.3648,0.0834,0.0832,0.602,0.398,0.3036,0.6964,16,2024-12-15,Miami Dolphins @ Houston Texans,0.6069,0.393,-154,154,0.6078431372549019,0.4347826086956521,-5.29,5.29,40.155,-4.007666666666666,4.007666666666666,Houston Texans,2.414999999999999,Miami Dolphins,0.6819999999999999,Houston Texans,2.79,Houston Texans,1.5076666666666665,Houston Texans,0.060756862745098,Miami Dolphins,0.0240173913043478,Houston Texans,0.0267568627450981,No Bet,0.0,Under,6.344999999999999,155.0,100.0,170.58,110.05,110.0,100.0,410.5,373.18,110.0,100.0,906.1,823.73,Houston Texans,0.3357,0.2356,0.3197,0.3153,0.5403,0.6178,0.4597,0.3792,-0.3556,-0.5747,0.0056,0.1133,0.0219,0.0141,16,0.0150666666666666,-0.0232666666666666,Houston Texans,Miami Dolphins,0,0,0,0,0,0,1,1,0,0,1,1,0,2.5,2.5,0.0,0.003,51.0,0.0588235294117647,0.0784313725490196,0.003162,3.246738564098117e-05,0.0319557774019387,0.0006904838904267,0.0228568768037881,0.0009653527772632,0.0010747579256024,3.246738564098117e-05,0.0006265838706262,0.0004481740549762,1.3538899812289147e-05,1.8928485828692023e-05,0.0004671025408049,0.00165583666769,0.0548126542057269,51.0,0.0,0.417,0.583,0.4573,0.5423,0.5306,0.468,Houston Texans,Miami Dolphins,Houston Texans,Houston Texans,Houston Texans,Same,Different,Same,False,False,0.0010747579256024,3.246738564098117e-05,0.003162,3.246738564098117e-05,0.0010747579256024,3.246738564098117e-05,0.0006134449721531,0.0001106756368937,0.8691351177012518,0.6257387531049028,1.7674792455451815,1.5432021730081045,1.1019821989756944,0.5506172168145697,1.0150359782326324,0.5894603179080813,1.1217588156398943,0.7350461561690578
2024_15_NYJ_JAX,2024,16,2024-12-15,13:00,New York Jets,Jacksonville Jaguars,Home,Aaron Rodgers,Mac Jones,00-0023459,00-0036972,7,7,0,0,8,3,TIAA Bank Field,30.3239,-81.6554,America/New_York,False,True,15,15,Sunday,False,False,0,False,False,0,8,3,AFC East,MetLife Stadium,40.8136,-74.0744,America/New_York,AFC South,TIAA Bank Field,30.3239,-81.6554,America/New_York,Miami Dolphins,Tennessee Titans,Hard Rock Stadium,Nissan Stadium,Los Angeles Rams,Las Vegas Raiders,MetLife Stadium,Allegiant Stadium,839,0,-839,839,0.0,0.0,America/New_York,America/Chicago,0.0,-1.0,0.0,0.0,0.0,0,-3.725,-1.825,-3.725,-1.825,Jacksonville Jaguars,1.9,Jacksonville Jaguars,1.9,-3.725,-1.825,Jacksonville Jaguars,1.9,0.0,0,No,No,No,No,No,0,No,0.0,0.0,-1.161,-3.976,-5.2625,-0.5014999999999998,-5.2625,-0.5014999999999998,-1.5375,1.3235,-2.6985,-2.6525,Jacksonville Jaguars,4.761,Jacksonville Jaguars,4.761,-5.2625,-0.5014999999999998,Jacksonville Jaguars,4.761,Tie,0.0,New York Jets,2.815,-0.5805,-1.988,New York Jets,1.4075,Jacksonville Jaguars,2.861,Jacksonville Jaguars,0.0460000000000002,-2.1180000000000003,-0.6644999999999999,Jacksonville Jaguars,1.4535000000000005,Different,Different,Same,Same,Different,Different,False,Home Team,Home Team,41.5,145.0,-175.0,New York Jets,Jacksonville Jaguars,3.5,-3.5,-164,135,-110,-110,-2.861,2.861,-0.0460000000000002,0.0460000000000002,0.6364,0.4082,0.4255,0.6212,0.5238,0.5238,0.6092,0.3908,0.4065,0.5935,0.5,0.5,0.6092,0.3908,0.1092,-0.1092,,,4,10.0,60.0,0.0,Historical Avg,False,Aaron Rodgers,Trevor Lawrence,0.25,1.0,13.53,183.09,Med-High,-10.0,10.0,42.02,41.0,12.595892437666349,26.0,59.0,0.491,0.5082,0.0846,0.09,0.5728,0.4272,0.4986,0.5014,16,2024-12-15,New York Jets @ Jacksonville Jaguars,0.4938,0.506,103,-102,0.4081632653061224,0.6363636363636364,0.625,-0.625,41.510000000000005,-0.7606666666666668,0.7606666666666668,Jacksonville Jaguars,3.5460000000000003,Jacksonville Jaguars,6.361000000000001,Jacksonville Jaguars,2.875,Jacksonville Jaguars,4.260666666666667,Jacksonville Jaguars,0.0918367346938775,Jacksonville Jaguars,0.1853367346938775,Jacksonville Jaguars,0.0828367346938775,Jacksonville Jaguars,0.0856367346938775,Over,0.0100000000000051,100.0,145.0,349.91,507.37,110.0,100.0,257.2,233.82,110.0,100.0,0.0,0.0,Jacksonville Jaguars,0.2146,0.2712,0.2454,0.3172,0.5641,0.4864,0.4326,0.5076,-0.648,-0.4522,-0.0367,0.0078,-0.0752,-0.1546,16,-0.1238666666666666,-0.0516,New York Jets,Jacksonville Jaguars,0,0,0,0,0,0,1,1,0,0,1,1,0,1.5,2.0,0.0139999999999999,0.001,51.0,0.7450980392156863,0.0980392156862745,0.008958,0.00191,0.0007037471680964,0.2418043671658542,0.0010970388301032,0.1551167870788178,3.530952937646363e-05,0.0077827677302876,1.3798964080321986e-05,2.151056529614164e-05,0.0047412621012912,0.0030415056289964,0.0030630161942925,0.3969211542446721,0.0018007859981996,51.0,0.0,0.6092,0.3908,0.5659,0.4339,0.6802,0.3188,New York Jets,New York Jets,New York Jets,New York Jets,New York Jets,Same,Same,Same,False,False,3.530952937646363e-05,0.0077827677302876,0.008958,0.00191,3.530952937646363e-05,0.0077827677302876,0.0005661814613159,0.001085469662658,0.5790169346037218,0.91585693620243,1.9112974446173607,1.3993839739359273,0.818889140358221,0.8337102754320497,0.7802062340762521,0.8242900620644615,0.9049433562784546,0.9518616155304988
2024_15_WAS_NO,2024,16,2024-12-15,13:00,Washington Commanders,New Orleans Saints,Home,Jayden Daniels,Jake Haener,00-0039910,00-0038998,14,7,7,-7,-2,-9,Caesars Superdome,29.9507,-90.0813,America/Chicago,False,False,15,15,Sunday,False,False,0,False,False,0,-2,-9,NFC East,FedExField,38.9077,-76.8645,America/New_York,NFC South,Caesars Superdome,29.9507,-90.0813,America/Chicago,Tennessee Titans,New York Giants,FedExField,MetLife Stadium,Philadelphia Eagles,Green Bay Packers,FedExField,Lambeau Field,972,0,-972,972,1.0,0.0,America/New_York,America/New_York,1.0,1.0,1.0,0.0,1.0,0,1.45,-6.145,1.45,-6.145,Washington Commanders,7.595,Washington Commanders,7.595,1.45,-6.145,Washington Commanders,7.595,0.0,0,No,No,No,No,No,0,No,0.0,0.0,3.232,-2.395,1.6394999999999995,-7.731,1.6394999999999995,-7.731,0.1895,-1.586,3.4215,-3.981,Washington Commanders,9.3705,Washington Commanders,9.3705,1.6394999999999995,-7.731,Washington Commanders,9.3705,Tie,0.0,Washington Commanders,5.627000000000001,1.616,-1.1975,Washington Commanders,2.8135000000000003,Washington Commanders,1.7755,Washington Commanders,7.4025,1.8055,-2.7835,Washington Commanders,4.589,Different,Same,Same,Same,Different,Same,False,Away Team,Away Team,44.5,295.0,-375.0,Washington Commanders,New Orleans Saints,7.5,-7.5,108,-131,268,-346,1.7755,-1.7755,7.4025,-7.4025,0.7895,0.2532,0.5671,0.4808,0.7758,0.2717,0.7572,0.2428,0.5412,0.4588,0.7406,0.2594,0.7572,0.2428,0.2572,-0.2572,,,5,0.0,70.0,0.0,Dome,True,Jayden Daniels,Derek Carr,-1.31,-3.0,14.34,205.69,High,-12.0,9.0,48.05,47.0,13.165881198216288,32.0,65.0,0.5362,0.4626,0.0818,0.08,0.7136,0.2864,0.5904,0.4096,16,2024-12-15,Washington Commanders @ New Orleans Saints,0.3743,0.6254,167,-167,0.2531645569620253,0.7894736842105263,-2.155,2.155,47.525,2.341,-2.341,New Orleans Saints,0.0975000000000001,New Orleans Saints,5.7245,New Orleans Saints,9.655,New Orleans Saints,5.159,New Orleans Saints,0.0062354430379746,New Orleans Saints,0.2056354430379746,New Orleans Saints,0.2830354430379747,New Orleans Saints,0.1211354430379746,Over,3.0249999999999986,100.0,295.0,947.45,2794.98,110.0,100.0,996.4,905.82,110.0,100.0,349.6,317.82,New Orleans Saints,0.3062,0.2635,0.2764,0.2839,0.5087,0.4819,0.4862,0.5181,-0.3421,-0.5547,0.0162,0.1581,0.0474,-0.0415,16,0.0664,-0.2588,Washington Commanders,New Orleans Saints,0,0,0,0,0,0,1,1,0,0,1,1,0,3.0,0.0,0.048,0.002,51.0,0.8235294117647058,0.1176470588235294,0.000401,0.029625,0.0038924761472858,2.435804138338204,0.0121391389568567,0.7810528853519757,0.0003143453941988,0.0630756279154937,7.63230617114864e-05,0.0002380223324873,0.0477608654576118,0.0153147624578818,0.0155527847903692,3.21685702369018,0.0160316151041425,51.0,0.0,0.7572,0.2428,0.4907,0.509,0.333,0.666,Washington Commanders,New Orleans Saints,New Orleans Saints,New Orleans Saints,Washington Commanders,Same,Same,Different,False,False,0.0003143453941988,0.0630756279154937,0.000401,0.029625,0.0003143453941988,0.0630756279154937,0.0007030581691642,0.0722301240808386,0.3806227447128052,1.1142511260933465,1.7224490201413452,1.5882323984119393,0.4538028475041125,1.1987965682861554,0.8898448239757258,0.7146514721649857,0.741798390090308,1.115006581718642
2024_15_BAL_NYG,2024,16,2024-12-15,13:00,Baltimore Ravens,New York Giants,Home,Lamar Jackson,Tommy DeVito,00-0034796,00-0038476,14,7,7,-7,12,-1,MetLife Stadium,40.8136,-74.0744,America/New_York,False,False,15,15,Sunday,False,False,0,False,False,0,12,-1,AFC North,M&T Bank Stadium,39.2789,-76.6228,America/New_York,NFC East,MetLife Stadium,40.8136,-74.0744,America/New_York,Philadelphia Eagles,New Orleans Saints,M&T Bank Stadium,MetLife Stadium,Pittsburgh Steelers,Atlanta Falcons,M&T Bank Stadium,Mercedes-Benz Stadium,171,0,-171,171,0.0,0.0,America/New_York,America/New_York,0.0,0.0,0.0,0.0,0.0,0,6.69,-2.84,6.69,-2.84,Baltimore Ravens,9.53,Baltimore Ravens,9.53,6.69,-2.84,Baltimore Ravens,9.53,0.0,0,No,No,No,No,No,0,No,0.0,0.0,6.8,-5.779,8.057000000000002,-4.1235,8.057000000000002,-4.1235,1.367,-1.2835,8.167000000000002,-7.0625,Baltimore Ravens,12.180500000000002,Baltimore Ravens,12.180500000000002,8.057000000000002,-4.1235,Baltimore Ravens,12.180500000000002,Tie,0.0,Baltimore Ravens,12.579,3.4,-2.8895,Baltimore Ravens,6.2895,Baltimore Ravens,2.6505,Baltimore Ravens,15.229500000000002,4.767000000000001,-4.173,Baltimore Ravens,8.940000000000001,Different,Same,Same,Same,Different,Same,False,Away Team,Away Team,43.5,1000.0,-1800.0,Baltimore Ravens,New York Giants,16.5,-16.5,117,-142,677,-1134,2.6505,-2.6505,15.229500000000002,-15.229500000000002,0.9474,0.0909,0.5868,0.4608,0.919,0.1287,0.9124,0.0876,0.5601,0.4399,0.8772,0.1228,0.9124,0.0876,0.4124,-0.4124,36.0,6.0,6,6.0,36.0,0.0,nfl_read_py Fallback,False,Lamar Jackson,Daniel Jones,17.44,18.0,12.91,166.74,Med-Low,10.0,26.0,43.65,43.0,12.66252779985325,27.0,60.0,0.094,0.906,0.0326,0.047,0.4358,0.5642,0.486,0.514,16,2024-12-15,Baltimore Ravens @ New York Giants,0.1861,0.8139,437,-437,0.0909090909090909,0.9473684210526316,17.72,-17.72,43.325,11.866666666666667,-11.866666666666667,New York Giants,1.2704999999999984,New York Giants,13.8495,Baltimore Ravens,1.2199999999999989,New York Giants,4.633333333333333,New York Giants,0.031890909090909,New York Giants,0.3489909090909091,New York Giants,0.003090909090909,New York Giants,0.095190909090909,Under,0.1749999999999971,100.0,1000.0,8.5,85.0,110.0,100.0,212.05,192.77,110.0,100.0,0.0,0.0,New York Giants,0.3539,0.3162,0.3118,0.2796,0.5346,0.5309,0.4623,0.4656,-0.6038,-0.1318,-0.1112,0.3234,-0.1776,0.17,16,0.2835,-0.2221333333333333,Baltimore Ravens,New York Giants,0,0,0,0,1,0,0,1,0,0,1,1,0,5.0,0.5,0.429,0.001,51.0,1.0,0.4705882352941176,8.469586456760937e-05,0.288431,0.0003783872445422,18.03105270738415,0.0039411018484058,1.7311707772543314,8.469586456760937e-05,0.3874945781301663,7.419357736122579e-06,7.72765068314868e-05,0.3535500530859637,0.0339445250442025,0.034021801551034,19.762223484638483,0.004319489092948,51.0,0.0,0.9124,0.0876,0.7446,0.255,0.7126,0.286,Baltimore Ravens,Baltimore Ravens,Baltimore Ravens,Baltimore Ravens,Baltimore Ravens,Same,Same,Same,False,False,8.469586456760937e-05,0.3874945781301663,8.469586456760937e-05,0.288431,8.469586456760937e-05,0.3874945781301663,0.0008355122860373,0.3401531106044652,0.24048190367080063,1.2543919671353552,2.339868554383671,0.9708128641696224,0.3771189908547487,1.2754804249355178,0.3009040679618027,1.303592228178918,0.6409631130237075,1.2158418587852442
2024_15_CIN_TEN,2024,16,2024-12-15,13:00,Cincinnati Bengals,Tennessee Titans,Home,Joe Burrow,Will Levis,00-0036442,00-0039152,6,7,-1,1,-1,10,Nissan Stadium,36.1664,-86.7716,America/Chicago,False,True,15,15,Sunday,False,False,0,False,False,0,-1,10,AFC North,Paycor Stadium,39.0955,-84.5165,America/New_York,AFC South,Nissan Stadium,36.1664,-86.7716,America/Chicago,Dallas Cowboys,Jacksonville Jaguars,AT&T Stadium,Nissan Stadium,Cleveland Browns,Indianapolis Colts,Paycor Stadium,Lucas Oil Stadium,237,0,-237,237,1.0,0.0,America/Chicago,America/Chicago,0.0,0.0,0.0,0.0,0.0,0,1.31,-4.36,1.31,-4.36,Cincinnati Bengals,5.67,Cincinnati Bengals,5.67,1.31,-4.36,Cincinnati Bengals,5.67,0.0,0,No,No,No,No,Yes,0,No,0.0,0.0,-0.594,-5.853,1.2625,-3.2605000000000004,1.2625,-3.2605000000000004,-0.0474999999999999,1.0995,-0.6415,-4.7535,Cincinnati Bengals,4.523000000000001,Cincinnati Bengals,4.523000000000001,1.2625,-3.2605000000000004,Cincinnati Bengals,4.523000000000001,Tie,0.0,Cincinnati Bengals,5.259,-0.297,-2.9265,Cincinnati Bengals,2.6295,Tennessee Titans,1.1469999999999998,Cincinnati Bengals,4.112,-0.3445,-1.827,Cincinnati Bengals,1.4825,Different,Same,Different,Same,Different,Same,False,Home Team,Away Team,46.5,205.0,-250.0,Cincinnati Bengals,Tennessee Titans,6.0,-6.0,-122,101,171,-211,-1.1469999999999998,1.1469999999999998,4.112,-4.112,0.7143,0.3279,0.4975,0.5495,0.6785,0.369,0.6854,0.3146,0.4752,0.5248,0.6477,0.3523,0.6854,0.3146,0.1854,-0.1854,52.0,12.0,7,12.0,52.0,0.0,nfl_read_py Fallback,False,Joe Burrow,Will Levis,0.97,2.0,14.03,196.75,High,-9.0,11.0,44.0,43.0,12.780792374917375,28.0,60.10000000000037,0.465,0.533,0.0864,0.0822,0.5872,0.3802,0.4106,0.5894,16,2024-12-15,Cincinnati Bengals @ Tennessee Titans,0.4142,0.5853,141,-141,0.3278688524590163,0.7142857142857143,1.485,-1.485,43.5,1.4833333333333334,-1.4833333333333334,Tennessee Titans,1.888,Tennessee Titans,7.147,Tennessee Titans,4.515000000000001,Tennessee Titans,4.516666666666667,Tennessee Titans,0.0244311475409836,Tennessee Titans,0.1969311475409836,Tennessee Titans,0.1371311475409836,Tennessee Titans,0.0863311475409836,Under,3.0,100.0,205.0,510.06,1045.62,110.0,100.0,332.8,302.55,110.0,100.0,344.35,313.05,Tennessee Titans,0.3468,0.3188,0.2509,0.2811,0.5674,0.5167,0.4308,0.4833,-0.6454,-0.3491,-0.0845,0.1983,-0.2765,0.018,16,0.1662,-0.1228,Cincinnati Bengals,Tennessee Titans,0,0,0,0,1,0,0,1,0,0,1,1,0,4.0,1.5,0.071,0.0,51.0,0.9607843137254902,0.5686274509803921,0.001692,0.031102,3.851146140351826e-05,1.5045841335293624,8.390259264453723e-05,0.690607190557831,2.4002755695697155e-06,0.0430429671389645,7.551266941866325e-07,1.645148875383083e-06,0.0295016496770463,0.0135413174619182,0.0135429626107936,2.1951913240871934,0.000122414054048,51.0,0.0,0.6854,0.3146,0.5393,0.4606,0.5134,0.4862,Cincinnati Bengals,Cincinnati Bengals,Cincinnati Bengals,Cincinnati Bengals,Cincinnati Bengals,Same,Same,Same,False,False,2.4002755695697155e-06,0.0430429671389645,0.001692,0.031102,2.4002755695697155e-06,0.0430429671389645,0.0007784970415249,0.0496487761616459,0.49064759217978615,1.0042262786263645,1.9327232700309225,1.3779581485223675,0.611063848828194,1.041535566962075,0.7766088154048892,0.8278874807358237,0.8167971677733503,1.0400078040356031
2024_15_NE_ARI,2024,16,2024-12-15,16:25,New England Patriots,Arizona Cardinals,Home,Drake Maye,Kyler Murray,00-0039851,00-0035228,14,7,7,-7,12,-3,State Farm Stadium,33.5277,-112.262608,America/Denver,False,False,15,15,Sunday,False,False,0,False,False,0,12,-3,AFC East,Gillette Stadium,42.0628,-71.2687,America/New_York,NFC West,State Farm Stadium,33.5277,-112.262608,America/Denver,Indianapolis Colts,Seattle Seahawks,Gillette Stadium,State Farm Stadium,Buffalo Bills,Carolina Panthers,Highmark Stadium,Bank of America Stadium,2289,0,-2289,2289,2.0,0.0,America/New_York,America/Denver,2.0,0.0,2.0,0.0,2.0,0,-1.995,0.075,-1.995,0.075,Arizona Cardinals,2.0700000000000003,Arizona Cardinals,2.0700000000000003,-1.995,0.075,Arizona Cardinals,2.0700000000000003,-0.15,0,No,No,No,No,No,0,No,0.0,0.0,-4.711,-1.515,-1.2365000000000002,-0.0190000000000001,-1.2365000000000002,-0.0190000000000001,0.7585,-0.094,-3.9525,-1.609,Arizona Cardinals,1.2175,Arizona Cardinals,1.2175,-1.2365000000000002,-0.0190000000000001,Arizona Cardinals,1.2175,Tie,0.0,Arizona Cardinals,3.1960000000000006,-2.3555,-0.7575,Arizona Cardinals,1.5980000000000003,New England Patriots,0.8525,Arizona Cardinals,2.3435,-1.597,-0.8515,Arizona Cardinals,0.7454999999999999,Different,Same,Different,Same,Different,Same,False,Away Team,Home Team,46.5,-258.0,210.0,Arizona Cardinals,New England Patriots,-6.0,6.0,101,-122,-142,117,0.8525,-0.8525,-2.3435,2.3435,0.3226,0.7207,0.5495,0.4975,0.4608,0.5868,0.3092,0.6908,0.5248,0.4752,0.4399,0.5601,0.3092,0.6908,-0.1908,0.1908,,,8,0.0,70.0,0.0,Dome,True,Drake Maye,Kyler Murray,-5.54,-7.0,13.58,184.42,Med-High,-15.0,5.0,40.83,40.0,12.183003557215889,26.0,57.0,0.6638,0.335,0.0744,0.0748,0.512,0.454,0.3108,0.6892,16,2024-12-15,New England Patriots @ Arizona Cardinals,0.5975,0.4022,-148,149,0.7206703910614525,0.3225806451612903,-6.27,6.27,40.415,-2.587,2.587,New England Patriots,3.6565,New England Patriots,6.8525,Arizona Cardinals,0.2699999999999996,New England Patriots,3.4130000000000003,New England Patriots,0.1173193548387097,New England Patriots,0.2022193548387097,New England Patriots,0.0124193548387097,New England Patriots,0.0796193548387096,Under,6.085000000000001,100.0,210.0,45.83,96.25,110.0,100.0,0.0,0.0,110.0,100.0,868.3,789.36,New England Patriots,0.234,0.354,0.237,0.2761,0.5745,0.4413,0.4255,0.5503,-0.5343,-0.6032,0.1414,-0.1959,-0.0607,-0.1913,16,-0.1823,0.0235333333333333,Arizona Cardinals,New England Patriots,0,0,0,0,0,1,1,0,0,0,1,1,0,1.0,2.5,0.001,0.217,51.0,1.0,1.0,0.343686,0.000119,9.16675885666976,3.785042551165876e-05,4.103013663118543,8.456362853639674e-05,0.2601916180350647,2.4002755695697155e-06,0.1797403697386227,0.080451248296442,7.42165206110956e-07,1.6581103634587597e-06,0.0804529064068054,0.000122414054048,13.2697725197883,51.0,0.0,0.3092,0.6908,0.5288,0.4708,0.6526,0.3458,Arizona Cardinals,New England Patriots,New England Patriots,Arizona Cardinals,Arizona Cardinals,Same,Different,Different,False,False,0.2601916180350647,2.4002755695697155e-06,0.343686,0.000119,0.2601916180350647,2.4002755695697155e-06,0.2905221177642443,0.001035114896627,0.8217248883317843,0.6731489824743719,0.733880712295561,2.5768007062577203,0.6705663174061088,0.9820330983841586,0.8117251357059154,0.7927711604347991,0.7646640170865804,1.0921409547223722
2024_15_IND_DEN,2024,16,2024-12-15,16:25,Indianapolis Colts,Denver Broncos,Home,Anthony Richardson,Bo Nix,00-0039164,00-0039732,14,13,1,-1,-17,-10,Empower Field at Mile High,39.7648,-105.0076,America/Denver,False,False,15,15,Sunday,False,False,0,False,False,0,-17,-10,AFC South,Lucas Oil Stadium,39.7601,-86.1638,America/Indiana/Indianapolis,AFC West,Empower Field at Mile High,39.7648,-105.0076,America/Denver,New England Patriots,Cleveland Browns,Gillette Stadium,Empower Field at Mile High,Tennessee Titans,Los Angeles Chargers,Lucas Oil Stadium,SoFi Stadium,998,0,-998,998,2.0,0.0,America/New_York,America/Denver,2.0,0.0,2.0,0.0,2.0,0,-2.265,2.05,-2.265,2.05,Denver Broncos,4.315,Denver Broncos,4.315,-2.265,2.05,Denver Broncos,4.315,-0.15,0,No,No,No,No,No,0,No,0.0,0.0,-3.243,1.788,-3.757,1.2029999999999998,-3.757,1.2029999999999998,-1.492,-0.847,-4.734999999999999,0.941,Denver Broncos,4.96,Denver Broncos,4.96,-3.757,1.2029999999999998,Denver Broncos,4.96,Tie,0.0,Denver Broncos,5.031,-1.6215,0.894,Denver Broncos,2.5155,Denver Broncos,0.645,Denver Broncos,5.675999999999999,-3.1135,0.047,Denver Broncos,3.1605,Different,Same,Same,Same,Different,Same,False,Home Team,Home Team,43.5,-238.0,195.0,Denver Broncos,Indianapolis Colts,-4.5,4.5,-116,-104,-244,195,-0.645,0.645,-5.675999999999999,5.675999999999999,0.339,0.7041,0.5098,0.537,0.339,0.7093,0.325,0.675,0.487,0.513,0.3234,0.6766,0.325,0.675,-0.175,0.175,55.0,15.0,9,15.0,55.0,0.0,nfl_read_py Fallback,False,s,Bo Nix,-1.64,-3.0,14.62,213.6,High,-12.0,10.0,46.45,46.0,13.4553263862915,29.0,64.0,0.5482,0.4502,0.0902,0.0766,0.4418,0.5582,0.5644,0.4356,16,2024-12-15,Indianapolis Colts @ Denver Broncos,0.6032,0.3964,-152,152,0.7041420118343196,0.3389830508474576,-2.32,2.32,46.225,-2.880333333333333,2.880333333333333,Denver Broncos,1.1759999999999993,Indianapolis Colts,3.855,Indianapolis Colts,2.18,Indianapolis Colts,1.6196666666666668,No Bet,0.0,Indianapolis Colts,0.1480169491525423,Indianapolis Colts,0.1112169491525423,Indianapolis Colts,0.0574169491525423,Over,2.7250000000000014,100.0,195.0,420.63,820.22,110.0,100.0,180.55,164.14,110.0,100.0,213.1,193.73,Indianapolis Colts,0.3086,0.3058,0.3318,0.266,0.5314,0.5122,0.467,0.4765,-0.4784,-0.5357,0.0691,0.0002,-0.0925,-0.0986,16,0.1749333333333333,0.0760666666666666,Denver Broncos,Indianapolis Colts,0,0,0,0,1,1,0,0,0,0,1,1,0,4.0,3.0,0.002,0.021,51.0,0.0,0.9607843137254902,0.0,8.313705599177594e-05,0.0,0.0013779967030636,0.0,0.0028619931525168,0.0,8.313705599177594e-05,0.0,0.0,2.7019543197327183e-05,5.6117512794448754e-05,5.6117512794448754e-05,0.0042399898555805,0.0,51.0,0.0,0.325,0.675,0.462,0.5377,0.5934,0.4056,Denver Broncos,Indianapolis Colts,Denver Broncos,Denver Broncos,Denver Broncos,Same,Different,Same,False,False,0.0,8.313705599177594e-05,0.0,8.313705599177594e-05,0.0,8.313705599177594e-05,0.0,0.0008431796679841,0.0,0.4857771829130847,0.0,1.6116547157713763,0.0,0.5343739255877789,0.0,0.7248219361649263,0.0,0.7366442467441424
2024_15_BUF_DET,2024,16,2024-12-15,16:25,Buffalo Bills,Detroit Lions,Home,Josh Allen,Jared Goff,00-0034857,00-0033106,7,10,-3,3,5,-1,Ford Field,42.3395,-83.045,America/Detroit,False,True,15,15,Sunday,False,False,0,False,False,0,5,-1,AFC East,Highmark Stadium,42.7725,-78.7877,America/New_York,NFC North,Ford Field,42.3395,-83.045,America/Detroit,Los Angeles Rams,Green Bay Packers,SoFi Stadium,Ford Field,New England Patriots,Chicago Bears,Highmark Stadium,Soldier Field,219,0,-219,219,0.0,0.0,America/Los_Angeles,America/Detroit,-3.0,0.0,0.0,0.0,0.0,0,4.795,4.305,4.795,4.305,Buffalo Bills,0.4900000000000002,Buffalo Bills,0.4900000000000002,4.795,4.305,Buffalo Bills,0.4900000000000002,0.0,0,No,No,No,No,No,0,No,0.0,0.0,4.534,7.944,3.4025000000000003,3.92,3.4025000000000003,3.92,-1.3925,-0.385,3.1415,7.558999999999999,Detroit Lions,0.5174999999999992,Detroit Lions,0.5174999999999992,3.4025000000000003,3.92,Detroit Lions,0.5174999999999992,Tie,0.0,Detroit Lions,3.41,2.267,3.972,Detroit Lions,1.705,Detroit Lions,1.0075,Detroit Lions,4.417499999999999,0.8745,3.587,Detroit Lions,2.7124999999999995,Different,Different,Same,Same,Different,Same,False,Home Team,Home Team,55.5,-130.0,110.0,Detroit Lions,Buffalo Bills,-2.5,2.5,-122,101,-224,181,-1.0075,1.0075,-4.417499999999999,4.417499999999999,0.4762,0.5652,0.4975,0.5495,0.3559,0.6914,0.4573,0.5427,0.4752,0.5248,0.3398,0.6602,0.4573,0.5427,-0.0427,0.0427,,,10,0.0,70.0,0.0,Dome,True,Josh Allen,Jared Goff,-2.12,-3.0,15.13,229.04,High,-13.0,9.0,53.46,53.0,13.63364746165243,36.0,71.0,0.5588,0.441,0.0658,0.0768,0.5304,0.4696,0.426,0.574,16,2024-12-15,Buffalo Bills @ Detroit Lions,0.5716,0.4283,-133,133,0.5652173913043478,0.4761904761904761,-2.56,2.56,53.23,-2.661666666666666,2.661666666666666,Detroit Lions,1.9174999999999984,Buffalo Bills,1.4925,Detroit Lions,0.06,Detroit Lions,0.1616666666666666,Detroit Lions,0.0949826086956522,No Bet,0.0,No Bet,0.0,Detroit Lions,0.0063826086956522,Under,2.269999999999996,,0.0,0.0,0.0,110.0,100.0,34.6,31.45,110.0,100.0,263.5,239.55,No Bet,0.2666,0.2521,0.2982,0.3115,0.542,0.4416,0.4551,0.5584,-0.4949,-0.175,0.1824,0.2202,0.3142,0.1749,16,0.2097,0.1606666666666666,Detroit Lions,Buffalo Bills,0,0,0,0,1,1,0,0,0,0,1,1,0,4.5,4.0,0.0,0.001,51.0,0.0,0.3333333333333332,0.0,8.18735341804549e-05,0.0,0.0019094791262168,0.0,0.0022660711169863,0.0,8.18735341804549e-05,0.0,0.0,3.744076718072202e-05,4.443276699973288e-05,4.443276699973288e-05,0.0041755502432032,0.0,51.0,0.0,0.4573,0.5427,0.4376,0.5622,0.3094,0.6898,Detroit Lions,Detroit Lions,Detroit Lions,Detroit Lions,Detroit Lions,Same,Same,Same,False,False,0.0,8.18735341804549e-05,0.0,8.18735341804549e-05,0.0,8.18735341804549e-05,0.0,0.0004923555830524,0.0,0.6835425051974857,0.0,1.572599674431478,0.0,0.5614758129997063,0.0,0.7078160405184731,0.0,0.7953182512725342
2024_15_TB_LAC,2024,16,2024-12-15,16:25,Tampa Bay Buccaneers,Los Angeles Chargers,Home,Baker Mayfield,Justin Herbert,00-0034855,00-0036355,7,7,0,0,-7,-10,SoFi Stadium,33.9535,-118.3395,America/Los_Angeles,False,False,15,15,Sunday,False,False,0,False,False,0,-7,-10,NFC South,Raymond James Stadium,27.9759,-82.5033,America/New_York,AFC West,SoFi Stadium,33.9535,-118.3395,America/Los_Angeles,Las Vegas Raiders,Kansas City Chiefs,Raymond James Stadium,GEHA Field at Arrowhead Stadium,Dallas Cowboys,Denver Broncos,AT&T Stadium,SoFi Stadium,2150,0,-2150,2150,3.0,0.0,America/New_York,America/Chicago,3.0,2.0,3.0,0.0,3.0,0,1.025,0.935,1.025,0.935,Tampa Bay Buccaneers,0.0899999999999998,Tampa Bay Buccaneers,0.0899999999999998,1.025,0.935,Tampa Bay Buccaneers,0.0899999999999998,-0.2249999999999999,0,No,No,No,No,No,0,No,0.0,0.0,1.023,2.21,1.91,0.293,1.91,0.293,0.885,-0.642,1.908,1.568,Tampa Bay Buccaneers,1.617,Tampa Bay Buccaneers,1.617,1.91,0.293,Tampa Bay Buccaneers,1.617,Tie,0.0,Los Angeles Chargers,1.187,0.5115,1.105,Los Angeles Chargers,0.5935,Tampa Bay Buccaneers,1.527,Tampa Bay Buccaneers,0.3399999999999998,1.3965,0.463,Tampa Bay Buccaneers,0.9335,Different,Different,Same,Same,Different,Different,False,Away Team,Away Team,46.0,-162.0,136.0,Los Angeles Chargers,Tampa Bay Buccaneers,-3.0,3.0,105,-128,-104,-116,1.527,-1.527,0.3399999999999998,-0.3399999999999998,0.4237,0.6183,0.5614,0.4878,0.537,0.5098,0.4066,0.5934,0.5351,0.4649,0.513,0.487,0.4066,0.5934,-0.0934,0.0934,,,11,0.0,70.0,0.0,Dome,True,Baker Mayfield,Justin Herbert,-0.84,-2.0,13.46,181.15,Med-High,-10.0,9.0,46.11,46.0,12.76483012725338,30.0,63.0,0.534,0.465,0.0822,0.078,0.4526,0.5024,0.4684,0.4968,16,2024-12-15,Tampa Bay Buccaneers @ Los Angeles Chargers,0.5198,0.4799,-108,108,0.6183206106870229,0.423728813559322,-1.42,1.42,46.055,0.149,-0.149,Tampa Bay Buccaneers,3.34,Tampa Bay Buccaneers,4.527,Tampa Bay Buccaneers,1.58,Tampa Bay Buccaneers,3.149,Tampa Bay Buccaneers,0.089271186440678,Tampa Bay Buccaneers,0.111371186440678,Tampa Bay Buccaneers,0.041271186440678,Tampa Bay Buccaneers,0.0561711864406779,Over,0.0549999999999997,100.0,136.0,179.04,243.5,110.0,100.0,0.0,0.0,110.0,100.0,0.0,0.0,Tampa Bay Buccaneers,0.2928,0.2421,0.2886,0.3001,0.5203,0.5115,0.4797,0.4871,-0.7202,-0.3183,0.0595,0.2347,-0.084,0.0532,16,0.1247333333333333,0.1415333333333333,Los Angeles Chargers,Tampa Bay Buccaneers,0,0,0,0,0,0,1,1,0,0,1,1,0,3.5,3.5,0.0,0.004,51.0,0.0784313725490196,0.4313725490196078,0.000142,0.000351,0.0256349349723934,0.0007876339948249,0.0175651576672989,0.0011494884715423,0.0008470606399939,3.79827934581823e-05,0.0005026457837724,0.0003444148562215,1.5443803820096924e-05,2.253898963808537e-05,0.0003669538458596,0.0019371224663672,0.0432000926396923,51.0,0.0,0.4066,0.5934,0.4688,0.531,0.5228,0.4762,Los Angeles Chargers,Tampa Bay Buccaneers,Los Angeles Chargers,Los Angeles Chargers,Los Angeles Chargers,Same,Different,Same,False,False,0.0008470606399939,3.79827934581823e-05,0.000142,0.000351,0.0008470606399939,3.79827934581823e-05,0.0005930191411169,0.0003259454795362,0.8872152622870927,0.6076586085190612,1.5407562906747982,1.7699251278784898,0.8050361939602273,0.8475632218300455,0.8570270389388861,0.7474692572018277,0.9655237174609558,0.8912812543479973
2024_15_PIT_PHI,2024,16,2024-12-15,16:25,Pittsburgh Steelers,Philadelphia Eagles,Home,Russell Wilson,Jalen Hurts,00-0029263,00-0036389,7,7,0,0,-2,12,Lincoln Financial Field,39.9008,-75.1675,America/New_York,False,False,15,15,Sunday,False,False,0,False,False,0,-2,12,AFC North,Acrisure Stadium,40.4468,-80.0158,America/New_York,NFC East,Lincoln Financial Field,39.9008,-75.1675,America/New_York,Cleveland Browns,Carolina Panthers,Acrisure Stadium,Lincoln Financial Field,Baltimore Ravens,Washington Commanders,M&T Bank Stadium,FedExField,259,0,-259,259,0.0,0.0,America/New_York,America/New_York,0.0,0.0,0.0,0.0,0.0,0,-0.565,4.905,-0.565,4.905,Philadelphia Eagles,5.470000000000001,Philadelphia Eagles,5.470000000000001,-0.565,4.905,Philadelphia Eagles,5.470000000000001,0.0,0,No,No,No,No,No,0,No,0.0,0.0,3.452,5.36,-1.3255,4.829000000000001,-1.3255,4.829000000000001,-0.7605,-0.0759999999999999,2.6915,5.284000000000001,Philadelphia Eagles,6.1545000000000005,Philadelphia Eagles,6.1545000000000005,-1.3255,4.829000000000001,Philadelphia Eagles,6.1545000000000005,Tie,0.0,Philadelphia Eagles,1.9080000000000004,1.726,2.68,Philadelphia Eagles,0.9540000000000002,Philadelphia Eagles,0.6845,Philadelphia Eagles,2.5925000000000007,0.9655,2.6040000000000005,Philadelphia Eagles,1.6385000000000003,Different,Same,Same,Same,Different,Same,False,Home Team,Home Team,43.0,-265.0,215.0,Philadelphia Eagles,Pittsburgh Steelers,-5.5,5.5,-116,-104,-142,117,-0.6845,0.6845,-2.5925000000000007,2.5925000000000007,0.3175,0.726,0.5098,0.537,0.4608,0.5868,0.3042,0.6958,0.487,0.513,0.4399,0.5601,0.3042,0.6958,-0.1958,0.1958,37.0,5.0,12,5.0,37.0,0.0,nfl_read_py Fallback,False,Russell Wilson,Jalen Hurts,-4.5,-6.0,13.57,184.27,Med-High,-14.0,6.0,40.25,40.0,12.673674362408438,25.0,57.0,0.6292,0.3706,0.0834,0.0906,0.512,0.488,0.3758,0.5816,16,2024-12-15,Pittsburgh Steelers @ Philadelphia Eagles,0.5995,0.4004,-150,150,0.726027397260274,0.3174603174603174,-5.25,5.25,40.125,-2.842333333333334,2.842333333333334,Pittsburgh Steelers,2.9075,Pittsburgh Steelers,4.8155,Pittsburgh Steelers,0.25,Pittsburgh Steelers,2.657666666666666,Pittsburgh Steelers,0.1224396825396825,Pittsburgh Steelers,0.1695396825396825,Pittsburgh Steelers,0.0531396825396825,Pittsburgh Steelers,0.0829396825396825,Under,2.875,100.0,215.0,194.64,418.47,110.0,100.0,0.0,0.0,110.0,100.0,303.4,275.82,Pittsburgh Steelers,0.3054,0.3453,0.2817,0.3313,0.3985,0.4658,0.6015,0.5324,-0.7158,-0.3853,-0.0287,0.0882,0.0644,0.0437,16,-0.1365333333333333,0.158,Philadelphia Eagles,Pittsburgh Steelers,0,0,0,0,0,1,1,0,0,0,1,1,0,1.5,4.0,0.001,0.002,51.0,0.0392156862745098,0.5294117647058824,0.001413,0.0,0.0518476581281431,0.0,0.0226675159565696,0.0,0.0014610818447982,0.0,0.0010166207476106,0.0004444610971876,0.0,0.0,0.0004444610971876,0.0,0.0745151740847127,51.0,0.0,0.3042,0.6958,0.4558,0.544,0.5294,0.47,Philadelphia Eagles,Pittsburgh Steelers,Philadelphia Eagles,Philadelphia Eagles,Philadelphia Eagles,Same,Different,Same,False,False,0.0014610818447982,0.0,0.001413,0.0,0.0014610818447982,0.0,0.0005332205380476,0.0004708816199587,1.0391986133921396,0.0,1.687379660854081,0.0,0.9241506736731712,0.0,1.008111241211296,0.0,1.1108288582836563,0.0
2024_15_GB_SEA,2024,16,2024-12-15,20:20,Green Bay Packers,Seattle Seahawks,Home,Jordan Love,Geno Smith,00-0036264,00-0030565,10,7,3,-3,12,-17,Lumen Field,47.5952,-122.3316,America/Los_Angeles,False,True,15,15,Sunday,False,False,0,False,False,0,12,-17,NFC North,Lambeau Field,44.5013,-88.0622,America/Chicago,NFC West,Lumen Field,47.5952,-122.3316,America/Los_Angeles,Detroit Lions,Arizona Cardinals,Ford Field,State Farm Stadium,New Orleans Saints,Minnesota Vikings,Lambeau Field,Lumen Field,1642,0,-1642,1642,2.0,0.0,America/Detroit,America/Denver,3.0,1.0,2.0,0.0,2.0,0,3.535,-0.13,3.535,-0.13,Green Bay Packers,3.665,Green Bay Packers,3.665,3.535,-0.13,Green Bay Packers,3.665,-0.15,0,No,No,No,No,No,0,No,0.0,0.0,2.282,-0.773,3.8415,-1.395,3.8415,-1.395,0.3065000000000001,-1.265,2.5885,-2.0380000000000003,Green Bay Packers,5.2365,Green Bay Packers,5.2365,3.8415,-1.395,Green Bay Packers,5.2365,Tie,0.0,Green Bay Packers,3.055,1.141,-0.3865,Green Bay Packers,1.5275,Green Bay Packers,1.5715000000000003,Green Bay Packers,4.6265,1.4475000000000002,-1.6515000000000002,Green Bay Packers,3.099,Different,Same,Same,Same,Different,Same,False,Away Team,Away Team,48.0,136.0,-162.0,Green Bay Packers,Seattle Seahawks,3.0,-3.0,105,-128,181,-224,1.5715000000000003,-1.5715000000000003,4.6265,-4.6265,0.6183,0.4237,0.5614,0.4878,0.6914,0.3559,0.5934,0.4066,0.5351,0.4649,0.6602,0.3398,0.5934,0.4066,0.0934,-0.0934,43.0,3.0,13,3.0,43.0,0.0,nfl_read_py Fallback,False,Jordan Love,Geno Smith,0.48,1.0,13.97,195.28,High,-10.0,10.0,45.46,45.0,13.660737717670967,29.0,63.0,0.483,0.516,0.0842,0.0858,0.52,0.4358,0.402,0.578,16,2024-12-15,Green Bay Packers @ Seattle Seahawks,0.4236,0.5762,136,-136,0.423728813559322,0.6183206106870229,0.74,-0.74,45.23,2.312666666666667,-2.312666666666667,Green Bay Packers,1.6265,Seattle Seahawks,1.4284999999999997,Seattle Seahawks,2.26,Seattle Seahawks,0.6873333333333331,Green Bay Packers,0.041879389312977,Seattle Seahawks,0.0411711864406779,Seattle Seahawks,0.0592711864406779,No Bet,0.0,Under,2.769999999999996,100.0,136.0,257.13,349.7,110.0,100.0,0.0,0.0,110.0,100.0,284.5,258.64,Seattle Seahawks,0.2919,0.2284,0.2954,0.2973,0.6056,0.5519,0.3929,0.4481,-0.4721,-0.3451,0.0716,0.2085,0.0396,0.2322,16,0.1418,0.1032,Green Bay Packers,Seattle Seahawks,0,0,0,0,1,0,0,1,0,0,1,1,0,3.5,3.5,0.003,0.0,51.0,0.4313725490196078,0.4901960784313725,0.001054,0.006974,0.0008153087774624,0.1281041620328038,0.0011898775911121,0.0877774726702696,3.9317379775972175e-05,0.004232973229472,1.5986446616910286e-05,2.333093315906189e-05,0.0025118463143687,0.0017211269151033,0.0017444578482623,0.2158816347030735,0.0020051863685745,51.0,0.0,0.5934,0.4066,0.5886,0.4112,0.4622,0.537,Green Bay Packers,Seattle Seahawks,Green Bay Packers,Green Bay Packers,Green Bay Packers,Same,Different,Same,False,False,3.9317379775972175e-05,0.004232973229472,0.001054,0.006974,3.9317379775972175e-05,0.004232973229472,0.000482126544312,0.0027129490376362,0.6122861596283619,0.8825877111777919,1.5848817528403676,1.7257996657129218,0.5672204960173562,1.0853789197729076,0.7813816380691954,0.8231146580715174,0.7964764429579985,1.0603285288509574
2024_15_CHI_MIN,2024,16,2024-12-16,20:00,Chicago Bears,Minnesota Vikings,Home,Caleb Williams,Sam Darnold,00-0039918,00-0034869,8,8,0,0,3,11,U.S. Bank Stadium,44.9738,-93.2575,America/Chicago,False,True,15,15,Monday,False,False,0,False,False,0,3,11,NFC North,Soldier Field,41.8623,-87.6167,America/Chicago,NFC North,U.S. Bank Stadium,44.9738,-93.2575,America/Chicago,San Francisco 49ers,Atlanta Falcons,Levi's Stadium,U.S. Bank Stadium,Detroit Lions,Seattle Seahawks,Soldier Field,Lumen Field,355,0,-355,355,0.0,0.0,America/Los_Angeles,America/Chicago,-2.0,0.0,0.0,0.0,0.0,0,-1.575,0.27,-1.575,0.27,Minnesota Vikings,1.845,Minnesota Vikings,1.845,-1.575,0.27,Minnesota Vikings,1.845,0.0,0,No,No,No,No,No,1,No,0.0,0.0,-4.376,4.824,-3.207265,0.196765,-3.207265,0.196765,-1.6507149999999997,-0.0547849999999999,-5.934715,4.677215,Minnesota Vikings,3.40403,Minnesota Vikings,3.40403,-3.207265,0.196765,Minnesota Vikings,3.40403,Tie,0.0,Minnesota Vikings,9.2,-2.188,2.412,Minnesota Vikings,4.6,Minnesota Vikings,1.5959299999999996,Minnesota Vikings,10.61193,-3.792715,2.311215,Minnesota Vikings,6.10393,Different,Same,Same,Same,Different,Same,False,Home Team,Home Team,43.5,-325.0,260.0,Minnesota Vikings,Chicago Bears,-7.0,7.0,-128,105,-538,389,-1.5959299999999996,1.5959299999999996,-10.61193,10.61193,0.2778,0.7647,0.4878,0.5614,0.2045,0.8433,0.2665,0.7335,0.4649,0.5351,0.1952,0.8048,0.2665,0.7335,-0.2335,0.2335,,,14,0.0,70.0,0.0,Dome,True,Caleb Williams,Sam Darnold,-8.22,-9.0,13.44,180.57,Med-High,-17.0,1.0,45.52,45.0,13.021693356072088,29.0,63.0,0.7342,0.2654,0.0826,0.0734,0.5308,0.4238,0.5346,0.4654,16,2024-12-16,Chicago Bears @ Minnesota Vikings,0.7019,0.298,-235,236,0.7647058823529411,0.2777777777777778,-8.61,8.61,45.260000000000005,-6.939286666666665,6.939286666666665,Minnesota Vikings,3.611929999999999,Chicago Bears,5.404070000000001,Minnesota Vikings,1.6099999999999994,Chicago Bears,0.0607133333333349,Minnesota Vikings,0.0400941176470588,Chicago Bears,0.1871222222222222,No Bet,0.0,Chicago Bears,0.0202222222222221,Over,1.7600000000000051,,0.0,0.0,0.0,110.0,100.0,36.7,33.36,110.0,100.0,56.65,51.5,No Bet,0.3441,0.2928,0.2867,0.2932,0.5864,0.5024,0.4102,0.4928,-0.4472,-0.7495,-0.0209,-0.0166,0.2081,-0.1995,16,-0.1417333333333333,-0.0014333333333333,Minnesota Vikings,Chicago Bears,0,0,0,0,0,1,1,0,0,0,1,1,1,1.0,2.5,0.0,0.121,51.0,0.4509803921568627,0.6274509803921569,0.202375,2.4002755695697155e-06,5.603800277466813,3.262334540380679e-05,2.036009235098712,8.97907086442487e-05,0.1498001865208926,2.4002755695697155e-06,0.1098784368130747,0.0399217497078178,6.396734392903292e-07,1.7606021302793862e-06,0.0399235103099481,0.000122414054048,7.639809512565525,51.0,0.0,0.2665,0.7335,0.4515,0.5483,0.5994,0.3998,Minnesota Vikings,Chicago Bears,Minnesota Vikings,Minnesota Vikings,Minnesota Vikings,Same,Different,Same,False,False,0.1498001865208926,2.4002755695697155e-06,0.202375,2.4002755695697155e-06,0.1498001865208926,2.4002755695697155e-06,0.1281663827900063,0.0006346771675527,0.9692130469255961,0.5256608238805549,1.0419303169565861,2.2687511015966964,1.1802162962307905,0.47238311955947254,1.0183502335258012,0.586146062614912,1.0605183754553653,0.7962865963535887
2024_15_ATL_LV,2024,16,2024-12-16,20:30,Atlanta Falcons,Las Vegas Raiders,Home,Kirk Cousins,Aidan O'Connell,00-0029604,00-0038579,8,8,0,0,6,0,Allegiant Stadium,36.108,-115.1578,America/Los_Angeles,False,True,15,15,Monday,False,False,0,False,False,0,6,0,NFC South,Mercedes-Benz Stadium,33.7489,-84.388,America/New_York,AFC West,Allegiant Stadium,36.108,-115.1578,America/Los_Angeles,Minnesota Vikings,Tampa Bay Buccaneers,U.S. Bank Stadium,Raymond James Stadium,New York Giants,Jacksonville Jaguars,Mercedes-Benz Stadium,Allegiant Stadium,1742,0,-1742,1742,3.0,0.0,America/Chicago,America/New_York,2.0,3.0,3.0,0.0,3.0,0,-0.71,-2.35,-0.71,-2.35,Atlanta Falcons,1.64,Atlanta Falcons,1.64,-0.71,-2.35,Atlanta Falcons,1.64,-0.2249999999999999,0,No,No,No,No,No,0,No,0.0,0.0,-2.47,-3.685,-0.7659999999999999,-2.4610000000000003,-0.7659999999999999,-2.4610000000000003,-0.0559999999999999,-0.111,-2.526,-3.796,Atlanta Falcons,1.6950000000000005,Atlanta Falcons,1.6950000000000005,-0.7659999999999999,-2.4610000000000003,Atlanta Falcons,1.6950000000000005,Tie,0.0,Atlanta Falcons,1.215,-1.235,-1.8425,Atlanta Falcons,0.6074999999999999,Atlanta Falcons,0.055,Atlanta Falcons,1.2700000000000005,-1.291,-1.9535,Atlanta Falcons,0.6625000000000003,Different,Same,Same,Same,Different,Same,False,Away Team,Away Team,44.5,275.0,-345.0,Atlanta Falcons,Las Vegas Raiders,6.5,-6.5,-110,-110,105,-128,0.055,-0.055,1.2700000000000005,-1.2700000000000005,0.7753,0.2667,0.5238,0.5238,0.5614,0.4878,0.7441,0.2559,0.5,0.5,0.5351,0.4649,0.7441,0.2559,0.2441,-0.2441,,,15,0.0,70.0,0.0,Dome,True,Kirk Cousins,Gardner Minshew,2.28,3.0,12.58,158.16,Low,-7.0,11.0,41.96,41.0,12.554250730421169,26.0,58.0,0.4288,0.57,0.0968,0.0804,0.5984,0.4016,0.3906,0.6094,16,2024-12-16,Atlanta Falcons @ Las Vegas Raiders,0.4124,0.5873,142,-142,0.2666666666666666,0.7752808988764045,2.64,-2.64,41.48,1.3216666666666668,-1.3216666666666668,Las Vegas Raiders,5.23,Las Vegas Raiders,6.445,Las Vegas Raiders,3.86,Las Vegas Raiders,5.178333333333333,Las Vegas Raiders,0.1982333333333333,Las Vegas Raiders,0.2333333333333333,Las Vegas Raiders,0.1621333333333333,Las Vegas Raiders,0.1457333333333333,Under,3.019999999999996,100.0,275.0,552.73,1520.0,110.0,100.0,391.6,356.0,110.0,100.0,449.35,408.5,Las Vegas Raiders,0.3234,0.2377,0.3025,0.2483,0.4605,0.6299,0.5395,0.3701,-0.6491,-0.4499,-0.0297,-0.0092,-0.0904,0.1262,16,0.147,-0.0562999999999999,Atlanta Falcons,Las Vegas Raiders,0,0,0,0,1,1,0,0,0,0,1,1,0,4.0,2.0,0.031,0.001,51.0,1.0,0.8823529411764706,0.001302,0.037742,3.13257564308974e-05,1.848674027802652,9.108829761715808e-05,0.6357689607777162,2.4002755695697155e-06,0.0487145684035366,6.142305182528902e-07,1.7860450513168257e-06,0.0362485103490716,0.012466058054465,0.0124678440995163,2.484442988580368,0.000122414054048,51.0,0.0,0.7441,0.2559,0.4718,0.5278,0.5108,0.4876,Atlanta Falcons,Atlanta Falcons,Las Vegas Raiders,Atlanta Falcons,Atlanta Falcons,Same,Same,Different,False,False,2.4002755695697155e-06,0.0487145684035366,0.001302,0.037742,2.4002755695697155e-06,0.0487145684035366,0.0008355122860373,0.0904590020422382,0.40538220501347716,1.0894916657926765,1.8925529793056226,1.4181284392476663,0.8053802116766087,0.8472192041136555,0.7253160216894097,0.8791802744513076,0.8239859842908125,1.032818987518145
2024_16_DEN_LAC,2024,17,2024-12-19,20:15,Denver Broncos,Los Angeles Chargers,Home,Bo Nix,Justin Herbert,00-0039732,00-0036355,4,4,0,0,-10,-10,SoFi Stadium,33.9535,-118.3395,America/Los_Angeles,False,False,16,16,Thursday,False,False,0,False,False,0,-10,-10,AFC West,Empower Field at Mile High,39.7648,-105.0076,America/Denver,AFC West,SoFi Stadium,33.9535,-118.3395,America/Los_Angeles,Indianapolis Colts,Tampa Bay Buccaneers,Empower Field at Mile High,SoFi Stadium,Cincinnati Bengals,New England Patriots,Paycor Stadium,Gillette Stadium,837,0,-837,837,1.0,0.0,America/Denver,America/Los_Angeles,1.0,0.0,1.0,0.0,1.0,0,2.05,0.935,2.05,0.935,Denver Broncos,1.1149999999999998,Denver Broncos,1.1149999999999998,2.05,0.935,Denver Broncos,1.1149999999999998,0.0,0,No,No,No,No,No,1,No,0.0,0.0,1.788,2.21,1.88096,0.30904,1.88096,0.30904,-0.1578899999999999,-0.6371100000000001,1.63433,1.56867,Denver Broncos,1.57192,Denver Broncos,1.57192,1.88096,0.30904,Denver Broncos,1.57192,Tie,0.0,Los Angeles Chargers,0.4219999999999999,0.894,1.105,Los Angeles Chargers,0.2109999999999999,Denver Broncos,0.4792200000000001,Denver Broncos,0.06566,0.7382200000000001,0.4657799999999999,Denver Broncos,0.2724400000000001,Different,Different,Same,Same,Different,Different,True,Away Team,Away Team,43.5,109.0,-130.0,Denver Broncos,Los Angeles Chargers,1.8333333333333333,-1.8333333333333333,-104,-116,-110,-110,0.4792200000000001,-0.4792200000000001,0.06566,-0.06566,0.5652,0.4785,0.537,0.5098,0.5238,0.5238,0.5416,0.4584,0.513,0.487,0.5,0.5,0.5416,0.4584,0.0416,-0.0416,,,16,0.0,70.0,0.0,Dome,True,Bo Nix,Justin Herbert,1.11,2.0,13.39,179.31,Medium,-9.0,10.0,42.53,42.0,12.379694154762996,27.0,59.0,0.468,0.531,0.09,0.0852,0.384,0.564,0.5214,0.4786,17,2024-12-19,Denver Broncos @ Los Angeles Chargers,0.4784,0.5214,109,-109,,,,,,,,No Bet,,No Bet,,No Bet,,No Bet,,No Bet,,No Bet,,No Bet,,No Bet,,No Bet,,,,,,,,,,,,,,,0.2928,0.3086,0.2886,0.3318,0.5203,0.5314,0.4797,0.467,-0.7202,-0.4784,0.0595,0.0691,-0.084,-0.0925,17,0.0933,0.2331,Denver Broncos,Los Angeles Chargers,0,0,0,0,1,0,0,1,0,0,0,0,1,3.0,4.0,,,40.03576954263603,0.0777910717563722,0.0,0.0,0.0,0.0001184815150331,0.0,0.0001399860133986,0.0,6.455915082548192e-06,0.0,2.959391473840091e-06,3.496523608708101e-06,0.0,0.0,3.496523608708101e-06,0.0,0.0002584675284317,42.0,9.0,0.4279,0.5721,0.4446,0.5552,0.5604,0.439,Los Angeles Chargers,Denver Broncos,Los Angeles Chargers,Denver Broncos,Denver Broncos,Different,Same,Different,False,False,6.455915082548192e-06,0.0,0.0,0.0,6.455915082548192e-06,0.0,0.0002530327745616,0.0,0.0,0.0,0.0,0.0,0.0,0.0,0.0,0.0,0.0,0.0
2024_16_HOU_KC,2024,17,2024-12-21,13:00,Houston Texans,Kansas City Chiefs,Home,C.J. Stroud,Patrick Mahomes,00-0039163,00-0033873,6,6,0,0,3,1,GEHA Field at Arrowhead Stadium,39.0489,-94.4839,America/Chicago,False,False,16,16,Saturday,False,False,0,False,False,0,3,1,AFC South,NRG Stadium,29.6847,-95.4093,America/Chicago,AFC West,GEHA Field at Arrowhead Stadium,39.0489,-94.4839,America/Chicago,Miami Dolphins,Cleveland Browns,NRG Stadium,FirstEnergy Stadium,Baltimore Ravens,Pittsburgh Steelers,NRG Stadium,Acrisure Stadium,649,0,-649,649,0.0,0.0,America/Chicago,America/New_York,0.0,1.0,0.0,0.0,0.0,0,0.035,4.395,0.035,4.395,Kansas City Chiefs,4.359999999999999,Kansas City Chiefs,4.359999999999999,0.035,4.395,Kansas City Chiefs,4.359999999999999,0.0,0,No,No,No,No,No,0,No,0.0,0.0,0.71,5.74,0.1,3.5189999999999992,0.1,3.5189999999999992,0.065,-0.876,0.775,4.864,Kansas City Chiefs,3.418999999999999,Kansas City Chiefs,3.418999999999999,0.1,3.5189999999999992,Kansas City Chiefs,3.418999999999999,Tie,0.0,Kansas City Chiefs,5.03,0.355,2.87,Kansas City Chiefs,2.515,Houston Texans,0.941,Kansas City Chiefs,4.089,0.42,1.994,Kansas City Chiefs,1.5739999999999998,Different,Same,Different,Same,Different,Same,False,Away Team,Home Team,42.5,-180.0,150.0,Kansas City Chiefs,Houston Texans,-3.5,3.5,101,-122,-211,171,0.941,-0.941,-4.089,4.089,0.4,0.6429,0.5495,0.4975,0.369,0.6785,0.3836,0.6164,0.5248,0.4752,0.3523,0.6477,0.3836,0.6164,-0.1164,0.1164,30.0,5.0,17,5.0,30.0,0.0,nfl_read_py Fallback,False,C.J. Stroud,Patrick Mahomes,5.01,6.0,13.63,185.9,Med-High,-6.0,14.0,38.34,37.0,11.983937090524046,23.0,54.0,0.349,0.6496,0.0806,0.0838,0.2874,0.7126,0.355,0.645,17,2024-12-21,Houston Texans @ Kansas City Chiefs,0.5221,0.4776,-109,109,,,,,,,,No Bet,,No Bet,,No Bet,,No Bet,,No Bet,,No Bet,,No Bet,,No Bet,,No Bet,,,,,,,,,,,,,,,0.3134,0.3357,0.3119,0.3197,0.546,0.5403,0.454,0.4597,-0.3429,-0.3556,0.0844,0.0056,0.0465,0.0219,17,0.0233,-0.1012,Kansas City Chiefs,Houston Texans,0,0,0,0,0,1,1,0,0,0,0,0,0,2.5,1.5,,,40.03576954263603,0.1296372132174105,0.0580253487406548,0.0033154300707213,0.0,0.2581921296900923,8.279973389721308e-05,0.1606789437850737,0.0001330494159912,0.0104624209365849,5.391407542662351e-06,0.0064490362653109,0.0040133846712739,2.068143933365278e-06,3.323263609297073e-06,0.0040167079348832,0.0002158491498884,0.418871073475166,42.0,9.0,0.3836,0.6164,0.3982,0.6015,0.4848,0.5142,Kansas City Chiefs,Kansas City Chiefs,Kansas City Chiefs,Houston Texans,Kansas City Chiefs,Same,Different,Same,False,False,0.0104624209365849,5.391407542662351e-06,0.0033154300707213,0.0,0.0104624209365849,5.391407542662351e-06,0.0016836669101283,0.0002044487186404,0.8209026697298948,0.0,1.6124691714313113,0.0,1.4333441302620724,0.0,0.7026622001969088,0.0,1.0551964273043692,0.0
2024_16_PIT_BAL,2024,17,2024-12-21,16:30,Pittsburgh Steelers,Baltimore Ravens,Home,Russell Wilson,Lamar Jackson,00-0029263,00-0034796,6,6,0,0,-2,12,M&T Bank Stadium,39.2789,-76.6228,America/New_York,False,True,16,16,Saturday,False,False,0,False,False,0,-2,12,AFC North,Acrisure Stadium,40.4468,-80.0158,America/New_York,AFC North,M&T Bank Stadium,39.2789,-76.6228,America/New_York,Philadelphia Eagles,New York Giants,Lincoln Financial Field,MetLife Stadium,Kansas City Chiefs,Houston Texans,Acrisure Stadium,NRG Stadium,197,0,-197,197,0.0,0.0,America/New_York,America/New_York,0.0,0.0,0.0,0.0,0.0,0,-0.565,6.69,-0.565,6.69,Baltimore Ravens,7.255000000000001,Baltimore Ravens,7.255000000000001,-0.565,6.69,Baltimore Ravens,7.255000000000001,0.0,0,No,No,No,No,No,1,No,0.0,0.0,3.452,6.8,-1.241765,6.964265000000001,-1.241765,6.964265000000001,-0.749315,0.3468150000000001,2.736165,7.113335,Baltimore Ravens,8.206030000000002,Baltimore Ravens,8.206030000000002,-1.241765,6.964265000000001,Baltimore Ravens,8.206030000000002,Tie,0.0,Baltimore Ravens,3.348,1.726,3.4,Baltimore Ravens,1.674,Baltimore Ravens,1.09613,Baltimore Ravens,4.37717,0.993425,3.730075,Baltimore Ravens,2.73665,Different,Same,Same,Same,Different,Same,False,Home Team,Home Team,44.5,-345.0,275.0,Baltimore Ravens,Pittsburgh Steelers,-7.0,7.0,-122,101,-224,181,-1.09613,1.09613,-4.37717,4.37717,0.2667,0.7753,0.4975,0.5495,0.3559,0.6914,0.2559,0.7441,0.4752,0.5248,0.3398,0.6602,0.2559,0.7441,-0.2441,0.2441,35.0,15.0,18,15.0,35.0,0.0,nfl_read_py Fallback,False,Russell Wilson,Lamar Jackson,-7.54,-9.0,13.58,184.28,Med-High,-17.0,3.0,42.88,43.0,13.135669187407249,26.0,60.0,0.7134,0.2854,0.077,0.076,0.5184,0.4346,0.4274,0.5726,17,2024-12-21,Pittsburgh Steelers @ Baltimore Ravens,0.6606,0.3391,-195,195,,,,,,,,No Bet,,No Bet,,No Bet,,No Bet,,No Bet,,No Bet,,No Bet,,No Bet,,No Bet,,,,,,,,,,,,,,,0.3162,0.3453,0.2796,0.3313,0.5309,0.4658,0.4656,0.5324,-0.1318,-0.3853,0.3234,0.0882,0.17,0.0437,17,-0.0827499999999999,0.3032,Baltimore Ravens,Pittsburgh Steelers,0,0,0,0,0,1,1,0,0,0,0,0,1,1.5,4.5,,,40.03576954263603,0.0202146590304714,0.5294117647058824,0.0128824441370078,0.0,0.1401826273828006,0.0,0.0482095610096205,0.0,0.0047055967836909,0.0,0.0035014345667444,0.0012041622169465,0.0,0.0,0.0012041622169465,0.0,0.1883921883924212,42.0,9.0,0.2559,0.7441,0.3795,0.6204,0.4138,0.5856,Baltimore Ravens,Baltimore Ravens,Baltimore Ravens,Baltimore Ravens,Baltimore Ravens,Same,Same,Same,False,False,0.0047055967836909,0.0,0.0128824441370078,0.0,0.0047055967836909,0.0,0.0199421966174044,0.0018439372925492,0.9877187324129357,0.0,1.6712632289019036,0.0,1.4365263132230135,0.0,1.4226147060386103,0.0,1.3154140126829976,0.0
2024_16_NYG_ATL,2024,17,2024-12-22,13:00,New York Giants,Atlanta Falcons,Home,Tommy DeVito,Michael Penix Jr.,00-0038476,00-0039917,7,6,1,-1,0,5,Mercedes-Benz Stadium,33.7489,-84.388,America/New_York,False,False,16,16,Sunday,False,False,0,False,False,0,0,5,NFC East,MetLife Stadium,40.8136,-74.0744,America/New_York,NFC South,Mercedes-Benz Stadium,33.7489,-84.388,America/New_York,Baltimore Ravens,Las Vegas Raiders,MetLife Stadium,Allegiant Stadium,Indianapolis Colts,Washington Commanders,MetLife Stadium,FedExField,747,0,-747,747,0.0,0.0,America/New_York,America/Los_Angeles,0.0,-3.0,0.0,0.0,0.0,0,-2.84,-0.71,-2.84,-0.71,Atlanta Falcons,2.13,Atlanta Falcons,2.13,-2.84,-0.71,Atlanta Falcons,2.13,0.0,0,No,No,No,No,No,0,Yes,0.0,0.0,-5.779,-2.47,-2.0565,-0.2039999999999999,-2.0565,-0.2039999999999999,0.7835,0.506,-4.9955,-1.9640000000000004,Atlanta Falcons,1.8525,Atlanta Falcons,1.8525,-2.0565,-0.2039999999999999,Atlanta Falcons,1.8525,Tie,0.0,Atlanta Falcons,3.309,-2.8895,-1.235,Atlanta Falcons,1.6545,New York Giants,0.2774999999999999,Atlanta Falcons,3.0314999999999994,-2.106,-0.7290000000000002,Atlanta Falcons,1.3769999999999998,Different,Same,Different,Same,Different,Same,False,Away Team,Home Team,42.5,-550.0,410.0,Atlanta Falcons,New York Giants,-9.5,9.5,-104,-116,-164,135,0.2774999999999999,-0.2774999999999999,-3.0314999999999994,3.0314999999999994,0.1961,0.8462,0.537,0.5098,0.4255,0.6212,0.1881,0.8119,0.513,0.487,0.4065,0.5935,0.1881,0.8119,-0.3119,0.3119,,,19,0.0,70.0,0.0,Dome,True,Daniel Jones,Kirk Cousins,-9.62,-10.0,12.78,163.23,Med-Low,-18.0,-2.0,42.97,43.0,12.534446402985887,27.0,60.0,0.7718,0.2276,0.0808,0.068,0.5422,0.4578,0.5034,0.4966,17,2024-12-22,New York Giants @ Atlanta Falcons,0.666,0.3338,-199,200,,,,,,,,No Bet,,No Bet,,No Bet,,No Bet,,No Bet,,No Bet,,No Bet,,No Bet,,No Bet,,,,,,,,,,,,,,,0.2377,0.3539,0.2483,0.3118,0.6299,0.5346,0.3701,0.4623,-0.4499,-0.6038,-0.0092,-0.1112,0.1262,-0.1776,17,-0.17725,0.06455,Atlanta Falcons,New York Giants,0,0,0,0,0,1,1,0,0,0,0,0,0,1.0,3.0,,,40.03576954263603,0.8361773824468223,0.9999905487705404,0.2496727276302619,0.0003634122656078,4.812661604894003,7.418962254947724e-05,1.114991560389903,0.0003202262336412,0.1480589291276457,9.851586735973749e-06,0.1202090445587355,0.0278498845689101,1.853083465036662e-06,7.998503270937086e-06,0.0278578830721811,0.0003944158561907,5.927653165283906,42.0,9.0,0.1881,0.8119,0.2947,0.705,0.408,0.591,Atlanta Falcons,Atlanta Falcons,Atlanta Falcons,Atlanta Falcons,Atlanta Falcons,Same,Same,Same,False,False,0.1480589291276457,9.851586735973749e-06,0.2496727276302619,0.0003634122656078,0.1480589291276457,9.851586735973749e-06,0.2969095288939937,0.0035343266430563,0.9905261196710599,0.34392345646633987,0.8750888575604142,2.623185243482049,0.9357527823036521,1.2908382122074924,1.242349622532771,0.7936697636195513,1.0183572881518237,1.0196011274672456
2024_16_ARI_CAR,2024,17,2024-12-22,13:00,Arizona Cardinals,Carolina Panthers,Home,Kyler Murray,Bryce Young,00-0035228,00-0039150,7,7,0,0,-3,3,Bank of America Stadium,35.2258,-80.8528,America/New_York,False,False,16,16,Sunday,False,False,0,False,False,0,-3,3,NFC West,State Farm Stadium,33.5277,-112.262608,America/Denver,NFC South,Bank of America Stadium,35.2258,-80.8528,America/New_York,New England Patriots,Dallas Cowboys,State Farm Stadium,Bank of America Stadium,Los Angeles Rams,Tampa Bay Buccaneers,SoFi Stadium,Raymond James Stadium,1786,0,-1786,1786,-2.0,0.0,America/Denver,America/New_York,-2.0,0.0,-2.0,0.0,-2.0,0,0.075,-5.25,0.075,-5.25,Arizona Cardinals,5.325,Arizona Cardinals,5.325,0.075,-5.25,Arizona Cardinals,5.325,-0.3,0,No,No,No,No,No,0,No,0.0,0.0,-1.515,-7.384,-1.106,-4.430999999999999,-1.106,-4.430999999999999,-1.181,0.8190000000000001,-2.696,-6.565,Arizona Cardinals,3.325,Arizona Cardinals,3.325,-1.106,-4.430999999999999,Arizona Cardinals,3.325,Tie,0.0,Arizona Cardinals,5.869000000000001,-0.7575,-3.692,Arizona Cardinals,2.9345000000000003,Carolina Panthers,2.0,Arizona Cardinals,3.869,-1.9385,-2.873,Arizona Cardinals,0.9345,Different,Same,Different,Same,Different,Same,False,Home Team,Away Team,47.0,200.0,-245.0,Arizona Cardinals,Carolina Panthers,5.5,-5.5,-131,108,171,-211,-2.0,2.0,3.869,-3.869,0.7101,0.3333,0.4808,0.5671,0.6785,0.369,0.6806,0.3194,0.4588,0.5412,0.6477,0.3523,0.6806,0.3194,0.1806,-0.1806,37.0,10.0,20,10.0,37.0,0.0,nfl_read_py Fallback,False,Kyler Murray,Bryce Young,1.31,3.0,14.72,216.79,High,-10.0,12.0,48.81,48.0,13.443034798620412,32.0,66.0,0.4696,0.5296,0.0742,0.0838,0.5768,0.4232,0.5184,0.4416,17,2024-12-22,Arizona Cardinals @ Carolina Panthers,0.4206,0.5792,138,-138,,,,,,,,No Bet,,No Bet,,No Bet,,No Bet,,No Bet,,No Bet,,No Bet,,No Bet,,No Bet,,,,,,,,,,,,,,,0.2496,0.234,0.1937,0.237,0.4714,0.5745,0.5234,0.4255,-0.4761,-0.5343,-0.2092,0.1414,-0.1315,-0.0607,17,-0.055,-0.28,Arizona Cardinals,Carolina Panthers,0,0,0,0,1,0,0,1,0,0,0,0,0,2.0,0.0,,,40.03576954263603,0.987133212620296,0.7710357772214761,0.0020230607940778,0.0554017768468077,0.0007893459358528,2.564711936985203,0.0016819938758342,1.203598284856118,6.172829546976224e-05,0.0941235866049299,1.971601757304206e-05,4.201227789672018e-05,0.0640605130433153,0.0300630735616146,0.0301050858395113,3.768310221841321,0.0024713398116871,42.0,9.0,0.6806,0.3194,0.5071,0.4927,0.358,0.641,Arizona Cardinals,Carolina Panthers,Arizona Cardinals,Arizona Cardinals,Arizona Cardinals,Same,Different,Same,False,False,6.172829546976224e-05,0.0941235866049299,0.0020230607940778,0.0554017768468077,6.172829546976224e-05,0.0941235866049299,0.0060587706936971,0.0307034089202936,0.450921679809086,0.8835278963283119,2.281098393090129,1.2171757079523353,0.9076371427413665,1.3189538517697734,1.060727005301925,0.9752923808503982,0.963982521685671,1.0739758939334005
2024_16_DET_CHI,2024,17,2024-12-22,13:00,Detroit Lions,Chicago Bears,Home,Jared Goff,Caleb Williams,00-0033106,00-0039918,7,6,1,-1,0,2,Soldier Field,41.8623,-87.6167,America/Chicago,False,False,16,16,Sunday,False,False,0,False,False,0,0,2,NFC North,Ford Field,42.3395,-83.045,America/Detroit,NFC North,Soldier Field,41.8623,-87.6167,America/Chicago,Buffalo Bills,Minnesota Vikings,Ford Field,U.S. Bank Stadium,San Francisco 49ers,Seattle Seahawks,Levi's Stadium,Soldier Field,236,0,-236,236,1.0,0.0,America/Detroit,America/Chicago,1.0,0.0,1.0,0.0,1.0,0,4.305,-1.575,4.305,-1.575,Detroit Lions,5.88,Detroit Lions,5.88,4.305,-1.575,Detroit Lions,5.88,0.0,0,No,No,No,No,No,1,Yes,0.0,0.0,7.944,-4.376,4.967270000000001,0.2897300000000002,4.967270000000001,0.2897300000000002,0.7210700000000001,1.80593,8.54187,-2.446870000000001,Detroit Lions,4.6775400000000005,Detroit Lions,4.6775400000000005,4.967270000000001,0.2897300000000002,Detroit Lions,4.6775400000000005,Tie,0.0,Detroit Lions,12.32,3.972,-2.188,Detroit Lions,6.16,Chicago Bears,1.08486,Detroit Lions,10.98874,4.63147,-0.3204700000000005,Detroit Lions,4.9519400000000005,Different,Same,Different,Same,Different,Same,False,Home Team,Away Team,47.5,270.0,-340.0,Detroit Lions,Chicago Bears,7.0,-7.0,-122,101,406,-567,-1.08486,1.08486,10.98874,-10.98874,0.7727,0.2703,0.4975,0.5495,0.8501,0.1976,0.7409,0.2591,0.4752,0.5248,0.8114,0.1886,0.7409,0.2591,0.2409,-0.2409,29.0,7.0,21,7.0,29.0,0.0,nfl_read_py Fallback,False,Jared Goff,Caleb Williams,5.19,6.0,14.21,201.78,High,-5.0,15.0,49.65,49.0,13.761201442207966,33.0,68.0,0.3564,0.6422,0.0832,0.0748,0.5126,0.4454,0.5366,0.4634,17,2024-12-22,Detroit Lions @ Chicago Bears,0.3322,0.6674,201,-201,,,,,,,,No Bet,,No Bet,,No Bet,,No Bet,,No Bet,,No Bet,,No Bet,,No Bet,,No Bet,,,,,,,,,,,,,,,0.2928,0.2666,0.2932,0.2982,0.5024,0.542,0.4928,0.4551,-0.7495,-0.4949,-0.0166,0.1824,-0.1995,0.3142,17,0.12055,-0.09215,Detroit Lions,Chicago Bears,0,0,0,0,1,0,0,1,0,0,0,0,1,3.0,1.5,,,40.03576954263603,0.6274501655371965,0.0,0.0,0.0,0.0,0.0,0.0,0.0,0.0,0.0,0.0,0.0,0.0,0.0,0.0,0.0,0.0,42.0,9.0,0.7409,0.2591,0.556,0.4439,0.483,0.5166,Detroit Lions,Chicago Bears,Detroit Lions,Detroit Lions,Detroit Lions,Same,Different,Same,False,False,0.0,0.0,0.0,0.0,0.0,0.0,0.0029203526244706,0.0,0.0,0.0,0.0,0.0,0.0,0.0,0.0,0.0,0.0,0.0
2024_16_CLE_CIN,2024,17,2024-12-22,13:00,Cleveland Browns,Cincinnati Bengals,Home,Jameis Winston,Joe Burrow,00-0031503,00-0036442,7,7,0,0,3,-1,Paycor Stadium,39.0955,-84.5165,America/New_York,False,False,16,16,Sunday,False,False,0,False,False,0,3,-1,AFC North,FirstEnergy Stadium,41.5061,-81.6994,America/New_York,AFC North,Paycor Stadium,39.0955,-84.5165,America/New_York,Kansas City Chiefs,Tennessee Titans,FirstEnergy Stadium,Nissan Stadium,Miami Dolphins,Denver Broncos,FirstEnergy Stadium,Paycor Stadium,223,0,-223,223,0.0,0.0,America/New_York,America/Chicago,0.0,-1.0,0.0,0.0,0.0,0,-4.705,1.31,-4.705,1.31,Cincinnati Bengals,6.015000000000001,Cincinnati Bengals,6.015000000000001,-4.705,1.31,Cincinnati Bengals,6.015000000000001,0.0,0,No,No,No,No,No,1,No,0.0,0.0,-4.317,-0.594,-5.522775,1.065275,-5.522775,1.065275,-0.8779249999999998,-0.184575,-5.157695,-0.8158050000000001,Cincinnati Bengals,6.58805,Cincinnati Bengals,6.58805,-5.522775,1.065275,Cincinnati Bengals,6.58805,Tie,0.0,Cincinnati Bengals,3.723,-2.1585,-0.297,Cincinnati Bengals,1.8615,Cincinnati Bengals,0.6933499999999999,Cincinnati Bengals,4.34189,-3.01781,-0.50019,Cincinnati Bengals,2.51762,Different,Same,Same,Same,Different,Same,False,Home Team,Home Team,46.5,-575.0,425.0,Cincinnati Bengals,Cleveland Browns,-10.0,10.0,-116,-104,-224,181,-0.6933499999999999,0.6933499999999999,-4.34189,4.34189,0.1905,0.8519,0.5098,0.537,0.3559,0.6914,0.1827,0.8173,0.487,0.513,0.3398,0.6602,0.1827,0.8173,-0.3173,0.3173,33.0,6.0,22,6.0,33.0,0.0,nfl_read_py Fallback,False,Jameis Winston,Joe Burrow,-7.33,-8.0,13.19,174.05,Medium,-17.0,3.0,38.69,38.0,12.488407066644346,23.0,55.0,0.712,0.2862,0.0824,0.0758,0.4138,0.5336,0.2642,0.7358,17,2024-12-22,Cleveland Browns @ Cincinnati Bengals,0.6756,0.3239,-208,209,,,,,,,,No Bet,,No Bet,,No Bet,,No Bet,,No Bet,,No Bet,,No Bet,,No Bet,,No Bet,,,,,,,,,,,,,,,0.3188,0.3144,0.2811,0.3629,0.5167,0.5142,0.4833,0.4755,-0.3491,-0.7297,0.1983,-0.1633,0.018,-0.1176,17,-0.2648,0.09065,Cincinnati Bengals,Cleveland Browns,0,0,0,0,0,1,1,0,0,0,0,0,1,0.0,3.0,,,40.03576954263603,0.5310464540189859,0.9998885210548292,0.2028228508499687,0.0016174318033497,5.247225505064856,0.0004618752932098,1.17296965591013,0.0020661777621257,0.1603614776066139,6.31448598145052e-05,0.1310634356478856,0.0292980419587283,1.15365658881101e-05,5.16082939263951e-05,0.0293496502526547,0.0025280530553355,6.420195160974986,42.0,9.0,0.1827,0.8173,0.3624,0.6374,0.5748,0.4246,Cincinnati Bengals,Cleveland Browns,Cincinnati Bengals,Cincinnati Bengals,Cincinnati Bengals,Same,Different,Same,False,False,0.1603614776066139,6.31448598145052e-05,0.2028228508499687,0.0016174318033497,0.1603614776066139,6.31448598145052e-05,0.2172216181304169,0.005433152983761,1.0180934876478929,0.3163560884895058,1.0040195615037084,2.4942545395387556,1.1265403863919186,1.1000506081192254,1.1605046638078997,0.8755147223444244,1.0846720330592425,0.9532863825598294
2024_16_TEN_IND,2024,17,2024-12-22,13:00,Tennessee Titans,Indianapolis Colts,Home,Mason Rudolph,Joe Flacco,00-0034771,00-0026158,7,7,0,0,10,-17,Lucas Oil Stadium,39.7601,-86.1638,America/Indiana/Indianapolis,False,False,16,16,Sunday,False,False,0,False,False,0,10,-17,AFC South,Nissan Stadium,36.1664,-86.7716,America/Chicago,AFC South,Lucas Oil Stadium,39.7601,-86.1638,America/Indiana/Indianapolis,Cincinnati Bengals,Denver Broncos,Nissan Stadium,Empower Field at Mile High,Jacksonville Jaguars,New York Giants,TIAA Bank Field,MetLife Stadium,250,0,-250,250,-1.0,0.0,America/Chicago,America/Denver,-1.0,-2.0,-1.0,0.0,-1.0,0,-4.36,-2.265,-4.36,-2.265,Indianapolis Colts,2.095,Indianapolis Colts,2.095,-4.36,-2.265,Indianapolis Colts,2.095,0.0,0,No,No,No,No,No,1,No,0.0,0.0,-5.853,-3.243,-4.438885,-2.418615,-4.438885,-2.418615,-0.0998349999999999,-0.1326650000000001,-5.926735,-3.401765,Indianapolis Colts,2.02027,Indianapolis Colts,2.02027,-4.438885,-2.418615,Indianapolis Colts,2.02027,Tie,0.0,Indianapolis Colts,2.61,-2.9265,-1.6215,Indianapolis Colts,1.305,Tennessee Titans,0.0328300000000001,Indianapolis Colts,2.52497,-3.013285,-1.767215,Indianapolis Colts,1.2460699999999998,Different,Same,Different,Same,Different,Same,False,Away Team,Home Team,42.5,-198.0,164.0,Indianapolis Colts,Tennessee Titans,-4.0,4.0,-110,-110,-142,117,0.0328300000000001,-0.0328300000000001,-2.52497,2.52497,0.3788,0.6644,0.5238,0.5238,0.4608,0.5868,0.3631,0.6369,0.5,0.5,0.4399,0.5601,0.3631,0.6369,-0.1369,0.1369,,,23,0.0,70.0,0.0,Dome,True,Will Levis,s,-2.63,-3.0,14.6,213.13,High,-13.0,8.0,47.22,46.0,13.29186408033674,30.0,64.0,0.5736,0.4254,0.077,0.0754,0.474,0.5046,0.631,0.369,17,2024-12-22,Tennessee Titans @ Indianapolis Colts,0.5676,0.4321,-131,131,,,,,,,,No Bet,,No Bet,,No Bet,,No Bet,,No Bet,,No Bet,,No Bet,,No Bet,,No Bet,,,,,,,,,,,,,,,0.3058,0.3468,0.266,0.2509,0.5122,0.5674,0.4765,0.4308,-0.5357,-0.6454,0.0002,-0.0845,-0.0986,-0.2765,17,-0.11575,0.19395,Indianapolis Colts,Tennessee Titans,0,0,0,0,0,1,1,0,0,0,0,0,1,1.5,4.0,,,40.03576954263603,0.9607498945868348,0.9607833517991468,0.03630136271406,0.0,1.7293703553158484,0.0,0.9859230271866612,0.0,0.0678216857955199,0.0,0.0431956316831666,0.0246260541123533,0.0,0.0,0.0246260541123533,0.0,2.7152933825025096,42.0,9.0,0.3631,0.6369,0.4206,0.5792,0.4376,0.5618,Indianapolis Colts,Indianapolis Colts,Indianapolis Colts,Indianapolis Colts,Indianapolis Colts,Same,Same,Same,False,False,0.0678216857955199,0.0,0.03630136271406,0.0,0.0678216857955199,0.0,0.0173826561583811,0.0028930008955312,0.832232814172232,0.0,1.4213219871342928,0.0,1.1583079031824488,0.0,1.0892028703638823,0.0,1.0786459505127013,0.0
2024_16_LA_NYJ,2024,17,2024-12-22,13:00,Los Angeles Rams,New York Jets,Home,Matthew Stafford,Aaron Rodgers,00-0026498,00-0023459,10,7,3,-3,2,5,MetLife Stadium,40.8136,-74.0744,America/New_York,False,True,16,16,Sunday,False,False,0,False,False,0,2,5,NFC West,SoFi Stadium,33.9535,-118.3395,America/Los_Angeles,AFC East,MetLife Stadium,40.8136,-74.0744,America/New_York,San Francisco 49ers,Jacksonville Jaguars,Levi's Stadium,TIAA Bank Field,Arizona Cardinals,Buffalo Bills,SoFi Stadium,Highmark Stadium,2448,0,-2448,2448,-3.0,0.0,America/Los_Angeles,America/New_York,-3.0,0.0,-3.0,0.0,-3.0,0,1.29,-3.725,1.29,-3.725,Los Angeles Rams,5.015000000000001,Los Angeles Rams,5.015000000000001,1.29,-3.725,Los Angeles Rams,5.015000000000001,-0.4499999999999999,0,No,No,No,No,No,0,No,0.0,0.0,0.085,-1.161,-0.1284999999999999,-1.7625000000000002,-0.1284999999999999,-1.7625000000000002,-1.4185,1.9625,-1.3335,0.8014999999999999,Los Angeles Rams,1.6340000000000003,Los Angeles Rams,1.6340000000000003,-0.1284999999999999,-1.7625000000000002,Los Angeles Rams,1.6340000000000003,Tie,0.0,Los Angeles Rams,1.246,0.0425,-0.5805,Los Angeles Rams,0.623,New York Jets,3.381,New York Jets,2.135,-1.376,1.382,New York Jets,2.758,Different,Different,Different,Different,Different,Different,False,Home Team,Home Team,47.0,136.0,-162.0,Los Angeles Rams,New York Jets,3.0,-3.0,-191,156,-131,108,-3.381,3.381,-2.135,2.135,0.6183,0.4237,0.3906,0.6564,0.4808,0.5671,0.5934,0.4066,0.3731,0.6269,0.4588,0.5412,0.5934,0.4066,0.0934,-0.0934,23.0,8.0,24,8.0,23.0,0.0,nfl_read_py Fallback,False,d,Aaron Rodgers,2.01,3.0,12.7,161.2,Med-Low,-7.0,10.0,35.64,35.0,11.88846761245681,20.0,51.0,0.4268,0.5708,0.1,0.0968,0.4698,0.4732,0.1568,0.8194,17,2024-12-22,Los Angeles Rams @ New York Jets,0.5004,0.499,-100,100,,,,,,,,No Bet,,No Bet,,No Bet,,No Bet,,No Bet,,No Bet,,No Bet,,No Bet,,No Bet,,,,,,,,,,,,,,,0.2712,0.2986,0.3172,0.3092,0.4864,0.5412,0.5076,0.4572,-0.4522,-0.5189,0.0078,0.2264,-0.1546,-0.0012,17,-0.00495,-0.1391,Los Angeles Rams,New York Jets,0,0,0,0,1,0,0,1,0,0,0,0,0,2.0,1.0,,,40.03576954263603,0.0919995074471622,0.6077937340007387,0.0,0.0046042201264096,0.0014829453841706,0.1657749739228391,0.0021642395252504,0.1135896602578806,9.109815924824476e-05,0.0069778759687186,3.704051155033632e-05,5.405764769790843e-05,0.0041406715998376,0.002837204368881,0.0028912620165789,0.2793646341807198,0.003647184909421,42.0,9.0,0.5934,0.4066,0.4815,0.5182,0.343,0.6558,Los Angeles Rams,New York Jets,New York Jets,Los Angeles Rams,New York Jets,Same,Different,Same,False,False,9.109815924824476e-05,0.0069778759687186,0.0,0.0046042201264096,9.109815924824476e-05,0.0069778759687186,0.0002552220115115,0.0058013365702512,0.0,0.7895229702234697,0.0,1.2450782043194837,0.0,1.0087603016670157,0.0,1.1547088414321527,0.0,1.0060841892717929
2024_16_PHI_WAS,2024,17,2024-12-22,13:00,Philadelphia Eagles,Washington Commanders,Home,Jalen Hurts,Jayden Daniels,00-0036389,00-0039910,7,7,0,0,12,-2,FedExField,38.9077,-76.8645,America/New_York,False,False,16,16,Sunday,False,False,0,False,False,0,12,-2,NFC East,Lincoln Financial Field,39.9008,-75.1675,America/New_York,NFC East,FedExField,38.9077,-76.8645,America/New_York,Pittsburgh Steelers,New Orleans Saints,Lincoln Financial Field,Caesars Superdome,Dallas Cowboys,Atlanta Falcons,Lincoln Financial Field,FedExField,114,0,-114,114,0.0,0.0,America/New_York,America/Chicago,0.0,-1.0,0.0,0.0,0.0,0,4.905,1.45,4.905,1.45,Philadelphia Eagles,3.455,Philadelphia Eagles,3.455,4.905,1.45,Philadelphia Eagles,3.455,0.0,0,No,No,No,No,No,1,No,0.0,0.0,5.36,3.232,6.135795000000001,1.7057049999999998,6.135795000000001,1.7057049999999998,1.2653450000000002,0.221155,6.604065000000001,3.474435,Philadelphia Eagles,4.430090000000001,Philadelphia Eagles,4.430090000000001,6.135795000000001,1.7057049999999998,Philadelphia Eagles,4.430090000000001,Tie,0.0,Philadelphia Eagles,2.128,2.68,1.616,Philadelphia Eagles,1.064,Philadelphia Eagles,1.0441900000000002,Philadelphia Eagles,3.129630000000001,3.934705000000001,1.847795,Philadelphia Eagles,2.0869100000000005,Different,Same,Same,Same,Different,Same,False,Away Team,Away Team,47.0,180.0,-218.0,Philadelphia Eagles,Washington Commanders,4.0,-4.0,101,-122,135,-164,1.0441900000000002,-1.0441900000000002,3.129630000000001,-3.129630000000001,0.6855,0.3571,0.5495,0.4975,0.6212,0.4255,0.6575,0.3425,0.5248,0.4752,0.5935,0.4065,0.6575,0.3425,0.1575,-0.1575,32.0,8.0,25,8.0,32.0,0.0,nfl_read_py Fallback,False,Jalen Hurts,Jayden Daniels,9.15,10.0,14.28,204.01,High,-1.0,19.0,43.91,43.0,12.799123913557166,28.0,61.0,0.2584,0.7412,0.0676,0.062,0.3268,0.6558,0.3726,0.5902,17,2024-12-22,Philadelphia Eagles @ Washington Commanders,0.3707,0.6293,170,-170,,,,,,,,No Bet,,No Bet,,No Bet,,No Bet,,No Bet,,No Bet,,No Bet,,No Bet,,No Bet,,,,,,,,,,,,,,,0.2635,0.3054,0.2839,0.2817,0.4819,0.3985,0.5181,0.6015,-0.5547,-0.7158,0.1581,-0.0287,-0.0415,0.0644,17,0.15825,0.17835,Philadelphia Eagles,Washington Commanders,0,0,0,0,1,0,0,1,0,0,0,0,1,3.5,3.5,,,40.03576954263603,0.0568063614630302,0.0379206528901025,0.0,7.48255675205579e-05,0.0003618408830563,0.0710008698849874,0.000694628848495,0.0369852440085295,2.6388145990958067e-05,0.0026972408705299,9.03794000190314e-06,1.735020598905493e-05,0.0017734358723734,0.0009238049981565,0.0009411552041455,0.1079861138935169,0.0010564697315514,42.0,9.0,0.6575,0.3425,0.6323,0.3675,0.6452,0.354,Philadelphia Eagles,Philadelphia Eagles,Philadelphia Eagles,Philadelphia Eagles,Philadelphia Eagles,Same,Same,Same,False,False,2.6388145990958067e-05,0.0026972408705299,0.0,7.48255675205579e-05,2.6388145990958067e-05,0.0026972408705299,0.0002176631732907,0.0014450617068291,0.0,0.8773651677285921,0.0,1.8347073496435378,0.0,1.3212745532957932,0.0,1.5097534207163334,0.0,1.2822987312019016
2024_16_MIN_SEA,2024,17,2024-12-22,16:05,Minnesota Vikings,Seattle Seahawks,Home,Sam Darnold,Geno Smith,00-0034869,00-0030565,6,7,-1,1,10,-16,Lumen Field,47.5952,-122.3316,America/Los_Angeles,False,False,16,16,Sunday,False,False,0,False,False,0,10,-16,NFC North,U.S. Bank Stadium,44.9738,-93.2575,America/Chicago,NFC West,Lumen Field,47.5952,-122.3316,America/Los_Angeles,Chicago Bears,Green Bay Packers,U.S. Bank Stadium,Lumen Field,Green Bay Packers,Chicago Bears,U.S. Bank Stadium,Soldier Field,1391,0,-1391,1391,2.0,0.0,America/Chicago,America/Los_Angeles,2.0,0.0,2.0,0.0,2.0,0,0.27,-0.13,0.27,-0.13,Minnesota Vikings,0.4,Minnesota Vikings,0.4,0.27,-0.13,Minnesota Vikings,0.4,-0.15,0,No,No,No,No,Yes,0,No,0.0,0.0,4.824,-0.773,1.2335,-1.0450000000000002,1.2335,-1.0450000000000002,0.9635,-0.915,5.7875,-1.6880000000000002,Minnesota Vikings,2.2785,Minnesota Vikings,2.2785,1.2335,-1.0450000000000002,Minnesota Vikings,2.2785,Tie,0.0,Minnesota Vikings,5.597,2.412,-0.3865,Minnesota Vikings,2.7985,Minnesota Vikings,1.8785,Minnesota Vikings,7.4755,3.3755,-1.3015,Minnesota Vikings,4.677,Different,Same,Same,Same,Different,Same,False,Away Team,Away Team,43.0,124.0,-148.0,Minnesota Vikings,Seattle Seahawks,2.5,-2.5,108,-131,268,-346,1.8785,-1.8785,7.4755,-7.4755,0.5968,0.4464,0.5671,0.4808,0.7758,0.2717,0.5721,0.4279,0.5412,0.4588,0.7406,0.2594,0.5721,0.4279,0.0721,-0.0721,48.0,5.0,26,5.0,48.0,0.0,nfl_read_py Fallback,False,Sam Darnold,Geno Smith,4.15,5.0,13.67,187.0,Med-High,-6.0,13.0,46.31,46.0,13.468542169278496,29.0,64.0,0.38,0.6196,0.0908,0.0842,0.4192,0.5808,0.5554,0.3956,17,2024-12-22,Minnesota Vikings @ Seattle Seahawks,0.3815,0.6184,162,-162,,,,,,,,No Bet,,No Bet,,No Bet,,No Bet,,No Bet,,No Bet,,No Bet,,No Bet,,No Bet,,,,,,,,,,,,,,,0.2919,0.3441,0.2954,0.2867,0.6056,0.5864,0.3929,0.4102,-0.4721,-0.4472,0.0716,-0.0209,0.0396,0.2081,17,-0.0382,0.19085,Minnesota Vikings,Seattle Seahawks,0,0,0,0,1,0,0,1,0,0,0,0,0,2.0,4.0,,,40.03576954263603,0.4313521845109003,0.3110105516496368,0.0,0.0022811397776946,0.0008174875648298,0.052410425831815,0.0010929764801102,0.039200176915633,4.7718929016853646e-05,0.0022882188551387,2.0418929726311675e-05,2.729999929054197e-05,0.0013090900070248,0.0009791288481138,0.0010064288474043,0.091610602747448,0.0019104640449401,42.0,9.0,0.5721,0.4279,0.56,0.4398,0.5332,0.4658,Minnesota Vikings,Minnesota Vikings,Minnesota Vikings,Minnesota Vikings,Minnesota Vikings,Same,Same,Same,False,False,4.7718929016853646e-05,0.0022882188551387,0.0,0.0022811397776946,4.7718929016853646e-05,0.0022882188551387,0.0012412499741993,0.0050935688226235,0.0,0.7622635396983455,0.0,1.8575710221536068,0.0,1.6438529786361868,0.0,1.2563263937291032,0.0,1.2546033934643637
2024_16_NE_BUF,2024,17,2024-12-22,16:25,New England Patriots,Buffalo Bills,Home,Drake Maye,Josh Allen,00-0039851,00-0034857,7,7,0,0,12,5,Highmark Stadium,42.7725,-78.7877,America/New_York,False,True,16,16,Sunday,False,False,0,False,False,0,12,5,AFC East,Gillette Stadium,42.0628,-71.2687,America/New_York,AFC East,Highmark Stadium,42.7725,-78.7877,America/New_York,Arizona Cardinals,Detroit Lions,State Farm Stadium,Ford Field,Los Angeles Chargers,New York Jets,Gillette Stadium,Highmark Stadium,386,0,-386,386,0.0,0.0,America/Denver,America/Detroit,-2.0,0.0,0.0,0.0,0.0,0,-1.995,4.795,-1.995,4.795,Buffalo Bills,6.79,Buffalo Bills,6.79,-1.995,4.795,Buffalo Bills,6.79,0.0,0,No,No,No,No,No,1,No,0.0,0.0,-4.711,4.534,-1.67926,6.380260000000001,-1.67926,6.380260000000001,0.2478400000000001,1.65316,-4.370710000000001,6.094709999999999,Buffalo Bills,8.059520000000001,Buffalo Bills,8.059520000000001,-1.67926,6.380260000000001,Buffalo Bills,8.059520000000001,Tie,0.0,Buffalo Bills,9.245,-2.3555,2.267,Buffalo Bills,4.6225000000000005,Buffalo Bills,1.40532,Buffalo Bills,10.46542,-2.0614350000000004,3.873935,Buffalo Bills,5.93537,Different,Same,Same,Same,Different,Same,False,Home Team,Home Team,48.61111111111112,-310.0,249.0,Buffalo Bills,New England Patriots,-6.722222222222222,6.722222222222222,-128,105,-538,389,-1.40532,1.40532,-10.46542,10.46542,0.2865,0.7561,0.4878,0.5614,0.2045,0.8433,0.2748,0.7252,0.4649,0.5351,0.1952,0.8048,0.2748,0.7252,-0.2252,0.2252,14.0,2.0,27,2.0,14.0,0.0,nfl_read_py Fallback,False,Drake Maye,Josh Allen,-3.73,-5.0,13.01,169.31,Med-Low,-13.0,6.0,34.28,34.0,11.777525761492203,19.0,50.0,0.6138,0.3848,0.0938,0.0906,0.208,0.7652,0.1192,0.8704,17,2024-12-22,New England Patriots @ Buffalo Bills,0.6697,0.3299,-203,203,,,,,,,,No Bet,,No Bet,,No Bet,,No Bet,,No Bet,,No Bet,,No Bet,,No Bet,,No Bet,,,,,,,,,,,,,,,0.2521,0.354,0.3115,0.2761,0.4416,0.4413,0.5584,0.5503,-0.175,-0.6032,0.2202,-0.1959,0.1749,-0.1913,17,-0.16085,0.20195,Buffalo Bills,New England Patriots,0,0,0,0,0,1,1,0,0,0,0,0,1,1.0,4.0,,,40.03576954263603,0.3332856390052853,0.9999990545847888,0.0221330193349661,0.0010038313598773,0.714160188001503,0.0001083854772812,0.2706166845874422,0.0002860303789095,0.0245974258479085,9.851586735973749e-06,0.0178380532249032,0.0067593726230052,2.707216035045586e-06,7.144370700928163e-06,0.0067665169937061,0.0003944158561907,0.9847768725889452,42.0,9.0,0.12,0.88,0.348,0.6515,0.5832,0.4146,Buffalo Bills,New England Patriots,Buffalo Bills,Buffalo Bills,Buffalo Bills,Same,Different,Same,False,False,0.0245974258479085,9.851586735973749e-06,0.0221330193349661,0.0010038313598773,0.0245974258479085,9.851586735973749e-06,0.0220154087451163,0.0045207016286402,0.9587299140071648,0.37571966213023544,1.6334233568999588,1.8648507441425057,1.7491330097598399,0.47745798475129875,1.199664689418632,0.836354696733691,1.3165578533004605,0.7214005623186102
2024_16_JAX_LV,2024,17,2024-12-22,16:25,Jacksonville Jaguars,Las Vegas Raiders,Home,Mac Jones,Aidan O'Connell,00-0036972,00-0038579,7,6,1,-1,4,-1,Allegiant Stadium,36.108,-115.1578,America/Los_Angeles,False,False,16,16,Sunday,False,False,0,False,False,0,4,-1,AFC South,TIAA Bank Field,30.3239,-81.6554,America/New_York,AFC West,Allegiant Stadium,36.108,-115.1578,America/Los_Angeles,New York Jets,Atlanta Falcons,TIAA Bank Field,Allegiant Stadium,Tennessee Titans,New Orleans Saints,TIAA Bank Field,Caesars Superdome,1966,0,-1966,1966,3.0,0.0,America/New_York,America/Los_Angeles,3.0,0.0,3.0,0.0,3.0,0,-1.825,-2.35,-1.825,-2.35,Jacksonville Jaguars,0.5250000000000001,Jacksonville Jaguars,0.5250000000000001,-1.825,-2.35,Jacksonville Jaguars,0.5250000000000001,-0.2249999999999999,0,No,No,No,No,No,0,Yes,0.0,0.0,-3.976,-3.685,-2.7235,-2.611,-2.7235,-2.611,-0.8985,-0.261,-4.874499999999999,-3.946,Las Vegas Raiders,0.1124999999999993,Las Vegas Raiders,0.1124999999999993,-2.7235,-2.611,Las Vegas Raiders,0.1124999999999993,Tie,0.0,Las Vegas Raiders,0.2909999999999999,-1.988,-1.8425,Las Vegas Raiders,0.1454999999999999,Las Vegas Raiders,0.6375,Las Vegas Raiders,0.9284999999999992,-2.8865,-2.1035,Las Vegas Raiders,0.7829999999999999,Different,Different,Same,Same,Different,Same,False,Home Team,Home Team,41.5,-130.0,110.0,Las Vegas Raiders,Jacksonville Jaguars,-2.5,2.5,-116,-104,-122,101,-0.6375,0.6375,-0.9284999999999992,0.9284999999999992,0.4762,0.5652,0.5098,0.537,0.4975,0.5495,0.4573,0.5427,0.487,0.513,0.4752,0.5248,0.4573,0.5427,-0.0427,0.0427,,,28,0.0,70.0,0.0,Dome,True,Trevor Lawrence,Gardner Minshew,1.07,2.0,12.71,161.45,Med-Low,-8.0,10.0,41.92,41.0,12.49703401499069,26.0,58.0,0.4714,0.5266,0.099,0.0962,0.4356,0.5644,0.4964,0.5036,17,2024-12-22,Jacksonville Jaguars @ Las Vegas Raiders,0.513,0.4865,-105,106,,,,,,,,No Bet,,No Bet,,No Bet,,No Bet,,No Bet,,No Bet,,No Bet,,No Bet,,No Bet,,,,,,,,,,,,,,,0.3234,0.2146,0.3025,0.2454,0.4605,0.5641,0.5395,0.4326,-0.6491,-0.648,-0.0297,-0.0367,-0.0904,-0.0752,17,-0.05605,-0.1058,Las Vegas Raiders,Jacksonville Jaguars,0,0,0,0,0,1,1,0,0,0,0,0,0,2.0,1.5,,,40.03576954263603,0.999999217555781,0.7450804612553739,0.0080395744633247,2.7739563348735106e-06,0.037350893158952,0.0006620861724404,0.0314733065074419,0.0007857296430864,0.0017190677349938,3.616305698795324e-05,0.0009329380597811,0.0007861296752126,1.653736596059102e-05,1.9625691027362223e-05,0.00080575536624,0.0014478158155269,0.0688241996663939,42.0,9.0,0.4573,0.5427,0.4742,0.5256,0.5056,0.4936,Las Vegas Raiders,Jacksonville Jaguars,Las Vegas Raiders,Jacksonville Jaguars,Las Vegas Raiders,Same,Same,Same,False,False,0.0017190677349938,3.616305698795324e-05,0.0080395744633247,2.7739563348735106e-06,0.0017190677349938,3.616305698795324e-05,0.0143110652132215,0.0029627670697627,0.720021866759079,0.6144277093783195,1.6827895539659852,1.8154845470764813,1.1461669909368,1.0804240035743427,0.9392891552922497,1.0967302308600737,1.0249502581486734,1.0130081574703986
2024_16_SF_MIA,2024,17,2024-12-22,16:25,San Francisco 49ers,Miami Dolphins,Home,Brock Purdy,Tua Tagovailoa,00-0037834,00-0036212,10,7,3,-3,-20,-5,Hard Rock Stadium,25.9602,-80.2384,America/New_York,False,False,16,16,Sunday,False,False,0,False,False,0,-20,-5,NFC West,Levi's Stadium,37.4031,-121.9702,America/Los_Angeles,AFC East,Hard Rock Stadium,25.9602,-80.2384,America/New_York,Los Angeles Rams,Houston Texans,Levi's Stadium,NRG Stadium,Detroit Lions,Cleveland Browns,Levi's Stadium,FirstEnergy Stadium,2553,0,-2553,2553,-3.0,0.0,America/Los_Angeles,America/Chicago,-3.0,-1.0,-3.0,0.0,-3.0,0,3.325,0.66,3.325,0.66,San Francisco 49ers,2.665,San Francisco 49ers,2.665,3.325,0.66,San Francisco 49ers,2.665,-0.4499999999999999,0,No,No,No,No,No,0,No,0.0,0.0,4.442,-2.387,0.975,0.6930000000000001,0.975,0.6930000000000001,-2.35,0.033,2.092,-2.354,San Francisco 49ers,0.2819999999999999,San Francisco 49ers,0.2819999999999999,0.975,0.6930000000000001,San Francisco 49ers,0.2819999999999999,Tie,0.0,San Francisco 49ers,6.829000000000001,2.221,-1.1935,San Francisco 49ers,3.4145000000000003,Miami Dolphins,2.383,San Francisco 49ers,4.446,-0.129,-1.1605,San Francisco 49ers,1.0315,Different,Same,Different,Same,Different,Same,False,Home Team,Away Team,44.0,105.0,-125.0,San Francisco 49ers,Miami Dolphins,2.0,-2.0,-142,117,181,-224,-2.383,2.383,4.446,-4.446,0.5556,0.4878,0.4608,0.5868,0.6914,0.3559,0.5325,0.4675,0.4399,0.5601,0.6602,0.3398,0.5325,0.4675,0.0325,-0.0325,73.0,12.0,29,12.0,73.0,0.0,nfl_read_py Fallback,False,Brock Purdy,Tua Tagovailoa,2.95,4.0,13.6,184.98,Med-High,-7.0,13.0,42.06,42.0,12.61690402965239,26.0,58.0,0.4174,0.5808,0.0838,0.0914,0.4386,0.5488,0.4034,0.563,17,2024-12-22,San Francisco 49ers @ Miami Dolphins,0.4462,0.5534,124,-124,,,,,,,,No Bet,,No Bet,,No Bet,,No Bet,,No Bet,,No Bet,,No Bet,,No Bet,,No Bet,,,,,,,,,,,,,,,0.2356,0.2892,0.3153,0.2851,0.6178,0.5523,0.3792,0.4462,-0.5747,-0.3146,0.1133,0.1371,0.0141,0.1368,17,-0.14995,0.03885,San Francisco 49ers,Miami Dolphins,0,0,0,0,1,0,0,1,0,0,0,0,0,1.0,2.5,,,40.03576954263603,0.0784141258744005,0.2517374456708834,0.0,0.0006976325251078,0.0017441046912225,0.0167093025882883,0.0019866005306438,0.0146696694084973,9.318430155047812e-05,0.0007837734195009,4.356366097484852e-05,4.96206405756296e-05,0.0004173593458842,0.0003664140736167,0.0004160347141923,0.0313789719967857,0.0037307052218664,42.0,9.0,0.5325,0.4675,0.5493,0.4504,0.5772,0.4218,San Francisco 49ers,San Francisco 49ers,San Francisco 49ers,San Francisco 49ers,San Francisco 49ers,Same,Same,Same,False,False,9.318430155047812e-05,0.0007837734195009,0.0,0.0006976325251078,9.318430155047812e-05,0.0007837734195009,0.0006893468857724,0.0035754242809847,0.0,0.7102292325616696,0.0,1.5280582532648235,0.0,1.4681895566253063,0.0,1.1843047341796973,0.0,1.1267575148672488
2024_16_TB_DAL,2024,17,2024-12-22,20:20,Tampa Bay Buccaneers,Dallas Cowboys,Home,Baker Mayfield,Cooper Rush,00-0034855,00-0033662,7,7,0,0,-7,2,AT&T Stadium,32.7369,-97.0826,America/Chicago,False,True,16,16,Sunday,False,False,0,False,False,0,-7,2,NFC South,Raymond James Stadium,27.9759,-82.5033,America/New_York,NFC East,AT&T Stadium,32.7369,-97.0826,America/Chicago,Los Angeles Chargers,Carolina Panthers,SoFi Stadium,Bank of America Stadium,Carolina Panthers,Philadelphia Eagles,Raymond James Stadium,Lincoln Financial Field,928,0,-928,928,1.0,0.0,America/Los_Angeles,America/New_York,-2.0,1.0,1.0,0.0,1.0,0,1.025,-0.615,1.025,-0.615,Tampa Bay Buccaneers,1.64,Tampa Bay Buccaneers,1.64,1.025,-0.615,Tampa Bay Buccaneers,1.64,0.0,0,No,No,No,No,No,0,No,0.0,0.0,1.023,-0.799,1.985,-2.643,1.985,-2.643,0.96,-2.028,1.983,-2.827,Tampa Bay Buccaneers,4.628,Tampa Bay Buccaneers,4.628,1.985,-2.643,Tampa Bay Buccaneers,4.628,Tie,0.0,Tampa Bay Buccaneers,1.822,0.5115,-0.3995,Tampa Bay Buccaneers,0.911,Tampa Bay Buccaneers,2.988,Tampa Bay Buccaneers,4.81,1.4715,-2.4275,Tampa Bay Buccaneers,3.899,Different,Same,Same,Same,Different,Same,False,Away Team,Away Team,47.0,-526.0,382.0,Dallas Cowboys,Tampa Bay Buccaneers,-9.5,9.5,135,-164,188,-234,2.988,-2.988,4.81,-4.81,0.2075,0.8403,0.6212,0.4255,0.7006,0.3472,0.198,0.802,0.5935,0.4065,0.6686,0.3314,0.198,0.802,-0.302,0.302,,,30,0.0,70.0,0.0,Dome,True,Baker Mayfield,Cooper Rush,1.34,2.0,13.73,188.41,Med-High,-9.0,11.0,49.24,49.0,13.273325215350312,33.0,67.0,0.4686,0.5308,0.0842,0.0774,0.5688,0.4312,0.5274,0.4726,17,2024-12-22,Tampa Bay Buccaneers @ Dallas Cowboys,0.5021,0.4977,-101,101,,,,,,,,No Bet,,No Bet,,No Bet,,No Bet,,No Bet,,No Bet,,No Bet,,No Bet,,No Bet,,,,,,,,,,,,,,,0.2979,0.2421,0.3451,0.3001,0.4856,0.5115,0.5118,0.4871,-0.4548,-0.3183,0.0281,0.2347,-0.1593,0.0532,17,0.3380999999999999,-0.22965,Dallas Cowboys,Tampa Bay Buccaneers,0,0,0,0,0,1,1,0,0,0,0,0,0,5.0,0.5,,,40.03576954263603,0.8234843003054475,0.4313528757623225,0.1881096952331588,0.0,7.634044620999298,0.0031037944315705,1.8847142580521952,0.0125719350208061,0.2377563610689312,0.0003915431033661,0.1906806015772828,0.0470757594916483,7.752553446650294e-05,0.0003140175688996,0.047389777060548,0.0156757294523767,9.518758879051491,42.0,9.0,0.6575,0.3425,0.4332,0.5666,0.3666,0.6328,Tampa Bay Buccaneers,Dallas Cowboys,Dallas Cowboys,Tampa Bay Buccaneers,Dallas Cowboys,Different,Different,Same,False,False,0.2377563610689312,0.0003915431033661,0.1881096952331588,0.0,0.2377563610689312,0.0003915431033661,0.1471918101723664,0.0018584901590704,0.9996097112475762,0.0,0.7804035214023446,0.0,0.5146948703518693,0.0,0.7119512436622782,0.0,0.7699151405556655,0.0
2024_16_NO_GB,2024,17,2024-12-23,20:15,New Orleans Saints,Green Bay Packers,Home,Jake Haener,Jordan Love,00-0038998,00-0036264,8,8,0,0,-9,12,Lambeau Field,44.5013,-88.0622,America/Chicago,False,False,16,16,Monday,False,False,0,False,False,0,-9,12,NFC South,Caesars Superdome,29.9507,-90.0813,America/Chicago,NFC North,Lambeau Field,44.5013,-88.0622,America/Chicago,Washington Commanders,Seattle Seahawks,Caesars Superdome,Lumen Field,Las Vegas Raiders,Minnesota Vikings,Caesars Superdome,U.S. Bank Stadium,1011,0,-1011,1011,0.0,0.0,America/Chicago,America/Los_Angeles,0.0,-2.0,0.0,0.0,0.0,0,-6.145,3.535,-6.145,3.535,Green Bay Packers,9.68,Green Bay Packers,9.68,-6.145,3.535,Green Bay Packers,9.68,0.0,0,No,No,No,No,No,0,No,0.0,0.0,-2.395,2.282,-5.984,4.653499999999999,-5.984,4.653499999999999,0.1609999999999999,1.1185,-2.234,3.4005,Green Bay Packers,10.6375,Green Bay Packers,10.6375,-5.984,4.653499999999999,Green Bay Packers,10.6375,Tie,0.0,Green Bay Packers,4.677,-1.1975,1.141,Green Bay Packers,2.3385,Green Bay Packers,0.9575,Green Bay Packers,5.6345,-1.0365,2.2595,Green Bay Packers,3.2960000000000003,Different,Same,Same,Same,Different,Same,False,Home Team,Home Team,44.0,-950.0,625.0,Green Bay Packers,New Orleans Saints,-14.0,14.0,-122,101,-244,195,-0.9575,0.9575,-5.6345,5.6345,0.1379,0.9048,0.4975,0.5495,0.339,0.7093,0.1323,0.8677,0.4752,0.5248,0.3234,0.6766,0.1323,0.8677,-0.3677,0.3677,34.0,12.0,31,12.0,34.0,0.0,nfl_read_py Fallback,False,Derek Carr,Jordan Love,-0.24,-1.0,14.24,202.78,High,-10.0,10.0,47.08,47.0,13.470865921897415,30.0,65.0,0.5056,0.4924,0.09,0.085,0.1534,0.8182,0.5516,0.4172,17,2024-12-23,New Orleans Saints @ Green Bay Packers,0.6437,0.3558,-181,181,,,,,,,,No Bet,,No Bet,,No Bet,,No Bet,,No Bet,,No Bet,,No Bet,,No Bet,,No Bet,,,,,,,,,,,,,,,0.2284,0.3062,0.2973,0.2764,0.5519,0.5087,0.4481,0.4862,-0.3451,-0.3421,0.2085,0.0162,0.2322,0.0474,17,-0.2043499999999999,0.02885,Green Bay Packers,New Orleans Saints,0,0,0,0,0,1,1,0,0,0,0,0,0,0.5,2.5,,,40.03576954263603,0.4869963357138913,0.8234321868033337,0.2086527905437411,0.0,8.225464070506499,0.0001330547809842,1.2541533900288226,0.0008726502907032,0.2367786998683768,2.512016337331696e-05,0.2054528778757906,0.0313258219925862,3.3233976142898338e-06,2.1796765759027127e-05,0.0313476187583452,0.0010057050716874,9.47961746053532,42.0,9.0,0.1323,0.8677,0.4273,0.5723,0.612,0.3864,Green Bay Packers,New Orleans Saints,Green Bay Packers,Green Bay Packers,Green Bay Packers,Same,Different,Same,False,False,0.2367786998683768,2.512016337331696e-05,0.2086527905437411,0.0,0.2367786998683768,2.512016337331696e-05,0.1794306988976243,0.0024060864318493,1.0960147406612528,0.0,1.0200427913797179,0.0,1.1534448219308588,0.0,0.7590132779527654,0.0,1.013517228189227,0.0
2024_17_KC_PIT,2024,18,2024-12-25,13:00,Kansas City Chiefs,Pittsburgh Steelers,Home,Patrick Mahomes,Russell Wilson,00-0033873,00-0029263,4,4,0,0,1,-2,Acrisure Stadium,40.4468,-80.0158,America/New_York,False,False,Christmas,17,Wednesday,False,False,0,False,False,0,1,-2,AFC West,GEHA Field at Arrowhead Stadium,39.0489,-94.4839,America/Chicago,AFC North,Acrisure Stadium,40.4468,-80.0158,America/New_York,Houston Texans,Baltimore Ravens,GEHA Field at Arrowhead Stadium,M&T Bank Stadium,Denver Broncos,Cincinnati Bengals,Empower Field at Mile High,Acrisure Stadium,773,0,-773,773,-1.0,0.0,America/Chicago,America/New_York,-1.0,0.0,-1.0,0.0,-1.0,0,4.395,-0.565,4.395,-0.565,Kansas City Chiefs,4.959999999999999,Kansas City Chiefs,4.959999999999999,4.395,-0.565,Kansas City Chiefs,4.959999999999999,0.0,0,Yes,Yes,Yes,Yes,No,0,No,0.0,0.0,5.74,3.452,4.545999999999999,-0.7545000000000001,4.545999999999999,-0.7545000000000001,0.151,-0.1895,5.891,3.2625,Kansas City Chiefs,5.3005,Kansas City Chiefs,5.3005,4.545999999999999,-0.7545000000000001,Kansas City Chiefs,5.3005,Tie,0.0,Kansas City Chiefs,2.2880000000000003,2.87,1.726,Kansas City Chiefs,1.144,Kansas City Chiefs,0.3405,Kansas City Chiefs,2.6285000000000003,3.021,1.5364999999999998,Kansas City Chiefs,1.4845000000000002,Different,Same,Same,Same,Different,Same,False,Away Team,Away Team,43.5,136.0,-162.0,Kansas City Chiefs,Pittsburgh Steelers,3.0,-3.0,-104,-116,117,-142,0.3405,-0.3405,2.6285000000000003,-2.6285000000000003,0.6183,0.4237,0.537,0.5098,0.5868,0.4608,0.5934,0.4066,0.513,0.487,0.5601,0.4399,0.5934,0.4066,0.0934,-0.0934,39.0,2.0,32,2.0,39.0,0.0,nfl_read_py Fallback,False,Patrick Mahomes,Russell Wilson,-4.25,-6.0,12.94,167.45,Med-Low,-13.0,6.0,37.74,37.0,11.889339044563547,23.0,54.0,0.631,0.368,0.087,0.0842,0.6618,0.2988,0.2884,0.7116,18,2024-12-25,Kansas City Chiefs @ Pittsburgh Steelers,0.4911,0.5086,104,-104,,,,,,,,No Bet,,No Bet,,No Bet,,No Bet,,No Bet,,No Bet,,No Bet,,No Bet,,No Bet,,,,,,,,,,,,,,,0.3453,0.3134,0.3313,0.3119,0.4658,0.546,0.5324,0.454,-0.3853,-0.3429,0.0882,0.0844,0.0437,0.0465,18,-0.2958,-0.0721,Kansas City Chiefs,Pittsburgh Steelers,0,0,0,0,0,0,0,0,0,0,0,0,0,0.0,1.5,,,31.67919989571308,0.5294117647058824,0.1214870032834459,0.1160359654021942,0.095005568395795,2.388351759959714,2.2837658040409274,3.485607315199444,1.5648452577065066,0.1602839450306172,0.1214870032834459,0.0753917954942704,0.1100282622879982,0.0720903877483968,0.049396615535049,0.1594248778230473,3.848611061747434,5.873959075159159,23.0,19.0,0.5934,0.4066,0.5604,0.4393,0.4796,0.5192,Kansas City Chiefs,Pittsburgh Steelers,Kansas City Chiefs,Pittsburgh Steelers,Kansas City Chiefs,Same,Same,Same,False,False,0.1854200577822686,0.1214870032834459,0.1160359654021942,0.095005568395795,0.1854200577822686,0.1214870032834459,0.0746392215175001,0.0803108567587622,0.7597479897326986,1.1583916300303985,1.0562127345159582,1.171200910963643,0.8384460558233978,1.1162650791803665,1.201852346906746,0.7349903229404132,0.9623075863136943,1.0443149279084163
2024_17_BAL_HOU,2024,18,2024-12-25,16:30,Baltimore Ravens,Houston Texans,Home,Lamar Jackson,C.J. Stroud,00-0034796,00-0039163,4,4,0,0,12,3,NRG Stadium,29.6847,-95.4093,America/Chicago,False,False,Christmas,17,Wednesday,False,False,0,False,False,0,12,3,AFC North,M&T Bank Stadium,39.2789,-76.6228,America/New_York,AFC South,NRG Stadium,29.6847,-95.4093,America/Chicago,Pittsburgh Steelers,Kansas City Chiefs,M&T Bank Stadium,GEHA Field at Arrowhead Stadium,Cleveland Browns,Tennessee Titans,M&T Bank Stadium,Nissan Stadium,1254,0,-1254,1254,1.0,0.0,America/New_York,America/Chicago,1.0,0.0,1.0,0.0,1.0,0,6.69,0.035,6.69,0.035,Baltimore Ravens,6.655,Baltimore Ravens,6.655,6.69,0.035,Baltimore Ravens,6.655,0.0,0,Yes,Yes,No,No,No,0,No,0.0,0.0,6.8,0.71,7.107,-0.2299999999999999,7.107,-0.2299999999999999,0.417,-0.2649999999999999,7.217,0.445,Baltimore Ravens,7.337,Baltimore Ravens,7.337,7.107,-0.2299999999999999,Baltimore Ravens,7.337,Tie,0.0,Baltimore Ravens,6.09,3.4,0.355,Baltimore Ravens,3.045,Baltimore Ravens,0.6819999999999999,Baltimore Ravens,6.771999999999999,3.817,0.09,Baltimore Ravens,3.727,Different,Same,Same,Same,Different,Same,False,Away Team,Away Team,46.5,200.0,-245.0,Baltimore Ravens,Houston Texans,5.5,-5.5,-104,-116,249,-319,0.6819999999999999,-0.6819999999999999,6.771999999999999,-6.771999999999999,0.7101,0.3333,0.537,0.5098,0.7613,0.2865,0.6806,0.3194,0.513,0.487,0.7266,0.2734,0.6806,0.3194,0.1806,-0.1806,,,33,0.0,70.0,0.0,Dome,True,Lamar Jackson,C.J. Stroud,5.13,7.0,14.01,196.18,High,-6.0,15.0,44.51,44.0,12.991802428688224,29.0,62.0,0.364,0.6352,0.0822,0.0752,0.4736,0.5264,0.422,0.578,18,2024-12-25,Baltimore Ravens @ Houston Texans,0.361,0.6388,177,-177,,,,,,,,No Bet,,No Bet,,No Bet,,No Bet,,No Bet,,No Bet,,No Bet,,No Bet,,No Bet,,,,,,,,,,,,,,,0.3357,0.3162,0.3197,0.2796,0.5403,0.5309,0.4597,0.4656,-0.3556,-0.1318,0.0056,0.3234,0.0219,0.17,18,0.4258,0.2272,Baltimore Ravens,Houston Texans,0,0,0,0,0,0,0,0,0,0,0,0,0,5.0,3.5,,,31.67919989571308,0.0580227350466799,0.0157895905993154,0.0364260239515022,0.2389058619653768,0.5745190476943797,0.3404372068278065,1.2242256226073729,0.1597643900393791,0.0566891808882553,0.0157895905993154,0.0181355289775524,0.0386444615595559,0.010746395361894,0.0050431952374213,0.0436876567969772,0.5002015968671856,1.7987446703017524,23.0,19.0,0.6806,0.3194,0.6518,0.3481,0.58,0.4194,Baltimore Ravens,Baltimore Ravens,Baltimore Ravens,Baltimore Ravens,Baltimore Ravens,Same,Same,Same,False,False,0.0567799905371083,0.0157895905993154,0.0364260239515022,0.2389058619653768,0.0567799905371083,0.0157895905993154,0.02671829269947,0.3739362632436598,0.8011362719698198,1.1170033477932773,1.3347696754302718,0.8926439700493294,0.7216997543624105,1.2330113806413538,0.901441028900942,1.035401640946217,0.9353622883060554,1.0712602259160553
2024_17_SEA_CHI,2024,18,2024-12-26,20:15,Seattle Seahawks,Chicago Bears,Home,Geno Smith,Caleb Williams,00-0030565,00-0039918,4,4,0,0,-16,2,Soldier Field,41.8623,-87.6167,America/Chicago,False,False,Christmas,17,Thursday,False,False,0,False,False,0,-16,2,NFC West,Lumen Field,47.5952,-122.3316,America/Los_Angeles,NFC North,Soldier Field,41.8623,-87.6167,America/Chicago,Minnesota Vikings,Detroit Lions,Lumen Field,Soldier Field,Los Angeles Rams,Green Bay Packers,SoFi Stadium,Lambeau Field,1733,0,-1733,1733,-2.0,0.0,America/Los_Angeles,America/Chicago,-2.0,0.0,-2.0,0.0,-2.0,0,-0.13,-1.575,-0.13,-1.575,Seattle Seahawks,1.4449999999999998,Seattle Seahawks,1.4449999999999998,-0.13,-1.575,Seattle Seahawks,1.4449999999999998,-0.3,0,Yes,No,No,No,No,0,No,0.0,0.0,-0.773,-4.376,-1.19,-0.1579999999999999,-1.19,-0.1579999999999999,-1.06,1.4169999999999998,-1.833,-2.9590000000000005,Chicago Bears,1.032,Chicago Bears,1.032,-1.19,-0.1579999999999999,Chicago Bears,1.032,Tie,0.0,Seattle Seahawks,3.603,-0.3865,-2.188,Seattle Seahawks,1.8015,Chicago Bears,2.477,Seattle Seahawks,1.1260000000000008,-1.4465,-0.7710000000000004,Chicago Bears,0.6754999999999995,Different,Different,Same,Different,Different,Same,False,Home Team,Away Team,43.5,160.0,-192.0,Seattle Seahawks,Chicago Bears,3.5,-3.5,-142,117,101,-122,-2.477,2.477,1.1260000000000008,-1.1260000000000008,0.6575,0.3846,0.4608,0.5868,0.5495,0.4975,0.6309,0.3691,0.4399,0.5601,0.5248,0.4752,0.6309,0.3691,0.1309,-0.1309,47.0,5.0,34,5.0,47.0,0.0,nfl_read_py Fallback,False,Geno Smith,Caleb Williams,4.38,6.0,13.67,186.97,Med-High,-6.0,14.0,42.62,42.0,12.648242828524833,27.0,59.0,0.3686,0.6302,0.0774,0.0836,0.445,0.555,0.4382,0.5618,18,2024-12-26,Seattle Seahawks @ Chicago Bears,0.4432,0.5564,126,-125,,,,,,,,No Bet,,No Bet,,No Bet,,No Bet,,No Bet,,No Bet,,No Bet,,No Bet,,No Bet,,,,,,,,,,,,,,,0.2928,0.2919,0.2932,0.2954,0.5024,0.6056,0.4928,0.3929,-0.7495,-0.4721,-0.0166,0.0716,-0.1995,0.0396,18,0.2508,-0.0534,Seattle Seahawks,Chicago Bears,0,0,0,0,0,0,0,0,0,0,0,0,0,4.0,1.5,,,31.67919989571308,0.6274501655371963,0.4313263793274512,0.1615294799760616,0.3520971003090698,2.2122410452221843,8.62066465946726,3.781367855406871,5.043409931541234,0.157173004339175,0.4313263793274512,0.0698326047534284,0.1193643737169819,0.272123812717689,0.1592025666097622,0.2785669403267441,13.664074591008491,5.993608900629055,23.0,19.0,0.6309,0.3691,0.429,0.571,0.3472,0.6526,Seattle Seahawks,Chicago Bears,Chicago Bears,Seattle Seahawks,Seattle Seahawks,Same,Different,Different,False,False,0.1891969784704104,0.4313263793274512,0.1615294799760616,0.3520971003090698,0.1891969784704104,0.4313263793274512,0.1447043902994907,0.2996909754811171,0.8900987541905175,1.0280408655725797,1.4691550805126214,0.7582585649669797,1.1148363887941959,0.8398747462095684,0.8996407273664233,1.0372019424807357,1.0883583905327332,0.9182641236893775
2024_17_LAC_NE,2024,19,2024-12-28,13:00,Los Angeles Chargers,New England Patriots,Home,Justin Herbert,Drake Maye,00-0036355,00-0039851,9,6,3,-3,-7,9,Gillette Stadium,42.0628,-71.2687,America/New_York,False,False,17,17,Saturday,False,False,0,False,False,0,-7,9,AFC West,SoFi Stadium,33.9535,-118.3395,America/Los_Angeles,AFC East,Gillette Stadium,42.0628,-71.2687,America/New_York,Denver Broncos,Buffalo Bills,SoFi Stadium,Highmark Stadium,Las Vegas Raiders,Buffalo Bills,Allegiant Stadium,Gillette Stadium,2588,0,-2588,2588,-3.0,0.0,America/Los_Angeles,America/New_York,-3.0,0.0,-3.0,0.0,-3.0,0,0.935,-1.995,0.935,-1.995,Los Angeles Chargers,2.93,Los Angeles Chargers,2.93,0.935,-1.995,Los Angeles Chargers,2.93,-0.4499999999999999,0,No,No,No,No,No,0,Yes,0.0,0.0,2.21,-4.711,0.277,-1.4285,0.277,-1.4285,-0.658,0.5665,1.552,-4.1445,Los Angeles Chargers,1.7055000000000002,Los Angeles Chargers,1.7055000000000002,0.277,-1.4285,Los Angeles Chargers,1.7055000000000002,Tie,0.0,Los Angeles Chargers,6.921,1.105,-2.3555,Los Angeles Chargers,3.4605,New England Patriots,1.2245,Los Angeles Chargers,5.6965,0.447,-1.789,Los Angeles Chargers,2.236,Different,Same,Different,Same,Different,Same,False,Home Team,Away Team,42.0,245.0,-305.0,Los Angeles Chargers,New England Patriots,6.0,-6.0,-122,101,195,-244,-1.2245,1.2245,5.6965,-5.6965,0.7531,0.2899,0.4975,0.5495,0.7093,0.339,0.7221,0.2779,0.4752,0.5248,0.6766,0.3234,0.7221,0.2779,0.2221,-0.2221,40.0,4.0,35,4.0,40.0,0.0,nfl_read_py Fallback,False,Justin Herbert,Drake Maye,6.47,7.0,12.73,161.94,Med-Low,-3.0,16.0,38.59,38.0,11.869140724597887,24.0,54.0,0.2958,0.7038,0.0818,0.0718,0.4326,0.526,0.3612,0.6104,19,2024-12-28,Los Angeles Chargers @ New England Patriots,0.3555,0.6444,181,-181,,,,,,,,No Bet,,No Bet,,No Bet,,No Bet,,No Bet,,No Bet,,No Bet,,No Bet,,No Bet,,,,,,,,,,,,,,,0.354,0.2928,0.2761,0.2886,0.4413,0.5203,0.5503,0.4797,-0.6032,-0.7202,-0.1959,0.0595,-0.1913,-0.084,19,0.2441,-0.0996,Los Angeles Chargers,New England Patriots,0,0,0,0,0,0,0,0,0,0,0,0,0,4.0,2.0,,,16.41997952321227,0.9999956332396276,0.0777873317151012,0.0033813960975016,0.0184319139530817,7.029923015445756e-05,0.3559750587669113,0.0001826666933952,0.1369969101666316,1.5405982887620386e-05,0.0300226908466388,4.281322644469705e-06,1.1124660243150682e-05,0.0216793850603579,0.0083433057862809,0.008354430446524,0.4929719689335429,0.0002529659235496,21.0,2.0,0.7221,0.2779,0.5452,0.4545,0.3898,0.6088,Los Angeles Chargers,New England Patriots,Los Angeles Chargers,Los Angeles Chargers,Los Angeles Chargers,Same,Different,Same,False,False,1.5405982887620386e-05,0.0300226908466388,0.0033813960975016,0.0184319139530817,1.5405982887620386e-05,0.0300226908466388,0.0078924074834593,0.0128724162284935,0.4226672461678898,1.0629739387492292,1.694912168067622,1.3540326900321218,0.6725906595571152,1.3223438469078268,0.7649950526808467,1.6450866583868,0.7934541652784752,1.3326759425534127
2024_17_DEN_CIN,2024,19,2024-12-28,16:30,Denver Broncos,Cincinnati Bengals,Home,Bo Nix,Joe Burrow,00-0039732,00-0036442,9,6,3,-3,-7,-4,Paycor Stadium,39.0955,-84.5165,America/New_York,False,True,17,17,Saturday,False,False,0,False,False,0,-7,-4,AFC West,Empower Field at Mile High,39.7648,-105.0076,America/Denver,AFC North,Paycor Stadium,39.0955,-84.5165,America/New_York,Los Angeles Chargers,Cleveland Browns,SoFi Stadium,Paycor Stadium,Kansas City Chiefs,Pittsburgh Steelers,Empower Field at Mile High,Acrisure Stadium,1091,0,-1091,1091,-2.0,0.0,America/Los_Angeles,America/New_York,-3.0,0.0,-2.0,0.0,-2.0,0,2.05,1.31,2.05,1.31,Denver Broncos,0.7399999999999998,Denver Broncos,0.7399999999999998,2.05,1.31,Denver Broncos,0.7399999999999998,-0.3,0,No,No,No,No,No,0,Yes,0.0,0.0,1.788,-0.594,1.7469999999999997,0.7325000000000002,1.7469999999999997,0.7325000000000002,-0.3029999999999999,-0.5774999999999999,1.485,-1.1715,Denver Broncos,1.0144999999999995,Denver Broncos,1.0144999999999995,1.7469999999999997,0.7325000000000002,Denver Broncos,1.0144999999999995,Tie,0.0,Denver Broncos,2.382,0.894,-0.297,Denver Broncos,1.191,Denver Broncos,0.2744999999999999,Denver Broncos,2.6565000000000003,0.5910000000000001,-0.8744999999999999,Denver Broncos,1.4655,Different,Same,Same,Same,Different,Same,False,Away Team,Away Team,50.5,-175.0,145.0,Cincinnati Bengals,Denver Broncos,-3.5,3.5,-104,-116,117,-142,0.2744999999999999,-0.2744999999999999,2.6565000000000003,-2.6565000000000003,0.4082,0.6364,0.537,0.5098,0.5868,0.4608,0.3908,0.6092,0.513,0.487,0.5601,0.4399,0.3908,0.6092,-0.1092,0.1092,60.0,8.0,36,8.0,60.0,0.0,nfl_read_py Fallback,False,Bo Nix,Joe Burrow,4.39,5.0,13.54,183.46,Med-High,-6.0,14.0,40.58,40.0,12.464058977445454,25.0,57.0,0.3702,0.6296,0.0906,0.0816,0.297,0.703,0.2098,0.7902,19,2024-12-28,Denver Broncos @ Cincinnati Bengals,0.4766,0.5234,110,-110,,,,,,,,No Bet,,No Bet,,No Bet,,No Bet,,No Bet,,No Bet,,No Bet,,No Bet,,No Bet,,,,,,,,,,,,,,,0.3188,0.3086,0.2811,0.3318,0.5167,0.5314,0.4833,0.467,-0.3491,-0.4784,0.1983,0.0691,0.018,-0.0925,19,0.2958,0.0721,Cincinnati Bengals,Denver Broncos,0,0,0,0,0,0,0,0,0,0,0,0,0,4.5,3.0,,,16.41997952321227,0.3654101525234127,0.0,0.0109009474728966,0.0,0.0702231203322987,0.0,0.0450479242052894,0.0,0.007020169810482,0.0,0.0042766874485456,0.0027434823619363,0.0,0.0,0.0027434823619363,0.0,0.1152710445375882,21.0,2.0,0.3908,0.6092,0.3811,0.6186,0.537,0.4618,Cincinnati Bengals,Denver Broncos,Cincinnati Bengals,Denver Broncos,Denver Broncos,Same,Same,Different,False,False,0.007020169810482,0.0,0.0109009474728966,0.0,0.007020169810482,0.0,0.0152691722885065,0.0,0.8968182672911373,0.0,1.4141338889560586,0.0,0.8566732620420896,0.0,0.8550139204509146,0.0,0.9852068707975221,0.0
2024_17_ARI_LA,2024,19,2024-12-28,20:15,Arizona Cardinals,Los Angeles Rams,Home,Kyler Murray,Matthew Stafford,00-0035228,00-0026498,6,6,0,0,-3,2,SoFi Stadium,33.9535,-118.3395,America/Los_Angeles,False,True,17,17,Saturday,False,False,0,False,False,0,-3,2,NFC West,State Farm Stadium,33.5277,-112.262608,America/Denver,NFC West,SoFi Stadium,33.9535,-118.3395,America/Los_Angeles,Carolina Panthers,New York Jets,Bank of America Stadium,MetLife Stadium,San Francisco 49ers,Seattle Seahawks,State Farm Stadium,SoFi Stadium,350,0,-350,350,1.0,0.0,America/New_York,America/New_York,3.0,3.0,1.0,0.0,1.0,0,0.075,1.29,0.075,1.29,Los Angeles Rams,1.215,Los Angeles Rams,1.215,0.075,1.29,Los Angeles Rams,1.215,0.0,0,No,No,No,No,No,1,No,0.0,0.0,-1.515,0.085,-0.550605,2.428105,-0.550605,2.428105,-0.6377550000000001,1.150255,-2.136755,1.219255,Los Angeles Rams,2.97871,Los Angeles Rams,2.97871,-0.550605,2.428105,Los Angeles Rams,2.97871,Tie,0.0,Los Angeles Rams,1.6,-0.7575,0.0425,Los Angeles Rams,0.7999999999999999,Los Angeles Rams,1.78801,Los Angeles Rams,3.35601,-1.387255,1.184755,Los Angeles Rams,2.57201,Different,Same,Same,Same,Different,Same,False,Home Team,Home Team,48.0,-340.0,270.0,Los Angeles Rams,Arizona Cardinals,-6.5,6.5,-131,108,-191,156,-1.78801,1.78801,-3.35601,3.35601,0.2703,0.7727,0.4808,0.5671,0.3906,0.6564,0.2591,0.7409,0.4588,0.5412,0.3731,0.6269,0.2591,0.7409,-0.2409,0.2409,,,37,0.0,70.0,0.0,Dome,True,Kyler Murray,d,-0.75,-2.0,13.97,195.16,High,-11.0,10.0,44.17,43.0,12.425843507680897,29.0,60.0,0.5232,0.4754,0.0832,0.0788,0.3776,0.6224,0.3516,0.6294,19,2024-12-28,Arizona Cardinals @ Los Angeles Rams,0.608,0.3916,-155,155,,,,,,,,No Bet,,No Bet,,No Bet,,No Bet,,No Bet,,No Bet,,No Bet,,No Bet,,No Bet,,,,,,,,,,,,,,,0.2986,0.234,0.3092,0.237,0.5412,0.5745,0.4572,0.4255,-0.5189,-0.5343,0.2264,0.1414,-0.0012,-0.0607,19,0.1309,-0.2508,Los Angeles Rams,Arizona Cardinals,0,0,0,0,0,0,0,0,0,0,0,0,1,3.5,1.0,,,16.41997952321227,0.6025608059448356,0.6900769163465753,0.1842051183786829,0.0010242582070373,3.639961863552009,0.0001185850206537,1.272930380410751,0.000339095491325,0.2992020932192759,2.7873391153247256e-05,0.2216788308661615,0.0775232623531143,7.221995647806364e-06,2.0651395505440894e-05,0.0775439137486198,0.0004576805119788,4.91289224396276,21.0,2.0,0.2591,0.7409,0.3432,0.6566,0.3532,0.646,Los Angeles Rams,Los Angeles Rams,Los Angeles Rams,Los Angeles Rams,Los Angeles Rams,Same,Same,Same,False,False,0.2992020932192759,2.7873391153247256e-05,0.1842051183786829,0.0010242582070373,0.2992020932192759,2.7873391153247256e-05,0.1052634311853377,0.0042285053889491,0.9879293363106291,0.49771184860649004,1.0479007408685852,2.0010441172311566,0.995890095309895,0.9990444111550473,0.8774610023186251,1.5326207087490193,0.9852628456386998,1.1408672621931908
2024_17_NYJ_BUF,2024,19,2024-12-29,13:00,New York Jets,Buffalo Bills,Home,Aaron Rodgers,Josh Allen,00-0023459,00-0034857,7,7,0,0,5,5,Highmark Stadium,42.7725,-78.7877,America/New_York,False,False,17,17,Sunday,False,False,0,False,False,0,5,5,AFC East,MetLife Stadium,40.8136,-74.0744,America/New_York,AFC East,Highmark Stadium,42.7725,-78.7877,America/New_York,Los Angeles Rams,New England Patriots,MetLife Stadium,Highmark Stadium,Miami Dolphins,New England Patriots,MetLife Stadium,Gillette Stadium,278,0,-278,278,0.0,0.0,America/New_York,America/New_York,0.0,0.0,0.0,0.0,0.0,0,-3.725,4.795,-3.725,4.795,Buffalo Bills,8.52,Buffalo Bills,8.52,-3.725,4.795,Buffalo Bills,8.52,0.0,0,No,No,No,No,No,1,No,0.0,0.0,-1.161,4.534,-5.293749999999999,6.34375,-5.293749999999999,6.34375,-1.65395,1.63395,-2.758,6.111,Buffalo Bills,11.6375,Buffalo Bills,11.6375,-5.293749999999999,6.34375,Buffalo Bills,11.6375,Tie,0.0,Buffalo Bills,5.695,-0.5805,2.267,Buffalo Bills,2.8475,Buffalo Bills,3.2879,Buffalo Bills,8.869,-2.205975,3.872475,Buffalo Bills,6.07845,Different,Same,Same,Same,Different,Same,False,Home Team,Home Team,44.5,-520.0,390.0,Buffalo Bills,New York Jets,-10.0,10.0,-191,156,-416,314,-3.2879,3.2879,-8.869,8.869,0.2041,0.8387,0.3906,0.6564,0.2415,0.8062,0.1957,0.8043,0.3731,0.6269,0.2305,0.7695,0.1957,0.8043,-0.3043,0.3043,54.0,15.0,38,15.0,54.0,0.0,nfl_read_py Fallback,False,Aaron Rodgers,Josh Allen,0.17,1.0,14.19,201.4,High,-10.0,11.0,40.48,40.0,12.21030366301791,25.0,57.0,0.4946,0.5046,0.0834,0.0774,0.2372,0.7342,0.3508,0.6492,19,2024-12-29,New York Jets @ Buffalo Bills,0.6738,0.326,-207,207,,,,,,,,No Bet,,No Bet,,No Bet,,No Bet,,No Bet,,No Bet,,No Bet,,No Bet,,No Bet,,,,,,,,,,,,,,,0.2521,0.2712,0.3115,0.3172,0.4416,0.4864,0.5584,0.5076,-0.175,-0.4522,0.2202,0.0078,0.1749,-0.1546,19,0.0261,0.0996,Buffalo Bills,New York Jets,0,0,0,0,0,0,0,0,0,0,0,0,1,3.0,3.5,,,16.41997952321227,0.3107421344233356,0.0919526961202013,0.2087537524671588,0.0,2.8931981377635547,5.916703638456935e-05,0.7039647837378187,0.0002431683564849,0.2190723147015017,1.8412653465379927e-05,0.1761998627144178,0.0428724519870838,3.603356283174852e-06,1.4809297182205077e-05,0.0428872612842661,0.0003023353928695,3.5971629215013734,21.0,2.0,0.1957,0.8043,0.4132,0.5867,0.7676,0.2318,Buffalo Bills,New York Jets,Buffalo Bills,New York Jets,Buffalo Bills,Same,Same,Same,False,False,0.2190723147015017,1.8412653465379927e-05,0.2087537524671588,0.0,0.2190723147015017,1.8412653465379927e-05,0.1923844447437128,0.0010870457504698,1.0801362039927327,0.0,1.212697728054169,0.0,1.2633864740601353,0.0,0.7937745433654751,0.0,1.0895421072036253,0.0
2024_17_TEN_JAX,2024,19,2024-12-29,13:00,Tennessee Titans,Jacksonville Jaguars,Home,Mason Rudolph,Mac Jones,00-0034771,00-0036972,7,7,0,0,10,4,TIAA Bank Field,30.3239,-81.6554,America/New_York,False,True,17,17,Sunday,False,False,0,False,False,0,10,4,AFC South,Nissan Stadium,36.1664,-86.7716,America/Chicago,AFC South,TIAA Bank Field,30.3239,-81.6554,America/New_York,Indianapolis Colts,Las Vegas Raiders,Lucas Oil Stadium,Allegiant Stadium,Houston Texans,Indianapolis Colts,Nissan Stadium,Lucas Oil Stadium,500,0,-500,500,-1.0,0.0,America/Indiana/Indianapolis,America/Los_Angeles,0.0,-3.0,-1.0,0.0,-1.0,0,-4.36,-1.825,-4.36,-1.825,Jacksonville Jaguars,2.535,Jacksonville Jaguars,2.535,-4.36,-1.825,Jacksonville Jaguars,2.535,0.0,0,No,No,No,No,No,1,No,0.0,0.0,-5.853,-3.976,-4.419420000000001,-0.49158,-4.419420000000001,-0.49158,-0.0847699999999999,1.35877,-5.919,-2.636,Jacksonville Jaguars,3.9278400000000007,Jacksonville Jaguars,3.9278400000000007,-4.419420000000001,-0.49158,Jacksonville Jaguars,3.9278400000000007,Tie,0.0,Jacksonville Jaguars,1.877,-2.9265,-1.988,Jacksonville Jaguars,0.9385,Jacksonville Jaguars,1.44354,Jacksonville Jaguars,3.2829999999999995,-3.001885,-0.638615,Jacksonville Jaguars,2.3632699999999995,Different,Same,Same,Same,Different,Same,False,Home Team,Home Team,38.0,-112.0,-108.0,Tennessee Titans,Jacksonville Jaguars,1.0,-1.0,-128,105,-191,156,-1.44354,1.44354,-3.2829999999999995,3.2829999999999995,0.5192,0.5283,0.4878,0.5614,0.3906,0.6564,0.4957,0.5043,0.4649,0.5351,0.3731,0.6269,0.4957,0.5043,-0.0043,0.0043,72.0,16.0,39,16.0,72.0,0.0,nfl_read_py Fallback,False,Will Levis,Trevor Lawrence,-0.7,-1.5,14.02,196.47,High,-11.0,10.0,40.21,39.0,12.50027535763926,25.0,57.0,0.5206,0.4782,0.0836,0.0848,0.5218,0.4594,0.5336,0.4468,19,2024-12-29,Tennessee Titans @ Jacksonville Jaguars,0.5467,0.453,-121,121,,,,,,,,No Bet,,No Bet,,No Bet,,No Bet,,No Bet,,No Bet,,No Bet,,No Bet,,No Bet,,,,,,,,,,,,,,,0.2146,0.3468,0.2454,0.2509,0.5641,0.5674,0.4326,0.4308,-0.648,-0.6454,-0.0367,-0.0845,-0.0752,-0.2765,19,-0.2272,-0.1164,Tennessee Titans,Jacksonville Jaguars,0,0,0,0,0,0,0,0,0,0,0,0,1,1.0,2.0,,,16.41997952321227,0.7450595615427984,0.9607833517991468,0.0053036592238763,0.0052004889356588,0.0152468393359995,0.0387717039651789,0.0149868297815883,0.0394443621336286,0.0018412732534073,0.0047634691619582,0.0009285541016933,0.000912719151714,0.0023612516635827,0.0024022174983755,0.0033149366500895,0.0782160660988075,0.0302336691175879,21.0,2.0,0.4957,0.5043,0.4195,0.5803,0.4286,0.5704,Jacksonville Jaguars,Jacksonville Jaguars,Jacksonville Jaguars,Jacksonville Jaguars,Jacksonville Jaguars,Different,Same,Same,False,False,0.0018412732534073,0.0047634691619582,0.0053036592238763,0.0052004889356588,0.0018412732534073,0.0047634691619582,0.0097566243480989,0.0078080983909928,0.7491277361800955,0.7365134487370235,1.6308021402642892,1.4181427178354495,1.2504310594194956,0.7445034470454457,1.254287697151572,1.1557940139160732,1.1620844285215015,0.9640456793103882
2024_17_LV_NO,2024,19,2024-12-29,13:00,Las Vegas Raiders,New Orleans Saints,Home,Aidan O'Connell,Jake Haener,00-0038579,00-0038998,7,6,1,-1,0,-10,Caesars Superdome,29.9507,-90.0813,America/Chicago,False,False,17,17,Sunday,False,False,0,False,False,0,0,-10,AFC West,Allegiant Stadium,36.108,-115.1578,America/Los_Angeles,NFC South,Caesars Superdome,29.9507,-90.0813,America/Chicago,Jacksonville Jaguars,Green Bay Packers,Allegiant Stadium,Lambeau Field,Los Angeles Chargers,Tampa Bay Buccaneers,Allegiant Stadium,Raymond James Stadium,1508,0,-1508,1508,-2.0,0.0,America/Los_Angeles,America/Chicago,-2.0,0.0,-2.0,0.0,-2.0,0,-2.35,-6.145,-2.35,-6.145,Las Vegas Raiders,3.795,Las Vegas Raiders,3.795,-2.35,-6.145,Las Vegas Raiders,3.795,-0.3,0,No,No,No,No,No,0,Yes,0.0,0.0,-3.685,-2.395,-2.6139999999999994,-7.356,-2.6139999999999994,-7.356,-0.2639999999999999,-1.211,-3.949,-3.606,Las Vegas Raiders,4.742000000000001,Las Vegas Raiders,4.742000000000001,-2.6139999999999994,-7.356,Las Vegas Raiders,4.742000000000001,Tie,0.0,New Orleans Saints,1.29,-1.8425,-1.1975,New Orleans Saints,0.645,Las Vegas Raiders,0.9469999999999998,New Orleans Saints,0.3429999999999995,-2.1065,-2.4085,Las Vegas Raiders,0.3020000000000005,Different,Different,Same,Different,Different,Same,False,Away Team,Home Team,37.5,105.0,-125.0,Las Vegas Raiders,New Orleans Saints,2.0,-2.0,101,-122,-116,-104,0.9469999999999998,-0.9469999999999998,-0.3429999999999995,0.3429999999999995,0.5556,0.4878,0.5495,0.4975,0.5098,0.537,0.5325,0.4675,0.5248,0.4752,0.487,0.513,0.5325,0.4675,0.0325,-0.0325,,,40,0.0,70.0,0.0,Dome,True,Gardner Minshew,Derek Carr,-1.9,-3.0,13.13,172.41,Medium,-11.0,7.0,42.63,42.0,12.497693766047156,27.0,59.0,0.5586,0.441,0.0992,0.0812,0.579,0.4052,0.6426,0.3574,19,2024-12-29,Las Vegas Raiders @ New Orleans Saints,0.5036,0.4963,-101,101,,,,,,,,No Bet,,No Bet,,No Bet,,No Bet,,No Bet,,No Bet,,No Bet,,No Bet,,No Bet,,,,,,,,,,,,,,,0.3062,0.3234,0.2764,0.3025,0.5087,0.4605,0.4862,0.5395,-0.3421,-0.6491,0.0162,-0.0297,0.0474,-0.0904,19,-0.2441,-0.3762,Las Vegas Raiders,New Orleans Saints,0,0,0,0,0,0,0,0,0,0,0,0,0,1.0,0.5,,,16.41997952321227,0.8234279867357366,0.9988201823124064,0.0022328510100695,0.021113088488566,0.0111628207854639,0.0677063637168379,0.012714870734245,0.059441737159853,0.0014541852190469,0.0077434993568016,0.0006798315899044,0.0007743536291425,0.0041234134074968,0.0036200859493047,0.0043944395784472,0.1271481008766909,0.0238776915197089,21.0,2.0,0.5325,0.4675,0.4773,0.5224,0.447,0.5518,Las Vegas Raiders,New Orleans Saints,New Orleans Saints,New Orleans Saints,New Orleans Saints,Same,Same,Same,False,False,0.0014541852190469,0.0077434993568016,0.0022328510100695,0.021113088488566,0.0014541852190469,0.0077434993568016,0.0052302563149902,0.030667017599352,0.7092045165857443,0.7764366683313747,1.5686078868111148,1.480336971288624,1.05964009401435,0.9352944124505922,1.4130659032240005,0.9970158078436439,1.1184327577807716,1.0076973500511188
2024_17_IND_NYG,2024,19,2024-12-29,13:00,Indianapolis Colts,New York Giants,Home,Joe Flacco,Tommy DeVito,00-0026158,00-0038476,7,7,0,0,-17,0,MetLife Stadium,40.8136,-74.0744,America/New_York,False,False,17,17,Sunday,False,False,0,False,False,0,-17,0,AFC South,Lucas Oil Stadium,39.7601,-86.1638,America/Indiana/Indianapolis,NFC East,MetLife Stadium,40.8136,-74.0744,America/New_York,Tennessee Titans,Atlanta Falcons,Lucas Oil Stadium,Mercedes-Benz Stadium,Jacksonville Jaguars,Philadelphia Eagles,Lucas Oil Stadium,Lincoln Financial Field,640,0,-640,640,0.0,0.0,America/Indiana/Indianapolis,America/New_York,0.0,0.0,0.0,0.0,0.0,0,-2.265,-2.84,-2.265,-2.84,Indianapolis Colts,0.5749999999999997,Indianapolis Colts,0.5749999999999997,-2.265,-2.84,Indianapolis Colts,0.5749999999999997,0.0,0,No,No,No,No,No,0,No,0.0,0.0,-3.243,-5.779,-3.832,-3.5485,-3.832,-3.5485,-1.5670000000000002,-0.7085,-4.81,-6.4875,New York Giants,0.2835000000000005,New York Giants,0.2835000000000005,-3.832,-3.5485,New York Giants,0.2835000000000005,Tie,0.0,Indianapolis Colts,2.536,-1.6215,-2.8895,Indianapolis Colts,1.268,New York Giants,0.8585000000000002,Indianapolis Colts,1.6775000000000002,-3.1885,-3.598,Indianapolis Colts,0.4095,Different,Different,Same,Different,Different,Same,False,Home Team,Away Team,40.5,320.0,-410.0,Indianapolis Colts,New York Giants,7.5,-7.5,-122,101,105,-128,-0.8585000000000002,0.8585000000000002,1.6775000000000002,-1.6775000000000002,0.8039,0.2381,0.4975,0.5495,0.5614,0.4878,0.7715,0.2285,0.4752,0.5248,0.5351,0.4649,0.7715,0.2285,0.2715,-0.2715,54.0,0.0,41,0.0,54.0,0.0,nfl_read_py Fallback,False,s,Daniel Jones,8.63,10.0,13.37,178.82,Medium,-1.0,18.0,42.86,43.0,12.568944857662755,27.0,60.0,0.258,0.7412,0.0714,0.0672,0.4422,0.5578,0.554,0.446,19,2024-12-29,Indianapolis Colts @ New York Giants,0.369,0.6308,171,-171,,,,,,,,No Bet,,No Bet,,No Bet,,No Bet,,No Bet,,No Bet,,No Bet,,No Bet,,No Bet,,,,,,,,,,,,,,,0.3539,0.3058,0.3118,0.266,0.5346,0.5122,0.4623,0.4765,-0.6038,-0.5357,-0.1112,0.0002,-0.1776,-0.0986,19,0.1164,-0.083,Indianapolis Colts,New York Giants,0,0,0,0,0,0,0,0,0,0,0,0,0,3.5,2.0,,,16.41997952321227,0.9999882068672474,0.9061598051587912,0.0021385278179727,0.3310947712435557,5.780271353110311e-05,2.9565215752974976,0.0001951632100185,0.8756515618347094,1.5405982887620386e-05,0.2333847695555781,3.5202670898212585e-06,1.1885715797799128e-05,0.1800563497121285,0.0533284198434496,0.0533403055592474,3.832173137132207,0.0002529659235496,21.0,2.0,0.7715,0.2285,0.5374,0.4625,0.5608,0.4388,Indianapolis Colts,Indianapolis Colts,Indianapolis Colts,Indianapolis Colts,Indianapolis Colts,Same,Same,Same,False,False,1.5405982887620386e-05,0.2333847695555781,0.0021385278179727,0.3310947712435557,1.5405982887620386e-05,0.2333847695555781,0.0059645338627005,0.3733938081366131,0.5267182229122027,0.9589229620049157,2.319403955116092,0.7295409029836506,1.284668685982315,0.7102658204826272,1.233449717427383,1.1766319936402618,1.2346130632553538,0.8915170445765361
2024_17_DAL_PHI,2024,19,2024-12-29,13:00,Dallas Cowboys,Philadelphia Eagles,Home,Cooper Rush,Jalen Hurts,00-0033662,00-0036389,7,7,0,0,2,12,Lincoln Financial Field,39.9008,-75.1675,America/New_York,False,False,17,17,Sunday,False,False,0,False,False,0,2,12,NFC East,AT&T Stadium,32.7369,-97.0826,America/Chicago,NFC East,Lincoln Financial Field,39.9008,-75.1675,America/New_York,Tampa Bay Buccaneers,Washington Commanders,AT&T Stadium,FedExField,Washington Commanders,New York Giants,AT&T Stadium,Lincoln Financial Field,1311,0,-1311,1311,-1.0,0.0,America/Chicago,America/New_York,-1.0,0.0,-1.0,0.0,-1.0,0,-0.615,4.905,-0.615,4.905,Philadelphia Eagles,5.5200000000000005,Philadelphia Eagles,5.5200000000000005,-0.615,4.905,Philadelphia Eagles,5.5200000000000005,0.0,0,No,No,No,No,No,1,No,0.0,0.0,-0.799,5.36,1.5709100000000005,4.79609,1.5709100000000005,4.79609,2.13071,-0.0537099999999999,1.3933000000000002,5.244700000000001,Philadelphia Eagles,3.22518,Philadelphia Eagles,3.22518,1.5709100000000005,4.79609,Philadelphia Eagles,3.22518,Tie,0.0,Philadelphia Eagles,6.159000000000001,-0.3995,2.68,Philadelphia Eagles,3.0795000000000003,Dallas Cowboys,2.1844200000000003,Philadelphia Eagles,3.851400000000001,1.7620050000000005,2.595495000000001,Philadelphia Eagles,0.8334900000000003,Different,Same,Different,Same,Different,Same,False,Away Team,Home Team,37.5,-325.0,260.0,Philadelphia Eagles,Dallas Cowboys,-7.5,7.5,108,-131,-211,171,2.1844200000000003,-2.1844200000000003,-3.851400000000001,3.851400000000001,0.2778,0.7647,0.5671,0.4808,0.369,0.6785,0.2665,0.7335,0.5412,0.4588,0.3523,0.6477,0.2665,0.7335,-0.2335,0.2335,62.0,10.0,42,10.0,62.0,0.0,nfl_read_py Fallback,False,Cooper Rush,Jalen Hurts,-7.05,-8.0,14.03,196.71,High,-17.0,3.0,43.89,43.0,12.85368574407518,28.0,61.0,0.6904,0.3086,0.0672,0.076,0.5054,0.4946,0.667,0.333,19,2024-12-29,Dallas Cowboys @ Philadelphia Eagles,0.6326,0.3672,-172,172,,,,,,,,No Bet,,No Bet,,No Bet,,No Bet,,No Bet,,No Bet,,No Bet,,No Bet,,No Bet,,,,,,,,,,,,,,,0.3054,0.2979,0.2817,0.3451,0.3985,0.4856,0.6015,0.5118,-0.7158,-0.4548,-0.0287,0.0281,0.0644,-0.1593,19,-0.2258,0.083,Philadelphia Eagles,Dallas Cowboys,0,0,0,0,0,0,0,0,0,0,0,0,1,1.0,3.0,,,16.41997952321227,0.035679407210959,0.5825045834524232,0.0110587157513425,0.0005925429506878,0.2997374098894967,0.0,0.1089025490600557,0.0,0.0248867520432576,0.0,0.0182544326237295,0.0066323194195281,0.0,0.0,0.0066323194195281,0.0,0.4086399589495524,21.0,2.0,0.2665,0.7335,0.4133,0.5863,0.5006,0.4978,Philadelphia Eagles,Dallas Cowboys,Philadelphia Eagles,Philadelphia Eagles,Philadelphia Eagles,Same,Different,Same,False,False,0.0248867520432576,0.0,0.0110587157513425,0.0005925429506878,0.0248867520432576,0.0,0.004578875967664,0.0035759103546743,1.0831124102414107,0.40252877467570763,1.3319514734598723,1.7169933846398682,1.2725051746227805,0.722429331842162,1.6273641326665422,0.7827175784011029,1.3186038348593576,0.8075262729725311
2024_17_CAR_TB,2024,19,2024-12-29,13:00,Carolina Panthers,Tampa Bay Buccaneers,Home,Bryce Young,Baker Mayfield,00-0039150,00-0034855,7,7,0,0,3,-7,Raymond James Stadium,27.9759,-82.5033,America/New_York,False,False,17,17,Sunday,False,False,0,False,False,0,3,-7,NFC South,Bank of America Stadium,35.2258,-80.8528,America/New_York,NFC South,Raymond James Stadium,27.9759,-82.5033,America/New_York,Arizona Cardinals,Dallas Cowboys,Bank of America Stadium,AT&T Stadium,Atlanta Falcons,New Orleans Saints,Mercedes-Benz Stadium,Raymond James Stadium,510,0,-510,510,0.0,0.0,America/New_York,America/Chicago,0.0,-1.0,0.0,0.0,0.0,0,-5.25,1.025,-5.25,1.025,Tampa Bay Buccaneers,6.275,Tampa Bay Buccaneers,6.275,-5.25,1.025,Tampa Bay Buccaneers,6.275,0.0,0,No,No,No,No,No,1,No,0.0,0.0,-7.384,1.023,-5.71691,-0.6120900000000002,-5.71691,-0.6120900000000002,-0.52966,-1.5743400000000003,-7.82959,-0.6354100000000003,Tampa Bay Buccaneers,5.10482,Tampa Bay Buccaneers,5.10482,-5.71691,-0.6120900000000002,Tampa Bay Buccaneers,5.10482,Tie,0.0,Tampa Bay Buccaneers,8.407,-3.692,0.5115,Tampa Bay Buccaneers,4.2035,Carolina Panthers,1.0446800000000005,Tampa Bay Buccaneers,7.19418,-4.179625000000001,-1.1048750000000005,Tampa Bay Buccaneers,3.0747500000000003,Different,Same,Different,Same,Different,Same,False,Away Team,Home Team,47.5,-500.0,380.0,Tampa Bay Buccaneers,Carolina Panthers,-9.5,9.5,101,-122,-319,249,1.0446800000000005,-1.0446800000000005,-7.19418,7.19418,0.2083,0.8333,0.5495,0.4975,0.2865,0.7613,0.2,0.8,0.5248,0.4752,0.2734,0.7266,0.2,0.8,-0.3,0.3,76.0,8.0,43,8.0,76.0,0.0,nfl_read_py Fallback,False,Bryce Young,Baker Mayfield,-0.63,-2.0,13.97,195.02,High,-10.0,9.0,51.05,50.0,13.610654486214417,33.0,69.0,0.5222,0.4776,0.086,0.0872,0.2814,0.7186,0.5872,0.4128,19,2024-12-29,Carolina Panthers @ Tampa Bay Buccaneers,0.631,0.369,-171,171,,,,,,,,No Bet,,No Bet,,No Bet,,No Bet,,No Bet,,No Bet,,No Bet,,No Bet,,No Bet,,,,,,,,,,,,,,,0.2421,0.2496,0.3001,0.1937,0.5115,0.4714,0.4871,0.5234,-0.3183,-0.4761,0.2347,-0.2092,0.0532,-0.1315,19,-0.26,0.3762,Tampa Bay Buccaneers,Carolina Panthers,0,0,0,0,0,0,0,0,0,0,0,0,1,1.0,5.0,,,16.41997952321227,0.4312548999787866,0.987108295768278,0.1744109279944049,0.0036626708319385,2.0123194752037072,5.059318470993708e-05,0.5030798688009267,0.0002023727388397,0.1531913812954952,1.5405982887620386e-05,0.1225531050363961,0.030638276259099,3.081196577524077e-06,1.2324786310096308e-05,0.0306506010454091,0.0002529659235496,2.515399344004634,21.0,2.0,0.2,0.8,0.4118,0.5878,0.6236,0.3746,Tampa Bay Buccaneers,Carolina Panthers,Tampa Bay Buccaneers,Tampa Bay Buccaneers,Tampa Bay Buccaneers,Same,Different,Same,False,False,0.1531913812954952,1.5405982887620386e-05,0.1744109279944049,0.0036626708319385,0.1531913812954952,1.5405982887620386e-05,0.1794352163562515,0.0083287064458178,1.0933871182885522,0.3922540666285656,0.9159212901842417,2.133023567915499,1.2105804891004148,0.7843540173645271,0.8905615029667413,1.5195202081009036,1.0453234597462753,1.0808066480856149
2024_17_MIA_CLE,2024,19,2024-12-29,16:05,Miami Dolphins,Cleveland Browns,Home,Tyler Huntley,Jameis Winston,00-0035993,00-0031503,7,7,0,0,-5,3,FirstEnergy Stadium,41.5061,-81.6994,America/New_York,False,False,17,17,Sunday,False,False,0,False,False,0,-5,3,AFC East,Hard Rock Stadium,25.9602,-80.2384,America/New_York,AFC North,FirstEnergy Stadium,41.5061,-81.6994,America/New_York,San Francisco 49ers,Cincinnati Bengals,Hard Rock Stadium,Paycor Stadium,New York Jets,Baltimore Ravens,MetLife Stadium,M&T Bank Stadium,1077,0,-1077,1077,0.0,0.0,America/New_York,America/New_York,0.0,0.0,0.0,0.0,0.0,0,0.66,-4.705,0.66,-4.705,Miami Dolphins,5.365,Miami Dolphins,5.365,0.66,-4.705,Miami Dolphins,5.365,0.0,0,No,No,No,No,No,0,No,0.0,0.0,-2.387,-4.317,-0.0979999999999999,-3.52,-0.0979999999999999,-3.52,-0.758,1.185,-3.145,-3.132,Miami Dolphins,3.422,Miami Dolphins,3.422,-0.0979999999999999,-3.52,Miami Dolphins,3.422,Tie,0.0,Miami Dolphins,1.93,-1.1935,-2.1585,Miami Dolphins,0.965,Cleveland Browns,1.943,Cleveland Browns,0.0130000000000003,-1.9515,-0.9734999999999998,Cleveland Browns,0.9780000000000002,Different,Different,Different,Different,Different,Different,False,Home Team,Home Team,32.5,142.0,-170.0,Miami Dolphins,Cleveland Browns,3.0,-3.0,-131,108,-110,-110,-1.943,1.943,-0.0130000000000003,0.0130000000000003,0.6296,0.4132,0.4808,0.5671,0.5238,0.5238,0.6038,0.3962,0.4588,0.5412,0.5,0.5,0.6038,0.3962,0.1038,-0.1038,54.0,15.0,44,15.0,54.0,0.0,nfl_read_py Fallback,False,Tua Tagovailoa,Jameis Winston,8.73,9.0,13.21,174.52,Medium,-1.0,17.0,40.65,40.0,12.693020204521163,25.0,58.0,0.2512,0.7486,0.076,0.0762,0.2844,0.6694,0.7308,0.2692,19,2024-12-29,Miami Dolphins @ Cleveland Browns,0.4222,0.5778,137,-137,,,,,,,,No Bet,,No Bet,,No Bet,,No Bet,,No Bet,,No Bet,,No Bet,,No Bet,,No Bet,,,,,,,,,,,,,,,0.3144,0.2356,0.3629,0.3153,0.5142,0.6178,0.4755,0.3792,-0.7297,-0.5747,-0.1633,0.1133,-0.1176,0.0141,19,-0.0261,-0.4258,Miami Dolphins,Cleveland Browns,0,0,0,0,0,0,0,0,0,0,0,0,0,2.5,0.0,,,16.41997952321227,0.9998739412897236,0.0783590706742385,0.0049264949321942,0.0056563500639612,0.0042387894278574,0.1038855520665056,0.0064598209402834,0.0681673662284689,0.0006515605182708,0.010478266312802,0.0002581482773389,0.0003934122409319,0.0063267771996698,0.0041514891131321,0.0045449013540641,0.1720529182949746,0.0106986103681408,21.0,2.0,0.6038,0.3962,0.4476,0.5524,0.5604,0.4394,Miami Dolphins,Miami Dolphins,Cleveland Browns,Miami Dolphins,Miami Dolphins,Same,Same,Different,False,False,0.0006515605182708,0.010478266312802,0.0049264949321942,0.0056563500639612,0.0006515605182708,0.010478266312802,0.0098997352284475,0.0050175366420677,0.5891606630809715,0.8964805218361475,1.6549414834257796,1.39400337467396,0.9989288953125336,0.9960056111524084,0.6075625689349953,1.802519142132649,0.8995413735870486,1.2265887342448427
2024_17_GB_MIN,2024,19,2024-12-29,16:25,Green Bay Packers,Minnesota Vikings,Home,Jordan Love,Sam Darnold,00-0036264,00-0034869,6,7,-1,1,11,11,U.S. Bank Stadium,44.9738,-93.2575,America/Chicago,False,False,17,17,Sunday,False,False,0,False,False,0,11,11,NFC North,Lambeau Field,44.5013,-88.0622,America/Chicago,NFC North,U.S. Bank Stadium,44.9738,-93.2575,America/Chicago,New Orleans Saints,Seattle Seahawks,Lambeau Field,Lumen Field,Chicago Bears,Detroit Lions,Lambeau Field,Ford Field,257,0,-257,257,0.0,0.0,America/Chicago,America/Los_Angeles,0.0,-2.0,0.0,0.0,0.0,0,3.535,0.27,3.535,0.27,Green Bay Packers,3.265,Green Bay Packers,3.265,3.535,0.27,Green Bay Packers,3.265,0.0,0,No,No,No,No,Yes,1,No,0.0,0.0,2.282,4.824,3.41015,0.33785,3.41015,0.33785,-0.0921999999999999,0.0351999999999999,2.21522,4.83378,Green Bay Packers,3.0723,Green Bay Packers,3.0723,3.41015,0.33785,Green Bay Packers,3.0723,Tie,0.0,Minnesota Vikings,2.542,1.141,2.412,Minnesota Vikings,1.271,Minnesota Vikings,0.1273999999999999,Minnesota Vikings,2.61856,1.06151,2.43449,Minnesota Vikings,1.37298,Different,Different,Different,Different,Different,Same,False,Home Team,Home Team,49.0,-108.0,-112.0,Green Bay Packers,Minnesota Vikings,1.0,-1.0,-110,-110,-142,117,-0.1273999999999999,0.1273999999999999,-2.61856,2.61856,0.5283,0.5192,0.5238,0.5238,0.4608,0.5868,0.5043,0.4957,0.5,0.5,0.4399,0.5601,0.5043,0.4957,0.0043,-0.0043,,,45,0.0,70.0,0.0,Dome,True,Jordan Love,Sam Darnold,-4.53,-5.0,14.01,196.42,High,-14.0,6.0,48.82,48.0,13.372940273040529,32.0,67.0,0.6296,0.3698,0.0864,0.0722,0.6302,0.3464,0.4696,0.5044,19,2024-12-29,Green Bay Packers @ Minnesota Vikings,0.5464,0.4535,-120,121,,,,,,,,No Bet,,No Bet,,No Bet,,No Bet,,No Bet,,No Bet,,No Bet,,No Bet,,No Bet,,,,,,,,,,,,,,,0.3441,0.2284,0.2867,0.2973,0.5864,0.5519,0.4102,0.4481,-0.4472,-0.3451,-0.0209,0.2085,0.2081,0.2322,19,0.0534,-0.0721,Green Bay Packers,Minnesota Vikings,0,0,0,0,0,0,0,0,0,0,0,0,1,3.0,2.0,,,16.41997952321227,0.3093561403638608,0.2273476041302506,0.0016148317266906,0.0008824764077669,0.0060999849528154,0.0053663692447433,0.0062058148309559,0.005274854718658,0.0007494406291052,0.0006480656049758,0.0003714977198474,0.0003779429092577,0.0003268194845893,0.0003212461203865,0.0006991890296442,0.0106412239634013,0.0123057997837714,21.0,2.0,0.5043,0.4957,0.5244,0.4755,0.4104,0.589,Green Bay Packers,Minnesota Vikings,Green Bay Packers,Minnesota Vikings,Minnesota Vikings,Same,Same,Different,False,False,0.0007494406291052,0.0006480656049758,0.0016148317266906,0.0008824764077669,0.0007494406291052,0.0006480656049758,0.0047029465747028,0.0036289998288569,0.7358565925738358,0.7497845923432832,1.5195640657939615,1.52938079230578,1.1159157521590224,0.8790187543059205,1.51472062289915,0.8953610881684942,1.1597927821461913,0.9663373256856991
2024_17_ATL_WAS,2024,19,2024-12-29,20:20,Atlanta Falcons,Washington Commanders,Home,Michael Penix Jr.,Jayden Daniels,00-0039917,00-0039910,7,7,0,0,5,-2,FedExField,38.9077,-76.8645,America/New_York,False,False,17,17,Sunday,False,False,0,False,False,0,5,-2,NFC South,Mercedes-Benz Stadium,33.7489,-84.388,America/New_York,NFC East,FedExField,38.9077,-76.8645,America/New_York,New York Giants,Philadelphia Eagles,Mercedes-Benz Stadium,FedExField,Carolina Panthers,Dallas Cowboys,Mercedes-Benz Stadium,AT&T Stadium,549,0,-549,549,0.0,0.0,America/New_York,America/New_York,0.0,0.0,0.0,0.0,0.0,0,-0.71,1.45,-0.71,1.45,Washington Commanders,2.16,Washington Commanders,2.16,-0.71,1.45,Washington Commanders,2.16,0.0,0,No,No,No,No,No,0,No,0.0,0.0,-2.47,3.232,-0.816,1.6605,-0.816,1.6605,-0.1059999999999999,0.2105,-2.576,3.4425,Washington Commanders,2.4765,Washington Commanders,2.4765,-0.816,1.6605,Washington Commanders,2.4765,Tie,0.0,Washington Commanders,5.702,-1.235,1.616,Washington Commanders,2.851,Washington Commanders,0.3165,Washington Commanders,6.0185,-1.341,1.8265,Washington Commanders,3.1675,Different,Same,Same,Same,Different,Same,False,Home Team,Home Team,46.5,-192.0,160.0,Washington Commanders,Atlanta Falcons,-3.5,3.5,-116,-104,-261,208,-0.3165,0.3165,-6.0185,6.0185,0.3846,0.6575,0.5098,0.537,0.3247,0.723,0.3691,0.6309,0.487,0.513,0.3099,0.6901,0.3691,0.6309,-0.1309,0.1309,58.0,10.0,46,10.0,58.0,0.0,nfl_read_py Fallback,False,Kirk Cousins,Jayden Daniels,2.29,3.0,13.95,194.7,Med-High,-7.0,12.0,47.16,47.0,12.939176906581189,31.0,64.0,0.427,0.5726,0.0822,0.0884,0.356,0.644,0.5108,0.4892,19,2024-12-29,Atlanta Falcons @ Washington Commanders,0.5652,0.4346,-130,130,,,,,,,,No Bet,,No Bet,,No Bet,,No Bet,,No Bet,,No Bet,,No Bet,,No Bet,,No Bet,,,,,,,,,,,,,,,0.2635,0.2377,0.2839,0.2483,0.4819,0.6299,0.5181,0.3701,-0.5547,-0.4499,0.1581,-0.0092,-0.0415,0.1262,19,0.26,0.2258,Washington Commanders,Atlanta Falcons,0,0,0,0,0,0,0,0,0,0,0,0,0,4.5,4.0,,,16.41997952321227,0.0567949394295113,0.6842587222301143,0.0020068116148601,0.0014074044300933,0.0487477629855832,0.0005569314410694,0.0285192571215386,0.0009519589438383,0.0047056709174266,9.189356069383789e-05,0.0029688077818045,0.0017368631356221,3.3917913252095563e-05,5.797564744174232e-05,0.0017948387830639,0.0015088903849078,0.0772670201071219,21.0,2.0,0.3691,0.6309,0.5131,0.4867,0.667,0.3322,Washington Commanders,Atlanta Falcons,Atlanta Falcons,Atlanta Falcons,Washington Commanders,Same,Same,Different,False,False,0.0047056709174266,9.189356069383789e-05,0.0020068116148601,0.0014074044300933,0.0047056709174266,9.189356069383789e-05,0.002889604390905,0.0047836394422586,0.9368516157293217,0.5487895691877975,1.560092653425088,1.488852204674653,1.375674427796837,0.6192600786681038,1.0268254928594798,1.3832562182081651,1.2001264802739111,0.9260036275579785
2024_17_DET_SF,2024,19,2024-12-30,20:15,Detroit Lions,San Francisco 49ers,Home,Jared Goff,Brock Purdy,00-0033106,00-0037834,8,8,0,0,0,-20,Levi's Stadium,37.4031,-121.9702,America/Los_Angeles,False,True,17,17,Monday,False,False,0,False,False,0,0,-20,NFC North,Ford Field,42.3395,-83.045,America/Detroit,NFC West,Levi's Stadium,37.4031,-121.9702,America/Los_Angeles,Chicago Bears,Miami Dolphins,Soldier Field,Hard Rock Stadium,Minnesota Vikings,Arizona Cardinals,Ford Field,State Farm Stadium,2072,0,-2072,2072,3.0,0.0,America/Chicago,America/New_York,2.0,3.0,3.0,0.0,3.0,0,4.305,3.325,4.305,3.325,Detroit Lions,0.9799999999999996,Detroit Lions,0.9799999999999996,4.305,3.325,Detroit Lions,0.9799999999999996,-0.2249999999999999,0,No,No,No,No,No,0,No,0.0,0.0,7.944,4.442,4.865,3.225,4.865,3.225,0.56,-0.0999999999999999,8.504,4.3420000000000005,Detroit Lions,1.64,Detroit Lions,1.64,4.865,3.225,Detroit Lions,1.64,Tie,0.0,Detroit Lions,3.502,3.972,2.221,Detroit Lions,1.751,Detroit Lions,0.66,Detroit Lions,4.161999999999999,4.532,2.1210000000000004,Detroit Lions,2.411,Different,Same,Same,Same,Different,Same,False,Away Team,Away Team,50.5,190.0,-230.0,Detroit Lions,San Francisco 49ers,4.0,-4.0,-104,-116,171,-211,0.66,-0.66,4.161999999999999,-4.161999999999999,0.697,0.3448,0.537,0.5098,0.6785,0.369,0.669,0.331,0.513,0.487,0.6477,0.3523,0.669,0.331,0.169,-0.169,,,47,8.0,55.0,0.0,Historical Avg,False,Jared Goff,Brock Purdy,-1.35,-3.0,14.81,219.35,High,-12.0,9.0,54.82,54.0,14.090196448850293,37.0,73.0,0.539,0.4598,0.0764,0.0848,0.612,0.3684,0.601,0.399,19,2024-12-30,Detroit Lions @ San Francisco 49ers,0.4273,0.5724,134,-134,,,,,,,,No Bet,,No Bet,,No Bet,,No Bet,,No Bet,,No Bet,,No Bet,,No Bet,,No Bet,,,,,,,,,,,,,,,0.2892,0.2666,0.2851,0.2982,0.5523,0.542,0.4462,0.4551,-0.3146,-0.4949,0.1371,0.1824,0.1368,0.3142,19,0.0721,-0.1309,Detroit Lions,San Francisco 49ers,0,0,0,0,0,0,0,0,0,0,0,0,0,3.0,2.0,,,16.41997952321227,0.2512099922426624,0.0,0.0,0.0,0.0,0.0,0.0,0.0,0.0,0.0,0.0,0.0,0.0,0.0,0.0,0.0,0.0,21.0,2.0,0.669,0.331,0.506,0.4939,0.4236,0.5758,Detroit Lions,San Francisco 49ers,Detroit Lions,San Francisco 49ers,Detroit Lions,Same,Same,Same,False,False,0.0,0.0,0.0,0.0,0.0,0.0,0.0013410670466766,0.0,0.0,0.0,0.0,0.0,0.0,0.0,0.0,0.0,0.0,0.0
2024_18_CLE_BAL,2024,20,2025-01-04,16:30,Cleveland Browns,Baltimore Ravens,Home,Bailey Zappe,Lamar Jackson,00-0038108,00-0034796,6,10,-4,4,-1,16,M&T Bank Stadium,39.2789,-76.6228,America/New_York,False,False,18,18,Saturday,False,False,0,False,False,0,-1,16,AFC North,FirstEnergy Stadium,41.5061,-81.6994,America/New_York,AFC North,M&T Bank Stadium,39.2789,-76.6228,America/New_York,Miami Dolphins,Houston Texans,FirstEnergy Stadium,NRG Stadium,Playoffs?,Playoffs?,Playoffs?,Playoffs?,308,0,-308,308,0.0,0.0,America/New_York,America/Chicago,0.0,-1.0,0.0,0.0,0.0,0,-4.705,6.69,-4.705,6.69,Baltimore Ravens,11.395,Baltimore Ravens,11.395,-4.705,6.69,Baltimore Ravens,11.395,0.0,0,No,No,No,No,Yes,1,No,0.0,0.0,-4.317,6.8,-6.00312,7.41112,-6.00312,7.41112,-1.41207,0.8350700000000001,-5.6179,7.523899999999999,Baltimore Ravens,13.41424,Baltimore Ravens,13.41424,-6.00312,7.41112,Baltimore Ravens,13.41424,Tie,0.0,Baltimore Ravens,11.117,-2.1585,3.4,Baltimore Ravens,5.5585,Baltimore Ravens,2.24714,Baltimore Ravens,13.1418,-3.514985,4.179485,Baltimore Ravens,7.694469999999999,Different,Same,Same,Same,Different,Same,False,Home Team,Home Team,42.5,-2400.0,1200.0,Baltimore Ravens,Cleveland Browns,-19.5,19.5,-131,108,-729,494,-2.24714,2.24714,-13.1418,13.1418,0.0769,0.96,0.4808,0.5671,0.1684,0.8794,0.0742,0.9258,0.4588,0.5412,0.1607,0.8393,0.0742,0.9258,-0.4258,0.4258,31.0,16.0,48,16.0,31.0,0.0,nfl_read_py Fallback,False,Jameis Winston,Lamar Jackson,-18.04,-18.0,13.24,175.39,Medium,-27.0,-10.0,40.03,39.0,12.592925011770316,24.0,57.0,0.909,0.091,0.0372,0.0402,0.4616,0.5384,0.4092,0.5908,20,2025-01-04,Cleveland Browns @ Baltimore Ravens,0.8038,0.1962,-410,410,,,,,,,,No Bet,,No Bet,,No Bet,,No Bet,,No Bet,,No Bet,,No Bet,,No Bet,,No Bet,,,,,,,,,,,,,,,0.3162,0.3144,0.2796,0.3629,0.5309,0.5142,0.4656,0.4755,-0.1318,-0.7297,0.3234,-0.1633,0.17,-0.1176,20,0.0,0.0,Baltimore Ravens,Cleveland Browns,0,0,0,0,0,0,0,0,0,0,0,0,1,0.0,0.0,,,12.530076205912962,0.0,0.9995356520919408,0.0534675857760959,0.0116502290828381,0.0,0.0048881689069889,0.0,0.0609901182491964,0.0,0.0052576126492428,0.0,0.0,0.0003901148585738,0.004867497790669,0.004867497790669,0.0658782871561853,0.0,21.0,0.0,0.0742,0.9258,0.2538,0.7459,0.304,0.695,Baltimore Ravens,Baltimore Ravens,Baltimore Ravens,Baltimore Ravens,Baltimore Ravens,Same,Same,Same,False,False,0.0,0.0052576126492428,0.0534675857760959,0.0116502290828381,0.0,0.0052576126492428,0.0845236553527771,0.0176041657064088,1.3485558933530288,0.11667216788401719,1.3456457390623948,1.3428218777644076,1.7583294471922424,0.3864054703741321,2.328972206988057,0.2777203329656144,1.679339565823511,0.46965508474841083
2024_18_CIN_PIT,2024,20,2025-01-04,20:00,Cincinnati Bengals,Pittsburgh Steelers,Home,Joe Burrow,Russell Wilson,00-0036442,00-0029263,7,10,-3,3,-7,1,Acrisure Stadium,40.4468,-80.0158,America/New_York,False,False,18,18,Saturday,False,False,0,False,False,0,-7,1,AFC North,Paycor Stadium,39.0955,-84.5165,America/New_York,AFC North,Acrisure Stadium,40.4468,-80.0158,America/New_York,Denver Broncos,Kansas City Chiefs,Paycor Stadium,Acrisure Stadium,Playoffs?,Playoffs?,Playoffs?,Playoffs?,256,0,-256,256,0.0,0.0,America/New_York,America/New_York,0.0,0.0,0.0,0.0,0.0,0,1.31,-0.565,1.31,-0.565,Cincinnati Bengals,1.875,Cincinnati Bengals,1.875,1.31,-0.565,Cincinnati Bengals,1.875,0.0,0,No,No,No,No,No,1,No,0.0,0.0,-0.594,3.452,0.8575799999999998,0.37542,0.8575799999999998,0.37542,-0.4336699999999999,0.92167,-0.98721,4.33321,Cincinnati Bengals,0.4821599999999998,Cincinnati Bengals,0.4821599999999998,0.8575799999999998,0.37542,Cincinnati Bengals,0.4821599999999998,Tie,0.0,Pittsburgh Steelers,4.046,-0.297,1.726,Pittsburgh Steelers,2.023,Pittsburgh Steelers,1.35534,Pittsburgh Steelers,5.32042,-0.7104400000000001,2.62744,Pittsburgh Steelers,3.33788,Different,Different,Different,Different,Different,Same,False,Home Team,Home Team,48.5,124.0,-148.0,Cincinnati Bengals,Pittsburgh Steelers,2.5,-2.5,-128,105,-244,195,-1.35534,1.35534,-5.32042,5.32042,0.5968,0.4464,0.4878,0.5614,0.339,0.7093,0.5721,0.4279,0.4649,0.5351,0.3234,0.6766,0.5721,0.4279,0.0721,-0.0721,19.0,10.0,49,10.0,19.0,0.0,nfl_read_py Fallback,False,Joe Burrow,Russell Wilson,-6.09,-7.0,12.82,164.26,Med-Low,-15.0,3.0,37.96,37.0,12.359759515907186,22.0,54.0,0.684,0.3142,0.0924,0.0852,0.718,0.282,0.192,0.808,20,2025-01-04,Cincinnati Bengals @ Pittsburgh Steelers,0.5809,0.4186,-139,139,,,,,,,,No Bet,,No Bet,,No Bet,,No Bet,,No Bet,,No Bet,,No Bet,,No Bet,,No Bet,,,,,,,,,,,,,,,0.3453,0.3188,0.3313,0.2811,0.4658,0.5167,0.5324,0.4833,-0.3853,-0.3491,0.0882,0.1983,0.0437,0.018,20,0.0,0.0,Cincinnati Bengals,Pittsburgh Steelers,0,0,0,0,0,0,0,0,0,0,0,0,1,0.0,0.0,,,12.530076205912962,0.3839577611498245,0.3598057875396499,0.0048042170075497,0.0080274596454571,0.0065596913917443,0.045505259435786,0.008770272131846,0.0340354842030638,0.0012234533351326,0.0063479856252841,0.0005235156821032,0.0006999376530293,0.003631682576225,0.002716303049059,0.0034162407020884,0.0795407436388499,0.0153299635235904,21.0,0.0,0.5721,0.4279,0.4451,0.5545,0.2908,0.7078,Cincinnati Bengals,Pittsburgh Steelers,Pittsburgh Steelers,Pittsburgh Steelers,Pittsburgh Steelers,Same,Same,Same,False,False,0.0012234533351326,0.0063479856252841,0.0048042170075497,0.0080274596454571,0.0012234533351326,0.0063479856252841,0.0096444870022832,0.0114181432235124,0.628977059433637,0.8362510018034093,1.4471219770506796,1.2413456397761147,1.4557373674578746,0.6889975501085085,1.7897552663083318,0.8169372736453486,1.2535033891259997,0.8954912614459275
2024_18_CAR_ATL,2024,20,2025-01-05,13:00,Carolina Panthers,Atlanta Falcons,Home,Bryce Young,Michael Penix Jr.,00-0039150,00-0039917,7,7,0,0,3,5,Mercedes-Benz Stadium,33.7489,-84.388,America/New_York,False,True,18,18,Sunday,False,False,0,False,False,0,3,5,NFC South,Bank of America Stadium,35.2258,-80.8528,America/New_York,NFC South,Mercedes-Benz Stadium,33.7489,-84.388,America/New_York,Tampa Bay Buccaneers,Washington Commanders,Raymond James Stadium,FedExField,Playoffs?,Playoffs?,Playoffs?,Playoffs?,226,0,-226,226,0.0,0.0,America/New_York,America/New_York,0.0,0.0,0.0,0.0,0.0,0,-5.25,-0.71,-5.25,-0.71,Atlanta Falcons,4.54,Atlanta Falcons,4.54,-5.25,-0.71,Atlanta Falcons,4.54,0.0,0,No,No,No,No,No,1,No,0.0,0.0,-7.384,-2.47,-5.71235,-0.16065,-5.71235,-0.16065,-0.50775,0.59475,-7.84261,-1.9243900000000005,Atlanta Falcons,5.551699999999999,Atlanta Falcons,5.551699999999999,-5.71235,-0.16065,Atlanta Falcons,5.551699999999999,Tie,0.0,Atlanta Falcons,4.914,-3.692,-1.235,Atlanta Falcons,2.457,Atlanta Falcons,1.1025,Atlanta Falcons,5.91822,-4.17518,-0.6648200000000002,Atlanta Falcons,3.51036,Different,Same,Same,Same,Different,Same,False,Home Team,Home Team,48.5,-380.0,300.0,Atlanta Falcons,Carolina Panthers,-7.5,7.5,-122,101,-261,208,-1.1025,1.1025,-5.91822,5.91822,0.25,0.7917,0.4975,0.5495,0.3247,0.723,0.24,0.76,0.4752,0.5248,0.3099,0.6901,0.24,0.76,-0.26,0.26,,,50,0.0,70.0,0.0,Dome,True,Bryce Young,Kirk Cousins,-1.54,-3.0,13.89,192.91,Med-High,-11.0,8.0,49.44,49.0,13.513743145803913,33.0,67.0,0.5438,0.4554,0.087,0.0762,0.3508,0.6492,0.5146,0.4854,20,2025-01-05,Carolina Panthers @ Atlanta Falcons,0.6297,0.3701,-170,170,,,,,,,,No Bet,,No Bet,,No Bet,,No Bet,,No Bet,,No Bet,,No Bet,,No Bet,,No Bet,,,,,,,,,,,,,,,0.2377,0.2496,0.2483,0.1937,0.6299,0.4714,0.3701,0.5234,-0.4499,-0.4761,-0.0092,-0.2092,0.1262,-0.1315,20,0.0,0.0,Atlanta Falcons,Carolina Panthers,0,0,0,0,0,0,0,0,0,0,0,0,1,0.0,0.0,,,12.530076205912962,0.6842142746599705,0.987104258028692,0.3300971921474757,0.0108445039018002,4.689469132705542,0.0158107889174844,1.480884989275434,0.0500674982387008,0.492443463278314,0.0052576126492428,0.3742570320915186,0.1181864311867953,0.0012618270358182,0.0039957856134245,0.1221822168002199,0.0658782871561853,6.170354121980976,21.0,0.0,0.24,0.76,0.3539,0.6457,0.4742,0.524,Atlanta Falcons,Atlanta Falcons,Atlanta Falcons,Atlanta Falcons,Atlanta Falcons,Same,Same,Same,False,False,0.492443463278314,0.0052576126492428,0.3300971921474757,0.0108445039018002,0.492443463278314,0.0052576126492428,0.2045279625549304,0.016376780375007,0.9447796961501934,0.5204483650868532,0.8489644782554142,1.8395031385713827,1.065808225895794,1.0789266916705884,0.8752981900530188,1.73139434990066,0.9426622527972899,1.206332397774627
2024_18_WAS_DAL,2024,20,2025-01-05,13:00,Washington Commanders,Dallas Cowboys,Home,Jayden Daniels,Trey Lance,00-0039910,00-0037012,7,7,0,0,-2,2,AT&T Stadium,32.7369,-97.0826,America/Chicago,False,False,18,18,Sunday,False,False,0,False,False,0,-2,2,NFC East,FedExField,38.9077,-76.8645,America/New_York,NFC East,AT&T Stadium,32.7369,-97.0826,America/Chicago,Atlanta Falcons,Philadelphia Eagles,FedExField,Lincoln Financial Field,Playoffs?,Playoffs?,Playoffs?,Playoffs?,1206,0,-1206,1206,1.0,0.0,America/New_York,America/New_York,1.0,1.0,1.0,0.0,1.0,0,1.45,-0.615,1.45,-0.615,Washington Commanders,2.065,Washington Commanders,2.065,1.45,-0.615,Washington Commanders,2.065,0.0,0,No,No,No,No,No,1,No,0.0,0.0,3.232,-0.799,1.076925,-2.6054250000000003,1.076925,-2.6054250000000003,-0.352425,-2.011075,2.8392650000000006,-2.769765,Washington Commanders,3.682350000000001,Washington Commanders,3.682350000000001,1.076925,-2.6054250000000003,Washington Commanders,3.682350000000001,Tie,0.0,Washington Commanders,4.031000000000001,1.616,-0.3995,Washington Commanders,2.0155000000000003,Washington Commanders,1.65865,Washington Commanders,5.609030000000001,1.2434200000000002,-2.39042,Washington Commanders,3.63384,Different,Same,Same,Same,Different,Same,False,Away Team,Away Team,43.5,250.0,-310.0,Washington Commanders,Dallas Cowboys,7.0,-7.0,105,-128,195,-244,1.65865,-1.65865,5.609030000000001,-5.609030000000001,0.7561,0.2857,0.5614,0.4878,0.7093,0.339,0.7258,0.2742,0.5351,0.4649,0.6766,0.3234,0.7258,0.2742,0.2258,-0.2258,,,51,0.0,70.0,0.0,Dome,True,Jayden Daniels,Cooper Rush,-2.1,-3.0,13.77,189.71,Med-High,-12.0,8.0,46.59,46.0,13.13433401379747,30.0,64.0,0.5696,0.4292,0.0764,0.0718,0.7016,0.2576,0.5676,0.4324,20,2025-01-05,Washington Commanders @ Dallas Cowboys,0.408,0.5917,145,-145,,,,,,,,No Bet,,No Bet,,No Bet,,No Bet,,No Bet,,No Bet,,No Bet,,No Bet,,No Bet,,,,,,,,,,,,,,,0.2979,0.2635,0.3451,0.2839,0.4856,0.4819,0.5118,0.5181,-0.4548,-0.5547,0.0281,0.1581,-0.1593,-0.0415,20,0.0,0.0,Washington Commanders,Dallas Cowboys,0,0,0,0,0,0,0,0,0,0,0,0,1,0.0,0.0,,,12.530076205912962,0.5825045834524231,0.0529044792132694,0.0027200737976857,0.0312638392627353,0.0,0.4288921502013977,0.0,0.1620311760612059,0.0,0.0471603936441939,0.0,0.0,0.0342290137069559,0.0129313799372379,0.0129313799372379,0.5909233262626036,0.0,21.0,0.0,0.7258,0.2742,0.4311,0.5687,0.3522,0.6468,Washington Commanders,Dallas Cowboys,Dallas Cowboys,Dallas Cowboys,Washington Commanders,Same,Same,Different,False,False,0.0,0.0471603936441939,0.0027200737976857,0.0312638392627353,0.0,0.0471603936441939,0.0072184484741737,0.021836092802335,0.4165972183541492,1.0486308428828957,1.3251877542170156,1.3632798626097797,0.7361324206961407,1.40860249687024,1.5511973590035613,1.0554951809501236,0.9227704634953932,1.2262241870765251
2024_18_CHI_GB,2024,20,2025-01-05,13:00,Chicago Bears,Green Bay Packers,Home,Caleb Williams,Jordan Love,00-0039918,00-0036264,10,7,3,-3,5,8,Lambeau Field,44.5013,-88.0622,America/Chicago,False,False,18,18,Sunday,False,False,0,False,False,0,5,8,NFC North,Soldier Field,41.8623,-87.6167,America/Chicago,NFC North,Lambeau Field,44.5013,-88.0622,America/Chicago,Seattle Seahawks,Minnesota Vikings,Soldier Field,U.S. Bank Stadium,Playoffs?,Playoffs?,Playoffs?,Playoffs?,184,0,-184,184,0.0,0.0,America/Chicago,America/Chicago,0.0,0.0,0.0,0.0,0.0,0,-1.575,3.535,-1.575,3.535,Green Bay Packers,5.11,Green Bay Packers,5.11,-1.575,3.535,Green Bay Packers,5.11,0.0,0,No,No,No,No,No,1,No,0.0,0.0,-4.376,2.282,-2.845545,4.157045,-2.845545,4.157045,-1.3216450000000002,0.673145,-5.631065,2.888565,Green Bay Packers,7.00259,Green Bay Packers,7.00259,-2.845545,4.157045,Green Bay Packers,7.00259,Tie,0.0,Green Bay Packers,6.658,-2.188,1.141,Green Bay Packers,3.329,Green Bay Packers,1.99479,Green Bay Packers,8.51963,-3.4763550000000003,1.780855,Green Bay Packers,5.257210000000001,Different,Same,Same,Same,Different,Same,False,Home Team,Home Team,45.5,-136.0,115.0,Green Bay Packers,Chicago Bears,-2.4166666666666665,2.4166666666666665,-131,108,-397,302,-1.99479,1.99479,-8.51963,8.51963,0.4651,0.5763,0.4808,0.5671,0.2488,0.7988,0.4466,0.5534,0.4588,0.5412,0.2375,0.7625,0.4466,0.5534,-0.0534,0.0534,16.0,13.0,52,13.0,16.0,0.0,nfl_read_py Fallback,False,Caleb Williams,Jordan Love,-5.18,-6.0,13.67,186.97,Med-High,-14.0,5.0,41.52,41.0,12.751752524201828,26.0,58.0,0.6478,0.3516,0.0834,0.0904,0.3526,0.5974,0.4734,0.5266,20,2025-01-05,Chicago Bears @ Green Bay Packers,0.6262,0.3736,-168,168,,,,,,,,No Bet,,No Bet,,No Bet,,No Bet,,No Bet,,No Bet,,No Bet,,No Bet,,No Bet,,,,,,,,,,,,,,,0.2284,0.2928,0.2973,0.2932,0.5519,0.5024,0.4481,0.4928,-0.3451,-0.7495,0.2085,-0.0166,0.2322,-0.1995,20,0.0,0.0,Green Bay Packers,Chicago Bears,0,0,0,0,0,0,0,0,0,0,0,0,1,0.0,0.0,,,12.530076205912962,0.2269193250714042,0.4927215538422288,0.0041377489633471,0.005912181157504,0.0196303422393651,0.0008658775014698,0.0158419061151075,0.0010729435945217,0.0028309682855506,0.0001547333842292,0.0015666578492237,0.0012643104363269,6.910392939679194e-05,8.562945483247796e-05,0.0013499398911594,0.0019388210959915,0.0354722483544726,21.0,0.0,0.2285,0.7715,0.452,0.5478,0.6524,0.3468,Green Bay Packers,Chicago Bears,Green Bay Packers,Green Bay Packers,Green Bay Packers,Same,Different,Same,False,False,0.0028309682855506,0.0001547333842292,0.0041377489633471,0.005912181157504,0.0028309682855506,0.0001547333842292,0.0076453768058042,0.0119863787101569,0.8119704520323385,0.6532576092047057,1.45968456703396,1.228783049792834,1.6374627272389497,0.5072721903274282,1.6925674371305008,0.9141251028231836,1.3484287275586397,0.8005659230132793
2024_18_JAX_IND,2024,20,2025-01-05,13:00,Jacksonville Jaguars,Indianapolis Colts,Home,Mac Jones,Joe Flacco,00-0036972,00-0026158,7,7,0,0,4,-17,Lucas Oil Stadium,39.7601,-86.1638,America/Indiana/Indianapolis,False,False,18,18,Sunday,False,False,0,False,False,0,4,-17,AFC South,TIAA Bank Field,30.3239,-81.6554,America/New_York,AFC South,Lucas Oil Stadium,39.7601,-86.1638,America/Indiana/Indianapolis,Tennessee Titans,New York Giants,TIAA Bank Field,MetLife Stadium,Playoffs?,Playoffs?,Playoffs?,Playoffs?,699,0,-699,699,0.0,0.0,America/New_York,America/New_York,0.0,0.0,0.0,0.0,0.0,0,-1.825,-2.265,-1.825,-2.265,Jacksonville Jaguars,0.4400000000000001,Jacksonville Jaguars,0.4400000000000001,-1.825,-2.265,Jacksonville Jaguars,0.4400000000000001,0.0,0,No,No,No,No,No,1,No,0.0,0.0,-3.976,-3.243,-2.794495,-2.402005,-2.794495,-2.402005,-0.965095,-0.1414050000000001,-4.933764999999999,-3.391735,Indianapolis Colts,0.39249,Indianapolis Colts,0.39249,-2.794495,-2.402005,Indianapolis Colts,0.39249,Tie,0.0,Indianapolis Colts,0.7330000000000001,-1.988,-1.6215,Indianapolis Colts,0.3665,Indianapolis Colts,0.8236899999999999,Indianapolis Colts,1.5420299999999996,-2.94943,-1.76657,Indianapolis Colts,1.1828599999999996,Different,Different,Same,Same,Different,Same,False,Home Team,Home Team,45.5,-180.0,150.0,Indianapolis Colts,Jacksonville Jaguars,-3.5,3.5,-122,101,-128,105,-0.8236899999999999,0.8236899999999999,-1.5420299999999996,1.5420299999999996,0.4,0.6429,0.4975,0.5495,0.4878,0.5614,0.3836,0.6164,0.4752,0.5248,0.4649,0.5351,0.3836,0.6164,-0.1164,0.1164,,,53,0.0,70.0,0.0,Dome,True,Trevor Lawrence,s,-1.52,-3.0,13.95,194.48,Med-High,-11.0,9.0,48.02,47.0,13.71748893422306,31.0,66.0,0.5364,0.463,0.0814,0.0874,0.4632,0.5368,0.5552,0.4448,20,2025-01-05,Jacksonville Jaguars @ Indianapolis Colts,0.5532,0.4467,-124,124,,,,,,,,No Bet,,No Bet,,No Bet,,No Bet,,No Bet,,No Bet,,No Bet,,No Bet,,No Bet,,,,,,,,,,,,,,,0.3058,0.2146,0.266,0.2454,0.5122,0.5641,0.4765,0.4326,-0.5357,-0.648,0.0002,-0.0367,-0.0986,-0.0752,20,0.0,0.0,Indianapolis Colts,Jacksonville Jaguars,0,0,0,0,0,0,0,0,0,0,0,0,1,0.0,0.0,,,12.530076205912962,0.6702058072172375,0.7438427421806939,0.0334159399673914,0.0048784177031293,0.1518118661547022,0.0,0.0944760412993896,0.0,0.0196557389920636,0.0,0.012115797514708,0.0075399414773556,0.0,0.0,0.0075399414773556,0.0,0.2462879074540919,21.0,0.0,0.3836,0.6164,0.5152,0.4845,0.5256,0.4732,Indianapolis Colts,Jacksonville Jaguars,Jacksonville Jaguars,Indianapolis Colts,Indianapolis Colts,Same,Different,Different,False,False,0.0196557389920636,0.0,0.0334159399673914,0.0048784177031293,0.0196557389920636,0.0,0.0419483325264386,0.0105063184725389,0.8858158040505655,0.5794122571864799,1.3356525153580903,1.352815101468704,1.101062231572061,1.0436726859943204,1.3288859653039324,1.2778065746497538,1.1422398295826197,1.0067548209892956
2024_18_BUF_NE,2024,20,2025-01-05,13:00,Buffalo Bills,New England Patriots,Home,Mitchell Trubisky,Joe Milton III,00-0033869,00-0039398,7,8,-1,1,4,10,Gillette Stadium,42.0628,-71.2687,America/New_York,False,False,18,18,Sunday,False,False,0,False,False,0,4,10,AFC East,Highmark Stadium,42.7725,-78.7877,America/New_York,AFC East,Gillette Stadium,42.0628,-71.2687,America/New_York,New York Jets,Los Angeles Chargers,Highmark Stadium,Gillette Stadium,Playoffs?,Playoffs?,Playoffs?,Playoffs?,386,0,-386,386,0.0,0.0,America/New_York,America/New_York,0.0,0.0,0.0,0.0,0.0,0,4.795,-1.995,4.795,-1.995,Buffalo Bills,6.79,Buffalo Bills,6.79,4.795,-1.995,Buffalo Bills,6.79,0.0,0,No,No,No,No,No,1,No,0.0,0.0,4.534,-4.711,3.45694,-1.00794,3.45694,-1.00794,-1.27016,0.91916,3.17139,-3.69939,Buffalo Bills,4.46488,Buffalo Bills,4.46488,3.45694,-1.00794,Buffalo Bills,4.46488,Tie,0.0,Buffalo Bills,9.245,2.267,-2.3555,Buffalo Bills,4.6225000000000005,New England Patriots,2.18932,Buffalo Bills,6.87078,0.950615,-1.3901150000000002,Buffalo Bills,2.34073,Different,Same,Different,Same,Different,Same,False,Home Team,Away Team,36.5,140.0,-166.0,Buffalo Bills,New England Patriots,3.0,-3.0,-131,108,249,-319,-2.18932,2.18932,6.87078,-6.87078,0.6241,0.4167,0.4808,0.5671,0.7613,0.2865,0.5996,0.4004,0.4588,0.5412,0.7266,0.2734,0.5996,0.4004,0.0996,-0.0996,33.0,14.0,54,14.0,33.0,0.0,nfl_read_py Fallback,False,Josh Allen,Drake Maye,3.58,5.0,13.85,191.71,Med-High,-7.0,13.0,38.24,37.0,12.043555621426808,23.0,54.0,0.3928,0.6052,0.079,0.0776,0.428,0.5246,0.5312,0.4688,20,2025-01-05,Buffalo Bills @ New England Patriots,0.4019,0.5976,149,-149,,,,,,,,No Bet,,No Bet,,No Bet,,No Bet,,No Bet,,No Bet,,No Bet,,No Bet,,No Bet,,,,,,,,,,,,,,,0.354,0.2521,0.2761,0.3115,0.4413,0.4416,0.5503,0.5584,-0.6032,-0.175,-0.1959,0.2202,-0.1913,0.1749,20,0.0,0.0,Buffalo Bills,New England Patriots,0,0,0,0,0,0,0,0,0,0,0,0,1,0.0,0.0,,,12.530076205912962,0.999990022800473,0.0798418517579954,0.0116490578816945,0.0032205066581495,0.0282957691545145,0.0424703704612204,0.0423729849776397,0.0283608010885134,0.0056399301146153,0.0056528923197058,0.002258228017892,0.0033817020967233,0.0033894742348956,0.0022634180848102,0.0056451201815335,0.0708311715497339,0.0706687541321543,21.0,0.0,0.5996,0.4004,0.572,0.4275,0.3968,0.6014,Buffalo Bills,New England Patriots,Buffalo Bills,Buffalo Bills,Buffalo Bills,Same,Different,Same,False,False,0.0056399301146153,0.0056528923197058,0.0116490578816945,0.0032205066581495,0.0056399301146153,0.0056528923197058,0.0173683889533542,0.0045209907526055,0.5815594612032424,0.8836686000338041,1.432665978945455,1.25580163788134,0.5755602582440437,1.5691746593223375,1.0044301702355953,1.6022623697180869,0.850453237234583,1.298541413337333
2024_18_NYG_PHI,2024,20,2025-01-05,13:00,New York Giants,Philadelphia Eagles,Home,Drew Lock,Tanner McKee,00-0035704,00-0038400,7,7,0,0,0,12,Lincoln Financial Field,39.9008,-75.1675,America/New_York,False,False,18,18,Sunday,False,False,0,False,False,0,0,12,NFC East,MetLife Stadium,40.8136,-74.0744,America/New_York,NFC East,Lincoln Financial Field,39.9008,-75.1675,America/New_York,Indianapolis Colts,Dallas Cowboys,MetLife Stadium,Lincoln Financial Field,Playoffs?,Playoffs?,Playoffs?,Playoffs?,85,0,-85,85,0.0,0.0,America/New_York,America/New_York,0.0,0.0,0.0,0.0,0.0,0,-2.84,4.905,-2.84,4.905,Philadelphia Eagles,7.745,Philadelphia Eagles,7.745,-2.84,4.905,Philadelphia Eagles,7.745,0.0,0,No,No,No,No,No,1,No,0.0,0.0,-5.779,5.36,-2.061895,4.7593950000000005,-2.061895,4.7593950000000005,0.700655,-0.0681549999999999,-4.966955,5.180455,Philadelphia Eagles,6.82129,Philadelphia Eagles,6.82129,-2.061895,4.7593950000000005,Philadelphia Eagles,6.82129,Tie,0.0,Philadelphia Eagles,11.139,-2.8895,2.68,Philadelphia Eagles,5.5695,New York Giants,0.76881,Philadelphia Eagles,10.14741,-2.13315,2.55615,Philadelphia Eagles,4.689299999999999,Different,Same,Different,Same,Different,Same,False,Away Team,Home Team,36.5,-155.0,130.0,Philadelphia Eagles,New York Giants,-3.0,3.0,101,-122,-483,356,0.76881,-0.76881,-10.14741,10.14741,0.4348,0.6078,0.5495,0.4975,0.2193,0.8285,0.417,0.583,0.5248,0.4752,0.2093,0.7907,0.417,0.583,-0.083,0.083,31.0,19.0,55,19.0,31.0,0.0,nfl_read_py Fallback,False,Daniel Jones,Jalen Hurts,-14.66,-16.0,12.78,163.41,Med-Low,-23.0,-7.0,34.37,34.0,11.542212116059314,20.0,49.0,0.869,0.1306,0.0548,0.0596,0.8192,0.1474,0.411,0.589,20,2025-01-05,New York Giants @ Philadelphia Eagles,0.6795,0.3204,-212,212,,,,,,,,No Bet,,No Bet,,No Bet,,No Bet,,No Bet,,No Bet,,No Bet,,No Bet,,No Bet,,,,,,,,,,,,,,,0.3054,0.3539,0.2817,0.3118,0.3985,0.5346,0.6015,0.4623,-0.7158,-0.6038,-0.0287,-0.1112,0.0644,-0.1776,20,0.0,0.0,Philadelphia Eagles,New York Giants,0,0,0,0,0,0,0,0,0,0,0,0,1,0.0,0.0,,,12.530076205912962,0.0117579717014088,0.9999835937497707,0.0015903387914789,0.0089032020671434,0.016110485444425,0.0281236037498683,0.0115232803264583,0.0393190910939406,0.002205394868855,0.0053824648577941,0.0012857452085425,0.0009196496603125,0.0022444878457001,0.0031379770120939,0.0040576266724065,0.067442694843809,0.0276337657708834,21.0,0.0,0.417,0.583,0.3444,0.6553,0.4406,0.5584,Philadelphia Eagles,Philadelphia Eagles,Philadelphia Eagles,Philadelphia Eagles,Philadelphia Eagles,Same,Same,Same,False,False,0.002205394868855,0.0053824648577941,0.0015903387914789,0.0089032020671434,0.002205394868855,0.0053824648577941,0.0041477048884747,0.0133431228379229,0.8587294941292548,0.6064985671077905,1.296991658136107,1.3914759586906884,1.7036430180405306,0.4410918995258483,2.2731454930218917,0.333547046931797,1.470598768834765,0.6783958817371539
2024_18_NO_TB,2024,20,2025-01-05,13:00,New Orleans Saints,Tampa Bay Buccaneers,Home,Spencer Rattler,Baker Mayfield,00-0039376,00-0034855,7,7,0,0,-10,-7,Raymond James Stadium,27.9759,-82.5033,America/New_York,False,False,18,18,Sunday,False,False,0,False,False,0,-10,-7,NFC South,Caesars Superdome,29.9507,-90.0813,America/Chicago,NFC South,Raymond James Stadium,27.9759,-82.5033,America/New_York,Las Vegas Raiders,Carolina Panthers,Caesars Superdome,Raymond James Stadium,Playoffs?,Playoffs?,Playoffs?,Playoffs?,478,0,-478,478,-1.0,0.0,America/Chicago,America/New_York,-1.0,0.0,-1.0,0.0,-1.0,0,-6.145,1.025,-6.145,1.025,Tampa Bay Buccaneers,7.17,Tampa Bay Buccaneers,7.17,-6.145,1.025,Tampa Bay Buccaneers,7.17,0.0,0,No,No,No,No,No,1,No,0.0,0.0,-2.395,1.023,-6.05351,-0.6154900000000003,-6.05351,-0.6154900000000003,0.01979,-1.56879,-2.34103,-0.5799700000000003,Tampa Bay Buccaneers,5.43802,Tampa Bay Buccaneers,5.43802,-6.05351,-0.6154900000000003,Tampa Bay Buccaneers,5.43802,Tie,0.0,Tampa Bay Buccaneers,3.418,-1.1975,0.5115,Tampa Bay Buccaneers,1.709,New Orleans Saints,1.58858,Tampa Bay Buccaneers,1.7610599999999996,-1.16062,-1.07438,Tampa Bay Buccaneers,0.0862399999999998,Different,Same,Different,Same,Different,Same,False,Away Team,Home Team,44.5,-1050.0,675.0,Tampa Bay Buccaneers,New Orleans Saints,-14.5,14.5,105,-128,-131,108,1.58858,-1.58858,-1.7610599999999996,1.7610599999999996,0.129,0.913,0.5614,0.4878,0.4808,0.5671,0.1238,0.8762,0.5351,0.4649,0.4588,0.5412,0.1238,0.8762,-0.3762,0.3762,68.0,6.0,56,6.0,68.0,0.0,nfl_read_py Fallback,False,Derek Carr,Baker Mayfield,0.95,2.0,13.7,187.78,Med-High,-9.0,10.0,49.66,49.0,13.133154111156294,33.0,67.0,0.469,0.5304,0.0868,0.0784,0.127,0.873,0.6344,0.3656,20,2025-01-05,New Orleans Saints @ Tampa Bay Buccaneers,0.5878,0.412,-143,143,,,,,,,,No Bet,,No Bet,,No Bet,,No Bet,,No Bet,,No Bet,,No Bet,,No Bet,,No Bet,,,,,,,,,,,,,,,0.2421,0.3062,0.3001,0.2764,0.5115,0.5087,0.4871,0.4862,-0.3183,-0.3421,0.2347,0.0162,0.0532,0.0474,20,0.0,0.0,Tampa Bay Buccaneers,New Orleans Saints,0,0,0,0,0,0,0,0,0,0,0,0,1,0.0,0.0,,,12.530076205912962,0.2706557589891978,0.8225371046212131,0.3131189258988843,0.0042470957295756,2.971489729733723,0.0,0.419847555970138,0.0,0.2706557589891978,0.0,0.2371485760263351,0.0335071829628627,0.0,0.0,0.0335071829628627,0.0,3.3913372857038606,21.0,0.0,0.1238,0.8762,0.4565,0.5431,0.68,0.3184,Tampa Bay Buccaneers,New Orleans Saints,Tampa Bay Buccaneers,New Orleans Saints,Tampa Bay Buccaneers,Same,Same,Same,False,False,0.2706557589891978,0.0,0.3131189258988843,0.0042470957295756,0.2706557589891978,0.0,0.3144068533556721,0.0095446067773264,1.1632302508082646,0.30199781042878415,0.7404621594393529,1.9480054573874446,0.7839152754716469,1.3608196420947345,0.737724945413763,1.8689675945399244,0.8708634515430922,1.278131199028824
2024_18_HOU_TEN,2024,20,2025-01-05,13:00,Houston Texans,Tennessee Titans,Home,Davis Mills,Mason Rudolph,00-0036898,00-0034771,11,7,4,-4,7,6,Nissan Stadium,36.1664,-86.7716,America/Chicago,False,False,18,18,Sunday,False,False,0,False,False,0,7,6,AFC South,NRG Stadium,29.6847,-95.4093,America/Chicago,AFC South,Nissan Stadium,36.1664,-86.7716,America/Chicago,Baltimore Ravens,Jacksonville Jaguars,NRG Stadium,TIAA Bank Field,Playoffs?,Playoffs?,Playoffs?,Playoffs?,671,0,-671,671,0.0,0.0,America/Chicago,America/New_York,0.0,1.0,0.0,0.0,0.0,0,0.035,-4.36,0.035,-4.36,Houston Texans,4.3950000000000005,Houston Texans,4.3950000000000005,0.035,-4.36,Houston Texans,4.3950000000000005,0.0,0,No,No,No,No,No,1,No,0.0,0.0,0.71,-5.853,0.5556450000000001,-3.7911450000000007,0.5556450000000001,-3.7911450000000007,0.5645950000000001,0.524905,1.208965,-5.262465,Houston Texans,4.34679,Houston Texans,4.34679,0.5556450000000001,-3.7911450000000007,Houston Texans,4.34679,Tie,0.0,Houston Texans,6.563,0.355,-2.9265,Houston Texans,3.2815,Houston Texans,0.0396900000000001,Houston Texans,6.47143,0.8867800000000001,-2.36878,Houston Texans,3.25556,Different,Same,Same,Same,Different,Same,False,Away Team,Away Team,38.75,252.0,-312.0,Houston Texans,Tennessee Titans,6.5,-6.5,-110,-110,224,-282,0.0396900000000001,-0.0396900000000001,6.47143,-6.47143,0.7573,0.2841,0.5238,0.5238,0.7382,0.3086,0.7272,0.2728,0.5,0.5,0.7052,0.2948,0.7272,0.2728,0.2272,-0.2272,35.0,10.0,57,10.0,35.0,0.0,nfl_read_py Fallback,False,C.J. Stroud,Will Levis,7.12,8.0,14.04,197.2,High,-3.0,17.0,43.33,43.0,12.894650573112887,27.0,60.0,0.3018,0.6976,0.0742,0.0814,0.2754,0.7246,0.6836,0.3164,20,2025-01-05,Houston Texans @ Tennessee Titans,0.3424,0.6575,192,-192,,,,,,,,No Bet,,No Bet,,No Bet,,No Bet,,No Bet,,No Bet,,No Bet,,No Bet,,No Bet,,,,,,,,,,,,,,,0.3468,0.3357,0.2509,0.3197,0.5674,0.5403,0.4308,0.4597,-0.6454,-0.3556,-0.0845,0.0056,-0.2765,0.0219,20,0.0,0.0,Houston Texans,Tennessee Titans,0,0,0,0,0,0,0,0,0,0,0,0,1,0.0,0.0,,,12.530076205912962,0.9576890606449652,0.0230337116509925,0.0045794913092264,0.010166411328364,0.0,0.2098802188187147,0.0,0.0787339434732472,0.0,0.0230337116509925,0.0,0.0,0.0167501151126017,0.0062835965383907,0.0062835965383907,0.288614162291962,0.0,21.0,0.0,0.4365,0.5635,0.5447,0.4551,0.6504,0.3488,Tennessee Titans,Houston Texans,Houston Texans,Houston Texans,Houston Texans,Different,Same,Same,False,False,0.0,0.0230337116509925,0.0045794913092264,0.010166411328364,0.0,0.0230337116509925,0.0100509549321161,0.004464182359099,0.4025453260419715,1.062682735195076,1.3590926425137022,1.3293749743130923,0.6399744775196858,1.50476044004669,0.7983494094866237,1.808343130467055,0.7441574243634967,1.4048372262084223
2024_18_SF_ARI,2024,20,2025-01-05,16:25,San Francisco 49ers,Arizona Cardinals,Home,Joshua Dobbs,Kyler Murray,00-0033949,00-0035228,6,8,-2,2,-22,-1,State Farm Stadium,33.5277,-112.262608,America/Denver,False,False,18,18,Sunday,False,False,0,False,False,0,-22,-1,NFC West,Levi's Stadium,37.4031,-121.9702,America/Los_Angeles,NFC West,State Farm Stadium,33.5277,-112.262608,America/Denver,Detroit Lions,Los Angeles Rams,Levi's Stadium,SoFi Stadium,Playoffs?,Playoffs?,Playoffs?,Playoffs?,608,0,-608,608,-1.0,0.0,America/Los_Angeles,America/Los_Angeles,-1.0,-1.0,-1.0,0.0,-1.0,0,3.325,0.075,3.325,0.075,San Francisco 49ers,3.25,San Francisco 49ers,3.25,3.325,0.075,San Francisco 49ers,3.25,0.0,0,No,No,No,No,Yes,1,No,0.0,0.0,4.442,-1.515,1.0470600000000003,0.7589400000000001,1.0470600000000003,0.7589400000000001,-2.24544,0.6514399999999999,2.13699,-0.8039900000000001,San Francisco 49ers,0.2881200000000002,San Francisco 49ers,0.2881200000000002,1.0470600000000003,0.7589400000000001,San Francisco 49ers,0.2881200000000002,Tie,0.0,San Francisco 49ers,5.957,2.221,-0.7575,San Francisco 49ers,2.9785,Arizona Cardinals,2.89688,San Francisco 49ers,2.94098,-0.0542249999999999,-0.076275,San Francisco 49ers,0.0220500000000001,Different,Same,Different,Same,Different,Same,False,Home Team,Away Team,42.5,-192.0,160.0,Arizona Cardinals,San Francisco 49ers,-4.5,4.5,-164,135,135,-164,-2.89688,2.89688,2.94098,-2.94098,0.3846,0.6575,0.4255,0.6212,0.6212,0.4255,0.3691,0.6309,0.4065,0.5935,0.5935,0.4065,0.3691,0.6309,-0.1309,0.1309,,,58,0.0,70.0,0.0,Dome,True,Brock Purdy,Kyler Murray,3.36,5.0,14.64,214.26,High,-8.0,14.0,47.27,47.0,12.90405048439368,31.0,64.0,0.4128,0.5858,0.0658,0.075,0.3282,0.6718,0.6412,0.3588,20,2025-01-05,San Francisco 49ers @ Arizona Cardinals,0.5109,0.4887,-104,105,,,,,,,,No Bet,,No Bet,,No Bet,,No Bet,,No Bet,,No Bet,,No Bet,,No Bet,,No Bet,,,,,,,,,,,,,,,0.234,0.2892,0.237,0.2851,0.5745,0.5523,0.4255,0.4462,-0.5343,-0.3146,0.1414,0.1371,-0.0607,0.1368,20,0.0,0.0,Arizona Cardinals,San Francisco 49ers,0,0,0,0,0,0,0,0,0,0,0,0,1,0.0,0.0,,,12.530076205912962,0.690067452316293,0.2512099922426624,0.0581501485407931,0.0004078453561248,0.4004949977779084,0.0,0.2343044914880742,0.0,0.0506620613341856,0.0,0.0319626944957377,0.0186993668384479,0.0,0.0,0.0186993668384479,0.0,0.6347994892659826,21.0,0.0,0.3691,0.6309,0.6093,0.3905,0.7664,0.2328,Arizona Cardinals,San Francisco 49ers,San Francisco 49ers,San Francisco 49ers,Arizona Cardinals,Same,Same,Different,False,False,0.0506620613341856,0.0,0.0581501485407931,0.0004078453561248,0.0506620613341856,0.0,0.0606496620742467,0.003696161547053,0.8894691734817067,0.5757588877553387,1.4467072269653123,1.241760389861481,0.7868791667299664,1.3578557508364133,0.9500998811106267,1.6565926588430586,1.0057062150893818,1.1432884354825348
2024_18_KC_DEN,2024,20,2025-01-05,16:25,Kansas City Chiefs,Denver Broncos,Home,Carson Wentz,Bo Nix,00-0032950,00-0039732,11,8,3,-3,4,-10,Empower Field at Mile High,39.7648,-105.0076,America/Denver,False,True,18,18,Sunday,False,False,0,False,False,0,4,-10,AFC West,GEHA Field at Arrowhead Stadium,39.0489,-94.4839,America/Chicago,AFC West,Empower Field at Mile High,39.7648,-105.0076,America/Denver,Pittsburgh Steelers,Cincinnati Bengals,Acrisure Stadium,Paycor Stadium,Playoffs?,Playoffs?,Playoffs?,Playoffs?,563,0,-563,563,1.0,0.0,America/New_York,America/New_York,2.0,2.0,1.0,0.0,1.0,0,4.395,2.05,4.395,2.05,Kansas City Chiefs,2.345,Kansas City Chiefs,2.345,4.395,2.05,Kansas City Chiefs,2.345,0.0,0,No,No,No,No,No,1,No,0.0,0.0,5.74,1.788,5.77332,1.1006799999999997,5.77332,1.1006799999999997,1.4017700000000002,-0.97277,7.102250000000001,0.8547500000000001,Kansas City Chiefs,4.67264,Kansas City Chiefs,4.67264,5.77332,1.1006799999999997,Kansas City Chiefs,4.67264,Tie,0.0,Kansas City Chiefs,3.952,2.87,0.894,Kansas City Chiefs,1.976,Kansas City Chiefs,2.37454,Kansas City Chiefs,6.2475000000000005,4.25201,-0.0590099999999999,Kansas City Chiefs,4.31102,Different,Same,Same,Same,Different,Same,False,Away Team,Away Team,40.5,-485.0,370.0,Denver Broncos,Kansas City Chiefs,-10.5,10.5,117,-142,208,-261,2.37454,-2.37454,6.2475000000000005,-6.2475000000000005,0.2128,0.8291,0.5868,0.4608,0.723,0.3247,0.2042,0.7958,0.5601,0.4399,0.6901,0.3099,0.2042,0.7958,-0.2958,0.2958,28.0,5.0,59,5.0,28.0,0.0,nfl_read_py Fallback,False,Patrick Mahomes,Bo Nix,-2.85,-4.0,13.28,176.36,Medium,-12.0,7.0,37.2,37.0,12.080906796337946,22.0,53.0,0.5794,0.4186,0.0914,0.089,0.2932,0.7068,0.3702,0.6298,20,2025-01-05,Kansas City Chiefs @ Denver Broncos,0.5312,0.4683,-113,114,,,,,,,,No Bet,,No Bet,,No Bet,,No Bet,,No Bet,,No Bet,,No Bet,,No Bet,,No Bet,,,,,,,,,,,,,,,0.3086,0.3134,0.3318,0.3119,0.5314,0.546,0.467,0.454,-0.4784,-0.3429,0.0691,0.0844,-0.0925,0.0465,20,0.0,0.0,Denver Broncos,Kansas City Chiefs,0,0,0,0,0,0,0,0,0,0,0,0,1,0.0,0.0,,,12.530076205912962,0.0,0.0,0.0,0.0,0.0,0.0,0.0,0.0,0.0,0.0,0.0,0.0,0.0,0.0,0.0,0.0,0.0,21.0,0.0,0.2042,0.7958,0.5306,0.4691,0.6406,0.3582,Denver Broncos,Kansas City Chiefs,Kansas City Chiefs,Denver Broncos,Denver Broncos,Same,Different,Different,False,False,0.0,0.0,0.0,0.0,0.0,0.0,0.0,0.0008529467873506,0.0,0.0,0.0,0.0,0.0,0.0,0.0,0.0,0.0,0.0
2024_18_SEA_LA,2024,20,2025-01-05,16:25,Seattle Seahawks,Los Angeles Rams,Home,Geno Smith,Jimmy Garoppolo,00-0030565,00-0031345,10,8,2,-2,-14,0,SoFi Stadium,33.9535,-118.3395,America/Los_Angeles,False,True,18,18,Sunday,False,False,0,False,False,0,-14,0,NFC West,Lumen Field,47.5952,-122.3316,America/Los_Angeles,NFC West,SoFi Stadium,33.9535,-118.3395,America/Los_Angeles,Chicago Bears,Arizona Cardinals,Soldier Field,SoFi Stadium,Playoffs?,Playoffs?,Playoffs?,Playoffs?,964,0,-964,964,0.0,0.0,America/Chicago,America/Los_Angeles,2.0,0.0,0.0,0.0,0.0,0,-0.13,1.29,-0.13,1.29,Los Angeles Rams,1.42,Los Angeles Rams,1.42,-0.13,1.29,Los Angeles Rams,1.42,0.0,0,No,No,No,No,No,1,No,0.0,0.0,-0.773,0.085,-0.463015,2.181515,-0.463015,2.181515,-0.347215,0.905715,-1.111635,0.982135,Los Angeles Rams,2.64453,Los Angeles Rams,2.64453,-0.463015,2.181515,Los Angeles Rams,2.64453,Tie,0.0,Los Angeles Rams,0.858,-0.3865,0.0425,Los Angeles Rams,0.429,Los Angeles Rams,1.25293,Los Angeles Rams,2.09377,-0.729425,0.943925,Los Angeles Rams,1.67335,Different,Same,Same,Same,Different,Same,False,Home Team,Home Team,38.5,285.0,-360.0,Seattle Seahawks,Los Angeles Rams,7.5,-7.5,-128,105,-131,108,-1.25293,1.25293,-2.09377,2.09377,0.7826,0.2597,0.4878,0.5614,0.4808,0.5671,0.7508,0.2492,0.4649,0.5351,0.4588,0.5412,0.7508,0.2492,0.2508,-0.2508,,,60,0.0,70.0,0.0,Dome,True,Geno Smith,d,-0.69,-2.0,13.36,178.38,Medium,-10.0,9.0,42.06,42.0,12.676053877622234,26.0,58.0,0.5246,0.475,0.0924,0.0862,0.721,0.279,0.6026,0.3974,20,2025-01-05,Seattle Seahawks @ Los Angeles Rams,0.4625,0.5374,116,-116,,,,,,,,No Bet,,No Bet,,No Bet,,No Bet,,No Bet,,No Bet,,No Bet,,No Bet,,No Bet,,,,,,,,,,,,,,,0.2986,0.2919,0.3092,0.2954,0.5412,0.6056,0.4572,0.3929,-0.5189,-0.4721,0.2264,0.0716,-0.0012,0.0396,20,0.0,0.0,Seattle Seahawks,Los Angeles Rams,0,0,0,0,0,0,0,0,0,0,0,0,1,0.0,0.0,,,12.530076205912962,0.3120628230327839,0.0,0.0013198176509794,0.0310558600492737,0.0,0.0,0.0,0.0,0.0,0.0,0.0,0.0,0.0,0.0,0.0,0.0,0.0,21.0,0.0,0.7508,0.2492,0.498,0.5018,0.4264,0.5728,Seattle Seahawks,Los Angeles Rams,Los Angeles Rams,Los Angeles Rams,Seattle Seahawks,Same,Same,Different,False,False,0.0,0.0,0.0013198176509794,0.0310558600492737,0.0,0.0,0.0050853962932074,0.0503832014413501,0.37973117184365307,1.0854968893933936,1.5153395694600948,1.173128047366699,1.2082412497627057,0.9364936678036757,1.4386352100019633,1.1680573299517232,1.042520151253726,1.1064744993181899
2024_18_LAC_LV,2024,20,2025-01-05,16:25,Los Angeles Chargers,Las Vegas Raiders,Home,Justin Herbert,Aidan O'Connell,00-0036355,00-0038579,8,7,1,-1,-6,-1,Allegiant Stadium,36.108,-115.1578,America/Los_Angeles,False,True,18,18,Sunday,False,False,0,False,False,0,-6,-1,AFC West,SoFi Stadium,33.9535,-118.3395,America/Los_Angeles,AFC West,Allegiant Stadium,36.108,-115.1578,America/Los_Angeles,New England Patriots,New Orleans Saints,Gillette Stadium,Caesars Superdome,Playoffs?,Playoffs?,Playoffs?,Playoffs?,233,0,-233,233,0.0,0.0,America/New_York,America/Chicago,3.0,2.0,0.0,0.0,0.0,0,0.935,-2.35,0.935,-2.35,Los Angeles Chargers,3.285,Los Angeles Chargers,3.285,0.935,-2.35,Los Angeles Chargers,3.285,0.0,0,No,No,No,No,No,1,No,0.0,0.0,2.21,-3.685,0.81762,-2.55162,0.81762,-2.55162,-0.08453,-0.2344699999999999,2.06652,-3.86052,Los Angeles Chargers,3.3692400000000005,Los Angeles Chargers,3.3692400000000005,0.81762,-2.55162,Los Angeles Chargers,3.3692400000000005,Tie,0.0,Los Angeles Chargers,5.895,1.105,-1.8425,Los Angeles Chargers,2.9475,Los Angeles Chargers,0.1499399999999999,Los Angeles Chargers,5.92704,0.990995,-2.047495,Los Angeles Chargers,3.0384900000000004,Different,Same,Same,Same,Different,Same,False,Away Team,Away Team,42.5,275.0,-345.0,Los Angeles Chargers,Las Vegas Raiders,7.0,-7.0,-110,-110,208,-261,0.1499399999999999,-0.1499399999999999,5.92704,-5.92704,0.7753,0.2667,0.5238,0.5238,0.723,0.3247,0.7441,0.2559,0.5,0.5,0.6901,0.3099,0.7441,0.2559,0.2441,-0.2441,,,61,0.0,70.0,0.0,Dome,True,Justin Herbert,Gardner Minshew,2.21,3.0,12.64,159.79,Low,-7.0,11.0,39.78,39.0,12.167954982892285,25.0,56.0,0.4202,0.5786,0.0926,0.08,0.6072,0.3536,0.3888,0.6112,20,2025-01-05,Los Angeles Chargers @ Las Vegas Raiders,0.3715,0.6282,169,-169,,,,,,,,No Bet,,No Bet,,No Bet,,No Bet,,No Bet,,No Bet,,No Bet,,No Bet,,No Bet,,,,,,,,,,,,,,,0.3234,0.2928,0.3025,0.2886,0.4605,0.5203,0.5395,0.4797,-0.6491,-0.7202,-0.0297,0.0595,-0.0904,-0.084,20,0.0,0.0,Los Angeles Chargers,Las Vegas Raiders,0,0,0,0,0,0,0,0,0,0,0,0,1,0.0,0.0,,,12.530076205912962,0.9934166745759662,0.0493776833684353,0.0114014214946765,0.0358140488557478,0.0168582536832678,0.4603792354091321,0.0490200334729175,0.1583269000688038,0.0052576126492428,0.0493776833684353,0.0013454230769412,0.0039121895723016,0.0367419341944527,0.0126357491739826,0.0165479387462842,0.618706135477936,0.0658782871561853,21.0,0.0,0.7441,0.2559,0.489,0.5106,0.3656,0.633,Los Angeles Chargers,Las Vegas Raiders,Las Vegas Raiders,Los Angeles Chargers,Los Angeles Chargers,Same,Different,Different,False,False,0.0052576126492428,0.0493776833684353,0.0114014214946765,0.0358140488557478,0.0052576126492428,0.0493776833684353,0.0172251496457992,0.0274104990645359,0.38707093666481984,1.0781571245722277,1.4085225580820921,1.2799450587447134,0.7001732718279833,1.4445616457383943,1.154175301306267,1.4525172386474259,0.8366501994246393,1.3123444511472875
2024_18_MIA_NYJ,2024,20,2025-01-05,16:25,Miami Dolphins,New York Jets,Home,Tua Tagovailoa,Aaron Rodgers,00-0036212,00-0023459,7,7,0,0,-5,5,MetLife Stadium,40.8136,-74.0744,America/New_York,False,True,18,18,Sunday,False,False,0,False,False,0,-5,5,AFC East,Hard Rock Stadium,25.9602,-80.2384,America/New_York,AFC East,MetLife Stadium,40.8136,-74.0744,America/New_York,Cleveland Browns,Buffalo Bills,FirstEnergy Stadium,Highmark Stadium,Playoffs?,Playoffs?,Playoffs?,Playoffs?,1085,0,-1085,1085,0.0,0.0,America/New_York,America/New_York,0.0,0.0,0.0,0.0,0.0,0,0.66,-3.725,0.66,-3.725,Miami Dolphins,4.385,Miami Dolphins,4.385,0.66,-3.725,Miami Dolphins,4.385,0.0,0,No,No,No,No,No,1,No,0.0,0.0,-2.387,-1.161,-0.1123949999999999,-1.5231050000000002,-0.1123949999999999,-1.5231050000000002,-0.728545,2.158045,-3.103285,0.984785,Miami Dolphins,1.41071,Miami Dolphins,1.41071,-0.1123949999999999,-1.5231050000000002,Miami Dolphins,1.41071,Tie,0.0,New York Jets,1.226,-1.1935,-0.5805,New York Jets,0.613,New York Jets,2.88659,New York Jets,4.08807,-1.915915,1.571415,New York Jets,3.48733,Different,Different,Different,Different,Different,Same,False,Home Team,Home Team,39.5,-122.0,102.0,New York Jets,Miami Dolphins,-1.5,1.5,-164,135,-211,171,-2.88659,2.88659,-4.08807,4.08807,0.495,0.5495,0.4255,0.6212,0.369,0.6785,0.4739,0.5261,0.4065,0.5935,0.3523,0.6477,0.4739,0.5261,-0.0261,0.0261,34.0,10.0,62,10.0,34.0,0.0,nfl_read_py Fallback,False,Tua Tagovailoa,Aaron Rodgers,-0.67,-1.0,13.22,174.79,Medium,-10.0,9.0,36.86,36.0,11.931806822221375,22.0,53.0,0.5174,0.4808,0.0952,0.092,0.4946,0.5054,0.3962,0.6038,20,2025-01-05,Miami Dolphins @ New York Jets,0.5712,0.4284,-133,133,,,,,,,,No Bet,,No Bet,,No Bet,,No Bet,,No Bet,,No Bet,,No Bet,,No Bet,,No Bet,,,,,,,,,,,,,,,0.2712,0.2356,0.3172,0.3153,0.4864,0.6178,0.5076,0.3792,-0.4522,-0.5747,0.0078,0.1133,-0.1546,0.0141,20,0.0,0.0,New York Jets,Miami Dolphins,0,0,0,0,0,0,0,0,0,0,0,0,1,0.0,0.0,,,12.530076205912962,0.0919479741188811,0.070068175203269,0.0,0.0001203710791036,0.0032415660217374,0.0002101354468939,0.002919935635243,0.0002332818286788,0.0004917369659789,3.538823453951188e-05,0.0002587028178015,0.0002330341481774,1.6770484348274677e-05,1.86177501912372e-05,0.0002516518983686,0.0004434172755728,0.0061615016569805,21.0,0.0,0.4739,0.5261,0.435,0.5648,0.3726,0.6264,New York Jets,New York Jets,New York Jets,New York Jets,New York Jets,Same,Same,Same,False,False,0.0004917369659789,3.538823453951188e-05,0.0,0.0001203710791036,0.0004917369659789,3.538823453951188e-05,0.0014570088401951,0.0032365844329796,0.0,0.6942953635252961,0.0,1.0925530030373791,0.0,0.7554096909924757,0.0,1.2576956290657384,0.0,0.9212948704181383
2024_18_MIN_DET,2024,20,2025-01-05,20:20,Minnesota Vikings,Detroit Lions,Home,Sam Darnold,Jared Goff,00-0034869,00-0033106,7,6,1,-1,12,-1,Ford Field,42.3395,-83.045,America/Detroit,False,False,18,18,Sunday,False,False,0,False,False,0,12,-1,NFC North,U.S. Bank Stadium,44.9738,-93.2575,America/Chicago,NFC North,Ford Field,42.3395,-83.045,America/Detroit,Green Bay Packers,San Francisco 49ers,U.S. Bank Stadium,Levi's Stadium,Playoffs?,Playoffs?,Playoffs?,Playoffs?,541,0,-541,541,-1.0,0.0,America/Chicago,America/Los_Angeles,-1.0,-3.0,-1.0,0.0,-1.0,0,0.27,4.305,0.27,4.305,Detroit Lions,4.035,Detroit Lions,4.035,0.27,4.305,Detroit Lions,4.035,0.0,0,No,No,No,No,No,1,Yes,0.0,0.0,4.824,7.944,1.4798650000000002,3.5736349999999995,1.4798650000000002,3.5736349999999995,1.169515,-0.691015,6.024715,7.221785,Detroit Lions,2.0937699999999992,Detroit Lions,2.0937699999999992,1.4798650000000002,3.5736349999999995,Detroit Lions,2.0937699999999992,Tie,0.0,Detroit Lions,3.12,2.412,3.972,Detroit Lions,1.56,Minnesota Vikings,1.86053,Detroit Lions,1.19707,3.597115,3.265385,Minnesota Vikings,0.3317299999999998,Different,Same,Different,Same,Different,Same,False,Away Team,Home Team,56.5,-148.0,124.0,Detroit Lions,Minnesota Vikings,-3.0,3.0,108,-131,-122,101,1.86053,-1.86053,-1.19707,1.19707,0.4464,0.5968,0.5671,0.4808,0.4975,0.5495,0.4279,0.5721,0.5412,0.4588,0.4752,0.5248,0.4279,0.5721,-0.0721,0.0721,,,63,0.0,70.0,0.0,Dome,True,Sam Darnold,Jared Goff,6.02,7.0,14.46,209.1,High,-5.0,16.0,55.24,54.0,14.082490414243264,37.0,73.0,0.3328,0.6666,0.0706,0.0646,0.2716,0.6978,0.4496,0.5504,20,2025-01-05,Minnesota Vikings @ Detroit Lions,0.4721,0.5277,112,-112,,,,,,,,No Bet,,No Bet,,No Bet,,No Bet,,No Bet,,No Bet,,No Bet,,No Bet,,No Bet,,,,,,,,,,,,,,,0.2666,0.3441,0.2982,0.2867,0.542,0.5864,0.4551,0.4102,-0.4949,-0.4472,0.1824,-0.0209,0.3142,0.2081,20,0.0,0.0,Detroit Lions,Minnesota Vikings,0,0,0,0,0,0,0,0,0,0,0,0,1,0.0,0.0,,,12.530076205912962,0.0,0.3088693129214279,0.0,0.0030360688957729,0.0,0.0068275014391837,0.0,0.00912833272577,0.0,0.0012734028032027,0.0,0.0,0.0005448890594904,0.0007285137437123,0.0007285137437123,0.0159558341649537,0.0,21.0,0.0,0.4279,0.5721,0.4461,0.5539,0.4586,0.5412,Detroit Lions,Detroit Lions,Detroit Lions,Minnesota Vikings,Minnesota Vikings,Same,Different,Different,False,False,0.0,0.0012734028032027,0.0,0.0030360688957729,0.0,0.0012734028032027,0.0,0.0069204430103438,0.0,0.6250855288606368,0.0,1.4469645034706067,0.0,1.0142076899275674,0.0,1.7325532665871572,0.0,1.1294709311395104
