Game ID,Season,Week_x,Date_x,Time,Away Team,Home Team,Location,Away QB,Home QB,Away QB ID,Home QB ID,Away Team Weekly Rest,Home Team Weekly Rest,Weekly Away Rest Advantage,Weekly Home Rest Advantage,Away Cumulative Rest Advantage,Home Cumulative Rest Advantage,Actual Stadium,Actual Stadium Latitude,Actual Stadium Longitude,Actual Stadium TimeZone,International Game,Back to Back Away Games,Circa Week,NFL Week,Day of Week,Big Splash Active,Big Splash Multi-Pick Week,Big Splash Picks Required,Survivor World Championship Active,Survivor World Championship Multi-Pick Week,Survivor World Championship Picks Required,Away Team Current Week Cumulative Rest Advantage,Home Team Current Week Cumulative Rest Advantage,Away Team Division,Away Stadium,Away Stadium Latitude,Away Stadium Longitude,Away Stadium TimeZone,Home Team Division,Home Stadium,Home Stadium Latitude,Home Stadium Longitude,Home Stadium TimeZone,Away Team Previous Opponent,Home Team Previous Opponent,Away Team Previous Location,Home Team Previous Location,Away Team Next Opponent,Home Team Next Opponent,Away Team Next Location,Home Team Next Location,Away Travel Distance,Home Travel Distance,Away Travel Advantage,Home Travel Advantage,Away Timezone Change,Home Timezone Change,Away Previous Game Actual Stadium TimeZone,Home Previous Game Actual Stadium TimeZone,Away Weekly Timezone Difference,Home Weekly Timezone Difference,Adjusted Away Timezone Change,Adjusted Home Timezone Change,Away Timezone Advantage,Home Timezone Advantage,Away Team Massey-Peabody Preseason Rank,Home Team Massey-Peabody Preseason Rank,Away Team Generic Sports Fan Preseason Rank,Home Team Generic Sports Fan Preseason Rank,Massey-Peabody Preseason Winner,Massey-Peabody Preseason Difference,Generic Sports Fan Preseason Winner,Generic Sports Fan Preseason Difference,Away Team MP + GSF Average Preseason Rank,Home Team MP + GSF Average Preseason Rank,MP + GSF Average Preseason Winner,MP + GSF Average Preseason Difference,Away NonLinear TZ,Home NonLinear TZ,Home Team 3 games in 10 days,Away Team 3 games in 10 days,Home Team 4 games in 17 days,Away Team 4 games in 17 days,Away Team Short Rest,Divisional Matchup?,Home Team Short Rest,Away Team Massey-Peabody Current Rank,Home Team Massey-Peabody Current Rank,Away Team Generic Sports Fan Current Rank,Home Team Generic Sports Fan Current Rank,Away Team Adjusted Massey-Peabody Preseason Rank,Home Team Adjusted Massey-Peabody Preseason Rank,Away Team Adjusted Generic Sports Fan Preseason Rank,Home Team Adjusted Generic Sports Fan Preseason Rank,Away Team Adjusted Massey-Peabody Current Rank,Home Team Adjusted Massey-Peabody Current Rank,Away Team Adjusted Generic Sports Fan Current Rank,Home Team Adjusted Generic Sports Fan Current Rank,Adjusted Massey-Peabody Preseason Winner,Adjusted Massey-Peabody Preseason Difference,Adjusted Generic Sports Fan Preseason Winner,Adjusted Generic Sports Fan Preseason Difference,Away Team Adjusted MP + GSF Average Preseason Rank,Home Team Adjusted MP + GSF Average Preseason Rank,Adjusted MP + GSF Average Preseason Winner,Adjusted MP + GSF Average Preseason Difference,Massey-Peabody Current Winner,Massey-Peabody Current Difference,Generic Sports Fan Current Winner,Generic Sports Fan Current Difference,Away Team MP + GSF Average Current Rank,Home Team MP + GSF Average Current Rank,MP + GSF Average Current Winner,MP + GSF Average Current Difference,Adjusted Massey-Peabody Current Winner,Adjusted Massey-Peabody Current Difference,Adjusted Generic Sports Fan Current Winner,Adjusted Generic Sports Fan Current Difference,Away Team Adjusted MP + GSF Average Current Rank,Home Team Adjusted MP + GSF Average Current Rank,Adjusted MP + GSF Average Current Winner,Adjusted MP + GSF Average Current Difference,Massey-Peabody Bayesian Same Winner Across All Metrics,Generic Sports Fan Bayesian Same Adjusted Winner Across All Metrics,Massey-Peabody Bayesian Same Current and Preseason Adjusted Winner,Generic Sports Fan Bayesian Current and Preseason Adjusted Winner,Massey-Peabody Bayesian Same Current and Adjusted Current Winner,Generic Sports Fan Bayesian Same Current and Adjusted Current Winner,Thursday Night Game,Masey-Peabody Home Team Winner?,Generic Sports Fan Home Team Winner?,Total Line,Home Team Sportsbook Moneyline,Away Team Sportsbook Moneyline,Sportsbook Favorite,Sportsbook Underdog,Home Team Sportsbook Spread,Away Team Sportsbook Spread,Massey-Peabody Home Team Moneyline,Massey-Peabody Away Team Moneyline,Generic Sports Fan Home Team Moneyline,Generic Sports Fan Away Team Moneyline,Massey-Peabody Home Team Spread,Massey-Peabody Away Team Spread,Generic Sports Fan Home Team Spread,Generic Sports Fan Away Team Spread,Away Team Sportsbook Implied Odds to Win,Home Team Sportsbook Implied Odds to Win,Away Team Massey-Peabody Implied Odds to Win,Home Team Massey-Peabody Implied Odds to Win,Away Team Generic Sports Fan Implied Odds to Win,Home Team Generic Sports Fan Implied Odds to Win,Away Team Sportsbook Fair Odds,Home Team Sportsbook Fair Odds,Away Team Massey-Peabody Fair Odds,Home Team Massey-Peabody Fair Odds,Away Team Generic Sports Fan Fair Odds,Home Team Generic Sports Fan Fair Odds,Away Team Fair Odds,Home Team Fair Odds,Away Team Expected Win Advantage,Home Team Expected Win Advantage,temp,wind,Matchup_ID,Wind,Temperature,Precipitation,Sim_Weather_Source,Dome,Away_Starting_QB,Home_Starting_QB,Sim_Spread_Mean,Sim_Spread_Median,Sim_Spread_Std,Sim_Spread_Variance,Sim_Spread_Variance_Label,Sim_Spread_25th,Sim_Spread_75th,Sim_Total_Mean,Sim_Total_Median,Sim_Total_Std,Sim_Total_10th_Floor,Sim_Total_90th_Ceiling,Sim_Home_Win_Pct,Sim_Away_Win_Pct,Sim_Prob_Land_3,Sim_Prob_Land_7,Sim_Home_Cover_Prob,Sim_Away_Cover_Prob,Sim_Prob_Over,Sim_Prob_Under,Week_y,Date_y,Matchup,Consensus Home Win Pct,Consensus Away Win Pct,Consensus Home Team Odds,Consensus Away Team Odds,Market Home Team Implied Odds,Market Away Team Implied Odds,Monte Carlo Home Team Spread,Monte Carlo Away Team Spread,Monte Carlo Total,Consensus Home Team Spread,Consensus Away Team Spread,GSF Spread Bet,GSF Spread Edge,Massey-Peabody Spread Bet,Massey-Peabody Spread Edge,Monte Carlo Spread Bet,Monte Carlo Spread Edge,Consensus Spread Bet,Consensus Spread Edge,GSF Moneyline Bet,GSF Moneyline Edge,Massey-Peabody Moneyline Bet,Massey-Peabody Moneyline Edge,Monte Carlo Moneyline Bet,Monte Carlo Moneyline Edge,Consensus Moneyline Bet,Consensus Moneyline Edge,Monte Carlo Total Bet,Monte Carlo Total Edge,MC ML Unit Wager,MC ML Unit to Win,MC ML Kelly Wager,MC ML Kelly To Win,MC Spread Unit Wager,MC Spread Unit to Win,MC Spread Kelly Wager,MC Spread Kelly To Win,MC Total Unit Wager,MC Total Unit to Win,MC Total Kelly Wager,MC Total Kelly To Win,MC Bet Direction,Home Team Offensive Pressure Allowed Rate,Away Team Offensive Pressure Allowed Rate,Home Team Defensive Pressure Generated Rate,Away Team Defensive Pressure Generated Rate,Home Team Zone Rate,Away Team Zone Rate,Home Team Man Rate,Away Team Man Rate,Home Team Offensive EPA vs Pressure,Away Team Offensive EPA vs Pressure,Home Team Offensive EPA vs Zone,Away Team Offensive EPA vs Zone,Home Team Offensive EPA vs Man,Away Team Offensive EPA vs Man,Week,Away Team Cumulative Win Percentage,Home Team Cumulative Win Percentage,Favorite,Underdog,Away Team Thanksgiving Favorite,Home Team Thanksgiving Favorite,Away Team Thanksgiving Underdog,Home Team Thanksgiving Underdog,Away Team Christmas Favorite,Home Team Christmas Favorite,Away Team Christmas Underdog,Home Team Christmas Underdog,Away Team Pre Thanksgiving,Home Team Pre Thanksgiving,Away Team Pre Christmas,Home Team Pre Christmas,Divisional Matchup Boolean,Away Team Star Rating,Home Team Star Rating,Away Team Public Pick %,Home Team Public Pick %,Total Remaining Entries at Start of Week,Home Team Expected Availability,Away Team Expected Availability,Home Pick %,Away Pick %,Expected Home Team Survivors,Expected Away Team Survivors,Expected Home Team Eliminations,Expected Away Team Eliminations,Home Expected Survival Rate,Home Expected Elimination Percent,Away Expected Survival Rate,Away Expected Elimination Percent,Expected Eliminated Entry Percent From Game,Expected Away Team Picks,Expected Home Team Picks,Home Predicted_Pick_Pct,Away Predicted_Pick_Pct,Avg Survivors,Avg Eliminations,Preseason Away Team Sportsbook Fair Odds,Preseason Home Team Sportsbook Fair Odds,Preseason Consensus Away Win Pct,Preseason Consensus Home Win Pct,Preseason Sim_Away_Win_Pct,Preseason Sim_Home_Win_Pct,Preseason Sportsbook Favorite,Preseason Sim Favorite,Preseason Consensus Favorite,Sim Favorite,Consensus Favorite,Sportsbook Bayesian Same Current and Preseason Adjusted Winner,Sim Bayesian Same Current and Preseason Adjusted Winner,Consensus Bayesian Same Current and Preseason Adjusted Winner,Away_Odds_Imputed,Home_Odds_Imputed,Topdown Home Pick %,Topdown Away Pick %,Predicted Circa Home Pick %,Predicted Circa Away Pick %,Top Down Circa Home Pick %,Top Down Circa Away Pick %,Archetype Circa Home Pick %,Archetype Circa Away Pick %,sportsbook_Home_EV,sportsbook_Away_EV,mp_Home_EV,mp_Away_EV,gsf_Home_EV,gsf_Away_EV,sim_Home_EV,sim_Away_EV,consensus_Home_EV,consensus_Away_EV
2020_08_ATL_CAR,2020,8,2020-10-29,20:20,Atlanta Falcons,Carolina Panthers,Home,Matt Ryan,Teddy Bridgewater,00-0026143,00-0031237,4,4,0,0,-1,-8,Bank of America Stadium,35.2258,-80.8528,America/New_York,False,False,8,8,Thursday,False,False,0,False,False,0,-1,-8,NFC South,Mercedes-Benz Stadium,33.7489,-84.388,America/New_York,NFC South,Bank of America Stadium,35.2258,-80.8528,America/New_York,Detroit Lions,New Orleans Saints,Mercedes-Benz Stadium,Caesars Superdome,Denver Broncos,Kansas City Chiefs,Mercedes-Benz Stadium,GEHA Field at Arrowhead Stadium,226,0,-226,226,0.0,0.0,America/New_York,America/Chicago,0.0,-1.0,0.0,0.0,0.0,0,-0.71,-5.25,-0.71,-5.25,Atlanta Falcons,4.54,Atlanta Falcons,4.54,-0.71,-5.25,Atlanta Falcons,4.54,0.0,0,No,No,No,No,No,1,No,0.0,0.0,-3.734,-1.884,0.98057,-7.097570000000001,0.98057,-7.097570000000001,1.73597,-1.8929700000000005,-1.97953,-3.79547,Atlanta Falcons,8.078140000000001,Atlanta Falcons,8.078140000000001,0.98057,-7.097570000000001,Atlanta Falcons,8.078140000000001,Tie,0.0,Carolina Panthers,1.85,-1.867,-0.942,Carolina Panthers,0.925,Atlanta Falcons,3.62894,Atlanta Falcons,1.81594,-0.1217799999999998,-2.84422,Atlanta Falcons,2.72244,Different,Different,Same,Same,Different,Different,True,Away Team,Away Team,52.0,-115.0,104.0,Carolina Panthers,Atlanta Falcons,-1.5,1.5,156,-191,108,-131,3.62894,-3.62894,1.81594,-1.81594,0.4902,0.5349,0.6564,0.3906,0.5671,0.4808,0.4782,0.5218,0.6269,0.3731,0.5412,0.4588,0.4782,0.5218,-0.0218,0.0218,76.0,8.0,0,8.0,76.0,0.0,nfl_read_py Fallback,False,K.Cousins,A.Dalton,1.8,3.0,13.97,195.26,High,-8.0,11.0,53.24,53.0,13.628599090979106,36.0,71.0,0.4434,0.5558,0.0784,0.0812,0.4212,0.5788,0.5182,0.4614,8,2020-10-29,Atlanta Falcons @ Carolina Panthers,0.4493,0.5505,123,-122,0.5348837209302325,0.4901960784313725,2.4,-2.4,53.120000000000005,2.61496,-2.61496,Atlanta Falcons,3.3159400000000003,Atlanta Falcons,5.12894,Atlanta Falcons,3.9,Atlanta Falcons,4.11496,Atlanta Falcons,0.0510039215686274,Atlanta Falcons,0.1367039215686274,Atlanta Falcons,0.0656039215686274,Atlanta Falcons,0.0603039215686274,Over,1.1200000000000043,100.0,104.0,321.71,334.58,110.0,100.0,288.7,262.45,110.0,100.0,0.0,0.0,Atlanta Falcons,,,,,,,,,,,,,,,8,-0.1116,-0.127,Carolina Panthers,Atlanta Falcons,0,0,1,1,0,1,1,0,1,1,1,1,1,1.5,1.5,0.002,0.008,350.0,1.0,1.0,0.01206,0.016416,0.096160631181241,0.0553861623601406,0.0881257451722296,0.0604360090328762,0.0002747446605178,0.0002517878433492,0.0001582461781718,0.0001726743115225,0.0004244621548717,0.1158221713930169,0.1842863763534706,,,346.0,4.0,0.4782,0.5218,0.5366,0.4632,0.4144,0.5848,Carolina Panthers,Carolina Panthers,Atlanta Falcons,Atlanta Falcons,Atlanta Falcons,Same,Different,Same,False,False,0.000526532503867,0.0003309204896943,0.01206,0.016416,0.000526532503867,0.0003309204896943,,,0.7031056151332516,0.6402398015235781,1.016771521447822,1.6796219782408113,0.6654682309334466,0.7794007631797796,0.7078250865012297,0.881181290502662,0.7633114594062113,0.9267505309346129
2020_08_PIT_BAL,2020,8,2020-11-01,13:00,Pittsburgh Steelers,Baltimore Ravens,Home,Ben Roethlisberger,Lamar Jackson,00-0022924,00-0034796,7,14,-7,7,0,3,M&T Bank Stadium,39.2789,-76.6228,America/New_York,False,True,8,8,Sunday,False,False,0,False,False,0,0,3,AFC North,Acrisure Stadium,40.4468,-80.0158,America/New_York,AFC North,M&T Bank Stadium,39.2789,-76.6228,America/New_York,Tennessee Titans,Philadelphia Eagles,Nissan Stadium,Lincoln Financial Field,Dallas Cowboys,Indianapolis Colts,AT&T Stadium,Lucas Oil Stadium,197,0,-197,197,0.0,0.0,America/Chicago,America/New_York,-1.0,0.0,0.0,0.0,0.0,0,-0.565,6.69,-0.565,6.69,Baltimore Ravens,7.255000000000001,Baltimore Ravens,7.255000000000001,-0.565,6.69,Baltimore Ravens,7.255000000000001,0.0,0,No,No,No,No,No,1,No,0.0,0.0,6.414,10.382,-2.263855,6.472355000000001,-2.263855,6.472355000000001,-1.771405,-0.1450949999999999,4.682275,10.197225,Baltimore Ravens,8.736210000000002,Baltimore Ravens,8.736210000000002,-2.263855,6.472355000000001,Baltimore Ravens,8.736210000000002,Tie,0.0,Baltimore Ravens,3.968,3.207,5.191,Baltimore Ravens,1.984,Baltimore Ravens,1.62631,Baltimore Ravens,5.514950000000002,1.455435,5.026065000000001,Baltimore Ravens,3.570630000000001,Different,Same,Same,Same,Different,Same,False,Home Team,Home Team,44.0,-200.0,178.0,Baltimore Ravens,Pittsburgh Steelers,-4.0,4.0,-128,105,-244,195,-1.62631,1.62631,-5.514950000000002,5.514950000000002,0.3597,0.6667,0.4878,0.5614,0.339,0.7093,0.3505,0.6495,0.4649,0.5351,0.3234,0.6766,0.3505,0.6495,-0.1495,0.1495,52.0,7.0,1,7.0,52.0,0.0,nfl_read_py Fallback,False,A.Rodgers,T.Huntley,4.16,6.0,14.27,203.66,High,-7.0,14.0,42.24,42.0,12.56085002500508,26.0,59.0,0.3754,0.6244,0.0772,0.0794,0.2966,0.6846,0.4218,0.5508,8,2020-11-01,Pittsburgh Steelers @ Baltimore Ravens,0.5592,0.4408,-127,127,0.6666666666666666,0.3597122302158273,5.08,-5.08,42.120000000000005,-0.6870866666666672,0.6870866666666672,Baltimore Ravens,1.5149500000000016,Pittsburgh Steelers,2.37369,Pittsburgh Steelers,9.08,Pittsburgh Steelers,3.312913333333333,Baltimore Ravens,0.0099333333333333,Pittsburgh Steelers,0.1051877697841726,Pittsburgh Steelers,0.2646877697841726,Pittsburgh Steelers,0.0810877697841727,Under,1.879999999999996,100.0,178.0,1033.47,1839.58,110.0,100.0,844.15,767.41,110.0,100.0,141.7,128.82,Pittsburgh Steelers,,,,,,,,,,,,,,,8,0.2010999999999999,0.1845222222222222,Baltimore Ravens,Pittsburgh Steelers,1,1,0,0,0,1,1,0,1,1,1,1,1,5.0,5.0,0.0,0.001,350.0,0.4485714285714287,0.7314285714285714,0.009755,0.002206,0.4377060525751264,0.0120766856895912,0.2362062685567079,0.022378908289271,0.0012505887216432,0.0006748750530191,3.4504816255974935e-05,6.393973796934587e-05,0.0007388147909885,0.0344555939788622,0.6739123211318343,,,346.0,4.0,0.3505,0.6495,0.3891,0.6106,0.4454,0.5534,Baltimore Ravens,Baltimore Ravens,Baltimore Ravens,Pittsburgh Steelers,Baltimore Ravens,Same,Different,Same,False,False,0.0019254637746623,9.84445542253208e-05,0.009755,0.002206,0.0019254637746623,9.84445542253208e-05,,,0.8690921797688179,0.47425323688801163,1.4231074706244962,1.273286029064146,0.9736659795602816,0.47120301455294944,0.5911817363913247,0.997824640612568,0.9382264296792278,0.7518355606616006
2020_08_NE_BUF,2020,8,2020-11-01,13:00,New England Patriots,Buffalo Bills,Home,Cam Newton,Josh Allen,00-0027939,00-0034857,7,7,0,0,-2,-10,Highmark Stadium,42.7725,-78.7877,America/New_York,False,False,8,8,Sunday,False,False,0,False,False,0,-2,-10,AFC East,Gillette Stadium,42.0628,-71.2687,America/New_York,AFC East,Highmark Stadium,42.7725,-78.7877,America/New_York,San Francisco 49ers,New York Jets,Gillette Stadium,MetLife Stadium,New York Jets,Seattle Seahawks,MetLife Stadium,Highmark Stadium,386,0,-386,386,0.0,0.0,America/New_York,America/New_York,0.0,0.0,0.0,0.0,0.0,0,-1.995,4.795,-1.995,4.795,Buffalo Bills,6.79,Buffalo Bills,6.79,-1.995,4.795,Buffalo Bills,6.79,0.0,0,No,No,No,No,No,1,No,0.0,0.0,0.079,2.269,-2.541995,4.171495,-2.541995,4.171495,-0.614895,-0.555605,-0.513995,1.6914950000000002,Buffalo Bills,6.71349,Buffalo Bills,6.71349,-2.541995,4.171495,Buffalo Bills,6.71349,Tie,0.0,Buffalo Bills,2.19,0.0395,1.1345,Buffalo Bills,1.095,Buffalo Bills,0.0592899999999999,Buffalo Bills,2.20549,-0.564445,0.5679450000000001,Buffalo Bills,1.13239,Different,Same,Same,Same,Different,Same,False,Home Team,Home Team,48.44444444444444,-312.0,250.0,Buffalo Bills,New England Patriots,-6.611111111111111,6.611111111111111,-110,-110,-131,108,-0.0592899999999999,0.0592899999999999,-2.20549,2.20549,0.2857,0.7573,0.5238,0.5238,0.4808,0.5671,0.2739,0.7261,0.5,0.5,0.4588,0.5412,0.2739,0.7261,-0.2261,0.2261,41.0,17.0,2,17.0,41.0,0.0,nfl_read_py Fallback,False,D.Maye,J.Allen,-8.86,-10.0,14.1,198.69,High,-19.0,2.0,43.19,43.0,13.15593444352078,27.0,61.0,0.7366,0.2628,0.071,0.0722,0.6748,0.2902,0.3096,0.6904,8,2020-11-01,New England Patriots @ Buffalo Bills,0.626,0.3739,-167,167,0.7572815533980582,0.2857142857142857,-9.43,9.43,43.095,-3.89826,3.89826,New England Patriots,4.405621111111111,New England Patriots,6.551821111111111,Buffalo Bills,2.818888888888889,New England Patriots,2.7128511111111107,New England Patriots,0.1730857142857143,New England Patriots,0.2142857142857143,No Bet,0.0,New England Patriots,0.0881857142857143,Under,5.349444444444444,,0.0,0.0,0.0,110.0,100.0,792.7,720.64,110.0,100.0,874.6,795.09,No Bet,,,,,,,,,,,,,,,8,-0.0271555555555555,0.0383,Buffalo Bills,New England Patriots,1,0,0,0,0,1,1,0,1,0,1,1,1,2.5,3.0,0.0,0.005,350.0,0.1257142857142857,0.6685714285714286,0.026257,0.002503,10.75770390824388,0.0038676897936924,4.058029335446906,0.0102531199678716,0.0307362968806967,0.0115943695298483,1.1050542267692576e-05,2.929462847963337e-05,0.0116236641583279,0.014120809761564,14.815733243690785,,,346.0,4.0,0.2739,0.7261,0.4058,0.5939,0.2764,0.7226,Buffalo Bills,Buffalo Bills,Buffalo Bills,Buffalo Bills,Buffalo Bills,Same,Same,Same,False,False,0.0423306664105451,4.034517074732595e-05,0.026257,0.002503,0.0423306664105451,4.034517074732595e-05,,,0.9658919503688365,0.37745346628799364,1.28651993267185,1.4098735670167857,0.7679697913861379,0.6768992027270869,1.1560992144452769,0.43290716255861295,1.0372241335901238,0.6528378567507034
2020_08_TEN_CIN,2020,8,2020-11-01,13:00,Tennessee Titans,Cincinnati Bengals,Home,Ryan Tannehill,Joe Burrow,00-0029701,00-0036442,7,7,0,0,4,0,Paycor Stadium,39.0955,-84.5165,America/New_York,False,False,8,8,Sunday,False,False,0,False,False,0,4,0,AFC South,Nissan Stadium,36.1664,-86.7716,America/Chicago,AFC North,Paycor Stadium,39.0955,-84.5165,America/New_York,Pittsburgh Steelers,Cleveland Browns,Nissan Stadium,Paycor Stadium,Chicago Bears,Pittsburgh Steelers,Nissan Stadium,Acrisure Stadium,237,0,-237,237,-1.0,0.0,America/Chicago,America/New_York,-1.0,0.0,-1.0,0.0,-1.0,0,-4.36,1.31,-4.36,1.31,Cincinnati Bengals,5.67,Cincinnati Bengals,5.67,-4.36,1.31,Cincinnati Bengals,5.67,0.0,0,No,No,No,No,No,0,No,0.0,0.0,-0.583,-3.384,-3.2670000000000003,2.4805,-3.2670000000000003,2.4805,1.093,1.1705,0.51,-2.2135,Cincinnati Bengals,5.7475000000000005,Cincinnati Bengals,5.7475000000000005,-3.2670000000000003,2.4805,Cincinnati Bengals,5.7475000000000005,Tie,0.0,Tennessee Titans,2.801,-0.2915,-1.692,Tennessee Titans,1.4005,Cincinnati Bengals,0.0775000000000001,Tennessee Titans,2.7235,0.8015,-0.5214999999999999,Tennessee Titans,1.323,Different,Different,Same,Different,Different,Same,False,Home Team,Away Team,49.5,274.0,-321.0,Tennessee Titans,Cincinnati Bengals,7.5,-7.5,-110,-110,117,-142,-0.0775000000000001,0.0775000000000001,2.7235,-2.7235,0.7625,0.2674,0.5238,0.5238,0.5868,0.4608,0.7404,0.2596,0.5,0.5,0.5601,0.4399,0.7404,0.2596,0.2404,-0.2404,48.0,24.0,3,24.0,48.0,0.0,nfl_read_py Fallback,False,C.Ward,J.Flacco,5.61,7.0,13.67,186.89,Med-High,-4.0,15.0,41.87,41.0,13.394802428793836,25.0,59.0,0.342,0.6558,0.088,0.0862,0.549,0.451,0.2838,0.7162,8,2020-11-01,Tennessee Titans @ Cincinnati Bengals,0.3854,0.6141,159,-159,0.267379679144385,0.7624703087885986,6.305,-6.305,41.435,2.9836666666666662,-2.9836666666666662,Cincinnati Bengals,4.7765,Cincinnati Bengals,7.577500000000001,Cincinnati Bengals,1.1950000000000005,Cincinnati Bengals,4.516333333333334,Cincinnati Bengals,0.1725203208556149,Cincinnati Bengals,0.2326203208556149,Cincinnati Bengals,0.0746203208556149,Cincinnati Bengals,0.1180203208556149,Under,8.064999999999998,100.0,274.0,254.64,697.7,110.0,100.0,132.25,120.23,110.0,100.0,1010.05,918.23,Cincinnati Bengals,,,,,,,,,,,,,,,8,0.0621555555555555,-0.2317625,Tennessee Titans,Cincinnati Bengals,0,0,1,1,0,0,1,1,1,1,1,1,0,3.5,0.5,0.099,0.0,350.0,1.0,0.7457142857142857,0.008436,0.0616,0.0088894499986211,26.434218574345387,0.0253534236478392,9.268399705429584,2.53984285674889e-05,7.243835327954077e-05,0.0755263387838439,0.026481142015513,0.0265535803687926,35.70261827977497,0.0342428736464603,,,346.0,4.0,0.7404,0.2596,0.659,0.3406,0.646,0.3524,Tennessee Titans,Tennessee Titans,Tennessee Titans,Tennessee Titans,Tennessee Titans,Same,Same,Same,False,False,9.783678184702968e-05,0.102007480799357,0.008436,0.0616,9.783678184702968e-05,0.102007480799357,,,0.36977998841546195,0.9735654282413675,1.4819153992509633,1.214478100437671,0.6667341720160707,0.7781348220971546,0.5807998119604649,1.0082065650434282,0.698511646431643,0.9915503439091837
2020_08_LV_CLE,2020,8,2020-11-01,13:00,Las Vegas Raiders,Cleveland Browns,Home,Derek Carr,Baker Mayfield,00-0031280,00-0034855,7,7,0,0,7,3,FirstEnergy Stadium,41.5061,-81.6994,America/New_York,False,False,8,8,Sunday,False,False,0,False,False,0,7,3,AFC West,Allegiant Stadium,36.108,-115.1578,America/Los_Angeles,AFC North,FirstEnergy Stadium,41.5061,-81.6994,America/New_York,Tampa Bay Buccaneers,Cincinnati Bengals,Allegiant Stadium,Paycor Stadium,Los Angeles Chargers,Houston Texans,SoFi Stadium,FirstEnergy Stadium,1826,0,-1826,1826,-3.0,0.0,America/Los_Angeles,America/New_York,-3.0,0.0,-3.0,0.0,-3.0,0,-2.35,-4.705,-2.35,-4.705,Las Vegas Raiders,2.355,Las Vegas Raiders,2.355,-2.35,-4.705,Las Vegas Raiders,2.355,-0.4499999999999999,0,No,No,No,No,No,0,No,0.0,0.0,-0.946,-0.295,-1.992,-2.7335,-1.992,-2.7335,0.3580000000000001,1.9715,-0.5879999999999999,1.6765,Las Vegas Raiders,0.7415,Las Vegas Raiders,0.7415,-1.992,-2.7335,Las Vegas Raiders,0.7415,Tie,0.0,Cleveland Browns,0.651,-0.473,-0.1475,Cleveland Browns,0.3255,Cleveland Browns,1.6134999999999995,Cleveland Browns,2.2645,-0.1149999999999998,1.824,Cleveland Browns,1.939,Different,Different,Different,Different,Different,Same,False,Home Team,Home Team,48.0,-130.0,117.0,Cleveland Browns,Las Vegas Raiders,-1.0,1.0,-128,105,-142,117,-1.6134999999999995,1.6134999999999995,-2.2645,2.2645,0.4608,0.5652,0.4878,0.5614,0.4608,0.5868,0.4491,0.5509,0.4649,0.5351,0.4399,0.5601,0.4491,0.5509,-0.0509,0.0509,49.0,35.0,4,35.0,49.0,0.0,nfl_read_py Fallback,False,G.Smith,D.Gabriel,-8.75,-10.0,14.92,222.5,High,-19.0,3.0,40.47,40.0,13.244926363512748,24.0,58.0,0.7106,0.2878,0.068,0.0806,0.6962,0.2894,0.2598,0.7136,8,2020-11-01,Las Vegas Raiders @ Cleveland Browns,0.5892,0.4104,-143,144,0.5652173913043478,0.4608294930875576,-9.375,9.375,40.235,-4.417666666666666,4.417666666666666,Cleveland Browns,1.2645,Cleveland Browns,0.6134999999999997,Cleveland Browns,8.375,Cleveland Browns,3.4176666666666664,No Bet,0.0,Las Vegas Raiders,0.0040705069124423,Cleveland Browns,0.1453826086956522,Cleveland Browns,0.0239826086956521,Under,7.765000000000001,130.0,100.0,835.95,643.04,110.0,100.0,905.05,822.77,110.0,100.0,996.4,905.82,Cleveland Browns,,,,,,,,,,,,,,,8,0.0536111111111111,0.071875,Cleveland Browns,Las Vegas Raiders,0,1,1,0,0,1,1,0,1,1,1,1,0,3.5,3.5,0.002,0.003,350.0,0.7142857142857143,0.9885714285714284,0.025284,0.003579,0.2307324678202816,0.0433311976149598,0.1880957547614603,0.0531533216790945,0.0006592356223436,0.0005374164421756,0.000123803421757,0.0001518666333688,0.0006892830755444,0.0964845192940543,0.4188282225817419,,,346.0,4.0,0.4491,0.5509,0.3766,0.6232,0.2586,0.7404,Cleveland Browns,Cleveland Browns,Cleveland Browns,Cleveland Browns,Cleveland Browns,Same,Same,Same,False,False,0.0011966520645192,0.0002756700551258,0.025284,0.003579,0.0011966520645192,0.0002756700551258,,,0.729402141974626,0.6139432746822024,1.3862211882142905,1.3101723114743453,0.7965612548811938,0.6483077392320321,1.1153157148831525,0.47369066212074157,0.9763017309456341,0.7137602593951926
2020_08_IND_DET,2020,8,2020-11-01,13:00,Indianapolis Colts,Detroit Lions,Home,Philip Rivers,Matthew Stafford,00-0022942,00-0026498,14,7,7,-7,7,0,Ford Field,42.3395,-83.045,America/Detroit,False,False,8,8,Sunday,False,False,0,False,False,0,7,0,AFC South,Lucas Oil Stadium,39.7601,-86.1638,America/Indiana/Indianapolis,NFC North,Ford Field,42.3395,-83.045,America/Detroit,Cincinnati Bengals,Atlanta Falcons,Lucas Oil Stadium,Mercedes-Benz Stadium,Baltimore Ravens,Minnesota Vikings,Lucas Oil Stadium,U.S. Bank Stadium,241,0,-241,241,0.0,0.0,America/Indiana/Indianapolis,America/New_York,0.0,0.0,0.0,0.0,0.0,0,-2.265,4.305,-2.265,4.305,Detroit Lions,6.57,Detroit Lions,6.57,-2.265,4.305,Detroit Lions,6.57,0.0,0,No,No,No,No,No,0,No,0.0,0.0,1.161,-3.395,-2.5245,2.4915,-2.5245,2.4915,-0.2595,-1.8135,0.9015,-5.2085,Detroit Lions,5.016,Detroit Lions,5.016,-2.5245,2.4915,Detroit Lions,5.016,Tie,0.0,Indianapolis Colts,4.556,0.5805,-1.6975,Indianapolis Colts,2.278,Indianapolis Colts,1.5539999999999998,Indianapolis Colts,6.109999999999999,0.3209999999999999,-3.511,Indianapolis Colts,3.832,Different,Different,Different,Different,Different,Same,False,Away Team,Away Team,49.0,165.0,-185.0,Indianapolis Colts,Detroit Lions,3.5,-3.5,105,-128,208,-261,1.5539999999999998,-1.5539999999999998,6.109999999999999,-6.109999999999999,0.6491,0.3774,0.5614,0.4878,0.723,0.3247,0.6324,0.3676,0.5351,0.4649,0.6901,0.3099,0.6324,0.3676,0.1324,-0.1324,,,5,0.0,70.0,0.0,Dome,True,D.Jones,J.Goff,0.39,1.0,12.69,160.92,Med-Low,-8.0,9.0,53.09,53.0,14.087642953198216,36.0,71.0,0.4898,0.5084,0.102,0.0854,0.59,0.41,0.5902,0.3838,8,2020-11-01,Indianapolis Colts @ Detroit Lions,0.4081,0.5915,145,-145,0.3773584905660377,0.6491228070175439,0.6950000000000001,-0.6950000000000001,53.045,2.7863333333333333,-2.7863333333333333,Indianapolis Colts,2.6099999999999994,Detroit Lions,1.946,Detroit Lions,2.805,Detroit Lions,0.7136666666666667,Indianapolis Colts,0.0409771929824561,Detroit Lions,0.0875415094339622,Detroit Lions,0.1124415094339622,Detroit Lions,0.0307415094339622,Over,4.045000000000002,100.0,165.0,451.47,744.92,110.0,100.0,347.5,315.91,110.0,100.0,348.55,316.86,Detroit Lions,,,,,,,,,,,,,,,8,0.1085666666666666,-0.1187888888888889,Indianapolis Colts,Detroit Lions,1,1,0,0,1,0,0,1,1,1,1,1,0,4.0,1.5,0.002,0.0,350.0,0.9914285714285714,0.2057142857142857,0.005544,0.003686,0.0022902075287025,0.3192730559176902,0.0039399544100965,0.1855862987908648,6.543450082007241e-06,1.1257012600275789e-05,0.0009122087311934,0.0005302465679738,0.0005415035805741,0.5048593547085551,0.006230161938799,,,346.0,4.0,0.6324,0.3676,0.5831,0.4168,0.5392,0.4604,Indianapolis Colts,Indianapolis Colts,Indianapolis Colts,Indianapolis Colts,Indianapolis Colts,Same,Same,Same,False,False,1.780046268228303e-05,0.0014424552991673,0.005544,0.003686,1.780046268228303e-05,0.0014424552991673,,,0.4929606276354121,0.8503847890214185,1.2487091881131478,1.4476843115754883,0.44682566839297827,0.9980433257202489,0.7768894137430123,0.812116963260881,0.68806654680393,1.0019954435368958
2020_08_MIN_GB,2020,8,2020-11-01,13:00,Minnesota Vikings,Green Bay Packers,Home,Kirk Cousins,Aaron Rodgers,00-0029604,00-0023459,14,7,7,-7,7,-3,Lambeau Field,44.5013,-88.0622,America/Chicago,False,False,8,8,Sunday,False,False,0,False,False,0,7,-3,NFC North,U.S. Bank Stadium,44.9738,-93.2575,America/Chicago,NFC North,Lambeau Field,44.5013,-88.0622,America/Chicago,Atlanta Falcons,Houston Texans,U.S. Bank Stadium,NRG Stadium,Detroit Lions,San Francisco 49ers,U.S. Bank Stadium,Levi's Stadium,257,0,-257,257,0.0,0.0,America/Chicago,America/Chicago,0.0,0.0,0.0,0.0,0.0,0,0.27,3.535,0.27,3.535,Green Bay Packers,3.265,Green Bay Packers,3.265,0.27,3.535,Green Bay Packers,3.265,0.0,0,No,No,No,No,No,1,No,0.0,0.0,-2.71,4.584,2.5355350000000003,3.3719650000000003,2.5355350000000003,3.3719650000000003,2.232885,-0.130385,-0.404175,4.380674999999999,Green Bay Packers,0.83643,Green Bay Packers,0.83643,2.5355350000000003,3.3719650000000003,Green Bay Packers,0.83643,Tie,0.0,Green Bay Packers,7.294,-1.355,2.292,Green Bay Packers,3.647,Minnesota Vikings,2.3632699999999995,Green Bay Packers,4.78485,0.9143549999999998,2.1251449999999994,Green Bay Packers,1.2107899999999996,Different,Same,Different,Same,Different,Same,False,Away Team,Home Team,47.0,-249.0,218.0,Green Bay Packers,Minnesota Vikings,-5.5,5.5,117,-142,-234,188,2.3632699999999995,-2.3632699999999995,-4.78485,4.78485,0.3145,0.7135,0.5868,0.4608,0.3472,0.7006,0.3059,0.6941,0.5601,0.4399,0.3314,0.6686,0.3059,0.6941,-0.1941,0.1941,34.0,23.0,6,23.0,34.0,0.0,nfl_read_py Fallback,False,C.Wentz,J.Love,0.01,-1.0,14.52,210.97,High,-10.0,10.0,44.25,44.0,13.296347348447322,27.0,61.0,0.505,0.4944,0.0888,0.0878,0.3822,0.6178,0.3872,0.5718,8,2020-11-01,Minnesota Vikings @ Green Bay Packers,0.5769,0.423,-136,136,0.7134670487106017,0.3144654088050314,-0.495,0.495,44.125,-0.9721933333333334,0.9721933333333334,Minnesota Vikings,0.7151500000000004,Minnesota Vikings,7.86327,Minnesota Vikings,5.005,Minnesota Vikings,4.527806666666667,Minnesota Vikings,0.0169345911949685,Minnesota Vikings,0.2456345911949686,Minnesota Vikings,0.1799345911949685,Minnesota Vikings,0.1085345911949685,Under,2.875,100.0,218.0,656.18,1430.48,110.0,100.0,493.45,448.59,110.0,100.0,251.95,229.05,Minnesota Vikings,,,,,,,,,,,,,,,8,0.0614333333333333,0.2079333333333333,Green Bay Packers,Minnesota Vikings,1,0,0,1,0,1,1,0,1,1,1,1,1,3.5,5.0,0.0,0.092,350.0,0.9171428571428571,1.0,0.046715,0.003877,16.607726283910257,0.0060304368981995,7.319267353764798,0.0136833156294223,0.0474506465254578,0.0209121924393279,1.7229819709141527e-05,3.9095187512635286e-05,0.0209512876268406,0.0197137525276218,23.926993637675054,,,346.0,4.0,0.3059,0.6941,0.4266,0.5733,0.3524,0.6472,Green Bay Packers,Green Bay Packers,Green Bay Packers,Green Bay Packers,Green Bay Packers,Same,Same,Same,False,False,0.0683628389647858,5.632500722177681e-05,0.046715,0.003877,0.0683628389647858,5.632500722177681e-05,,,0.9139569981787674,0.429388418478062,1.0811494405493183,1.615244059139319,0.9429946630703493,0.501874331042877,0.7703003728944676,0.8187060041094261,0.9362710923618834,0.7537908979789436
2020_08_NYJ_KC,2020,8,2020-11-01,13:00,New York Jets,Kansas City Chiefs,Home,Sam Darnold,Patrick Mahomes,00-0034869,00-0033873,7,7,0,0,4,2,GEHA Field at Arrowhead Stadium,39.0489,-94.4839,America/Chicago,False,False,8,8,Sunday,False,False,0,False,False,0,4,2,AFC East,MetLife Stadium,40.8136,-74.0744,America/New_York,AFC West,GEHA Field at Arrowhead Stadium,39.0489,-94.4839,America/Chicago,Buffalo Bills,Denver Broncos,MetLife Stadium,Empower Field at Mile High,New England Patriots,Carolina Panthers,MetLife Stadium,GEHA Field at Arrowhead Stadium,1085,0,-1085,1085,1.0,0.0,America/New_York,America/Denver,1.0,-1.0,1.0,0.0,1.0,0,-3.725,4.395,-3.725,4.395,Kansas City Chiefs,8.12,Kansas City Chiefs,8.12,-3.725,4.395,Kansas City Chiefs,8.12,0.0,0,No,No,No,No,No,0,No,0.0,0.0,-12.282,7.793,-4.926,3.051999999999999,-4.926,3.051999999999999,-1.201,-1.343,-13.483,6.449999999999999,Kansas City Chiefs,7.978,Kansas City Chiefs,7.978,-4.926,3.051999999999999,Kansas City Chiefs,7.978,Tie,0.0,Kansas City Chiefs,20.075,-6.141,3.8965,Kansas City Chiefs,10.0375,New York Jets,0.1419999999999999,Kansas City Chiefs,19.933,-7.342,2.5535,Kansas City Chiefs,9.8955,Different,Same,Different,Same,Different,Same,False,Away Team,Home Team,49.0,-1965.0,1204.0,Kansas City Chiefs,New York Jets,-20.0,20.0,-110,-110,-4679,1359,0.1419999999999999,-0.1419999999999999,-19.933,19.933,0.0767,0.9516,0.5238,0.5238,0.0685,0.9791,0.0746,0.9254,0.5,0.5,0.0654,0.9346,0.0746,0.9254,-0.4254,0.4254,52.0,11.0,7,11.0,52.0,0.0,nfl_read_py Fallback,False,J.Fields,P.Mahomes,-19.54,-19.0,13.74,188.82,Med-High,-29.0,-10.0,58.96,59.0,13.77525776692796,41.0,77.0,0.9248,0.0744,0.037,0.0392,0.4578,0.5024,0.7548,0.2252,8,2020-11-01,New York Jets @ Kansas City Chiefs,0.8212,0.1786,-459,460,0.9515738498789348,0.0766871165644171,-19.27,19.27,58.98,-13.020333333333332,13.020333333333332,New York Jets,0.0670000000000001,New York Jets,20.142,New York Jets,0.7300000000000004,New York Jets,6.979666666666667,No Bet,0.0,New York Jets,0.4233128834355828,No Bet,0.0,New York Jets,0.1019128834355828,Over,9.980000000000004,,0.0,0.0,0.0,110.0,100.0,0.0,0.0,110.0,100.0,1212.7,1102.45,No Bet,,,,,,,,,,,,,,,8,-0.2729,0.1623625,Kansas City Chiefs,New York Jets,0,1,1,0,0,1,1,0,1,1,1,1,0,0.0,4.5,0.0,0.293,350.0,0.7485714285714286,1.0,0.36886,0.001337,101.39426848303334,0.0032723853726865,8.173776127981725,0.0405933702933524,0.2896979099515238,0.0233536460799477,9.349672493390017e-06,0.000115981057981,0.0234696271379287,0.0438657556660389,109.56804461101508,,,346.0,4.0,0.0746,0.9254,0.1955,0.8045,0.0654,0.9344,Kansas City Chiefs,Kansas City Chiefs,Kansas City Chiefs,Kansas City Chiefs,Kansas City Chiefs,Same,Same,Same,False,False,0.3130515560314716,0.0001253307304743,0.36886,0.001337,0.3130515560314716,0.0001253307304743,,,1.1623035745894557,0.1810418420673732,0.7608090090694771,1.9355844906191584,1.2583959853997586,0.18647300871346806,1.3351474092296944,0.253858967774195,1.1398582127260568,0.5502037776147669
2020_08_LA_MIA,2020,8,2020-11-01,13:00,Los Angeles Rams,Miami Dolphins,Home,Jared Goff,Tua Tagovailoa,00-0033106,00-0036212,6,14,-8,8,-8,11,Hard Rock Stadium,25.9602,-80.2384,America/New_York,False,False,8,8,Sunday,False,False,0,False,False,0,-8,11,NFC West,SoFi Stadium,33.9535,-118.3395,America/Los_Angeles,AFC East,Hard Rock Stadium,25.9602,-80.2384,America/New_York,Chicago Bears,New York Jets,SoFi Stadium,Hard Rock Stadium,Seattle Seahawks,Arizona Cardinals,SoFi Stadium,State Farm Stadium,2331,0,-2331,2331,-3.0,0.0,America/Los_Angeles,America/New_York,-3.0,0.0,-3.0,0.0,-3.0,0,1.29,0.66,1.29,0.66,Los Angeles Rams,0.63,Los Angeles Rams,0.63,1.29,0.66,Los Angeles Rams,0.63,-0.4499999999999999,0,No,No,No,No,Yes,0,No,0.0,0.0,4.374,-1.128,-0.6324999999999998,1.721,-0.6324999999999998,1.721,-1.9225,1.061,2.4515,-0.0669999999999998,Miami Dolphins,2.3535,Miami Dolphins,2.3535,-0.6324999999999998,1.721,Miami Dolphins,2.3535,Tie,0.0,Los Angeles Rams,5.502,2.187,-0.564,Los Angeles Rams,2.751,Miami Dolphins,2.9835000000000003,Los Angeles Rams,2.518499999999999,0.2644999999999996,0.497,Miami Dolphins,0.2325000000000004,Different,Different,Same,Different,Different,Same,False,Home Team,Away Team,46.5,157.0,-176.0,Los Angeles Rams,Miami Dolphins,3.5,-3.5,-164,135,117,-142,-2.9835000000000003,2.9835000000000003,2.518499999999999,-2.518499999999999,0.6377,0.3891,0.4255,0.6212,0.5868,0.4608,0.621,0.379,0.4065,0.5935,0.5601,0.4399,0.621,0.379,0.121,-0.121,86.0,10.0,8,10.0,86.0,0.0,nfl_read_py Fallback,False,M.Stafford,T.Tagovailoa,10.61,11.0,13.56,183.76,Med-High,3.0,20.0,47.08,46.5,12.854626631885074,31.0,64.0,0.2154,0.784,0.0612,0.0592,0.2782,0.7218,0.5,0.5,8,2020-11-01,Los Angeles Rams @ Miami Dolphins,0.407,0.5929,146,-146,0.3891050583657587,0.6376811594202898,10.805,-10.805,46.79,3.446666666666666,-3.446666666666666,Miami Dolphins,0.9815000000000008,Miami Dolphins,6.4835,Los Angeles Rams,7.305,Miami Dolphins,0.0533333333333341,Miami Dolphins,0.0507949416342412,Miami Dolphins,0.2043949416342412,Los Angeles Rams,0.1463188405797102,Miami Dolphins,0.0178949416342412,Over,0.2899999999999991,176.0,100.0,1009.6,573.64,110.0,100.0,1039.45,944.95,110.0,100.0,0.0,0.0,Los Angeles Rams,,,,,,,,,,,,,,,8,0.094675,0.0436888888888888,Los Angeles Rams,Miami Dolphins,0,1,1,0,0,1,1,0,1,1,1,1,0,4.0,3.5,0.01,0.0,350.0,0.2914285714285713,0.1914285714285714,0.002926,0.004382,0.0128845478332895,0.5259315727584599,0.0211116205922766,0.3209791724242453,3.6812993809398815e-05,6.031891597793315e-05,0.0015026616364527,0.0009170833497835,0.0009774022657614,0.8469107451827053,0.0339961684255661,,,346.0,4.0,0.621,0.379,0.6592,0.3408,0.8044,0.1956,Los Angeles Rams,Los Angeles Rams,Los Angeles Rams,Los Angeles Rams,Los Angeles Rams,Same,Same,Same,False,False,9.713190978733197e-05,0.0024197449862363,0.002926,0.004382,9.713190978733197e-05,0.0024197449862363,,,0.5098057939666977,0.8335396226901327,1.6039882709712514,1.0924052287173862,0.636447446787709,0.8084215473255174,0.3430188489378207,1.245987528066069,0.6891479588900229,1.000914031450805
2020_08_LAC_DEN,2020,8,2020-11-01,16:05,Los Angeles Chargers,Denver Broncos,Home,Justin Herbert,Drew Lock,00-0036355,00-0035704,7,7,0,0,3,5,Empower Field at Mile High,39.7648,-105.0076,America/Denver,False,False,8,8,Sunday,False,False,0,False,False,0,3,5,AFC West,SoFi Stadium,33.9535,-118.3395,America/Los_Angeles,AFC West,Empower Field at Mile High,39.7648,-105.0076,America/Denver,Jacksonville Jaguars,Kansas City Chiefs,SoFi Stadium,Empower Field at Mile High,Las Vegas Raiders,Atlanta Falcons,SoFi Stadium,Mercedes-Benz Stadium,837,0,-837,837,-1.0,0.0,America/Los_Angeles,America/Denver,-1.0,0.0,-1.0,0.0,-1.0,0,0.935,2.05,0.935,2.05,Denver Broncos,1.1149999999999998,Denver Broncos,1.1149999999999998,0.935,2.05,Denver Broncos,1.1149999999999998,0.0,0,No,No,No,No,No,1,No,0.0,0.0,-0.754,-1.501,0.6254900000000002,1.7025099999999995,0.6254900000000002,1.7025099999999995,-0.32066,-0.33634,-1.08213,-1.82987,Denver Broncos,1.0770199999999996,Denver Broncos,1.0770199999999996,0.6254900000000002,1.7025099999999995,Denver Broncos,1.0770199999999996,Tie,0.0,Los Angeles Chargers,0.7469999999999999,-0.377,-0.7505,Los Angeles Chargers,0.3734999999999999,Los Angeles Chargers,0.01568,Los Angeles Chargers,0.7477399999999998,-0.701395,-1.083105,Los Angeles Chargers,0.38171,Different,Different,Different,Different,Different,Same,False,Away Team,Away Team,44.5,132.0,-146.0,Los Angeles Chargers,Denver Broncos,3.0,-3.0,-110,-110,-104,-116,0.01568,-0.01568,0.7477399999999998,-0.7477399999999998,0.5935,0.431,0.5238,0.5238,0.537,0.5098,0.5793,0.4207,0.5,0.5,0.513,0.487,0.5793,0.4207,0.0793,-0.0793,64.0,10.0,9,10.0,64.0,0.0,nfl_read_py Fallback,False,J.Herbert,B.Nix,5.82,7.0,13.94,194.21,Med-High,-4.0,15.0,51.26,50.0,13.75984710810726,34.0,69.0,0.3324,0.666,0.0828,0.0724,0.3708,0.5796,0.6734,0.3266,8,2020-11-01,Los Angeles Chargers @ Denver Broncos,0.435,0.5646,130,-130,0.4310344827586206,0.5934959349593496,6.41,-6.41,50.63,2.39114,-2.39114,Denver Broncos,2.25226,Denver Broncos,2.98432,Los Angeles Chargers,3.41,Denver Broncos,0.60886,Denver Broncos,0.0559655172413793,Denver Broncos,0.0689655172413793,Los Angeles Chargers,0.0725040650406504,Denver Broncos,0.0039655172413793,Over,6.129999999999996,146.0,100.0,445.9,305.41,110.0,100.0,292.9,266.27,110.0,100.0,785.35,713.95,Los Angeles Chargers,,,,,,,,,,,,,,,8,0.0336111111111111,-0.1830777777777777,Los Angeles Chargers,Denver Broncos,1,0,0,1,1,0,0,1,1,1,1,1,1,3.0,1.0,0.005,0.001,350.0,1.0,0.6657142857142857,0.016437,0.008583,0.0223973256911184,0.3283436684255056,0.0308409098475514,0.238450166246522,6.39923591174812e-05,8.811688527871846e-05,0.00093812476693,0.0006812861892757,0.0007694030745544,0.5667938346720276,0.0532382355386698,,,346.0,4.0,0.5793,0.4207,0.5663,0.4334,0.661,0.3378,Los Angeles Chargers,Los Angeles Chargers,Los Angeles Chargers,Los Angeles Chargers,Los Angeles Chargers,Same,Same,Same,False,False,0.0001521092443961,0.0016194109562057,0.016437,0.008583,0.0001521092443961,0.0016194109562057,,,0.5613701588766578,0.7819752577801716,1.3276260292765294,1.3687674704121076,0.699009174609499,0.7458598195037259,0.5229469670441959,1.066059409959694,0.7281086532527122,0.9619533370881159
2020_08_NO_CHI,2020,8,2020-11-01,16:25,New Orleans Saints,Chicago Bears,Home,Drew Brees,Nick Foles,00-0020531,00-0029567,7,6,1,-1,6,3,Soldier Field,41.8623,-87.6167,America/Chicago,False,False,8,8,Sunday,False,False,0,False,False,0,6,3,NFC South,Caesars Superdome,29.9507,-90.0813,America/Chicago,NFC North,Soldier Field,41.8623,-87.6167,America/Chicago,Carolina Panthers,Los Angeles Rams,Caesars Superdome,SoFi Stadium,Tampa Bay Buccaneers,Tennessee Titans,Raymond James Stadium,Nissan Stadium,834,0,-834,834,0.0,0.0,America/Chicago,America/Los_Angeles,0.0,-2.0,0.0,0.0,0.0,0,-6.145,-1.575,-6.145,-1.575,Chicago Bears,4.569999999999999,Chicago Bears,4.569999999999999,-6.145,-1.575,Chicago Bears,4.569999999999999,0.0,0,No,No,No,No,No,0,Yes,0.0,0.0,5.562,-2.085,-4.0185,-1.7905,-4.0185,-1.7905,2.1265,-0.2155,7.6885,-2.3005,Chicago Bears,2.228,Chicago Bears,2.228,-4.0185,-1.7905,Chicago Bears,2.228,Tie,0.0,New Orleans Saints,7.647,2.781,-1.0425,New Orleans Saints,3.8235,New Orleans Saints,2.342,New Orleans Saints,9.989,4.907500000000001,-1.258,New Orleans Saints,6.165500000000001,Different,Different,Different,Different,Different,Same,False,Away Team,Away Team,41.0,202.0,-229.0,New Orleans Saints,Chicago Bears,5.5,-5.5,117,-142,356,-483,2.342,-2.342,9.989,-9.989,0.696,0.3311,0.5868,0.4608,0.8285,0.2193,0.6776,0.3224,0.5601,0.4399,0.7907,0.2093,0.6776,0.3224,0.1776,-0.1776,40.0,20.0,10,20.0,40.0,0.0,nfl_read_py Fallback,False,S.Rattler,C.Williams,5.06,6.0,13.42,179.98,Medium,-5.0,14.0,33.2,33.0,11.583194383175291,19.0,48.0,0.3456,0.6526,0.0902,0.084,0.471,0.529,0.2192,0.7556,8,2020-11-01,New Orleans Saints @ Chicago Bears,0.3293,0.6702,204,-203,0.3311258278145695,0.6960486322188449,5.529999999999999,-5.529999999999999,33.1,5.953666666666667,-5.953666666666667,New Orleans Saints,4.489000000000001,Chicago Bears,3.158,New Orleans Saints,0.0299999999999993,New Orleans Saints,0.4536666666666669,New Orleans Saints,0.094651367781155,Chicago Bears,0.1087741721854304,Chicago Bears,0.0144741721854304,No Bet,0.0,Under,7.899999999999999,100.0,202.0,54.1,109.28,110.0,100.0,27.25,24.77,110.0,100.0,1216.9,1106.27,Chicago Bears,,,,,,,,,,,,,,,8,0.1451111111111111,-0.056675,New Orleans Saints,Chicago Bears,1,0,0,0,1,1,0,0,1,0,1,1,0,4.5,2.0,0.006,0.0,350.0,0.98,0.7,0.003773,0.022141,0.0003314824071232,3.10707826948708,0.000696688830852,1.478338302955482,9.470925917806424e-07,1.9905395167201093e-06,0.0088773664842487,0.0042238237227299,0.0042258142622466,4.585416572442561,0.0010281712379752,,,346.0,4.0,0.6776,0.3224,0.6478,0.3517,0.648,0.3498,New Orleans Saints,New Orleans Saints,New Orleans Saints,New Orleans Saints,New Orleans Saints,Same,Same,Same,False,False,2.9376321085007515e-06,0.0131011902069787,0.003773,0.022141,2.9376321085007515e-06,0.0131011902069787,,,0.44111479971839973,0.90223061693843,1.2338873675049844,1.4625061321836497,0.3097723317975661,1.1350966623156626,0.5619155333710655,1.0270908436328277,0.5717206512154831,1.1183413391253434
2020_08_SF_SEA,2020,8,2020-11-01,16:25,San Francisco 49ers,Seattle Seahawks,Home,Jimmy Garoppolo,Russell Wilson,00-0031345,00-0029263,7,7,0,0,0,5,Lumen Field,47.5952,-122.3316,America/Los_Angeles,False,True,8,8,Sunday,False,False,0,False,False,0,0,5,NFC West,Levi's Stadium,37.4031,-121.9702,America/Los_Angeles,NFC West,Lumen Field,47.5952,-122.3316,America/Los_Angeles,New England Patriots,Arizona Cardinals,Gillette Stadium,State Farm Stadium,Green Bay Packers,Buffalo Bills,Levi's Stadium,Highmark Stadium,704,0,-704,704,0.0,0.0,America/New_York,America/Denver,3.0,1.0,0.0,0.0,0.0,0,3.325,-0.13,3.325,-0.13,San Francisco 49ers,3.455,San Francisco 49ers,3.455,3.325,-0.13,San Francisco 49ers,3.455,0.0,0,No,No,No,No,No,1,No,0.0,0.0,4.201,1.039,5.20625,-1.62925,5.20625,-1.62925,1.9158,-1.5338,6.085179999999999,-0.46318,San Francisco 49ers,6.8355,San Francisco 49ers,6.8355,5.20625,-1.62925,San Francisco 49ers,6.8355,Tie,0.0,San Francisco 49ers,3.162,2.1005,0.5195,San Francisco 49ers,1.581,San Francisco 49ers,3.4496,San Francisco 49ers,6.54836,4.00049,-0.99849,San Francisco 49ers,4.99898,Different,Same,Same,Same,Different,Same,False,Away Team,Away Team,54.5,-110.0,-100.0,Seattle Seahawks,San Francisco 49ers,-1.0,1.0,156,-191,224,-282,3.4496,-3.4496,6.54836,-6.54836,0.5,0.5238,0.6564,0.3906,0.7382,0.3086,0.4884,0.5116,0.6269,0.3731,0.7052,0.2948,0.4884,0.5116,-0.0116,0.0116,55.0,4.0,11,4.0,55.0,0.0,nfl_read_py Fallback,False,M.Jones,S.Darnold,0.4,1.0,14.54,211.31,High,-10.0,11.0,43.4,43.0,12.883264933357095,27.0,60.0,0.4944,0.505,0.085,0.0762,0.4154,0.5846,0.3394,0.6606,8,2020-11-01,San Francisco 49ers @ Seattle Seahawks,0.4185,0.5814,139,-139,0.5238095238095238,0.5,0.7,-0.7,43.2,3.565986666666666,-3.565986666666666,San Francisco 49ers,7.54836,San Francisco 49ers,4.4496,San Francisco 49ers,1.7,San Francisco 49ers,4.5659866666666655,San Francisco 49ers,0.2052,San Francisco 49ers,0.1269,San Francisco 49ers,0.005,San Francisco 49ers,0.0814,Under,11.299999999999995,100.0,100.0,25.0,25.0,110.0,100.0,319.15,290.14,110.0,100.0,718.15,652.86,San Francisco 49ers,,,,,,,,,,,,,,,8,-0.100725,0.1682111111111111,Seattle Seahawks,San Francisco 49ers,0,1,0,0,0,1,1,0,0,1,1,1,1,2.0,4.5,0.0,0.005,350.0,0.9114285714285716,0.9228571428571428,0.006071,0.016289,0.086149247154931,0.0753331330442717,0.0822425572917676,0.0789116111086187,0.0002461407061569,0.0002349787351193,0.0002152375229836,0.0002254617460246,0.0004604404811439,0.1542447441528905,0.1683918044466986,,,346.0,4.0,0.4884,0.5116,0.536,0.4637,0.4956,0.5034,Seattle Seahawks,Seattle Seahawks,San Francisco 49ers,San Francisco 49ers,San Francisco 49ers,Same,Different,Same,False,False,0.0004811194412762,0.0004406992690082,0.006071,0.016289,0.0004811194412762,0.0004406992690082,,,0.6922996042493246,0.6510458124075047,1.0314014954208393,1.6649920042678,0.4310206754239828,1.0138483186892435,0.7933372935257331,0.7956690834781616,0.7164727923611558,0.9735891979796696
2020_08_DAL_PHI,2020,8,2020-11-01,20:20,Dallas Cowboys,Philadelphia Eagles,Home,Ben DiNucci,Carson Wentz,00-0036384,00-0032950,7,10,-3,3,-4,-7,Lincoln Financial Field,39.9008,-75.1675,America/New_York,False,True,8,8,Sunday,False,False,0,False,False,0,-4,-7,NFC East,AT&T Stadium,32.7369,-97.0826,America/Chicago,NFC East,Lincoln Financial Field,39.9008,-75.1675,America/New_York,Washington Commanders,New York Giants,FedExField,Lincoln Financial Field,Pittsburgh Steelers,New York Giants,AT&T Stadium,MetLife Stadium,1311,0,-1311,1311,-1.0,0.0,America/New_York,America/New_York,0.0,0.0,0.0,0.0,0.0,0,-0.615,4.905,-0.615,4.905,Philadelphia Eagles,5.5200000000000005,Philadelphia Eagles,5.5200000000000005,-0.615,4.905,Philadelphia Eagles,5.5200000000000005,0.0,0,No,No,No,No,No,1,No,0.0,0.0,-4.126,-4.678,-0.74333,4.173330000000001,-0.74333,4.173330000000001,-0.18353,-0.67647,-4.31505,-5.348949999999999,Philadelphia Eagles,4.916660000000001,Philadelphia Eagles,4.916660000000001,-0.74333,4.173330000000001,Philadelphia Eagles,4.916660000000001,Tie,0.0,Dallas Cowboys,0.5519999999999996,-2.063,-2.339,Dallas Cowboys,0.2759999999999998,Dallas Cowboys,0.49294,Dallas Cowboys,1.0338999999999992,-2.24929,-3.01271,Dallas Cowboys,0.7634199999999995,Different,Different,Different,Different,Different,Same,False,Away Team,Away Team,43.0,-403.0,335.0,Philadelphia Eagles,Dallas Cowboys,-10.0,10.0,-104,-116,101,-122,0.49294,-0.49294,1.0338999999999992,-1.0338999999999992,0.2299,0.8012,0.537,0.5098,0.5495,0.4975,0.223,0.777,0.513,0.487,0.5248,0.4752,0.223,0.777,-0.277,0.277,49.0,17.0,12,17.0,49.0,0.0,nfl_read_py Fallback,False,D.Prescott,J.Hurts,8.33,9.0,13.61,185.22,Med-High,-1.0,17.0,41.42,40.0,12.722970763033585,26.0,58.0,0.2564,0.7424,0.0724,0.0684,0.096,0.8854,0.4064,0.5506,8,2020-11-01,Dallas Cowboys @ Philadelphia Eagles,0.4989,0.5008,100,-100,0.8011928429423459,0.2298850574712643,8.665,-8.665,40.71,3.39728,-3.39728,Dallas Cowboys,11.0339,Dallas Cowboys,10.49294,Dallas Cowboys,18.665,Dallas Cowboys,13.39728,Dallas Cowboys,0.2949149425287357,Dallas Cowboys,0.2831149425287356,Dallas Cowboys,0.5125149425287356,Dallas Cowboys,0.2709149425287356,Under,2.289999999999999,100.0,335.0,1663.76,5573.6,110.0,100.0,1898.35,1725.77,110.0,100.0,140.65,127.86,Dallas Cowboys,,,,,,,,,,,,,,,8,-0.1153375,-0.11695,Philadelphia Eagles,Dallas Cowboys,0,0,1,1,0,1,1,0,1,1,1,1,1,1.5,1.5,0.0,0.142,350.0,0.9485714285714286,0.94,0.101827,0.006106,45.30661587776999,0.0021363277485513,13.003057066592929,0.0074436173122171,0.1294474739364856,0.0371515916188369,6.10379356728966e-06,2.1267478034906125e-05,0.0371728590968718,0.0095799450607685,58.30967294436292,,,346.0,4.0,0.223,0.777,0.4584,0.5414,0.717,0.2822,Philadelphia Eagles,Dallas Cowboys,Philadelphia Eagles,Dallas Cowboys,Dallas Cowboys,Same,Same,Different,False,False,0.1665990655553226,2.7371271602195784e-05,0.101827,0.006106,0.1665990655553226,2.7371271602195784e-05,,,1.0082221922547647,0.3351232244020691,1.0892458407967427,1.6071476588918958,0.6319668236485445,0.8129021704646844,0.35894360553622423,1.2300627714676717,0.7594821085021478,0.9305798818386732
2020_08_TB_NYG,2020,8,2020-11-02,20:15,Tampa Bay Buccaneers,New York Giants,Home,Tom Brady,Daniel Jones,00-0019596,00-0035710,8,11,-3,3,-13,2,MetLife Stadium,40.8136,-74.0744,America/New_York,False,True,8,8,Monday,False,False,0,False,False,0,-13,2,NFC South,Raymond James Stadium,27.9759,-82.5033,America/New_York,NFC East,MetLife Stadium,40.8136,-74.0744,America/New_York,Las Vegas Raiders,Philadelphia Eagles,Allegiant Stadium,Lincoln Financial Field,New Orleans Saints,Washington Commanders,Raymond James Stadium,FedExField,1007,0,-1007,1007,0.0,0.0,America/Los_Angeles,America/New_York,-3.0,0.0,0.0,0.0,0.0,0,1.025,-2.84,1.025,-2.84,Tampa Bay Buccaneers,3.865,Tampa Bay Buccaneers,3.865,1.025,-2.84,Tampa Bay Buccaneers,3.865,0.0,0,No,No,No,No,No,0,No,0.0,0.0,5.957,-4.519,0.0624999999999999,-2.774,0.0624999999999999,-2.774,-0.9625,0.0659999999999999,4.9945,-4.453000000000001,Tampa Bay Buccaneers,2.8365,Tampa Bay Buccaneers,2.8365,0.0624999999999999,-2.774,Tampa Bay Buccaneers,2.8365,Tie,0.0,Tampa Bay Buccaneers,10.476,2.9785,-2.2595,Tampa Bay Buccaneers,5.238,New York Giants,1.0285,Tampa Bay Buccaneers,9.447500000000002,2.016,-2.1935000000000007,Tampa Bay Buccaneers,4.2095,Different,Same,Different,Same,Different,Same,False,Home Team,Away Team,47.0,470.0,-598.0,Tampa Bay Buccaneers,New York Giants,13.0,-13.0,-122,101,327,-436,-1.0285,1.0285,9.447500000000002,-9.447500000000002,0.8567,0.1754,0.4975,0.5495,0.8134,0.2342,0.83,0.17,0.4752,0.5248,0.7765,0.2235,0.83,0.17,0.33,-0.33,39.0,8.0,13,8.0,39.0,0.0,nfl_read_py Fallback,False,B.Mayfield,J.Dart,5.61,7.0,13.92,193.87,Med-High,-5.0,15.0,49.98,49.0,13.31719653623528,33.0,67.0,0.346,0.653,0.0798,0.0832,0.6714,0.2982,0.549,0.4176,8,2020-11-02,Tampa Bay Buccaneers @ New York Giants,0.3161,0.6837,216,-216,0.175438596491228,0.8567335243553008,6.305,-6.305,49.49,4.908,-4.908,New York Giants,3.5524999999999984,New York Giants,14.0285,New York Giants,6.695,New York Giants,8.091999999999999,New York Giants,0.0480614035087719,New York Giants,0.349361403508772,New York Giants,0.1705614035087719,New York Giants,0.1406614035087719,Over,2.489999999999995,100.0,470.0,517.13,2430.5,110.0,100.0,774.85,704.41,110.0,100.0,132.25,120.23,New York Giants,,,,,,,,,,,,,,,8,0.171075,-0.1146874999999999,Tampa Bay Buccaneers,New York Giants,1,0,0,0,1,0,0,1,1,0,1,1,0,4.5,1.5,0.324,0.001,350.0,1.0,0.6285714285714286,0.004225,0.209124,0.0025733831490915,82.24916340916499,0.0125641647867408,16.846214192238616,7.352523283118586e-06,3.5897613676402506e-05,0.2349976097404714,0.0481320405492531,0.0481679381629295,99.0953776014036,0.0151375479358323,,,346.0,4.0,0.83,0.17,0.6167,0.383,0.4602,0.5388,Tampa Bay Buccaneers,New York Giants,Tampa Bay Buccaneers,Tampa Bay Buccaneers,Tampa Bay Buccaneers,Same,Different,Same,False,False,4.325013695952109e-05,0.2831296502897246,0.004225,0.209124,4.325013695952109e-05,0.2831296502897246,,,0.29729583347269395,1.046049583184137,1.8116851544908994,0.8847083451977297,0.4197670253998809,1.0251019687133505,0.692038592038611,0.8969677849652842,0.7021317430291646,0.9879302473116596
2020_09_GB_SF,2020,9,2020-11-05,20:20,Green Bay Packers,San Francisco 49ers,Home,Aaron Rodgers,Nick Mullens,00-0023459,00-0033319,4,4,0,0,-3,0,Levi's Stadium,37.4031,-121.9702,America/Los_Angeles,False,False,9,9,Thursday,False,False,0,False,False,0,-3,0,NFC North,Lambeau Field,44.5013,-88.0622,America/Chicago,NFC West,Levi's Stadium,37.4031,-121.9702,America/Los_Angeles,Minnesota Vikings,Seattle Seahawks,Lambeau Field,Lumen Field,Jacksonville Jaguars,New Orleans Saints,Lambeau Field,Caesars Superdome,1820,0,-1820,1820,2.0,0.0,America/Chicago,America/Los_Angeles,2.0,0.0,2.0,0.0,2.0,0,3.535,3.325,3.535,3.325,Green Bay Packers,0.2099999999999999,Green Bay Packers,0.2099999999999999,3.535,3.325,Green Bay Packers,0.2099999999999999,-0.15,0,No,No,No,No,No,0,No,0.0,0.0,4.584,4.201,2.8645000000000005,1.374,2.8645000000000005,1.374,-0.6705,-1.951,3.913499999999999,2.25,Green Bay Packers,1.4905000000000004,Green Bay Packers,1.4905000000000004,2.8645000000000005,1.374,Green Bay Packers,1.4905000000000004,Tie,0.0,Green Bay Packers,0.383,2.292,2.1005,Green Bay Packers,0.1915,Green Bay Packers,1.2805,Green Bay Packers,1.6634999999999995,1.6214999999999995,0.1494999999999997,Green Bay Packers,1.4719999999999998,Different,Same,Same,Same,Different,Same,True,Away Team,Away Team,48.5,215.0,-246.0,Green Bay Packers,San Francisco 49ers,6.0,-6.0,105,-128,105,-128,1.2805,-1.2805,1.6634999999999995,-1.6634999999999995,0.711,0.3175,0.5614,0.4878,0.5614,0.4878,0.6913,0.3087,0.5351,0.4649,0.5351,0.4649,0.6913,0.3087,0.1913,-0.1913,78.0,5.0,14,5.0,78.0,0.0,nfl_read_py Fallback,False,J.Love,M.Jones,3.84,5.0,14.62,213.6,High,-7.0,14.0,49.24,49.0,13.650061533779809,33.0,67.0,0.3968,0.6028,0.0776,0.0696,0.5158,0.4508,0.5082,0.4918,9,2020-11-05,Green Bay Packers @ San Francisco 49ers,0.4088,0.5911,145,-145,,,,,,,,No Bet,,No Bet,,No Bet,,No Bet,,No Bet,,No Bet,,No Bet,,No Bet,,No Bet,,,,,,,,,,,,,,,,,,,,,,,,,,,,,9,0.2100125,-0.0877857142857142,Green Bay Packers,San Francisco 49ers,0,0,1,0,1,0,0,1,1,0,1,1,0,5.0,2.0,,,288.1318719169182,0.9225956891951684,0.8595035332686173,4.827604961015008e-05,0.0651227638741238,0.0042939764192014,12.971514390041072,0.0096158921237251,5.792429469413682,1.4902816514653329e-05,3.337323309549675e-05,0.0450193666661818,0.020103397207942,0.0201367704410375,18.76394385945476,0.0139098685429265,,,298.0,48.0,0.6913,0.3087,0.5102,0.4898,0.6112,0.3886,Green Bay Packers,Green Bay Packers,Green Bay Packers,Green Bay Packers,Green Bay Packers,Same,Same,Same,False,False,4.827604961015008e-05,0.0651227638741238,4.827604961015008e-05,0.0651227638741238,4.827604961015008e-05,0.0651227638741238,,,0.4625037204246056,0.9318952042248863,2.1166827740938037,1.3809992976358665,0.8297314412780237,0.8165163183558807,0.7355938704399858,0.9484539232012357,0.8299473449333278,0.986043636969519
2020_09_DEN_ATL,2020,9,2020-11-08,13:00,Denver Broncos,Atlanta Falcons,Home,Drew Lock,Matt Ryan,00-0035704,00-0026143,7,10,-3,3,2,2,Mercedes-Benz Stadium,33.7489,-84.388,America/New_York,False,False,9,9,Sunday,False,False,0,False,False,0,2,2,AFC West,Empower Field at Mile High,39.7648,-105.0076,America/Denver,NFC South,Mercedes-Benz Stadium,33.7489,-84.388,America/New_York,Los Angeles Chargers,Carolina Panthers,Empower Field at Mile High,Bank of America Stadium,Las Vegas Raiders,New Orleans Saints,Allegiant Stadium,Caesars Superdome,1210,0,-1210,1210,-2.0,0.0,America/Denver,America/New_York,-2.0,0.0,-2.0,0.0,-2.0,0,2.05,-0.71,2.05,-0.71,Denver Broncos,2.76,Denver Broncos,2.76,2.05,-0.71,Denver Broncos,2.76,-0.3,0,No,No,No,No,No,0,No,0.0,0.0,-1.501,-3.734,2.0615,-2.208,2.0615,-2.208,0.0115,-1.498,-1.4894999999999996,-5.231999999999999,Denver Broncos,4.269500000000001,Denver Broncos,4.269500000000001,2.0615,-2.208,Denver Broncos,4.269500000000001,Tie,0.0,Denver Broncos,2.233,-0.7505,-1.867,Denver Broncos,1.1165,Denver Broncos,1.5095,Denver Broncos,3.7425,-0.7389999999999998,-3.365,Denver Broncos,2.626,Different,Same,Same,Same,Different,Same,False,Away Team,Away Team,50.0,-218.0,193.0,Atlanta Falcons,Denver Broncos,-4.5,4.5,105,-128,156,-191,1.5095,-1.5095,3.7425,-3.7425,0.3413,0.6855,0.5614,0.4878,0.6564,0.3906,0.3324,0.6676,0.5351,0.4649,0.6269,0.3731,0.3324,0.6676,-0.1676,0.1676,,,15,0.0,70.0,0.0,Dome,True,B.Nix,K.Cousins,1.56,3.0,14.07,197.93,High,-9.0,11.25,50.58,50.0,13.350189381102512,34.0,68.0,0.4564,0.5428,0.075,0.0776,0.3624,0.6376,0.4824,0.4812,9,2020-11-08,Denver Broncos @ Atlanta Falcons,0.4905,0.5093,104,-104,,,,,,,,No Bet,,No Bet,,No Bet,,No Bet,,No Bet,,No Bet,,No Bet,,No Bet,,No Bet,,,,,,,,,,,,,,,,,,,,,,,,,,,,,9,-0.1850125,-0.1514857142857142,Atlanta Falcons,Denver Broncos,0,0,1,1,0,0,1,1,1,1,1,1,0,1.0,1.5,,,288.1318719169182,0.9998077749539068,0.9999222671010252,0.0243236045410111,0.0001148906992192,4.678811650773215,0.0110036606498783,2.3295940573951723,0.0221000115820059,0.016238438391579,0.008085166149432,3.818966842047656e-05,7.670103079876702e-05,0.0081618671802308,0.0331036722318842,7.008405708168388,,,298.0,48.0,0.3324,0.6676,0.5025,0.4971,0.5842,0.4142,Atlanta Falcons,Denver Broncos,Denver Broncos,Denver Broncos,Denver Broncos,Same,Same,Same,False,False,0.0243236045410111,0.0001148906992192,0.0243236045410111,0.0001148906992192,0.0243236045410111,0.0001148906992192,,,0.9185022034891611,0.47589672116033116,1.342129625530295,2.1555524461993785,0.5886002851685654,1.05764747446534,0.7400342122743713,0.9440135813668497,0.8508444984274207,0.965146483475419
2020_09_SEA_BUF,2020,9,2020-11-08,13:00,Seattle Seahawks,Buffalo Bills,Home,Russell Wilson,Josh Allen,00-0029263,00-0034857,7,7,0,0,5,-10,Highmark Stadium,42.7725,-78.7877,America/New_York,False,False,9,9,Sunday,False,False,0,False,False,0,5,-10,NFC West,Lumen Field,47.5952,-122.3316,America/Los_Angeles,AFC East,Highmark Stadium,42.7725,-78.7877,America/New_York,San Francisco 49ers,New England Patriots,Lumen Field,Highmark Stadium,Los Angeles Rams,Arizona Cardinals,SoFi Stadium,State Farm Stadium,2117,0,-2117,2117,-3.0,0.0,America/Los_Angeles,America/New_York,-3.0,0.0,-3.0,0.0,-3.0,0,-0.13,4.795,-0.13,4.795,Buffalo Bills,4.925,Buffalo Bills,4.925,-0.13,4.795,Buffalo Bills,4.925,-0.4499999999999999,0,No,No,No,No,No,0,No,0.0,0.0,1.039,2.269,1.264,4.24,1.264,4.24,1.394,-0.555,2.433,1.7140000000000002,Buffalo Bills,2.976,Buffalo Bills,2.976,1.264,4.24,Buffalo Bills,2.976,Tie,0.0,Buffalo Bills,1.2300000000000002,0.5195,1.1345,Buffalo Bills,0.6150000000000001,Seattle Seahawks,1.9490000000000005,Seattle Seahawks,0.7189999999999996,1.9135,0.5795000000000001,Seattle Seahawks,1.334,Different,Different,Different,Different,Different,Different,False,Away Team,Away Team,55.0,147.0,-164.0,Seattle Seahawks,Buffalo Bills,3.0,-3.0,108,-131,-104,-116,1.9490000000000005,-1.9490000000000005,0.7189999999999996,-0.7189999999999996,0.6212,0.4049,0.5671,0.4808,0.537,0.5098,0.6054,0.3946,0.5412,0.4588,0.513,0.487,0.6054,0.3946,0.1054,-0.1054,69.0,4.0,16,4.0,69.0,0.0,nfl_read_py Fallback,False,S.Darnold,J.Allen,-9.18,-10.0,14.33,205.36,High,-19.0,1.0,50.63,50.0,13.59446822620402,33.0,68.0,0.7472,0.2528,0.0604,0.064,0.7742,0.2032,0.3588,0.6212,9,2020-11-08,Seattle Seahawks @ Buffalo Bills,0.5219,0.4781,-109,109,,,,,,,,No Bet,,No Bet,,No Bet,,No Bet,,No Bet,,No Bet,,No Bet,,No Bet,,No Bet,,,,,,,,,,,,,,,,,,,,,,,,,,,,,9,0.1760624999999999,0.0588285714285714,Seattle Seahawks,Buffalo Bills,1,0,0,0,1,1,0,0,1,0,1,1,0,4.5,3.5,,,288.1318719169182,0.0883782428923869,0.9111295790033954,0.0001478095004222,0.0028438267222927,0.0168054726260725,0.4960630145722039,0.0257831554176996,0.3233341023293551,5.8325628866626425e-05,8.948387155564024e-05,0.001721652697676,0.0011221740246167,0.0012116578961723,0.819397116901559,0.0425886280437722,,,298.0,48.0,0.6054,0.3946,0.5051,0.4948,0.2948,0.7048,Seattle Seahawks,Buffalo Bills,Seattle Seahawks,Buffalo Bills,Buffalo Bills,Same,Same,Different,False,False,0.0001478095004222,0.0028438267222927,0.0001478095004222,0.0028438267222927,0.0001478095004222,0.0028438267222927,,,0.5517534572110705,0.8426454674384246,1.6835134709910498,1.8141686007386215,0.807170862203371,0.8390768974305349,1.2616094170349352,0.42243837660628847,0.9549154478869133,0.8610755340159341
2020_09_BAL_IND,2020,9,2020-11-08,13:00,Baltimore Ravens,Indianapolis Colts,Home,Lamar Jackson,Philip Rivers,00-0034796,00-0022942,7,7,0,0,3,7,Lucas Oil Stadium,39.7601,-86.1638,America/Indiana/Indianapolis,False,False,9,9,Sunday,False,False,0,False,False,0,3,7,AFC North,M&T Bank Stadium,39.2789,-76.6228,America/New_York,AFC South,Lucas Oil Stadium,39.7601,-86.1638,America/Indiana/Indianapolis,Pittsburgh Steelers,Detroit Lions,M&T Bank Stadium,Ford Field,New England Patriots,Tennessee Titans,Gillette Stadium,Nissan Stadium,509,0,-509,509,0.0,0.0,America/New_York,America/Detroit,0.0,0.0,0.0,0.0,0.0,0,6.69,-2.265,6.69,-2.265,Baltimore Ravens,8.955,Baltimore Ravens,8.955,6.69,-2.265,Baltimore Ravens,8.955,0.0,0,No,No,No,No,No,0,No,0.0,0.0,10.382,1.161,7.6435,-0.7805,7.6435,-0.7805,0.9535,1.4845000000000002,11.3355,2.6455,Baltimore Ravens,8.424,Baltimore Ravens,8.424,7.6435,-0.7805,Baltimore Ravens,8.424,Tie,0.0,Baltimore Ravens,9.221,5.191,0.5805,Baltimore Ravens,4.6105,Indianapolis Colts,0.5310000000000001,Baltimore Ravens,8.69,6.1445,2.0650000000000004,Baltimore Ravens,4.0795,Different,Same,Different,Same,Different,Same,False,Home Team,Away Team,48.0,-104.0,-106.0,Indianapolis Colts,Baltimore Ravens,-1.0,1.0,-116,-104,302,-397,-0.5310000000000001,0.5310000000000001,8.69,-8.69,0.5146,0.5098,0.5098,0.537,0.7988,0.2488,0.5023,0.4977,0.487,0.513,0.7625,0.2375,0.5023,0.4977,0.0023,-0.0023,,,17,0.0,70.0,0.0,Dome,True,T.Huntley,D.Jones,-0.12,-1.0,13.74,188.66,Med-High,-10.0,10.0,41.35,41.0,12.756809828456324,25.90000000000004,58.0,0.5002,0.4986,0.0866,0.0874,0.5772,0.4228,0.2828,0.7172,9,2020-11-08,Baltimore Ravens @ Indianapolis Colts,0.4371,0.5626,129,-129,,,,,,,,No Bet,,No Bet,,No Bet,,No Bet,,No Bet,,No Bet,,No Bet,,No Bet,,No Bet,,,,,,,,,,,,,,,,,,,,,,,,,,,,,9,0.2073,0.122425,Indianapolis Colts,Baltimore Ravens,1,1,0,0,1,1,0,0,1,1,1,1,0,5.0,4.0,,,288.1318719169182,0.2046062060915991,0.4470523114752771,0.000669804305607,0.0005724090707582,0.0960521026689853,0.0828439859131337,0.0969398657235912,0.0820853111466586,0.0003333616029006,0.0003364427027064,0.0002875210762418,0.0002848879945163,0.0006213306972228,0.1649292970597924,0.1929919683925765,,,298.0,48.0,0.5023,0.4977,0.6137,0.3859,0.6584,0.3402,Baltimore Ravens,Baltimore Ravens,Baltimore Ravens,Indianapolis Colts,Baltimore Ravens,Different,Different,Same,False,False,0.000669804305607,0.0005724090707582,0.000669804305607,0.0005724090707582,0.000669804305607,0.0005724090707582,,,0.6939345745535798,0.7004643500959145,1.7910283274973255,1.7066537442323464,0.3908250736423751,1.255422685991531,0.8421737944623805,0.8418739991788434,0.7934821261232894,1.0225088557795565
2020_09_HOU_JAX,2020,9,2020-11-08,13:00,Houston Texans,Jacksonville Jaguars,Home,Deshaun Watson,Jake Luton,00-0033537,00-0036312,14,14,0,0,5,-9,TIAA Bank Field,30.3239,-81.6554,America/New_York,False,False,9,9,Sunday,False,False,0,False,False,0,5,-9,AFC South,NRG Stadium,29.6847,-95.4093,America/Chicago,AFC South,TIAA Bank Field,30.3239,-81.6554,America/New_York,Green Bay Packers,Los Angeles Chargers,NRG Stadium,SoFi Stadium,Cleveland Browns,Green Bay Packers,FirstEnergy Stadium,Lambeau Field,823,0,-823,823,-1.0,0.0,America/Chicago,America/Los_Angeles,-1.0,-3.0,-1.0,0.0,-1.0,0,0.035,-1.825,0.035,-1.825,Houston Texans,1.86,Houston Texans,1.86,0.035,-1.825,Houston Texans,1.86,0.0,0,No,No,No,No,No,1,No,0.0,0.0,-4.47,-10.251,1.12909,-2.14509,1.12909,-2.14509,1.11269,-0.33869,-3.41512,-10.531879999999996,Houston Texans,3.2741800000000003,Houston Texans,3.2741800000000003,1.12909,-2.14509,Houston Texans,3.2741800000000003,Tie,0.0,Houston Texans,5.781,-2.235,-5.1255,Houston Texans,2.8905,Houston Texans,1.45138,Houston Texans,7.1167599999999975,-1.151215,-5.435284999999999,Houston Texans,4.284069999999998,Different,Same,Same,Same,Different,Same,False,Away Team,Away Team,49.0,249.0,-289.0,Houston Texans,Jacksonville Jaguars,7.0,-7.0,105,-128,249,-319,1.45138,-1.45138,7.1167599999999975,-7.1167599999999975,0.7429,0.2865,0.5614,0.4878,0.7613,0.2865,0.7217,0.2783,0.5351,0.4649,0.7266,0.2734,0.7217,0.2783,0.2217,-0.2217,79.0,14.0,18,14.0,79.0,0.0,nfl_read_py Fallback,False,C.Stroud,T.Lawrence,4.91,6.0,14.04,197.04,High,-6.0,14.0,54.09,54.0,14.319229093228618,36.0,73.0,0.3596,0.6392,0.0838,0.0828,0.5196,0.4322,0.618,0.3586,9,2020-11-08,Houston Texans @ Jacksonville Jaguars,0.344,0.6557,191,-190,,,,,,,,No Bet,,No Bet,,No Bet,,No Bet,,No Bet,,No Bet,,No Bet,,No Bet,,No Bet,,,,,,,,,,,,,,,,,,,,,,,,,,,,,9,-0.063225,-0.3154375,Houston Texans,Jacksonville Jaguars,0,0,1,1,1,0,0,1,1,1,1,1,1,2.5,0.0,,,288.1318719169182,0.9971428571428572,0.8914285714285715,0.0002033677631947,0.104103351358703,0.0163074711548195,21.64774765881126,0.0422892631420526,8.347745840996497,5.659724849711082e-05,0.0001467705146976,0.0751313886755759,0.028971962683127,0.0291187331978247,29.99549349980776,0.0585967342968721,,,298.0,48.0,0.7217,0.2783,0.6617,0.3379,0.6398,0.3586,Houston Texans,Houston Texans,Houston Texans,Houston Texans,Houston Texans,Same,Same,Same,False,False,0.0002033677631947,0.104103351358703,0.0002033677631947,0.104103351358703,0.0002033677631947,0.104103351358703,,,0.43713665673518026,0.9572622679143122,2.2287019600594586,1.2689801116702133,0.5397932807238716,1.1064544789100346,0.7043251018039317,0.9797226918372932,0.7501422169619983,1.065848764940845
2020_09_CAR_KC,2020,9,2020-11-08,13:00,Carolina Panthers,Kansas City Chiefs,Home,Teddy Bridgewater,Patrick Mahomes,00-0031237,00-0033873,10,7,3,-3,-5,-1,GEHA Field at Arrowhead Stadium,39.0489,-94.4839,America/Chicago,False,False,9,9,Sunday,False,False,0,False,False,0,-5,-1,NFC South,Bank of America Stadium,35.2258,-80.8528,America/New_York,AFC West,GEHA Field at Arrowhead Stadium,39.0489,-94.4839,America/Chicago,Atlanta Falcons,New York Jets,Bank of America Stadium,GEHA Field at Arrowhead Stadium,Tampa Bay Buccaneers,Las Vegas Raiders,Bank of America Stadium,Allegiant Stadium,794,0,-794,794,1.0,0.0,America/New_York,America/Chicago,1.0,0.0,1.0,0.0,1.0,0,-5.25,4.395,-5.25,4.395,Kansas City Chiefs,9.645,Kansas City Chiefs,9.645,-5.25,4.395,Kansas City Chiefs,9.645,0.0,0,No,No,No,No,No,0,No,0.0,0.0,-1.884,7.793,-3.67,2.677,-3.67,2.677,1.58,-1.718,-0.304,6.075000000000001,Kansas City Chiefs,6.347,Kansas City Chiefs,6.347,-3.67,2.677,Kansas City Chiefs,6.347,Tie,0.0,Kansas City Chiefs,9.677,-0.942,3.8965,Kansas City Chiefs,4.8385,Carolina Panthers,3.298,Kansas City Chiefs,6.379000000000001,0.638,2.1785000000000005,Kansas City Chiefs,1.5405000000000006,Different,Same,Different,Same,Different,Same,False,Away Team,Home Team,51.5,-445.0,365.0,Kansas City Chiefs,Carolina Panthers,-10.0,10.0,156,-191,-282,224,3.298,-3.298,-6.379000000000001,6.379000000000001,0.2151,0.8165,0.6564,0.3906,0.3086,0.7382,0.2085,0.7915,0.6269,0.3731,0.2948,0.7052,0.2085,0.7915,-0.2915,0.2915,71.0,19.0,19,19.0,71.0,0.0,nfl_read_py Fallback,False,A.Dalton,P.Mahomes,-13.31,-14.0,14.35,205.82,High,-23.0,-4.0,52.4,52.0,13.653990672776164,36.0,70.0,0.8228,0.1768,0.0576,0.0498,0.5858,0.3766,0.5042,0.4958,9,2020-11-08,Carolina Panthers @ Kansas City Chiefs,0.6732,0.3268,-206,206,,,,,,,,No Bet,,No Bet,,No Bet,,No Bet,,No Bet,,No Bet,,No Bet,,No Bet,,No Bet,,,,,,,,,,,,,,,,,,,,,,,,,,,,,9,-0.1035,0.1439142857142857,Kansas City Chiefs,Carolina Panthers,0,1,1,0,1,1,0,0,1,1,1,1,0,2.0,4.5,,,288.1318719169182,0.396669128390385,0.9996662617344568,0.242273191419666,5.418484943649178e-05,55.25194618787559,0.0032551816673647,14.554681971158638,0.0123572004303079,0.1917592310086656,0.0505139604110003,1.1297541107508536e-05,4.288730832898325e-05,0.0505568477193293,0.0156123820976727,69.80662815903423,,,298.0,48.0,0.2085,0.7915,0.2872,0.7126,0.1918,0.8074,Kansas City Chiefs,Kansas City Chiefs,Kansas City Chiefs,Kansas City Chiefs,Kansas City Chiefs,Same,Same,Same,False,False,0.242273191419666,5.418484943649178e-05,0.242273191419666,5.418484943649178e-05,0.242273191419666,5.418484943649178e-05,,,1.0006294538802742,0.39376947076921953,0.6575231375631365,2.8401589341665363,0.9731266525115102,0.6731211071223959,1.2154189428529358,0.4686288507882886,0.9789394243307877,0.8370515575720601
2020_09_DET_MIN,2020,9,2020-11-08,13:00,Detroit Lions,Minnesota Vikings,Home,Matthew Stafford,Kirk Cousins,00-0026498,00-0029604,7,7,0,0,0,7,U.S. Bank Stadium,44.9738,-93.2575,America/Chicago,False,False,9,9,Sunday,False,False,0,False,False,0,0,7,NFC North,Ford Field,42.3395,-83.045,America/Detroit,NFC North,U.S. Bank Stadium,44.9738,-93.2575,America/Chicago,Indianapolis Colts,Green Bay Packers,Ford Field,Lambeau Field,Washington Commanders,Chicago Bears,Ford Field,Soldier Field,541,0,-541,541,1.0,0.0,America/Detroit,America/Chicago,1.0,0.0,1.0,0.0,1.0,0,4.305,0.27,4.305,0.27,Detroit Lions,4.035,Detroit Lions,4.035,4.305,0.27,Detroit Lions,4.035,0.0,0,No,No,No,No,No,1,No,0.0,0.0,-3.395,-2.71,5.604195,-0.6976949999999997,5.604195,-0.6976949999999997,1.339545,-1.008045,-2.048605,-3.724895,Detroit Lions,6.301889999999999,Detroit Lions,6.301889999999999,5.604195,-0.6976949999999997,Detroit Lions,6.301889999999999,Tie,0.0,Minnesota Vikings,0.685,-1.6975,-1.355,Minnesota Vikings,0.3425,Detroit Lions,2.34759,Detroit Lions,1.6762900000000005,-0.3545299999999999,-2.36647,Detroit Lions,2.01194,Different,Different,Same,Same,Different,Different,False,Away Team,Away Team,51.5,-173.0,155.0,Minnesota Vikings,Detroit Lions,-3.0,3.0,117,-142,105,-128,2.34759,-2.34759,1.6762900000000005,-1.6762900000000005,0.3922,0.6337,0.5868,0.4608,0.5614,0.4878,0.3823,0.6177,0.5601,0.4399,0.5351,0.4649,0.3823,0.6177,-0.1177,0.1177,,,20,0.0,70.0,0.0,Dome,True,J.Goff,C.Wentz,-6.85,-7.0,12.7,161.36,Med-Low,-15.0,3.0,61.3,61.0,14.948587761230526,43.0,81.0,0.7086,0.2912,0.1002,0.0806,0.6072,0.3352,0.7398,0.2602,9,2020-11-08,Detroit Lions @ Minnesota Vikings,0.5578,0.4422,-126,126,,,,,,,,No Bet,,No Bet,,No Bet,,No Bet,,No Bet,,No Bet,,No Bet,,No Bet,,No Bet,,,,,,,,,,,,,,,,,,,,,,,,,,,,,9,-0.118925,0.0544,Minnesota Vikings,Detroit Lions,1,1,0,0,0,0,1,1,1,1,1,1,1,2.0,3.5,,,288.1318719169182,0.9999790705663416,0.9914206229586106,0.0057912681243849,5.302272023811901e-05,1.030724441251579,0.0058406018737713,0.6379244842002244,0.0094369337625649,0.0035772663204325,0.0022140018039523,2.0270585947032896e-05,3.275213429108612e-05,0.0022467539382434,0.0152775356363362,1.6686489254518035,,,298.0,48.0,0.3823,0.6177,0.4032,0.5966,0.432,0.5674,Minnesota Vikings,Minnesota Vikings,Minnesota Vikings,Minnesota Vikings,Minnesota Vikings,Same,Same,Same,False,False,0.0057912681243849,5.302272023811901e-05,0.0057912681243849,5.302272023811901e-05,0.0057912681243849,5.302272023811901e-05,,,0.8581402367590962,0.5362586878903968,1.415435598151943,2.0822464735777286,0.7556022500175678,0.8906455096163374,1.1845179102565386,0.49952988338468557,0.9990002619800155,0.8169907199228316
2020_09_CHI_TEN,2020,9,2020-11-08,13:00,Chicago Bears,Tennessee Titans,Home,Nick Foles,Ryan Tannehill,00-0029567,00-0029701,7,7,0,0,3,4,Nissan Stadium,36.1664,-86.7716,America/Chicago,False,False,9,9,Sunday,False,False,0,False,False,0,3,4,NFC North,Soldier Field,41.8623,-87.6167,America/Chicago,AFC South,Nissan Stadium,36.1664,-86.7716,America/Chicago,New Orleans Saints,Cincinnati Bengals,Soldier Field,Paycor Stadium,Minnesota Vikings,Indianapolis Colts,Soldier Field,Nissan Stadium,396,0,-396,396,0.0,0.0,America/Chicago,America/New_York,0.0,1.0,0.0,0.0,0.0,0,-1.575,-4.36,-1.575,-4.36,Chicago Bears,2.785,Chicago Bears,2.785,-1.575,-4.36,Chicago Bears,2.785,0.0,0,No,No,No,No,No,0,No,0.0,0.0,-2.085,-0.583,-1.1594999999999998,-5.128,-1.1594999999999998,-5.128,0.4155,-0.768,-1.6695,-1.351,Chicago Bears,3.9685000000000006,Chicago Bears,3.9685000000000006,-1.1594999999999998,-5.128,Chicago Bears,3.9685000000000006,Tie,0.0,Tennessee Titans,1.502,-1.0425,-0.2915,Tennessee Titans,0.751,Chicago Bears,1.1835,Tennessee Titans,0.3185,-0.627,-1.0595,Chicago Bears,0.4324999999999999,Different,Different,Same,Different,Different,Same,False,Away Team,Home Team,46.5,-280.0,243.0,Tennessee Titans,Chicago Bears,-6.5,6.5,101,-122,-116,-104,1.1835,-1.1835,-0.3185,0.3185,0.2915,0.7368,0.5495,0.4975,0.5098,0.537,0.2835,0.7165,0.5248,0.4752,0.487,0.513,0.2835,0.7165,-0.2165,0.2165,77.0,14.0,21,14.0,77.0,0.0,nfl_read_py Fallback,False,C.Williams,C.Ward,-3.23,-4.0,14.4,207.26,High,-13.0,7.0,47.2,47.0,13.492103075839651,30.0,65.0,0.582,0.4174,0.0868,0.078,0.4314,0.5686,0.5124,0.4876,9,2020-11-08,Chicago Bears @ Tennessee Titans,0.5717,0.4282,-133,134,,,,,,,,No Bet,,No Bet,,No Bet,,No Bet,,No Bet,,No Bet,,No Bet,,No Bet,,No Bet,,,,,,,,,,,,,,,,,,,,,,,,,,,,,9,-0.0338428571428571,0.0428625,Tennessee Titans,Chicago Bears,0,0,0,1,1,0,0,1,0,1,1,1,0,2.5,3.5,,,288.1318719169182,0.6539708128437537,0.9799988495461994,0.0982889188559046,2.128040514800372e-05,20.291401932996905,0.001738298102121,8.028768245644972,0.0043932648683236,0.0704240103602556,0.0278649084956489,6.032994859459053e-06,1.5247410288544662e-05,0.0278801559059375,0.0061315629704447,28.32017017864188,,,298.0,48.0,0.2835,0.7165,0.4027,0.5967,0.3402,0.6574,Tennessee Titans,Tennessee Titans,Tennessee Titans,Tennessee Titans,Tennessee Titans,Same,Same,Same,False,False,0.0982889188559046,2.128040514800372e-05,0.0982889188559046,2.128040514800372e-05,0.0982889188559046,2.128040514800372e-05,,,0.952319135491725,0.442079789157769,1.1204987131881017,2.3771833585415707,0.7558628962672176,0.8903848633666882,0.8853753628903815,0.7986724307508427,0.9186173340672,0.8973736478356475
2020_09_NYG_WAS,2020,9,2020-11-08,13:00,New York Giants,Washington Commanders,Home,Daniel Jones,Kyle Allen,00-0035710,00-0034577,6,14,-8,8,-6,7,FedExField,38.9077,-76.8645,America/New_York,False,False,9,9,Sunday,False,False,0,False,False,0,-6,7,NFC East,MetLife Stadium,40.8136,-74.0744,America/New_York,NFC East,FedExField,38.9077,-76.8645,America/New_York,Tampa Bay Buccaneers,Dallas Cowboys,MetLife Stadium,FedExField,Philadelphia Eagles,Detroit Lions,MetLife Stadium,Ford Field,198,0,-198,198,0.0,0.0,America/New_York,America/New_York,0.0,0.0,0.0,0.0,0.0,0,-2.84,1.45,-2.84,1.45,Washington Commanders,4.29,Washington Commanders,4.29,-2.84,1.45,Washington Commanders,4.29,0.0,0,No,No,No,No,Yes,1,No,0.0,0.0,-4.519,-6.18,-3.46416,3.08616,-3.46416,3.08616,-0.6670600000000001,1.6790599999999998,-5.20267,-4.48433,Washington Commanders,6.55032,Washington Commanders,6.55032,-3.46416,3.08616,Washington Commanders,6.55032,Tie,0.0,New York Giants,1.6609999999999996,-2.2595,-3.09,New York Giants,0.8304999999999998,Washington Commanders,2.34612,Washington Commanders,0.7183399999999995,-2.934865,-1.402635,Washington Commanders,1.5322299999999998,Different,Different,Same,Same,Different,Different,False,Home Team,Home Team,43.0,-162.0,145.0,Washington Commanders,New York Giants,-3.0,3.0,-142,117,-116,-104,-2.34612,2.34612,-0.7183399999999995,0.7183399999999995,0.4082,0.6183,0.4608,0.5868,0.5098,0.537,0.3976,0.6024,0.4399,0.5601,0.487,0.513,0.3976,0.6024,-0.1024,0.1024,75.0,1.0,22,1.0,75.0,0.0,nfl_read_py Fallback,False,J.Dart,M.Mariota,-2.17,-3.0,13.78,190.0,Med-High,-12.0,8.0,43.64,43.0,12.87891846966156,27.0,60.0,0.5628,0.4366,0.085,0.085,0.5284,0.4716,0.3408,0.6592,9,2020-11-08,New York Giants @ Washington Commanders,0.5596,0.4403,-127,127,,,,,,,,No Bet,,No Bet,,No Bet,,No Bet,,No Bet,,No Bet,,No Bet,,No Bet,,No Bet,,,,,,,,,,,,,,,,,,,,,,,,,,,,,9,-0.1164428571428571,-0.0463625,Washington Commanders,New York Giants,0,1,0,0,0,0,1,1,0,1,1,1,1,2.0,2.5,,,288.1318719169182,1.0,0.9999910687313696,0.0079456911399307,3.839255165599975e-05,1.379138693561532,0.0043982980278609,0.9102681682604,0.0066638197484492,0.0047864843426943,0.0031592067972364,1.5264878538425502e-05,2.312767311757425e-05,0.003182334470354,0.0110621177763101,2.289406861821932,,,298.0,48.0,0.3976,0.6024,0.5266,0.4731,0.6734,0.3254,Washington Commanders,New York Giants,New York Giants,Washington Commanders,Washington Commanders,Same,Different,Different,False,False,0.0079456911399307,3.839255165599975e-05,0.0079456911399307,3.839255165599975e-05,0.0079456911399307,3.839255165599975e-05,,,0.8355738749542906,0.5588250496952035,1.7862836880554382,1.7113983836742335,0.8315907148496464,0.8146570447842595,0.9355350973390683,0.7485126963021558,0.9982350174308979,0.817755964471949
2020_09_LV_LAC,2020,9,2020-11-08,16:05,Las Vegas Raiders,Los Angeles Chargers,Home,Derek Carr,Justin Herbert,00-0031280,00-0036355,7,7,0,0,7,3,SoFi Stadium,33.9535,-118.3395,America/Los_Angeles,False,True,9,9,Sunday,False,False,0,False,False,0,7,3,AFC West,Allegiant Stadium,36.108,-115.1578,America/Los_Angeles,AFC West,SoFi Stadium,33.9535,-118.3395,America/Los_Angeles,Cleveland Browns,Denver Broncos,FirstEnergy Stadium,Empower Field at Mile High,Denver Broncos,Miami Dolphins,Allegiant Stadium,Hard Rock Stadium,233,0,-233,233,0.0,0.0,America/New_York,America/Denver,3.0,1.0,0.0,0.0,0.0,0,-2.35,0.935,-2.35,0.935,Los Angeles Chargers,3.285,Los Angeles Chargers,3.285,-2.35,0.935,Los Angeles Chargers,3.285,0.0,0,No,No,No,No,No,1,No,0.0,0.0,-0.946,-0.754,-1.289025,1.4525249999999998,-1.289025,1.4525249999999998,1.0281250000000002,0.5503750000000001,0.0840450000000001,-0.2055449999999999,Los Angeles Chargers,2.74155,Los Angeles Chargers,2.74155,-1.289025,1.4525249999999998,Los Angeles Chargers,2.74155,Tie,0.0,Los Angeles Chargers,0.1919999999999999,-0.473,-0.377,Los Angeles Chargers,0.0959999999999999,Las Vegas Raiders,0.4777500000000001,Las Vegas Raiders,0.2895900000000001,0.5560850000000002,0.172415,Las Vegas Raiders,0.3836700000000001,Different,Different,Different,Different,Different,Different,False,Away Team,Away Team,52.5,102.0,-112.0,Las Vegas Raiders,Los Angeles Chargers,1.0,-1.0,-104,-116,-104,-116,0.4777500000000001,-0.4777500000000001,0.2895900000000001,-0.2895900000000001,0.5283,0.495,0.537,0.5098,0.537,0.5098,0.5162,0.4838,0.513,0.487,0.513,0.487,0.5162,0.4838,0.0162,-0.0162,,,23,0.0,70.0,0.0,Dome,True,G.Smith,J.Herbert,-12.19,-12.0,13.12,172.01,Medium,-21.0,-4.0,53.31,53.0,13.518707484460563,36.0,71.0,0.8232,0.1764,0.0642,0.06,0.6272,0.3728,0.7854,0.2146,9,2020-11-08,Las Vegas Raiders @ Los Angeles Chargers,0.5702,0.4296,-133,133,,,,,,,,No Bet,,No Bet,,No Bet,,No Bet,,No Bet,,No Bet,,No Bet,,No Bet,,No Bet,,,,,,,,,,,,,,,,,,,,,,,,,,,,,9,0.0582875,0.0398375,Las Vegas Raiders,Los Angeles Chargers,0,1,1,0,0,1,1,0,1,1,1,1,1,3.5,3.5,,,288.1318719169182,0.6645747253239649,0.988421041884504,0.000721596613037,0.0004824654751972,0.1005892687189237,0.0717588618760958,0.1073257141643415,0.0672548186277706,0.0003491084413873,0.0003724881716497,0.0002490486782968,0.0002334167969004,0.0006059049685501,0.1390136805038665,0.2079149828832653,,,298.0,48.0,0.5162,0.4838,0.4458,0.554,0.245,0.7544,Las Vegas Raiders,Los Angeles Chargers,Los Angeles Chargers,Los Angeles Chargers,Los Angeles Chargers,Same,Same,Same,False,False,0.000721596613037,0.0004824654751972,0.000721596613037,0.0004824654751972,0.000721596613037,0.0004824654751972,,,0.6744685486642061,0.7199303759852874,1.69534977984662,1.8023322918830513,0.8011810858842167,0.8450666737496881,1.386034806386273,0.2980129872549498,1.0347699985593446,0.7812209833435019
2020_09_MIA_ARI,2020,9,2020-11-08,16:25,Miami Dolphins,Arizona Cardinals,Home,Tua Tagovailoa,Kyler Murray,00-0036212,00-0035228,7,14,-7,7,4,-4,State Farm Stadium,33.5277,-112.262608,America/Denver,False,False,9,9,Sunday,False,False,0,False,False,0,4,-4,AFC East,Hard Rock Stadium,25.9602,-80.2384,America/New_York,NFC West,State Farm Stadium,33.5277,-112.262608,America/Denver,Los Angeles Rams,Seattle Seahawks,Hard Rock Stadium,State Farm Stadium,Los Angeles Chargers,Buffalo Bills,Hard Rock Stadium,State Farm Stadium,1981,0,-1981,1981,2.0,0.0,America/New_York,America/Denver,2.0,0.0,2.0,0.0,2.0,0,0.66,0.075,0.66,0.075,Miami Dolphins,0.5850000000000001,Miami Dolphins,0.5850000000000001,0.66,0.075,Miami Dolphins,0.5850000000000001,-0.15,0,No,No,No,No,No,0,No,0.0,0.0,-1.128,-0.61,0.424,-0.5435000000000001,0.424,-0.5435000000000001,-0.236,-0.6185,-1.364,-1.2285,Miami Dolphins,0.9675,Miami Dolphins,0.9675,0.424,-0.5435000000000001,Miami Dolphins,0.9675,Tie,0.0,Arizona Cardinals,0.5179999999999999,-0.564,-0.305,Arizona Cardinals,0.2589999999999999,Miami Dolphins,0.3825,Arizona Cardinals,0.1355000000000001,-0.8,-0.9235,Miami Dolphins,0.1234999999999999,Different,Different,Same,Different,Different,Same,False,Away Team,Home Team,49.0,-241.0,211.0,Arizona Cardinals,Miami Dolphins,-6.0,6.0,-104,-116,-110,-110,0.3825,-0.3825,-0.1355000000000001,0.1355000000000001,0.3215,0.7067,0.537,0.5098,0.5238,0.5238,0.3127,0.6873,0.513,0.487,0.5,0.5,0.3127,0.6873,-0.1873,0.1873,,,24,0.0,70.0,0.0,Dome,True,T.Tagovailoa,J.Brissett,-2.89,-4.0,14.44,208.63,High,-13.0,7.0,50.83,50.0,13.672606978784962,34.0,69.0,0.5768,0.4228,0.0796,0.0784,0.4328,0.5446,0.5232,0.4434,9,2020-11-08,Miami Dolphins @ Arizona Cardinals,0.5628,0.4371,-129,129,,,,,,,,No Bet,,No Bet,,No Bet,,No Bet,,No Bet,,No Bet,,No Bet,,No Bet,,No Bet,,,,,,,,,,,,,,,,,,,,,,,,,,,,,9,0.0725624999999999,0.039625,Arizona Cardinals,Miami Dolphins,1,0,0,1,1,1,0,0,1,1,1,1,0,3.5,3.5,,,288.1318719169182,0.6457142857142857,0.291383853890912,0.0642358626316497,7.769328944791213e-05,12.720822869306645,0.0070000749713378,5.787576474948621,0.0153858379526719,0.0441493083867328,0.0200865542449168,2.429469161036212e-05,5.339859783755001e-05,0.0201399528427544,0.0223859129240098,18.508399344255267,,,298.0,48.0,0.3127,0.6873,0.3966,0.6033,0.3422,0.6572,Arizona Cardinals,Arizona Cardinals,Arizona Cardinals,Arizona Cardinals,Arizona Cardinals,Same,Same,Same,False,False,0.0642358626316497,7.769328944791213e-05,0.0642358626316497,7.769328944791213e-05,0.0642358626316497,7.769328944791213e-05,,,0.9265904138576406,0.46780851079185126,1.2458931757680523,2.2517888959616212,0.760617861514598,0.8856298981193071,0.9047977876607463,0.779250005980477,0.9360463876121163,0.8799445942907315
2020_09_PIT_DAL,2020,9,2020-11-08,16:25,Pittsburgh Steelers,Dallas Cowboys,Home,Ben Roethlisberger,Garrett Gilbert,00-0022924,00-0031395,7,7,0,0,0,-4,AT&T Stadium,32.7369,-97.0826,America/Chicago,False,True,9,9,Sunday,False,False,0,False,False,0,0,-4,AFC North,Acrisure Stadium,40.4468,-80.0158,America/New_York,NFC East,AT&T Stadium,32.7369,-97.0826,America/Chicago,Baltimore Ravens,Philadelphia Eagles,M&T Bank Stadium,Lincoln Financial Field,Cincinnati Bengals,Minnesota Vikings,Acrisure Stadium,U.S. Bank Stadium,1083,0,-1083,1083,1.0,0.0,America/New_York,America/New_York,1.0,1.0,1.0,0.0,1.0,0,-0.565,-0.615,-0.565,-0.615,Pittsburgh Steelers,0.05,Pittsburgh Steelers,0.05,-0.565,-0.615,Pittsburgh Steelers,0.05,0.0,0,No,No,No,No,No,0,No,0.0,0.0,6.414,-4.126,-1.753,-1.0615,-1.753,-1.0615,-1.188,-0.4465,5.226,-4.572500000000001,Dallas Cowboys,0.6915,Dallas Cowboys,0.6915,-1.753,-1.0615,Dallas Cowboys,0.6915,Tie,0.0,Pittsburgh Steelers,10.54,3.207,-2.063,Pittsburgh Steelers,5.27,Dallas Cowboys,0.7414999999999999,Pittsburgh Steelers,9.7985,2.019,-2.5095000000000005,Pittsburgh Steelers,4.528500000000001,Different,Different,Same,Different,Different,Same,False,Home Team,Away Team,44.0,591.0,-789.0,Pittsburgh Steelers,Dallas Cowboys,14.0,-14.0,-116,-104,356,-483,-0.7414999999999999,0.7414999999999999,9.7985,-9.7985,0.8875,0.1447,0.5098,0.537,0.8285,0.2193,0.8598,0.1402,0.487,0.513,0.7907,0.2093,0.8598,0.1402,0.3598,-0.3598,,,25,0.0,70.0,0.0,Dome,True,A.Rodgers,D.Prescott,4.76,6.0,13.59,184.8,Med-High,-5.0,14.0,52.92,52.0,13.79378546822839,36.0,71.0,0.3642,0.6352,0.0834,0.0828,0.7336,0.2446,0.7148,0.2646,9,2020-11-08,Pittsburgh Steelers @ Dallas Cowboys,0.3067,0.6932,226,-226,,,,,,,,No Bet,,No Bet,,No Bet,,No Bet,,No Bet,,No Bet,,No Bet,,No Bet,,No Bet,,,,,,,,,,,,,,,,,,,,,,,,,,,,,9,0.1812625,-0.0804142857142857,Pittsburgh Steelers,Dallas Cowboys,1,0,0,1,0,0,1,1,1,1,1,1,0,4.5,2.0,,,288.1318719169182,0.9399925855902912,0.731386657683975,6.0907912263342285e-05,0.201899499085359,0.0024604414106533,50.01773058895314,0.0150890693643348,8.155950021599477,8.539289299320588e-06,5.23686229640217e-05,0.1735931893135917,0.0283063097717673,0.0283586783947313,58.17368061055262,0.0175495107749882,,,298.0,48.0,0.8598,0.1402,0.5745,0.4253,0.6252,0.374,Pittsburgh Steelers,Pittsburgh Steelers,Pittsburgh Steelers,Pittsburgh Steelers,Pittsburgh Steelers,Same,Same,Same,False,False,6.0907912263342285e-05,0.201899499085359,6.0907912263342285e-05,0.201899499085359,6.0907912263342285e-05,0.201899499085359,,,0.2625458916812262,1.1318530329682666,2.541799606710098,0.9558824650195743,0.4904635103714484,1.1557842492624588,0.7860658371250235,0.8979819565162003,0.7669498233621387,1.049041158540708
2020_09_NO_TB,2020,9,2020-11-08,20:20,New Orleans Saints,Tampa Bay Buccaneers,Home,Drew Brees,Tom Brady,00-0020531,00-0019596,7,6,1,-1,7,-14,Raymond James Stadium,27.9759,-82.5033,America/New_York,False,True,9,9,Sunday,False,False,0,False,False,0,7,-14,NFC South,Caesars Superdome,29.9507,-90.0813,America/Chicago,NFC South,Raymond James Stadium,27.9759,-82.5033,America/New_York,Chicago Bears,New York Giants,Soldier Field,MetLife Stadium,San Francisco 49ers,Carolina Panthers,Caesars Superdome,Bank of America Stadium,478,0,-478,478,-1.0,0.0,America/Chicago,America/New_York,-1.0,0.0,-1.0,0.0,-1.0,0,-6.145,1.025,-6.145,1.025,Tampa Bay Buccaneers,7.17,Tampa Bay Buccaneers,7.17,-6.145,1.025,Tampa Bay Buccaneers,7.17,0.0,0,No,No,No,No,No,1,Yes,0.0,0.0,5.562,5.957,-3.99994,0.2689399999999999,-3.99994,0.2689399999999999,2.07336,-0.68436,7.63931,5.268689999999999,Tampa Bay Buccaneers,4.26888,Tampa Bay Buccaneers,4.26888,-3.99994,0.2689399999999999,Tampa Bay Buccaneers,4.26888,Tie,0.0,Tampa Bay Buccaneers,0.3949999999999996,2.781,2.9785,Tampa Bay Buccaneers,0.1974999999999998,New Orleans Saints,2.75772,New Orleans Saints,2.3706200000000006,4.856335,2.292165,New Orleans Saints,2.56417,Different,Different,Different,Different,Different,Different,False,Away Team,Away Team,51.0,-179.0,160.0,Tampa Bay Buccaneers,New Orleans Saints,-3.0,3.0,135,-164,117,-142,2.75772,-2.75772,2.3706200000000006,-2.3706200000000006,0.3846,0.6416,0.6212,0.4255,0.5868,0.4608,0.3748,0.6252,0.5935,0.4065,0.5601,0.4399,0.3748,0.6252,-0.1252,0.1252,77.0,17.0,26,17.0,77.0,0.0,nfl_read_py Fallback,False,S.Rattler,B.Mayfield,-1.77,-3.0,14.79,218.73,High,-13.0,9.0,41.43,41.0,12.87713508361205,26.0,58.0,0.55,0.449,0.0766,0.0812,0.4724,0.4848,0.206,0.7656,9,2020-11-08,New Orleans Saints @ Tampa Bay Buccaneers,0.5054,0.4944,-102,102,,,,,,,,No Bet,,No Bet,,No Bet,,No Bet,,No Bet,,No Bet,,No Bet,,No Bet,,No Bet,,,,,,,,,,,,,,,,,,,,,,,,,,,,,9,0.1789,0.1776285714285714,Tampa Bay Buccaneers,New Orleans Saints,1,1,0,0,1,1,0,0,1,1,1,1,1,4.5,4.5,,,288.1318719169182,0.3431147629760264,0.6892164714413024,0.0038707516533693,0.0001566954609844,0.697277382140681,0.0169218288940798,0.4180095374701331,0.0282271276002634,0.0024199939336865,0.0014507577196828,5.8729458776983925e-05,9.796600220749828e-05,0.0015487237218903,0.0451489564943432,1.1152869196108142,,,298.0,48.0,0.3748,0.6252,0.586,0.4137,0.48,0.5186,Tampa Bay Buccaneers,Tampa Bay Buccaneers,New Orleans Saints,Tampa Bay Buccaneers,Tampa Bay Buccaneers,Same,Same,Different,False,False,0.0038707516533693,0.0001566954609844,0.0038707516533693,0.0001566954609844,0.0038707516533693,0.0001566954609844,,,0.86972216279809,0.5246767618513973,1.3346242720491581,2.1630577996805136,0.7174577095851017,0.9287900500488022,0.9198185047493352,0.764229288891884,0.9082520300812438,0.9077389518216064
2020_09_NE_NYJ,2020,9,2020-11-09,20:15,New England Patriots,New York Jets,Home,Cam Newton,Joe Flacco,00-0027939,00-0026158,8,8,0,0,-2,4,MetLife Stadium,40.8136,-74.0744,America/New_York,False,True,9,9,Monday,False,False,0,False,False,0,-2,4,AFC East,Gillette Stadium,42.0628,-71.2687,America/New_York,AFC East,MetLife Stadium,40.8136,-74.0744,America/New_York,Buffalo Bills,Kansas City Chiefs,Highmark Stadium,GEHA Field at Arrowhead Stadium,Baltimore Ravens,Los Angeles Chargers,Gillette Stadium,SoFi Stadium,169,0,-169,169,0.0,0.0,America/New_York,America/Chicago,0.0,-1.0,0.0,0.0,0.0,0,-1.995,-3.725,-1.995,-3.725,New England Patriots,1.73,New England Patriots,1.73,-1.995,-3.725,New England Patriots,1.73,0.0,0,No,No,No,No,No,1,No,0.0,0.0,0.079,-12.282,-2.604885,-2.054615,-2.604885,-2.054615,-0.5925849999999999,1.653085,-0.637195,-10.505305000000002,New York Jets,0.5502699999999998,New York Jets,0.5502699999999998,-2.604885,-2.054615,New York Jets,0.5502699999999998,Tie,0.0,New England Patriots,12.361,0.0395,-6.141,New England Patriots,6.1805,New York Jets,2.24567,New England Patriots,9.86811,-0.6148899999999999,-4.426110000000001,New England Patriots,3.8112200000000014,Different,Different,Same,Different,Different,Same,False,Home Team,Away Team,41.5,312.0,-372.0,New England Patriots,New York Jets,9.5,-9.5,-131,108,356,-483,-2.24567,2.24567,9.86811,-9.86811,0.7881,0.2427,0.4808,0.5671,0.8285,0.2193,0.7645,0.2355,0.4588,0.5412,0.7907,0.2093,0.7645,0.2355,0.2645,-0.2645,61.0,2.0,27,2.0,61.0,0.0,nfl_read_py Fallback,False,D.Maye,J.Fields,6.18,7.0,13.28,176.4,Medium,-4.0,16.0,46.84,46.0,12.970934932787465,30.0,64.0,0.318,0.6812,0.0776,0.0826,0.582,0.418,0.6572,0.3428,9,2020-11-09,New England Patriots @ New York Jets,0.326,0.6738,207,-207,,,,,,,,No Bet,,No Bet,,No Bet,,No Bet,,No Bet,,No Bet,,No Bet,,No Bet,,No Bet,,,,,,,,,,,,,,,,,,,,,,,,,,,,,9,-0.0636125,-0.2740999999999999,New England Patriots,New York Jets,1,0,0,1,0,0,1,1,1,1,1,1,1,2.5,0.5,,,288.1318719169182,0.9999886427511442,0.6685580052393689,0.0001296493934061,0.1757488245339782,0.0087973668287339,38.71339149823237,0.0285587555862723,11.92544630194078,3.053243214714782e-05,9.911696125900004e-05,0.1343599763562263,0.0413888481777518,0.0414879651390108,50.63883780017315,0.0373561224150063,,,298.0,48.0,0.7645,0.2355,0.6587,0.3411,0.7062,0.2928,New England Patriots,New England Patriots,New England Patriots,New England Patriots,New England Patriots,Same,Same,Same,False,False,0.0001296493934061,0.1757488245339782,0.0001296493934061,0.1757488245339782,0.0001296493934061,0.1757488245339782,,,0.40627818939242755,0.9881207352570653,2.5677199419939676,0.9299621297356869,0.473472436258385,1.1727753233755167,0.687175093406415,0.9968727002348101,0.7811136582896423,1.0348773236132023
2020_10_IND_TEN,2020,10,2020-11-12,20:20,Indianapolis Colts,Tennessee Titans,Home,Philip Rivers,Ryan Tannehill,00-0022942,00-0029701,4,4,0,0,7,4,Nissan Stadium,36.1664,-86.7716,America/Chicago,False,False,10,10,Thursday,False,False,0,False,False,0,7,4,AFC South,Lucas Oil Stadium,39.7601,-86.1638,America/Indiana/Indianapolis,AFC South,Nissan Stadium,36.1664,-86.7716,America/Chicago,Baltimore Ravens,Chicago Bears,Lucas Oil Stadium,Nissan Stadium,Green Bay Packers,Baltimore Ravens,Lucas Oil Stadium,M&T Bank Stadium,250,0,-250,250,1.0,0.0,America/Indiana/Indianapolis,America/Chicago,1.0,0.0,1.0,0.0,1.0,0,-2.265,-4.36,-2.265,-4.36,Indianapolis Colts,2.095,Indianapolis Colts,2.095,-2.265,-4.36,Indianapolis Colts,2.095,0.0,0,No,No,No,No,No,1,No,0.0,0.0,1.161,-0.583,-2.996035,-5.106465,-2.996035,-5.106465,-0.710085,-0.7674150000000001,0.433475,-1.332975,Indianapolis Colts,2.11043,Indianapolis Colts,2.11043,-2.996035,-5.106465,Indianapolis Colts,2.11043,Tie,0.0,Indianapolis Colts,1.744,0.5805,-0.2915,Indianapolis Colts,0.872,Indianapolis Colts,0.0573300000000001,Indianapolis Colts,1.76645,-0.1383049999999999,-1.050195,Indianapolis Colts,0.91189,Different,Same,Same,Same,Different,Same,True,Away Team,Away Team,49.0,105.0,-115.0,Indianapolis Colts,Tennessee Titans,1.0,-1.0,-110,-110,108,-131,0.0573300000000001,-0.0573300000000001,1.76645,-1.76645,0.5349,0.4878,0.5238,0.5238,0.5671,0.4808,0.523,0.477,0.5,0.5,0.5412,0.4588,0.523,0.477,0.023,-0.023,56.0,6.0,28,6.0,56.0,0.0,nfl_read_py Fallback,False,D.Jones,C.Ward,0.61,2.0,14.06,197.65,High,-10.0,10.0,49.03,48.0,13.95317966216077,32.0,67.0,0.4734,0.525,0.0854,0.086,0.475,0.5008,0.471,0.5058,10,2020-11-12,Indianapolis Colts @ Tennessee Titans,0.4773,0.5223,110,-109,,,,,,,,No Bet,,No Bet,,No Bet,,No Bet,,No Bet,,No Bet,,No Bet,,No Bet,,No Bet,,,,,,,,,,,,,,,,,,,,,,,,,,,,,10,0.1366285714285714,0.0522714285714285,Indianapolis Colts,Tennessee Titans,1,0,0,1,1,0,0,1,1,1,1,1,1,4.5,3.5,,,220.3466372003192,0.5618822645871728,0.2041702924607428,0.0010403239273635,0.0009268314926581,0.109343606279945,0.1068092579904357,0.1198882727136504,0.0974149446681412,0.0004962345133524,0.0005440894140111,0.0004847328706602,0.0004420986219979,0.000986188036009,0.204224202658577,0.2292318789935955,,,200.0,98.0,0.523,0.477,0.4923,0.5073,0.4874,0.511,Indianapolis Colts,Tennessee Titans,Tennessee Titans,Indianapolis Colts,Indianapolis Colts,Same,Different,Different,False,False,0.0010403239273635,0.0009268314926581,0.0010403239273635,0.0009268314926581,0.0010403239273635,0.0009268314926581,,,0.6689091236013702,0.7335635579422034,1.568957983803339,1.5709627650870472,0.6910136513246444,0.8153004094253161,0.8414966473268095,0.9364416636751697,0.8574706002881273,0.9394054565595344
2020_10_TB_CAR,2020,10,2020-11-15,13:00,Tampa Bay Buccaneers,Carolina Panthers,Home,Tom Brady,Teddy Bridgewater,00-0019596,00-0031237,7,7,0,0,-14,-5,Bank of America Stadium,35.2258,-80.8528,America/New_York,False,False,10,10,Sunday,False,False,0,False,False,0,-14,-5,NFC South,Raymond James Stadium,27.9759,-82.5033,America/New_York,NFC South,Bank of America Stadium,35.2258,-80.8528,America/New_York,New Orleans Saints,Kansas City Chiefs,Raymond James Stadium,GEHA Field at Arrowhead Stadium,Los Angeles Rams,Detroit Lions,Raymond James Stadium,Bank of America Stadium,510,0,-510,510,0.0,0.0,America/New_York,America/Chicago,0.0,-1.0,0.0,0.0,0.0,0,1.025,-5.25,1.025,-5.25,Tampa Bay Buccaneers,6.275,Tampa Bay Buccaneers,6.275,1.025,-5.25,Tampa Bay Buccaneers,6.275,0.0,0,No,No,No,No,No,1,No,0.0,0.0,5.957,-1.884,0.1648249999999998,-6.957325,0.1648249999999998,-6.957325,-0.797425,-1.770075,5.081165,-3.575665,Tampa Bay Buccaneers,7.12215,Tampa Bay Buccaneers,7.12215,0.1648249999999998,-6.957325,Tampa Bay Buccaneers,7.12215,Tie,0.0,Tampa Bay Buccaneers,7.840999999999999,2.9785,-0.942,Tampa Bay Buccaneers,3.9205,Tampa Bay Buccaneers,0.97265,Tampa Bay Buccaneers,8.65683,2.14187,-2.67287,Tampa Bay Buccaneers,4.8147400000000005,Different,Same,Same,Same,Different,Same,False,Away Team,Away Team,49.5,226.0,-259.0,Tampa Bay Buccaneers,Carolina Panthers,6.0,-6.0,101,-122,302,-397,0.97265,-0.97265,8.65683,-8.65683,0.7214,0.3067,0.5495,0.4975,0.7988,0.2488,0.7017,0.2983,0.5248,0.4752,0.7625,0.2375,0.7017,0.2983,0.2017,-0.2017,65.0,15.0,29,15.0,65.0,0.0,nfl_read_py Fallback,False,B.Mayfield,A.Dalton,7.81,8.0,14.13,199.58,High,-3.0,17.0,55.21,55.0,13.726551803161671,38.0,73.0,0.2918,0.7072,0.0784,0.0756,0.4136,0.559,0.6524,0.3476,10,2020-11-15,Tampa Bay Buccaneers @ Carolina Panthers,0.3257,0.674,207,-207,,,,,,,,No Bet,,No Bet,,No Bet,,No Bet,,No Bet,,No Bet,,No Bet,,No Bet,,No Bet,,,,,,,,,,,,,,,,,,,,,,,,,,,,,10,0.1736166666666666,-0.0871333333333333,Tampa Bay Buccaneers,Carolina Panthers,1,0,0,1,1,1,0,0,1,1,1,1,1,4.5,2.0,,,220.3466372003192,0.9996514887308444,0.3399503063226364,0.0003417605105988,0.0981585221089205,0.0224637139467902,15.176999311918406,0.0528420652915276,6.451900947335416,0.0001019471603116,0.0002398133502872,0.0688778349638295,0.0292806871450909,0.0295205004953782,21.62890025925382,0.0753057792383179,,,200.0,98.0,0.7017,0.2983,0.6621,0.3377,0.6648,0.3344,Tampa Bay Buccaneers,Tampa Bay Buccaneers,Tampa Bay Buccaneers,Tampa Bay Buccaneers,Tampa Bay Buccaneers,Same,Same,Same,False,False,0.0003417605105988,0.0981585221089205,0.0003417605105988,0.0981585221089205,0.0003417605105988,0.0981585221089205,,,0.47009787940516995,0.9323748021384015,1.9137808971551449,1.2261398517352329,0.41248534073169446,1.0938287200182686,0.6274851637368634,1.150453147265119,0.6988763070398473,1.0979997498078078
2020_10_HOU_CLE,2020,10,2020-11-15,13:00,Houston Texans,Cleveland Browns,Home,Deshaun Watson,Baker Mayfield,00-0033537,00-0034855,7,14,-7,7,-2,10,FirstEnergy Stadium,41.5061,-81.6994,America/New_York,False,True,10,10,Sunday,False,False,0,False,False,0,-2,10,AFC South,NRG Stadium,29.6847,-95.4093,America/Chicago,AFC North,FirstEnergy Stadium,41.5061,-81.6994,America/New_York,Jacksonville Jaguars,Las Vegas Raiders,TIAA Bank Field,FirstEnergy Stadium,New England Patriots,Philadelphia Eagles,NRG Stadium,FirstEnergy Stadium,1119,0,-1119,1119,-1.0,0.0,America/New_York,America/New_York,0.0,0.0,0.0,0.0,0.0,0,0.035,-4.705,0.035,-4.705,Houston Texans,4.74,Houston Texans,4.74,0.035,-4.705,Houston Texans,4.74,0.0,0,No,No,No,No,No,0,No,0.0,0.0,-4.47,-0.295,0.3625,-1.8585,0.3625,-1.8585,0.3275,2.8465,-4.1425,2.5515,Houston Texans,2.221,Houston Texans,2.221,0.3625,-1.8585,Houston Texans,2.221,Tie,0.0,Cleveland Browns,4.175,-2.235,-0.1475,Cleveland Browns,2.0875,Cleveland Browns,2.519,Cleveland Browns,6.694,-1.9075,2.699,Cleveland Browns,4.6065,Different,Different,Different,Different,Different,Same,False,Home Team,Home Team,46.0,-217.0,192.0,Cleveland Browns,Houston Texans,-4.5,4.5,-142,117,-282,224,-2.519,2.519,-6.694,6.694,0.3425,0.6845,0.4608,0.5868,0.3086,0.7382,0.3335,0.6665,0.4399,0.5601,0.2948,0.7052,0.3335,0.6665,-0.1665,0.1665,59.0,25.0,30,25.0,59.0,0.0,nfl_read_py Fallback,False,C.Stroud,D.Gabriel,-7.76,-9.0,14.23,202.57,High,-17.0,3.0,47.06,47.0,14.045504123284982,30.0,65.0,0.7096,0.2894,0.0764,0.0748,0.6162,0.3838,0.5054,0.4696,10,2020-11-15,Houston Texans @ Cleveland Browns,0.6604,0.3394,-194,195,,,,,,,,No Bet,,No Bet,,No Bet,,No Bet,,No Bet,,No Bet,,No Bet,,No Bet,,No Bet,,,,,,,,,,,,,,,,,,,,,,,,,,,,,10,-0.0484714285714285,0.0583571428571428,Cleveland Browns,Houston Texans,0,1,1,0,1,1,0,0,1,1,1,1,0,2.5,3.5,,,220.3466372003192,0.7134849265551337,0.7931845140929876,0.0315118083824928,3.690321485334392e-05,4.627856752620562,0.0027118550148208,2.315664256562577,0.0054196442799943,0.0210026202869315,0.0105091880955613,1.2307222153590195e-05,2.459599269975372e-05,0.0105337840882611,0.0081314992948152,6.943521009183137,,,200.0,98.0,0.3335,0.6665,0.3898,0.6099,0.2636,0.7354,Cleveland Browns,Cleveland Browns,Cleveland Browns,Cleveland Browns,Cleveland Browns,Same,Same,Same,False,False,0.0315118083824928,3.690321485334392e-05,0.0315118083824928,3.690321485334392e-05,0.0315118083824928,3.690321485334392e-05,,,0.9172442104272598,0.485228471116315,1.5552758335214412,1.5846449153689477,1.0427303507430106,0.4635837100069488,1.221897863643656,0.5560404473583225,1.1448507306730482,0.652025326174608
2020_10_WAS_DET,2020,10,2020-11-15,13:00,Washington Commanders,Detroit Lions,Home,Alex Smith,Matthew Stafford,00-0023436,00-0026498,7,7,0,0,7,0,Ford Field,42.3395,-83.045,America/Detroit,False,False,10,10,Sunday,False,False,0,False,False,0,7,0,NFC East,FedExField,38.9077,-76.8645,America/New_York,NFC North,Ford Field,42.3395,-83.045,America/Detroit,New York Giants,Minnesota Vikings,FedExField,U.S. Bank Stadium,Cincinnati Bengals,Carolina Panthers,FedExField,Bank of America Stadium,401,0,-401,401,0.0,0.0,America/New_York,America/Chicago,0.0,-1.0,0.0,0.0,0.0,0,1.45,4.305,1.45,4.305,Detroit Lions,2.8549999999999995,Detroit Lions,2.8549999999999995,1.45,4.305,Detroit Lions,2.8549999999999995,0.0,0,No,No,No,No,No,0,No,0.0,0.0,-6.18,-3.395,1.0470000000000002,3.0165,1.0470000000000002,3.0165,-0.4029999999999999,-1.2885,-6.583,-4.6835,Detroit Lions,1.9695,Detroit Lions,1.9695,1.0470000000000002,3.0165,Detroit Lions,1.9695,Tie,0.0,Detroit Lions,2.785,-3.09,-1.6975,Detroit Lions,1.3924999999999998,Washington Commanders,0.8855,Detroit Lions,1.8995,-3.493,-2.986,Detroit Lions,0.5069999999999997,Different,Same,Different,Same,Different,Same,False,Away Team,Home Team,46.0,-136.0,123.0,Detroit Lions,Washington Commanders,-2.5,2.5,101,-122,-131,108,0.8855,-0.8855,-1.8995,1.8995,0.4484,0.5763,0.5495,0.4975,0.4808,0.5671,0.4376,0.5624,0.5248,0.4752,0.4588,0.5412,0.4376,0.5624,-0.0624,0.0624,,,31,0.0,70.0,0.0,Dome,True,M.Mariota,J.Goff,4.09,5.0,12.9,166.39,Med-Low,-5.0,13.0,53.97,53.0,14.317731584561344,36.0,73.0,0.3714,0.6282,0.097,0.0912,0.3318,0.6682,0.6888,0.283,10,2020-11-15,Washington Commanders @ Detroit Lions,0.4876,0.5124,105,-105,,,,,,,,No Bet,,No Bet,,No Bet,,No Bet,,No Bet,,No Bet,,No Bet,,No Bet,,No Bet,,,,,,,,,,,,,,,,,,,,,,,,,,,,,10,-0.0440714285714285,-0.1448285714285714,Detroit Lions,Washington Commanders,1,1,0,0,0,0,1,1,1,1,1,1,0,2.5,1.5,,,220.3466372003192,0.9913941165324268,0.9937410495068834,0.0118392336776319,0.0002239636777692,1.46715274840813,0.0215954038868461,1.1415825794868382,0.0277542393646304,0.0066583850203002,0.0051808486573317,9.80065053918365e-05,0.0001259571723774,0.0053068058297091,0.0493496432514765,2.6087353278949683,,,200.0,98.0,0.4376,0.5624,0.4756,0.5241,0.5232,0.4756,Detroit Lions,Washington Commanders,Detroit Lions,Washington Commanders,Washington Commanders,Same,Same,Different,False,False,0.0118392336776319,0.0002239636777692,0.0118392336776319,0.0002239636777692,0.0118392336776319,0.0002239636777692,,,0.7816763130234394,0.6207963685201371,1.4047003729190128,1.7352203759713754,0.8068036153506529,0.6995104453993112,0.6449367027742319,1.1330016082277474,0.8590432115359488,0.937832845311705
2020_10_JAX_GB,2020,10,2020-11-15,13:00,Jacksonville Jaguars,Green Bay Packers,Home,Jake Luton,Aaron Rodgers,00-0036312,00-0023459,7,10,-3,3,-12,0,Lambeau Field,44.5013,-88.0622,America/Chicago,False,False,10,10,Sunday,False,False,0,False,False,0,-12,0,AFC South,TIAA Bank Field,30.3239,-81.6554,America/New_York,NFC North,Lambeau Field,44.5013,-88.0622,America/Chicago,Houston Texans,San Francisco 49ers,TIAA Bank Field,Levi's Stadium,Pittsburgh Steelers,Indianapolis Colts,TIAA Bank Field,Lucas Oil Stadium,1039,0,-1039,1039,1.0,0.0,America/New_York,America/Los_Angeles,1.0,-2.0,1.0,0.0,1.0,0,-1.825,3.535,-1.825,3.535,Green Bay Packers,5.36,Green Bay Packers,5.36,-1.825,3.535,Green Bay Packers,5.36,0.0,0,No,No,No,No,No,0,No,0.0,0.0,-10.251,4.584,-2.6715,4.2805,-2.6715,4.2805,-0.8465,0.7454999999999999,-11.0975,5.3295,Green Bay Packers,6.952,Green Bay Packers,6.952,-2.6715,4.2805,Green Bay Packers,6.952,Tie,0.0,Green Bay Packers,14.835,-5.1255,2.292,Green Bay Packers,7.417499999999999,Green Bay Packers,1.592,Green Bay Packers,16.427,-5.972,3.0375,Green Bay Packers,9.0095,Different,Same,Same,Same,Different,Same,False,Home Team,Home Team,47.0,-893.0,653.0,Green Bay Packers,Jacksonville Jaguars,-13.5,13.5,-128,105,-1267,728,-1.592,1.592,-16.427,16.427,0.1328,0.8993,0.4878,0.5614,0.1208,0.9268,0.1287,0.8713,0.4649,0.5351,0.1153,0.8847,0.1287,0.8713,-0.3713,0.3713,38.0,23.0,32,23.0,38.0,0.0,nfl_read_py Fallback,False,T.Lawrence,J.Love,-13.63,-14.0,13.97,195.26,High,-23.0,-5.0,43.54,43.0,12.79724601393238,27.0,61.0,0.8358,0.164,0.0572,0.0542,0.517,0.483,0.3502,0.6108,10,2020-11-15,Jacksonville Jaguars @ Green Bay Packers,0.7817,0.2182,-358,358,,,,,,,,No Bet,,No Bet,,No Bet,,No Bet,,No Bet,,No Bet,,No Bet,,No Bet,,No Bet,,,,,,,,,,,,,,,,,,,,,,,,,,,,,10,-0.3074571428571429,0.1869714285714285,Green Bay Packers,Jacksonville Jaguars,0,0,1,1,0,1,1,0,1,1,1,1,0,0.0,5.0,,,220.3466372003192,0.8006348590975269,0.997068848883135,0.3548848546365138,0.0005553255525682,68.13364234146377,0.0157482619942981,10.064041971016172,0.1066158560655166,0.3092111738447945,0.0456736807917193,7.147039861552902e-05,0.0004838551539526,0.046157535945672,0.1223641180598148,78.19768431247994,,,200.0,98.0,0.1287,0.8713,0.2442,0.7555,0.159,0.8402,Green Bay Packers,Green Bay Packers,Green Bay Packers,Green Bay Packers,Green Bay Packers,Same,Same,Same,False,False,0.3548848546365138,0.0005553255525682,0.3548848546365138,0.0005553255525682,0.3548848546365138,0.0005553255525682,,,1.0907968307532159,0.31167585079035687,0.8481156026654284,2.291805146224954,1.1859253703919914,0.32038869035796974,1.2037270439935892,0.5742112670083934,1.0927474830336237,0.7041285738140306
2020_10_PHI_NYG,2020,10,2020-11-15,13:00,Philadelphia Eagles,New York Giants,Home,Carson Wentz,Daniel Jones,00-0032950,00-0035710,14,7,7,-7,0,-13,MetLife Stadium,40.8136,-74.0744,America/New_York,False,False,10,10,Sunday,False,False,0,False,False,0,0,-13,NFC East,Lincoln Financial Field,39.9008,-75.1675,America/New_York,NFC East,MetLife Stadium,40.8136,-74.0744,America/New_York,Dallas Cowboys,Washington Commanders,Lincoln Financial Field,FedExField,Cleveland Browns,Cincinnati Bengals,FirstEnergy Stadium,Paycor Stadium,85,0,-85,85,0.0,0.0,America/New_York,America/New_York,0.0,0.0,0.0,0.0,0.0,0,4.905,-2.84,4.905,-2.84,Philadelphia Eagles,7.745,Philadelphia Eagles,7.745,4.905,-2.84,Philadelphia Eagles,7.745,0.0,0,No,No,No,No,No,1,No,0.0,0.0,-4.678,-4.519,5.883895000000001,-4.171395,5.883895000000001,-4.171395,1.056345,-1.408845,-3.620065,-5.929435000000002,Philadelphia Eagles,10.05529,Philadelphia Eagles,10.05529,5.883895000000001,-4.171395,Philadelphia Eagles,10.05529,Tie,0.0,New York Giants,0.1589999999999998,-2.339,-2.2595,New York Giants,0.0794999999999999,Philadelphia Eagles,2.46519,Philadelphia Eagles,2.3093700000000017,-1.28186,-3.669140000000001,Philadelphia Eagles,2.387280000000001,Different,Different,Same,Same,Different,Different,False,Away Team,Away Team,45.0,194.0,-219.0,Philadelphia Eagles,New York Giants,4.5,-4.5,117,-142,117,-142,2.46519,-2.46519,2.3093700000000017,-2.3093700000000017,0.6865,0.3401,0.5868,0.4608,0.5868,0.4608,0.6687,0.3313,0.5601,0.4399,0.5601,0.4399,0.6687,0.3313,0.1687,-0.1687,56.0,18.0,33,18.0,56.0,0.0,nfl_read_py Fallback,False,J.Hurts,J.Dart,-6.84,-8.0,13.38,178.89,Medium,-17.0,3.0,35.74,35.0,12.022127826283262,21.0,52.0,0.696,0.3022,0.0774,0.0812,0.7782,0.2218,0.2024,0.7832,10,2020-11-15,Philadelphia Eagles @ New York Giants,0.4768,0.5228,110,-110,,,,,,,,No Bet,,No Bet,,No Bet,,No Bet,,No Bet,,No Bet,,No Bet,,No Bet,,No Bet,,,,,,,,,,,,,,,,,,,,,,,,,,,,,10,-0.1577571428571428,-0.1077333333333333,Philadelphia Eagles,New York Giants,0,0,1,0,1,0,0,1,1,0,1,1,1,1.5,2.0,,,220.3466372003192,0.9999711079183352,0.7913287897187786,3.057847146634432e-05,0.0331039835995887,0.0022322541306163,4.877732824046271,0.0045056092277185,2.4166186400576195,1.0130647596799871e-05,2.0447823869544444e-05,0.0221366338330449,0.0109673497665437,0.0109877975904132,7.29435146410389,0.0067378633583348,,,200.0,98.0,0.6687,0.3313,0.512,0.4876,0.1942,0.804,Philadelphia Eagles,New York Giants,Philadelphia Eagles,New York Giants,Philadelphia Eagles,Same,Same,Same,False,False,3.057847146634432e-05,0.0331039835995887,3.057847146634432e-05,0.0331039835995887,3.057847146634432e-05,0.0331039835995887,,,0.4829774409113648,0.9194952406322094,1.592208398634334,1.5477123502560541,0.6859445802249885,0.820369480524976,1.2714035075735626,0.5065348034284161,0.901509251467351,0.8953668053803023
2020_10_BUF_ARI,2020,10,2020-11-15,16:05,Buffalo Bills,Arizona Cardinals,Home,Josh Allen,Kyler Murray,00-0034857,00-0035228,7,7,0,0,-10,-4,State Farm Stadium,33.5277,-112.262608,America/Denver,False,False,10,10,Sunday,False,False,0,False,False,0,-10,-4,AFC East,Highmark Stadium,42.7725,-78.7877,America/New_York,NFC West,State Farm Stadium,33.5277,-112.262608,America/Denver,Seattle Seahawks,Miami Dolphins,Highmark Stadium,State Farm Stadium,Los Angeles Chargers,Seattle Seahawks,Highmark Stadium,Lumen Field,1912,0,-1912,1912,2.0,0.0,America/New_York,America/Denver,2.0,0.0,2.0,0.0,2.0,0,4.795,0.075,4.795,0.075,Buffalo Bills,4.72,Buffalo Bills,4.72,4.795,0.075,Buffalo Bills,4.72,-0.15,0,No,No,No,No,No,0,No,0.0,0.0,2.269,-0.61,4.35,-1.0685,4.35,-1.0685,-0.445,-1.1435,1.824,-1.7535,Buffalo Bills,5.4185,Buffalo Bills,5.4185,4.35,-1.0685,Buffalo Bills,5.4185,Tie,0.0,Buffalo Bills,2.879,1.1345,-0.305,Buffalo Bills,1.4395,Buffalo Bills,0.6984999999999999,Buffalo Bills,3.5775,0.6895,-1.4485,Buffalo Bills,2.138,Different,Same,Same,Same,Different,Same,False,Away Team,Away Team,55.5,-153.0,138.0,Arizona Cardinals,Buffalo Bills,-3.0,3.0,-104,-116,156,-191,0.6984999999999999,-0.6984999999999999,3.5775,-3.5775,0.4202,0.6047,0.537,0.5098,0.6564,0.3906,0.41,0.59,0.513,0.487,0.6269,0.3731,0.41,0.59,-0.09,0.09,,,34,0.0,70.0,0.0,Dome,True,J.Allen,J.Brissett,12.3,13.0,14.4,207.4,High,3.0,22.0,54.99,54.0,13.868762747845649,38.0,73.0,0.1982,0.8014,0.0588,0.0536,0.1548,0.824,0.4676,0.5324,10,2020-11-15,Buffalo Bills @ Arizona Cardinals,0.4121,0.5878,143,-143,,,,,,,,No Bet,,No Bet,,No Bet,,No Bet,,No Bet,,No Bet,,No Bet,,No Bet,,No Bet,,,,,,,,,,,,,,,,,,,,,,,,,,,,,10,0.0836333333333333,0.0324285714285714,Arizona Cardinals,Buffalo Bills,0,0,0,1,1,1,0,0,0,1,1,1,0,4.0,3.5,,,220.3466372003192,0.5879833258460757,0.0883019745506524,0.0068653170751977,0.0003181952374038,0.8925222231919195,0.0287464327193889,0.6202273076418425,0.0413668178157059,0.0040505370743666,0.002814780000831,0.0001304600473355,0.0001877351900682,0.0030025151908993,0.0701132505350948,1.5127495308337622,,,200.0,98.0,0.41,0.59,0.6159,0.3839,0.7436,0.2558,Arizona Cardinals,Buffalo Bills,Buffalo Bills,Buffalo Bills,Buffalo Bills,Same,Same,Same,False,False,0.0068653170751977,0.0003181952374038,0.0068653170751977,0.0003181952374038,0.0068653170751977,0.0003181952374038,,,0.8235180571724118,0.5789546243711651,1.4756560053304417,1.6642647435599478,0.5575690097426845,0.9487450510072782,0.3464212045020354,1.431517106499947,0.7309969471178864,1.0658791097297668
2020_10_DEN_LV,2020,10,2020-11-15,16:05,Denver Broncos,Las Vegas Raiders,Home,Drew Lock,Derek Carr,00-0035704,00-0031280,7,7,0,0,2,7,Allegiant Stadium,36.108,-115.1578,America/Los_Angeles,False,True,10,10,Sunday,False,False,0,False,False,0,2,7,AFC West,Empower Field at Mile High,39.7648,-105.0076,America/Denver,AFC West,Allegiant Stadium,36.108,-115.1578,America/Los_Angeles,Atlanta Falcons,Los Angeles Chargers,Mercedes-Benz Stadium,SoFi Stadium,Miami Dolphins,Kansas City Chiefs,Empower Field at Mile High,Allegiant Stadium,607,0,-607,607,1.0,0.0,America/New_York,America/Los_Angeles,3.0,0.0,1.0,0.0,1.0,0,2.05,-2.35,2.05,-2.35,Denver Broncos,4.4,Denver Broncos,4.4,2.05,-2.35,Denver Broncos,4.4,0.0,0,No,No,No,No,No,1,No,0.0,0.0,-1.501,-0.946,2.756555,-2.628055,2.756555,-2.628055,0.7505550000000001,-0.322055,-0.7448949999999999,-1.273605,Denver Broncos,5.38461,Denver Broncos,5.38461,2.756555,-2.628055,Denver Broncos,5.38461,Tie,0.0,Las Vegas Raiders,0.5549999999999999,-0.7505,-0.473,Las Vegas Raiders,0.2774999999999999,Denver Broncos,1.07261,Denver Broncos,0.52871,0.0028300000000001,-0.7978299999999999,Denver Broncos,0.80066,Different,Different,Same,Same,Different,Different,False,Away Team,Away Team,50.5,-188.0,168.0,Las Vegas Raiders,Denver Broncos,-3.5,3.5,101,-122,-104,-116,1.07261,-1.07261,0.52871,-0.52871,0.3731,0.6528,0.5495,0.4975,0.537,0.5098,0.3637,0.6363,0.5248,0.4752,0.513,0.487,0.3637,0.6363,-0.1363,0.1363,,,35,0.0,70.0,0.0,Dome,True,B.Nix,G.Smith,4.75,6.0,13.59,184.61,Med-High,-6.0,14.0,48.97,49.0,13.352632040031631,32.0,67.0,0.365,0.6346,0.0842,0.0884,0.2934,0.7066,0.4352,0.5648,10,2020-11-15,Denver Broncos @ Las Vegas Raiders,0.4909,0.509,104,-104,,,,,,,,No Bet,,No Bet,,No Bet,,No Bet,,No Bet,,No Bet,,No Bet,,No Bet,,No Bet,,,,,,,,,,,,,,,,,,,,,,,,,,,,,10,-0.1919714285714286,0.0471428571428571,Las Vegas Raiders,Denver Broncos,0,0,1,1,0,0,1,1,1,1,1,1,1,1.0,3.5,,,220.3466372003192,0.9880953783627556,0.9998723291451314,0.007230971356812,0.0004407167720187,1.013829657363828,0.0353190738190474,0.5794905648015467,0.0617913848530653,0.0046010670743395,0.0026299042824725,0.0001602886899832,0.0002804280820355,0.002910332364508,0.0971104586721127,1.5933202221653746,,,200.0,98.0,0.3637,0.6363,0.4843,0.5156,0.59,0.4098,Las Vegas Raiders,Denver Broncos,Las Vegas Raiders,Denver Broncos,Denver Broncos,Same,Same,Different,False,False,0.007230971356812,0.0004407167720187,0.007230971356812,0.0004407167720187,0.007230971356812,0.0004407167720187,,,0.8884687429657171,0.5140039385778565,1.4372332401496946,1.7026875087406932,0.7286166304146813,0.7776974303352827,0.6396364572081734,1.1383018537938037,0.871760242435531,0.9251158144121219
2020_10_LAC_MIA,2020,10,2020-11-15,16:05,Los Angeles Chargers,Miami Dolphins,Home,Justin Herbert,Tua Tagovailoa,00-0036355,00-0036212,7,7,0,0,3,4,Hard Rock Stadium,25.9602,-80.2384,America/New_York,False,False,10,10,Sunday,False,False,0,False,False,0,3,4,AFC West,SoFi Stadium,33.9535,-118.3395,America/Los_Angeles,AFC East,Hard Rock Stadium,25.9602,-80.2384,America/New_York,Las Vegas Raiders,Arizona Cardinals,SoFi Stadium,State Farm Stadium,New York Jets,Denver Broncos,SoFi Stadium,Empower Field at Mile High,2331,0,-2331,2331,-3.0,0.0,America/Los_Angeles,America/Denver,-3.0,-2.0,-3.0,0.0,-3.0,0,0.935,0.66,0.935,0.66,Los Angeles Chargers,0.275,Los Angeles Chargers,0.275,0.935,0.66,Los Angeles Chargers,0.275,-0.4499999999999999,0,No,No,No,No,No,0,No,0.0,0.0,-0.754,-1.128,0.0145000000000001,0.7710000000000001,0.0145000000000001,0.7710000000000001,-0.9205,0.111,-1.6745,-1.017,Miami Dolphins,0.7565,Miami Dolphins,0.7565,0.0145000000000001,0.7710000000000001,Miami Dolphins,0.7565,Tie,0.0,Los Angeles Chargers,0.3739999999999999,-0.377,-0.564,Los Angeles Chargers,0.1869999999999999,Miami Dolphins,1.0315,Miami Dolphins,0.6575,-1.2975,-0.4529999999999999,Miami Dolphins,0.8444999999999999,Different,Different,Same,Same,Different,Different,False,Home Team,Home Team,48.5,-115.0,104.0,Miami Dolphins,Los Angeles Chargers,-1.0,1.0,-122,101,-116,-104,-1.0315,1.0315,-0.6575,0.6575,0.4902,0.5349,0.4975,0.5495,0.5098,0.537,0.4782,0.5218,0.4752,0.5248,0.487,0.513,0.4782,0.5218,-0.0218,0.0218,83.0,7.0,36,7.0,83.0,0.0,nfl_read_py Fallback,False,J.Herbert,T.Tagovailoa,8.67,9.0,13.6,184.85,Med-High,-1.0,18.0,50.91,50.0,13.195733433052036,34.0,68.0,0.2578,0.7422,0.0736,0.0698,0.2408,0.7422,0.5676,0.4324,10,2020-11-15,Los Angeles Chargers @ Miami Dolphins,0.4544,0.5456,120,-120,,,,,,,,No Bet,,No Bet,,No Bet,,No Bet,,No Bet,,No Bet,,No Bet,,No Bet,,No Bet,,,,,,,,,,,,,,,,,,,,,,,,,,,,,10,0.0486428571428571,0.0798142857142857,Miami Dolphins,Los Angeles Chargers,1,1,0,0,1,1,0,0,1,1,1,1,0,3.5,3.5,,,220.3466372003192,0.2913520854234634,0.6641182206547901,0.0010235435316893,0.0012634423041121,0.1176838369980894,0.1331286147702999,0.1078505382378044,0.1452666482374373,0.0005340850148355,0.0004894585168538,0.0006041781098264,0.0006592641942857,0.0011487227111395,0.2783952630077372,0.2255343752358938,,,200.0,98.0,0.4782,0.5218,0.6132,0.3866,0.6996,0.2994,Miami Dolphins,Los Angeles Chargers,Los Angeles Chargers,Los Angeles Chargers,Los Angeles Chargers,Same,Same,Same,False,False,0.0010235435316893,0.0012634423041121,0.0010235435316893,0.0012634423041121,0.0010235435316893,0.0012634423041121,,,0.7319589661492771,0.6705137153942997,1.6499423275522906,1.4899784213380989,0.772916149325447,0.7333979114245168,0.45864452331258476,1.3192937876893973,0.8168753471138596,0.9800007097337937
2020_10_SEA_LA,2020,10,2020-11-15,16:25,Seattle Seahawks,Los Angeles Rams,Home,Russell Wilson,Jared Goff,00-0029263,00-0033106,7,14,-7,7,-2,-1,SoFi Stadium,33.9535,-118.3395,America/Los_Angeles,False,True,10,10,Sunday,False,False,0,False,False,0,-2,-1,NFC West,Lumen Field,47.5952,-122.3316,America/Los_Angeles,NFC West,SoFi Stadium,33.9535,-118.3395,America/Los_Angeles,Buffalo Bills,Miami Dolphins,Highmark Stadium,Hard Rock Stadium,Arizona Cardinals,Tampa Bay Buccaneers,Lumen Field,Raymond James Stadium,964,0,-964,964,0.0,0.0,America/New_York,America/New_York,3.0,3.0,0.0,0.0,0.0,0,-0.13,1.29,-0.13,1.29,Los Angeles Rams,1.42,Los Angeles Rams,1.42,-0.13,1.29,Los Angeles Rams,1.42,0.0,0,No,No,No,No,No,1,No,0.0,0.0,1.039,4.374,1.072985,1.953515,1.072985,1.953515,1.188785,0.6777150000000001,2.2611349999999995,5.018365,Los Angeles Rams,0.8805299999999998,Los Angeles Rams,0.8805299999999998,1.072985,1.953515,Los Angeles Rams,0.8805299999999998,Tie,0.0,Los Angeles Rams,3.335,0.5195,2.187,Los Angeles Rams,1.6675,Seattle Seahawks,0.5110699999999999,Los Angeles Rams,2.7572300000000007,1.7249599999999998,2.84804,Los Angeles Rams,1.1230800000000003,Different,Same,Different,Same,Different,Same,False,Away Team,Home Team,55.0,-146.0,132.0,Los Angeles Rams,Seattle Seahawks,-3.0,3.0,-104,-116,-164,135,0.5110699999999999,-0.5110699999999999,-2.7572300000000007,2.7572300000000007,0.431,0.5935,0.537,0.5098,0.4255,0.6212,0.4207,0.5793,0.513,0.487,0.4065,0.5935,0.4207,0.5793,-0.0793,0.0793,,,37,0.0,70.0,0.0,Dome,True,S.Darnold,M.Stafford,-5.04,-6.0,13.98,195.49,High,-15.0,6.0,45.86,45.0,13.231626015928848,29.0,63.0,0.6474,0.3518,0.085,0.0702,0.5684,0.383,0.2288,0.754,10,2020-11-15,Seattle Seahawks @ Los Angeles Rams,0.5768,0.423,-136,136,,,,,,,,No Bet,,No Bet,,No Bet,,No Bet,,No Bet,,No Bet,,No Bet,,No Bet,,No Bet,,,,,,,,,,,,,,,,,,,,,,,,,,,,,10,0.2125428571428571,0.0968714285714285,Los Angeles Rams,Seattle Seahawks,1,0,0,1,1,0,0,1,1,1,1,1,1,5.0,4.0,,,220.3466372003192,0.1896032559254322,0.9088782942963762,0.0050265918551934,0.0004716260003205,0.6416284000565233,0.0437196501807172,0.4659642118138776,0.0602015530061552,0.0029119046617135,0.0021146871934799,0.0001984130583348,0.0002732129419857,0.0023879001354656,0.1039212031868725,1.107592611870401,,,200.0,98.0,0.4207,0.5793,0.4322,0.5676,0.3766,0.6224,Los Angeles Rams,Los Angeles Rams,Los Angeles Rams,Los Angeles Rams,Los Angeles Rams,Same,Same,Same,False,False,0.0050265918551934,0.0004716260003205,0.0050265918551934,0.0004716260003205,0.0050265918551934,0.0004716260003205,,,0.8096905924887066,0.5927820890548702,1.490810323966065,1.649110424924322,0.8907466513497204,0.6155674094002433,1.1443475858904402,0.6335907251115399,1.0294535392459379,0.7674225176017154
2020_10_SF_NO,2020,10,2020-11-15,16:25,San Francisco 49ers,New Orleans Saints,Home,Nick Mullens,Drew Brees,00-0033319,00-0020531,10,7,3,-3,3,4,Caesars Superdome,29.9507,-90.0813,America/Chicago,False,False,10,10,Sunday,False,False,0,False,False,0,3,4,NFC West,Levi's Stadium,37.4031,-121.9702,America/Los_Angeles,NFC South,Caesars Superdome,29.9507,-90.0813,America/Chicago,Green Bay Packers,Tampa Bay Buccaneers,Levi's Stadium,Raymond James Stadium,Los Angeles Rams,Atlanta Falcons,SoFi Stadium,Caesars Superdome,1893,0,-1893,1893,-2.0,0.0,America/Los_Angeles,America/New_York,-2.0,1.0,-2.0,0.0,-2.0,0,3.325,-6.145,3.325,-6.145,San Francisco 49ers,9.47,San Francisco 49ers,9.47,3.325,-6.145,San Francisco 49ers,9.47,-0.3,0,No,No,No,No,No,0,No,0.0,0.0,4.201,5.562,5.2010000000000005,-7.921499999999999,5.2010000000000005,-7.921499999999999,1.876,-1.7765,6.077,3.7855000000000008,San Francisco 49ers,13.1225,San Francisco 49ers,13.1225,5.2010000000000005,-7.921499999999999,San Francisco 49ers,13.1225,Tie,0.0,New Orleans Saints,1.3610000000000009,2.1005,2.781,New Orleans Saints,0.6805000000000003,San Francisco 49ers,3.6525,San Francisco 49ers,2.291499999999999,3.9765,1.0045000000000004,San Francisco 49ers,2.9719999999999995,Different,Different,Same,Same,Different,Different,False,Away Team,Away Team,49.5,-387.0,323.0,New Orleans Saints,San Francisco 49ers,-9.5,9.5,156,-191,117,-142,3.6525,-3.6525,2.291499999999999,-2.291499999999999,0.2364,0.7947,0.6564,0.3906,0.5868,0.4608,0.2293,0.7707,0.6269,0.3731,0.5601,0.4399,0.2293,0.7707,-0.2707,0.2707,,,38,0.0,70.0,0.0,Dome,True,M.Jones,S.Rattler,0.63,1.0,14.1,198.83,High,-10.0,11.0,41.79,41.0,13.278297054763268,26.0,59.0,0.4874,0.512,0.0884,0.089,0.2628,0.7372,0.2738,0.7262,10,2020-11-15,San Francisco 49ers @ New Orleans Saints,0.5178,0.4821,-107,107,,,,,,,,No Bet,,No Bet,,No Bet,,No Bet,,No Bet,,No Bet,,No Bet,,No Bet,,No Bet,,,,,,,,,,,,,,,,,,,,,,,,,,,,,10,-0.0573,0.1657857142857142,New Orleans Saints,San Francisco 49ers,0,1,0,0,0,1,1,0,0,1,1,1,0,2.5,4.5,,,220.3466372003192,0.6891396750394645,0.922576201825296,0.2076884893180677,0.000369572200856,35.2698987811115,0.0186728142879489,10.493561425339127,0.0627611773734071,0.1600655187174347,0.0476229706006329,8.4742905656297e-05,0.0002848292951997,0.0479077998958326,0.081433991661356,45.76346020645063,,,200.0,98.0,0.2293,0.7707,0.4389,0.561,0.5426,0.4568,New Orleans Saints,San Francisco 49ers,New Orleans Saints,San Francisco 49ers,New Orleans Saints,Same,Same,Same,False,False,0.2076884893180677,0.000369572200856,0.2076884893180677,0.000369572200856,0.2076884893180677,0.000369572200856,,,0.9822441777702873,0.42022850377328724,0.6761495092884119,2.4637712396019698,0.5416478020908393,0.9646662586591245,0.673906864501229,1.1040314465007508,0.7271290539117361,1.0697470029359173
2020_10_CIN_PIT,2020,10,2020-11-15,16:25,Cincinnati Bengals,Pittsburgh Steelers,Home,Joe Burrow,Ben Roethlisberger,00-0036442,00-0022924,14,7,7,-7,7,-7,Acrisure Stadium,40.4468,-80.0158,America/New_York,False,False,10,10,Sunday,False,False,0,False,False,0,7,-7,AFC North,Paycor Stadium,39.0955,-84.5165,America/New_York,AFC North,Acrisure Stadium,40.4468,-80.0158,America/New_York,Tennessee Titans,Dallas Cowboys,Paycor Stadium,AT&T Stadium,Washington Commanders,Jacksonville Jaguars,FedExField,TIAA Bank Field,256,0,-256,256,0.0,0.0,America/New_York,America/Chicago,0.0,-1.0,0.0,0.0,0.0,0,1.31,-0.565,1.31,-0.565,Cincinnati Bengals,1.875,Cincinnati Bengals,1.875,1.31,-0.565,Cincinnati Bengals,1.875,0.0,0,No,No,No,No,No,1,No,0.0,0.0,-3.384,6.414,1.002585,-0.165085,1.002585,-0.165085,-0.2886650000000001,0.3811649999999999,-3.574685,6.697184999999999,Cincinnati Bengals,1.1676700000000002,Cincinnati Bengals,1.1676700000000002,1.002585,-0.165085,Cincinnati Bengals,1.1676700000000002,Tie,0.0,Pittsburgh Steelers,9.798,-1.692,3.207,Pittsburgh Steelers,4.899,Pittsburgh Steelers,0.66983,Pittsburgh Steelers,10.27187,-1.931675,3.539175,Pittsburgh Steelers,5.47085,Different,Different,Different,Different,Different,Same,False,Home Team,Home Team,45.5,-297.0,255.0,Pittsburgh Steelers,Cincinnati Bengals,-6.5,6.5,-116,-104,-538,389,-0.66983,0.66983,-10.27187,10.27187,0.2817,0.7481,0.5098,0.537,0.2045,0.8433,0.2735,0.7265,0.487,0.513,0.1952,0.8048,0.2735,0.7265,-0.2265,0.2265,52.0,21.0,39,21.0,52.0,0.0,nfl_read_py Fallback,False,J.Flacco,A.Rodgers,-9.6,-10.0,13.33,177.56,Medium,-19.0,-2.0,37.8,37.0,12.151102307916736,23.0,54.0,0.7704,0.2292,0.0742,0.0648,0.7882,0.2118,0.2064,0.7936,10,2020-11-15,Cincinnati Bengals @ Pittsburgh Steelers,0.7037,0.2962,-237,238,,,,,,,,No Bet,,No Bet,,No Bet,,No Bet,,No Bet,,No Bet,,No Bet,,No Bet,,No Bet,,,,,,,,,,,,,,,,,,,,,,,,,,,,,10,-0.2325142857142857,0.1747999999999999,Pittsburgh Steelers,Cincinnati Bengals,0,1,1,0,0,0,1,1,1,1,1,1,1,0.5,4.5,,,220.3466372003192,0.5043909965544542,0.9999691479809591,0.1051731950757012,0.0004588316149298,16.836317737232168,0.0276513979274342,6.338242121311765,0.07345060546355,0.0764083262224969,0.0287648688532042,0.0001254904466833,0.0003333411682465,0.0290982100214508,0.1011020033909843,23.174559858543933,,,200.0,98.0,0.2735,0.7265,0.3121,0.6877,0.2644,0.7348,Pittsburgh Steelers,Pittsburgh Steelers,Pittsburgh Steelers,Pittsburgh Steelers,Pittsburgh Steelers,Same,Same,Same,False,False,0.1051731950757012,0.0004588316149298,0.1051731950757012,0.0004588316149298,0.1051731950757012,0.0004588316149298,,,0.965506849432632,0.43696583211094264,1.177315166841019,1.9626055820493675,1.159562330125876,0.3467517306240853,1.262281140105731,0.5156571708962465,1.1461634973578096,0.6507125594898464
2020_10_BAL_NE,2020,10,2020-11-15,20:20,Baltimore Ravens,New England Patriots,Home,Lamar Jackson,Cam Newton,00-0034796,00-0027939,7,6,1,-1,4,-3,Gillette Stadium,42.0628,-71.2687,America/New_York,False,True,10,10,Sunday,False,False,0,False,False,0,4,-3,AFC North,M&T Bank Stadium,39.2789,-76.6228,America/New_York,AFC East,Gillette Stadium,42.0628,-71.2687,America/New_York,Indianapolis Colts,New York Jets,Lucas Oil Stadium,MetLife Stadium,Tennessee Titans,Houston Texans,M&T Bank Stadium,NRG Stadium,340,0,-340,340,0.0,0.0,America/Indiana/Indianapolis,America/New_York,0.0,0.0,0.0,0.0,0.0,0,6.69,-1.995,6.69,-1.995,Baltimore Ravens,8.685,Baltimore Ravens,8.685,6.69,-1.995,Baltimore Ravens,8.685,0.0,0,No,No,No,No,No,0,Yes,0.0,0.0,10.382,0.079,7.7685,-1.7295000000000005,7.7685,-1.7295000000000005,1.0785,0.2654999999999999,11.460499999999998,0.3444999999999999,Baltimore Ravens,9.498,Baltimore Ravens,9.498,7.7685,-1.7295000000000005,Baltimore Ravens,9.498,Tie,0.0,Baltimore Ravens,10.303,5.191,0.0395,Baltimore Ravens,5.1515,Baltimore Ravens,0.8130000000000001,Baltimore Ravens,11.115999999999998,6.269499999999999,0.3049999999999999,Baltimore Ravens,5.964499999999999,Different,Same,Same,Same,Different,Same,False,Away Team,Away Team,44.0,272.0,-318.0,Baltimore Ravens,New England Patriots,7.0,-7.0,101,-122,406,-567,0.8130000000000001,-0.8130000000000001,11.115999999999998,-11.115999999999998,0.7608,0.2688,0.5495,0.4975,0.8501,0.1976,0.7389,0.2611,0.5248,0.4752,0.8114,0.1886,0.7389,0.2611,0.2389,-0.2389,52.0,13.0,40,13.0,52.0,0.0,nfl_read_py Fallback,False,T.Huntley,D.Maye,0.37,1.0,14.58,212.46,High,-10.0,11.0,44.66,44.0,12.978905032211578,28.90000000000004,62.0,0.4936,0.5056,0.0774,0.0836,0.6202,0.3364,0.4722,0.4936,10,2020-11-15,Baltimore Ravens @ New England Patriots,0.3546,0.6452,182,-182,,,,,,,,No Bet,,No Bet,,No Bet,,No Bet,,No Bet,,No Bet,,No Bet,,No Bet,,No Bet,,,,,,,,,,,,,,,,,,,,,,,,,,,,,10,0.2027857142857143,-0.0385714285714285,Baltimore Ravens,New England Patriots,1,1,0,0,1,0,0,1,1,1,1,1,0,5.0,2.5,,,220.3466372003192,0.4928648701404309,0.4466763402920282,0.0004292232503193,0.1232732771284549,0.0246942896419722,20.070631395940257,0.0698836101740837,7.092220675977807,0.0001120701906583,0.0003171530596609,0.0910866244702153,0.0321866526582395,0.0325038057179005,27.162852071918067,0.094577899816056,,,200.0,98.0,0.7389,0.2611,0.6823,0.3176,0.7224,0.277,Baltimore Ravens,Baltimore Ravens,Baltimore Ravens,Baltimore Ravens,Baltimore Ravens,Same,Same,Same,False,False,0.0004292232503193,0.1232732771284549,0.0004292232503193,0.1232732771284549,0.0004292232503193,0.1232732771284549,,,0.42761622190778215,0.9748564596357899,1.9738869047621463,1.1660338441282487,0.34516868074323376,1.1611453800067284,1.0087236856724022,0.7692146253295788,0.776760694396927,1.0201153624507304
2020_10_MIN_CHI,2020,10,2020-11-16,20:15,Minnesota Vikings,Chicago Bears,Home,Kirk Cousins,Nick Foles,00-0029604,00-0029567,8,8,0,0,7,3,Soldier Field,41.8623,-87.6167,America/Chicago,False,False,10,10,Monday,False,False,0,False,False,0,7,3,NFC North,U.S. Bank Stadium,44.9738,-93.2575,America/Chicago,NFC North,Soldier Field,41.8623,-87.6167,America/Chicago,Detroit Lions,Tennessee Titans,U.S. Bank Stadium,Nissan Stadium,Dallas Cowboys,Green Bay Packers,U.S. Bank Stadium,Lambeau Field,355,0,-355,355,0.0,0.0,America/Chicago,America/Chicago,0.0,0.0,0.0,0.0,0.0,0,0.27,-1.575,0.27,-1.575,Minnesota Vikings,1.845,Minnesota Vikings,1.845,0.27,-1.575,Minnesota Vikings,1.845,0.0,0,No,No,No,No,No,1,No,0.0,0.0,-2.71,-2.085,1.965075,-1.6535749999999998,1.965075,-1.6535749999999998,1.713525,-0.097025,-0.990225,-2.188275,Minnesota Vikings,3.61865,Minnesota Vikings,3.61865,1.965075,-1.6535749999999998,Minnesota Vikings,3.61865,Tie,0.0,Chicago Bears,0.625,-1.355,-1.0425,Chicago Bears,0.3125,Minnesota Vikings,1.81055,Minnesota Vikings,1.1980499999999998,0.3616499999999999,-1.14265,Minnesota Vikings,1.5043,Different,Different,Same,Same,Different,Different,False,Away Team,Away Team,44.0,152.0,-170.0,Minnesota Vikings,Chicago Bears,3.5,-3.5,108,-131,101,-122,1.81055,-1.81055,1.1980499999999998,-1.1980499999999998,0.6296,0.3968,0.5671,0.4808,0.5495,0.4975,0.6134,0.3866,0.5412,0.4588,0.5248,0.4752,0.6134,0.3866,0.1134,-0.1134,44.0,11.0,41,11.0,44.0,0.0,nfl_read_py Fallback,False,C.Wentz,C.Williams,8.89,10.0,13.12,172.06,Medium,1.0,18.0,45.61,45.0,13.265340900777588,29.0,63.0,0.2414,0.757,0.0794,0.0764,0.1798,0.8202,0.4874,0.5126,10,2020-11-16,Minnesota Vikings @ Chicago Bears,0.3905,0.6091,156,-156,,,,,,,,No Bet,,No Bet,,No Bet,,No Bet,,No Bet,,No Bet,,No Bet,,No Bet,,No Bet,,,,,,,,,,,,,,,,,,,,,,,,,,,,,10,0.0459714285714285,-0.0205833333333333,Minnesota Vikings,Chicago Bears,1,0,0,0,0,1,1,0,1,0,1,1,1,3.5,3.0,,,220.3466372003192,0.9799909606211664,0.9953013298286212,0.0001997624927482,0.0071131555337487,0.0170169696932212,0.9614185637299986,0.0270000238226122,0.6059413380143749,7.72281796964794e-05,0.0001225343130517,0.0043632096044014,0.0027499459293472,0.002872480242399,1.5673599017443731,0.0440169935158334,,,200.0,98.0,0.6134,0.3866,0.5369,0.4626,0.6294,0.3688,Minnesota Vikings,Minnesota Vikings,Minnesota Vikings,Minnesota Vikings,Minnesota Vikings,Same,Same,Same,False,False,0.0001997624927482,0.0071131555337487,0.0001997624927482,0.0071131555337487,0.0001997624927482,0.0071131555337487,,,0.546282630136338,0.8561900514072381,1.4980026332507321,1.6419181156396594,0.7208560577215317,0.7854580030284279,0.43768825955676766,1.3402500514452131,0.7120157515607616,1.0848603052868941
2020_11_ARI_SEA,2020,11,2020-11-19,20:20,Arizona Cardinals,Seattle Seahawks,Home,Kyler Murray,Russell Wilson,00-0035228,00-0029263,4,4,0,0,-4,-2,Lumen Field,47.5952,-122.3316,America/Los_Angeles,False,False,11,11,Thursday,False,False,0,False,False,0,-4,-2,NFC West,State Farm Stadium,33.5277,-112.262608,America/Denver,NFC West,Lumen Field,47.5952,-122.3316,America/Los_Angeles,Buffalo Bills,Los Angeles Rams,State Farm Stadium,SoFi Stadium,New England Patriots,Philadelphia Eagles,Gillette Stadium,Lincoln Financial Field,1103,0,-1103,1103,1.0,0.0,America/Denver,America/Los_Angeles,1.0,0.0,1.0,0.0,1.0,0,0.075,-0.13,0.075,-0.13,Arizona Cardinals,0.205,Arizona Cardinals,0.205,0.075,-0.13,Arizona Cardinals,0.205,0.0,0,No,No,No,No,No,1,No,0.0,0.0,-0.61,1.039,0.8640749999999999,-2.019575,0.8640749999999999,-2.019575,0.791125,-1.891625,0.1976149999999999,-0.869115,Arizona Cardinals,2.8836500000000003,Arizona Cardinals,2.8836500000000003,0.8640749999999999,-2.019575,Arizona Cardinals,2.8836500000000003,Tie,0.0,Seattle Seahawks,1.649,-0.305,0.5195,Seattle Seahawks,0.8245,Arizona Cardinals,2.68275,Arizona Cardinals,1.06673,0.4943699999999999,-1.38037,Arizona Cardinals,1.87474,Different,Different,Same,Same,Different,Different,True,Away Team,Away Team,56.5,-164.0,147.0,Seattle Seahawks,Arizona Cardinals,-3.0,3.0,117,-142,101,-122,2.68275,-2.68275,1.06673,-1.06673,0.4049,0.6212,0.5868,0.4608,0.5495,0.4975,0.3946,0.6054,0.5601,0.4399,0.5248,0.4752,0.3946,0.6054,-0.1054,0.1054,48.0,11.0,42,11.0,48.0,0.0,nfl_read_py Fallback,False,J.Brissett,S.Darnold,-4.11,-6.0,14.88,221.37,High,-14.0,7.0,48.73,48.0,13.56869324022212,32.0,67.0,0.6138,0.3852,0.072,0.0736,0.541,0.4154,0.2806,0.7194,11,2020-11-19,Arizona Cardinals @ Seattle Seahawks,0.5336,0.4662,-114,115,,,,,,,,No Bet,,No Bet,,No Bet,,No Bet,,No Bet,,No Bet,,No Bet,,No Bet,,No Bet,,,,,,,,,,,,,,,,,,,,,,,,,,,,,11,0.0554,0.2303999999999999,Seattle Seahawks,Arizona Cardinals,0,1,1,0,1,1,0,0,0,0,1,1,1,3.5,5.0,,,170.69716817036522,0.9086221702455246,0.5827546379143514,0.0033617491860881,0.0001579970617552,0.3474033814558583,0.0106422242928343,0.2264376847084269,0.0163274267280331,0.0020352029572577,0.0013265462288304,6.23456405686402e-05,9.565142118665682e-05,0.001422197650017,0.0269696510208675,0.5738410661642852,,,94.0,106.0,0.3946,0.6054,0.4678,0.532,0.4244,0.575,Seattle Seahawks,Seattle Seahawks,Seattle Seahawks,Seattle Seahawks,Seattle Seahawks,Same,Same,Same,False,False,0.0033617491860881,0.0001579970617552,0.0033617491860881,0.0001579970617552,0.0033617491860881,0.0001579970617552,,,0.8784064094701037,0.5781913770817586,2.2582547920264493,3.1425587528769046,0.7115394161371833,0.7945652207691393,1.0256930571142315,0.6550618439896414,1.0470514556809114,0.9395172731860176
2020_11_TEN_BAL,2020,11,2020-11-22,13:00,Tennessee Titans,Baltimore Ravens,Home,Ryan Tannehill,Lamar Jackson,00-0029701,00-0034796,10,7,3,-3,7,1,M&T Bank Stadium,39.2789,-76.6228,America/New_York,False,False,11,11,Sunday,False,False,0,False,False,0,7,1,AFC South,Nissan Stadium,36.1664,-86.7716,America/Chicago,AFC North,M&T Bank Stadium,39.2789,-76.6228,America/New_York,Indianapolis Colts,New England Patriots,Nissan Stadium,Gillette Stadium,Indianapolis Colts,Pittsburgh Steelers,Lucas Oil Stadium,Acrisure Stadium,594,0,-594,594,-1.0,0.0,America/Chicago,America/New_York,-1.0,0.0,-1.0,0.0,-1.0,0,-4.36,6.69,-4.36,6.69,Baltimore Ravens,11.05,Baltimore Ravens,11.05,-4.36,6.69,Baltimore Ravens,11.05,0.0,0,No,No,No,No,No,0,No,0.0,0.0,-0.583,10.382,-2.892000000000001,5.711500000000001,-2.892000000000001,5.711500000000001,1.468,-0.9785,0.885,9.4035,Baltimore Ravens,8.603500000000002,Baltimore Ravens,8.603500000000002,-2.892000000000001,5.711500000000001,Baltimore Ravens,8.603500000000002,Tie,0.0,Baltimore Ravens,10.965,-0.2915,5.191,Baltimore Ravens,5.4825,Tennessee Titans,2.4465,Baltimore Ravens,8.518500000000001,1.1765,4.2125,Baltimore Ravens,3.0360000000000005,Different,Same,Different,Same,Different,Same,False,Away Team,Home Team,43.5,-721.0,506.0,Baltimore Ravens,Tennessee Titans,-11.5,11.5,117,-142,-397,302,2.4465,-2.4465,-8.518500000000001,8.518500000000001,0.165,0.8782,0.5868,0.4608,0.2488,0.7988,0.1582,0.8418,0.5601,0.4399,0.2375,0.7625,0.1582,0.8418,-0.3418,0.3418,53.0,6.0,43,6.0,53.0,0.0,nfl_read_py Fallback,False,C.Ward,T.Huntley,0.09,-1.0,14.5,210.39,High,-10.0,10.0,46.94,47.0,13.662608250727333,30.0,65.0,0.503,0.4952,0.0842,0.081,0.3038,0.6962,0.464,0.536,11,2020-11-22,Tennessee Titans @ Baltimore Ravens,0.6368,0.3628,-175,176,,,,,,,,No Bet,,No Bet,,No Bet,,No Bet,,No Bet,,No Bet,,No Bet,,No Bet,,No Bet,,,,,,,,,,,,,,,,,,,,,,,,,,,,,11,0.11795,0.1796166666666666,Baltimore Ravens,Tennessee Titans,0,1,1,0,0,1,1,0,0,0,1,1,0,4.0,4.5,,,170.69716817036522,0.3290959983855436,0.5612416938767624,0.2098440287754426,0.000118634572914,30.153092040965063,0.0032036426488058,5.666689428463618,0.0170469429947205,0.1766467034231675,0.033197325352275,1.8767989435000303e-05,9.986658347903448e-05,0.033297191935754,0.0202505856435264,35.81978146942868,,,94.0,106.0,0.1582,0.8418,0.3752,0.6246,0.3428,0.6566,Baltimore Ravens,Baltimore Ravens,Baltimore Ravens,Baltimore Ravens,Baltimore Ravens,Same,Same,Same,False,False,0.2098440287754426,0.000118634572914,0.2098440287754426,0.000118634572914,0.2098440287754426,0.000118634572914,,,1.1097518474474162,0.3468459391044468,0.8954016352290892,4.505411909674248,0.9990787254160736,0.5070259114902492,0.6507230786098267,1.0300318224940468,0.924949144466154,1.0616195844007768
2020_11_DET_CAR,2020,11,2020-11-22,13:00,Detroit Lions,Carolina Panthers,Home,Matthew Stafford,Phillip Walker,00-0026498,00-0033275,7,7,0,0,0,-5,Bank of America Stadium,35.2258,-80.8528,America/New_York,False,False,11,11,Sunday,False,False,0,False,False,0,0,-5,NFC North,Ford Field,42.3395,-83.045,America/Detroit,NFC South,Bank of America Stadium,35.2258,-80.8528,America/New_York,Washington Commanders,Tampa Bay Buccaneers,Ford Field,Bank of America Stadium,Houston Texans,Minnesota Vikings,Ford Field,U.S. Bank Stadium,505,0,-505,505,0.0,0.0,America/Detroit,America/New_York,0.0,0.0,0.0,0.0,0.0,0,4.305,-5.25,4.305,-5.25,Detroit Lions,9.555,Detroit Lions,9.555,4.305,-5.25,Detroit Lions,9.555,0.0,0,No,No,No,No,No,0,No,0.0,0.0,-3.395,-1.884,5.5935,-7.03,5.5935,-7.03,1.2885,-1.78,-2.1065,-3.664,Detroit Lions,12.6235,Detroit Lions,12.6235,5.5935,-7.03,Detroit Lions,12.6235,Tie,0.0,Carolina Panthers,1.511,-1.6975,-0.942,Carolina Panthers,0.7555000000000001,Detroit Lions,3.0685,Detroit Lions,1.5574999999999997,-0.409,-2.722,Detroit Lions,2.313,Different,Different,Same,Same,Different,Different,False,Away Team,Away Team,50.27777777777778,161.0,-193.0,Detroit Lions,Carolina Panthers,3.5,-3.5,135,-164,105,-128,3.0685,-3.0685,1.5574999999999997,-1.5574999999999997,0.6587,0.3831,0.6212,0.4255,0.5614,0.4878,0.6322,0.3678,0.5935,0.4065,0.5351,0.4649,0.6322,0.3678,0.1322,-0.1322,65.0,7.0,44,7.0,65.0,0.0,nfl_read_py Fallback,False,J.Goff,A.Dalton,3.75,4.0,13.27,176.13,Medium,-6.0,13.0,59.05,58.0,14.4363089341815,41.0,78.0,0.3882,0.611,0.0928,0.0812,0.43,0.5224,0.7842,0.2158,11,2020-11-22,Detroit Lions @ Carolina Panthers,0.4068,0.593,146,-146,,,,,,,,No Bet,,No Bet,,No Bet,,No Bet,,No Bet,,No Bet,,No Bet,,No Bet,,No Bet,,,,,,,,,,,,,,,,,,,,,,,,,,,,,11,-0.1909999999999999,-0.07812,Detroit Lions,Carolina Panthers,1,0,0,1,0,1,1,0,0,0,1,1,0,1.0,2.0,,,170.69716817036522,0.9995198889264214,0.9827990545045446,0.0002474809773363,0.0106588538297208,0.0155374542783053,1.1502475433076624,0.0267068477290501,0.6691886213675392,9.102350346432284e-05,0.000156457473872,0.0067385273911495,0.0039203264385713,0.0040767839124433,1.8194361646752013,0.0422443020073554,,,94.0,106.0,0.6305,0.3695,0.5804,0.4194,0.5626,0.4366,Detroit Lions,Detroit Lions,Detroit Lions,Detroit Lions,Detroit Lions,Same,Same,Same,False,False,0.0002474809773363,0.0106588538297208,0.0002474809773363,0.0106588538297208,0.0002474809773363,0.0106588538297208,,,0.5465491877732955,0.9100485987785671,2.564911985019014,2.835901559884339,0.7134070539190802,0.7926975829872438,0.6717712752373984,1.0089836258664833,0.8485031727115094,1.1380655561554218
2020_11_PHI_CLE,2020,11,2020-11-22,13:00,Philadelphia Eagles,Cleveland Browns,Home,Carson Wentz,Baker Mayfield,00-0032950,00-0034855,7,7,0,0,0,10,FirstEnergy Stadium,41.5061,-81.6994,America/New_York,False,True,11,11,Sunday,False,False,0,False,False,0,0,10,NFC East,Lincoln Financial Field,39.9008,-75.1675,America/New_York,AFC North,FirstEnergy Stadium,41.5061,-81.6994,America/New_York,New York Giants,Houston Texans,MetLife Stadium,FirstEnergy Stadium,Seattle Seahawks,Jacksonville Jaguars,Lincoln Financial Field,TIAA Bank Field,359,0,-359,359,0.0,0.0,America/New_York,America/New_York,0.0,0.0,0.0,0.0,0.0,0,4.905,-4.705,4.905,-4.705,Philadelphia Eagles,9.61,Philadelphia Eagles,9.61,4.905,-4.705,Philadelphia Eagles,9.61,0.0,0,No,No,No,No,No,0,No,0.0,0.0,-4.678,-0.295,5.4615,-2.3835,5.4615,-2.3835,0.5565,2.3215,-4.1215,2.0265,Philadelphia Eagles,7.845000000000001,Philadelphia Eagles,7.845000000000001,5.4615,-2.3835,Philadelphia Eagles,7.845000000000001,Tie,0.0,Cleveland Browns,4.383,-2.339,-0.1475,Cleveland Browns,2.1915,Cleveland Browns,1.765,Cleveland Browns,6.148,-1.7825000000000002,2.174,Cleveland Browns,3.9565,Different,Different,Different,Different,Different,Same,False,Home Team,Home Team,45.5,-135.0,122.0,Cleveland Browns,Philadelphia Eagles,-2.5,2.5,-131,108,-261,208,-1.765,1.765,-6.148,6.148,0.4505,0.5745,0.4808,0.5671,0.3247,0.723,0.4395,0.5605,0.4588,0.5412,0.3099,0.6901,0.4395,0.5605,-0.0605,0.0605,38.0,8.0,45,8.0,38.0,0.0,nfl_read_py Fallback,False,J.Hurts,D.Gabriel,-14.01,-14.0,13.64,185.97,Med-High,-23.0,-6.0,46.62,46.0,13.239725560093053,30.0,64.0,0.851,0.1484,0.05,0.054,0.8266,0.1734,0.526,0.474,11,2020-11-22,Philadelphia Eagles @ Cleveland Browns,0.6607,0.3392,-195,195,,,,,,,,No Bet,,No Bet,,No Bet,,No Bet,,No Bet,,No Bet,,No Bet,,No Bet,,No Bet,,,,,,,,,,,,,,,,,,,,,,,,,,,,,11,-0.1739666666666666,0.0579999999999999,Cleveland Browns,Philadelphia Eagles,0,1,1,0,1,1,0,0,0,0,1,1,0,1.0,3.5,,,170.69716817036522,0.6863734237562021,0.7627534309338103,0.0049180371218355,0.0004642366279849,0.4705369529111026,0.0348276842746343,0.3689580567429609,0.0444161934833504,0.0027565598067888,0.0021614773150467,0.0002040319979993,0.0002602046299855,0.0024216819450322,0.0792438777579847,0.8394950096540635,,,94.0,106.0,0.4395,0.5605,0.3717,0.6282,0.1298,0.8698,Cleveland Browns,Cleveland Browns,Cleveland Browns,Cleveland Browns,Cleveland Browns,Same,Same,Same,False,False,0.0049180371218355,0.0004642366279849,0.0049180371218355,0.0004642366279849,0.0049180371218355,0.0004642366279849,,,0.8115653176218173,0.6450324689300458,2.754540356420788,2.6462731884825623,1.0341962890228245,0.47190834788349795,1.4256009345171377,0.2551539665867425,1.2956723196175428,0.6908964092493866
2020_11_NE_HOU,2020,11,2020-11-22,13:00,New England Patriots,Houston Texans,Home,Cam Newton,Deshaun Watson,00-0027939,00-0033537,7,7,0,0,-3,-2,NRG Stadium,29.6847,-95.4093,America/Chicago,False,False,11,11,Sunday,False,False,0,False,False,0,-3,-2,AFC East,Gillette Stadium,42.0628,-71.2687,America/New_York,AFC South,NRG Stadium,29.6847,-95.4093,America/Chicago,Baltimore Ravens,Cleveland Browns,Gillette Stadium,FirstEnergy Stadium,Arizona Cardinals,Detroit Lions,Gillette Stadium,Ford Field,1590,0,-1590,1590,1.0,0.0,America/New_York,America/New_York,1.0,1.0,1.0,0.0,1.0,0,-1.995,0.035,-1.995,0.035,Houston Texans,2.03,Houston Texans,2.03,-1.995,0.035,Houston Texans,2.03,0.0,0,No,No,No,No,No,0,No,0.0,0.0,0.079,-4.47,-2.5855,-1.0175,-2.5855,-1.0175,-0.5905,-1.0525,-0.5115,-5.522499999999999,Houston Texans,1.568,Houston Texans,1.568,-2.5855,-1.0175,Houston Texans,1.568,Tie,0.0,New England Patriots,4.549,0.0395,-2.235,New England Patriots,2.2745,New England Patriots,0.4619999999999999,New England Patriots,5.010999999999999,-0.5509999999999999,-3.2875,New England Patriots,2.7364999999999995,Different,Different,Different,Different,Different,Same,False,Away Team,Away Team,49.5,132.0,-147.0,New England Patriots,Houston Texans,2.5,-2.5,-104,-116,188,-234,0.4619999999999999,-0.4619999999999999,5.010999999999999,-5.010999999999999,0.5951,0.431,0.537,0.5098,0.7006,0.3472,0.58,0.42,0.513,0.487,0.6686,0.3314,0.58,0.42,0.08,-0.08,,,46,0.0,70.0,0.0,Dome,True,D.Maye,C.Stroud,5.48,7.0,13.9,193.27,Med-High,-5.0,15.0,52.24,51.0,13.78637687710152,35.0,70.0,0.3402,0.6588,0.0762,0.0742,0.3746,0.6254,0.5632,0.4368,11,2020-11-22,New England Patriots @ Houston Texans,0.3946,0.6051,153,-153,,,,,,,,No Bet,,No Bet,,No Bet,,No Bet,,No Bet,,No Bet,,No Bet,,No Bet,,No Bet,,,,,,,,,,,,,,,,,,,,,,,,,,,,,11,-0.0583333333333333,-0.0432166666666666,New England Patriots,Houston Texans,1,0,0,1,0,1,1,0,0,0,1,1,0,2.5,2.5,,,170.69716817036522,0.7931686271568195,0.4927202028919542,0.0002320841392148,0.0088871210546084,0.0166387642433183,0.8798637103811575,0.0229773410979158,0.6371426868277348,9.7475338470243e-05,0.0001346088007446,0.0051545302116729,0.0037325908429355,0.0038671996436801,1.5170063972088923,0.0396161053412341,,,94.0,106.0,0.58,0.42,0.593,0.4068,0.6402,0.359,New England Patriots,New England Patriots,New England Patriots,New England Patriots,New England Patriots,Same,Same,Same,False,False,0.0002320841392148,0.0088871210546084,0.0002320841392148,0.0088871210546084,0.0002320841392148,0.0088871210546084,,,0.6210468547659541,0.8355509317859086,2.9355216156826485,2.4652919292207063,0.509530416051681,0.9965742208546405,0.5873399685021021,1.0934149326017792,0.8176991875076922,1.1688695413592345
2020_11_PIT_JAX,2020,11,2020-11-22,13:00,Pittsburgh Steelers,Jacksonville Jaguars,Home,Ben Roethlisberger,Jake Luton,00-0022924,00-0036312,7,7,0,0,-7,-12,TIAA Bank Field,30.3239,-81.6554,America/New_York,False,False,11,11,Sunday,False,False,0,False,False,0,-7,-12,AFC North,Acrisure Stadium,40.4468,-80.0158,America/New_York,AFC South,TIAA Bank Field,30.3239,-81.6554,America/New_York,Cincinnati Bengals,Green Bay Packers,Acrisure Stadium,Lambeau Field,Baltimore Ravens,Cleveland Browns,Acrisure Stadium,TIAA Bank Field,705,0,-705,705,0.0,0.0,America/New_York,America/Chicago,0.0,-1.0,0.0,0.0,0.0,0,-0.565,-1.825,-0.565,-1.825,Pittsburgh Steelers,1.26,Pittsburgh Steelers,1.26,-0.565,-1.825,Pittsburgh Steelers,1.26,0.0,0,No,No,No,No,No,0,No,0.0,0.0,6.414,-10.251,-2.178,-2.3285,-2.178,-2.3285,-1.613,-0.5035000000000001,4.801,-10.754499999999998,Pittsburgh Steelers,0.1505,Pittsburgh Steelers,0.1505,-2.178,-2.3285,Pittsburgh Steelers,0.1505,Tie,0.0,Pittsburgh Steelers,16.665,3.207,-5.1255,Pittsburgh Steelers,8.3325,Jacksonville Jaguars,1.1095,Pittsburgh Steelers,15.5555,1.594,-5.629,Pittsburgh Steelers,7.223,Different,Same,Different,Same,Different,Same,False,Home Team,Away Team,47.0,386.0,-475.0,Pittsburgh Steelers,Jacksonville Jaguars,11.0,-11.0,-122,101,702,-1197,-1.1095,1.1095,15.5555,-15.5555,0.8261,0.2058,0.4975,0.5495,0.9229,0.1247,0.8006,0.1994,0.4752,0.5248,0.881,0.119,0.8006,0.1994,0.3006,-0.3006,72.0,3.0,47,3.0,72.0,0.0,nfl_read_py Fallback,False,A.Rodgers,T.Lawrence,15.21,16.0,13.79,190.23,Med-High,7.0,24.0,48.98,49.0,13.164294881684564,33.0,66.0,0.1328,0.8672,0.0476,0.0478,0.3522,0.6256,0.5244,0.4362,11,2020-11-22,Pittsburgh Steelers @ Jacksonville Jaguars,0.244,0.756,310,-310,,,,,,,,No Bet,,No Bet,,No Bet,,No Bet,,No Bet,,No Bet,,No Bet,,No Bet,,No Bet,,,,,,,,,,,,,,,,,,,,,,,,,,,,,11,0.1538333333333333,-0.3086,Pittsburgh Steelers,Jacksonville Jaguars,1,0,0,1,0,0,1,1,0,0,1,1,0,4.5,0.0,,,170.69716817036522,0.9969765903989252,0.4057583249191017,0.000406907816177,0.2769441463787425,0.0138499275784036,37.84722937148529,0.0556080843493978,9.426352156725166,8.113741854569381e-05,0.0003257703976313,0.2217214835908212,0.0552226627879212,0.0555484331855525,47.27358152821046,0.0694580119278014,,,94.0,106.0,0.8006,0.1994,0.7029,0.297,0.841,0.1586,Pittsburgh Steelers,Pittsburgh Steelers,Pittsburgh Steelers,Pittsburgh Steelers,Pittsburgh Steelers,Same,Same,Same,False,False,0.000406907816177,0.2769441463787425,0.000406907816177,0.2769441463787425,0.000406907816177,0.2769441463787425,,,0.45075879911547245,1.0058389874363896,4.527764973849581,0.8730485710537652,0.329132167143968,1.1769724697623534,0.4453531353771531,1.2354017657267247,0.8938724962233733,1.092696232643555
2020_11_ATL_NO,2020,11,2020-11-22,13:00,Atlanta Falcons,New Orleans Saints,Home,Matt Ryan,Taysom Hill,00-0026143,00-0033357,14,7,7,-7,9,-3,Caesars Superdome,29.9507,-90.0813,America/Chicago,False,False,11,11,Sunday,False,False,0,False,False,0,9,-3,NFC South,Mercedes-Benz Stadium,33.7489,-84.388,America/New_York,NFC South,Caesars Superdome,29.9507,-90.0813,America/Chicago,Denver Broncos,San Francisco 49ers,Mercedes-Benz Stadium,Caesars Superdome,Las Vegas Raiders,Denver Broncos,Mercedes-Benz Stadium,Empower Field at Mile High,424,0,-424,424,1.0,0.0,America/New_York,America/Chicago,1.0,0.0,1.0,0.0,1.0,0,-0.71,-6.145,-0.71,-6.145,Atlanta Falcons,5.435,Atlanta Falcons,5.435,-0.71,-6.145,Atlanta Falcons,5.435,0.0,0,No,No,No,No,No,1,No,0.0,0.0,-3.734,5.562,2.055655,-8.464155,2.055655,-8.464155,2.820005,-2.373505,-0.8210349999999997,3.0955349999999995,Atlanta Falcons,10.51981,Atlanta Falcons,10.51981,2.055655,-8.464155,Atlanta Falcons,10.51981,Tie,0.0,New Orleans Saints,9.296,-1.867,2.781,New Orleans Saints,4.648,Atlanta Falcons,5.19351,New Orleans Saints,3.916569999999999,0.9994850000000002,0.3610149999999998,Atlanta Falcons,0.6384700000000003,Different,Different,Same,Different,Different,Same,False,Away Team,Home Team,48.388888888888886,-151.0,128.0,New Orleans Saints,Atlanta Falcons,-2.7222222222222223,2.7222222222222223,188,-234,-211,171,5.19351,-5.19351,-3.916569999999999,3.916569999999999,0.4386,0.6016,0.7006,0.3472,0.369,0.6785,0.4217,0.5783,0.6686,0.3314,0.3523,0.6477,0.4217,0.5783,-0.0783,0.0783,,,48,0.0,70.0,0.0,Dome,True,K.Cousins,S.Rattler,-3.55,-5.0,13.96,194.88,Med-High,-13.0,6.0,47.72,47.0,13.0248898924844,32.0,65.0,0.6066,0.3924,0.0786,0.0828,0.574,0.426,0.5528,0.4472,11,2020-11-22,Atlanta Falcons @ New Orleans Saints,0.541,0.4588,-118,118,,,,,,,,No Bet,,No Bet,,No Bet,,No Bet,,No Bet,,No Bet,,No Bet,,No Bet,,No Bet,,,,,,,,,,,,,,,,,,,,,,,,,,,,,11,-0.1636833333333333,0.1803666666666666,New Orleans Saints,Atlanta Falcons,0,1,1,0,0,1,1,0,0,0,1,1,1,1.5,4.5,,,170.69716817036522,0.4825170394143075,0.9785739058546492,0.0043280902383261,0.0003282856031466,0.4272438457451315,0.0236309811982302,0.3115489015229499,0.0324064416099989,0.002502934584824,0.0018251556535021,0.0001384380388469,0.0001898475642996,0.0020150032178018,0.0560374228082291,0.7387927472680814,,,94.0,106.0,0.4217,0.5783,0.4228,0.5771,0.3062,0.6936,New Orleans Saints,New Orleans Saints,New Orleans Saints,New Orleans Saints,New Orleans Saints,Same,Same,Same,False,False,0.0043280902383261,0.0003282856031466,0.0043280902383261,0.0003282856031466,0.0043280902383261,0.0003282856031466,,,0.8380142909879464,0.618583495563917,1.664853923825966,3.735959621077382,0.970608234823252,0.5354964020830713,1.0120618352859063,0.6686930658179752,1.0585866047929624,0.9279821240739659
2020_11_CIN_WAS,2020,11,2020-11-22,13:00,Cincinnati Bengals,Washington Commanders,Home,Joe Burrow,Alex Smith,00-0036442,00-0023436,7,7,0,0,7,7,FedExField,38.9077,-76.8645,America/New_York,False,True,11,11,Sunday,False,False,0,False,False,0,7,7,AFC North,Paycor Stadium,39.0955,-84.5165,America/New_York,NFC East,FedExField,38.9077,-76.8645,America/New_York,Pittsburgh Steelers,Detroit Lions,Acrisure Stadium,Ford Field,New York Giants,Dallas Cowboys,Paycor Stadium,AT&T Stadium,411,0,-411,411,0.0,0.0,America/New_York,America/Detroit,0.0,0.0,0.0,0.0,0.0,0,1.31,1.45,1.31,1.45,Washington Commanders,0.1399999999999999,Washington Commanders,0.1399999999999999,1.31,1.45,Washington Commanders,0.1399999999999999,0.0,0,No,No,No,No,No,0,No,0.0,0.0,-3.384,-6.18,0.4895,2.553,0.4895,2.553,-0.8205,1.103,-4.2045,-5.077,Washington Commanders,2.0635,Washington Commanders,2.0635,0.4895,2.553,Washington Commanders,2.0635,Tie,0.0,Cincinnati Bengals,2.796,-1.692,-3.09,Cincinnati Bengals,1.398,Washington Commanders,1.9235,Cincinnati Bengals,0.8725000000000005,-2.5125,-1.987,Washington Commanders,0.5254999999999996,Different,Different,Same,Different,Different,Same,False,Home Team,Away Team,48.0,-121.0,110.0,Washington Commanders,Cincinnati Bengals,-2.0,2.0,-131,108,101,-122,-1.9235,1.9235,0.8725000000000005,-0.8725000000000005,0.4762,0.5475,0.4808,0.5671,0.5495,0.4975,0.4652,0.5348,0.4588,0.5412,0.5248,0.4752,0.4652,0.5348,-0.0348,0.0348,57.0,7.0,49,7.0,57.0,0.0,nfl_read_py Fallback,False,J.Flacco,M.Mariota,-6.58,-7.0,13.37,178.88,Medium,-16.0,3.0,44.63,44.0,13.170523258268036,29.0,62.0,0.695,0.3034,0.08,0.0796,0.6634,0.3212,0.3716,0.6096,11,2020-11-22,Cincinnati Bengals @ Washington Commanders,0.5616,0.438,-128,128,,,,,,,,No Bet,,No Bet,,No Bet,,No Bet,,No Bet,,No Bet,,No Bet,,No Bet,,No Bet,,,,,,,,,,,,,,,,,,,,,,,,,,,,,11,-0.2654666666666667,-0.0572166666666666,Washington Commanders,Cincinnati Bengals,0,1,1,0,0,0,1,1,0,0,1,1,0,0.5,2.5,,,170.69716817036522,0.993614536547598,0.9998071570222116,0.0005928439543101,0.0005805881884766,0.054120040172869,0.0461035341873816,0.0470767439947993,0.0530012254587526,0.000317052946765,0.000275791007545,0.0002700896252793,0.0003104985631973,0.0005862895707424,0.0991047596461343,0.1011967841676684,,,94.0,106.0,0.4652,0.5348,0.4845,0.5152,0.4598,0.539,Washington Commanders,Washington Commanders,Washington Commanders,Washington Commanders,Washington Commanders,Same,Same,Same,False,False,0.0005928439543101,0.0005805881884766,0.0005928439543101,0.0005805881884766,0.0005928439543101,0.0005805881884766,,,0.7789749978780068,0.6776227886738573,2.9224459349350966,2.4783676099682523,0.7156848429901138,0.7904197939162102,1.1681045451779728,0.5126503559259054,1.115607688825642,0.870961040041286
2020_11_MIA_DEN,2020,11,2020-11-22,16:05,Miami Dolphins,Denver Broncos,Home,Tua Tagovailoa,Drew Lock,00-0036212,00-0035704,7,7,0,0,4,2,Empower Field at Mile High,39.7648,-105.0076,America/Denver,False,False,11,11,Sunday,False,False,0,False,False,0,4,2,AFC East,Hard Rock Stadium,25.9602,-80.2384,America/New_York,AFC West,Empower Field at Mile High,39.7648,-105.0076,America/Denver,Los Angeles Chargers,Las Vegas Raiders,Hard Rock Stadium,Allegiant Stadium,New York Jets,New Orleans Saints,MetLife Stadium,Empower Field at Mile High,1715,0,-1715,1715,2.0,0.0,America/New_York,America/Los_Angeles,2.0,-1.0,2.0,0.0,2.0,0,0.66,2.05,0.66,2.05,Denver Broncos,1.3899999999999997,Denver Broncos,1.3899999999999997,0.66,2.05,Denver Broncos,1.3899999999999997,-0.15,0,No,No,No,No,No,0,No,0.0,0.0,-1.128,-1.501,0.949,1.5635,0.949,1.5635,0.289,-0.4865,-0.839,-1.9875,Denver Broncos,0.6144999999999998,Denver Broncos,0.6144999999999998,0.949,1.5635,Denver Broncos,0.6144999999999998,Tie,0.0,Miami Dolphins,0.373,-0.564,-0.7505,Miami Dolphins,0.1865,Miami Dolphins,0.7755000000000001,Miami Dolphins,1.1485,-0.2749999999999999,-1.237,Miami Dolphins,0.962,Different,Different,Different,Different,Different,Same,False,Away Team,Away Team,46.0,174.0,-196.0,Miami Dolphins,Denver Broncos,4.0,-4.0,101,-122,101,-122,0.7755000000000001,-0.7755000000000001,1.1485,-1.1485,0.6622,0.365,0.5495,0.4975,0.5495,0.4975,0.6447,0.3553,0.5248,0.4752,0.5248,0.4752,0.6447,0.3553,0.1447,-0.1447,45.0,7.0,50,7.0,45.0,0.0,nfl_read_py Fallback,False,T.Tagovailoa,B.Nix,-2.52,-4.0,14.22,202.27,High,-13.0,8.0,48.24,48.0,13.363543387080078,32.0,66.0,0.573,0.425,0.0782,0.0742,0.6546,0.3332,0.5358,0.434,11,2020-11-22,Miami Dolphins @ Denver Broncos,0.4697,0.5298,113,-113,,,,,,,,No Bet,,No Bet,,No Bet,,No Bet,,No Bet,,No Bet,,No Bet,,No Bet,,No Bet,,,,,,,,,,,,,,,,,,,,,,,,,,,,,11,0.069,-0.19985,Miami Dolphins,Denver Broncos,1,0,0,1,1,0,0,1,0,0,1,1,0,3.5,1.0,,,170.69716817036522,0.9996654184260046,0.2906626549059013,0.0002522881690652,0.0054632813659323,0.0153009504507327,0.6012257244658421,0.0277639255715941,0.3313409336167421,8.96379864688882e-05,0.0001626501825963,0.0035221774966166,0.0019411038693157,0.0021037540519121,0.9325666580825844,0.0430648760223268,,,94.0,106.0,0.6447,0.3553,0.4592,0.5406,0.4864,0.513,Miami Dolphins,Denver Broncos,Denver Broncos,Denver Broncos,Miami Dolphins,Same,Same,Different,False,False,0.0002522881690652,0.0054632813659323,0.0002522881690652,0.0054632813659323,0.0002522881690652,0.0054632813659323,,,0.5229100468189634,0.9336877397328975,2.7609125749047894,2.63990096999856,0.7224760745637542,0.7836285623425694,0.9726497287313934,0.7081051723724876,0.9539824312046049,1.0325862976623221
2020_11_NYJ_LAC,2020,11,2020-11-22,16:05,New York Jets,Los Angeles Chargers,Home,Joe Flacco,Justin Herbert,00-0026158,00-0036355,13,7,6,-6,10,-3,SoFi Stadium,33.9535,-118.3395,America/Los_Angeles,False,False,11,11,Sunday,False,False,0,False,False,0,10,-3,AFC East,MetLife Stadium,40.8136,-74.0744,America/New_York,AFC West,SoFi Stadium,33.9535,-118.3395,America/Los_Angeles,New England Patriots,Miami Dolphins,MetLife Stadium,Hard Rock Stadium,Miami Dolphins,Buffalo Bills,MetLife Stadium,Highmark Stadium,2448,0,-2448,2448,3.0,0.0,America/New_York,America/New_York,3.0,3.0,3.0,0.0,3.0,0,-3.725,0.935,-3.725,0.935,Los Angeles Chargers,4.66,Los Angeles Chargers,4.66,-3.725,0.935,Los Angeles Chargers,4.66,-0.2249999999999999,0,No,No,No,No,No,0,No,0.0,0.0,-12.282,-0.754,-4.251,0.7305000000000001,-4.251,0.7305000000000001,-0.526,-0.2044999999999999,-12.808,-0.9585,Los Angeles Chargers,4.9815000000000005,Los Angeles Chargers,4.9815000000000005,-4.251,0.7305000000000001,Los Angeles Chargers,4.9815000000000005,Tie,0.0,Los Angeles Chargers,11.528,-6.141,-0.377,Los Angeles Chargers,5.764,Los Angeles Chargers,0.3215,Los Angeles Chargers,11.8495,-6.667,-0.5815,Los Angeles Chargers,6.0855,Different,Same,Same,Same,Different,Same,False,Home Team,Home Team,47.0,-425.0,351.0,Los Angeles Chargers,New York Jets,-10.0,10.0,-116,-104,-660,458,-0.3215,0.3215,-11.8495,11.8495,0.2217,0.8095,0.5098,0.537,0.1792,0.8684,0.215,0.785,0.487,0.513,0.1711,0.8289,0.215,0.785,-0.285,0.285,,,51,0.0,70.0,0.0,Dome,True,J.Fields,J.Herbert,-10.6,-11.0,12.99,168.69,Med-Low,-19.0,-3.0,48.21,48.0,12.970849425807296,32.0,65.0,0.7962,0.2028,0.0768,0.0784,0.501,0.4492,0.5002,0.4562,11,2020-11-22,New York Jets @ Los Angeles Chargers,0.7308,0.269,-271,272,,,,,,,,No Bet,,No Bet,,No Bet,,No Bet,,No Bet,,No Bet,,No Bet,,No Bet,,No Bet,,,,,,,,,,,,,,,,,,,,,,,,,,,,,11,-0.2722833333333334,0.00925,Los Angeles Chargers,New York Jets,0,1,1,0,0,1,1,0,0,0,1,1,0,0.5,3.0,,,170.69716817036522,0.6633383095631343,0.9999487176270736,0.3060367503748049,0.0003393960957889,41.008091216356526,0.0124557997744399,11.231515428683633,0.0454781526648155,0.2402388490442218,0.065797901330583,7.297016059462886e-05,0.0002664259351943,0.0660643272657773,0.0579339524392554,52.23960664504016,,,94.0,106.0,0.215,0.785,0.358,0.6415,0.2168,0.781,Los Angeles Chargers,Los Angeles Chargers,Los Angeles Chargers,Los Angeles Chargers,Los Angeles Chargers,Same,Same,Same,False,False,0.3060367503748049,0.0003393960957889,0.3060367503748049,0.0003393960957889,0.3060367503748049,0.0003393960957889,,,0.9649218061298835,0.491675980421978,0.9183818499287976,4.482431694974555,1.063654978257468,0.4424496586488524,1.0731770293558898,0.6075778717479886,1.0198500177783727,0.9667187110885572
2020_11_GB_IND,2020,11,2020-11-22,16:25,Green Bay Packers,Indianapolis Colts,Home,Aaron Rodgers,Philip Rivers,00-0023459,00-0022942,7,10,-3,3,-3,10,Lucas Oil Stadium,39.7601,-86.1638,America/Indiana/Indianapolis,False,False,11,11,Sunday,False,False,0,False,False,0,-3,10,NFC North,Lambeau Field,44.5013,-88.0622,America/Chicago,AFC South,Lucas Oil Stadium,39.7601,-86.1638,America/Indiana/Indianapolis,Jacksonville Jaguars,Tennessee Titans,Lambeau Field,Nissan Stadium,Chicago Bears,Tennessee Titans,Lambeau Field,Lucas Oil Stadium,341,0,-341,341,-1.0,0.0,America/Chicago,America/Chicago,-1.0,-1.0,-1.0,0.0,-1.0,0,3.535,-2.265,3.535,-2.265,Green Bay Packers,5.800000000000001,Green Bay Packers,5.800000000000001,3.535,-2.265,Green Bay Packers,5.800000000000001,0.0,0,No,No,No,No,No,0,No,0.0,0.0,4.584,1.161,2.5645,-0.4054999999999999,2.5645,-0.4054999999999999,-0.9705,1.8595,3.6134999999999993,3.0205,Green Bay Packers,2.97,Green Bay Packers,2.97,2.5645,-0.4054999999999999,Green Bay Packers,2.97,Tie,0.0,Green Bay Packers,3.423,2.292,0.5805,Green Bay Packers,1.7114999999999998,Indianapolis Colts,2.83,Green Bay Packers,0.5929999999999991,1.3214999999999997,2.4400000000000004,Indianapolis Colts,1.1185000000000007,Different,Same,Different,Same,Different,Same,False,Home Team,Away Team,52.0,-120.0,109.0,Indianapolis Colts,Green Bay Packers,-1.5,1.5,-164,135,-104,-116,-2.83,2.83,0.5929999999999991,-0.5929999999999991,0.4785,0.5455,0.4255,0.6212,0.537,0.5098,0.4673,0.5327,0.4065,0.5935,0.513,0.487,0.4673,0.5327,-0.0327,0.0327,,,52,0.0,70.0,0.0,Dome,True,J.Love,D.Jones,4.99,6.0,13.93,194.18,Med-High,-5.0,14.0,48.82,48.0,13.251411382216014,32.0,67.0,0.3532,0.6464,0.0876,0.0708,0.334,0.666,0.381,0.6024,11,2020-11-22,Green Bay Packers @ Indianapolis Colts,0.4916,0.5083,103,-103,,,,,,,,No Bet,,No Bet,,No Bet,,No Bet,,No Bet,,No Bet,,No Bet,,No Bet,,No Bet,,,,,,,,,,,,,,,,,,,,,,,,,,,,,11,0.2235833333333333,0.15395,Indianapolis Colts,Green Bay Packers,0,1,1,0,1,1,0,0,0,0,1,1,0,5.0,4.5,,,170.69716817036522,0.2035445687938812,0.4014856343519667,0.0007453340647032,0.000935320088669,0.0677735108367526,0.0746074779960044,0.0594529033490041,0.0850490124726548,0.0003970394562674,0.0003482946084358,0.000437075077435,0.0004982450112339,0.0008465396196698,0.1596564904686593,0.1272264141857567,,,94.0,106.0,0.4673,0.5327,0.4996,0.5004,0.6514,0.3486,Indianapolis Colts,Green Bay Packers,Indianapolis Colts,Green Bay Packers,Green Bay Packers,Same,Same,Different,False,False,0.0007453340647032,0.000935320088669,0.0007453340647032,0.000935320088669,0.0007453340647032,0.000935320088669,,,0.7761389384939318,0.6804588480579323,3.212510336219292,2.1883032086840575,0.7337227077241253,0.7723819291821983,0.5939790432311755,1.086775857872707,0.9773731428120694,1.0091955860548594
2020_11_DAL_MIN,2020,11,2020-11-22,16:25,Dallas Cowboys,Minnesota Vikings,Home,Andy Dalton,Kirk Cousins,00-0027973,00-0029604,14,6,8,-8,4,-1,U.S. Bank Stadium,44.9738,-93.2575,America/Chicago,False,False,11,11,Sunday,False,False,0,False,False,0,4,-1,NFC East,AT&T Stadium,32.7369,-97.0826,America/Chicago,NFC North,U.S. Bank Stadium,44.9738,-93.2575,America/Chicago,Pittsburgh Steelers,Chicago Bears,AT&T Stadium,Soldier Field,Washington Commanders,Carolina Panthers,AT&T Stadium,U.S. Bank Stadium,869,0,-869,869,0.0,0.0,America/Chicago,America/Chicago,0.0,0.0,0.0,0.0,0.0,0,-0.615,0.27,-0.615,0.27,Minnesota Vikings,0.885,Minnesota Vikings,0.885,-0.615,0.27,Minnesota Vikings,0.885,0.0,0,No,No,No,No,No,0,Yes,0.0,0.0,-4.126,-2.71,0.4315,-1.787,0.4315,-1.787,1.0465,-2.057,-3.0795,-4.767,Dallas Cowboys,2.2185,Dallas Cowboys,2.2185,0.4315,-1.787,Dallas Cowboys,2.2185,Tie,0.0,Minnesota Vikings,1.4160000000000004,-2.063,-1.355,Minnesota Vikings,0.7080000000000002,Dallas Cowboys,3.1035,Dallas Cowboys,1.6874999999999996,-1.0165,-3.412,Dallas Cowboys,2.3955,Different,Different,Same,Same,Different,Different,False,Away Team,Away Team,50.0,-304.0,261.0,Minnesota Vikings,Dallas Cowboys,-7.0,7.0,135,-164,105,-128,3.1035,-3.1035,1.6874999999999996,-1.6874999999999996,0.277,0.7525,0.6212,0.4255,0.5614,0.4878,0.2691,0.7309,0.5935,0.4065,0.5351,0.4649,0.2691,0.7309,-0.2309,0.2309,,,53,0.0,70.0,0.0,Dome,True,D.Prescott,C.Wentz,-4.53,-5.0,13.6,184.91,Med-High,-14.0,5.0,60.85,60.0,15.092394001991275,42.0,80.0,0.6324,0.367,0.0916,0.0866,0.4124,0.5348,0.749,0.2298,11,2020-11-22,Dallas Cowboys @ Minnesota Vikings,0.5587,0.4412,-127,127,,,,,,,,No Bet,,No Bet,,No Bet,,No Bet,,No Bet,,No Bet,,No Bet,,No Bet,,No Bet,,,,,,,,,,,,,,,,,,,,,,,,,,,,,11,-0.0553333333333333,0.01515,Minnesota Vikings,Dallas Cowboys,0,1,1,0,0,0,1,1,0,0,1,1,0,2.5,3.0,,,170.69716817036522,0.9896690245359496,0.9399814193594744,0.1513308900362179,0.0002682189196287,18.880429280642137,0.0123205309191632,6.951325105241208,0.0334636791111722,0.1106077475274717,0.0407231425087462,7.217771127208578e-05,0.0001960412083566,0.0409191837171028,0.0457842100303355,25.831754385883343,,,94.0,106.0,0.2691,0.7309,0.4269,0.5728,0.488,0.5106,Minnesota Vikings,Minnesota Vikings,Minnesota Vikings,Minnesota Vikings,Minnesota Vikings,Same,Same,Same,False,False,0.1513308900362179,0.0002682189196287,0.1513308900362179,0.0002682189196287,0.1513308900362179,0.0002682189196287,,,0.9595391929639854,0.49705859358787613,0.9293928549578653,4.471420689945469,0.5882557646471029,0.9178488722592196,0.8934493325984468,0.7873055685054341,0.8415050195647357,1.1450637093021945
2020_11_KC_LV,2020,11,2020-11-22,20:20,Kansas City Chiefs,Las Vegas Raiders,Home,Patrick Mahomes,Derek Carr,00-0033873,00-0031280,14,7,7,-7,6,0,Allegiant Stadium,36.108,-115.1578,America/Los_Angeles,False,False,11,11,Sunday,False,False,0,False,False,0,6,0,AFC West,GEHA Field at Arrowhead Stadium,39.0489,-94.4839,America/Chicago,AFC West,Allegiant Stadium,36.108,-115.1578,America/Los_Angeles,Carolina Panthers,Denver Broncos,GEHA Field at Arrowhead Stadium,Allegiant Stadium,Tampa Bay Buccaneers,Atlanta Falcons,Raymond James Stadium,Mercedes-Benz Stadium,1147,0,-1147,1147,2.0,0.0,America/Chicago,America/Los_Angeles,2.0,0.0,2.0,0.0,2.0,0,4.395,-2.35,4.395,-2.35,Kansas City Chiefs,6.744999999999999,Kansas City Chiefs,6.744999999999999,4.395,-2.35,Kansas City Chiefs,6.744999999999999,-0.15,0,No,No,No,No,No,1,No,0.0,0.0,7.793,-0.946,6.56079,-3.45579,6.56079,-3.45579,2.2332400000000003,-1.1732400000000005,9.93885,-2.03185,Kansas City Chiefs,10.01658,Kansas City Chiefs,10.01658,6.56079,-3.45579,Kansas City Chiefs,10.01658,Tie,0.0,Kansas City Chiefs,8.739,3.8965,-0.473,Kansas City Chiefs,4.3695,Kansas City Chiefs,3.4064800000000006,Kansas City Chiefs,11.9707,6.086045,-1.602545,Kansas City Chiefs,7.68859,Different,Same,Same,Same,Different,Same,False,Away Team,Away Team,47.72222222222222,179.0,-217.0,Kansas City Chiefs,Las Vegas Raiders,4.5,-4.5,156,-191,458,-660,3.4064800000000006,-3.4064800000000006,11.9707,-11.9707,0.6845,0.3584,0.6564,0.3906,0.8684,0.1792,0.6563,0.3437,0.6269,0.3731,0.8289,0.1711,0.6563,0.3437,0.1563,-0.1563,,,54,0.0,70.0,0.0,Dome,True,P.Mahomes,G.Smith,19.36,20.0,14.24,202.69,High,10.0,29.0,62.13,61.0,14.558695482866334,44.0,81.0,0.085,0.9146,0.0338,0.038,0.1566,0.8434,0.9002,0.0998,11,2020-11-22,Kansas City Chiefs @ Las Vegas Raiders,0.2432,0.7567,311,-311,,,,,,,,No Bet,,No Bet,,No Bet,,No Bet,,No Bet,,No Bet,,No Bet,,No Bet,,No Bet,,,,,,,,,,,,,,,,,,,,,,,,,,,,,11,0.14185,0.08105,Kansas City Chiefs,Las Vegas Raiders,1,0,0,1,1,0,0,1,0,0,1,1,1,4.0,3.5,,,170.69716817036522,0.9821560316926808,0.1459190062651015,6.289335228654512e-05,0.0063666791377446,0.0036898659782871,0.713249841477148,0.0070458511537673,0.3735242579852137,2.161644518088556e-05,4.127690710565957e-05,0.0041784515181018,0.0021882276196428,0.0022295045267485,1.0867740994623618,0.0107357171320544,,,94.0,106.0,0.6575,0.3425,0.7337,0.2663,0.9108,0.0892,Kansas City Chiefs,Kansas City Chiefs,Kansas City Chiefs,Kansas City Chiefs,Kansas City Chiefs,Same,Same,Same,False,False,6.289335228654512e-05,0.0063666791377446,6.289335228654512e-05,0.0063666791377446,6.289335228654512e-05,0.0063666791377446,,,0.5070677066376582,0.9495300799142025,2.2469857268329028,3.153827818070438,0.26284785716080056,1.2432567797455232,0.14722365145398233,1.5335312496498998,0.5038051855343298,1.4827635433325985
2020_11_LA_TB,2020,11,2020-11-23,20:15,Los Angeles Rams,Tampa Bay Buccaneers,Home,Jared Goff,Tom Brady,00-0033106,00-0019596,8,8,0,0,-1,-14,Raymond James Stadium,27.9759,-82.5033,America/New_York,False,False,11,11,Monday,False,False,0,False,False,0,-1,-14,NFC West,SoFi Stadium,33.9535,-118.3395,America/Los_Angeles,NFC South,Raymond James Stadium,27.9759,-82.5033,America/New_York,Seattle Seahawks,Carolina Panthers,SoFi Stadium,Bank of America Stadium,San Francisco 49ers,Kansas City Chiefs,SoFi Stadium,Raymond James Stadium,2150,0,-2150,2150,-3.0,0.0,America/Los_Angeles,America/New_York,-3.0,0.0,-3.0,0.0,-3.0,0,1.29,1.025,1.29,1.025,Los Angeles Rams,0.2650000000000001,Los Angeles Rams,0.2650000000000001,1.29,1.025,Los Angeles Rams,0.2650000000000001,-0.4499999999999999,0,No,No,No,No,No,0,No,0.0,0.0,4.374,5.957,0.3675,0.4124999999999998,0.3675,0.4124999999999998,-0.9225,-0.6125,3.4515,5.3445,Tampa Bay Buccaneers,0.0449999999999998,Tampa Bay Buccaneers,0.0449999999999998,0.3675,0.4124999999999998,Tampa Bay Buccaneers,0.0449999999999998,Tie,0.0,Tampa Bay Buccaneers,1.5830000000000002,2.187,2.9785,Tampa Bay Buccaneers,0.7915000000000001,Tampa Bay Buccaneers,0.3099999999999999,Tampa Bay Buccaneers,1.893000000000001,1.2644999999999995,2.366,Tampa Bay Buccaneers,1.1015000000000004,Different,Different,Same,Same,Different,Same,False,Home Team,Home Team,47.5,-195.0,173.0,Tampa Bay Buccaneers,Los Angeles Rams,-4.0,4.0,-116,-104,-131,108,-0.3099999999999999,0.3099999999999999,-1.893000000000001,1.893000000000001,0.3663,0.661,0.5098,0.537,0.4808,0.5671,0.3566,0.6434,0.487,0.513,0.4588,0.5412,0.3566,0.6434,-0.1434,0.1434,69.0,5.0,55,5.0,69.0,0.0,nfl_read_py Fallback,False,M.Stafford,B.Mayfield,1.88,3.0,14.04,197.12,High,-8.0,11.25,53.43,53.0,13.750556592419096,36.0,71.0,0.4424,0.557,0.0866,0.0846,0.3416,0.6344,0.6458,0.3542,11,2020-11-23,Los Angeles Rams @ Tampa Bay Buccaneers,0.535,0.4648,-115,115,,,,,,,,No Bet,,No Bet,,No Bet,,No Bet,,No Bet,,No Bet,,No Bet,,No Bet,,No Bet,,,,,,,,,,,,,,,,,,,,,,,,,,,,,11,0.1369166666666666,0.17966,Tampa Bay Buccaneers,Los Angeles Rams,0,1,1,0,0,1,1,0,0,0,1,1,0,4.0,4.5,,,170.69716817036522,0.2510384662810317,0.1858443863030836,0.0058106732673142,0.0003171896017635,0.6381662446164628,0.0193075245987844,0.3536992272773245,0.034835842195339,0.0037385871801899,0.0020720860871242,0.0001131098119888,0.0002040797897746,0.0022761658768989,0.0541433667941234,0.9918654718937872,,,94.0,106.0,0.3566,0.6434,0.5484,0.4515,0.5692,0.4304,Tampa Bay Buccaneers,Los Angeles Rams,Los Angeles Rams,Los Angeles Rams,Tampa Bay Buccaneers,Same,Same,Different,False,False,0.0058106732673142,0.0003171896017635,0.0058106732673142,0.0003171896017635,0.0058106732673142,0.0003171896017635,,,0.9314939543858722,0.5251038321659877,2.5673258253892515,2.8334877195140917,0.8079715252381432,0.6981331116681772,0.7333703361070324,0.947384564996844,1.0408197420574363,0.9457489868094906
2020_12_HOU_DET,2020,12,2020-11-26,12:30,Houston Texans,Detroit Lions,Home,Deshaun Watson,Matthew Stafford,00-0033537,00-0026498,4,4,0,0,-2,0,Ford Field,42.3395,-83.045,America/Detroit,False,False,Thanksgiving,12,Thursday,False,False,0,False,False,0,-2,0,AFC South,NRG Stadium,29.6847,-95.4093,America/Chicago,NFC North,Ford Field,42.3395,-83.045,America/Detroit,New England Patriots,Carolina Panthers,NRG Stadium,Bank of America Stadium,Indianapolis Colts,Chicago Bears,NRG Stadium,Soldier Field,1111,0,-1111,1111,-1.0,0.0,America/Chicago,America/New_York,-1.0,0.0,-1.0,0.0,-1.0,0,0.035,4.305,0.035,4.305,Detroit Lions,4.27,Detroit Lions,4.27,0.035,4.305,Detroit Lions,4.27,0.0,0,No,No,No,No,No,0,No,0.0,0.0,-4.47,-3.395,0.8125,3.0165,0.8125,3.0165,0.7775000000000001,-1.2885,-3.6925,-4.6835,Detroit Lions,2.204,Detroit Lions,2.204,0.8125,3.0165,Detroit Lions,2.204,Tie,0.0,Detroit Lions,1.0749999999999995,-2.235,-1.6975,Detroit Lions,0.5374999999999999,Houston Texans,2.066,Houston Texans,0.991000000000001,-1.4574999999999996,-2.986,Houston Texans,1.5285000000000006,Different,Different,Different,Different,Different,Different,False,Away Team,Away Team,52.5,139.0,-155.0,Houston Texans,Detroit Lions,3.0,-3.0,108,-131,101,-122,2.066,-2.066,0.991000000000001,-0.991000000000001,0.6078,0.4184,0.5671,0.4808,0.5495,0.4975,0.5923,0.4077,0.5412,0.4588,0.5248,0.4752,0.5923,0.4077,0.0923,-0.0923,,,56,0.0,70.0,0.0,Dome,True,C.Stroud,J.Goff,-3.59,-4.0,12.97,168.32,Med-Low,-12.0,5.0,62.61,62.0,14.936588510609344,44.0,82.0,0.6086,0.3908,0.0994,0.0966,0.6498,0.3028,0.752,0.248,12,2020-11-26,Houston Texans @ Detroit Lions,0.4876,0.5123,105,-105,,,,,,,,No Bet,,No Bet,,No Bet,,No Bet,,No Bet,,No Bet,,No Bet,,No Bet,,No Bet,,,,,,,,,,,,,,,,,,,,,,,,,,,,,12,-0.07032,-0.21074,Houston Texans,Detroit Lions,0,0,0,0,1,0,0,1,0,0,1,1,0,4.5,0.0,,,133.54078906723834,0.9741855997590548,0.7930440302875067,0.0013739138540686,0.4843937460758311,0.0748021623325005,38.31370915448064,0.1086713778502332,26.37261391572134,0.0005601446783037,0.0008137691757648,0.2869064158007148,0.1974873302751163,0.1983010994508811,64.68632307020198,0.1834735401827337,,,36.0,58.0,0.5923,0.4077,0.546,0.4538,0.388,0.6114,Houston Texans,Detroit Lions,Houston Texans,Detroit Lions,Houston Texans,Same,Same,Same,False,False,0.0013739138540686,0.4843937460758311,0.0013739138540686,0.4843937460758311,0.0013739138540686,0.4843937460758311,,,29.98549289597075,0.8662599495424743,37.29367905527867,0.8182217826130094,34.98094082347007,0.7677567911643759,51.77015634915389,0.601174605652164,38.220916803877394,0.7652079335242254
2020_12_WAS_DAL,2020,12,2020-11-26,16:30,Washington Commanders,Dallas Cowboys,Home,Alex Smith,Andy Dalton,00-0023436,00-0027973,4,4,0,0,7,4,AT&T Stadium,32.7369,-97.0826,America/Chicago,False,False,Thanksgiving,12,Thursday,False,False,0,False,False,0,7,4,NFC East,FedExField,38.9077,-76.8645,America/New_York,NFC East,AT&T Stadium,32.7369,-97.0826,America/Chicago,Cincinnati Bengals,Minnesota Vikings,FedExField,U.S. Bank Stadium,Pittsburgh Steelers,Baltimore Ravens,Acrisure Stadium,M&T Bank Stadium,1206,0,-1206,1206,1.0,0.0,America/New_York,America/Chicago,1.0,0.0,1.0,0.0,1.0,0,1.45,-0.615,1.45,-0.615,Washington Commanders,2.065,Washington Commanders,2.065,1.45,-0.615,Washington Commanders,2.065,0.0,0,No,No,No,No,No,1,No,0.0,0.0,-6.18,-4.126,1.1041649999999998,-0.6436649999999999,1.1041649999999998,-0.6436649999999999,-0.3251849999999999,-0.0493149999999999,-6.484645,-4.195855,Washington Commanders,1.7478299999999998,Washington Commanders,1.7478299999999998,1.1041649999999998,-0.6436649999999999,Washington Commanders,1.7478299999999998,Tie,0.0,Dallas Cowboys,2.0539999999999994,-3.09,-2.063,Dallas Cowboys,1.0269999999999997,Dallas Cowboys,0.2758699999999999,Dallas Cowboys,2.2887900000000005,-3.4049150000000004,-2.122585,Dallas Cowboys,1.2823300000000004,Different,Different,Different,Different,Different,Same,False,Home Team,Home Team,46.0,-135.0,122.0,Dallas Cowboys,Washington Commanders,-2.5,2.5,-116,-104,-142,117,-0.2758699999999999,0.2758699999999999,-2.2887900000000005,2.2887900000000005,0.4505,0.5745,0.5098,0.537,0.4608,0.5868,0.4395,0.5605,0.487,0.513,0.4399,0.5601,0.4395,0.5605,-0.0605,0.0605,,,57,0.0,70.0,0.0,Dome,True,M.Mariota,D.Prescott,0.36,1.0,13.77,189.58,Med-High,-10.0,10.0,51.82,51.0,13.911552023262509,35.0,70.0,0.4898,0.5094,0.0926,0.0806,0.3878,0.6122,0.4906,0.5094,12,2020-11-26,Washington Commanders @ Dallas Cowboys,0.5308,0.469,-113,113,,,,,,,,No Bet,,No Bet,,No Bet,,No Bet,,No Bet,,No Bet,,No Bet,,No Bet,,No Bet,,,,,,,,,,,,,,,,,,,,,,,,,,,,,12,-0.05656,-0.0784999999999999,Dallas Cowboys,Washington Commanders,0,0,0,0,0,0,1,1,0,0,1,1,1,5.0,4.5,,,133.54078906723834,0.9398891589272484,0.9932092668127784,0.5095400750983334,0.0046922649717667,38.13887705825135,0.27539455302719,29.90550663175998,0.3512142138151081,0.2855972120926159,0.2239428630057175,0.0020622504550914,0.0026300145166752,0.2265728775223928,0.6266087668422982,68.04438369001133,,,36.0,58.0,0.4395,0.5605,0.3918,0.6081,0.4312,0.5682,Dallas Cowboys,Dallas Cowboys,Dallas Cowboys,Washington Commanders,Dallas Cowboys,Same,Different,Same,False,False,0.5095400750983334,0.0046922649717667,0.5095400750983334,0.0046922649717667,0.5095400750983334,0.0046922649717667,,,0.7812790443942332,30.070473801118993,0.7400033009418419,37.37189753694984,0.816682260977254,34.93201535365719,0.7763267980201659,51.59500415678589,0.7802204546598261,38.20590428274179
2020_12_LV_ATL,2020,13,2020-11-29,13:00,Las Vegas Raiders,Atlanta Falcons,Home,Derek Carr,Matt Ryan,00-0031280,00-0026143,7,7,0,0,0,9,Mercedes-Benz Stadium,33.7489,-84.388,America/New_York,False,False,12,12,Sunday,False,False,0,False,False,0,0,9,AFC West,Allegiant Stadium,36.108,-115.1578,America/Los_Angeles,NFC South,Mercedes-Benz Stadium,33.7489,-84.388,America/New_York,Kansas City Chiefs,New Orleans Saints,Allegiant Stadium,Caesars Superdome,New York Jets,New Orleans Saints,MetLife Stadium,Mercedes-Benz Stadium,1742,0,-1742,1742,-3.0,0.0,America/Los_Angeles,America/Chicago,-3.0,-1.0,-3.0,0.0,-3.0,0,-2.35,-0.71,-2.35,-0.71,Atlanta Falcons,1.64,Atlanta Falcons,1.64,-2.35,-0.71,Atlanta Falcons,1.64,-0.4499999999999999,0,No,No,No,No,No,0,No,0.0,0.0,-0.946,-3.734,-2.342,-2.083,-2.342,-2.083,0.0080000000000001,-1.373,-0.938,-5.106999999999999,Atlanta Falcons,0.2589999999999999,Atlanta Falcons,0.2589999999999999,-2.342,-2.083,Atlanta Falcons,0.2589999999999999,Tie,0.0,Las Vegas Raiders,2.7880000000000003,-0.473,-1.867,Las Vegas Raiders,1.394,Las Vegas Raiders,1.3810000000000002,Las Vegas Raiders,4.169,-0.4649999999999999,-3.24,Las Vegas Raiders,2.775,Different,Different,Different,Different,Different,Same,False,Away Team,Away Team,53.0,164.0,-184.0,Las Vegas Raiders,Atlanta Falcons,3.5,-3.5,105,-128,171,-211,1.3810000000000002,-1.3810000000000002,4.169,-4.169,0.6479,0.3788,0.5614,0.4878,0.6785,0.369,0.6311,0.3689,0.5351,0.4649,0.6477,0.3523,0.6311,0.3689,0.1311,-0.1311,,,58,0.0,70.0,0.0,Dome,True,G.Smith,K.Cousins,-5.05,-6.0,13.87,192.45,Med-High,-14.0,5.0,52.41,52.0,13.556370977470916,35.0,70.0,0.6442,0.3552,0.0796,0.0746,0.712,0.288,0.4446,0.5156,13,2020-11-29,Las Vegas Raiders @ Atlanta Falcons,0.4576,0.5423,119,-118,,,,,,,,No Bet,,No Bet,,No Bet,,No Bet,,No Bet,,No Bet,,No Bet,,No Bet,,No Bet,,,,,,,,,,,,,,,,,,,,,,,,,,,,,13,0.07104,-0.1702,Las Vegas Raiders,Atlanta Falcons,0,0,0,0,0,0,1,1,0,0,1,1,0,3.5,1.5,,,76.80278292809169,0.9783969488262888,0.9821284006894192,0.0002512261460512,0.0043737619951481,0.007117876495705,0.2119972774506768,0.0121769906653278,0.1239198156418232,9.267732527829514e-05,0.0001585488207729,0.0027602811951379,0.0016134808000101,0.001772029620783,0.3359170930925001,0.0192948671610329,0.0002512261460512,0.0043737619951481,33.0,3.0,0.6311,0.3689,0.517,0.4825,0.463,0.5352,Las Vegas Raiders,Atlanta Falcons,Las Vegas Raiders,Atlanta Falcons,Las Vegas Raiders,Same,Same,Same,False,False,0.0002512261460512,0.0043737619951481,0.0002512261460512,0.0043737619951481,0.0002512261460512,0.0043737619951481,,,0.4971074398581776,0.8453427498930646,1.3020763543422322,1.4283560608168322,0.5885301504608482,1.0714660161278466,1.054302016777263,0.5775744129761726,0.7886765270590346,0.9249032871775771
2020_12_LAC_BUF,2020,13,2020-11-29,13:00,Los Angeles Chargers,Buffalo Bills,Home,Justin Herbert,Josh Allen,00-0036355,00-0034857,7,14,-7,7,-10,-3,Highmark Stadium,42.7725,-78.7877,America/New_York,False,False,12,12,Sunday,False,False,0,False,False,0,-10,-3,AFC West,SoFi Stadium,33.9535,-118.3395,America/Los_Angeles,AFC East,Highmark Stadium,42.7725,-78.7877,America/New_York,New York Jets,Arizona Cardinals,SoFi Stadium,State Farm Stadium,New England Patriots,San Francisco 49ers,SoFi Stadium,Levi's Stadium,2204,0,-2204,2204,-3.0,0.0,America/Los_Angeles,America/Denver,-3.0,-2.0,-3.0,0.0,-3.0,0,0.935,4.795,0.935,4.795,Buffalo Bills,3.86,Buffalo Bills,3.86,0.935,4.795,Buffalo Bills,3.86,-0.4499999999999999,0,No,No,No,No,No,0,No,0.0,0.0,-0.754,2.269,-1.1605,5.115,-1.1605,5.115,-2.0955,0.32,-2.8495,2.589,Buffalo Bills,6.2755,Buffalo Bills,6.2755,-1.1605,5.115,Buffalo Bills,6.2755,Tie,0.0,Buffalo Bills,3.023,-0.377,1.1345,Buffalo Bills,1.5115,Buffalo Bills,2.4155,Buffalo Bills,5.4385,-2.4725,1.4545,Buffalo Bills,3.927,Different,Same,Same,Same,Different,Same,False,Home Team,Home Team,51.0,-214.0,189.0,Buffalo Bills,Los Angeles Chargers,-4.5,4.5,-142,117,-244,195,-2.4155,2.4155,-5.4385,5.4385,0.346,0.6815,0.4608,0.5868,0.339,0.7093,0.3367,0.6633,0.4399,0.5601,0.3234,0.6766,0.3367,0.6633,-0.1633,0.1633,48.0,7.0,59,7.0,48.0,0.0,nfl_read_py Fallback,False,J.Herbert,J.Allen,-4.72,-6.0,14.13,199.78,High,-14.0,5.0,56.17,56.0,14.118603038202826,39.0,75.0,0.6348,0.3642,0.0908,0.0754,0.5984,0.4016,0.7074,0.2926,13,2020-11-29,Los Angeles Chargers @ Buffalo Bills,0.6337,0.3661,-173,173,,,,,,,,No Bet,,No Bet,,No Bet,,No Bet,,No Bet,,No Bet,,No Bet,,No Bet,,No Bet,,,,,,,,,,,,,,,,,,,,,,,,,,,,,13,0.04376,0.0677,Buffalo Bills,Los Angeles Chargers,0,0,0,0,1,1,0,0,0,0,1,1,0,3.0,3.0,,,76.80278292809169,0.0881335685189207,0.3562554212352183,0.0231397381125369,5.248635169432926e-05,1.178814294693032,0.0013572706548044,0.5983819885770298,0.0026738272210626,0.0153485882900457,0.0077911498224911,1.767215461548066e-05,3.48141970788486e-05,0.00782596401957,0.004031097875867,1.7771962832700618,0.0231397381125369,5.248635169432926e-05,33.0,3.0,0.3367,0.6633,0.412,0.5878,0.3214,0.6774,Buffalo Bills,Buffalo Bills,Buffalo Bills,Buffalo Bills,Buffalo Bills,Same,Same,Same,False,False,0.0231397381125369,5.248635169432926e-05,0.0231397381125369,5.248635169432926e-05,0.0231397381125369,5.248635169432926e-05,,,0.8802943180417853,0.46215587170945543,1.4002441910497594,1.3301882241092955,1.1039760781640588,0.5560200884246354,1.0185201347337351,0.6133562950197021,1.0632109799155165,0.650368834321095
2020_12_NYG_CIN,2020,13,2020-11-29,13:00,New York Giants,Cincinnati Bengals,Home,Daniel Jones,Brandon Allen,00-0035710,00-0032434,14,7,7,-7,-6,0,Paycor Stadium,39.0955,-84.5165,America/New_York,False,False,12,12,Sunday,False,False,0,False,False,0,-6,0,NFC East,MetLife Stadium,40.8136,-74.0744,America/New_York,AFC North,Paycor Stadium,39.0955,-84.5165,America/New_York,Philadelphia Eagles,Washington Commanders,MetLife Stadium,FedExField,Seattle Seahawks,Miami Dolphins,Lumen Field,Hard Rock Stadium,565,0,-565,565,0.0,0.0,America/New_York,America/New_York,0.0,0.0,0.0,0.0,0.0,0,-2.84,1.31,-2.84,1.31,Cincinnati Bengals,4.15,Cincinnati Bengals,4.15,-2.84,1.31,Cincinnati Bengals,4.15,0.0,0,No,No,No,No,No,0,No,0.0,0.0,-4.519,-3.384,-2.3560000000000003,1.9555,-2.3560000000000003,1.9555,0.484,0.6455000000000001,-4.035,-2.7385,Cincinnati Bengals,4.3115000000000006,Cincinnati Bengals,4.3115000000000006,-2.3560000000000003,1.9555,Cincinnati Bengals,4.3115000000000006,Tie,0.0,Cincinnati Bengals,1.1350000000000002,-2.2595,-1.692,Cincinnati Bengals,0.5675000000000001,Cincinnati Bengals,0.1615000000000001,Cincinnati Bengals,1.2965000000000004,-1.7755,-1.0464999999999998,Cincinnati Bengals,0.7290000000000003,Different,Same,Same,Same,Different,Same,False,Home Team,Home Team,45.0,227.0,-260.0,New York Giants,Cincinnati Bengals,6.5,-6.5,-110,-110,-128,105,-0.1615000000000001,0.1615000000000001,-1.2965000000000004,1.2965000000000004,0.7222,0.3058,0.5238,0.5238,0.4878,0.5614,0.7025,0.2975,0.5,0.5,0.4649,0.5351,0.7025,0.2975,0.2025,-0.2025,52.0,4.0,60,4.0,52.0,0.0,nfl_read_py Fallback,False,J.Dart,J.Flacco,4.89,6.0,13.05,170.33,Medium,-5.0,14.0,45.46,45.0,13.153775896071242,29.0,63.0,0.3472,0.6518,0.0898,0.0814,0.518,0.482,0.4876,0.4904,13,2020-11-29,New York Giants @ Cincinnati Bengals,0.42,0.5798,138,-138,,,,,,,,No Bet,,No Bet,,No Bet,,No Bet,,No Bet,,No Bet,,No Bet,,No Bet,,No Bet,,,,,,,,,,,,,,,,,,,,,,,,,,,,,13,-0.16978,-0.27806,New York Giants,Cincinnati Bengals,0,0,0,0,0,0,1,1,0,0,1,1,0,1.5,0.5,,,76.80278292809169,0.9994619176799148,0.9999580306414564,0.0003409723581872,0.093469340221676,0.0077908187380748,5.043040576852829,0.0183968072722607,2.135664870624508,0.0001014392765607,0.0002395330816265,0.0656622115057274,0.0278071287159486,0.0280466617975751,7.178705447477337,0.0261876260103355,0.0003409723581872,0.093469340221676,33.0,3.0,0.7025,0.2975,0.6197,0.3802,0.748,0.2514,New York Giants,New York Giants,New York Giants,New York Giants,New York Giants,Same,Same,Same,False,False,0.0003409723581872,0.093469340221676,0.0003409723581872,0.093469340221676,0.0003409723581872,0.093469340221676,,,0.4389604117055963,0.9034897780456458,1.6598028670537655,1.0706295481052979,0.9621914422613556,0.6978047243273429,0.6350781912929175,0.9967982384605192,0.8045278104058209,0.9090520038307888
2020_12_TEN_IND,2020,13,2020-11-29,13:00,Tennessee Titans,Indianapolis Colts,Home,Ryan Tannehill,Philip Rivers,00-0029701,00-0022942,7,7,0,0,7,10,Lucas Oil Stadium,39.7601,-86.1638,America/Indiana/Indianapolis,False,True,12,12,Sunday,False,False,0,False,False,0,7,10,AFC South,Nissan Stadium,36.1664,-86.7716,America/Chicago,AFC South,Lucas Oil Stadium,39.7601,-86.1638,America/Indiana/Indianapolis,Baltimore Ravens,Green Bay Packers,M&T Bank Stadium,Lucas Oil Stadium,Cleveland Browns,Houston Texans,Nissan Stadium,NRG Stadium,250,0,-250,250,-1.0,0.0,America/New_York,America/Indiana/Indianapolis,0.0,0.0,-1.0,0.0,-1.0,0,-4.36,-2.265,-4.36,-2.265,Indianapolis Colts,2.095,Indianapolis Colts,2.095,-4.36,-2.265,Indianapolis Colts,2.095,0.0,0,No,No,No,No,No,1,No,0.0,0.0,-0.583,1.161,-3.0921350000000007,-0.6553650000000001,-3.0921350000000007,-0.6553650000000001,1.246915,1.630585,0.6813550000000002,2.7741450000000003,Indianapolis Colts,2.4367700000000005,Indianapolis Colts,2.4367700000000005,-3.0921350000000007,-0.6553650000000001,Indianapolis Colts,2.4367700000000005,Tie,0.0,Indianapolis Colts,1.744,-0.2915,0.5805,Indianapolis Colts,0.872,Indianapolis Colts,0.3836699999999999,Indianapolis Colts,2.09279,0.964135,2.2023650000000004,Indianapolis Colts,1.2382300000000002,Different,Same,Same,Same,Different,Same,False,Home Team,Home Team,51.5,-147.0,133.0,Indianapolis Colts,Tennessee Titans,-3.0,3.0,-116,-104,-131,108,-0.3836699999999999,0.3836699999999999,-2.09279,2.09279,0.4292,0.5951,0.5098,0.537,0.4808,0.5671,0.419,0.581,0.487,0.513,0.4588,0.5412,0.419,0.581,-0.081,0.081,,,61,0.0,70.0,0.0,Dome,True,C.Ward,D.Jones,0.96,1.0,13.86,192.07,Med-High,-9.0,10.0,48.11,48.0,13.6753446629447,30.0,66.0,0.482,0.5176,0.0888,0.0908,0.3962,0.5532,0.3766,0.6234,13,2020-11-29,Tennessee Titans @ Indianapolis Colts,0.5293,0.4706,-112,112,,,,,,,,No Bet,,No Bet,,No Bet,,No Bet,,No Bet,,No Bet,,No Bet,,No Bet,,No Bet,,,,,,,,,,,,,,,,,,,,,,,,,,,,,13,0.15774,0.16854,Indianapolis Colts,Tennessee Titans,0,0,0,0,0,1,1,0,0,0,1,1,1,4.0,4.0,,,76.80278292809169,0.2030370571091732,0.5612177038833589,0.0032786343532481,0.0004648548906824,0.1463005889117306,0.0149592005408376,0.1055076536213685,0.0207429487213046,0.0019048865592371,0.0013737477940109,0.0001947741991959,0.0002700806914864,0.0016438284854974,0.0357021492621423,0.2518082425330992,0.0032786343532481,0.0004648548906824,33.0,3.0,0.419,0.581,0.4976,0.5022,0.5598,0.4396,Indianapolis Colts,Tennessee Titans,Indianapolis Colts,Tennessee Titans,Indianapolis Colts,Same,Same,Same,False,False,0.0032786343532481,0.0004648548906824,0.0032786343532481,0.0004648548906824,0.0032786343532481,0.0004648548906824,,,0.7786251753947934,0.5638250143564485,1.3778656562019154,1.3525667589571448,0.8956634151528118,0.7643327514358861,0.7842805921187029,0.8475958376347327,0.9038709279120037,0.8097088863246064
2020_12_CLE_JAX,2020,13,2020-11-29,13:00,Cleveland Browns,Jacksonville Jaguars,Home,Baker Mayfield,Mike Glennon,00-0034855,00-0030520,7,7,0,0,10,-12,TIAA Bank Field,30.3239,-81.6554,America/New_York,False,False,12,12,Sunday,False,False,0,False,False,0,10,-12,AFC North,FirstEnergy Stadium,41.5061,-81.6994,America/New_York,AFC South,TIAA Bank Field,30.3239,-81.6554,America/New_York,Philadelphia Eagles,Pittsburgh Steelers,FirstEnergy Stadium,TIAA Bank Field,Tennessee Titans,Minnesota Vikings,Nissan Stadium,U.S. Bank Stadium,772,0,-772,772,0.0,0.0,America/New_York,America/New_York,0.0,0.0,0.0,0.0,0.0,0,-4.705,-1.825,-4.705,-1.825,Jacksonville Jaguars,2.88,Jacksonville Jaguars,2.88,-4.705,-1.825,Jacksonville Jaguars,2.88,0.0,0,No,No,No,No,No,0,No,0.0,0.0,-0.295,-10.251,-6.0265,-2.3285,-6.0265,-2.3285,-1.3215,-0.5035000000000001,-1.6164999999999998,-10.754499999999998,Jacksonville Jaguars,3.698,Jacksonville Jaguars,3.698,-6.0265,-2.3285,Jacksonville Jaguars,3.698,Tie,0.0,Cleveland Browns,9.956,-0.1475,-5.1255,Cleveland Browns,4.978,Jacksonville Jaguars,0.8179999999999998,Cleveland Browns,9.137999999999998,-1.469,-5.629,Cleveland Browns,4.16,Different,Different,Same,Different,Different,Same,False,Home Team,Away Team,48.5,284.0,-334.0,Cleveland Browns,Jacksonville Jaguars,7.5,-7.5,-122,101,314,-416,-0.8179999999999998,0.8179999999999998,9.137999999999998,-9.137999999999998,0.7696,0.2604,0.4975,0.5495,0.8062,0.2415,0.7472,0.2528,0.4752,0.5248,0.7695,0.2305,0.7472,0.2528,0.2472,-0.2472,70.0,1.0,62,1.0,70.0,0.0,nfl_read_py Fallback,False,D.Gabriel,T.Lawrence,13.71,14.0,13.81,190.63,Med-High,5.0,23.0,54.36,54.0,14.160776754106957,37.0,73.0,0.1622,0.8374,0.0554,0.0526,0.0714,0.9286,0.8276,0.1724,13,2020-11-29,Cleveland Browns @ Jacksonville Jaguars,0.2926,0.7073,242,-242,,,,,,,,No Bet,,No Bet,,No Bet,,No Bet,,No Bet,,No Bet,,No Bet,,No Bet,,No Bet,,,,,,,,,,,,,,,,,,,,,,,,,,,,,13,0.0201599999999999,-0.32088,Cleveland Browns,Jacksonville Jaguars,0,0,0,0,1,0,0,1,0,0,1,1,0,3.0,0.0,,,76.80278292809169,0.9968728773111476,0.6828498789561622,0.0004199570176354,0.1298969377109781,0.0081537777456078,7.454400682861964,0.0241000899189801,2.5220456271781377,0.0001061651340582,0.0003137918835772,0.0970589918576428,0.0328379458533352,0.0331517377369125,9.976446310040105,0.0322538676645879,0.0004199570176354,0.1298969377109781,33.0,3.0,0.7472,0.2528,0.6884,0.3114,0.8428,0.1566,Cleveland Browns,Cleveland Browns,Cleveland Browns,Cleveland Browns,Cleveland Browns,Same,Same,Same,False,False,0.0004199570176354,0.1298969377109781,0.0004199570176354,0.1298969377109781,0.0004199570176354,0.1298969377109781,,,0.3907825014874733,0.9516676882637678,1.7797368711865407,0.9506955439725215,0.47060591042184946,1.1893902561668468,0.33059385959603993,1.3012825701573936,0.6090902428756299,1.1044895713609826
2020_12_CAR_MIN,2020,13,2020-11-29,13:00,Carolina Panthers,Minnesota Vikings,Home,Teddy Bridgewater,Kirk Cousins,00-0031237,00-0029604,7,7,0,0,-5,-1,U.S. Bank Stadium,44.9738,-93.2575,America/Chicago,False,False,12,12,Sunday,False,False,0,False,False,0,-5,-1,NFC South,Bank of America Stadium,35.2258,-80.8528,America/New_York,NFC North,U.S. Bank Stadium,44.9738,-93.2575,America/Chicago,Detroit Lions,Dallas Cowboys,Bank of America Stadium,U.S. Bank Stadium,Denver Broncos,Jacksonville Jaguars,Bank of America Stadium,U.S. Bank Stadium,937,0,-937,937,1.0,0.0,America/New_York,America/Chicago,1.0,0.0,1.0,0.0,1.0,0,-5.25,0.27,-5.25,0.27,Minnesota Vikings,5.52,Minnesota Vikings,5.52,-5.25,0.27,Minnesota Vikings,5.52,0.0,0,No,No,No,No,No,0,No,0.0,0.0,-1.884,-2.71,-3.895,-1.162,-3.895,-1.162,1.355,-1.432,-0.5290000000000001,-4.142,Minnesota Vikings,2.733,Minnesota Vikings,2.733,-3.895,-1.162,Minnesota Vikings,2.733,Tie,0.0,Carolina Panthers,0.8260000000000001,-0.942,-1.355,Carolina Panthers,0.413,Carolina Panthers,2.787,Carolina Panthers,3.613,0.4129999999999999,-2.787,Carolina Panthers,3.2,Different,Different,Different,Different,Different,Same,False,Away Team,Away Team,50.0,-145.0,131.0,Minnesota Vikings,Carolina Panthers,-3.0,3.0,135,-164,156,-191,2.787,-2.787,3.613,-3.613,0.4329,0.5918,0.6212,0.4255,0.6564,0.3906,0.4225,0.5775,0.5935,0.4065,0.6269,0.3731,0.4225,0.5775,-0.0775,0.0775,,,63,0.0,70.0,0.0,Dome,True,A.Dalton,C.Wentz,-9.1,-10.0,13.7,187.64,Med-High,-18.0,-1.0,54.53,54.0,14.001691316121148,37.0,73.0,0.7502,0.2488,0.0704,0.076,0.6786,0.283,0.6028,0.3634,13,2020-11-29,Carolina Panthers @ Minnesota Vikings,0.5268,0.4729,-111,111,,,,,,,,No Bet,,No Bet,,No Bet,,No Bet,,No Bet,,No Bet,,No Bet,,No Bet,,No Bet,,,,,,,,,,,,,,,,,,,,,,,,,,,,,13,-0.078275,0.0026799999999999,Minnesota Vikings,Carolina Panthers,0,0,0,0,1,0,0,1,0,0,1,1,0,2.0,2.5,,,76.80278292809169,0.8482857856580084,0.9994035390502012,0.0082730506462584,0.0003093780058044,0.3669396382215202,0.0100390612950172,0.2684536747161772,0.0137220305275088,0.0047776867482142,0.0034953638980442,0.0001307122074523,0.000178665798352,0.0036740296963962,0.023761091822526,0.6353933129376974,0.0082730506462584,0.0003093780058044,33.0,3.0,0.4225,0.5775,0.4032,0.5964,0.3806,0.6182,Minnesota Vikings,Minnesota Vikings,Minnesota Vikings,Minnesota Vikings,Minnesota Vikings,Same,Same,Same,False,False,0.0082730506462584,0.0003093780058044,0.0082730506462584,0.0003093780058044,0.0082730506462584,0.0003093780058044,,,0.7714685994542602,0.5709815902969821,1.0589249044082991,1.6715075107507618,0.6124449800775472,1.0475511865111484,1.2192890184456335,0.4125874113077983,0.8941138103592997,0.8194660038773096
2020_12_ARI_NE,2020,13,2020-11-29,13:00,Arizona Cardinals,New England Patriots,Home,Kyler Murray,Cam Newton,00-0035228,00-0027939,10,7,3,-3,-1,-6,Gillette Stadium,42.0628,-71.2687,America/New_York,False,True,12,12,Sunday,False,False,0,False,False,0,-1,-6,NFC West,State Farm Stadium,33.5277,-112.262608,America/Denver,AFC East,Gillette Stadium,42.0628,-71.2687,America/New_York,Seattle Seahawks,Houston Texans,Lumen Field,NRG Stadium,Los Angeles Rams,Los Angeles Chargers,State Farm Stadium,SoFi Stadium,2289,0,-2289,2289,-2.0,0.0,America/Los_Angeles,America/Chicago,-3.0,-1.0,-2.0,0.0,-2.0,0,0.075,-1.995,0.075,-1.995,Arizona Cardinals,2.0700000000000003,Arizona Cardinals,2.0700000000000003,0.075,-1.995,Arizona Cardinals,2.0700000000000003,-0.3,0,No,No,No,No,No,0,No,0.0,0.0,-0.61,0.079,0.7435,-2.0045000000000006,0.7435,-2.0045000000000006,0.6685000000000001,-0.0095,0.0585000000000001,0.0694999999999999,Arizona Cardinals,2.7480000000000007,Arizona Cardinals,2.7480000000000007,0.7435,-2.0045000000000006,Arizona Cardinals,2.7480000000000007,Tie,0.0,New England Patriots,0.689,-0.305,0.0395,New England Patriots,0.3445,Arizona Cardinals,0.6780000000000002,New England Patriots,0.0109999999999998,0.3635000000000001,0.0299999999999999,Arizona Cardinals,0.3335000000000001,Different,Different,Same,Different,Different,Same,False,Away Team,Home Team,51.0,104.0,-115.0,Arizona Cardinals,New England Patriots,1.0,-1.0,-104,-116,-110,-110,0.6780000000000002,-0.6780000000000002,-0.0109999999999998,0.0109999999999998,0.5349,0.4902,0.537,0.5098,0.5238,0.5238,0.5218,0.4782,0.513,0.487,0.5,0.5,0.5218,0.4782,0.0218,-0.0218,52.0,8.0,64,8.0,52.0,0.0,nfl_read_py Fallback,False,J.Brissett,D.Maye,-1.49,-3.0,14.82,219.64,High,-12.0,9.25,50.92,50.0,13.999433702432317,33.0,70.0,0.5428,0.4568,0.0794,0.0752,0.5432,0.4364,0.4524,0.517,13,2020-11-29,Arizona Cardinals @ New England Patriots,0.502,0.4979,-101,101,,,,,,,,No Bet,,No Bet,,No Bet,,No Bet,,No Bet,,No Bet,,No Bet,,No Bet,,No Bet,,,,,,,,,,,,,,,,,,,,,,,,,,,,,13,0.06212,-0.06564,Arizona Cardinals,New England Patriots,0,0,0,0,1,0,0,1,0,0,1,1,0,3.0,2.0,,,76.80278292809169,0.4861314765819866,0.5826749452274416,0.0010225180224841,0.0008989427578831,0.0375541122525414,0.0360257532091072,0.0409781174683733,0.0330155522893735,0.0004889681183519,0.0005335499041322,0.0004690683310634,0.0004298744268197,0.0009634243309519,0.0690413054984807,0.0785322297209147,0.0010225180224841,0.0008989427578831,33.0,3.0,0.5218,0.4782,0.4791,0.5208,0.5496,0.45,Arizona Cardinals,Arizona Cardinals,New England Patriots,New England Patriots,New England Patriots,Same,Different,Same,False,False,0.0010225180224841,0.0008989427578831,0.0010225180224841,0.0008989427578831,0.0010225180224841,0.0008989427578831,,,0.6418994765824392,0.7005507131688024,1.3286794736209075,1.401752941538154,0.8298770284028891,0.8301191381858082,0.8856825327577189,0.7461938969957169,0.8600783523945926,0.8535014618420168
2020_12_MIA_NYJ,2020,13,2020-11-29,13:00,Miami Dolphins,New York Jets,Home,Ryan Fitzpatrick,Sam Darnold,00-0023682,00-0034869,7,7,0,0,4,10,MetLife Stadium,40.8136,-74.0744,America/New_York,False,True,12,12,Sunday,False,False,0,False,False,0,4,10,AFC East,Hard Rock Stadium,25.9602,-80.2384,America/New_York,AFC East,MetLife Stadium,40.8136,-74.0744,America/New_York,Denver Broncos,Los Angeles Chargers,Empower Field at Mile High,SoFi Stadium,Cincinnati Bengals,Las Vegas Raiders,Hard Rock Stadium,MetLife Stadium,1085,0,-1085,1085,0.0,0.0,America/Denver,America/Los_Angeles,-2.0,-3.0,0.0,0.0,0.0,0,0.66,-3.725,0.66,-3.725,Miami Dolphins,4.385,Miami Dolphins,4.385,0.66,-3.725,Miami Dolphins,4.385,0.0,0,No,No,No,No,No,1,No,0.0,0.0,-1.128,-12.282,0.92202,-1.72202,0.92202,-1.72202,0.30587,1.95913,-0.93367,-10.21133,Miami Dolphins,2.6440400000000004,Miami Dolphins,2.6440400000000004,0.92202,-1.72202,Miami Dolphins,2.6440400000000004,Tie,0.0,Miami Dolphins,11.154,-0.564,-6.141,Miami Dolphins,5.577,New York Jets,1.65326,Miami Dolphins,9.27766,-0.3138999999999999,-4.1261,Miami Dolphins,3.8122,Different,Same,Different,Same,Different,Same,False,Home Team,Away Team,46.0,296.0,-350.0,Miami Dolphins,New York Jets,7.5,-7.5,-128,105,327,-436,-1.65326,1.65326,9.27766,-9.27766,0.7778,0.2525,0.4878,0.5614,0.8134,0.2342,0.7549,0.2451,0.4649,0.5351,0.7765,0.2235,0.7549,0.2451,0.2549,-0.2549,54.0,2.0,65,2.0,54.0,0.0,nfl_read_py Fallback,False,T.Tagovailoa,J.Fields,3.34,4.0,13.06,170.45,Medium,-6.0,12.0,46.06,46.0,13.003100741199276,30.0,63.0,0.3974,0.6012,0.091,0.082,0.6144,0.3856,0.4622,0.4982,13,2020-11-29,Miami Dolphins @ New York Jets,0.3503,0.6494,185,-185,,,,,,,,No Bet,,No Bet,,No Bet,,No Bet,,No Bet,,No Bet,,No Bet,,No Bet,,No Bet,,,,,,,,,,,,,,,,,,,,,,,,,,,,,13,0.03182,-0.27576,Miami Dolphins,New York Jets,0,0,0,0,1,0,0,1,0,0,1,1,1,3.0,0.5,,,76.80278292809169,0.999855444254485,0.2861604670076171,0.0003502802514923,0.1656248147197042,0.0065938022890555,9.602665208110007,0.0203086958303061,3.11778148431284,8.585368964076643e-05,0.0002644265618515,0.1250301726319047,0.0405946420877995,0.040859068649651,12.720446692422849,0.0269024981193616,0.0003502802514923,0.1656248147197042,33.0,3.0,0.7549,0.2451,0.5442,0.4555,0.6234,0.3756,Miami Dolphins,Miami Dolphins,Miami Dolphins,Miami Dolphins,Miami Dolphins,Same,Same,Same,False,False,0.0003502802514923,0.1656248147197042,0.0003502802514923,0.1656248147197042,0.0003502802514923,0.1656248147197042,,,0.39455964408257593,0.9478905456686664,1.8538865446552517,0.8765458705038106,0.481874820311114,1.178121346277583,0.7710074345139126,0.8608689952395229,0.7412630808993986,0.972316733337212
2020_12_NO_DEN,2020,13,2020-11-29,16:05,New Orleans Saints,Denver Broncos,Home,Taysom Hill,Kendall Hinton,00-0033357,00-0035864,7,7,0,0,-3,2,Empower Field at Mile High,39.7648,-105.0076,America/Denver,False,False,12,12,Sunday,False,False,0,False,False,0,-3,2,NFC South,Caesars Superdome,29.9507,-90.0813,America/Chicago,AFC West,Empower Field at Mile High,39.7648,-105.0076,America/Denver,Atlanta Falcons,Miami Dolphins,Caesars Superdome,Empower Field at Mile High,Atlanta Falcons,Kansas City Chiefs,Mercedes-Benz Stadium,GEHA Field at Arrowhead Stadium,1081,0,-1081,1081,1.0,0.0,America/Chicago,America/Denver,1.0,0.0,1.0,0.0,1.0,0,-6.145,2.05,-6.145,2.05,Denver Broncos,8.195,Denver Broncos,8.195,-6.145,2.05,Denver Broncos,8.195,0.0,0,No,No,No,No,No,0,No,0.0,0.0,5.562,-1.501,-4.4685,1.5635,-4.4685,1.5635,1.6765,-0.4865,7.2385,-1.9875,Denver Broncos,6.032,Denver Broncos,6.032,-4.4685,1.5635,Denver Broncos,6.032,Tie,0.0,New Orleans Saints,7.063000000000001,2.781,-0.7505,New Orleans Saints,3.5315000000000003,New Orleans Saints,2.1630000000000003,New Orleans Saints,9.226,4.4575000000000005,-1.237,New Orleans Saints,5.694500000000001,Different,Different,Different,Different,Different,Same,False,Away Team,Away Team,36.5,906.0,-1350.0,New Orleans Saints,Denver Broncos,17.0,-17.0,108,-131,314,-416,2.1630000000000003,-2.1630000000000003,9.226,-9.226,0.931,0.0994,0.5671,0.4808,0.8062,0.2415,0.9035,0.0965,0.5412,0.4588,0.7695,0.2305,0.9035,0.0965,0.4035,-0.4035,38.0,6.0,66,6.0,38.0,0.0,nfl_read_py Fallback,False,S.Rattler,B.Nix,3.76,5.0,13.87,192.28,Med-High,-7.0,13.0,43.77,43.0,13.373531063508295,27.0,61.0,0.3874,0.6118,0.079,0.09,0.8116,0.1576,0.689,0.311,13,2020-11-29,New Orleans Saints @ Denver Broncos,0.2933,0.7065,241,-241,,,,,,,,No Bet,,No Bet,,No Bet,,No Bet,,No Bet,,No Bet,,No Bet,,No Bet,,No Bet,,,,,,,,,,,,,,,,,,,,,,,,,,,,,13,0.13574,-0.1591199999999999,New Orleans Saints,Denver Broncos,0,0,0,0,1,0,0,1,0,0,1,1,0,4.0,1.5,,,76.80278292809169,0.9995508395729245,0.4793176884989105,0.0002693763009064,0.2423124562979351,0.0019964739829731,16.814379832077098,0.0186923755815154,1.795891149745922,2.599481303747022e-05,0.0002433814878689,0.2189293042651844,0.0233831520327507,0.0236265335206197,18.61027098182302,0.0206888495644886,0.0002693763009064,0.2423124562979351,33.0,3.0,0.9035,0.0965,0.7123,0.2876,0.6444,0.3552,New Orleans Saints,New Orleans Saints,New Orleans Saints,New Orleans Saints,New Orleans Saints,Same,Same,Same,False,False,0.0002693763009064,0.2423124562979351,0.0002693763009064,0.2423124562979351,0.0002693763009064,0.2423124562979351,,,0.18457762733092847,1.1578725624203148,1.7859266777859384,0.9445057373731235,0.5469066488054095,1.1130895177832891,0.8059996938678882,0.8258767358855474,0.696074841024737,1.017504973211873
2020_12_SF_LA,2020,13,2020-11-29,16:05,San Francisco 49ers,Los Angeles Rams,Home,Nick Mullens,Jared Goff,00-0033319,00-0033106,14,6,8,-8,11,-9,SoFi Stadium,33.9535,-118.3395,America/Los_Angeles,False,False,12,12,Sunday,False,False,0,False,False,0,11,-9,NFC West,Levi's Stadium,37.4031,-121.9702,America/Los_Angeles,NFC West,SoFi Stadium,33.9535,-118.3395,America/Los_Angeles,New Orleans Saints,Tampa Bay Buccaneers,Caesars Superdome,Raymond James Stadium,Buffalo Bills,Arizona Cardinals,Levi's Stadium,State Farm Stadium,313,0,-313,313,0.0,0.0,America/Chicago,America/New_York,2.0,3.0,0.0,0.0,0.0,0,3.325,1.29,3.325,1.29,San Francisco 49ers,2.035,San Francisco 49ers,2.035,3.325,1.29,San Francisco 49ers,2.035,0.0,0,No,No,No,No,No,1,Yes,0.0,0.0,4.201,4.374,6.365865,0.472635,6.365865,0.472635,3.061215,-0.837715,7.263945,3.5345549999999992,San Francisco 49ers,5.89323,San Francisco 49ers,5.89323,6.365865,0.472635,San Francisco 49ers,5.89323,Tie,0.0,Los Angeles Rams,0.173,2.1005,2.187,Los Angeles Rams,0.0865,San Francisco 49ers,3.89893,San Francisco 49ers,3.72939,5.16258,1.3484199999999995,San Francisco 49ers,3.8141600000000007,Different,Different,Same,Same,Different,Different,False,Away Team,Away Team,44.5,-215.0,190.0,Los Angeles Rams,San Francisco 49ers,-5.0,5.0,171,-211,156,-191,3.89893,-3.89893,3.72939,-3.72939,0.3448,0.6825,0.6785,0.369,0.6564,0.3906,0.3356,0.6644,0.6477,0.3523,0.6269,0.3731,0.3356,0.6644,-0.1644,0.1644,,,67,0.0,70.0,0.0,Dome,True,M.Jones,M.Stafford,-4.09,-5.0,13.97,195.19,High,-14.0,7.0,44.38,44.0,13.093788859659387,28.0,61.0,0.6192,0.3798,0.0786,0.075,0.5412,0.4588,0.3698,0.6302,13,2020-11-29,San Francisco 49ers @ Los Angeles Rams,0.5022,0.4975,-101,101,,,,,,,,No Bet,,No Bet,,No Bet,,No Bet,,No Bet,,No Bet,,No Bet,,No Bet,,No Bet,,,,,,,,,,,,,,,,,,,,,,,,,,,,,13,-0.03588,0.13142,Los Angeles Rams,San Francisco 49ers,0,0,0,0,0,0,1,1,0,0,1,1,1,2.5,4.0,,,76.80278292809169,0.1856998048255167,0.9224668103544936,0.0211328547385857,0.0002628616707283,1.0783624294340168,0.0067752632301197,0.5446996257044793,0.0134132446069474,0.0140406686883163,0.0070921860502693,8.82163766964441e-05,0.0001746452940319,0.0072668313443013,0.0201885078370672,1.623062055138496,0.0211328547385857,0.0002628616707283,33.0,3.0,0.3356,0.6644,0.4542,0.5454,0.3988,0.5998,Los Angeles Rams,Los Angeles Rams,Los Angeles Rams,Los Angeles Rams,Los Angeles Rams,Same,Same,Same,False,False,0.0211328547385857,0.0002628616707283,0.0211328547385857,0.0002628616707283,0.0211328547385857,0.0002628616707283,,,0.882765985635343,0.4596842041158995,0.8693403821764093,1.8610920329826504,0.6022588505675496,1.0577373160211498,0.9944977954698537,0.637378634283582,0.8393404339996402,0.8742393802369691
2020_12_KC_TB,2020,13,2020-11-29,16:25,Kansas City Chiefs,Tampa Bay Buccaneers,Home,Patrick Mahomes,Tom Brady,00-0033873,00-0019596,7,6,1,-1,7,-15,Raymond James Stadium,27.9759,-82.5033,America/New_York,False,True,12,12,Sunday,False,False,0,False,False,0,7,-15,AFC West,GEHA Field at Arrowhead Stadium,39.0489,-94.4839,America/Chicago,NFC South,Raymond James Stadium,27.9759,-82.5033,America/New_York,Las Vegas Raiders,Los Angeles Rams,Allegiant Stadium,Raymond James Stadium,Denver Broncos,Minnesota Vikings,GEHA Field at Arrowhead Stadium,Raymond James Stadium,1028,0,-1028,1028,-1.0,0.0,America/Los_Angeles,America/New_York,-3.0,0.0,-1.0,0.0,-1.0,0,4.395,1.025,4.395,1.025,Kansas City Chiefs,3.37,Kansas City Chiefs,3.37,4.395,1.025,Kansas City Chiefs,3.37,0.0,0,No,No,No,No,No,0,Yes,0.0,0.0,7.793,5.957,6.187999999999999,0.2624999999999999,6.187999999999999,0.2624999999999999,1.793,-0.7625,9.586,5.1945,Kansas City Chiefs,5.925499999999999,Kansas City Chiefs,5.925499999999999,6.187999999999999,0.2624999999999999,Kansas City Chiefs,5.925499999999999,Tie,0.0,Kansas City Chiefs,1.8360000000000003,3.8965,2.9785,Kansas City Chiefs,0.918,Kansas City Chiefs,2.5555000000000003,Kansas City Chiefs,4.391500000000001,5.689500000000001,2.216,Kansas City Chiefs,3.473500000000001,Different,Same,Same,Same,Different,Same,False,Away Team,Away Team,56.0,149.0,-166.0,Kansas City Chiefs,Tampa Bay Buccaneers,3.5,-3.5,117,-142,181,-224,2.5555000000000003,-2.5555000000000003,4.391500000000001,-4.391500000000001,0.6241,0.4016,0.5868,0.4608,0.6914,0.3559,0.6084,0.3916,0.5601,0.4399,0.6602,0.3398,0.6084,0.3916,0.1084,-0.1084,81.0,5.0,68,5.0,81.0,0.0,nfl_read_py Fallback,False,P.Mahomes,B.Mayfield,9.85,10.0,14.32,205.19,High,1.0,19.0,65.46,65.0,14.784139596091462,47.0,84.0,0.244,0.7556,0.0724,0.0742,0.3202,0.6798,0.723,0.2536,13,2020-11-29,Kansas City Chiefs @ Tampa Bay Buccaneers,0.3538,0.6461,183,-183,,,,,,,,No Bet,,No Bet,,No Bet,,No Bet,,No Bet,,No Bet,,No Bet,,No Bet,,No Bet,,,,,,,,,,,,,,,,,,,,,,,,,,,,,13,0.14854,0.251675,Kansas City Chiefs,Tampa Bay Buccaneers,0,0,0,0,1,1,0,0,0,0,1,1,0,4.0,5.0,,,76.80278292809169,0.2462596548850983,0.1405779427109687,0.000313755777303,0.0030492984403632,0.0094365092810596,0.1424839984109755,0.0146608075755788,0.091710607787209,0.0001228667623918,0.0001908890149111,0.0018551931711169,0.0011941052692462,0.0013849942841573,0.2341946061981846,0.0240973168566384,0.000313755777303,0.0030492984403632,33.0,3.0,0.6084,0.3916,0.7097,0.2902,0.777,0.2226,Kansas City Chiefs,Kansas City Chiefs,Kansas City Chiefs,Kansas City Chiefs,Kansas City Chiefs,Same,Same,Same,False,False,0.000313755777303,0.0030492984403632,0.000313755777303,0.0030492984403632,0.000313755777303,0.0030492984403632,,,0.5269774525078341,0.8154727372434072,1.223519246849739,1.506913168309322,0.5664959547280022,1.0935002118606962,0.3998382433107597,1.2320381864426744,0.6090996905170272,1.1044801237195858
2020_12_CHI_GB,2020,13,2020-11-29,20:20,Chicago Bears,Green Bay Packers,Home,Mitch Trubisky,Aaron Rodgers,00-0033869,00-0023459,13,7,6,-6,9,-9,Lambeau Field,44.5013,-88.0622,America/Chicago,False,False,12,12,Sunday,False,False,0,False,False,0,9,-9,NFC North,Soldier Field,41.8623,-87.6167,America/Chicago,NFC North,Lambeau Field,44.5013,-88.0622,America/Chicago,Minnesota Vikings,Indianapolis Colts,Soldier Field,Lucas Oil Stadium,Detroit Lions,Philadelphia Eagles,Soldier Field,Lambeau Field,184,0,-184,184,0.0,0.0,America/Chicago,America/Indiana/Indianapolis,0.0,1.0,0.0,0.0,0.0,0,-1.575,3.535,-1.575,3.535,Green Bay Packers,5.11,Green Bay Packers,5.11,-1.575,3.535,Green Bay Packers,5.11,0.0,0,No,No,No,No,No,1,No,0.0,0.0,-2.085,4.584,-0.37385,3.11985,-0.37385,3.11985,1.15005,-0.3640499999999999,-0.86826,4.15326,Green Bay Packers,3.4937,Green Bay Packers,3.4937,-0.37385,3.11985,Green Bay Packers,3.4937,Tie,0.0,Green Bay Packers,6.669,-1.0425,2.292,Green Bay Packers,3.3345,Chicago Bears,1.5141,Green Bay Packers,5.02152,0.140895,1.894605,Green Bay Packers,1.75371,Different,Same,Different,Same,Different,Same,False,Away Team,Home Team,44.0,-346.0,293.0,Green Bay Packers,Chicago Bears,-7.5,7.5,105,-128,-234,188,1.5141,-1.5141,-5.02152,5.02152,0.2545,0.7758,0.5614,0.4878,0.3472,0.7006,0.247,0.753,0.5351,0.4649,0.3314,0.6686,0.247,0.753,-0.253,0.253,37.0,13.0,69,13.0,37.0,0.0,nfl_read_py Fallback,False,C.Williams,J.Love,-8.26,-9.0,14.06,197.73,High,-18.0,1.25,44.34,44.0,12.55717718198465,29.0,61.0,0.7314,0.2684,0.0706,0.072,0.5378,0.4622,0.4716,0.495,13,2020-11-29,Chicago Bears @ Green Bay Packers,0.6545,0.3455,-189,189,,,,,,,,No Bet,,No Bet,,No Bet,,No Bet,,No Bet,,No Bet,,No Bet,,No Bet,,No Bet,,,,,,,,,,,,,,,,,,,,,,,,,,,,,13,0.0258999999999999,0.2177,Green Bay Packers,Chicago Bears,0,0,0,0,1,1,0,0,0,0,1,1,1,3.0,4.5,,,76.80278292809169,0.4009269475378694,0.9798912696311188,0.1004414318113333,6.491029074719735e-05,5.808778657747596,0.0012313668696039,1.9054028266449616,0.0037539241004524,0.075632398153934,0.0248090336573993,1.6032841814557747e-05,4.887744893263961e-05,0.0248579111063319,0.0049852909700563,7.714181484392558,0.1004414318113333,6.491029074719735e-05,33.0,3.0,0.247,0.753,0.383,0.617,0.2436,0.756,Green Bay Packers,Green Bay Packers,Green Bay Packers,Green Bay Packers,Green Bay Packers,Same,Same,Same,False,False,0.1004414318113333,6.491029074719735e-05,0.1004414318113333,6.491029074719735e-05,0.1004414318113333,6.491029074719735e-05,,,0.9720623504936792,0.37038783925756363,0.9745151793559009,1.7559172358031592,1.0310051528320572,0.6289910137566389,1.1266698031881106,0.5052066265653248,1.0329259150597796,0.6806538991768303
2020_12_SEA_PHI,2020,13,2020-11-30,20:15,Seattle Seahawks,Philadelphia Eagles,Home,Russell Wilson,Carson Wentz,00-0029263,00-0032950,11,8,3,-3,1,-3,Lincoln Financial Field,39.9008,-75.1675,America/New_York,False,False,12,12,Monday,False,False,0,False,False,0,1,-3,NFC West,Lumen Field,47.5952,-122.3316,America/Los_Angeles,NFC East,Lincoln Financial Field,39.9008,-75.1675,America/New_York,Arizona Cardinals,Cleveland Browns,Lumen Field,FirstEnergy Stadium,New York Giants,Green Bay Packers,Lumen Field,Lambeau Field,2373,0,-2373,2373,-3.0,0.0,America/Los_Angeles,America/New_York,-3.0,0.0,-3.0,0.0,-3.0,0,-0.13,4.905,-0.13,4.905,Philadelphia Eagles,5.035,Philadelphia Eagles,5.035,-0.13,4.905,Philadelphia Eagles,5.035,-0.4499999999999999,0,No,No,No,No,No,0,No,0.0,0.0,1.039,-4.678,1.289,3.973500000000001,1.289,3.973500000000001,1.419,-0.9315,2.458,-5.6095,Philadelphia Eagles,2.6845000000000003,Philadelphia Eagles,2.6845000000000003,1.289,3.973500000000001,Philadelphia Eagles,2.6845000000000003,Tie,0.0,Seattle Seahawks,5.717,0.5195,-2.339,Seattle Seahawks,2.8585,Seattle Seahawks,2.3505000000000003,Seattle Seahawks,8.067499999999999,1.9385,-3.2705,Seattle Seahawks,5.209,Different,Different,Different,Different,Different,Same,False,Away Team,Away Team,50.0,237.0,-274.0,Seattle Seahawks,Philadelphia Eagles,6.5,-6.5,117,-142,282,-366,2.3505000000000003,-2.3505000000000003,8.067499999999999,-8.067499999999999,0.7326,0.2967,0.5868,0.4608,0.7854,0.2618,0.7117,0.2883,0.5601,0.4399,0.75,0.25,0.7117,0.2883,0.2117,-0.2117,60.0,16.0,70,16.0,60.0,0.0,nfl_read_py Fallback,False,S.Darnold,J.Hurts,10.49,11.0,12.81,164.05,Med-Low,3.0,20.0,35.48,35.0,11.930016290757507,20.0,51.0,0.2016,0.7966,0.0652,0.0662,0.3426,0.6574,0.1102,0.8726,13,2020-11-30,Seattle Seahawks @ Philadelphia Eagles,0.295,0.7046,239,-239,,,,,,,,No Bet,,No Bet,,No Bet,,No Bet,,No Bet,,No Bet,,No Bet,,No Bet,,No Bet,,,,,,,,,,,,,,,,,,,,,,,,,,,,,13,0.23414,-0.1664199999999999,Seattle Seahawks,Philadelphia Eagles,0,0,0,0,1,1,0,0,0,0,1,1,0,4.5,1.5,,,76.80278292809169,0.7624926290880379,0.9060206925705578,0.0002478585165832,0.0771907371968716,0.0054881433348083,4.219287425259487,0.0135480805112144,1.7091760077312212,7.145761033095341e-05,0.0001764009062523,0.0549366476630135,0.0222540895338581,0.0224304904401104,5.928463432990708,0.0190362238460228,0.0002478585165832,0.0771907371968716,33.0,3.0,0.7117,0.2883,0.6582,0.3415,0.8028,0.1962,Seattle Seahawks,Seattle Seahawks,Seattle Seahawks,Seattle Seahawks,Seattle Seahawks,Same,Same,Same,False,False,0.0002478585165832,0.0771907371968716,0.0002478585165832,0.0771907371968716,0.0002478585165832,0.0771907371968716,,,0.41903005979577257,0.92342012995547,1.4791182665981943,1.2513141485608557,0.46955906585963986,1.190437100729057,0.37228985170712975,1.259586578046306,0.571259566750874,1.1423202474857308
2020_12_BAL_PIT,2020,13,2020-12-02,15:40,Baltimore Ravens,Pittsburgh Steelers,Home,Robert Griffin,Ben Roethlisberger,00-0029665,00-0022924,10,10,0,0,1,-7,Acrisure Stadium,40.4468,-80.0158,America/New_York,False,False,12,12,Wednesday,False,False,0,False,False,0,1,-7,AFC North,M&T Bank Stadium,39.2789,-76.6228,America/New_York,AFC North,Acrisure Stadium,40.4468,-80.0158,America/New_York,Tennessee Titans,Jacksonville Jaguars,M&T Bank Stadium,TIAA Bank Field,Dallas Cowboys,Washington Commanders,M&T Bank Stadium,Acrisure Stadium,197,0,-197,197,0.0,0.0,America/New_York,America/New_York,0.0,0.0,0.0,0.0,0.0,0,6.69,-0.565,6.69,-0.565,Baltimore Ravens,7.255000000000001,Baltimore Ravens,7.255000000000001,6.69,-0.565,Baltimore Ravens,7.255000000000001,0.0,0,No,No,No,No,No,1,No,0.0,0.0,10.382,6.414,7.471545,0.4199549999999998,7.471545,0.4199549999999998,0.854095,0.9124049999999998,11.196415,7.366085,Baltimore Ravens,7.05159,Baltimore Ravens,7.05159,7.471545,0.4199549999999998,Baltimore Ravens,7.05159,Tie,0.0,Baltimore Ravens,3.968,5.191,3.207,Baltimore Ravens,1.984,Pittsburgh Steelers,0.0583099999999997,Baltimore Ravens,3.83033,6.025255,4.139245,Baltimore Ravens,1.88601,Different,Same,Different,Same,Different,Same,False,Home Team,Away Team,41.5,-518.0,416.0,Pittsburgh Steelers,Baltimore Ravens,-10.5,10.5,-110,-110,171,-211,-0.0583099999999997,0.0583099999999997,3.83033,-3.83033,0.1938,0.8382,0.5238,0.5238,0.6785,0.369,0.1878,0.8122,0.5,0.5,0.6477,0.3523,0.1878,0.8122,-0.3122,0.3122,36.0,14.0,71,14.0,36.0,0.0,nfl_read_py Fallback,False,T.Huntley,A.Rodgers,-5.21,-6.0,14.58,212.53,High,-16.0,6.0,41.4,41.0,12.80156769255537,26.0,58.0,0.6432,0.3556,0.0814,0.0734,0.3726,0.6274,0.4796,0.5204,13,2020-12-02,Baltimore Ravens @ Pittsburgh Steelers,0.5769,0.4228,-136,137,,,,,,,,No Bet,,No Bet,,No Bet,,No Bet,,No Bet,,No Bet,,No Bet,,No Bet,,No Bet,,,,,,,,,,,,,,,,,,,,,,,,,,,,,13,0.27798,0.12216,Pittsburgh Steelers,Baltimore Ravens,0,0,0,0,1,0,0,1,0,0,1,1,1,5.0,3.5,,,76.80278292809169,0.1223450724151865,0.1032991294919289,0.1223450724151865,0.0002024929819908,7.631790224096293,0.0029206702086689,1.7646518149289383,0.0126313543316341,0.0993686678156145,0.022976404599572,3.802818201787643e-05,0.0001644647999729,0.0231408693995449,0.0155520245403031,9.396442039025231,0.1223450724151865,0.0002024929819908,33.0,3.0,0.1878,0.8122,0.4908,0.509,0.5102,0.4894,Pittsburgh Steelers,Baltimore Ravens,Pittsburgh Steelers,Pittsburgh Steelers,Pittsburgh Steelers,Same,Different,Same,False,False,0.1223450724151865,0.0002024929819908,0.1223450724151865,0.0002024929819908,0.1223450724151865,0.0002024929819908,,,1.0500088428421914,0.29244134690904444,1.0194356504612594,1.7109967646978022,0.5031097901616898,1.1568863764270108,0.9594555265783375,0.6724209031750938,0.8800294449157242,0.8335503693208814
2020_13_NO_ATL,2020,14,2020-12-06,13:00,New Orleans Saints,Atlanta Falcons,Home,Taysom Hill,Matt Ryan,00-0033357,00-0026143,7,7,0,0,-3,9,Mercedes-Benz Stadium,33.7489,-84.388,America/New_York,False,True,13,13,Sunday,False,False,0,False,False,0,-3,9,NFC South,Caesars Superdome,29.9507,-90.0813,America/Chicago,NFC South,Mercedes-Benz Stadium,33.7489,-84.388,America/New_York,Denver Broncos,Las Vegas Raiders,Empower Field at Mile High,Mercedes-Benz Stadium,Philadelphia Eagles,Los Angeles Chargers,Lincoln Financial Field,SoFi Stadium,424,0,-424,424,-1.0,0.0,America/Denver,America/New_York,-2.0,0.0,-1.0,0.0,-1.0,0,-6.145,-0.71,-6.145,-0.71,Atlanta Falcons,5.435,Atlanta Falcons,5.435,-6.145,-0.71,Atlanta Falcons,5.435,0.0,0,No,No,No,No,No,1,No,0.0,0.0,5.562,-3.734,-4.593145,-2.1083549999999995,-4.593145,-2.1083549999999995,1.497505,-1.344005,6.966545,-4.985045,Atlanta Falcons,2.4847900000000003,Atlanta Falcons,2.4847900000000003,-4.593145,-2.1083549999999995,Atlanta Falcons,2.4847900000000003,Tie,0.0,New Orleans Saints,9.296,2.781,-1.867,New Orleans Saints,4.648,New Orleans Saints,2.8415099999999995,New Orleans Saints,11.95159,4.232025,-3.164525,New Orleans Saints,7.396549999999999,Different,Different,Different,Different,Different,Same,False,Away Team,Away Team,46.0,127.0,-141.0,New Orleans Saints,Atlanta Falcons,2.5,-2.5,135,-164,458,-660,2.8415099999999995,-2.8415099999999995,11.95159,-11.95159,0.5851,0.4405,0.6212,0.4255,0.8684,0.1792,0.5705,0.4295,0.5935,0.4065,0.8289,0.1711,0.5705,0.4295,0.0705,-0.0705,,,72,0.0,70.0,0.0,Dome,True,S.Rattler,K.Cousins,3.63,5.0,13.76,189.46,Med-High,-6.0,13.0,47.46,47.0,13.199180895618602,31.0,65.0,0.391,0.6078,0.084,0.083,0.426,0.574,0.5078,0.4576,14,2020-12-06,New Orleans Saints @ Atlanta Falcons,0.3495,0.6502,186,-186,,,,,,,,No Bet,,No Bet,,No Bet,,No Bet,,No Bet,,No Bet,,No Bet,,No Bet,,No Bet,,,,,,,,,,,,,,,,,,,,,,,,,,,,,14,0.15205,-0.195125,New Orleans Saints,Atlanta Falcons,0,0,0,0,1,0,0,1,0,0,1,1,1,4.0,1.0,,,59.85668093425521,0.9782780335041458,0.198407027071734,0.0002653499638643,0.0032647819738699,0.0068217348088037,0.1114865468764735,0.0090612333141386,0.0839324660533661,0.0001139678094797,0.0001513821543845,0.0018625581160927,0.0014022238577771,0.0015536060121617,0.1954190129298397,0.0158829681229424,0.0002653499638643,0.0032647819738699,31.0,2.0,0.5705,0.4295,0.6722,0.3276,0.7,0.2994,New Orleans Saints,New Orleans Saints,New Orleans Saints,New Orleans Saints,New Orleans Saints,Same,Same,Same,False,False,0.0002653499638643,0.0032647819738699,0.0002653499638643,0.0032647819738699,0.0002653499638643,0.0032647819738699,,,0.5756509275942068,0.7611626182963835,1.4679745105591906,1.982917646080636,0.2693812198720264,1.2965605267641138,0.621344395179173,0.9610634175912104,0.6037104301036427,1.1115197334067146
2020_13_DET_CHI,2020,14,2020-12-06,13:00,Detroit Lions,Chicago Bears,Home,Matthew Stafford,Mitch Trubisky,00-0026498,00-0033869,10,7,3,-3,3,6,Soldier Field,41.8623,-87.6167,America/Chicago,False,False,13,13,Sunday,False,False,0,False,False,0,3,6,NFC North,Ford Field,42.3395,-83.045,America/Detroit,NFC North,Soldier Field,41.8623,-87.6167,America/Chicago,Houston Texans,Green Bay Packers,Ford Field,Lambeau Field,Green Bay Packers,Houston Texans,Ford Field,Soldier Field,236,0,-236,236,1.0,0.0,America/Detroit,America/Chicago,1.0,0.0,1.0,0.0,1.0,0,4.305,-1.575,4.305,-1.575,Detroit Lions,5.88,Detroit Lions,5.88,4.305,-1.575,Detroit Lions,5.88,0.0,0,No,No,No,No,No,1,No,0.0,0.0,-3.395,-2.085,5.96541,-1.68741,5.96541,-1.68741,1.71921,-0.1712099999999999,-1.6626899999999998,-2.2693099999999995,Detroit Lions,7.65282,Detroit Lions,7.65282,5.96541,-1.68741,Detroit Lions,7.65282,Tie,0.0,Chicago Bears,1.31,-1.6975,-1.0425,Chicago Bears,0.655,Detroit Lions,1.89042,Detroit Lions,0.6066199999999997,0.02826,-1.2202599999999997,Detroit Lions,1.2485199999999996,Different,Different,Same,Same,Different,Different,False,Away Team,Away Team,44.0,-161.0,145.0,Chicago Bears,Detroit Lions,-3.0,3.0,108,-131,-104,-116,1.89042,-1.89042,0.6066199999999997,-0.6066199999999997,0.4082,0.6169,0.5671,0.4808,0.537,0.5098,0.3982,0.6018,0.5412,0.4588,0.513,0.487,0.3982,0.6018,-0.1018,0.1018,35.0,5.0,73,5.0,35.0,0.0,nfl_read_py Fallback,False,J.Goff,C.Williams,3.3,4.0,12.73,162.04,Med-Low,-6.0,12.0,49.65,49.0,13.615409987136765,33.0,68.0,0.3958,0.6036,0.1006,0.0966,0.3022,0.6448,0.6272,0.3452,14,2020-12-06,Detroit Lions @ Chicago Bears,0.4858,0.514,106,-106,,,,,,,,No Bet,,No Bet,,No Bet,,No Bet,,No Bet,,No Bet,,No Bet,,No Bet,,No Bet,,,,,,,,,,,,,,,,,,,,,,,,,,,,,14,-0.237975,0.0069249999999999,Chicago Bears,Detroit Lions,0,0,0,0,0,1,1,0,0,0,1,1,1,0.5,3.0,,,59.85668093425521,0.9798706977108188,0.9732116485624878,0.0041325896793043,0.0002316292967715,0.1488631147031502,0.0055208681551111,0.0984999871631678,0.0083436927567701,0.0024869924690053,0.001645597210299,9.223478597443614e-05,0.0001393945107971,0.0017849917210961,0.0138645609118813,0.2473631018663181,0.0041325896793043,0.0002316292967715,31.0,2.0,0.3982,0.6018,0.4537,0.5461,0.6198,0.3794,Chicago Bears,Detroit Lions,Chicago Bears,Detroit Lions,Detroit Lions,Same,Same,Different,False,False,0.0041325896793043,0.0002316292967715,0.0041325896793043,0.0002316292967715,0.0041325896793043,0.0002316292967715,,,0.8025980993468275,0.5342154465437593,1.5044020978202712,1.9464900588195568,0.7594145849931515,0.8065271616429861,0.6230000592000994,0.9594077535702858,0.8275057620851686,0.8877244014251886
2020_13_IND_HOU,2020,14,2020-12-06,13:00,Indianapolis Colts,Houston Texans,Home,Philip Rivers,Deshaun Watson,00-0022942,00-0033537,7,10,-3,3,7,1,NRG Stadium,29.6847,-95.4093,America/Chicago,False,False,13,13,Sunday,False,False,0,False,False,0,7,1,AFC South,Lucas Oil Stadium,39.7601,-86.1638,America/Indiana/Indianapolis,AFC South,NRG Stadium,29.6847,-95.4093,America/Chicago,Tennessee Titans,Detroit Lions,Lucas Oil Stadium,Ford Field,Las Vegas Raiders,Chicago Bears,Allegiant Stadium,Soldier Field,870,0,-870,870,1.0,0.0,America/Indiana/Indianapolis,America/Detroit,1.0,1.0,1.0,0.0,1.0,0,-2.265,0.035,-2.265,0.035,Houston Texans,2.3000000000000003,Houston Texans,2.3000000000000003,-2.265,0.035,Houston Texans,2.3000000000000003,0.0,0,No,No,No,No,No,1,No,0.0,0.0,1.161,-4.47,-3.17393,-0.66807,-3.17393,-0.66807,-0.93193,-0.68007,0.1727600000000001,-5.09376,Houston Texans,2.50586,Houston Texans,2.50586,-3.17393,-0.66807,Houston Texans,2.50586,Tie,0.0,Indianapolis Colts,5.631,0.5805,-2.235,Indianapolis Colts,2.8155,Houston Texans,0.2518600000000001,Indianapolis Colts,5.26652,-0.3795849999999999,-2.886915,Indianapolis Colts,2.50733,Different,Different,Same,Different,Different,Same,False,Home Team,Away Team,50.0,157.0,-176.0,Indianapolis Colts,Houston Texans,3.5,-3.5,-116,-104,195,-244,-0.2518600000000001,0.2518600000000001,5.26652,-5.26652,0.6377,0.3891,0.5098,0.537,0.7093,0.339,0.621,0.379,0.487,0.513,0.6766,0.3234,0.621,0.379,0.121,-0.121,,,74,0.0,70.0,0.0,Dome,True,D.Jones,C.Stroud,6.09,7.0,13.09,171.35,Medium,-3.0,15.0,47.52,47.0,13.598797794668911,31.0,66.0,0.3136,0.6852,0.079,0.0886,0.3962,0.6038,0.3892,0.574,14,2020-12-06,Indianapolis Colts @ Houston Texans,0.3822,0.6175,162,-161,,,,,,,,No Bet,,No Bet,,No Bet,,No Bet,,No Bet,,No Bet,,No Bet,,No Bet,,No Bet,,,,,,,,,,,,,,,,,,,,,,,,,,,,,14,0.180425,-0.05765,Indianapolis Colts,Houston Texans,0,0,0,0,1,1,0,0,0,0,1,1,1,4.0,2.0,,,59.85668093425521,0.2941856856575641,0.200592875663957,8.126845079486404e-05,0.0028030925876483,0.0018436302373855,0.1041937513804337,0.0030208294918638,0.0635900672676077,3.080074285125347e-05,5.046770794361057e-05,0.0017407204969296,0.0010623720907187,0.0011128397986623,0.1677838186480415,0.0048644597292493,8.126845079486404e-05,0.0028030925876483,31.0,2.0,0.621,0.379,0.5816,0.4184,0.6922,0.3074,Indianapolis Colts,Indianapolis Colts,Indianapolis Colts,Indianapolis Colts,Indianapolis Colts,Same,Same,Same,False,False,8.126845079486404e-05,0.0028030925876483,8.126845079486404e-05,0.0028030925876483,8.126845079486404e-05,0.0028030925876483,,,0.5079526906707854,0.8288608552198059,1.8285894390211987,1.6223027176186184,0.5084176256093852,1.057524121026754,0.49841767597073705,1.083990136799647,0.6595215454339853,1.0557086180763742
2020_13_CIN_MIA,2020,14,2020-12-06,13:00,Cincinnati Bengals,Miami Dolphins,Home,Brandon Allen,Tua Tagovailoa,00-0032434,00-0036212,7,7,0,0,0,4,Hard Rock Stadium,25.9602,-80.2384,America/New_York,False,False,13,13,Sunday,False,False,0,False,False,0,0,4,AFC North,Paycor Stadium,39.0955,-84.5165,America/New_York,AFC East,Hard Rock Stadium,25.9602,-80.2384,America/New_York,New York Giants,New York Jets,Paycor Stadium,MetLife Stadium,Dallas Cowboys,Kansas City Chiefs,Paycor Stadium,Hard Rock Stadium,940,0,-940,940,0.0,0.0,America/New_York,America/New_York,0.0,0.0,0.0,0.0,0.0,0,1.31,0.66,1.31,0.66,Cincinnati Bengals,0.65,Cincinnati Bengals,0.65,1.31,0.66,Cincinnati Bengals,0.65,0.0,0,No,No,No,No,No,0,No,0.0,0.0,-3.384,-1.128,0.1394999999999999,0.7710000000000001,0.1394999999999999,0.7710000000000001,-1.1705,0.111,-4.5545,-1.017,Miami Dolphins,0.6315000000000002,Miami Dolphins,0.6315000000000002,0.1394999999999999,0.7710000000000001,Miami Dolphins,0.6315000000000002,Tie,0.0,Miami Dolphins,2.256,-1.692,-0.564,Miami Dolphins,1.128,Miami Dolphins,1.2815,Miami Dolphins,3.5375,-2.8625,-0.4529999999999999,Miami Dolphins,2.4095,Different,Different,Same,Same,Different,Same,False,Home Team,Home Team,43.0,-491.0,397.0,Miami Dolphins,Cincinnati Bengals,-10.5,10.5,-128,105,-191,156,-1.2815,1.2815,-3.5375,3.5375,0.2012,0.8308,0.4878,0.5614,0.3906,0.6564,0.195,0.805,0.4649,0.5351,0.3731,0.6269,0.195,0.805,-0.305,0.305,81.0,5.0,75,5.0,81.0,0.0,nfl_read_py Fallback,False,J.Flacco,T.Tagovailoa,-2.08,-3.0,13.72,188.36,Med-High,-12.0,7.0,47.12,47.0,13.316110107598222,30.0,64.0,0.5658,0.4326,0.0878,0.0842,0.6884,0.3116,0.419,0.581,14,2020-12-06,Cincinnati Bengals @ Miami Dolphins,0.6332,0.3664,-173,173,,,,,,,,No Bet,,No Bet,,No Bet,,No Bet,,No Bet,,No Bet,,No Bet,,No Bet,,No Bet,,,,,,,,,,,,,,,,,,,,,,,,,,,,,14,-0.271325,-0.0364749999999999,Miami Dolphins,Cincinnati Bengals,0,0,0,0,0,1,1,0,0,0,1,1,0,0.5,2.5,,,59.85668093425521,0.1257328412483925,0.9993317597991824,0.1257328412483925,0.0002408000996261,6.05839020205773,0.0028106314727904,1.467560359504667,0.0116028632594682,0.101214937204956,0.0245179040434365,4.695601942709707e-05,0.000193844080199,0.0247117481236355,0.0144134947322586,7.5259505615623965,0.1257328412483925,0.0002408000996261,31.0,2.0,0.195,0.805,0.4082,0.5916,0.5036,0.4952,Miami Dolphins,Cincinnati Bengals,Miami Dolphins,Miami Dolphins,Miami Dolphins,Same,Different,Same,False,False,0.1257328412483925,0.0002408000996261,0.1257328412483925,0.0002408000996261,0.1257328412483925,0.0002408000996261,,,1.0326394183176684,0.3041741275729219,1.180723473081589,2.270168683558231,0.8932927295167268,0.672649017119413,0.8038665154134939,0.7785412973568893,0.9662320499225738,0.7489981135877851
2020_13_JAX_MIN,2020,14,2020-12-06,13:00,Jacksonville Jaguars,Minnesota Vikings,Home,Mike Glennon,Kirk Cousins,00-0030520,00-0029604,7,7,0,0,-12,-1,U.S. Bank Stadium,44.9738,-93.2575,America/Chicago,False,False,13,13,Sunday,False,False,0,False,False,0,-12,-1,AFC South,TIAA Bank Field,30.3239,-81.6554,America/New_York,NFC North,U.S. Bank Stadium,44.9738,-93.2575,America/Chicago,Cleveland Browns,Carolina Panthers,TIAA Bank Field,U.S. Bank Stadium,Tennessee Titans,Tampa Bay Buccaneers,TIAA Bank Field,Raymond James Stadium,1191,0,-1191,1191,1.0,0.0,America/New_York,America/Chicago,1.0,0.0,1.0,0.0,1.0,0,-1.825,0.27,-1.825,0.27,Minnesota Vikings,2.095,Minnesota Vikings,2.095,-1.825,0.27,Minnesota Vikings,2.095,0.0,0,No,No,No,No,No,0,No,0.0,0.0,-10.251,-2.71,-2.4465,-1.162,-2.4465,-1.162,-0.6215000000000002,-1.432,-10.8725,-4.142,Minnesota Vikings,1.2845,Minnesota Vikings,1.2845,-2.4465,-1.162,Minnesota Vikings,1.2845,Tie,0.0,Minnesota Vikings,7.540999999999999,-5.1255,-1.355,Minnesota Vikings,3.7705,Jacksonville Jaguars,0.8104999999999998,Minnesota Vikings,6.730500000000001,-5.747,-2.787,Minnesota Vikings,2.96,Different,Same,Different,Same,Different,Same,False,Away Team,Home Team,51.0,-445.0,365.0,Minnesota Vikings,Jacksonville Jaguars,-10.5,10.5,101,-122,-282,224,0.8104999999999998,-0.8104999999999998,-6.730500000000001,6.730500000000001,0.2151,0.8165,0.5495,0.4975,0.3086,0.7382,0.2085,0.7915,0.5248,0.4752,0.2948,0.7052,0.2085,0.7915,-0.2915,0.2915,,,76,0.0,70.0,0.0,Dome,True,T.Lawrence,C.Wentz,-15.51,-15.0,13.4,179.47,Medium,-24.0,-7.0,55.43,55.0,13.88978941128979,38.0,74.0,0.88,0.119,0.0458,0.0512,0.6504,0.3496,0.5928,0.3728,14,2020-12-06,Jacksonville Jaguars @ Minnesota Vikings,0.713,0.2868,-248,249,,,,,,,,No Bet,,No Bet,,No Bet,,No Bet,,No Bet,,No Bet,,No Bet,,No Bet,,No Bet,,,,,,,,,,,,,,,,,,,,,,,,,,,,,14,-0.328225,-0.069525,Minnesota Vikings,Jacksonville Jaguars,0,0,0,0,0,0,1,1,0,0,1,1,0,0.0,2.0,,,59.85668093425521,0.8421554818641084,0.996736655629318,0.2475712931508059,0.0002886993807229,11.729076956914826,0.0036030023306723,3.0897189456939245,0.0136775843871806,0.1959526785288628,0.051618614621943,6.0193820880743104e-05,0.0002285055598422,0.0518471201817852,0.0172805867178529,14.81879590260875,0.2475712931508059,0.0002886993807229,31.0,2.0,0.2085,0.7915,0.2859,0.7138,0.2466,0.7522,Minnesota Vikings,Minnesota Vikings,Minnesota Vikings,Minnesota Vikings,Minnesota Vikings,Same,Same,Same,False,False,0.2475712931508059,0.0002886993807229,0.2475712931508059,0.0002886993807229,0.2475712931508059,0.0002886993807229,,,0.9638042583184333,0.3730092875721558,0.8441518292285939,2.606740327411235,0.943940636616278,0.6220011100198635,1.2825032297327585,0.29990458303762335,1.0156397686357035,0.6995903948746571
2020_13_LV_NYJ,2020,14,2020-12-06,13:00,Las Vegas Raiders,New York Jets,Home,Derek Carr,Sam Darnold,00-0031280,00-0034869,7,7,0,0,0,10,MetLife Stadium,40.8136,-74.0744,America/New_York,False,True,13,13,Sunday,False,False,0,False,False,0,0,10,AFC West,Allegiant Stadium,36.108,-115.1578,America/Los_Angeles,AFC East,MetLife Stadium,40.8136,-74.0744,America/New_York,Atlanta Falcons,Miami Dolphins,Mercedes-Benz Stadium,MetLife Stadium,Indianapolis Colts,Seattle Seahawks,Allegiant Stadium,Lumen Field,2224,0,-2224,2224,-3.0,0.0,America/New_York,America/New_York,0.0,0.0,0.0,0.0,0.0,0,-2.35,-3.725,-2.35,-3.725,Las Vegas Raiders,1.375,Las Vegas Raiders,1.375,-2.35,-3.725,Las Vegas Raiders,1.375,0.0,0,No,No,No,No,No,0,No,0.0,0.0,-0.946,-12.282,-1.667,-1.749,-1.667,-1.749,0.683,1.976,-0.2629999999999999,-10.306,Las Vegas Raiders,0.082,Las Vegas Raiders,0.082,-1.667,-1.749,Las Vegas Raiders,0.082,Tie,0.0,Las Vegas Raiders,11.336,-0.473,-6.141,Las Vegas Raiders,5.668,New York Jets,1.293,Las Vegas Raiders,10.043,0.21,-4.165000000000001,Las Vegas Raiders,4.375000000000001,Different,Same,Different,Same,Different,Same,False,Home Team,Away Team,48.0,295.0,-349.0,Las Vegas Raiders,New York Jets,7.5,-7.5,-128,105,356,-483,-1.293,1.293,10.043,-10.043,0.7773,0.2532,0.4878,0.5614,0.8285,0.2193,0.7543,0.2457,0.4649,0.5351,0.7907,0.2093,0.7543,0.2457,0.2543,-0.2543,39.0,18.0,77,18.0,39.0,0.0,nfl_read_py Fallback,False,G.Smith,J.Fields,-1.24,-3.0,13.34,177.92,Medium,-11.0,9.0,39.0,38.0,12.525349178142974,23.0,55.0,0.537,0.462,0.107,0.0876,0.737,0.263,0.2166,0.7624,14,2020-12-06,Las Vegas Raiders @ New York Jets,0.3818,0.618,162,-162,,,,,,,,No Bet,,No Bet,,No Bet,,No Bet,,No Bet,,No Bet,,No Bet,,No Bet,,No Bet,,,,,,,,,,,,,,,,,,,,,,,,,,,,,14,0.0252249999999999,-0.2811249999999999,Las Vegas Raiders,New York Jets,0,0,0,0,0,0,1,1,0,0,1,1,0,3.0,0.5,,,59.85668093425521,0.9997452844162492,0.978586652731768,0.0002408000996261,0.102217679879632,0.0035413956557159,4.615117455312928,0.0108720990765427,1.503293595082045,5.916458447814231e-05,0.0001816355151479,0.0771027959332064,0.0251148839464255,0.0252965194615735,6.118411050394973,0.0144134947322586,0.0002408000996261,0.102217679879632,31.0,2.0,0.7543,0.2457,0.5453,0.4542,0.487,0.5112,Las Vegas Raiders,New York Jets,Las Vegas Raiders,New York Jets,Las Vegas Raiders,Same,Same,Same,False,False,0.0002408000996261,0.102217679879632,0.0002408000996261,0.102217679879632,0.0002408000996261,0.102217679879632,,,0.36858808322096526,0.9682254626696235,2.399239153942629,1.0516530026972015,0.38510207028522175,1.18083967635092,0.9224173808089735,0.6599904319614109,0.7556061034115491,0.9596240600988097
2020_13_CLE_TEN,2020,14,2020-12-06,13:00,Cleveland Browns,Tennessee Titans,Home,Baker Mayfield,Ryan Tannehill,00-0034855,00-0029701,7,7,0,0,10,7,Nissan Stadium,36.1664,-86.7716,America/Chicago,False,True,13,13,Sunday,False,False,0,False,False,0,10,7,AFC North,FirstEnergy Stadium,41.5061,-81.6994,America/New_York,AFC South,Nissan Stadium,36.1664,-86.7716,America/Chicago,Jacksonville Jaguars,Indianapolis Colts,TIAA Bank Field,Lucas Oil Stadium,Baltimore Ravens,Jacksonville Jaguars,FirstEnergy Stadium,TIAA Bank Field,458,0,-458,458,1.0,0.0,America/New_York,America/Indiana/Indianapolis,1.0,1.0,1.0,0.0,1.0,0,-4.705,-4.36,-4.705,-4.36,Tennessee Titans,0.3449999999999997,Tennessee Titans,0.3449999999999997,-4.705,-4.36,Tennessee Titans,0.3449999999999997,0.0,0,No,No,No,No,No,0,No,0.0,0.0,-0.295,-0.583,-5.951499999999999,-4.978000000000001,-5.951499999999999,-4.978000000000001,-1.2465,-0.6179999999999999,-1.5415,-1.2009999999999998,Tennessee Titans,0.9734999999999988,Tennessee Titans,0.9734999999999988,-5.951499999999999,-4.978000000000001,Tennessee Titans,0.9734999999999988,Tie,0.0,Cleveland Browns,0.288,-0.1475,-0.2915,Cleveland Browns,0.144,Tennessee Titans,0.6285000000000001,Tennessee Titans,0.3405,-1.394,-0.9095,Tennessee Titans,0.4845,Different,Different,Same,Same,Different,Different,False,Home Team,Home Team,54.0,-200.0,178.0,Tennessee Titans,Cleveland Browns,-4.0,4.0,-116,-104,-116,-104,-0.6285000000000001,0.6285000000000001,-0.3405,0.3405,0.3597,0.6667,0.5098,0.537,0.5098,0.537,0.3505,0.6495,0.487,0.513,0.487,0.513,0.3505,0.6495,-0.1495,0.1495,52.0,1.0,78,1.0,52.0,0.0,nfl_read_py Fallback,False,D.Gabriel,C.Ward,2.73,3.0,14.5,210.37,High,-7.0,13.0,55.59,55.0,14.838589909762383,37.0,75.0,0.4154,0.584,0.0836,0.085,0.3246,0.6534,0.5108,0.4582,14,2020-12-06,Cleveland Browns @ Tennessee Titans,0.5227,0.4771,-110,110,,,,,,,,No Bet,,No Bet,,No Bet,,No Bet,,No Bet,,No Bet,,No Bet,,No Bet,,No Bet,,,,,,,,,,,,,,,,,,,,,,,,,,,,,14,0.062575,0.1598,Tennessee Titans,Cleveland Browns,0,0,0,0,1,0,0,1,0,0,1,1,0,3.0,4.0,,,59.85668093425521,0.5609677869098925,0.5583123909679849,0.0051186345083118,7.079901224137997e-05,0.1989967149427167,0.0014853467571105,0.1073877576403729,0.0027524471290821,0.0033245531131485,0.0017940813951632,2.481505379060368e-05,4.5983958450776295e-05,0.001840065353614,0.0042377938861927,0.3063844725830896,0.0051186345083118,7.079901224137997e-05,31.0,2.0,0.3505,0.6495,0.4667,0.5332,0.5574,0.4422,Tennessee Titans,Cleveland Browns,Tennessee Titans,Cleveland Browns,Tennessee Titans,Same,Same,Same,False,False,0.0051186345083118,7.079901224137997e-05,0.0051186345083118,7.079901224137997e-05,0.0051186345083118,7.079901224137997e-05,,,0.8659242450982514,0.47088930079233887,1.667615173456964,1.7832769831828532,0.7991928074097325,0.7667489392264086,0.652999029360564,0.9294087834098187,0.8891297612080273,0.8261004023023321
2020_13_LA_ARI,2020,14,2020-12-06,16:05,Los Angeles Rams,Arizona Cardinals,Home,Jared Goff,Kyler Murray,00-0033106,00-0035228,7,7,0,0,-9,-1,State Farm Stadium,33.5277,-112.262608,America/Denver,False,False,13,13,Sunday,False,False,0,False,False,0,-9,-1,NFC West,SoFi Stadium,33.9535,-118.3395,America/Los_Angeles,NFC West,State Farm Stadium,33.5277,-112.262608,America/Denver,San Francisco 49ers,New England Patriots,SoFi Stadium,Gillette Stadium,New England Patriots,New York Giants,SoFi Stadium,MetLife Stadium,350,0,-350,350,-1.0,0.0,America/Los_Angeles,America/New_York,-1.0,2.0,-1.0,0.0,-1.0,0,1.29,0.075,1.29,0.075,Los Angeles Rams,1.215,Los Angeles Rams,1.215,1.29,0.075,Los Angeles Rams,1.215,0.0,0,No,No,No,No,No,1,No,0.0,0.0,4.374,-0.61,0.5526400000000001,-0.90364,0.5526400000000001,-0.90364,-0.72521,-0.99079,3.5989499999999994,-1.5509499999999998,Los Angeles Rams,1.45628,Los Angeles Rams,1.45628,0.5526400000000001,-0.90364,Los Angeles Rams,1.45628,Tie,0.0,Los Angeles Rams,4.984,2.187,-0.305,Los Angeles Rams,2.492,Los Angeles Rams,0.26558,Los Angeles Rams,5.149899999999999,1.4368699999999996,-1.27087,Los Angeles Rams,2.70774,Different,Same,Same,Same,Different,Same,False,Away Team,Away Team,49.0,130.0,-144.0,Los Angeles Rams,Arizona Cardinals,2.5,-2.5,-104,-116,188,-234,0.26558,-0.26558,5.149899999999999,-5.149899999999999,0.5902,0.4348,0.537,0.5098,0.7006,0.3472,0.5758,0.4242,0.513,0.487,0.6686,0.3314,0.5758,0.4242,0.0758,-0.0758,,,79,0.0,70.0,0.0,Dome,True,M.Stafford,J.Brissett,8.93,10.0,14.06,197.73,High,-1.0,19.0,49.38,49.0,13.620568232485573,32.0,67.0,0.2572,0.7428,0.0664,0.0678,0.2836,0.7164,0.4804,0.4868,14,2020-12-06,Los Angeles Rams @ Arizona Cardinals,0.375,0.625,167,-167,,,,,,,,No Bet,,No Bet,,No Bet,,No Bet,,No Bet,,No Bet,,No Bet,,No Bet,,No Bet,,,,,,,,,,,,,,,,,,,,,,,,,,,,,14,0.145325,0.0966,Los Angeles Rams,Arizona Cardinals,0,0,0,0,0,1,1,0,0,0,1,1,1,4.0,3.5,,,59.85668093425521,0.5820730783573309,0.1676840643500557,0.0003436474221701,0.0027736861479398,0.0087256218183724,0.0955964158095903,0.0118439722843443,0.0704272309594099,0.0001457752364845,0.0001978721856855,0.0015970884839837,0.001176597663956,0.0013744698496416,0.1660236467690002,0.0205695941027167,0.0003436474221701,0.0027736861479398,31.0,2.0,0.5758,0.4242,0.6599,0.34,0.696,0.3036,Los Angeles Rams,Los Angeles Rams,Los Angeles Rams,Los Angeles Rams,Los Angeles Rams,Same,Same,Same,False,False,0.0003436474221701,0.0027736861479398,0.0003436474221701,0.0027736861479398,0.0003436474221701,0.0027736861479398,,,0.5682795715540805,0.7685339743365122,1.7336382822579877,1.7172538743818309,0.5207518072362923,1.0451899393998483,0.40872988833098667,1.1736779244393956,0.6467281887375956,1.0685019747727633
2020_13_NYG_SEA,2020,14,2020-12-06,16:05,New York Giants,Seattle Seahawks,Home,Colt McCoy,Russell Wilson,00-0027688,00-0029263,7,6,1,-1,-5,0,Lumen Field,47.5952,-122.3316,America/Los_Angeles,False,True,13,13,Sunday,False,False,0,False,False,0,-5,0,NFC East,MetLife Stadium,40.8136,-74.0744,America/New_York,NFC West,Lumen Field,47.5952,-122.3316,America/Los_Angeles,Cincinnati Bengals,Philadelphia Eagles,Paycor Stadium,Lincoln Financial Field,Arizona Cardinals,New York Jets,MetLife Stadium,Lumen Field,2394,0,-2394,2394,3.0,0.0,America/New_York,America/New_York,3.0,3.0,3.0,0.0,3.0,0,-2.84,-0.13,-2.84,-0.13,Seattle Seahawks,2.71,Seattle Seahawks,2.71,-2.84,-0.13,Seattle Seahawks,2.71,-0.2249999999999999,0,No,No,No,No,No,0,Yes,0.0,0.0,-4.519,1.039,-2.756,-2.049,-2.756,-2.049,0.084,-1.919,-4.435,-0.88,Seattle Seahawks,0.7069999999999999,Seattle Seahawks,0.7069999999999999,-2.756,-2.049,Seattle Seahawks,0.7069999999999999,Tie,0.0,Seattle Seahawks,5.558,-2.2595,0.5195,Seattle Seahawks,2.779,New York Giants,2.003,Seattle Seahawks,3.555,-2.1755,-1.3995,Seattle Seahawks,0.776,Different,Same,Different,Same,Different,Same,False,Away Team,Home Team,48.5,-514.0,413.0,Seattle Seahawks,New York Giants,-11.0,11.0,108,-131,-191,156,2.003,-2.003,-3.555,3.555,0.1949,0.8371,0.5671,0.4808,0.3906,0.6564,0.1889,0.8111,0.5412,0.4588,0.3731,0.6269,0.1889,0.8111,-0.3111,0.3111,51.0,4.0,80,4.0,51.0,0.0,nfl_read_py Fallback,False,J.Dart,S.Darnold,-2.4,-3.0,13.83,191.17,Med-High,-13.0,8.0,44.47,43.0,12.971420685141554,29.0,61.10000000000037,0.5718,0.4278,0.08,0.0832,0.2718,0.7084,0.3682,0.6318,14,2020-12-06,New York Giants @ Seattle Seahawks,0.6172,0.3828,-161,161,,,,,,,,No Bet,,No Bet,,No Bet,,No Bet,,No Bet,,No Bet,,No Bet,,No Bet,,No Bet,,,,,,,,,,,,,,,,,,,,,,,,,,,,,14,-0.13445,0.2149,Seattle Seahawks,New York Giants,0,0,0,0,0,1,1,0,0,0,1,1,0,1.5,4.5,,,59.85668093425521,0.8355308598667729,0.9157061059082432,0.1989176478268838,0.0001924843635973,9.65740284951071,0.0021764066533189,2.2491473286556194,0.0093450684833617,0.1613421041523854,0.0375755436744983,3.636029628354255e-05,0.0001561240673138,0.0377316677418121,0.0115214751366807,11.90655017816633,0.1989176478268838,0.0001924843635973,31.0,2.0,0.1889,0.8111,0.3992,0.6006,0.5516,0.4474,Seattle Seahawks,New York Giants,Seattle Seahawks,Seattle Seahawks,Seattle Seahawks,Same,Different,Same,False,False,0.1989176478268838,0.0001924843635973,0.1989176478268838,0.0001924843635973,0.1989176478268838,0.0001924843635973,,,1.0139272309444955,0.32288631494609404,0.8706370172721488,2.580255139367675,0.8455736422605384,0.7203681043756031,0.7662952280899681,0.8161125846804141,0.8818233275858313,0.8334068359245271
2020_13_PHI_GB,2020,14,2020-12-06,16:25,Philadelphia Eagles,Green Bay Packers,Home,Carson Wentz,Aaron Rodgers,00-0032950,00-0023459,6,7,-1,1,-4,-8,Lambeau Field,44.5013,-88.0622,America/Chicago,False,False,13,13,Sunday,False,False,0,False,False,0,-4,-8,NFC East,Lincoln Financial Field,39.9008,-75.1675,America/New_York,NFC North,Lambeau Field,44.5013,-88.0622,America/Chicago,Seattle Seahawks,Chicago Bears,Lincoln Financial Field,Lambeau Field,New Orleans Saints,Detroit Lions,Lincoln Financial Field,Ford Field,731,0,-731,731,1.0,0.0,America/New_York,America/Chicago,1.0,0.0,1.0,0.0,1.0,0,4.905,3.535,4.905,3.535,Philadelphia Eagles,1.37,Philadelphia Eagles,1.37,4.905,3.535,Philadelphia Eagles,1.37,0.0,0,No,No,No,No,Yes,0,No,0.0,0.0,-4.678,4.584,5.2115,3.7305,5.2115,3.7305,0.3065,0.1954999999999999,-4.3715,4.7795,Philadelphia Eagles,1.481,Philadelphia Eagles,1.481,5.2115,3.7305,Philadelphia Eagles,1.481,Tie,0.0,Green Bay Packers,9.262,-2.339,2.292,Green Bay Packers,4.631,Philadelphia Eagles,0.111,Green Bay Packers,9.151,-2.0325,2.4875,Green Bay Packers,4.52,Different,Different,Same,Different,Different,Same,False,Away Team,Home Team,50.0,-393.0,328.0,Green Bay Packers,Philadelphia Eagles,-8.0,8.0,-110,-110,-416,314,0.111,-0.111,-9.151,9.151,0.2336,0.7972,0.5238,0.5238,0.2415,0.8062,0.2267,0.7733,0.5,0.5,0.2305,0.7695,0.2267,0.7733,-0.2733,0.2733,34.0,9.0,81,9.0,34.0,0.0,nfl_read_py Fallback,False,J.Hurts,J.Love,-15.67,-17.0,13.25,175.5,Medium,-24.0,-8.0,46.34,46.0,12.772610693072242,30.0,63.0,0.8816,0.1184,0.0452,0.0374,0.7346,0.248,0.3566,0.6016,14,2020-12-06,Philadelphia Eagles @ Green Bay Packers,0.7311,0.2689,-272,272,,,,,,,,No Bet,,No Bet,,No Bet,,No Bet,,No Bet,,No Bet,,No Bet,,No Bet,,No Bet,,,,,,,,,,,,,,,,,,,,,,,,,,,,,14,-0.1397,0.2038,Green Bay Packers,Philadelphia Eagles,0,0,0,0,1,1,0,0,0,0,1,1,0,1.5,4.5,,,59.85668093425521,0.3038821637796824,0.7624009410216575,0.0879266554748923,0.0001767890049689,4.069876169645992,0.0023989400944073,1.1931215927308243,0.008183062968704,0.0679936826787342,0.0199329727961581,4.0078067426462666e-05,0.0001367109375424,0.0200696837337005,0.0105820030631113,5.262997762376816,0.0879266554748923,0.0001767890049689,31.0,2.0,0.2267,0.7733,0.318,0.6819,0.1114,0.8882,Green Bay Packers,Green Bay Packers,Green Bay Packers,Green Bay Packers,Green Bay Packers,Same,Same,Same,False,False,0.0879266554748923,0.0001767890049689,0.0879266554748923,0.0001767890049689,0.0879266554748923,0.0001767890049689,,,1.0010424214211504,0.33577112446944046,1.1772348728406399,2.273657283799183,1.15310909137004,0.41283265526610025,1.3585189251657805,0.22388888760460282,1.1715353026224018,0.5436948608879545
2020_13_NE_LAC,2020,14,2020-12-06,16:25,New England Patriots,Los Angeles Chargers,Home,Cam Newton,Justin Herbert,00-0027939,00-0036355,7,7,0,0,-6,-10,SoFi Stadium,33.9535,-118.3395,America/Los_Angeles,False,False,13,13,Sunday,False,False,0,False,False,0,-6,-10,AFC East,Gillette Stadium,42.0628,-71.2687,America/New_York,AFC West,SoFi Stadium,33.9535,-118.3395,America/Los_Angeles,Arizona Cardinals,Buffalo Bills,Gillette Stadium,Highmark Stadium,Los Angeles Rams,Atlanta Falcons,SoFi Stadium,SoFi Stadium,2588,0,-2588,2588,3.0,0.0,America/New_York,America/New_York,3.0,3.0,3.0,0.0,3.0,0,-1.995,0.935,-1.995,0.935,Los Angeles Chargers,2.93,Los Angeles Chargers,2.93,-1.995,0.935,Los Angeles Chargers,2.93,-0.2249999999999999,0,No,No,No,No,No,0,No,0.0,0.0,0.079,-0.754,-2.8105,0.8305,-2.8105,0.8305,-0.8155,-0.1044999999999999,-0.7364999999999999,-0.8585,Los Angeles Chargers,3.641,Los Angeles Chargers,3.641,-2.8105,0.8305,Los Angeles Chargers,3.641,Tie,0.0,New England Patriots,0.833,0.0395,-0.377,New England Patriots,0.4165,Los Angeles Chargers,0.7110000000000001,New England Patriots,0.1220000000000001,-0.776,-0.4815,Los Angeles Chargers,0.2945,Different,Different,Same,Different,Different,Same,False,Home Team,Away Team,47.0,-129.0,117.0,Los Angeles Chargers,New England Patriots,-2.5,2.5,-116,-104,-110,-110,-0.7110000000000001,0.7110000000000001,0.1220000000000001,-0.1220000000000001,0.4608,0.5633,0.5098,0.537,0.5238,0.5238,0.45,0.55,0.487,0.513,0.5,0.5,0.45,0.55,-0.05,0.05,,,82,0.0,70.0,0.0,Dome,True,D.Maye,J.Herbert,-6.45,-7.0,13.54,183.4,Med-High,-16.0,3.0,51.8,51.0,13.635727577702433,35.0,70.0,0.6906,0.3092,0.0776,0.0746,0.6494,0.3506,0.6064,0.357,14,2020-12-06,New England Patriots @ Los Angeles Chargers,0.5634,0.4366,-129,129,,,,,,,,No Bet,,No Bet,,No Bet,,No Bet,,No Bet,,No Bet,,No Bet,,No Bet,,No Bet,,,,,,,,,,,,,,,,,,,,,,,,,,,,,14,-0.06955,0.0422,Los Angeles Chargers,New England Patriots,0,0,0,0,0,1,1,0,0,0,1,1,0,2.0,3.0,,,59.85668093425521,0.3562327458941599,0.4855040760701909,0.0036609282045712,0.0003798119138441,0.1205220563053303,0.0102304262438988,0.0986089551589066,0.0125038542980985,0.0020135105125141,0.001647417692057,0.0001709153612298,0.0002088965526142,0.0018563142446713,0.0227342805419973,0.2191310114642369,0.0036609282045712,0.0003798119138441,31.0,2.0,0.45,0.55,0.5123,0.4873,0.3876,0.6108,Los Angeles Chargers,Los Angeles Chargers,New England Patriots,Los Angeles Chargers,Los Angeles Chargers,Same,Same,Different,False,False,0.0036609282045712,0.0003798119138441,0.0036609282045712,0.0003798119138441,0.0036609282045712,0.0003798119138441,,,0.7336029135721117,0.6032106323184796,1.7001779694477526,1.750714187192064,0.7802699293780683,0.7856718172580733,1.090203501881477,0.4922043108889058,0.9614678485945363,0.7537623149158231
2020_13_DEN_KC,2020,14,2020-12-06,20:20,Denver Broncos,Kansas City Chiefs,Home,Drew Lock,Patrick Mahomes,00-0035704,00-0033873,7,7,0,0,2,7,GEHA Field at Arrowhead Stadium,39.0489,-94.4839,America/Chicago,False,False,13,13,Sunday,False,False,0,False,False,0,2,7,AFC West,Empower Field at Mile High,39.7648,-105.0076,America/Denver,AFC West,GEHA Field at Arrowhead Stadium,39.0489,-94.4839,America/Chicago,New Orleans Saints,Tampa Bay Buccaneers,Empower Field at Mile High,Raymond James Stadium,Carolina Panthers,Miami Dolphins,Bank of America Stadium,Hard Rock Stadium,563,0,-563,563,-1.0,0.0,America/Denver,America/New_York,-1.0,1.0,-1.0,0.0,-1.0,0,2.05,4.395,2.05,4.395,Kansas City Chiefs,2.345,Kansas City Chiefs,2.345,2.05,4.395,Kansas City Chiefs,2.345,0.0,0,No,No,No,No,No,1,No,0.0,0.0,-1.501,7.793,2.667905,3.295594999999999,2.667905,3.295594999999999,0.5944550000000001,-1.075955,-0.8136049999999997,6.624105000000001,Kansas City Chiefs,0.6276899999999994,Kansas City Chiefs,0.6276899999999994,2.667905,3.295594999999999,Kansas City Chiefs,0.6276899999999994,Tie,0.0,Kansas City Chiefs,9.294,-0.7505,3.8965,Kansas City Chiefs,4.647,Denver Broncos,1.67041,Kansas City Chiefs,7.437710000000001,-0.1095749999999998,2.7740750000000007,Kansas City Chiefs,2.8836500000000007,Different,Same,Different,Same,Different,Same,False,Away Team,Home Team,51.0,-660.0,510.0,Kansas City Chiefs,Denver Broncos,-13.0,13.0,105,-128,-346,268,1.67041,-1.67041,-7.437710000000001,7.437710000000001,0.1639,0.8684,0.5614,0.4878,0.2717,0.7758,0.1588,0.8412,0.5351,0.4649,0.2594,0.7406,0.1588,0.8412,-0.3412,0.3412,41.0,9.0,83,9.0,41.0,0.0,nfl_read_py Fallback,False,B.Nix,P.Mahomes,-12.75,-13.0,14.8,219.0,High,-23.0,-3.0,60.79,60.0,14.432044316056826,43.0,80.0,0.811,0.1886,0.0554,0.0528,0.782,0.218,0.902,0.098,14,2020-12-06,Denver Broncos @ Kansas City Chiefs,0.7144,0.2855,-250,250,,,,,,,,No Bet,,No Bet,,No Bet,,No Bet,,No Bet,,No Bet,,No Bet,,No Bet,,No Bet,,,,,,,,,,,,,,,,,,,,,,,,,,,,,14,-0.1136,0.1003749999999999,Kansas City Chiefs,Denver Broncos,0,0,0,0,0,1,1,0,0,0,1,1,1,2.0,3.5,,,59.85668093425521,0.1381975234129545,0.9995174853349044,0.1381975234129545,0.0001917352039564,6.958444308537927,0.0018224893088211,1.3136007562955578,0.0096541436182641,0.1162517566949773,0.0219457667179771,3.0447550388283487e-05,0.0001612876535681,0.0221070543715453,0.0114766329270852,8.272045064833485,0.1381975234129545,0.0001917352039564,31.0,2.0,0.1588,0.8412,0.2642,0.7358,0.1604,0.8394,Kansas City Chiefs,Kansas City Chiefs,Kansas City Chiefs,Kansas City Chiefs,Kansas City Chiefs,Same,Same,Same,False,False,0.1381975234129545,0.0001917352039564,0.1381975234129545,0.0001917352039564,0.1381975234129545,0.0001917352039564,,,1.0824654506131743,0.25434809527741714,0.9800214005878101,2.470870756052018,1.0730587822088336,0.492882964427306,1.2067587054438589,0.375649107326521,1.1008228080473383,0.6144073554630202
2020_13_WAS_PIT,2020,14,2020-12-07,17:00,Washington Commanders,Pittsburgh Steelers,Home,Alex Smith,Ben Roethlisberger,00-0023436,00-0022924,11,5,6,-6,13,-13,Acrisure Stadium,40.4468,-80.0158,America/New_York,False,True,13,13,Monday,False,False,0,False,False,0,13,-13,NFC East,FedExField,38.9077,-76.8645,America/New_York,AFC North,Acrisure Stadium,40.4468,-80.0158,America/New_York,Dallas Cowboys,Baltimore Ravens,AT&T Stadium,Acrisure Stadium,San Francisco 49ers,Buffalo Bills,Levi's Stadium,Highmark Stadium,198,0,-198,198,0.0,0.0,America/Chicago,America/New_York,-1.0,0.0,0.0,0.0,0.0,0,1.45,-0.565,1.45,-0.565,Washington Commanders,2.015,Washington Commanders,2.015,1.45,-0.565,Washington Commanders,2.015,0.0,0,No,No,No,No,No,0,Yes,0.0,0.0,-6.18,6.414,1.7969999999999997,-0.427,1.7969999999999997,-0.427,0.3470000000000001,0.1379999999999999,-5.832999999999999,6.551999999999999,Washington Commanders,2.224,Washington Commanders,2.224,1.7969999999999997,-0.427,Washington Commanders,2.224,Tie,0.0,Pittsburgh Steelers,12.594,-3.09,3.207,Pittsburgh Steelers,6.297,Washington Commanders,0.2090000000000001,Pittsburgh Steelers,12.384999999999998,-2.7429999999999994,3.345,Pittsburgh Steelers,6.087999999999999,Different,Different,Same,Different,Different,Same,False,Away Team,Home Team,43.5,-265.0,231.0,Pittsburgh Steelers,Washington Commanders,-5.5,5.5,-110,-110,-675,466,0.2090000000000001,-0.2090000000000001,-12.384999999999998,12.384999999999998,0.3021,0.726,0.5238,0.5238,0.1767,0.871,0.2938,0.7062,0.5,0.5,0.1686,0.8314,0.2938,0.7062,-0.2062,0.2062,34.0,10.0,84,10.0,34.0,0.0,nfl_read_py Fallback,False,M.Mariota,A.Rodgers,-6.07,-7.0,13.85,191.78,Med-High,-16.0,4.0,42.4,42.0,12.833394236971303,26.0,59.0,0.6752,0.3242,0.0818,0.0788,0.5522,0.4478,0.4366,0.5634,14,2020-12-07,Washington Commanders @ Pittsburgh Steelers,0.6782,0.3216,-211,211,,,,,,,,No Bet,,No Bet,,No Bet,,No Bet,,No Bet,,No Bet,,No Bet,,No Bet,,No Bet,,,,,,,,,,,,,,,,,,,,,,,,,,,,,14,-0.01915,0.1011499999999999,Pittsburgh Steelers,Washington Commanders,0,0,0,0,0,0,1,1,0,0,1,1,0,2.5,3.5,,,59.85668093425521,0.0,0.9896235301698104,0.0,2.5401949057548247e-05,0.0,0.0004467159545227,0.0,0.0010737604053231,0.0,0.0,7.463092633107675e-06,1.793885642444057e-05,1.793885642444057e-05,0.0015204763598458,0.0,0.0,2.5401949057548247e-05,31.0,2.0,0.2938,0.7062,0.3434,0.6566,0.2792,0.7208,Pittsburgh Steelers,Pittsburgh Steelers,Pittsburgh Steelers,Pittsburgh Steelers,Pittsburgh Steelers,Same,Same,Same,False,False,0.0,2.5401949057548247e-05,0.0,2.5401949057548247e-05,0.0,2.5401949057548247e-05,,,0.0,0.39274514389469606,0.0,1.7248733484247152,0.0,0.26400598773333966,0.0,0.513945705299016,0.0,0.5519272697651975
2020_13_BUF_SF,2020,14,2020-12-07,20:15,Buffalo Bills,San Francisco 49ers,Neutral,Josh Allen,Nick Mullens,00-0034857,00-0033319,8,8,0,0,-3,11,Levi's Stadium,37.4031,-121.9702,America/Los_Angeles,False,False,13,13,Monday,False,False,0,False,False,0,-3,11,AFC East,Highmark Stadium,42.7725,-78.7877,America/New_York,NFC West,Levi's Stadium,37.4031,-121.9702,America/Los_Angeles,Los Angeles Chargers,Los Angeles Rams,Highmark Stadium,SoFi Stadium,Pittsburgh Steelers,Washington Commanders,Highmark Stadium,Levi's Stadium,2286,0,-2286,2286,3.0,0.0,America/New_York,America/Los_Angeles,3.0,0.0,3.0,0.0,3.0,0,4.795,3.325,4.795,3.325,Buffalo Bills,1.4699999999999998,Buffalo Bills,1.4699999999999998,4.795,3.325,Buffalo Bills,1.4699999999999998,-0.2249999999999999,0,No,No,No,No,No,0,No,0.0,0.0,2.269,4.201,4.699999999999999,1.924,4.699999999999999,1.924,-0.095,-1.401,2.1740000000000004,2.7999999999999994,Buffalo Bills,2.776,Buffalo Bills,2.776,4.699999999999999,1.924,Buffalo Bills,2.776,Tie,0.0,San Francisco 49ers,1.9319999999999995,1.1345,2.1005,San Francisco 49ers,0.9659999999999996,Buffalo Bills,1.306,San Francisco 49ers,0.625999999999999,1.0395,0.6994999999999997,Buffalo Bills,0.3400000000000004,Different,Different,Same,Different,Different,Same,False,Away Team,Home Team,48.0,-122.0,110.0,San Francisco 49ers,Buffalo Bills,-1.5,1.5,105,-128,-116,-104,1.306,-1.306,-0.625999999999999,0.625999999999999,0.4762,0.5495,0.5614,0.4878,0.5098,0.537,0.4642,0.5358,0.5351,0.4649,0.487,0.513,0.4642,0.5358,-0.0358,0.0358,,,85,8.0,55.0,0.0,Historical Avg,False,J.Allen,M.Jones,8.05,8.0,14.55,211.74,High,-3.0,18.0,49.57,49.0,13.365218845007924,33.0,67.0,0.2828,0.716,0.0774,0.0704,0.2668,0.7332,0.5224,0.4584,14,2020-12-07,Buffalo Bills @ San Francisco 49ers,0.4491,0.5506,123,-123,,,,,,,,No Bet,,No Bet,,No Bet,,No Bet,,No Bet,,No Bet,,No Bet,,No Bet,,No Bet,,,,,,,,,,,,,,,,,,,,,,,,,,,,,14,0.0935749999999999,-0.0538,San Francisco 49ers,Buffalo Bills,0,0,0,0,1,0,0,1,0,0,1,1,0,3.5,2.5,,,59.85668093425521,0.9223536189258282,0.0684396216395772,0.0007307574691639,0.0007908437097829,0.0234362759928968,0.0219739651927983,0.0203044406791764,0.0253633144125406,0.000391539851978,0.0003392176171859,0.0003671096500812,0.0004237340597016,0.0007629516768876,0.0473372796053389,0.0437407166720732,0.0007307574691639,0.0007908437097829,31.0,2.0,0.4642,0.5358,0.4873,0.5125,0.6866,0.3126,San Francisco 49ers,Buffalo Bills,San Francisco 49ers,Buffalo Bills,Buffalo Bills,Same,Same,Different,False,False,0.0007307574691639,0.0007908437097829,0.0007307574691639,0.0007908437097829,0.0007307574691639,0.0007908437097829,,,0.7162949708559918,0.6205185750345982,1.605668410792047,1.8452237458477685,0.8033778354405385,0.7625639111956027,0.4475494894847179,1.1348583232856584,0.7704005549047748,0.9448296086055842
2020_13_DAL_BAL,2020,14,2020-12-08,20:05,Dallas Cowboys,Baltimore Ravens,Home,Andy Dalton,Lamar Jackson,00-0027973,00-0034796,12,6,6,-6,10,-5,M&T Bank Stadium,39.2789,-76.6228,America/New_York,False,False,13,13,Tuesday,False,False,0,False,False,0,10,-5,NFC East,AT&T Stadium,32.7369,-97.0826,America/Chicago,AFC North,M&T Bank Stadium,39.2789,-76.6228,America/New_York,Washington Commanders,Pittsburgh Steelers,AT&T Stadium,Acrisure Stadium,Cincinnati Bengals,Cleveland Browns,Paycor Stadium,FirstEnergy Stadium,1225,0,-1225,1225,-1.0,0.0,America/Chicago,America/New_York,-1.0,0.0,-1.0,0.0,-1.0,0,-0.615,6.69,-0.615,6.69,Baltimore Ravens,7.305000000000001,Baltimore Ravens,7.305000000000001,-0.615,6.69,Baltimore Ravens,7.305000000000001,0.0,0,No,No,No,No,No,0,Yes,0.0,0.0,-4.126,10.382,0.5065,5.1615,0.5065,5.1615,1.1215,-1.5285,-3.0045,8.8535,Baltimore Ravens,4.655,Baltimore Ravens,4.655,0.5065,5.1615,Baltimore Ravens,4.655,Tie,0.0,Baltimore Ravens,14.508,-2.063,5.191,Baltimore Ravens,7.254,Dallas Cowboys,2.65,Baltimore Ravens,11.858,-0.9415,3.6625,Baltimore Ravens,4.604,Different,Same,Different,Same,Different,Same,False,Away Team,Home Team,46.0,-390.0,326.0,Baltimore Ravens,Dallas Cowboys,-8.5,8.5,117,-142,-660,458,2.65,-2.65,-11.858,11.858,0.2347,0.7959,0.5868,0.4608,0.1792,0.8684,0.2278,0.7722,0.5601,0.4399,0.1711,0.8289,0.2278,0.7722,-0.2722,0.2722,38.0,9.0,86,9.0,38.0,0.0,nfl_read_py Fallback,False,D.Prescott,T.Huntley,0.01,1.0,14.11,199.21,High,-10.0,10.0,50.74,50.0,13.77294031850147,33.0,69.0,0.4916,0.5076,0.0818,0.0838,0.2888,0.7112,0.6046,0.368,14,2020-12-08,Dallas Cowboys @ Baltimore Ravens,0.6332,0.3667,-173,173,,,,,,,,No Bet,,No Bet,,No Bet,,No Bet,,No Bet,,No Bet,,No Bet,,No Bet,,No Bet,,,,,,,,,,,,,,,,,,,,,,,,,,,,,14,-0.030075,0.279425,Baltimore Ravens,Dallas Cowboys,0,0,0,0,0,1,1,0,0,0,1,1,0,2.5,5.0,,,59.85668093425521,0.1032503351023456,0.4433071913967263,0.0732166948744233,0.0002151336901809,3.384172943359637,0.0029334235747826,0.9983354007994372,0.0099437650765898,0.0565379317820296,0.0166787630923936,4.9007454623229735e-05,0.0001661262355577,0.0168448893279513,0.0128771886513724,4.382508344159075,0.0732166948744233,0.0002151336901809,31.0,2.0,0.2278,0.7722,0.3449,0.655,0.2932,0.7062,Baltimore Ravens,Baltimore Ravens,Baltimore Ravens,Dallas Cowboys,Baltimore Ravens,Same,Different,Same,False,False,0.0732166948744233,0.0002151336901809,0.0732166948744233,0.0002151336901809,0.0732166948744233,0.0002151336901809,,,1.0051948845939171,0.33161866129666756,1.0564340031734458,2.394458153466358,1.261869521659661,0.30407222497647535,0.7232672130999864,0.8591405996704049,1.0104975599183004,0.7047326035920597
2020_14_NE_LA,2020,15,2020-12-10,20:20,New England Patriots,Los Angeles Rams,Home,Cam Newton,Jared Goff,00-0027939,00-0033106,4,4,0,0,-6,-9,SoFi Stadium,33.9535,-118.3395,America/Los_Angeles,False,True,14,14,Thursday,False,False,0,False,False,0,-6,-9,AFC East,Gillette Stadium,42.0628,-71.2687,America/New_York,NFC West,SoFi Stadium,33.9535,-118.3395,America/Los_Angeles,Los Angeles Chargers,Arizona Cardinals,SoFi Stadium,State Farm Stadium,Miami Dolphins,New York Jets,Hard Rock Stadium,SoFi Stadium,2588,0,-2588,2588,3.0,0.0,America/Los_Angeles,America/Denver,0.0,1.0,0.0,0.0,0.0,0,-1.995,1.29,-1.995,1.29,Los Angeles Rams,3.285,Los Angeles Rams,3.285,-1.995,1.29,Los Angeles Rams,3.285,0.0,0,No,No,Yes,No,No,0,No,0.0,0.0,0.079,4.374,-2.8105,0.7875000000000001,-2.8105,0.7875000000000001,-0.8155,-0.5025,-0.7364999999999999,3.8714999999999993,Los Angeles Rams,3.598,Los Angeles Rams,3.598,-2.8105,0.7875000000000001,Los Angeles Rams,3.598,Tie,0.0,Los Angeles Rams,4.295,0.0395,2.187,Los Angeles Rams,2.1475,Los Angeles Rams,0.313,Los Angeles Rams,4.607999999999999,-0.776,1.6844999999999997,Los Angeles Rams,2.4605,Different,Same,Same,Same,Different,Same,True,Home Team,Home Team,43.5,-228.0,201.0,Los Angeles Rams,New England Patriots,-5.0,5.0,-116,-104,-224,181,-0.313,0.313,-4.607999999999999,4.607999999999999,0.3322,0.6951,0.5098,0.537,0.3559,0.6914,0.3234,0.6766,0.487,0.513,0.3398,0.6602,0.3234,0.6766,-0.1766,0.1766,,,87,0.0,70.0,0.0,Dome,True,D.Maye,M.Stafford,-6.52,-7.0,14.07,197.85,High,-16.0,4.0,48.36,48.0,13.182881235584818,32.0,65.0,0.6906,0.308,0.0698,0.0778,0.565,0.4084,0.6248,0.3752,15,2020-12-10,New England Patriots @ Los Angeles Rams,0.6351,0.3646,-174,174,,,,,,,,No Bet,,No Bet,,No Bet,,No Bet,,No Bet,,No Bet,,No Bet,,No Bet,,No Bet,,,,,,,,,,,,,,,,,,,,,,,,,,,,,15,-0.0338666666666666,0.1349,Los Angeles Rams,New England Patriots,0,0,0,0,0,0,1,1,0,0,1,1,0,2.5,3.5,,,47.35191035960887,0.1656652141055018,0.4852880250985151,0.0354302073639672,0.0003314618134497,1.1351237029116208,0.005075876215259,0.5425643002093087,0.0106194738628456,0.0239720783024602,0.0114581290615069,0.0001071947504696,0.00022426706298,0.011682396124487,0.0156953500781047,1.6776880031209296,0.0354302073639672,0.0003314618134497,30.0,1.0,0.3234,0.6766,0.3997,0.6002,0.3036,0.696,Los Angeles Rams,Los Angeles Rams,Los Angeles Rams,Los Angeles Rams,Los Angeles Rams,Same,Same,Same,False,False,0.0354302073639672,0.0003314618134497,0.0354302073639672,0.0003314618134497,0.0354302073639672,0.0003314618134497,,,0.9119824989677723,0.46306103023082384,1.3690603560322525,1.7701124334672267,0.8884596743286659,0.4851593791820047,1.0705876063168467,0.5245955438286405,1.0239419017343483,0.6498188775250959
2020_14_DEN_CAR,2020,15,2020-12-13,13:00,Denver Broncos,Carolina Panthers,Home,Drew Lock,Teddy Bridgewater,00-0035704,00-0031237,7,14,-7,7,-5,2,Bank of America Stadium,35.2258,-80.8528,America/New_York,False,True,14,14,Sunday,False,False,0,False,False,0,-5,2,AFC West,Empower Field at Mile High,39.7648,-105.0076,America/Denver,NFC South,Bank of America Stadium,35.2258,-80.8528,America/New_York,Kansas City Chiefs,Minnesota Vikings,GEHA Field at Arrowhead Stadium,U.S. Bank Stadium,Buffalo Bills,Green Bay Packers,Empower Field at Mile High,Lambeau Field,1355,0,-1355,1355,-2.0,0.0,America/Chicago,America/Chicago,-1.0,-1.0,-2.0,0.0,-2.0,0,2.05,-5.25,2.05,-5.25,Denver Broncos,7.3,Denver Broncos,7.3,2.05,-5.25,Denver Broncos,7.3,-0.3,0,No,No,No,No,No,0,No,0.0,0.0,-1.501,-1.884,1.4114999999999998,-6.155,1.4114999999999998,-6.155,-0.6385000000000001,-0.905,-2.1395,-2.789,Denver Broncos,7.5665,Denver Broncos,7.5665,1.4114999999999998,-6.155,Denver Broncos,7.5665,Tie,0.0,Denver Broncos,0.383,-0.7505,-0.942,Denver Broncos,0.1915,Denver Broncos,0.2664999999999999,Denver Broncos,0.6494999999999997,-1.389,-1.847,Denver Broncos,0.4579999999999999,Different,Same,Same,Same,Different,Same,False,Away Team,Away Team,46.0,-199.0,177.0,Carolina Panthers,Denver Broncos,-4.0,4.0,-104,-116,-104,-116,0.2664999999999999,-0.2664999999999999,0.6494999999999997,-0.6494999999999997,0.361,0.6656,0.537,0.5098,0.537,0.5098,0.3517,0.6483,0.513,0.487,0.513,0.487,0.3517,0.6483,-0.1483,0.1483,70.0,7.0,88,7.0,70.0,0.0,nfl_read_py Fallback,False,B.Nix,A.Dalton,3.44,5.0,14.16,200.52,High,-7.0,13.0,50.68,50.0,13.304131013350856,34.0,68.0,0.397,0.6024,0.077,0.0822,0.3074,0.6738,0.6114,0.3576,15,2020-12-13,Denver Broncos @ Carolina Panthers,0.5048,0.495,-102,102,,,,,,,,No Bet,,No Bet,,No Bet,,No Bet,,No Bet,,No Bet,,No Bet,,No Bet,,No Bet,,,,,,,,,,,,,,,,,,,,,,,,,,,,,15,-0.1020333333333333,-0.1538,Carolina Panthers,Denver Broncos,0,0,0,0,0,1,1,0,0,0,1,1,0,2.0,1.5,,,47.35191035960887,0.9992358207414288,0.9994789971451992,0.0134441475816125,0.0002986705151473,0.4127117159238663,0.0049739592641923,0.2238943552220018,0.0091686601961214,0.0087158408771593,0.0047283067044531,0.0001050424201773,0.00019362809497,0.0049219347994231,0.0141426194603137,0.6366060711458682,0.0134441475816125,0.0002986705151473,30.0,1.0,0.3517,0.6483,0.4813,0.5185,0.5152,0.484,Carolina Panthers,Denver Broncos,Carolina Panthers,Denver Broncos,Carolina Panthers,Same,Same,Same,False,False,0.0134441475816125,0.0002986705151473,0.0134441475816125,0.0002986705151473,0.0134441475816125,0.0002986705151473,,,0.8842759051919933,0.4907676240066025,1.414639786152815,1.7245330033466726,0.6614102462471151,0.7122088072635526,0.6209297272055155,0.9742534229399714,0.82890210537649,0.8448586738829592
2020_14_HOU_CHI,2020,15,2020-12-13,13:00,Houston Texans,Chicago Bears,Home,Deshaun Watson,Mitch Trubisky,00-0033537,00-0033869,7,7,0,0,1,6,Soldier Field,41.8623,-87.6167,America/Chicago,False,False,14,14,Sunday,False,False,0,False,False,0,1,6,AFC South,NRG Stadium,29.6847,-95.4093,America/Chicago,NFC North,Soldier Field,41.8623,-87.6167,America/Chicago,Indianapolis Colts,Detroit Lions,NRG Stadium,Soldier Field,Indianapolis Colts,Minnesota Vikings,Lucas Oil Stadium,U.S. Bank Stadium,946,0,-946,946,0.0,0.0,America/Chicago,America/Chicago,0.0,0.0,0.0,0.0,0.0,0,0.035,-1.575,0.035,-1.575,Houston Texans,1.61,Houston Texans,1.61,0.035,-1.575,Houston Texans,1.61,0.0,0,No,No,No,No,No,0,No,0.0,0.0,-4.47,-2.085,1.0375,-1.5405,1.0375,-1.5405,1.0025,0.0345,-3.4675,-2.0505,Houston Texans,2.5780000000000003,Houston Texans,2.5780000000000003,1.0375,-1.5405,Houston Texans,2.5780000000000003,Tie,0.0,Chicago Bears,2.385,-2.235,-1.0425,Chicago Bears,1.1925,Houston Texans,0.968,Chicago Bears,1.4169999999999998,-1.2325,-1.008,Chicago Bears,0.2244999999999999,Different,Different,Same,Different,Different,Same,False,Away Team,Home Team,46.0,104.0,-114.0,Houston Texans,Chicago Bears,1.0,-1.0,101,-122,-128,105,0.968,-0.968,-1.4169999999999998,1.4169999999999998,0.5327,0.4902,0.5495,0.4975,0.4878,0.5614,0.5208,0.4792,0.5248,0.4752,0.4649,0.5351,0.5208,0.4792,0.0208,-0.0208,34.0,1.0,89,1.0,34.0,0.0,nfl_read_py Fallback,False,C.Stroud,C.Williams,-3.05,-4.0,13.36,178.59,Medium,-13.0,7.0,44.85,44.0,13.061128804859534,29.0,62.0,0.5874,0.4114,0.091,0.0856,0.5886,0.3876,0.429,0.5382,15,2020-12-13,Houston Texans @ Chicago Bears,0.5192,0.4805,-108,108,,,,,,,,No Bet,,No Bet,,No Bet,,No Bet,,No Bet,,No Bet,,No Bet,,No Bet,,No Bet,,,,,,,,,,,,,,,,,,,,,,,,,,,,,15,-0.0838,0.0161666666666666,Houston Texans,Chicago Bears,0,0,0,0,1,1,0,0,0,0,1,1,0,2.0,2.5,,,47.35191035960887,0.97672693616936,0.2941467510037479,0.0007620466489917,0.0011475994378625,0.0172916275225009,0.0283008061899776,0.0187927370903975,0.0260402195204249,0.0003651727541968,0.0003968738947949,0.0005976697872387,0.0005499296506237,0.0009468035454186,0.0543410257104026,0.0360843646128984,0.0007620466489917,0.0011475994378625,30.0,1.0,0.5208,0.4792,0.4784,0.5214,0.4338,0.565,Houston Texans,Chicago Bears,Chicago Bears,Chicago Bears,Chicago Bears,Same,Same,Same,False,False,0.0007620466489917,0.0011475994378625,0.0007620466489917,0.0011475994378625,0.0007620466489917,0.0011475994378625,,,0.6591492127487077,0.7158943164498864,1.4956809948854262,1.6434917946140521,0.7352462798527806,0.6383727736578917,0.9374010196437697,0.657782130501718,0.869508809311848,0.8042519699475941
2020_14_DAL_CIN,2020,15,2020-12-13,13:00,Dallas Cowboys,Cincinnati Bengals,Home,Andy Dalton,Brandon Allen,00-0027973,00-0032434,5,7,-2,2,8,2,Paycor Stadium,39.0955,-84.5165,America/New_York,False,True,14,14,Sunday,False,False,0,False,False,0,8,2,NFC East,AT&T Stadium,32.7369,-97.0826,America/Chicago,AFC North,Paycor Stadium,39.0955,-84.5165,America/New_York,Baltimore Ravens,Miami Dolphins,M&T Bank Stadium,Hard Rock Stadium,San Francisco 49ers,Pittsburgh Steelers,AT&T Stadium,Paycor Stadium,827,0,-827,827,-1.0,0.0,America/New_York,America/New_York,0.0,0.0,0.0,0.0,0.0,0,-0.615,1.31,-0.615,1.31,Cincinnati Bengals,1.925,Cincinnati Bengals,1.925,-0.615,1.31,Cincinnati Bengals,1.925,0.0,0,No,No,No,No,Yes,0,No,0.0,0.0,-4.126,-3.384,-0.1685,2.7305,-0.1685,2.7305,0.4465,1.4205,-3.6795,-1.9635,Cincinnati Bengals,2.899,Cincinnati Bengals,2.899,-0.1685,2.7305,Cincinnati Bengals,2.899,Tie,0.0,Cincinnati Bengals,0.7420000000000004,-2.063,-1.692,Cincinnati Bengals,0.3710000000000002,Cincinnati Bengals,0.974,Cincinnati Bengals,1.7160000000000006,-1.6165000000000005,-0.2714999999999998,Cincinnati Bengals,1.3450000000000004,Different,Same,Same,Same,Different,Same,False,Home Team,Home Team,44.0,148.0,-164.0,Dallas Cowboys,Cincinnati Bengals,3.0,-3.0,-122,101,-128,105,-0.974,0.974,-1.7160000000000006,1.7160000000000006,0.6212,0.4032,0.4975,0.5495,0.4878,0.5614,0.6064,0.3936,0.4752,0.5248,0.4649,0.5351,0.6064,0.3936,0.1064,-0.1064,44.0,5.0,90,5.0,44.0,0.0,nfl_read_py Fallback,False,D.Prescott,J.Flacco,6.01,7.0,13.4,179.69,Medium,-4.0,15.0,53.93,53.0,14.242211224248544,36.0,72.0,0.3242,0.6754,0.0814,0.0824,0.3606,0.5926,0.7352,0.2446,15,2020-12-13,Dallas Cowboys @ Cincinnati Bengals,0.4444,0.5555,125,-125,,,,,,,,No Bet,,No Bet,,No Bet,,No Bet,,No Bet,,No Bet,,No Bet,,No Bet,,No Bet,,,,,,,,,,,,,,,,,,,,,,,,,,,,,15,-0.0755666666666666,-0.3263,Dallas Cowboys,Cincinnati Bengals,0,0,0,0,0,0,1,1,0,0,1,1,0,2.0,0.0,,,47.35191035960887,0.999272403556711,0.4432452419726692,0.0004836542239026,0.0100070901964953,0.0090142080927999,0.2873455737298281,0.0138877433624844,0.186509264215139,0.000190366302528,0.0002932879213745,0.0060682994951547,0.0039387907013405,0.0042320786227151,0.4738548379449672,0.0229019514552843,0.0004836542239026,0.0100070901964953,30.0,1.0,0.6064,0.3936,0.5713,0.4285,0.5958,0.4034,Dallas Cowboys,Dallas Cowboys,Dallas Cowboys,Dallas Cowboys,Dallas Cowboys,Same,Same,Same,False,False,0.0004836542239026,0.0100070901964953,0.0004836542239026,0.0100070901964953,0.0004836542239026,0.0100070901964953,,,0.546626295382498,0.8284172338160961,1.7338401086257802,1.4053326808736974,0.7404753995848949,0.6331436539257785,0.5260624710432973,1.0691206791021912,0.7556395696385803,0.918121209620862
2020_14_TEN_JAX,2020,15,2020-12-13,13:00,Tennessee Titans,Jacksonville Jaguars,Home,Ryan Tannehill,Mike Glennon,00-0029701,00-0030520,7,7,0,0,7,-12,TIAA Bank Field,30.3239,-81.6554,America/New_York,False,False,14,14,Sunday,False,False,0,False,False,0,7,-12,AFC South,Nissan Stadium,36.1664,-86.7716,America/Chicago,AFC South,TIAA Bank Field,30.3239,-81.6554,America/New_York,Cleveland Browns,Minnesota Vikings,Nissan Stadium,U.S. Bank Stadium,Detroit Lions,Baltimore Ravens,Nissan Stadium,M&T Bank Stadium,500,0,-500,500,-1.0,0.0,America/Chicago,America/Chicago,-1.0,-1.0,-1.0,0.0,-1.0,0,-4.36,-1.825,-4.36,-1.825,Jacksonville Jaguars,2.535,Jacksonville Jaguars,2.535,-4.36,-1.825,Jacksonville Jaguars,2.535,0.0,0,No,No,No,No,No,1,No,0.0,0.0,-0.583,-10.251,-3.109115000000001,-2.336385,-3.109115000000001,-2.336385,1.2255349999999998,-0.486035,0.5458550000000002,-10.640354999999998,Jacksonville Jaguars,0.772730000000001,Jacksonville Jaguars,0.772730000000001,-3.109115000000001,-2.336385,Jacksonville Jaguars,0.772730000000001,Tie,0.0,Tennessee Titans,9.668,-0.2915,-5.1255,Tennessee Titans,4.834,Tennessee Titans,1.7115699999999998,Tennessee Titans,11.186209999999996,0.885695,-5.563194999999999,Tennessee Titans,6.448889999999999,Different,Different,Different,Different,Different,Same,False,Away Team,Away Team,53.0,307.0,-364.0,Tennessee Titans,Jacksonville Jaguars,7.5,-7.5,105,-128,406,-567,1.7115699999999998,-1.7115699999999998,11.186209999999996,-11.186209999999996,0.7845,0.2457,0.5614,0.4878,0.8501,0.1976,0.7615,0.2385,0.5351,0.4649,0.8114,0.1886,0.7615,0.2385,0.2615,-0.2615,69.0,2.0,91,2.0,69.0,0.0,nfl_read_py Fallback,False,C.Ward,T.Lawrence,11.41,12.0,14.18,201.07,High,3.0,21.0,54.42,54.0,14.092541605607597,37.0,72.10000000000036,0.2106,0.7886,0.0636,0.0664,0.3844,0.6156,0.5168,0.4578,15,2020-12-13,Tennessee Titans @ Jacksonville Jaguars,0.2756,0.7242,263,-263,,,,,,,,No Bet,,No Bet,,No Bet,,No Bet,,No Bet,,No Bet,,No Bet,,No Bet,,No Bet,,,,,,,,,,,,,,,,,,,,,,,,,,,,,15,0.1258999999999999,-0.3504666666666667,Tennessee Titans,Jacksonville Jaguars,0,0,0,0,0,0,1,1,0,0,1,1,1,3.5,0.0,,,47.35191035960887,0.996660565724955,0.5567652803281843,0.000502219299603,0.1975175043993468,0.0056717788164766,7.122180930450511,0.0181092644391905,2.230650232321008,0.0001197793029553,0.0003824399966476,0.1504095796001025,0.0471079247992442,0.0474903647958919,9.35283116277152,0.0237810432556671,0.000502219299603,0.1975175043993468,30.0,1.0,0.7615,0.2385,0.72,0.2798,0.8312,0.1682,Tennessee Titans,Tennessee Titans,Tennessee Titans,Tennessee Titans,Tennessee Titans,Same,Same,Same,False,False,0.000502219299603,0.1975175043993468,0.000502219299603,0.1975175043993468,0.000502219299603,0.1975175043993468,,,0.41814545011733506,0.9568980790812617,2.111489278300749,1.027683511198729,0.3387505990244731,1.0348684544861981,0.47031255760842366,1.1248705925370663,0.6301288195218416,1.0436319597376007
2020_14_KC_MIA,2020,15,2020-12-13,13:00,Kansas City Chiefs,Miami Dolphins,Home,Patrick Mahomes,Tua Tagovailoa,00-0033873,00-0036212,7,7,0,0,7,4,Hard Rock Stadium,25.9602,-80.2384,America/New_York,False,False,14,14,Sunday,False,False,0,False,False,0,7,4,AFC West,GEHA Field at Arrowhead Stadium,39.0489,-94.4839,America/Chicago,AFC East,Hard Rock Stadium,25.9602,-80.2384,America/New_York,Denver Broncos,Cincinnati Bengals,GEHA Field at Arrowhead Stadium,Hard Rock Stadium,New Orleans Saints,New England Patriots,Caesars Superdome,Hard Rock Stadium,1224,0,-1224,1224,-1.0,0.0,America/Chicago,America/New_York,-1.0,0.0,-1.0,0.0,-1.0,0,4.395,0.66,4.395,0.66,Kansas City Chiefs,3.735,Kansas City Chiefs,3.735,4.395,0.66,Kansas City Chiefs,3.735,0.0,0,No,No,No,No,No,0,No,0.0,0.0,7.793,-1.128,6.113,0.7710000000000001,6.113,0.7710000000000001,1.718,0.111,9.511,-1.017,Kansas City Chiefs,5.342,Kansas City Chiefs,5.342,6.113,0.7710000000000001,Kansas City Chiefs,5.342,Tie,0.0,Kansas City Chiefs,8.921,3.8965,-0.564,Kansas City Chiefs,4.4605,Kansas City Chiefs,1.607,Kansas City Chiefs,10.528,5.6145,-0.4529999999999999,Kansas City Chiefs,6.0675,Different,Same,Same,Same,Different,Same,False,Away Team,Away Team,51.5,281.0,-330.0,Kansas City Chiefs,Miami Dolphins,7.5,-7.5,105,-128,389,-538,1.607,-1.607,10.528,-10.528,0.7674,0.2625,0.5614,0.4878,0.8433,0.2045,0.7452,0.2548,0.5351,0.4649,0.8048,0.1952,0.7452,0.2548,0.2452,-0.2452,81.0,8.0,92,8.0,81.0,0.0,nfl_read_py Fallback,False,P.Mahomes,T.Tagovailoa,17.12,17.0,14.18,201.19,High,7.0,27.0,59.91,59.0,14.303930261441602,42.0,78.0,0.1154,0.8844,0.0444,0.046,0.215,0.7486,0.864,0.136,15,2020-12-13,Kansas City Chiefs @ Miami Dolphins,0.2576,0.7424,288,-288,,,,,,,,No Bet,,No Bet,,No Bet,,No Bet,,No Bet,,No Bet,,No Bet,,No Bet,,No Bet,,,,,,,,,,,,,,,,,,,,,,,,,,,,,15,0.0520999999999999,0.0331,Kansas City Chiefs,Miami Dolphins,0,0,0,0,1,1,0,0,0,0,1,1,0,3.0,3.0,,,47.35191035960887,0.0,0.0,0.0,0.0,0.0,0.0,0.0,0.0,0.0,0.0,0.0,0.0,0.0,0.0,0.0,0.0,0.0,30.0,1.0,0.7452,0.2548,0.7604,0.2394,0.8934,0.106,Kansas City Chiefs,Kansas City Chiefs,Kansas City Chiefs,Kansas City Chiefs,Kansas City Chiefs,Same,Same,Same,False,False,0.0,0.0,0.0,0.0,0.0,0.0,,,0.0,0.0,0.0,0.0,0.0,0.0,0.0,0.0,0.0,0.0
2020_14_ARI_NYG,2020,15,2020-12-13,13:00,Arizona Cardinals,New York Giants,Home,Kyler Murray,Daniel Jones,00-0035228,00-0035710,7,7,0,0,-1,-5,MetLife Stadium,40.8136,-74.0744,America/New_York,False,False,14,14,Sunday,False,False,0,False,False,0,-1,-5,NFC West,State Farm Stadium,33.5277,-112.262608,America/Denver,NFC East,MetLife Stadium,40.8136,-74.0744,America/New_York,Los Angeles Rams,Seattle Seahawks,State Farm Stadium,Lumen Field,Philadelphia Eagles,Cleveland Browns,State Farm Stadium,MetLife Stadium,2142,0,-2142,2142,-2.0,0.0,America/Denver,America/Los_Angeles,-2.0,-3.0,-2.0,0.0,-2.0,0,0.075,-2.84,0.075,-2.84,Arizona Cardinals,2.915,Arizona Cardinals,2.915,0.075,-2.84,Arizona Cardinals,2.915,-0.3,0,No,No,No,No,No,0,No,0.0,0.0,-0.61,-4.519,0.5185,-3.349,0.5185,-3.349,0.4435,-0.509,-0.1664999999999998,-5.0280000000000005,Arizona Cardinals,3.8675,Arizona Cardinals,3.8675,0.5185,-3.349,Arizona Cardinals,3.8675,Tie,0.0,Arizona Cardinals,3.909,-0.305,-2.2595,Arizona Cardinals,1.9545,Arizona Cardinals,0.9525,Arizona Cardinals,4.8615,0.1385000000000001,-2.7685000000000004,Arizona Cardinals,2.9070000000000005,Different,Same,Same,Same,Different,Same,False,Away Team,Away Team,44.333333333333336,-105.0,-115.0,Arizona Cardinals,New York Giants,0.5555555555555556,-0.5555555555555556,101,-122,188,-234,0.9525,-0.9525,4.8615,-4.8615,0.5349,0.5122,0.5495,0.4975,0.7006,0.3472,0.5108,0.4892,0.5248,0.4752,0.6686,0.3314,0.5108,0.4892,0.0108,-0.0108,59.0,15.0,93,15.0,59.0,0.0,nfl_read_py Fallback,False,J.Brissett,J.Dart,-0.68,-2.0,14.56,212.01,High,-11.0,10.0,48.54,48.0,13.658275319268514,31.0,66.0,0.5282,0.471,0.0884,0.0798,0.331,0.6304,0.5712,0.4288,15,2020-12-13,Arizona Cardinals @ New York Giants,0.456,0.5438,119,-119,,,,,,,,No Bet,,No Bet,,No Bet,,No Bet,,No Bet,,No Bet,,No Bet,,No Bet,,No Bet,,,,,,,,,,,,,,,,,,,,,,,,,,,,,15,0.1252,-0.1756666666666666,Arizona Cardinals,New York Giants,0,0,0,0,1,0,0,1,0,0,1,1,0,3.5,1.5,,,47.35191035960887,0.9156601435249564,0.5818888065560012,0.001122469623635,0.0012929875206667,0.026001508825077,0.0312739492224387,0.0271495721746716,0.0299514799522651,0.0005491121398822,0.0005733574837527,0.0006604580255565,0.0006325294951101,0.0012058869788629,0.0612254291747038,0.0531510809997487,0.001122469623635,0.0012929875206667,30.0,1.0,0.5108,0.4892,0.4987,0.5012,0.4076,0.592,Arizona Cardinals,New York Giants,New York Giants,New York Giants,Arizona Cardinals,Same,Same,Different,False,False,0.001122469623635,0.0012929875206667,0.001122469623635,0.0012929875206667,0.001122469623635,0.0012929875206667,,,0.6727724097532131,0.702271119445381,1.493479619090429,1.64569317040905,0.45530513242773574,0.9183139210829325,0.8427534655372451,0.752429684608242,0.763451385150604,0.9103093941088366
2020_14_MIN_TB,2020,15,2020-12-13,13:00,Minnesota Vikings,Tampa Bay Buccaneers,Home,Kirk Cousins,Tom Brady,00-0029604,00-0019596,7,14,-7,7,-8,-8,Raymond James Stadium,27.9759,-82.5033,America/New_York,False,False,14,14,Sunday,False,False,0,False,False,0,-8,-8,NFC North,U.S. Bank Stadium,44.9738,-93.2575,America/Chicago,NFC South,Raymond James Stadium,27.9759,-82.5033,America/New_York,Jacksonville Jaguars,Kansas City Chiefs,U.S. Bank Stadium,Raymond James Stadium,Chicago Bears,Atlanta Falcons,U.S. Bank Stadium,Mercedes-Benz Stadium,1314,0,-1314,1314,-1.0,0.0,America/Chicago,America/New_York,-1.0,0.0,-1.0,0.0,-1.0,0,0.27,1.025,0.27,1.025,Tampa Bay Buccaneers,0.7549999999999999,Tampa Bay Buccaneers,0.7549999999999999,0.27,1.025,Tampa Bay Buccaneers,0.7549999999999999,0.0,0,No,No,No,No,No,0,No,0.0,0.0,-2.71,5.957,0.6519999999999999,1.2374999999999998,0.6519999999999999,1.2374999999999998,0.3819999999999999,0.2125,-2.3280000000000003,6.1695,Tampa Bay Buccaneers,0.5854999999999999,Tampa Bay Buccaneers,0.5854999999999999,0.6519999999999999,1.2374999999999998,Tampa Bay Buccaneers,0.5854999999999999,Tie,0.0,Tampa Bay Buccaneers,8.667,-1.355,2.9785,Tampa Bay Buccaneers,4.3335,Minnesota Vikings,0.1694999999999999,Tampa Bay Buccaneers,8.4975,-0.9730000000000002,3.1910000000000003,Tampa Bay Buccaneers,4.164000000000001,Different,Same,Different,Same,Different,Same,False,Away Team,Home Team,52.5,-317.0,271.0,Tampa Bay Buccaneers,Minnesota Vikings,-7.0,7.0,-110,-110,-397,302,0.1694999999999999,-0.1694999999999999,-8.4975,8.4975,0.2695,0.7602,0.5238,0.5238,0.2488,0.7988,0.2618,0.7382,0.5,0.5,0.2375,0.7625,0.2618,0.7382,-0.2382,0.2382,78.0,5.0,94,5.0,78.0,0.0,nfl_read_py Fallback,False,C.Wentz,B.Mayfield,1.78,3.0,14.2,201.6,High,-8.0,11.0,56.9,57.0,14.214175444137144,39.0,75.0,0.4546,0.5444,0.0858,0.0756,0.4338,0.5662,0.8008,0.1992,15,2020-12-13,Minnesota Vikings @ Tampa Bay Buccaneers,0.6138,0.3859,-159,159,,,,,,,,No Bet,,No Bet,,No Bet,,No Bet,,No Bet,,No Bet,,No Bet,,No Bet,,No Bet,,,,,,,,,,,,,,,,,,,,,,,,,,,,,15,-0.0132999999999999,0.2561666666666667,Tampa Bay Buccaneers,Minnesota Vikings,0,0,0,0,0,1,1,0,0,0,1,1,0,2.5,4.5,,,47.35191035960887,0.2461020031554373,0.594455296848559,0.1111377930825756,0.0003335281418129,3.884841587283951,0.004134658365531,1.3777452283269285,0.0116585363080022,0.0820419188535573,0.0290958742290183,8.73176675266276e-05,0.0002462104742863,0.0293420847033046,0.0157931946735332,5.26258681561088,0.1111377930825756,0.0003335281418129,30.0,1.0,0.2618,0.7382,0.4234,0.5764,0.432,0.5674,Tampa Bay Buccaneers,Tampa Bay Buccaneers,Tampa Bay Buccaneers,Minnesota Vikings,Tampa Bay Buccaneers,Same,Different,Same,False,False,0.1111377930825756,0.0003335281418129,0.1111377930825756,0.0003335281418129,0.1111377930825756,0.0003335281418129,,,0.9625301117257774,0.412513417472819,1.1015200868200665,2.037652702679413,0.9979892784702474,0.3756297750404228,0.6377545926477183,0.9574285574977689,0.9193486397111122,0.7544121395483301
2020_14_IND_LV,2020,15,2020-12-13,16:05,Indianapolis Colts,Las Vegas Raiders,Home,Philip Rivers,Derek Carr,00-0022942,00-0031280,7,7,0,0,7,0,Allegiant Stadium,36.108,-115.1578,America/Los_Angeles,False,True,14,14,Sunday,False,False,0,False,False,0,7,0,AFC South,Lucas Oil Stadium,39.7601,-86.1638,America/Indiana/Indianapolis,AFC West,Allegiant Stadium,36.108,-115.1578,America/Los_Angeles,Houston Texans,New York Jets,NRG Stadium,MetLife Stadium,Houston Texans,Los Angeles Chargers,Lucas Oil Stadium,Allegiant Stadium,1592,0,-1592,1592,3.0,0.0,America/Chicago,America/New_York,2.0,3.0,3.0,0.0,3.0,0,-2.265,-2.35,-2.265,-2.35,Indianapolis Colts,0.0849999999999999,Indianapolis Colts,0.0849999999999999,-2.265,-2.35,Indianapolis Colts,0.0849999999999999,-0.2249999999999999,0,No,No,No,No,No,0,No,0.0,0.0,1.161,-0.946,-3.0495,-3.0330000000000004,-3.0495,-3.0330000000000004,-0.7845,-0.683,0.3765,-1.629,Las Vegas Raiders,0.0164999999999997,Las Vegas Raiders,0.0164999999999997,-3.0495,-3.0330000000000004,Las Vegas Raiders,0.0164999999999997,Tie,0.0,Indianapolis Colts,2.107,0.5805,-0.473,Indianapolis Colts,1.0535,Las Vegas Raiders,0.1014999999999999,Indianapolis Colts,2.0055,-0.2039999999999999,-1.156,Indianapolis Colts,0.9520000000000002,Different,Different,Same,Different,Different,Same,False,Home Team,Away Team,51.5,118.0,-130.0,Indianapolis Colts,Las Vegas Raiders,2.5,-2.5,-110,-110,108,-131,-0.1014999999999999,0.1014999999999999,2.0055,-2.0055,0.5652,0.4587,0.5238,0.5238,0.5671,0.4808,0.552,0.448,0.5,0.5,0.5412,0.4588,0.552,0.448,0.052,-0.052,,,95,0.0,70.0,0.0,Dome,True,D.Jones,G.Smith,6.58,7.0,13.25,175.5,Medium,-3.0,16.0,46.19,46.0,13.345274448658673,29.0,63.0,0.3036,0.6952,0.0772,0.083,0.3388,0.6612,0.3284,0.6716,15,2020-12-13,Indianapolis Colts @ Las Vegas Raiders,0.4276,0.5721,134,-134,,,,,,,,No Bet,,No Bet,,No Bet,,No Bet,,No Bet,,No Bet,,No Bet,,No Bet,,No Bet,,,,,,,,,,,,,,,,,,,,,,,,,,,,,15,0.2232333333333333,0.0509666666666666,Indianapolis Colts,Las Vegas Raiders,0,0,0,0,1,0,0,1,0,0,1,1,0,4.0,3.0,,,47.35191035960887,0.8811224233001794,0.1983924628276185,0.0005957417008378,0.0050202101096463,0.012637859411769,0.131219529582303,0.0155716482037868,0.106497009516072,0.0002668922819753,0.0003288494188625,0.0027711559805247,0.0022490541291215,0.002577903547984,0.2377165390983751,0.0282095076155558,0.0005957417008378,0.0050202101096463,30.0,1.0,0.552,0.448,0.5664,0.4333,0.7134,0.2852,Indianapolis Colts,Indianapolis Colts,Indianapolis Colts,Indianapolis Colts,Indianapolis Colts,Same,Same,Same,False,False,0.0005957417008378,0.0050202101096463,0.0005957417008378,0.0050202101096463,0.0005957417008378,0.0050202101096463,,,0.6186167975194685,0.7564267316791253,1.613459150953019,1.5257136385464596,0.6327679285817385,0.7408511249289341,0.4882896689161987,1.10689348122929,0.721248425209572,0.9525123540498688
2020_14_NYJ_SEA,2020,15,2020-12-13,16:05,New York Jets,Seattle Seahawks,Home,Sam Darnold,Russell Wilson,00-0034869,00-0029263,7,7,0,0,10,0,Lumen Field,47.5952,-122.3316,America/Los_Angeles,False,False,14,14,Sunday,False,False,0,False,False,0,10,0,AFC East,MetLife Stadium,40.8136,-74.0744,America/New_York,NFC West,Lumen Field,47.5952,-122.3316,America/Los_Angeles,Las Vegas Raiders,New York Giants,MetLife Stadium,Lumen Field,Los Angeles Rams,Washington Commanders,SoFi Stadium,FedExField,2394,0,-2394,2394,3.0,0.0,America/New_York,America/Los_Angeles,3.0,0.0,3.0,0.0,3.0,0,-3.725,-0.13,-3.725,-0.13,Seattle Seahawks,3.595,Seattle Seahawks,3.595,-3.725,-0.13,Seattle Seahawks,3.595,-0.2249999999999999,0,No,No,No,No,No,0,No,0.0,0.0,-12.282,1.039,-4.7010000000000005,-1.949,-4.7010000000000005,-1.949,-0.976,-1.819,-13.258,-0.78,Seattle Seahawks,2.7520000000000007,Seattle Seahawks,2.7520000000000007,-4.7010000000000005,-1.949,Seattle Seahawks,2.7520000000000007,Tie,0.0,Seattle Seahawks,13.321,-6.141,0.5195,Seattle Seahawks,6.6605,New York Jets,0.843,Seattle Seahawks,12.478,-7.116999999999999,-1.2995,Seattle Seahawks,5.817499999999999,Different,Same,Different,Same,Different,Same,False,Away Team,Home Team,49.5,-1032.0,734.0,Seattle Seahawks,New York Jets,-16.5,16.5,101,-122,-675,466,0.843,-0.843,-12.478,12.478,0.1199,0.9117,0.5495,0.4975,0.1767,0.871,0.1162,0.8838,0.5248,0.4752,0.1686,0.8314,0.1162,0.8838,-0.3838,0.3838,43.0,8.0,96,8.0,43.0,0.0,nfl_read_py Fallback,False,J.Fields,S.Darnold,-10.75,-12.0,13.3,176.91,Medium,-20.0,-3.0,45.25,45.0,12.791932080232018,29.0,62.0,0.791,0.2074,0.0636,0.0556,0.3494,0.6506,0.3652,0.6348,15,2020-12-13,New York Jets @ Seattle Seahawks,0.7454,0.2542,-293,293,,,,,,,,No Bet,,No Bet,,No Bet,,No Bet,,No Bet,,No Bet,,No Bet,,No Bet,,No Bet,,,,,,,,,,,,,,,,,,,,,,,,,,,,,15,-0.2469,0.1586,Seattle Seahawks,New York Jets,0,0,0,0,0,1,1,0,0,0,1,1,0,1.0,3.5,,,47.35191035960887,0.6315812667844952,0.9996704955507352,0.3428954883201188,0.000502219299603,14.35004532898821,0.0027633572263085,1.886711096660364,0.0210176860293586,0.303051032577321,0.0398444557427978,5.8357882613869446e-05,0.0004438614169891,0.0402883171597869,0.0237810432556671,16.236756425648576,0.3428954883201188,0.000502219299603,30.0,1.0,0.1162,0.8838,0.2728,0.727,0.167,0.8322,Seattle Seahawks,Seattle Seahawks,Seattle Seahawks,Seattle Seahawks,Seattle Seahawks,Same,Same,Same,False,False,0.3428954883201188,0.000502219299603,0.3428954883201188,0.000502219299603,0.3428954883201188,0.000502219299603,,,1.1026844211740328,0.27235910802455743,0.7292229632527267,2.4099498262467605,1.0061953036237272,0.36742374988694315,1.0387236254060885,0.5564595247394005,0.9822981017604677,0.691462677498975
2020_14_GB_DET,2020,15,2020-12-13,16:25,Green Bay Packers,Detroit Lions,Home,Aaron Rodgers,Matthew Stafford,00-0023459,00-0026498,7,7,0,0,-8,3,Ford Field,42.3395,-83.045,America/Detroit,False,False,14,14,Sunday,False,False,0,False,False,0,-8,3,NFC North,Lambeau Field,44.5013,-88.0622,America/Chicago,NFC North,Ford Field,42.3395,-83.045,America/Detroit,Philadelphia Eagles,Chicago Bears,Lambeau Field,Soldier Field,Carolina Panthers,Tennessee Titans,Lambeau Field,Nissan Stadium,292,0,-292,292,-1.0,0.0,America/Chicago,America/Chicago,-1.0,-1.0,-1.0,0.0,-1.0,0,3.535,4.305,3.535,4.305,Detroit Lions,0.7699999999999996,Detroit Lions,0.7699999999999996,3.535,4.305,Detroit Lions,0.7699999999999996,0.0,0,No,No,No,No,No,1,No,0.0,0.0,4.584,-3.395,2.54577,3.1602300000000003,2.54577,3.1602300000000003,-0.99693,-1.13707,3.507279999999999,-4.45228,Detroit Lions,0.6144600000000002,Detroit Lions,0.6144600000000002,2.54577,3.1602300000000003,Detroit Lions,0.6144600000000002,Tie,0.0,Green Bay Packers,7.978999999999999,2.292,-1.6975,Green Bay Packers,3.9895,Green Bay Packers,0.1401399999999999,Green Bay Packers,7.959559999999999,1.2551749999999997,-2.794675,Green Bay Packers,4.049849999999999,Different,Different,Different,Different,Different,Same,False,Away Team,Away Team,55.5,292.0,-345.0,Green Bay Packers,Detroit Lions,9.5,-9.5,-110,-110,282,-366,0.1401399999999999,-0.1401399999999999,7.959559999999999,-7.959559999999999,0.7753,0.2551,0.5238,0.5238,0.7854,0.2618,0.7524,0.2476,0.5,0.5,0.75,0.25,0.7524,0.2476,0.2524,-0.2524,,,97,0.0,70.0,0.0,Dome,True,J.Love,J.Goff,4.1,4.0,12.92,167.05,Med-Low,-5.0,13.0,59.97,60.0,14.268862752470842,42.0,79.0,0.3766,0.623,0.0912,0.0786,0.6618,0.3382,0.618,0.382,15,2020-12-13,Green Bay Packers @ Detroit Lions,0.3436,0.6564,191,-191,,,,,,,,No Bet,,No Bet,,No Bet,,No Bet,,No Bet,,No Bet,,No Bet,,No Bet,,No Bet,,,,,,,,,,,,,,,,,,,,,,,,,,,,,15,0.1876,-0.2331666666666666,Green Bay Packers,Detroit Lions,0,0,0,0,1,0,0,1,0,0,1,1,1,4.0,1.0,,,47.35191035960887,0.973095056262131,0.2179325972524237,0.000502219299603,0.1246162272530247,0.0058881863101031,4.439774276091775,0.0178928569455639,1.4610421461460976,0.0001243494985817,0.0003778698010213,0.0937612493851757,0.0308549778678489,0.0312328476688702,5.900816422237873,0.0237810432556671,0.000502219299603,0.1246162272530247,30.0,1.0,0.7524,0.2476,0.6115,0.3884,0.6582,0.3412,Green Bay Packers,Green Bay Packers,Green Bay Packers,Green Bay Packers,Green Bay Packers,Same,Same,Same,False,False,0.000502219299603,0.1246162272530247,0.000502219299603,0.1246162272530247,0.000502219299603,0.1246162272530247,,,0.39782818019903254,0.9772153489995632,2.066018976727384,1.0731538127720939,0.40037000343026713,0.9732490500804025,0.7034127479027081,0.8917704022427795,0.6929989815917946,0.9807617976676454
2020_14_ATL_LAC,2020,15,2020-12-13,16:25,Atlanta Falcons,Los Angeles Chargers,Home,Matt Ryan,Justin Herbert,00-0026143,00-0036355,7,7,0,0,9,-10,SoFi Stadium,33.9535,-118.3395,America/Los_Angeles,False,False,14,14,Sunday,False,False,0,False,False,0,9,-10,NFC South,Mercedes-Benz Stadium,33.7489,-84.388,America/New_York,AFC West,SoFi Stadium,33.9535,-118.3395,America/Los_Angeles,New Orleans Saints,New England Patriots,Mercedes-Benz Stadium,SoFi Stadium,Tampa Bay Buccaneers,Las Vegas Raiders,Mercedes-Benz Stadium,Allegiant Stadium,1938,0,-1938,1938,3.0,0.0,America/New_York,America/Los_Angeles,3.0,0.0,3.0,0.0,3.0,0,-0.71,0.935,-0.71,0.935,Los Angeles Chargers,1.645,Los Angeles Chargers,1.645,-0.71,0.935,Los Angeles Chargers,1.645,-0.2249999999999999,0,No,No,No,No,No,0,No,0.0,0.0,-3.734,-0.754,1.563,0.8305,1.563,0.8305,2.273,-0.1044999999999999,-1.461,-0.8585,Atlanta Falcons,0.7324999999999999,Atlanta Falcons,0.7324999999999999,1.563,0.8305,Atlanta Falcons,0.7324999999999999,Tie,0.0,Los Angeles Chargers,2.98,-1.867,-0.377,Los Angeles Chargers,1.49,Atlanta Falcons,2.3775,Los Angeles Chargers,0.6024999999999998,0.4060000000000001,-0.4815,Atlanta Falcons,0.8875000000000002,Different,Different,Same,Different,Different,Same,False,Away Team,Home Team,49.0,-118.0,107.0,Los Angeles Chargers,Atlanta Falcons,-1.0,1.0,117,-142,-116,-104,2.3775,-2.3775,-0.6024999999999998,0.6024999999999998,0.4831,0.5413,0.5868,0.4608,0.5098,0.537,0.4716,0.5284,0.5601,0.4399,0.487,0.513,0.4716,0.5284,-0.0284,0.0284,,,98,0.0,70.0,0.0,Dome,True,K.Cousins,J.Herbert,-7.89,-8.0,13.28,176.43,Medium,-17.0,2.0,53.96,53.0,13.600135855904522,37.0,72.0,0.7298,0.2696,0.0756,0.0806,0.708,0.2702,0.6204,0.3468,15,2020-12-13,Atlanta Falcons @ Los Angeles Chargers,0.5528,0.4471,-124,124,,,,,,,,No Bet,,No Bet,,No Bet,,No Bet,,No Bet,,No Bet,,No Bet,,No Bet,,No Bet,,,,,,,,,,,,,,,,,,,,,,,,,,,,,15,-0.2507,0.0468,Los Angeles Chargers,Atlanta Falcons,0,0,0,0,0,1,1,0,0,0,1,1,0,0.5,3.0,,,47.35191035960887,0.3536875042050699,0.9781339688875972,0.0011618843178684,0.000764763820332,0.0290712163887013,0.0170780639419054,0.0259462256792422,0.0191349639247303,0.0006139396735617,0.0005479446443067,0.0003606626176685,0.0004041012026634,0.0009520458469702,0.0362130278666357,0.0550174420679436,0.0011618843178684,0.000764763820332,30.0,1.0,0.4716,0.5284,0.4814,0.5185,0.2336,0.766,Los Angeles Chargers,Los Angeles Chargers,Los Angeles Chargers,Los Angeles Chargers,Los Angeles Chargers,Same,Same,Same,False,False,0.0011618843178684,0.000764763820332,0.0011618843178684,0.000764763820332,0.0011618843178684,0.000764763820332,,,0.7263381388350519,0.6487053903635415,1.3769205986870758,1.7622521908124038,0.7044361405032612,0.6691829130074116,1.1638361512723656,0.43134699887312294,0.9247523214537947,0.7490084578056483
2020_14_NO_PHI,2020,15,2020-12-13,16:25,New Orleans Saints,Philadelphia Eagles,Home,Taysom Hill,Jalen Hurts,00-0033357,00-0036389,7,7,0,0,-3,-4,Lincoln Financial Field,39.9008,-75.1675,America/New_York,False,True,14,14,Sunday,False,False,0,False,False,0,-3,-4,NFC South,Caesars Superdome,29.9507,-90.0813,America/Chicago,NFC East,Lincoln Financial Field,39.9008,-75.1675,America/New_York,Atlanta Falcons,Green Bay Packers,Mercedes-Benz Stadium,Lambeau Field,Kansas City Chiefs,Arizona Cardinals,Caesars Superdome,State Farm Stadium,1086,0,-1086,1086,-1.0,0.0,America/New_York,America/Chicago,0.0,-1.0,0.0,0.0,0.0,0,-6.145,4.905,-6.145,4.905,Philadelphia Eagles,11.05,Philadelphia Eagles,11.05,-6.145,4.905,Philadelphia Eagles,11.05,0.0,0,No,No,No,No,No,0,No,0.0,0.0,5.562,-4.678,-4.5435,4.1485,-4.5435,4.1485,1.6015,-0.7565,7.1635,-5.4345,Philadelphia Eagles,8.692,Philadelphia Eagles,8.692,-4.5435,4.1485,Philadelphia Eagles,8.692,Tie,0.0,New Orleans Saints,10.24,2.781,-2.339,New Orleans Saints,5.12,New Orleans Saints,2.358,New Orleans Saints,12.598,4.3825,-3.0955,New Orleans Saints,7.478,Different,Different,Different,Different,Different,Same,False,Away Team,Away Team,43.0,284.0,-335.0,New Orleans Saints,Philadelphia Eagles,7.5,-7.5,117,-142,466,-675,2.358,-2.358,12.598,-12.598,0.7701,0.2604,0.5868,0.4608,0.871,0.1767,0.7473,0.2527,0.5601,0.4399,0.8314,0.1686,0.7473,0.2527,0.2473,-0.2473,57.0,10.0,99,10.0,57.0,0.0,nfl_read_py Fallback,False,S.Rattler,J.Hurts,10.68,12.0,13.25,175.5,Medium,3.0,20.0,39.33,39.0,12.420472988974856,23.0,56.0,0.207,0.7922,0.072,0.0678,0.3842,0.6158,0.3494,0.6088,15,2020-12-13,New Orleans Saints @ Philadelphia Eagles,0.267,0.7328,275,-274,,,,,,,,No Bet,,No Bet,,No Bet,,No Bet,,No Bet,,No Bet,,No Bet,,No Bet,,No Bet,,,,,,,,,,,,,,,,,,,,,,,,,,,,,15,0.1203,-0.1038333333333333,New Orleans Saints,Philadelphia Eagles,0,0,0,0,1,1,0,0,0,0,1,1,0,3.5,2.0,,,47.35191035960887,0.7623502790720933,0.1960526015368443,0.0003044308443164,0.1329236568581867,0.00364276704423,4.703647502637804,0.0107726150065419,1.590541581582461,7.692967435876383e-05,0.0002275011699576,0.0993338487701229,0.0335898080880637,0.0338173092580214,6.294189084220264,0.014415382050772,0.0003044308443164,0.1329236568581867,30.0,1.0,0.7473,0.2527,0.7245,0.2752,0.8108,0.188,New Orleans Saints,New Orleans Saints,New Orleans Saints,New Orleans Saints,New Orleans Saints,Same,Same,Same,False,False,0.0003044308443164,0.1329236568581867,0.0003044308443164,0.1329236568581867,0.0003044308443164,0.1329236568581867,,,0.4094267821950377,0.9656167470035559,1.931787971603916,1.2073848178955635,0.2804152052114808,1.0932038482991902,0.4220810026833653,1.1731021474621222,0.5653092760727052,1.1084515031867366
2020_14_WAS_SF,2020,15,2020-12-13,16:25,Washington Commanders,San Francisco 49ers,Neutral,Alex Smith,Nick Mullens,00-0023436,00-0033319,6,6,0,0,13,11,Levi's Stadium,37.4031,-121.9702,America/Los_Angeles,False,True,14,14,Sunday,False,False,0,False,False,0,13,11,NFC East,FedExField,38.9077,-76.8645,America/New_York,NFC West,Levi's Stadium,37.4031,-121.9702,America/Los_Angeles,Pittsburgh Steelers,Buffalo Bills,Acrisure Stadium,Levi's Stadium,Seattle Seahawks,Dallas Cowboys,FedExField,AT&T Stadium,2426,0,-2426,2426,3.0,0.0,America/New_York,America/Los_Angeles,3.0,0.0,3.0,0.0,3.0,0,1.45,3.325,1.45,3.325,San Francisco 49ers,1.875,San Francisco 49ers,1.875,1.45,3.325,San Francisco 49ers,1.875,-0.2249999999999999,0,No,No,No,No,No,0,No,0.0,0.0,-6.18,4.201,1.347,1.924,1.347,1.924,-0.1029999999999999,-1.401,-6.283,2.7999999999999994,San Francisco 49ers,0.577,San Francisco 49ers,0.577,1.347,1.924,San Francisco 49ers,0.577,Tie,0.0,San Francisco 49ers,10.381,-3.09,2.1005,San Francisco 49ers,5.1905,Washington Commanders,1.298,San Francisco 49ers,9.082999999999998,-3.193,0.6994999999999997,San Francisco 49ers,3.892499999999999,Different,Same,Different,Same,Different,Same,False,Away Team,Home Team,43.5,-149.0,134.0,San Francisco 49ers,Washington Commanders,-3.0,3.0,105,-128,-416,314,1.298,-1.298,-9.082999999999998,9.082999999999998,0.4274,0.5984,0.5614,0.4878,0.2415,0.8062,0.4166,0.5834,0.5351,0.4649,0.2305,0.7695,0.4166,0.5834,-0.0834,0.0834,,,100,8.0,55.0,0.0,Historical Avg,False,M.Mariota,M.Jones,-0.17,1.0,14.44,208.49,High,-10.0,10.0,43.43,43.0,13.205133360531194,26.0,61.0,0.498,0.5016,0.0788,0.0802,0.4272,0.534,0.471,0.529,15,2020-12-13,Washington Commanders @ San Francisco 49ers,0.579,0.421,-138,138,,,,,,,,No Bet,,No Bet,,No Bet,,No Bet,,No Bet,,No Bet,,No Bet,,No Bet,,No Bet,,,,,,,,,,,,,,,,,,,,,,,,,,,,,15,0.0022666666666666,-0.0995333333333333,San Francisco 49ers,Washington Commanders,0,0,0,0,0,0,1,1,0,0,1,1,0,2.5,2.0,,,47.35191035960887,0.9218586805840612,0.9896140962113674,0.0103468420760183,0.0003722120119576,0.2858325936342785,0.0073425540970896,0.2041101448543716,0.0102823957278975,0.0060363476671491,0.0043104944088692,0.0001550635241815,0.000217148487776,0.0045276428966453,0.0176249498249871,0.4899427384886502,0.0103468420760183,0.0003722120119576,30.0,1.0,0.4166,0.5834,0.372,0.6278,0.4092,0.5902,San Francisco 49ers,San Francisco 49ers,San Francisco 49ers,Washington Commanders,San Francisco 49ers,Same,Different,Same,False,False,0.0103468420760183,0.0003722120119576,0.0103468420760183,0.0003722120119576,0.0103468420760183,0.0003722120119576,,,0.7964470785423249,0.5785964506562666,1.3703298972697333,1.7688428922297454,1.0528007084342907,0.32081834507637225,0.7842460335033996,0.8109371166420826,0.9568181404621018,0.7169426387973371
2020_14_PIT_BUF,2020,15,2020-12-13,20:20,Pittsburgh Steelers,Buffalo Bills,Home,Ben Roethlisberger,Josh Allen,00-0022924,00-0034857,6,6,0,0,-13,-3,Highmark Stadium,42.7725,-78.7877,America/New_York,False,False,14,14,Sunday,False,False,0,False,False,0,-13,-3,AFC North,Acrisure Stadium,40.4468,-80.0158,America/New_York,AFC East,Highmark Stadium,42.7725,-78.7877,America/New_York,Washington Commanders,San Francisco 49ers,Acrisure Stadium,Levi's Stadium,Cincinnati Bengals,Denver Broncos,Paycor Stadium,Empower Field at Mile High,173,0,-173,173,0.0,0.0,America/New_York,America/Los_Angeles,0.0,-3.0,0.0,0.0,0.0,0,-0.565,4.795,-0.565,4.795,Buffalo Bills,5.359999999999999,Buffalo Bills,5.359999999999999,-0.565,4.795,Buffalo Bills,5.359999999999999,0.0,0,No,No,No,No,No,0,No,0.0,0.0,6.414,2.269,-2.478,4.59,-2.478,4.59,-1.913,-0.205,4.501,2.064,Buffalo Bills,7.068,Buffalo Bills,7.068,-2.478,4.59,Buffalo Bills,7.068,Tie,0.0,Pittsburgh Steelers,4.145,3.207,1.1345,Pittsburgh Steelers,2.0725,Buffalo Bills,1.7079999999999995,Pittsburgh Steelers,2.4369999999999994,1.2939999999999998,0.9295,Pittsburgh Steelers,0.3644999999999998,Different,Different,Same,Different,Different,Same,False,Home Team,Away Team,48.5,-124.0,112.0,Buffalo Bills,Pittsburgh Steelers,-2.0,2.0,-128,105,117,-142,-1.7079999999999995,1.7079999999999995,2.4369999999999994,-2.4369999999999994,0.4717,0.5536,0.4878,0.5614,0.5868,0.4608,0.4601,0.5399,0.4649,0.5351,0.5601,0.4399,0.4601,0.5399,-0.0399,0.0399,35.0,11.0,101,11.0,35.0,0.0,nfl_read_py Fallback,False,A.Rodgers,J.Allen,-4.64,-6.0,14.31,204.82,High,-14.0,6.0,50.09,50.0,13.54231861383743,33.0,68.0,0.6354,0.364,0.0834,0.081,0.5958,0.389,0.53,0.47,15,2020-12-13,Pittsburgh Steelers @ Buffalo Bills,0.5376,0.4623,-116,116,,,,,,,,No Bet,,No Bet,,No Bet,,No Bet,,No Bet,,No Bet,,No Bet,,No Bet,,No Bet,,,,,,,,,,,,,,,,,,,,,,,,,,,,,15,0.1481666666666666,0.1114666666666666,Buffalo Bills,Pittsburgh Steelers,0,0,0,0,0,1,1,0,0,0,1,1,0,3.5,3.5,,,47.35191035960887,0.0679755650677109,0.0,0.0017479209207059,0.0,0.0446861164271191,0.0,0.0380812783258335,0.0,0.0009437025050891,0.0008042184156168,0.0,0.0,0.0008042184156168,0.0,0.0827673947529527,0.0017479209207059,0.0,30.0,1.0,0.4601,0.5399,0.4421,0.5577,0.3462,0.6532,Buffalo Bills,Buffalo Bills,Buffalo Bills,Buffalo Bills,Buffalo Bills,Same,Same,Same,False,False,0.0017479209207059,0.0,0.0017479209207059,0.0,0.0017479209207059,0.0,,,0.7413551862893819,0.0,1.6619396018418384,0.0,0.6032562466915949,0.0,1.0118749138114858,0.0,0.8975892773847834,0.0
2020_14_BAL_CLE,2020,15,2020-12-14,20:15,Baltimore Ravens,Cleveland Browns,Home,Lamar Jackson,Baker Mayfield,00-0034796,00-0034855,6,8,-2,2,-7,12,FirstEnergy Stadium,41.5061,-81.6994,America/New_York,False,False,14,14,Monday,False,False,0,False,False,0,-7,12,AFC North,M&T Bank Stadium,39.2789,-76.6228,America/New_York,AFC North,FirstEnergy Stadium,41.5061,-81.6994,America/New_York,Dallas Cowboys,Tennessee Titans,M&T Bank Stadium,Nissan Stadium,Jacksonville Jaguars,New York Giants,M&T Bank Stadium,MetLife Stadium,308,0,-308,308,0.0,0.0,America/New_York,America/Chicago,0.0,-1.0,0.0,0.0,0.0,0,6.69,-4.705,6.69,-4.705,Baltimore Ravens,11.395,Baltimore Ravens,11.395,6.69,-4.705,Baltimore Ravens,11.395,0.0,0,No,No,No,No,Yes,1,No,0.0,0.0,10.382,-0.295,6.85273,-2.04273,6.85273,-2.04273,0.2766799999999999,2.54832,10.55191,2.36009,Baltimore Ravens,8.89546,Baltimore Ravens,8.89546,6.85273,-2.04273,Baltimore Ravens,8.89546,Tie,0.0,Baltimore Ravens,10.677,5.191,-0.1475,Baltimore Ravens,5.3385,Cleveland Browns,2.27164,Baltimore Ravens,8.19182,5.414295,2.454205,Baltimore Ravens,2.96009,Different,Same,Different,Same,Different,Same,False,Home Team,Away Team,45.5,156.0,-174.0,Baltimore Ravens,Cleveland Browns,3.0,-3.0,-142,117,282,-366,-2.27164,2.27164,8.19182,-8.19182,0.635,0.3906,0.4608,0.5868,0.7854,0.2618,0.6191,0.3809,0.4399,0.5601,0.75,0.25,0.6191,0.3809,0.1191,-0.1191,34.0,18.0,102,18.0,34.0,0.0,nfl_read_py Fallback,False,T.Huntley,D.Gabriel,0.21,1.0,15.07,227.21,High,-10.0,11.0,40.79,40.0,13.047025623318255,24.0,58.0,0.4894,0.5088,0.0736,0.0804,0.5238,0.4418,0.3462,0.6538,15,2020-12-14,Baltimore Ravens @ Cleveland Browns,0.4201,0.5794,138,-138,,,,,,,,No Bet,,No Bet,,No Bet,,No Bet,,No Bet,,No Bet,,No Bet,,No Bet,,No Bet,,,,,,,,,,,,,,,,,,,,,,,,,,,,,15,0.3328666666666666,0.1231333333333333,Baltimore Ravens,Cleveland Browns,0,0,0,0,1,1,0,0,0,0,1,1,1,5.0,3.5,,,47.35191035960887,0.5582810227138674,0.0317817730599927,0.0002698641555724,0.0041649391631391,0.0048673623804703,0.1220975560185223,0.0079112209234686,0.0751202698876678,0.0001027912568575,0.0001670728987149,0.0025785138358994,0.0015864253272397,0.0017534982259546,0.1972178259061901,0.0127785833039389,0.0002698641555724,0.0041649391631391,30.0,1.0,0.6191,0.3809,0.6238,0.376,0.6136,0.3856,Baltimore Ravens,Baltimore Ravens,Baltimore Ravens,Baltimore Ravens,Baltimore Ravens,Same,Same,Same,False,False,0.0002698641555724,0.0041649391631391,0.0002698641555724,0.0041649391631391,0.0002698641555724,0.0041649391631391,,,0.5259421670948999,0.8491013621036942,1.7957775808472132,1.3433952086522698,0.3451173362417825,1.0285017172688826,0.7847346251014881,0.8104485250439954,0.708018036939778,0.9657427423196654
2020_15_LAC_LV,2020,16,2020-12-17,20:20,Los Angeles Chargers,Las Vegas Raiders,Home,Justin Herbert,Derek Carr,00-0036355,00-0031280,4,4,0,0,-10,0,Allegiant Stadium,36.108,-115.1578,America/Los_Angeles,False,False,15,15,Thursday,False,False,0,False,False,0,-10,0,AFC West,SoFi Stadium,33.9535,-118.3395,America/Los_Angeles,AFC West,Allegiant Stadium,36.108,-115.1578,America/Los_Angeles,Atlanta Falcons,Indianapolis Colts,SoFi Stadium,Allegiant Stadium,Denver Broncos,Miami Dolphins,SoFi Stadium,Allegiant Stadium,233,0,-233,233,0.0,0.0,America/Los_Angeles,America/Los_Angeles,0.0,0.0,0.0,0.0,0.0,0,0.935,-2.35,0.935,-2.35,Los Angeles Chargers,3.285,Los Angeles Chargers,3.285,0.935,-2.35,Los Angeles Chargers,3.285,0.0,0,No,No,No,No,No,1,No,0.0,0.0,-0.754,-0.946,0.008775,-3.0022750000000005,0.008775,-3.0022750000000005,-0.8933749999999999,-0.6851250000000001,-1.649295,-1.629205,Los Angeles Chargers,3.0110500000000004,Los Angeles Chargers,3.0110500000000004,0.008775,-3.0022750000000005,Los Angeles Chargers,3.0110500000000004,Tie,0.0,Los Angeles Chargers,0.1919999999999999,-0.377,-0.473,Los Angeles Chargers,0.0959999999999999,Las Vegas Raiders,0.2082499999999998,Las Vegas Raiders,0.0200899999999999,-1.271335,-1.157165,Las Vegas Raiders,0.1141699999999998,Different,Different,Different,Different,Different,Different,True,Home Team,Home Team,52.0,-174.0,156.0,Las Vegas Raiders,Los Angeles Chargers,-3.5,3.5,-110,-110,-110,-110,-0.2082499999999998,0.2082499999999998,-0.0200899999999999,0.0200899999999999,0.3906,0.635,0.5238,0.5238,0.5238,0.5238,0.3809,0.6191,0.5,0.5,0.5,0.5,0.3809,0.6191,-0.1191,0.1191,,,103,0.0,70.0,0.0,Dome,True,J.Herbert,G.Smith,11.3,11.0,13.21,174.56,Medium,3.0,20.0,52.76,52.5,13.651576241107596,36.0,71.0,0.1958,0.8036,0.0724,0.066,0.1448,0.8552,0.5,0.4776,16,2020-12-17,Los Angeles Chargers @ Las Vegas Raiders,0.4537,0.5461,120,-120,,,,,,,,No Bet,,No Bet,,No Bet,,No Bet,,No Bet,,No Bet,,No Bet,,No Bet,,No Bet,,,,,,,,,,,,,,,,,,,,,,,,,,,,,16,0.12975,0.0169,Las Vegas Raiders,Los Angeles Chargers,0,0,0,0,1,0,0,1,0,0,1,1,1,3.5,2.5,,,37.13453615299462,0.8807820969969318,0.3529046422280433,0.0105236684284963,0.0015886231726876,0.24193904595533,0.022470351669244,0.148852499764796,0.0365224329704096,0.006515203124082,0.0040084653044142,0.0006051065664767,0.0009835166062109,0.0049919819106251,0.0589927846396536,0.390791545720126,0.0071201382628039,0.0002146466281423,29.0,1.0,0.3809,0.6191,0.5528,0.4472,0.7572,0.2426,Las Vegas Raiders,Los Angeles Chargers,Los Angeles Chargers,Los Angeles Chargers,Los Angeles Chargers,Same,Same,Same,False,False,0.0105236684284963,0.0015886231726876,0.0105236684284963,0.0015886231726876,0.0105236684284963,0.0015886231726876,,,0.8702706883718622,0.5425228037510429,1.1275002567452632,1.1557102060455064,0.7812717451510295,0.7929750280909669,0.3137184719416123,1.3084389436961312,0.7512236091949107,0.9192254674684921
2020_15_BUF_DEN,2020,16,2020-12-19,16:30,Buffalo Bills,Denver Broncos,Home,Josh Allen,Drew Lock,00-0034857,00-0035704,6,6,0,0,-3,-5,Empower Field at Mile High,39.7648,-105.0076,America/Denver,False,False,15,15,Saturday,False,False,0,False,False,0,-3,-5,AFC East,Highmark Stadium,42.7725,-78.7877,America/New_York,AFC West,Empower Field at Mile High,39.7648,-105.0076,America/Denver,Pittsburgh Steelers,Carolina Panthers,Highmark Stadium,Bank of America Stadium,New England Patriots,Los Angeles Chargers,Gillette Stadium,SoFi Stadium,1371,0,-1371,1371,2.0,0.0,America/New_York,America/New_York,2.0,2.0,2.0,0.0,2.0,0,4.795,2.05,4.795,2.05,Buffalo Bills,2.745,Buffalo Bills,2.745,4.795,2.05,Buffalo Bills,2.745,-0.15,0,No,No,No,No,No,0,No,0.0,0.0,2.269,-1.501,4.699999999999999,1.2134999999999998,4.699999999999999,1.2134999999999998,-0.095,-0.8365,2.1740000000000004,-2.3375,Buffalo Bills,3.4864999999999995,Buffalo Bills,3.4864999999999995,4.699999999999999,1.2134999999999998,Buffalo Bills,3.4864999999999995,Tie,0.0,Buffalo Bills,3.77,1.1345,-0.7505,Buffalo Bills,1.885,Buffalo Bills,0.7415,Buffalo Bills,4.5115,1.0395,-1.587,Buffalo Bills,2.6265,Different,Same,Same,Same,Different,Same,False,Away Team,Away Team,49.0,212.0,-242.0,Buffalo Bills,Denver Broncos,5.5,-5.5,-104,-116,181,-224,0.7415,-0.7415,4.5115,-4.5115,0.7076,0.3205,0.537,0.5098,0.6914,0.3559,0.6883,0.3117,0.513,0.487,0.6602,0.3398,0.6883,0.3117,0.1883,-0.1883,47.0,24.0,104,24.0,47.0,0.0,nfl_read_py Fallback,False,J.Allen,B.Nix,10.03,10.0,14.4,207.27,High,1.0,20.0,44.04,43.0,13.08964550336948,28.0,61.0,0.2396,0.7592,0.0598,0.0672,0.3446,0.6554,0.3278,0.6462,16,2020-12-19,Buffalo Bills @ Denver Broncos,0.3445,0.6552,190,-190,,,,,,,,No Bet,,No Bet,,No Bet,,No Bet,,No Bet,,No Bet,,No Bet,,No Bet,,No Bet,,,,,,,,,,,,,,,,,,,,,,,,,,,,,16,0.07305,-0.0589,Buffalo Bills,Denver Broncos,0,0,0,0,1,0,0,1,0,0,1,1,0,3.0,2.0,,,37.13453615299462,0.9993450528502252,0.0667722077336375,0.0041363635461248,0.0667722077336375,0.0478777252109033,1.7066776804134518,0.1057242164345998,0.7728772816865799,0.0012893045173271,0.0028470590287977,0.0459593105830627,0.0208128971505748,0.0236599561793725,2.479554962100032,0.1536019416455031,0.0002441601683561,0.0667722077336375,29.0,1.0,0.6883,0.3117,0.628,0.3717,0.7888,0.2104,Buffalo Bills,Buffalo Bills,Buffalo Bills,Buffalo Bills,Buffalo Bills,Same,Same,Same,False,False,0.0041363635461248,0.0667722077336375,0.0041363635461248,0.0667722077336375,0.0041363635461248,0.0667722077336375,,,0.46919479189978663,0.943598700223111,1.207978686706595,1.0752317760841743,0.5728555530799081,1.0013912201621065,0.422489596234589,1.1996678194031591,0.6194016585645716,1.0510474180988343
2020_15_CAR_GB,2020,16,2020-12-19,20:15,Carolina Panthers,Green Bay Packers,Home,Teddy Bridgewater,Aaron Rodgers,00-0031237,00-0023459,6,6,0,0,2,-8,Lambeau Field,44.5013,-88.0622,America/Chicago,False,False,15,15,Saturday,False,False,0,False,False,0,2,-8,NFC South,Bank of America Stadium,35.2258,-80.8528,America/New_York,NFC North,Lambeau Field,44.5013,-88.0622,America/Chicago,Denver Broncos,Detroit Lions,Bank of America Stadium,Ford Field,Washington Commanders,Tennessee Titans,FedExField,Lambeau Field,745,0,-745,745,1.0,0.0,America/New_York,America/Detroit,1.0,1.0,1.0,0.0,1.0,0,-5.25,3.535,-5.25,3.535,Green Bay Packers,8.785,Green Bay Packers,8.785,-5.25,3.535,Green Bay Packers,8.785,0.0,0,No,No,No,No,No,0,No,0.0,0.0,-1.884,4.584,-3.545,3.6555,-3.545,3.6555,1.705,0.1204999999999999,-0.1789999999999998,4.7045,Green Bay Packers,7.2005,Green Bay Packers,7.2005,-3.545,3.6555,Green Bay Packers,7.2005,Tie,0.0,Green Bay Packers,6.468,-0.942,2.292,Green Bay Packers,3.234,Carolina Panthers,1.5845000000000002,Green Bay Packers,4.8835,0.7630000000000001,2.4125,Green Bay Packers,1.6494999999999995,Different,Same,Different,Same,Different,Same,False,Away Team,Home Team,53.0,-419.0,346.0,Green Bay Packers,Carolina Panthers,-9.5,9.5,105,-128,-234,188,1.5845000000000002,-1.5845000000000002,-4.8835,4.8835,0.2242,0.8073,0.5614,0.4878,0.3472,0.7006,0.2174,0.7826,0.5351,0.4649,0.3314,0.6686,0.2174,0.7826,-0.2826,0.2826,33.0,5.0,105,5.0,33.0,0.0,nfl_read_py Fallback,False,A.Dalton,J.Love,-7.65,-9.0,14.42,208.03,High,-17.0,3.0,52.89,52.0,13.689858233147952,36.0,71.0,0.7096,0.29,0.071,0.0672,0.4766,0.5234,0.4648,0.5012,16,2020-12-19,Carolina Panthers @ Green Bay Packers,0.6564,0.3435,-191,191,,,,,,,,No Bet,,No Bet,,No Bet,,No Bet,,No Bet,,No Bet,,No Bet,,No Bet,,No Bet,,,,,,,,,,,,,,,,,,,,,,,,,,,,,16,-0.0894,0.1401,Green Bay Packers,Carolina Panthers,0,0,0,0,1,1,0,0,0,0,1,1,0,2.0,3.5,,,37.13453615299462,0.0983734284560271,0.988121861643529,0.0983734284560271,0.0041084921124339,2.858878209937895,0.033168054687267,0.7941734255564764,0.1193988941962061,0.0769870451096868,0.0213863833463403,0.0008931861852431,0.0032153059271908,0.0246016892735311,0.1525669488834732,3.6530516354943714,0.0983734284560271,0.0002600729800241,29.0,1.0,0.2174,0.7826,0.344,0.656,0.2814,0.7186,Green Bay Packers,Green Bay Packers,Green Bay Packers,Green Bay Packers,Green Bay Packers,Same,Same,Same,False,False,0.0983734284560271,0.0041084921124339,0.0983734284560271,0.0041084921124339,0.0983734284560271,0.0041084921124339,,,1.0697023883798886,0.34309110374301527,0.9248802425101226,1.3583302202806535,0.9954256894662584,0.5788210837757356,1.0933369927039613,0.5288204229337905,1.0298436369831574,0.640605439680246
2020_15_TB_ATL,2020,16,2020-12-20,13:00,Tampa Bay Buccaneers,Atlanta Falcons,Home,Tom Brady,Matt Ryan,00-0019596,00-0026143,7,7,0,0,-8,9,Mercedes-Benz Stadium,33.7489,-84.388,America/New_York,False,False,15,15,Sunday,False,False,0,False,False,0,-8,9,NFC South,Raymond James Stadium,27.9759,-82.5033,America/New_York,NFC South,Mercedes-Benz Stadium,33.7489,-84.388,America/New_York,Minnesota Vikings,Los Angeles Chargers,Raymond James Stadium,SoFi Stadium,Detroit Lions,Kansas City Chiefs,Ford Field,GEHA Field at Arrowhead Stadium,414,0,-414,414,0.0,0.0,America/New_York,America/Los_Angeles,0.0,-3.0,0.0,0.0,0.0,0,1.025,-0.71,1.025,-0.71,Tampa Bay Buccaneers,1.735,Tampa Bay Buccaneers,1.735,1.025,-0.71,Tampa Bay Buccaneers,1.735,0.0,0,No,No,No,No,No,1,No,0.0,0.0,5.957,-3.734,0.5112949999999998,-2.056795,0.5112949999999998,-2.056795,-0.496355,-1.364145,5.363734999999999,-5.001234999999999,Tampa Bay Buccaneers,2.56809,Tampa Bay Buccaneers,2.56809,0.5112949999999998,-2.056795,Tampa Bay Buccaneers,2.56809,Tie,0.0,Tampa Bay Buccaneers,9.691,2.9785,-1.867,Tampa Bay Buccaneers,4.8455,Tampa Bay Buccaneers,0.8677899999999998,Tampa Bay Buccaneers,10.36497,2.4336899999999995,-3.18269,Tampa Bay Buccaneers,5.61638,Different,Same,Same,Same,Different,Same,False,Away Team,Away Team,49.5,225.0,-258.0,Tampa Bay Buccaneers,Atlanta Falcons,6.0,-6.0,101,-122,389,-538,0.8677899999999998,-0.8677899999999998,10.36497,-10.36497,0.7207,0.3077,0.5495,0.4975,0.8433,0.2045,0.7008,0.2992,0.5248,0.4752,0.8048,0.1952,0.7008,0.2992,0.2008,-0.2008,,,106,0.0,70.0,0.0,Dome,True,B.Mayfield,K.Cousins,7.4,8.0,14.01,196.41,High,-3.0,17.0,53.85,53.0,13.46629380541546,37.0,71.0,0.295,0.7046,0.0778,0.0756,0.4184,0.5548,0.61,0.39,16,2020-12-20,Tampa Bay Buccaneers @ Atlanta Falcons,0.3162,0.6838,216,-216,,,,,,,,No Bet,,No Bet,,No Bet,,No Bet,,No Bet,,No Bet,,No Bet,,No Bet,,No Bet,,,,,,,,,,,,,,,,,,,,,,,,,,,,,16,0.28385,-0.27565,Tampa Bay Buccaneers,Atlanta Falcons,0,0,0,0,1,0,0,1,0,0,1,1,1,4.5,0.5,,,37.13453615299462,0.9776740718291946,0.1414866776460956,0.0041990493139588,0.0758044486260068,0.0466541807683772,1.9727260970726403,0.1092755677890333,0.8422369409876341,0.0012563555547364,0.0029426937592223,0.0531237575971055,0.0226806910289012,0.0256233847881235,2.8149630380602746,0.1559297485574106,0.0003918450446143,0.0755475692434221,29.0,1.0,0.7008,0.2992,0.6765,0.3233,0.774,0.2252,Tampa Bay Buccaneers,Tampa Bay Buccaneers,Tampa Bay Buccaneers,Tampa Bay Buccaneers,Tampa Bay Buccaneers,Same,Same,Same,False,False,0.0041990493139588,0.0758044486260068,0.0041990493139588,0.0758044486260068,0.0041990493139588,0.0758044486260068,,,0.4551385714558852,0.9576549206670194,1.1944052129409906,1.0888052498497844,0.339042688648615,1.2352040845933832,0.5222460525873257,1.0999113630504254,0.5768489584080816,1.093600118255321
2020_15_JAX_BAL,2020,16,2020-12-20,13:00,Jacksonville Jaguars,Baltimore Ravens,Home,Gardner Minshew II,Lamar Jackson,00-0035289,00-0034796,7,6,1,-1,-11,-8,M&T Bank Stadium,39.2789,-76.6228,America/New_York,False,False,15,15,Sunday,False,False,0,False,False,0,-11,-8,AFC South,TIAA Bank Field,30.3239,-81.6554,America/New_York,AFC North,M&T Bank Stadium,39.2789,-76.6228,America/New_York,Tennessee Titans,Cleveland Browns,TIAA Bank Field,FirstEnergy Stadium,Chicago Bears,New York Giants,TIAA Bank Field,M&T Bank Stadium,681,0,-681,681,0.0,0.0,America/New_York,America/New_York,0.0,0.0,0.0,0.0,0.0,0,-1.825,6.69,-1.825,6.69,Baltimore Ravens,8.515,Baltimore Ravens,8.515,-1.825,6.69,Baltimore Ravens,8.515,0.0,0,No,No,No,No,No,0,Yes,0.0,0.0,-10.251,10.382,-2.3965,5.3865,-2.3965,5.3865,-0.5715,-1.3035,-10.822500000000002,9.0785,Baltimore Ravens,7.782999999999999,Baltimore Ravens,7.782999999999999,-2.3965,5.3865,Baltimore Ravens,7.782999999999999,Tie,0.0,Baltimore Ravens,20.633,-5.1255,5.191,Baltimore Ravens,10.3165,Jacksonville Jaguars,0.7320000000000001,Baltimore Ravens,19.901000000000003,-5.697000000000001,3.8875,Baltimore Ravens,9.584500000000002,Different,Same,Different,Same,Different,Same,False,Away Team,Home Team,49.5,-746.0,564.0,Baltimore Ravens,Jacksonville Jaguars,-13.0,13.0,-104,-116,-4679,1359,0.7320000000000001,-0.7320000000000001,-19.901000000000003,19.901000000000003,0.1506,0.8818,0.537,0.5098,0.0685,0.9791,0.1459,0.8541,0.513,0.487,0.0654,0.9346,0.1459,0.8541,-0.3541,0.3541,39.0,3.0,107,3.0,39.0,0.0,nfl_read_py Fallback,False,T.Lawrence,T.Huntley,-11.06,-12.0,13.72,188.3,Med-High,-20.0,-3.0,46.37,46.0,13.106040221899963,30.0,64.0,0.7898,0.2098,0.0624,0.0622,0.4544,0.5108,0.3922,0.6078,16,2020-12-20,Jacksonville Jaguars @ Baltimore Ravens,0.7664,0.2335,-328,328,,,,,,,,No Bet,,No Bet,,No Bet,,No Bet,,No Bet,,No Bet,,No Bet,,No Bet,,No Bet,,,,,,,,,,,,,,,,,,,,,,,,,,,,,16,-0.34865,0.32225,Baltimore Ravens,Jacksonville Jaguars,0,0,0,0,0,1,1,0,0,0,1,1,0,0.0,5.0,,,37.13453615299462,0.02849379457238,0.9965078297706642,0.02849379457238,0.0042903268983181,0.9037264937446454,0.0232446857698776,0.1543773509394026,0.1360746135438828,0.0243365499442697,0.0041572446281102,0.0006259586944646,0.0036643682038535,0.0078216128319637,0.1593192993137604,1.058103844684048,0.02849379457238,0.0004098218769427,29.0,1.0,0.1459,0.8541,0.2358,0.7642,0.1014,0.8984,Baltimore Ravens,Baltimore Ravens,Baltimore Ravens,Baltimore Ravens,Baltimore Ravens,Same,Same,Same,False,False,0.02849379457238,0.0042903268983181,0.02849379457238,0.0042903268983181,0.02849379457238,0.0042903268983181,,,1.2002349097773666,0.2125585823455299,1.074061395404321,1.2091490673864553,1.467263532083754,0.10698324115823772,1.2696296912413834,0.35252772439637436,1.266841539696971,0.403607536966436
2020_15_SF_DAL,2020,16,2020-12-20,13:00,San Francisco 49ers,Dallas Cowboys,Home,Nick Mullens,Andy Dalton,00-0033319,00-0027973,7,7,0,0,11,8,AT&T Stadium,32.7369,-97.0826,America/Chicago,False,False,15,15,Sunday,False,False,0,False,False,0,11,8,NFC West,Levi's Stadium,37.4031,-121.9702,America/Los_Angeles,NFC East,AT&T Stadium,32.7369,-97.0826,America/Chicago,Washington Commanders,Cincinnati Bengals,Levi's Stadium,Paycor Stadium,Arizona Cardinals,Philadelphia Eagles,State Farm Stadium,AT&T Stadium,1438,0,-1438,1438,-2.0,0.0,America/Los_Angeles,America/New_York,-2.0,1.0,-2.0,0.0,-2.0,0,3.325,-0.615,3.325,-0.615,San Francisco 49ers,3.94,San Francisco 49ers,3.94,3.325,-0.615,San Francisco 49ers,3.94,-0.3,0,No,No,No,No,No,0,No,0.0,0.0,4.201,-4.126,5.376000000000001,-0.4614999999999999,5.376000000000001,-0.4614999999999999,2.051,0.1535,6.252000000000001,-3.9725000000000006,San Francisco 49ers,5.837500000000001,San Francisco 49ers,5.837500000000001,5.376000000000001,-0.4614999999999999,San Francisco 49ers,5.837500000000001,Tie,0.0,San Francisco 49ers,8.327,2.1005,-2.063,San Francisco 49ers,4.1635,San Francisco 49ers,1.8975,San Francisco 49ers,10.2245,4.1515,-1.9095,San Francisco 49ers,6.061000000000001,Different,Same,Same,Same,Different,Same,False,Away Team,Away Team,46.0,180.0,-202.0,San Francisco 49ers,Dallas Cowboys,4.0,-4.0,108,-131,356,-483,1.8975,-1.8975,10.2245,-10.2245,0.6689,0.3571,0.5671,0.4808,0.8285,0.2193,0.6519,0.3481,0.5412,0.4588,0.7907,0.2093,0.6519,0.3481,0.1519,-0.1519,,,108,0.0,70.0,0.0,Dome,True,M.Jones,D.Prescott,2.37,3.0,13.94,194.22,Med-High,-7.0,12.0,51.58,51.0,13.95087908217375,34.0,70.0,0.4306,0.568,0.0862,0.0776,0.5132,0.4618,0.6334,0.3386,16,2020-12-20,San Francisco 49ers @ Dallas Cowboys,0.3617,0.638,176,-176,,,,,,,,No Bet,,No Bet,,No Bet,,No Bet,,No Bet,,No Bet,,No Bet,,No Bet,,No Bet,,,,,,,,,,,,,,,,,,,,,,,,,,,,,16,-0.22525,-0.0374,San Francisco 49ers,Dallas Cowboys,0,0,0,0,0,0,1,1,0,0,1,1,0,1.0,2.5,,,37.13453615299462,0.435507281478267,0.9141614632967184,0.0019469216239421,0.0141428765956251,0.0251669447412443,0.3423708148692007,0.047131086690081,0.1828183473783843,0.0006777234172942,0.0012691982066478,0.009219741252688,0.0049231353429371,0.0061923335495849,0.5251891622475849,0.0722980314313254,0.0002512922396452,0.0106229561800768,29.0,1.0,0.6519,0.3481,0.5348,0.4648,0.5896,0.4092,San Francisco 49ers,San Francisco 49ers,San Francisco 49ers,San Francisco 49ers,San Francisco 49ers,Same,Same,Same,False,False,0.0019469216239421,0.0141428765956251,0.0019469216239421,0.0141428765956251,0.0019469216239421,0.0141428765956251,,,0.4975731011466589,0.9152203909762451,1.066717379606037,1.2164930831847385,0.3348451548992112,1.2394016183427865,0.7068998355362751,0.9152575801014762,0.6127394969519143,1.0577095797114855
2020_15_HOU_IND,2020,16,2020-12-20,13:00,Houston Texans,Indianapolis Colts,Home,Deshaun Watson,Philip Rivers,00-0033537,00-0022942,7,7,0,0,1,7,Lucas Oil Stadium,39.7601,-86.1638,America/Indiana/Indianapolis,False,True,15,15,Sunday,False,False,0,False,False,0,1,7,AFC South,NRG Stadium,29.6847,-95.4093,America/Chicago,AFC South,Lucas Oil Stadium,39.7601,-86.1638,America/Indiana/Indianapolis,Chicago Bears,Las Vegas Raiders,Soldier Field,Allegiant Stadium,Cincinnati Bengals,Pittsburgh Steelers,NRG Stadium,Acrisure Stadium,870,0,-870,870,-1.0,0.0,America/Chicago,America/Los_Angeles,-1.0,-3.0,-1.0,0.0,-1.0,0,0.035,-2.265,0.035,-2.265,Houston Texans,2.3000000000000003,Houston Texans,2.3000000000000003,0.035,-2.265,Houston Texans,2.3000000000000003,0.0,0,No,No,No,No,No,1,No,0.0,0.0,-4.47,1.161,0.94507,-0.76307,0.94507,-0.76307,0.93307,1.47893,-3.48062,2.58362,Houston Texans,1.7081400000000002,Houston Texans,1.7081400000000002,0.94507,-0.76307,Houston Texans,1.7081400000000002,Tie,0.0,Indianapolis Colts,5.631,-2.235,0.5805,Indianapolis Colts,2.8155,Indianapolis Colts,0.5458600000000001,Indianapolis Colts,6.06424,-1.273775,2.031275,Indianapolis Colts,3.30505,Different,Different,Different,Different,Different,Same,False,Home Team,Home Team,52.5,-370.0,311.0,Indianapolis Colts,Houston Texans,-7.5,7.5,-116,-104,-261,208,-0.5458600000000001,0.5458600000000001,-6.06424,6.06424,0.2433,0.7872,0.5098,0.537,0.3247,0.723,0.2361,0.7639,0.487,0.513,0.3099,0.6901,0.2361,0.7639,-0.2639,0.2639,,,109,0.0,70.0,0.0,Dome,True,C.Stroud,D.Jones,-6.23,-7.0,13.13,172.45,Medium,-15.0,3.0,47.82,47.0,13.625110410075118,31.0,65.0,0.6898,0.3092,0.0788,0.0804,0.7128,0.2872,0.5524,0.4476,16,2020-12-20,Houston Texans @ Indianapolis Colts,0.6642,0.3355,-198,198,,,,,,,,No Bet,,No Bet,,No Bet,,No Bet,,No Bet,,No Bet,,No Bet,,No Bet,,No Bet,,,,,,,,,,,,,,,,,,,,,,,,,,,,,16,0.0062499999999999,0.2029,Indianapolis Colts,Houston Texans,0,0,0,0,1,1,0,0,0,0,1,1,1,2.5,4.0,,,37.13453615299462,0.1948588377126668,0.2933846354875238,0.0901748975324719,0.001265408221948,2.557997825980044,0.0110944210131662,0.7906051665321224,0.035895926353061,0.0688846042250553,0.0212902933074166,0.0002987628812019,0.0009666453407461,0.0222569386481627,0.0469903473662273,3.3486029925121663,0.0897654847229311,0.0001229468916824,29.0,1.0,0.2361,0.7639,0.3874,0.6123,0.3136,0.6854,Indianapolis Colts,Indianapolis Colts,Indianapolis Colts,Indianapolis Colts,Indianapolis Colts,Same,Same,Same,False,False,0.0901748975324719,0.001265408221948,0.0901748975324719,0.001265408221948,0.0901748975324719,0.001265408221948,,,1.0436414955874165,0.36915199653548786,1.0378762660471246,1.2453341967436509,1.0340899245092599,0.5401568487327354,1.0629628876122017,0.5591945280255475,1.0472462705078218,0.6232028061555827
2020_15_NE_MIA,2020,16,2020-12-20,13:00,New England Patriots,Miami Dolphins,Home,Cam Newton,Tua Tagovailoa,00-0027939,00-0036212,10,7,3,-3,-3,1,Hard Rock Stadium,25.9602,-80.2384,America/New_York,False,True,15,15,Sunday,False,False,0,False,False,0,-3,1,AFC East,Gillette Stadium,42.0628,-71.2687,America/New_York,AFC East,Hard Rock Stadium,25.9602,-80.2384,America/New_York,Los Angeles Rams,Kansas City Chiefs,SoFi Stadium,Hard Rock Stadium,Buffalo Bills,Las Vegas Raiders,Gillette Stadium,Allegiant Stadium,1223,0,-1223,1223,0.0,0.0,America/Los_Angeles,America/New_York,-3.0,0.0,0.0,0.0,0.0,0,-1.995,0.66,-1.995,0.66,Miami Dolphins,2.655,Miami Dolphins,2.655,-1.995,0.66,Miami Dolphins,2.655,0.0,0,No,No,No,No,No,1,No,0.0,0.0,0.079,-1.128,-2.407185,0.367685,-2.407185,0.367685,-0.438735,-0.265765,-0.371805,-1.3816949999999997,Miami Dolphins,2.77487,Miami Dolphins,2.77487,-2.407185,0.367685,Miami Dolphins,2.77487,Tie,0.0,New England Patriots,1.207,0.0395,-0.564,New England Patriots,0.6034999999999999,Miami Dolphins,0.1729699999999999,New England Patriots,1.0098899999999995,-0.40527,-0.8237299999999999,New England Patriots,0.4184599999999998,Different,Different,Same,Different,Different,Same,False,Home Team,Away Team,40.0,109.0,-120.0,New England Patriots,Miami Dolphins,1.5,-1.5,-110,-110,101,-122,-0.1729699999999999,0.1729699999999999,1.0098899999999995,-1.0098899999999995,0.5455,0.4785,0.5238,0.5238,0.5495,0.4975,0.5327,0.4673,0.5,0.5,0.5248,0.4752,0.5327,0.4673,0.0327,-0.0327,79.0,9.0,110,9.0,79.0,0.0,nfl_read_py Fallback,False,D.Maye,T.Tagovailoa,2.91,4.0,14.26,203.34,High,-7.0,13.0,47.49,47.0,13.118788773502558,31.0,65.0,0.4114,0.5876,0.0828,0.0772,0.4298,0.5702,0.6832,0.2866,16,2020-12-20,New England Patriots @ Miami Dolphins,0.4635,0.5363,116,-116,,,,,,,,No Bet,,No Bet,,No Bet,,No Bet,,No Bet,,No Bet,,No Bet,,No Bet,,No Bet,,,,,,,,,,,,,,,,,,,,,,,,,,,,,16,-0.06715,0.066,New England Patriots,Miami Dolphins,0,0,0,0,0,1,1,0,0,0,1,1,1,2.0,3.0,,,37.13453615299462,0.0,0.4851513362707795,0.0,0.0031125068083211,0.0,0.0615702632388425,0.0,0.0540112333611997,0.0,0.0,0.0016580323767926,0.0014544744315284,0.0014544744315284,0.1155814966000423,0.0,0.0,0.0012272809452296,29.0,1.0,0.5327,0.4673,0.5996,0.4,0.6,0.3988,New England Patriots,New England Patriots,New England Patriots,New England Patriots,New England Patriots,Same,Same,Same,False,False,0.0,0.0031125068083211,0.0,0.0031125068083211,0.0,0.0031125068083211,,,0.0,0.7509855525015624,0.0,1.136687077622009,0.0,0.8241304918372386,0.0,0.952688874012432,0.0,0.8938632266220595
2020_15_CHI_MIN,2020,16,2020-12-20,13:00,Chicago Bears,Minnesota Vikings,Home,Mitch Trubisky,Kirk Cousins,00-0033869,00-0029604,7,7,0,0,6,-8,U.S. Bank Stadium,44.9738,-93.2575,America/Chicago,False,False,15,15,Sunday,False,False,0,False,False,0,6,-8,NFC North,Soldier Field,41.8623,-87.6167,America/Chicago,NFC North,U.S. Bank Stadium,44.9738,-93.2575,America/Chicago,Houston Texans,Tampa Bay Buccaneers,Soldier Field,Raymond James Stadium,Jacksonville Jaguars,New Orleans Saints,TIAA Bank Field,Caesars Superdome,355,0,-355,355,0.0,0.0,America/Chicago,America/New_York,0.0,1.0,0.0,0.0,0.0,0,-1.575,0.27,-1.575,0.27,Minnesota Vikings,1.845,Minnesota Vikings,1.845,-1.575,0.27,Minnesota Vikings,1.845,0.0,0,No,No,No,No,No,1,No,0.0,0.0,-2.085,-2.71,-1.014525,-1.506975,-1.014525,-1.506975,0.5420250000000001,-1.758525,-1.549225,-4.462275,Chicago Bears,0.49245,Chicago Bears,0.49245,-1.014525,-1.506975,Chicago Bears,0.49245,Tie,0.0,Chicago Bears,0.625,-1.0425,-1.355,Chicago Bears,0.3125,Chicago Bears,2.3005500000000003,Chicago Bears,2.91305,-0.5035999999999998,-3.1104000000000003,Chicago Bears,2.6068000000000007,Different,Different,Same,Same,Different,Same,False,Away Team,Away Team,47.5,-152.0,137.0,Minnesota Vikings,Chicago Bears,-2.5,2.5,117,-142,135,-164,2.3005500000000003,-2.3005500000000003,2.91305,-2.91305,0.4219,0.6032,0.5868,0.4608,0.6212,0.4255,0.4116,0.5884,0.5601,0.4399,0.5935,0.4065,0.4116,0.5884,-0.0884,0.0884,,,111,0.0,70.0,0.0,Dome,True,C.Williams,C.Wentz,-8.44,-9.0,13.36,178.53,Medium,-17.0,1.0,46.46,46.0,13.068638395100706,30.0,64.0,0.7414,0.2572,0.0728,0.0846,0.7084,0.2916,0.4512,0.5488,16,2020-12-20,Chicago Bears @ Minnesota Vikings,0.544,0.4556,-119,119,,,,,,,,No Bet,,No Bet,,No Bet,,No Bet,,No Bet,,No Bet,,No Bet,,No Bet,,No Bet,,,,,,,,,,,,,,,,,,,,,,,,,,,,,16,0.06845,-0.06415,Minnesota Vikings,Chicago Bears,0,0,0,0,1,0,0,1,0,0,1,1,1,3.0,2.0,,,37.13453615299462,0.5943439541796081,0.9762612880338544,0.0103872557242513,0.0040948163610173,0.226961133224186,0.0625875281111267,0.1587647899984278,0.089471578086946,0.0061118612681495,0.0042753944561018,0.0016854264141947,0.0024093899468226,0.0066847844029244,0.1520591061980727,0.3857259232226138,0.0081034349953669,0.0002927297580111,29.0,1.0,0.4116,0.5884,0.44,0.5597,0.3734,0.6256,Minnesota Vikings,Minnesota Vikings,Minnesota Vikings,Minnesota Vikings,Minnesota Vikings,Same,Same,Same,False,False,0.0103872557242513,0.0040948163610173,0.0103872557242513,0.0040948163610173,0.0103872557242513,0.0040948163610173,,,0.828117570071185,0.5846759220517198,0.994618266499931,1.2885921962908409,0.6359625140021852,0.9382842592398074,1.199269459844378,0.4228879557933808,0.9040170519544579,0.7664320247089486
2020_15_DET_TEN,2020,16,2020-12-20,13:00,Detroit Lions,Tennessee Titans,Home,Matthew Stafford,Ryan Tannehill,00-0026498,00-0029701,7,7,0,0,3,7,Nissan Stadium,36.1664,-86.7716,America/Chicago,False,False,15,15,Sunday,False,False,0,False,False,0,3,7,NFC North,Ford Field,42.3395,-83.045,America/Detroit,AFC South,Nissan Stadium,36.1664,-86.7716,America/Chicago,Green Bay Packers,Jacksonville Jaguars,Ford Field,TIAA Bank Field,Tampa Bay Buccaneers,Green Bay Packers,Ford Field,Lambeau Field,470,0,-470,470,1.0,0.0,America/Detroit,America/New_York,1.0,1.0,1.0,0.0,1.0,0,4.305,-4.36,4.305,-4.36,Detroit Lions,8.665,Detroit Lions,8.665,4.305,-4.36,Detroit Lions,8.665,0.0,0,No,No,No,No,No,0,No,0.0,0.0,-3.395,-0.583,5.8185,-4.978000000000001,5.8185,-4.978000000000001,1.5135,-0.6179999999999999,-1.8815,-1.2009999999999998,Detroit Lions,10.796500000000002,Detroit Lions,10.796500000000002,5.8185,-4.978000000000001,Detroit Lions,10.796500000000002,Tie,0.0,Tennessee Titans,2.8120000000000003,-1.6975,-0.2915,Tennessee Titans,1.406,Detroit Lions,2.1315,Tennessee Titans,0.6805000000000001,-0.1839999999999999,-0.9095,Detroit Lions,0.7254999999999999,Different,Different,Same,Different,Different,Same,False,Away Team,Home Team,54.5,-389.0,325.0,Tennessee Titans,Detroit Lions,-9.5,9.5,108,-131,-116,-104,2.1315,-2.1315,-0.6805000000000001,0.6805000000000001,0.2353,0.7955,0.5671,0.4808,0.5098,0.537,0.2283,0.7717,0.5412,0.4588,0.487,0.513,0.2283,0.7717,-0.2717,0.2717,46.0,5.0,112,5.0,46.0,0.0,nfl_read_py Fallback,False,J.Goff,C.Ward,1.77,3.0,13.36,178.55,Medium,-7.0,10.0,61.41,61.0,15.225105366028876,43.0,81.0,0.441,0.5584,0.0978,0.0874,0.2044,0.7956,0.6586,0.3414,16,2020-12-20,Detroit Lions @ Tennessee Titans,0.5461,0.4537,-120,120,,,,,,,,No Bet,,No Bet,,No Bet,,No Bet,,No Bet,,No Bet,,No Bet,,No Bet,,No Bet,,,,,,,,,,,,,,,,,,,,,,,,,,,,,16,-0.2139,0.053,Tennessee Titans,Detroit Lions,0,0,0,0,0,0,1,1,0,0,1,1,0,1.0,3.0,,,37.13453615299462,0.3649712883120443,0.972936492646691,0.138099291337785,0.0041858989835519,3.95747293801786,0.0354872755324898,1.170780188868054,0.1199541416050038,0.1065712231253687,0.0315280682124163,0.0009556407379449,0.003230258245607,0.0347583264580233,0.1554414171374936,5.128253126885914,0.1372120081353425,0.0003971716810324,29.0,1.0,0.2283,0.7717,0.3953,0.6044,0.5002,0.4988,Tennessee Titans,Detroit Lions,Tennessee Titans,Detroit Lions,Tennessee Titans,Same,Same,Same,False,False,0.138099291337785,0.0041858989835519,0.138099291337785,0.0041858989835519,0.138099291337785,0.0041858989835519,,,1.0362209483136489,0.376572543809256,0.8628371131423895,1.4203733496483855,0.7218468039604556,0.8523999692815407,0.6280189371911299,0.9941384784466188,0.8135203697383763,0.8569287069250293
2020_15_SEA_WAS,2020,16,2020-12-20,13:00,Seattle Seahawks,Washington Commanders,Home,Russell Wilson,Dwayne Haskins,00-0029263,00-0035232,7,7,0,0,0,13,FedExField,38.9077,-76.8645,America/New_York,False,False,15,15,Sunday,False,False,0,False,False,0,0,13,NFC West,Lumen Field,47.5952,-122.3316,America/Los_Angeles,NFC East,FedExField,38.9077,-76.8645,America/New_York,New York Jets,San Francisco 49ers,Lumen Field,Levi's Stadium,Los Angeles Rams,Carolina Panthers,Lumen Field,FedExField,2328,0,-2328,2328,-3.0,0.0,America/Los_Angeles,America/Los_Angeles,-3.0,-3.0,-3.0,0.0,-3.0,0,-0.13,1.45,-0.13,1.45,Washington Commanders,1.58,Washington Commanders,1.58,-0.13,1.45,Washington Commanders,1.58,-0.4499999999999999,0,No,No,No,No,No,0,No,0.0,0.0,1.039,-6.18,1.014,2.853,1.014,2.853,1.144,1.403,2.183,-4.776999999999999,Washington Commanders,1.839,Washington Commanders,1.839,1.014,2.853,Washington Commanders,1.839,Tie,0.0,Seattle Seahawks,7.218999999999999,0.5195,-3.09,Seattle Seahawks,3.6095,Washington Commanders,0.2589999999999999,Seattle Seahawks,6.959999999999999,1.6635,-1.6869999999999996,Seattle Seahawks,3.3505,Different,Different,Same,Different,Different,Same,False,Home Team,Away Team,44.5,219.0,-251.0,Seattle Seahawks,Washington Commanders,6.0,-6.0,-116,-104,249,-319,-0.2589999999999999,0.2589999999999999,6.959999999999999,-6.959999999999999,0.7151,0.3135,0.5098,0.537,0.7613,0.2865,0.6952,0.3048,0.487,0.513,0.7266,0.2734,0.6952,0.3048,0.1952,-0.1952,43.0,8.0,113,8.0,43.0,0.0,nfl_read_py Fallback,False,S.Darnold,M.Mariota,0.0,-1.0,14.18,201.21,High,-10.0,10.0,43.7,43.0,13.14526144356528,27.0,61.0,0.506,0.4934,0.0844,0.0836,0.5756,0.4244,0.4032,0.5968,16,2020-12-20,Seattle Seahawks @ Washington Commanders,0.3993,0.6005,150,-150,,,,,,,,No Bet,,No Bet,,No Bet,,No Bet,,No Bet,,No Bet,,No Bet,,No Bet,,No Bet,,,,,,,,,,,,,,,,,,,,,,,,,,,,,16,0.1403,0.101,Seattle Seahawks,Washington Commanders,0,0,0,0,1,0,0,1,0,0,1,1,0,3.5,3.5,,,37.13453615299462,0.9894163677661584,0.2451473210401376,0.0039829314061052,0.0772101381400341,0.0450812337778894,1.9932514854996977,0.1028230765170235,0.8739111806391078,0.0012139974925808,0.0027689339135243,0.0536764880349517,0.0235336501050823,0.0263025840186067,2.867162666138805,0.147904310294913,0.000128958474811,0.0765533455722423,29.0,1.0,0.6952,0.3048,0.6586,0.341,0.6096,0.389,Seattle Seahawks,Seattle Seahawks,Seattle Seahawks,Washington Commanders,Seattle Seahawks,Same,Different,Same,False,False,0.0039829314061052,0.0772101381400341,0.0039829314061052,0.0772101381400341,0.0039829314061052,0.0772101381400341,,,0.464114846656479,0.9486786454664251,1.281325146022007,1.0018853167687676,0.47056310365789034,1.1036836695841086,0.8714722419296018,0.7506851737081497,0.7208358543222455,0.9496132223411576
2020_15_PHI_ARI,2020,16,2020-12-20,16:05,Philadelphia Eagles,Arizona Cardinals,Home,Jalen Hurts,Kyler Murray,00-0036389,00-0035228,7,7,0,0,-4,-1,State Farm Stadium,33.5277,-112.262608,America/Denver,False,False,15,15,Sunday,False,False,0,False,False,0,-4,-1,NFC East,Lincoln Financial Field,39.9008,-75.1675,America/New_York,NFC West,State Farm Stadium,33.5277,-112.262608,America/Denver,New Orleans Saints,New York Giants,Lincoln Financial Field,MetLife Stadium,Dallas Cowboys,San Francisco 49ers,AT&T Stadium,State Farm Stadium,2084,0,-2084,2084,2.0,0.0,America/New_York,America/New_York,2.0,2.0,2.0,0.0,2.0,0,4.905,0.075,4.905,0.075,Philadelphia Eagles,4.83,Philadelphia Eagles,4.83,4.905,0.075,Philadelphia Eagles,4.83,-0.15,0,No,No,No,No,No,0,No,0.0,0.0,-4.678,-0.61,5.2615,-0.9185,5.2615,-0.9185,0.3565,-0.9935,-4.3215,-1.6035,Philadelphia Eagles,6.18,Philadelphia Eagles,6.18,5.2615,-0.9185,Philadelphia Eagles,6.18,Tie,0.0,Arizona Cardinals,4.068,-2.339,-0.305,Arizona Cardinals,2.034,Philadelphia Eagles,1.35,Arizona Cardinals,2.7180000000000004,-1.9825,-1.2985,Arizona Cardinals,0.6840000000000002,Different,Different,Same,Different,Different,Same,False,Away Team,Home Team,49.5,-259.0,226.0,Arizona Cardinals,Philadelphia Eagles,-6.5,6.5,105,-128,-142,117,1.35,-1.35,-2.7180000000000004,2.7180000000000004,0.3067,0.7214,0.5614,0.4878,0.4608,0.5868,0.2983,0.7017,0.5351,0.4649,0.4399,0.5601,0.2983,0.7017,-0.2017,0.2017,,,114,0.0,70.0,0.0,Dome,True,J.Hurts,J.Brissett,-8.4,-9.0,13.94,194.42,Med-High,-18.0,2.0,44.21,44.0,13.18578419438769,27.0,61.0,0.728,0.2712,0.0706,0.0764,0.5916,0.4084,0.3328,0.6672,16,2020-12-20,Philadelphia Eagles @ Arizona Cardinals,0.6137,0.3861,-159,159,,,,,,,,No Bet,,No Bet,,No Bet,,No Bet,,No Bet,,No Bet,,No Bet,,No Bet,,No Bet,,,,,,,,,,,,,,,,,,,,,,,,,,,,,16,-0.0549,0.08695,Arizona Cardinals,Philadelphia Eagles,0,0,0,0,1,1,0,0,0,0,1,1,0,2.0,3.0,,,37.13453615299462,0.58104662694472,0.7622521825985242,0.100021738194203,0.0032050978593092,2.6062968405907965,0.0355036130011599,1.1079640124672006,0.0835162093292455,0.0701852536908722,0.0298364845033307,0.0009560806914319,0.0022490171678773,0.032085501671208,0.1190198223304054,3.7142608530579966,0.0981404777943418,0.0002365087996887,29.0,1.0,0.2983,0.7017,0.4213,0.5787,0.202,0.798,Arizona Cardinals,Arizona Cardinals,Arizona Cardinals,Arizona Cardinals,Arizona Cardinals,Same,Same,Same,False,False,0.100021738194203,0.0032050978593092,0.100021738194203,0.0032050978593092,0.100021738194203,0.0032050978593092,,,0.9470852272751697,0.4657082648477337,0.9215689920663299,1.361641470724442,0.8189375582145454,0.7553092150274516,1.123438596327492,0.49871881931026274,0.9544080554618295,0.7160410212015768
2020_15_NYJ_LA,2020,16,2020-12-20,16:05,New York Jets,Los Angeles Rams,Home,Sam Darnold,Jared Goff,00-0034869,00-0033106,7,10,-3,3,7,-6,SoFi Stadium,33.9535,-118.3395,America/Los_Angeles,False,True,15,15,Sunday,False,False,0,False,False,0,7,-6,AFC East,MetLife Stadium,40.8136,-74.0744,America/New_York,NFC West,SoFi Stadium,33.9535,-118.3395,America/Los_Angeles,Seattle Seahawks,New England Patriots,Lumen Field,SoFi Stadium,Cleveland Browns,Seattle Seahawks,MetLife Stadium,Lumen Field,2448,0,-2448,2448,3.0,0.0,America/Los_Angeles,America/Los_Angeles,0.0,0.0,0.0,0.0,0.0,0,-3.725,1.29,-3.725,1.29,Los Angeles Rams,5.015000000000001,Los Angeles Rams,5.015000000000001,-3.725,1.29,Los Angeles Rams,5.015000000000001,0.0,0,No,No,No,No,No,0,No,0.0,0.0,-12.282,4.374,-5.0760000000000005,1.4125,-5.0760000000000005,1.4125,-1.351,0.1224999999999999,-13.633,4.496499999999999,Los Angeles Rams,6.4885,Los Angeles Rams,6.4885,-5.0760000000000005,1.4125,Los Angeles Rams,6.4885,Tie,0.0,Los Angeles Rams,16.656,-6.141,2.187,Los Angeles Rams,8.328,Los Angeles Rams,1.4735,Los Angeles Rams,18.1295,-7.491999999999999,2.3094999999999994,Los Angeles Rams,9.8015,Different,Same,Same,Same,Different,Same,False,Home Team,Home Team,44.5,-1601.0,957.0,Los Angeles Rams,New York Jets,-17.5,17.5,-128,105,-2149,986,-1.4735,1.4735,-18.1295,18.1295,0.0946,0.9412,0.4878,0.5614,0.0921,0.9555,0.0913,0.9087,0.4649,0.5351,0.0879,0.9121,0.0913,0.9087,-0.4087,0.4087,,,115,0.0,70.0,0.0,Dome,True,J.Fields,M.Stafford,-14.16,-14.0,12.77,163.07,Med-Low,-23.0,-6.0,46.06,46.0,12.679834849175304,30.0,63.0,0.8684,0.1312,0.0492,0.0552,0.3978,0.6022,0.5256,0.4744,16,2020-12-20,New York Jets @ Los Angeles Rams,0.8061,0.1938,-416,416,,,,,,,,No Bet,,No Bet,,No Bet,,No Bet,,No Bet,,No Bet,,No Bet,,No Bet,,No Bet,,,,,,,,,,,,,,,,,,,,,,,,,,,,,16,-0.1659999999999999,-0.0019999999999999,Los Angeles Rams,New York Jets,0,0,0,0,0,0,1,1,0,0,1,1,0,1.5,2.5,,,37.13453615299462,0.1350973433171096,0.999596080800678,0.1350973433171096,0.0041670810094636,4.558745423086829,0.0141280012423725,0.4580317564959037,0.1406146191560129,0.1227629558722574,0.0123343874448521,0.000380454496164,0.0037866265132996,0.0161210139581517,0.1547426203983855,5.016777179582732,0.1350973433171096,0.0002740160101764,29.0,1.0,0.0913,0.9087,0.2182,0.7817,0.1208,0.8786,Los Angeles Rams,Los Angeles Rams,Los Angeles Rams,Los Angeles Rams,Los Angeles Rams,Same,Same,Same,False,False,0.1350973433171096,0.0041670810094636,0.1350973433171096,0.0041670810094636,0.1350973433171096,0.0041670810094636,,,1.2570727953684349,0.15572069675447262,1.0305357734640845,1.2526746893266916,1.4023326076061233,0.1719141656358764,1.3588043754473944,0.2633530401903654,1.2758213280601562,0.39462774860324434
2020_15_KC_NO,2020,16,2020-12-20,16:25,Kansas City Chiefs,New Orleans Saints,Home,Patrick Mahomes,Drew Brees,00-0033873,00-0020531,7,7,0,0,7,-3,Caesars Superdome,29.9507,-90.0813,America/Chicago,False,True,15,15,Sunday,False,False,0,False,False,0,7,-3,AFC West,GEHA Field at Arrowhead Stadium,39.0489,-94.4839,America/Chicago,NFC South,Caesars Superdome,29.9507,-90.0813,America/Chicago,Miami Dolphins,Philadelphia Eagles,Hard Rock Stadium,Lincoln Financial Field,Atlanta Falcons,Minnesota Vikings,GEHA Field at Arrowhead Stadium,Caesars Superdome,676,0,-676,676,0.0,0.0,America/New_York,America/New_York,1.0,1.0,0.0,0.0,0.0,0,4.395,-6.145,4.395,-6.145,Kansas City Chiefs,10.54,Kansas City Chiefs,10.54,4.395,-6.145,Kansas City Chiefs,10.54,0.0,0,No,No,No,No,No,0,No,0.0,0.0,7.793,5.562,6.187999999999999,-8.0465,6.187999999999999,-8.0465,1.793,-1.9015,9.586,3.6605,Kansas City Chiefs,14.2345,Kansas City Chiefs,14.2345,6.187999999999999,-8.0465,Kansas City Chiefs,14.2345,Tie,0.0,Kansas City Chiefs,2.231,3.8965,2.781,Kansas City Chiefs,1.1155,Kansas City Chiefs,3.6945,Kansas City Chiefs,5.9255,5.689500000000001,0.8795,Kansas City Chiefs,4.8100000000000005,Different,Same,Same,Same,Different,Same,False,Away Team,Away Team,53.5,124.0,-137.0,Kansas City Chiefs,New Orleans Saints,2.5,-2.5,156,-191,208,-261,3.6945,-3.6945,5.9255,-5.9255,0.5781,0.4464,0.6564,0.3906,0.723,0.3247,0.5642,0.4358,0.6269,0.3731,0.6901,0.3099,0.5642,0.4358,0.0642,-0.0642,,,116,0.0,70.0,0.0,Dome,True,P.Mahomes,S.Rattler,12.18,12.0,14.71,216.43,High,3.0,22.0,56.5,56.0,14.177792421939037,39.0,75.0,0.2,0.799,0.0532,0.0658,0.2288,0.7712,0.5764,0.4236,16,2020-12-20,Kansas City Chiefs @ New Orleans Saints,0.3297,0.67,203,-203,,,,,,,,No Bet,,No Bet,,No Bet,,No Bet,,No Bet,,No Bet,,No Bet,,No Bet,,No Bet,,,,,,,,,,,,,,,,,,,,,,,,,,,,,16,0.0460499999999999,0.21255,Kansas City Chiefs,New Orleans Saints,0,0,0,0,1,1,0,0,0,0,1,1,0,3.0,4.0,,,37.13453615299462,0.0693875616597138,0.0,0.0007786785083173,0.0,0.0126015340622967,0.0,0.0163143311563741,0.0,0.0003393480939247,0.0004393304143926,0.0,0.0,0.0004393304143926,0.0,0.0289158652186709,0.000510353151418,0.0,29.0,1.0,0.5642,0.4358,0.6528,0.347,0.7934,0.206,Kansas City Chiefs,Kansas City Chiefs,Kansas City Chiefs,Kansas City Chiefs,Kansas City Chiefs,Same,Same,Same,False,False,0.0007786785083173,0.0,0.0007786785083173,0.0,0.0007786785083173,0.0,,,0.6152978530161508,0.0,0.8507154276168738,0.0,0.4874229966685059,0.0,0.32408286373357614,0.0,0.5502289151019057,0.0
2020_15_CLE_NYG,2020,16,2020-12-20,20:20,Cleveland Browns,New York Giants,Home,Baker Mayfield,Colt McCoy,00-0034855,00-0027688,6,7,-1,1,11,-4,MetLife Stadium,40.8136,-74.0744,America/New_York,False,False,15,15,Sunday,False,False,0,False,False,0,11,-4,AFC North,FirstEnergy Stadium,41.5061,-81.6994,America/New_York,NFC East,MetLife Stadium,40.8136,-74.0744,America/New_York,Baltimore Ravens,Arizona Cardinals,FirstEnergy Stadium,MetLife Stadium,New York Jets,Baltimore Ravens,MetLife Stadium,M&T Bank Stadium,399,0,-399,399,0.0,0.0,America/New_York,America/New_York,0.0,0.0,0.0,0.0,0.0,0,-4.705,-2.84,-4.705,-2.84,New York Giants,1.865,New York Giants,1.865,-4.705,-2.84,New York Giants,1.865,0.0,0,No,No,No,No,Yes,0,No,0.0,0.0,-0.295,-4.519,-6.1015,-3.224,-6.1015,-3.224,-1.3965,-0.384,-1.6914999999999998,-4.9030000000000005,New York Giants,2.8775,New York Giants,2.8775,-6.1015,-3.224,New York Giants,2.8775,Tie,0.0,Cleveland Browns,4.224,-0.1475,-2.2595,Cleveland Browns,2.112,New York Giants,1.0124999999999995,Cleveland Browns,3.211500000000001,-1.5439999999999998,-2.6435000000000004,Cleveland Browns,1.0995000000000006,Different,Different,Same,Different,Different,Same,False,Home Team,Away Team,44.5,235.0,-271.0,Cleveland Browns,New York Giants,6.0,-6.0,-122,101,135,-164,-1.0124999999999995,1.0124999999999995,3.211500000000001,-3.211500000000001,0.7305,0.2985,0.4975,0.5495,0.6212,0.4255,0.7099,0.2901,0.4752,0.5248,0.5935,0.4065,0.7099,0.2901,0.2099,-0.2099,36.0,0.0,117,0.0,36.0,0.0,nfl_read_py Fallback,False,D.Gabriel,J.Dart,4.44,6.0,14.26,203.29,High,-6.0,14.0,49.62,49.0,13.625973244850211,33.0,67.0,0.3752,0.6242,0.0774,0.082,0.4962,0.4814,0.6314,0.3686,16,2020-12-20,Cleveland Browns @ New York Giants,0.3992,0.6007,151,-150,,,,,,,,No Bet,,No Bet,,No Bet,,No Bet,,No Bet,,No Bet,,No Bet,,No Bet,,No Bet,,,,,,,,,,,,,,,,,,,,,,,,,,,,,16,0.0797499999999999,-0.15855,Cleveland Browns,New York Giants,0,0,0,0,1,0,0,1,0,0,1,1,0,3.0,1.5,,,37.13453615299462,0.9149599460398457,0.5581499489780757,0.0038265323393923,0.1017100319735774,0.0412221956647023,2.681260254720041,0.1008743078330651,1.0956946047250091,0.0011100770316577,0.0027164553077346,0.0722039516980426,0.0295060802755348,0.0322225355832694,3.7769548594450506,0.1420965034977674,0.0002631424810475,0.0999249219702116,29.0,1.0,0.7099,0.2901,0.5742,0.4257,0.473,0.5266,Cleveland Browns,New York Giants,Cleveland Browns,Cleveland Browns,Cleveland Browns,Same,Different,Same,False,False,0.0038265323393923,0.1017100319735774,0.0038265323393923,0.1017100319735774,0.0038265323393923,0.1017100319735774,,,0.4540297636838602,0.9587637284390444,1.3406473738649856,0.9425630889257869,0.702824177372756,0.8714225958692418,0.6747026693580848,0.9474547462796674,0.7388353360923696,0.9316137405710351
2020_15_PIT_CIN,2020,16,2020-12-21,20:15,Pittsburgh Steelers,Cincinnati Bengals,Home,Ben Roethlisberger,Ryan Finley,00-0022924,00-0035652,8,8,0,0,-13,2,Paycor Stadium,39.0955,-84.5165,America/New_York,False,True,15,15,Monday,False,False,0,False,False,0,-13,2,AFC North,Acrisure Stadium,40.4468,-80.0158,America/New_York,AFC North,Paycor Stadium,39.0955,-84.5165,America/New_York,Buffalo Bills,Dallas Cowboys,Highmark Stadium,Paycor Stadium,Indianapolis Colts,Houston Texans,Acrisure Stadium,NRG Stadium,256,0,-256,256,0.0,0.0,America/New_York,America/New_York,0.0,0.0,0.0,0.0,0.0,0,-0.565,1.31,-0.565,1.31,Cincinnati Bengals,1.875,Cincinnati Bengals,1.875,-0.565,1.31,Cincinnati Bengals,1.875,0.0,0,No,No,No,No,No,1,No,0.0,0.0,6.414,-3.384,-2.427415,2.5299150000000004,-2.427415,2.5299150000000004,-1.881165,1.238665,4.434855,-2.047355,Cincinnati Bengals,4.957330000000001,Cincinnati Bengals,4.957330000000001,-2.427415,2.5299150000000004,Cincinnati Bengals,4.957330000000001,Tie,0.0,Pittsburgh Steelers,9.798,3.207,-1.692,Pittsburgh Steelers,4.899,Cincinnati Bengals,3.11983,Pittsburgh Steelers,6.482209999999999,1.276845,-0.4043449999999997,Pittsburgh Steelers,1.6811899999999995,Different,Different,Same,Different,Different,Same,False,Home Team,Away Team,40.5,682.0,-942.0,Pittsburgh Steelers,Cincinnati Bengals,14.5,-14.5,-164,135,224,-282,-3.11983,3.11983,6.482209999999999,-6.482209999999999,0.904,0.1279,0.4255,0.6212,0.7382,0.3086,0.8761,0.1239,0.4065,0.5935,0.7052,0.2948,0.8761,0.1239,0.3761,-0.3761,43.0,10.0,118,10.0,43.0,0.0,nfl_read_py Fallback,False,A.Rodgers,J.Flacco,9.82,10.0,13.39,179.42,Medium,2.0,19.0,44.81,44.0,12.703005614039776,29.0,61.0,0.229,0.77,0.0676,0.0652,0.6298,0.3702,0.611,0.389,16,2020-12-21,Pittsburgh Steelers @ Cincinnati Bengals,0.3103,0.6894,222,-222,,,,,,,,No Bet,,No Bet,,No Bet,,No Bet,,No Bet,,No Bet,,No Bet,,No Bet,,No Bet,,,,,,,,,,,,,,,,,,,,,,,,,,,,,16,0.0342,-0.3014,Pittsburgh Steelers,Cincinnati Bengals,0,0,0,0,0,0,1,1,0,0,1,1,1,3.0,0.5,,,37.13453615299462,0.9990296589575683,0.0,0.0043001512035022,0.0,0.0197848625088619,0.0,0.1398992578209359,0.0,0.0005327887341139,0.0037673624693883,0.0,0.0,0.0037673624693883,0.0,0.1596841203297979,0.0004098218769427,0.0,29.0,1.0,0.8761,0.1239,0.6657,0.3342,0.6902,0.3094,Pittsburgh Steelers,Pittsburgh Steelers,Pittsburgh Steelers,Pittsburgh Steelers,Pittsburgh Steelers,Same,Same,Same,False,False,0.0043001512035022,0.0,0.0043001512035022,0.0,0.0043001512035022,0.0,,,0.17408057952578015,0.0,1.3485079097410015,0.0,0.46175318084757183,0.0,0.36935708756430424,0.0,0.5155771559461002,0.0
2020_16_MIN_NO,2020,17,2020-12-25,16:30,Minnesota Vikings,New Orleans Saints,Home,Kirk Cousins,Drew Brees,00-0029604,00-0020531,5,5,0,0,-8,-3,Caesars Superdome,29.9507,-90.0813,America/Chicago,False,False,16,16,Friday,False,False,0,False,False,0,-8,-3,NFC North,U.S. Bank Stadium,44.9738,-93.2575,America/Chicago,NFC South,Caesars Superdome,29.9507,-90.0813,America/Chicago,Chicago Bears,Kansas City Chiefs,U.S. Bank Stadium,Caesars Superdome,Detroit Lions,Carolina Panthers,Ford Field,Bank of America Stadium,1052,0,-1052,1052,0.0,0.0,America/Chicago,America/Chicago,0.0,0.0,0.0,0.0,0.0,0,0.27,-6.145,0.27,-6.145,Minnesota Vikings,6.414999999999999,Minnesota Vikings,6.414999999999999,0.27,-6.145,Minnesota Vikings,6.414999999999999,0.0,0,No,No,No,No,No,0,No,0.0,0.0,-2.71,5.562,1.2519999999999998,-8.0465,1.2519999999999998,-8.0465,0.982,-1.9015,-1.728,3.6605,Minnesota Vikings,9.2985,Minnesota Vikings,9.2985,1.2519999999999998,-8.0465,Minnesota Vikings,9.2985,Tie,0.0,New Orleans Saints,8.272,-1.355,2.781,New Orleans Saints,4.136,Minnesota Vikings,2.8835,New Orleans Saints,5.3885,-0.373,0.8795,New Orleans Saints,1.2525,Different,Different,Same,Different,Different,Same,False,Away Team,Home Team,49.0,-302.0,260.0,New Orleans Saints,Minnesota Vikings,-6.5,6.5,135,-164,-244,195,2.8835,-2.8835,-5.3885,5.3885,0.2778,0.7512,0.6212,0.4255,0.339,0.7093,0.2699,0.7301,0.5935,0.4065,0.3234,0.6766,0.2699,0.7301,-0.2301,0.2301,,,119,0.0,70.0,0.0,Dome,True,C.Wentz,S.Rattler,5.16,6.0,13.55,183.57,Med-High,-5.0,14.0,47.5,47.0,13.654775001297796,30.0,65.0,0.351,0.648,0.0814,0.0872,0.3772,0.6228,0.56,0.44,17,2020-12-25,Minnesota Vikings @ New Orleans Saints,0.541,0.4587,-118,118,,,,,,,,No Bet,,No Bet,,No Bet,,No Bet,,No Bet,,No Bet,,No Bet,,No Bet,,No Bet,,,,,,,,,,,,,,,,,,,,,,,,,,,,,17,0.1018,0.195,New Orleans Saints,Minnesota Vikings,0,0,0,0,0,1,1,0,0,0,0,0,0,3.0,3.5,,,27.14594711411244,0.0689233474619432,0.5859831800179949,0.0689233474619432,0.0020130134883429,1.3660094668990532,0.0147487280617595,0.5049800782304541,0.0398964296327923,0.0503209359819647,0.0186024114799784,0.0005433123405037,0.0014697011478391,0.0200721126278176,0.0546451576945518,1.8709895451295075,0.0689233474619432,0.0002879612865166,6.0,23.0,0.2699,0.7301,0.4087,0.591,0.5302,0.4686,New Orleans Saints,Minnesota Vikings,New Orleans Saints,Minnesota Vikings,New Orleans Saints,Same,Same,Same,False,False,0.0689233474619432,0.0020130134883429,0.0689233474619432,0.0020130134883429,0.0689233474619432,0.0020130134883429,,,1.0646141707832888,0.44903176497151315,1.0513052536011398,2.2416136275664,1.1980423813013281,0.6985119995552593,0.6984315691346058,1.6333631900557009,1.0252677245212785,1.091031444741154
2020_16_TB_DET,2020,17,2020-12-26,13:00,Tampa Bay Buccaneers,Detroit Lions,Home,Tom Brady,Matthew Stafford,00-0019596,00-0026498,6,6,0,0,-8,3,Ford Field,42.3395,-83.045,America/Detroit,False,True,16,16,Saturday,False,False,0,False,False,0,-8,3,NFC South,Raymond James Stadium,27.9759,-82.5033,America/New_York,NFC North,Ford Field,42.3395,-83.045,America/Detroit,Atlanta Falcons,Tennessee Titans,Mercedes-Benz Stadium,Nissan Stadium,Atlanta Falcons,Minnesota Vikings,Raymond James Stadium,Ford Field,992,0,-992,992,0.0,0.0,America/New_York,America/Chicago,0.0,-1.0,0.0,0.0,0.0,0,1.025,4.305,1.025,4.305,Detroit Lions,3.28,Detroit Lions,3.28,1.025,4.305,Detroit Lions,3.28,0.0,0,No,No,No,No,No,0,No,0.0,0.0,5.957,-3.395,0.5374999999999999,3.1665,0.5374999999999999,3.1665,-0.4875,-1.1385,5.469499999999999,-4.5335,Detroit Lions,2.6290000000000004,Detroit Lions,2.6290000000000004,0.5374999999999999,3.1665,Detroit Lions,2.6290000000000004,Tie,0.0,Tampa Bay Buccaneers,9.352,2.9785,-1.6975,Tampa Bay Buccaneers,4.676,Tampa Bay Buccaneers,0.651,Tampa Bay Buccaneers,10.003,2.491,-2.8360000000000003,Tampa Bay Buccaneers,5.327,Different,Different,Different,Different,Different,Same,False,Away Team,Away Team,55.0,455.0,-591.0,Tampa Bay Buccaneers,Detroit Lions,12.0,-12.0,-104,-116,356,-483,0.651,-0.651,10.003,-10.003,0.8553,0.1802,0.537,0.5098,0.8285,0.2193,0.826,0.174,0.513,0.487,0.7907,0.2093,0.826,0.174,0.326,-0.326,,,120,0.0,70.0,0.0,Dome,True,d, ,7.94,8.0,12.93,167.24,Med-Low,-2.0,17.0,53.31,53.0,13.870916929579437,36.0,72.0,0.2688,0.7302,0.0788,0.072,0.6036,0.3716,0.4152,0.5612,17,2020-12-26,TB @ DET,0.2848,0.715,251,-251,,,,,,,,No Bet,,No Bet,,No Bet,,No Bet,,No Bet,,No Bet,,No Bet,,No Bet,,No Bet,,,,,,,,,,,,,,,,,,,,,,,,,,,,,17,0.2417,-0.1018,Tampa Bay Buccaneers,Detroit Lions,0,0,0,0,1,0,0,1,0,0,0,0,0,4.0,2.0,,,27.14594711411244,0.9716292155278154,0.0688155680775118,0.0031505653490092,0.0688155680775118,0.0148813639798145,1.5430206753909466,0.070643716363947,0.3250430962687951,0.0005481983707276,0.0026023669782816,0.0568416592320248,0.011973908845487,0.0145762758237687,1.8680637716597417,0.0855250803437615,0.0002896722355117,0.0688155680775118,6.0,23.0,0.826,0.174,0.6348,0.3651,0.52,0.48,Tampa Bay Buccaneers,Tampa Bay Buccaneers,Tampa Bay Buccaneers,Tampa Bay Buccaneers,Tampa Bay Buccaneers,Same,Same,Same,False,False,0.0031505653490092,0.0688155680775118,0.0031505653490092,0.0688155680775118,0.0031505653490092,0.0688155680775118,,,0.29383119161895105,1.2198147441358482,1.9273223054589295,1.3655965757086097,0.4671428098334867,1.4294115710230946,0.766018764934511,1.5657759942557905,0.7149645286619795,1.4013346406004583
2020_16_SF_ARI,2020,17,2020-12-26,16:30,San Francisco 49ers,Arizona Cardinals,Home,C.J. Beathard,Kyler Murray,00-0033936,00-0035228,6,6,0,0,11,-1,State Farm Stadium,33.5277,-112.262608,America/Denver,False,True,16,16,Saturday,False,False,0,False,False,0,11,-1,NFC West,Levi's Stadium,37.4031,-121.9702,America/Los_Angeles,NFC West,State Farm Stadium,33.5277,-112.262608,America/Denver,Dallas Cowboys,Philadelphia Eagles,AT&T Stadium,State Farm Stadium,Seattle Seahawks,Los Angeles Rams,Levi's Stadium,SoFi Stadium,608,0,-608,608,-1.0,0.0,America/Chicago,America/Denver,1.0,0.0,-1.0,0.0,-1.0,0,3.325,0.075,3.325,0.075,San Francisco 49ers,3.25,San Francisco 49ers,3.25,3.325,0.075,San Francisco 49ers,3.25,0.0,0,No,No,No,No,No,1,No,0.0,0.0,4.201,-0.61,5.684304999999999,-0.851805,5.684304999999999,-0.851805,2.391805,-0.959305,6.544694999999999,-1.521195,San Francisco 49ers,6.536109999999999,San Francisco 49ers,6.536109999999999,5.684304999999999,-0.851805,San Francisco 49ers,6.536109999999999,Tie,0.0,San Francisco 49ers,4.811,2.1005,-0.305,San Francisco 49ers,2.4055,San Francisco 49ers,3.3511100000000003,San Francisco 49ers,8.06589,4.468249999999999,-1.24025,San Francisco 49ers,5.708499999999999,Different,Same,Same,Same,Different,Same,False,Away Team,Away Team,49.0,-280.0,242.0,Arizona Cardinals,San Francisco 49ers,-6.0,6.0,156,-191,282,-366,3.3511100000000003,-3.3511100000000003,8.06589,-8.06589,0.2924,0.7368,0.6564,0.3906,0.7854,0.2618,0.2841,0.7159,0.6269,0.3731,0.75,0.25,0.2841,0.7159,-0.2159,0.2159,,,121,0.0,70.0,0.0,Dome,True,a,u,6.81,8.0,14.47,209.45,High,-4.0,17.0,47.16,47.0,13.958378433962205,30.0,65.0,0.3174,0.6816,0.0728,0.074,0.1992,0.7808,0.4266,0.5484,17,2020-12-26,SF @ ARI,0.4141,0.5856,141,-141,,,,,,,,No Bet,,No Bet,,No Bet,,No Bet,,No Bet,,No Bet,,No Bet,,No Bet,,No Bet,,,,,,,,,,,,,,,,,,,,,,,,,,,,,17,-0.2346,-0.042,Arizona Cardinals,San Francisco 49ers,0,0,0,0,0,1,1,0,0,0,0,0,1,1.0,2.0,,,27.14594711411244,0.4850360943361209,0.901549237485256,0.112407767168873,0.0029549071225418,2.184508215261414,0.0227887270783283,0.8669070875202791,0.0574250253973081,0.0804727205161962,0.0319350466526768,0.0008394891135141,0.0021154180090277,0.0340504646617045,0.0802137524756365,3.051415302781693,0.1113070203275358,0.0003004528079444,6.0,23.0,0.2841,0.7159,0.6076,0.3924,0.8,0.2,Arizona Cardinals,San Francisco 49ers,San Francisco 49ers,San Francisco 49ers,San Francisco 49ers,Same,Same,Same,False,False,0.112407767168873,0.0029549071225418,0.112407767168873,0.0029549071225418,0.112407767168873,0.0029549071225418,,,1.0150235107582253,0.4986224249965739,0.8574468272485796,2.4354720539189616,0.3886746926161693,1.5078796882404097,0.5788530902016706,1.752941668988632,0.7175228804846115,1.3987762887778241
2020_16_MIA_LV,2020,17,2020-12-26,20:15,Miami Dolphins,Las Vegas Raiders,Home,Tua Tagovailoa,Derek Carr,00-0036212,00-0031280,6,9,-3,3,-2,3,Allegiant Stadium,36.108,-115.1578,America/Los_Angeles,False,False,16,16,Saturday,False,False,0,False,False,0,-2,3,AFC East,Hard Rock Stadium,25.9602,-80.2384,America/New_York,AFC West,Allegiant Stadium,36.108,-115.1578,America/Los_Angeles,New England Patriots,Los Angeles Chargers,Hard Rock Stadium,Allegiant Stadium,Buffalo Bills,Denver Broncos,Highmark Stadium,Empower Field at Mile High,2168,0,-2168,2168,3.0,0.0,America/New_York,America/Los_Angeles,3.0,0.0,3.0,0.0,3.0,0,0.66,-2.35,0.66,-2.35,Miami Dolphins,3.01,Miami Dolphins,3.01,0.66,-2.35,Miami Dolphins,3.01,-0.2249999999999999,0,No,No,No,No,Yes,0,No,0.0,0.0,-1.128,-0.946,0.374,-2.6580000000000004,0.374,-2.6580000000000004,-0.286,-0.308,-1.414,-1.254,Miami Dolphins,3.0320000000000005,Miami Dolphins,3.0320000000000005,0.374,-2.6580000000000004,Miami Dolphins,3.0320000000000005,Tie,0.0,Las Vegas Raiders,0.1819999999999999,-0.564,-0.473,Las Vegas Raiders,0.0909999999999999,Miami Dolphins,0.022,Las Vegas Raiders,0.1599999999999999,-0.85,-0.781,Las Vegas Raiders,0.0689999999999999,Different,Different,Same,Different,Different,Same,False,Away Team,Home Team,50.0,113.0,-125.0,Miami Dolphins,Las Vegas Raiders,2.0,-2.0,-110,-110,-110,-110,0.022,-0.022,-0.1599999999999999,0.1599999999999999,0.5556,0.4695,0.5238,0.5238,0.5238,0.5238,0.542,0.458,0.5,0.5,0.5,0.5,0.542,0.458,0.042,-0.042,,,122,0.0,70.0,0.0,Dome,True,o,a,-1.99,-3.0,13.85,191.93,Med-High,-11.25,8.0,52.34,52.0,13.670523495555264,35.0,71.0,0.5592,0.44,0.0814,0.0854,0.5776,0.4022,0.5276,0.437,17,2020-12-26,MIA @ LV,0.5043,0.4955,-102,102,,,,,,,,No Bet,,No Bet,,No Bet,,No Bet,,No Bet,,No Bet,,No Bet,,No Bet,,No Bet,,,,,,,,,,,,,,,,,,,,,,,,,,,,,17,0.09,0.0758,Miami Dolphins,Las Vegas Raiders,0,0,0,0,1,0,0,1,0,0,0,0,0,3.0,3.0,,,27.14594711411244,0.8718695678102248,0.0,0.0031110480956241,0.0,0.0386791749595588,0.0,0.0457731721137136,0.0,0.0014248600277958,0.0016861880678282,0.0,0.0,0.0016861880678282,0.0,0.0844523470732724,0.0005447289869013,0.0,6.0,23.0,0.542,0.458,0.4386,0.5614,0.48,0.52,Miami Dolphins,Las Vegas Raiders,Las Vegas Raiders,Las Vegas Raiders,Las Vegas Raiders,Same,Same,Same,False,False,0.0031110480956241,0.0,0.0031110480956241,0.0,0.0031110480956241,0.0,,,0.6910125027250031,0.0,1.6267637263933492,0.0,0.9438082454085013,0.0,1.2960174825544744,0.0,1.060944645348525,0.0
2020_16_NYG_BAL,2020,17,2020-12-27,13:00,New York Giants,Baltimore Ravens,Home,Daniel Jones,Lamar Jackson,00-0035710,00-0034796,7,7,0,0,-4,-8,M&T Bank Stadium,39.2789,-76.6228,America/New_York,False,False,16,16,Sunday,False,False,0,False,False,0,-4,-8,NFC East,MetLife Stadium,40.8136,-74.0744,America/New_York,AFC North,M&T Bank Stadium,39.2789,-76.6228,America/New_York,Cleveland Browns,Jacksonville Jaguars,MetLife Stadium,M&T Bank Stadium,Dallas Cowboys,Cincinnati Bengals,MetLife Stadium,Paycor Stadium,171,0,-171,171,0.0,0.0,America/New_York,America/New_York,0.0,0.0,0.0,0.0,0.0,0,-2.84,6.69,-2.84,6.69,Baltimore Ravens,9.53,Baltimore Ravens,9.53,-2.84,6.69,Baltimore Ravens,9.53,0.0,0,No,No,No,No,No,0,No,0.0,0.0,-4.519,10.382,-2.781,5.4865,-2.781,5.4865,0.059,-1.2035,-4.46,9.1785,Baltimore Ravens,8.2675,Baltimore Ravens,8.2675,-2.781,5.4865,Baltimore Ravens,8.2675,Tie,0.0,Baltimore Ravens,14.901,-2.2595,5.191,Baltimore Ravens,7.4505,New York Giants,1.2625,Baltimore Ravens,13.6385,-2.2005,3.9875,Baltimore Ravens,6.188,Different,Same,Different,Same,Different,Same,False,Away Team,Home Team,43.5,-420.0,348.0,Baltimore Ravens,New York Giants,-10.0,10.0,105,-128,-819,539,1.2625,-1.2625,-13.6385,13.6385,0.2232,0.8077,0.5614,0.4878,0.1565,0.8912,0.2165,0.7835,0.5351,0.4649,0.1494,0.8506,0.2165,0.7835,-0.2835,0.2835,38.0,3.0,123,3.0,38.0,0.0,nfl_read_py Fallback,False,J,a,-1.77,-3.0,13.81,190.72,Med-High,-12.0,9.0,41.76,41.0,12.614778709449393,26.0,58.0,0.5454,0.4534,0.0892,0.0784,0.28,0.6786,0.4224,0.5776,17,2020-12-27,NYG @ BAL,0.6611,0.3386,-195,195,,,,,,,,No Bet,,No Bet,,No Bet,,No Bet,,No Bet,,No Bet,,No Bet,,No Bet,,No Bet,,,,,,,,,,,,,,,,,,,,,,,,,,,,,17,-0.0336,0.361,Baltimore Ravens,New York Giants,0,0,0,0,0,1,1,0,0,0,0,0,0,2.5,4.5,,,27.14594711411244,0.0,0.9134414064401248,0.0,0.0030075579741092,0.0,0.017675711601738,0.0,0.063967298106059,0.0,0.0,0.0006511363013946,0.0023564216727146,0.0023564216727146,0.081643009707797,0.0,0.0,0.0003181296352494,6.0,23.0,0.2165,0.7835,0.3116,0.6884,0.3,0.7,Baltimore Ravens,Baltimore Ravens,Baltimore Ravens,Baltimore Ravens,Baltimore Ravens,Same,Same,Same,False,False,0.0,0.0030075579741092,0.0,0.0030075579741092,0.0,0.0030075579741092,,,0.0,0.32623351664372807,0.0,1.7430259040625473,0.0,0.28118339839983886,0.0,1.0523869445401453,0.0,0.7118048949241178
2020_16_CIN_HOU,2020,17,2020-12-27,13:00,Cincinnati Bengals,Houston Texans,Home,Brandon Allen,Deshaun Watson,00-0032434,00-0033537,6,7,-1,1,1,2,NRG Stadium,29.6847,-95.4093,America/Chicago,False,False,16,16,Sunday,False,False,0,False,False,0,1,2,AFC North,Paycor Stadium,39.0955,-84.5165,America/New_York,AFC South,NRG Stadium,29.6847,-95.4093,America/Chicago,Pittsburgh Steelers,Indianapolis Colts,Paycor Stadium,Lucas Oil Stadium,Baltimore Ravens,Tennessee Titans,Paycor Stadium,NRG Stadium,897,0,-897,897,1.0,0.0,America/New_York,America/Indiana/Indianapolis,1.0,1.0,1.0,0.0,1.0,0,1.31,0.035,1.31,0.035,Cincinnati Bengals,1.275,Cincinnati Bengals,1.275,1.31,0.035,Cincinnati Bengals,1.275,0.0,0,No,No,No,No,Yes,0,No,0.0,0.0,-3.384,-4.47,0.1394999999999999,-0.7424999999999999,0.1394999999999999,-0.7424999999999999,-1.1705,-0.7775000000000001,-4.5545,-5.2475,Cincinnati Bengals,0.8819999999999999,Cincinnati Bengals,0.8819999999999999,0.1394999999999999,-0.7424999999999999,Cincinnati Bengals,0.8819999999999999,Tie,0.0,Cincinnati Bengals,1.086,-1.692,-2.235,Cincinnati Bengals,0.5429999999999999,Houston Texans,0.393,Cincinnati Bengals,0.6929999999999996,-2.8625,-3.0125,Cincinnati Bengals,0.1499999999999999,Different,Same,Different,Same,Different,Same,False,Home Team,Away Team,46.0,-324.0,276.0,Houston Texans,Cincinnati Bengals,-7.5,7.5,-116,-104,-104,-116,-0.393,0.393,0.6929999999999996,-0.6929999999999996,0.266,0.7642,0.5098,0.537,0.537,0.5098,0.2582,0.7418,0.487,0.513,0.513,0.487,0.2582,0.7418,-0.2418,0.2418,,,124,0.0,70.0,0.0,Dome,True,r, ,-1.14,-2.0,13.39,179.35,Medium,-10.0,8.0,51.44,51.0,13.833285119429842,34.0,70.0,0.5352,0.4646,0.099,0.093,0.3186,0.6814,0.6258,0.3434,17,2020-12-27,CIN @ HOU,0.5692,0.4307,-132,132,,,,,,,,No Bet,,No Bet,,No Bet,,No Bet,,No Bet,,No Bet,,No Bet,,No Bet,,No Bet,,,,,,,,,,,,,,,,,,,,,,,,,,,,,17,-0.361,-0.2293,Houston Texans,Cincinnati Bengals,0,0,0,0,0,1,1,0,0,0,0,0,0,0.5,1.0,,,27.14594711411244,0.2929759401870236,0.9983008259415128,0.1479816905425766,0.0033718932035701,2.9798871132026337,0.023633881168182,1.0372160321231056,0.0678993534103695,0.1097728180444833,0.0382088724980932,0.0008706228251618,0.0025012703784083,0.0407101428765016,0.0915332345785515,4.01710314532574,0.1475533764540544,0.0004328657592749,6.0,23.0,0.2582,0.7418,0.3894,0.6106,0.54,0.46,Houston Texans,Cincinnati Bengals,Houston Texans,Houston Texans,Houston Texans,Same,Different,Same,False,False,0.1479816905425766,0.0033718932035701,0.1479816905425766,0.0033718932035701,0.1479816905425766,0.0033718932035701,,,1.0353340062301035,0.4783119295246978,1.1446838184017512,2.1482350627657967,0.7588600929580742,1.1376942878985088,0.9761634566025699,1.3556313025877327,0.9771060190841016,1.139193150178335
2020_16_CHI_JAX,2020,17,2020-12-27,13:00,Chicago Bears,Jacksonville Jaguars,Home,Mitch Trubisky,Mike Glennon,00-0033869,00-0030520,7,7,0,0,6,-11,TIAA Bank Field,30.3239,-81.6554,America/New_York,False,True,16,16,Sunday,False,False,0,False,False,0,6,-11,NFC North,Soldier Field,41.8623,-87.6167,America/Chicago,AFC South,TIAA Bank Field,30.3239,-81.6554,America/New_York,Minnesota Vikings,Baltimore Ravens,U.S. Bank Stadium,M&T Bank Stadium,Green Bay Packers,Indianapolis Colts,Soldier Field,Lucas Oil Stadium,863,0,-863,863,-1.0,0.0,America/Chicago,America/New_York,-1.0,0.0,-1.0,0.0,-1.0,0,-1.575,-1.825,-1.575,-1.825,Chicago Bears,0.25,Chicago Bears,0.25,-1.575,-1.825,Chicago Bears,0.25,0.0,0,No,No,No,No,No,0,No,0.0,0.0,-2.085,-10.251,-1.0844999999999998,-2.2785,-1.0844999999999998,-2.2785,0.4905,-0.4535,-1.5945,-10.7045,Chicago Bears,1.1940000000000004,Chicago Bears,1.1940000000000004,-1.0844999999999998,-2.2785,Chicago Bears,1.1940000000000004,Tie,0.0,Chicago Bears,8.166,-1.0425,-5.1255,Chicago Bears,4.083,Chicago Bears,0.944,Chicago Bears,9.11,-0.552,-5.579,Chicago Bears,5.026999999999999,Different,Same,Same,Same,Different,Same,False,Away Team,Away Team,47.0,370.0,-452.0,Chicago Bears,Jacksonville Jaguars,9.5,-9.5,101,-122,314,-416,0.944,-0.944,9.11,-9.11,0.8188,0.2128,0.5495,0.4975,0.8062,0.2415,0.7938,0.2062,0.5248,0.4752,0.7695,0.2305,0.7938,0.2062,0.2938,-0.2938,55.0,5.0,125,5.0,55.0,0.0,nfl_read_py Fallback,False,l, ,4.42,6.0,13.64,185.92,Med-High,-6.0,14.0,44.14,43.0,12.801349692543756,29.0,61.0,0.3722,0.6268,0.0888,0.0894,0.6178,0.3822,0.3686,0.589,17,2020-12-27,CHI @ JAX,0.321,0.6787,212,-211,,,,,,,,No Bet,,No Bet,,No Bet,,No Bet,,No Bet,,No Bet,,No Bet,,No Bet,,No Bet,,,,,,,,,,,,,,,,,,,,,,,,,,,,,17,-0.1569,-0.4035,Chicago Bears,Jacksonville Jaguars,0,0,0,0,1,0,0,1,0,0,0,0,0,1.5,0.0,,,27.14594711411244,0.9956515440911788,0.9739556942062372,0.0033737382895006,0.4025602736506417,0.0188844808280667,8.67455106363803,0.0726988403555742,2.253328835124921,0.000695664835295,0.0026780734542056,0.3195523452238794,0.0830079284267623,0.0856860018809679,10.927879898762953,0.091583321183641,0.0004425422938321,0.4008723673416593,6.0,23.0,0.7938,0.2062,0.6374,0.3626,0.54,0.46,Chicago Bears,Chicago Bears,Chicago Bears,Chicago Bears,Chicago Bears,Same,Same,Same,False,False,0.0033737382895006,0.4025602736506417,0.0033737382895006,0.4025602736506417,0.0033737382895006,0.4025602736506417,,,0.5327288284736785,0.9809171072811209,2.484037065131477,0.8088818160360618,0.8206665412774722,1.0758878395791112,1.437025936668277,0.8947688225220273,1.169397661724605,0.946901507537834
2020_16_ATL_KC,2020,17,2020-12-27,13:00,Atlanta Falcons,Kansas City Chiefs,Home,Matt Ryan,Patrick Mahomes,00-0026143,00-0033873,7,7,0,0,9,7,GEHA Field at Arrowhead Stadium,39.0489,-94.4839,America/Chicago,False,False,16,16,Sunday,False,False,0,False,False,0,9,7,NFC South,Mercedes-Benz Stadium,33.7489,-84.388,America/New_York,AFC West,GEHA Field at Arrowhead Stadium,39.0489,-94.4839,America/Chicago,Tampa Bay Buccaneers,New Orleans Saints,Mercedes-Benz Stadium,Caesars Superdome,Tampa Bay Buccaneers,Los Angeles Chargers,Raymond James Stadium,GEHA Field at Arrowhead Stadium,669,0,-669,669,1.0,0.0,America/New_York,America/Chicago,1.0,0.0,1.0,0.0,1.0,0,-0.71,4.395,-0.71,4.395,Kansas City Chiefs,5.105,Kansas City Chiefs,5.105,-0.71,4.395,Kansas City Chiefs,5.105,0.0,0,No,No,No,No,No,0,No,0.0,0.0,-3.734,7.793,1.638,3.301999999999999,1.638,3.301999999999999,2.348,-1.093,-1.3859999999999997,6.700000000000001,Kansas City Chiefs,1.6639999999999993,Kansas City Chiefs,1.6639999999999993,1.638,3.301999999999999,Kansas City Chiefs,1.6639999999999993,Tie,0.0,Kansas City Chiefs,11.527,-1.867,3.8965,Kansas City Chiefs,5.7635000000000005,Atlanta Falcons,3.441,Kansas City Chiefs,8.086,0.4810000000000001,2.8035000000000005,Kansas City Chiefs,2.3225000000000007,Different,Same,Different,Same,Different,Same,False,Away Team,Home Team,54.0,-508.0,409.0,Kansas City Chiefs,Atlanta Falcons,-11.0,11.0,156,-191,-366,282,3.441,-3.441,-8.086,8.086,0.1965,0.8355,0.6564,0.3906,0.2618,0.7854,0.1904,0.8096,0.6269,0.3731,0.25,0.75,0.1904,0.8096,-0.3096,0.3096,49.0,8.0,126,8.0,49.0,0.0,nfl_read_py Fallback,False,a, ,-6.72,-8.0,14.52,210.71,High,-17.0,4.0,50.0,50.0,13.33396996213019,33.0,67.0,0.6796,0.3196,0.0704,0.0746,0.3866,0.5856,0.3524,0.6204,17,2020-12-27,ATL @ KC,0.6531,0.3467,-188,188,,,,,,,,No Bet,,No Bet,,No Bet,,No Bet,,No Bet,,No Bet,,No Bet,,No Bet,,No Bet,,,,,,,,,,,,,,,,,,,,,,,,,,,,,17,-0.2417,-0.2175,Kansas City Chiefs,Atlanta Falcons,0,0,0,0,0,1,1,0,0,0,0,0,0,1.0,1.0,,,27.14594711411244,0.0,0.9759554292424298,0.0,0.0031729167599089,0.0,0.0163995005389987,0.0,0.0697323300229693,0.0,0.0,0.0006041233510866,0.0025687934088222,0.0025687934088222,0.086131830561968,0.0,0.0,0.0002993100052547,6.0,23.0,0.1904,0.8096,0.3552,0.6448,0.44,0.56,Kansas City Chiefs,Kansas City Chiefs,Kansas City Chiefs,Kansas City Chiefs,Kansas City Chiefs,Same,Same,Same,False,False,0.0,0.0031729167599089,0.0,0.0031729167599089,0.0,0.0031729167599089,,,0.0,0.2867893240561087,0.0,2.045283798783614,0.0,0.47076103360292587,0.0,0.7400912168202729,0.0,0.7283745839748182
2020_16_CLE_NYJ,2020,17,2020-12-27,13:00,Cleveland Browns,New York Jets,Home,Baker Mayfield,Sam Darnold,00-0034855,00-0034869,7,7,0,0,11,7,MetLife Stadium,40.8136,-74.0744,America/New_York,False,True,16,16,Sunday,False,False,0,False,False,0,11,7,AFC North,FirstEnergy Stadium,41.5061,-81.6994,America/New_York,AFC East,MetLife Stadium,40.8136,-74.0744,America/New_York,New York Giants,Los Angeles Rams,MetLife Stadium,SoFi Stadium,Pittsburgh Steelers,New England Patriots,FirstEnergy Stadium,Gillette Stadium,399,0,-399,399,0.0,0.0,America/New_York,America/Los_Angeles,0.0,-3.0,0.0,0.0,0.0,0,-4.705,-3.725,-4.705,-3.725,New York Jets,0.98,New York Jets,0.98,-4.705,-3.725,New York Jets,0.98,0.0,0,No,No,No,No,No,0,No,0.0,0.0,-0.295,-12.282,-5.9765,-1.899,-5.9765,-1.899,-1.2715,1.826,-1.5664999999999998,-10.456,New York Jets,4.0775,New York Jets,4.0775,-5.9765,-1.899,New York Jets,4.0775,Tie,0.0,Cleveland Browns,11.987,-0.1475,-6.141,Cleveland Browns,5.9935,New York Jets,3.0975,Cleveland Browns,8.8895,-1.4189999999999998,-4.315,Cleveland Browns,2.896,Different,Different,Same,Different,Different,Same,False,Home Team,Away Team,45.0,260.0,-303.0,Cleveland Browns,New York Jets,6.5,-6.5,-164,135,314,-416,-3.0975,3.0975,8.8895,-8.8895,0.7519,0.2778,0.4255,0.6212,0.8062,0.2415,0.7302,0.2698,0.4065,0.5935,0.7695,0.2305,0.7302,0.2698,0.2302,-0.2302,37.0,5.0,127,5.0,37.0,0.0,nfl_read_py Fallback,False,a,n,9.55,10.0,13.7,187.61,Med-High,1.0,19.0,47.35,47.0,13.4526011795377,30.0,65.0,0.2442,0.7544,0.084,0.0778,0.388,0.612,0.541,0.4364,17,2020-12-27,CLE @ NYJ,0.3345,0.6651,199,-199,,,,,,,,No Bet,,No Bet,,No Bet,,No Bet,,No Bet,,No Bet,,No Bet,,No Bet,,No Bet,,,,,,,,,,,,,,,,,,,,,,,,,,,,,17,-0.0707,-0.1018,Cleveland Browns,New York Jets,0,0,0,0,1,0,0,1,0,0,0,0,0,2.0,2.0,,,27.14594711411244,0.9990756347398726,0.4593779207467921,0.0032217554442392,0.1315678889707476,0.023596061263478,2.607934824809377,0.0638615416404436,0.9636001311059572,0.0008692296188557,0.0023525258253834,0.0960708725264399,0.0354970164443077,0.0378495422696912,3.5715349559153333,0.0874576029039217,0.0002799957009545,0.1305995357063051,6.0,23.0,0.7302,0.2698,0.589,0.411,0.54,0.46,Cleveland Browns,Cleveland Browns,Cleveland Browns,Cleveland Browns,Cleveland Browns,Same,Same,Same,False,False,0.0032217554442392,0.1315678889707476,0.0032217554442392,0.1315678889707476,0.0032217554442392,0.1315678889707476,,,0.4873103845657815,1.026335551189021,2.38875287112699,0.9041660100405499,0.5789687950027472,1.3175855858538323,0.8162759111236256,1.515518848066671,0.9174434890810985,1.1988556801813397
2020_16_IND_PIT,2020,17,2020-12-27,13:00,Indianapolis Colts,Pittsburgh Steelers,Home,Philip Rivers,Ben Roethlisberger,00-0022942,00-0022924,7,6,1,-1,8,-14,Acrisure Stadium,40.4468,-80.0158,America/New_York,False,False,16,16,Sunday,False,False,0,False,False,0,8,-14,AFC South,Lucas Oil Stadium,39.7601,-86.1638,America/Indiana/Indianapolis,AFC North,Acrisure Stadium,40.4468,-80.0158,America/New_York,Houston Texans,Cincinnati Bengals,Lucas Oil Stadium,Paycor Stadium,Jacksonville Jaguars,Cleveland Browns,Lucas Oil Stadium,FirstEnergy Stadium,328,0,-328,328,0.0,0.0,America/Indiana/Indianapolis,America/New_York,0.0,0.0,0.0,0.0,0.0,0,-2.265,-0.565,-2.265,-0.565,Pittsburgh Steelers,1.7000000000000002,Pittsburgh Steelers,1.7000000000000002,-2.265,-0.565,Pittsburgh Steelers,1.7000000000000002,0.0,0,No,No,No,No,No,0,Yes,0.0,0.0,1.161,6.414,-2.9245,-0.102,-2.9245,-0.102,-0.6595,0.4629999999999998,0.5015000000000001,6.876999999999999,Pittsburgh Steelers,2.8225,Pittsburgh Steelers,2.8225,-2.9245,-0.102,Pittsburgh Steelers,2.8225,Tie,0.0,Pittsburgh Steelers,5.253,0.5805,3.207,Pittsburgh Steelers,2.6265,Pittsburgh Steelers,1.1224999999999998,Pittsburgh Steelers,6.375499999999999,-0.0789999999999999,3.67,Pittsburgh Steelers,3.749,Different,Same,Same,Same,Different,Same,False,Home Team,Home Team,43.0,-104.0,-106.0,Indianapolis Colts,Pittsburgh Steelers,1.0,-1.0,-122,101,-282,224,-1.1224999999999998,1.1224999999999998,-6.375499999999999,6.375499999999999,0.5146,0.5098,0.4975,0.5495,0.3086,0.7382,0.5023,0.4977,0.4752,0.5248,0.2948,0.7052,0.5023,0.4977,0.0023,-0.0023,37.0,6.0,128,6.0,37.0,0.0,nfl_read_py Fallback,False,R,t,0.32,1.0,13.68,187.17,Med-High,-10.0,10.0,38.94,38.0,12.391299724474925,23.0,55.0,0.492,0.5066,0.0874,0.0848,0.4934,0.4876,0.3344,0.622,17,2020-12-27,IND @ PIT,0.5549,0.4447,-125,125,,,,,,,,No Bet,,No Bet,,No Bet,,No Bet,,No Bet,,No Bet,,No Bet,,No Bet,,No Bet,,,,,,,,,,,,,,,,,,,,,,,,,,,,,17,0.4035,0.0707,Indianapolis Colts,Pittsburgh Steelers,0,0,0,0,1,0,0,1,0,0,0,0,0,5.0,3.0,,,27.14594711411244,0.0,0.1006275399345093,0.0,0.0013281367306447,0.0,0.0181096878429316,0.0,0.0179438416074598,0.0,0.0,0.0006671230798028,0.0006610136508418,0.0006610136508418,0.0360535294503914,0.0,0.0,0.0010348055573164,6.0,23.0,0.5023,0.4977,0.496,0.504,0.6,0.4,Indianapolis Colts,Indianapolis Colts,Pittsburgh Steelers,Indianapolis Colts,Pittsburgh Steelers,Same,Same,Same,False,False,0.0,0.0013281367306447,0.0,0.0013281367306447,0.0,0.0013281367306447,,,0.0,0.7593414259161003,0.0,1.5564042168271746,0.0,0.5575235321331258,0.0,1.1811330354457161,0.0,0.9393078753518049
2020_16_DEN_LAC,2020,17,2020-12-27,16:05,Denver Broncos,Los Angeles Chargers,Home,Drew Lock,Justin Herbert,00-0035704,00-0036355,8,10,-2,2,-7,-8,SoFi Stadium,33.9535,-118.3395,America/Los_Angeles,False,False,16,16,Sunday,False,False,0,False,False,0,-7,-8,AFC West,Empower Field at Mile High,39.7648,-105.0076,America/Denver,AFC West,SoFi Stadium,33.9535,-118.3395,America/Los_Angeles,Buffalo Bills,Las Vegas Raiders,Empower Field at Mile High,Allegiant Stadium,Las Vegas Raiders,Kansas City Chiefs,Empower Field at Mile High,GEHA Field at Arrowhead Stadium,837,0,-837,837,1.0,0.0,America/Denver,America/Los_Angeles,1.0,0.0,1.0,0.0,1.0,0,2.05,0.935,2.05,0.935,Denver Broncos,1.1149999999999998,Denver Broncos,1.1149999999999998,2.05,0.935,Denver Broncos,1.1149999999999998,0.0,0,No,No,No,No,No,1,No,0.0,0.0,-1.501,-0.754,2.20019,1.09181,2.20019,1.09181,0.1613399999999999,0.14566,-1.33219,-0.6158100000000001,Denver Broncos,1.10838,Denver Broncos,1.10838,2.20019,1.09181,Denver Broncos,1.10838,Tie,0.0,Los Angeles Chargers,0.7469999999999999,-0.7505,-0.377,Los Angeles Chargers,0.3734999999999999,Denver Broncos,0.0156799999999999,Los Angeles Chargers,0.7163799999999999,-0.585425,-0.235075,Los Angeles Chargers,0.3503499999999999,Different,Different,Same,Different,Different,Same,False,Away Team,Home Team,47.5,-125.0,113.0,Los Angeles Chargers,Denver Broncos,-2.5,2.5,-110,-110,-116,-104,0.0156799999999999,-0.0156799999999999,-0.7163799999999999,0.7163799999999999,0.4695,0.5556,0.5238,0.5238,0.5098,0.537,0.458,0.542,0.5,0.5,0.487,0.513,0.458,0.542,-0.042,0.042,,,129,0.0,70.0,0.0,Dome,True,c,H,-0.25,-1.0,14.11,198.98,High,-10.0,10.0,47.21,47.0,13.06827348636318,31.0,65.0,0.5034,0.4954,0.0874,0.0846,0.4694,0.5306,0.4682,0.5318,17,2020-12-27,DEN @ LAC,0.5146,0.4851,-106,106,,,,,,,,No Bet,,No Bet,,No Bet,,No Bet,,No Bet,,No Bet,,No Bet,,No Bet,,No Bet,,,,,,,,,,,,,,,,,,,,,,,,,,,,,17,-0.0758,0.2175,Los Angeles Chargers,Denver Broncos,0,0,0,0,0,1,1,0,0,0,0,0,1,2.0,4.0,,,27.14594711411244,0.3520768813997036,0.9975813374414522,0.0024944289344564,0.0033708135420277,0.0367007906765892,0.0419087981736863,0.0310128452580772,0.0495951279697335,0.0013519804824753,0.001142448451981,0.0015438326022487,0.001826980939779,0.0029694293917601,0.0915039261434198,0.0677136359346665,0.0014617597778645,0.0004339082827682,6.0,23.0,0.458,0.542,0.541,0.459,0.64,0.36,Los Angeles Chargers,Denver Broncos,Denver Broncos,Los Angeles Chargers,Los Angeles Chargers,Same,Different,Different,False,False,0.0024944289344564,0.0033708135420277,0.0024944289344564,0.0033708135420277,0.0024944289344564,0.0033708135420277,,,0.8210268617878415,0.6926190739669595,1.6520169447691335,1.6409019363984123,0.9741910405371274,0.9223633403194544,1.1760813844429525,1.155713374747346,1.090822989237737,1.025476180024703
2020_16_CAR_WAS,2020,17,2020-12-27,16:05,Carolina Panthers,Washington Commanders,Home,Teddy Bridgewater,Dwayne Haskins,00-0031237,00-0035232,8,7,1,-1,3,12,FedExField,38.9077,-76.8645,America/New_York,False,True,16,16,Sunday,False,False,0,False,False,0,3,12,NFC South,Bank of America Stadium,35.2258,-80.8528,America/New_York,NFC East,FedExField,38.9077,-76.8645,America/New_York,Green Bay Packers,Seattle Seahawks,Lambeau Field,FedExField,New Orleans Saints,Philadelphia Eagles,Bank of America Stadium,Lincoln Financial Field,336,0,-336,336,0.0,0.0,America/Chicago,America/New_York,-1.0,0.0,0.0,0.0,0.0,0,-5.25,1.45,-5.25,1.45,Washington Commanders,6.7,Washington Commanders,6.7,-5.25,1.45,Washington Commanders,6.7,0.0,0,No,No,No,No,No,0,No,0.0,0.0,-1.884,-6.18,-3.494999999999999,2.728,-3.494999999999999,2.728,1.755,1.278,-0.1289999999999997,-4.901999999999999,Washington Commanders,6.222999999999999,Washington Commanders,6.222999999999999,-3.494999999999999,2.728,Washington Commanders,6.222999999999999,Tie,0.0,Carolina Panthers,4.295999999999999,-0.942,-3.09,Carolina Panthers,2.148,Carolina Panthers,0.4770000000000001,Carolina Panthers,4.773,0.8130000000000002,-1.812,Carolina Panthers,2.625,Different,Different,Different,Different,Different,Same,False,Away Team,Away Team,41.0,102.0,-112.0,Carolina Panthers,Washington Commanders,1.0,-1.0,-104,-116,188,-234,0.4770000000000001,-0.4770000000000001,4.773,-4.773,0.5283,0.495,0.537,0.5098,0.7006,0.3472,0.5162,0.4838,0.513,0.487,0.6686,0.3314,0.5162,0.4838,0.0162,-0.0162,41.0,6.0,130,6.0,41.0,0.0,nfl_read_py Fallback,False,r,l,-4.75,-6.0,14.12,199.44,High,-14.0,6.0,45.06,44.0,12.797344193373902,29.0,62.0,0.6396,0.3592,0.0818,0.0806,0.6408,0.3414,0.5936,0.3832,17,2020-12-27,CAR @ WAS,0.4854,0.5142,106,-106,,,,,,,,No Bet,,No Bet,,No Bet,,No Bet,,No Bet,,No Bet,,No Bet,,No Bet,,No Bet,,,,,,,,,,,,,,,,,,,,,,,,,,,,,17,-0.195,0.2182,Carolina Panthers,Washington Commanders,0,0,0,0,1,0,0,1,0,0,0,0,0,1.5,4.0,,,27.14594711411244,0.9877556692615758,0.986900019777123,0.003617187670837,0.0035563564042803,0.0475052824467085,0.0498342901732516,0.0506867027676538,0.0467063726962788,0.0017499953951509,0.001867192275686,0.0018357911758895,0.0017205652283908,0.0035877575040769,0.0965406628695304,0.0981919852143624,0.0007100352992374,0.0006515519315896,6.0,23.0,0.5162,0.4838,0.5465,0.4535,0.46,0.54,Carolina Panthers,Washington Commanders,Carolina Panthers,Washington Commanders,Carolina Panthers,Same,Same,Same,False,False,0.003617187670837,0.0035563564042803,0.003617187670837,0.0035563564042803,0.003617187670837,0.0035563564042803,,,0.7322578449665001,0.7813880907883001,1.6032659551895658,1.6896529259779824,0.6284406329199425,1.2681137479366427,1.4912714892938295,0.8405232698964702,1.0271283405296694,1.089170828732769
2020_16_PHI_DAL,2020,17,2020-12-27,16:25,Philadelphia Eagles,Dallas Cowboys,Home,Jalen Hurts,Andy Dalton,00-0036389,00-0027973,7,7,0,0,-4,8,AT&T Stadium,32.7369,-97.0826,America/Chicago,False,True,16,16,Sunday,False,False,0,False,False,0,-4,8,NFC East,Lincoln Financial Field,39.9008,-75.1675,America/New_York,NFC East,AT&T Stadium,32.7369,-97.0826,America/Chicago,Arizona Cardinals,San Francisco 49ers,State Farm Stadium,AT&T Stadium,Washington Commanders,New York Giants,Lincoln Financial Field,MetLife Stadium,1311,0,-1311,1311,1.0,0.0,America/Denver,America/Chicago,-1.0,0.0,1.0,0.0,1.0,0,4.905,-0.615,4.905,-0.615,Philadelphia Eagles,5.5200000000000005,Philadelphia Eagles,5.5200000000000005,4.905,-0.615,Philadelphia Eagles,5.5200000000000005,0.0,0,No,No,No,No,No,1,No,0.0,0.0,-4.678,-4.126,5.27852,-0.40352,5.27852,-0.40352,0.42872,0.15628,-4.24376,-3.9752400000000008,Philadelphia Eagles,5.682040000000001,Philadelphia Eagles,5.682040000000001,5.27852,-0.40352,Philadelphia Eagles,5.682040000000001,Tie,0.0,Dallas Cowboys,0.5519999999999996,-2.339,-2.063,Dallas Cowboys,0.2759999999999998,Philadelphia Eagles,0.2724399999999999,Dallas Cowboys,0.2685199999999992,-1.90752,-1.9094800000000005,Philadelphia Eagles,0.0019600000000004,Different,Different,Same,Different,Different,Same,False,Away Team,Home Team,50.0,149.0,-166.0,Philadelphia Eagles,Dallas Cowboys,3.0,-3.0,-104,-116,-116,-104,0.2724399999999999,-0.2724399999999999,-0.2685199999999992,0.2685199999999992,0.6241,0.4016,0.537,0.5098,0.5098,0.537,0.6084,0.3916,0.513,0.487,0.487,0.513,0.6084,0.3916,0.1084,-0.1084,,,131,0.0,70.0,0.0,Dome,True,W,l,-5.48,-7.0,13.54,183.24,Med-High,-15.0,4.0,45.85,45.0,13.05710107863593,29.0,63.0,0.6658,0.3338,0.0794,0.08,0.6998,0.2656,0.344,0.6222,17,2020-12-27,PHI @ DAL,0.5144,0.4856,-106,106,,,,,,,,No Bet,,No Bet,,No Bet,,No Bet,,No Bet,,No Bet,,No Bet,,No Bet,,No Bet,,,,,,,,,,,,,,,,,,,,,,,,,,,,,17,-0.2182,0.0336,Philadelphia Eagles,Dallas Cowboys,0,0,0,0,1,0,0,1,0,0,0,0,1,1.0,2.5,,,27.14594711411244,0.4345801837927284,0.7609443036414218,0.0016545968867006,0.0124592093602328,0.0175889487961354,0.2057712461482848,0.0273266507854157,0.1324457922282517,0.0006479401408319,0.0010066567458686,0.0075801829747656,0.0048790263854671,0.0058856831313358,0.3382170383765365,0.0449155995815512,0.0003757314930157,0.0102481788420182,6.0,23.0,0.6084,0.3916,0.4746,0.5254,0.56,0.44,Philadelphia Eagles,Philadelphia Eagles,Dallas Cowboys,Dallas Cowboys,Dallas Cowboys,Same,Different,Same,False,False,0.0016545968867006,0.0124592093602328,0.0016545968867006,0.0124592093602328,0.0016545968867006,0.0124592093602328,,,0.6002554905137875,0.9133904452410139,1.6710925636341682,1.6218263175333776,0.9883053821384121,0.90824899871817,1.5760959573919644,0.7556988017983333,1.110220592436123,1.0060785768263167
2020_16_LA_SEA,2020,17,2020-12-27,16:25,Los Angeles Rams,Seattle Seahawks,Home,Jared Goff,Russell Wilson,00-0033106,00-0029263,7,7,0,0,-6,0,Lumen Field,47.5952,-122.3316,America/Los_Angeles,False,False,16,16,Sunday,False,False,0,False,False,0,-6,0,NFC West,SoFi Stadium,33.9535,-118.3395,America/Los_Angeles,NFC West,Lumen Field,47.5952,-122.3316,America/Los_Angeles,New York Jets,Washington Commanders,SoFi Stadium,FedExField,Arizona Cardinals,San Francisco 49ers,SoFi Stadium,Levi's Stadium,964,0,-964,964,0.0,0.0,America/Los_Angeles,America/New_York,0.0,3.0,0.0,0.0,0.0,0,1.29,-0.13,1.29,-0.13,Los Angeles Rams,1.42,Los Angeles Rams,1.42,1.29,-0.13,Los Angeles Rams,1.42,0.0,0,No,No,No,No,No,1,No,0.0,0.0,4.374,1.039,0.765085,-1.921585,0.765085,-1.921585,-0.510715,-1.805785,3.829935,-0.7334350000000001,Los Angeles Rams,2.68667,Los Angeles Rams,2.68667,0.765085,-1.921585,Los Angeles Rams,2.68667,Tie,0.0,Los Angeles Rams,3.335,2.187,0.5195,Los Angeles Rams,1.6675,Los Angeles Rams,1.29507,Los Angeles Rams,4.56337,1.6596099999999998,-1.26961,Los Angeles Rams,2.92922,Different,Same,Same,Same,Different,Same,False,Away Team,Away Team,48.0,-127.0,115.0,Seattle Seahawks,Los Angeles Rams,-1.5,1.5,105,-128,181,-224,1.29507,-1.29507,4.56337,-4.56337,0.4651,0.5595,0.5614,0.4878,0.6914,0.3559,0.454,0.546,0.5351,0.4649,0.6602,0.3398,0.454,0.546,-0.046,0.046,45.0,2.0,132,2.0,45.0,0.0,nfl_read_py Fallback,False,o, ,1.95,3.0,14.23,202.63,High,-9.0,13.0,43.34,43.0,12.894715575690515,27.0,61.0,0.4398,0.5596,0.0838,0.0782,0.4224,0.5776,0.3344,0.6472,17,2020-12-27,LA @ SEA,0.4476,0.5522,123,-123,,,,,,,,No Bet,,No Bet,,No Bet,,No Bet,,No Bet,,No Bet,,No Bet,,No Bet,,No Bet,,,,,,,,,,,,,,,,,,,,,,,,,,,,,17,0.042,0.2346,Seattle Seahawks,Los Angeles Rams,0,0,0,0,0,1,1,0,0,0,0,0,1,3.0,4.0,,,27.14594711411244,0.171720099027189,0.0,0.0053341474639688,0.0,0.079061064785853,0.0,0.0657394201699217,0.0,0.0029124445153269,0.0024217029486418,0.0,0.0,0.0024217029486418,0.0,0.1448004849557747,0.0048426421293679,0.0,6.0,23.0,0.454,0.546,0.5714,0.4286,0.62,0.38,Seattle Seahawks,Los Angeles Rams,Los Angeles Rams,Los Angeles Rams,Los Angeles Rams,Same,Same,Same,False,False,0.0053341474639688,0.0,0.0053341474639688,0.0,0.0053341474639688,0.0,,,0.8226113130735623,0.0,1.4975877689875607,0.0,0.6376691216150352,0.0,1.0121318329024762,0.0,0.936645432866533,0.0
2020_16_TEN_GB,2020,17,2020-12-27,20:20,Tennessee Titans,Green Bay Packers,Home,Ryan Tannehill,Aaron Rodgers,00-0029701,00-0023459,7,8,-1,1,6,-7,Lambeau Field,44.5013,-88.0622,America/Chicago,False,False,16,16,Sunday,False,False,0,False,False,0,6,-7,AFC South,Nissan Stadium,36.1664,-86.7716,America/Chicago,NFC North,Lambeau Field,44.5013,-88.0622,America/Chicago,Detroit Lions,Carolina Panthers,Nissan Stadium,Lambeau Field,Houston Texans,Chicago Bears,NRG Stadium,Soldier Field,579,0,-579,579,0.0,0.0,America/Chicago,America/Chicago,0.0,0.0,0.0,0.0,0.0,0,-4.36,3.535,-4.36,3.535,Green Bay Packers,7.895,Green Bay Packers,7.895,-4.36,3.535,Green Bay Packers,7.895,0.0,0,No,No,No,No,No,0,No,0.0,0.0,-0.583,4.584,-3.1670000000000007,3.7805,-3.1670000000000007,3.7805,1.193,0.2454999999999999,0.6100000000000001,4.8295,Green Bay Packers,6.947500000000001,Green Bay Packers,6.947500000000001,-3.1670000000000007,3.7805,Green Bay Packers,6.947500000000001,Tie,0.0,Green Bay Packers,5.167,-0.2915,2.292,Green Bay Packers,2.5835,Tennessee Titans,0.9475,Green Bay Packers,4.2195,0.9015,2.5375,Green Bay Packers,1.636,Different,Same,Different,Same,Different,Same,False,Away Team,Home Team,52.5,-177.0,159.0,Green Bay Packers,Tennessee Titans,-3.0,3.0,101,-122,-211,171,0.9475,-0.9475,-4.2195,4.2195,0.3861,0.639,0.5495,0.4975,0.369,0.6785,0.3767,0.6233,0.5248,0.4752,0.3523,0.6477,0.3767,0.6233,-0.1233,0.1233,28.0,15.0,133,15.0,28.0,0.0,nfl_read_py Fallback,False,n,o,-2.94,-3.0,14.54,211.27,High,-13.0,7.0,52.13,52.0,14.161886144289989,34.0,71.0,0.5866,0.4126,0.0786,0.0818,0.4984,0.4542,0.4796,0.5204,17,2020-12-27,TEN @ GB,0.5832,0.4166,-140,140,,,,,,,,No Bet,,No Bet,,No Bet,,No Bet,,No Bet,,No Bet,,No Bet,,No Bet,,No Bet,,,,,,,,,,,,,,,,,,,,,,,,,,,,,17,0.2293,0.1569,Green Bay Packers,Tennessee Titans,0,0,0,0,0,1,1,0,0,0,0,0,0,4.0,3.5,,,27.14594711411244,0.0,0.2191862500747717,0.0,0.0009163078218033,0.0,0.0093700522508364,0.0,0.0155039914200858,0.0,0.0,0.0003451731564733,0.00057113466533,0.00057113466533,0.0248740436709223,0.0,0.0,0.0002715367940066,6.0,23.0,0.3767,0.6233,0.4762,0.5238,0.48,0.52,Green Bay Packers,Green Bay Packers,Green Bay Packers,Green Bay Packers,Green Bay Packers,Same,Same,Same,False,False,0.0,0.0009163078218033,0.0,0.0009163078218033,0.0,0.0009163078218033,,,0.0,0.5695669576824889,0.0,1.7223231680730016,0.0,0.6669564866005614,0.0,0.961680010356314,0.0,0.880269411684
2020_16_BUF_NE,2020,17,2020-12-28,20:15,Buffalo Bills,New England Patriots,Home,Josh Allen,Cam Newton,00-0034857,00-0027939,9,8,1,-1,-2,-4,Gillette Stadium,42.0628,-71.2687,America/New_York,False,True,16,16,Monday,False,False,0,False,False,0,-2,-4,AFC East,Highmark Stadium,42.7725,-78.7877,America/New_York,AFC East,Gillette Stadium,42.0628,-71.2687,America/New_York,Denver Broncos,Miami Dolphins,Empower Field at Mile High,Hard Rock Stadium,Miami Dolphins,New York Jets,Highmark Stadium,Gillette Stadium,386,0,-386,386,0.0,0.0,America/Denver,America/New_York,-2.0,0.0,0.0,0.0,0.0,0,4.795,-1.995,4.795,-1.995,Buffalo Bills,6.79,Buffalo Bills,6.79,4.795,-1.995,Buffalo Bills,6.79,0.0,0,No,No,No,No,No,1,No,0.0,0.0,2.269,0.079,4.759205000000001,-1.6887050000000006,4.759205000000001,-1.6887050000000006,0.0321049999999999,0.2383949999999999,2.2792050000000006,0.3392949999999999,Buffalo Bills,6.447910000000001,Buffalo Bills,6.447910000000001,4.759205000000001,-1.6887050000000006,Buffalo Bills,6.447910000000001,Tie,0.0,Buffalo Bills,2.19,1.1345,0.0395,Buffalo Bills,1.095,New England Patriots,0.2062899999999999,Buffalo Bills,1.9399100000000007,1.1556550000000003,0.2888449999999999,Buffalo Bills,0.8668100000000003,Different,Same,Different,Same,Different,Same,False,Home Team,Away Team,47.0,268.0,-313.0,Buffalo Bills,New England Patriots,7.0,-7.0,-110,-110,108,-131,-0.2062899999999999,0.2062899999999999,1.9399100000000007,-1.9399100000000007,0.7579,0.2717,0.5238,0.5238,0.5671,0.4808,0.7361,0.2639,0.5,0.5,0.5412,0.4588,0.7361,0.2639,0.2361,-0.2361,41.0,4.0,134,4.0,41.0,0.0,nfl_read_py Fallback,False,l,t,6.36,7.0,14.36,206.35,High,-4.0,17.0,49.56,49.0,13.41531499351674,33.0,67.0,0.3262,0.673,0.076,0.0774,0.4676,0.483,0.539,0.4216,17,2020-12-28,BUF @ NE,0.3872,0.6126,158,-158,,,,,,,,No Bet,,No Bet,,No Bet,,No Bet,,No Bet,,No Bet,,No Bet,,No Bet,,No Bet,,,,,,,,,,,,,,,,,,,,,,,,,,,,,17,-0.09,0.1018,Buffalo Bills,New England Patriots,0,0,0,0,1,0,0,1,0,0,0,0,1,2.0,3.0,,,27.14594711411244,0.4828832163565977,0.0039017662184031,0.0017331173675039,0.0039017662184031,0.0124157329625743,0.0779656063244133,0.0346313794382378,0.0279515330919884,0.0004573696732842,0.0012757476942196,0.0028720901133665,0.0010296761050365,0.0023054237992562,0.1059171394164018,0.0470471124008121,0.0003117964075608,0.0039017662184031,6.0,23.0,0.7361,0.2639,0.5485,0.4465,0.48,0.5,Buffalo Bills,New England Patriots,Buffalo Bills,Buffalo Bills,Buffalo Bills,Same,Different,Same,False,False,0.0017331173675039,0.0039017662184031,0.0017331173675039,0.0039017662184031,0.0017331173675039,0.0039017662184031,,,0.40067723211002787,1.1129687036447693,1.6602015813716384,1.6327172997959019,0.8732386902162474,1.023315690640336,0.7655815045115216,1.5662132546787777,0.8236251472020548,1.2926740220603836
2020_17_MIA_BUF,2020,18,2021-01-03,13:00,Miami Dolphins,Buffalo Bills,Home,Tua Tagovailoa,Josh Allen,00-0036212,00-0034857,8,6,2,-2,0,-4,Highmark Stadium,42.7725,-78.7877,America/New_York,False,True,17,17,Sunday,False,False,0,False,False,0,0,-4,AFC East,Hard Rock Stadium,25.9602,-80.2384,America/New_York,AFC East,Highmark Stadium,42.7725,-78.7877,America/New_York,Las Vegas Raiders,New England Patriots,Allegiant Stadium,Gillette Stadium,Playoffs?,Playoffs?,Playoffs?,Playoffs?,1164,0,-1164,1164,0.0,0.0,America/Los_Angeles,America/New_York,-3.0,0.0,0.0,0.0,0.0,0,0.66,4.795,0.66,4.795,Buffalo Bills,4.135,Buffalo Bills,4.135,0.66,4.795,Buffalo Bills,4.135,0.0,0,No,No,No,No,No,1,Yes,0.0,0.0,-1.128,2.269,0.93366,4.33034,0.93366,4.33034,0.23231,-0.42331,-0.8617199999999999,1.8117200000000004,Buffalo Bills,3.3966799999999995,Buffalo Bills,3.3966799999999995,0.93366,4.33034,Buffalo Bills,3.3966799999999995,Tie,0.0,Buffalo Bills,3.397,-0.564,1.1345,Buffalo Bills,1.6985,Miami Dolphins,0.65562,Buffalo Bills,2.6734400000000003,-0.3147049999999999,0.6942050000000002,Buffalo Bills,1.0089100000000002,Different,Same,Different,Same,Different,Same,False,Away Team,Home Team,42.5,138.0,-153.0,Miami Dolphins,Buffalo Bills,3.5,-3.5,-104,-116,-142,117,0.65562,-0.65562,-2.6734400000000003,2.6734400000000003,0.6047,0.4202,0.537,0.5098,0.4608,0.5868,0.59,0.41,0.513,0.487,0.4399,0.5601,0.59,0.41,0.09,-0.09,35.0,1.0,135,1.0,35.0,0.0,nfl_read_py Fallback,False,o,l,-11.89,-12.0,13.83,191.15,Med-High,-21.0,-4.0,48.25,48.0,13.03218963157453,32.0,65.0,0.8108,0.188,0.063,0.0646,0.8566,0.1434,0.6632,0.3368,18,2021-01-03,MIA @ BUF,0.567,0.4327,-131,131,,,,,,,,No Bet,,No Bet,,No Bet,,No Bet,,No Bet,,No Bet,,No Bet,,No Bet,,No Bet,,,,,,,,,,,,,,,,,,,,,,,,,,,,,18,0.0,0.0,Miami Dolphins,Buffalo Bills,0,0,0,0,0,0,0,0,0,0,0,0,1,0.0,0.0,,,20.14343048926264,3.124345089494572e-05,0.0,3.124345089494572e-05,0.0,0.0002580336153522,0.0,0.0003713166659947,0.0,1.2809814866927744e-05,1.8433636028017977e-05,0.0,0.0,1.8433636028017977e-05,0.0,0.000629350281347,3.124345089494572e-05,0.0,6.0,0.0,0.59,0.41,0.4012,0.5988,0.24,0.76,Miami Dolphins,Buffalo Bills,Buffalo Bills,Buffalo Bills,Buffalo Bills,Same,Same,Same,False,False,3.124345089494572e-05,0.0,3.124345089494572e-05,0.0,3.124345089494572e-05,0.0,,,0.6384844969150901,0.0,1.1315408014626285,0.0,1.294819008320029,0.0,1.5404495315730582,0.0,1.1268269295214988,0.0
2020_17_BAL_CIN,2020,18,2021-01-03,13:00,Baltimore Ravens,Cincinnati Bengals,Home,Lamar Jackson,Brandon Allen,00-0034796,00-0032434,7,7,0,0,-8,1,Paycor Stadium,39.0955,-84.5165,America/New_York,False,False,17,17,Sunday,False,False,0,False,False,0,-8,1,AFC North,M&T Bank Stadium,39.2789,-76.6228,America/New_York,AFC North,Paycor Stadium,39.0955,-84.5165,America/New_York,New York Giants,Houston Texans,M&T Bank Stadium,NRG Stadium,Playoffs?,Playoffs?,Playoffs?,Playoffs?,422,0,-422,422,0.0,0.0,America/New_York,America/Chicago,0.0,-1.0,0.0,0.0,0.0,0,6.69,1.31,6.69,1.31,Baltimore Ravens,5.380000000000001,Baltimore Ravens,5.380000000000001,6.69,1.31,Baltimore Ravens,5.380000000000001,0.0,0,No,No,No,No,No,1,No,0.0,0.0,10.382,-3.384,7.04787,2.57613,7.04787,2.57613,0.41167,1.21233,10.656009999999998,-2.03401,Baltimore Ravens,4.47174,Baltimore Ravens,4.47174,7.04787,2.57613,Baltimore Ravens,4.47174,Tie,0.0,Baltimore Ravens,13.766,5.191,-1.692,Baltimore Ravens,6.883,Cincinnati Bengals,0.8006600000000001,Baltimore Ravens,12.69002,5.53384,-0.4108399999999998,Baltimore Ravens,5.94468,Different,Same,Different,Same,Different,Same,False,Home Team,Away Team,46.0,597.0,-799.0,Baltimore Ravens,Cincinnati Bengals,13.5,-13.5,-122,101,466,-675,-0.8006600000000001,0.8006600000000001,12.69002,-12.69002,0.8888,0.1435,0.4975,0.5495,0.871,0.1767,0.861,0.139,0.4752,0.5248,0.8314,0.1686,0.861,0.139,0.361,-0.361,39.0,10.0,136,10.0,39.0,0.0,nfl_read_py Fallback,False,a,r,6.8,7.0,13.66,186.48,Med-High,-3.0,16.0,43.58,43.0,13.028233024134405,27.0,61.0,0.3012,0.6978,0.0832,0.0892,0.679,0.321,0.3986,0.577,18,2021-01-03,BAL @ CIN,0.2834,0.7164,253,-253,,,,,,,,No Bet,,No Bet,,No Bet,,No Bet,,No Bet,,No Bet,,No Bet,,No Bet,,No Bet,,,,,,,,,,,,,,,,,,,,,,,,,,,,,18,0.0,0.0,Baltimore Ravens,Cincinnati Bengals,0,0,0,0,0,0,0,0,0,0,0,0,1,0.0,0.0,,,20.14343048926264,0.9971275460882736,0.0,0.0080428152164786,0.0,0.0225193746059059,0.0,0.1394905146452162,0.0,0.0011179513150905,0.0069248639013881,0.0,0.0,0.0069248639013881,0.0,0.1620098892511222,0.000199947275849,0.0,6.0,0.0,0.861,0.139,0.7747,0.2253,0.84,0.16,Baltimore Ravens,Baltimore Ravens,Baltimore Ravens,Baltimore Ravens,Baltimore Ravens,Same,Same,Same,False,False,0.0080428152164786,0.0,0.0080428152164786,0.0,0.0080428152164786,0.0,,,0.21380857624256117,0.0,1.2031396585106755,0.0,0.38166669660682667,0.0,0.5643791074283451,0.0,0.5546115529323965,0.0
2020_17_PIT_CLE,2020,18,2021-01-03,13:00,Pittsburgh Steelers,Cleveland Browns,Home,Mason Rudolph,Baker Mayfield,00-0034771,00-0034855,7,7,0,0,-14,11,FirstEnergy Stadium,41.5061,-81.6994,America/New_York,False,False,17,17,Sunday,False,False,0,False,False,0,-14,11,AFC North,Acrisure Stadium,40.4468,-80.0158,America/New_York,AFC North,FirstEnergy Stadium,41.5061,-81.6994,America/New_York,Indianapolis Colts,New York Jets,Acrisure Stadium,MetLife Stadium,Playoffs?,Playoffs?,Playoffs?,Playoffs?,114,0,-114,114,0.0,0.0,America/New_York,America/New_York,0.0,0.0,0.0,0.0,0.0,0,-0.565,-4.705,-0.565,-4.705,Pittsburgh Steelers,4.140000000000001,Pittsburgh Steelers,4.140000000000001,-0.565,-4.705,Pittsburgh Steelers,4.140000000000001,0.0,0,No,No,No,No,No,1,No,0.0,0.0,6.414,-0.295,-2.526055,-2.3354450000000004,-2.526055,-2.3354450000000004,-1.919655,2.328155,4.427255,2.100245,Cleveland Browns,0.1906099999999995,Cleveland Browns,0.1906099999999995,-2.526055,-2.3354450000000004,Cleveland Browns,0.1906099999999995,Tie,0.0,Pittsburgh Steelers,6.709,3.207,-0.1475,Pittsburgh Steelers,3.3545,Cleveland Browns,4.24781,Pittsburgh Steelers,2.32701,1.2537999999999998,2.2142,Cleveland Browns,0.9604,Different,Different,Same,Different,Different,Same,False,Home Team,Away Team,38.388888888888886,124.0,-146.0,Pittsburgh Steelers,Cleveland Browns,2.4444444444444446,-2.4444444444444446,-211,171,117,-142,-4.24781,4.24781,2.32701,-2.32701,0.5935,0.4464,0.369,0.6785,0.5868,0.4608,0.5707,0.4293,0.3523,0.6477,0.5601,0.4399,0.5707,0.4293,0.0707,-0.0707,38.0,7.0,137,7.0,38.0,0.0,nfl_read_py Fallback,False,t,a,-5.8,-7.0,14.44,208.55,High,-17.0,5.0,44.27,44.0,13.192399783299797,27.0,61.0,0.6514,0.3476,0.0706,0.0744,0.6842,0.3158,0.6582,0.3418,18,2021-01-03,PIT @ CLE,0.5421,0.4577,-118,118,,,,,,,,No Bet,,No Bet,,No Bet,,No Bet,,No Bet,,No Bet,,No Bet,,No Bet,,No Bet,,,,,,,,,,,,,,,,,,,,,,,,,,,,,18,0.0,0.0,Pittsburgh Steelers,Cleveland Browns,0,0,0,0,0,0,0,0,0,0,0,0,1,0.0,0.0,,,20.14343048926264,0.3299096642748112,0.0,0.0031500435129659,0.0,0.0272402366151012,0.0,0.0362124459264809,0.0,0.0013523136801162,0.0017977298328496,0.0,0.0,0.0017977298328496,0.0,0.0634526825415821,0.0005590293420096,0.0,6.0,0.0,0.5707,0.4293,0.5248,0.4752,0.68,0.32,Pittsburgh Steelers,Pittsburgh Steelers,Pittsburgh Steelers,Cleveland Browns,Cleveland Browns,Same,Different,Different,False,False,0.0031500435129659,0.0,0.0031500435129659,0.0,0.0031500435129659,0.0,,,0.6664011336000681,0.0,1.499140942121277,0.0,1.0112591092494805,0.0,1.2342306841116002,0.0,1.073178330164485,0.0
2020_17_MIN_DET,2020,18,2021-01-03,13:00,Minnesota Vikings,Detroit Lions,Home,Kirk Cousins,Matthew Stafford,00-0029604,00-0026498,9,8,1,-1,-7,2,Ford Field,42.3395,-83.045,America/Detroit,False,True,17,17,Sunday,False,False,0,False,False,0,-7,2,NFC North,U.S. Bank Stadium,44.9738,-93.2575,America/Chicago,NFC North,Ford Field,42.3395,-83.045,America/Detroit,New Orleans Saints,Tampa Bay Buccaneers,Caesars Superdome,Ford Field,Playoffs?,Playoffs?,Playoffs?,Playoffs?,541,0,-541,541,-1.0,0.0,America/Chicago,America/Detroit,-1.0,0.0,-1.0,0.0,-1.0,0,0.27,4.305,0.27,4.305,Detroit Lions,4.035,Detroit Lions,4.035,0.27,4.305,Detroit Lions,4.035,0.0,0,No,No,No,No,No,1,No,0.0,0.0,-2.71,-3.395,1.319395,3.024104999999999,1.319395,3.024104999999999,1.0090449999999995,-1.240545,-1.7078050000000002,-4.628695,Detroit Lions,1.7047099999999993,Detroit Lions,1.7047099999999993,1.319395,3.024104999999999,Detroit Lions,1.7047099999999993,Tie,0.0,Minnesota Vikings,0.685,-1.355,-1.6975,Minnesota Vikings,0.3425,Minnesota Vikings,2.2495899999999995,Minnesota Vikings,2.92089,-0.3493800000000002,-2.93462,Minnesota Vikings,2.58524,Different,Different,Different,Different,Different,Same,False,Away Team,Away Team,54.0,145.0,-161.0,Minnesota Vikings,Detroit Lions,3.0,-3.0,108,-131,135,-164,2.2495899999999995,-2.2495899999999995,2.92089,-2.92089,0.6169,0.4082,0.5671,0.4808,0.6212,0.4255,0.6018,0.3982,0.5412,0.4588,0.5935,0.4065,0.6018,0.3982,0.1018,-0.1018,,,138,0.0,70.0,0.0,Dome,True,u, ,8.99,9.0,12.75,162.66,Med-Low,1.0,17.0,51.86,51.0,14.050737653437317,34.0,71.0,0.233,0.7658,0.076,0.0854,0.2694,0.6866,0.4074,0.5608,18,2021-01-03,MIN @ DET,0.3741,0.6256,167,-167,,,,,,,,No Bet,,No Bet,,No Bet,,No Bet,,No Bet,,No Bet,,No Bet,,No Bet,,No Bet,,,,,,,,,,,,,,,,,,,,,,,,,,,,,18,0.0,0.0,Minnesota Vikings,Detroit Lions,0,0,0,0,0,0,0,0,0,0,0,0,1,0.0,0.0,,,20.14343048926264,0.9708904454366064,0.5852509945012518,0.0079711454675276,0.0160627539514403,0.0639374666716166,0.1947177867540175,0.0966287479733271,0.1288411809329507,0.0031741101251695,0.0047970353423581,0.0096665653279768,0.0063961886234635,0.0111932239658216,0.3235589676869683,0.1605662146449437,0.0003357542099106,0.0115494215091765,6.0,0.0,0.6018,0.3982,0.5862,0.4138,0.62,0.38,Minnesota Vikings,Minnesota Vikings,Minnesota Vikings,Minnesota Vikings,Minnesota Vikings,Same,Same,Same,False,False,0.0079711454675276,0.0160627539514403,0.0079711454675276,0.0160627539514403,0.0079711454675276,0.0160627539514403,,,0.6255851845030358,0.9317457511631766,1.0824299708551632,1.241192589794116,0.9543139275172304,1.3575517619356823,0.4496366521161211,1.450304351818784,0.75375352113414,1.2336682032488446
2020_17_NYJ_NE,2020,18,2021-01-03,13:00,New York Jets,New England Patriots,Home,Sam Darnold,Cam Newton,00-0034869,00-0027939,7,6,1,-1,8,-5,Gillette Stadium,42.0628,-71.2687,America/New_York,False,False,17,17,Sunday,False,False,0,False,False,0,8,-5,AFC East,MetLife Stadium,40.8136,-74.0744,America/New_York,AFC East,Gillette Stadium,42.0628,-71.2687,America/New_York,Cleveland Browns,Buffalo Bills,MetLife Stadium,Gillette Stadium,Playoffs?,Playoffs?,Playoffs?,Playoffs?,169,0,-169,169,0.0,0.0,America/New_York,America/New_York,0.0,0.0,0.0,0.0,0.0,0,-3.725,-1.995,-3.725,-1.995,New England Patriots,1.73,New England Patriots,1.73,-3.725,-1.995,New England Patriots,1.73,0.0,0,No,No,No,No,No,1,Yes,0.0,0.0,-12.282,0.079,-4.697035,-1.8584650000000005,-4.697035,-1.8584650000000005,-0.989335,0.1538349999999999,-13.147725,0.1092249999999999,New England Patriots,2.83857,New England Patriots,2.83857,-4.697035,-1.8584650000000005,New England Patriots,2.83857,Tie,0.0,New England Patriots,12.361,-6.141,0.0395,New England Patriots,6.1805,New England Patriots,1.1431699999999998,New England Patriots,13.256950000000002,-7.068530000000001,0.1315299999999999,New England Patriots,7.200060000000001,Different,Same,Same,Same,Different,Same,False,Home Team,Home Team,41.0,-161.0,145.0,New England Patriots,New York Jets,-3.0,3.0,-122,101,-819,539,-1.1431699999999998,1.1431699999999998,-13.256950000000002,13.256950000000002,0.4082,0.6169,0.4975,0.5495,0.1565,0.8912,0.3982,0.6018,0.4752,0.5248,0.1494,0.8506,0.3982,0.6018,-0.1018,0.1018,33.0,5.0,139,5.0,33.0,0.0,nfl_read_py Fallback,False,n,t,-7.89,-8.0,13.29,176.64,Medium,-17.0,2.0,45.73,45.0,12.996251793195391,30.0,63.0,0.723,0.2764,0.077,0.0746,0.6414,0.313,0.605,0.3696,18,2021-01-03,NYJ @ NE,0.675,0.3248,-208,208,,,,,,,,No Bet,,No Bet,,No Bet,,No Bet,,No Bet,,No Bet,,No Bet,,No Bet,,No Bet,,,,,,,,,,,,,,,,,,,,,,,,,,,,,18,0.0,0.0,New England Patriots,New York Jets,0,0,0,0,0,0,0,0,0,0,0,0,1,0.0,0.0,,,20.14343048926264,0.4822668499949101,0.9979042324171126,0.0155966979803895,0.0081836639735021,0.1890681087809341,0.0656421018395737,0.125102892849066,0.0992049645581502,0.0093860928445984,0.0062106051357911,0.0032587349942485,0.0049249289792536,0.0111355341150447,0.1648470663977239,0.3141710016300001,0.0118962744879983,0.0003357542099106,6.0,0.0,0.3982,0.6018,0.3542,0.6458,0.32,0.68,New England Patriots,New England Patriots,New England Patriots,New England Patriots,New England Patriots,Same,Same,Same,False,False,0.0155966979803895,0.0081836639735021,0.0155966979803895,0.0081836639735021,0.0155966979803895,0.0081836639735021,,,0.9322047224185284,0.6251262132476848,1.2044144790940696,1.1192080815552117,1.9593087843194197,0.35255690513349086,1.3665526796628298,0.5333883242720684,1.3326782048046801,0.6547435195783089
2020_17_DAL_NYG,2020,18,2021-01-03,13:00,Dallas Cowboys,New York Giants,Home,Andy Dalton,Daniel Jones,00-0027973,00-0035710,7,7,0,0,8,-4,MetLife Stadium,40.8136,-74.0744,America/New_York,False,False,17,17,Sunday,False,False,0,False,False,0,8,-4,NFC East,AT&T Stadium,32.7369,-97.0826,America/Chicago,NFC East,MetLife Stadium,40.8136,-74.0744,America/New_York,Philadelphia Eagles,Baltimore Ravens,AT&T Stadium,M&T Bank Stadium,Playoffs?,Playoffs?,Playoffs?,Playoffs?,1384,0,-1384,1384,-1.0,0.0,America/Chicago,America/New_York,-1.0,0.0,-1.0,0.0,-1.0,0,-0.615,-2.84,-0.615,-2.84,Dallas Cowboys,2.225,Dallas Cowboys,2.225,-0.615,-2.84,Dallas Cowboys,2.225,0.0,0,No,No,No,No,No,1,No,0.0,0.0,-4.126,-4.519,-0.0760549999999999,-3.266445,-0.0760549999999999,-3.266445,0.561195,-0.448695,-3.5687350000000007,-4.963765,Dallas Cowboys,3.1903900000000003,Dallas Cowboys,3.1903900000000003,-0.0760549999999999,-3.266445,Dallas Cowboys,3.1903900000000003,Tie,0.0,Dallas Cowboys,0.3929999999999998,-2.063,-2.2595,Dallas Cowboys,0.1964999999999999,Dallas Cowboys,1.00989,Dallas Cowboys,1.3950299999999998,-1.5037700000000005,-2.70623,Dallas Cowboys,1.20246,Different,Same,Same,Same,Different,Same,False,Away Team,Away Team,44.5,109.0,-121.0,Dallas Cowboys,New York Giants,1.5,-1.5,101,-122,105,-128,1.00989,-1.00989,1.3950299999999998,-1.3950299999999998,0.5475,0.4785,0.5495,0.4975,0.5614,0.4878,0.5336,0.4664,0.5248,0.4752,0.5351,0.4649,0.5336,0.4664,0.0336,-0.0336,33.0,6.0,140,6.0,33.0,0.0,nfl_read_py Fallback,False,l,J,-3.92,-5.0,14.0,196.07,High,-14.0,7.0,48.5,48.0,13.205910162220649,32.0,66.0,0.61,0.3888,0.0822,0.0732,0.6314,0.3686,0.5978,0.4022,18,2021-01-03,DAL @ NYG,0.5041,0.4956,-102,102,,,,,,,,No Bet,,No Bet,,No Bet,,No Bet,,No Bet,,No Bet,,No Bet,,No Bet,,No Bet,,,,,,,,,,,,,,,,,,,,,,,,,,,,,18,0.0,0.0,Dallas Cowboys,New York Giants,0,0,0,0,0,0,0,0,0,0,0,0,1,0.0,0.0,,,20.14343048926264,0.9125639138198308,0.4337069984231604,0.0088604029241891,0.0054941673949778,0.0832425638153469,0.0590542478435297,0.0952363465949166,0.0516171311735799,0.0041324919238418,0.0047279110003473,0.0029316877219601,0.0025624796730176,0.007290390673365,0.1106713790171097,0.1784789104102635,0.0016945585104444,0.0020986881408627,6.0,0.0,0.5336,0.4664,0.52,0.48,0.44,0.56,Dallas Cowboys,New York Giants,Dallas Cowboys,New York Giants,New York Giants,Same,Same,Different,False,False,0.0088604029241891,0.0054941673949778,0.0088604029241891,0.0054941673949778,0.0088604029241891,0.0054941673949778,,,0.7239920817585903,0.8333388539076203,1.097377596702889,1.2262449639463895,1.0685989064613148,1.2432667829915909,1.155171245603266,0.7447697583316304,0.9973412381680198,0.9900804862149636
2020_17_ATL_TB,2020,18,2021-01-03,13:00,Atlanta Falcons,Tampa Bay Buccaneers,Home,Matt Ryan,Tom Brady,00-0026143,00-0019596,7,8,-1,1,8,-7,Raymond James Stadium,27.9759,-82.5033,America/New_York,False,True,17,17,Sunday,False,False,0,False,False,0,8,-7,NFC South,Mercedes-Benz Stadium,33.7489,-84.388,America/New_York,NFC South,Raymond James Stadium,27.9759,-82.5033,America/New_York,Kansas City Chiefs,Detroit Lions,GEHA Field at Arrowhead Stadium,Ford Field,Playoffs?,Playoffs?,Playoffs?,Playoffs?,414,0,-414,414,0.0,0.0,America/Chicago,America/Detroit,-1.0,0.0,0.0,0.0,0.0,0,-0.71,1.025,-0.71,1.025,Tampa Bay Buccaneers,1.735,Tampa Bay Buccaneers,1.735,-0.71,1.025,Tampa Bay Buccaneers,1.735,0.0,0,No,No,No,No,No,1,No,0.0,0.0,-3.734,5.957,1.431995,0.8435049999999998,1.431995,0.8435049999999998,2.124645,-0.164145,-1.5124450000000005,5.695945000000001,Atlanta Falcons,0.5884900000000003,Atlanta Falcons,0.5884900000000003,1.431995,0.8435049999999998,Atlanta Falcons,0.5884900000000003,Tie,0.0,Tampa Bay Buccaneers,9.691,-1.867,2.9785,Tampa Bay Buccaneers,4.8455,Atlanta Falcons,2.28879,Tampa Bay Buccaneers,7.208390000000001,0.3060999999999999,2.7659,Tampa Bay Buccaneers,2.4598000000000004,Different,Different,Same,Different,Different,Same,False,Away Team,Home Team,51.0,-323.0,276.0,Tampa Bay Buccaneers,Atlanta Falcons,-7.5,7.5,117,-142,-319,249,2.28879,-2.28879,-7.208390000000001,7.208390000000001,0.266,0.7636,0.5868,0.4608,0.2865,0.7613,0.2583,0.7417,0.5601,0.4399,0.2734,0.7266,0.2583,0.7417,-0.2417,0.2417,65.0,4.0,141,4.0,65.0,0.0,nfl_read_py Fallback,False,a,d,-8.02,-9.0,13.94,194.45,Med-High,-17.0,3.0,48.83,49.0,13.283882966562672,32.0,66.0,0.7218,0.2778,0.0644,0.07,0.5412,0.4588,0.4122,0.5666,18,2021-01-03,ATL @ TB,0.6575,0.3424,-192,192,,,,,,,,No Bet,,No Bet,,No Bet,,No Bet,,No Bet,,No Bet,,No Bet,,No Bet,,No Bet,,,,,,,,,,,,,,,,,,,,,,,,,,,,,18,0.0,0.0,Tampa Bay Buccaneers,Atlanta Falcons,0,0,0,0,0,0,0,0,0,0,0,0,1,0.0,0.0,,,20.14343048926264,0.0,0.9751412928147872,0.0,0.0078698485124385,0.0,0.0409472003135455,0.0,0.1175785461577882,0.0,0.0,0.0020327818707628,0.0058370666416757,0.0058370666416757,0.1585257464713337,0.0,0.0,0.000199947275849,6.0,0.0,0.2583,0.7417,0.4263,0.5737,0.32,0.68,Tampa Bay Buccaneers,Tampa Bay Buccaneers,Tampa Bay Buccaneers,Tampa Bay Buccaneers,Tampa Bay Buccaneers,Same,Same,Same,False,False,0.0,0.0078698485124385,0.0,0.0078698485124385,0.0,0.0078698485124385,,,0.0,0.39807179853534586,0.0,1.2856506546979591,0.0,0.6207162717253769,0.0,0.5212127076023718,0.0,0.6712931638124513
2020_17_NO_CAR,2020,18,2021-01-03,16:25,New Orleans Saints,Carolina Panthers,Home,Drew Brees,Teddy Bridgewater,00-0020531,00-0031237,9,7,2,-2,-1,1,Bank of America Stadium,35.2258,-80.8528,America/New_York,False,False,17,17,Sunday,False,False,0,False,False,0,-1,1,NFC South,Caesars Superdome,29.9507,-90.0813,America/Chicago,NFC South,Bank of America Stadium,35.2258,-80.8528,America/New_York,Minnesota Vikings,Washington Commanders,Caesars Superdome,FedExField,Playoffs?,Playoffs?,Playoffs?,Playoffs?,648,0,-648,648,-1.0,0.0,America/Chicago,America/New_York,-1.0,0.0,-1.0,0.0,-1.0,0,-6.145,-5.25,-6.145,-5.25,Carolina Panthers,0.8949999999999996,Carolina Panthers,0.8949999999999996,-6.145,-5.25,Carolina Panthers,0.8949999999999996,0.0,0,No,No,No,No,No,1,No,0.0,0.0,5.562,-1.884,-4.393615,-6.854885,-4.393615,-6.854885,1.742435,-1.595935,7.229975,-3.405475,New Orleans Saints,2.4612700000000007,New Orleans Saints,2.4612700000000007,-4.393615,-6.854885,New Orleans Saints,2.4612700000000007,Tie,0.0,New Orleans Saints,7.446,2.781,-0.942,New Orleans Saints,3.723,New Orleans Saints,3.3383700000000003,New Orleans Saints,10.63545,4.486205,-2.500705,New Orleans Saints,6.98691,Different,Different,Same,Same,Different,Same,False,Away Team,Away Team,47.0,219.0,-250.0,New Orleans Saints,Carolina Panthers,6.0,-6.0,156,-191,389,-538,3.3383700000000003,-3.3383700000000003,10.63545,-10.63545,0.7143,0.3135,0.6564,0.3906,0.8433,0.2045,0.695,0.305,0.6269,0.3731,0.8048,0.1952,0.695,0.305,0.195,-0.195,57.0,2.0,142,2.0,57.0,0.0,nfl_read_py Fallback,False,e,r,9.21,10.0,13.77,189.63,Med-High,1.0,19.0,46.99,46.0,13.07556889547786,30.0,64.0,0.2486,0.7512,0.0668,0.079,0.3536,0.6218,0.457,0.5022,18,2021-01-03,NO @ CAR,0.2805,0.7195,257,-257,,,,,,,,No Bet,,No Bet,,No Bet,,No Bet,,No Bet,,No Bet,,No Bet,,No Bet,,No Bet,,,,,,,,,,,,,,,,,,,,,,,,,,,,,18,0.0,0.0,New Orleans Saints,Carolina Panthers,0,0,0,0,0,0,0,0,0,0,0,0,1,0.0,0.0,,,20.14343048926264,0.9844260474217282,0.0011092048993247,0.0079198842983339,0.0011092048993247,0.0486577598481803,0.0155285182925883,0.1108758789983126,0.0068146734953085,0.0024155647109918,0.0055043195873421,0.0007708974050306,0.000338307494294,0.0058426270816361,0.0223431917878969,0.159533638846493,0.0001767571004878,0.0011092048993247,6.0,0.0,0.695,0.305,0.7383,0.2617,0.78,0.22,New Orleans Saints,New Orleans Saints,New Orleans Saints,New Orleans Saints,New Orleans Saints,Same,Same,Same,False,False,0.0079198842983339,0.0011092048993247,0.0079198842983339,0.0011092048993247,0.0079198842983339,0.0011092048993247,,,0.4709656974156559,1.086365238250551,0.8541591629986326,1.4694633976506486,0.4435297237887668,1.868335965664142,0.4664046873191013,1.4335363166157946,0.5501967105258654,1.4372250138571239
2020_17_GB_CHI,2020,18,2021-01-03,16:25,Green Bay Packers,Chicago Bears,Home,Aaron Rodgers,Mitch Trubisky,00-0023459,00-0033869,7,7,0,0,-7,6,Soldier Field,41.8623,-87.6167,America/Chicago,False,False,17,17,Sunday,False,False,0,False,False,0,-7,6,NFC North,Lambeau Field,44.5013,-88.0622,America/Chicago,NFC North,Soldier Field,41.8623,-87.6167,America/Chicago,Tennessee Titans,Jacksonville Jaguars,Lambeau Field,TIAA Bank Field,Playoffs?,Playoffs?,Playoffs?,Playoffs?,184,0,-184,184,0.0,0.0,America/Chicago,America/New_York,0.0,1.0,0.0,0.0,0.0,0,3.535,-1.575,3.535,-1.575,Green Bay Packers,5.11,Green Bay Packers,5.11,3.535,-1.575,Green Bay Packers,5.11,0.0,0,No,No,No,No,No,1,No,0.0,0.0,4.584,-2.085,2.62245,-1.49845,2.62245,-1.49845,-0.86145,0.02545,3.65586,-1.99286,Green Bay Packers,4.120900000000001,Green Bay Packers,4.120900000000001,2.62245,-1.49845,Green Bay Packers,4.120900000000001,Tie,0.0,Green Bay Packers,6.669,2.292,-1.0425,Green Bay Packers,3.3345,Chicago Bears,0.8869,Green Bay Packers,5.64872,1.3972049999999998,-0.983705,Green Bay Packers,2.38091,Different,Same,Different,Same,Different,Same,False,Home Team,Away Team,48.5,184.0,-207.0,Green Bay Packers,Chicago Bears,4.5,-4.5,-122,101,195,-244,-0.8869,0.8869,5.64872,-5.64872,0.6743,0.3521,0.4975,0.5495,0.7093,0.339,0.6569,0.3431,0.4752,0.5248,0.6766,0.3234,0.6569,0.3431,0.1569,-0.1569,32.0,7.0,143,7.0,32.0,0.0,nfl_read_py Fallback,False,o,l,8.09,9.0,13.72,188.23,Med-High,-2.0,17.0,44.76,44.0,12.933745024240675,29.0,61.0,0.271,0.7282,0.072,0.0714,0.3666,0.6334,0.3742,0.6258,18,2021-01-03,GB @ CHI,0.3656,0.6342,174,-173,,,,,,,,No Bet,,No Bet,,No Bet,,No Bet,,No Bet,,No Bet,,No Bet,,No Bet,,No Bet,,,,,,,,,,,,,,,,,,,,,,,,,,,,,18,0.0,0.0,Green Bay Packers,Chicago Bears,0,0,0,0,0,0,0,0,0,0,0,0,1,0.0,0.0,,,20.14343048926264,0.5433164806789307,0.0,0.0044242014424235,0.0,0.0305765896789246,0.0,0.0585420045470288,0.0,0.0015179435148955,0.002906257927528,0.0,0.0,0.002906257927528,0.0,0.0891185942259534,0.0001510983923425,0.0,6.0,0.0,0.6569,0.3431,0.462,0.533,0.38,0.6,Green Bay Packers,Chicago Bears,Chicago Bears,Green Bay Packers,Green Bay Packers,Same,Different,Different,False,False,0.0044242014424235,0.0,0.0044242014424235,0.0,0.0044242014424235,0.0,,,0.5315346763680321,0.0,1.2104703861617392,0.0,0.7405543212999002,0.0,0.5107921384871982,0.0,0.7211237377532552,0.0
2020_17_LV_DEN,2020,18,2021-01-03,16:25,Las Vegas Raiders,Denver Broncos,Home,Derek Carr,Drew Lock,00-0031280,00-0035704,8,7,1,-1,4,-8,Empower Field at Mile High,39.7648,-105.0076,America/Denver,False,False,17,17,Sunday,False,False,0,False,False,0,4,-8,AFC West,Allegiant Stadium,36.108,-115.1578,America/Los_Angeles,AFC West,Empower Field at Mile High,39.7648,-105.0076,America/Denver,Miami Dolphins,Los Angeles Chargers,Allegiant Stadium,SoFi Stadium,Playoffs?,Playoffs?,Playoffs?,Playoffs?,607,0,-607,607,-1.0,0.0,America/Los_Angeles,America/Los_Angeles,-1.0,-1.0,-1.0,0.0,-1.0,0,-2.35,2.05,-2.35,2.05,Denver Broncos,4.4,Denver Broncos,4.4,-2.35,2.05,Denver Broncos,4.4,0.0,0,No,No,No,No,No,1,No,0.0,0.0,-0.946,-1.501,-1.4424449999999998,0.9639449999999996,-1.4424449999999998,0.9639449999999996,0.863555,-1.0420550000000002,-0.0879949999999999,-2.537505,Denver Broncos,2.40639,Denver Broncos,2.40639,-1.4424449999999998,0.9639449999999996,Denver Broncos,2.40639,Tie,0.0,Las Vegas Raiders,0.5549999999999999,-0.473,-0.7505,Las Vegas Raiders,0.2774999999999999,Las Vegas Raiders,1.90561,Las Vegas Raiders,2.44951,0.38778,-1.78978,Las Vegas Raiders,2.17756,Different,Different,Different,Different,Different,Same,False,Away Team,Away Team,50.5,130.0,-144.0,Las Vegas Raiders,Denver Broncos,2.5,-2.5,108,-131,117,-142,1.90561,-1.90561,2.44951,-2.44951,0.5902,0.4348,0.5671,0.4808,0.5868,0.4608,0.5758,0.4242,0.5412,0.4588,0.5601,0.4399,0.5758,0.4242,0.0758,-0.0758,53.0,10.0,144,10.0,53.0,0.0,nfl_read_py Fallback,False,a,c,-1.9,-3.0,13.8,190.52,Med-High,-11.0,8.0,51.03,50.0,13.674799350171597,34.0,69.0,0.5546,0.4446,0.0872,0.0824,0.5912,0.4088,0.4852,0.5148,18,2021-01-03,LV @ DEN,0.4694,0.5304,113,-113,,,,,,,,No Bet,,No Bet,,No Bet,,No Bet,,No Bet,,No Bet,,No Bet,,No Bet,,No Bet,,,,,,,,,,,,,,,,,,,,,,,,,,,,,18,0.0,0.0,Las Vegas Raiders,Denver Broncos,0,0,0,0,0,0,0,0,0,0,0,0,1,0.0,0.0,,,20.14343048926264,0.9955008180286328,0.8699493797379808,0.0083717149805839,0.0199095333028168,0.0715349919375779,0.2309224596315235,0.0971000668497345,0.1701238405274266,0.0035512814947637,0.0048204334858202,0.0114639092757619,0.0084456240270548,0.0132660575128751,0.4010463001589502,0.1686350587873125,0.0005443540337274,0.0131692106067138,6.0,0.0,0.5758,0.4242,0.4558,0.5442,0.42,0.58,Las Vegas Raiders,Denver Broncos,Denver Broncos,Denver Broncos,Las Vegas Raiders,Same,Same,Different,False,False,0.0083717149805839,0.0199095333028168,0.0083717149805839,0.0199095333028168,0.0083717149805839,0.0199095333028168,,,0.6685484074657236,0.8887825282004874,1.0893898015988794,1.2342327590503992,1.0381182292678623,1.2737474601850423,1.067069066449387,0.8328719374855136,0.9483379385441892,1.0390837858387934
2020_17_TEN_HOU,2020,18,2021-01-03,16:25,Tennessee Titans,Houston Texans,Home,Ryan Tannehill,Deshaun Watson,00-0029701,00-0033537,7,7,0,0,6,2,NRG Stadium,29.6847,-95.4093,America/Chicago,False,True,17,17,Sunday,False,False,0,False,False,0,6,2,AFC South,Nissan Stadium,36.1664,-86.7716,America/Chicago,AFC South,NRG Stadium,29.6847,-95.4093,America/Chicago,Green Bay Packers,Cincinnati Bengals,Lambeau Field,NRG Stadium,Playoffs?,Playoffs?,Playoffs?,Playoffs?,671,0,-671,671,0.0,0.0,America/Chicago,America/Chicago,0.0,0.0,0.0,0.0,0.0,0,-4.36,0.035,-4.36,0.035,Houston Texans,4.3950000000000005,Houston Texans,4.3950000000000005,-4.36,0.035,Houston Texans,4.3950000000000005,0.0,0,No,No,No,No,No,1,No,0.0,0.0,-0.583,-4.47,-3.0692550000000005,-0.840245,-3.0692550000000005,-0.840245,1.246795,-0.831295,0.6249250000000001,-5.262425,Houston Texans,2.2290100000000006,Houston Texans,2.2290100000000006,-3.0692550000000005,-0.840245,Houston Texans,2.2290100000000006,Tie,0.0,Tennessee Titans,3.887,-0.2915,-2.235,Tennessee Titans,1.9435,Tennessee Titans,2.07809,Tennessee Titans,5.88735,0.93586,-3.04686,Tennessee Titans,3.98272,Different,Different,Different,Different,Different,Same,False,Away Team,Away Team,55.5,259.0,-301.0,Tennessee Titans,Houston Texans,7.0,-7.0,108,-131,208,-261,2.07809,-2.07809,5.88735,-5.88735,0.7506,0.2786,0.5671,0.4808,0.723,0.3247,0.7293,0.2707,0.5412,0.4588,0.6901,0.3099,0.7293,0.2707,0.2293,-0.2293,,,145,0.0,70.0,0.0,Dome,True,n, ,6.9,7.0,13.96,194.91,Med-High,-3.0,17.0,56.96,57.0,14.676171563536332,38.0,76.0,0.3098,0.689,0.0814,0.091,0.4572,0.4828,0.5234,0.4766,18,2021-01-03,TEN @ HOU,0.3373,0.6624,196,-196,,,,,,,,No Bet,,No Bet,,No Bet,,No Bet,,No Bet,,No Bet,,No Bet,,No Bet,,No Bet,,,,,,,,,,,,,,,,,,,,,,,,,,,,,18,0.0,0.0,Tennessee Titans,Houston Texans,0,0,0,0,0,0,0,0,0,0,0,0,1,0.0,0.0,,,20.14343048926264,0.1450424928632896,0.2187210834163005,0.0013795549790738,0.2187210834163005,0.0075224741321934,3.2131447913844675,0.0202664956948973,1.192648148947999,0.0003734455328352,0.0010061094462385,0.159513286135508,0.0592077972807925,0.0602139067270311,4.405792940332466,0.0277889698270907,0.0002403912506078,0.2187210834163005,6.0,0.0,0.7293,0.2707,0.6594,0.3406,0.74,0.26,Tennessee Titans,Tennessee Titans,Tennessee Titans,Tennessee Titans,Tennessee Titans,Same,Same,Same,False,False,0.0013795549790738,0.2187210834163005,0.0013795549790738,0.2187210834163005,0.0013795549790738,0.2187210834163005,,,0.5537447561570014,1.0035861795092123,1.4023027497156229,0.9213198109336564,1.0508010861391535,1.2610646033137536,0.8090915793829513,1.0908494245519507,0.9191941699932202,1.068227554389765
2020_17_JAX_IND,2020,18,2021-01-03,16:25,Jacksonville Jaguars,Indianapolis Colts,Home,Mike Glennon,Philip Rivers,00-0030520,00-0022942,7,7,0,0,-11,8,Lucas Oil Stadium,39.7601,-86.1638,America/Indiana/Indianapolis,False,False,17,17,Sunday,False,False,0,False,False,0,-11,8,AFC South,TIAA Bank Field,30.3239,-81.6554,America/New_York,AFC South,Lucas Oil Stadium,39.7601,-86.1638,America/Indiana/Indianapolis,Chicago Bears,Pittsburgh Steelers,TIAA Bank Field,Acrisure Stadium,Playoffs?,Playoffs?,Playoffs?,Playoffs?,699,0,-699,699,0.0,0.0,America/New_York,America/New_York,0.0,0.0,0.0,0.0,0.0,0,-1.825,-2.265,-1.825,-2.265,Jacksonville Jaguars,0.4400000000000001,Jacksonville Jaguars,0.4400000000000001,-1.825,-2.265,Jacksonville Jaguars,0.4400000000000001,0.0,0,No,No,No,No,No,1,No,0.0,0.0,-10.251,1.161,-2.45409,-0.7479100000000002,-2.45409,-0.7479100000000002,-0.6246900000000001,1.51269,-10.76157,2.55957,Indianapolis Colts,1.7061799999999998,Indianapolis Colts,1.7061799999999998,-2.45409,-0.7479100000000002,Indianapolis Colts,1.7061799999999998,Tie,0.0,Indianapolis Colts,11.412,-5.1255,0.5805,Indianapolis Colts,5.706,Indianapolis Colts,2.13738,Indianapolis Colts,13.32114,-5.69313,2.03613,Indianapolis Colts,7.72926,Different,Different,Same,Same,Different,Same,False,Home Team,Home Team,48.0,-1350.0,906.0,Indianapolis Colts,Jacksonville Jaguars,-15.5,15.5,-131,108,-819,539,-2.13738,2.13738,-13.32114,13.32114,0.0994,0.931,0.4808,0.5671,0.1565,0.8912,0.0965,0.9035,0.4588,0.5412,0.1494,0.8506,0.0965,0.9035,-0.4035,0.4035,,,146,0.0,70.0,0.0,Dome,True, ,R,-9.2,-10.0,13.43,180.37,Med-High,-18.0,-1.0,46.05,46.0,13.2108173910333,30.0,64.0,0.7584,0.2412,0.0684,0.0728,0.3304,0.6696,0.4166,0.5674,18,2021-01-03,JAX @ IND,0.7634,0.2365,-323,323,,,,,,,,No Bet,,No Bet,,No Bet,,No Bet,,No Bet,,No Bet,,No Bet,,No Bet,,No Bet,,,,,,,,,,,,,,,,,,,,,,,,,,,,,18,0.0,0.0,Indianapolis Colts,Jacksonville Jaguars,0,0,0,0,0,0,0,0,0,0,0,0,1,0.0,0.0,,,20.14343048926264,0.0997285030076769,0.9947140433592092,0.0997285030076769,0.0080238280972526,1.815017810908491,0.0155970463711082,0.1938563572248693,0.1460303771636924,0.090104702467436,0.0096238005402408,0.0007742994113848,0.0072495286858677,0.0168733292261085,0.1616274235348007,2.00887416813336,0.0997285030076769,0.000199947275849,6.0,0.0,0.0965,0.9035,0.2685,0.7315,0.3,0.7,Indianapolis Colts,Indianapolis Colts,Indianapolis Colts,Indianapolis Colts,Indianapolis Colts,Same,Same,Same,False,False,0.0997285030076769,0.0080238280972526,0.0997285030076769,0.0080238280972526,0.0997285030076769,0.0080238280972526,,,1.3803057708312891,0.1770251648349262,1.088503092442957,1.2351194682063253,1.857726112294214,0.4541395771586953,1.3530447573970619,0.5468962465378383,1.4178195214029101,0.5696022029800736
2020_17_LAC_KC,2020,18,2021-01-03,16:25,Los Angeles Chargers,Kansas City Chiefs,Home,Justin Herbert,Chad Henne,00-0036355,00-0026197,7,7,0,0,-8,7,GEHA Field at Arrowhead Stadium,39.0489,-94.4839,America/Chicago,False,False,17,17,Sunday,False,False,0,False,False,0,-8,7,AFC West,SoFi Stadium,33.9535,-118.3395,America/Los_Angeles,AFC West,GEHA Field at Arrowhead Stadium,39.0489,-94.4839,America/Chicago,Denver Broncos,Atlanta Falcons,SoFi Stadium,GEHA Field at Arrowhead Stadium,Playoffs?,Playoffs?,Playoffs?,Playoffs?,1366,0,-1366,1366,-2.0,0.0,America/Los_Angeles,America/Chicago,-2.0,0.0,-2.0,0.0,-2.0,0,0.935,4.395,0.935,4.395,Kansas City Chiefs,3.4599999999999995,Kansas City Chiefs,3.4599999999999995,0.935,4.395,Kansas City Chiefs,3.4599999999999995,-0.3,0,No,No,No,No,No,1,No,0.0,0.0,-0.754,7.793,-0.274375,3.265874999999999,-0.274375,3.265874999999999,-1.243975,-1.094525,-1.912505,6.613005000000001,Kansas City Chiefs,3.540249999999999,Kansas City Chiefs,3.540249999999999,-0.274375,3.265874999999999,Kansas City Chiefs,3.540249999999999,Tie,0.0,Kansas City Chiefs,8.547,-0.377,3.8965,Kansas City Chiefs,4.2735,Kansas City Chiefs,0.14945,Kansas City Chiefs,8.52551,-1.57824,2.7592400000000006,Kansas City Chiefs,4.337480000000001,Different,Same,Same,Same,Different,Same,False,Home Team,Home Team,43.0,244.0,-282.0,Los Angeles Chargers,Kansas City Chiefs,7.0,-7.0,-110,-110,-397,302,-0.14945,0.14945,-8.52551,8.52551,0.7382,0.2907,0.5238,0.5238,0.2488,0.7988,0.7175,0.2825,0.5,0.5,0.2375,0.7625,0.7175,0.2825,0.2175,-0.2175,35.0,6.0,147,6.0,35.0,0.0,nfl_read_py Fallback,False,H, ,-1.83,-3.0,14.44,208.43,High,-12.0,9.0,48.69,48.0,13.634604340687904,32.0,67.0,0.5474,0.4522,0.0764,0.0826,0.6882,0.269,0.6278,0.3314,18,2021-01-03,LAC @ KC,0.5231,0.4768,-110,110,,,,,,,,No Bet,,No Bet,,No Bet,,No Bet,,No Bet,,No Bet,,No Bet,,No Bet,,No Bet,,,,,,,,,,,,,,,,,,,,,,,,,,,,,18,0.0,0.0,Los Angeles Chargers,Kansas City Chiefs,0,0,0,0,0,0,0,0,0,0,0,0,1,0.0,0.0,,,20.14343048926264,0.0,0.3502549081913094,0.0,0.1769615926119989,0.0,2.557610214985168,0.0,1.0070033250638464,0.0,0.0,0.1269699426991092,0.0499916499128896,0.0499916499128896,3.564613540049013,0.0,0.0,0.1755874771831979,6.0,0.0,0.7175,0.2825,0.478,0.522,0.4,0.6,Los Angeles Chargers,Kansas City Chiefs,Kansas City Chiefs,Kansas City Chiefs,Kansas City Chiefs,Same,Same,Same,False,False,0.0,0.1769615926119989,0.0,0.1769615926119989,0.0,0.1769615926119989,,,0.0,1.0083346345601043,0.0,0.8828256677461905,0.0,0.39158909144709014,0.0,0.6887289313464234,0.0,0.7529956417397082
2020_17_ARI_LA,2020,18,2021-01-03,16:25,Arizona Cardinals,Los Angeles Rams,Home,Kyler Murray,John Wolford,00-0035752,00-0034899,8,7,1,-1,0,-7,SoFi Stadium,33.9535,-118.3395,America/Los_Angeles,False,False,17,17,Sunday,False,False,0,False,False,0,0,-7,NFC West,State Farm Stadium,33.5277,-112.262608,America/Denver,NFC West,SoFi Stadium,33.9535,-118.3395,America/Los_Angeles,San Francisco 49ers,Seattle Seahawks,State Farm Stadium,Lumen Field,Playoffs?,Playoffs?,Playoffs?,Playoffs?,350,0,-350,350,1.0,0.0,America/Denver,America/Los_Angeles,1.0,0.0,1.0,0.0,1.0,0,0.075,1.29,0.075,1.29,Los Angeles Rams,1.215,Los Angeles Rams,1.215,0.075,1.29,Los Angeles Rams,1.215,0.0,0,No,No,No,No,No,1,No,0.0,0.0,-0.61,4.374,1.1674399999999998,1.06356,1.1674399999999998,1.06356,1.08029,-0.21429,0.52013,4.10987,Arizona Cardinals,0.1038799999999997,Arizona Cardinals,0.1038799999999997,1.1674399999999998,1.06356,Arizona Cardinals,0.1038799999999997,Tie,0.0,Los Angeles Rams,4.984,-0.305,2.187,Los Angeles Rams,2.492,Arizona Cardinals,1.29458,Los Angeles Rams,3.58974,0.80021,1.94779,Los Angeles Rams,1.14758,Different,Different,Same,Different,Different,Same,False,Away Team,Home Team,42.0,-125.0,113.0,Los Angeles Rams,Arizona Cardinals,-1.0,1.0,105,-128,-191,156,1.29458,-1.29458,-3.58974,3.58974,0.4695,0.5556,0.5614,0.4878,0.3906,0.6564,0.458,0.542,0.5351,0.4649,0.3731,0.6269,0.458,0.542,-0.042,0.042,,,148,0.0,70.0,0.0,Dome,True,u,o,-5.84,-7.0,14.31,204.82,High,-16.0,5.0,45.48,45.0,13.24139451363538,29.0,63.0,0.6676,0.3316,0.075,0.0658,0.6498,0.3324,0.5818,0.3974,18,2021-01-03,ARI @ LA,0.5754,0.4244,-136,136,,,,,,,,No Bet,,No Bet,,No Bet,,No Bet,,No Bet,,No Bet,,No Bet,,No Bet,,No Bet,,,,,,,,,,,,,,,,,,,,,,,,,,,,,18,0.0,0.0,Los Angeles Rams,Arizona Cardinals,0,0,0,0,0,0,0,0,0,0,0,0,1,0.0,0.0,,,20.14343048926264,0.0,0.3765884187316178,0.0,0.0038990382670975,0.0,0.0359713228891804,0.0,0.0425686834190737,0.0,0.0,0.0017857595263306,0.0021132787407668,0.0021132787407668,0.0785400063082541,0.0,0.0,0.000943827755171,6.0,0.0,0.458,0.542,0.4066,0.5934,0.28,0.72,Los Angeles Rams,Los Angeles Rams,Los Angeles Rams,Los Angeles Rams,Los Angeles Rams,Same,Same,Same,False,False,0.0,0.0038990382670975,0.0,0.0038990382670975,0.0,0.0038990382670975,,,0.0,0.7105466781746824,0.0,1.2354839459345053,0.0,0.855845468678828,0.0,0.6274776209539996,0.0,0.8387597376333554
2020_17_SEA_SF,2020,18,2021-01-03,16:25,Seattle Seahawks,San Francisco 49ers,Neutral,Russell Wilson,C.J. Beathard,00-0029263,00-0033936,7,8,-1,1,-1,12,Levi's Stadium,37.4031,-121.9702,America/Los_Angeles,False,False,17,17,Sunday,False,False,0,False,False,0,-1,12,NFC West,Lumen Field,47.5952,-122.3316,America/Los_Angeles,NFC West,Levi's Stadium,37.4031,-121.9702,America/Los_Angeles,Los Angeles Rams,Arizona Cardinals,Lumen Field,State Farm Stadium,Playoffs?,Playoffs?,Playoffs?,Playoffs?,704,0,-704,704,0.0,0.0,America/Los_Angeles,America/Denver,0.0,1.0,0.0,0.0,0.0,0,-0.13,3.325,-0.13,3.325,San Francisco 49ers,3.455,San Francisco 49ers,3.455,-0.13,3.325,San Francisco 49ers,3.455,0.0,0,No,No,No,No,No,1,No,0.0,0.0,1.039,4.201,1.56885,2.04415,1.56885,2.04415,1.6643,-1.2463,2.73492,2.9230799999999992,San Francisco 49ers,0.4753,San Francisco 49ers,0.4753,1.56885,2.04415,San Francisco 49ers,0.4753,Tie,0.0,San Francisco 49ers,3.162,0.5195,2.1005,San Francisco 49ers,1.581,Seattle Seahawks,2.9106,San Francisco 49ers,0.1881599999999994,2.19961,0.8383899999999996,Seattle Seahawks,1.3612200000000003,Different,Same,Different,Same,Different,Same,False,Away Team,Home Team,45.0,266.0,-310.0,Seattle Seahawks,San Francisco 49ers,7.0,-7.0,135,-164,-110,-110,2.9106,-2.9106,-0.1881599999999994,0.1881599999999994,0.7561,0.2732,0.6212,0.4255,0.5238,0.5238,0.7346,0.2654,0.5935,0.4065,0.5,0.5,0.7346,0.2654,0.2346,-0.2346,,,149,8.0,55.0,0.0,Historical Avg,False, ,a,0.18,1.0,14.44,208.43,High,-11.0,11.0,44.17,43.0,13.123707089750042,28.0,61.0,0.4922,0.5072,0.0776,0.0752,0.6284,0.3316,0.4424,0.5386,18,2021-01-03,SEA @ SF,0.416,0.5838,140,-140,,,,,,,,No Bet,,No Bet,,No Bet,,No Bet,,No Bet,,No Bet,,No Bet,,No Bet,,No Bet,,,,,,,,,,,,,,,,,,,,,,,,,,,,,18,0.0,0.0,Seattle Seahawks,San Francisco 49ers,0,0,0,0,0,0,0,0,0,0,0,0,1,0.0,0.0,,,20.14343048926264,0.9004179144422186,0.1677951933450115,0.0072884987951359,0.1677951933450115,0.0389647988930278,2.4829265596541235,0.1078505699578682,0.8970442539235016,0.001934367580229,0.0053541312149068,0.1232623490312454,0.044532844313766,0.0498869755286729,3.379970813577625,0.146815368850896,0.0002065008204653,0.1677951933450115,6.0,0.0,0.7346,0.2654,0.4582,0.5417,0.28,0.72,Seattle Seahawks,San Francisco 49ers,San Francisco 49ers,Seattle Seahawks,Seattle Seahawks,Same,Different,Different,False,False,0.0072884987951359,0.1677951933450115,0.0072884987951359,0.1677951933450115,0.0072884987951359,0.1677951933450115,,,0.5096336941499041,1.0476972415163108,1.219456235484179,1.1041663251651022,1.4024478723666798,0.9094178170862309,1.1011607307619828,0.7987802731729211,1.0185017664940765,0.9689199578889061
2020_17_WAS_PHI,2020,18,2021-01-03,20:20,Washington Commanders,Philadelphia Eagles,Home,Alex Smith,Jalen Hurts,00-0023436,00-0036389,7,7,0,0,12,-4,Lincoln Financial Field,39.9008,-75.1675,America/New_York,False,False,17,17,Sunday,False,False,0,False,False,0,12,-4,NFC East,FedExField,38.9077,-76.8645,America/New_York,NFC East,Lincoln Financial Field,39.9008,-75.1675,America/New_York,Carolina Panthers,Dallas Cowboys,FedExField,AT&T Stadium,Playoffs?,Playoffs?,Playoffs?,Playoffs?,114,0,-114,114,0.0,0.0,America/New_York,America/Chicago,0.0,-1.0,0.0,0.0,0.0,0,1.45,4.905,1.45,4.905,Philadelphia Eagles,3.455,Philadelphia Eagles,3.455,1.45,4.905,Philadelphia Eagles,3.455,0.0,0,No,No,No,No,No,1,No,0.0,0.0,-6.18,-4.678,1.3255149999999998,4.119985000000001,1.3255149999999998,4.119985000000001,-0.1590349999999999,-0.7504649999999999,-6.324015,-5.443485,Philadelphia Eagles,2.794470000000001,Philadelphia Eagles,2.794470000000001,1.3255149999999998,4.119985000000001,Philadelphia Eagles,2.794470000000001,Tie,0.0,Philadelphia Eagles,1.5019999999999998,-3.09,-2.339,Philadelphia Eagles,0.7509999999999999,Washington Commanders,0.59143,Philadelphia Eagles,0.8805300000000003,-3.241525,-3.096975,Philadelphia Eagles,0.1445500000000001,Different,Same,Different,Same,Different,Same,False,Away Team,Home Team,43.5,245.0,-283.0,Washington Commanders,Philadelphia Eagles,6.5,-6.5,-104,-116,-122,101,0.59143,-0.59143,-0.8805300000000003,0.8805300000000003,0.7389,0.2899,0.537,0.5098,0.4975,0.5495,0.7182,0.2818,0.513,0.487,0.4752,0.5248,0.7182,0.2818,0.2182,-0.2182,38.0,10.0,150,10.0,38.0,0.0,nfl_read_py Fallback,False,l,W,9.18,10.0,13.12,172.11,Medium,1.0,18.0,38.93,38.0,12.479927081357134,23.0,55.0,0.2386,0.7612,0.0764,0.0668,0.3884,0.6116,0.3398,0.6602,18,2021-01-03,WAS @ PHI,0.383,0.6169,161,-161,,,,,,,,No Bet,,No Bet,,No Bet,,No Bet,,No Bet,,No Bet,,No Bet,,No Bet,,No Bet,,,,,,,,,,,,,,,,,,,,,,,,,,,,,18,0.0,0.0,Washington Commanders,Philadelphia Eagles,0,0,0,0,0,0,0,0,0,0,0,0,1,0.0,0.0,,,20.14343048926264,0.7507290006294562,0.9853973181122008,0.0060559237511879,0.1871494624209762,0.0343759588989265,2.707493476976176,0.0876111202314019,1.062338710403629,0.0017065593130847,0.0043493644381031,0.1344107439107451,0.0527387185102311,0.0570880829483342,3.7698321873798046,0.1219870791303285,0.0001510983923425,0.1808198201560927,6.0,0.0,0.7182,0.2818,0.5392,0.4608,0.58,0.42,Washington Commanders,Washington Commanders,Washington Commanders,Washington Commanders,Washington Commanders,Same,Same,Same,False,False,0.0060559237511879,0.1871494624209762,0.0060559237511879,0.1871494624209762,0.0060559237511879,0.1871494624209762,,,0.5503844586938726,1.00694647697234,1.4188626565895155,0.904759904059761,1.477396632086763,0.8344690573661449,0.6268073824548216,1.2731336214800864,0.9747571593367768,1.012664565046205
