Game ID,Season,Week_x,Date_x,Time,Away Team,Home Team,Location,Away QB,Home QB,Away QB ID,Home QB ID,Away Team Weekly Rest,Home Team Weekly Rest,Weekly Away Rest Advantage,Weekly Home Rest Advantage,Away Cumulative Rest Advantage,Home Cumulative Rest Advantage,Actual Stadium,Actual Stadium Latitude,Actual Stadium Longitude,Actual Stadium TimeZone,International Game,Back to Back Away Games,Circa Week,NFL Week,Day of Week,Big Splash Active,Big Splash Multi-Pick Week,Big Splash Picks Required,Survivor World Championship Active,Survivor World Championship Multi-Pick Week,Survivor World Championship Picks Required,Away Team Current Week Cumulative Rest Advantage,Home Team Current Week Cumulative Rest Advantage,Away Team Division,Away Stadium,Away Stadium Latitude,Away Stadium Longitude,Away Stadium TimeZone,Home Team Division,Home Stadium,Home Stadium Latitude,Home Stadium Longitude,Home Stadium TimeZone,Away Team Previous Opponent,Home Team Previous Opponent,Away Team Previous Location,Home Team Previous Location,Away Team Next Opponent,Home Team Next Opponent,Away Team Next Location,Home Team Next Location,Away Travel Distance,Home Travel Distance,Away Travel Advantage,Home Travel Advantage,Away Timezone Change,Home Timezone Change,Away Previous Game Actual Stadium TimeZone,Home Previous Game Actual Stadium TimeZone,Away Weekly Timezone Difference,Home Weekly Timezone Difference,Adjusted Away Timezone Change,Adjusted Home Timezone Change,Away Timezone Advantage,Home Timezone Advantage,Away Team Massey-Peabody Preseason Rank,Home Team Massey-Peabody Preseason Rank,Away Team Generic Sports Fan Preseason Rank,Home Team Generic Sports Fan Preseason Rank,Massey-Peabody Preseason Winner,Massey-Peabody Preseason Difference,Generic Sports Fan Preseason Winner,Generic Sports Fan Preseason Difference,Away Team MP + GSF Average Preseason Rank,Home Team MP + GSF Average Preseason Rank,MP + GSF Average Preseason Winner,MP + GSF Average Preseason Difference,Away NonLinear TZ,Home NonLinear TZ,Home Team 3 games in 10 days,Away Team 3 games in 10 days,Home Team 4 games in 17 days,Away Team 4 games in 17 days,Away Team Short Rest,Divisional Matchup?,Home Team Short Rest,Away Team Massey-Peabody Current Rank,Home Team Massey-Peabody Current Rank,Away Team Generic Sports Fan Current Rank,Home Team Generic Sports Fan Current Rank,Away Team Adjusted Massey-Peabody Preseason Rank,Home Team Adjusted Massey-Peabody Preseason Rank,Away Team Adjusted Generic Sports Fan Preseason Rank,Home Team Adjusted Generic Sports Fan Preseason Rank,Away Team Adjusted Massey-Peabody Current Rank,Home Team Adjusted Massey-Peabody Current Rank,Away Team Adjusted Generic Sports Fan Current Rank,Home Team Adjusted Generic Sports Fan Current Rank,Adjusted Massey-Peabody Preseason Winner,Adjusted Massey-Peabody Preseason Difference,Adjusted Generic Sports Fan Preseason Winner,Adjusted Generic Sports Fan Preseason Difference,Away Team Adjusted MP + GSF Average Preseason Rank,Home Team Adjusted MP + GSF Average Preseason Rank,Adjusted MP + GSF Average Preseason Winner,Adjusted MP + GSF Average Preseason Difference,Massey-Peabody Current Winner,Massey-Peabody Current Difference,Generic Sports Fan Current Winner,Generic Sports Fan Current Difference,Away Team MP + GSF Average Current Rank,Home Team MP + GSF Average Current Rank,MP + GSF Average Current Winner,MP + GSF Average Current Difference,Adjusted Massey-Peabody Current Winner,Adjusted Massey-Peabody Current Difference,Adjusted Generic Sports Fan Current Winner,Adjusted Generic Sports Fan Current Difference,Away Team Adjusted MP + GSF Average Current Rank,Home Team Adjusted MP + GSF Average Current Rank,Adjusted MP + GSF Average Current Winner,Adjusted MP + GSF Average Current Difference,Massey-Peabody Bayesian Same Winner Across All Metrics,Generic Sports Fan Bayesian Same Adjusted Winner Across All Metrics,Massey-Peabody Bayesian Same Current and Preseason Adjusted Winner,Generic Sports Fan Bayesian Current and Preseason Adjusted Winner,Massey-Peabody Bayesian Same Current and Adjusted Current Winner,Generic Sports Fan Bayesian Same Current and Adjusted Current Winner,Thursday Night Game,Masey-Peabody Home Team Winner?,Generic Sports Fan Home Team Winner?,Total Line,Home Team Sportsbook Moneyline,Away Team Sportsbook Moneyline,Sportsbook Favorite,Sportsbook Underdog,Home Team Sportsbook Spread,Away Team Sportsbook Spread,Massey-Peabody Home Team Moneyline,Massey-Peabody Away Team Moneyline,Generic Sports Fan Home Team Moneyline,Generic Sports Fan Away Team Moneyline,Massey-Peabody Home Team Spread,Massey-Peabody Away Team Spread,Generic Sports Fan Home Team Spread,Generic Sports Fan Away Team Spread,Away Team Sportsbook Implied Odds to Win,Home Team Sportsbook Implied Odds to Win,Away Team Massey-Peabody Implied Odds to Win,Home Team Massey-Peabody Implied Odds to Win,Away Team Generic Sports Fan Implied Odds to Win,Home Team Generic Sports Fan Implied Odds to Win,Away Team Sportsbook Fair Odds,Home Team Sportsbook Fair Odds,Away Team Massey-Peabody Fair Odds,Home Team Massey-Peabody Fair Odds,Away Team Generic Sports Fan Fair Odds,Home Team Generic Sports Fan Fair Odds,Away Team Fair Odds,Home Team Fair Odds,Away Team Expected Win Advantage,Home Team Expected Win Advantage,temp,wind,Matchup_ID,Wind,Temperature,Precipitation,Sim_Weather_Source,Dome,Away_Starting_QB,Home_Starting_QB,Sim_Spread_Mean,Sim_Spread_Median,Sim_Spread_Std,Sim_Spread_Variance,Sim_Spread_Variance_Label,Sim_Spread_25th,Sim_Spread_75th,Sim_Total_Mean,Sim_Total_Median,Sim_Total_Std,Sim_Total_10th_Floor,Sim_Total_90th_Ceiling,Sim_Home_Win_Pct,Sim_Away_Win_Pct,Sim_Prob_Land_3,Sim_Prob_Land_7,Sim_Home_Cover_Prob,Sim_Away_Cover_Prob,Sim_Prob_Over,Sim_Prob_Under,Week_y,Date_y,Matchup,Consensus Home Win Pct,Consensus Away Win Pct,Consensus Home Team Odds,Consensus Away Team Odds,Market Home Team Implied Odds,Market Away Team Implied Odds,Monte Carlo Home Team Spread,Monte Carlo Away Team Spread,Monte Carlo Total,Consensus Home Team Spread,Consensus Away Team Spread,GSF Spread Bet,GSF Spread Edge,Massey-Peabody Spread Bet,Massey-Peabody Spread Edge,Monte Carlo Spread Bet,Monte Carlo Spread Edge,Consensus Spread Bet,Consensus Spread Edge,GSF Moneyline Bet,GSF Moneyline Edge,Massey-Peabody Moneyline Bet,Massey-Peabody Moneyline Edge,Monte Carlo Moneyline Bet,Monte Carlo Moneyline Edge,Consensus Moneyline Bet,Consensus Moneyline Edge,Monte Carlo Total Bet,Monte Carlo Total Edge,MC ML Unit Wager,MC ML Unit to Win,MC ML Kelly Wager,MC ML Kelly To Win,MC Spread Unit Wager,MC Spread Unit to Win,MC Spread Kelly Wager,MC Spread Kelly To Win,MC Total Unit Wager,MC Total Unit to Win,MC Total Kelly Wager,MC Total Kelly To Win,MC Bet Direction,Home Team Offensive Pressure Allowed Rate,Away Team Offensive Pressure Allowed Rate,Home Team Defensive Pressure Generated Rate,Away Team Defensive Pressure Generated Rate,Home Team Zone Rate,Away Team Zone Rate,Home Team Man Rate,Away Team Man Rate,Home Team Offensive EPA vs Pressure,Away Team Offensive EPA vs Pressure,Home Team Offensive EPA vs Zone,Away Team Offensive EPA vs Zone,Home Team Offensive EPA vs Man,Away Team Offensive EPA vs Man,Week,Away Team Cumulative Win Percentage,Home Team Cumulative Win Percentage,Favorite,Underdog,Away Team Thanksgiving Favorite,Home Team Thanksgiving Favorite,Away Team Thanksgiving Underdog,Home Team Thanksgiving Underdog,Away Team Christmas Favorite,Home Team Christmas Favorite,Away Team Christmas Underdog,Home Team Christmas Underdog,Away Team Pre Thanksgiving,Home Team Pre Thanksgiving,Away Team Pre Christmas,Home Team Pre Christmas,Divisional Matchup Boolean,Away Team Star Rating,Home Team Star Rating,Away Team Public Pick %,Home Team Public Pick %,Total Remaining Entries at Start of Week,Home Team Expected Availability,Away Team Expected Availability,Home Pick %,Away Pick %,Expected Home Team Survivors,Expected Away Team Survivors,Expected Home Team Eliminations,Expected Away Team Eliminations,Home Expected Survival Rate,Home Expected Elimination Percent,Away Expected Survival Rate,Away Expected Elimination Percent,Expected Eliminated Entry Percent From Game,Expected Away Team Picks,Expected Home Team Picks,Home Predicted_Pick_Pct,Away Predicted_Pick_Pct,Avg Survivors,Avg Eliminations,Preseason Away Team Sportsbook Fair Odds,Preseason Home Team Sportsbook Fair Odds,Preseason Consensus Away Win Pct,Preseason Consensus Home Win Pct,Preseason Sim_Away_Win_Pct,Preseason Sim_Home_Win_Pct,Preseason Sportsbook Favorite,Preseason Sim Favorite,Preseason Consensus Favorite,Sim Favorite,Consensus Favorite,Sportsbook Bayesian Same Current and Preseason Adjusted Winner,Sim Bayesian Same Current and Preseason Adjusted Winner,Consensus Bayesian Same Current and Preseason Adjusted Winner,Away_Odds_Imputed,Home_Odds_Imputed,Topdown Home Pick %,Topdown Away Pick %,Predicted Circa Home Pick %,Predicted Circa Away Pick %,Top Down Circa Home Pick %,Top Down Circa Away Pick %,Archetype Circa Home Pick %,Archetype Circa Away Pick %,sportsbook_Home_EV,sportsbook_Away_EV,mp_Home_EV,mp_Away_EV,gsf_Home_EV,gsf_Away_EV,sim_Home_EV,sim_Away_EV,consensus_Home_EV,consensus_Away_EV
2021_12_PIT_CIN,2021,13,2021-11-28,13:00,Pittsburgh Steelers,Cincinnati Bengals,Home,Ben Roethlisberger,Joe Burrow,00-0022924,00-0036442,7,7,0,0,-6,10,Paycor Stadium,39.0955,-84.5165,America/New_York,False,True,12,12,Sunday,False,False,0,False,False,0,-6,10,AFC North,Acrisure Stadium,40.4468,-80.0158,America/New_York,AFC North,Paycor Stadium,39.0955,-84.5165,America/New_York,Los Angeles Chargers,Las Vegas Raiders,SoFi Stadium,Allegiant Stadium,Baltimore Ravens,Los Angeles Chargers,Acrisure Stadium,Paycor Stadium,256,0,-256,256,0.0,0.0,America/Los_Angeles,America/Los_Angeles,-3.0,-3.0,0.0,0.0,0.0,0,-0.565,1.31,-0.565,1.31,Cincinnati Bengals,1.875,Cincinnati Bengals,1.875,-0.565,1.31,Cincinnati Bengals,1.875,0.0,0,No,No,No,No,No,1,No,0.0,0.0,-1.995,0.184,-0.7837350000000001,0.2222350000000001,-0.7837350000000001,0.2222350000000001,-0.237485,-1.0690149999999998,-2.210695,-0.906805,Cincinnati Bengals,1.0059700000000005,Cincinnati Bengals,1.0059700000000005,-0.7837350000000001,0.2222350000000001,Cincinnati Bengals,1.0059700000000005,Tie,0.0,Cincinnati Bengals,2.1790000000000003,-0.9975,0.092,Cincinnati Bengals,1.0895,Pittsburgh Steelers,0.8315299999999998,Cincinnati Bengals,1.30389,-1.22409,-0.9879099999999998,Cincinnati Bengals,0.23618,Different,Same,Different,Same,Different,Same,False,Away Team,Home Team,43.5,-172.0,154.0,Cincinnati Bengals,Pittsburgh Steelers,-3.5,3.5,101,-122,-128,105,0.8315299999999998,-0.8315299999999998,-1.30389,1.30389,0.3937,0.6324,0.5495,0.4975,0.4878,0.5614,0.3837,0.6163,0.5248,0.4752,0.4649,0.5351,0.3837,0.6163,-0.1163,0.1163,43.0,12.0,0,12.0,43.0,0.0,nfl_read_py Fallback,False,A.Rodgers,J.Burrow,-1.28,-3.0,13.63,185.86,Med-High,-11.0,9.0,48.57,48.0,13.022641148265404,32.0,66.0,0.5408,0.4576,0.0848,0.0848,0.4604,0.5396,0.6304,0.3696,13,2021-11-28,Pittsburgh Steelers @ Cincinnati Bengals,0.5418,0.4578,-118,118,0.6323529411764706,0.3937007874015748,-2.14,2.14,48.285,-0.8707866666666667,0.8707866666666667,Pittsburgh Steelers,2.19611,Pittsburgh Steelers,4.33153,Pittsburgh Steelers,1.36,Pittsburgh Steelers,2.6292133333333334,Pittsburgh Steelers,0.0711992125984251,Pittsburgh Steelers,0.1310992125984252,Pittsburgh Steelers,0.0638992125984251,Pittsburgh Steelers,0.0640992125984251,Over,4.784999999999997,100.0,154.0,263.48,405.76,110.0,100.0,82.9,75.36,110.0,100.0,559.6,508.73,Pittsburgh Steelers,,,,,,,,,,,,,,,13,-0.1030833333333333,-0.02165,Cincinnati Bengals,Pittsburgh Steelers,0,0,0,0,0,0,0,0,0,0,0,0,1,1.5,2.5,0.006,0.025,40.0,0.45,0.475,0.037774,0.003408,1.280018378986577,0.0654918021283824,0.7969220379963488,0.1051931135046184,0.0320004594746644,0.0199230509499087,0.0016372950532095,0.0026298278376154,0.0225528787875241,0.1706849156330007,2.076940416982926,,,11.0,29.0,0.3837,0.6163,0.4455,0.5544,0.4318,0.568,Cincinnati Bengals,Cincinnati Bengals,Cincinnati Bengals,Cincinnati Bengals,Cincinnati Bengals,Same,Same,Same,False,False,0.0519235104245731,0.004267122890825,0.037774,0.003408,0.0519235104245731,0.004267122890825,,,1.1871636499210485,0.8152317310420593,1.1515204606529492,1.4719558420603713,1.0594584626045949,1.0243558091003644,1.0090780200538165,0.9438506236144922,1.1029248794919266,1.0425563670713947
2021_12_NYJ_HOU,2021,13,2021-11-28,13:00,New York Jets,Houston Texans,Home,Zach Wilson,Tyrod Taylor,00-0037013,00-0028118,7,7,0,0,7,11,NRG Stadium,29.6847,-95.4093,America/Chicago,False,False,12,12,Sunday,False,False,0,False,False,0,7,11,AFC East,MetLife Stadium,40.8136,-74.0744,America/New_York,AFC South,NRG Stadium,29.6847,-95.4093,America/Chicago,Miami Dolphins,Tennessee Titans,MetLife Stadium,Nissan Stadium,Philadelphia Eagles,Indianapolis Colts,MetLife Stadium,NRG Stadium,1421,0,-1421,1421,1.0,0.0,America/New_York,America/Chicago,1.0,0.0,1.0,0.0,1.0,0,-3.725,0.035,-3.725,0.035,Houston Texans,3.76,Houston Texans,3.76,-3.725,0.035,Houston Texans,3.76,0.0,0,No,No,No,No,No,0,No,0.0,0.0,-9.19,-6.944,-5.699999999999999,0.5690000000000001,-5.699999999999999,0.5690000000000001,-1.975,0.534,-11.165,-6.41,Houston Texans,6.268999999999999,Houston Texans,6.268999999999999,-5.699999999999999,0.5690000000000001,Houston Texans,6.268999999999999,Tie,0.0,Houston Texans,2.246,-4.595,-3.472,Houston Texans,1.1229999999999998,Houston Texans,2.509,Houston Texans,4.755000000000001,-6.57,-2.938,Houston Texans,3.632,Different,Same,Same,Same,Different,Same,False,Home Team,Home Team,44.5,-138.0,125.0,Houston Texans,New York Jets,-3.0,3.0,-142,117,-234,188,-2.509,2.509,-4.755000000000001,4.755000000000001,0.4444,0.5798,0.4608,0.5868,0.3472,0.7006,0.4339,0.5661,0.4399,0.5601,0.3314,0.6686,0.4339,0.5661,-0.0661,0.0661,,,1,0.0,70.0,0.0,Dome,True,T.Taylor,C.Stroud,-4.51,-5.0,13.13,172.49,Medium,-13.0,5.0,47.92,47.0,13.06476996670269,32.0,65.0,0.6382,0.3606,0.0856,0.0824,0.5508,0.399,0.5844,0.4156,13,2021-11-28,New York Jets @ Houston Texans,0.6082,0.3914,-155,155,0.5798319327731093,0.4444444444444444,-4.755,4.755,47.46,-4.006333333333334,4.006333333333334,Houston Texans,1.7550000000000008,New York Jets,0.4910000000000001,Houston Texans,1.755,Houston Texans,1.006333333333334,Houston Texans,0.0887680672268906,No Bet,0.0,Houston Texans,0.0583680672268906,Houston Texans,0.0283680672268906,Over,2.960000000000001,138.0,100.0,347.29,251.66,110.0,100.0,141.7,128.82,110.0,100.0,318.1,289.18,Houston Texans,,,,,,,,,,,,,,,13,-0.2156333333333333,-0.2892833333333333,Houston Texans,New York Jets,0,0,0,0,0,0,0,0,0,0,0,0,0,0.5,0.0,0.005,0.05,40.0,1.0,1.0,0.276815,0.002403,2.16258185442733,0.0395356912322062,1.657559206210949,0.0515813662285134,0.0540645463606832,0.0414389801552737,0.0009883922808051,0.0012895341557128,0.0427285143109865,0.0911170574607197,3.820141060638279,,,11.0,29.0,0.4339,0.5661,0.4116,0.5881,0.3852,0.614,Houston Texans,Houston Texans,Houston Texans,Houston Texans,Houston Texans,Same,Same,Same,False,False,0.0955035265159569,0.0022779264365179,0.276815,0.002403,0.0955035265159569,0.0022779264365179,,,0.8275651061002444,1.1748302748628636,0.9489651886065832,1.6745111141067364,1.0431088112570832,1.0407054604478778,0.942441875758166,1.0104867679101435,0.9397678650074902,1.2057133815558319
2021_12_TB_IND,2021,13,2021-11-28,13:00,Tampa Bay Buccaneers,Indianapolis Colts,Home,Tom Brady,Carson Wentz,00-0019596,00-0032950,6,7,-1,1,-1,-4,Lucas Oil Stadium,39.7601,-86.1638,America/Indiana/Indianapolis,False,False,12,12,Sunday,False,False,0,False,False,0,-1,-4,NFC South,Raymond James Stadium,27.9759,-82.5033,America/New_York,AFC South,Lucas Oil Stadium,39.7601,-86.1638,America/Indiana/Indianapolis,New York Giants,Buffalo Bills,Raymond James Stadium,Highmark Stadium,Atlanta Falcons,Houston Texans,Mercedes-Benz Stadium,NRG Stadium,840,0,-840,840,0.0,0.0,America/New_York,America/New_York,0.0,0.0,0.0,0.0,0.0,0,1.025,-2.265,1.025,-2.265,Tampa Bay Buccaneers,3.29,Tampa Bay Buccaneers,3.29,1.025,-2.265,Tampa Bay Buccaneers,3.29,0.0,0,No,No,No,No,Yes,0,No,0.0,0.0,5.429,2.757,-0.092,-3.802,-0.092,-3.802,-1.117,-1.537,4.312,1.2200000000000002,Tampa Bay Buccaneers,3.71,Tampa Bay Buccaneers,3.71,-0.092,-3.802,Tampa Bay Buccaneers,3.71,Tie,0.0,Tampa Bay Buccaneers,2.672,2.7145,1.3785,Tampa Bay Buccaneers,1.336,Tampa Bay Buccaneers,0.4199999999999999,Tampa Bay Buccaneers,3.092,1.5975,-0.1584999999999998,Tampa Bay Buccaneers,1.756,Different,Same,Same,Same,Different,Same,False,Away Team,Away Team,53.0,135.0,-149.0,Tampa Bay Buccaneers,Indianapolis Colts,3.0,-3.0,-104,-116,135,-164,0.4199999999999999,-0.4199999999999999,3.092,-3.092,0.5984,0.4255,0.537,0.5098,0.6212,0.4255,0.5844,0.4156,0.513,0.487,0.5935,0.4065,0.5844,0.4156,0.0844,-0.0844,,,2,0.0,70.0,0.0,Dome,True,B.Mayfield,D.Jones,0.61,1.0,14.04,197.13,High,-9.0,10.0,49.78,49.0,13.866443682937684,33.0,68.0,0.4786,0.5196,0.091,0.0906,0.5176,0.4366,0.3772,0.5938,13,2021-11-28,Tampa Bay Buccaneers @ Indianapolis Colts,0.4469,0.5526,124,-124,0.425531914893617,0.5983935742971888,0.8049999999999999,-0.8049999999999999,49.39,1.439,-1.439,Tampa Bay Buccaneers,0.092,Indianapolis Colts,2.58,Indianapolis Colts,2.1950000000000003,Indianapolis Colts,1.561,No Bet,0.0,Indianapolis Colts,0.0614680851063829,Indianapolis Colts,0.053068085106383,Indianapolis Colts,0.0213680851063829,Under,3.61,100.0,135.0,230.94,311.78,110.0,100.0,0.0,0.0,110.0,100.0,367.45,334.05,Indianapolis Colts,,,,,,,,,,,,,,,13,0.2853166666666666,0.16638,Tampa Bay Buccaneers,Indianapolis Colts,0,0,0,0,0,0,0,1,0,0,0,1,0,5.0,4.0,0.024,0.0,40.0,0.075,0.25,0.001439,0.012335,0.0017605360755865,0.604800810101328,0.0024755950013782,0.4301081736449553,4.401340188966458e-05,6.188987503445617e-05,0.0151200202525332,0.0107527043411238,0.0108145942161583,1.0349089837462837,0.0042361310769648,,,11.0,29.0,0.5844,0.4156,0.5982,0.4015,0.5326,0.4662,Tampa Bay Buccaneers,Tampa Bay Buccaneers,Tampa Bay Buccaneers,Tampa Bay Buccaneers,Tampa Bay Buccaneers,Same,Same,Same,False,False,0.0001059032769241,0.025872724593657,0.001439,0.012335,0.0001059032769241,0.025872724593657,,,0.847322542086635,1.1550728388764717,1.3095509720485692,1.3139253306647536,0.8645847674511172,1.2192295042538444,0.9498206960538838,1.003107947614427,0.9779349554048825,1.1675462911584398
2021_12_ATL_JAX,2021,13,2021-11-28,13:00,Atlanta Falcons,Jacksonville Jaguars,Home,Matt Ryan,Trevor Lawrence,00-0026143,00-0036971,10,7,3,-3,4,6,TIAA Bank Field,30.3239,-81.6554,America/New_York,False,False,12,12,Sunday,False,False,0,False,False,0,4,6,NFC South,Mercedes-Benz Stadium,33.7489,-84.388,America/New_York,AFC South,TIAA Bank Field,30.3239,-81.6554,America/New_York,New England Patriots,San Francisco 49ers,Mercedes-Benz Stadium,TIAA Bank Field,Tampa Bay Buccaneers,Los Angeles Rams,Mercedes-Benz Stadium,SoFi Stadium,285,0,-285,285,0.0,0.0,America/New_York,America/New_York,0.0,0.0,0.0,0.0,0.0,0,-0.71,-1.825,-0.71,-1.825,Atlanta Falcons,1.115,Atlanta Falcons,1.115,-0.71,-1.825,Atlanta Falcons,1.115,0.0,0,No,No,No,No,No,0,No,0.0,0.0,-8.837,-9.707,1.1295000000000002,-1.396,1.1295000000000002,-1.396,1.8395,0.429,-6.9975000000000005,-9.278,Atlanta Falcons,2.5255,Atlanta Falcons,2.5255,1.1295000000000002,-1.396,Atlanta Falcons,2.5255,Tie,0.0,Atlanta Falcons,0.870000000000001,-4.4185,-4.8535,Atlanta Falcons,0.4350000000000005,Atlanta Falcons,1.4105,Atlanta Falcons,2.2805,-2.579,-4.4245,Atlanta Falcons,1.8455,Different,Same,Same,Same,Different,Same,False,Away Team,Away Team,46.0,105.0,-115.0,Atlanta Falcons,Jacksonville Jaguars,1.5,-1.5,105,-128,117,-142,1.4105,-1.4105,2.2805,-2.2805,0.5349,0.4878,0.5614,0.4878,0.5868,0.4608,0.523,0.477,0.5351,0.4649,0.5601,0.4399,0.523,0.477,0.023,-0.023,61.0,4.0,3,4.0,61.0,0.0,nfl_read_py Fallback,False,K.Cousins,T.Lawrence,7.73,8.0,13.51,182.45,Med-High,-2.0,17.0,49.92,50.0,13.522301820670394,33.0,67.0,0.28,0.7188,0.0772,0.0822,0.3044,0.6956,0.5906,0.3794,13,2021-11-28,Atlanta Falcons @ Jacksonville Jaguars,0.4154,0.5843,141,-141,0.4878048780487805,0.5348837209302325,7.865,-7.865,49.96,3.852,-3.852,Atlanta Falcons,0.7805,Jacksonville Jaguars,0.0894999999999999,Atlanta Falcons,6.365,Atlanta Falcons,2.3520000000000003,Atlanta Falcons,0.0252162790697675,Atlanta Falcons,0.0002162790697675,Atlanta Falcons,0.1839162790697674,Atlanta Falcons,0.0494162790697675,Over,3.960000000000001,115.0,100.0,988.55,859.61,110.0,100.0,901.9,819.91,110.0,100.0,350.65,318.77,Atlanta Falcons,,,,,,,,,,,,,,,13,-0.1492833333333333,-0.2048333333333333,Atlanta Falcons,Jacksonville Jaguars,0,0,0,0,0,0,0,0,0,0,0,0,0,1.0,0.5,0.03,0.002,40.0,1.0,1.0,0.002697,0.051566,0.0185388110952749,0.8340555303070324,0.020326620970291,0.7606969176987657,0.0004634702773818,0.0005081655242572,0.0208513882576758,0.0190174229424691,0.0195255884667264,1.5947524480057982,0.038865432065566,,,11.0,29.0,0.523,0.477,0.599,0.4006,0.5616,0.4372,Atlanta Falcons,Atlanta Falcons,Atlanta Falcons,Atlanta Falcons,Atlanta Falcons,Same,Same,Same,False,False,0.0009716358016391,0.0398688112001449,0.002697,0.051566,0.0009716358016391,0.0398688112001449,,,1.0225948154206261,0.9798005655424814,1.3547286511172767,1.2687476515960459,0.9946179680831534,1.089196303621809,0.605403393307885,1.347525250360425,0.9744087756118454,1.1710724709514768
2021_12_CAR_MIA,2021,13,2021-11-28,13:00,Carolina Panthers,Miami Dolphins,Home,Cam Newton,Tua Tagovailoa,00-0027939,00-0036212,7,7,0,0,4,-10,Hard Rock Stadium,25.9602,-80.2384,America/New_York,False,False,12,12,Sunday,False,False,0,False,False,0,4,-10,NFC South,Bank of America Stadium,35.2258,-80.8528,America/New_York,AFC East,Hard Rock Stadium,25.9602,-80.2384,America/New_York,Washington Commanders,New York Jets,Bank of America Stadium,MetLife Stadium,Atlanta Falcons,New York Giants,Bank of America Stadium,Hard Rock Stadium,641,0,-641,641,0.0,0.0,America/New_York,America/New_York,0.0,0.0,0.0,0.0,0.0,0,-5.25,0.66,-5.25,0.66,Miami Dolphins,5.91,Miami Dolphins,5.91,-5.25,0.66,Miami Dolphins,5.91,0.0,0,No,No,No,No,No,0,No,0.0,0.0,0.31,-2.985,-3.297,1.3095,-3.297,1.3095,1.953,0.6495,2.263,-2.3355,Miami Dolphins,4.6065,Miami Dolphins,4.6065,-3.297,1.3095,Miami Dolphins,4.6065,Tie,0.0,Carolina Panthers,3.295,0.155,-1.4925,Carolina Panthers,1.6475,Carolina Panthers,1.3035,Carolina Panthers,4.5985,2.108,-0.8429999999999999,Carolina Panthers,2.951,Different,Different,Different,Different,Different,Same,False,Away Team,Away Team,41.0,108.0,-119.0,Carolina Panthers,Miami Dolphins,1.0,-1.0,105,-128,181,-224,1.3035,-1.3035,4.5985,-4.5985,0.5434,0.4808,0.5614,0.4878,0.6914,0.3559,0.5306,0.4694,0.5351,0.4649,0.6602,0.3398,0.5306,0.4694,0.0306,-0.0306,74.0,4.0,4,4.0,74.0,0.0,nfl_read_py Fallback,False,B.Young,T.Tagovailoa,-5.28,-7.0,12.96,167.9,Med-Low,-14.0,4.0,40.24,40.0,12.442025918707628,25.0,57.0,0.6668,0.3322,0.0848,0.0924,0.6678,0.3146,0.4452,0.5302,13,2021-11-28,Carolina Panthers @ Miami Dolphins,0.4852,0.5145,106,-106,0.4807692307692308,0.54337899543379,-6.140000000000001,6.140000000000001,40.120000000000005,-0.0793333333333337,0.0793333333333337,Carolina Panthers,3.5985,Carolina Panthers,0.3034999999999999,Miami Dolphins,7.140000000000001,Miami Dolphins,1.0793333333333337,Carolina Panthers,0.11682100456621,No Bet,0.0,Miami Dolphins,0.1860307692307691,Miami Dolphins,0.0044307692307692,Under,0.8799999999999955,100.0,108.0,895.7,967.36,110.0,100.0,755.95,687.23,110.0,100.0,33.55,30.5,Miami Dolphins,,,,,,,,,,,,,,,13,-0.2219199999999999,0.0643199999999999,Carolina Panthers,Miami Dolphins,0,0,0,0,0,0,0,0,0,0,0,0,0,0.5,3.0,0.023,0.004,40.0,0.875,0.65,0.00355,0.017468,0.0076656951649161,0.7152782055576898,0.0086651424254463,0.6327772138876359,0.0001916423791229,0.0002166285606361,0.0178819551389422,0.0158194303471908,0.016036058907827,1.3480554194453256,0.0163308375903624,,,11.0,29.0,0.5306,0.4694,0.4858,0.514,0.4124,0.5864,Carolina Panthers,Miami Dolphins,Miami Dolphins,Miami Dolphins,Carolina Panthers,Same,Same,Different,False,False,0.000408270939759,0.0337013854861331,0.00355,0.017468,0.000408270939759,0.0337013854861331,,,0.9596108567177065,1.0427845242454008,1.2603263246815228,1.3631499780317993,0.7291501570534937,1.354664114651467,1.3189777432370837,0.6339509004312259,1.0654945243628773,1.0799867222004453
2021_12_TEN_NE,2021,13,2021-11-28,13:00,Tennessee Titans,New England Patriots,Home,Ryan Tannehill,Mac Jones,00-0029701,00-0036972,7,10,-3,3,-14,-11,Gillette Stadium,42.0628,-71.2687,America/New_York,False,False,12,12,Sunday,False,False,0,False,False,0,-14,-11,AFC South,Nissan Stadium,36.1664,-86.7716,America/Chicago,AFC East,Gillette Stadium,42.0628,-71.2687,America/New_York,Houston Texans,Atlanta Falcons,Nissan Stadium,Mercedes-Benz Stadium,Jacksonville Jaguars,Buffalo Bills,Nissan Stadium,Highmark Stadium,923,0,-923,923,-1.0,0.0,America/Chicago,America/New_York,-1.0,0.0,-1.0,0.0,-1.0,0,-4.36,-1.995,-4.36,-1.995,New England Patriots,2.365,New England Patriots,2.365,-4.36,-1.995,New England Patriots,2.365,0.0,0,No,No,No,No,No,0,No,0.0,0.0,1.457,3.922,-4.351000000000001,-3.3905000000000003,-4.351000000000001,-3.3905000000000003,0.0089999999999998,-1.3955000000000002,1.4659999999999995,2.5265000000000004,New England Patriots,0.9605000000000006,New England Patriots,0.9605000000000006,-4.351000000000001,-3.3905000000000003,New England Patriots,0.9605000000000006,Tie,0.0,New England Patriots,2.465,0.7285,1.961,New England Patriots,1.2325,Tennessee Titans,1.4045,New England Patriots,1.0605000000000009,0.7374999999999998,0.5655000000000001,Tennessee Titans,0.1719999999999997,Different,Same,Different,Same,Different,Same,False,Away Team,Home Team,43.0,-305.0,262.0,New England Patriots,Tennessee Titans,-7.5,7.5,105,-128,-122,101,1.4045,-1.4045,-1.0605000000000009,1.0605000000000009,0.2762,0.7531,0.5614,0.4878,0.4975,0.5495,0.2684,0.7316,0.5351,0.4649,0.4752,0.5248,0.2684,0.7316,-0.2316,0.2316,33.0,6.0,5,6.0,33.0,0.0,nfl_read_py Fallback,False,C.Ward,D.Maye,-3.4,-4.0,14.43,208.1,High,-14.0,7.0,44.2,43.0,13.041001460923956,28.0,61.0,0.592,0.407,0.0802,0.0894,0.4024,0.5976,0.4994,0.4526,13,2021-11-28,Tennessee Titans @ New England Patriots,0.5783,0.4214,-137,137,0.7530864197530864,0.2762430939226519,-3.7,3.7,43.6,-1.118666666666667,1.118666666666667,Tennessee Titans,6.439499999999999,Tennessee Titans,8.9045,Tennessee Titans,3.8,Tennessee Titans,6.381333333333333,Tennessee Titans,0.198956906077348,Tennessee Titans,0.258856906077348,Tennessee Titans,0.130756906077348,Tennessee Titans,0.145156906077348,Over,0.6000000000000014,100.0,262.0,451.66,1183.35,110.0,100.0,387.4,352.18,110.0,100.0,0.0,0.0,Tennessee Titans,,,,,,,,,,,,,,,13,0.10912,0.09916,New England Patriots,Tennessee Titans,0,0,0,0,0,0,1,0,0,0,1,0,0,3.5,3.5,0.006,0.114,40.0,0.35,1.0,0.112963,0.002278,6.011413905912501,0.0178744021619063,2.205390230107866,0.0487217310791753,0.1502853476478125,0.0551347557526966,0.0004468600540476,0.0012180432769793,0.056352799029676,0.0665961332410817,8.216804136020366,,,11.0,29.0,0.2684,0.7316,0.4026,0.5971,0.3042,0.6946,New England Patriots,New England Patriots,New England Patriots,New England Patriots,New England Patriots,Same,Same,Same,False,False,0.2054201034005091,0.001664903331027,0.112963,0.002278,0.2054201034005091,0.001664903331027,,,1.3309085004399703,0.6714868805231372,0.9663164132202962,1.6571598894930257,0.9322406425139026,1.1515736291910592,1.0148742709492675,0.9380543727190434,1.065191615710973,1.080289630852349
2021_12_PHI_NYG,2021,13,2021-11-28,13:00,Philadelphia Eagles,New York Giants,Home,Jalen Hurts,Daniel Jones,00-0036389,00-0035710,7,6,1,-1,3,-2,MetLife Stadium,40.8136,-74.0744,America/New_York,False,False,12,12,Sunday,False,False,0,False,False,0,3,-2,NFC East,Lincoln Financial Field,39.9008,-75.1675,America/New_York,NFC East,MetLife Stadium,40.8136,-74.0744,America/New_York,New Orleans Saints,Tampa Bay Buccaneers,Lincoln Financial Field,Raymond James Stadium,New York Jets,Miami Dolphins,MetLife Stadium,Hard Rock Stadium,85,0,-85,85,0.0,0.0,America/New_York,America/New_York,0.0,0.0,0.0,0.0,0.0,0,4.905,-2.84,4.905,-2.84,Philadelphia Eagles,7.745,Philadelphia Eagles,7.745,4.905,-2.84,Philadelphia Eagles,7.745,0.0,0,No,No,No,No,No,1,Yes,0.0,0.0,-1.988,-4.564,5.1325400000000005,-2.7035400000000003,5.1325400000000005,-2.7035400000000003,0.30499,0.0590099999999999,-1.70877,-4.47923,Philadelphia Eagles,7.836080000000001,Philadelphia Eagles,7.836080000000001,5.1325400000000005,-2.7035400000000003,Philadelphia Eagles,7.836080000000001,Tie,0.0,Philadelphia Eagles,2.576,-0.994,-2.282,Philadelphia Eagles,1.288,Philadelphia Eagles,0.24598,Philadelphia Eagles,2.7704600000000004,-0.7018899999999999,-2.21011,Philadelphia Eagles,1.5082200000000003,Different,Same,Same,Same,Different,Same,False,Away Team,Away Team,45.5,171.0,-192.0,Philadelphia Eagles,New York Giants,4.0,-4.0,-110,-110,135,-164,0.24598,-0.24598,2.7704600000000004,-2.7704600000000004,0.6575,0.369,0.5238,0.5238,0.6212,0.4255,0.6405,0.3595,0.5,0.5,0.5935,0.4065,0.6405,0.3595,0.1405,-0.1405,39.0,4.0,6,4.0,39.0,0.0,nfl_read_py Fallback,False,J.Hurts,J.Dart,6.38,7.0,13.18,173.82,Medium,-3.0,16.0,42.49,42.0,12.43184644858616,27.0,59.0,0.3138,0.6848,0.0786,0.0812,0.3822,0.5916,0.3912,0.6088,13,2021-11-28,Philadelphia Eagles @ New York Giants,0.395,0.6047,153,-153,0.3690036900369003,0.6575342465753424,6.69,-6.69,42.245000000000005,3.2354800000000004,-3.2354800000000004,New York Giants,1.2295399999999996,New York Giants,3.75402,Philadelphia Eagles,2.6899999999999995,New York Giants,0.7645199999999996,New York Giants,0.0374963099630996,New York Giants,0.1309963099630996,Philadelphia Eagles,0.0272657534246575,New York Giants,0.0259963099630996,Under,3.2549999999999955,192.0,100.0,199.04,103.67,110.0,100.0,355.9,323.55,110.0,100.0,446.2,405.64,Philadelphia Eagles,,,,,,,,,,,,,,,13,0.1453399999999999,-0.25495,Philadelphia Eagles,New York Giants,0,0,0,0,0,0,0,0,0,0,0,0,1,4.0,0.5,0.156,0.003,40.0,1.0,0.975,0.002259,0.283012,0.0121159375870648,6.389829034051909,0.0215862531975383,3.5864848364428745,0.0003028984396766,0.0005396563299384,0.1597457258512977,0.0896621209110718,0.0902017772410103,9.976313870494783,0.0337021907846032,,,11.0,29.0,0.6405,0.3595,0.512,0.4878,0.4428,0.5566,Philadelphia Eagles,New York Giants,Philadelphia Eagles,Philadelphia Eagles,Philadelphia Eagles,Same,Different,Same,False,False,0.000842554769615,0.2494078467623695,0.002259,0.283012,0.000842554769615,0.2494078467623695,,,1.0410328186165478,0.9613625623465597,1.805869844117062,0.8176064585962598,1.194969108481609,0.8888451632233518,0.9225801141438964,1.0303485295244146,1.2180071371815897,0.927474109381733
2021_12_LAC_DEN,2021,13,2021-11-28,16:05,Los Angeles Chargers,Denver Broncos,Home,Justin Herbert,Teddy Bridgewater,00-0036355,00-0031237,7,14,-7,7,-3,10,Empower Field at Mile High,39.7648,-105.0076,America/Denver,False,False,12,12,Sunday,False,False,0,False,False,0,-3,10,AFC West,SoFi Stadium,33.9535,-118.3395,America/Los_Angeles,AFC West,Empower Field at Mile High,39.7648,-105.0076,America/Denver,Pittsburgh Steelers,Philadelphia Eagles,SoFi Stadium,Empower Field at Mile High,Cincinnati Bengals,Kansas City Chiefs,Paycor Stadium,GEHA Field at Arrowhead Stadium,837,0,-837,837,-1.0,0.0,America/Los_Angeles,America/Denver,-1.0,0.0,-1.0,0.0,-1.0,0,0.935,2.05,0.935,2.05,Denver Broncos,1.1149999999999998,Denver Broncos,1.1149999999999998,0.935,2.05,Denver Broncos,1.1149999999999998,0.0,0,No,No,No,No,No,1,No,0.0,0.0,-1.298,-1.949,-0.0043799999999999,1.4283799999999998,-0.0043799999999999,1.4283799999999998,-0.95053,-0.61047,-2.25504,-2.55296,Denver Broncos,1.4327599999999996,Denver Broncos,1.4327599999999996,-0.0043799999999999,1.4283799999999998,Denver Broncos,1.4327599999999996,Tie,0.0,Los Angeles Chargers,0.651,-0.649,-0.9745,Los Angeles Chargers,0.3255,Denver Broncos,0.34006,Los Angeles Chargers,0.2979199999999999,-1.602785,-1.581715,Denver Broncos,0.0210700000000001,Different,Different,Same,Different,Different,Same,False,Home Team,Away Team,47.5,127.0,-141.0,Los Angeles Chargers,Denver Broncos,2.5,-2.5,-116,-104,-104,-116,-0.34006,0.34006,0.2979199999999999,-0.2979199999999999,0.5851,0.4405,0.5098,0.537,0.537,0.5098,0.5705,0.4295,0.487,0.513,0.513,0.487,0.5705,0.4295,0.0705,-0.0705,62.0,0.0,7,0.0,62.0,0.0,nfl_read_py Fallback,False,J.Herbert,B.Nix,2.02,3.0,13.56,183.8,Med-High,-7.0,11.0,49.18,49.0,13.332595231954048,33.0,67.0,0.4522,0.547,0.0904,0.0872,0.4876,0.5124,0.523,0.477,13,2021-11-28,Los Angeles Chargers @ Denver Broncos,0.4704,0.5294,113,-112,0.4405286343612334,0.5850622406639004,2.51,-2.51,49.09,0.82262,-0.82262,Denver Broncos,2.20208,Denver Broncos,2.8400600000000003,Los Angeles Chargers,0.0099999999999997,Denver Broncos,1.67738,Denver Broncos,0.0464713656387665,Denver Broncos,0.0724713656387665,Denver Broncos,0.0116713656387665,Denver Broncos,0.0298713656387665,Over,1.5900000000000034,100.0,127.0,52.15,66.23,110.0,100.0,0.0,0.0,110.0,100.0,0.0,0.0,Denver Broncos,,,,,,,,,,,,,,,13,0.1323666666666666,-0.0669333333333333,Los Angeles Chargers,Denver Broncos,0,0,0,0,0,0,0,0,0,0,0,0,1,3.5,2.0,0.059,0.001,40.0,0.475,0.925,0.004213,0.028838,0.0034643361682011,1.3043299357503058,0.0046016386122439,0.9819626773089506,8.660840420502956e-05,0.000115040965306,0.0326082483937576,0.0245490669327237,0.0246641078980298,2.286292613059256,0.0080659747804451,,,11.0,29.0,0.5705,0.4295,0.5315,0.4682,0.5084,0.4906,Los Angeles Chargers,Los Angeles Chargers,Los Angeles Chargers,Los Angeles Chargers,Los Angeles Chargers,Same,Same,Same,False,False,0.0002016493695111,0.0571573153264814,0.004213,0.028838,0.0002016493695111,0.0571573153264814,,,0.8944576554802957,1.1079377254828118,1.4159593649775841,1.2075169377357375,1.0549402633292557,1.0288740083757066,0.9170503183083978,1.0358783253599126,1.0522524563243851,1.0932287902389377
2021_12_LA_GB,2021,13,2021-11-28,16:25,Los Angeles Rams,Green Bay Packers,Home,Matthew Stafford,Aaron Rodgers,00-0026498,00-0023459,13,7,6,-6,9,-13,Lambeau Field,44.5013,-88.0622,America/Chicago,False,False,12,12,Sunday,False,False,0,False,False,0,9,-13,NFC West,SoFi Stadium,33.9535,-118.3395,America/Los_Angeles,NFC North,Lambeau Field,44.5013,-88.0622,America/Chicago,San Francisco 49ers,Minnesota Vikings,Levi's Stadium,U.S. Bank Stadium,Jacksonville Jaguars,Chicago Bears,SoFi Stadium,Lambeau Field,1762,0,-1762,1762,-2.0,0.0,America/Los_Angeles,America/Chicago,-2.0,0.0,-2.0,0.0,-2.0,0,1.29,3.535,1.29,3.535,Green Bay Packers,2.245,Green Bay Packers,2.245,1.29,3.535,Green Bay Packers,2.245,-0.3,0,No,No,No,No,No,0,No,0.0,0.0,2.739,2.121,3.696,3.7475,3.696,3.7475,2.406,0.2124999999999999,5.145,2.3335,Green Bay Packers,0.0515000000000003,Green Bay Packers,0.0515000000000003,3.696,3.7475,Green Bay Packers,0.0515000000000003,Tie,0.0,Los Angeles Rams,0.6179999999999999,1.3695,1.0605,Los Angeles Rams,0.3089999999999999,Los Angeles Rams,2.1935,Los Angeles Rams,2.8115,3.7755,1.273,Los Angeles Rams,2.5025000000000004,Different,Different,Different,Different,Different,Same,False,Away Team,Away Team,47.0,108.0,-120.0,Los Angeles Rams,Green Bay Packers,2.0,-2.0,108,-131,135,-164,2.1935,-2.1935,2.8115,-2.8115,0.5455,0.4808,0.5671,0.4808,0.6212,0.4255,0.5315,0.4685,0.5412,0.4588,0.5935,0.4065,0.5315,0.4685,0.0315,-0.0315,37.0,14.0,8,14.0,37.0,0.0,nfl_read_py Fallback,False,M.Stafford,J.Love,7.0,7.0,13.56,183.92,Med-High,-3.0,17.0,45.59,45.0,13.011613491690085,29.0,63.0,0.2956,0.7032,0.089,0.0876,0.3182,0.6666,0.421,0.536,13,2021-11-28,Los Angeles Rams @ Green Bay Packers,0.4074,0.5923,145,-145,0.4807692307692308,0.5454545454545454,7.0,-7.0,45.295,4.001666666666666,-4.001666666666666,Los Angeles Rams,0.8114999999999997,Los Angeles Rams,0.1935000000000002,Los Angeles Rams,5.0,Los Angeles Rams,2.001666666666666,Los Angeles Rams,0.0480454545454546,No Bet,0.0,Los Angeles Rams,0.1577454545454546,Los Angeles Rams,0.0468454545454546,Under,1.7049999999999983,120.0,100.0,867.6,723.0,110.0,100.0,749.65,681.5,110.0,100.0,64.0,58.18,Los Angeles Rams,,,,,,,,,,,,,,,13,0.1614333333333333,0.27182,Los Angeles Rams,Green Bay Packers,0,0,0,0,0,1,0,0,0,0,0,1,0,4.0,5.0,0.001,0.004,40.0,0.475,0.1,0.001683,0.003369,0.007599638834388,0.0280064147292421,0.0086215753265256,0.0246867456268108,0.0001899909708597,0.0002155393831631,0.000700160368231,0.0006171686406702,0.0008327080238334,0.052693160356053,0.0162212141609136,,,11.0,29.0,0.5315,0.4685,0.5529,0.4468,0.632,0.3668,Los Angeles Rams,Los Angeles Rams,Los Angeles Rams,Los Angeles Rams,Los Angeles Rams,Same,Same,Same,False,False,0.0004055303540228,0.0013173290089013,0.001683,0.003369,0.0004055303540228,0.0013173290089013,,,0.9405075312107187,1.061887849752389,1.2085856295994315,1.4148906731138897,0.849762408715916,1.2340518629890462,0.5792503005229616,1.373678343145348,0.8769549394989219,1.2685263070643995
2021_12_MIN_SF,2021,13,2021-11-28,16:25,Minnesota Vikings,San Francisco 49ers,Home,Kirk Cousins,Jimmy Garoppolo,00-0029604,00-0031345,7,7,0,0,-7,4,Levi's Stadium,37.4031,-121.9702,America/Los_Angeles,False,False,12,12,Sunday,False,False,0,False,False,0,-7,4,NFC North,U.S. Bank Stadium,44.9738,-93.2575,America/Chicago,NFC West,Levi's Stadium,37.4031,-121.9702,America/Los_Angeles,Green Bay Packers,Jacksonville Jaguars,U.S. Bank Stadium,TIAA Bank Field,Detroit Lions,Seattle Seahawks,Ford Field,Lumen Field,1571,0,-1571,1571,2.0,0.0,America/Chicago,America/New_York,2.0,3.0,2.0,0.0,2.0,0,0.27,3.325,0.27,3.325,San Francisco 49ers,3.055,San Francisco 49ers,3.055,0.27,3.325,San Francisco 49ers,3.055,-0.15,0,No,No,No,No,No,0,No,0.0,0.0,1.232,2.31,1.4,1.9415000000000004,1.4,1.9415000000000004,1.13,-1.3835,2.362,0.9265000000000004,San Francisco 49ers,0.5415000000000005,San Francisco 49ers,0.5415000000000005,1.4,1.9415000000000004,San Francisco 49ers,0.5415000000000005,Tie,0.0,San Francisco 49ers,1.078,0.616,1.155,San Francisco 49ers,0.539,Minnesota Vikings,2.5135,Minnesota Vikings,1.4354999999999998,1.746,-0.2284999999999998,Minnesota Vikings,1.9745,Different,Different,Different,Different,Different,Different,False,Away Team,Away Team,49.0,-183.0,164.0,San Francisco 49ers,Minnesota Vikings,-3.5,3.5,117,-142,105,-128,2.5135,-2.5135,1.4354999999999998,-1.4354999999999998,0.3788,0.6466,0.5868,0.4608,0.5614,0.4878,0.3694,0.6306,0.5601,0.4399,0.5351,0.4649,0.3694,0.6306,-0.1306,0.1306,68.0,7.0,9,7.0,68.0,0.0,nfl_read_py Fallback,False,M.Brosmer,B.Purdy,-0.42,-1.0,13.9,193.19,Med-High,-10.0,10.0,50.7,50.0,13.777783751569809,33.0,69.0,0.512,0.487,0.0912,0.0764,0.4308,0.5692,0.5248,0.4484,13,2021-11-28,Minnesota Vikings @ San Francisco 49ers,0.5118,0.4879,-105,105,0.6466431095406361,0.3787878787878788,-0.71,0.71,50.35,1.0796666666666666,-1.0796666666666666,Minnesota Vikings,4.935499999999999,Minnesota Vikings,6.0135,Minnesota Vikings,2.79,Minnesota Vikings,4.579666666666666,Minnesota Vikings,0.1563121212121212,Minnesota Vikings,0.1813121212121212,Minnesota Vikings,0.1082121212121212,Minnesota Vikings,0.1091121212121212,Over,1.3500000000000014,100.0,164.0,435.49,714.2,110.0,100.0,238.3,216.64,110.0,100.0,5.2,4.73,Minnesota Vikings,,,,,,,,,,,,,,,13,0.04155,0.1196833333333333,San Francisco 49ers,Minnesota Vikings,0,0,0,0,0,1,0,0,0,0,0,1,0,3.0,3.5,0.002,0.023,40.0,0.75,0.425,0.019348,0.00239,0.960713931642896,0.0045358814687521,0.5627778724213222,0.0077431696107067,0.0240178482910724,0.014069446810533,0.0001133970367188,0.0001935792402676,0.0142630260508007,0.0122790510794589,1.5234918040642182,,,11.0,29.0,0.3694,0.6306,0.4791,0.5207,0.4868,0.5122,San Francisco 49ers,San Francisco 49ers,San Francisco 49ers,San Francisco 49ers,San Francisco 49ers,Same,Same,Same,False,False,0.0380872951016054,0.0003069762769864,0.019348,0.00239,0.0380872951016054,0.0003069762769864,,,1.239916748356272,0.7624786326068357,1.1063400564727728,1.5171362462405484,0.941315969291961,1.1424983024129998,0.9763967313667687,0.976531912301542,1.0682729941581033,1.077208252405219
2021_12_CLE_BAL,2021,13,2021-11-28,20:20,Cleveland Browns,Baltimore Ravens,Home,Baker Mayfield,Lamar Jackson,00-0034855,00-0034796,7,7,0,0,-3,3,M&T Bank Stadium,39.2789,-76.6228,America/New_York,False,False,12,12,Sunday,False,False,0,False,False,0,-3,3,AFC North,FirstEnergy Stadium,41.5061,-81.6994,America/New_York,AFC North,M&T Bank Stadium,39.2789,-76.6228,America/New_York,Detroit Lions,Chicago Bears,FirstEnergy Stadium,Soldier Field,Baltimore Ravens,Pittsburgh Steelers,FirstEnergy Stadium,Acrisure Stadium,308,0,-308,308,0.0,0.0,America/New_York,America/Chicago,0.0,-1.0,0.0,0.0,0.0,0,-4.705,6.69,-4.705,6.69,Baltimore Ravens,11.395,Baltimore Ravens,11.395,-4.705,6.69,Baltimore Ravens,11.395,0.0,0,No,No,No,No,No,1,No,0.0,0.0,2.665,4.808,-4.2433250000000005,7.631825000000001,-4.2433250000000005,7.631825000000001,0.3477249999999999,1.055775,3.034155,5.842345000000001,Baltimore Ravens,11.87515,Baltimore Ravens,11.87515,-4.2433250000000005,7.631825000000001,Baltimore Ravens,11.87515,Tie,0.0,Baltimore Ravens,2.143,1.3325,2.404,Baltimore Ravens,1.0715,Baltimore Ravens,0.7080500000000002,Baltimore Ravens,2.8081900000000006,1.69094,3.44906,Baltimore Ravens,1.75812,Different,Same,Same,Same,Different,Same,False,Home Team,Home Team,47.0,-156.0,140.0,Baltimore Ravens,Cleveland Browns,-3.0,3.0,-116,-104,-164,135,-0.7080500000000002,0.7080500000000002,-2.8081900000000006,2.8081900000000006,0.4167,0.6094,0.5098,0.537,0.4255,0.6212,0.4061,0.5939,0.487,0.513,0.4065,0.5935,0.4061,0.5939,-0.0939,0.0939,43.0,0.0,10,0.0,43.0,0.0,nfl_read_py Fallback,False,S.Sanders,L.Jackson,-1.4,-3.0,14.54,211.35,High,-12.0,9.0,53.05,53.0,13.655874748364845,36.0,71.0,0.5458,0.4534,0.078,0.0816,0.4686,0.488,0.6414,0.3256,13,2021-11-28,Cleveland Browns @ Baltimore Ravens,0.5616,0.4382,-128,128,0.609375,0.4166666666666667,-2.2,2.2,53.025,-1.9054133333333336,1.9054133333333336,Cleveland Browns,0.1918099999999993,Cleveland Browns,2.29195,Cleveland Browns,0.7999999999999998,Cleveland Browns,1.0945866666666664,No Bet,0.0,Cleveland Browns,0.0703333333333333,Cleveland Browns,0.0367333333333333,Cleveland Browns,0.0215333333333332,Over,6.024999999999999,100.0,140.0,157.43,220.4,110.0,100.0,0.0,0.0,110.0,100.0,617.35,561.23,Cleveland Browns,,,,,,,,,,,,,,,13,-0.0110599999999999,-0.1008166666666666,Baltimore Ravens,Cleveland Browns,0,0,0,0,0,0,1,0,0,0,1,0,1,2.5,1.5,0.0,0.076,40.0,0.525,0.05,0.101406,0.001461,3.714003631509029,0.002541452171994,2.5395805266136,0.0037167408149403,0.0928500907877257,0.0634895131653399,6.353630429985097e-05,9.29185203735077e-05,0.0635824316857135,0.0062581929869343,6.253584158122628,,,11.0,29.0,0.4061,0.5939,0.4313,0.5684,0.5088,0.4902,Baltimore Ravens,Cleveland Browns,Baltimore Ravens,Baltimore Ravens,Baltimore Ravens,Same,Different,Same,False,False,0.1563396039530657,0.0001564548246733,0.101406,0.001461,0.1563396039530657,0.0001564548246733,,,1.05664529884372,0.9457500821193878,1.1006868719672256,1.522789430746097,1.0859095417876996,0.9979047299172629,0.9379866532216317,1.0149419904466794,1.044896694292123,1.1005845522711997
2021_12_SEA_WAS,2021,13,2021-11-29,20:15,Seattle Seahawks,Washington Commanders,Home,Russell Wilson,Taylor Heinicke,00-0029263,00-0031800,8,8,0,0,-5,0,FedExField,38.9077,-76.8645,America/New_York,False,False,12,12,Monday,False,False,0,False,False,0,-5,0,NFC West,Lumen Field,47.5952,-122.3316,America/Los_Angeles,NFC East,FedExField,38.9077,-76.8645,America/New_York,Arizona Cardinals,Carolina Panthers,Lumen Field,Bank of America Stadium,San Francisco 49ers,Las Vegas Raiders,Lumen Field,Allegiant Stadium,2328,0,-2328,2328,-3.0,0.0,America/Los_Angeles,America/New_York,-3.0,0.0,-3.0,0.0,-3.0,0,-0.13,1.45,-0.13,1.45,Washington Commanders,1.58,Washington Commanders,1.58,-0.13,1.45,Washington Commanders,1.58,-0.4499999999999999,0,No,No,No,No,No,0,No,0.0,0.0,-0.414,-2.881,-0.4944999999999999,1.4085,-0.4944999999999999,1.4085,-0.3644999999999999,-0.0415,-0.7785,-2.9225,Washington Commanders,1.903,Washington Commanders,1.903,-0.4944999999999999,1.4085,Washington Commanders,1.903,Tie,0.0,Seattle Seahawks,2.467,-0.207,-1.4405,Seattle Seahawks,1.2334999999999998,Washington Commanders,0.3229999999999999,Seattle Seahawks,2.144,-0.5714999999999999,-1.482,Seattle Seahawks,0.9105,Different,Different,Same,Different,Different,Same,False,Home Team,Away Team,47.0,116.0,-128.0,Seattle Seahawks,Washington Commanders,1.0,-1.0,-116,-104,108,-131,-0.3229999999999999,0.3229999999999999,2.144,-2.144,0.5614,0.463,0.5098,0.537,0.5671,0.4808,0.548,0.452,0.487,0.513,0.5412,0.4588,0.548,0.452,0.048,-0.048,41.0,9.0,11,9.0,41.0,0.0,nfl_read_py Fallback,False,S.Darnold,M.Mariota,1.14,2.0,13.72,188.1,Med-High,-9.0,11.0,45.26,44.0,13.4886910898524,29.0,63.0,0.475,0.524,0.0908,0.0858,0.476,0.5056,0.407,0.5534,13,2021-11-29,Seattle Seahawks @ Washington Commanders,0.4747,0.525,111,-111,0.4629629629629629,0.5614035087719298,1.5699999999999998,-1.5699999999999998,44.63,1.1303333333333334,-1.1303333333333334,Seattle Seahawks,1.144,Washington Commanders,1.323,Seattle Seahawks,0.5699999999999998,Seattle Seahawks,0.1303333333333334,No Bet,0.0,Washington Commanders,0.050037037037037,Washington Commanders,0.012037037037037,Washington Commanders,0.011737037037037,Under,2.3700000000000045,100.0,116.0,56.03,65.0,110.0,100.0,0.0,0.0,110.0,100.0,155.35,141.23,Washington Commanders,,,,,,,,,,,,,,,13,0.0489166666666666,-0.143,Seattle Seahawks,Washington Commanders,0,0,0,0,0,0,0,0,0,0,0,0,0,3.0,1.5,0.038,0.004,40.0,0.975,0.975,0.005256,0.022069,0.0143177810416406,0.7233535837281571,0.0173587256876528,0.596634707746582,0.000357944526041,0.0004339681421913,0.0180838395932039,0.0149158676936645,0.0153498358358558,1.319988291474739,0.0316765067292935,,,11.0,29.0,0.548,0.452,0.5892,0.4106,0.5822,0.417,Seattle Seahawks,Seattle Seahawks,Seattle Seahawks,Seattle Seahawks,Seattle Seahawks,Same,Same,Same,False,False,0.0007919126682323,0.0329997072868684,0.005256,0.022069,0.0007919126682323,0.0329997072868684,,,0.9287787415486709,1.0736166394144364,1.394423041134338,1.2290532615789826,0.9836222541114961,1.1001920175934663,0.9509527799160373,1.001975863752274,1.04801383267322,1.0974674138901028
2021_13_DAL_NO,2021,14,2021-12-02,20:20,Dallas Cowboys,New Orleans Saints,Home,Dak Prescott,Taysom Hill,00-0033077,00-0033357,7,7,0,0,-1,6,Caesars Superdome,29.9507,-90.0813,America/Chicago,False,False,13,13,Thursday,False,False,0,False,False,0,-1,6,NFC East,AT&T Stadium,32.7369,-97.0826,America/Chicago,NFC South,Caesars Superdome,29.9507,-90.0813,America/Chicago,Las Vegas Raiders,Buffalo Bills,AT&T Stadium,Caesars Superdome,Washington Commanders,New York Jets,FedExField,MetLife Stadium,455,0,-455,455,0.0,0.0,America/Chicago,America/Chicago,0.0,0.0,0.0,0.0,0.0,0,-0.615,-6.145,-0.615,-6.145,Dallas Cowboys,5.529999999999999,Dallas Cowboys,5.529999999999999,-0.615,-6.145,Dallas Cowboys,5.529999999999999,0.0,0,No,No,No,No,No,0,No,0.0,0.0,3.408,-0.914,-0.8155,-6.165,-0.8155,-6.165,-0.2005,-0.0199999999999999,3.2075,-0.934,Dallas Cowboys,5.3495,Dallas Cowboys,5.3495,-0.8155,-6.165,Dallas Cowboys,5.3495,Tie,0.0,Dallas Cowboys,4.322,1.704,-0.457,Dallas Cowboys,2.161,New Orleans Saints,0.1805,Dallas Cowboys,4.1415,1.5035,-0.477,Dallas Cowboys,1.9805,Different,Same,Different,Same,Different,Same,True,Home Team,Away Team,46.0,222.0,-254.0,Dallas Cowboys,New Orleans Saints,6.0,-6.0,-110,-110,171,-211,-0.1805,0.1805,4.1415,-4.1415,0.7175,0.3106,0.5238,0.5238,0.6785,0.369,0.6979,0.3021,0.5,0.5,0.6477,0.3523,0.6979,0.3021,0.1979,-0.1979,,,12,0.0,70.0,0.0,Dome,True,D.Prescott,T.Shough,6.66,7.0,13.75,189.13,Med-High,-3.0,16.0,49.72,49.0,13.427549063577125,33.0,67.0,0.3044,0.6948,0.0806,0.0758,0.4392,0.5284,0.5874,0.3898,14,2021-12-02,Dallas Cowboys @ New Orleans Saints,0.3647,0.6351,174,-174,,,,,,,,No Bet,,No Bet,,No Bet,,No Bet,,No Bet,,No Bet,,No Bet,,No Bet,,No Bet,,,,,,,,,,,,,,,,,,,,,,,,,,,,,14,0.24908,0.0210199999999999,Dallas Cowboys,New Orleans Saints,0,0,0,0,0,0,0,0,0,0,0,0,0,4.5,2.5,,,24.923827181834312,0.975,0.025,0.0006017616808743,0.0243189527435939,0.0045309574703204,0.4230121079087802,0.0104672466684431,0.1831092675157508,0.0001817922037921,0.0004199694770822,0.0169721971197542,0.0073467556238397,0.0077667251009219,0.606121375424531,0.0149982041387636,0.0006017616808743,0.0243189527435939,10.0,1.0,0.6979,0.3021,0.5356,0.4641,0.672,0.3268,Dallas Cowboys,Dallas Cowboys,Dallas Cowboys,Dallas Cowboys,Dallas Cowboys,Same,Same,Same,False,False,0.0006017616808743,0.0243189527435939,0.0006017616808743,0.0243189527435939,0.0006017616808743,0.0243189527435939,,,0.4329955913047088,0.9643117333550323,1.3345654199821728,1.1494533644176088,0.5072669627330876,0.899180503546188,0.5123177132845368,1.11730004226469,0.6108700746603044,1.0135622216035194
2021_13_TB_ATL,2021,14,2021-12-05,13:00,Tampa Bay Buccaneers,Atlanta Falcons,Home,Tom Brady,Matt Ryan,00-0019596,00-0026143,7,7,0,0,-1,4,Mercedes-Benz Stadium,33.7489,-84.388,America/New_York,False,True,13,13,Sunday,False,False,0,False,False,0,-1,4,NFC South,Raymond James Stadium,27.9759,-82.5033,America/New_York,NFC South,Mercedes-Benz Stadium,33.7489,-84.388,America/New_York,Indianapolis Colts,Jacksonville Jaguars,Lucas Oil Stadium,TIAA Bank Field,Buffalo Bills,Carolina Panthers,Raymond James Stadium,Bank of America Stadium,414,0,-414,414,0.0,0.0,America/Indiana/Indianapolis,America/New_York,0.0,0.0,0.0,0.0,0.0,0,1.025,-0.71,1.025,-0.71,Tampa Bay Buccaneers,1.735,Tampa Bay Buccaneers,1.735,1.025,-0.71,Tampa Bay Buccaneers,1.735,0.0,0,No,No,No,No,No,1,No,0.0,0.0,5.429,-8.837,0.0134249999999999,-1.904925,0.0134249999999999,-1.904925,-0.994225,-1.2122750000000002,4.292115,-9.906615,Tampa Bay Buccaneers,1.91835,Tampa Bay Buccaneers,1.91835,0.0134249999999999,-1.904925,Tampa Bay Buccaneers,1.91835,Tie,0.0,Tampa Bay Buccaneers,14.266,2.7145,-4.4185,Tampa Bay Buccaneers,7.133,Tampa Bay Buccaneers,0.2180500000000002,Tampa Bay Buccaneers,14.19873,1.648945,-5.559445,Tampa Bay Buccaneers,7.20839,Different,Same,Same,Same,Different,Same,False,Away Team,Away Team,51.0,387.0,-475.0,Tampa Bay Buccaneers,Atlanta Falcons,11.0,-11.0,-110,-110,573,-890,0.2180500000000002,-0.2180500000000002,14.19873,-14.19873,0.8261,0.2053,0.5238,0.5238,0.899,0.1486,0.8009,0.1991,0.5,0.5,0.8582,0.1418,0.8009,0.1991,0.3009,-0.3009,,,13,0.0,70.0,0.0,Dome,True,B.Mayfield,K.Cousins,8.25,9.0,13.87,192.42,Med-High,-2.0,17.0,53.44,53.0,13.890788017904228,36.0,71.10000000000036,0.2742,0.7246,0.0784,0.0778,0.5656,0.4076,0.5296,0.4386,14,2021-12-05,Tampa Bay Buccaneers @ Atlanta Falcons,0.2788,0.7209,259,-258,,,,,,,,No Bet,,No Bet,,No Bet,,No Bet,,No Bet,,No Bet,,No Bet,,No Bet,,No Bet,,,,,,,,,,,,,,,,,,,,,,,,,,,,,14,0.2822,-0.11896,Tampa Bay Buccaneers,Atlanta Falcons,0,0,0,0,0,0,0,0,0,0,0,0,1,5.0,1.5,,,24.923827181834312,0.9665358163406408,0.2257340313071126,0.0005656420385395,0.1377999395829109,0.0028069047150943,2.7506925555571926,0.0112910597002465,0.6838093242744878,0.0001126193298732,0.0004530227086663,0.1103639716119533,0.0274359679709575,0.0278889906796239,3.4345018798316804,0.0140979644153408,0.0005656420385395,0.1377999395829109,10.0,1.0,0.8009,0.1991,0.735,0.265,0.8378,0.162,Tampa Bay Buccaneers,Tampa Bay Buccaneers,Tampa Bay Buccaneers,Tampa Bay Buccaneers,Tampa Bay Buccaneers,Same,Same,Same,False,False,0.0005656420385395,0.1377999395829109,0.0005656420385395,0.1377999395829109,0.0005656420385395,0.1377999395829109,,,0.33081947871673245,1.0664878459430094,1.5407976042501828,0.9432211801496027,0.24141607944066112,1.1650313868386133,0.5387382098025103,1.0908795457467175,0.5470801144345231,1.0773521818293015
2021_13_ARI_CHI,2021,14,2021-12-05,13:00,Arizona Cardinals,Chicago Bears,Home,Taysom Kyler Murray,Andy Dalton,00-0035228,00-0027973,14,10,4,-4,7,-3,Soldier Field,41.8623,-87.6167,America/Chicago,False,False,13,13,Sunday,False,False,0,False,False,0,7,-3,NFC West,State Farm Stadium,33.5277,-112.262608,America/Denver,NFC North,Soldier Field,41.8623,-87.6167,America/Chicago,Seattle Seahawks,Detroit Lions,Lumen Field,Ford Field,Los Angeles Rams,Green Bay Packers,State Farm Stadium,Lambeau Field,1458,0,-1458,1458,-1.0,0.0,America/Los_Angeles,America/Detroit,-2.0,1.0,-1.0,0.0,-1.0,0,0.075,-1.575,0.075,-1.575,Arizona Cardinals,1.65,Arizona Cardinals,1.65,0.075,-1.575,Arizona Cardinals,1.65,0.0,0,No,No,No,No,No,0,No,0.0,0.0,4.223,-3.478,3.4725,-1.0735,3.4725,-1.0735,3.3975,0.5015000000000001,7.620499999999999,-2.9765,Arizona Cardinals,4.545999999999999,Arizona Cardinals,4.545999999999999,3.4725,-1.0735,Arizona Cardinals,4.545999999999999,Tie,0.0,Arizona Cardinals,7.701,2.1115,-1.739,Arizona Cardinals,3.8505,Arizona Cardinals,2.896,Arizona Cardinals,10.596999999999998,5.509,-1.2374999999999998,Arizona Cardinals,6.746499999999999,Different,Same,Same,Same,Different,Same,False,Away Team,Away Team,43.5,314.0,-373.0,Arizona Cardinals,Chicago Bears,7.5,-7.5,135,-164,389,-538,2.896,-2.896,10.596999999999998,-10.596999999999998,0.7886,0.2415,0.6212,0.4255,0.8433,0.2045,0.7655,0.2345,0.5935,0.4065,0.8048,0.1952,0.7655,0.2345,0.2655,-0.2655,34.0,8.0,14,8.0,34.0,0.0,nfl_read_py Fallback,False,J.Brissett,C.Williams,5.09,6.0,13.55,183.5,Med-High,-5.0,14.0,46.23,45.0,13.070488597387431,30.0,64.0,0.353,0.6466,0.0866,0.078,0.554,0.446,0.552,0.448,14,2021-12-05,Arizona Cardinals @ Chicago Bears,0.2973,0.7026,236,-236,,,,,,,,No Bet,,No Bet,,No Bet,,No Bet,,No Bet,,No Bet,,No Bet,,No Bet,,No Bet,,,,,,,,,,,,,,,,,,,,,,,,,,,,,14,0.10438,-0.14506,Arizona Cardinals,Chicago Bears,0,0,0,0,1,0,0,0,0,0,1,0,0,3.5,1.5,,,24.923827181834312,0.475,0.6,0.0005656420385395,0.168262708941502,0.0033059726553974,3.210316144625444,0.0107919917599434,0.9834345341798392,0.0001326430580375,0.000432998980502,0.1288051036947197,0.0394576052467822,0.0398906042272842,4.193750678805284,0.0140979644153408,0.0005656420385395,0.168262708941502,10.0,1.0,0.7655,0.2345,0.6609,0.3388,0.7496,0.2494,Arizona Cardinals,Arizona Cardinals,Arizona Cardinals,Arizona Cardinals,Arizona Cardinals,Same,Same,Same,False,False,0.0005656420385395,0.168262708941502,0.0005656420385395,0.168262708941502,0.0005656420385395,0.168262708941502,,,0.39948485645747783,0.9978224682022638,1.377108589527152,1.1069101948726323,0.33970061968205834,1.0667468465972199,0.6964849709258392,0.9331327846233868,0.6004204677912651,1.0240118284725592
2021_13_LAC_CIN,2021,14,2021-12-05,13:00,Los Angeles Chargers,Cincinnati Bengals,Home,Justin Herbert,Joe Burrow,00-0036355,00-0036442,7,7,0,0,-3,10,Paycor Stadium,39.0955,-84.5165,America/New_York,False,True,13,13,Sunday,False,False,0,False,False,0,-3,10,AFC West,SoFi Stadium,33.9535,-118.3395,America/Los_Angeles,AFC North,Paycor Stadium,39.0955,-84.5165,America/New_York,Denver Broncos,Pittsburgh Steelers,Empower Field at Mile High,Paycor Stadium,New York Giants,San Francisco 49ers,SoFi Stadium,Paycor Stadium,1899,0,-1899,1899,-3.0,0.0,America/Denver,America/New_York,-2.0,0.0,-3.0,0.0,-3.0,0,0.935,1.31,0.935,1.31,Cincinnati Bengals,0.375,Cincinnati Bengals,0.375,0.935,1.31,Cincinnati Bengals,0.375,-0.4499999999999999,0,No,No,No,No,No,0,No,0.0,0.0,-1.298,0.184,-0.0939999999999998,0.2325000000000001,-0.0939999999999998,0.2325000000000001,-1.029,-1.0775,-2.327,-0.8935,Cincinnati Bengals,0.3265,Cincinnati Bengals,0.3265,-0.0939999999999998,0.2325000000000001,Cincinnati Bengals,0.3265,Tie,0.0,Cincinnati Bengals,1.482,-0.649,0.092,Cincinnati Bengals,0.741,Los Angeles Chargers,0.0484999999999999,Cincinnati Bengals,1.4335,-1.678,-0.9855,Cincinnati Bengals,0.6925,Different,Same,Different,Same,Different,Same,False,Away Team,Home Team,49.5,-141.0,127.0,Cincinnati Bengals,Los Angeles Chargers,-2.5,2.5,-110,-110,-128,105,0.0484999999999999,-0.0484999999999999,-1.4335,1.4335,0.4405,0.5851,0.5238,0.5238,0.4878,0.5614,0.4295,0.5705,0.5,0.5,0.4649,0.5351,0.4295,0.5705,-0.0705,0.0705,48.0,11.0,15,11.0,48.0,0.0,nfl_read_py Fallback,False,J.Herbert,J.Burrow,-2.09,-3.0,14.09,198.63,High,-12.0,8.0,56.72,57.0,14.234579793319451,39.0,75.0,0.5662,0.4328,0.0848,0.0776,0.5252,0.4748,0.6874,0.3126,14,2021-12-05,Los Angeles Chargers @ Cincinnati Bengals,0.543,0.4568,-119,119,,,,,,,,No Bet,,No Bet,,No Bet,,No Bet,,No Bet,,No Bet,,No Bet,,No Bet,,No Bet,,,,,,,,,,,,,,,,,,,,,,,,,,,,,14,0.17294,-0.04008,Cincinnati Bengals,Los Angeles Chargers,0,0,0,0,0,0,0,0,0,0,0,0,0,4.0,2.0,,,24.923827181834312,0.3986427838851524,0.8726673495513176,0.0056198910446586,0.0001765612343286,0.0799094747079405,0.0018900498364637,0.0601597184698693,0.0025105318549536,0.0032061478409777,0.0024137432036808,7.583305014413388e-05,0.0001007281841844,0.0025144713878653,0.0044005816914173,0.1400691931778099,0.0056198910446586,0.0001765612343286,10.0,1.0,0.4295,0.5705,0.4554,0.5443,0.4334,0.5656,Cincinnati Bengals,Cincinnati Bengals,Cincinnati Bengals,Cincinnati Bengals,Cincinnati Bengals,Same,Same,Same,False,False,0.0056198910446586,0.0001765612343286,0.0056198910446586,0.0001765612343286,0.0056198910446586,0.0001765612343286,,,0.7943025456004117,0.6030047790593304,1.214057919520711,1.2699608648790732,0.7496700557523868,0.6567774105268892,0.9184139194835587,0.7112038360656678,0.8774942381157483,0.7469380581480776
2021_13_MIN_DET,2021,14,2021-12-05,13:00,Minnesota Vikings,Detroit Lions,Home,Kirk Cousins,Jared Goff,00-0029604,00-0033106,7,10,-3,3,-10,10,Ford Field,42.3395,-83.045,America/Detroit,False,True,13,13,Sunday,False,False,0,False,False,0,-10,10,NFC North,U.S. Bank Stadium,44.9738,-93.2575,America/Chicago,NFC North,Ford Field,42.3395,-83.045,America/Detroit,San Francisco 49ers,Chicago Bears,Levi's Stadium,Ford Field,Pittsburgh Steelers,Denver Broncos,U.S. Bank Stadium,Empower Field at Mile High,541,0,-541,541,-1.0,0.0,America/Los_Angeles,America/Detroit,-3.0,0.0,-1.0,0.0,-1.0,0,0.27,4.305,0.27,4.305,Detroit Lions,4.035,Detroit Lions,4.035,0.27,4.305,Detroit Lions,4.035,0.0,0,No,No,No,No,No,1,No,0.0,0.0,1.232,-8.449,0.972115,3.1393849999999994,0.972115,3.1393849999999994,0.6617649999999999,-1.125265,1.796955,-9.477455,Detroit Lions,2.16727,Detroit Lions,2.16727,0.972115,3.1393849999999994,Detroit Lions,2.16727,Tie,0.0,Minnesota Vikings,9.681,0.616,-4.2245,Minnesota Vikings,4.8405,Minnesota Vikings,1.78703,Minnesota Vikings,11.27441,1.2293599999999998,-5.301360000000001,Minnesota Vikings,6.5307200000000005,Different,Different,Different,Different,Different,Same,False,Away Team,Away Team,47.5,255.0,-296.0,Minnesota Vikings,Detroit Lions,7.0,-7.0,108,-131,450,-646,1.78703,-1.78703,11.27441,-11.27441,0.7475,0.2817,0.5671,0.4808,0.866,0.1818,0.7263,0.2737,0.5412,0.4588,0.8265,0.1735,0.7263,0.2737,0.2263,-0.2263,,,16,0.0,70.0,0.0,Dome,True,M.Brosmer,J.Goff,2.61,3.0,13.35,178.31,Medium,-7.0,12.0,55.0,54.0,14.291306736952013,37.0,74.0,0.4178,0.5814,0.1032,0.0824,0.5952,0.3598,0.686,0.314,14,2021-12-05,Minnesota Vikings @ Detroit Lions,0.3309,0.6689,202,-202,,,,,,,,No Bet,,No Bet,,No Bet,,No Bet,,No Bet,,No Bet,,No Bet,,No Bet,,No Bet,,,,,,,,,,,,,,,,,,,,,,,,,,,,,14,0.0046,-0.26952,Minnesota Vikings,Detroit Lions,0,0,0,0,0,0,0,0,0,0,0,0,1,2.5,0.0,,,24.923827181834312,1.0,0.4248180102343167,0.0005454412955067,0.1733617451804406,0.0037208104314747,3.138224767823276,0.0098736741555723,1.1826134089952234,0.0001492872825802,0.0003961540129265,0.1259126355245539,0.0474491096558866,0.0478452636688132,4.320838176818499,0.0135944845870471,0.0005454412955067,0.1733617451804406,10.0,1.0,0.7263,0.2737,0.6418,0.3581,0.6378,0.3618,Minnesota Vikings,Minnesota Vikings,Minnesota Vikings,Minnesota Vikings,Minnesota Vikings,Same,Same,Same,False,False,0.0005454412955067,0.1733617451804406,0.0005454412955067,0.1733617451804406,0.0005454412955067,0.1733617451804406,,,0.46229874568723406,0.9350085789725086,1.499179176974598,0.9848396074251846,0.3066054124990682,1.0998420537802103,0.807544971147612,0.8220727844016156,0.6620017705461809,0.9624305257176442
2021_13_IND_HOU,2021,14,2021-12-05,13:00,Indianapolis Colts,Houston Texans,Home,Carson Wentz,Tyrod Taylor,00-0032950,00-0028118,7,7,0,0,-4,11,NRG Stadium,29.6847,-95.4093,America/Chicago,False,False,13,13,Sunday,False,False,0,False,False,0,-4,11,AFC South,Lucas Oil Stadium,39.7601,-86.1638,America/Indiana/Indianapolis,AFC South,NRG Stadium,29.6847,-95.4093,America/Chicago,Tampa Bay Buccaneers,New York Jets,Lucas Oil Stadium,NRG Stadium,New England Patriots,Seattle Seahawks,Lucas Oil Stadium,NRG Stadium,870,0,-870,870,1.0,0.0,America/Indiana/Indianapolis,America/Chicago,1.0,0.0,1.0,0.0,1.0,0,-2.265,0.035,-2.265,0.035,Houston Texans,2.3000000000000003,Houston Texans,2.3000000000000003,-2.265,0.035,Houston Texans,2.3000000000000003,0.0,0,No,No,No,No,No,1,No,0.0,0.0,2.757,-6.944,-0.9625300000000002,0.5535300000000001,-0.9625300000000002,0.5535300000000001,1.27947,0.5415300000000001,3.93946,-6.30546,Houston Texans,1.5160600000000004,Houston Texans,1.5160600000000004,-0.9625300000000002,0.5535300000000001,Houston Texans,1.5160600000000004,Tie,0.0,Indianapolis Colts,9.701,1.3785,-3.472,Indianapolis Colts,4.8505,Indianapolis Colts,0.7379399999999998,Indianapolis Colts,10.24492,2.609465,-2.881965,Indianapolis Colts,5.49143,Different,Different,Different,Different,Different,Same,False,Away Team,Away Team,45.5,339.0,-408.0,Indianapolis Colts,Houston Texans,10.0,-10.0,-104,-116,356,-483,0.7379399999999998,-0.7379399999999998,10.24492,-10.24492,0.8031,0.2278,0.537,0.5098,0.8285,0.2193,0.779,0.221,0.513,0.487,0.7907,0.2093,0.779,0.221,0.279,-0.279,,,17,0.0,70.0,0.0,Dome,True,D.Jones,C.Stroud,8.01,8.0,13.75,189.18,Med-High,-3.0,17.0,48.99,48.0,13.4959380344119,32.0,67.0,0.2866,0.7132,0.0794,0.0732,0.5248,0.4306,0.584,0.416,14,2021-12-05,Indianapolis Colts @ Houston Texans,0.301,0.699,232,-232,,,,,,,,No Bet,,No Bet,,No Bet,,No Bet,,No Bet,,No Bet,,No Bet,,No Bet,,No Bet,,,,,,,,,,,,,,,,,,,,,,,,,,,,,14,0.138225,-0.29134,Indianapolis Colts,Houston Texans,0,0,0,0,0,0,1,0,0,0,1,0,1,3.5,0.0,,,24.923827181834312,0.9132323523730927,0.0749293633332176,0.0005748004803676,0.0749293633332176,0.0031660963519147,1.4548031454957904,0.0111601314848034,0.4127233570661997,0.0001270309061612,0.0004477695742063,0.0583699740365765,0.0165593892966411,0.0170071588708474,1.8675265025619896,0.0143262278367182,0.0005748004803676,0.0749293633332176,10.0,1.0,0.779,0.221,0.6754,0.3243,0.746,0.2528,Indianapolis Colts,Indianapolis Colts,Indianapolis Colts,Indianapolis Colts,Indianapolis Colts,Same,Same,Same,False,False,0.0005748004803676,0.0749293633332176,0.0005748004803676,0.0749293633332176,0.0005748004803676,0.0749293633332176,,,0.33798132505057166,1.059325999609169,1.4141474553040263,1.0698713290957578,0.32269484470297427,1.0837526215763036,0.5171289860821403,1.1124887694670855,0.5416784092069199,1.0827538870569053
2021_13_NYG_MIA,2021,14,2021-12-05,13:00,New York Giants,Miami Dolphins,Home,Mike Glennon,Tua Tagovailoa,00-0030520,00-0036212,7,7,0,0,-2,-10,Hard Rock Stadium,25.9602,-80.2384,America/New_York,False,False,13,13,Sunday,False,False,0,False,False,0,-2,-10,NFC East,MetLife Stadium,40.8136,-74.0744,America/New_York,AFC East,Hard Rock Stadium,25.9602,-80.2384,America/New_York,Philadelphia Eagles,Carolina Panthers,MetLife Stadium,Hard Rock Stadium,Los Angeles Chargers,New York Jets,SoFi Stadium,Hard Rock Stadium,1085,0,-1085,1085,0.0,0.0,America/New_York,America/New_York,0.0,0.0,0.0,0.0,0.0,0,-2.84,0.66,-2.84,0.66,Miami Dolphins,3.5,Miami Dolphins,3.5,-2.84,0.66,Miami Dolphins,3.5,0.0,0,No,No,No,No,No,0,No,0.0,0.0,-4.564,-2.985,-3.1965,1.3095,-3.1965,1.3095,-0.3565,0.6495,-4.9205,-2.3355,Miami Dolphins,4.506,Miami Dolphins,4.506,-3.1965,1.3095,Miami Dolphins,4.506,Tie,0.0,Miami Dolphins,1.5790000000000002,-2.282,-1.4925,Miami Dolphins,0.7895000000000001,Miami Dolphins,1.006,Miami Dolphins,2.585,-2.6385,-0.8429999999999999,Miami Dolphins,1.7954999999999997,Different,Same,Same,Same,Different,Same,False,Home Team,Home Team,40.0,-293.0,253.0,Miami Dolphins,New York Giants,-6.5,6.5,-122,101,-142,117,-1.006,1.006,-2.585,2.585,0.2833,0.7455,0.4975,0.5495,0.4608,0.5868,0.2753,0.7247,0.4752,0.5248,0.4399,0.5601,0.2753,0.7247,-0.2247,0.2247,80.0,11.0,18,11.0,80.0,0.0,nfl_read_py Fallback,False,J.Dart,T.Tagovailoa,-4.16,-5.0,12.8,163.9,Med-Low,-13.0,5.0,38.32,37.0,11.84211977308725,23.0,54.0,0.6388,0.3604,0.0912,0.0878,0.4624,0.5376,0.4016,0.5636,14,2021-12-05,New York Giants @ Miami Dolphins,0.6121,0.3877,-158,158,,,,,,,,No Bet,,No Bet,,No Bet,,No Bet,,No Bet,,No Bet,,No Bet,,No Bet,,No Bet,,,,,,,,,,,,,,,,,,,,,,,,,,,,,14,-0.261,0.024225,Miami Dolphins,New York Giants,0,0,0,0,0,0,0,0,0,0,0,0,0,0.5,3.0,,,24.923827181834312,0.8746924350699036,0.9995138813353714,0.1842946193296691,0.0005444464111386,3.3287842527952813,0.0037357351782504,1.2645429899193332,0.0098339530827391,0.1335583106282112,0.0507363087014579,0.0001498860969864,0.0003945603141521,0.05113086901561,0.0135696882609895,4.593327242714614,0.1842946193296691,0.0005444464111386,10.0,1.0,0.2753,0.7247,0.4174,0.5822,0.6124,0.386,Miami Dolphins,New York Giants,Miami Dolphins,Miami Dolphins,Miami Dolphins,Same,Different,Same,False,False,0.1842946193296691,0.0005444464111386,0.1842946193296691,0.0005444464111386,0.1842946193296691,0.0005444464111386,,,0.9272921054728671,0.4700152191868762,0.9362096214133603,1.547809162986421,0.6921979812765154,0.7142494850027612,0.9081771083298464,0.7214406472193806,0.8593772786448607,0.7650550176189659
2021_13_PHI_NYJ,2021,14,2021-12-05,13:00,Philadelphia Eagles,New York Jets,Home,Gardner Minshew,Zach Wilson,00-0035289,00-0037013,7,7,0,0,3,7,MetLife Stadium,40.8136,-74.0744,America/New_York,False,True,13,13,Sunday,False,False,0,False,False,0,3,7,NFC East,Lincoln Financial Field,39.9008,-75.1675,America/New_York,AFC East,MetLife Stadium,40.8136,-74.0744,America/New_York,New York Giants,Houston Texans,MetLife Stadium,NRG Stadium,Washington Commanders,New Orleans Saints,Lincoln Financial Field,MetLife Stadium,85,0,-85,85,0.0,0.0,America/New_York,America/Chicago,0.0,-1.0,0.0,0.0,0.0,0,4.905,-3.725,4.905,-3.725,Philadelphia Eagles,8.63,Philadelphia Eagles,8.63,4.905,-3.725,Philadelphia Eagles,8.63,0.0,0,No,No,No,No,No,0,No,0.0,0.0,-1.988,-9.19,5.1375,-0.975,5.1375,-0.975,0.2325,2.75,-1.7555,-6.44,Philadelphia Eagles,6.112500000000001,Philadelphia Eagles,6.112500000000001,5.1375,-0.975,Philadelphia Eagles,6.112500000000001,Tie,0.0,Philadelphia Eagles,7.202,-0.994,-4.595,Philadelphia Eagles,3.601,New York Jets,2.5175,Philadelphia Eagles,4.6845,-0.7615000000000001,-1.845,Philadelphia Eagles,1.0834999999999997,Different,Same,Different,Same,Different,Same,False,Home Team,Away Team,44.0,177.0,-199.0,Philadelphia Eagles,New York Jets,5.0,-5.0,-142,117,181,-224,-2.5175,2.5175,4.6845,-4.6845,0.6656,0.361,0.4608,0.5868,0.6914,0.3559,0.6483,0.3517,0.4399,0.5601,0.6602,0.3398,0.6483,0.3517,0.1483,-0.1483,45.0,0.0,19,0.0,45.0,0.0,nfl_read_py Fallback,False,J.Hurts,T.Taylor,8.0,9.0,13.05,170.29,Medium,-1.0,17.0,47.06,47.0,12.9463142465535,30.0,64.0,0.2626,0.737,0.0756,0.0696,0.355,0.6178,0.563,0.412,14,2021-12-05,Philadelphia Eagles @ New York Jets,0.3786,0.6214,164,-164,,,,,,,,No Bet,,No Bet,,No Bet,,No Bet,,No Bet,,No Bet,,No Bet,,No Bet,,No Bet,,,,,,,,,,,,,,,,,,,,,,,,,,,,,14,0.1446,-0.2291,Philadelphia Eagles,New York Jets,0,0,0,0,0,0,0,0,0,0,0,0,0,4.0,0.5,,,24.923827181834312,0.9984137391523472,0.7186256884853894,0.000554256666205,0.003594469123203,0.0048584532125228,0.0580798532278461,0.0089557441503512,0.0315080740093066,0.0001949320695043,0.0003593245967007,0.0023302943325725,0.0012641747906305,0.0016234993873312,0.0895879272371528,0.0138141973628741,0.000554256666205,0.003594469123203,10.0,1.0,0.6483,0.3517,0.5699,0.4298,0.6972,0.3016,Philadelphia Eagles,Philadelphia Eagles,Philadelphia Eagles,Philadelphia Eagles,Philadelphia Eagles,Same,Same,Same,False,False,0.000554256666205,0.003594469123203,0.000554256666205,0.003594469123203,0.000554256666205,0.003594469123203,,,0.4929215364207875,0.9043857882389539,1.4069942363096501,1.0770245480901346,0.4793844569988745,0.9270630092804021,0.4298351599498546,1.1997825955993722,0.6174522290896145,1.0069800671742106
2021_13_JAX_LA,2021,14,2021-12-05,16:05,Jacksonville Jaguars,Los Angeles Rams,Home,Trevor Lawrence,Matthew Stafford,00-0036971,00-0026498,7,7,0,0,6,9,SoFi Stadium,33.9535,-118.3395,America/Los_Angeles,False,False,13,13,Sunday,False,False,0,False,False,0,6,9,AFC South,TIAA Bank Field,30.3239,-81.6554,America/New_York,NFC West,SoFi Stadium,33.9535,-118.3395,America/Los_Angeles,Atlanta Falcons,Green Bay Packers,TIAA Bank Field,Lambeau Field,Tennessee Titans,Arizona Cardinals,Nissan Stadium,State Farm Stadium,2148,0,-2148,2148,3.0,0.0,America/New_York,America/Chicago,3.0,2.0,3.0,0.0,3.0,0,-1.825,1.29,-1.825,1.29,Los Angeles Rams,3.115,Los Angeles Rams,3.115,-1.825,1.29,Los Angeles Rams,3.115,-0.2249999999999999,0,No,No,No,No,No,0,No,0.0,0.0,-9.707,2.739,-1.879,-0.2159999999999999,-1.879,-0.2159999999999999,-0.0539999999999999,-1.506,-9.761,1.233,Los Angeles Rams,1.6629999999999996,Los Angeles Rams,1.6629999999999996,-1.879,-0.2159999999999999,Los Angeles Rams,1.6629999999999996,Tie,0.0,Los Angeles Rams,12.446000000000002,-4.8535,1.3695,Los Angeles Rams,6.223000000000001,Jacksonville Jaguars,1.452,Los Angeles Rams,10.994,-4.9075,-0.1364999999999999,Los Angeles Rams,4.771,Different,Same,Different,Same,Different,Same,False,Away Team,Home Team,48.0,-796.0,597.0,Los Angeles Rams,Jacksonville Jaguars,-14.0,14.0,105,-128,-567,406,1.452,-1.452,-10.994,10.994,0.1435,0.8884,0.5614,0.4878,0.1976,0.8501,0.139,0.861,0.5351,0.4649,0.1886,0.8114,0.139,0.861,-0.361,0.361,,,20,0.0,70.0,0.0,Dome,True,T.Lawrence,M.Stafford,-17.96,-18.0,12.94,167.35,Med-Low,-27.0,-10.0,51.54,51.0,12.837652512215964,36.0,68.0,0.9206,0.0792,0.0396,0.0406,0.6062,0.3588,0.5904,0.391,14,2021-12-05,Jacksonville Jaguars @ Los Angeles Rams,0.7645,0.2355,-325,325,,,,,,,,No Bet,,No Bet,,No Bet,,No Bet,,No Bet,,No Bet,,No Bet,,No Bet,,No Bet,,,,,,,,,,,,,,,,,,,,,,,,,,,,,14,-0.1736,0.12152,Los Angeles Rams,Jacksonville Jaguars,0,0,0,0,0,0,0,0,0,0,0,0,0,1.0,3.5,,,24.923827181834312,0.0988763196548862,0.9992561812052368,0.0988763196548862,0.0005392086196455,2.1218279972740586,0.0018680408006891,0.3425483061801325,0.0115711016503121,0.085132511222857,0.0137438084320291,7.494999813073245e-05,0.0004642586215148,0.014208067053544,0.0134391424510012,2.4643763034541912,0.0988763196548862,0.0005392086196455,10.0,1.0,0.139,0.861,0.2275,0.7725,0.0672,0.9326,Los Angeles Rams,Los Angeles Rams,Los Angeles Rams,Los Angeles Rams,Los Angeles Rams,Same,Same,Same,False,False,0.0988763196548862,0.0005392086196455,0.0988763196548862,0.0005392086196455,0.0988763196548862,0.0005392086196455,,,1.1747373808608483,0.22256994379889405,0.9225423269004133,1.5614764574993665,1.1056062631721895,0.3008412031070891,1.4720252638724323,0.15759249167679484,1.1796093614785472,0.44482293478527773
2021_13_WAS_LV,2021,14,2021-12-05,16:05,Washington Commanders,Las Vegas Raiders,Home,Taylor Heinicke,Derek Carr,00-0031800,00-0031280,6,10,-4,4,-4,0,Allegiant Stadium,36.108,-115.1578,America/Los_Angeles,False,False,13,13,Sunday,False,False,0,False,False,0,-4,0,NFC East,FedExField,38.9077,-76.8645,America/New_York,AFC West,Allegiant Stadium,36.108,-115.1578,America/Los_Angeles,Seattle Seahawks,Dallas Cowboys,FedExField,AT&T Stadium,Dallas Cowboys,Kansas City Chiefs,FedExField,GEHA Field at Arrowhead Stadium,2091,0,-2091,2091,3.0,0.0,America/New_York,America/Chicago,3.0,2.0,3.0,0.0,3.0,0,1.45,-2.35,1.45,-2.35,Washington Commanders,3.8,Washington Commanders,3.8,1.45,-2.35,Washington Commanders,3.8,-0.2249999999999999,0,No,No,No,No,Yes,0,No,0.0,0.0,-2.881,0.289,0.9415,-2.8255000000000003,0.9415,-2.8255000000000003,-0.5085000000000001,-0.4755,-3.3894999999999995,-0.1865,Washington Commanders,3.767,Washington Commanders,3.767,0.9415,-2.8255000000000003,Washington Commanders,3.767,Tie,0.0,Las Vegas Raiders,3.17,-1.4405,0.1445,Las Vegas Raiders,1.585,Las Vegas Raiders,0.033,Las Vegas Raiders,3.2029999999999994,-1.949,-0.3309999999999999,Las Vegas Raiders,1.618,Different,Different,Different,Different,Different,Same,False,Home Team,Home Team,47.5,-128.0,116.0,Las Vegas Raiders,Washington Commanders,-1.0,1.0,-110,-110,-164,135,-0.033,0.033,-3.2029999999999994,3.2029999999999994,0.463,0.5614,0.5238,0.5238,0.4255,0.6212,0.452,0.548,0.5,0.5,0.4065,0.5935,0.452,0.548,-0.048,0.048,,,21,0.0,70.0,0.0,Dome,True,M.Mariota,G.Smith,2.28,3.0,12.69,161.0,Med-Low,-7.0,11.0,45.92,46.0,12.976625562995968,29.0,63.0,0.4302,0.5684,0.0938,0.0946,0.4116,0.5698,0.4356,0.5644,14,2021-12-05,Washington Commanders @ Las Vegas Raiders,0.5179,0.4817,-107,108,,,,,,,,No Bet,,No Bet,,No Bet,,No Bet,,No Bet,,No Bet,,No Bet,,No Bet,,No Bet,,,,,,,,,,,,,,,,,,,,,,,,,,,,,14,-0.162,-0.12286,Las Vegas Raiders,Washington Commanders,0,0,0,0,0,0,0,0,0,0,0,0,0,1.0,1.5,,,24.923827181834312,0.9,0.9744255384240476,0.0048769677303704,0.0006587370059815,0.0666108800839582,0.0074210477775043,0.0549418207991771,0.0089971995178592,0.0026725783162429,0.0022043894141274,0.0002977491267036,0.0003609878792779,0.0025653772934053,0.0164182472953636,0.1215527008831354,0.0048769677303704,0.0006587370059815,10.0,1.0,0.452,0.548,0.4738,0.526,0.5908,0.4084,Las Vegas Raiders,Washington Commanders,Las Vegas Raiders,Washington Commanders,Las Vegas Raiders,Same,Same,Same,False,False,0.0048769677303704,0.0006587370059815,0.0048769677303704,0.0006587370059815,0.0048769677303704,0.0006587370059815,,,0.7634842561157374,0.6338230685440047,1.219891242568209,1.2641275418315763,0.8325293553299417,0.5739181109493338,0.6977734717396329,0.9318442838095943,0.8377281096005683,0.7867041866632575
2021_13_BAL_PIT,2021,14,2021-12-05,16:25,Baltimore Ravens,Pittsburgh Steelers,Home,Lamar Jackson,Ben Roethlisberger,00-0034796,00-0022924,7,7,0,0,3,-6,Acrisure Stadium,40.4468,-80.0158,America/New_York,False,False,13,13,Sunday,False,False,0,False,False,0,3,-6,AFC North,M&T Bank Stadium,39.2789,-76.6228,America/New_York,AFC North,Acrisure Stadium,40.4468,-80.0158,America/New_York,Cleveland Browns,Cincinnati Bengals,M&T Bank Stadium,Paycor Stadium,Cleveland Browns,Minnesota Vikings,FirstEnergy Stadium,U.S. Bank Stadium,197,0,-197,197,0.0,0.0,America/New_York,America/New_York,0.0,0.0,0.0,0.0,0.0,0,6.69,-0.565,6.69,-0.565,Baltimore Ravens,7.255000000000001,Baltimore Ravens,7.255000000000001,6.69,-0.565,Baltimore Ravens,7.255000000000001,0.0,0,No,No,No,No,No,1,No,0.0,0.0,4.808,-1.995,5.858370000000001,-0.86737,5.858370000000001,-0.86737,-0.75908,-0.37492,3.98089,-2.30189,Baltimore Ravens,6.725740000000001,Baltimore Ravens,6.725740000000001,5.858370000000001,-0.86737,Baltimore Ravens,6.725740000000001,Tie,0.0,Baltimore Ravens,6.803,2.404,-0.9975,Baltimore Ravens,3.4015,Pittsburgh Steelers,0.3841599999999999,Baltimore Ravens,6.282780000000001,1.610905,-1.338405,Baltimore Ravens,2.94931,Different,Same,Different,Same,Different,Same,False,Home Team,Away Team,44.0,174.0,-195.0,Baltimore Ravens,Pittsburgh Steelers,4.0,-4.0,-116,-104,224,-282,-0.3841599999999999,0.3841599999999999,6.282780000000001,-6.282780000000001,0.661,0.365,0.5098,0.537,0.7382,0.3086,0.6443,0.3557,0.487,0.513,0.7052,0.2948,0.6443,0.3557,0.1443,-0.1443,50.0,7.0,22,7.0,50.0,0.0,nfl_read_py Fallback,False,L.Jackson,A.Rodgers,0.21,1.0,13.57,184.13,Med-High,-10.0,10.0,52.74,52.0,13.195840135412972,36.0,70.0,0.4978,0.5014,0.0946,0.0806,0.5796,0.401,0.7304,0.2526,14,2021-12-05,Baltimore Ravens @ Pittsburgh Steelers,0.4153,0.5845,141,-141,,,,,,,,No Bet,,No Bet,,No Bet,,No Bet,,No Bet,,No Bet,,No Bet,,No Bet,,No Bet,,,,,,,,,,,,,,,,,,,,,,,,,,,,,14,-0.1498399999999999,-0.09484,Baltimore Ravens,Pittsburgh Steelers,0,0,0,0,0,0,0,0,0,0,0,0,1,1.0,1.5,,,24.923827181834312,0.472372321608131,0.3759858215428499,0.0005677626365089,0.0188853046174174,0.0050334459030746,0.3032681883737307,0.0091173719295782,0.1674258801870805,0.0002019531698062,0.0003658094667027,0.012167801765002,0.0067175028524154,0.0070833123191181,0.4706940685608112,0.0141508178326528,0.0005677626365089,0.0188853046174174,10.0,1.0,0.6443,0.3557,0.5924,0.4075,0.5616,0.4378,Baltimore Ravens,Baltimore Ravens,Baltimore Ravens,Baltimore Ravens,Baltimore Ravens,Same,Same,Same,False,False,0.0005677626365089,0.0188853046174174,0.0005677626365089,0.0188853046174174,0.0005677626365089,0.0188853046174174,,,0.5060826851368155,0.8912246395229282,1.3499291679715395,1.1340896164282463,0.42293148255987906,0.9835159837193965,0.8256260474778284,0.8039917080713992,0.6894660960713782,0.9349662001924481
2021_13_SF_SEA,2021,14,2021-12-05,16:25,San Francisco 49ers,Seattle Seahawks,Home,Jimmy Garoppolo,Russell Wilson,00-0031345,00-0029263,7,6,1,-1,5,-6,Lumen Field,47.5952,-122.3316,America/Los_Angeles,False,False,13,13,Sunday,False,False,0,False,False,0,5,-6,NFC West,Levi's Stadium,37.4031,-121.9702,America/Los_Angeles,NFC West,Lumen Field,47.5952,-122.3316,America/Los_Angeles,Minnesota Vikings,Washington Commanders,Levi's Stadium,FedExField,Cincinnati Bengals,Houston Texans,Paycor Stadium,NRG Stadium,704,0,-704,704,0.0,0.0,America/Los_Angeles,America/New_York,0.0,3.0,0.0,0.0,0.0,0,3.325,-0.13,3.325,-0.13,San Francisco 49ers,3.455,San Francisco 49ers,3.455,3.325,-0.13,San Francisco 49ers,3.455,0.0,0,No,No,No,No,No,1,Yes,0.0,0.0,2.31,-0.414,5.17026,-1.02726,5.17026,-1.02726,1.87981,-0.93181,4.1625700000000005,-1.31857,San Francisco 49ers,6.19752,San Francisco 49ers,6.19752,5.17026,-1.02726,San Francisco 49ers,6.19752,Tie,0.0,San Francisco 49ers,2.724,1.155,-0.207,San Francisco 49ers,1.362,San Francisco 49ers,2.81162,San Francisco 49ers,5.481140000000001,3.0211900000000003,-1.12519,San Francisco 49ers,4.146380000000001,Different,Same,Same,Same,Different,Same,False,Away Team,Away Team,44.5,125.0,-138.0,San Francisco 49ers,Seattle Seahawks,3.0,-3.0,135,-164,195,-244,2.81162,-2.81162,5.481140000000001,-5.481140000000001,0.5798,0.4444,0.6212,0.4255,0.7093,0.339,0.5661,0.4339,0.5935,0.4065,0.6766,0.3234,0.5661,0.4339,0.0661,-0.0661,41.0,4.0,23,4.0,41.0,0.0,nfl_read_py Fallback,False,B.Purdy,S.Darnold,2.06,3.0,13.77,189.73,Med-High,-8.0,12.0,46.37,46.0,13.807208079803528,29.0,64.0,0.4408,0.5582,0.0856,0.0854,0.4736,0.4806,0.5248,0.4752,14,2021-12-05,San Francisco 49ers @ Seattle Seahawks,0.4012,0.5986,149,-149,,,,,,,,No Bet,,No Bet,,No Bet,,No Bet,,No Bet,,No Bet,,No Bet,,No Bet,,No Bet,,,,,,,,,,,,,,,,,,,,,,,,,,,,,14,0.1304,0.07192,San Francisco 49ers,Seattle Seahawks,0,0,0,0,1,0,0,0,0,0,1,0,1,3.5,3.0,,,24.923827181834312,0.9459774274050748,0.7114539964254322,0.0006427161144504,0.0011688685050762,0.0069506203932414,0.0164920082339083,0.0090683249703019,0.0126406683849016,0.00027887452206,0.0003638415923904,0.0006616964607236,0.0005071720443525,0.000871013636743,0.0291326766188099,0.0160189453635434,0.0006427161144504,0.0011688685050762,10.0,1.0,0.5661,0.4339,0.5602,0.4394,0.5896,0.4086,San Francisco 49ers,San Francisco 49ers,San Francisco 49ers,San Francisco 49ers,San Francisco 49ers,Same,Same,Same,False,False,0.0006427161144504,0.0011688685050762,0.0006427161144504,0.0011688685050762,0.0006427161144504,0.0011688685050762,,,0.6065686712352503,0.7907386534244911,1.012551322134779,1.471467462265001,0.455093449259266,0.9513540170200112,0.718750437387495,0.9108673181617317,0.6521524081559512,0.972279888107874
2021_13_DEN_KC,2021,14,2021-12-05,20:20,Denver Broncos,Kansas City Chiefs,Home,Teddy Bridgewater,Patrick Mahomes,00-0031237,00-0033873,7,14,-7,7,3,6,GEHA Field at Arrowhead Stadium,39.0489,-94.4839,America/Chicago,False,False,13,13,Sunday,False,False,0,False,False,0,3,6,AFC West,Empower Field at Mile High,39.7648,-105.0076,America/Denver,AFC West,GEHA Field at Arrowhead Stadium,39.0489,-94.4839,America/Chicago,Los Angeles Chargers,Dallas Cowboys,Empower Field at Mile High,GEHA Field at Arrowhead Stadium,Detroit Lions,Las Vegas Raiders,Empower Field at Mile High,GEHA Field at Arrowhead Stadium,563,0,-563,563,-1.0,0.0,America/Denver,America/Chicago,-1.0,0.0,-1.0,0.0,-1.0,0,2.05,4.395,2.05,4.395,Kansas City Chiefs,2.345,Kansas City Chiefs,2.345,2.05,4.395,Kansas City Chiefs,2.345,0.0,0,No,No,No,No,No,1,No,0.0,0.0,-1.949,6.28,3.2466949999999994,4.686805,3.2466949999999994,4.686805,1.173245,0.3152550000000001,-0.6934650000000001,6.512965000000001,Kansas City Chiefs,1.4401100000000002,Kansas City Chiefs,1.4401100000000002,3.2466949999999994,4.686805,Kansas City Chiefs,1.4401100000000002,Tie,0.0,Kansas City Chiefs,8.229000000000001,-0.9745,3.14,Kansas City Chiefs,4.1145000000000005,Denver Broncos,0.8579899999999998,Kansas City Chiefs,7.206430000000001,0.2398899999999998,3.414110000000001,Kansas City Chiefs,3.174220000000001,Different,Same,Different,Same,Different,Same,False,Away Team,Home Team,46.5,-387.0,323.0,Kansas City Chiefs,Denver Broncos,-8.5,8.5,101,-122,-319,249,0.8579899999999998,-0.8579899999999998,-7.206430000000001,7.206430000000001,0.2364,0.7947,0.5495,0.4975,0.2865,0.7613,0.2293,0.7707,0.5248,0.4752,0.2734,0.7266,0.2293,0.7707,-0.2707,0.2707,58.0,22.0,24,22.0,58.0,0.0,nfl_read_py Fallback,False,B.Nix,P.Mahomes,-4.67,-6.0,13.84,191.65,Med-High,-14.0,6.0,43.79,43.0,12.709316975652056,28.0,60.0,0.6328,0.3658,0.0844,0.0772,0.4114,0.5886,0.4062,0.5938,14,2021-12-05,Denver Broncos @ Kansas City Chiefs,0.6513,0.3483,-187,187,,,,,,,,No Bet,,No Bet,,No Bet,,No Bet,,No Bet,,No Bet,,No Bet,,No Bet,,No Bet,,,,,,,,,,,,,,,,,,,,,,,,,,,,,14,-0.02618,0.22524,Kansas City Chiefs,Denver Broncos,0,0,0,0,0,0,0,0,0,0,0,0,1,2.5,4.5,,,24.923827181834312,0.25,0.4748610030416706,0.0972637443869305,8.011721663156695e-06,1.868319191570942,4.578725828082636e-05,0.5558655645870207,0.0001538955078806,0.0749611677990073,0.0223025765879231,1.83708777736183e-06,6.174633885794864e-06,0.0223087512218089,0.0001996827661614,2.424184756157963,0.0972637443869305,8.011721663156695e-06,10.0,1.0,0.2293,0.7707,0.3309,0.669,0.4078,0.5918,Kansas City Chiefs,Kansas City Chiefs,Kansas City Chiefs,Kansas City Chiefs,Kansas City Chiefs,Same,Same,Same,False,False,0.0972637443869305,8.011721663156695e-06,0.0972637443869305,8.011721663156695e-06,0.0972637443869305,8.011721663156695e-06,,,1.0372533507478012,0.36005397391194083,0.9468180222288245,1.537200762170955,0.9778625083480137,0.428584957931262,0.9594709337399598,0.6701468218092647,0.9857555623980394,0.6386767338657849
2021_13_NE_BUF,2021,14,2021-12-06,20:15,New England Patriots,Buffalo Bills,Home,Mac Jones,Josh Allen,00-0036972,00-0034857,8,11,-3,3,-14,0,Highmark Stadium,42.7725,-78.7877,America/New_York,False,False,13,13,Monday,False,False,0,False,False,0,-14,0,AFC East,Gillette Stadium,42.0628,-71.2687,America/New_York,AFC East,Highmark Stadium,42.7725,-78.7877,America/New_York,Tennessee Titans,New Orleans Saints,Gillette Stadium,Caesars Superdome,Indianapolis Colts,Tampa Bay Buccaneers,Lucas Oil Stadium,Raymond James Stadium,386,0,-386,386,0.0,0.0,America/New_York,America/Chicago,0.0,-1.0,0.0,0.0,0.0,0,-1.995,4.795,-1.995,4.795,Buffalo Bills,6.79,Buffalo Bills,6.79,-1.995,4.795,Buffalo Bills,6.79,0.0,0,No,No,No,No,No,1,No,0.0,0.0,3.922,8.856,-1.7886550000000003,4.174155,-1.7886550000000003,4.174155,0.1384449999999999,-0.552945,4.109785,8.253715,Buffalo Bills,5.96281,Buffalo Bills,5.96281,-1.7886550000000003,4.174155,Buffalo Bills,5.96281,Tie,0.0,Buffalo Bills,4.933999999999999,1.961,4.428,Buffalo Bills,2.467,New England Patriots,0.69139,Buffalo Bills,4.14393,2.124115,3.850385,Buffalo Bills,1.72627,Different,Same,Different,Same,Different,Same,False,Away Team,Home Team,40.0,-146.0,132.0,Buffalo Bills,New England Patriots,-3.0,3.0,-104,-116,-211,171,0.69139,-0.69139,-4.14393,4.14393,0.431,0.5935,0.537,0.5098,0.369,0.6785,0.4207,0.5793,0.513,0.487,0.3523,0.6477,0.4207,0.5793,-0.0793,0.0793,36.0,27.0,25,27.0,36.0,0.0,nfl_read_py Fallback,False,D.Maye,J.Allen,-5.76,-7.0,15.03,225.8,High,-17.0,6.0,36.43,36.0,12.510056464402888,20.90000000000004,53.0,0.6478,0.3506,0.0754,0.087,0.5824,0.3786,0.3556,0.6122,14,2021-12-06,New England Patriots @ Buffalo Bills,0.5904,0.4092,-144,144,,,,,,,,No Bet,,No Bet,,No Bet,,No Bet,,No Bet,,No Bet,,No Bet,,No Bet,,No Bet,,,,,,,,,,,,,,,,,,,,,,,,,,,,,14,0.143775,0.19246,Buffalo Bills,New England Patriots,0,0,0,0,0,0,0,0,0,0,0,0,1,4.0,4.0,,,24.923827181834312,0.0,0.108808554478587,0.0,0.000202117882373,0.0,0.0021192977774816,0.0,0.0029182533931426,0.0,0.0,8.503099311434249e-05,0.0001170868892587,0.0001170868892587,0.0050375511706242,0.0,0.0,0.000202117882373,10.0,1.0,0.4207,0.5793,0.3672,0.6325,0.394,0.6048,Buffalo Bills,Buffalo Bills,Buffalo Bills,Buffalo Bills,Buffalo Bills,Same,Same,Same,False,False,0.0,0.000202117882373,0.0,0.000202117882373,0.0,0.000202117882373,,,0.0,0.5877416332447795,0.0,1.2731944571524714,0.0,0.49539201821669493,0.0,0.5738039457536851,0.0,0.6652013641128939
2021_14_PIT_MIN,2021,15,2021-12-09,20:20,Pittsburgh Steelers,Minnesota Vikings,Home,Ben Roethlisberger,Kirk Cousins,00-0022924,00-0029604,4,4,0,0,-6,-10,U.S. Bank Stadium,44.9738,-93.2575,America/Chicago,False,False,14,14,Thursday,False,False,0,False,False,0,-6,-10,AFC North,Acrisure Stadium,40.4468,-80.0158,America/New_York,NFC North,U.S. Bank Stadium,44.9738,-93.2575,America/Chicago,Baltimore Ravens,Detroit Lions,Acrisure Stadium,Ford Field,Tennessee Titans,Chicago Bears,Acrisure Stadium,Soldier Field,740,0,-740,740,1.0,0.0,America/New_York,America/Detroit,1.0,1.0,1.0,0.0,1.0,0,-0.565,0.27,-0.565,0.27,Minnesota Vikings,0.835,Minnesota Vikings,0.835,-0.565,0.27,Minnesota Vikings,0.835,0.0,0,No,No,No,No,No,0,No,0.0,0.0,-1.995,1.232,-0.7190000000000001,-1.71,-0.7190000000000001,-1.71,-0.154,-1.98,-2.149,-0.748,Pittsburgh Steelers,0.991,Pittsburgh Steelers,0.991,-0.7190000000000001,-1.71,Pittsburgh Steelers,0.991,Tie,0.0,Minnesota Vikings,3.2270000000000003,-0.9975,0.616,Minnesota Vikings,1.6135000000000002,Pittsburgh Steelers,1.826,Minnesota Vikings,1.401,-1.1515,-1.364,Pittsburgh Steelers,0.2124999999999999,Different,Different,Same,Different,Different,Same,True,Away Team,Home Team,45.0,-175.0,157.0,Minnesota Vikings,Pittsburgh Steelers,-3.5,3.5,108,-131,-128,105,1.826,-1.826,-1.401,1.401,0.3891,0.6364,0.5671,0.4808,0.4878,0.5614,0.3794,0.6206,0.5412,0.4588,0.4649,0.5351,0.3794,0.6206,-0.1206,0.1206,,,26,0.0,70.0,0.0,Dome,True,A.Rodgers,M.Brosmer,0.14,1.0,13.3,176.92,Medium,-9.0,9.0,50.58,50.0,13.417066272977662,33.0,68.0,0.489,0.5106,0.0904,0.0852,0.4058,0.5942,0.6344,0.3438,15,2021-12-09,Pittsburgh Steelers @ Minnesota Vikings,0.5259,0.474,-111,111,,,,,,,,No Bet,,No Bet,,No Bet,,No Bet,,No Bet,,No Bet,,No Bet,,No Bet,,No Bet,,,,,,,,,,,,,,,,,,,,,,,,,,,,,15,-0.0884,-0.0243999999999999,Minnesota Vikings,Pittsburgh Steelers,0,0,0,0,0,0,0,0,0,0,0,0,0,1.5,2.0,,,18.871793787439856,0.2585261991234976,0.4721056036713111,0.0056478249865079,0.0003022416269024,0.066146395618711,0.0021640375246213,0.0404381928742168,0.0035398041322615,0.0035050401866268,0.0021427847998811,0.0001146704732467,0.0001875711536556,0.0023303559535367,0.0057038416568829,0.1065845884929279,0.0056478249865079,0.0003022416269024,10.0,0.0,0.3794,0.6206,0.502,0.4978,0.4562,0.543,Minnesota Vikings,Minnesota Vikings,Pittsburgh Steelers,Pittsburgh Steelers,Minnesota Vikings,Same,Different,Different,False,False,0.0056478249865079,0.0003022416269024,0.0056478249865079,0.0003022416269024,0.0056478249865079,0.0003022416269024,,,0.8321401505196032,0.513325004474314,1.6243347944487465,2.239567772520281,0.9131373159838464,0.8089673434701983,0.8979780786902449,0.9681043778245738,0.9717438293097133,0.903833051945056
2021_14_ATL_CAR,2021,15,2021-12-12,13:00,Atlanta Falcons,Carolina Panthers,Home,Matt Ryan,Cam Newton,00-0026143,00-0027939,7,14,-7,7,-3,11,Bank of America Stadium,35.2258,-80.8528,America/New_York,False,False,14,14,Sunday,False,False,0,False,False,0,-3,11,NFC South,Mercedes-Benz Stadium,33.7489,-84.388,America/New_York,NFC South,Bank of America Stadium,35.2258,-80.8528,America/New_York,Tampa Bay Buccaneers,Miami Dolphins,Mercedes-Benz Stadium,Hard Rock Stadium,San Francisco 49ers,Buffalo Bills,Levi's Stadium,Highmark Stadium,226,0,-226,226,0.0,0.0,America/New_York,America/New_York,0.0,0.0,0.0,0.0,0.0,0,-0.71,-5.25,-0.71,-5.25,Atlanta Falcons,4.54,Atlanta Falcons,4.54,-0.71,-5.25,Atlanta Falcons,4.54,0.0,0,No,No,No,No,No,1,No,0.0,0.0,-8.837,0.31,-0.0300749999999997,-5.868425,-0.0300749999999997,-5.868425,0.725325,-0.6638249999999997,-8.020205,-0.4452949999999999,Atlanta Falcons,5.83835,Atlanta Falcons,5.83835,-0.0300749999999997,-5.868425,Atlanta Falcons,5.83835,Tie,0.0,Carolina Panthers,9.147,-4.4185,0.155,Carolina Panthers,4.5735,Atlanta Falcons,1.3891499999999997,Carolina Panthers,7.574910000000001,-3.647440000000001,-0.5545599999999997,Carolina Panthers,3.092880000000001,Different,Different,Same,Different,Different,Same,False,Away Team,Home Team,41.0,-136.0,123.0,Carolina Panthers,Atlanta Falcons,-2.5,2.5,105,-128,-346,268,1.3891499999999997,-1.3891499999999997,-7.574910000000001,7.574910000000001,0.4484,0.5763,0.5614,0.4878,0.2717,0.7758,0.4376,0.5624,0.5351,0.4649,0.2594,0.7406,0.4376,0.5624,-0.0624,0.0624,48.0,9.0,27,9.0,48.0,0.0,nfl_read_py Fallback,False,K.Cousins,B.Young,5.32,6.0,13.69,187.52,Med-High,-5.0,14.0,46.57,46.0,13.33948919690731,30.0,64.0,0.3484,0.651,0.0842,0.0868,0.3114,0.6886,0.6322,0.3462,15,2021-12-12,Atlanta Falcons @ Carolina Panthers,0.5291,0.4708,-112,112,,,,,,,,No Bet,,No Bet,,No Bet,,No Bet,,No Bet,,No Bet,,No Bet,,No Bet,,No Bet,,,,,,,,,,,,,,,,,,,,,,,,,,,,,15,-0.1331,-0.293,Carolina Panthers,Atlanta Falcons,0,0,0,0,0,0,0,0,0,0,0,0,1,1.5,0.0,,,18.871793787439856,0.6213014297387274,0.9663870808920284,0.0038803834388378,0.0002971068441648,0.0411844373119869,0.0024535965483732,0.0320453587619585,0.0031533425475436,0.0021823276460024,0.0016980557928354,0.0001300139550065,0.0001670928891583,0.0018651486819937,0.0056069390959168,0.0732297960739455,0.0038803834388378,0.0002971068441648,10.0,0.0,0.4376,0.5624,0.4734,0.5264,0.456,0.5432,Carolina Panthers,Carolina Panthers,Carolina Panthers,Atlanta Falcons,Carolina Panthers,Same,Different,Same,False,False,0.0038803834388378,0.0002971068441648,0.0038803834388378,0.0002971068441648,0.0038803834388378,0.0002971068441648,,,0.7546957379452284,0.5907694170486878,1.6894055318377703,2.1744970351312616,1.2707169592920924,0.45138770016195784,0.641420390658057,1.224662065856767,0.982273964313204,0.8933029169415626
2021_14_BAL_CLE,2021,15,2021-12-12,13:00,Baltimore Ravens,Cleveland Browns,Home,Lamar Jackson,Baker Mayfield,00-0034796,00-0034855,7,14,-7,7,-4,4,FirstEnergy Stadium,41.5061,-81.6994,America/New_York,False,True,14,14,Sunday,False,False,0,False,False,0,-4,4,AFC North,M&T Bank Stadium,39.2789,-76.6228,America/New_York,AFC North,FirstEnergy Stadium,41.5061,-81.6994,America/New_York,Pittsburgh Steelers,Baltimore Ravens,Acrisure Stadium,M&T Bank Stadium,Green Bay Packers,Las Vegas Raiders,M&T Bank Stadium,FirstEnergy Stadium,308,0,-308,308,0.0,0.0,America/New_York,America/New_York,0.0,0.0,0.0,0.0,0.0,0,6.69,-4.705,6.69,-4.705,Baltimore Ravens,11.395,Baltimore Ravens,11.395,6.69,-4.705,Baltimore Ravens,11.395,0.0,0,No,No,No,No,No,1,No,0.0,0.0,4.808,2.665,4.956775,-4.375274999999999,4.956775,-4.375274999999999,-1.619275,0.2157750000000001,3.167294999999999,2.9022050000000004,Baltimore Ravens,9.33205,Baltimore Ravens,9.33205,4.956775,-4.375274999999999,Baltimore Ravens,9.33205,Tie,0.0,Baltimore Ravens,2.143,2.404,1.3325,Baltimore Ravens,1.0715,Cleveland Browns,1.83505,Baltimore Ravens,0.2650899999999985,0.7740099999999994,1.5589900000000003,Cleveland Browns,0.7849800000000009,Different,Same,Different,Same,Different,Same,False,Home Team,Away Team,44.0,-150.0,135.0,Cleveland Browns,Baltimore Ravens,-3.0,3.0,-131,108,-104,-116,-1.83505,1.83505,0.2650899999999985,-0.2650899999999985,0.4255,0.6,0.4808,0.5671,0.537,0.5098,0.4149,0.5851,0.4588,0.5412,0.513,0.487,0.4149,0.5851,-0.0851,0.0851,46.0,14.0,28,14.0,46.0,0.0,nfl_read_py Fallback,False,L.Jackson,S.Sanders,0.83,2.0,14.66,215.05,High,-10.0,11.0,53.85,53.0,13.601591094282286,37.0,71.0,0.4752,0.5244,0.0806,0.0788,0.4088,0.5544,0.7478,0.2266,15,2021-12-12,Baltimore Ravens @ Cleveland Browns,0.5221,0.4778,-109,109,,,,,,,,No Bet,,No Bet,,No Bet,,No Bet,,No Bet,,No Bet,,No Bet,,No Bet,,No Bet,,,,,,,,,,,,,,,,,,,,,,,,,,,,,15,-0.1660249999999999,-0.0350999999999999,Cleveland Browns,Baltimore Ravens,0,0,0,0,0,0,0,1,0,0,0,1,1,1.0,2.0,,,18.871793787439856,0.0498980312231564,0.3599159030290321,0.0022313023757536,0.0003330687893073,0.0246377876807298,0.0026078977256179,0.0174708906319173,0.0036777077832225,0.0013055350200534,0.0009257673557001,0.0001381902406836,0.0001948785486237,0.0011206459043239,0.0062856055088404,0.0421086783126472,0.0022313023757536,0.0003330687893073,10.0,0.0,0.4149,0.5851,0.4987,0.5012,0.488,0.5114,Cleveland Browns,Cleveland Browns,Cleveland Browns,Baltimore Ravens,Cleveland Browns,Same,Different,Same,False,False,0.0022313023757536,0.0003330687893073,0.0022313023757536,0.0003330687893073,0.0022313023757536,0.0003330687893073,,,0.7861873474631036,0.5592778075308134,2.029277902364774,1.8346246646042534,0.8356285273327744,0.8864761321212747,0.8812475773760068,0.9848348791388121,0.9737733794464012,0.9018035018083653
2021_14_SEA_HOU,2021,15,2021-12-12,13:00,Seattle Seahawks,Houston Texans,Home,Russell Wilson,Davis Mills,00-0029263,00-0036898,7,7,0,0,-6,11,NRG Stadium,29.6847,-95.4093,America/Chicago,False,False,14,14,Sunday,False,False,0,False,False,0,-6,11,NFC West,Lumen Field,47.5952,-122.3316,America/Los_Angeles,AFC South,NRG Stadium,29.6847,-95.4093,America/Chicago,San Francisco 49ers,Indianapolis Colts,Lumen Field,NRG Stadium,Los Angeles Rams,Jacksonville Jaguars,SoFi Stadium,TIAA Bank Field,1890,0,-1890,1890,-2.0,0.0,America/Los_Angeles,America/Chicago,-2.0,0.0,-2.0,0.0,-2.0,0,-0.13,0.035,-0.13,0.035,Houston Texans,0.165,Houston Texans,0.165,-0.13,0.035,Houston Texans,0.165,-0.3,0,No,No,No,No,No,0,No,0.0,0.0,-0.414,-6.944,-0.3195,0.5690000000000001,-0.3195,0.5690000000000001,-0.1895,0.534,-0.6035000000000001,-6.41,Houston Texans,0.8885000000000001,Houston Texans,0.8885000000000001,-0.3195,0.5690000000000001,Houston Texans,0.8885000000000001,Tie,0.0,Seattle Seahawks,6.53,-0.207,-3.472,Seattle Seahawks,3.265,Houston Texans,0.7235,Seattle Seahawks,5.8065,-0.3965000000000001,-2.938,Seattle Seahawks,2.5415,Different,Different,Same,Different,Different,Same,False,Home Team,Away Team,40.5,334.0,-401.0,Seattle Seahawks,Houston Texans,10.0,-10.0,-116,-104,208,-261,-0.7235,0.7235,5.8065,-5.8065,0.8004,0.2304,0.5098,0.537,0.723,0.3247,0.7765,0.2235,0.487,0.513,0.6901,0.3099,0.7765,0.2235,0.2765,-0.2765,,,29,0.0,70.0,0.0,Dome,True,S.Darnold,C.Stroud,5.96,7.0,13.56,183.91,Med-High,-4.0,15.0,50.08,50.0,13.703873046233808,33.0,68.0,0.336,0.6634,0.0844,0.0788,0.5798,0.3758,0.7468,0.2532,15,2021-12-12,Seattle Seahawks @ Houston Texans,0.3456,0.6542,189,-189,,,,,,,,No Bet,,No Bet,,No Bet,,No Bet,,No Bet,,No Bet,,No Bet,,No Bet,,No Bet,,,,,,,,,,,,,,,,,,,,,,,,,,,,,15,0.020775,-0.29505,Seattle Seahawks,Houston Texans,0,0,0,0,0,0,0,0,0,0,0,0,0,2.5,0.0,,,18.871793787439856,0.9130645836708924,0.945609120053292,0.0002821510023934,0.2046229229082845,0.0011900694518688,2.9985336465219325,0.0041346260822198,0.863067958786416,6.306074903493648e-05,0.0002190902533585,0.1588896996382829,0.0457332232700015,0.0459523135233601,3.861601605308348,0.0053246955340886,0.0002821510023934,0.2046229229082845,10.0,0.0,0.7765,0.2235,0.6678,0.3318,0.6928,0.3056,Seattle Seahawks,Seattle Seahawks,Seattle Seahawks,Seattle Seahawks,Seattle Seahawks,Same,Same,Same,False,False,0.0002821510023934,0.2046229229082845,0.0002821510023934,0.2046229229082845,0.0002821510023934,0.2046229229082845,,,0.3846797121278546,0.9607854428660629,2.918604795530721,0.9452977714383095,0.7185716926691897,1.0035329667848578,0.865900957924537,1.000181498590282,0.8905507459763501,0.9850261352784165
2021_14_LV_KC,2021,15,2021-12-12,13:00,Las Vegas Raiders,Kansas City Chiefs,Home,Derek Carr,Patrick Mahomes,00-0031280,00-0033873,7,7,0,0,0,6,GEHA Field at Arrowhead Stadium,39.0489,-94.4839,America/Chicago,False,False,14,14,Sunday,False,False,0,False,False,0,0,6,AFC West,Allegiant Stadium,36.108,-115.1578,America/Los_Angeles,AFC West,GEHA Field at Arrowhead Stadium,39.0489,-94.4839,America/Chicago,Washington Commanders,Denver Broncos,Allegiant Stadium,GEHA Field at Arrowhead Stadium,Cleveland Browns,Los Angeles Chargers,FirstEnergy Stadium,SoFi Stadium,1147,0,-1147,1147,-2.0,0.0,America/Los_Angeles,America/Chicago,-2.0,0.0,-2.0,0.0,-2.0,0,-2.35,4.395,-2.35,4.395,Kansas City Chiefs,6.744999999999999,Kansas City Chiefs,6.744999999999999,-2.35,4.395,Kansas City Chiefs,6.744999999999999,-0.3,0,No,No,No,No,No,1,No,0.0,0.0,0.289,6.28,-1.96249,4.114489999999999,-1.96249,4.114489999999999,0.32006,-0.2130599999999999,0.66897,6.00703,Kansas City Chiefs,6.076979999999999,Kansas City Chiefs,6.076979999999999,-1.96249,4.114489999999999,Kansas City Chiefs,6.076979999999999,Tie,0.0,Kansas City Chiefs,5.9910000000000005,0.1445,3.14,Kansas City Chiefs,2.9955000000000003,Las Vegas Raiders,0.5331199999999999,Kansas City Chiefs,5.3380600000000005,0.494515,2.8969850000000004,Kansas City Chiefs,2.4024700000000005,Different,Same,Different,Same,Different,Same,False,Away Team,Home Team,48.0,-444.0,365.0,Kansas City Chiefs,Las Vegas Raiders,-10.0,10.0,-104,-116,-244,195,0.5331199999999999,-0.5331199999999999,-5.3380600000000005,5.3380600000000005,0.2151,0.8162,0.537,0.5098,0.339,0.7093,0.2085,0.7915,0.513,0.487,0.3234,0.6766,0.2085,0.7915,-0.2915,0.2915,47.0,19.0,30,19.0,47.0,0.0,nfl_read_py Fallback,False,G.Smith,P.Mahomes,-6.22,-7.0,14.02,196.49,High,-16.0,4.0,48.14,47.0,13.836780610370749,30.0,66.0,0.6674,0.3318,0.084,0.0768,0.3772,0.5764,0.4778,0.5074,15,2021-12-12,Las Vegas Raiders @ Kansas City Chiefs,0.6556,0.3442,-190,191,,,,,,,,No Bet,,No Bet,,No Bet,,No Bet,,No Bet,,No Bet,,No Bet,,No Bet,,No Bet,,,,,,,,,,,,,,,,,,,,,,,,,,,,,15,-0.0807,0.208675,Kansas City Chiefs,Las Vegas Raiders,0,0,0,0,0,0,0,0,0,0,0,0,1,1.5,4.0,,,18.871793787439856,0.1509993849755604,0.8964703471840451,0.0758957886882835,0.0002935574583622,1.1336572765439048,0.0011550807882568,0.2986323969164929,0.0043848750307209,0.0600715167467764,0.0158242719415071,6.120673006853499e-05,0.0002323507282937,0.0160566226698008,0.0055399558189778,1.4322896734603978,0.0758957886882835,0.0002935574583622,10.0,0.0,0.2085,0.7915,0.3204,0.6794,0.2868,0.7126,Kansas City Chiefs,Kansas City Chiefs,Kansas City Chiefs,Kansas City Chiefs,Kansas City Chiefs,Same,Same,Same,False,False,0.0758957886882835,0.0002935574583622,0.0758957886882835,0.0002935574583622,0.0758957886882835,0.0002935574583622,,,1.0359949887068272,0.30947016628709184,1.2185397387437011,2.6453628282253274,1.084123102629864,0.6379815568241849,1.1291699028948714,0.7369125536199482,1.1112964412825674,0.7642804399721976
2021_14_NO_NYJ,2021,15,2021-12-12,13:00,New Orleans Saints,New York Jets,Home,Taysom Hill,Zach Wilson,00-0033357,00-0037013,10,7,3,-3,9,4,MetLife Stadium,40.8136,-74.0744,America/New_York,False,False,14,14,Sunday,False,False,0,False,False,0,9,4,NFC South,Caesars Superdome,29.9507,-90.0813,America/Chicago,AFC East,MetLife Stadium,40.8136,-74.0744,America/New_York,Dallas Cowboys,Philadelphia Eagles,Caesars Superdome,MetLife Stadium,Tampa Bay Buccaneers,Miami Dolphins,Raymond James Stadium,Hard Rock Stadium,1169,0,-1169,1169,-1.0,0.0,America/Chicago,America/New_York,-1.0,0.0,-1.0,0.0,-1.0,0,-6.145,-3.725,-6.145,-3.725,New York Jets,2.4199999999999995,New York Jets,2.4199999999999995,-6.145,-3.725,New York Jets,2.4199999999999995,0.0,0,No,No,No,No,No,0,No,0.0,0.0,-0.914,-9.19,-5.225,-1.35,-5.225,-1.35,0.92,2.375,0.006,-6.815,New York Jets,3.875,New York Jets,3.875,-5.225,-1.35,New York Jets,3.875,Tie,0.0,New Orleans Saints,8.276,-0.457,-4.595,New Orleans Saints,4.138,New York Jets,1.455,New Orleans Saints,6.821,0.4629999999999999,-2.22,New Orleans Saints,2.683,Different,Different,Same,Different,Different,Same,False,Home Team,Away Team,42.0,173.0,-194.0,New Orleans Saints,New York Jets,4.5,-4.5,-128,105,249,-319,-1.455,1.455,6.821,-6.821,0.6599,0.3663,0.4878,0.5614,0.7613,0.2865,0.643,0.357,0.4649,0.5351,0.7266,0.2734,0.643,0.357,0.143,-0.143,46.0,13.0,31,13.0,46.0,0.0,nfl_read_py Fallback,False,T.Shough,T.Taylor,8.4,9.0,12.95,167.64,Med-Low,-1.0,17.0,40.31,40.0,12.22408841212716,25.0,57.0,0.2522,0.7468,0.077,0.0768,0.3482,0.6518,0.4202,0.559,15,2021-12-12,New Orleans Saints @ New York Jets,0.3544,0.6453,182,-182,,,,,,,,No Bet,,No Bet,,No Bet,,No Bet,,No Bet,,No Bet,,No Bet,,No Bet,,No Bet,,,,,,,,,,,,,,,,,,,,,,,,,,,,,15,-0.009475,-0.250625,New Orleans Saints,New York Jets,0,0,0,0,0,0,0,0,0,0,0,0,0,2.5,0.5,,,18.871793787439856,0.998156293926565,0.9747599084898152,0.0002657539415388,0.0072624958895509,0.0017904455291023,0.0881272168526595,0.0032248080538173,0.0489291079570753,9.487415712935271e-05,0.0001708797844094,0.0046697848569812,0.0025927110325696,0.0027635908169791,0.1370563248097348,0.0050152535829196,0.0002657539415388,0.0072624958895509,10.0,0.0,0.643,0.357,0.6952,0.3044,0.7438,0.2548,New Orleans Saints,New Orleans Saints,New Orleans Saints,New Orleans Saints,New Orleans Saints,Same,Same,Same,False,False,0.0002657539415388,0.0072624958895509,0.0002657539415388,0.0072624958895509,0.0002657539415388,0.0072624958895509,,,0.483979652045853,0.8614855029480637,2.2517176687867826,1.6121848981822389,0.480279197819188,1.2418254616348539,0.4876411104319413,1.3784413460828793,0.683203342944181,1.192373538310586
2021_14_JAX_TEN,2021,15,2021-12-12,13:00,Jacksonville Jaguars,Tennessee Titans,Home,Trevor Lawrence,Ryan Tannehill,00-0036971,00-0029701,7,14,-7,7,-1,-7,Nissan Stadium,36.1664,-86.7716,America/Chicago,False,True,14,14,Sunday,False,False,0,False,False,0,-1,-7,AFC South,TIAA Bank Field,30.3239,-81.6554,America/New_York,AFC South,Nissan Stadium,36.1664,-86.7716,America/Chicago,Los Angeles Rams,New England Patriots,SoFi Stadium,Gillette Stadium,Houston Texans,Pittsburgh Steelers,TIAA Bank Field,Acrisure Stadium,500,0,-500,500,1.0,0.0,America/Los_Angeles,America/New_York,-2.0,1.0,1.0,0.0,1.0,0,-1.825,-4.36,-1.825,-4.36,Jacksonville Jaguars,2.535,Jacksonville Jaguars,2.535,-1.825,-4.36,Jacksonville Jaguars,2.535,0.0,0,No,No,No,No,No,1,No,0.0,0.0,-9.707,1.457,-2.70415,-5.168850000000001,-2.70415,-5.168850000000001,-0.8538,-0.8341999999999998,-10.44916,0.5111600000000002,Jacksonville Jaguars,2.464700000000001,Jacksonville Jaguars,2.464700000000001,-2.70415,-5.168850000000001,Jacksonville Jaguars,2.464700000000001,Tie,0.0,Tennessee Titans,11.164,-4.8535,0.7285,Tennessee Titans,5.582000000000001,Tennessee Titans,0.0196000000000001,Tennessee Titans,10.96032,-5.65148,-0.1615199999999998,Tennessee Titans,5.489960000000001,Different,Different,Different,Different,Different,Same,False,Home Team,Home Team,44.5,-384.0,321.0,Tennessee Titans,Jacksonville Jaguars,-8.5,8.5,-110,-110,-567,406,-0.0196000000000001,0.0196000000000001,-10.96032,10.96032,0.2375,0.7934,0.5238,0.5238,0.1976,0.8501,0.2304,0.7696,0.5,0.5,0.1886,0.8114,0.2304,0.7696,-0.2696,0.2696,45.0,0.0,32,0.0,45.0,0.0,nfl_read_py Fallback,False,T.Lawrence,C.Ward,-5.56,-7.0,13.8,190.35,Med-High,-15.0,4.0,47.66,47.0,13.37392229675049,31.0,65.0,0.6652,0.3344,0.0738,0.0832,0.4396,0.5604,0.5694,0.4306,15,2021-12-12,Jacksonville Jaguars @ Tennessee Titans,0.6866,0.3133,-219,219,,,,,,,,No Bet,,No Bet,,No Bet,,No Bet,,No Bet,,No Bet,,No Bet,,No Bet,,No Bet,,,,,,,,,,,,,,,,,,,,,,,,,,,,,15,-0.1496,0.069,Tennessee Titans,Jacksonville Jaguars,0,0,0,0,0,0,0,1,0,0,0,1,1,1.0,3.0,,,18.871793787439856,0.9992828387858936,0.999157195341904,0.1688582684571669,0.0002646801067996,2.452452321284765,0.0011508453262449,0.7342061003430483,0.0038441430689152,0.1299533234046356,0.0389049450525312,6.0982296606634666e-05,0.0002036978101929,0.0391086428627242,0.0049949883951601,3.186658421627813,0.1688582684571669,0.0002646801067996,10.0,0.0,0.2304,0.7696,0.34,0.6597,0.335,0.6636,Tennessee Titans,Tennessee Titans,Tennessee Titans,Tennessee Titans,Tennessee Titans,Same,Same,Same,False,False,0.1688582684571669,0.0002646801067996,0.1688582684571669,0.0002646801067996,0.1688582684571669,0.0002646801067996,,,0.9656814299787053,0.379783725015211,1.035245150223922,2.8286574167451137,1.2608323717079646,0.4612722877460785,1.0337594791068268,0.8323229774079958,1.0774609642333897,0.7981159170213756
2021_14_DAL_WAS,2021,15,2021-12-12,13:00,Dallas Cowboys,Washington Commanders,Home,Dak Prescott,Taylor Heinicke,00-0033077,00-0031800,10,7,3,-3,2,-7,FedExField,38.9077,-76.8645,America/New_York,False,True,14,14,Sunday,False,False,0,False,False,0,2,-7,NFC East,AT&T Stadium,32.7369,-97.0826,America/Chicago,NFC East,FedExField,38.9077,-76.8645,America/New_York,New Orleans Saints,Las Vegas Raiders,Caesars Superdome,Allegiant Stadium,New York Giants,Philadelphia Eagles,MetLife Stadium,Lincoln Financial Field,1206,0,-1206,1206,-1.0,0.0,America/Chicago,America/Los_Angeles,-1.0,-3.0,-1.0,0.0,-1.0,0,-0.615,1.45,-0.615,1.45,Washington Commanders,2.065,Washington Commanders,2.065,-0.615,1.45,Washington Commanders,2.065,0.0,0,No,No,No,No,No,1,No,0.0,0.0,3.408,-2.881,-0.50201,0.82001,-0.50201,0.82001,0.0923399999999999,-0.60934,3.43745,-3.42745,Washington Commanders,1.32202,Washington Commanders,1.32202,-0.50201,0.82001,Washington Commanders,1.32202,Tie,0.0,Dallas Cowboys,6.289,1.704,-1.4405,Dallas Cowboys,3.1445,Dallas Cowboys,0.70168,Dallas Cowboys,6.8649,1.764895,-2.018395,Dallas Cowboys,3.78329,Different,Different,Different,Different,Different,Same,False,Away Team,Away Team,48.0,246.0,-284.0,Dallas Cowboys,Washington Commanders,6.5,-6.5,-104,-116,249,-319,0.70168,-0.70168,6.8649,-6.8649,0.7396,0.289,0.537,0.5098,0.7613,0.2865,0.719,0.281,0.513,0.487,0.7266,0.2734,0.719,0.281,0.219,-0.219,48.0,17.0,33,17.0,48.0,0.0,nfl_read_py Fallback,False,D.Prescott,M.Mariota,5.47,6.0,13.38,178.98,Medium,-4.0,15.0,43.97,43.0,13.119255580001278,27.0,61.0,0.3358,0.6636,0.0858,0.0786,0.5018,0.4982,0.348,0.6328,15,2021-12-12,Dallas Cowboys @ Washington Commanders,0.3443,0.6556,190,-190,,,,,,,,No Bet,,No Bet,,No Bet,,No Bet,,No Bet,,No Bet,,No Bet,,No Bet,,No Bet,,,,,,,,,,,,,,,,,,,,,,,,,,,,,15,0.2566,-0.14775,Dallas Cowboys,Washington Commanders,0,0,0,0,0,0,0,0,0,0,0,0,1,4.5,1.0,,,18.871793787439856,0.974032303532808,0.0025849549505827,0.0002776554189163,0.0025849549505827,0.0014723994825412,0.035074787742821,0.003767456327214,0.0137079490343987,7.802117271550548e-05,0.0001996342462008,0.001858582609469,0.0007263723411137,0.0009260065873146,0.0487827367772197,0.0052398558097553,0.0002776554189163,0.0025849549505827,10.0,0.0,0.719,0.281,0.6503,0.3495,0.6994,0.2998,Dallas Cowboys,Dallas Cowboys,Dallas Cowboys,Dallas Cowboys,Dallas Cowboys,Same,Same,Same,False,False,0.0002776554189163,0.0025849549505827,0.0002776554189163,0.0025849549505827,0.0002776554189163,0.0025849549505827,,,0.37913996757935264,0.9663251874145626,1.9557257094651712,1.9081768575038573,0.47388852249821145,1.2482161369558338,0.6329693702385025,1.2331130862763164,0.6519945454486895,1.223582335806076
2021_14_DET_DEN,2021,15,2021-12-12,16:05,Detroit Lions,Denver Broncos,Home,Jared Goff,Teddy Bridgewater,00-0033106,00-0031237,7,7,0,0,10,3,Empower Field at Mile High,39.7648,-105.0076,America/Denver,False,False,14,14,Sunday,False,False,0,False,False,0,10,3,NFC North,Ford Field,42.3395,-83.045,America/Detroit,AFC West,Empower Field at Mile High,39.7648,-105.0076,America/Denver,Minnesota Vikings,Kansas City Chiefs,Ford Field,GEHA Field at Arrowhead Stadium,Arizona Cardinals,Cincinnati Bengals,Ford Field,Empower Field at Mile High,1154,0,-1154,1154,2.0,0.0,America/Detroit,America/Chicago,2.0,1.0,2.0,0.0,2.0,0,4.305,2.05,4.305,2.05,Detroit Lions,2.255,Detroit Lions,2.255,4.305,2.05,Detroit Lions,2.255,-0.15,0,No,No,No,No,No,0,No,0.0,0.0,-8.449,-1.949,6.6735,0.5679999999999998,6.6735,0.5679999999999998,2.3685,-1.4819999999999998,-6.0805,-3.431,Detroit Lions,6.1055,Detroit Lions,6.1055,6.6735,0.5679999999999998,Detroit Lions,6.1055,Tie,0.0,Denver Broncos,6.5,-4.2245,-0.9745,Denver Broncos,3.25,Detroit Lions,3.8505,Denver Broncos,2.6495,-1.856,-2.4565,Detroit Lions,0.6005000000000003,Different,Different,Same,Different,Different,Same,False,Away Team,Home Team,42.0,-635.0,495.0,Denver Broncos,Detroit Lions,-13.0,13.0,171,-211,-142,117,3.8505,-3.8505,-2.6495,2.6495,0.1681,0.8639,0.6785,0.369,0.4608,0.5868,0.1629,0.8371,0.6477,0.3523,0.4399,0.5601,0.1629,0.8371,-0.3371,0.3371,63.0,8.0,34,8.0,63.0,0.0,nfl_read_py Fallback,False,J.Goff,B.Nix,-2.09,-3.0,13.07,170.82,Medium,-11.0,7.0,47.09,47.0,13.156137090674822,30.0,65.0,0.5674,0.4316,0.1008,0.0924,0.1912,0.7832,0.6304,0.3464,15,2021-12-12,Detroit Lions @ Denver Broncos,0.5792,0.4205,-138,138,,,,,,,,No Bet,,No Bet,,No Bet,,No Bet,,No Bet,,No Bet,,No Bet,,No Bet,,No Bet,,,,,,,,,,,,,,,,,,,,,,,,,,,,,15,-0.252625,-0.117,Denver Broncos,Detroit Lions,0,0,0,0,0,0,0,0,0,0,0,0,0,0.5,1.5,,,18.871793787439856,0.47485857681453,0.9998028374793948,0.2693131114246179,0.0002646801067996,4.254495040210858,0.0008136836095715,0.8279264628483444,0.0041813047855885,0.2254420055735476,0.0438711058510702,4.3116389397659664e-05,0.0002215637174019,0.0440926695684722,0.0049949883951601,5.082421503059202,0.2693131114246179,0.0002646801067996,10.0,0.0,0.1629,0.8371,0.384,0.6158,0.363,0.6362,Denver Broncos,Denver Broncos,Denver Broncos,Denver Broncos,Denver Broncos,Same,Same,Same,False,False,0.2693131114246179,0.0002646801067996,0.2693131114246179,0.0002646801067996,0.2693131114246179,0.0002646801067996,,,1.0307992348606958,0.3146659201332204,0.5864928408704257,3.2774097260986044,0.7376240618999198,0.984480597554128,0.7786705915658413,1.087411864948978,0.8003147103872357,1.0752621708675285
2021_14_NYG_LAC,2021,15,2021-12-12,16:05,New York Giants,Los Angeles Chargers,Home,Mike Glennon,Justin Herbert,00-0030520,00-0036355,7,7,0,0,-2,-3,SoFi Stadium,33.9535,-118.3395,America/Los_Angeles,False,True,14,14,Sunday,False,False,0,False,False,0,-2,-3,NFC East,MetLife Stadium,40.8136,-74.0744,America/New_York,AFC West,SoFi Stadium,33.9535,-118.3395,America/Los_Angeles,Miami Dolphins,Cincinnati Bengals,Hard Rock Stadium,Paycor Stadium,Dallas Cowboys,Kansas City Chiefs,MetLife Stadium,SoFi Stadium,2448,0,-2448,2448,3.0,0.0,America/New_York,America/New_York,3.0,3.0,3.0,0.0,3.0,0,-2.84,0.935,-2.84,0.935,Los Angeles Chargers,3.775,Los Angeles Chargers,3.775,-2.84,0.935,Los Angeles Chargers,3.775,-0.2249999999999999,0,No,No,No,No,No,0,No,0.0,0.0,-4.564,-1.298,-3.1965,0.989,-3.1965,0.989,-0.3565,0.0539999999999999,-4.9205,-1.244,Los Angeles Chargers,4.1855,Los Angeles Chargers,4.1855,-3.1965,0.989,Los Angeles Chargers,4.1855,Tie,0.0,Los Angeles Chargers,3.266,-2.282,-0.649,Los Angeles Chargers,1.633,Los Angeles Chargers,0.4105,Los Angeles Chargers,3.6765,-2.6385,-0.595,Los Angeles Chargers,2.0435,Different,Same,Same,Same,Different,Same,False,Home Team,Home Team,44.0,-395.0,329.0,Los Angeles Chargers,New York Giants,-9.5,9.5,-116,-104,-191,156,-0.4105,0.4105,-3.6765,3.6765,0.2331,0.798,0.5098,0.537,0.3906,0.6564,0.2261,0.7739,0.487,0.513,0.3731,0.6269,0.2261,0.7739,-0.2739,0.2739,,,35,0.0,70.0,0.0,Dome,True,J.Dart,J.Herbert,-7.59,-8.0,13.49,181.98,Med-High,-17.0,3.0,47.23,47.0,12.883876352013424,31.0,64.0,0.7088,0.2908,0.0692,0.0772,0.4656,0.5344,0.566,0.4132,15,2021-12-12,New York Giants @ Los Angeles Chargers,0.6557,0.3442,-190,191,,,,,,,,No Bet,,No Bet,,No Bet,,No Bet,,No Bet,,No Bet,,No Bet,,No Bet,,No Bet,,,,,,,,,,,,,,,,,,,,,,,,,,,,,15,-0.257775,0.1477,Los Angeles Chargers,New York Giants,0,0,0,0,0,0,0,0,0,0,0,0,0,0.5,3.5,,,18.871793787439856,0.8725671974482503,0.9993159279653672,0.1309837449048645,0.0002657539415388,1.913002035051517,0.0011339488350981,0.5588961882997131,0.0038813047478215,0.1013683201818747,0.0296154247229898,6.00869661819234e-05,0.0002056669753568,0.0298210916983467,0.0050152535829196,2.4718982233512303,0.1309837449048645,0.0002657539415388,10.0,0.0,0.2261,0.7739,0.4213,0.5785,0.484,0.515,Los Angeles Chargers,Los Angeles Chargers,Los Angeles Chargers,Los Angeles Chargers,Los Angeles Chargers,Same,Same,Same,False,False,0.1309837449048645,0.0002657539415388,0.1309837449048645,0.0002657539415388,0.1309837449048645,0.0002657539415388,,,0.9881526899957674,0.35731246499814967,1.1438193663263942,2.7200832006426383,0.9498405318987544,0.7722641275552945,1.1522237377709972,0.7138587187438223,1.054549746114817,0.821027135139949
2021_14_SF_CIN,2021,15,2021-12-12,16:25,San Francisco 49ers,Cincinnati Bengals,Home,Jimmy Garoppolo,Joe Burrow,00-0031345,00-0036442,7,7,0,0,5,10,Paycor Stadium,39.0955,-84.5165,America/New_York,False,True,14,14,Sunday,False,False,0,False,False,0,5,10,NFC West,Levi's Stadium,37.4031,-121.9702,America/Los_Angeles,AFC North,Paycor Stadium,39.0955,-84.5165,America/New_York,Seattle Seahawks,Los Angeles Chargers,Lumen Field,Paycor Stadium,Atlanta Falcons,Denver Broncos,Levi's Stadium,Empower Field at Mile High,2020,0,-2020,2020,-3.0,0.0,America/Los_Angeles,America/New_York,-3.0,0.0,-3.0,0.0,-3.0,0,3.325,1.31,3.325,1.31,San Francisco 49ers,2.015,San Francisco 49ers,2.015,3.325,1.31,San Francisco 49ers,2.015,-0.4499999999999999,0,No,No,No,No,No,0,No,0.0,0.0,2.31,0.184,4.483499999999999,0.2325000000000001,4.483499999999999,0.2325000000000001,1.1585,-1.0775,3.4685,-0.8935,San Francisco 49ers,4.251,San Francisco 49ers,4.251,4.483499999999999,0.2325000000000001,San Francisco 49ers,4.251,Tie,0.0,San Francisco 49ers,2.126,1.155,0.092,San Francisco 49ers,1.063,San Francisco 49ers,2.236,San Francisco 49ers,4.362,2.3135000000000003,-0.9855,San Francisco 49ers,3.2990000000000004,Different,Same,Same,Same,Different,Same,False,Away Team,Away Team,49.0,117.0,-130.0,San Francisco 49ers,Cincinnati Bengals,2.5,-2.5,108,-131,181,-224,2.236,-2.236,4.362,-4.362,0.5652,0.4608,0.5671,0.4808,0.6914,0.3559,0.5509,0.4491,0.5412,0.4588,0.6602,0.3398,0.5509,0.4491,0.0509,-0.0509,48.0,9.0,36,9.0,48.0,0.0,nfl_read_py Fallback,False,B.Purdy,J.Burrow,-0.45,-1.0,14.4,207.4,High,-10.0,10.0,49.96,49.0,13.83988591891023,33.0,68.0,0.515,0.4842,0.0852,0.0842,0.549,0.451,0.4952,0.478,15,2021-12-12,San Francisco 49ers @ Cincinnati Bengals,0.4407,0.5591,127,-127,,,,,,,,No Bet,,No Bet,,No Bet,,No Bet,,No Bet,,No Bet,,No Bet,,No Bet,,No Bet,,,,,,,,,,,,,,,,,,,,,,,,,,,,,15,0.150275,-0.037375,San Francisco 49ers,Cincinnati Bengals,0,0,0,0,1,0,0,0,0,0,1,0,0,3.5,2.0,,,18.871793787439856,0.3944084500635777,0.7105800991997807,0.000300245310059,0.0003982946349336,0.002544675858867,0.0041408587002066,0.0031214917182139,0.0033756755169046,0.0001348401687475,0.0001654051413115,0.0002194205143849,0.0001788741205486,0.0003442792618602,0.0075165342171112,0.005666167577081,0.000300245310059,0.0003982946349336,10.0,0.0,0.5509,0.4491,0.5548,0.445,0.5334,0.4654,San Francisco 49ers,San Francisco 49ers,San Francisco 49ers,Cincinnati Bengals,San Francisco 49ers,Same,Different,Same,False,False,0.000300245310059,0.0003982946349336,0.000300245310059,0.0003982946349336,0.000300245310059,0.0003982946349336,,,0.6043032814016642,0.741161873592253,1.7759981482707026,2.0879044186983253,0.5853134884636418,1.1367911709904066,0.9613249646788677,0.904757491835951,0.8268484669676689,1.0487284142870974
2021_14_BUF_TB,2021,15,2021-12-12,16:25,Buffalo Bills,Tampa Bay Buccaneers,Home,Josh Allen,Tom Brady,00-0034857,00-0019596,6,7,-1,1,-1,0,Raymond James Stadium,27.9759,-82.5033,America/New_York,False,False,14,14,Sunday,False,False,0,False,False,0,-1,0,AFC East,Highmark Stadium,42.7725,-78.7877,America/New_York,NFC South,Raymond James Stadium,27.9759,-82.5033,America/New_York,New England Patriots,Atlanta Falcons,Highmark Stadium,Mercedes-Benz Stadium,Carolina Panthers,New Orleans Saints,Highmark Stadium,Raymond James Stadium,1043,0,-1043,1043,0.0,0.0,America/New_York,America/New_York,0.0,0.0,0.0,0.0,0.0,0,4.795,1.025,4.795,1.025,Buffalo Bills,3.77,Buffalo Bills,3.77,4.795,1.025,Buffalo Bills,3.77,0.0,0,No,No,No,No,Yes,0,No,0.0,0.0,8.856,5.429,5.405,2.042,5.405,2.042,0.6100000000000001,1.017,9.466,6.446000000000001,Buffalo Bills,3.3630000000000004,Buffalo Bills,3.3630000000000004,5.405,2.042,Buffalo Bills,3.3630000000000004,Tie,0.0,Buffalo Bills,3.427,4.428,2.7145,Buffalo Bills,1.7134999999999998,Tampa Bay Buccaneers,0.4069999999999998,Buffalo Bills,3.0199999999999987,5.037999999999999,3.731500000000001,Buffalo Bills,1.3064999999999989,Different,Same,Different,Same,Different,Same,False,Home Team,Away Team,52.5,-181.0,161.0,Tampa Bay Buccaneers,Buffalo Bills,-3.5,3.5,-116,-104,135,-164,-0.4069999999999998,0.4069999999999998,3.0199999999999987,-3.0199999999999987,0.3831,0.6441,0.5098,0.537,0.6212,0.4255,0.373,0.627,0.487,0.513,0.5935,0.4065,0.373,0.627,-0.127,0.127,82.0,4.0,37,4.0,82.0,0.0,nfl_read_py Fallback,False,J.Allen,B.Mayfield,8.15,9.0,14.2,201.6,High,-3.0,17.0,53.42,53.0,13.876932586548165,36.0,72.0,0.2776,0.7218,0.0676,0.0668,0.2228,0.7772,0.514,0.486,15,2021-12-12,Buffalo Bills @ Tampa Bay Buccaneers,0.456,0.5438,119,-119,,,,,,,,No Bet,,No Bet,,No Bet,,No Bet,,No Bet,,No Bet,,No Bet,,No Bet,,No Bet,,,,,,,,,,,,,,,,,,,,,,,,,,,,,15,0.272325,0.321,Tampa Bay Buccaneers,Buffalo Bills,0,0,0,0,0,0,0,0,0,0,0,0,0,4.5,5.0,,,18.871793787439856,0.0799772163196618,0.0,0.0015975997204997,0.0,0.0189037819450494,0.0,0.0112457905350932,0.0,0.0010016950247533,0.0005959046957464,0.0,0.0,0.0005959046957464,0.0,0.0301495724801426,0.0015975997204997,0.0,10.0,0.0,0.373,0.627,0.5336,0.4663,0.7202,0.2794,Tampa Bay Buccaneers,Buffalo Bills,Buffalo Bills,Buffalo Bills,Buffalo Bills,Same,Same,Same,False,False,0.0015975997204997,0.0,0.0015975997204997,0.0,0.0015975997204997,0.0,,,0.8427586702250746,0.0,1.930037016364397,0.0,0.6975860814439174,0.0,0.5144209393930037,0.0,0.850736700661413,0.0
2021_14_CHI_GB,2021,15,2021-12-12,20:20,Chicago Bears,Green Bay Packers,Home,Justin Fields,Aaron Rodgers,00-0036945,00-0023459,7,14,-7,7,-10,-6,Lambeau Field,44.5013,-88.0622,America/Chicago,False,False,14,14,Sunday,False,False,0,False,False,0,-10,-6,NFC North,Soldier Field,41.8623,-87.6167,America/Chicago,NFC North,Lambeau Field,44.5013,-88.0622,America/Chicago,Arizona Cardinals,Los Angeles Rams,Soldier Field,Lambeau Field,Minnesota Vikings,Baltimore Ravens,Soldier Field,M&T Bank Stadium,184,0,-184,184,0.0,0.0,America/Chicago,America/Chicago,0.0,0.0,0.0,0.0,0.0,0,-1.575,3.535,-1.575,3.535,Green Bay Packers,5.11,Green Bay Packers,5.11,-1.575,3.535,Green Bay Packers,5.11,0.0,0,No,No,No,No,No,1,No,0.0,0.0,-3.478,2.121,-3.46526,4.986260000000001,-3.46526,4.986260000000001,-1.94136,1.50236,-5.363370000000001,3.56737,Green Bay Packers,8.45152,Green Bay Packers,8.45152,-3.46526,4.986260000000001,Green Bay Packers,8.45152,Tie,0.0,Green Bay Packers,5.599,-1.739,1.0605,Green Bay Packers,2.7995,Green Bay Packers,3.44372,Green Bay Packers,8.93074,-3.652365000000001,2.534865,Green Bay Packers,6.1872300000000005,Different,Same,Same,Same,Different,Same,False,Home Team,Home Team,43.0,-639.0,498.0,Green Bay Packers,Chicago Bears,-11.5,11.5,-191,156,-416,314,-3.44372,3.44372,-8.93074,8.93074,0.1672,0.8647,0.3906,0.6564,0.2415,0.8062,0.1621,0.8379,0.3731,0.6269,0.2305,0.7695,0.1621,0.8379,-0.3379,0.3379,36.0,8.0,38,8.0,36.0,0.0,nfl_read_py Fallback,False,C.Williams,J.Love,-7.98,-9.0,13.1,171.68,Medium,-17.0,1.0,40.29,40.0,12.30014533064675,25.0,57.0,0.7362,0.2626,0.0822,0.0796,0.4022,0.5978,0.379,0.577,15,2021-12-12,Chicago Bears @ Green Bay Packers,0.7426,0.2571,-289,289,,,,,,,,No Bet,,No Bet,,No Bet,,No Bet,,No Bet,,No Bet,,No Bet,,No Bet,,No Bet,,,,,,,,,,,,,,,,,,,,,,,,,,,,,15,-0.0968499999999999,0.2552999999999999,Green Bay Packers,Chicago Bears,0,0,0,0,0,1,0,0,0,0,0,1,1,1.5,4.5,,,18.871793787439856,0.4746950853984444,0.4748248193736836,0.1207266721680471,0.0002935574583622,1.9090117533015831,0.0008980268382563,0.3693171084976569,0.0046419289807215,0.1011568786096066,0.0195697935584404,4.7585664000525285e-05,0.0002459717943617,0.0198157653528022,0.0055399558189778,2.27832886179924,0.1207266721680471,0.0002935574583622,10.0,0.0,0.1621,0.8379,0.2666,0.7332,0.2082,0.7912,Green Bay Packers,Green Bay Packers,Green Bay Packers,Green Bay Packers,Green Bay Packers,Same,Same,Same,False,False,0.1207266721680471,0.0002935574583622,0.1207266721680471,0.0002935574583622,0.1207266721680471,0.0002935574583622,,,1.0874964533320826,0.2579687016618337,1.4848696437186295,2.3790329232504024,1.2157448601598113,0.5063597992942321,1.2156134737424062,0.650468982772416,1.2325400634494015,0.6430368178053602
2021_14_LA_ARI,2021,15,2021-12-13,20:15,Los Angeles Rams,Arizona Cardinals,Home,Matthew Stafford,Kyler Murray,00-0026498,00-0035228,8,8,0,0,9,7,State Farm Stadium,33.5277,-112.262608,America/Denver,False,False,14,14,Monday,False,False,0,False,False,0,9,7,NFC West,SoFi Stadium,33.9535,-118.3395,America/Los_Angeles,NFC West,State Farm Stadium,33.5277,-112.262608,America/Denver,Jacksonville Jaguars,Chicago Bears,SoFi Stadium,Soldier Field,Seattle Seahawks,Detroit Lions,SoFi Stadium,Ford Field,350,0,-350,350,-1.0,0.0,America/Los_Angeles,America/Chicago,-1.0,1.0,-1.0,0.0,-1.0,0,1.29,0.075,1.29,0.075,Los Angeles Rams,1.215,Los Angeles Rams,1.215,1.29,0.075,Los Angeles Rams,1.215,0.0,0,No,No,No,No,No,1,No,0.0,0.0,2.739,4.223,3.560815,-2.337315,3.560815,-2.337315,2.282965,-2.424465,5.036805,1.7836949999999998,Los Angeles Rams,5.89813,Los Angeles Rams,5.89813,3.560815,-2.337315,Los Angeles Rams,5.89813,Tie,0.0,Arizona Cardinals,1.484,1.3695,2.1115,Arizona Cardinals,0.742,Los Angeles Rams,4.70743,Los Angeles Rams,3.2531100000000004,3.659885,-0.3203849999999999,Los Angeles Rams,3.98027,Different,Different,Same,Same,Different,Different,False,Away Team,Away Team,51.0,-172.0,154.0,Arizona Cardinals,Los Angeles Rams,-3.0,3.0,181,-224,156,-191,4.70743,-4.70743,3.2531100000000004,-3.2531100000000004,0.3937,0.6324,0.6914,0.3559,0.6564,0.3906,0.3837,0.6163,0.6602,0.3398,0.6269,0.3731,0.3837,0.6163,-0.1163,0.1163,,,39,0.0,70.0,0.0,Dome,True,M.Stafford,J.Brissett,12.23,13.0,13.7,187.77,Med-High,4.0,21.0,53.67,53.0,13.867203426292312,36.0,72.0,0.1826,0.8172,0.063,0.0584,0.1344,0.8408,0.5452,0.429,15,2021-12-13,Los Angeles Rams @ Arizona Cardinals,0.378,0.622,165,-165,,,,,,,,No Bet,,No Bet,,No Bet,,No Bet,,No Bet,,No Bet,,No Bet,,No Bet,,No Bet,,,,,,,,,,,,,,,,,,,,,,,,,,,,,15,0.180975,0.1014,Arizona Cardinals,Los Angeles Rams,0,0,0,0,0,1,0,0,0,0,0,1,1,4.0,3.0,,,18.871793787439856,0.429888129301091,0.0,0.0025561834469237,0.0,0.0297301683362865,0.0,0.0185095985569254,0.0,0.0015753758583391,0.0009808075885846,0.0,0.0,0.0009808075885846,0.0,0.048239766893212,0.0025561834469237,0.0,10.0,0.0,0.3837,0.6163,0.5816,0.4183,0.731,0.2688,Arizona Cardinals,Los Angeles Rams,Los Angeles Rams,Los Angeles Rams,Los Angeles Rams,Same,Same,Same,False,False,0.0025561834469237,0.0,0.0025561834469237,0.0,0.0025561834469237,0.0,,,0.8278379489377435,0.0,1.245497749852791,0.0,0.6387852496681716,0.0,0.336702222541961,0.0,0.7023653598848038,0.0
2021_15_KC_LAC,2021,16,2021-12-16,20:20,Kansas City Chiefs,Los Angeles Chargers,Home,Patrick Mahomes,Justin Herbert,00-0033873,00-0036355,4,4,0,0,6,-3,SoFi Stadium,33.9535,-118.3395,America/Los_Angeles,False,False,15,15,Thursday,False,False,0,False,False,0,6,-3,AFC West,GEHA Field at Arrowhead Stadium,39.0489,-94.4839,America/Chicago,AFC West,SoFi Stadium,33.9535,-118.3395,America/Los_Angeles,Las Vegas Raiders,New York Giants,GEHA Field at Arrowhead Stadium,SoFi Stadium,Pittsburgh Steelers,Houston Texans,GEHA Field at Arrowhead Stadium,NRG Stadium,1366,0,-1366,1366,2.0,0.0,America/Chicago,America/Los_Angeles,2.0,0.0,2.0,0.0,2.0,0,4.395,0.935,4.395,0.935,Kansas City Chiefs,3.4599999999999995,Kansas City Chiefs,3.4599999999999995,4.395,0.935,Kansas City Chiefs,3.4599999999999995,-0.15,0,No,No,No,No,No,1,No,0.0,0.0,6.28,-1.298,5.171255,1.031245,5.171255,1.031245,0.810855,0.0616449999999999,7.015075,-1.160575,Kansas City Chiefs,4.140009999999999,Kansas City Chiefs,4.140009999999999,5.171255,1.031245,Kansas City Chiefs,4.140009999999999,Tie,0.0,Kansas City Chiefs,7.578,3.14,-0.649,Kansas City Chiefs,3.789,Kansas City Chiefs,0.74921,Kansas City Chiefs,8.17565,3.912965,-0.549465,Kansas City Chiefs,4.46243,Different,Same,Same,Same,Different,Same,True,Away Team,Away Team,54.0,155.0,-173.0,Kansas City Chiefs,Los Angeles Chargers,3.0,-3.0,-104,-116,282,-366,0.74921,-0.74921,8.17565,-8.17565,0.6337,0.3922,0.537,0.5098,0.7854,0.2618,0.6177,0.3823,0.513,0.487,0.75,0.25,0.6177,0.3823,0.1177,-0.1177,,,40,0.0,70.0,0.0,Dome,True,P.Mahomes,J.Herbert,5.68,6.0,14.16,200.61,High,-4.0,15.0,63.05,63.0,14.45133566354654,45.0,82.0,0.336,0.6636,0.084,0.0722,0.3714,0.5736,0.7132,0.263,16,2021-12-16,Kansas City Chiefs @ Los Angeles Chargers,0.3638,0.6361,175,-175,,,,,,,,No Bet,,No Bet,,No Bet,,No Bet,,No Bet,,No Bet,,No Bet,,No Bet,,No Bet,,,,,,,,,,,,,,,,,,,,,,,,,,,,,16,0.239,0.2361666666666666,Kansas City Chiefs,Los Angeles Chargers,0,0,0,0,0,0,0,0,0,0,0,0,1,4.5,4.5,,,14.988472214621432,0.7449356411655919,0.0753641060551372,7.572840390120979e-05,0.0010930018384755,0.0004339307916165,0.0101194255819643,0.0007011222861143,0.0062630021045571,2.8950968811432505e-05,4.677743508977729e-05,0.0006751472356263,0.0004178546028492,0.0004646320379389,0.0163824276865214,0.0011350530777309,7.572840390120979e-05,0.0010930018384755,7.0,3.0,0.6177,0.3823,0.651,0.3489,0.6336,0.3658,Kansas City Chiefs,Kansas City Chiefs,Kansas City Chiefs,Kansas City Chiefs,Kansas City Chiefs,Same,Same,Same,False,False,7.572840390120979e-05,0.0010930018384755,7.572840390120979e-05,0.0010930018384755,7.572840390120979e-05,0.0010930018384755,,,0.5182306983020455,0.8359851945669512,1.2029419823897098,1.2329781759905538,0.39058130510611255,1.167529811759904,0.7316300587948775,1.4220555170979097,0.6380156726829747,1.1080544977854816
2021_15_NE_IND,2021,16,2021-12-18,20:20,New England Patriots,Indianapolis Colts,Home,Mac Jones,Carson Wentz,00-0036972,00-0032950,12,13,-1,1,-15,-3,Lucas Oil Stadium,39.7601,-86.1638,America/Indiana/Indianapolis,False,False,15,15,Saturday,False,False,0,False,False,0,-15,-3,AFC East,Gillette Stadium,42.0628,-71.2687,America/New_York,AFC South,Lucas Oil Stadium,39.7601,-86.1638,America/Indiana/Indianapolis,Buffalo Bills,Houston Texans,Highmark Stadium,NRG Stadium,Buffalo Bills,Arizona Cardinals,Gillette Stadium,State Farm Stadium,792,0,-792,792,0.0,0.0,America/New_York,America/Chicago,0.0,-1.0,0.0,0.0,0.0,0,-1.995,-2.265,-1.995,-2.265,New England Patriots,0.27,New England Patriots,0.27,-1.995,-2.265,New England Patriots,0.27,0.0,0,No,No,No,No,No,0,No,0.0,0.0,3.922,2.757,-1.7495000000000005,-3.752,-1.7495000000000005,-3.752,0.2455,-1.487,4.1675,1.2700000000000005,New England Patriots,2.0024999999999995,New England Patriots,2.0024999999999995,-1.7495000000000005,-3.752,New England Patriots,2.0024999999999995,Tie,0.0,New England Patriots,1.165,1.961,1.3785,New England Patriots,0.5825,New England Patriots,1.7325,New England Patriots,2.8975,2.2065,-0.1084999999999997,New England Patriots,2.315,Different,Same,Same,Same,Different,Same,False,Away Team,Away Team,46.0,-109.0,-102.0,New England Patriots,Indianapolis Colts,1.0,-1.0,105,-128,135,-164,1.7325,-1.7325,2.8975,-2.8975,0.505,0.5215,0.5614,0.4878,0.6212,0.4255,0.4919,0.5081,0.5351,0.4649,0.5935,0.4065,0.4919,0.5081,-0.0081,0.0081,,,41,0.0,70.0,0.0,Dome,True,D.Maye,D.Jones,-3.28,-4.0,14.18,201.15,High,-13.0,7.0,45.43,44.0,13.331410235221629,29.0,63.0,0.5918,0.407,0.0852,0.0822,0.593,0.3896,0.4464,0.5242,16,2021-12-18,New England Patriots @ Indianapolis Colts,0.4928,0.5069,103,-103,,,,,,,,No Bet,,No Bet,,No Bet,,No Bet,,No Bet,,No Bet,,No Bet,,No Bet,,No Bet,,,,,,,,,,,,,,,,,,,,,,,,,,,,,16,0.1944,0.1815999999999999,New England Patriots,Indianapolis Colts,0,0,0,0,0,0,0,1,0,0,0,1,0,4.0,4.0,,,14.988472214621432,0.0,0.1086962547257733,0.0,7.393469599352436e-05,0.0,0.0005451079063912,0.0,0.0005630602302041,0.0,0.0,3.636847695921463e-05,3.7566219034309725e-05,3.7566219034309725e-05,0.0011081681365954,0.0,0.0,7.393469599352436e-05,7.0,3.0,0.4919,0.5081,0.5006,0.499,0.5354,0.4632,Indianapolis Colts,New England Patriots,New England Patriots,Indianapolis Colts,New England Patriots,Different,Different,Same,False,False,0.0,7.393469599352436e-05,0.0,7.393469599352436e-05,0.0,7.393469599352436e-05,,,0.0,0.6660993396892751,0.0,1.3022353905400648,0.0,0.9246445907124157,0.0,0.8785315646031362,0.0,0.8853924928886507
2021_15_CAR_BUF,2021,16,2021-12-19,13:00,Carolina Panthers,Buffalo Bills,Home,Cam Newton,Josh Allen,00-0027939,00-0034857,7,7,0,0,11,-1,Highmark Stadium,42.7725,-78.7877,America/New_York,False,False,15,15,Sunday,False,False,0,False,False,0,11,-1,NFC South,Bank of America Stadium,35.2258,-80.8528,America/New_York,AFC East,Highmark Stadium,42.7725,-78.7877,America/New_York,Atlanta Falcons,Tampa Bay Buccaneers,Bank of America Stadium,Raymond James Stadium,Tampa Bay Buccaneers,New England Patriots,Bank of America Stadium,Gillette Stadium,533,0,-533,533,0.0,0.0,America/New_York,America/New_York,0.0,0.0,0.0,0.0,0.0,0,-5.25,4.795,-5.25,4.795,Buffalo Bills,10.045,Buffalo Bills,10.045,-5.25,4.795,Buffalo Bills,10.045,0.0,0,No,No,No,No,No,0,No,0.0,0.0,0.31,8.856,-2.947,3.96,-2.947,3.96,2.303,-0.8350000000000001,2.613,8.020999999999999,Buffalo Bills,6.907,Buffalo Bills,6.907,-2.947,3.96,Buffalo Bills,6.907,Tie,0.0,Buffalo Bills,8.546,0.155,4.428,Buffalo Bills,4.273,Carolina Panthers,3.138,Buffalo Bills,5.408,2.458,3.5929999999999995,Buffalo Bills,1.1349999999999991,Different,Same,Different,Same,Different,Same,False,Away Team,Home Team,43.0,-739.0,562.0,Buffalo Bills,Carolina Panthers,-14.0,14.0,135,-164,-244,195,3.138,-3.138,-5.408,5.408,0.1511,0.8808,0.6212,0.4255,0.339,0.7093,0.1464,0.8536,0.5935,0.4065,0.3234,0.6766,0.1464,0.8536,-0.3536,0.3536,30.0,8.0,42,8.0,30.0,0.0,nfl_read_py Fallback,False,B.Young,J.Allen,-16.85,-17.0,13.67,186.77,Med-High,-26.0,-9.0,47.16,47.0,12.809481510323227,31.0,64.0,0.887,0.1128,0.0442,0.045,0.58,0.3868,0.5862,0.3678,16,2021-12-19,Carolina Panthers @ Buffalo Bills,0.7059,0.294,-240,240,,,,,,,,No Bet,,No Bet,,No Bet,,No Bet,,No Bet,,No Bet,,No Bet,,No Bet,,No Bet,,,,,,,,,,,,,,,,,,,,,,,,,,,,,16,-0.2728,0.2452333333333333,Buffalo Bills,Carolina Panthers,0,0,0,0,0,0,0,0,0,0,0,0,0,0.5,4.5,,,14.988472214621432,0.0,0.6185536888934788,0.0,0.0002585693990044,0.0,0.0005673820209703,0.0,0.003308178231559,0.0,0.0,3.785456001424975e-05,0.0002207148389901,0.0002207148389901,0.0038755602525293,0.0,0.0,0.0002585693990044,7.0,3.0,0.1464,0.8536,0.2659,0.7339,0.1322,0.8672,Buffalo Bills,Buffalo Bills,Buffalo Bills,Buffalo Bills,Buffalo Bills,Same,Same,Same,False,False,0.0,0.0002585693990044,0.0,0.0002585693990044,0.0,0.0002585693990044,,,0.0,0.19818837235109524,0.0,1.441533340525033,0.0,0.5035972074871629,0.0,0.2425197554165865,0.0,0.5129065812877416
2021_15_ARI_DET,2021,16,2021-12-19,13:00,Arizona Cardinals,Detroit Lions,Home,Kyler Murray,Jared Goff,00-0035228,00-0033106,6,7,-1,1,6,11,Ford Field,42.3395,-83.045,America/Detroit,False,False,15,15,Sunday,False,False,0,False,False,0,6,11,NFC West,State Farm Stadium,33.5277,-112.262608,America/Denver,NFC North,Ford Field,42.3395,-83.045,America/Detroit,Los Angeles Rams,Denver Broncos,State Farm Stadium,Empower Field at Mile High,Indianapolis Colts,Atlanta Falcons,State Farm Stadium,Mercedes-Benz Stadium,1693,0,-1693,1693,-2.0,0.0,America/Denver,America/Denver,-2.0,-2.0,-2.0,0.0,-2.0,0,0.075,4.305,0.075,4.305,Detroit Lions,4.23,Detroit Lions,4.23,0.075,4.305,Detroit Lions,4.23,-0.3,0,No,No,No,No,Yes,0,No,0.0,0.0,4.223,-8.449,2.6225,3.0615,2.6225,3.0615,2.5475,-1.2435,6.7705,-9.6925,Detroit Lions,0.439,Detroit Lions,0.439,2.6225,3.0615,Detroit Lions,0.439,Tie,0.0,Arizona Cardinals,12.672,2.1115,-4.2245,Arizona Cardinals,6.336,Arizona Cardinals,3.791,Arizona Cardinals,16.463,4.659,-5.468,Arizona Cardinals,10.127,Different,Different,Different,Different,Different,Same,False,Away Team,Away Team,48.0,495.0,-634.0,Arizona Cardinals,Detroit Lions,13.0,-13.0,171,-211,728,-1267,3.791,-3.791,16.463,-16.463,0.8638,0.1681,0.6785,0.369,0.9268,0.1208,0.8371,0.1629,0.6477,0.3523,0.8847,0.1153,0.8371,0.1629,0.3371,-0.3371,,,43,0.0,70.0,0.0,Dome,True,J.Brissett,J.Goff,2.33,3.0,13.87,192.42,Med-High,-7.0,12.0,56.42,56.0,14.130705719419176,39.0,75.0,0.4306,0.5682,0.0872,0.096,0.7636,0.2142,0.708,0.2752,16,2021-12-19,Arizona Cardinals @ Detroit Lions,0.2653,0.7344,277,-277,,,,,,,,No Bet,,No Bet,,No Bet,,No Bet,,No Bet,,No Bet,,No Bet,,No Bet,,No Bet,,,,,,,,,,,,,,,,,,,,,,,,,,,,,16,0.0228333333333333,-0.2244666666666666,Arizona Cardinals,Detroit Lions,0,0,0,0,1,0,0,0,0,0,1,0,0,2.5,1.0,,,14.988472214621432,0.9997485501846044,0.4279045936938205,0.0002244847420136,0.2151766973701255,0.0005481069125474,2.699789764949228,0.0028165764057301,0.5253801848169029,3.656856447401862e-05,0.0001879161775396,0.180124413368532,0.0350522840015934,0.035240200179133,3.225169949766131,0.0033646833182775,0.0002244847420136,0.2151766973701255,7.0,3.0,0.8371,0.1629,0.694,0.3058,0.6992,0.2998,Arizona Cardinals,Arizona Cardinals,Arizona Cardinals,Arizona Cardinals,Arizona Cardinals,Same,Same,Same,False,False,0.0002244847420136,0.2151766973701255,0.0002244847420136,0.2151766973701255,0.0002244847420136,0.2151766973701255,,,0.2928977909874039,1.061318101881596,1.3482251301557178,1.0876950282245474,0.27175716404039624,1.2863539528256132,1.2594829592032315,0.8942026166895621,0.6592831043740535,1.086787066094399
2021_15_HOU_JAX,2021,16,2021-12-19,13:00,Houston Texans,Jacksonville Jaguars,Home,Davis Mills,Trevor Lawrence,00-0036898,00-0036971,7,7,0,0,11,-1,TIAA Bank Field,30.3239,-81.6554,America/New_York,False,False,15,15,Sunday,False,False,0,False,False,0,11,-1,AFC South,NRG Stadium,29.6847,-95.4093,America/Chicago,AFC South,TIAA Bank Field,30.3239,-81.6554,America/New_York,Seattle Seahawks,Tennessee Titans,NRG Stadium,Nissan Stadium,Los Angeles Chargers,New York Jets,NRG Stadium,MetLife Stadium,823,0,-823,823,-1.0,0.0,America/Chicago,America/Chicago,-1.0,-1.0,-1.0,0.0,-1.0,0,0.035,-1.825,0.035,-1.825,Houston Texans,1.86,Houston Texans,1.86,0.035,-1.825,Houston Texans,1.86,0.0,0,No,No,No,No,No,1,No,0.0,0.0,-6.944,-9.707,0.50553,-1.50053,0.50553,-1.50053,0.48913,0.30587,-6.4825,-9.373500000000002,Houston Texans,2.00606,Houston Texans,2.00606,0.50553,-1.50053,Houston Texans,2.00606,Tie,0.0,Houston Texans,2.763000000000001,-3.472,-4.8535,Houston Texans,1.3815000000000004,Houston Texans,0.1832600000000001,Houston Texans,2.891000000000002,-2.996685,-4.533815000000001,Houston Texans,1.5371300000000008,Different,Same,Same,Same,Different,Same,False,Away Team,Away Team,40.0,-257.0,224.0,Jacksonville Jaguars,Houston Texans,-6.0,6.0,-110,-110,135,-164,0.1832600000000001,-0.1832600000000001,2.891000000000002,-2.891000000000002,0.3086,0.7199,0.5238,0.5238,0.6212,0.4255,0.3001,0.6999,0.5,0.5,0.5935,0.4065,0.3001,0.6999,-0.1999,0.1999,80.0,12.0,44,12.0,80.0,0.0,nfl_read_py Fallback,False,C.Stroud,T.Lawrence,4.61,6.0,13.12,172.16,Medium,-5.0,13.0,50.56,50.0,13.496398867715762,33.0,68.0,0.3586,0.6408,0.087,0.0872,0.2188,0.7596,0.7582,0.2172,16,2021-12-19,Houston Texans @ Jacksonville Jaguars,0.4912,0.5086,104,-104,,,,,,,,No Bet,,No Bet,,No Bet,,No Bet,,No Bet,,No Bet,,No Bet,,No Bet,,No Bet,,,,,,,,,,,,,,,,,,,,,,,,,,,,,16,-0.3267666666666666,-0.2661,Jacksonville Jaguars,Houston Texans,0,0,0,0,0,0,0,0,0,0,0,0,1,0.0,0.5,,,14.988472214621432,0.9990804133117036,0.9129851846878052,0.0997461908069271,0.0002420542872608,1.0463806022958262,0.0010887699901076,0.448662407128129,0.0025392539689315,0.0698123589457683,0.0299338318611588,7.264049160698153e-05,0.0001694137956538,0.0301032456568127,0.0036280239590392,1.4950430094239553,0.0997461908069271,0.0002420542872608,7.0,3.0,0.3001,0.6999,0.5382,0.4615,0.6124,0.3864,Jacksonville Jaguars,Houston Texans,Houston Texans,Houston Texans,Houston Texans,Same,Same,Same,False,False,0.0997461908069271,0.0002420542872608,0.0997461908069271,0.0002420542872608,0.0997461908069271,0.0002420542872608,,,0.9032290009909838,0.45098689187800917,0.9230630016125855,1.5128571567676758,0.5667924721831163,0.9913186446828863,0.6148262583646074,1.5388593175281882,0.752511450312985,0.9935587201554716
2021_15_NYJ_MIA,2021,16,2021-12-19,13:00,New York Jets,Miami Dolphins,Home,Zach Wilson,Tua Tagovailoa,00-0037013,00-0036212,7,14,-7,7,-3,-3,Hard Rock Stadium,25.9602,-80.2384,America/New_York,False,False,15,15,Sunday,False,False,0,False,False,0,-3,-3,AFC East,MetLife Stadium,40.8136,-74.0744,America/New_York,AFC East,Hard Rock Stadium,25.9602,-80.2384,America/New_York,New Orleans Saints,New York Giants,MetLife Stadium,Hard Rock Stadium,Jacksonville Jaguars,New Orleans Saints,MetLife Stadium,Caesars Superdome,1085,0,-1085,1085,0.0,0.0,America/New_York,America/New_York,0.0,0.0,0.0,0.0,0.0,0,-3.725,0.66,-3.725,0.66,Miami Dolphins,4.385,Miami Dolphins,4.385,-3.725,0.66,Miami Dolphins,4.385,0.0,0,No,No,No,No,No,1,No,0.0,0.0,-9.19,-2.985,-6.710155,2.094655,-6.710155,2.094655,-3.029005,1.478505,-12.156955,-1.568545,Miami Dolphins,8.80481,Miami Dolphins,8.80481,-6.710155,2.094655,Miami Dolphins,8.80481,Tie,0.0,Miami Dolphins,6.205,-4.595,-1.4925,Miami Dolphins,3.1025,Miami Dolphins,4.50751,Miami Dolphins,10.58841,-7.59298,-0.0450199999999999,Miami Dolphins,7.54796,Different,Same,Same,Same,Different,Same,False,Home Team,Home Team,42.0,-445.0,366.0,Miami Dolphins,New York Jets,-10.5,10.5,-224,181,-538,389,-4.50751,4.50751,-10.58841,10.58841,0.2146,0.8165,0.3559,0.6914,0.2045,0.8433,0.2081,0.7919,0.3398,0.6602,0.1952,0.8048,0.2081,0.7919,-0.2919,0.2919,82.0,9.0,45,9.0,82.0,0.0,nfl_read_py Fallback,False,T.Taylor,T.Tagovailoa,-7.5,-8.0,12.66,160.34,Med-Low,-16.0,1.0,41.58,41.0,12.608199859644522,26.0,58.0,0.734,0.2652,0.0844,0.0786,0.4088,0.5912,0.4674,0.5102,16,2021-12-19,New York Jets @ Miami Dolphins,0.7477,0.2521,-296,297,,,,,,,,No Bet,,No Bet,,No Bet,,No Bet,,No Bet,,No Bet,,No Bet,,No Bet,,No Bet,,,,,,,,,,,,,,,,,,,,,,,,,,,,,16,-0.2368666666666666,-0.065,Miami Dolphins,New York Jets,0,0,0,0,0,0,0,0,0,0,0,0,1,0.5,2.0,,,14.988472214621432,0.6983030419741207,0.9980368390879756,0.2038093306677723,0.0002294305247634,2.419088588868262,0.00071561699479,0.6357019009262346,0.0027231960508133,0.1613966089558089,0.0424127217119633,4.77444922032806e-05,0.0001816860325602,0.0425944077445235,0.0034388130456034,3.0547904897944966,0.2038093306677723,0.0002294305247634,7.0,3.0,0.2081,0.7919,0.2673,0.7323,0.317,0.6814,Miami Dolphins,Miami Dolphins,Miami Dolphins,Miami Dolphins,Miami Dolphins,Same,Same,Same,False,False,0.2038093306677723,0.0002294305247634,0.2038093306677723,0.0002294305247634,0.2038093306677723,0.0002294305247634,,,0.9938523559154875,0.3603635369535098,1.1274782843723752,1.3084418740078916,1.139410123800697,0.4187009930653072,1.2424249579753897,0.9112606179173995,1.1200600944219745,0.6260100760464825
2021_15_DAL_NYG,2021,16,2021-12-19,13:00,Dallas Cowboys,New York Giants,Home,Dak Prescott,Mike Glennon,00-0033077,00-0030520,7,7,0,0,2,-2,MetLife Stadium,40.8136,-74.0744,America/New_York,False,True,15,15,Sunday,False,False,0,False,False,0,2,-2,NFC East,AT&T Stadium,32.7369,-97.0826,America/Chicago,NFC East,MetLife Stadium,40.8136,-74.0744,America/New_York,Washington Commanders,Los Angeles Chargers,FedExField,SoFi Stadium,Washington Commanders,Philadelphia Eagles,AT&T Stadium,Lincoln Financial Field,1384,0,-1384,1384,-1.0,0.0,America/New_York,America/Los_Angeles,0.0,-3.0,0.0,0.0,0.0,0,-0.615,-2.84,-0.615,-2.84,Dallas Cowboys,2.225,Dallas Cowboys,2.225,-0.615,-2.84,Dallas Cowboys,2.225,0.0,0,No,No,No,No,No,1,No,0.0,0.0,3.408,-4.564,-0.68568,-2.66332,-0.68568,-2.66332,-0.0484299999999999,0.15443,3.27985,-4.32985,Dallas Cowboys,1.97764,Dallas Cowboys,1.97764,-0.68568,-2.66332,Dallas Cowboys,1.97764,Tie,0.0,Dallas Cowboys,7.971999999999999,1.704,-2.282,Dallas Cowboys,3.986,New York Giants,0.2028599999999999,Dallas Cowboys,7.609699999999999,1.6157099999999998,-2.08771,Dallas Cowboys,3.70342,Different,Same,Different,Same,Different,Same,False,Home Team,Away Team,43.0,428.0,-534.0,Dallas Cowboys,New York Giants,11.5,-11.5,-110,-110,268,-346,-0.2028599999999999,0.2028599999999999,7.609699999999999,-7.609699999999999,0.8423,0.1894,0.5238,0.5238,0.7758,0.2717,0.8164,0.1836,0.5,0.5,0.7406,0.2594,0.8164,0.1836,0.3164,-0.3164,37.0,8.0,46,8.0,37.0,0.0,nfl_read_py Fallback,False,D.Prescott,J.Dart,12.99,13.0,13.31,177.22,Medium,5.0,22.0,48.94,48.0,13.259001171370809,32.0,67.0,0.1606,0.8388,0.0576,0.0578,0.4474,0.5526,0.6444,0.3104,16,2021-12-19,Dallas Cowboys @ New York Giants,0.2759,0.724,262,-262,,,,,,,,No Bet,,No Bet,,No Bet,,No Bet,,No Bet,,No Bet,,No Bet,,No Bet,,No Bet,,,,,,,,,,,,,,,,,,,,,,,,,,,,,16,0.2366666666666666,-0.2382333333333333,Dallas Cowboys,New York Giants,0,0,0,0,0,0,0,0,0,0,0,0,1,4.5,0.5,,,14.988472214621432,0.9992402732342603,0.0002448373428252,0.0002440462792152,0.0002448373428252,0.0006715869286682,0.0029959738664745,0.0029862939464311,0.0006737638435628,4.4806896863918e-05,0.0001992393823513,0.0001998852066825,4.495213614270883e-05,0.000244191518494,0.0036697377100374,0.0036578808750993,0.0002440462792152,0.0002448373428252,7.0,3.0,0.8164,0.1836,0.6607,0.3392,0.6414,0.3584,Dallas Cowboys,Dallas Cowboys,Dallas Cowboys,Dallas Cowboys,Dallas Cowboys,Same,Same,Same,False,False,0.0002440462792152,0.0002448373428252,0.0002440462792152,0.0002448373428252,0.0002440462792152,0.0002448373428252,,,0.24863429112908547,1.1055816017399136,1.2179732447971126,1.2179469135831473,0.4041748265621645,1.153936290303839,0.3458855126421587,1.8078000632506344,0.4817425926677323,1.2643275778007235
2021_15_TEN_PIT,2021,16,2021-12-19,13:00,Tennessee Titans,Pittsburgh Steelers,Home,Ryan Tannehill,Ben Roethlisberger,00-0029701,00-0022924,7,10,-3,3,-10,-3,Acrisure Stadium,40.4468,-80.0158,America/New_York,False,False,15,15,Sunday,False,False,0,False,False,0,-10,-3,AFC South,Nissan Stadium,36.1664,-86.7716,America/Chicago,AFC North,Acrisure Stadium,40.4468,-80.0158,America/New_York,Jacksonville Jaguars,Minnesota Vikings,Nissan Stadium,U.S. Bank Stadium,San Francisco 49ers,Kansas City Chiefs,Nissan Stadium,GEHA Field at Arrowhead Stadium,470,0,-470,470,-1.0,0.0,America/Chicago,America/Chicago,-1.0,-1.0,-1.0,0.0,-1.0,0,-4.36,-0.565,-4.36,-0.565,Pittsburgh Steelers,3.795,Pittsburgh Steelers,3.795,-4.36,-0.565,Pittsburgh Steelers,3.795,0.0,0,No,No,No,No,No,0,No,0.0,0.0,1.457,-1.995,-4.151,-0.5609999999999999,-4.151,-0.5609999999999999,0.2089999999999998,0.0039999999999999,1.666,-1.991,Pittsburgh Steelers,3.59,Pittsburgh Steelers,3.59,-4.151,-0.5609999999999999,Pittsburgh Steelers,3.59,Tie,0.0,Tennessee Titans,3.452,0.7285,-0.9975,Tennessee Titans,1.726,Tennessee Titans,0.2049999999999999,Tennessee Titans,3.657,0.9375,-0.9935,Tennessee Titans,1.931,Different,Different,Different,Different,Different,Same,False,Away Team,Away Team,44.0,-121.0,109.0,Pittsburgh Steelers,Tennessee Titans,-1.0,1.0,-110,-110,156,-191,0.2049999999999999,-0.2049999999999999,3.657,-3.657,0.4785,0.5475,0.5238,0.5238,0.6564,0.3906,0.4664,0.5336,0.5,0.5,0.6269,0.3731,0.4664,0.5336,-0.0336,0.0336,32.0,11.0,47,11.0,32.0,0.0,nfl_read_py Fallback,False,C.Ward,A.Rodgers,-3.74,-5.0,13.65,186.42,Med-High,-13.0,7.0,43.22,43.0,12.783253371241244,27.0,59.10000000000037,0.6148,0.384,0.0894,0.0864,0.5992,0.3852,0.4416,0.5302,16,2021-12-19,Tennessee Titans @ Pittsburgh Steelers,0.5054,0.4943,-102,102,,,,,,,,No Bet,,No Bet,,No Bet,,No Bet,,No Bet,,No Bet,,No Bet,,No Bet,,No Bet,,,,,,,,,,,,,,,,,,,,,,,,,,,,,16,0.1032,-0.1290666666666667,Pittsburgh Steelers,Tennessee Titans,0,0,0,0,0,0,1,0,0,0,1,0,0,3.5,1.5,,,14.988472214621432,0.4719612235441285,0.8356602703100772,0.0009943532605752,9.295204119895867e-05,0.0079526870057381,0.0006497927180848,0.006951149211912,0.000743416368718,0.0005305868998429,0.0004637663607322,4.335283201519433e-05,4.959920918376435e-05,0.000513365569916,0.0013932090868029,0.0149038362176502,0.0009943532605752,9.295204119895867e-05,7.0,3.0,0.4664,0.5336,0.4514,0.5483,0.4124,0.5866,Pittsburgh Steelers,Pittsburgh Steelers,Pittsburgh Steelers,Pittsburgh Steelers,Pittsburgh Steelers,Same,Same,Same,False,False,0.0009943532605752,9.295204119895867e-05,0.0009943532605752,9.295204119895867e-05,0.0009943532605752,9.295204119895867e-05,,,0.7221306596883943,0.6320852331806011,1.2032054300420192,1.2327147283382407,0.5802501287801508,0.9778609880858563,1.3167119167463142,0.836973659146478,0.8798799912591279,0.8661901792093288
2021_15_CIN_DEN,2021,16,2021-12-19,16:05,Cincinnati Bengals,Denver Broncos,Home,Joe Burrow,Teddy Bridgewater,00-0036442,00-0031237,7,7,0,0,10,3,Empower Field at Mile High,39.7648,-105.0076,America/Denver,False,False,15,15,Sunday,False,False,0,False,False,0,10,3,AFC North,Paycor Stadium,39.0955,-84.5165,America/New_York,AFC West,Empower Field at Mile High,39.7648,-105.0076,America/Denver,San Francisco 49ers,Detroit Lions,Paycor Stadium,Empower Field at Mile High,Baltimore Ravens,Las Vegas Raiders,Paycor Stadium,Allegiant Stadium,1091,0,-1091,1091,2.0,0.0,America/New_York,America/Denver,2.0,0.0,2.0,0.0,2.0,0,1.31,2.05,1.31,2.05,Denver Broncos,0.7399999999999998,Denver Broncos,0.7399999999999998,1.31,2.05,Denver Broncos,0.7399999999999998,-0.15,0,No,No,No,No,No,0,No,0.0,0.0,0.184,-1.949,3.3875,0.5679999999999998,3.3875,0.5679999999999998,2.0775,-1.4819999999999998,2.2615,-3.431,Cincinnati Bengals,2.819500000000001,Cincinnati Bengals,2.819500000000001,3.3875,0.5679999999999998,Cincinnati Bengals,2.819500000000001,Tie,0.0,Cincinnati Bengals,2.133,0.092,-0.9745,Cincinnati Bengals,1.0665,Cincinnati Bengals,3.5594999999999994,Cincinnati Bengals,5.6925,2.1695,-2.4565,Cincinnati Bengals,4.626,Different,Different,Same,Same,Different,Same,False,Away Team,Away Team,45.0,-155.0,140.0,Denver Broncos,Cincinnati Bengals,-3.0,3.0,156,-191,195,-244,3.5594999999999994,-3.5594999999999994,5.6925,-5.6925,0.4167,0.6078,0.6564,0.3906,0.7093,0.339,0.4067,0.5933,0.6269,0.3731,0.6766,0.3234,0.4067,0.5933,-0.0933,0.0933,61.0,19.0,48,19.0,61.0,0.0,nfl_read_py Fallback,False,J.Burrow,B.Nix,1.28,3.0,13.65,186.31,Med-High,-8.0,10.0,39.79,39.0,12.604358778297389,24.0,56.0,0.458,0.5404,0.0972,0.0898,0.3798,0.5738,0.3172,0.6624,16,2021-12-19,Cincinnati Bengals @ Denver Broncos,0.437,0.5626,129,-129,,,,,,,,No Bet,,No Bet,,No Bet,,No Bet,,No Bet,,No Bet,,No Bet,,No Bet,,No Bet,,,,,,,,,,,,,,,,,,,,,,,,,,,,,16,-0.0187333333333333,-0.1871,Denver Broncos,Cincinnati Bengals,0,0,0,0,0,0,0,0,0,0,0,0,0,2.5,1.0,,,14.988472214621432,0.1910074291264723,0.3942386745305927,0.0038662278505914,0.0002768167863543,0.0343810519420079,0.0016874229910875,0.0235677967719781,0.0024616377197251,0.0022938329837559,0.0015723948668355,0.0001125813870103,0.000164235399344,0.0017366302661795,0.0041490607108127,0.0579488487139861,0.0038662278505914,0.0002768167863543,7.0,3.0,0.4067,0.5933,0.4754,0.5241,0.4948,0.5032,Denver Broncos,Denver Broncos,Denver Broncos,Cincinnati Bengals,Cincinnati Bengals,Same,Different,Different,False,False,0.0038662278505914,0.0002768167863543,0.0038662278505914,0.0002768167863543,0.0038662278505914,0.0002768167863543,,,0.8016114008905307,0.5526044919784658,0.8655746740928043,1.5703454842874502,0.5003131020764473,1.057798014789558,0.9611621814508502,1.1925233944419442,0.754237843628318,0.991832326840142
2021_15_ATL_SF,2021,16,2021-12-19,16:05,Atlanta Falcons,San Francisco 49ers,Home,Matt Ryan,Jimmy Garoppolo,00-0026143,00-0031345,7,7,0,0,-3,5,Levi's Stadium,37.4031,-121.9702,America/Los_Angeles,False,True,15,15,Sunday,False,False,0,False,False,0,-3,5,NFC South,Mercedes-Benz Stadium,33.7489,-84.388,America/New_York,NFC West,Levi's Stadium,37.4031,-121.9702,America/Los_Angeles,Carolina Panthers,Cincinnati Bengals,Bank of America Stadium,Paycor Stadium,Detroit Lions,Tennessee Titans,Mercedes-Benz Stadium,Nissan Stadium,2112,0,-2112,2112,3.0,0.0,America/New_York,America/New_York,3.0,3.0,3.0,0.0,3.0,0,-0.71,3.325,-0.71,3.325,San Francisco 49ers,4.035,San Francisco 49ers,4.035,-0.71,3.325,San Francisco 49ers,4.035,-0.2249999999999999,0,No,No,No,No,No,0,No,0.0,0.0,-8.837,2.31,0.5545000000000001,1.9915000000000005,0.5545000000000001,1.9915000000000005,1.2645,-1.3335,-7.5725,0.9765,San Francisco 49ers,1.4370000000000005,San Francisco 49ers,1.4370000000000005,0.5545000000000001,1.9915000000000005,San Francisco 49ers,1.4370000000000005,Tie,0.0,San Francisco 49ers,11.147,-4.4185,1.155,San Francisco 49ers,5.5735,Atlanta Falcons,2.598,San Francisco 49ers,8.549,-3.154,-0.1784999999999998,San Francisco 49ers,2.9755000000000003,Different,Same,Different,Same,Different,Same,False,Away Team,Home Team,48.0,-380.0,319.0,San Francisco 49ers,Atlanta Falcons,-9.5,9.5,117,-142,-397,302,2.598,-2.598,-8.549,8.549,0.2387,0.7917,0.5868,0.4608,0.2488,0.7988,0.2316,0.7684,0.5601,0.4399,0.2375,0.7625,0.2316,0.7684,-0.2684,0.2684,46.0,0.0,49,0.0,46.0,0.0,nfl_read_py Fallback,False,K.Cousins,B.Purdy,-4.14,-5.0,13.97,195.2,High,-14.0,6.0,50.0,49.0,13.620862732599432,33.0,68.0,0.6196,0.3798,0.0852,0.0944,0.3726,0.6274,0.5236,0.4604,16,2021-12-19,Atlanta Falcons @ San Francisco 49ers,0.6476,0.3523,-184,184,,,,,,,,No Bet,,No Bet,,No Bet,,No Bet,,No Bet,,No Bet,,No Bet,,No Bet,,No Bet,,,,,,,,,,,,,,,,,,,,,,,,,,,,,16,-0.088,0.1109,San Francisco 49ers,Atlanta Falcons,0,0,0,0,0,1,0,0,0,0,0,1,0,2.0,3.5,,,14.988472214621432,0.7103038296346834,0.9662233819830776,0.0911168334692061,0.0002487141754953,1.0494055141850835,0.0008633690198369,0.3162966125524015,0.0028644764889582,0.070014174837738,0.0211026586314681,5.760220304473386e-05,0.0001911119724506,0.0212937706039188,0.0037278455087952,1.365702126737485,0.0911168334692061,0.0002487141754953,7.0,3.0,0.2316,0.7684,0.3645,0.6353,0.2204,0.7788,San Francisco 49ers,San Francisco 49ers,San Francisco 49ers,San Francisco 49ers,San Francisco 49ers,Same,Same,Same,False,False,0.0911168334692061,0.0002487141754953,0.0911168334692061,0.0002487141754953,0.0911168334692061,0.0002487141754953,,,1.0051617172080058,0.34905417566099073,0.8127733100586497,1.6231468483216005,1.1297470092556172,0.42836410761038773,1.1307129810497099,1.0229725948430877,1.0274545115540903,0.7186156589143663
2021_15_GB_BAL,2021,16,2021-12-19,16:25,Green Bay Packers,Baltimore Ravens,Home,Aaron Rodgers,Tyler Huntley,00-0023459,00-0035993,7,7,0,0,-6,-4,M&T Bank Stadium,39.2789,-76.6228,America/New_York,False,False,15,15,Sunday,False,False,0,False,False,0,-6,-4,NFC North,Lambeau Field,44.5013,-88.0622,America/Chicago,AFC North,M&T Bank Stadium,39.2789,-76.6228,America/New_York,Chicago Bears,Cleveland Browns,Lambeau Field,FirstEnergy Stadium,Cleveland Browns,Cincinnati Bengals,Lambeau Field,Paycor Stadium,689,0,-689,689,-1.0,0.0,America/Chicago,America/New_York,-1.0,0.0,-1.0,0.0,-1.0,0,3.535,6.69,3.535,6.69,Baltimore Ravens,3.155,Baltimore Ravens,3.155,3.535,6.69,Baltimore Ravens,3.155,0.0,0,No,No,No,No,No,0,No,0.0,0.0,2.121,4.808,1.8475,7.403,1.8475,7.403,-1.6875,0.7130000000000001,0.4334999999999998,5.521,Baltimore Ravens,5.5555,Baltimore Ravens,5.5555,1.8475,7.403,Baltimore Ravens,5.5555,Tie,0.0,Baltimore Ravens,2.687,1.0605,2.404,Baltimore Ravens,1.3435,Baltimore Ravens,2.4005,Baltimore Ravens,5.0875,-0.6270000000000001,3.117,Baltimore Ravens,3.744,Different,Same,Same,Same,Different,Same,False,Home Team,Home Team,45.5,299.0,-354.0,Green Bay Packers,Baltimore Ravens,9.5,-9.5,-142,117,-234,188,-2.4005,2.4005,-5.0875,5.0875,0.7797,0.2506,0.4608,0.5868,0.3472,0.7006,0.7568,0.2432,0.4399,0.5601,0.3314,0.6686,0.7568,0.2432,0.2568,-0.2568,43.0,11.0,50,11.0,43.0,0.0,nfl_read_py Fallback,False,J.Love,L.Jackson,-0.17,-1.0,14.18,201.11,High,-10.0,10.0,50.16,50.0,13.590868012701312,33.0,68.0,0.5024,0.4974,0.0798,0.0826,0.736,0.264,0.6232,0.3768,16,2021-12-19,Green Bay Packers @ Baltimore Ravens,0.4936,0.5064,103,-103,,,,,,,,No Bet,,No Bet,,No Bet,,No Bet,,No Bet,,No Bet,,No Bet,,No Bet,,No Bet,,,,,,,,,,,,,,,,,,,,,,,,,,,,,16,0.2547999999999999,-0.1357666666666666,Green Bay Packers,Baltimore Ravens,0,0,0,0,1,0,0,0,0,0,1,0,0,4.5,1.5,,,14.988472214621432,0.3597419094632921,0.3473297524968483,0.0002352413015594,0.0445016046761849,0.000857500755596,0.5047939741396252,0.0026684069565587,0.1622170910554397,5.7210684539251966e-05,0.0001780306170201,0.0336788144189367,0.0108227902572481,0.0110008208742683,0.6670110651950649,0.0035259077121548,0.0002352413015594,0.0445016046761849,7.0,3.0,0.7568,0.2432,0.5434,0.4565,0.5566,0.443,Green Bay Packers,Green Bay Packers,Green Bay Packers,Baltimore Ravens,Green Bay Packers,Same,Different,Same,False,False,0.0002352413015594,0.0445016046761849,0.0002352413015594,0.0445016046761849,0.0002352413015594,0.0445016046761849,,,0.3467755237259164,1.0074403691430815,1.5528432396424428,0.8830769187378262,1.0714356279481732,0.4866754889178336,1.2053915994096884,0.9482939764831069,0.9203103809100875,0.8257597895583705
2021_15_NO_TB,2021,16,2021-12-19,20:20,New Orleans Saints,Tampa Bay Buccaneers,Home,Taysom Hill,Tom Brady,00-0033357,00-0019596,7,7,0,0,9,0,Raymond James Stadium,27.9759,-82.5033,America/New_York,False,True,15,15,Sunday,False,False,0,False,False,0,9,0,NFC South,Caesars Superdome,29.9507,-90.0813,America/Chicago,NFC South,Raymond James Stadium,27.9759,-82.5033,America/New_York,New York Jets,Buffalo Bills,MetLife Stadium,Raymond James Stadium,Miami Dolphins,Carolina Panthers,Caesars Superdome,Bank of America Stadium,478,0,-478,478,-1.0,0.0,America/New_York,America/New_York,0.0,0.0,0.0,0.0,0.0,0,-6.145,1.025,-6.145,1.025,Tampa Bay Buccaneers,7.17,Tampa Bay Buccaneers,7.17,-6.145,1.025,Tampa Bay Buccaneers,7.17,0.0,0,No,No,No,No,No,1,No,0.0,0.0,-0.914,5.429,-5.30158,1.89358,-5.30158,1.89358,0.77172,0.94028,-0.07885,6.30585,Tampa Bay Buccaneers,7.19516,Tampa Bay Buccaneers,7.19516,-5.30158,1.89358,Tampa Bay Buccaneers,7.19516,Tie,0.0,Tampa Bay Buccaneers,6.343,-0.457,2.7145,Tampa Bay Buccaneers,3.1715,Tampa Bay Buccaneers,0.16856,Tampa Bay Buccaneers,6.3847000000000005,0.346435,3.623065,Tampa Bay Buccaneers,3.2766300000000004,Different,Same,Same,Same,Different,Same,False,Home Team,Home Team,45.5,-518.0,417.0,Tampa Bay Buccaneers,New Orleans Saints,-11.5,11.5,-110,-110,-282,224,-0.16856,0.16856,-6.3847000000000005,6.3847000000000005,0.1934,0.8382,0.5238,0.5238,0.3086,0.7382,0.1875,0.8125,0.5,0.5,0.2948,0.7052,0.1875,0.8125,-0.3125,0.3125,75.0,0.0,51,0.0,75.0,0.0,nfl_read_py Fallback,False,T.Shough,B.Mayfield,-3.02,-4.0,13.66,186.72,Med-High,-13.0,7.0,46.56,46.0,12.899218736373212,30.0,63.0,0.5914,0.4082,0.091,0.0818,0.2754,0.7246,0.5224,0.4776,16,2021-12-19,New Orleans Saints @ Tampa Bay Buccaneers,0.6523,0.3476,-188,188,,,,,,,,No Bet,,No Bet,,No Bet,,No Bet,,No Bet,,No Bet,,No Bet,,No Bet,,No Bet,,,,,,,,,,,,,,,,,,,,,,,,,,,,,16,0.0915333333333333,0.3238333333333333,Tampa Bay Buccaneers,New Orleans Saints,0,0,0,0,0,0,0,0,0,0,0,0,1,3.0,5.0,,,14.988472214621432,0.0787159949173492,0.9688802420641278,0.042701995467279,0.0002530501393656,0.5200306089632891,0.0007111565592727,0.1200070636069128,0.0030816784235151,0.0346953713171642,0.0080066241501148,4.744690113105627e-05,0.0002056032382345,0.0082122273883493,0.0037928349827878,0.640037672570202,0.042701995467279,0.0002530501393656,7.0,3.0,0.1875,0.8125,0.4299,0.5698,0.4118,0.587,Tampa Bay Buccaneers,Tampa Bay Buccaneers,Tampa Bay Buccaneers,Tampa Bay Buccaneers,Tampa Bay Buccaneers,Same,Same,Same,False,False,0.042701995467279,0.0002530501393656,0.042701995467279,0.0002530501393656,0.042701995467279,0.0002530501393656,,,1.0862383602333987,0.26797753263559676,1.0151242039452377,1.4207959544350237,1.0660724745351968,0.4920386423308115,1.1424136458204122,1.0112719300723843,1.0796861354944514,0.6663840349740052
2021_15_LV_CLE,2021,16,2021-12-20,17:00,Las Vegas Raiders,Cleveland Browns,Home,Derek Carr,Nick Mullens,00-0031280,00-0033319,8,8,0,0,0,4,FirstEnergy Stadium,41.5061,-81.6994,America/New_York,False,True,15,15,Monday,False,False,0,False,False,0,0,4,AFC West,Allegiant Stadium,36.108,-115.1578,America/Los_Angeles,AFC North,FirstEnergy Stadium,41.5061,-81.6994,America/New_York,Kansas City Chiefs,Baltimore Ravens,GEHA Field at Arrowhead Stadium,FirstEnergy Stadium,Denver Broncos,Green Bay Packers,Allegiant Stadium,Lambeau Field,1826,0,-1826,1826,-3.0,0.0,America/Chicago,America/New_York,-1.0,0.0,-3.0,0.0,-3.0,0,-2.35,-4.705,-2.35,-4.705,Las Vegas Raiders,2.355,Las Vegas Raiders,2.355,-2.35,-4.705,Las Vegas Raiders,2.355,-0.4499999999999999,0,No,No,No,No,No,0,No,0.0,0.0,0.289,2.665,-2.2495,-4.9955,-2.2495,-4.9955,0.1005,-0.2905,0.3895,2.3745000000000003,Las Vegas Raiders,2.746,Las Vegas Raiders,2.746,-2.2495,-4.9955,Las Vegas Raiders,2.746,Tie,0.0,Cleveland Browns,2.376,0.1445,1.3325,Cleveland Browns,1.188,Las Vegas Raiders,0.391,Cleveland Browns,1.9850000000000003,0.245,1.0420000000000005,Cleveland Browns,0.7970000000000003,Different,Different,Same,Different,Different,Same,False,Away Team,Home Team,41.0,131.0,-147.0,Las Vegas Raiders,Cleveland Browns,3.0,-3.0,-104,-116,-131,108,0.391,-0.391,-1.9850000000000003,1.9850000000000003,0.5951,0.4329,0.537,0.5098,0.4808,0.5671,0.5789,0.4211,0.513,0.487,0.4588,0.5412,0.5789,0.4211,0.0789,-0.0789,40.0,8.0,52,8.0,40.0,0.0,nfl_read_py Fallback,False,G.Smith,S.Sanders,-5.29,-7.0,14.3,204.45,High,-15.0,6.0,48.67,48.0,13.655565610198169,32.0,67.0,0.6358,0.3636,0.074,0.076,0.6692,0.2938,0.6858,0.2914,16,2021-12-20,Las Vegas Raiders @ Cleveland Browns,0.5213,0.4786,-109,109,,,,,,,,No Bet,,No Bet,,No Bet,,No Bet,,No Bet,,No Bet,,No Bet,,No Bet,,No Bet,,,,,,,,,,,,,,,,,,,,,,,,,,,,,16,-0.1339,-0.0204999999999999,Las Vegas Raiders,Cleveland Browns,0,0,0,0,0,0,0,1,0,0,0,1,0,1.5,2.5,,,14.988472214621432,0.0482542487663497,0.8963932825725411,0.000308684495922,0.0032091752130201,0.001948307155778,0.0278454567402152,0.0026784018344334,0.0202551767719893,0.0001299870412327,0.0001786974546892,0.0018577915308173,0.0013513836822027,0.001530081136892,0.0481006335122046,0.0046267089902115,0.000308684495922,0.0032091752130201,7.0,3.0,0.5789,0.4211,0.4274,0.5724,0.2706,0.7284,Las Vegas Raiders,Cleveland Browns,Cleveland Browns,Cleveland Browns,Cleveland Browns,Same,Same,Same,False,False,0.000308684495922,0.0032091752130201,0.000308684495922,0.0032091752130201,0.000308684495922,0.0032091752130201,,,0.5717672205035678,0.7824486723654273,1.2296713011118325,1.2062488572684271,0.8467723296955546,0.7113387871704521,1.3879794988978973,0.7657060769948982,0.917838731328915,0.8282314391395413
2021_15_MIN_CHI,2021,16,2021-12-20,20:15,Minnesota Vikings,Chicago Bears,Home,Kirk Cousins,Justin Fields,00-0029604,00-0036945,11,8,3,-3,-7,-13,Soldier Field,41.8623,-87.6167,America/Chicago,False,False,15,15,Monday,False,False,0,False,False,0,-7,-13,NFC North,U.S. Bank Stadium,44.9738,-93.2575,America/Chicago,NFC North,Soldier Field,41.8623,-87.6167,America/Chicago,Pittsburgh Steelers,Green Bay Packers,U.S. Bank Stadium,Lambeau Field,Los Angeles Rams,Seattle Seahawks,U.S. Bank Stadium,Lumen Field,355,0,-355,355,0.0,0.0,America/Chicago,America/Chicago,0.0,0.0,0.0,0.0,0.0,0,0.27,-1.575,0.27,-1.575,Minnesota Vikings,1.845,Minnesota Vikings,1.845,0.27,-1.575,Minnesota Vikings,1.845,0.0,0,No,No,No,No,No,1,No,0.0,0.0,1.232,-3.478,1.593765,-1.4672649999999998,1.593765,-1.4672649999999998,1.342215,0.089285,2.527115,-3.3416150000000004,Minnesota Vikings,3.06103,Minnesota Vikings,3.06103,1.593765,-1.4672649999999998,Minnesota Vikings,3.06103,Tie,0.0,Minnesota Vikings,4.71,0.616,-1.739,Minnesota Vikings,2.355,Minnesota Vikings,1.25293,Minnesota Vikings,5.86873,1.934665,-1.6261650000000003,Minnesota Vikings,3.56083,Different,Same,Same,Same,Different,Same,False,Away Team,Away Team,48.0,274.0,-320.0,Minnesota Vikings,Chicago Bears,7.0,-7.0,105,-128,208,-261,1.25293,-1.25293,5.86873,-5.86873,0.7619,0.2674,0.5614,0.4878,0.723,0.3247,0.7402,0.2598,0.5351,0.4649,0.6901,0.3099,0.7402,0.2598,0.2402,-0.2402,37.0,8.0,53,8.0,37.0,0.0,nfl_read_py Fallback,False,M.Brosmer,C.Williams,5.39,6.0,13.2,174.32,Medium,-4.0,14.0,45.63,45.0,13.18802877842675,29.0,63.0,0.3318,0.6668,0.092,0.0874,0.5112,0.4352,0.4002,0.5818,16,2021-12-20,Minnesota Vikings @ Chicago Bears,0.3416,0.658,193,-192,,,,,,,,No Bet,,No Bet,,No Bet,,No Bet,,No Bet,,No Bet,,No Bet,,No Bet,,No Bet,,,,,,,,,,,,,,,,,,,,,,,,,,,,,16,-0.1125999999999999,-0.0490666666666666,Minnesota Vikings,Chicago Bears,0,0,0,0,0,0,0,0,0,0,0,0,1,1.5,2.0,,,14.988472214621432,0.4747649048723657,0.2541130478248493,0.0002487141754953,0.1173631313164136,0.000968494263185,1.3020814030467558,0.0027593512456102,0.4570126297102772,6.461594279370403e-05,0.0001840982327016,0.0868721898004094,0.0304909415160042,0.0306750397487059,1.7590940327570328,0.0037278455087952,0.0002487141754953,0.1173631313164136,7.0,3.0,0.7402,0.2598,0.6278,0.3721,0.6946,0.305,Minnesota Vikings,Minnesota Vikings,Minnesota Vikings,Minnesota Vikings,Minnesota Vikings,Same,Same,Same,False,False,0.0002487141754953,0.1173631313164136,0.0002487141754953,0.1173631313164136,0.0002487141754953,0.1173631313164136,,,0.4010259298739865,0.9531899629950106,1.4643909419115724,0.9715292164686924,0.5639344774305491,0.9941766394354541,0.9550101076271877,1.1986754682656084,0.721770890452362,1.0242992800160964
2021_15_SEA_LA,2021,16,2021-12-21,19:00,Seattle Seahawks,Los Angeles Rams,Home,Russell Wilson,Matthew Stafford,00-0029263,00-0026498,9,8,1,-1,-5,8,SoFi Stadium,33.9535,-118.3395,America/Los_Angeles,False,True,15,15,Tuesday,False,False,0,False,False,0,-5,8,NFC West,Lumen Field,47.5952,-122.3316,America/Los_Angeles,NFC West,SoFi Stadium,33.9535,-118.3395,America/Los_Angeles,Houston Texans,Arizona Cardinals,NRG Stadium,State Farm Stadium,Chicago Bears,Minnesota Vikings,Lumen Field,U.S. Bank Stadium,964,0,-964,964,0.0,0.0,America/Chicago,America/Denver,2.0,1.0,0.0,0.0,0.0,0,-0.13,1.29,-0.13,1.29,Los Angeles Rams,1.42,Los Angeles Rams,1.42,-0.13,1.29,Los Angeles Rams,1.42,0.0,0,No,No,No,No,No,1,No,0.0,0.0,-0.414,2.739,0.249535,-0.3350349999999997,0.249535,-0.3350349999999997,0.365335,-1.610835,-0.0171349999999999,1.0966349999999996,Seattle Seahawks,0.5845699999999998,Seattle Seahawks,0.5845699999999998,0.249535,-0.3350349999999997,Seattle Seahawks,0.5845699999999998,Tie,0.0,Los Angeles Rams,3.153,-0.207,1.3695,Los Angeles Rams,1.5765,Seattle Seahawks,1.97617,Los Angeles Rams,1.1137699999999997,0.1741,-0.2571000000000002,Seattle Seahawks,0.4312000000000002,Different,Different,Same,Different,Different,Same,False,Away Team,Home Team,47.0,-352.0,298.0,Los Angeles Rams,Seattle Seahawks,-7.5,7.5,108,-131,-122,101,1.97617,-1.97617,-1.1137699999999997,1.1137699999999997,0.2513,0.7788,0.5671,0.4808,0.4975,0.5495,0.2439,0.7561,0.5412,0.4588,0.4752,0.5248,0.2439,0.7561,-0.2561,0.2561,,,54,0.0,70.0,0.0,Dome,True,S.Darnold,M.Stafford,-10.44,-11.0,13.16,173.08,Medium,-19.0,-3.0,49.86,50.0,13.806103603093083,33.0,68.0,0.785,0.214,0.0682,0.065,0.5988,0.4012,0.5478,0.4168,16,2021-12-21,Seattle Seahawks @ Los Angeles Rams,0.6312,0.3686,-171,171,,,,,,,,No Bet,,No Bet,,No Bet,,No Bet,,No Bet,,No Bet,,No Bet,,No Bet,,No Bet,,,,,,,,,,,,,,,,,,,,,,,,,,,,,16,0.1130666666666666,0.1559333333333333,Los Angeles Rams,Seattle Seahawks,0,0,0,0,0,0,0,0,0,0,0,0,1,3.5,3.5,,,14.988472214621432,0.0,0.7455531301174514,0.0,0.0002610744388038,0.0,0.000954406790461,0.0,0.002958700181499,0.0,0.0,6.367605562427119e-05,0.0001973983831796,0.0001973983831796,0.0039131069719601,0.0,0.0,0.0002610744388038,7.0,3.0,0.2439,0.7561,0.3642,0.6356,0.2248,0.7744,Los Angeles Rams,Los Angeles Rams,Los Angeles Rams,Los Angeles Rams,Los Angeles Rams,Same,Same,Same,False,False,0.0,0.0002610744388038,0.0,0.0002610744388038,0.0,0.0002610744388038,,,0.0,0.3301906326497598,0.0,1.313993301674995,0.0,0.7400711945404934,0.0,0.4615907868207296,0.0,0.6432534746879285
2021_15_WAS_PHI,2021,16,2021-12-21,19:00,Washington Commanders,Philadelphia Eagles,Home,Garrett Gilbert,Jalen Hurts,00-0031395,00-0036389,9,16,-7,7,-14,10,Lincoln Financial Field,39.9008,-75.1675,America/New_York,False,False,15,15,Tuesday,False,False,0,False,False,0,-14,10,NFC East,FedExField,38.9077,-76.8645,America/New_York,NFC East,Lincoln Financial Field,39.9008,-75.1675,America/New_York,Dallas Cowboys,New York Jets,FedExField,MetLife Stadium,Dallas Cowboys,New York Giants,AT&T Stadium,Lincoln Financial Field,114,0,-114,114,0.0,0.0,America/New_York,America/New_York,0.0,0.0,0.0,0.0,0.0,0,1.45,4.905,1.45,4.905,Philadelphia Eagles,3.455,Philadelphia Eagles,3.455,1.45,4.905,Philadelphia Eagles,3.455,0.0,0,No,No,No,No,No,1,No,0.0,0.0,-2.881,-1.988,0.3223099999999999,5.791690000000001,0.3223099999999999,5.791690000000001,-1.16224,0.92124,-4.03431,-1.07569,Philadelphia Eagles,5.469380000000001,Philadelphia Eagles,5.469380000000001,0.3223099999999999,5.791690000000001,Philadelphia Eagles,5.469380000000001,Tie,0.0,Philadelphia Eagles,0.8929999999999998,-1.4405,-0.994,Philadelphia Eagles,0.4464999999999999,Philadelphia Eagles,2.08348,Philadelphia Eagles,2.95862,-2.598275,-0.077225,Philadelphia Eagles,2.52105,Different,Same,Same,Same,Different,Same,False,Home Team,Home Team,39.5,-465.0,380.0,Philadelphia Eagles,Washington Commanders,-10.0,10.0,-131,108,-164,135,-2.08348,2.08348,-2.95862,2.95862,0.2083,0.823,0.4808,0.5671,0.4255,0.6212,0.202,0.798,0.4588,0.5412,0.4065,0.5935,0.202,0.798,-0.298,0.298,42.0,7.0,55,7.0,42.0,0.0,nfl_read_py Fallback,False,M.Mariota,J.Hurts,-0.86,-1.0,13.27,176.16,Medium,-10.0,9.0,47.26,47.0,13.251502511932928,30.0,65.0,0.5202,0.4786,0.092,0.09,0.2392,0.7212,0.7078,0.2922,16,2021-12-21,Washington Commanders @ Philadelphia Eagles,0.6132,0.3865,-159,159,,,,,,,,No Bet,,No Bet,,No Bet,,No Bet,,No Bet,,No Bet,,No Bet,,No Bet,,No Bet,,,,,,,,,,,,,,,,,,,,,,,,,,,,,16,-0.0976666666666666,0.0934666666666666,Philadelphia Eagles,Washington Commanders,0,0,0,0,0,0,0,0,0,0,0,0,1,2.0,3.0,,,14.988472214621432,0.71554808739023,0.973934068071484,0.1726544106587606,0.0002487141754953,2.0650850178387565,0.0007530247927766,0.5227408190519157,0.0029748207160185,0.137778219705691,0.0348761909530696,5.024026345007012e-05,0.0001984739120453,0.0350746648651149,0.0037278455087952,2.5878258368906724,0.1726544106587606,0.0002487141754953,7.0,3.0,0.202,0.798,0.3974,0.6021,0.4478,0.5502,Philadelphia Eagles,Philadelphia Eagles,Philadelphia Eagles,Philadelphia Eagles,Philadelphia Eagles,Same,Same,Same,False,False,0.1726544106587606,0.0002487141754953,0.1726544106587606,0.0002487141754953,0.1726544106587606,0.0002487141754953,,,1.0161345220621245,0.3380813708068716,0.9170742297494248,1.5188459286308404,0.8046319560932153,0.7534791607727881,0.8423013757967502,1.3113842000960392,0.9006344823898093,0.8454356880786505
2021_16_SF_TEN,2021,17,2021-12-23,20:20,San Francisco 49ers,Tennessee Titans,Home,Jimmy Garoppolo,Ryan Tannehill,00-0031345,00-0029701,4,4,0,0,5,-10,Nissan Stadium,36.1664,-86.7716,America/Chicago,False,False,Christmas,16,Thursday,False,False,0,False,False,0,5,-10,NFC West,Levi's Stadium,37.4031,-121.9702,America/Los_Angeles,AFC South,Nissan Stadium,36.1664,-86.7716,America/Chicago,Atlanta Falcons,Pittsburgh Steelers,Levi's Stadium,Acrisure Stadium,Houston Texans,Miami Dolphins,Levi's Stadium,Nissan Stadium,1937,0,-1937,1937,-2.0,0.0,America/Los_Angeles,America/New_York,-2.0,1.0,-2.0,0.0,-2.0,0,3.325,-4.36,3.325,-4.36,San Francisco 49ers,7.685,San Francisco 49ers,7.685,3.325,-4.36,San Francisco 49ers,7.685,-0.3,0,No,No,No,No,No,0,No,0.0,0.0,2.31,1.457,4.708500000000001,-5.869,4.708500000000001,-5.869,1.3835,-1.509,3.6935,-0.0519999999999998,San Francisco 49ers,10.5775,San Francisco 49ers,10.5775,4.708500000000001,-5.869,San Francisco 49ers,10.5775,Tie,0.0,San Francisco 49ers,0.853,1.155,0.7285,San Francisco 49ers,0.4265,San Francisco 49ers,2.8925,San Francisco 49ers,3.7455,2.5385,-0.7804999999999999,San Francisco 49ers,3.319,Different,Same,Same,Same,Different,Same,True,Away Team,Away Team,45.5,154.0,-171.0,San Francisco 49ers,Tennessee Titans,3.5,-3.5,135,-164,156,-191,2.8925,-2.8925,3.7455,-3.7455,0.631,0.3937,0.6212,0.4255,0.6564,0.3906,0.6158,0.3842,0.5935,0.4065,0.6269,0.3731,0.6158,0.3842,0.1158,-0.1158,48.0,7.0,56,7.0,48.0,0.0,nfl_read_py Fallback,False,B.Purdy,C.Ward,6.31,7.0,13.58,184.49,Med-High,-4.0,16.0,45.06,44.0,12.870914525710504,29.0,62.0,0.3176,0.6816,0.0784,0.088,0.4,0.6,0.4676,0.5324,17,2021-12-23,San Francisco 49ers @ Tennessee Titans,0.3703,0.6295,170,-170,,,,,,,,No Bet,,No Bet,,No Bet,,No Bet,,No Bet,,No Bet,,No Bet,,No Bet,,No Bet,,,,,,,,,,,,,,,,,,,,,,,,,,,,,17,0.10845,0.2127,San Francisco 49ers,Tennessee Titans,0,0,0,0,1,0,0,1,0,0,0,0,0,2.0,3.5,,,11.703914046014397,0.8356047510439983,0.6206410458805218,0.0675838652120445,0.3893388031568322,0.3039005668961175,2.806069980768836,0.4870951824430745,1.7507179061568474,0.0259657210144675,0.041618144197577,0.2397548349839773,0.1495839681728549,0.1912021123704319,4.556787886925683,0.790995749339192,0.0093225128210133,0.3717924294568996,5.0,2.0,0.6158,0.3842,0.651,0.3488,0.6928,0.3066,San Francisco 49ers,San Francisco 49ers,San Francisco 49ers,San Francisco 49ers,San Francisco 49ers,Same,Same,Same,False,False,0.0675838652120445,0.3893388031568322,0.0675838652120445,0.3893388031568322,0.0675838652120445,0.3893388031568322,,,1.110493006151758,0.8548433968049323,1.8938451539366152,1.0012179107195558,1.649602236647134,1.0347782335488072,1.394867162067834,1.122664536873221,1.4965519233701174,1.0003977035370568
2021_16_CLE_GB,2021,17,2021-12-25,16:30,Cleveland Browns,Green Bay Packers,Home,Baker Mayfield,Aaron Rodgers,00-0034855,00-0023459,5,6,-1,1,3,-5,Lambeau Field,44.5013,-88.0622,America/Chicago,False,False,Christmas,16,Saturday,False,False,0,False,False,0,3,-5,AFC North,FirstEnergy Stadium,41.5061,-81.6994,America/New_York,NFC North,Lambeau Field,44.5013,-88.0622,America/Chicago,Las Vegas Raiders,Baltimore Ravens,FirstEnergy Stadium,M&T Bank Stadium,Pittsburgh Steelers,Minnesota Vikings,Acrisure Stadium,Lambeau Field,382,0,-382,382,1.0,0.0,America/New_York,America/New_York,1.0,1.0,1.0,0.0,1.0,0,-4.705,3.535,-4.705,3.535,Green Bay Packers,8.24,Green Bay Packers,8.24,-4.705,3.535,Green Bay Packers,8.24,0.0,0,No,No,No,No,Yes,0,No,0.0,0.0,2.665,2.121,-4.1145,4.6725,-4.1145,4.6725,0.5905,1.1375,3.2555,3.2585,Green Bay Packers,8.786999999999999,Green Bay Packers,8.786999999999999,-4.1145,4.6725,Green Bay Packers,8.786999999999999,Tie,0.0,Cleveland Browns,0.544,1.3325,1.0605,Cleveland Browns,0.272,Green Bay Packers,0.5469999999999999,Green Bay Packers,0.0030000000000001,1.923,2.198,Green Bay Packers,0.2749999999999999,Different,Different,Same,Same,Different,Different,False,Home Team,Home Team,46.5,-430.0,343.0,Green Bay Packers,Cleveland Browns,-7.5,7.5,-116,-104,-110,-110,-0.5469999999999999,0.5469999999999999,-0.0030000000000001,0.0030000000000001,0.2257,0.8113,0.5098,0.537,0.5238,0.5238,0.2177,0.7823,0.487,0.513,0.5,0.5,0.2177,0.7823,-0.2823,0.2823,35.0,11.0,57,11.0,35.0,0.0,nfl_read_py Fallback,False,S.Sanders,J.Love,-2.02,-3.0,14.6,213.19,High,-13.0,8.0,44.43,44.0,13.407340055114238,28.0,62.0,0.5576,0.4414,0.0846,0.0932,0.3632,0.6368,0.4254,0.5746,17,2021-12-25,Cleveland Browns @ Green Bay Packers,0.5882,0.4115,-143,143,,,,,,,,No Bet,,No Bet,,No Bet,,No Bet,,No Bet,,No Bet,,No Bet,,No Bet,,No Bet,,,,,,,,,,,,,,,,,,,,,,,,,,,,,17,0.1104,0.24105,Green Bay Packers,Cleveland Browns,0,0,0,0,0,1,1,0,0,0,0,0,0,2.0,4.0,,,11.703914046014397,0.3041993969461318,0.048087782475832,0.3041993969461318,0.0416474346605962,2.7852411481392405,0.1061152516213555,0.7750824465677011,0.3813227438832632,0.2379751882309589,0.0662242087151729,0.0090666465256117,0.0325807881349844,0.0988049968501573,0.4874379955046188,3.5603235947069414,0.3041993969461318,0.0411588758459777,5.0,2.0,0.2177,0.7823,0.4055,0.5944,0.4456,0.5542,Green Bay Packers,Green Bay Packers,Green Bay Packers,Green Bay Packers,Green Bay Packers,Same,Same,Same,False,False,0.3041993969461318,0.0416474346605962,0.3041993969461318,0.0416474346605962,0.3041993969461318,0.0416474346605962,,,1.2427181142559596,0.7226182887007306,0.8971683127313643,1.997894751924807,0.833198857108973,1.851181613086968,0.9188297073867584,1.5987019915542966,0.9783392007566869,1.5186104261504876
2021_16_IND_ARI,2021,17,2021-12-25,20:15,Indianapolis Colts,Arizona Cardinals,Home,Carson Wentz,Kyler Murray,00-0032950,00-0035228,7,6,1,-1,-2,5,State Farm Stadium,33.5277,-112.262608,America/Denver,False,False,Christmas,16,Saturday,False,False,0,False,False,0,-2,5,AFC South,Lucas Oil Stadium,39.7601,-86.1638,America/Indiana/Indianapolis,NFC West,State Farm Stadium,33.5277,-112.262608,America/Denver,New England Patriots,Detroit Lions,Lucas Oil Stadium,Ford Field,Las Vegas Raiders,Dallas Cowboys,Lucas Oil Stadium,AT&T Stadium,1502,0,-1502,1502,2.0,0.0,America/Indiana/Indianapolis,America/Detroit,2.0,2.0,2.0,0.0,2.0,0,-2.265,0.075,-2.265,0.075,Arizona Cardinals,2.3400000000000003,Arizona Cardinals,2.3400000000000003,-2.265,0.075,Arizona Cardinals,2.3400000000000003,-0.15,0,No,No,No,No,No,0,Yes,0.0,0.0,2.757,4.223,-0.8780000000000001,-2.5975,-0.8780000000000001,-2.5975,1.387,-2.6725,4.144,1.5504999999999995,Indianapolis Colts,1.7194999999999996,Indianapolis Colts,1.7194999999999996,-0.8780000000000001,-2.5975,Indianapolis Colts,1.7194999999999996,Tie,0.0,Arizona Cardinals,1.4659999999999995,1.3785,2.1115,Arizona Cardinals,0.7329999999999999,Indianapolis Colts,4.0595,Indianapolis Colts,2.5935000000000006,2.7655000000000003,-0.5610000000000002,Indianapolis Colts,3.3265,Different,Different,Same,Same,Different,Different,False,Away Team,Away Team,48.0,-161.0,143.0,Arizona Cardinals,Indianapolis Colts,-3.0,3.0,171,-211,117,-142,4.0595,-4.0595,2.5935000000000006,-2.5935000000000006,0.4115,0.6169,0.6785,0.369,0.5868,0.4608,0.4002,0.5998,0.6477,0.3523,0.5601,0.4399,0.4002,0.5998,-0.0998,0.0998,,,58,0.0,70.0,0.0,Dome,True,D.Jones,J.Brissett,4.35,6.0,14.39,207.19,High,-7.0,14.0,50.13,50.0,14.061586653142696,33.0,68.0,0.3704,0.6288,0.0786,0.0786,0.3036,0.6606,0.537,0.448,17,2021-12-25,Indianapolis Colts @ Arizona Cardinals,0.4406,0.5592,127,-127,,,,,,,,No Bet,,No Bet,,No Bet,,No Bet,,No Bet,,No Bet,,No Bet,,No Bet,,No Bet,,,,,,,,,,,,,,,,,,,,,,,,,,,,,17,0.3223,-0.0156499999999999,Arizona Cardinals,Indianapolis Colts,0,0,0,0,0,1,1,0,0,0,0,0,0,5.0,0.0,,,11.703914046014397,0.1972305000243951,0.0,0.1972305000243951,0.0,1.3845596179588688,0.0,0.923809201579092,0.0,0.1182988539146321,0.0789316461097629,0.0,0.0,0.0789316461097629,0.0,2.308368819537961,0.1972305000243951,0.0,5.0,2.0,0.4002,0.5998,0.4933,0.5065,0.4966,0.5026,Arizona Cardinals,Arizona Cardinals,Arizona Cardinals,Indianapolis Colts,Indianapolis Colts,Same,Different,Different,False,False,0.1972305000243951,0.0,0.1972305000243951,0.0,0.1972305000243951,0.0,,,0.9328962124929843,0.0,0.6391931799490391,0.0,0.7862811818580067,0.0,0.6213204294662278,0.0,0.7529624908766692,0.0
2021_16_DET_ATL,2021,18,2021-12-26,13:00,Detroit Lions,Atlanta Falcons,Home,Tim Boyle,Matt Ryan,00-0034177,00-0026143,7,7,0,0,11,-3,Mercedes-Benz Stadium,33.7489,-84.388,America/New_York,False,False,16,16,Sunday,False,False,0,False,False,0,11,-3,NFC North,Ford Field,42.3395,-83.045,America/Detroit,NFC South,Mercedes-Benz Stadium,33.7489,-84.388,America/New_York,Arizona Cardinals,San Francisco 49ers,Ford Field,Levi's Stadium,Seattle Seahawks,Buffalo Bills,Lumen Field,Highmark Stadium,598,0,-598,598,0.0,0.0,America/Detroit,America/Los_Angeles,0.0,-3.0,0.0,0.0,0.0,0,4.305,-0.71,4.305,-0.71,Detroit Lions,5.015,Detroit Lions,5.015,4.305,-0.71,Detroit Lions,5.015,0.0,0,No,No,No,No,No,0,No,0.0,0.0,-8.449,-8.837,6.7235,-2.2745,6.7235,-2.2745,2.4185,-1.5645000000000002,-6.0305,-10.4015,Detroit Lions,8.998,Detroit Lions,8.998,6.7235,-2.2745,Detroit Lions,8.998,Tie,0.0,Detroit Lions,0.3879999999999999,-4.2245,-4.4185,Detroit Lions,0.1939999999999999,Detroit Lions,3.983,Detroit Lions,4.371,-1.806,-5.9830000000000005,Detroit Lions,4.1770000000000005,Different,Same,Same,Same,Different,Same,False,Away Team,Away Team,42.5,-373.0,309.0,Atlanta Falcons,Detroit Lions,-7.5,7.5,171,-211,181,-224,3.983,-3.983,4.371,-4.371,0.2445,0.7886,0.6785,0.369,0.6914,0.3559,0.2367,0.7633,0.6477,0.3523,0.6602,0.3398,0.2367,0.7633,-0.2633,0.2633,,,59,0.0,70.0,0.0,Dome,True,J.Goff,K.Cousins,0.62,1.0,13.52,182.87,Med-High,-9.0,10.0,53.56,53.0,14.022962656169746,36.0,72.0,0.485,0.5142,0.1046,0.0878,0.2692,0.7308,0.785,0.215,18,2021-12-26,Detroit Lions @ Atlanta Falcons,0.4851,0.5147,106,-106,,,,,,,,No Bet,,No Bet,,No Bet,,No Bet,,No Bet,,No Bet,,No Bet,,No Bet,,No Bet,,,,,,,,,,,,,,,,,,,,,,,,,,,,,18,-0.20505,-0.26365,Atlanta Falcons,Detroit Lions,0,0,0,0,0,0,0,0,0,0,0,0,0,1.0,1.0,,,7.385886565384419,0.9661496144369012,0.999701719106523,0.1888395919323308,0.0002421764753694,1.0646109996066315,0.0004233824438915,0.3301368054590459,0.0013653055319916,0.1441412605219481,0.0446983314103827,5.732317171994191e-05,0.0001848533036494,0.0448831847140321,0.0017886879758831,1.394747805065678,0.1888395919323308,0.0002421764753694,5.0,0.0,0.2367,0.7633,0.4563,0.5434,0.647,0.3518,Atlanta Falcons,Detroit Lions,Atlanta Falcons,Detroit Lions,Detroit Lions,Same,Same,Different,False,False,0.1888395919323308,0.0002421764753694,0.1888395919323308,0.0002421764753694,0.1888395919323308,0.0002421764753694,,,0.9545007550117298,0.40569755100191696,0.6818493328495833,4.28220921771731,0.565649766580177,2.2323727225599233,0.7357288576783082,1.348346343069953,0.7573772382700592,1.496280941618735
2021_16_TB_CAR,2021,18,2021-12-26,13:00,Tampa Bay Buccaneers,Carolina Panthers,Home,Tom Brady,Sam Darnold,00-0019596,00-0034869,7,7,0,0,0,11,Bank of America Stadium,35.2258,-80.8528,America/New_York,False,False,16,16,Sunday,False,False,0,False,False,0,0,11,NFC South,Raymond James Stadium,27.9759,-82.5033,America/New_York,NFC South,Bank of America Stadium,35.2258,-80.8528,America/New_York,New Orleans Saints,Buffalo Bills,Raymond James Stadium,Highmark Stadium,New York Jets,New Orleans Saints,MetLife Stadium,Caesars Superdome,510,0,-510,510,0.0,0.0,America/New_York,America/New_York,0.0,0.0,0.0,0.0,0.0,0,1.025,-5.25,1.025,-5.25,Tampa Bay Buccaneers,6.275,Tampa Bay Buccaneers,6.275,1.025,-5.25,Tampa Bay Buccaneers,6.275,0.0,0,No,No,No,No,No,1,No,0.0,0.0,5.429,0.31,0.0176399999999999,-6.38764,0.0176399999999999,-6.38764,-0.94461,-1.2003899999999998,4.4332,-0.8391999999999998,Tampa Bay Buccaneers,6.40528,Tampa Bay Buccaneers,6.40528,0.0176399999999999,-6.38764,Tampa Bay Buccaneers,6.40528,Tie,0.0,Tampa Bay Buccaneers,5.119000000000001,2.7145,0.155,Tampa Bay Buccaneers,2.5595000000000003,Tampa Bay Buccaneers,0.2557799999999999,Tampa Bay Buccaneers,5.2724,1.7442950000000002,-1.0197949999999998,Tampa Bay Buccaneers,2.76409,Different,Same,Same,Same,Different,Same,False,Away Team,Away Team,44.5,399.0,-503.0,Tampa Bay Buccaneers,Carolina Panthers,11.5,-11.5,-104,-116,195,-244,0.2557799999999999,-0.2557799999999999,5.2724,-5.2724,0.8342,0.2004,0.537,0.5098,0.7093,0.339,0.8063,0.1937,0.513,0.487,0.6766,0.3234,0.8063,0.1937,0.3063,-0.3063,73.0,8.0,60,8.0,73.0,0.0,nfl_read_py Fallback,False,B.Mayfield,B.Young,11.97,12.0,13.65,186.27,Med-High,4.0,21.0,49.7,49.0,12.95874904592905,33.0,66.0,0.1902,0.8094,0.0608,0.068,0.482,0.518,0.6416,0.3584,18,2021-12-26,Tampa Bay Buccaneers @ Carolina Panthers,0.2986,0.7013,235,-235,,,,,,,,No Bet,,No Bet,,No Bet,,No Bet,,No Bet,,No Bet,,No Bet,,No Bet,,No Bet,,,,,,,,,,,,,,,,,,,,,,,,,,,,,18,0.3326,-0.25605,Tampa Bay Buccaneers,Carolina Panthers,0,0,0,0,0,0,0,0,0,0,0,0,1,4.5,1.0,,,7.385886565384419,0.618505210921175,0.0342837983958464,0.0002540486005292,0.0342837983958464,0.0003634536720035,0.2041682591354722,0.0015129204736005,0.0490479868467579,4.920921392252517e-05,0.0002048393866067,0.027643026646571,0.0066407717492754,0.0068456111358822,0.2532162459822302,0.001876374145604,0.0002540486005292,0.0342837983958464,5.0,0.0,0.8063,0.1937,0.7304,0.2694,0.7974,0.2014,Tampa Bay Buccaneers,Tampa Bay Buccaneers,Tampa Bay Buccaneers,Tampa Bay Buccaneers,Tampa Bay Buccaneers,Same,Same,Same,False,False,0.0002540486005292,0.0342837983958464,0.0002540486005292,0.0342837983958464,0.0002540486005292,0.0342837983958464,,,0.2776105458953474,1.0825877601182994,3.3897257796410307,1.5743327709258734,1.191621917352795,1.6064005717873096,0.5093790939899545,1.574696106758307,0.8423369429380119,1.411321236950778
2021_16_BAL_CIN,2021,18,2021-12-26,13:00,Baltimore Ravens,Cincinnati Bengals,Home,Josh Johnson,Joe Burrow,00-0026300,00-0036442,7,7,0,0,-4,10,Paycor Stadium,39.0955,-84.5165,America/New_York,False,False,16,16,Sunday,False,False,0,False,False,0,-4,10,AFC North,M&T Bank Stadium,39.2789,-76.6228,America/New_York,AFC North,Paycor Stadium,39.0955,-84.5165,America/New_York,Green Bay Packers,Denver Broncos,M&T Bank Stadium,Empower Field at Mile High,Los Angeles Rams,Kansas City Chiefs,M&T Bank Stadium,Paycor Stadium,422,0,-422,422,0.0,0.0,America/New_York,America/Denver,0.0,-2.0,0.0,0.0,0.0,0,6.69,1.31,6.69,1.31,Baltimore Ravens,5.380000000000001,Baltimore Ravens,5.380000000000001,6.69,1.31,Baltimore Ravens,5.380000000000001,0.0,0,No,No,No,No,No,1,No,0.0,0.0,4.808,0.184,5.523555,0.2859450000000001,5.523555,0.2859450000000001,-1.112645,-1.077855,3.649114999999999,-0.847615,Baltimore Ravens,5.23761,Baltimore Ravens,5.23761,5.523555,0.2859450000000001,Baltimore Ravens,5.23761,Tie,0.0,Baltimore Ravens,4.624,2.404,0.092,Baltimore Ravens,2.312,Cincinnati Bengals,0.0347899999999998,Baltimore Ravens,4.49673,1.2682349999999998,-0.962735,Baltimore Ravens,2.23097,Different,Same,Different,Same,Different,Same,False,Home Team,Away Team,43.0,-369.0,306.0,Cincinnati Bengals,Baltimore Ravens,-7.5,7.5,-110,-110,181,-224,-0.0347899999999998,0.0347899999999998,4.49673,-4.49673,0.2463,0.7868,0.5238,0.5238,0.6914,0.3559,0.2384,0.7616,0.5,0.5,0.6602,0.3398,0.2384,0.7616,-0.2616,0.2616,52.0,0.0,61,0.0,52.0,0.0,nfl_read_py Fallback,False,L.Jackson,J.Burrow,-0.79,-2.0,13.68,187.14,Med-High,-10.0,9.0,58.4,57.0,14.121335694060845,41.0,77.0,0.5296,0.4692,0.097,0.0818,0.3216,0.6784,0.8516,0.1266,18,2021-12-26,Baltimore Ravens @ Cincinnati Bengals,0.5327,0.467,-114,114,,,,,,,,No Bet,,No Bet,,No Bet,,No Bet,,No Bet,,No Bet,,No Bet,,No Bet,,No Bet,,,,,,,,,,,,,,,,,,,,,,,,,,,,,18,-0.07285,-0.1588999999999999,Cincinnati Bengals,Baltimore Ravens,0,0,0,0,0,0,0,0,0,0,0,0,1,2.0,1.5,,,7.385886565384419,0.3940944985750574,0.3596686433104288,0.1389459467216258,0.000268598616814,0.7815836233183946,0.0004729471974332,0.2446553778874805,0.0015108917179746,0.1058212330231902,0.0331247136984355,6.403391024847535e-05,0.0002045647065655,0.0333292784050011,0.0019838389154079,1.0262390012058753,0.1389459467216258,0.000268598616814,5.0,0.0,0.2384,0.7616,0.4931,0.5065,0.5056,0.4928,Cincinnati Bengals,Baltimore Ravens,Cincinnati Bengals,Cincinnati Bengals,Cincinnati Bengals,Same,Different,Same,False,False,0.1389459467216258,0.000268598616814,0.1389459467216258,0.000268598616814,0.1389459467216258,0.000268598616814,,,0.974296076782905,0.38590222923074347,1.1247241775278132,3.8393343730390868,0.6135483083777784,2.184474180762327,0.8629222479728499,1.2211529527754121,0.8972427249494285,1.3564154549393663
2021_16_LAC_HOU,2021,18,2021-12-26,13:00,Los Angeles Chargers,Houston Texans,Home,Justin Herbert,Davis Mills,00-0036355,00-0036898,10,7,3,-3,0,8,NRG Stadium,29.6847,-95.4093,America/Chicago,False,False,16,16,Sunday,False,False,0,False,False,0,0,8,AFC West,SoFi Stadium,33.9535,-118.3395,America/Los_Angeles,AFC South,NRG Stadium,29.6847,-95.4093,America/Chicago,Kansas City Chiefs,Jacksonville Jaguars,SoFi Stadium,TIAA Bank Field,Denver Broncos,San Francisco 49ers,SoFi Stadium,Levi's Stadium,1374,0,-1374,1374,-2.0,0.0,America/Los_Angeles,America/New_York,-2.0,1.0,-2.0,0.0,-2.0,0,0.935,0.035,0.935,0.035,Los Angeles Chargers,0.9,Los Angeles Chargers,0.9,0.935,0.035,Los Angeles Chargers,0.9,-0.3,0,No,No,No,No,No,0,No,0.0,0.0,-1.298,-6.944,0.506,0.194,0.506,0.194,-0.4289999999999999,0.159,-1.727,-6.784999999999999,Los Angeles Chargers,0.3119999999999999,Los Angeles Chargers,0.3119999999999999,0.506,0.194,Los Angeles Chargers,0.3119999999999999,Tie,0.0,Los Angeles Chargers,5.646,-0.649,-3.472,Los Angeles Chargers,2.823,Houston Texans,0.588,Los Angeles Chargers,5.057999999999999,-1.078,-3.313,Los Angeles Chargers,2.2349999999999994,Different,Same,Different,Same,Different,Same,False,Home Team,Away Team,46.0,500.0,-661.0,Los Angeles Chargers,Houston Texans,13.5,-13.5,-116,-104,188,-234,-0.588,0.588,5.057999999999999,-5.057999999999999,0.8686,0.1667,0.5098,0.537,0.7006,0.3472,0.839,0.161,0.487,0.513,0.6686,0.3314,0.839,0.161,0.339,-0.339,,,62,0.0,70.0,0.0,Dome,True,J.Herbert,C.Stroud,6.34,7.0,13.77,189.61,Med-High,-4.0,15.0,56.49,56.0,14.285485431682178,39.0,75.0,0.3262,0.6734,0.0796,0.0782,0.6938,0.3062,0.756,0.2182,18,2021-12-26,Los Angeles Chargers @ Houston Texans,0.3329,0.667,200,-200,,,,,,,,No Bet,,No Bet,,No Bet,,No Bet,,No Bet,,No Bet,,No Bet,,No Bet,,No Bet,,,,,,,,,,,,,,,,,,,,,,,,,,,,,18,0.18475,-0.32065,Los Angeles Chargers,Houston Texans,0,0,0,0,0,0,0,0,0,0,0,0,0,3.5,0.5,,,7.385886565384419,0.9128921585440872,0.7448985654668205,0.0002567154816899,0.2636908536195655,0.0003052674998017,1.6340286251241751,0.0015908039275383,0.3135621080393233,4.133119255208385e-05,0.0002153842891378,0.2212366261868155,0.04245422743275,0.0426696117218879,1.9475907331634985,0.00189607142734,0.0002567154816899,0.2636908536195655,5.0,0.0,0.839,0.161,0.676,0.3235,0.7044,0.2938,Los Angeles Chargers,Los Angeles Chargers,Los Angeles Chargers,Los Angeles Chargers,Los Angeles Chargers,Same,Same,Same,False,False,0.0002567154816899,0.2636908536195655,0.0002567154816899,0.2636908536195655,0.0002567154816899,0.2636908536195655,,,0.3168224312242984,1.0433758747893491,4.0846072579657715,0.8794512926011305,1.648338100364863,1.1496843887752441,1.068012451148093,1.0160627496001677,1.2228951619719957,1.0307630179167986
2021_16_LA_MIN,2021,18,2021-12-26,13:00,Los Angeles Rams,Minnesota Vikings,Home,Matthew Stafford,Kirk Cousins,00-0026498,00-0029604,5,6,-1,1,7,-6,U.S. Bank Stadium,44.9738,-93.2575,America/Chicago,False,False,16,16,Sunday,False,False,0,False,False,0,7,-6,NFC West,SoFi Stadium,33.9535,-118.3395,America/Los_Angeles,NFC North,U.S. Bank Stadium,44.9738,-93.2575,America/Chicago,Seattle Seahawks,Chicago Bears,SoFi Stadium,Soldier Field,Baltimore Ravens,Green Bay Packers,M&T Bank Stadium,Lambeau Field,1529,0,-1529,1529,-2.0,0.0,America/Los_Angeles,America/Chicago,-2.0,0.0,-2.0,0.0,-2.0,0,1.29,0.27,1.29,0.27,Los Angeles Rams,1.02,Los Angeles Rams,1.02,1.29,0.27,Los Angeles Rams,1.02,-0.3,0,No,No,No,No,Yes,0,No,0.0,0.0,2.739,1.232,3.021,-1.435,3.021,-1.435,1.731,-1.705,4.470000000000001,-0.4730000000000001,Los Angeles Rams,4.456,Los Angeles Rams,4.456,3.021,-1.435,Los Angeles Rams,4.456,Tie,0.0,Los Angeles Rams,1.507,1.3695,0.616,Los Angeles Rams,0.7535,Los Angeles Rams,3.436,Los Angeles Rams,4.9430000000000005,3.1005000000000003,-1.089,Los Angeles Rams,4.189500000000001,Different,Same,Same,Same,Different,Same,False,Away Team,Away Team,48.5,158.0,-177.0,Los Angeles Rams,Minnesota Vikings,3.5,-3.5,156,-191,188,-234,3.436,-3.436,4.9430000000000005,-4.9430000000000005,0.639,0.3876,0.6564,0.3906,0.7006,0.3472,0.6224,0.3776,0.6269,0.3731,0.6686,0.3314,0.6224,0.3776,0.1224,-0.1224,,,63,0.0,70.0,0.0,Dome,True,M.Stafford,M.Brosmer,10.54,11.0,13.51,182.47,Med-High,3.0,20.0,52.98,53.0,13.621541038959403,36.0,71.0,0.2162,0.7834,0.0664,0.061,0.2854,0.7146,0.6206,0.3794,18,2021-12-26,Los Angeles Rams @ Minnesota Vikings,0.3246,0.6753,208,-208,,,,,,,,No Bet,,No Bet,,No Bet,,No Bet,,No Bet,,No Bet,,No Bet,,No Bet,,No Bet,,,,,,,,,,,,,,,,,,,,,,,,,,,,,18,0.1727,-0.1076999999999999,Los Angeles Rams,Minnesota Vikings,0,0,0,0,0,0,0,0,0,0,0,0,0,3.5,2.0,,,7.385886565384419,0.1428612565072123,0.0,0.000285971189032,0.0,0.0007975481281686,0.0,0.0013146026349898,0.0,0.0001079827209784,0.0001779884680535,0.0,0.0,0.0001779884680535,0.0,0.0021121507631585,0.000285971189032,0.0,5.0,0.0,0.6224,0.3776,0.6627,0.3372,0.7466,0.253,Los Angeles Rams,Los Angeles Rams,Los Angeles Rams,Los Angeles Rams,Los Angeles Rams,Same,Same,Same,False,False,0.000285971189032,0.0,0.000285971189032,0.0,0.000285971189032,0.0,,,0.5134155515368038,0.0,1.821943157462623,0.0,0.9211389024472479,0.0,0.4489527564851194,0.0,0.7281980009130511,0.0
2021_16_BUF_NE,2021,18,2021-12-26,13:00,Buffalo Bills,New England Patriots,Home,Josh Allen,Mac Jones,00-0034857,00-0036972,7,8,-1,1,-2,-14,Gillette Stadium,42.0628,-71.2687,America/New_York,False,False,16,16,Sunday,False,False,0,False,False,0,-2,-14,AFC East,Highmark Stadium,42.7725,-78.7877,America/New_York,AFC East,Gillette Stadium,42.0628,-71.2687,America/New_York,Carolina Panthers,Indianapolis Colts,Highmark Stadium,Lucas Oil Stadium,Atlanta Falcons,Jacksonville Jaguars,Highmark Stadium,Gillette Stadium,386,0,-386,386,0.0,0.0,America/New_York,America/Indiana/Indianapolis,0.0,0.0,0.0,0.0,0.0,0,4.795,-1.995,4.795,-1.995,Buffalo Bills,6.79,Buffalo Bills,6.79,4.795,-1.995,Buffalo Bills,6.79,0.0,0,No,No,No,No,No,1,No,0.0,0.0,8.856,3.922,5.314045,-3.599545,5.314045,-3.599545,0.586945,-1.672445,9.393605,2.2988950000000004,Buffalo Bills,8.91359,Buffalo Bills,8.91359,5.314045,-3.599545,Buffalo Bills,8.91359,Tie,0.0,Buffalo Bills,4.933999999999999,4.428,1.961,Buffalo Bills,2.467,Buffalo Bills,2.25939,Buffalo Bills,7.094710000000001,4.9902750000000005,0.3132250000000002,Buffalo Bills,4.67705,Different,Same,Same,Same,Different,Same,False,Away Team,Away Team,43.5,-114.0,102.0,New England Patriots,Buffalo Bills,-1.0,1.0,117,-142,249,-319,2.25939,-2.25939,7.094710000000001,-7.094710000000001,0.495,0.5327,0.5868,0.4608,0.7613,0.2865,0.4817,0.5183,0.5601,0.4399,0.7266,0.2734,0.4817,0.5183,-0.0183,0.0183,38.0,13.0,64,13.0,38.0,0.0,nfl_read_py Fallback,False,J.Allen,D.Maye,9.02,10.0,14.76,217.86,High,-2.0,19.0,47.98,47.0,13.26212504209361,32.0,66.0,0.2726,0.7268,0.0664,0.0632,0.2568,0.7274,0.6048,0.3952,18,2021-12-26,Buffalo Bills @ New England Patriots,0.376,0.6238,166,-166,,,,,,,,No Bet,,No Bet,,No Bet,,No Bet,,No Bet,,No Bet,,No Bet,,No Bet,,No Bet,,,,,,,,,,,,,,,,,,,,,,,,,,,,,18,0.377,0.28245,New England Patriots,Buffalo Bills,0,0,0,0,0,0,0,0,0,0,0,0,1,5.0,4.5,,,7.385886565384419,0.1086496798872835,0.0,0.0003644397539066,0.0,0.001395113646621,0.0,0.0012965970356499,0.0,0.0001888891244498,0.0001755506294568,0.0,0.0,0.0001755506294568,0.0,0.002691710682271,0.0003644397539066,0.0,5.0,0.0,0.4817,0.5183,0.597,0.4028,0.6562,0.3428,New England Patriots,Buffalo Bills,Buffalo Bills,Buffalo Bills,Buffalo Bills,Same,Same,Same,False,False,0.0003644397539066,0.0,0.0003644397539066,0.0,0.0003644397539066,0.0,,,0.7047250162879091,0.0,2.143009294465805,0.0,0.7580950450197373,0.0,0.5657015756506777,0.0,0.8428179614168924,0.0
2021_16_JAX_NYJ,2021,18,2021-12-26,13:00,Jacksonville Jaguars,New York Jets,Home,Trevor Lawrence,Zach Wilson,00-0036971,00-0037013,7,7,0,0,-1,-3,MetLife Stadium,40.8136,-74.0744,America/New_York,False,False,16,16,Sunday,False,False,0,False,False,0,-1,-3,AFC South,TIAA Bank Field,30.3239,-81.6554,America/New_York,AFC East,MetLife Stadium,40.8136,-74.0744,America/New_York,Houston Texans,Miami Dolphins,TIAA Bank Field,Hard Rock Stadium,New England Patriots,Tampa Bay Buccaneers,Gillette Stadium,MetLife Stadium,839,0,-839,839,0.0,0.0,America/New_York,America/New_York,0.0,0.0,0.0,0.0,0.0,0,-1.825,-3.725,-1.825,-3.725,Jacksonville Jaguars,1.9,Jacksonville Jaguars,1.9,-1.825,-3.725,Jacksonville Jaguars,1.9,0.0,0,No,No,No,No,No,0,No,0.0,0.0,-9.707,-9.19,-2.229,-1.475,-2.229,-1.475,-0.4039999999999999,2.25,-10.111,-6.94,New York Jets,0.754,New York Jets,0.754,-2.229,-1.475,New York Jets,0.754,Tie,0.0,New York Jets,0.5170000000000012,-4.8535,-4.595,New York Jets,0.2585000000000006,New York Jets,2.654,New York Jets,3.171000000000001,-5.2575,-2.345,New York Jets,2.9125000000000005,Different,Different,Same,Same,Different,Same,False,Home Team,Home Team,42.5,-125.0,114.0,New York Jets,Jacksonville Jaguars,-2.5,2.5,-142,117,-164,135,-2.654,2.654,-3.171000000000001,3.171000000000001,0.4673,0.5556,0.4608,0.5868,0.4255,0.6212,0.4569,0.5431,0.4399,0.5601,0.4065,0.5935,0.4569,0.5431,-0.0431,0.0431,47.0,0.0,65,0.0,47.0,0.0,nfl_read_py Fallback,False,T.Lawrence,T.Taylor,-0.42,-1.0,13.36,178.47,Medium,-10.0,9.0,45.25,45.0,12.71454405340975,29.0,62.0,0.5096,0.4894,0.0848,0.0864,0.4724,0.5276,0.5676,0.4324,18,2021-12-26,Jacksonville Jaguars @ New York Jets,0.5516,0.4482,-123,123,,,,,,,,No Bet,,No Bet,,No Bet,,No Bet,,No Bet,,No Bet,,No Bet,,No Bet,,No Bet,,,,,,,,,,,,,,,,,,,,,,,,,,,,,18,-0.3776,-0.37685,New York Jets,Jacksonville Jaguars,0,0,0,0,0,0,0,0,0,0,0,0,0,0.0,0.0,,,7.385886565384419,0.9979756956968008,0.909676082573974,0.0015303346464368,0.0003841234582741,0.006138593099184,0.0012962674672628,0.0051642850064761,0.0015408248226535,0.0008311247464798,0.0006992098999569,0.0001755060080854,0.0002086174501887,0.0009078273501457,0.0028370922899164,0.0113028781056601,0.0015303346464368,0.0003841234582741,5.0,0.0,0.4569,0.5431,0.471,0.5287,0.462,0.5366,New York Jets,New York Jets,New York Jets,New York Jets,New York Jets,Same,Same,Same,False,False,0.0015303346464368,0.0003841234582741,0.0015303346464368,0.0003841234582741,0.0015303346464368,0.0003841234582741,,,0.7378959575771409,0.622302348436506,2.651418916878164,2.3126396336887383,1.6329619274787908,1.1650605616613188,1.0523919505380122,1.0316832502102486,1.2278169103142287,1.0258412695745638
2021_16_NYG_PHI,2021,18,2021-12-26,13:00,New York Giants,Philadelphia Eagles,Home,Jake Fromm,Jalen Hurts,00-0036197,00-0036389,7,5,2,-2,0,8,Lincoln Financial Field,39.9008,-75.1675,America/New_York,False,False,16,16,Sunday,False,False,0,False,False,0,0,8,NFC East,MetLife Stadium,40.8136,-74.0744,America/New_York,NFC East,Lincoln Financial Field,39.9008,-75.1675,America/New_York,Dallas Cowboys,Washington Commanders,MetLife Stadium,Lincoln Financial Field,Chicago Bears,Washington Commanders,Soldier Field,FedExField,85,0,-85,85,0.0,0.0,America/New_York,America/New_York,0.0,0.0,0.0,0.0,0.0,0,-2.84,4.905,-2.84,4.905,Philadelphia Eagles,7.745,Philadelphia Eagles,7.745,-2.84,4.905,Philadelphia Eagles,7.745,0.0,0,No,No,No,No,No,1,Yes,0.0,0.0,-4.564,-1.988,-2.86656,4.967560000000001,-2.86656,4.967560000000001,-0.10401,0.14001,-4.64225,-1.87375,Philadelphia Eagles,7.83412,Philadelphia Eagles,7.83412,-2.86656,4.967560000000001,Philadelphia Eagles,7.83412,Tie,0.0,Philadelphia Eagles,2.576,-2.282,-0.994,Philadelphia Eagles,1.288,Philadelphia Eagles,0.24402,Philadelphia Eagles,2.7685,-2.37313,-0.8668699999999999,Philadelphia Eagles,1.5062599999999997,Different,Same,Same,Same,Different,Same,False,Home Team,Home Team,41.0,-529.0,416.0,Philadelphia Eagles,New York Giants,-11.0,11.0,-110,-110,-164,135,-0.24402,0.24402,-2.7685,2.7685,0.1938,0.841,0.5238,0.5238,0.4255,0.6212,0.1873,0.8127,0.5,0.5,0.4065,0.5935,0.1873,0.8127,-0.3127,0.3127,53.0,9.0,66,9.0,53.0,0.0,nfl_read_py Fallback,False,J.Dart,J.Hurts,-6.42,-7.0,13.27,176.02,Medium,-16.0,3.0,42.97,43.0,12.342436476953711,27.0,59.0,0.6922,0.3078,0.0782,0.0786,0.3712,0.599,0.5334,0.441,18,2021-12-26,New York Giants @ Philadelphia Eagles,0.6496,0.3504,-185,185,,,,,,,,No Bet,,No Bet,,No Bet,,No Bet,,No Bet,,No Bet,,No Bet,,No Bet,,No Bet,,,,,,,,,,,,,,,,,,,,,,,,,,,,,18,-0.201,-0.0161499999999999,Philadelphia Eagles,New York Giants,0,0,0,0,0,0,0,0,0,0,0,0,1,1.0,2.5,,,7.385886565384419,0.5391041208915192,0.9991828918380856,0.2291607051421447,0.0002421764753694,1.3755394269011865,0.0003350212578829,0.3170155465222004,0.0014536667180002,0.186238905069021,0.0429218000731237,4.535965383669252e-05,0.0001968168215327,0.0431186168946564,0.0017886879758831,1.692554973423387,0.2291607051421447,0.0002421764753694,5.0,0.0,0.1873,0.8127,0.432,0.5675,0.529,0.469,Philadelphia Eagles,New York Giants,Philadelphia Eagles,Philadelphia Eagles,Philadelphia Eagles,Same,Different,Same,False,False,0.2291607051421447,0.0002421764753694,0.2291607051421447,0.0002421764753694,0.2291607051421447,0.0002421764753694,,,1.0141632673843368,0.3460350386293116,0.9573741991383112,4.006684351428591,1.0245485533950889,1.7734739357450187,1.0851163276389553,0.9989588731093052,1.0294981025645213,1.2241600773242718
2021_16_CHI_SEA,2021,18,2021-12-26,16:05,Chicago Bears,Seattle Seahawks,Home,Nick Foles,Russell Wilson,00-0029567,00-0029263,6,5,1,-1,-12,-6,Lumen Field,47.5952,-122.3316,America/Los_Angeles,False,False,16,16,Sunday,False,False,0,False,False,0,-12,-6,NFC North,Soldier Field,41.8623,-87.6167,America/Chicago,NFC West,Lumen Field,47.5952,-122.3316,America/Los_Angeles,Minnesota Vikings,Los Angeles Rams,Soldier Field,SoFi Stadium,New York Giants,Detroit Lions,Soldier Field,Lumen Field,1733,0,-1733,1733,2.0,0.0,America/Chicago,America/Los_Angeles,2.0,0.0,2.0,0.0,2.0,0,-1.575,-0.13,-1.575,-0.13,Seattle Seahawks,1.4449999999999998,Seattle Seahawks,1.4449999999999998,-1.575,-0.13,Seattle Seahawks,1.4449999999999998,-0.15,0,No,No,No,No,No,0,Yes,0.0,0.0,-3.478,-0.414,-3.0515,-1.0905,-3.0515,-1.0905,-1.4765,-0.9605,-4.9545,-1.3745,Seattle Seahawks,1.961,Seattle Seahawks,1.961,-3.0515,-1.0905,Seattle Seahawks,1.961,Tie,0.0,Seattle Seahawks,3.064,-1.739,-0.207,Seattle Seahawks,1.532,Seattle Seahawks,0.5160000000000001,Seattle Seahawks,3.58,-3.2155000000000005,-1.1675,Seattle Seahawks,2.0480000000000005,Different,Same,Same,Same,Different,Same,False,Home Team,Home Team,41.0,-313.0,268.0,Seattle Seahawks,Chicago Bears,-7.0,7.0,-116,-104,-191,156,-0.5160000000000001,0.5160000000000001,-3.58,3.58,0.2717,0.7579,0.5098,0.537,0.3906,0.6564,0.2639,0.7361,0.487,0.513,0.3731,0.6269,0.2639,0.7361,-0.2361,0.2361,25.0,11.0,67,11.0,25.0,0.0,nfl_read_py Fallback,False,C.Williams,S.Darnold,-5.85,-7.0,13.41,179.91,Medium,-15.0,4.0,41.48,41.0,12.969185692074236,25.0,59.0,0.6664,0.3322,0.09,0.0886,0.4554,0.4922,0.4734,0.4942,18,2021-12-26,Chicago Bears @ Seattle Seahawks,0.6356,0.3641,-174,175,,,,,,,,No Bet,,No Bet,,No Bet,,No Bet,,No Bet,,No Bet,,No Bet,,No Bet,,No Bet,,,,,,,,,,,,,,,,,,,,,,,,,,,,,18,0.04445,0.05155,Seattle Seahawks,Chicago Bears,0,0,0,0,0,0,0,0,0,0,0,0,0,3.0,3.0,,,7.385886565384419,0.7454715841673778,0.4746821552674577,0.0879751714780242,0.000277832239347,0.4782991103744107,0.0005415326709218,0.1714755267325186,0.0015105047331018,0.0647585237249736,0.0232166477530505,7.331992796367379e-05,0.0002045123113833,0.0234211600644339,0.0020520374040236,0.6497746371069294,0.0879751714780242,0.000277832239347,5.0,0.0,0.2639,0.7361,0.3518,0.6479,0.3166,0.6822,Seattle Seahawks,Seattle Seahawks,Seattle Seahawks,Seattle Seahawks,Seattle Seahawks,Same,Same,Same,False,False,0.0879751714780242,0.000277832239347,0.0879751714780242,0.000277832239347,0.0879751714780242,0.000277832239347,,,0.9601341815358577,0.40006412447778983,1.3038147817105594,3.660243768856343,1.3314969034236128,1.466525585716496,1.1908811919773303,0.8931940087709302,1.1721756295807348,1.0814825503080587
2021_16_PIT_KC,2021,18,2021-12-26,16:25,Pittsburgh Steelers,Kansas City Chiefs,Home,Ben Roethlisberger,Patrick Mahomes,00-0022924,00-0033873,7,10,-3,3,-6,9,GEHA Field at Arrowhead Stadium,39.0489,-94.4839,America/Chicago,False,False,16,16,Sunday,False,False,0,False,False,0,-6,9,AFC North,Acrisure Stadium,40.4468,-80.0158,America/New_York,AFC West,GEHA Field at Arrowhead Stadium,39.0489,-94.4839,America/Chicago,Tennessee Titans,Los Angeles Chargers,Acrisure Stadium,SoFi Stadium,Cleveland Browns,Cincinnati Bengals,Acrisure Stadium,Paycor Stadium,773,0,-773,773,1.0,0.0,America/New_York,America/Los_Angeles,1.0,-2.0,1.0,0.0,1.0,0,-0.565,4.395,-0.565,4.395,Kansas City Chiefs,4.959999999999999,Kansas City Chiefs,4.959999999999999,-0.565,4.395,Kansas City Chiefs,4.959999999999999,0.0,0,No,No,No,No,No,0,No,0.0,0.0,-1.995,6.28,-0.944,4.551499999999999,-0.944,4.551499999999999,-0.379,0.1565,-2.374,6.4365000000000006,Kansas City Chiefs,5.495499999999999,Kansas City Chiefs,5.495499999999999,-0.944,4.551499999999999,Kansas City Chiefs,5.495499999999999,Tie,0.0,Kansas City Chiefs,8.275,-0.9975,3.14,Kansas City Chiefs,4.1375,Kansas City Chiefs,0.5355000000000001,Kansas City Chiefs,8.810500000000001,-1.3765,3.2965000000000004,Kansas City Chiefs,4.673,Different,Same,Same,Same,Different,Same,False,Home Team,Home Team,44.0,-400.0,328.0,Kansas City Chiefs,Pittsburgh Steelers,-10.5,10.5,-116,-104,-416,314,-0.5355000000000001,0.5355000000000001,-8.810500000000001,8.810500000000001,0.2336,0.8,0.5098,0.537,0.2415,0.8062,0.226,0.774,0.487,0.513,0.2305,0.7695,0.226,0.774,-0.274,0.274,60.0,22.0,68,22.0,60.0,0.0,nfl_read_py Fallback,False,A.Rodgers,P.Mahomes,-5.62,-7.0,14.48,209.73,High,-16.0,5.0,46.02,46.0,13.072430215011488,30.0,63.0,0.6386,0.3602,0.0812,0.0722,0.3796,0.6204,0.5358,0.437,18,2021-12-26,Pittsburgh Steelers @ Kansas City Chiefs,0.6738,0.3259,-207,207,,,,,,,,No Bet,,No Bet,,No Bet,,No Bet,,No Bet,,No Bet,,No Bet,,No Bet,,No Bet,,,,,,,,,,,,,,,,,,,,,,,,,,,,,18,-0.0566,0.2215,Kansas City Chiefs,Pittsburgh Steelers,0,0,0,0,0,0,0,0,0,0,0,0,0,2.0,4.0,,,7.385886565384419,0.0744994871300342,0.4712817340182766,0.0470334080315052,0.000268598616814,0.2688747643742031,0.0004483475948821,0.0785086521299352,0.0015354913205257,0.036403857816385,0.0106295502151201,6.070328739998083e-05,0.000207895329414,0.0108374455445342,0.0019838389154079,0.3473834165041383,0.0470334080315052,0.000268598616814,5.0,0.0,0.226,0.774,0.333,0.6666,0.3576,0.6412,Kansas City Chiefs,Kansas City Chiefs,Kansas City Chiefs,Kansas City Chiefs,Kansas City Chiefs,Same,Same,Same,False,False,0.0470334080315052,0.000268598616814,0.0470334080315052,0.000268598616814,0.0470334080315052,0.000268598616814,,,1.032047121355027,0.3281511846586204,1.4859523448168022,3.4781062057500978,1.813099856488671,0.9849226326514371,1.1944438992230009,0.8896313015252589,1.3237432475720383,0.929914932316755
2021_16_DEN_LV,2021,18,2021-12-26,16:25,Denver Broncos,Las Vegas Raiders,Home,Drew Lock,Derek Carr,00-0035704,00-0031280,7,6,1,-1,4,-1,Allegiant Stadium,36.108,-115.1578,America/Los_Angeles,False,False,16,16,Sunday,False,False,0,False,False,0,4,-1,AFC West,Empower Field at Mile High,39.7648,-105.0076,America/Denver,AFC West,Allegiant Stadium,36.108,-115.1578,America/Los_Angeles,Cincinnati Bengals,Cleveland Browns,Empower Field at Mile High,FirstEnergy Stadium,Los Angeles Chargers,Indianapolis Colts,SoFi Stadium,Lucas Oil Stadium,607,0,-607,607,1.0,0.0,America/Denver,America/New_York,1.0,3.0,1.0,0.0,1.0,0,2.05,-2.35,2.05,-2.35,Denver Broncos,4.4,Denver Broncos,4.4,2.05,-2.35,Denver Broncos,4.4,0.0,0,No,No,No,No,No,1,Yes,0.0,0.0,-1.949,0.289,3.958925,-3.202425,3.958925,-3.202425,1.952925,-0.896425,0.0263049999999996,-0.6298050000000001,Denver Broncos,7.16135,Denver Broncos,7.16135,3.958925,-3.202425,Denver Broncos,7.16135,Tie,0.0,Las Vegas Raiders,2.238,-0.9745,0.1445,Las Vegas Raiders,1.119,Denver Broncos,2.84935,Denver Broncos,0.6561099999999997,0.9896149999999998,-0.763115,Denver Broncos,1.7527299999999997,Different,Different,Same,Same,Different,Different,False,Away Team,Away Team,42.0,-102.0,-109.0,Denver Broncos,Las Vegas Raiders,1.0,-1.0,135,-164,-104,-116,2.84935,-2.84935,0.6561099999999997,-0.6561099999999997,0.5215,0.505,0.6212,0.4255,0.537,0.5098,0.5081,0.4919,0.5935,0.4065,0.513,0.487,0.5081,0.4919,0.0081,-0.0081,,,69,0.0,70.0,0.0,Dome,True,B.Nix,G.Smith,1.17,3.0,13.15,172.86,Medium,-8.0,10.0,44.27,43.0,12.7312856729781,29.0,61.0,0.4548,0.544,0.0966,0.0906,0.456,0.5224,0.5418,0.427,18,2021-12-26,Denver Broncos @ Las Vegas Raiders,0.46,0.5396,117,-117,,,,,,,,No Bet,,No Bet,,No Bet,,No Bet,,No Bet,,No Bet,,No Bet,,No Bet,,No Bet,,,,,,,,,,,,,,,,,,,,,,,,,,,,,18,-0.2847,-0.1968,Denver Broncos,Las Vegas Raiders,0,0,0,0,0,0,0,0,0,0,0,0,1,0.5,1.0,,,7.385886565384419,0.8940141249137665,0.1880698603946073,0.0003172921578207,0.0003865248126736,0.0011527597234006,0.001450538320768,0.0011907241623497,0.0014042901003459,0.000156076012432,0.0001612161453887,0.0001963932573194,0.0001901315553541,0.0003513477007429,0.0028548284211139,0.0023434838857503,0.0003172921578207,0.0003865248126736,5.0,0.0,0.5081,0.4919,0.5189,0.4809,0.626,0.3734,Denver Broncos,Denver Broncos,Denver Broncos,Denver Broncos,Denver Broncos,Same,Same,Same,False,False,0.0003172921578207,0.0003865248126736,0.0003172921578207,0.0003865248126736,0.0003172921578207,0.0003865248126736,,,0.6691321039232828,0.6910662020903647,2.025592651937084,2.9384658986298207,1.364351667756349,1.4336708213837597,0.9484345796638172,1.1356406210844432,1.037622375756271,1.2160358041325232
2021_16_WAS_DAL,2021,18,2021-12-26,20:20,Washington Commanders,Dallas Cowboys,Home,Taylor Heinicke,Dak Prescott,00-0031800,00-0033077,5,7,-2,2,-16,4,AT&T Stadium,32.7369,-97.0826,America/Chicago,False,True,16,16,Sunday,False,False,0,False,False,0,-16,4,NFC East,FedExField,38.9077,-76.8645,America/New_York,NFC East,AT&T Stadium,32.7369,-97.0826,America/Chicago,Philadelphia Eagles,New York Giants,Lincoln Financial Field,MetLife Stadium,Philadelphia Eagles,Arizona Cardinals,FedExField,AT&T Stadium,1206,0,-1206,1206,1.0,0.0,America/New_York,America/New_York,1.0,1.0,1.0,0.0,1.0,0,1.45,-0.615,1.45,-0.615,Washington Commanders,2.065,Washington Commanders,2.065,1.45,-0.615,Washington Commanders,2.065,0.0,0,No,No,No,No,Yes,1,No,0.0,0.0,-2.881,3.408,0.5596899999999999,-0.1076899999999999,0.5596899999999999,-0.1076899999999999,-0.8696600000000001,0.4866599999999999,-3.687769999999999,3.83177,Washington Commanders,0.6673799999999999,Washington Commanders,0.6673799999999999,0.5596899999999999,-0.1076899999999999,Washington Commanders,0.6673799999999999,Tie,0.0,Dallas Cowboys,6.289,-1.4405,1.704,Dallas Cowboys,3.1445,Dallas Cowboys,1.35632,Dallas Cowboys,7.519539999999999,-2.278715,2.159215,Dallas Cowboys,4.43793,Different,Different,Different,Different,Different,Same,False,Home Team,Home Team,45.5,-457.0,367.0,Dallas Cowboys,Washington Commanders,-10.5,10.5,-128,105,-346,268,-1.35632,1.35632,-7.519539999999999,7.519539999999999,0.2141,0.8205,0.4878,0.5614,0.2717,0.7758,0.207,0.793,0.4649,0.5351,0.2594,0.7406,0.207,0.793,-0.293,0.293,,,70,0.0,70.0,0.0,Dome,True,M.Mariota,D.Prescott,-5.72,-7.0,13.97,195.05,High,-15.0,4.0,54.57,54.0,14.143564368383542,37.0,73.0,0.661,0.3382,0.0894,0.082,0.3588,0.6412,0.7352,0.2648,18,2021-12-26,Washington Commanders @ Dallas Cowboys,0.6824,0.3174,-215,215,,,,,,,,No Bet,,No Bet,,No Bet,,No Bet,,No Bet,,No Bet,,No Bet,,No Bet,,No Bet,,,,,,,,,,,,,,,,,,,,,,,,,,,,,18,0.0,0.2085,Dallas Cowboys,Washington Commanders,0,0,0,0,0,0,0,0,0,0,0,0,1,2.5,4.0,,,7.385886565384419,0.0,0.9738697285018482,0.0,0.0002702711299057,0.0,0.0004132117248281,0.0,0.0015829801825542,0.0,0.0,5.5946123890496206e-05,0.0002143250060152,0.0002143250060152,0.0019961919073823,0.0,0.0,0.0002702711299057,5.0,0.0,0.207,0.793,0.3475,0.6523,0.2896,0.7096,Dallas Cowboys,Dallas Cowboys,Dallas Cowboys,Dallas Cowboys,Dallas Cowboys,Same,Same,Same,False,False,0.0,0.0002702711299057,0.0,0.0002702711299057,0.0,0.0002702711299057,,,0.0,0.28143280315128366,0.0,2.2770928619921516,0.0,0.7208233222485769,0.0,0.704440150889847,0.0,0.7126398816184486
2021_16_MIA_NO,2021,18,2021-12-27,20:15,Miami Dolphins,New Orleans Saints,Home,Tua Tagovailoa,Ian Book,00-0036212,00-0036929,8,8,0,0,-3,9,Caesars Superdome,29.9507,-90.0813,America/Chicago,False,False,16,16,Monday,False,False,0,False,False,0,-3,9,AFC East,Hard Rock Stadium,25.9602,-80.2384,America/New_York,NFC South,Caesars Superdome,29.9507,-90.0813,America/Chicago,New York Jets,Tampa Bay Buccaneers,Hard Rock Stadium,Raymond James Stadium,Tennessee Titans,Carolina Panthers,Nissan Stadium,Caesars Superdome,660,0,-660,660,1.0,0.0,America/New_York,America/New_York,1.0,1.0,1.0,0.0,1.0,0,0.66,-6.145,0.66,-6.145,Miami Dolphins,6.805,Miami Dolphins,6.805,0.66,-6.145,Miami Dolphins,6.805,0.0,0,No,No,No,No,No,0,No,0.0,0.0,-2.985,-0.914,-0.5645,-6.015,-0.5645,-6.015,-1.2245,0.13,-4.209499999999999,-0.784,Miami Dolphins,5.4505,Miami Dolphins,5.4505,-0.5645,-6.015,Miami Dolphins,5.4505,Tie,0.0,New Orleans Saints,2.071,-1.4925,-0.457,New Orleans Saints,1.0355,New Orleans Saints,1.3544999999999998,New Orleans Saints,3.4254999999999995,-2.717,-0.327,New Orleans Saints,2.39,Different,Different,Different,Different,Different,Same,False,Home Team,Home Team,37.5,143.0,-160.0,Miami Dolphins,New Orleans Saints,3.0,-3.0,-128,105,-191,156,-1.3544999999999998,1.3544999999999998,-3.4254999999999995,3.4254999999999995,0.6154,0.4115,0.4878,0.5614,0.3906,0.6564,0.5993,0.4007,0.4649,0.5351,0.3731,0.6269,0.5993,0.4007,0.0993,-0.0993,,,71,0.0,70.0,0.0,Dome,True,T.Tagovailoa,T.Shough,-1.12,-2.0,12.79,163.61,Med-Low,-10.0,8.0,38.93,39.0,12.240903434934069,23.0,55.0,0.5262,0.4732,0.1064,0.0946,0.5644,0.378,0.5206,0.4794,18,2021-12-27,Miami Dolphins @ New Orleans Saints,0.5222,0.4776,-109,109,,,,,,,,No Bet,,No Bet,,No Bet,,No Bet,,No Bet,,No Bet,,No Bet,,No Bet,,No Bet,,,,,,,,,,,,,,,,,,,,,,,,,,,,,18,-0.14715,0.18695,Miami Dolphins,New Orleans Saints,0,0,0,0,0,0,0,0,0,0,0,0,0,1.5,3.5,,,7.385886565384419,0.9688194797792652,0.4916124785132545,0.0003053378866788,0.0044160831382952,0.0009036550317461,0.0195471817912673,0.0013515359633778,0.013069507331488,0.0001223488911922,0.0001829889954866,0.0026465586247803,0.0017695245135148,0.0019525135090015,0.0326166891227553,0.002255190995124,0.0003053378866788,0.0044160831382952,5.0,0.0,0.5993,0.4007,0.4346,0.565,0.3906,0.608,Miami Dolphins,New Orleans Saints,New Orleans Saints,New Orleans Saints,New Orleans Saints,Same,Same,Same,False,False,0.0003053378866788,0.0044160831382952,0.0003053378866788,0.0044160831382952,0.0003053378866788,0.0044160831382952,,,0.5478239924479583,0.8123743135656888,3.007168652750573,1.9568898978163332,1.8201600901192403,0.9778623990208618,1.124445174838919,0.9596300259093419,1.2202799219655993,1.033378257923197
2021_17_LA_BAL,2021,19,2022-01-02,13:00,Los Angeles Rams,Baltimore Ravens,Home,Matthew Stafford,Tyler Huntley,00-0026498,00-0035993,7,7,0,0,7,-4,M&T Bank Stadium,39.2789,-76.6228,America/New_York,False,True,17,17,Sunday,False,False,0,False,False,0,7,-4,NFC West,SoFi Stadium,33.9535,-118.3395,America/Los_Angeles,AFC North,M&T Bank Stadium,39.2789,-76.6228,America/New_York,Minnesota Vikings,Cincinnati Bengals,U.S. Bank Stadium,Paycor Stadium,San Francisco 49ers,Pittsburgh Steelers,SoFi Stadium,M&T Bank Stadium,2320,0,-2320,2320,-3.0,0.0,America/Chicago,America/New_York,-1.0,0.0,-3.0,0.0,-3.0,0,1.29,6.69,1.29,6.69,Baltimore Ravens,5.4,Baltimore Ravens,5.4,1.29,6.69,Baltimore Ravens,5.4,-0.4499999999999999,0,No,No,No,No,No,0,No,0.0,0.0,2.739,4.808,2.9210000000000003,7.403,2.9210000000000003,7.403,1.631,0.7130000000000001,4.369999999999999,5.521,Baltimore Ravens,4.482,Baltimore Ravens,4.482,2.9210000000000003,7.403,Baltimore Ravens,4.482,Tie,0.0,Baltimore Ravens,2.069,1.3695,2.404,Baltimore Ravens,1.0345,Los Angeles Rams,0.918,Baltimore Ravens,1.1510000000000007,3.0005,3.117,Baltimore Ravens,0.1165000000000002,Different,Same,Different,Same,Different,Same,False,Away Team,Home Team,47.0,264.0,-313.0,Los Angeles Rams,Baltimore Ravens,7.0,-7.0,101,-122,-122,101,0.918,-0.918,-1.1510000000000007,1.1510000000000007,0.7579,0.2747,0.5495,0.4975,0.4975,0.5495,0.7339,0.2661,0.5248,0.4752,0.4752,0.5248,0.7339,0.2661,0.2339,-0.2339,59.0,6.0,72,6.0,59.0,0.0,nfl_read_py Fallback,False,M.Stafford,L.Jackson,9.07,10.0,13.39,179.21,Medium,1.0,18.0,54.98,54.0,13.50698959478324,38.0,72.0,0.243,0.7562,0.063,0.0654,0.3948,0.5604,0.695,0.2736,19,2022-01-02,Los Angeles Rams @ Baltimore Ravens,0.3773,0.6225,165,-165,,,,,,,,No Bet,,No Bet,,No Bet,,No Bet,,No Bet,,No Bet,,No Bet,,No Bet,,No Bet,,,,,,,,,,,,,,,,,,,,,,,,,,,,,19,0.1115,0.0882,Los Angeles Rams,Baltimore Ravens,0,0,0,0,0,0,0,0,0,0,0,0,0,3.0,3.0,,,5.843089630104538,0.3595877020229638,0.0,0.0017467345143515,0.0,0.0027159034357087,0.0,0.0074904228916447,0.0,0.0004648060542689,0.0012819284600826,0.0,0.0,0.0012819284600826,0.0,0.0102063263273535,0.0003516438947366,0.0,4.0,1.0,0.7339,0.2661,0.5897,0.4102,0.7388,0.2606,Los Angeles Rams,Los Angeles Rams,Los Angeles Rams,Los Angeles Rams,Los Angeles Rams,Same,Same,Same,False,False,0.0017467345143515,0.0,0.0017467345143515,0.0,0.0017467345143515,0.0,,,0.3754801448238629,0.0,1.3777011746261196,0.0,0.9499720131093582,0.0,0.4582925427056179,0.0,0.7102406729110017,0.0
2021_17_ATL_BUF,2021,19,2022-01-02,13:00,Atlanta Falcons,Buffalo Bills,Home,Matt Ryan,Josh Allen,00-0026143,00-0034857,7,7,0,0,-3,-2,Highmark Stadium,42.7725,-78.7877,America/New_York,False,False,17,17,Sunday,False,False,0,False,False,0,-3,-2,NFC South,Mercedes-Benz Stadium,33.7489,-84.388,America/New_York,AFC East,Highmark Stadium,42.7725,-78.7877,America/New_York,Detroit Lions,New England Patriots,Mercedes-Benz Stadium,Gillette Stadium,New Orleans Saints,New York Jets,Mercedes-Benz Stadium,Highmark Stadium,693,0,-693,693,0.0,0.0,America/New_York,America/New_York,0.0,0.0,0.0,0.0,0.0,0,-0.71,4.795,-0.71,4.795,Buffalo Bills,5.505,Buffalo Bills,5.505,-0.71,4.795,Buffalo Bills,5.505,0.0,0,No,No,No,No,No,0,No,0.0,0.0,-8.837,8.856,0.5545000000000001,3.91,0.5545000000000001,3.91,1.2645,-0.885,-7.5725,7.971,Buffalo Bills,3.3555,Buffalo Bills,3.3555,0.5545000000000001,3.91,Buffalo Bills,3.3555,Tie,0.0,Buffalo Bills,17.692999999999998,-4.4185,4.428,Buffalo Bills,8.846499999999999,Atlanta Falcons,2.1495,Buffalo Bills,15.5435,-3.154,3.543,Buffalo Bills,6.697,Different,Same,Different,Same,Different,Same,False,Away Team,Home Team,46.5,-871.0,625.0,Buffalo Bills,Atlanta Falcons,-14.0,14.0,108,-131,-1197,702,2.1495,-2.1495,-15.5435,15.5435,0.1379,0.897,0.5671,0.4808,0.1247,0.9229,0.1333,0.8667,0.5412,0.4588,0.119,0.881,0.1333,0.8667,-0.3667,0.3667,26.0,11.0,73,11.0,26.0,0.0,nfl_read_py Fallback,False,K.Cousins,J.Allen,-12.89,-13.0,13.65,186.32,Med-High,-22.0,-5.0,48.83,48.0,13.418084275973504,32.0,66.0,0.8242,0.1756,0.0566,0.058,0.4536,0.506,0.5574,0.4426,19,2022-01-02,Atlanta Falcons @ Buffalo Bills,0.7577,0.2423,-313,313,,,,,,,,No Bet,,No Bet,,No Bet,,No Bet,,No Bet,,No Bet,,No Bet,,No Bet,,No Bet,,,,,,,,,,,,,,,,,,,,,,,,,,,,,19,-0.1606,0.3873,Buffalo Bills,Atlanta Falcons,0,0,0,0,0,0,0,0,0,0,0,0,0,1.5,5.0,,,5.843089630104538,0.0,0.7839496026278087,0.0,0.0033890665230631,0.0,0.0026396891735707,0.0,0.0171629302830742,0.0,0.0,0.0004517625675243,0.0029373039555388,0.0029373039555388,0.0198026194566449,0.0,0.0,0.000345947425932,4.0,1.0,0.1333,0.8667,0.2253,0.7746,0.0924,0.9074,Buffalo Bills,Buffalo Bills,Buffalo Bills,Buffalo Bills,Buffalo Bills,Same,Same,Same,False,False,0.0,0.0033890665230631,0.0,0.0033890665230631,0.0,0.0033890665230631,,,0.0,0.18761023670076774,0.0,1.5632644264887754,0.0,0.2142798965884282,0.0,0.3302853061770019,0.0,0.4543230983748585
2021_17_NYG_CHI,2021,19,2022-01-02,13:00,New York Giants,Chicago Bears,Home,Mike Glennon,Andy Dalton,00-0030520,00-0027973,7,7,0,0,0,-12,Soldier Field,41.8623,-87.6167,America/Chicago,False,True,17,17,Sunday,False,False,0,False,False,0,0,-12,NFC East,MetLife Stadium,40.8136,-74.0744,America/New_York,NFC North,Soldier Field,41.8623,-87.6167,America/Chicago,Philadelphia Eagles,Seattle Seahawks,Lincoln Financial Field,Lumen Field,Washington Commanders,Minnesota Vikings,MetLife Stadium,U.S. Bank Stadium,705,0,-705,705,1.0,0.0,America/New_York,America/Los_Angeles,1.0,-2.0,1.0,0.0,1.0,0,-2.84,-1.575,-2.84,-1.575,Chicago Bears,1.265,Chicago Bears,1.265,-2.84,-1.575,Chicago Bears,1.265,0.0,0,No,No,No,No,No,0,No,0.0,0.0,-4.564,-3.478,-3.0215,-1.2234999999999998,-3.0215,-1.2234999999999998,-0.1815,0.3514999999999999,-4.7455,-3.1265,Chicago Bears,1.7979999999999998,Chicago Bears,1.7979999999999998,-3.0215,-1.2234999999999998,Chicago Bears,1.7979999999999998,Tie,0.0,Chicago Bears,1.086,-2.282,-1.739,Chicago Bears,0.5429999999999999,Chicago Bears,0.5329999999999999,Chicago Bears,1.6189999999999998,-2.4635,-1.3875000000000002,Chicago Bears,1.0759999999999996,Different,Same,Same,Same,Different,Same,False,Home Team,Home Team,36.5,-287.0,245.0,Chicago Bears,New York Giants,-7.0,7.0,-116,-104,-128,105,-0.5329999999999999,0.5329999999999999,-1.6189999999999998,1.6189999999999998,0.2899,0.7416,0.5098,0.537,0.4878,0.5614,0.281,0.719,0.487,0.513,0.4649,0.5351,0.281,0.719,-0.219,0.219,25.0,13.0,74,13.0,25.0,0.0,nfl_read_py Fallback,False,J.Dart,C.Williams,-1.55,-3.0,12.92,166.91,Med-Low,-11.0,7.0,36.72,36.0,12.153172321640795,22.0,53.0,0.5444,0.4542,0.095,0.0962,0.3298,0.6184,0.4864,0.5136,19,2022-01-02,New York Giants @ Chicago Bears,0.5779,0.4218,-137,137,,,,,,,,No Bet,,No Bet,,No Bet,,No Bet,,No Bet,,No Bet,,No Bet,,No Bet,,No Bet,,,,,,,,,,,,,,,,,,,,,,,,,,,,,19,-0.183,-0.1301,Chicago Bears,New York Giants,0,0,0,0,0,0,0,0,0,0,0,0,0,1.5,1.5,,,5.843089630104538,0.4745894761019471,0.9991255555179038,0.1257940561166013,0.004209156070043,0.5284836543282414,0.0069110478078052,0.2065422904954601,0.017683428376555,0.0904459263478363,0.0353481297687649,0.0011827728556821,0.0030263832143609,0.0383745129831259,0.0245944761843603,0.7350259448237015,0.1244342307674411,0.0003303421213932,4.0,1.0,0.281,0.719,0.4683,0.5311,0.661,0.3366,Chicago Bears,New York Giants,Chicago Bears,Chicago Bears,Chicago Bears,Same,Different,Same,False,False,0.1257940561166013,0.004209156070043,0.1257940561166013,0.004209156070043,0.1257940561166013,0.004209156070043,,,0.9587067122604576,0.45516306470788825,1.1435690100654674,1.7708425835091905,0.8495955105356102,0.964302639966834,0.8962107811899318,0.9963672463243054,0.9553791503556933,0.9325681182011442
2021_17_KC_CIN,2021,19,2022-01-02,13:00,Kansas City Chiefs,Cincinnati Bengals,Home,Patrick Mahomes,Joe Burrow,00-0033873,00-0036442,7,7,0,0,9,10,Paycor Stadium,39.0955,-84.5165,America/New_York,False,False,17,17,Sunday,False,False,0,False,False,0,9,10,AFC West,GEHA Field at Arrowhead Stadium,39.0489,-94.4839,America/Chicago,AFC North,Paycor Stadium,39.0955,-84.5165,America/New_York,Pittsburgh Steelers,Baltimore Ravens,GEHA Field at Arrowhead Stadium,Paycor Stadium,Denver Broncos,Cleveland Browns,Empower Field at Mile High,FirstEnergy Stadium,534,0,-534,534,-1.0,0.0,America/Chicago,America/New_York,-1.0,0.0,-1.0,0.0,-1.0,0,4.395,1.31,4.395,1.31,Kansas City Chiefs,3.0849999999999995,Kansas City Chiefs,3.0849999999999995,4.395,1.31,Kansas City Chiefs,3.0849999999999995,0.0,0,No,No,No,No,No,0,No,0.0,0.0,6.28,0.184,5.288499999999999,0.2325000000000001,5.288499999999999,0.2325000000000001,0.8935,-1.0775,7.173500000000001,-0.8935,Kansas City Chiefs,5.055999999999999,Kansas City Chiefs,5.055999999999999,5.288499999999999,0.2325000000000001,Kansas City Chiefs,5.055999999999999,Tie,0.0,Kansas City Chiefs,6.096,3.14,0.092,Kansas City Chiefs,3.048,Kansas City Chiefs,1.971,Kansas City Chiefs,8.067,4.0335,-0.9855,Kansas City Chiefs,5.019,Different,Same,Same,Same,Different,Same,False,Away Team,Away Team,51.0,157.0,-178.0,Kansas City Chiefs,Cincinnati Bengals,3.5,-3.5,108,-131,282,-366,1.971,-1.971,8.067,-8.067,0.6403,0.3891,0.5671,0.4808,0.7854,0.2618,0.622,0.378,0.5412,0.4588,0.75,0.25,0.622,0.378,0.122,-0.122,33.0,13.0,75,13.0,33.0,0.0,nfl_read_py Fallback,False,P.Mahomes,J.Burrow,3.37,4.0,14.13,199.68,High,-7.0,13.0,59.6,59.0,14.546999597149094,41.0,78.0,0.4012,0.5982,0.0936,0.0808,0.4862,0.5138,0.7028,0.2718,19,2022-01-02,Kansas City Chiefs @ Cincinnati Bengals,0.372,0.6278,169,-169,,,,,,,,No Bet,,No Bet,,No Bet,,No Bet,,No Bet,,No Bet,,No Bet,,No Bet,,No Bet,,,,,,,,,,,,,,,,,,,,,,,,,,,,,19,0.321,-0.1958,Kansas City Chiefs,Cincinnati Bengals,0,0,0,0,0,0,0,0,0,0,0,0,0,4.5,1.0,,,5.843089630104538,0.260332452671885,0.0284836322663816,0.0013386434401956,0.0027245193665208,0.0029566455422419,0.0099019979533879,0.0048651680615727,0.0060176129041489,0.0005060072203939,0.0008326362198016,0.0016946510459759,0.0010298683205448,0.0018625045403465,0.0159196108575368,0.0078218136038147,0.0003289216179205,0.0026240940378436,4.0,1.0,0.622,0.378,0.6344,0.3656,0.5892,0.4108,Kansas City Chiefs,Kansas City Chiefs,Kansas City Chiefs,Kansas City Chiefs,Kansas City Chiefs,Same,Same,Same,False,False,0.0013386434401956,0.0027245193665208,0.0013386434401956,0.0027245193665208,0.0013386434401956,0.0027245193665208,,,0.5351614782202166,0.8787082987481296,1.3428584094728488,1.5715531841018016,0.4546494546493731,1.3592486958530672,0.760977587982745,1.1316004395314914,0.7039681804641946,1.1839790880926373
2021_17_LV_IND,2021,19,2022-01-02,13:00,Las Vegas Raiders,Indianapolis Colts,Home,Derek Carr,Carson Wentz,00-0031280,00-0032950,7,8,-1,1,-2,-1,Lucas Oil Stadium,39.7601,-86.1638,America/Indiana/Indianapolis,False,False,17,17,Sunday,False,False,0,False,False,0,-2,-1,AFC West,Allegiant Stadium,36.108,-115.1578,America/Los_Angeles,AFC South,Lucas Oil Stadium,39.7601,-86.1638,America/Indiana/Indianapolis,Denver Broncos,Arizona Cardinals,Allegiant Stadium,State Farm Stadium,Los Angeles Chargers,Jacksonville Jaguars,Allegiant Stadium,TIAA Bank Field,1592,0,-1592,1592,-3.0,0.0,America/Los_Angeles,America/Denver,-3.0,-2.0,-3.0,0.0,-3.0,0,-2.35,-2.265,-2.35,-2.265,Indianapolis Colts,0.0849999999999999,Indianapolis Colts,0.0849999999999999,-2.35,-2.265,Indianapolis Colts,0.0849999999999999,-0.4499999999999999,0,No,No,No,No,No,0,No,0.0,0.0,0.289,2.757,-2.4245,-3.652,-2.4245,-3.652,-0.0744999999999999,-1.387,0.2145,1.3700000000000006,Las Vegas Raiders,1.2274999999999996,Las Vegas Raiders,1.2274999999999996,-2.4245,-3.652,Las Vegas Raiders,1.2274999999999996,Tie,0.0,Indianapolis Colts,2.468,0.1445,1.3785,Indianapolis Colts,1.234,Las Vegas Raiders,1.3125,Indianapolis Colts,1.1555000000000004,0.07,-0.0084999999999997,Las Vegas Raiders,0.0784999999999997,Different,Different,Same,Different,Different,Same,False,Away Team,Home Team,46.5,-397.0,325.0,Indianapolis Colts,Las Vegas Raiders,-8.5,8.5,105,-128,-122,101,1.3125,-1.3125,-1.1555000000000004,1.1555000000000004,0.2353,0.7988,0.5614,0.4878,0.4975,0.5495,0.2275,0.7725,0.5351,0.4649,0.4752,0.5248,0.2275,0.7725,-0.2725,0.2725,,,76,0.0,70.0,0.0,Dome,True,G.Smith,D.Jones,-4.93,-6.0,13.57,184.09,Med-High,-14.0,5.0,45.62,45.0,13.084463469200998,29.0,63.0,0.6376,0.3616,0.0922,0.0854,0.409,0.591,0.46,0.54,19,2022-01-02,Las Vegas Raiders @ Indianapolis Colts,0.6,0.3998,-150,150,,,,,,,,No Bet,,No Bet,,No Bet,,No Bet,,No Bet,,No Bet,,No Bet,,No Bet,,No Bet,,,,,,,,,,,,,,,,,,,,,,,,,,,,,19,-0.1211,0.3721,Indianapolis Colts,Las Vegas Raiders,0,0,0,0,0,0,0,0,0,0,0,0,0,1.5,5.0,,,5.843089630104538,0.0,0.893816838923584,0.0,0.0038154075340587,0.0,0.0050718322647905,0.0,0.0172219359320911,0.0,0.0,0.0008680052139983,0.0029474023200604,0.0029474023200604,0.0222937681968816,0.0,0.0,0.0003456185464535,4.0,1.0,0.2275,0.7725,0.3766,0.6233,0.2918,0.7076,Indianapolis Colts,Indianapolis Colts,Indianapolis Colts,Indianapolis Colts,Indianapolis Colts,Same,Same,Same,False,False,0.0,0.0038154075340587,0.0,0.0038154075340587,0.0,0.0038154075340587,,,0.0,0.3201838026340248,0.0,1.5437039148814589,0.0,0.8576896290445242,0.0,0.6814768544516117,0.0,0.7505479351150295
2021_17_JAX_NE,2021,19,2022-01-02,13:00,Jacksonville Jaguars,New England Patriots,Home,Trevor Lawrence,Mac Jones,00-0036971,00-0036972,7,7,0,0,-1,-14,Gillette Stadium,42.0628,-71.2687,America/New_York,False,True,17,17,Sunday,False,False,0,False,False,0,-1,-14,AFC South,TIAA Bank Field,30.3239,-81.6554,America/New_York,AFC East,Gillette Stadium,42.0628,-71.2687,America/New_York,New York Jets,Buffalo Bills,MetLife Stadium,Gillette Stadium,Indianapolis Colts,Miami Dolphins,TIAA Bank Field,Hard Rock Stadium,994,0,-994,994,0.0,0.0,America/New_York,America/New_York,0.0,0.0,0.0,0.0,0.0,0,-1.825,-1.995,-1.825,-1.995,Jacksonville Jaguars,0.1700000000000001,Jacksonville Jaguars,0.1700000000000001,-1.825,-1.995,Jacksonville Jaguars,0.1700000000000001,0.0,0,No,No,No,No,No,0,No,0.0,0.0,-9.707,3.922,-2.229,-3.7655,-2.229,-3.7655,-0.4039999999999999,-1.7705000000000002,-10.111,2.1515,Jacksonville Jaguars,1.5365000000000002,Jacksonville Jaguars,1.5365000000000002,-2.229,-3.7655,Jacksonville Jaguars,1.5365000000000002,Tie,0.0,New England Patriots,13.629,-4.8535,1.961,New England Patriots,6.814500000000001,Jacksonville Jaguars,1.3665000000000005,New England Patriots,12.2625,-5.2575,0.1904999999999999,New England Patriots,5.448,Different,Different,Same,Different,Different,Same,False,Away Team,Home Team,42.0,-1056.0,727.0,New England Patriots,Jacksonville Jaguars,-17.5,17.5,105,-128,-675,466,1.3665000000000005,-1.3665000000000005,-12.2625,12.2625,0.1209,0.9135,0.5614,0.4878,0.1767,0.871,0.1169,0.8831,0.5351,0.4649,0.1686,0.8314,0.1169,0.8831,-0.3831,0.3831,46.0,4.0,77,4.0,46.0,0.0,nfl_read_py Fallback,False,T.Lawrence,D.Maye,-9.81,-10.0,13.71,187.93,Med-High,-19.0,-1.0,48.59,48.0,13.083522907624491,32.0,66.0,0.7648,0.2344,0.067,0.0692,0.2842,0.7158,0.6752,0.2956,19,2022-01-02,Jacksonville Jaguars @ New England Patriots,0.736,0.2638,-279,279,,,,,,,,No Bet,,No Bet,,No Bet,,No Bet,,No Bet,,No Bet,,No Bet,,No Bet,,No Bet,,,,,,,,,,,,,,,,,,,,,,,,,,,,,19,-0.3721,0.1818,New England Patriots,Jacksonville Jaguars,0,0,0,0,0,0,0,0,0,0,0,0,0,0.0,3.5,,,5.843089630104538,0.1084109168809053,0.909454236333488,0.1084109168809053,0.003892034124789,0.5594038492939823,0.002658481845021,0.0740508549229606,0.020083022389547,0.0957376806975275,0.0126732361833778,0.0004549787891878,0.0034370553356012,0.016110291518979,0.022741504234568,0.6334547042169429,0.1084109168809053,0.0003615794019133,4.0,1.0,0.1169,0.8831,0.2616,0.7382,0.1444,0.855,New England Patriots,New England Patriots,New England Patriots,New England Patriots,New England Patriots,Same,Same,Same,False,False,0.1084109168809053,0.003892034124789,0.1084109168809053,0.003892034124789,0.1084109168809053,0.003892034124789,,,1.2211088442343632,0.1927609327339865,1.054700617057558,1.8597109765170987,1.431147859947498,0.3827502905549455,1.345523881186446,0.5470541463277923,1.281755179888989,0.6061920886678442
2021_17_TB_NYJ,2021,19,2022-01-02,13:00,Tampa Bay Buccaneers,New York Jets,Home,Tom Brady,Zach Wilson,00-0019596,00-0037013,7,7,0,0,0,-3,MetLife Stadium,40.8136,-74.0744,America/New_York,False,True,17,17,Sunday,False,False,0,False,False,0,0,-3,NFC South,Raymond James Stadium,27.9759,-82.5033,America/New_York,AFC East,MetLife Stadium,40.8136,-74.0744,America/New_York,Carolina Panthers,Jacksonville Jaguars,Bank of America Stadium,MetLife Stadium,Carolina Panthers,Buffalo Bills,Raymond James Stadium,Highmark Stadium,1007,0,-1007,1007,0.0,0.0,America/New_York,America/New_York,0.0,0.0,0.0,0.0,0.0,0,1.025,-3.725,1.025,-3.725,Tampa Bay Buccaneers,4.75,Tampa Bay Buccaneers,4.75,1.025,-3.725,Tampa Bay Buccaneers,4.75,0.0,0,No,No,No,No,No,0,No,0.0,0.0,5.429,-9.19,0.0829999999999999,-1.475,0.0829999999999999,-1.475,-0.942,2.25,4.487,-6.94,Tampa Bay Buccaneers,1.558,Tampa Bay Buccaneers,1.558,0.0829999999999999,-1.475,Tampa Bay Buccaneers,1.558,Tie,0.0,Tampa Bay Buccaneers,14.619,2.7145,-4.595,Tampa Bay Buccaneers,7.3095,New York Jets,3.192,Tampa Bay Buccaneers,11.427,1.7725,-2.345,Tampa Bay Buccaneers,4.1175,Different,Same,Different,Same,Different,Same,False,Home Team,Away Team,48.0,623.0,-868.0,Tampa Bay Buccaneers,New York Jets,14.5,-14.5,-164,135,450,-646,-3.192,3.192,11.427,-11.427,0.8967,0.1383,0.4255,0.6212,0.866,0.1818,0.8664,0.1336,0.4065,0.5935,0.8265,0.1735,0.8664,0.1336,0.3664,-0.3664,57.0,9.0,78,9.0,57.0,0.0,nfl_read_py Fallback,False,B.Mayfield,T.Taylor,13.77,14.0,13.43,180.34,Med-High,6.0,23.0,49.27,49.0,13.38041736545519,33.0,67.0,0.1466,0.8528,0.0556,0.053,0.5262,0.4738,0.5208,0.4616,19,2022-01-02,Tampa Bay Buccaneers @ New York Jets,0.2618,0.7381,282,-282,,,,,,,,No Bet,,No Bet,,No Bet,,No Bet,,No Bet,,No Bet,,No Bet,,No Bet,,No Bet,,,,,,,,,,,,,,,,,,,,,,,,,,,,,19,0.2988,-0.3873,Tampa Bay Buccaneers,New York Jets,0,0,0,0,0,0,0,0,0,0,0,0,0,4.5,0.0,,,5.843089630104538,0.9969251225432492,0.0,0.0042116234122136,0.0,0.0032877481162643,0.0,0.0213211449695466,0.0,0.0005626728878717,0.0036489505243418,0.0,0.0,0.0036489505243418,0.0,0.0246088930858109,0.0003413977635265,0.0,4.0,1.0,0.8664,0.1336,0.7762,0.2238,0.8482,0.1516,Tampa Bay Buccaneers,Tampa Bay Buccaneers,Tampa Bay Buccaneers,Tampa Bay Buccaneers,Tampa Bay Buccaneers,Same,Same,Same,False,False,0.0042116234122136,0.0,0.0042116234122136,0.0,0.0042116234122136,0.0,,,0.18782528847509947,0.0,1.7126744631663589,0.0,0.312039212839698,0.0,0.27485772012978654,0.0,0.4901829851266778,0.0
2021_17_MIA_TEN,2021,19,2022-01-02,13:00,Miami Dolphins,Tennessee Titans,Home,Tua Tagovailoa,Ryan Tannehill,00-0036212,00-0029701,6,10,-4,4,-7,-6,Nissan Stadium,36.1664,-86.7716,America/Chicago,False,True,17,17,Sunday,False,False,0,False,False,0,-7,-6,AFC East,Hard Rock Stadium,25.9602,-80.2384,America/New_York,AFC South,Nissan Stadium,36.1664,-86.7716,America/Chicago,New Orleans Saints,San Francisco 49ers,Caesars Superdome,Nissan Stadium,New England Patriots,Houston Texans,Hard Rock Stadium,NRG Stadium,803,0,-803,803,1.0,0.0,America/Chicago,America/Chicago,0.0,0.0,0.0,0.0,0.0,0,0.66,-4.36,0.66,-4.36,Miami Dolphins,5.0200000000000005,Miami Dolphins,5.0200000000000005,0.66,-4.36,Miami Dolphins,5.0200000000000005,0.0,0,No,No,No,No,Yes,0,No,0.0,0.0,-2.985,1.457,-1.1895,-5.369,-1.1895,-5.369,-1.8495,-1.009,-4.834499999999999,0.4480000000000002,Miami Dolphins,4.1795,Miami Dolphins,4.1795,-1.1895,-5.369,Miami Dolphins,4.1795,Tie,0.0,Tennessee Titans,4.442,-1.4925,0.7285,Tennessee Titans,2.221,Tennessee Titans,0.8405,Tennessee Titans,5.2825,-3.342,-0.2804999999999998,Tennessee Titans,3.0615,Different,Different,Different,Different,Different,Same,False,Home Team,Home Team,41.0,-170.0,151.0,Tennessee Titans,Miami Dolphins,-3.0,3.0,-122,101,-244,195,-0.8405,0.8405,-5.2825,5.2825,0.3984,0.6296,0.4975,0.5495,0.339,0.7093,0.3875,0.6125,0.4752,0.5248,0.3234,0.6766,0.3875,0.6125,-0.1125,0.1125,43.0,13.0,79,13.0,43.0,0.0,nfl_read_py Fallback,False,T.Tagovailoa,C.Ward,1.02,3.0,13.53,183.02,Med-High,-9.0,10.0,42.72,42.5,13.005785408456427,26.0,60.0,0.4528,0.546,0.0926,0.0834,0.386,0.5776,0.5206,0.4552,19,2022-01-02,Miami Dolphins @ Tennessee Titans,0.5667,0.433,-131,131,,,,,,,,No Bet,,No Bet,,No Bet,,No Bet,,No Bet,,No Bet,,No Bet,,No Bet,,No Bet,,,,,,,,,,,,,,,,,,,,,,,,,,,,,19,-0.1818,0.3129,Tennessee Titans,Miami Dolphins,0,0,0,0,0,0,0,0,0,0,0,0,0,1.5,4.5,,,5.843089630104538,0.7944586321311498,0.4882671281885638,0.0083530682561864,0.0022508652827534,0.029894732485708,0.0050964029420624,0.0189129940215704,0.0080556046503567,0.0051162543069142,0.0032368139492722,0.0008722102970669,0.0013786549856864,0.0046154689349587,0.0131520075924191,0.0488077265072784,0.005288331130573,0.000356066221369,4.0,1.0,0.3875,0.6125,0.4682,0.5315,0.497,0.5018,Tennessee Titans,Tennessee Titans,Tennessee Titans,Miami Dolphins,Tennessee Titans,Same,Different,Same,False,False,0.0083530682561864,0.0022508652827534,0.0083530682561864,0.0022508652827534,0.0083530682561864,0.0022508652827534,,,0.8627945167807987,0.5510752601875456,1.5042284468231926,1.4101831467514587,1.221200242356795,0.592697908145646,0.8494114448461134,1.0431665826681253,1.06224847585678,0.8256987927000565
2021_17_PHI_WAS,2021,19,2022-01-02,13:00,Philadelphia Eagles,Washington Commanders,Home,Jalen Hurts,Taylor Heinicke,00-0036389,00-0031800,7,7,0,0,8,-16,FedExField,38.9077,-76.8645,America/New_York,False,False,17,17,Sunday,False,False,0,False,False,0,8,-16,NFC East,Lincoln Financial Field,39.9008,-75.1675,America/New_York,NFC East,FedExField,38.9077,-76.8645,America/New_York,New York Giants,Dallas Cowboys,Lincoln Financial Field,AT&T Stadium,Dallas Cowboys,New York Giants,Lincoln Financial Field,MetLife Stadium,114,0,-114,114,0.0,0.0,America/New_York,America/Chicago,0.0,-1.0,0.0,0.0,0.0,0,4.905,1.45,4.905,1.45,Philadelphia Eagles,3.455,Philadelphia Eagles,3.455,4.905,1.45,Philadelphia Eagles,3.455,0.0,0,No,No,No,No,No,1,No,0.0,0.0,-1.988,-2.881,5.33971,0.6562899999999999,5.33971,0.6562899999999999,0.46926,-0.82826,-1.52767,-3.70033,Philadelphia Eagles,4.68342,Philadelphia Eagles,4.68342,5.33971,0.6562899999999999,Philadelphia Eagles,4.68342,Tie,0.0,Philadelphia Eagles,0.8929999999999998,-0.994,-1.4405,Philadelphia Eagles,0.4464999999999999,Philadelphia Eagles,1.29752,Philadelphia Eagles,2.17266,-0.529205,-2.264295,Philadelphia Eagles,1.73509,Different,Same,Same,Same,Different,Same,False,Away Team,Away Team,44.5,206.0,-238.0,Philadelphia Eagles,Washington Commanders,6.5,-6.5,105,-128,108,-131,1.29752,-1.29752,2.17266,-2.17266,0.7041,0.3268,0.5614,0.4878,0.5671,0.4808,0.683,0.317,0.5351,0.4649,0.5412,0.4588,0.683,0.317,0.183,-0.183,62.0,4.0,80,4.0,62.0,0.0,nfl_read_py Fallback,False,J.Hurts,M.Mariota,0.51,1.0,13.19,174.01,Medium,-9.0,10.0,47.86,47.0,13.467316298418789,30.0,65.0,0.4854,0.5136,0.0952,0.0924,0.6474,0.3526,0.579,0.421,19,2022-01-02,Philadelphia Eagles @ Washington Commanders,0.4315,0.5682,132,-132,,,,,,,,No Bet,,No Bet,,No Bet,,No Bet,,No Bet,,No Bet,,No Bet,,No Bet,,No Bet,,,,,,,,,,,,,,,,,,,,,,,,,,,,,19,-0.2153,0.183,Philadelphia Eagles,Washington Commanders,0,0,0,0,0,0,0,0,0,0,0,0,1,1.0,3.5,,,5.843089630104538,0.9737990104826174,0.3036910921722289,0.0041542805078197,0.0888298266631237,0.0076948051737844,0.3545047564501695,0.0165790281820025,0.1645358825691123,0.0013169069209788,0.0028373735868408,0.0606707716109135,0.0281590550522102,0.0309964286390511,0.5190406390192819,0.024273833355787,0.0003739915247973,0.0879921614340212,4.0,1.0,0.683,0.317,0.5486,0.4512,0.5278,0.4714,Philadelphia Eagles,Philadelphia Eagles,Philadelphia Eagles,Philadelphia Eagles,Philadelphia Eagles,Same,Same,Same,False,False,0.0041542805078197,0.0888298266631237,0.0041542805078197,0.0888298266631237,0.0041542805078197,0.0888298266631237,,,0.49023320696104467,0.9236365700073017,1.6300530556213104,1.284358537953341,0.9197530184748717,0.8941451320275728,1.0147622133224352,0.8778158141918032,0.9126094417834896,0.9753378267733479
2021_17_DEN_LAC,2021,19,2022-01-02,16:05,Denver Broncos,Los Angeles Chargers,Home,Drew Lock,Justin Herbert,00-0035704,00-0036355,7,7,0,0,4,0,SoFi Stadium,33.9535,-118.3395,America/Los_Angeles,False,True,17,17,Sunday,False,False,0,False,False,0,4,0,AFC West,Empower Field at Mile High,39.7648,-105.0076,America/Denver,AFC West,SoFi Stadium,33.9535,-118.3395,America/Los_Angeles,Las Vegas Raiders,Houston Texans,Allegiant Stadium,NRG Stadium,Kansas City Chiefs,Las Vegas Raiders,Empower Field at Mile High,Allegiant Stadium,837,0,-837,837,1.0,0.0,America/Los_Angeles,America/Chicago,0.0,2.0,0.0,0.0,0.0,0,2.05,0.935,2.05,0.935,Denver Broncos,1.1149999999999998,Denver Broncos,1.1149999999999998,2.05,0.935,Denver Broncos,1.1149999999999998,0.0,0,No,No,No,No,No,1,No,0.0,0.0,-1.949,-1.298,3.85457,1.16643,3.85457,1.16643,1.81572,0.2202799999999999,-0.1267700000000002,-1.08423,Denver Broncos,2.68814,Denver Broncos,2.68814,3.85457,1.16643,Denver Broncos,2.68814,Tie,0.0,Los Angeles Chargers,0.651,-0.9745,-0.649,Los Angeles Chargers,0.3255,Denver Broncos,1.5954399999999995,Denver Broncos,0.9574599999999998,0.8444749999999998,-0.431975,Denver Broncos,1.2764499999999996,Different,Different,Same,Same,Different,Different,False,Away Team,Away Team,45.5,-340.0,285.0,Los Angeles Chargers,Denver Broncos,-8.0,8.0,105,-128,101,-122,1.5954399999999995,-1.5954399999999995,0.9574599999999998,-0.9574599999999998,0.2597,0.7727,0.5614,0.4878,0.5495,0.4975,0.2516,0.7484,0.5351,0.4649,0.5248,0.4752,0.2516,0.7484,-0.2484,0.2484,,,81,0.0,70.0,0.0,Dome,True,B.Nix,J.Herbert,-1.63,-3.0,13.49,181.95,Med-High,-11.0,8.0,49.05,49.0,13.366239729740844,32.0,66.0,0.5356,0.4624,0.0918,0.087,0.318,0.66,0.5966,0.4034,19,2022-01-02,Denver Broncos @ Los Angeles Chargers,0.556,0.4435,-125,125,,,,,,,,No Bet,,No Bet,,No Bet,,No Bet,,No Bet,,No Bet,,No Bet,,No Bet,,No Bet,,,,,,,,,,,,,,,,,,,,,,,,,,,,,19,-0.321,0.1211,Los Angeles Chargers,Denver Broncos,0,0,0,0,0,0,0,0,0,0,0,0,1,0.5,3.5,,,5.843089630104538,0.4652470919201207,0.1878216118801066,0.1021278767127859,0.0011009687705628,0.4466019652840218,0.0016185576963163,0.1501403720810527,0.0048145015100283,0.076432502931849,0.0256953737809369,0.0002770037426736,0.0008239650278892,0.0265193388088261,0.0064330592063446,0.5967423373650745,0.1007122081422903,0.0003730135017622,4.0,1.0,0.2516,0.7484,0.4372,0.5626,0.4972,0.502,Los Angeles Chargers,Los Angeles Chargers,Los Angeles Chargers,Los Angeles Chargers,Los Angeles Chargers,Same,Same,Same,False,False,0.1021278767127859,0.0011009687705628,0.1021278767127859,0.0011009687705628,0.1021278767127859,0.0011009687705628,,,1.0130924432150825,0.40077733375326297,1.0618241547032012,1.852587438871455,0.7625823724113674,1.0513157780910778,0.9001762828406312,0.9924017446736046,0.9350333062415432,0.9529139623152958
2021_17_HOU_SF,2021,19,2022-01-02,16:05,Houston Texans,San Francisco 49ers,Home,Davis Mills,Trey Lance,00-0036898,00-0037012,7,10,-3,3,5,8,Levi's Stadium,37.4031,-121.9702,America/Los_Angeles,False,False,17,17,Sunday,False,False,0,False,False,0,5,8,AFC South,NRG Stadium,29.6847,-95.4093,America/Chicago,NFC West,Levi's Stadium,37.4031,-121.9702,America/Los_Angeles,Los Angeles Chargers,Tennessee Titans,NRG Stadium,Nissan Stadium,Tennessee Titans,Los Angeles Rams,NRG Stadium,SoFi Stadium,1612,0,-1612,1612,2.0,0.0,America/Chicago,America/Chicago,2.0,2.0,2.0,0.0,2.0,0,0.035,3.325,0.035,3.325,San Francisco 49ers,3.29,San Francisco 49ers,3.29,0.035,3.325,San Francisco 49ers,3.29,-0.15,0,No,No,No,No,No,0,No,0.0,0.0,-6.944,2.31,0.076,2.3665000000000003,0.076,2.3665000000000003,0.041,-0.9585,-6.903,1.3515,San Francisco 49ers,2.2905,San Francisco 49ers,2.2905,0.076,2.3665000000000003,San Francisco 49ers,2.2905,Tie,0.0,San Francisco 49ers,9.254,-3.472,1.155,San Francisco 49ers,4.627,Houston Texans,0.9995,San Francisco 49ers,8.2545,-3.431,0.1965000000000001,San Francisco 49ers,3.6275,Different,Same,Different,Same,Different,Same,False,Away Team,Home Team,44.0,-602.0,463.0,San Francisco 49ers,Houston Texans,-14.0,14.0,101,-122,-397,302,0.9995,-0.9995,-8.2545,8.2545,0.1776,0.8575,0.5495,0.4975,0.2488,0.7988,0.1716,0.8284,0.5248,0.4752,0.2375,0.7625,0.1716,0.8284,-0.3284,0.3284,50.0,6.0,82,6.0,50.0,0.0,nfl_read_py Fallback,False,C.Stroud,B.Purdy,-6.73,-7.0,13.71,188.09,Med-High,-16.0,3.0,50.69,50.0,13.548299403369583,33.0,68.0,0.6832,0.3164,0.0794,0.0788,0.2776,0.6906,0.655,0.3142,19,2022-01-02,Houston Texans @ San Francisco 49ers,0.6873,0.3126,-220,220,,,,,,,,No Bet,,No Bet,,No Bet,,No Bet,,No Bet,,No Bet,,No Bet,,No Bet,,No Bet,,,,,,,,,,,,,,,,,,,,,,,,,,,,,19,-0.3129,-0.1115,San Francisco 49ers,Houston Texans,0,0,0,0,0,0,0,0,0,0,0,0,0,0.5,2.0,,,5.843089630104538,0.2407178022823735,0.9128399143515236,0.2165254928976383,0.0038778077000197,1.04807334104935,0.0038881776578545,0.2171045211541145,0.0187702003016706,0.1793697183164036,0.0371557745812347,0.0006654318013233,0.0032123758986963,0.0403681504799311,0.0226583779595251,1.2651778622034644,0.2164311759609151,0.0003340979973446,4.0,1.0,0.1716,0.8284,0.3215,0.6783,0.2478,0.7512,San Francisco 49ers,San Francisco 49ers,San Francisco 49ers,San Francisco 49ers,San Francisco 49ers,Same,Same,Same,False,False,0.2165254928976383,0.0038778077000197,0.2165254928976383,0.0038778077000197,0.2165254928976383,0.0038778077000197,,,1.0905222858585475,0.3233474911097972,0.9019232834375621,2.012488310137086,1.199313108925041,0.6145850415774036,1.0749408039076342,0.8176372236066055,1.0795291375722507,0.8084181309845853
2021_17_ARI_DAL,2021,19,2022-01-02,16:25,Arizona Cardinals,Dallas Cowboys,Home,Kyler Murray,Dak Prescott,00-0035228,00-0033077,8,7,1,-1,6,3,AT&T Stadium,32.7369,-97.0826,America/Chicago,False,False,17,17,Sunday,False,False,0,False,False,0,6,3,NFC West,State Farm Stadium,33.5277,-112.262608,America/Denver,NFC East,AT&T Stadium,32.7369,-97.0826,America/Chicago,Indianapolis Colts,Washington Commanders,State Farm Stadium,AT&T Stadium,Seattle Seahawks,Philadelphia Eagles,State Farm Stadium,Lincoln Financial Field,879,0,-879,879,-1.0,0.0,America/Denver,America/Chicago,-1.0,0.0,-1.0,0.0,-1.0,0,0.075,-0.615,0.075,-0.615,Arizona Cardinals,0.69,Arizona Cardinals,0.69,0.075,-0.615,Arizona Cardinals,0.69,0.0,0,No,No,No,No,No,0,No,0.0,0.0,4.223,3.408,3.1975,-0.3894999999999999,3.1975,-0.3894999999999999,3.1225,0.2255,7.345499999999999,3.6335,Arizona Cardinals,3.587,Arizona Cardinals,3.587,3.1975,-0.3894999999999999,Arizona Cardinals,3.587,Tie,0.0,Arizona Cardinals,0.815,2.1115,1.704,Arizona Cardinals,0.4075,Arizona Cardinals,2.897,Arizona Cardinals,3.712,5.234,1.9295,Arizona Cardinals,3.3045,Different,Same,Same,Same,Different,Same,False,Away Team,Away Team,53.0,-262.0,225.0,Dallas Cowboys,Arizona Cardinals,-6.5,6.5,135,-164,156,-191,2.897,-2.897,3.712,-3.712,0.3077,0.7238,0.6212,0.4255,0.6564,0.3906,0.2983,0.7017,0.5935,0.4065,0.6269,0.3731,0.2983,0.7017,-0.2017,0.2017,,,83,0.0,70.0,0.0,Dome,True,J.Brissett,D.Prescott,-6.27,-7.0,14.65,214.51,High,-16.25,4.0,59.62,59.0,14.64129476865009,41.0,78.0,0.6706,0.329,0.074,0.0768,0.5238,0.4762,0.6518,0.315,19,2022-01-02,Arizona Cardinals @ Dallas Cowboys,0.538,0.4619,-116,116,,,,,,,,No Bet,,No Bet,,No Bet,,No Bet,,No Bet,,No Bet,,No Bet,,No Bet,,No Bet,,,,,,,,,,,,,,,,,,,,,,,,,,,,,19,0.1704,0.2153,Dallas Cowboys,Arizona Cardinals,0,0,0,0,0,0,0,0,0,0,0,0,0,3.5,4.0,,,5.843089630104538,0.0,0.0097703209786036,0.0,0.0003991904323778,0.0,0.0006957863834502,0.0,0.0016367190924137,0.0,0.0,0.0001190785059783,0.0002801119263995,0.0002801119263995,0.0023325054758639,0.0,0.0,0.0003626558331919,4.0,1.0,0.2983,0.7017,0.4517,0.5482,0.4236,0.576,Dallas Cowboys,Dallas Cowboys,Dallas Cowboys,Dallas Cowboys,Dallas Cowboys,Same,Same,Same,False,False,0.0,0.0003991904323778,0.0,0.0003991904323778,0.0,0.0003991904323778,,,0.0,0.42157324275448993,0.0,1.7281010939281412,0.0,1.1367121576087917,0.0,0.6229727028898618,0.0,0.8717267745742268
2021_17_CAR_NO,2021,19,2022-01-02,16:25,Carolina Panthers,New Orleans Saints,Home,Sam Darnold,Taysom Hill,00-0034869,00-0033357,7,6,1,-1,12,8,Caesars Superdome,29.9507,-90.0813,America/Chicago,False,False,17,17,Sunday,False,False,0,False,False,0,12,8,NFC South,Bank of America Stadium,35.2258,-80.8528,America/New_York,NFC South,Caesars Superdome,29.9507,-90.0813,America/Chicago,Tampa Bay Buccaneers,Miami Dolphins,Bank of America Stadium,Caesars Superdome,Tampa Bay Buccaneers,Atlanta Falcons,Raymond James Stadium,Mercedes-Benz Stadium,648,0,-648,648,1.0,0.0,America/New_York,America/Chicago,1.0,0.0,1.0,0.0,1.0,0,-5.25,-6.145,-5.25,-6.145,Carolina Panthers,0.8949999999999996,Carolina Panthers,0.8949999999999996,-5.25,-6.145,Carolina Panthers,0.8949999999999996,0.0,0,No,No,No,No,No,1,Yes,0.0,0.0,0.31,-0.914,-2.78118,-6.13082,-2.78118,-6.13082,2.47777,0.00523,2.77553,-0.8965299999999999,Carolina Panthers,3.34964,Carolina Panthers,3.34964,-2.78118,-6.13082,Carolina Panthers,3.34964,Tie,0.0,Carolina Panthers,1.224,0.155,-0.457,Carolina Panthers,0.612,Carolina Panthers,2.47254,Carolina Panthers,3.67206,2.62665,-0.4456499999999999,Carolina Panthers,3.0723,Different,Same,Same,Same,Different,Same,False,Away Team,Away Team,37.0,-279.0,238.0,New Orleans Saints,Carolina Panthers,-7.0,7.0,117,-142,156,-191,2.47254,-2.47254,3.67206,-3.67206,0.2959,0.7361,0.5868,0.4608,0.6564,0.3906,0.2867,0.7133,0.5601,0.4399,0.6269,0.3731,0.2867,0.7133,-0.2133,0.2133,,,84,0.0,70.0,0.0,Dome,True,B.Young,T.Shough,-7.11,-8.0,13.02,169.45,Med-Low,-16.0,3.0,39.18,39.0,12.147762553944384,23.0,55.0,0.7118,0.2868,0.0856,0.079,0.5028,0.4488,0.5306,0.4302,19,2022-01-02,Carolina Panthers @ New Orleans Saints,0.5595,0.4401,-127,127,,,,,,,,No Bet,,No Bet,,No Bet,,No Bet,,No Bet,,No Bet,,No Bet,,No Bet,,No Bet,,,,,,,,,,,,,,,,,,,,,,,,,,,,,19,-0.2988,0.1606,New Orleans Saints,Carolina Panthers,0,0,0,0,0,0,0,0,0,0,0,0,1,0.5,3.5,,,5.843089630104538,0.9686648261475476,0.618443008611265,0.0706411124736556,0.0027345194572362,0.2944233855060325,0.0045809047227931,0.1183389662478333,0.0113971375611033,0.0503883055274586,0.020252806946197,0.0007839867283896,0.0019505327288466,0.0222033396750437,0.0159780422838964,0.4127623517538658,0.0671400475512664,0.0003340979973446,4.0,1.0,0.2867,0.7133,0.3873,0.6126,0.329,0.6704,New Orleans Saints,New Orleans Saints,New Orleans Saints,New Orleans Saints,New Orleans Saints,Same,Same,Same,False,False,0.0706411124736556,0.0027345194572362,0.0706411124736556,0.0027345194572362,0.0706411124736556,0.0027345194572362,,,0.9765717626884542,0.43729801427989695,1.0696749595966404,1.8447366339780198,0.6141745605675029,1.1997235899349437,1.274643870683851,0.617934156830386,0.9763126478585835,0.9116346206982548
2021_17_DET_SEA,2021,19,2022-01-02,16:25,Detroit Lions,Seattle Seahawks,Home,Tim Boyle,Russell Wilson,00-0034177,00-0029263,7,7,0,0,11,-6,Lumen Field,47.5952,-122.3316,America/Los_Angeles,False,True,17,17,Sunday,False,False,0,False,False,0,11,-6,NFC North,Ford Field,42.3395,-83.045,America/Detroit,NFC West,Lumen Field,47.5952,-122.3316,America/Los_Angeles,Atlanta Falcons,Chicago Bears,Mercedes-Benz Stadium,Lumen Field,Green Bay Packers,Arizona Cardinals,Ford Field,State Farm Stadium,1932,0,-1932,1932,3.0,0.0,America/New_York,America/Los_Angeles,3.0,0.0,3.0,0.0,3.0,0,4.305,-0.13,4.305,-0.13,Detroit Lions,4.435,Detroit Lions,4.435,4.305,-0.13,Detroit Lions,4.435,-0.2249999999999999,0,No,No,No,No,No,0,No,0.0,0.0,-8.449,-0.414,6.7235,-0.9905,6.7235,-0.9905,2.4185,-0.8605,-6.0305,-1.2745,Detroit Lions,7.713999999999999,Detroit Lions,7.713999999999999,6.7235,-0.9905,Detroit Lions,7.713999999999999,Tie,0.0,Seattle Seahawks,8.035,-4.2245,-0.207,Seattle Seahawks,4.0175,Detroit Lions,3.279,Seattle Seahawks,4.756,-1.806,-1.0675,Seattle Seahawks,0.7385000000000002,Different,Different,Same,Different,Different,Same,False,Away Team,Home Team,41.5,-399.0,327.0,Seattle Seahawks,Detroit Lions,-8.5,8.5,156,-191,-234,188,3.279,-3.279,-4.756,4.756,0.2342,0.7996,0.6564,0.3906,0.3472,0.7006,0.2265,0.7735,0.6269,0.3731,0.3314,0.6686,0.2265,0.7735,-0.2735,0.2735,37.0,0.0,85,0.0,37.0,0.0,nfl_read_py Fallback,False,J.Goff,S.Darnold,-3.16,-4.0,13.65,186.39,Med-High,-13.0,7.0,51.84,51.0,14.401208518779258,34.0,71.0,0.591,0.4078,0.0868,0.0864,0.3614,0.6386,0.7554,0.2446,19,2022-01-02,Detroit Lions @ Seattle Seahawks,0.6016,0.3982,-151,151,,,,,,,,No Bet,,No Bet,,No Bet,,No Bet,,No Bet,,No Bet,,No Bet,,No Bet,,No Bet,,,,,,,,,,,,,,,,,,,,,,,,,,,,,19,-0.1366,-0.1704,Seattle Seahawks,Detroit Lions,0,0,0,0,0,0,0,0,0,0,0,0,0,1.5,1.5,,,5.843089630104538,0.6636143578277139,0.9996292604466882,0.2317516065722018,0.0042111122044714,1.0474314739559438,0.0055732377210392,0.3067139351661555,0.0190326683321143,0.1792598676835981,0.0524917388886037,0.0009538169143127,0.0032572952901586,0.0557490341787623,0.0246059060531535,1.3541454091220992,0.2300679321806632,0.0003303421213932,4.0,1.0,0.2265,0.7735,0.3516,0.6482,0.3854,0.614,Seattle Seahawks,Seattle Seahawks,Seattle Seahawks,Seattle Seahawks,Seattle Seahawks,Same,Same,Same,False,False,0.2317516065722018,0.0042111122044714,0.2317516065722018,0.0042111122044714,0.2317516065722018,0.0042111122044714,,,0.9925465095813968,0.4213232673869525,0.6658401586672272,2.2485714349074266,1.0017971271220991,0.8121010233803447,0.886525914494846,1.0060521130193896,0.903018379024126,0.9849288895327121
2021_17_MIN_GB,2021,19,2022-01-02,20:20,Minnesota Vikings,Green Bay Packers,Home,Sean Mannion,Aaron Rodgers,00-0032245,00-0023459,7,8,-1,1,-7,-4,Lambeau Field,44.5013,-88.0622,America/Chicago,False,False,17,17,Sunday,False,False,0,False,False,0,-7,-4,NFC North,U.S. Bank Stadium,44.9738,-93.2575,America/Chicago,NFC North,Lambeau Field,44.5013,-88.0622,America/Chicago,Los Angeles Rams,Cleveland Browns,U.S. Bank Stadium,Lambeau Field,Chicago Bears,Detroit Lions,U.S. Bank Stadium,Ford Field,257,0,-257,257,0.0,0.0,America/Chicago,America/Chicago,0.0,0.0,0.0,0.0,0.0,0,0.27,3.535,0.27,3.535,Green Bay Packers,3.265,Green Bay Packers,3.265,0.27,3.535,Green Bay Packers,3.265,0.0,0,No,No,No,No,No,1,No,0.0,0.0,1.232,2.121,1.358975,4.688525,1.358975,4.688525,1.056325,1.186175,2.297215,3.2982850000000004,Green Bay Packers,3.32955,Green Bay Packers,3.32955,1.358975,4.688525,Green Bay Packers,3.32955,Tie,0.0,Green Bay Packers,0.889,0.616,1.0605,Green Bay Packers,0.4445,Green Bay Packers,0.12985,Green Bay Packers,1.0010700000000003,1.67677,2.24223,Green Bay Packers,0.5654600000000003,Different,Same,Same,Same,Different,Same,False,Home Team,Home Team,42.0,-702.0,525.0,Green Bay Packers,Minnesota Vikings,-13.0,13.0,-110,-110,-122,101,-0.12985,0.12985,-1.0010700000000003,1.0010700000000003,0.16,0.8753,0.5238,0.5238,0.4975,0.5495,0.1545,0.8455,0.5,0.5,0.4752,0.5248,0.1545,0.8455,-0.3455,0.3455,11.0,9.0,86,9.0,11.0,0.0,nfl_read_py Fallback,False,M.Brosmer,J.Love,-2.59,-3.0,13.67,186.99,Med-High,-12.0,7.0,41.38,41.0,13.022759930799731,25.0,58.0,0.5812,0.4176,0.0994,0.0948,0.2172,0.758,0.4602,0.5238,19,2022-01-02,Minnesota Vikings @ Green Bay Packers,0.6129,0.3868,-158,159,,,,,,,,No Bet,,No Bet,,No Bet,,No Bet,,No Bet,,No Bet,,No Bet,,No Bet,,No Bet,,,,,,,,,,,,,,,,,,,,,,,,,,,,,19,0.1301,0.1366,Green Bay Packers,Minnesota Vikings,0,0,0,0,0,0,0,0,0,0,0,0,1,3.5,3.5,,,5.843089630104538,0.0,0.1427247622586797,0.0,0.0009130660528038,0.0,0.0008242770882421,0.0,0.0045108496964966,0.0,0.0,0.0001410687051581,0.0007719973476456,0.0007719973476456,0.0053351267847387,0.0,0.0,0.0003601942882713,4.0,1.0,0.1545,0.8455,0.3379,0.6617,0.3608,0.6376,Green Bay Packers,Green Bay Packers,Green Bay Packers,Green Bay Packers,Green Bay Packers,Same,Same,Same,False,False,0.0,0.0009130660528038,0.0,0.0009130660528038,0.0,0.0009130660528038,,,0.0,0.21818032709265284,0.0,1.4534127183989105,0.0,0.8609396764827557,0.0,0.7914965498019966,0.0,0.7297235648276669
2021_17_CLE_PIT,2021,19,2022-01-03,20:15,Cleveland Browns,Pittsburgh Steelers,Home,Baker Mayfield,Ben Roethlisberger,00-0034855,00-0022924,9,8,1,-1,4,-7,Acrisure Stadium,40.4468,-80.0158,America/New_York,False,True,17,17,Monday,False,False,0,False,False,0,4,-7,AFC North,FirstEnergy Stadium,41.5061,-81.6994,America/New_York,AFC North,Acrisure Stadium,40.4468,-80.0158,America/New_York,Green Bay Packers,Kansas City Chiefs,Lambeau Field,GEHA Field at Arrowhead Stadium,Cincinnati Bengals,Baltimore Ravens,FirstEnergy Stadium,M&T Bank Stadium,114,0,-114,114,0.0,0.0,America/Chicago,America/Chicago,-1.0,-1.0,0.0,0.0,0.0,0,-4.705,-0.565,-4.705,-0.565,Pittsburgh Steelers,4.140000000000001,Pittsburgh Steelers,4.140000000000001,-4.705,-0.565,Pittsburgh Steelers,4.140000000000001,0.0,0,No,No,No,No,No,1,No,0.0,0.0,2.665,-1.995,-3.910715,-1.089785,-3.910715,-1.089785,0.752885,-0.483385,3.3712850000000003,-2.4317850000000005,Pittsburgh Steelers,2.82093,Pittsburgh Steelers,2.82093,-3.910715,-1.089785,Pittsburgh Steelers,2.82093,Tie,0.0,Cleveland Browns,4.66,1.3325,-0.9975,Cleveland Browns,2.33,Cleveland Browns,1.2362700000000002,Cleveland Browns,5.803070000000001,2.062085,-1.4575850000000004,Cleveland Browns,3.5196700000000005,Different,Different,Different,Different,Different,Same,False,Away Team,Away Team,43.5,105.0,-117.0,Cleveland Browns,Pittsburgh Steelers,1.0,-1.0,101,-122,208,-261,1.2362700000000002,-1.2362700000000002,5.803070000000001,-5.803070000000001,0.5392,0.4878,0.5495,0.4975,0.723,0.3247,0.525,0.475,0.5248,0.4752,0.6901,0.3099,0.525,0.475,0.025,-0.025,25.0,12.0,87,12.0,25.0,0.0,nfl_read_py Fallback,False,S.Sanders,A.Rodgers,1.65,3.0,14.22,202.33,High,-9.0,12.0,44.61,44.0,13.02778380962004,29.0,61.0,0.4566,0.5424,0.0816,0.088,0.4576,0.5214,0.5148,0.4852,19,2022-01-03,Cleveland Browns @ Pittsburgh Steelers,0.4292,0.5706,133,-133,,,,,,,,No Bet,,No Bet,,No Bet,,No Bet,,No Bet,,No Bet,,No Bet,,No Bet,,No Bet,,,,,,,,,,,,,,,,,,,,,,,,,,,,,19,0.1958,-0.0882,Cleveland Browns,Pittsburgh Steelers,0,0,0,0,0,0,0,0,0,0,0,0,1,4.0,2.0,,,5.843089630104538,0.4712050027642201,0.0337204819924088,0.0021566656769133,0.0004403823567068,0.005985755654878,0.0013509266304211,0.0066158351974967,0.0012222669513333,0.0010244161965338,0.0011322494803795,0.000231200737271,0.0002091816194357,0.0013414310998152,0.0025731935817545,0.0126015908523747,0.0003280183317746,0.0003106354606348,4.0,1.0,0.525,0.475,0.5335,0.4663,0.5842,0.415,Cleveland Browns,Cleveland Browns,Cleveland Browns,Cleveland Browns,Cleveland Browns,Same,Same,Same,False,False,0.0021566656769133,0.0004403823567068,0.0021566656769133,0.0004403823567068,0.0021566656769133,0.0004403823567068,,,0.6706449556756479,0.7432248212926992,1.3778269032599968,1.536584690314663,0.5604817028920778,1.2534164476103717,0.8620147766162082,1.0305632508980271,0.8081711778803597,1.0797760906764733
2021_18_KC_DEN,2021,20,2022-01-08,16:30,Kansas City Chiefs,Denver Broncos,Home,Patrick Mahomes,Drew Lock,00-0033873,00-0035704,6,6,0,0,9,4,Empower Field at Mile High,39.7648,-105.0076,America/Denver,False,True,18,18,Saturday,False,False,0,False,False,0,9,4,AFC West,GEHA Field at Arrowhead Stadium,39.0489,-94.4839,America/Chicago,AFC West,Empower Field at Mile High,39.7648,-105.0076,America/Denver,Cincinnati Bengals,Los Angeles Chargers,Paycor Stadium,SoFi Stadium,Playoffs?,Playoffs?,Playoffs?,Playoffs?,563,0,-563,563,1.0,0.0,America/New_York,America/Los_Angeles,2.0,-1.0,1.0,0.0,1.0,0,4.395,2.05,4.395,2.05,Kansas City Chiefs,2.345,Kansas City Chiefs,2.345,4.395,2.05,Kansas City Chiefs,2.345,0.0,0,No,No,No,No,No,1,No,0.0,0.0,6.28,-1.949,5.390294999999999,0.666205,5.390294999999999,0.666205,1.0187449999999998,-1.407245,7.216455000000001,-3.2739550000000004,Kansas City Chiefs,4.72409,Kansas City Chiefs,4.72409,5.390294999999999,0.666205,Kansas City Chiefs,4.72409,Tie,0.0,Kansas City Chiefs,8.229000000000001,3.14,-0.9745,Kansas City Chiefs,4.1145000000000005,Kansas City Chiefs,2.42599,Kansas City Chiefs,10.49041,4.1176,-2.3406,Kansas City Chiefs,6.458200000000001,Different,Same,Same,Same,Different,Same,False,Away Team,Away Team,44.5,435.0,-600.0,Kansas City Chiefs,Denver Broncos,11.5,-11.5,117,-142,389,-538,2.42599,-2.42599,10.49041,-10.49041,0.8571,0.1869,0.5868,0.4608,0.8433,0.2045,0.821,0.179,0.5601,0.4399,0.8048,0.1952,0.821,0.179,0.321,-0.321,41.0,4.0,88,4.0,41.0,0.0,nfl_read_py Fallback,False,P.Mahomes,B.Nix,7.47,8.0,13.37,178.84,Medium,-3.0,17.0,52.09,51.0,13.580466533011702,36.0,70.0,0.2856,0.714,0.0714,0.077,0.5996,0.4004,0.693,0.307,20,2022-01-08,Kansas City Chiefs @ Denver Broncos,0.2749,0.725,264,-264,,,,,,,,No Bet,,No Bet,,No Bet,,No Bet,,No Bet,,No Bet,,No Bet,,No Bet,,No Bet,,,,,,,,,,,,,,,,,,,,,,,,,,,,,20,0.0,0.0,Kansas City Chiefs,Denver Broncos,0,0,0,0,0,0,0,0,0,0,0,0,1,0.0,0.0,,,4.382269336163082,0.1874522695206675,0.0262240728477774,0.0002236580802876,0.0262240728477774,0.0001754432605183,0.09435010020461,0.0008046866865113,0.0205708501055118,4.003479637148863e-05,0.0001836232839161,0.0215299638080252,0.0046941090397521,0.0048777323236683,0.1149209503101218,0.0009801299470296,6.2569740186205016e-06,0.0262240728477774,3.0,1.0,0.821,0.179,0.7201,0.2798,0.66,0.3394,Kansas City Chiefs,Kansas City Chiefs,Kansas City Chiefs,Kansas City Chiefs,Kansas City Chiefs,Same,Same,Same,False,False,0.0002236580802876,0.0262240728477774,0.0002236580802876,0.0262240728477774,0.0002236580802876,0.0262240728477774,,,0.4166937047279033,1.6499611868232125,2.8910387042297323,2.5899460153755967,0.608675400442031,2.043636178396179,1.3320661775012141,2.5837293952262916,1.0869382370919394,2.2513128881384046
2021_18_DAL_PHI,2021,20,2022-01-08,20:15,Dallas Cowboys,Philadelphia Eagles,Home,Dak Prescott,Gardner Minshew,00-0033077,00-0035289,6,6,0,0,3,8,Lincoln Financial Field,39.9008,-75.1675,America/New_York,False,False,18,18,Saturday,False,False,0,False,False,0,3,8,NFC East,AT&T Stadium,32.7369,-97.0826,America/Chicago,NFC East,Lincoln Financial Field,39.9008,-75.1675,America/New_York,Arizona Cardinals,Washington Commanders,AT&T Stadium,FedExField,Playoffs?,Playoffs?,Playoffs?,Playoffs?,1311,0,-1311,1311,-1.0,0.0,America/Chicago,America/New_York,-1.0,0.0,-1.0,0.0,-1.0,0,-0.615,4.905,-0.615,4.905,Philadelphia Eagles,5.5200000000000005,Philadelphia Eagles,5.5200000000000005,-0.615,4.905,Philadelphia Eagles,5.5200000000000005,0.0,0,No,No,No,No,No,1,No,0.0,0.0,3.408,-1.988,-0.6313699999999999,5.163370000000001,-0.6313699999999999,5.163370000000001,-0.0715699999999999,0.31357,3.28247,-1.62047,Philadelphia Eagles,5.794740000000001,Philadelphia Eagles,5.794740000000001,-0.6313699999999999,5.163370000000001,Philadelphia Eagles,5.794740000000001,Tie,0.0,Dallas Cowboys,5.396,1.704,-0.994,Dallas Cowboys,2.698,Philadelphia Eagles,0.38514,Dallas Cowboys,4.902939999999999,1.6054499999999998,-0.6534500000000001,Dallas Cowboys,2.2589,Different,Different,Same,Different,Different,Same,False,Home Team,Away Team,46.0,235.0,-300.0,Dallas Cowboys,Philadelphia Eagles,6.5,-6.5,-116,-104,188,-234,-0.38514,0.38514,4.902939999999999,-4.902939999999999,0.75,0.2985,0.5098,0.537,0.7006,0.3472,0.7153,0.2847,0.487,0.513,0.6686,0.3314,0.7153,0.2847,0.2153,-0.2153,31.0,8.0,89,8.0,31.0,0.0,nfl_read_py Fallback,False,D.Prescott,J.Hurts,4.4,5.0,14.04,197.15,High,-6.0,14.0,55.44,55.0,14.305948519151274,37.0,74.0,0.3666,0.6324,0.0884,0.0816,0.5356,0.4644,0.7328,0.2448,20,2022-01-08,Dallas Cowboys @ Philadelphia Eagles,0.3739,0.6258,167,-167,,,,,,,,No Bet,,No Bet,,No Bet,,No Bet,,No Bet,,No Bet,,No Bet,,No Bet,,No Bet,,,,,,,,,,,,,,,,,,,,,,,,,,,,,20,0.0,0.0,Dallas Cowboys,Philadelphia Eagles,0,0,0,0,0,0,0,0,0,0,0,0,1,0.0,0.0,,,4.382269336163082,0.2227958460665758,0.0,0.0002646497905736,0.0,0.0003301855686864,0.0,0.0008295810933665,0.0,7.534579537632653e-05,0.0001893039951973,0.0,0.0,0.0001893039951973,0.0,0.001159766662053,6.2569740186205016e-06,0.0,3.0,1.0,0.7153,0.2847,0.6195,0.3804,0.6708,0.3288,Dallas Cowboys,Dallas Cowboys,Dallas Cowboys,Dallas Cowboys,Dallas Cowboys,Same,Same,Same,False,False,0.0002646497905736,0.0,0.0002646497905736,0.0,0.0002646497905736,0.0,,,0.5878020112601594,0.0,2.8058498675401387,0.0,0.8778442893506913,0.0,1.4331381070845661,0.0,1.2462534662247482,0.0
2021_18_PIT_BAL,2021,20,2022-01-09,13:00,Pittsburgh Steelers,Baltimore Ravens,Home,Ben Roethlisberger,Tyler Huntley,00-0022924,00-0035993,6,7,-1,1,-8,-3,M&T Bank Stadium,39.2789,-76.6228,America/New_York,False,False,18,18,Sunday,False,False,0,False,False,0,-8,-3,AFC North,Acrisure Stadium,40.4468,-80.0158,America/New_York,AFC North,M&T Bank Stadium,39.2789,-76.6228,America/New_York,Cleveland Browns,Los Angeles Rams,Acrisure Stadium,M&T Bank Stadium,Playoffs?,Playoffs?,Playoffs?,Playoffs?,197,0,-197,197,0.0,0.0,America/New_York,America/New_York,0.0,0.0,0.0,0.0,0.0,0,-0.565,6.69,-0.565,6.69,Baltimore Ravens,7.255000000000001,Baltimore Ravens,7.255000000000001,-0.565,6.69,Baltimore Ravens,7.255000000000001,0.0,0,No,No,No,No,Yes,1,No,0.0,0.0,-1.995,4.808,-0.93353,7.44253,-0.93353,7.44253,-0.44108,0.8250799999999999,-2.36805,5.56505,Baltimore Ravens,8.37606,Baltimore Ravens,8.37606,-0.93353,7.44253,Baltimore Ravens,8.37606,Tie,0.0,Baltimore Ravens,6.803,-0.9975,2.404,Baltimore Ravens,3.4015,Baltimore Ravens,1.26616,Baltimore Ravens,7.9331,-1.4045649999999998,3.195065,Baltimore Ravens,4.599629999999999,Different,Same,Same,Same,Different,Same,False,Home Team,Home Team,41.0,-155.0,135.0,Baltimore Ravens,Pittsburgh Steelers,-3.0,3.0,-128,105,-366,282,-1.26616,1.26616,-7.9331,7.9331,0.4255,0.6078,0.4878,0.5614,0.2618,0.7854,0.4118,0.5882,0.4649,0.5351,0.25,0.75,0.4118,0.5882,-0.0882,0.0882,36.0,0.0,90,0.0,36.0,0.0,nfl_read_py Fallback,False,A.Rodgers,L.Jackson,-1.48,-3.0,13.72,188.35,Med-High,-11.0,9.0,52.88,53.0,13.01692867332449,36.0,70.0,0.5444,0.4552,0.0832,0.0842,0.4666,0.4872,0.8028,0.1766,20,2022-01-09,Pittsburgh Steelers @ Baltimore Ravens,0.6044,0.3955,-153,153,,,,,,,,No Bet,,No Bet,,No Bet,,No Bet,,No Bet,,No Bet,,No Bet,,No Bet,,No Bet,,,,,,,,,,,,,,,,,,,,,,,,,,,,,20,0.0,0.0,Baltimore Ravens,Pittsburgh Steelers,0,0,0,0,0,0,0,0,0,0,0,0,1,0.0,0.0,,,4.382269336163082,0.3589679538451655,0.4698390995766906,0.0076370171429078,0.0008687027586964,0.0196855635277376,0.001567677080318,0.013781902517379,0.0022392123813576,0.0044920934834583,0.0031449236594494,0.0003577317960311,0.0005109709626652,0.0036558946221146,0.0038068894616756,0.0334674660451167,0.0072290680921831,0.0003241562692934,3.0,1.0,0.4118,0.5882,0.3841,0.6158,0.4002,0.5992,Baltimore Ravens,Baltimore Ravens,Baltimore Ravens,Baltimore Ravens,Baltimore Ravens,Same,Same,Same,False,False,0.0076370171429078,0.0008687027586964,0.0076370171429078,0.0008687027586964,0.0076370171429078,0.0008687027586964,,,1.1980014189561978,0.8686534725949197,2.787094142059038,2.6938905775463162,1.963539443537443,0.6887721353007682,2.0672334728212536,1.8485620999062673,1.9671066874154601,1.371144437814876
2021_18_CIN_CLE,2021,20,2022-01-09,13:00,Cincinnati Bengals,Cleveland Browns,Home,Brandon Allen,Case Keenum,00-0032434,00-0028986,7,6,1,-1,11,3,FirstEnergy Stadium,41.5061,-81.6994,America/New_York,False,False,18,18,Sunday,False,False,0,False,False,0,11,3,AFC North,Paycor Stadium,39.0955,-84.5165,America/New_York,AFC North,FirstEnergy Stadium,41.5061,-81.6994,America/New_York,Kansas City Chiefs,Pittsburgh Steelers,Paycor Stadium,Acrisure Stadium,Playoffs?,Playoffs?,Playoffs?,Playoffs?,223,0,-223,223,0.0,0.0,America/New_York,America/New_York,0.0,0.0,0.0,0.0,0.0,0,1.31,-4.705,1.31,-4.705,Cincinnati Bengals,6.015000000000001,Cincinnati Bengals,6.015000000000001,1.31,-4.705,Cincinnati Bengals,6.015000000000001,0.0,0,No,No,No,No,No,1,Yes,0.0,0.0,0.184,2.665,3.42592,-5.0589200000000005,3.42592,-5.0589200000000005,2.17607,-0.41407,2.38488,2.22612,Cincinnati Bengals,8.48484,Cincinnati Bengals,8.48484,3.42592,-5.0589200000000005,Cincinnati Bengals,8.48484,Tie,0.0,Cleveland Browns,2.481,0.092,1.3325,Cleveland Browns,1.2405,Cincinnati Bengals,2.59014,Cincinnati Bengals,0.15876,2.280475,0.906025,Cincinnati Bengals,1.37445,Different,Different,Same,Same,Different,Different,False,Away Team,Away Team,38.0,-265.0,215.0,Cleveland Browns,Cincinnati Bengals,-6.5,6.5,117,-142,-110,-110,2.59014,-2.59014,0.15876,-0.15876,0.3175,0.726,0.5868,0.4608,0.5238,0.5238,0.3042,0.6958,0.5601,0.4399,0.5,0.5,0.3042,0.6958,-0.1958,0.1958,38.0,22.0,91,22.0,38.0,0.0,nfl_read_py Fallback,False,J.Burrow,S.Sanders,-0.79,-1.0,14.42,207.95,High,-11.0,10.0,42.93,42.0,13.370936370646806,26.0,60.0,0.5164,0.4822,0.0856,0.0906,0.3802,0.6198,0.6156,0.369,20,2022-01-09,Cincinnati Bengals @ Cleveland Browns,0.538,0.4616,-116,117,,,,,,,,No Bet,,No Bet,,No Bet,,No Bet,,No Bet,,No Bet,,No Bet,,No Bet,,No Bet,,,,,,,,,,,,,,,,,,,,,,,,,,,,,20,0.0,0.0,Cleveland Browns,Cincinnati Bengals,0,0,0,0,0,0,0,0,0,0,0,0,1,0.0,0.0,,,4.382269336163082,0.0334122109741779,0.2596577690056293,0.0334122109741779,0.0003074024888961,0.1018799458319429,0.0004097940563889,0.0445413617736088,0.0009373264445608,0.023248216395833,0.0101639945783449,9.35118371222038e-05,0.0002138906517739,0.0103778852301188,0.0013471205009497,0.1464213076055518,0.0334122109741779,6.2569740186205016e-06,3.0,1.0,0.3042,0.6958,0.3741,0.6256,0.4318,0.567,Cleveland Browns,Cleveland Browns,Cleveland Browns,Cleveland Browns,Cleveland Browns,Same,Same,Same,False,False,0.0334122109741779,0.0003074024888961,0.0334122109741779,0.0003074024888961,0.0334122109741779,0.0003074024888961,,,1.359826122861107,0.7068287686900084,1.8948086246385507,3.5861760949667953,1.182739000974254,1.4695725778639628,1.7491355461047855,2.1666600266227323,1.5729804267837342,1.7652706984466044
2021_18_GB_DET,2021,20,2022-01-09,13:00,Green Bay Packers,Detroit Lions,Home,Aaron Rodgers,Jared Goff,00-0023459,00-0033106,7,7,0,0,-4,11,Ford Field,42.3395,-83.045,America/Detroit,False,False,18,18,Sunday,False,False,0,False,False,0,-4,11,NFC North,Lambeau Field,44.5013,-88.0622,America/Chicago,NFC North,Ford Field,42.3395,-83.045,America/Detroit,Minnesota Vikings,Seattle Seahawks,Lambeau Field,Lumen Field,Playoffs?,Playoffs?,Playoffs?,Playoffs?,292,0,-292,292,-1.0,0.0,America/Chicago,America/Los_Angeles,-1.0,-3.0,-1.0,0.0,-1.0,0,3.535,4.305,3.535,4.305,Detroit Lions,0.7699999999999996,Detroit Lions,0.7699999999999996,3.535,4.305,Detroit Lions,0.7699999999999996,0.0,0,No,No,No,No,No,1,No,0.0,0.0,2.121,-8.449,1.95789,2.97611,1.95789,2.97611,-1.5848099999999998,-1.32119,0.4304899999999999,-9.66449,Detroit Lions,1.0182199999999997,Detroit Lions,1.0182199999999997,1.95789,2.97611,Detroit Lions,1.0182199999999997,Tie,0.0,Green Bay Packers,10.57,1.0605,-4.2245,Green Bay Packers,5.285,Detroit Lions,0.2636199999999997,Green Bay Packers,10.09498,-0.57716,-5.49284,Green Bay Packers,4.91568,Different,Different,Same,Different,Different,Same,False,Home Team,Away Team,45.0,165.0,-195.0,Green Bay Packers,Detroit Lions,4.0,-4.0,-116,-104,356,-483,-0.2636199999999997,0.2636199999999997,10.09498,-10.09498,0.661,0.3774,0.5098,0.537,0.8285,0.2193,0.6366,0.3634,0.487,0.513,0.7907,0.2093,0.6366,0.3634,0.1366,-0.1366,,,92,0.0,70.0,0.0,Dome,True,J.Love,J.Goff,5.89,7.0,13.45,180.93,Med-High,-3.0,15.0,48.26,47.0,13.591220079619434,31.0,66.0,0.3232,0.6758,0.09,0.0732,0.411,0.5594,0.5672,0.413,20,2022-01-09,Green Bay Packers @ Detroit Lions,0.3522,0.6475,184,-184,,,,,,,,No Bet,,No Bet,,No Bet,,No Bet,,No Bet,,No Bet,,No Bet,,No Bet,,No Bet,,,,,,,,,,,,,,,,,,,,,,,,,,,,,20,0.0,0.0,Green Bay Packers,Detroit Lions,0,0,0,0,0,0,0,0,0,0,0,0,1,0.0,0.0,,,4.382269336163082,0.9983574906640672,0.0,0.0015614608588185,0.0,0.0024866524577791,0.0,0.0043560895834402,0.0,0.0005674348760946,0.0009940259827238,0.0,0.0,0.0009940259827238,0.0,0.0068427420412193,0.0004040279326375,0.0,3.0,1.0,0.6366,0.3634,0.6692,0.3307,0.7416,0.2578,Green Bay Packers,Green Bay Packers,Green Bay Packers,Green Bay Packers,Green Bay Packers,Same,Same,Same,False,False,0.0015614608588185,0.0,0.0015614608588185,0.0,0.0015614608588185,0.0,,,0.7471896522644749,0.0,2.7770308813142437,0.0,0.5502141053972627,0.0,1.2524810795937296,0.0,1.164822979575035,0.0
2021_18_TEN_HOU,2021,20,2022-01-09,13:00,Tennessee Titans,Houston Texans,Home,Ryan Tannehill,Davis Mills,00-0029701,00-0036898,7,7,0,0,-6,5,NRG Stadium,29.6847,-95.4093,America/Chicago,False,False,18,18,Sunday,False,False,0,False,False,0,-6,5,AFC South,Nissan Stadium,36.1664,-86.7716,America/Chicago,AFC South,NRG Stadium,29.6847,-95.4093,America/Chicago,Miami Dolphins,San Francisco 49ers,Nissan Stadium,Levi's Stadium,Playoffs?,Playoffs?,Playoffs?,Playoffs?,671,0,-671,671,0.0,0.0,America/Chicago,America/Los_Angeles,0.0,-2.0,0.0,0.0,0.0,0,-4.36,0.035,-4.36,0.035,Houston Texans,4.3950000000000005,Houston Texans,4.3950000000000005,-4.36,0.035,Houston Texans,4.3950000000000005,0.0,0,No,No,No,No,No,1,No,0.0,0.0,1.457,-6.944,-3.6118,0.2298,-3.6118,0.2298,0.7042499999999998,0.23875,2.07724,-6.62124,Houston Texans,3.8416,Houston Texans,3.8416,-3.6118,0.2298,Houston Texans,3.8416,Tie,0.0,Tennessee Titans,8.401,0.7285,-3.472,Tennessee Titans,4.2005,Tennessee Titans,0.4654999999999998,Tennessee Titans,8.69848,1.390745,-3.1912450000000003,Tennessee Titans,4.58199,Different,Different,Different,Different,Different,Same,False,Away Team,Away Team,43.0,410.0,-575.0,Tennessee Titans,Houston Texans,10.5,-10.5,-104,-116,302,-397,0.4654999999999998,-0.4654999999999998,8.69848,-8.69848,0.8519,0.1961,0.537,0.5098,0.7988,0.2488,0.8129,0.1871,0.513,0.487,0.7625,0.2375,0.8129,0.1871,0.3129,-0.3129,,,93,0.0,70.0,0.0,Dome,True,C.Ward,C.Stroud,1.84,3.0,13.8,190.47,Med-High,-8.0,11.0,48.05,47.0,13.4821451426518,31.0,65.0,0.4494,0.549,0.0862,0.0838,0.7226,0.2774,0.61,0.3476,20,2022-01-09,Tennessee Titans @ Houston Texans,0.3402,0.6594,194,-194,,,,,,,,No Bet,,No Bet,,No Bet,,No Bet,,No Bet,,No Bet,,No Bet,,No Bet,,No Bet,,,,,,,,,,,,,,,,,,,,,,,,,,,,,20,0.0,0.0,Tennessee Titans,Houston Texans,0,0,0,0,0,0,0,0,0,0,0,0,1,0.0,0.0,,,4.382269336163082,0.9119526622545864,0.7876368851794021,0.0012301749117609,0.7156015852636615,0.0010086482032438,2.549220976812245,0.0043823095906835,0.5867379071983899,0.0002301657259904,0.0010000091857705,0.5817125286608303,0.1338890566028311,0.1348890657886016,3.135958884010635,0.0053909577939273,0.0001726865571274,0.7155179412427417,3.0,1.0,0.8129,0.1871,0.6477,0.3519,0.5766,0.422,Tennessee Titans,Tennessee Titans,Tennessee Titans,Tennessee Titans,Tennessee Titans,Same,Same,Same,False,False,0.0012301749117609,0.7156015852636615,0.0012301749117609,0.7156015852636615,0.0012301749117609,0.7156015852636615,,,1.1633799861815763,0.9032749053695386,4.877405460996254,0.6035792586091103,1.780158611731386,0.8721529671068305,3.2915117510944354,0.6242838216330786,2.5853738899254717,0.7528772353048632
2021_18_IND_JAX,2021,20,2022-01-09,13:00,Indianapolis Colts,Jacksonville Jaguars,Home,Carson Wentz,Trevor Lawrence,00-0032950,00-0036971,7,7,0,0,-1,-1,TIAA Bank Field,30.3239,-81.6554,America/New_York,False,False,18,18,Sunday,False,False,0,False,False,0,-1,-1,AFC South,Lucas Oil Stadium,39.7601,-86.1638,America/Indiana/Indianapolis,AFC South,TIAA Bank Field,30.3239,-81.6554,America/New_York,Las Vegas Raiders,New England Patriots,Lucas Oil Stadium,Gillette Stadium,Playoffs?,Playoffs?,Playoffs?,Playoffs?,699,0,-699,699,0.0,0.0,America/Indiana/Indianapolis,America/New_York,0.0,0.0,0.0,0.0,0.0,0,-2.265,-1.825,-2.265,-1.825,Jacksonville Jaguars,0.4400000000000001,Jacksonville Jaguars,0.4400000000000001,-2.265,-1.825,Jacksonville Jaguars,0.4400000000000001,0.0,0,No,No,No,No,No,1,No,0.0,0.0,2.757,-9.707,-0.90918,-1.5148199999999998,-0.90918,-1.5148199999999998,1.3514199999999998,0.3145799999999999,3.98378,-9.267780000000002,Indianapolis Colts,0.6056399999999998,Indianapolis Colts,0.6056399999999998,-0.90918,-1.5148199999999998,Indianapolis Colts,0.6056399999999998,Tie,0.0,Indianapolis Colts,12.464,1.3785,-4.8535,Indianapolis Colts,6.232,Indianapolis Colts,1.0368399999999998,Indianapolis Colts,13.25156,2.6676,-4.476600000000001,Indianapolis Colts,7.144200000000001,Different,Different,Same,Same,Different,Same,False,Away Team,Away Team,43.0,650.0,-1000.0,Indianapolis Colts,Jacksonville Jaguars,14.0,-14.0,101,-122,539,-819,1.0368399999999998,-1.0368399999999998,13.25156,-13.25156,0.9091,0.1333,0.5495,0.4975,0.8912,0.1565,0.8721,0.1279,0.5248,0.4752,0.8506,0.1494,0.8721,0.1279,0.3721,-0.3721,76.0,19.0,94,19.0,76.0,0.0,nfl_read_py Fallback,False,D.Jones,T.Lawrence,11.21,12.0,13.44,180.57,Med-High,3.0,20.0,40.26,40.0,12.438561313974873,25.0,57.0,0.1984,0.8006,0.064,0.066,0.5482,0.416,0.375,0.5822,20,2022-01-09,Indianapolis Colts @ Jacksonville Jaguars,0.2377,0.762,321,-320,,,,,,,,No Bet,,No Bet,,No Bet,,No Bet,,No Bet,,No Bet,,No Bet,,No Bet,,No Bet,,,,,,,,,,,,,,,,,,,,,,,,,,,,,20,0.0,0.0,Indianapolis Colts,Jacksonville Jaguars,0,0,0,0,0,0,0,0,0,0,0,0,1,0.0,0.0,,,4.382269336163082,0.9088475913189784,0.0,0.0010932863389299,0.0,0.0006127785179186,0.0,0.0041782966808201,0.0,0.0001398313227491,0.0009534550161808,0.0,0.0,0.0009534550161808,0.0,0.0047910751987388,3.9244498823844913e-05,0.0,3.0,1.0,0.8721,0.1279,0.7587,0.2412,0.7986,0.201,Indianapolis Colts,Indianapolis Colts,Indianapolis Colts,Indianapolis Colts,Indianapolis Colts,Same,Same,Same,False,False,0.0010932863389299,0.0,0.0010932863389299,0.0,0.0010932863389299,0.0,,,0.2630373971832711,0.0,2.5803509427876805,0.0,0.3936058054861311,0.0,0.7702346657096335,0.0,0.7874470077314089,0.0
2021_18_CHI_MIN,2021,20,2022-01-09,13:00,Chicago Bears,Minnesota Vikings,Home,Andy Dalton,Kirk Cousins,00-0027973,00-0029604,7,7,0,0,-12,-7,U.S. Bank Stadium,44.9738,-93.2575,America/Chicago,False,False,18,18,Sunday,False,False,0,False,False,0,-12,-7,NFC North,Soldier Field,41.8623,-87.6167,America/Chicago,NFC North,U.S. Bank Stadium,44.9738,-93.2575,America/Chicago,New York Giants,Green Bay Packers,Soldier Field,Lambeau Field,Playoffs?,Playoffs?,Playoffs?,Playoffs?,355,0,-355,355,0.0,0.0,America/Chicago,America/Chicago,0.0,0.0,0.0,0.0,0.0,0,-1.575,0.27,-1.575,0.27,Minnesota Vikings,1.845,Minnesota Vikings,1.845,-1.575,0.27,Minnesota Vikings,1.845,0.0,0,No,No,No,No,No,1,No,0.0,0.0,-3.478,1.232,-3.110835,-1.575665,-3.110835,-1.575665,-1.554285,-1.827215,-4.985185,-0.6423150000000001,Minnesota Vikings,1.53517,Minnesota Vikings,1.53517,-3.110835,-1.575665,Minnesota Vikings,1.53517,Tie,0.0,Minnesota Vikings,4.71,-1.739,0.616,Minnesota Vikings,2.355,Chicago Bears,0.2729299999999999,Minnesota Vikings,4.3428700000000005,-3.2697350000000003,-1.234765,Minnesota Vikings,2.0349700000000004,Different,Same,Different,Same,Different,Same,False,Away Team,Home Team,45.5,-190.0,160.0,Minnesota Vikings,Chicago Bears,-3.5,3.5,-104,-116,-224,181,0.2729299999999999,-0.2729299999999999,-4.3428700000000005,4.3428700000000005,0.3846,0.6552,0.537,0.5098,0.3559,0.6914,0.3699,0.6301,0.513,0.487,0.3398,0.6602,0.3699,0.6301,-0.1301,0.1301,,,95,0.0,70.0,0.0,Dome,True,C.Williams,M.Brosmer,-5.27,-6.0,13.35,178.12,Medium,-14.0,5.0,46.56,46.0,13.03255240251981,30.0,64.0,0.6518,0.3476,0.0788,0.0812,0.573,0.427,0.5204,0.4796,20,2022-01-09,Chicago Bears @ Minnesota Vikings,0.6073,0.3926,-155,155,,,,,,,,No Bet,,No Bet,,No Bet,,No Bet,,No Bet,,No Bet,,No Bet,,No Bet,,No Bet,,,,,,,,,,,,,,,,,,,,,,,,,,,,,20,0.0,0.0,Minnesota Vikings,Chicago Bears,0,0,0,0,0,0,0,0,0,0,0,0,1,0.0,0.0,,,4.382269336163082,0.1425366685964668,0.3539935898639375,0.0193204467914695,0.0005303894322432,0.0533489297073468,0.000859762026769,0.0313184718278806,0.0014645473183756,0.0121738135233049,0.0071466332681645,0.0001961910509867,0.0003341983812564,0.007480831649421,0.0023243093451447,0.0846674015352274,0.0191773738779622,0.0001199644966094,3.0,1.0,0.3699,0.6301,0.4231,0.5766,0.2966,0.7022,Minnesota Vikings,Minnesota Vikings,Minnesota Vikings,Minnesota Vikings,Minnesota Vikings,Same,Same,Same,False,False,0.0193204467914695,0.0005303894322432,0.0193204467914695,0.0005303894322432,0.0193204467914695,0.0005303894322432,,,1.2548705834760117,0.8117843080751028,2.3174322984288738,3.1635524211764703,1.6675357201773822,0.9847758586608386,2.3868162383473037,1.5289793343802083,1.892037958395736,1.4462131668345966
2021_18_WAS_NYG,2021,20,2022-01-09,13:00,Washington Commanders,New York Giants,Home,Taylor Heinicke,Jake Fromm,00-0031800,00-0036197,7,7,0,0,-16,0,MetLife Stadium,40.8136,-74.0744,America/New_York,False,False,18,18,Sunday,False,False,0,False,False,0,-16,0,NFC East,FedExField,38.9077,-76.8645,America/New_York,NFC East,MetLife Stadium,40.8136,-74.0744,America/New_York,Philadelphia Eagles,Chicago Bears,FedExField,Soldier Field,Playoffs?,Playoffs?,Playoffs?,Playoffs?,198,0,-198,198,0.0,0.0,America/New_York,America/Chicago,0.0,-1.0,0.0,0.0,0.0,0,1.45,-2.84,1.45,-2.84,Washington Commanders,4.29,Washington Commanders,4.29,1.45,-2.84,Washington Commanders,4.29,0.0,0,No,No,No,No,No,1,No,0.0,0.0,-2.881,-4.564,0.65875,-2.55075,0.65875,-2.55075,-0.7483500000000001,0.24635,-3.64618,-4.30082,Washington Commanders,3.2095,Washington Commanders,3.2095,0.65875,-2.55075,Washington Commanders,3.2095,Tie,0.0,Washington Commanders,1.6830000000000005,-1.4405,-2.282,Washington Commanders,0.8415000000000001,New York Giants,0.9947,Washington Commanders,0.6546400000000001,-2.197265,-2.027235,New York Giants,0.1700299999999996,Different,Same,Different,Same,Different,Same,False,Home Team,Away Team,36.0,206.0,-238.0,Washington Commanders,New York Giants,6.0,-6.0,-122,101,-104,-116,-0.9947,0.9947,0.6546400000000001,-0.6546400000000001,0.7041,0.3268,0.4975,0.5495,0.537,0.5098,0.683,0.317,0.4752,0.5248,0.513,0.487,0.683,0.317,0.183,-0.183,38.0,0.0,96,0.0,38.0,0.0,nfl_read_py Fallback,False,M.Mariota,J.Dart,4.8,6.0,13.03,169.66,Med-Low,-5.0,14.0,41.29,41.0,12.102376992383483,26.0,57.0,0.3492,0.6498,0.0876,0.0824,0.4876,0.4852,0.6262,0.332,20,2022-01-09,Washington Commanders @ New York Giants,0.4195,0.5802,138,-138,,,,,,,,No Bet,,No Bet,,No Bet,,No Bet,,No Bet,,No Bet,,No Bet,,No Bet,,No Bet,,,,,,,,,,,,,,,,,,,,,,,,,,,,,20,0.0,0.0,Washington Commanders,New York Giants,0,0,0,0,0,0,0,0,0,0,0,0,1,0.0,0.0,,,4.382269336163082,0.9975485078109604,0.9720431154009788,0.0014725362698168,0.1176797763483342,0.0020456170216892,0.3522261566830611,0.0044074335199172,0.1634783186947735,0.0004667939975319,0.0010057422722849,0.0803752872459123,0.0373044891024219,0.0383102313747068,0.5157044753778347,0.0064530505416065,0.0003159394416125,0.1166877296005812,3.0,1.0,0.683,0.317,0.534,0.4657,0.3986,0.6,Washington Commanders,New York Giants,Washington Commanders,Washington Commanders,Washington Commanders,Same,Different,Same,False,False,0.0014725362698168,0.1176797763483342,0.0014725362698168,0.1176797763483342,0.0014725362698168,0.1176797763483342,,,0.9028356600459536,1.1638192315051632,4.037900297068751,1.443084422536613,1.6735903454887113,0.9787212333495066,2.1249308916477965,1.7908646810797233,1.9908156260125731,1.3474354992177648
2021_18_SEA_ARI,2021,20,2022-01-09,16:25,Seattle Seahawks,Arizona Cardinals,Home,Russell Wilson,Kyler Murray,00-0029263,00-0035228,7,7,0,0,-6,6,State Farm Stadium,33.5277,-112.262608,America/Denver,False,False,18,18,Sunday,False,False,0,False,False,0,-6,6,NFC West,Lumen Field,47.5952,-122.3316,America/Los_Angeles,NFC West,State Farm Stadium,33.5277,-112.262608,America/Denver,Detroit Lions,Dallas Cowboys,Lumen Field,AT&T Stadium,Playoffs?,Playoffs?,Playoffs?,Playoffs?,1103,0,-1103,1103,-1.0,0.0,America/Los_Angeles,America/Chicago,-1.0,1.0,-1.0,0.0,-1.0,0,-0.13,0.075,-0.13,0.075,Arizona Cardinals,0.205,Arizona Cardinals,0.205,-0.13,0.075,Arizona Cardinals,0.205,0.0,0,No,No,No,No,No,1,No,0.0,0.0,-0.414,4.223,0.0304699999999998,-2.42247,0.0304699999999998,-2.42247,0.1584199999999999,-2.49542,-0.20921,1.68121,Seattle Seahawks,2.4529399999999995,Seattle Seahawks,2.4529399999999995,0.0304699999999998,-2.42247,Seattle Seahawks,2.4529399999999995,Tie,0.0,Arizona Cardinals,4.637,-0.207,2.1115,Arizona Cardinals,2.3185,Seattle Seahawks,2.65384,Arizona Cardinals,1.89042,-0.025395,-0.4071049999999999,Seattle Seahawks,0.3817099999999999,Different,Different,Same,Different,Different,Same,False,Away Team,Home Team,48.0,-235.0,190.0,Arizona Cardinals,Seattle Seahawks,-5.5,5.5,117,-142,-131,108,2.65384,-2.65384,-1.89042,1.89042,0.3448,0.7015,0.5868,0.4608,0.4808,0.5671,0.3296,0.6704,0.5601,0.4399,0.4588,0.5412,0.3296,0.6704,-0.1704,0.1704,,,97,0.0,70.0,0.0,Dome,True,S.Darnold,J.Brissett,1.05,1.0,14.53,211.03,High,-10.0,11.0,51.26,51.0,14.093572854289285,34.0,70.0,0.478,0.5208,0.0766,0.0806,0.357,0.643,0.5646,0.417,20,2022-01-09,Seattle Seahawks @ Arizona Cardinals,0.5324,0.4673,-114,114,,,,,,,,No Bet,,No Bet,,No Bet,,No Bet,,No Bet,,No Bet,,No Bet,,No Bet,,No Bet,,,,,,,,,,,,,,,,,,,,,,,,,,,,,20,0.0,0.0,Arizona Cardinals,Seattle Seahawks,0,0,0,0,0,0,0,0,0,0,0,0,1,0.0,0.0,,,4.382269336163082,0.0096115479023556,0.424598589145402,0.0096115479023556,0.00052895212561,0.0282375105591805,0.0007640163202463,0.0138828810863751,0.0015539943601127,0.0064435817137392,0.0031679661886164,0.000174342620601,0.0003546095050089,0.0035225756936253,0.002318010680359,0.0421203916455557,0.0096115479023556,3.654229831947155e-05,3.0,1.0,0.3296,0.6704,0.4642,0.5356,0.4206,0.5784,Arizona Cardinals,Arizona Cardinals,Arizona Cardinals,Seattle Seahawks,Arizona Cardinals,Same,Different,Same,False,False,0.0096115479023556,0.00052895212561,0.0096115479023556,0.00052895212561,0.0096115479023556,0.00052895212561,,,1.3635283638668796,0.7031265276842378,2.2299986291810767,3.250986090424288,1.3922594273254743,1.2600521515127456,1.7876569895975452,2.1281385831299766,1.7088929878008203,1.6293581374295174
2021_18_NO_ATL,2021,20,2022-01-09,16:25,New Orleans Saints,Atlanta Falcons,Home,Taysom Hill,Matt Ryan,00-0033357,00-0026143,7,7,0,0,8,-3,Mercedes-Benz Stadium,33.7489,-84.388,America/New_York,False,False,18,18,Sunday,False,False,0,False,False,0,8,-3,NFC South,Caesars Superdome,29.9507,-90.0813,America/Chicago,NFC South,Mercedes-Benz Stadium,33.7489,-84.388,America/New_York,Carolina Panthers,Buffalo Bills,Caesars Superdome,Highmark Stadium,Playoffs?,Playoffs?,Playoffs?,Playoffs?,424,0,-424,424,-1.0,0.0,America/Chicago,America/New_York,-1.0,0.0,-1.0,0.0,-1.0,0,-6.145,-0.71,-6.145,-0.71,Atlanta Falcons,5.435,Atlanta Falcons,5.435,-6.145,-0.71,Atlanta Falcons,5.435,0.0,0,No,No,No,No,No,1,No,0.0,0.0,-0.914,-8.837,-5.467744999999999,-2.3067550000000003,-5.467744999999999,-2.3067550000000003,0.622905,-1.5424050000000002,-0.3703249999999999,-10.300175,Atlanta Falcons,3.160989999999998,Atlanta Falcons,3.160989999999998,-5.467744999999999,-2.3067550000000003,Atlanta Falcons,3.160989999999998,Tie,0.0,New Orleans Saints,7.923,-0.457,-4.4185,New Orleans Saints,3.9615,New Orleans Saints,2.1653100000000003,New Orleans Saints,9.929850000000002,0.12629,-5.921290000000001,New Orleans Saints,6.047580000000001,Different,Different,Different,Different,Different,Same,False,Away Team,Away Team,40.0,186.0,-213.0,New Orleans Saints,Atlanta Falcons,4.5,-4.5,108,-131,356,-483,2.1653100000000003,-2.1653100000000003,9.929850000000002,-9.929850000000002,0.6805,0.3497,0.5671,0.4808,0.8285,0.2193,0.6606,0.3394,0.5412,0.4588,0.7907,0.2093,0.6606,0.3394,0.1606,-0.1606,,,98,0.0,70.0,0.0,Dome,True,T.Shough,K.Cousins,2.0,3.0,13.31,177.27,Medium,-7.0,11.0,43.63,43.0,12.719973881541952,27.0,60.0,0.441,0.5574,0.097,0.083,0.5496,0.4504,0.5804,0.3792,20,2022-01-09,New Orleans Saints @ Atlanta Falcons,0.3621,0.6375,176,-176,,,,,,,,No Bet,,No Bet,,No Bet,,No Bet,,No Bet,,No Bet,,No Bet,,No Bet,,No Bet,,,,,,,,,,,,,,,,,,,,,,,,,,,,,20,0.0,0.0,New Orleans Saints,Atlanta Falcons,0,0,0,0,0,0,0,0,0,0,0,0,1,0.0,0.0,,,4.382269336163082,0.7833472459557101,0.9014796846327596,0.0009770354749239,0.0340238439462131,0.0014531861051537,0.0984965486845803,0.0028284464969491,0.0506050993393075,0.0003316058401891,0.0006454296347347,0.0224761513108684,0.0115476926353447,0.0121931222700795,0.1491016480238878,0.0042816326021028,6.858378069873276e-05,0.0330165947979448,3.0,1.0,0.6606,0.3394,0.681,0.319,0.7174,0.2824,New Orleans Saints,New Orleans Saints,New Orleans Saints,New Orleans Saints,New Orleans Saints,Same,Same,Same,False,False,0.0009770354749239,0.0340238439462131,0.0009770354749239,0.0340238439462131,0.0009770354749239,0.0340238439462131,,,0.78199264605761,1.2846622454935055,3.086526495873616,2.394458223731734,0.6764655757857303,1.9758460030524916,2.005195855836411,1.910599716891107,1.4341132986508334,1.9041378265795004
2021_18_NYJ_BUF,2021,20,2022-01-09,16:25,New York Jets,Buffalo Bills,Home,Zach Wilson,Josh Allen,00-0037013,00-0034857,7,7,0,0,-3,-2,Highmark Stadium,42.7725,-78.7877,America/New_York,False,False,18,18,Sunday,False,False,0,False,False,0,-3,-2,AFC East,MetLife Stadium,40.8136,-74.0744,America/New_York,AFC East,Highmark Stadium,42.7725,-78.7877,America/New_York,Tampa Bay Buccaneers,Atlanta Falcons,MetLife Stadium,Highmark Stadium,Playoffs?,Playoffs?,Playoffs?,Playoffs?,278,0,-278,278,0.0,0.0,America/New_York,America/New_York,0.0,0.0,0.0,0.0,0.0,0,-3.725,4.795,-3.725,4.795,Buffalo Bills,8.52,Buffalo Bills,8.52,-3.725,4.795,Buffalo Bills,8.52,0.0,0,No,No,No,No,No,1,No,0.0,0.0,-9.19,8.856,-6.173150000000001,3.80815,-6.173150000000001,3.80815,-2.53335,-0.90165,-11.54289,7.77389,Buffalo Bills,9.9813,Buffalo Bills,9.9813,-6.173150000000001,3.80815,Buffalo Bills,9.9813,Tie,0.0,Buffalo Bills,18.046,-4.595,4.428,Buffalo Bills,9.023,Buffalo Bills,1.6317,Buffalo Bills,19.31678,-7.03812,3.43612,Buffalo Bills,10.47424,Different,Same,Same,Same,Different,Same,False,Home Team,Home Team,43.0,-1250.0,750.0,Buffalo Bills,New York Jets,-16.0,16.0,-128,105,-4323,1324,-1.6317,1.6317,-19.31678,19.31678,0.1176,0.9259,0.4878,0.5614,0.0702,0.9774,0.1127,0.8873,0.4649,0.5351,0.067,0.933,0.1127,0.8873,-0.3873,0.3873,36.0,19.0,99,19.0,36.0,0.0,nfl_read_py Fallback,False,T.Taylor,J.Allen,-16.44,-17.0,13.23,174.91,Medium,-25.0,-8.0,41.0,40.0,12.282970488965873,26.0,57.0,0.894,0.1052,0.0446,0.0448,0.523,0.441,0.3982,0.5606,20,2022-01-09,New York Jets @ Buffalo Bills,0.8124,0.1874,-433,434,,,,,,,,No Bet,,No Bet,,No Bet,,No Bet,,No Bet,,No Bet,,No Bet,,No Bet,,No Bet,,,,,,,,,,,,,,,,,,,,,,,,,,,,,20,0.0,0.0,Buffalo Bills,New York Jets,0,0,0,0,0,0,0,0,0,0,0,0,1,0.0,0.0,,,4.382269336163082,0.0,0.9961748838280854,0.0,0.0014547867210125,0.0,0.0007184926177395,0.0,0.0056567746204109,0.0,0.0,0.0001639544634581,0.0012908322575544,0.0012908322575544,0.0063752672381505,0.0,0.0,0.0002997642707821,3.0,1.0,0.1127,0.8873,0.1926,0.8073,0.1048,0.8946,Buffalo Bills,Buffalo Bills,Buffalo Bills,Buffalo Bills,Buffalo Bills,Same,Same,Same,False,False,0.0,0.0014547867210125,0.0,0.0014547867210125,0.0,0.0014547867210125,,,0.0,0.23138217308123774,0.0,2.5160699241435265,0.0,0.17598477528171427,0.0,0.4098593925160963,0.0,0.619533939858166
2021_18_SF_LA,2021,20,2022-01-09,16:25,San Francisco 49ers,Los Angeles Rams,Home,Jimmy Garoppolo,Matthew Stafford,00-0031345,00-0026498,7,7,0,0,8,7,SoFi Stadium,33.9535,-118.3395,America/Los_Angeles,False,False,18,18,Sunday,False,False,0,False,False,0,8,7,NFC West,Levi's Stadium,37.4031,-121.9702,America/Los_Angeles,NFC West,SoFi Stadium,33.9535,-118.3395,America/Los_Angeles,Houston Texans,Baltimore Ravens,Levi's Stadium,M&T Bank Stadium,Playoffs?,Playoffs?,Playoffs?,Playoffs?,313,0,-313,313,0.0,0.0,America/Los_Angeles,America/New_York,0.0,3.0,0.0,0.0,0.0,0,3.325,1.29,3.325,1.29,San Francisco 49ers,2.035,San Francisco 49ers,2.035,3.325,1.29,San Francisco 49ers,2.035,0.0,0,No,No,No,No,No,1,No,0.0,0.0,2.31,2.739,5.252255000000001,-0.2597549999999998,5.252255000000001,-0.2597549999999998,1.947605,-1.570105,4.261895,1.164605,San Francisco 49ers,5.512010000000001,San Francisco 49ers,5.512010000000001,5.252255000000001,-0.2597549999999998,San Francisco 49ers,5.512010000000001,Tie,0.0,Los Angeles Rams,0.4289999999999998,1.155,1.3695,Los Angeles Rams,0.2144999999999999,San Francisco 49ers,3.51771,San Francisco 49ers,3.09729,3.10475,-0.2027499999999998,San Francisco 49ers,3.3075,Different,Different,Same,Same,Different,Different,False,Away Team,Away Team,46.5,-170.0,150.0,Los Angeles Rams,San Francisco 49ers,-3.0,3.0,156,-191,135,-164,3.51771,-3.51771,3.09729,-3.09729,0.4,0.6296,0.6564,0.3906,0.6212,0.4255,0.3885,0.6115,0.6269,0.3731,0.5935,0.4065,0.3885,0.6115,-0.1115,0.1115,,,100,0.0,70.0,0.0,Dome,True,B.Purdy,M.Stafford,-9.16,-10.0,13.8,190.42,Med-High,-18.0,-1.0,50.29,50.0,13.613317601643791,33.0,68.0,0.7504,0.2492,0.0766,0.0798,0.6712,0.2856,0.598,0.402,20,2022-01-09,San Francisco 49ers @ Los Angeles Rams,0.5354,0.4645,-115,115,,,,,,,,No Bet,,No Bet,,No Bet,,No Bet,,No Bet,,No Bet,,No Bet,,No Bet,,No Bet,,,,,,,,,,,,,,,,,,,,,,,,,,,,,20,0.0,0.0,Los Angeles Rams,San Francisco 49ers,0,0,0,0,0,0,0,0,0,0,0,0,1,0.0,0.0,,,4.382269336163082,0.0,0.0015555644891585,0.0,0.000206556659908,0.0,0.0003516651172138,0.0,0.0005535217996814,0.0,0.0,8.024726237427143e-05,0.0001263093975337,0.0001263093975337,0.0009051869168952,0.0,0.0,0.0002049902551145,3.0,1.0,0.3885,0.6115,0.4286,0.5712,0.279,0.7204,Los Angeles Rams,Los Angeles Rams,Los Angeles Rams,Los Angeles Rams,Los Angeles Rams,Same,Same,Same,False,False,0.0,0.000206556659908,0.0,0.000206556659908,0.0,0.000206556659908,,,0.0,0.8023717207028659,0.0,3.431713465989706,0.0,1.5731828970564676,0.0,0.9758776565361396,0.0,1.54935816109423
2021_18_NE_MIA,2021,20,2022-01-09,16:25,New England Patriots,Miami Dolphins,Home,Mac Jones,Tua Tagovailoa,00-0036972,00-0036212,7,7,0,0,-14,-7,Hard Rock Stadium,25.9602,-80.2384,America/New_York,False,False,18,18,Sunday,False,False,0,False,False,0,-14,-7,AFC East,Gillette Stadium,42.0628,-71.2687,America/New_York,AFC East,Hard Rock Stadium,25.9602,-80.2384,America/New_York,Jacksonville Jaguars,Tennessee Titans,Gillette Stadium,Nissan Stadium,Playoffs?,Playoffs?,Playoffs?,Playoffs?,1223,0,-1223,1223,0.0,0.0,America/New_York,America/Chicago,0.0,-1.0,0.0,0.0,0.0,0,-1.995,0.66,-1.995,0.66,Miami Dolphins,2.655,Miami Dolphins,2.655,-1.995,0.66,Miami Dolphins,2.655,0.0,0,No,No,No,No,No,1,No,0.0,0.0,3.922,-2.985,-1.5936600000000003,1.42866,-1.5936600000000003,1.42866,0.3747899999999999,0.7952099999999999,4.227720000000001,-2.1207200000000004,Miami Dolphins,3.022320000000001,Miami Dolphins,3.022320000000001,-1.5936600000000003,1.42866,Miami Dolphins,3.022320000000001,Tie,0.0,New England Patriots,6.907,1.961,-1.4925,New England Patriots,3.4535,Miami Dolphins,0.4204199999999999,New England Patriots,6.348440000000001,2.3012550000000003,-0.6627550000000002,New England Patriots,2.9640100000000005,Different,Different,Same,Different,Different,Same,False,Home Team,Away Team,41.0,200.0,-250.0,New England Patriots,Miami Dolphins,6.0,-6.0,-116,-104,224,-282,-0.4204199999999999,0.4204199999999999,6.348440000000001,-6.348440000000001,0.7143,0.3333,0.5098,0.537,0.7382,0.3086,0.6818,0.3182,0.487,0.513,0.7052,0.2948,0.6818,0.3182,0.1818,-0.1818,75.0,8.0,101,8.0,75.0,0.0,nfl_read_py Fallback,False,D.Maye,T.Tagovailoa,1.95,3.0,13.94,194.3,Med-High,-8.0,12.0,43.24,43.0,12.968465416503674,27.0,60.0,0.4462,0.553,0.0922,0.0802,0.572,0.4022,0.5386,0.44,20,2022-01-09,New England Patriots @ Miami Dolphins,0.393,0.6068,154,-154,,,,,,,,No Bet,,No Bet,,No Bet,,No Bet,,No Bet,,No Bet,,No Bet,,No Bet,,No Bet,,,,,,,,,,,,,,,,,,,,,,,,,,,,,20,0.0,0.0,New England Patriots,Miami Dolphins,0,0,0,0,0,0,0,0,0,0,0,0,1,0.0,0.0,,,4.382269336163082,0.4871041684179248,0.0,0.0006014465035763,0.0,0.0008386799213628,0.0,0.0017970206486021,0.0,0.0001913802774379,0.0004100662261383,0.0,0.0,0.0004100662261383,0.0,0.002635700569965,3.654229831947155e-05,0.0,3.0,1.0,0.6818,0.3182,0.5579,0.4419,0.6784,0.3208,New England Patriots,New England Patriots,New England Patriots,New England Patriots,New England Patriots,Same,Same,Same,False,False,0.0006014465035763,0.0,0.0006014465035763,0.0,0.0006014465035763,0.0,,,0.6562204754809972,0.0,2.798348363212419,0.0,0.7794951681032188,0.0,1.7414423884392638,0.0,1.3074973751498251,0.0
2021_18_CAR_TB,2021,20,2022-01-09,16:25,Carolina Panthers,Tampa Bay Buccaneers,Home,Sam Darnold,Tom Brady,00-0034869,00-0019596,7,7,0,0,12,0,Raymond James Stadium,27.9759,-82.5033,America/New_York,False,True,18,18,Sunday,False,False,0,False,False,0,12,0,NFC South,Bank of America Stadium,35.2258,-80.8528,America/New_York,NFC South,Raymond James Stadium,27.9759,-82.5033,America/New_York,New Orleans Saints,New York Jets,Caesars Superdome,MetLife Stadium,Playoffs?,Playoffs?,Playoffs?,Playoffs?,510,0,-510,510,0.0,0.0,America/Chicago,America/New_York,-1.0,0.0,0.0,0.0,0.0,0,-5.25,1.025,-5.25,1.025,Tampa Bay Buccaneers,6.275,Tampa Bay Buccaneers,6.275,-5.25,1.025,Tampa Bay Buccaneers,6.275,0.0,0,No,No,No,No,No,1,No,0.0,0.0,0.31,5.429,-2.8483600000000004,1.91836,-2.8483600000000004,1.91836,2.33889,0.95611,2.7000800000000003,6.333920000000001,Tampa Bay Buccaneers,4.76672,Tampa Bay Buccaneers,4.76672,-2.8483600000000004,1.91836,Tampa Bay Buccaneers,4.76672,Tie,0.0,Tampa Bay Buccaneers,5.119000000000001,0.155,2.7145,Tampa Bay Buccaneers,2.5595000000000003,Carolina Panthers,1.38278,Tampa Bay Buccaneers,3.6338400000000006,2.519485,3.645015,Tampa Bay Buccaneers,1.1255300000000004,Different,Same,Different,Same,Different,Same,False,Away Team,Home Team,43.0,-510.0,375.0,Tampa Bay Buccaneers,Carolina Panthers,-11.0,11.0,105,-128,-191,156,1.38278,-1.38278,-3.6338400000000006,3.6338400000000006,0.2105,0.8361,0.5614,0.4878,0.3906,0.6564,0.2012,0.7988,0.5351,0.4649,0.3731,0.6269,0.2012,0.7988,-0.2988,0.2988,80.0,4.0,102,4.0,80.0,0.0,nfl_read_py Fallback,False,B.Young,B.Mayfield,-9.72,-10.0,13.62,185.55,Med-High,-19.0,-1.0,48.99,48.0,13.302779551235062,32.0,67.0,0.7626,0.237,0.077,0.0736,0.452,0.5186,0.6434,0.3112,20,2022-01-09,Carolina Panthers @ Tampa Bay Buccaneers,0.6633,0.3366,-197,197,,,,,,,,No Bet,,No Bet,,No Bet,,No Bet,,No Bet,,No Bet,,No Bet,,No Bet,,No Bet,,,,,,,,,,,,,,,,,,,,,,,,,,,,,20,0.0,0.0,Tampa Bay Buccaneers,Carolina Panthers,0,0,0,0,0,0,0,0,0,0,0,0,1,0.0,0.0,,,4.382269336163082,0.0,0.6173976815509242,0.0,0.0007279262332107,0.0,0.0006418217247305,0.0,0.0025481470860574,0.0,0.0,0.0001464587581219,0.0005814674750887,0.0005814674750887,0.003189968810788,0.0,0.0,1.1878157132284605e-05,3.0,1.0,0.2012,0.7988,0.3586,0.6411,0.2538,0.7448,Tampa Bay Buccaneers,Tampa Bay Buccaneers,Tampa Bay Buccaneers,Tampa Bay Buccaneers,Tampa Bay Buccaneers,Same,Same,Same,False,False,0.0,0.0007279262332107,0.0,0.0007279262332107,0.0,0.0007279262332107,,,0.0,0.4145691795385792,0.0,2.9167107258911167,0.0,0.9862975306307823,0.0,0.9245240506989358,0.0,1.118977715049862
2021_18_LAC_LV,2021,20,2022-01-09,20:20,Los Angeles Chargers,Las Vegas Raiders,Home,Justin Herbert,Derek Carr,00-0036355,00-0031280,7,7,0,0,0,-2,Allegiant Stadium,36.108,-115.1578,America/Los_Angeles,False,False,18,18,Sunday,False,False,0,False,False,0,0,-2,AFC West,SoFi Stadium,33.9535,-118.3395,America/Los_Angeles,AFC West,Allegiant Stadium,36.108,-115.1578,America/Los_Angeles,Denver Broncos,Indianapolis Colts,SoFi Stadium,Lucas Oil Stadium,Playoffs?,Playoffs?,Playoffs?,Playoffs?,233,0,-233,233,0.0,0.0,America/Los_Angeles,America/Indiana/Indianapolis,0.0,3.0,0.0,0.0,0.0,0,0.935,-2.35,0.935,-2.35,Los Angeles Chargers,3.285,Los Angeles Chargers,3.285,0.935,-2.35,Los Angeles Chargers,3.285,0.0,0,No,No,No,No,No,1,No,0.0,0.0,-1.298,0.289,0.6914350000000001,-3.185935,0.6914350000000001,-3.185935,-0.2107149999999999,-0.8687849999999999,-1.492845,-0.595655,Los Angeles Chargers,3.87737,Los Angeles Chargers,3.87737,0.6914350000000001,-3.185935,Los Angeles Chargers,3.87737,Tie,0.0,Las Vegas Raiders,1.587,-0.649,0.1445,Las Vegas Raiders,0.7935,Los Angeles Chargers,0.6580699999999999,Las Vegas Raiders,0.8971899999999999,-0.85178,-0.73222,Las Vegas Raiders,0.11956,Different,Different,Same,Different,Different,Same,False,Away Team,Home Team,48.0,155.0,-180.0,Los Angeles Chargers,Las Vegas Raiders,3.5,-3.5,-104,-116,-122,101,0.6580699999999999,-0.6580699999999999,-0.8971899999999999,0.8971899999999999,0.6429,0.3922,0.537,0.5098,0.4975,0.5495,0.6211,0.3789,0.513,0.487,0.4752,0.5248,0.6211,0.3789,0.1211,-0.1211,,,103,0.0,70.0,0.0,Dome,True,J.Herbert,G.Smith,3.75,4.0,13.71,187.83,Med-High,-6.0,13.0,53.27,53.0,13.863415722652908,36.0,71.0,0.3918,0.6076,0.0942,0.0802,0.4754,0.5246,0.6256,0.3554,20,2022-01-09,Los Angeles Chargers @ Las Vegas Raiders,0.4456,0.5542,124,-124,,,,,,,,No Bet,,No Bet,,No Bet,,No Bet,,No Bet,,No Bet,,No Bet,,No Bet,,No Bet,,,,,,,,,,,,,,,,,,,,,,,,,,,,,20,0.0,0.0,Los Angeles Chargers,Las Vegas Raiders,0,0,0,0,0,0,0,0,0,0,0,0,1,0.0,0.0,,,4.382269336163082,0.8926594859916368,0.3633359744087889,0.0011998628967449,0.0232406712380925,0.0019923025697839,0.0632570977385053,0.0032658198102211,0.0385897831800348,0.0004546280515766,0.0007452348451682,0.0144347809059792,0.0088058903321132,0.0095511251772815,0.1018468809185402,0.005258122380005,0.0001647416790846,0.0228457684794949,3.0,1.0,0.6211,0.3789,0.5695,0.4303,0.645,0.3542,Los Angeles Chargers,Los Angeles Chargers,Los Angeles Chargers,Los Angeles Chargers,Los Angeles Chargers,Same,Same,Same,False,False,0.0011998628967449,0.0232406712380925,0.0011998628967449,0.0232406712380925,0.0011998628967449,0.0232406712380925,,,0.8387321733031298,1.2279227182479928,3.077905762757344,2.403078956848007,1.4900647966517766,1.1622467821864382,1.7295260409296669,2.1862695317978442,1.6444223269110727,1.6938287983192766
