Game ID,Season,Week_x,Date_x,Time,Away Team,Home Team,Location,Away QB,Home QB,Away QB ID,Home QB ID,Away Team Weekly Rest,Home Team Weekly Rest,Weekly Away Rest Advantage,Weekly Home Rest Advantage,Away Cumulative Rest Advantage,Home Cumulative Rest Advantage,Actual Stadium,Actual Stadium Latitude,Actual Stadium Longitude,Actual Stadium TimeZone,International Game,Back to Back Away Games,Circa Week,NFL Week,Day of Week,Big Splash Active,Big Splash Multi-Pick Week,Big Splash Picks Required,Survivor World Championship Active,Survivor World Championship Multi-Pick Week,Survivor World Championship Picks Required,Away Team Current Week Cumulative Rest Advantage,Home Team Current Week Cumulative Rest Advantage,Away Team Division,Away Stadium,Away Stadium Latitude,Away Stadium Longitude,Away Stadium TimeZone,Home Team Division,Home Stadium,Home Stadium Latitude,Home Stadium Longitude,Home Stadium TimeZone,Away Team Previous Opponent,Home Team Previous Opponent,Away Team Previous Location,Home Team Previous Location,Away Team Next Opponent,Home Team Next Opponent,Away Team Next Location,Home Team Next Location,Away Travel Distance,Home Travel Distance,Away Travel Advantage,Home Travel Advantage,Away Timezone Change,Home Timezone Change,Away Previous Game Actual Stadium TimeZone,Home Previous Game Actual Stadium TimeZone,Away Weekly Timezone Difference,Home Weekly Timezone Difference,Adjusted Away Timezone Change,Adjusted Home Timezone Change,Away Timezone Advantage,Home Timezone Advantage,Away Team Massey-Peabody Preseason Rank,Home Team Massey-Peabody Preseason Rank,Away Team Generic Sports Fan Preseason Rank,Home Team Generic Sports Fan Preseason Rank,Massey-Peabody Preseason Winner,Massey-Peabody Preseason Difference,Generic Sports Fan Preseason Winner,Generic Sports Fan Preseason Difference,Away Team MP + GSF Average Preseason Rank,Home Team MP + GSF Average Preseason Rank,MP + GSF Average Preseason Winner,MP + GSF Average Preseason Difference,Away NonLinear TZ,Home NonLinear TZ,Home Team 3 games in 10 days,Away Team 3 games in 10 days,Home Team 4 games in 17 days,Away Team 4 games in 17 days,Away Team Short Rest,Divisional Matchup?,Home Team Short Rest,Away Team Massey-Peabody Current Rank,Home Team Massey-Peabody Current Rank,Away Team Generic Sports Fan Current Rank,Home Team Generic Sports Fan Current Rank,Away Team Adjusted Massey-Peabody Preseason Rank,Home Team Adjusted Massey-Peabody Preseason Rank,Away Team Adjusted Generic Sports Fan Preseason Rank,Home Team Adjusted Generic Sports Fan Preseason Rank,Away Team Adjusted Massey-Peabody Current Rank,Home Team Adjusted Massey-Peabody Current Rank,Away Team Adjusted Generic Sports Fan Current Rank,Home Team Adjusted Generic Sports Fan Current Rank,Adjusted Massey-Peabody Preseason Winner,Adjusted Massey-Peabody Preseason Difference,Adjusted Generic Sports Fan Preseason Winner,Adjusted Generic Sports Fan Preseason Difference,Away Team Adjusted MP + GSF Average Preseason Rank,Home Team Adjusted MP + GSF Average Preseason Rank,Adjusted MP + GSF Average Preseason Winner,Adjusted MP + GSF Average Preseason Difference,Massey-Peabody Current Winner,Massey-Peabody Current Difference,Generic Sports Fan Current Winner,Generic Sports Fan Current Difference,Away Team MP + GSF Average Current Rank,Home Team MP + GSF Average Current Rank,MP + GSF Average Current Winner,MP + GSF Average Current Difference,Adjusted Massey-Peabody Current Winner,Adjusted Massey-Peabody Current Difference,Adjusted Generic Sports Fan Current Winner,Adjusted Generic Sports Fan Current Difference,Away Team Adjusted MP + GSF Average Current Rank,Home Team Adjusted MP + GSF Average Current Rank,Adjusted MP + GSF Average Current Winner,Adjusted MP + GSF Average Current Difference,Massey-Peabody Bayesian Same Winner Across All Metrics,Generic Sports Fan Bayesian Same Adjusted Winner Across All Metrics,Massey-Peabody Bayesian Same Current and Preseason Adjusted Winner,Generic Sports Fan Bayesian Current and Preseason Adjusted Winner,Massey-Peabody Bayesian Same Current and Adjusted Current Winner,Generic Sports Fan Bayesian Same Current and Adjusted Current Winner,Thursday Night Game,Masey-Peabody Home Team Winner?,Generic Sports Fan Home Team Winner?,Total Line,Home Team Sportsbook Moneyline,Away Team Sportsbook Moneyline,Sportsbook Favorite,Sportsbook Underdog,Home Team Sportsbook Spread,Away Team Sportsbook Spread,Massey-Peabody Home Team Moneyline,Massey-Peabody Away Team Moneyline,Generic Sports Fan Home Team Moneyline,Generic Sports Fan Away Team Moneyline,Massey-Peabody Home Team Spread,Massey-Peabody Away Team Spread,Generic Sports Fan Home Team Spread,Generic Sports Fan Away Team Spread,Away Team Sportsbook Implied Odds to Win,Home Team Sportsbook Implied Odds to Win,Away Team Massey-Peabody Implied Odds to Win,Home Team Massey-Peabody Implied Odds to Win,Away Team Generic Sports Fan Implied Odds to Win,Home Team Generic Sports Fan Implied Odds to Win,Away Team Sportsbook Fair Odds,Home Team Sportsbook Fair Odds,Away Team Massey-Peabody Fair Odds,Home Team Massey-Peabody Fair Odds,Away Team Generic Sports Fan Fair Odds,Home Team Generic Sports Fan Fair Odds,Away Team Fair Odds,Home Team Fair Odds,Away Team Expected Win Advantage,Home Team Expected Win Advantage,temp,wind,Matchup_ID,Wind,Temperature,Precipitation,Sim_Weather_Source,Dome,Away_Starting_QB,Home_Starting_QB,Sim_Spread_Mean,Sim_Spread_Median,Sim_Spread_Std,Sim_Spread_Variance,Sim_Spread_Variance_Label,Sim_Spread_25th,Sim_Spread_75th,Sim_Total_Mean,Sim_Total_Median,Sim_Total_Std,Sim_Total_10th_Floor,Sim_Total_90th_Ceiling,Sim_Home_Win_Pct,Sim_Away_Win_Pct,Sim_Prob_Land_3,Sim_Prob_Land_7,Sim_Home_Cover_Prob,Sim_Away_Cover_Prob,Sim_Prob_Over,Sim_Prob_Under,Week_y,Date_y,Matchup,Consensus Home Win Pct,Consensus Away Win Pct,Consensus Home Team Odds,Consensus Away Team Odds,Market Home Team Implied Odds,Market Away Team Implied Odds,Monte Carlo Home Team Spread,Monte Carlo Away Team Spread,Monte Carlo Total,Consensus Home Team Spread,Consensus Away Team Spread,GSF Spread Bet,GSF Spread Edge,Massey-Peabody Spread Bet,Massey-Peabody Spread Edge,Monte Carlo Spread Bet,Monte Carlo Spread Edge,Consensus Spread Bet,Consensus Spread Edge,GSF Moneyline Bet,GSF Moneyline Edge,Massey-Peabody Moneyline Bet,Massey-Peabody Moneyline Edge,Monte Carlo Moneyline Bet,Monte Carlo Moneyline Edge,Consensus Moneyline Bet,Consensus Moneyline Edge,Monte Carlo Total Bet,Monte Carlo Total Edge,MC ML Unit Wager,MC ML Unit to Win,MC ML Kelly Wager,MC ML Kelly To Win,MC Spread Unit Wager,MC Spread Unit to Win,MC Spread Kelly Wager,MC Spread Kelly To Win,MC Total Unit Wager,MC Total Unit to Win,MC Total Kelly Wager,MC Total Kelly To Win,MC Bet Direction,Home Team Offensive Pressure Allowed Rate,Away Team Offensive Pressure Allowed Rate,Home Team Defensive Pressure Generated Rate,Away Team Defensive Pressure Generated Rate,Home Team Zone Rate,Away Team Zone Rate,Home Team Man Rate,Away Team Man Rate,Home Team Offensive EPA vs Pressure,Away Team Offensive EPA vs Pressure,Home Team Offensive EPA vs Zone,Away Team Offensive EPA vs Zone,Home Team Offensive EPA vs Man,Away Team Offensive EPA vs Man,Week,Away Team Cumulative Win Percentage,Home Team Cumulative Win Percentage,Favorite,Underdog,Away Team Thanksgiving Favorite,Home Team Thanksgiving Favorite,Away Team Thanksgiving Underdog,Home Team Thanksgiving Underdog,Away Team Christmas Favorite,Home Team Christmas Favorite,Away Team Christmas Underdog,Home Team Christmas Underdog,Away Team Pre Thanksgiving,Home Team Pre Thanksgiving,Away Team Pre Christmas,Home Team Pre Christmas,Divisional Matchup Boolean,Away Team Star Rating,Home Team Star Rating,Away Team Public Pick %,Home Team Public Pick %,Total Remaining Entries at Start of Week,Home Team Expected Availability,Away Team Expected Availability,Home Pick %,Away Pick %,Expected Home Team Survivors,Expected Away Team Survivors,Expected Home Team Eliminations,Expected Away Team Eliminations,Home Expected Survival Rate,Home Expected Elimination Percent,Away Expected Survival Rate,Away Expected Elimination Percent,Expected Eliminated Entry Percent From Game,Expected Away Team Picks,Expected Home Team Picks,Home Predicted_Pick_Pct,Away Predicted_Pick_Pct,Avg Survivors,Avg Eliminations,Preseason Away Team Sportsbook Fair Odds,Preseason Home Team Sportsbook Fair Odds,Preseason Consensus Away Win Pct,Preseason Consensus Home Win Pct,Preseason Sim_Away_Win_Pct,Preseason Sim_Home_Win_Pct,Preseason Sportsbook Favorite,Preseason Sim Favorite,Preseason Consensus Favorite,Sim Favorite,Consensus Favorite,Sportsbook Bayesian Same Current and Preseason Adjusted Winner,Sim Bayesian Same Current and Preseason Adjusted Winner,Consensus Bayesian Same Current and Preseason Adjusted Winner,Away_Odds_Imputed,Home_Odds_Imputed,Topdown Home Pick %,Topdown Away Pick %,Predicted Circa Home Pick %,Predicted Circa Away Pick %,Top Down Circa Home Pick %,Top Down Circa Away Pick %,Archetype Circa Home Pick %,Archetype Circa Away Pick %,sportsbook_Home_EV,sportsbook_Away_EV,mp_Home_EV,mp_Away_EV,gsf_Home_EV,gsf_Away_EV,sim_Home_EV,sim_Away_EV,consensus_Home_EV,consensus_Away_EV
2022_12_DEN_CAR,2022,13,2022-11-27,13:00,Denver Broncos,Carolina Panthers,Home,Russell Wilson,Sam Darnold,00-0029263,00-0034869,7,7,0,0,8,-1,Bank of America Stadium,35.2258,-80.8528,America/New_York,False,False,12,12,Sunday,False,False,0,False,False,0,8,-1,AFC West,Empower Field at Mile High,39.7648,-105.0076,America/Denver,NFC South,Bank of America Stadium,35.2258,-80.8528,America/New_York,Las Vegas Raiders,Baltimore Ravens,Empower Field at Mile High,M&T Bank Stadium,Baltimore Ravens,Seattle Seahawks,M&T Bank Stadium,Lumen Field,1355,0,-1355,1355,-2.0,0.0,America/Denver,America/New_York,-2.0,0.0,-2.0,0.0,-2.0,0,2.05,-5.25,2.05,-5.25,Denver Broncos,7.3,Denver Broncos,7.3,2.05,-5.25,Denver Broncos,7.3,-0.3,0,No,No,No,No,No,0,No,0.0,0.0,-5.08,-5.097,2.3835,-2.6895,2.3835,-2.6895,0.3335000000000001,2.5605,-4.7465,-2.5365,Denver Broncos,5.073,Denver Broncos,5.073,2.3835,-2.6895,Denver Broncos,5.073,Tie,0.0,Denver Broncos,0.0170000000000003,-2.54,-2.5485,Denver Broncos,0.0085000000000001,Carolina Panthers,2.2270000000000003,Carolina Panthers,2.21,-2.2065,0.012,Carolina Panthers,2.2185,Different,Different,Different,Different,Different,Different,False,Home Team,Home Team,36.5,105.0,-116.0,Denver Broncos,Carolina Panthers,1.0,-1.0,-131,108,-131,108,-2.2270000000000003,2.2270000000000003,-2.21,2.21,0.537,0.4878,0.4808,0.5671,0.4808,0.5671,0.524,0.476,0.4588,0.5412,0.4588,0.5412,0.524,0.476,0.024,-0.024,66.0,15.0,0,15.0,66.0,0.0,nfl_read_py Fallback,False,B.Nix,B.Young,-0.86,-2.0,13.76,189.47,Med-High,-10.0,9.0,43.71,43.0,13.003969381844025,28.0,61.0,0.532,0.4676,0.0916,0.0872,0.5324,0.4518,0.6928,0.3072,13,2022-11-27,Denver Broncos @ Carolina Panthers,0.5226,0.4773,-109,110,0.4878048780487805,0.5370370370370371,-1.43,1.43,43.355,-1.9556666666666669,1.9556666666666669,Carolina Panthers,3.21,Carolina Panthers,3.2270000000000003,Carolina Panthers,2.43,Carolina Panthers,2.9556666666666667,Carolina Panthers,0.0533951219512195,Carolina Panthers,0.0533951219512195,Carolina Panthers,0.0441951219512195,Carolina Panthers,0.0347951219512194,Over,6.855000000000004,100.0,105.0,215.71,226.5,110.0,100.0,45.1,41.0,110.0,100.0,887.2,806.55,Carolina Panthers,,,,,,,,,,,,,,,13,-0.08775,-0.07586,Denver Broncos,Carolina Panthers,0,0,0,0,0,0,0,1,0,0,0,1,0,1.5,1.5,0.009,0.001,71.0,1.0,0.4225352112676056,0.013797,0.003542,0.0070254707635848,0.1027370469653521,0.0077339215968875,0.0933260197624191,9.895029244485688e-05,0.0001089284731955,0.0014470006614838,0.0013144509825692,0.0014233794557648,0.1960630667277712,0.0147593923604723,,,70.0,1.0,0.524,0.476,0.5107,0.4891,0.4706,0.5284,Denver Broncos,Carolina Panthers,Denver Broncos,Carolina Panthers,Carolina Panthers,Same,Same,Different,False,False,0.0002078787656404,0.0027614516440531,0.013797,0.003542,0.0002078787656404,0.0027614516440531,0.0026968472624665,0.0011960670039749,0.7256862894658571,0.8187797398215559,1.7117197907961261,1.5472240057158717,0.9520776800924792,0.832774098186804,1.2346694932306428,1.140201391590981,1.1016116675663774,1.0485471109045303
2022_12_TB_CLE,2022,13,2022-11-27,13:00,Tampa Bay Buccaneers,Cleveland Browns,Home,Tom Brady,Jacoby Brissett,00-0019596,00-0033119,14,7,7,-7,10,2,FirstEnergy Stadium,41.5061,-81.6994,America/New_York,False,False,12,12,Sunday,False,False,0,False,False,0,10,2,NFC South,Raymond James Stadium,27.9759,-82.5033,America/New_York,AFC North,FirstEnergy Stadium,41.5061,-81.6994,America/New_York,Seattle Seahawks,Buffalo Bills,Raymond James Stadium,Highmark Stadium,New Orleans Saints,Houston Texans,Raymond James Stadium,NRG Stadium,935,0,-935,935,0.0,0.0,America/New_York,America/New_York,0.0,0.0,0.0,0.0,0.0,0,1.025,-4.705,1.025,-4.705,Tampa Bay Buccaneers,5.73,Tampa Bay Buccaneers,5.73,1.025,-4.705,Tampa Bay Buccaneers,5.73,0.0,0,No,No,No,No,No,0,No,0.0,0.0,2.069,0.449,2.028,-3.7095000000000007,2.028,-3.7095000000000007,1.003,0.9955,3.072,1.4445,Tampa Bay Buccaneers,5.737500000000001,Tampa Bay Buccaneers,5.737500000000001,2.028,-3.7095000000000007,Tampa Bay Buccaneers,5.737500000000001,Tie,0.0,Tampa Bay Buccaneers,1.62,1.0345,0.2245,Tampa Bay Buccaneers,0.8099999999999999,Tampa Bay Buccaneers,0.0074999999999998,Tampa Bay Buccaneers,1.6275,2.0375,1.2200000000000002,Tampa Bay Buccaneers,0.8174999999999999,Different,Same,Same,Same,Different,Same,False,Away Team,Away Team,42.0,151.0,-169.0,Tampa Bay Buccaneers,Cleveland Browns,3.0,-3.0,-110,-110,105,-128,0.0074999999999998,-0.0074999999999998,1.6275,-1.6275,0.6283,0.3984,0.5238,0.5238,0.5614,0.4878,0.6119,0.3881,0.5,0.5,0.5351,0.4649,0.6119,0.3881,0.1119,-0.1119,56.0,14.0,1,14.0,56.0,0.0,nfl_read_py Fallback,False,B.Mayfield,S.Sanders,1.83,3.0,13.16,173.31,Medium,-7.0,11.0,40.72,40.0,12.428994075899617,25.0,57.0,0.4344,0.5632,0.0914,0.0944,0.4758,0.474,0.4294,0.5476,13,2022-11-27,Tampa Bay Buccaneers @ Cleveland Browns,0.4468,0.5526,124,-124,0.398406374501992,0.6282527881040892,2.415,-2.415,40.36,1.35,-1.35,Cleveland Browns,1.3725,Cleveland Browns,2.9925,Cleveland Browns,0.585,Cleveland Browns,1.65,Cleveland Browns,0.0664936254980079,Cleveland Browns,0.1015936254980079,Cleveland Browns,0.035993625498008,Cleveland Browns,0.0483936254980079,Under,1.6400000000000006,100.0,151.0,149.58,225.86,110.0,100.0,0.0,0.0,110.0,100.0,124.9,113.55,Cleveland Browns,,,,,,,,,,,,,,,13,0.01175,0.03545,Tampa Bay Buccaneers,Cleveland Browns,0,0,0,0,0,1,0,0,0,0,0,1,0,2.5,2.5,0.015,0.0,71.0,0.8732394366197183,0.4647887323943662,0.004948,0.005852,0.0028449583061772,0.2949975223303555,0.0044855191640037,0.1871033476326377,4.006983529827092e-05,6.317632625357376e-05,0.0041548946807092,0.002635258417361,0.0026984347436146,0.4821008699629932,0.0073304774701809,,,70.0,1.0,0.6119,0.3881,0.5711,0.4285,0.5542,0.4442,Tampa Bay Buccaneers,Tampa Bay Buccaneers,Tampa Bay Buccaneers,Tampa Bay Buccaneers,Tampa Bay Buccaneers,Same,Same,Same,False,False,0.0001032461615518,0.0067901530980703,0.004948,0.005852,0.0001032461615518,0.0067901530980703,0.0015875560554824,0.0064440670668628,0.6002067339431597,0.9442592953442551,1.6340866508538723,1.6248571456581222,0.8310018029789156,0.9538499753003655,1.034148957644153,1.340721927177472,0.9626211328806452,1.1875376455902649
2022_12_BAL_JAX,2022,13,2022-11-27,13:00,Baltimore Ravens,Jacksonville Jaguars,Home,Lamar Jackson,Trevor Lawrence,00-0034796,00-0036971,7,14,-7,7,-4,1,TIAA Bank Field,30.3239,-81.6554,America/New_York,False,False,12,12,Sunday,False,False,0,False,False,0,-4,1,AFC North,M&T Bank Stadium,39.2789,-76.6228,America/New_York,AFC South,TIAA Bank Field,30.3239,-81.6554,America/New_York,Carolina Panthers,Kansas City Chiefs,M&T Bank Stadium,GEHA Field at Arrowhead Stadium,Denver Broncos,Detroit Lions,M&T Bank Stadium,Ford Field,681,0,-681,681,0.0,0.0,America/New_York,America/Chicago,0.0,-1.0,0.0,0.0,0.0,0,6.69,-1.825,6.69,-1.825,Baltimore Ravens,8.515,Baltimore Ravens,8.515,6.69,-1.825,Baltimore Ravens,8.515,0.0,0,No,No,No,No,No,0,No,0.0,0.0,5.347,-3.671,6.374,-1.4364999999999997,6.374,-1.4364999999999997,-0.3160000000000001,0.3885,5.031,-3.2825,Baltimore Ravens,7.810499999999999,Baltimore Ravens,7.810499999999999,6.374,-1.4364999999999997,Baltimore Ravens,7.810499999999999,Tie,0.0,Baltimore Ravens,9.018,2.6735,-1.8355,Baltimore Ravens,4.509,Jacksonville Jaguars,0.7045000000000001,Baltimore Ravens,8.3135,2.3575,-1.447,Baltimore Ravens,3.8045,Different,Same,Different,Same,Different,Same,False,Home Team,Away Team,43.0,147.0,-164.0,Baltimore Ravens,Jacksonville Jaguars,3.5,-3.5,-116,-104,302,-397,-0.7045000000000001,0.7045000000000001,8.3135,-8.3135,0.6212,0.4049,0.5098,0.537,0.7988,0.2488,0.6054,0.3946,0.487,0.513,0.7625,0.2375,0.6054,0.3946,0.1054,-0.1054,77.0,19.0,2,19.0,77.0,0.0,nfl_read_py Fallback,False,L.Jackson,T.Lawrence,4.72,6.0,13.87,192.37,Med-High,-6.0,14.0,45.22,44.0,13.007972282741909,29.0,62.0,0.3656,0.6338,0.08,0.082,0.4434,0.5566,0.5276,0.4282,13,2022-11-27,Baltimore Ravens @ Jacksonville Jaguars,0.3777,0.6222,165,-165,0.4048582995951417,0.6212121212121212,5.359999999999999,-5.359999999999999,44.61,4.323,-4.323,Baltimore Ravens,4.8135,Jacksonville Jaguars,4.2045,Baltimore Ravens,1.86,Baltimore Ravens,0.8229999999999995,Baltimore Ravens,0.1412878787878787,Jacksonville Jaguars,0.1081417004048583,Baltimore Ravens,0.0125878787878788,Baltimore Ravens,0.0009878787878787,Over,1.6099999999999994,164.0,100.0,83.08,50.66,110.0,100.0,172.15,156.5,110.0,100.0,19.9,18.09,Baltimore Ravens,,,,,,,,,,,,,,,13,0.0062166666666666,-0.00025,Baltimore Ravens,Jacksonville Jaguars,0,0,0,0,1,0,0,1,0,0,1,1,0,2.5,2.5,0.02,0.0,71.0,1.0,0.028169014084507,0.003011,0.003576,0.0039397462655631,0.3511654107220509,0.0060444054464569,0.2288897771240853,5.548938402201604e-05,8.513247107685886e-05,0.0049459917003105,0.003223799677804,0.0033089321488808,0.5800551878461362,0.0099841517120201,,,70.0,1.0,0.6054,0.3946,0.5875,0.4124,0.6424,0.3572,Baltimore Ravens,Baltimore Ravens,Baltimore Ravens,Baltimore Ravens,Baltimore Ravens,Same,Same,Same,False,False,0.0001406218550988,0.0081697913781145,0.003011,0.003576,0.0001406218550988,0.0081697913781145,0.0021364536522648,0.0001974232362822,0.6099487518062946,0.934517277481119,1.674720106074395,1.5842236904376,0.42446002945714334,1.3603917488221366,0.869731242283148,1.5051396425384778,0.8132625382492726,1.3368962402216362
2022_12_HOU_MIA,2022,13,2022-11-27,13:00,Houston Texans,Miami Dolphins,Home,Kyle Allen,Tua Tagovailoa,00-0034577,00-0036212,7,14,-7,7,-8,5,Hard Rock Stadium,25.9602,-80.2384,America/New_York,False,False,12,12,Sunday,False,False,0,False,False,0,-8,5,AFC South,NRG Stadium,29.6847,-95.4093,America/Chicago,AFC East,Hard Rock Stadium,25.9602,-80.2384,America/New_York,Washington Commanders,Cleveland Browns,NRG Stadium,Hard Rock Stadium,Cleveland Browns,San Francisco 49ers,NRG Stadium,Levi's Stadium,961,0,-961,961,-1.0,0.0,America/Chicago,America/New_York,-1.0,0.0,-1.0,0.0,-1.0,0,0.035,0.66,0.035,0.66,Miami Dolphins,0.625,Miami Dolphins,0.625,0.035,0.66,Miami Dolphins,0.625,0.0,0,No,No,No,No,No,0,No,0.0,0.0,-9.249,-0.559,0.4239999999999999,2.9705000000000004,0.4239999999999999,2.9705000000000004,0.389,2.3105,-8.860000000000001,1.7515,Miami Dolphins,2.5465000000000004,Miami Dolphins,2.5465000000000004,0.4239999999999999,2.9705000000000004,Miami Dolphins,2.5465000000000004,Tie,0.0,Miami Dolphins,8.690000000000001,-4.6245,-0.2795,Miami Dolphins,4.345000000000001,Miami Dolphins,1.9215,Miami Dolphins,10.6115,-4.235500000000001,2.031,Miami Dolphins,6.266500000000001,Different,Same,Same,Same,Different,Same,False,Home Team,Home Team,47.0,-822.0,613.0,Miami Dolphins,Houston Texans,-14.0,14.0,-131,108,-538,389,-1.9215,1.9215,-10.6115,10.6115,0.1403,0.8915,0.4808,0.5671,0.2045,0.8433,0.1359,0.8641,0.4588,0.5412,0.1952,0.8048,0.1359,0.8641,-0.3641,0.3641,84.0,13.0,3,13.0,84.0,0.0,nfl_read_py Fallback,False,C.Stroud,T.Tagovailoa,-7.74,-8.0,13.85,191.84,Med-High,-17.0,3.0,52.53,52.0,13.784601999711782,36.0,71.0,0.7142,0.2854,0.0766,0.075,0.2992,0.659,0.618,0.3486,13,2022-11-27,Houston Texans @ Miami Dolphins,0.7311,0.2688,-272,272,0.8915401301518439,0.1402524544179523,-7.87,7.87,52.265,-6.801000000000001,6.801000000000001,Houston Texans,3.3884999999999987,Houston Texans,12.0785,Houston Texans,6.13,Houston Texans,7.198999999999999,Houston Texans,0.0549475455820477,Houston Texans,0.3185475455820477,Houston Texans,0.1451475455820476,Houston Texans,0.1285475455820476,Over,5.265000000000001,100.0,613.0,422.06,2587.25,110.0,100.0,709.75,645.23,110.0,100.0,494.5,449.55,Houston Texans,,,,,,,,,,,,,,,13,-0.2210833333333333,-0.0213833333333333,Miami Dolphins,Houston Texans,0,0,0,0,0,0,1,0,0,0,1,0,0,0.0,2.0,0.001,0.53,71.0,0.7464788732394366,1.0,0.604035,0.000612,39.47920538942086,0.0008599198385495,6.209031376486861,0.0054676727924257,0.5560451463298713,0.0874511461477022,1.2111547021824498e-05,7.700947594965819e-05,0.0875281556236518,0.0063275926309752,45.688236765907725,,,70.0,1.0,0.1359,0.8641,0.2847,0.7151,0.3324,0.6666,Miami Dolphins,Miami Dolphins,Miami Dolphins,Miami Dolphins,Miami Dolphins,Same,Same,Same,False,False,0.6434962924775736,8.91210229714827e-05,0.604035,0.000612,0.6434962924775736,8.91210229714827e-05,0.629158955487368,0.0021352662178128,0.9949855696547987,0.5494804596326145,0.6685560381418956,2.590387758370098,0.9410039233947888,0.8438478548844922,0.8706485612976297,1.504222323523995,0.872282647895767,1.277876130575142
2022_12_CHI_NYJ,2022,13,2022-11-27,13:00,Chicago Bears,New York Jets,Home,Trevor Siemian,Mike White,00-0032156,00-0034401,7,7,0,0,0,-4,MetLife Stadium,40.8136,-74.0744,America/New_York,False,True,12,12,Sunday,False,False,0,False,False,0,0,-4,NFC North,Soldier Field,41.8623,-87.6167,America/Chicago,AFC East,MetLife Stadium,40.8136,-74.0744,America/New_York,Atlanta Falcons,New England Patriots,Mercedes-Benz Stadium,Gillette Stadium,Green Bay Packers,Minnesota Vikings,Soldier Field,U.S. Bank Stadium,705,0,-705,705,-1.0,0.0,America/New_York,America/New_York,0.0,0.0,0.0,0.0,0.0,0,-1.575,-3.725,-1.575,-3.725,Chicago Bears,2.1500000000000004,Chicago Bears,2.1500000000000004,-1.575,-3.725,Chicago Bears,2.1500000000000004,0.0,0,No,No,No,No,No,0,No,0.0,0.0,-4.597,-1.343,-2.1665,-3.6485,-2.1665,-3.6485,-0.5915,0.0765,-5.1885,-1.2665,Chicago Bears,1.4820000000000002,Chicago Bears,1.4820000000000002,-2.1665,-3.6485,Chicago Bears,1.4820000000000002,Tie,0.0,New York Jets,3.2540000000000004,-2.2985,-0.6715,New York Jets,1.6270000000000002,New York Jets,0.668,New York Jets,3.9220000000000006,-2.89,-0.595,New York Jets,2.295,Different,Different,Different,Different,Different,Same,False,Home Team,Home Team,36.5,-375.0,315.0,New York Jets,Chicago Bears,-8.5,8.5,-116,-104,-211,171,-0.668,0.668,-3.9220000000000006,3.9220000000000006,0.241,0.7895,0.5098,0.537,0.369,0.6785,0.2338,0.7662,0.487,0.513,0.3523,0.6477,0.2338,0.7662,-0.2662,0.2662,50.0,9.0,4,9.0,50.0,0.0,nfl_read_py Fallback,False,C.Williams,T.Taylor,-2.67,-3.0,14.19,201.41,High,-13.0,7.0,46.67,46.0,13.009958718042462,30.0,64.0,0.585,0.4142,0.087,0.0774,0.374,0.626,0.7756,0.2244,13,2022-11-27,Chicago Bears @ New York Jets,0.628,0.3718,-169,169,0.7894736842105263,0.2409638554216867,-2.835,2.835,46.335,-2.475,2.475,Chicago Bears,4.577999999999999,Chicago Bears,7.832,Chicago Bears,5.665,Chicago Bears,6.025,Chicago Bears,0.1113361445783132,Chicago Bears,0.2460361445783132,Chicago Bears,0.1732361445783132,Chicago Bears,0.1308361445783132,Over,9.835,100.0,315.0,570.58,1797.32,110.0,100.0,536.5,487.73,110.0,100.0,1321.9,1201.73,Chicago Bears,,,,,,,,,,,,,,,13,-0.2061599999999999,-0.0614333333333333,New York Jets,Chicago Bears,0,0,0,0,0,1,1,0,0,0,1,1,0,0.0,1.5,0.005,0.057,71.0,1.0,0.971830985915493,0.116602,0.00127,6.142481938956763,0.0015934392033656,1.874330823972972,0.0052219551651786,0.0865138301261515,0.0263990256897601,2.244280568120666e-05,7.354866429829146e-05,0.0264725743540584,0.0068153943685443,8.016812762929735,,,70.0,1.0,0.2338,0.7662,0.441,0.5588,0.428,0.571,New York Jets,New York Jets,New York Jets,New York Jets,New York Jets,Same,Same,Same,False,False,0.1129128558159117,9.599146997949812e-05,0.116602,0.00127,0.1129128558159117,9.599146997949812e-05,0.1640963166812169,0.0021201540758106,1.096370239924385,0.4480957893630266,1.2259744939750243,2.032969302536969,1.014051683484704,0.770800094794578,1.1164255776514933,1.258445307170132,1.1322459603724424,1.0179128180984665
2022_12_CIN_TEN,2022,13,2022-11-27,13:00,Cincinnati Bengals,Tennessee Titans,Home,Joe Burrow,Ryan Tannehill,00-0036442,00-0029701,7,10,-3,3,6,-8,Nissan Stadium,36.1664,-86.7716,America/Chicago,False,True,12,12,Sunday,False,False,0,False,False,0,6,-8,AFC North,Paycor Stadium,39.0955,-84.5165,America/New_York,AFC South,Nissan Stadium,36.1664,-86.7716,America/Chicago,Pittsburgh Steelers,Green Bay Packers,Acrisure Stadium,Lambeau Field,Kansas City Chiefs,Philadelphia Eagles,Paycor Stadium,Lincoln Financial Field,237,0,-237,237,1.0,0.0,America/New_York,America/Chicago,1.0,0.0,1.0,0.0,1.0,0,1.31,-4.36,1.31,-4.36,Cincinnati Bengals,5.67,Cincinnati Bengals,5.67,1.31,-4.36,Cincinnati Bengals,5.67,0.0,0,No,No,No,No,No,0,No,0.0,0.0,5.099,2.371,-0.3719999999999999,-5.117000000000001,-0.3719999999999999,-5.117000000000001,-1.682,-0.757,3.4170000000000007,1.6140000000000003,Cincinnati Bengals,4.745000000000001,Cincinnati Bengals,4.745000000000001,-0.3719999999999999,-5.117000000000001,Cincinnati Bengals,4.745000000000001,Tie,0.0,Cincinnati Bengals,2.728,2.5495,1.1855,Cincinnati Bengals,1.364,Tennessee Titans,0.925,Cincinnati Bengals,1.8030000000000004,0.8675000000000004,0.4285000000000001,Cincinnati Bengals,0.4390000000000002,Different,Same,Different,Same,Different,Same,False,Home Team,Away Team,43.0,-105.0,-105.0,Cincinnati Bengals,Tennessee Titans,1.0,-1.0,-122,101,108,-131,-0.925,0.925,1.8030000000000004,-1.8030000000000004,0.5122,0.5122,0.4975,0.5495,0.5671,0.4808,0.5,0.5,0.4752,0.5248,0.5412,0.4588,0.5,0.5,0.0,0.0,56.0,14.0,5,14.0,56.0,0.0,nfl_read_py Fallback,False,J.Burrow,C.Ward,10.81,11.0,13.9,193.24,Med-High,3.0,20.0,48.74,48.0,13.488479360368649,32.0,66.0,0.2118,0.7876,0.07,0.07,0.2124,0.7734,0.6364,0.3246,13,2022-11-27,Cincinnati Bengals @ Tennessee Titans,0.4238,0.576,136,-136,0.5121951219512195,0.5121951219512195,10.905,-10.905,48.370000000000005,3.927666666666667,-3.927666666666667,Cincinnati Bengals,0.8030000000000004,Tennessee Titans,1.925,Cincinnati Bengals,9.905,Cincinnati Bengals,2.927666666666667,Cincinnati Bengals,0.0290048780487804,Tennessee Titans,0.0126048780487805,Cincinnati Bengals,0.2754048780487804,Cincinnati Bengals,0.0638048780487804,Over,5.3700000000000045,105.0,100.0,1411.45,1344.24,110.0,100.0,1310.35,1191.23,110.0,100.0,591.1,537.36,Cincinnati Bengals,,,,,,,,,,,,,,,13,0.12508,-0.09835,Cincinnati Bengals,Tennessee Titans,0,0,0,0,1,1,0,0,0,0,1,1,0,3.5,1.5,0.003,0.002,71.0,0.971830985915493,0.1549295774647887,0.003815,0.004072,0.0077807889619479,0.0089942263146528,0.0077807889619479,0.0089942263146528,0.0001095885769288,0.0001095885769288,0.0001266792438683,0.0001266792438683,0.0002362678207971,0.0179884526293056,0.0155615779238958,,,70.0,1.0,0.5,0.5,0.5841,0.4157,0.8012,0.1978,Tennessee Titans,Cincinnati Bengals,Cincinnati Bengals,Cincinnati Bengals,Cincinnati Bengals,Different,Same,Same,False,False,0.0002191771538576,0.0002533584877366,0.003815,0.004072,0.0002191771538576,0.0002533584877366,0.0027859097219572,0.0011223256436183,0.7724720679100314,0.7719939613773816,1.7116023190588663,1.5473414774531282,0.8192373023569375,0.9656144759223445,0.5034816871414702,1.8713891976801533,0.9117792081758225,1.2383795702950864
2022_12_ATL_WAS,2022,13,2022-11-27,13:00,Atlanta Falcons,Washington Commanders,Home,Marcus Mariota,Taylor Heinicke,00-0032268,00-0031800,7,7,0,0,-10,1,FedExField,38.9077,-76.8645,America/New_York,False,False,12,12,Sunday,False,False,0,False,False,0,-10,1,NFC South,Mercedes-Benz Stadium,33.7489,-84.388,America/New_York,NFC East,FedExField,38.9077,-76.8645,America/New_York,Chicago Bears,Houston Texans,Mercedes-Benz Stadium,NRG Stadium,Pittsburgh Steelers,New York Giants,Mercedes-Benz Stadium,MetLife Stadium,549,0,-549,549,0.0,0.0,America/New_York,America/Chicago,0.0,-1.0,0.0,0.0,0.0,0,-0.71,1.45,-0.71,1.45,Washington Commanders,2.16,Washington Commanders,2.16,-0.71,1.45,Washington Commanders,2.16,0.0,0,No,No,No,No,No,0,No,0.0,0.0,-6.495,-1.097,-3.65,0.6755,-3.65,0.6755,-2.94,-0.7745,-9.435,-1.8715,Washington Commanders,4.3255,Washington Commanders,4.3255,-3.65,0.6755,Washington Commanders,4.3255,Tie,0.0,Washington Commanders,5.398,-3.2475,-0.5485,Washington Commanders,2.699,Washington Commanders,2.1655,Washington Commanders,7.5635,-6.1875,-1.323,Washington Commanders,4.8645,Different,Same,Same,Same,Different,Same,False,Home Team,Home Team,40.5,-183.0,163.0,Washington Commanders,Atlanta Falcons,-3.5,3.5,-131,108,-346,268,-2.1655,2.1655,-7.5635,7.5635,0.3802,0.6466,0.4808,0.5671,0.2717,0.7758,0.3703,0.6297,0.4588,0.5412,0.2594,0.7406,0.3703,0.6297,-0.1297,0.1297,46.0,9.0,6,9.0,46.0,0.0,nfl_read_py Fallback,False,K.Cousins,M.Mariota,-1.09,-2.0,12.85,165.23,Med-Low,-10.0,7.0,48.64,49.0,13.117967924053302,32.0,65.0,0.5308,0.468,0.1086,0.095,0.437,0.563,0.7184,0.2816,13,2022-11-27,Atlanta Falcons @ Washington Commanders,0.6106,0.3891,-157,157,0.6466431095406361,0.3802281368821292,-1.545,1.545,48.82,-3.758,3.758,Washington Commanders,4.0635,Atlanta Falcons,1.3345000000000002,Atlanta Falcons,1.955,Washington Commanders,0.2579999999999995,Washington Commanders,0.0939568904593639,Atlanta Falcons,0.0785718631178707,Atlanta Falcons,0.0877718631178707,Atlanta Falcons,0.0088718631178707,Over,8.32,100.0,163.0,354.05,577.1,110.0,100.0,205.75,187.05,110.0,100.0,1021.6,928.73,Atlanta Falcons,,,,,,,,,,,,,,,13,-0.0023399999999999,-0.04714,Washington Commanders,Atlanta Falcons,0,0,0,0,0,0,1,1,0,0,1,1,0,2.0,2.0,0.002,0.018,71.0,0.9295774647887324,0.8450704225352113,0.047498,0.001303,0.5349214015800546,0.0024277080289734,0.314564705423367,0.0041283493001473,0.0075341042476064,0.0044304888087798,3.419307083061147e-05,5.814576479080757e-05,0.0044886345735706,0.0065560573291207,0.8494861070034218,,,70.0,1.0,0.3703,0.6297,0.429,0.5706,0.4802,0.5178,Washington Commanders,Washington Commanders,Washington Commanders,Washington Commanders,Washington Commanders,Same,Same,Same,False,False,0.0119645930563862,9.233883562141903e-05,0.047498,0.001303,0.0119645930563862,9.233883562141903e-05,0.0157422449477389,0.0016788400098073,0.9315839989142368,0.6128820303731756,1.545257535577915,1.7136862609340786,1.2694775894405002,0.5153741888387816,1.1379340900822272,1.2369367947393963,1.2177485072980703,0.9324102711728398
2022_12_LAC_ARI,2022,13,2022-11-27,16:05,Los Angeles Chargers,Arizona Cardinals,Home,Justin Herbert,Kyler Murray,00-0036355,00-0035228,7,6,1,-1,0,-5,State Farm Stadium,33.5277,-112.262608,America/Denver,False,False,12,12,Sunday,False,False,0,False,False,0,0,-5,AFC West,SoFi Stadium,33.9535,-118.3395,America/Los_Angeles,NFC West,State Farm Stadium,33.5277,-112.262608,America/Denver,Kansas City Chiefs,San Francisco 49ers,SoFi Stadium,State Farm Stadium,Las Vegas Raiders,New England Patriots,Allegiant Stadium,State Farm Stadium,350,0,-350,350,-1.0,0.0,America/Los_Angeles,America/Denver,-1.0,0.0,-1.0,0.0,-1.0,0,0.935,0.075,0.935,0.075,Los Angeles Chargers,0.8600000000000001,Los Angeles Chargers,0.8600000000000001,0.935,0.075,Los Angeles Chargers,0.8600000000000001,0.0,0,No,No,No,No,No,0,Yes,0.0,0.0,-2.23,-3.627,1.402,-1.726,1.402,-1.726,0.467,-1.8010000000000002,-1.763,-5.428,Los Angeles Chargers,3.128,Los Angeles Chargers,3.128,1.402,-1.726,Los Angeles Chargers,3.128,Tie,0.0,Los Angeles Chargers,1.3969999999999998,-1.115,-1.8135,Los Angeles Chargers,0.6984999999999999,Los Angeles Chargers,2.268,Los Angeles Chargers,3.665,-0.6479999999999999,-3.6145,Los Angeles Chargers,2.9665,Different,Same,Same,Same,Different,Same,False,Away Team,Away Team,48.5,123.0,-136.0,Los Angeles Chargers,Arizona Cardinals,2.5,-2.5,117,-142,156,-191,2.268,-2.268,3.665,-3.665,0.5763,0.4484,0.5868,0.4608,0.6564,0.3906,0.5624,0.4376,0.5601,0.4399,0.6269,0.3731,0.5624,0.4376,0.0624,-0.0624,,,7,0.0,70.0,0.0,Dome,True,J.Herbert,J.Brissett,3.97,5.0,14.38,206.9,High,-7.0,14.0,52.57,52.0,13.476892680705944,36.0,71.0,0.3842,0.6152,0.0742,0.077,0.417,0.583,0.6092,0.3908,13,2022-11-27,Los Angeles Chargers @ Arizona Cardinals,0.4087,0.5912,145,-145,0.4484304932735426,0.576271186440678,4.485,-4.485,52.285,3.4726666666666666,-3.4726666666666666,Los Angeles Chargers,1.165,Arizona Cardinals,0.2319999999999997,Los Angeles Chargers,1.9850000000000003,Los Angeles Chargers,0.9726666666666666,Los Angeles Chargers,0.050628813559322,No Bet,0.0,Los Angeles Chargers,0.0389288135593219,Los Angeles Chargers,0.0149288135593219,Over,3.7849999999999966,136.0,100.0,229.68,168.88,110.0,100.0,310.75,282.5,110.0,100.0,448.3,407.55,Los Angeles Chargers,,,,,,,,,,,,,,,13,0.0130999999999999,-0.18358,Los Angeles Chargers,Arizona Cardinals,0,0,0,0,0,0,0,0,0,0,0,0,0,2.5,0.5,0.0069999999999999,0.001,71.0,0.971830985915493,0.8028169014084507,0.0043,0.011786,0.0038996404625478,0.057700590496824,0.0050117865542433,0.0448964765316681,5.49245135570114e-05,7.05885430175119e-05,0.0008126843731947,0.0006323447398826,0.0007029332829001,0.1025970670284922,0.0089114270167911,,,70.0,1.0,0.5624,0.4376,0.539,0.461,0.5676,0.4322,Los Angeles Chargers,Los Angeles Chargers,Los Angeles Chargers,Los Angeles Chargers,Los Angeles Chargers,Same,Same,Same,False,False,0.0001255130565745,0.0014450291130773,0.0043,0.011786,0.0001255130565745,0.0014450291130773,0.0020666999741439,0.004776780429269,0.6827350971142898,0.8617309321731235,1.471461887740714,1.787481908771281,0.6755459461028457,1.1093058321764364,0.9326237702008874,1.4422471146207365,0.8945084193713205,1.25565035909959
2022_12_LV_SEA,2022,13,2022-11-27,16:05,Las Vegas Raiders,Seattle Seahawks,Home,Derek Carr,Geno Smith,00-0031280,00-0030565,7,14,-7,7,-10,7,Lumen Field,47.5952,-122.3316,America/Los_Angeles,False,True,12,12,Sunday,False,False,0,False,False,0,-10,7,AFC West,Allegiant Stadium,36.108,-115.1578,America/Los_Angeles,NFC West,Lumen Field,47.5952,-122.3316,America/Los_Angeles,Denver Broncos,Tampa Bay Buccaneers,Empower Field at Mile High,Raymond James Stadium,Los Angeles Chargers,Los Angeles Rams,Allegiant Stadium,SoFi Stadium,874,0,-874,874,0.0,0.0,America/Denver,America/New_York,1.0,3.0,0.0,0.0,0.0,0,-2.35,-0.13,-2.35,-0.13,Seattle Seahawks,2.22,Seattle Seahawks,2.22,-2.35,-0.13,Seattle Seahawks,2.22,0.0,0,No,No,No,No,No,0,No,0.0,0.0,-2.615,0.849,-4.9405,0.6455000000000001,-4.9405,0.6455000000000001,-2.5905,0.7755,-5.2055,1.6245000000000005,Seattle Seahawks,5.586,Seattle Seahawks,5.586,-4.9405,0.6455000000000001,Seattle Seahawks,5.586,Tie,0.0,Seattle Seahawks,3.4640000000000004,-1.3075,0.4245,Seattle Seahawks,1.7320000000000002,Seattle Seahawks,3.366,Seattle Seahawks,6.83,-3.898,1.2000000000000002,Seattle Seahawks,5.098,Different,Same,Same,Same,Different,Same,False,Home Team,Home Team,47.5,-196.0,174.0,Seattle Seahawks,Las Vegas Raiders,-4.0,4.0,-191,156,-319,249,-3.366,3.366,-6.83,6.83,0.365,0.6622,0.3906,0.6564,0.2865,0.7613,0.3553,0.6447,0.3731,0.6269,0.2734,0.7266,0.3553,0.6447,-0.1447,0.1447,44.0,8.0,8,8.0,44.0,0.0,nfl_read_py Fallback,False,G.Smith,S.Darnold,0.94,2.0,14.45,208.74,High,-9.0,11.0,51.51,51.0,13.35494966280664,35.0,69.0,0.4704,0.529,0.0794,0.083,0.3752,0.6022,0.5988,0.4012,13,2022-11-27,Las Vegas Raiders @ Seattle Seahawks,0.6172,0.3827,-161,161,0.6621621621621622,0.364963503649635,1.47,-1.47,51.255,-2.9086666666666665,2.9086666666666665,Seattle Seahawks,2.83,Las Vegas Raiders,0.6340000000000003,Las Vegas Raiders,5.47,Las Vegas Raiders,1.0913333333333337,Seattle Seahawks,0.0644378378378378,Las Vegas Raiders,0.0081364963503649,Las Vegas Raiders,0.164036496350365,Las Vegas Raiders,0.0177364963503649,Over,3.754999999999996,100.0,174.0,645.78,1123.65,110.0,100.0,411.55,374.14,110.0,100.0,393.7,357.91,Las Vegas Raiders,,,,,,,,,,,,,,,13,-0.0513833333333333,0.0206666666666666,Seattle Seahawks,Las Vegas Raiders,0,0,0,0,0,0,1,1,0,0,1,1,0,1.5,2.5,0.0139999999999999,0.0279999999999999,71.0,0.971830985915493,0.2253521126760563,0.065722,0.00283,1.1369940064678783,0.1486432877219394,0.6266076787622726,0.269716655204994,0.0160140000910968,0.0088254602642573,0.0020935674327033,0.0037988261296478,0.0126242863939051,0.4183599429269334,1.7636016852301513,,,70.0,1.0,0.3553,0.6447,0.4144,0.5855,0.3684,0.6314,Seattle Seahawks,Seattle Seahawks,Seattle Seahawks,Las Vegas Raiders,Seattle Seahawks,Same,Different,Same,False,False,0.0248394603553542,0.0058923935623511,0.065722,0.00283,0.0248394603553542,0.0058923935623511,0.0236313431908399,0.0027645913648916,0.9406517576043048,0.6038142716831087,1.7524414496203014,1.5065023468916932,1.2231235949260602,0.5617281833532235,0.9626441753205619,1.412226709501064,1.199935096723991,0.9502236817469185
2022_12_LA_KC,2022,13,2022-11-27,16:25,Los Angeles Rams,Kansas City Chiefs,Home,Bryce Perkins,Patrick Mahomes,00-0035939,00-0033873,7,7,0,0,6,9,GEHA Field at Arrowhead Stadium,39.0489,-94.4839,America/Chicago,False,True,12,12,Sunday,False,False,0,False,False,0,6,9,NFC West,SoFi Stadium,33.9535,-118.3395,America/Los_Angeles,AFC West,GEHA Field at Arrowhead Stadium,39.0489,-94.4839,America/Chicago,New Orleans Saints,Los Angeles Chargers,Caesars Superdome,SoFi Stadium,Seattle Seahawks,Cincinnati Bengals,SoFi Stadium,Paycor Stadium,1366,0,-1366,1366,-2.0,0.0,America/Chicago,America/Los_Angeles,0.0,-2.0,0.0,0.0,0.0,0,1.29,4.395,1.29,4.395,Kansas City Chiefs,3.1049999999999995,Kansas City Chiefs,3.1049999999999995,1.29,4.395,Kansas City Chiefs,3.1049999999999995,0.0,0,No,No,No,No,No,0,No,0.0,0.0,0.486,6.793,2.266,4.4875,2.266,4.4875,0.976,0.0925,1.4620000000000002,6.8855,Kansas City Chiefs,2.2215,Kansas City Chiefs,2.2215,2.266,4.4875,Kansas City Chiefs,2.2215,Tie,0.0,Kansas City Chiefs,6.307,0.243,3.3965,Kansas City Chiefs,3.1535,Los Angeles Rams,0.8835000000000001,Kansas City Chiefs,5.423500000000001,1.219,3.4890000000000003,Kansas City Chiefs,2.2700000000000005,Different,Same,Different,Same,Different,Same,False,Away Team,Home Team,42.0,-1088.0,768.0,Kansas City Chiefs,Los Angeles Rams,-16.5,16.5,101,-122,-244,195,0.8835000000000001,-0.8835000000000001,-5.423500000000001,5.423500000000001,0.1152,0.9158,0.5495,0.4975,0.339,0.7093,0.1117,0.8883,0.5248,0.4752,0.3234,0.6766,0.1117,0.8883,-0.3883,0.3883,44.0,6.0,9,6.0,44.0,0.0,nfl_read_py Fallback,False,M.Stafford,P.Mahomes,-8.24,-9.0,13.35,178.33,Medium,-17.0,1.0,54.95,54.0,13.9341368901764,38.0,73.0,0.735,0.2642,0.0732,0.0712,0.2678,0.7322,0.8176,0.1662,13,2022-11-27,Los Angeles Rams @ Kansas City Chiefs,0.6938,0.306,-227,227,0.915824915824916,0.1152073732718894,-8.620000000000001,8.620000000000001,54.475,-4.386666666666668,4.386666666666668,Los Angeles Rams,11.0765,Los Angeles Rams,17.3835,Los Angeles Rams,7.879999999999999,Los Angeles Rams,12.113333333333332,Los Angeles Rams,0.2081926267281106,Los Angeles Rams,0.4095926267281106,Los Angeles Rams,0.1489926267281106,Los Angeles Rams,0.1907926267281106,Over,12.475,100.0,768.0,420.98,3233.14,110.0,100.0,1094.05,994.59,110.0,100.0,1542.4,1402.18,Los Angeles Rams,,,,,,,,,,,,,,,13,-0.2014333333333333,0.2676666666666666,Kansas City Chiefs,Los Angeles Rams,0,0,0,0,0,1,0,0,0,0,0,1,0,0.0,5.0,0.0,0.037,71.0,0.1408450704225352,0.1971830985915492,0.027303,0.000347,3.9725328326228393,8.441590873690431e-05,0.4995293452707095,0.0006713218597224,0.0559511666566597,0.0070356245812776,1.1889564610831593e-06,9.455237460878877e-06,0.0070450798187384,0.0007557377684593,4.472062177893549,,,70.0,1.0,0.1117,0.8883,0.3378,0.6622,0.2938,0.7062,Kansas City Chiefs,Kansas City Chiefs,Kansas City Chiefs,Kansas City Chiefs,Kansas City Chiefs,Same,Same,Same,False,False,0.0629867912379373,1.0644193921962035e-05,0.027303,0.000347,0.0629867912379373,1.0644193921962035e-05,0.0316591616949631,0.0007125790225113,1.361006702329115,0.1834593269582961,1.418858446722469,1.8400853497895253,1.1743366056894162,0.6105151725898662,1.681638688080418,0.6932321967412064,1.439818460487667,0.7103403179832419
2022_12_NO_SF,2022,13,2022-11-27,16:25,New Orleans Saints,San Francisco 49ers,Home,Andy Dalton,Jimmy Garoppolo,00-0027973,00-0031345,7,6,1,-1,-7,-1,Levi's Stadium,37.4031,-121.9702,America/Los_Angeles,False,False,12,12,Sunday,False,False,0,False,False,0,-7,-1,NFC South,Caesars Superdome,29.9507,-90.0813,America/Chicago,NFC West,Levi's Stadium,37.4031,-121.9702,America/Los_Angeles,Los Angeles Rams,Arizona Cardinals,Caesars Superdome,State Farm Stadium,Tampa Bay Buccaneers,Miami Dolphins,Raymond James Stadium,Levi's Stadium,1893,0,-1893,1893,2.0,0.0,America/Chicago,America/Denver,2.0,1.0,2.0,0.0,2.0,0,-6.145,3.325,-6.145,3.325,San Francisco 49ers,9.47,San Francisco 49ers,9.47,-6.145,3.325,San Francisco 49ers,9.47,-0.15,0,No,No,No,No,No,0,Yes,0.0,0.0,0.364,3.919,-8.588999999999999,3.2065,-8.588999999999999,3.2065,-2.444,-0.1185,-2.08,3.8005,San Francisco 49ers,11.7955,San Francisco 49ers,11.7955,-8.588999999999999,3.2065,San Francisco 49ers,11.7955,Tie,0.0,San Francisco 49ers,3.555,0.182,1.9595,San Francisco 49ers,1.7775,San Francisco 49ers,2.3255,San Francisco 49ers,5.8805,-2.262,1.841,San Francisco 49ers,4.103,Different,Same,Same,Same,Different,Same,False,Home Team,Home Team,44.0,-392.0,327.0,San Francisco 49ers,New Orleans Saints,-9.5,9.5,-142,117,-261,208,-2.3255,2.3255,-5.8805,5.8805,0.2342,0.7967,0.4608,0.5868,0.3247,0.723,0.2272,0.7728,0.4399,0.5601,0.3099,0.6901,0.2272,0.7728,-0.2728,0.2728,59.0,2.0,10,2.0,59.0,0.0,nfl_read_py Fallback,False,T.Shough,B.Purdy,-4.96,-6.0,13.41,179.91,Medium,-14.0,5.0,42.78,42.0,12.716124897408063,27.0,59.0,0.6452,0.354,0.0854,0.0766,0.3896,0.6104,0.4214,0.5516,13,2022-11-27,New Orleans Saints @ San Francisco 49ers,0.667,0.3328,-200,200,0.7967479674796748,0.234192037470726,-5.48,5.48,42.39,-4.562,4.562,New Orleans Saints,3.6195,New Orleans Saints,7.1745,New Orleans Saints,4.02,New Orleans Saints,4.938,New Orleans Saints,0.075707962529274,New Orleans Saints,0.205707962529274,New Orleans Saints,0.1198079625292739,New Orleans Saints,0.0986079625292739,Under,1.6099999999999994,100.0,327.0,391.12,1278.95,110.0,100.0,454.6,413.27,110.0,100.0,145.9,132.64,New Orleans Saints,,,,,,,,,,,,,,,13,-0.02706,0.22085,San Francisco 49ers,New Orleans Saints,0,0,0,0,0,1,1,0,0,0,1,1,0,2.0,4.5,0.0,0.103,71.0,0.1830985915492957,0.8169014084507042,0.056138,0.000725,5.950055259509807,0.0012655593339733,1.7492916083859058,0.0043046842134446,0.0838035952043634,0.0246379099772662,1.7824779351737707e-05,6.062935511893882e-05,0.0246985393323852,0.005570243547418,7.699346867895713,,,70.0,1.0,0.2272,0.7728,0.409,0.591,0.3616,0.6382,San Francisco 49ers,San Francisco 49ers,San Francisco 49ers,San Francisco 49ers,San Francisco 49ers,Same,Same,Same,False,False,0.1084415051816297,7.845413447067653e-05,0.056138,0.000725,0.1084415051816297,7.845413447067653e-05,0.0926628764346924,0.0016508674084644,1.1536627311713887,0.39080329811602266,1.5673921682129386,1.6915516282990544,1.1636430208259319,0.6212087574533508,1.3875812996402224,0.9872895851814,1.324079692475806,0.8260790859951035
2022_12_GB_PHI,2022,13,2022-11-27,20:20,Green Bay Packers,Philadelphia Eagles,Home,Aaron Rodgers,Jalen Hurts,00-0023459,00-0036389,10,7,3,-3,-14,5,Lincoln Financial Field,39.9008,-75.1675,America/New_York,False,False,12,12,Sunday,False,False,0,False,False,0,-14,5,NFC North,Lambeau Field,44.5013,-88.0622,America/Chicago,NFC East,Lincoln Financial Field,39.9008,-75.1675,America/New_York,Tennessee Titans,Indianapolis Colts,Lambeau Field,Lucas Oil Stadium,Chicago Bears,Tennessee Titans,Soldier Field,Lincoln Financial Field,731,0,-731,731,-1.0,0.0,America/Chicago,America/Indiana/Indianapolis,-1.0,0.0,-1.0,0.0,-1.0,0,3.535,4.905,3.535,4.905,Philadelphia Eagles,1.37,Philadelphia Eagles,1.37,3.535,4.905,Philadelphia Eagles,1.37,0.0,0,No,No,No,No,No,0,No,0.0,0.0,-2.657,4.764,2.0905,5.0075,2.0905,5.0075,-1.4445,0.1025,-4.101500000000001,4.8665,Philadelphia Eagles,2.9170000000000003,Philadelphia Eagles,2.9170000000000003,2.0905,5.0075,Philadelphia Eagles,2.9170000000000003,Tie,0.0,Philadelphia Eagles,7.421,-1.3285,2.382,Philadelphia Eagles,3.7105,Philadelphia Eagles,1.5470000000000002,Philadelphia Eagles,8.968,-2.773000000000001,2.4845,Philadelphia Eagles,5.2575,Different,Same,Same,Same,Different,Same,False,Home Team,Home Team,46.0,-278.0,241.0,Philadelphia Eagles,Green Bay Packers,-6.5,6.5,-128,105,-416,314,-1.5470000000000002,1.5470000000000002,-8.968,8.968,0.2933,0.7354,0.4878,0.5614,0.2415,0.8062,0.2851,0.7149,0.4649,0.5351,0.2305,0.7695,0.2851,0.7149,-0.2149,0.2149,62.0,24.0,11,24.0,62.0,0.0,nfl_read_py Fallback,False,J.Love,J.Hurts,-11.5,-13.0,14.09,198.49,High,-21.0,-3.0,41.12,40.0,12.35375744721471,26.0,57.0,0.7978,0.2018,0.061,0.059,0.6738,0.3262,0.3218,0.6492,13,2022-11-27,Green Bay Packers @ Philadelphia Eagles,0.7043,0.2956,-238,238,0.7354497354497355,0.2932551319648094,-12.25,12.25,40.56,-7.588333333333334,7.588333333333334,Philadelphia Eagles,2.468,Green Bay Packers,4.952999999999999,Philadelphia Eagles,5.75,Philadelphia Eagles,1.0883333333333338,Philadelphia Eagles,0.0340502645502645,Green Bay Packers,0.1716448680351905,Philadelphia Eagles,0.0623502645502644,Green Bay Packers,0.0023448680351905,Under,5.439999999999998,278.0,100.0,589.21,211.95,110.0,100.0,787.45,715.86,110.0,100.0,658.3,598.45,Philadelphia Eagles,,,,,,,,,,,,,,,13,0.11742,0.18105,Philadelphia Eagles,Green Bay Packers,0,0,0,0,0,0,0,1,0,0,0,1,0,3.5,4.0,0.001,0.004,71.0,0.028169014084507,0.1267605633802818,0.001949,0.000276,0.1420273640424224,0.0003190339567118,0.056640091605112,0.0007999907949958,0.0020003854090482,0.000797747769086,4.493436010026521e-06,1.1267475985857451e-05,0.0008090152450719,0.0011190247517077,0.1986674556475345,,,70.0,1.0,0.2851,0.7149,0.3442,0.6557,0.1772,0.822,Philadelphia Eagles,Philadelphia Eagles,Philadelphia Eagles,Philadelphia Eagles,Philadelphia Eagles,Same,Same,Same,False,False,0.0027981331781342,1.5760911995883972e-05,0.001949,0.000276,0.0027981331781342,1.5760911995883972e-05,0.0003383670095124,0.0003120050014035,1.102866018913175,0.44160001037423735,1.7353532535810374,1.523590542930958,1.3718204225955462,0.4130313556837365,1.891604620834253,0.483266263987373,1.5113339053821597,0.6388248730887494
2022_12_PIT_IND,2022,13,2022-11-28,20:15,Pittsburgh Steelers,Indianapolis Colts,Home,Kenny Pickett,Matt Ryan,00-0038102,00-0026143,8,8,0,0,-3,-6,Lucas Oil Stadium,39.7601,-86.1638,America/Indiana/Indianapolis,False,False,12,12,Monday,False,False,0,False,False,0,-3,-6,AFC North,Acrisure Stadium,40.4468,-80.0158,America/New_York,AFC South,Lucas Oil Stadium,39.7601,-86.1638,America/Indiana/Indianapolis,Cincinnati Bengals,Philadelphia Eagles,Acrisure Stadium,Lucas Oil Stadium,Atlanta Falcons,Dallas Cowboys,Mercedes-Benz Stadium,AT&T Stadium,328,0,-328,328,0.0,0.0,America/New_York,America/Indiana/Indianapolis,0.0,0.0,0.0,0.0,0.0,0,-0.565,-2.265,-0.565,-2.265,Pittsburgh Steelers,1.7000000000000002,Pittsburgh Steelers,1.7000000000000002,-0.565,-2.265,Pittsburgh Steelers,1.7000000000000002,0.0,0,No,No,No,No,No,0,No,0.0,0.0,-1.727,-1.962,-1.6935,-1.7070000000000003,-1.6935,-1.7070000000000003,-1.1285,0.5579999999999999,-2.8555,-1.404,Pittsburgh Steelers,0.0135000000000002,Pittsburgh Steelers,0.0135000000000002,-1.6935,-1.7070000000000003,Pittsburgh Steelers,0.0135000000000002,Tie,0.0,Pittsburgh Steelers,0.2349999999999998,-0.8635,-0.981,Pittsburgh Steelers,0.1174999999999999,Indianapolis Colts,1.6865,Indianapolis Colts,1.4515000000000002,-1.992,-0.423,Indianapolis Colts,1.569,Different,Different,Different,Different,Different,Different,False,Home Team,Home Team,40.0,-128.0,116.0,Indianapolis Colts,Pittsburgh Steelers,-2.5,2.5,-128,105,-128,105,-1.6865,1.6865,-1.4515000000000002,1.4515000000000002,0.463,0.5614,0.4878,0.5614,0.4878,0.5614,0.452,0.548,0.4649,0.5351,0.4649,0.5351,0.452,0.548,-0.048,0.048,,,12,0.0,70.0,0.0,Dome,True,A.Rodgers,D.Jones,8.95,9.0,13.07,170.87,Medium,1.0,17.0,48.6,48.0,13.210027191632904,32.0,65.0,0.2416,0.7582,0.0752,0.0724,0.2102,0.7898,0.714,0.2542,13,2022-11-28,Pittsburgh Steelers @ Indianapolis Colts,0.465,0.535,115,-115,0.5614035087719298,0.4629629629629629,8.975,-8.975,48.3,1.9456666666666669,-1.9456666666666669,Pittsburgh Steelers,1.0484999999999998,Pittsburgh Steelers,0.8134999999999999,Pittsburgh Steelers,11.475,Pittsburgh Steelers,4.445666666666667,Pittsburgh Steelers,0.001937037037037,Pittsburgh Steelers,0.001937037037037,Pittsburgh Steelers,0.295237037037037,Pittsburgh Steelers,0.072037037037037,Over,8.299999999999997,100.0,116.0,1374.38,1594.28,110.0,100.0,1396.45,1269.5,110.0,100.0,998.5,907.73,Pittsburgh Steelers,,,,,,,,,,,,,,,13,0.0149833333333333,-0.1340599999999999,Indianapolis Colts,Pittsburgh Steelers,0,0,0,0,1,0,0,0,0,0,1,0,0,2.5,1.0,0.002,0.008,71.0,0.9859154929577464,1.0,0.007459,0.007231,0.2295140055733947,0.0054734196176693,0.1893071724802452,0.0066359158196522,0.0032325916277942,0.0026662982039471,7.709041715027307e-05,9.346360309369388e-05,0.0027597618070408,0.0121093354373216,0.41882117805364,,,70.0,1.0,0.452,0.548,0.4996,0.5003,0.8222,0.1774,Indianapolis Colts,Pittsburgh Steelers,Indianapolis Colts,Pittsburgh Steelers,Pittsburgh Steelers,Same,Same,Different,False,False,0.0058988898317414,0.0001705540202439,0.007459,0.007231,0.0058988898317414,0.0001705540202439,0.0041931463187133,0.0021331550879303,0.8461572396019656,0.6983087896854471,1.7427023882812533,1.5162414082307363,0.9547655016543709,0.8300862766249119,0.5732985894209657,1.8015722954006625,0.9993342457856687,1.1508245326852435
2022_13_BUF_NE,2022,14,2022-12-01,20:15,Buffalo Bills,New England Patriots,Home,Josh Allen,Mac Jones,00-0034857,00-0036972,7,7,0,0,10,-4,Gillette Stadium,42.0628,-71.2687,America/New_York,False,True,13,13,Thursday,False,False,0,False,False,0,10,-4,AFC East,Highmark Stadium,42.7725,-78.7877,America/New_York,AFC East,Gillette Stadium,42.0628,-71.2687,America/New_York,Detroit Lions,Minnesota Vikings,Ford Field,U.S. Bank Stadium,New York Jets,Arizona Cardinals,Highmark Stadium,State Farm Stadium,386,0,-386,386,0.0,0.0,America/Detroit,America/Chicago,0.0,-1.0,0.0,0.0,0.0,0,4.795,-1.995,4.795,-1.995,Buffalo Bills,6.79,Buffalo Bills,6.79,4.795,-1.995,Buffalo Bills,6.79,0.0,0,No,No,No,No,No,1,No,0.0,0.0,9.574,2.058,3.79734,-2.14734,3.79734,-2.14734,-0.92976,-0.22024,8.56908,1.91292,Buffalo Bills,5.94468,Buffalo Bills,5.94468,3.79734,-2.14734,Buffalo Bills,5.94468,Tie,0.0,Buffalo Bills,7.516,4.787,1.029,Buffalo Bills,3.758,New England Patriots,0.70952,Buffalo Bills,6.65616,3.81966,0.84634,Buffalo Bills,2.97332,Different,Same,Different,Same,Different,Same,True,Home Team,Away Team,43.5,165.0,-185.0,Buffalo Bills,New England Patriots,3.5,-3.5,-116,-104,224,-282,-0.70952,0.70952,6.65616,-6.65616,0.6491,0.3774,0.5098,0.537,0.7382,0.3086,0.6324,0.3676,0.487,0.513,0.7052,0.2948,0.6324,0.3676,0.1324,-0.1324,35.0,2.0,13,2.0,35.0,0.0,nfl_read_py Fallback,False,J.Allen,D.Maye,5.34,6.0,14.36,206.21,High,-6.0,16.0,48.03,47.0,13.67010967548205,30.0,66.0,0.3618,0.6378,0.074,0.0738,0.4294,0.5706,0.6132,0.3868,14,2022-12-01,Buffalo Bills @ New England Patriots,0.3843,0.6156,160,-160,,,,,,,,No Bet,,No Bet,,No Bet,,No Bet,,No Bet,,No Bet,,No Bet,,No Bet,,No Bet,,,,,,,,,,,,,,,,,,,,,,,,,,,,,14,0.260075,-0.052,Buffalo Bills,New England Patriots,0,0,0,0,1,0,0,1,0,0,1,1,1,4.5,1.5,,,58.589484383373005,0.7183098591549296,0.1126760563380281,0.0087376659559453,0.0163830458765708,0.0022890893253164,1.0435622736099457,0.0039380307109089,0.6065994493659331,3.906996877354503e-05,6.72139506321814e-05,0.0178114261388874,0.0103533843274114,0.0104205982780436,1.6501617229758787,0.0062271200362254,0.0001062839194057,0.0281648104662988,59.0,11.0,0.6324,0.3676,0.634,0.3658,0.6762,0.323,Buffalo Bills,Buffalo Bills,Buffalo Bills,Buffalo Bills,Buffalo Bills,Same,Same,Same,False,False,0.0001062839194057,0.0281648104662988,0.0087376659559453,0.0163830458765708,0.0001062839194057,0.0281648104662988,0.0142434755337156,0.0093259013707176,0.6151507158588818,1.0429567645157662,1.2019135945127244,1.1161365936912253,0.5230350289068417,1.2318245478891618,0.8359512218484846,1.443774316140684,0.7682457779723604,1.208582329228141
2022_13_PIT_ATL,2022,14,2022-12-04,13:00,Pittsburgh Steelers,Atlanta Falcons,Home,Kenny Pickett,Marcus Mariota,00-0038102,00-0032268,6,7,-1,1,-4,-9,Mercedes-Benz Stadium,33.7489,-84.388,America/New_York,False,True,13,13,Sunday,False,False,0,False,False,0,-4,-9,AFC North,Acrisure Stadium,40.4468,-80.0158,America/New_York,NFC South,Mercedes-Benz Stadium,33.7489,-84.388,America/New_York,Indianapolis Colts,Washington Commanders,Lucas Oil Stadium,FedExField,Baltimore Ravens,New Orleans Saints,Acrisure Stadium,Caesars Superdome,521,0,-521,521,0.0,0.0,America/Indiana/Indianapolis,America/New_York,0.0,0.0,0.0,0.0,0.0,0,-0.565,-0.71,-0.565,-0.71,Pittsburgh Steelers,0.145,Pittsburgh Steelers,0.145,-0.565,-0.71,Pittsburgh Steelers,0.145,0.0,0,No,No,No,No,Yes,0,No,0.0,0.0,-1.727,-6.495,-1.8685,1.355,-1.8685,1.355,-1.3035,2.065,-3.0305,-4.43,Atlanta Falcons,3.2235,Atlanta Falcons,3.2235,-1.8685,1.355,Atlanta Falcons,3.2235,Tie,0.0,Pittsburgh Steelers,4.768,-0.8635,-3.2475,Pittsburgh Steelers,2.384,Atlanta Falcons,3.3685,Pittsburgh Steelers,1.3994999999999995,-2.167,-1.1825,Atlanta Falcons,0.9845,Different,Different,Same,Different,Different,Same,False,Home Team,Away Team,43.0,103.0,-113.0,Pittsburgh Steelers,Atlanta Falcons,1.0,-1.0,-191,156,105,-128,-3.3685,3.3685,1.3994999999999995,-1.3994999999999995,0.5305,0.4926,0.3906,0.6564,0.5614,0.4878,0.5185,0.4815,0.3731,0.6269,0.5351,0.4649,0.5185,0.4815,0.0185,-0.0185,,,14,0.0,70.0,0.0,Dome,True,A.Rodgers,K.Cousins,4.82,5.0,12.75,162.47,Med-Low,-4.0,13.0,52.5,52.0,13.584539203855105,36.0,71.0,0.3496,0.6492,0.0986,0.0896,0.3508,0.6284,0.7322,0.2312,14,2022-12-04,Pittsburgh Steelers @ Atlanta Falcons,0.4807,0.519,108,-108,,,,,,,,No Bet,,No Bet,,No Bet,,No Bet,,No Bet,,No Bet,,No Bet,,No Bet,,No Bet,,,,,,,,,,,,,,,,,,,,,,,,,,,,,14,0.0142799999999999,0.0017,Pittsburgh Steelers,Atlanta Falcons,0,0,0,0,1,0,0,1,0,0,1,1,0,2.0,2.0,,,58.589484383373005,0.8450289866349892,0.9999065801709082,0.013758295588466,0.0219291900288666,0.0925976252387497,0.2882483391007603,0.0997131229206474,0.2676790265709086,0.001580447860453,0.0017018945288575,0.0049197964811337,0.0045687213224029,0.0062706158512604,0.5559273656716689,0.1923107481593972,0.0032823423893106,0.0094885178035366,59.0,11.0,0.5185,0.4815,0.622,0.3776,0.8348,0.1638,Pittsburgh Steelers,Pittsburgh Steelers,Pittsburgh Steelers,Pittsburgh Steelers,Pittsburgh Steelers,Same,Same,Same,False,False,0.0032823423893106,0.0094885178035366,0.013758295588466,0.0219291900288666,0.0032823423893106,0.0094885178035366,0.0203475153251814,0.0296467823597293,0.8048151847084888,0.8532922956661633,1.465861895229879,0.8521882929740657,0.8230803929213751,0.9317791838746283,0.8087360343849596,1.4709895036042056,0.9598606208100047,1.0169674863905045
2022_13_DEN_BAL,2022,14,2022-12-04,13:00,Denver Broncos,Baltimore Ravens,Home,Russell Wilson,Lamar Jackson,00-0029263,00-0034796,7,7,0,0,8,-4,M&T Bank Stadium,39.2789,-76.6228,America/New_York,False,True,13,13,Sunday,False,False,0,False,False,0,8,-4,AFC West,Empower Field at Mile High,39.7648,-105.0076,America/Denver,AFC North,M&T Bank Stadium,39.2789,-76.6228,America/New_York,Carolina Panthers,Jacksonville Jaguars,Bank of America Stadium,TIAA Bank Field,Kansas City Chiefs,Pittsburgh Steelers,Empower Field at Mile High,Acrisure Stadium,1506,0,-1506,1506,-2.0,0.0,America/New_York,America/New_York,0.0,0.0,0.0,0.0,0.0,0,2.05,6.69,2.05,6.69,Baltimore Ravens,4.640000000000001,Baltimore Ravens,4.640000000000001,2.05,6.69,Baltimore Ravens,4.640000000000001,0.0,0,No,No,No,No,No,0,No,0.0,0.0,-5.08,5.347,2.8335,6.081,2.8335,6.081,0.7835000000000001,-0.609,-4.2965,4.738,Baltimore Ravens,3.2475000000000005,Baltimore Ravens,3.2475000000000005,2.8335,6.081,Baltimore Ravens,3.2475000000000005,Tie,0.0,Baltimore Ravens,10.427,-2.54,2.6735,Baltimore Ravens,5.2135,Denver Broncos,1.3925,Baltimore Ravens,9.0345,-1.7565,2.0645,Baltimore Ravens,3.821,Different,Same,Different,Same,Different,Same,False,Away Team,Home Team,40.5,-347.0,294.0,Baltimore Ravens,Denver Broncos,-9.5,9.5,105,-128,-416,314,1.3925,-1.3925,-9.0345,9.0345,0.2538,0.7763,0.5614,0.4878,0.2415,0.8062,0.2464,0.7536,0.5351,0.4649,0.2305,0.7695,0.2464,0.7536,-0.2536,0.2536,63.0,8.0,15,8.0,63.0,0.0,nfl_read_py Fallback,False,B.Nix,L.Jackson,-7.99,-9.0,13.19,174.04,Medium,-17.0,1.0,46.22,46.0,12.759855280580428,30.0,63.0,0.7332,0.266,0.0758,0.066,0.4784,0.5216,0.6526,0.3474,14,2022-12-04,Denver Broncos @ Baltimore Ravens,0.6803,0.3195,-213,213,,,,,,,,No Bet,,No Bet,,No Bet,,No Bet,,No Bet,,No Bet,,No Bet,,No Bet,,No Bet,,,,,,,,,,,,,,,,,,,,,,,,,,,,,14,-0.05458,-0.04326,Baltimore Ravens,Denver Broncos,0,0,0,0,0,1,0,0,0,0,0,1,0,1.5,1.5,,,58.589484383373005,0.0221753547373066,0.4207817046777011,0.0159839613647474,0.0053176396404436,0.9791092234181672,0.0006020719882737,0.3201333766590185,0.00184140199011,0.0167113473300343,0.0054640074072723,1.0276110032547816e-05,3.142888198266248e-05,0.005495436289255,0.0024434739783838,1.2992426000771855,0.0221753547373066,4.170499201521029e-05,59.0,11.0,0.2464,0.7536,0.3222,0.6777,0.2438,0.7556,Baltimore Ravens,Baltimore Ravens,Baltimore Ravens,Baltimore Ravens,Baltimore Ravens,Same,Same,Same,False,False,0.0221753547373066,4.170499201521029e-05,0.0159839613647474,0.0053176396404436,0.0221753547373066,4.170499201521029e-05,0.0123519533585331,0.0088008088453123,1.2432264781274724,0.414881002247179,1.059985682558025,1.258064505645925,1.3435334411072988,0.41132613568869975,1.6581965314256675,0.6215290065634931,1.3338056493765813,0.6430224578239188
2022_13_GB_CHI,2022,14,2022-12-04,13:00,Green Bay Packers,Chicago Bears,Home,Aaron Rodgers,Justin Fields,00-0023459,00-0036945,7,7,0,0,-14,0,Soldier Field,41.8623,-87.6167,America/Chicago,False,True,13,13,Sunday,False,False,0,False,False,0,-14,0,NFC North,Lambeau Field,44.5013,-88.0622,America/Chicago,NFC North,Soldier Field,41.8623,-87.6167,America/Chicago,Philadelphia Eagles,New York Jets,Lincoln Financial Field,MetLife Stadium,Los Angeles Rams,Philadelphia Eagles,Lambeau Field,Soldier Field,184,0,-184,184,0.0,0.0,America/New_York,America/New_York,1.0,1.0,0.0,0.0,0.0,0,3.535,-1.575,3.535,-1.575,Green Bay Packers,5.11,Green Bay Packers,5.11,3.535,-1.575,Green Bay Packers,5.11,0.0,0,No,No,No,No,No,1,No,0.0,0.0,-2.657,-4.597,1.91126,-0.95426,1.91126,-0.95426,-1.57264,0.56964,-4.24904,-4.007960000000001,Green Bay Packers,2.86552,Green Bay Packers,2.86552,1.91126,-0.95426,Green Bay Packers,2.86552,Tie,0.0,Green Bay Packers,1.9400000000000004,-1.3285,-2.2985,Green Bay Packers,0.9700000000000002,Chicago Bears,2.14228,Chicago Bears,0.2410799999999993,-2.91084,-1.7191600000000002,Chicago Bears,1.1916799999999996,Different,Different,Different,Different,Different,Different,False,Home Team,Home Team,45.0,163.0,-182.0,Green Bay Packers,Chicago Bears,4.0,-4.0,-131,108,-110,-110,-2.14228,2.14228,-0.2410799999999993,0.2410799999999993,0.6454,0.3802,0.4808,0.5671,0.5238,0.5238,0.6293,0.3707,0.4588,0.5412,0.5,0.5,0.6293,0.3707,0.1293,-0.1293,38.0,12.0,16,12.0,38.0,0.0,nfl_read_py Fallback,False,J.Love,C.Williams,4.63,6.0,14.55,211.69,High,-7.0,15.0,47.17,47.0,13.145638271347352,30.0,65.0,0.3618,0.6374,0.0788,0.0746,0.442,0.5374,0.5294,0.4512,14,2022-12-04,Green Bay Packers @ Chicago Bears,0.4434,0.5564,126,-125,,,,,,,,No Bet,,No Bet,,No Bet,,No Bet,,No Bet,,No Bet,,No Bet,,No Bet,,No Bet,,,,,,,,,,,,,,,,,,,,,,,,,,,,,14,0.11445,-0.225375,Green Bay Packers,Chicago Bears,0,0,0,0,0,0,0,1,0,0,0,1,1,3.0,0.0,,,58.589484383373005,0.9718037892398416,0.1267551181376743,0.011897265646604,0.0152000407154671,0.0100979085110763,0.8929970125806268,0.0171422007715681,0.5260352654753511,0.0001723501856579,0.0002925815263947,0.0152415919337574,0.0089783221513489,0.0092709036777436,1.419032278055978,0.0272401092826444,0.0004649317120526,0.0242199140851064,59.0,11.0,0.6293,0.3707,0.5627,0.437,0.5214,0.4772,Green Bay Packers,Green Bay Packers,Green Bay Packers,Green Bay Packers,Green Bay Packers,Same,Same,Same,False,False,0.0004649317120526,0.0242199140851064,0.011897265646604,0.0152000407154671,0.0004649317120526,0.0242199140851064,0.0190887056030605,0.0098440069478811,0.6170950152492382,1.041012465125412,1.2600051814239188,1.0580450067800318,0.8803697491108167,0.8744898276851848,0.8296021661135106,1.450123371875653,0.8803635305742133,1.0964645766262895
2022_13_JAX_DET,2022,14,2022-12-04,13:00,Jacksonville Jaguars,Detroit Lions,Home,Trevor Lawrence,Jared Goff,00-0036971,00-0033106,7,10,-3,3,-2,11,Ford Field,42.3395,-83.045,America/Detroit,False,False,13,13,Sunday,False,False,0,False,False,0,-2,11,AFC South,TIAA Bank Field,30.3239,-81.6554,America/New_York,NFC North,Ford Field,42.3395,-83.045,America/Detroit,Baltimore Ravens,Buffalo Bills,TIAA Bank Field,Ford Field,Tennessee Titans,Minnesota Vikings,Nissan Stadium,Ford Field,833,0,-833,833,0.0,0.0,America/New_York,America/Detroit,0.0,0.0,0.0,0.0,0.0,0,-1.825,4.305,-1.825,4.305,Detroit Lions,6.13,Detroit Lions,6.13,-1.825,4.305,Detroit Lions,6.13,0.0,0,No,No,No,No,No,0,No,0.0,0.0,-3.671,-1.723,-1.9635,5.498499999999999,-1.9635,5.498499999999999,-0.1384999999999999,1.1935,-3.8095,-0.5295000000000002,Detroit Lions,7.461999999999999,Detroit Lions,7.461999999999999,-1.9635,5.498499999999999,Detroit Lions,7.461999999999999,Tie,0.0,Detroit Lions,1.948,-1.8355,-0.8615,Detroit Lions,0.974,Detroit Lions,1.332,Detroit Lions,3.28,-1.974,0.3319999999999999,Detroit Lions,2.306,Different,Same,Same,Same,Different,Same,False,Home Team,Home Team,51.5,-118.0,107.0,Detroit Lions,Jacksonville Jaguars,-1.0,1.0,-128,105,-191,156,-1.332,1.332,-3.28,3.28,0.4831,0.5413,0.4878,0.5614,0.3906,0.6564,0.4716,0.5284,0.4649,0.5351,0.3731,0.6269,0.4716,0.5284,-0.0284,0.0284,,,17,0.0,70.0,0.0,Dome,True,T.Lawrence,J.Goff,-1.31,-3.0,13.81,190.66,Med-High,-10.0,8.0,56.94,56.0,14.432213479476507,39.0,76.0,0.5426,0.4556,0.0938,0.0952,0.516,0.4574,0.6308,0.3692,14,2022-12-04,Jacksonville Jaguars @ Detroit Lions,0.5582,0.4413,-126,127,,,,,,,,No Bet,,No Bet,,No Bet,,No Bet,,No Bet,,No Bet,,No Bet,,No Bet,,No Bet,,,,,,,,,,,,,,,,,,,,,,,,,,,,,14,0.00538,0.0012199999999999,Detroit Lions,Jacksonville Jaguars,0,0,0,0,0,1,1,0,0,0,1,1,0,2.0,2.0,,,58.589484383373005,0.9859154929577464,0.9999327567684368,0.0265893629335865,0.0146597530489855,0.2821150663621349,0.0115980336311565,0.2517892984412998,0.0129949129997946,0.0048151143388828,0.0042975168853466,0.0001979541850081,0.0002217959952465,0.0045193128805932,0.0245929466309512,0.5339043648034347,0.0091126312242295,0.0004197501802547,59.0,11.0,0.4716,0.5284,0.4144,0.5852,0.4698,0.5288,Detroit Lions,Detroit Lions,Detroit Lions,Detroit Lions,Detroit Lions,Same,Same,Same,False,False,0.0091126312242295,0.0004197501802547,0.0265893629335865,0.0146597530489855,0.0091126312242295,0.0004197501802547,0.0373469452733571,0.0235445362279637,0.8667584182388144,0.7913490621358358,1.220511682832535,1.0975385053714166,1.090116572999781,0.6647430037962223,1.2183626334525537,1.061362904536613,1.0895811501977373,0.8872469570027671
2022_13_CLE_HOU,2022,14,2022-12-04,13:00,Cleveland Browns,Houston Texans,Home,Deshaun Watson,Kyle Allen,00-0033537,00-0034577,7,7,0,0,2,-8,NRG Stadium,29.6847,-95.4093,America/Chicago,False,False,13,13,Sunday,False,False,0,False,False,0,2,-8,AFC North,FirstEnergy Stadium,41.5061,-81.6994,America/New_York,AFC South,NRG Stadium,29.6847,-95.4093,America/Chicago,Tampa Bay Buccaneers,Miami Dolphins,FirstEnergy Stadium,Hard Rock Stadium,Cincinnati Bengals,Dallas Cowboys,Paycor Stadium,AT&T Stadium,1119,0,-1119,1119,1.0,0.0,America/New_York,America/New_York,1.0,1.0,1.0,0.0,1.0,0,-4.705,0.035,-4.705,0.035,Houston Texans,4.74,Houston Texans,4.74,-4.705,0.035,Houston Texans,4.74,0.0,0,No,No,No,No,No,0,No,0.0,0.0,0.449,-9.249,-5.9505,-1.754,-5.9505,-1.754,-1.2455,-1.789,-0.7965000000000001,-11.038,Houston Texans,4.1965,Houston Texans,4.1965,-5.9505,-1.754,Houston Texans,4.1965,Tie,0.0,Cleveland Browns,9.698,0.2245,-4.6245,Cleveland Browns,4.849,Cleveland Browns,0.5435000000000001,Cleveland Browns,10.2415,-1.021,-6.4135,Cleveland Browns,5.3925,Different,Different,Different,Different,Different,Same,False,Away Team,Away Team,47.0,280.0,-329.0,Cleveland Browns,Houston Texans,7.5,-7.5,-104,-116,356,-483,0.5435000000000001,-0.5435000000000001,10.2415,-10.2415,0.7669,0.2632,0.537,0.5098,0.8285,0.2193,0.7445,0.2555,0.513,0.487,0.7907,0.2093,0.7445,0.2555,0.2445,-0.2445,,,18,0.0,70.0,0.0,Dome,True,S.Sanders,C.Stroud,2.2,3.0,14.0,196.1,High,-8.0,12.0,46.59,46.0,13.111949919296412,30.0,64.0,0.4476,0.5512,0.0864,0.0774,0.6284,0.3716,0.4596,0.5088,14,2022-12-04,Cleveland Browns @ Houston Texans,0.3498,0.6498,186,-186,,,,,,,,No Bet,,No Bet,,No Bet,,No Bet,,No Bet,,No Bet,,No Bet,,No Bet,,No Bet,,,,,,,,,,,,,,,,,,,,,,,,,,,,,14,-0.0063599999999999,-0.2164,Cleveland Browns,Houston Texans,0,0,0,0,1,0,0,1,0,0,1,1,0,2.0,0.0,,,58.589484383373005,0.9999853229662696,0.8731908791296479,0.0121414902234459,0.2879871554044115,0.0063005072368247,15.531821140930038,0.0183590122810802,5.3302623257322015,0.0001075364854825,0.0003133499547623,0.2650957130685687,0.0909764334305162,0.0912897833852785,20.86208346666224,0.0246595195179049,0.0004208864402449,0.3560721464990849,59.0,11.0,0.7445,0.2555,0.6673,0.3325,0.621,0.378,Cleveland Browns,Cleveland Browns,Cleveland Browns,Cleveland Browns,Cleveland Browns,Same,Same,Same,False,False,0.0004208864402449,0.3560721464990849,0.0121414902234459,0.2879871554044115,0.0004208864402449,0.3560721464990849,0.019507147047868,0.244006904593215,0.6109465227022094,1.0471609576724408,1.4953924237041043,0.8226577644998402,0.5646437112672932,1.1902158655287076,1.3835013979351283,0.8962241400540396,0.9801217047980303,0.9967064024024729
2022_13_NYJ_MIN,2022,14,2022-12-04,13:00,New York Jets,Minnesota Vikings,Home,Mike White,Kirk Cousins,00-0034401,00-0029604,7,10,-3,3,-7,6,U.S. Bank Stadium,44.9738,-93.2575,America/Chicago,False,False,13,13,Sunday,False,False,0,False,False,0,-7,6,AFC East,MetLife Stadium,40.8136,-74.0744,America/New_York,NFC North,U.S. Bank Stadium,44.9738,-93.2575,America/Chicago,Chicago Bears,New England Patriots,MetLife Stadium,U.S. Bank Stadium,Buffalo Bills,Detroit Lions,Highmark Stadium,Ford Field,1009,0,-1009,1009,1.0,0.0,America/New_York,America/Chicago,1.0,0.0,1.0,0.0,1.0,0,-3.725,0.27,-3.725,0.27,Minnesota Vikings,3.995,Minnesota Vikings,3.995,-3.725,0.27,Minnesota Vikings,3.995,0.0,0,No,No,No,No,No,0,No,0.0,0.0,-1.343,-1.139,-4.5015,1.3545,-4.5015,1.3545,-0.7765,1.0845,-2.1195,-0.0544999999999999,Minnesota Vikings,5.856,Minnesota Vikings,5.856,-4.5015,1.3545,Minnesota Vikings,5.856,Tie,0.0,Minnesota Vikings,0.2039999999999999,-0.6715,-0.5695,Minnesota Vikings,0.1019999999999999,Minnesota Vikings,1.861,Minnesota Vikings,2.065,-1.448,0.515,Minnesota Vikings,1.963,Different,Same,Same,Same,Different,Same,False,Home Team,Home Team,44.0,-146.0,132.0,Minnesota Vikings,New York Jets,-3.0,3.0,-131,108,-131,108,-1.861,1.861,-2.065,2.065,0.431,0.5935,0.4808,0.5671,0.4808,0.5671,0.4207,0.5793,0.4588,0.5412,0.4588,0.5412,0.4207,0.5793,-0.0793,0.0793,,,19,0.0,70.0,0.0,Dome,True,T.Taylor,M.Brosmer,-0.36,-1.0,13.81,190.75,Med-High,-10.0,10.0,45.15,44.0,12.878263311999278,29.0,62.0,0.5084,0.4912,0.0912,0.0848,0.4348,0.5212,0.4988,0.476,14,2022-12-04,New York Jets @ Minnesota Vikings,0.5425,0.4574,-119,119,,,,,,,,No Bet,,No Bet,,No Bet,,No Bet,,No Bet,,No Bet,,No Bet,,No Bet,,No Bet,,,,,,,,,,,,,,,,,,,,,,,,,,,,,14,-0.0578599999999999,0.06628,Minnesota Vikings,New York Jets,0,0,0,0,1,1,0,0,0,0,1,1,0,1.5,2.5,,,58.589484383373005,0.3802816901408449,0.8951606759539955,0.0154811877483722,0.0103608663610353,0.4340435741826555,0.0091539674247256,0.3152116893813969,0.012604928284154,0.0074082163164731,0.0053800044956676,0.0001562390848983,0.0002151397715275,0.0055951442671951,0.0217588957088797,0.7492552635640524,0.0127882208121408,0.0003713788564258,59.0,11.0,0.4207,0.5793,0.4067,0.5931,0.5568,0.4424,Minnesota Vikings,New York Jets,Minnesota Vikings,Minnesota Vikings,Minnesota Vikings,Same,Different,Same,False,False,0.0127882208121408,0.0003713788564258,0.0154811877483722,0.0103608663610353,0.0127882208121408,0.0003713788564258,0.01729130155256,0.0166831651663411,0.9565991569454524,0.7015083234291974,1.246018532748957,1.0720316554549936,0.9451986661792915,0.8096609106167098,1.1509847646915676,1.1287407732975998,1.0664449546609722,0.9103831525395302
2022_13_WAS_NYG,2022,14,2022-12-04,13:00,Washington Commanders,New York Giants,Home,Taylor Heinicke,Daniel Jones,00-0031800,00-0035710,7,10,-3,3,-2,6,MetLife Stadium,40.8136,-74.0744,America/New_York,False,False,13,13,Sunday,False,False,0,False,False,0,-2,6,NFC East,FedExField,38.9077,-76.8645,America/New_York,NFC East,MetLife Stadium,40.8136,-74.0744,America/New_York,Atlanta Falcons,Dallas Cowboys,FedExField,AT&T Stadium,New York Giants,Philadelphia Eagles,FedExField,MetLife Stadium,198,0,-198,198,0.0,0.0,America/New_York,America/Chicago,0.0,-1.0,0.0,0.0,0.0,0,1.45,-2.84,1.45,-2.84,Washington Commanders,4.29,Washington Commanders,4.29,1.45,-2.84,Washington Commanders,4.29,0.0,0,No,No,No,No,No,1,No,0.0,0.0,-1.097,-4.391,1.89878,-3.0717799999999995,1.89878,-3.0717799999999995,0.49168,-0.27468,-0.6382600000000002,-4.632740000000001,Washington Commanders,4.970559999999999,Washington Commanders,4.970559999999999,1.89878,-3.0717799999999995,Washington Commanders,4.970559999999999,Tie,0.0,Washington Commanders,3.294,-0.5485,-2.1955,Washington Commanders,1.647,Washington Commanders,0.76636,Washington Commanders,3.9944800000000007,-0.07329,-2.4537100000000005,Washington Commanders,2.3804200000000004,Different,Same,Same,Same,Different,Same,False,Away Team,Away Team,40.0,113.0,-124.0,Washington Commanders,New York Giants,2.5,-2.5,101,-122,171,-211,0.76636,-0.76636,3.9944800000000007,-3.9944800000000007,0.5536,0.4695,0.5495,0.4975,0.6785,0.369,0.5411,0.4589,0.5248,0.4752,0.6477,0.3523,0.5411,0.4589,0.0411,-0.0411,40.0,9.0,20,9.0,40.0,0.0,nfl_read_py Fallback,False,M.Mariota,J.Dart,7.68,8.0,12.72,161.92,Med-Low,-2.0,17.0,43.7,43.0,12.387934841042924,28.0,60.0,0.2716,0.7276,0.0882,0.0814,0.3022,0.6978,0.5794,0.3832,14,2022-12-04,Washington Commanders @ New York Giants,0.3895,0.6103,157,-157,,,,,,,,No Bet,,No Bet,,No Bet,,No Bet,,No Bet,,No Bet,,No Bet,,No Bet,,No Bet,,,,,,,,,,,,,,,,,,,,,,,,,,,,,14,-0.0692,-0.15372,Washington Commanders,New York Giants,0,0,0,0,0,0,1,1,0,0,1,1,1,1.5,0.5,,,58.589484383373005,0.7464788732394366,0.9204474748731384,0.0111798427099791,0.0319068179294503,0.0171625670516089,0.4707122295942633,0.0202367945775235,0.3992050307906254,0.0002929291362133,0.0003453997725104,0.0080340735978186,0.0068135952209184,0.0071589949934289,0.8699172603848888,0.0373993616291325,0.0006383289087238,0.014847668818737,59.0,11.0,0.5411,0.4589,0.507,0.4923,0.401,0.5962,Washington Commanders,New York Giants,Washington Commanders,Washington Commanders,Washington Commanders,Same,Different,Same,False,False,0.0006383289087238,0.014847668818737,0.0111798427099791,0.0319068179294503,0.0006383289087238,0.014847668818737,0.01783257428452,0.042360595312386,0.7771777690192473,0.8809297113554027,1.1361077616139614,1.181942426589989,0.6353092140408212,1.1195503627551806,0.645662453997641,1.6340630839915185,0.7934214350482396,1.1834066721522631
2022_13_TEN_PHI,2022,14,2022-12-04,13:00,Tennessee Titans,Philadelphia Eagles,Home,Ryan Tannehill,Jalen Hurts,00-0029701,00-0036389,7,7,0,0,-8,5,Lincoln Financial Field,39.9008,-75.1675,America/New_York,False,False,13,13,Sunday,False,False,0,False,False,0,-8,5,AFC South,Nissan Stadium,36.1664,-86.7716,America/Chicago,NFC East,Lincoln Financial Field,39.9008,-75.1675,America/New_York,Cincinnati Bengals,Green Bay Packers,Nissan Stadium,Lincoln Financial Field,Jacksonville Jaguars,New York Giants,Nissan Stadium,MetLife Stadium,681,0,-681,681,-1.0,0.0,America/Chicago,America/New_York,-1.0,0.0,-1.0,0.0,-1.0,0,-4.36,4.905,-4.36,4.905,Philadelphia Eagles,9.265,Philadelphia Eagles,9.265,-4.36,4.905,Philadelphia Eagles,9.265,0.0,0,No,No,No,No,No,0,No,0.0,0.0,2.371,4.764,-4.253000000000001,5.2325,-4.253000000000001,5.2325,0.1069999999999999,0.3275,2.478,5.0915,Philadelphia Eagles,9.485500000000002,Philadelphia Eagles,9.485500000000002,-4.253000000000001,5.2325,Philadelphia Eagles,9.485500000000002,Tie,0.0,Philadelphia Eagles,2.393,1.1855,2.382,Philadelphia Eagles,1.1965,Philadelphia Eagles,0.2205,Philadelphia Eagles,2.6135,1.2924999999999998,2.7095,Philadelphia Eagles,1.417,Different,Same,Same,Same,Different,Same,False,Home Team,Home Team,44.5,-213.0,189.0,Philadelphia Eagles,Tennessee Titans,-5.0,5.0,-110,-110,-142,117,-0.2205,0.2205,-2.6135,2.6135,0.346,0.6805,0.5238,0.5238,0.4608,0.5868,0.3371,0.6629,0.5,0.5,0.4399,0.5601,0.3371,0.6629,-0.1629,0.1629,60.0,7.0,21,7.0,60.0,0.0,nfl_read_py Fallback,False,C.Ward,J.Hurts,-15.2,-16.0,13.44,180.6,Med-High,-24.0,-7.0,46.94,47.0,13.291295816017858,30.0,64.0,0.8748,0.1244,0.05,0.0506,0.7782,0.2006,0.5508,0.4492,14,2022-12-04,Tennessee Titans @ Philadelphia Eagles,0.6495,0.3504,-185,185,,,,,,,,No Bet,,No Bet,,No Bet,,No Bet,,No Bet,,No Bet,,No Bet,,No Bet,,No Bet,,,,,,,,,,,,,,,,,,,,,,,,,,,,,14,-0.08544,0.18468,Philadelphia Eagles,Tennessee Titans,0,0,0,0,1,0,0,1,0,0,1,1,0,1.5,4.0,,,58.589484383373005,0.0257449039299768,0.9716981841159236,0.0100964770695726,0.0117722348908513,0.6726801677739905,0.0028388288853496,0.3420734417809808,0.0055824967905615,0.0114812440296007,0.005838478446792,4.8452873672247385e-05,9.528154837535684e-05,0.0059337599951673,0.0084213256759112,1.0147536095549714,0.0173197224763928,0.0001437344220476,59.0,11.0,0.3371,0.6629,0.3568,0.6431,0.1124,0.8874,Philadelphia Eagles,Philadelphia Eagles,Philadelphia Eagles,Philadelphia Eagles,Philadelphia Eagles,Same,Same,Same,False,False,0.0173197224763928,0.0001437344220476,0.0100964770695726,0.0117722348908513,0.0173197224763928,0.0001437344220476,0.0058863357698049,0.0190848701388135,1.1003389369904457,0.5577685433842046,1.1618255935172328,1.156224594686717,0.9843662889134691,0.7704932878825327,1.9954503396183365,0.2842751983708258,1.2857415458484442,0.6910865613520564
2022_13_SEA_LA,2022,14,2022-12-04,16:05,Seattle Seahawks,Los Angeles Rams,Home,Geno Smith,John Wolford,00-0030565,00-0034899,7,7,0,0,7,6,SoFi Stadium,33.9535,-118.3395,America/Los_Angeles,False,False,13,13,Sunday,False,False,0,False,False,0,7,6,NFC West,Lumen Field,47.5952,-122.3316,America/Los_Angeles,NFC West,SoFi Stadium,33.9535,-118.3395,America/Los_Angeles,Las Vegas Raiders,Kansas City Chiefs,Lumen Field,GEHA Field at Arrowhead Stadium,Carolina Panthers,Las Vegas Raiders,Lumen Field,SoFi Stadium,964,0,-964,964,0.0,0.0,America/Los_Angeles,America/Chicago,0.0,2.0,0.0,0.0,0.0,0,-0.13,1.29,-0.13,1.29,Los Angeles Rams,1.42,Los Angeles Rams,1.42,-0.13,1.29,Los Angeles Rams,1.42,0.0,0,No,No,No,No,No,1,No,0.0,0.0,0.849,0.486,0.325445,0.908055,0.325445,0.908055,0.441245,-0.367745,1.286615,0.121885,Los Angeles Rams,0.5826100000000001,Los Angeles Rams,0.5826100000000001,0.325445,0.908055,Los Angeles Rams,0.5826100000000001,Tie,0.0,Seattle Seahawks,0.363,0.4245,0.243,Seattle Seahawks,0.1815,Seattle Seahawks,0.80899,Seattle Seahawks,1.16473,0.8639300000000001,-0.12293,Seattle Seahawks,0.98686,Different,Different,Different,Different,Different,Same,False,Away Team,Away Team,41.0,252.0,-292.0,Seattle Seahawks,Los Angeles Rams,7.0,-7.0,101,-122,101,-122,0.80899,-0.80899,1.16473,-1.16473,0.7449,0.2841,0.5495,0.4975,0.5495,0.4975,0.7239,0.2761,0.5248,0.4752,0.5248,0.4752,0.7239,0.2761,0.2239,-0.2239,,,22,0.0,70.0,0.0,Dome,True,S.Darnold,M.Stafford,-4.42,-6.0,13.91,193.54,Med-High,-14.0,6.0,48.35,48.0,12.784148541486294,33.0,65.0,0.627,0.3724,0.0756,0.0746,0.7542,0.2134,0.6954,0.2842,14,2022-12-04,Seattle Seahawks @ Los Angeles Rams,0.4634,0.5365,116,-116,,,,,,,,No Bet,,No Bet,,No Bet,,No Bet,,No Bet,,No Bet,,No Bet,,No Bet,,No Bet,,,,,,,,,,,,,,,,,,,,,,,,,,,,,14,-0.01998,-0.19694,Seattle Seahawks,Los Angeles Rams,0,0,0,0,0,0,1,0,0,0,1,0,1,2.0,0.5,,,58.589484383373005,0.1971816577884832,0.9524248754430388,0.0017079991627457,0.2316450738332837,0.0033403233502361,11.20314045056901,0.0087579140645997,4.272948029288719,5.701233566725392e-05,0.0001494792821062,0.1912141840549859,0.0729302890144793,0.0730797682965855,15.47608847985773,0.0120982374148359,0.0002064916177734,0.2641444730694653,59.0,11.0,0.7239,0.2761,0.4976,0.5023,0.43,0.5694,Seattle Seahawks,Los Angeles Rams,Los Angeles Rams,Los Angeles Rams,Seattle Seahawks,Same,Same,Different,False,False,0.0002064916177734,0.2641444730694653,0.0017079991627457,0.2316450738332837,0.0002064916177734,0.2641444730694653,0.002913816475598,0.2099555564662937,0.6180170216436626,1.0400904587309883,1.4252783431043274,0.8927718450996239,1.0195794153721516,0.7352801614238503,1.6826612077778837,0.597064330211275,1.155640762490513,0.821187344709992
2022_13_MIA_SF,2022,14,2022-12-04,16:05,Miami Dolphins,San Francisco 49ers,Home,Tua Tagovailoa,Jimmy Garoppolo,00-0036212,00-0031345,7,7,0,0,5,-1,Levi's Stadium,37.4031,-121.9702,America/Los_Angeles,False,False,13,13,Sunday,False,False,0,False,False,0,5,-1,AFC East,Hard Rock Stadium,25.9602,-80.2384,America/New_York,NFC West,Levi's Stadium,37.4031,-121.9702,America/Los_Angeles,Houston Texans,New Orleans Saints,Hard Rock Stadium,Levi's Stadium,Los Angeles Chargers,Tampa Bay Buccaneers,SoFi Stadium,Levi's Stadium,2553,0,-2553,2553,3.0,0.0,America/New_York,America/Los_Angeles,3.0,0.0,3.0,0.0,3.0,0,0.66,3.325,0.66,3.325,San Francisco 49ers,2.665,San Francisco 49ers,2.665,0.66,3.325,San Francisco 49ers,2.665,-0.2249999999999999,0,No,No,No,No,No,0,No,0.0,0.0,-0.559,3.919,-0.6255000000000001,3.3065,-0.6255000000000001,3.3065,-1.2855,-0.0185,-1.8445,3.9005,San Francisco 49ers,3.932,San Francisco 49ers,3.932,-0.6255000000000001,3.3065,San Francisco 49ers,3.932,Tie,0.0,San Francisco 49ers,4.478,-0.2795,1.9595,San Francisco 49ers,2.239,San Francisco 49ers,1.267,San Francisco 49ers,5.745,-1.565,1.941,San Francisco 49ers,3.506,Different,Same,Same,Same,Different,Same,False,Home Team,Home Team,46.0,-222.0,196.0,San Francisco 49ers,Miami Dolphins,-4.5,4.5,-128,105,-244,195,-1.267,1.267,-5.745,5.745,0.3378,0.6894,0.4878,0.5614,0.339,0.7093,0.3289,0.6711,0.4649,0.5351,0.3234,0.6766,0.3289,0.6711,-0.1711,0.1711,38.0,6.0,23,6.0,38.0,0.0,nfl_read_py Fallback,False,T.Tagovailoa,B.Purdy,-3.79,-4.0,13.69,187.55,Med-High,-13.0,6.0,50.89,50.0,13.651488485420684,33.0,69.0,0.6156,0.3832,0.0934,0.089,0.4974,0.5026,0.6216,0.354,14,2022-12-04,Miami Dolphins @ San Francisco 49ers,0.6246,0.3751,-166,167,,,,,,,,No Bet,,No Bet,,No Bet,,No Bet,,No Bet,,No Bet,,No Bet,,No Bet,,No Bet,,,,,,,,,,,,,,,,,,,,,,,,,,,,,14,0.00856,0.2307999999999999,San Francisco 49ers,Miami Dolphins,0,0,0,0,0,1,0,0,0,0,0,1,0,2.0,4.5,,,58.589484383373005,0.0815435885972922,0.0726513800481057,0.0202420490833559,0.0011665305128952,1.3163987114752749,0.0007925472751462,0.645155023400712,0.0016171434367607,0.0224681736890118,0.0110114473645,1.3527124935257451e-05,2.7601257354975e-05,0.011039048621855,0.0024096907119069,1.9615537348759864,0.0334796210535119,4.1128382290232446e-05,59.0,11.0,0.3289,0.6711,0.3922,0.6076,0.354,0.6454,San Francisco 49ers,San Francisco 49ers,San Francisco 49ers,San Francisco 49ers,San Francisco 49ers,Same,Same,Same,False,False,0.0334796210535119,4.1128382290232446e-05,0.0202420490833559,0.0011665305128952,0.0334796210535119,4.1128382290232446e-05,0.0122588951176883,0.0021470682691845,1.099289480368206,0.5588180000064427,1.2086008523153704,1.1094493358885813,1.1722439478080788,0.5826156289879225,1.3747325173688174,0.904993020620349,1.21343026264073,0.7633978445597692
2022_13_KC_CIN,2022,14,2022-12-04,16:25,Kansas City Chiefs,Cincinnati Bengals,Home,Patrick Mahomes,Joe Burrow,00-0033873,00-0036442,7,7,0,0,9,6,Paycor Stadium,39.0955,-84.5165,America/New_York,False,False,13,13,Sunday,False,False,0,False,False,0,9,6,AFC West,GEHA Field at Arrowhead Stadium,39.0489,-94.4839,America/Chicago,AFC North,Paycor Stadium,39.0955,-84.5165,America/New_York,Los Angeles Rams,Tennessee Titans,GEHA Field at Arrowhead Stadium,Nissan Stadium,Denver Broncos,Cleveland Browns,Empower Field at Mile High,Paycor Stadium,534,0,-534,534,-1.0,0.0,America/Chicago,America/Chicago,-1.0,-1.0,-1.0,0.0,-1.0,0,4.395,1.31,4.395,1.31,Kansas City Chiefs,3.0849999999999995,Kansas City Chiefs,3.0849999999999995,4.395,1.31,Kansas City Chiefs,3.0849999999999995,0.0,0,No,No,No,No,No,0,No,0.0,0.0,6.793,5.099,5.1275,3.442,5.1275,3.442,0.7324999999999999,2.132,7.5255,7.231,Kansas City Chiefs,1.685499999999999,Kansas City Chiefs,1.685499999999999,5.1275,3.442,Kansas City Chiefs,1.685499999999999,Tie,0.0,Kansas City Chiefs,1.694,3.3965,2.5495,Kansas City Chiefs,0.847,Cincinnati Bengals,1.3995000000000002,Kansas City Chiefs,0.2945000000000002,4.129,4.6815,Cincinnati Bengals,0.5525000000000002,Different,Same,Different,Same,Different,Same,False,Home Team,Away Team,53.0,120.0,-132.0,Kansas City Chiefs,Cincinnati Bengals,2.5,-2.5,-128,105,-104,-116,-1.3995000000000002,1.3995000000000002,0.2945000000000002,-0.2945000000000002,0.569,0.4545,0.4878,0.5614,0.537,0.5098,0.5559,0.4441,0.4649,0.5351,0.513,0.487,0.5559,0.4441,0.0559,-0.0559,57.0,2.0,24,2.0,57.0,0.0,nfl_read_py Fallback,False,P.Mahomes,J.Burrow,5.29,6.0,13.62,185.62,Med-High,-5.0,14.0,57.87,57.0,14.023749272884684,40.0,76.0,0.3464,0.6532,0.0802,0.0812,0.3848,0.6152,0.6002,0.3618,14,2022-12-04,Kansas City Chiefs @ Cincinnati Bengals,0.4532,0.5468,121,-121,,,,,,,,No Bet,,No Bet,,No Bet,,No Bet,,No Bet,,No Bet,,No Bet,,No Bet,,No Bet,,,,,,,,,,,,,,,,,,,,,,,,,,,,,14,0.3100199999999999,0.170325,Kansas City Chiefs,Cincinnati Bengals,0,0,0,0,1,1,0,0,0,0,1,1,0,5.0,3.5,,,58.589484383373005,0.1547760648266538,0.0730422407094579,0.0016939227558278,0.007407070659809,0.0079037821113128,0.2485672050739085,0.0098935205487026,0.198576534940318,0.0001349010354758,0.0001688617104729,0.0042425224882922,0.0033892862692041,0.003558147979677,0.4471437400142266,0.0177973026600154,0.0003037627459487,0.0076318087574964,59.0,11.0,0.5559,0.4441,0.5881,0.4118,0.6526,0.3468,Kansas City Chiefs,Kansas City Chiefs,Kansas City Chiefs,Kansas City Chiefs,Kansas City Chiefs,Same,Same,Same,False,False,0.0003037627459487,0.0076318087574964,0.0016939227558278,0.007407070659809,0.0003037627459487,0.0076318087574964,0.0028317188727273,0.007504670932173,0.7408197248348488,0.9172877555398022,1.2498736473238334,1.0681765408801187,0.8597001719414692,0.8951594048545323,0.797855831549093,1.4818697064400703,0.9025670478957725,1.0742610593047313
2022_13_LAC_LV,2022,14,2022-12-04,16:25,Los Angeles Chargers,Las Vegas Raiders,Home,Justin Herbert,Derek Carr,00-0036355,00-0031280,7,7,0,0,0,-10,Allegiant Stadium,36.108,-115.1578,America/Los_Angeles,False,True,13,13,Sunday,False,False,0,False,False,0,0,-10,AFC West,SoFi Stadium,33.9535,-118.3395,America/Los_Angeles,AFC West,Allegiant Stadium,36.108,-115.1578,America/Los_Angeles,Arizona Cardinals,Seattle Seahawks,State Farm Stadium,Lumen Field,Miami Dolphins,Los Angeles Rams,SoFi Stadium,SoFi Stadium,233,0,-233,233,0.0,0.0,America/Denver,America/Los_Angeles,1.0,0.0,0.0,0.0,0.0,0,0.935,-2.35,0.935,-2.35,Los Angeles Chargers,3.285,Los Angeles Chargers,3.285,0.935,-2.35,Los Angeles Chargers,3.285,0.0,0,No,No,No,No,No,1,No,0.0,0.0,-2.23,-2.615,1.3751350000000002,-1.2576350000000005,1.3751350000000002,-1.2576350000000005,0.472985,1.059515,-1.760865,-1.5516350000000003,Los Angeles Chargers,2.6327700000000007,Los Angeles Chargers,2.6327700000000007,1.3751350000000002,-1.2576350000000005,Los Angeles Chargers,2.6327700000000007,Tie,0.0,Los Angeles Chargers,0.3850000000000002,-1.115,-1.3075,Los Angeles Chargers,0.1925000000000001,Las Vegas Raiders,0.58653,Las Vegas Raiders,0.2092299999999995,-0.64394,-0.2460600000000001,Las Vegas Raiders,0.3978799999999998,Different,Different,Different,Different,Different,Different,False,Home Team,Home Team,49.0,-139.0,125.0,Las Vegas Raiders,Los Angeles Chargers,-2.5,2.5,-116,-104,-110,-110,-0.58653,0.58653,-0.2092299999999995,0.2092299999999995,0.4444,0.5816,0.5098,0.537,0.5238,0.5238,0.4332,0.5668,0.487,0.513,0.5,0.5,0.4332,0.5668,-0.0668,0.0668,,,25,0.0,70.0,0.0,Dome,True,J.Herbert,G.Smith,1.35,3.0,13.97,195.23,High,-9.0,11.0,53.66,53.0,13.95928001938968,36.0,72.0,0.461,0.5384,0.0808,0.0824,0.4252,0.5748,0.6036,0.3632,14,2022-12-04,Los Angeles Chargers @ Las Vegas Raiders,0.5102,0.4896,-104,104,,,,,,,,No Bet,,No Bet,,No Bet,,No Bet,,No Bet,,No Bet,,No Bet,,No Bet,,No Bet,,,,,,,,,,,,,,,,,,,,,,,,,,,,,14,0.02908,-0.07502,Las Vegas Raiders,Los Angeles Chargers,0,0,0,0,0,0,0,1,0,0,0,1,1,2.5,1.5,,,58.589484383373005,0.2228150825368369,0.8018320729686019,0.015684552971734,0.0100137752547688,0.8111813902263671,0.0020141826870286,0.6199784372725163,0.0026353618351981,0.0138451703196174,0.0105817356782962,3.437788723056631e-05,4.498011653343718e-05,0.0106267157948296,0.0046495445222267,1.4311598274988837,0.0244269059979136,7.93580037640035e-05,59.0,11.0,0.4332,0.5668,0.5094,0.4902,0.6176,0.3812,Las Vegas Raiders,Los Angeles Chargers,Los Angeles Chargers,Los Angeles Chargers,Las Vegas Raiders,Same,Same,Different,False,False,0.0244269059979136,7.93580037640035e-05,0.015684552971734,0.0100137752547688,0.0244269059979136,7.93580037640035e-05,0.0104939775883544,0.0163055170785551,0.9354168979762428,0.7226905823984067,1.1796863415626846,1.1383638466412593,0.8723823484046848,0.8824772283913117,1.0421300477520874,1.2375954902370863,1.0019110889558276,0.9749170182446745
2022_13_IND_DAL,2022,14,2022-12-04,20:20,Indianapolis Colts,Dallas Cowboys,Home,Matt Ryan,Dak Prescott,00-0026143,00-0033077,6,10,-4,4,-10,5,AT&T Stadium,32.7369,-97.0826,America/Chicago,False,False,13,13,Sunday,False,False,0,False,False,0,-10,5,AFC South,Lucas Oil Stadium,39.7601,-86.1638,America/Indiana/Indianapolis,NFC East,AT&T Stadium,32.7369,-97.0826,America/Chicago,Pittsburgh Steelers,New York Giants,Lucas Oil Stadium,AT&T Stadium,Minnesota Vikings,Houston Texans,U.S. Bank Stadium,AT&T Stadium,777,0,-777,777,1.0,0.0,America/Indiana/Indianapolis,America/Chicago,1.0,0.0,1.0,0.0,1.0,0,-2.265,-0.615,-2.265,-0.615,Dallas Cowboys,1.65,Dallas Cowboys,1.65,-2.265,-0.615,Dallas Cowboys,1.65,0.0,0,No,No,No,No,Yes,0,No,0.0,0.0,-1.962,6.589,-3.898,-1.1205,-3.898,-1.1205,-1.633,-0.5055000000000001,-3.595,6.0835,Dallas Cowboys,2.7775,Dallas Cowboys,2.7775,-3.898,-1.1205,Dallas Cowboys,2.7775,Tie,0.0,Dallas Cowboys,8.551,-0.981,3.2945,Dallas Cowboys,4.2755,Dallas Cowboys,1.1275,Dallas Cowboys,9.6785,-2.614,2.789,Dallas Cowboys,5.403,Different,Same,Same,Same,Different,Same,False,Home Team,Home Team,44.5,-460.0,376.0,Dallas Cowboys,Indianapolis Colts,-11.0,11.0,-122,101,-436,327,-1.1275,1.1275,-9.6785,9.6785,0.2101,0.8214,0.4975,0.5495,0.2342,0.8134,0.2037,0.7963,0.4752,0.5248,0.2235,0.7765,0.2037,0.7963,-0.2963,0.2963,,,26,0.0,70.0,0.0,Dome,True,D.Jones,D.Prescott,-7.59,-8.0,13.84,191.57,Med-High,-17.0,3.0,52.62,52.0,13.832145193285443,36.0,71.0,0.7128,0.286,0.0734,0.0776,0.3988,0.5824,0.7062,0.2938,14,2022-12-04,Indianapolis Colts @ Dallas Cowboys,0.7026,0.2971,-236,237,,,,,,,,No Bet,,No Bet,,No Bet,,No Bet,,No Bet,,No Bet,,No Bet,,No Bet,,No Bet,,,,,,,,,,,,,,,,,,,,,,,,,,,,,14,-0.0935,0.25688,Dallas Cowboys,Indianapolis Colts,0,0,0,0,0,1,0,0,0,0,0,1,0,1.0,4.5,,,58.589484383373005,0.1971830985915492,0.9819981687486512,0.1041876106718244,0.0118279885344864,6.399301271605226,0.0014769114502595,1.6369931797387725,0.0057735129496401,0.1092226930985122,0.027940050965926,2.520779054131279e-05,9.854179483577504e-05,0.0280385927607618,0.0072504243998997,8.036294451343998,0.1371627440644383,0.000123749585377,59.0,11.0,0.2037,0.7963,0.3464,0.6536,0.2418,0.758,Dallas Cowboys,Dallas Cowboys,Dallas Cowboys,Dallas Cowboys,Dallas Cowboys,Same,Same,Same,False,False,0.1371627440644383,0.000123749585377,0.1041876106718244,0.0118279885344864,0.1371627440644383,0.000123749585377,0.0833629516549792,0.0191864728933319,1.2676220943865062,0.3904853859881461,1.0680772849938986,1.2499729032100513,1.299289224009865,0.45557035278613506,1.496039475873402,0.7836860621157771,1.2914264108160607,0.6854016963844445
2022_13_NO_TB,2022,14,2022-12-05,20:15,New Orleans Saints,Tampa Bay Buccaneers,Home,Andy Dalton,Tom Brady,00-0027973,00-0019596,8,8,0,0,-7,10,Raymond James Stadium,27.9759,-82.5033,America/New_York,False,True,13,13,Monday,False,False,0,False,False,0,-7,10,NFC South,Caesars Superdome,29.9507,-90.0813,America/Chicago,NFC South,Raymond James Stadium,27.9759,-82.5033,America/New_York,San Francisco 49ers,Cleveland Browns,Levi's Stadium,FirstEnergy Stadium,Atlanta Falcons,San Francisco 49ers,Caesars Superdome,Levi's Stadium,478,0,-478,478,-1.0,0.0,America/Los_Angeles,America/New_York,-3.0,0.0,-1.0,0.0,-1.0,0,-6.145,1.025,-6.145,1.025,Tampa Bay Buccaneers,7.17,Tampa Bay Buccaneers,7.17,-6.145,1.025,Tampa Bay Buccaneers,7.17,0.0,0,No,No,No,No,No,1,No,0.0,0.0,0.364,2.069,-8.63614,1.44414,-8.63614,1.44414,-2.5628400000000005,0.49084,-2.18179,2.54279,Tampa Bay Buccaneers,10.080279999999998,Tampa Bay Buccaneers,10.080279999999998,-8.63614,1.44414,Tampa Bay Buccaneers,10.080279999999998,Tie,0.0,Tampa Bay Buccaneers,1.705,0.182,1.0345,Tampa Bay Buccaneers,0.8525,Tampa Bay Buccaneers,3.0536800000000004,Tampa Bay Buccaneers,4.72458,-2.3723150000000004,1.5168149999999998,Tampa Bay Buccaneers,3.88913,Different,Same,Same,Same,Different,Same,False,Home Team,Home Team,41.0,-190.0,169.0,Tampa Bay Buccaneers,New Orleans Saints,-3.5,3.5,-164,135,-224,181,-3.0536800000000004,3.0536800000000004,-4.72458,4.72458,0.3717,0.6552,0.4255,0.6212,0.3559,0.6914,0.362,0.638,0.4065,0.5935,0.3398,0.6602,0.362,0.638,-0.138,0.138,69.0,2.0,27,2.0,69.0,0.0,nfl_read_py Fallback,False,T.Shough,B.Mayfield,2.76,3.0,12.88,166.0,Med-Low,-7.0,11.0,39.58,39.0,12.631911337434545,23.0,56.10000000000037,0.4166,0.5814,0.096,0.0922,0.3308,0.6692,0.417,0.5568,14,2022-12-05,New Orleans Saints @ Tampa Bay Buccaneers,0.5771,0.4224,-136,137,,,,,,,,No Bet,,No Bet,,No Bet,,No Bet,,No Bet,,No Bet,,No Bet,,No Bet,,No Bet,,,,,,,,,,,,,,,,,,,,,,,,,,,,,14,0.000675,-0.0134999999999999,Tampa Bay Buccaneers,New Orleans Saints,0,0,0,0,0,0,1,0,0,0,1,0,1,2.0,2.0,,,58.589484383373005,0.4597537414666414,0.8168798079988946,0.0432177327482775,0.009823400674188,1.2032781724954251,0.0027843495539226,0.682737771854771,0.0049072237994547,0.0205374426001417,0.0116529063029017,4.752302538973664e-05,8.375605027251926e-05,0.0117366623531742,0.0076915733533773,1.8860159443501965,0.0321903489030435,0.0001312790756622,59.0,11.0,0.362,0.638,0.443,0.5566,0.5238,0.4746,Tampa Bay Buccaneers,New Orleans Saints,Tampa Bay Buccaneers,New Orleans Saints,Tampa Bay Buccaneers,Same,Same,Same,False,False,0.0321903489030435,0.0001312790756622,0.0432177327482775,0.009823400674188,0.0321903489030435,0.0001312790756622,0.0498772547915532,0.0159685751485998,1.0331105814906187,0.6249968988840328,1.3211372770393663,0.9969129111645785,1.1312708866061325,0.6235886901898731,0.9000482486179935,1.379677289371172,1.1021299952235817,0.8746981119769175
2022_14_LV_LA,2022,15,2022-12-08,20:15,Las Vegas Raiders,Los Angeles Rams,Home,Derek Carr,Baker Mayfield,00-0031280,00-0034855,4,4,0,0,-10,6,SoFi Stadium,33.9535,-118.3395,America/Los_Angeles,False,False,14,14,Thursday,False,False,0,False,False,0,-10,6,AFC West,Allegiant Stadium,36.108,-115.1578,America/Los_Angeles,NFC West,SoFi Stadium,33.9535,-118.3395,America/Los_Angeles,Los Angeles Chargers,Seattle Seahawks,Allegiant Stadium,SoFi Stadium,New England Patriots,Green Bay Packers,Allegiant Stadium,Lambeau Field,233,0,-233,233,0.0,0.0,America/Los_Angeles,America/Los_Angeles,0.0,0.0,0.0,0.0,0.0,0,-2.35,1.29,-2.35,1.29,Los Angeles Rams,3.64,Los Angeles Rams,3.64,-2.35,1.29,Los Angeles Rams,3.64,0.0,0,No,No,No,No,No,0,No,0.0,0.0,-2.615,0.486,-4.4155,0.914,-4.4155,0.914,-2.0655,-0.376,-4.6805,0.1099999999999999,Los Angeles Rams,5.3295,Los Angeles Rams,5.3295,-4.4155,0.914,Los Angeles Rams,5.3295,Tie,0.0,Los Angeles Rams,3.101,-1.3075,0.243,Los Angeles Rams,1.5505,Los Angeles Rams,1.6895000000000002,Los Angeles Rams,4.790500000000001,-3.373,-0.133,Los Angeles Rams,3.24,Different,Same,Same,Same,Different,Same,True,Home Team,Home Team,42.5,245.0,-283.0,Las Vegas Raiders,Los Angeles Rams,6.5,-6.5,-128,105,-234,188,-1.6895000000000002,1.6895000000000002,-4.790500000000001,4.790500000000001,0.7389,0.2899,0.4878,0.5614,0.3472,0.7006,0.7182,0.2818,0.4649,0.5351,0.3314,0.6686,0.7182,0.2818,0.2182,-0.2182,,,28,0.0,70.0,0.0,Dome,True,G.Smith,M.Stafford,-4.07,-5.0,13.81,190.64,Med-High,-14.0,6.0,51.18,50.0,13.54617199636676,34.0,69.0,0.6174,0.3818,0.0828,0.082,0.7554,0.2446,0.733,0.267,15,2022-12-08,Las Vegas Raiders @ Los Angeles Rams,0.5257,0.4741,-111,111,,,,,,,,No Bet,,No Bet,,No Bet,,No Bet,,No Bet,,No Bet,,No Bet,,No Bet,,No Bet,,,,,,,,,,,,,,,,,,,,,,,,,,,,,15,-0.1483249999999999,-0.191625,Las Vegas Raiders,Los Angeles Rams,0,0,0,0,0,0,1,0,0,0,1,0,0,0.5,0.5,,,41.94810892471878,0.1971020278972709,0.2034773481068503,0.0033750152224149,0.1316290406907465,0.0156754269300545,6.130188890779557,0.0399506445037798,2.4053010713195206,0.0003736861406121,0.0009523824917942,0.1461374314103398,0.0573399166965104,0.0582922991883046,8.535489962099078,0.0556260714338343,0.000342332736431,0.2034773481068503,58.0,1.0,0.7182,0.2818,0.4591,0.5407,0.2948,0.7044,Las Vegas Raiders,Los Angeles Rams,Los Angeles Rams,Los Angeles Rams,Los Angeles Rams,Same,Same,Same,False,False,0.0013260686324063,0.2034773481068503,0.0033750152224149,0.1316290406907465,0.0013260686324063,0.2034773481068503,0.0050937841124483,0.0864211366117024,0.5620947705117936,1.136070832548195,1.2356048717781538,0.8226374729599405,1.3078589022541114,0.5164172034858271,1.2896037715794324,0.6275262372318229,1.0941729321924136,0.7754068823736263
2022_14_NYJ_BUF,2022,15,2022-12-11,13:00,New York Jets,Buffalo Bills,Home,Mike White,Josh Allen,00-0034401,00-0034857,7,10,-3,3,-10,13,Highmark Stadium,42.7725,-78.7877,America/New_York,False,True,14,14,Sunday,False,False,0,False,False,0,-10,13,AFC East,MetLife Stadium,40.8136,-74.0744,America/New_York,AFC East,Highmark Stadium,42.7725,-78.7877,America/New_York,Minnesota Vikings,New England Patriots,U.S. Bank Stadium,Gillette Stadium,Detroit Lions,Miami Dolphins,MetLife Stadium,Highmark Stadium,278,0,-278,278,0.0,0.0,America/Chicago,America/New_York,-1.0,0.0,0.0,0.0,0.0,0,-3.725,4.795,-3.725,4.795,Buffalo Bills,8.52,Buffalo Bills,8.52,-3.725,4.795,Buffalo Bills,8.52,0.0,0,No,No,No,No,No,1,No,0.0,0.0,-1.343,9.574,-4.6081650000000005,6.988665,-4.6081650000000005,6.988665,-0.968365,2.278865,-2.202195,11.743695,Buffalo Bills,11.59683,Buffalo Bills,11.59683,-4.6081650000000005,6.988665,Buffalo Bills,11.59683,Tie,0.0,Buffalo Bills,10.917,-0.6715,4.787,Buffalo Bills,5.4585,Buffalo Bills,3.24723,Buffalo Bills,13.94589,-1.58528,7.011279999999999,Buffalo Bills,8.59656,Different,Same,Same,Same,Different,Same,False,Home Team,Home Team,43.5,-398.0,332.0,Buffalo Bills,New York Jets,-10.0,10.0,-164,135,-890,573,-3.24723,3.24723,-13.94589,13.94589,0.2315,0.7992,0.4255,0.6212,0.1486,0.899,0.2246,0.7754,0.4065,0.5935,0.1418,0.8582,0.2246,0.7754,-0.2754,0.2754,36.0,11.0,29,11.0,36.0,0.0,nfl_read_py Fallback,False,T.Taylor,J.Allen,-12.13,-13.0,13.52,182.72,Med-High,-21.0,-4.0,46.57,46.0,13.17085943694114,30.0,64.0,0.8188,0.1812,0.0554,0.072,0.5552,0.3984,0.5688,0.4312,15,2022-12-11,New York Jets @ Buffalo Bills,0.7615,0.2385,-319,319,,,,,,,,No Bet,,No Bet,,No Bet,,No Bet,,No Bet,,No Bet,,No Bet,,No Bet,,No Bet,,,,,,,,,,,,,,,,,,,,,,,,,,,,,15,-0.0034749999999999,0.2549666666666666,Buffalo Bills,New York Jets,0,0,0,0,1,1,0,0,0,0,1,1,1,2.0,4.5,,,41.94810892471878,0.0877985993951478,0.8949424547359388,0.0836010673641552,0.021564690739553,2.85578673250504,0.045929084289783,0.8271984783603714,0.1585637219870783,0.0680790339709976,0.0197195654241502,0.0010949023797999,0.0037799969069318,0.023499562331082,0.2044928062768614,3.682985210865411,0.0877985993951478,0.0004024839430593,58.0,1.0,0.2246,0.7754,0.2368,0.7631,0.2156,0.784,Buffalo Bills,Buffalo Bills,Buffalo Bills,Buffalo Bills,Buffalo Bills,Same,Same,Same,False,False,0.0877985993951478,0.0048748992867318,0.0836010673641552,0.021564690739553,0.0877985993951478,0.0048748992867318,0.0804341270359196,0.0320032753667784,1.2826677979300463,0.41549780512994416,1.1538028210646576,0.9044395236734373,1.5373608562643308,0.28691524947561037,1.5317644053591026,0.38536560345215276,1.3801343049210648,0.4894455096449683
2022_14_CLE_CIN,2022,15,2022-12-11,13:00,Cleveland Browns,Cincinnati Bengals,Home,Deshaun Watson,Joe Burrow,00-0033537,00-0036442,7,7,0,0,2,6,Paycor Stadium,39.0955,-84.5165,America/New_York,False,True,14,14,Sunday,False,False,0,False,False,0,2,6,AFC North,FirstEnergy Stadium,41.5061,-81.6994,America/New_York,AFC North,Paycor Stadium,39.0955,-84.5165,America/New_York,Houston Texans,Kansas City Chiefs,NRG Stadium,Paycor Stadium,Baltimore Ravens,Tampa Bay Buccaneers,FirstEnergy Stadium,Raymond James Stadium,223,0,-223,223,0.0,0.0,America/Chicago,America/New_York,-1.0,0.0,0.0,0.0,0.0,0,-4.705,1.31,-4.705,1.31,Cincinnati Bengals,6.015000000000001,Cincinnati Bengals,6.015000000000001,-4.705,1.31,Cincinnati Bengals,6.015000000000001,0.0,0,No,No,No,No,No,1,No,0.0,0.0,0.449,5.099,-5.930825000000001,3.347325,-5.930825000000001,3.347325,-1.285975,2.097475,-0.790475,7.149975,Cincinnati Bengals,9.278150000000002,Cincinnati Bengals,9.278150000000002,-5.930825000000001,3.347325,Cincinnati Bengals,9.278150000000002,Tie,0.0,Cincinnati Bengals,4.65,0.2245,2.5495,Cincinnati Bengals,2.325,Cincinnati Bengals,3.3834500000000003,Cincinnati Bengals,7.940449999999999,-1.0382250000000002,4.623725,Cincinnati Bengals,5.661950000000001,Different,Same,Same,Same,Different,Same,False,Home Team,Home Team,47.0,-204.0,181.0,Cincinnati Bengals,Cleveland Browns,-4.5,4.5,-191,156,-366,282,-3.3834500000000003,3.3834500000000003,-7.940449999999999,7.940449999999999,0.3559,0.6711,0.3906,0.6564,0.2618,0.7854,0.3465,0.6535,0.3731,0.6269,0.25,0.75,0.3465,0.6535,-0.1535,0.1535,47.0,8.0,30,8.0,47.0,0.0,nfl_read_py Fallback,False,S.Sanders,J.Burrow,-8.27,-9.0,13.8,190.54,Med-High,-18.0,2.0,47.76,47.0,13.123336863545292,31.0,64.0,0.7314,0.2678,0.0762,0.07,0.6364,0.3636,0.489,0.4776,15,2022-12-11,Cleveland Browns @ Cincinnati Bengals,0.6904,0.3094,-223,223,,,,,,,,No Bet,,No Bet,,No Bet,,No Bet,,No Bet,,No Bet,,No Bet,,No Bet,,No Bet,,,,,,,,,,,,,,,,,,,,,,,,,,,,,15,0.030425,0.1759333333333333,Cincinnati Bengals,Cleveland Browns,0,0,0,0,1,1,0,0,0,0,1,1,1,2.5,3.5,,,41.94810892471878,0.1545876467474145,0.5029281536083646,0.0528105143905197,0.0155309226388041,2.806831647508393,0.0422082379628389,1.488243559084405,0.0796048586110108,0.0669119948302225,0.0354782038388249,0.0010062012101329,0.0018976983862102,0.0373759022250352,0.1218130965738497,4.295075206592799,0.102127916703755,0.0003913755388595,58.0,1.0,0.3465,0.6535,0.4027,0.5973,0.3022,0.6978,Cincinnati Bengals,Cincinnati Bengals,Cincinnati Bengals,Cincinnati Bengals,Cincinnati Bengals,Same,Same,Same,False,False,0.1023901986690474,0.0029038995963431,0.0528105143905197,0.0155309226388041,0.1023901986690474,0.0029038995963431,0.0222758295569316,0.0235628605930371,1.0841580193074096,0.6140075837525807,1.2507566508128865,0.8074856939252087,1.3433695896611626,0.4809065160787751,1.3733070733268697,0.5438229354843834,1.2610016924014598,0.6085781221645766
2022_14_HOU_DAL,2022,15,2022-12-11,13:00,Houston Texans,Dallas Cowboys,Home,Davis Mills,Dak Prescott,00-0036898,00-0033077,7,7,0,0,-8,5,AT&T Stadium,32.7369,-97.0826,America/Chicago,False,False,14,14,Sunday,False,False,0,False,False,0,-8,5,AFC South,NRG Stadium,29.6847,-95.4093,America/Chicago,NFC East,AT&T Stadium,32.7369,-97.0826,America/Chicago,Cleveland Browns,Indianapolis Colts,NRG Stadium,AT&T Stadium,Kansas City Chiefs,Jacksonville Jaguars,NRG Stadium,TIAA Bank Field,233,0,-233,233,0.0,0.0,America/Chicago,America/Chicago,0.0,0.0,0.0,0.0,0.0,0,0.035,-0.615,0.035,-0.615,Houston Texans,0.65,Houston Texans,0.65,0.035,-0.615,Houston Texans,0.65,0.0,0,No,No,No,No,No,0,No,0.0,0.0,-9.249,6.589,1.024,-1.4205,1.024,-1.4205,0.989,-0.8055000000000001,-8.260000000000002,5.7835,Houston Texans,2.4445,Houston Texans,2.4445,1.024,-1.4205,Houston Texans,2.4445,Tie,0.0,Dallas Cowboys,15.838,-4.6245,3.2945,Dallas Cowboys,7.919,Houston Texans,1.7945000000000002,Dallas Cowboys,14.043500000000002,-3.635500000000001,2.489,Dallas Cowboys,6.124500000000001,Different,Different,Same,Different,Different,Same,False,Away Team,Home Team,44.5,-1365.0,918.0,Dallas Cowboys,Houston Texans,-17.0,17.0,108,-131,-890,573,1.7945000000000002,-1.7945000000000002,-14.043500000000002,14.043500000000002,0.0982,0.9317,0.5671,0.4808,0.1486,0.899,0.0954,0.9046,0.5412,0.4588,0.1418,0.8582,0.0954,0.9046,-0.4046,0.4046,,,31,0.0,70.0,0.0,Dome,True,C.Stroud,D.Prescott,-10.89,-11.0,14.13,199.63,High,-20.0,-2.0,57.77,57.0,14.081836825701297,40.0,76.0,0.778,0.221,0.0652,0.06,0.3134,0.6476,0.825,0.175,15,2022-12-11,Houston Texans @ Dallas Cowboys,0.7499,0.2498,-300,300,,,,,,,,No Bet,,No Bet,,No Bet,,No Bet,,No Bet,,No Bet,,No Bet,,No Bet,,No Bet,,,,,,,,,,,,,,,,,,,,,,,,,,,,,15,-0.16935,0.2199499999999999,Dallas Cowboys,Houston Texans,0,0,0,0,0,1,1,0,0,0,1,1,0,0.5,4.0,,,41.94810892471878,0.0446303033489894,0.9998351253197408,0.0728200672145233,0.024832555509194,1.6935530650046275,0.021931851266307,0.1786037612220224,0.2079617678773726,0.0403725724094958,0.0042577309394935,0.000522832895892,0.0049575957822219,0.0092153267217155,0.2298936191436796,1.87215682622665,0.0446303033489894,0.0004839908514724,58.0,1.0,0.0954,0.9046,0.2494,0.7505,0.1888,0.811,Dallas Cowboys,Dallas Cowboys,Dallas Cowboys,Dallas Cowboys,Dallas Cowboys,Same,Same,Same,False,False,0.0446303033489894,0.005480428678114,0.0728200672145233,0.024832555509194,0.0446303033489894,0.005480428678114,0.0896181658082468,0.0368573049018428,1.5229228960881183,0.17524270697187339,0.8920269145570161,1.1662154301810785,1.5441695231139034,0.28010658262603544,1.4582147052921839,0.45891530351906906,1.3677371004161563,0.5018427141498816
2022_14_MIN_DET,2022,15,2022-12-11,13:00,Minnesota Vikings,Detroit Lions,Home,Kirk Cousins,Jared Goff,00-0029604,00-0033106,7,7,0,0,6,11,Ford Field,42.3395,-83.045,America/Detroit,False,False,14,14,Sunday,False,False,0,False,False,0,6,11,NFC North,U.S. Bank Stadium,44.9738,-93.2575,America/Chicago,NFC North,Ford Field,42.3395,-83.045,America/Detroit,New York Jets,Jacksonville Jaguars,U.S. Bank Stadium,Ford Field,Indianapolis Colts,New York Jets,U.S. Bank Stadium,MetLife Stadium,541,0,-541,541,-1.0,0.0,America/Chicago,America/Detroit,-1.0,0.0,-1.0,0.0,-1.0,0,0.27,4.305,0.27,4.305,Detroit Lions,4.035,Detroit Lions,4.035,0.27,4.305,Detroit Lions,4.035,0.0,0,No,No,No,No,No,1,No,0.0,0.0,-1.139,-1.723,-0.0111199999999999,5.22012,-0.0111199999999999,5.22012,-0.32147,0.95547,-1.46631,-0.7616900000000001,Detroit Lions,5.23124,Detroit Lions,5.23124,-0.0111199999999999,5.22012,Detroit Lions,5.23124,Tie,0.0,Minnesota Vikings,0.5840000000000001,-0.5695,-0.8615,Minnesota Vikings,0.292,Detroit Lions,1.27694,Detroit Lions,0.7046199999999999,-0.89389,0.0968899999999999,Detroit Lions,0.99078,Different,Different,Same,Same,Different,Different,False,Home Team,Home Team,51.5,-132.0,119.0,Detroit Lions,Minnesota Vikings,-2.5,2.5,-128,105,-116,-104,-1.27694,1.27694,-0.7046199999999999,0.7046199999999999,0.4566,0.569,0.4878,0.5614,0.5098,0.537,0.4452,0.5548,0.4649,0.5351,0.487,0.513,0.4452,0.5548,-0.0548,0.0548,,,32,0.0,70.0,0.0,Dome,True,M.Brosmer,J.Goff,-5.96,-7.0,14.05,197.41,High,-16.0,4.0,55.41,55.0,14.210661572934178,38.0,74.0,0.6622,0.3372,0.0826,0.0834,0.6256,0.3744,0.5914,0.4086,15,2022-12-11,Minnesota Vikings @ Detroit Lions,0.5663,0.4336,-131,131,,,,,,,,No Bet,,No Bet,,No Bet,,No Bet,,No Bet,,No Bet,,No Bet,,No Bet,,No Bet,,,,,,,,,,,,,,,,,,,,,,,,,,,,,15,0.09655,-0.0121749999999999,Detroit Lions,Minnesota Vikings,0,0,0,0,1,1,0,0,0,0,1,1,1,3.0,2.0,,,41.94810892471878,0.9791901584052778,0.3699345353987419,0.0620123878638068,0.0109414572796876,0.8259050480343627,0.0479129420740542,0.6627486073988795,0.0597082216142975,0.019688731368476,0.0157992487477389,0.0011421955197084,0.0014233829162943,0.0172226316640332,0.1076211636883517,1.488653655433242,0.0307460612852258,0.000719621295053,58.0,1.0,0.4452,0.5548,0.4828,0.517,0.3524,0.6468,Detroit Lions,Detroit Lions,Detroit Lions,Detroit Lions,Detroit Lions,Same,Same,Same,False,False,0.035487980116215,0.0025655784360027,0.0620123878638068,0.0109414572796876,0.035487980116215,0.0025655784360027,0.0779343786151244,0.0164323250761309,0.9043915223243126,0.7937740807356742,1.044704046139513,1.013538298598582,0.8921696746932952,0.9321064310466411,1.2246718867242825,0.6924581220869701,1.0127530072865025,0.8568268072795343
2022_14_PHI_NYG,2022,15,2022-12-11,13:00,Philadelphia Eagles,New York Giants,Home,Jalen Hurts,Daniel Jones,00-0036389,00-0035710,7,7,0,0,5,6,MetLife Stadium,40.8136,-74.0744,America/New_York,False,False,14,14,Sunday,False,False,0,False,False,0,5,6,NFC East,Lincoln Financial Field,39.9008,-75.1675,America/New_York,NFC East,MetLife Stadium,40.8136,-74.0744,America/New_York,Tennessee Titans,Washington Commanders,Lincoln Financial Field,MetLife Stadium,Chicago Bears,Washington Commanders,Soldier Field,FedExField,85,0,-85,85,0.0,0.0,America/New_York,America/New_York,0.0,0.0,0.0,0.0,0.0,0,4.905,-2.84,4.905,-2.84,Philadelphia Eagles,7.745,Philadelphia Eagles,7.745,4.905,-2.84,Philadelphia Eagles,7.745,0.0,0,No,No,No,No,No,1,No,0.0,0.0,4.764,-4.391,4.993250000000001,-3.26325,4.993250000000001,-3.26325,0.1657,-0.5006999999999999,4.838150000000001,-4.80015,Philadelphia Eagles,8.2565,Philadelphia Eagles,8.2565,4.993250000000001,-3.26325,Philadelphia Eagles,8.2565,Tie,0.0,Philadelphia Eagles,9.155,2.382,-2.1955,Philadelphia Eagles,4.577500000000001,Philadelphia Eagles,0.6663999999999999,Philadelphia Eagles,9.6383,2.5019250000000004,-2.6504250000000003,Philadelphia Eagles,5.15235,Different,Same,Same,Same,Different,Same,False,Away Team,Away Team,44.5,260.0,-302.0,Philadelphia Eagles,New York Giants,7.5,-7.5,-104,-116,327,-436,0.6663999999999999,-0.6663999999999999,9.6383,-9.6383,0.7512,0.2778,0.537,0.5098,0.8134,0.2342,0.7301,0.2699,0.513,0.487,0.7765,0.2235,0.7301,0.2699,0.2301,-0.2301,37.0,6.0,33,6.0,37.0,0.0,nfl_read_py Fallback,False,J.Hurts,J.Dart,16.39,17.0,12.98,168.6,Med-Low,9.0,25.0,48.48,48.0,12.59947587792761,33.0,65.0,0.1066,0.8932,0.0384,0.048,0.232,0.768,0.6034,0.3966,15,2022-12-11,Philadelphia Eagles @ New York Giants,0.2718,0.7282,268,-268,,,,,,,,No Bet,,No Bet,,No Bet,,No Bet,,No Bet,,No Bet,,No Bet,,No Bet,,No Bet,,,,,,,,,,,,,,,,,,,,,,,,,,,,,15,0.173325,-0.134625,Philadelphia Eagles,New York Giants,0,0,0,0,0,0,1,1,0,0,1,1,1,3.5,1.0,,,41.94810892471878,0.7460697351998075,0.009708896943793,0.0197121263761482,0.0097512301511681,0.0475856584214965,0.2973477295587362,0.128722820353963,0.1099221369783631,0.0011343934122726,0.0030686203419794,0.0070884656586632,0.0026204312851297,0.0056890516271092,0.4072698665370993,0.1763084787754595,0.0004752786091612,0.009708896943793,58.0,1.0,0.7301,0.2699,0.6561,0.3438,0.7528,0.2466,Philadelphia Eagles,Philadelphia Eagles,Philadelphia Eagles,Philadelphia Eagles,Philadelphia Eagles,Same,Same,Same,False,False,0.0042030137542521,0.009708896943793,0.0197121263761482,0.0097512301511681,0.0042030137542521,0.009708896943793,0.0294526293244041,0.0101574205692032,0.4525432731258524,1.2456223299341371,0.9912868467139896,1.0669554980241056,0.4018561469331031,1.4224199588068356,0.2008067832765571,1.7163232255346945,0.501048945980602,1.3685308685854358
2022_14_BAL_PIT,2022,15,2022-12-11,13:00,Baltimore Ravens,Pittsburgh Steelers,Home,Tyler Huntley,Kenny Pickett,00-0035993,00-0038102,7,7,0,0,-4,-4,Acrisure Stadium,40.4468,-80.0158,America/New_York,False,False,14,14,Sunday,False,False,0,False,False,0,-4,-4,AFC North,M&T Bank Stadium,39.2789,-76.6228,America/New_York,AFC North,Acrisure Stadium,40.4468,-80.0158,America/New_York,Denver Broncos,Atlanta Falcons,M&T Bank Stadium,Mercedes-Benz Stadium,Cleveland Browns,Carolina Panthers,FirstEnergy Stadium,Bank of America Stadium,197,0,-197,197,0.0,0.0,America/New_York,America/New_York,0.0,0.0,0.0,0.0,0.0,0,6.69,-0.565,6.69,-0.565,Baltimore Ravens,7.255000000000001,Baltimore Ravens,7.255000000000001,6.69,-0.565,Baltimore Ravens,7.255000000000001,0.0,0,No,No,No,No,No,1,No,0.0,0.0,5.347,-1.727,6.832145,0.2803550000000001,6.832145,0.2803550000000001,0.2146949999999999,0.772805,5.4909550000000005,-0.883455,Baltimore Ravens,6.55179,Baltimore Ravens,6.55179,6.832145,0.2803550000000001,Baltimore Ravens,6.55179,Tie,0.0,Baltimore Ravens,7.074000000000001,2.6735,-0.8635,Baltimore Ravens,3.5370000000000004,Pittsburgh Steelers,0.55811,Baltimore Ravens,6.37441,2.852825,-0.055325,Baltimore Ravens,2.90815,Different,Same,Different,Same,Different,Same,False,Home Team,Away Team,37.0,-124.0,112.0,Pittsburgh Steelers,Baltimore Ravens,-1.5,1.5,-116,-104,224,-282,-0.55811,0.55811,6.37441,-6.37441,0.4717,0.5536,0.5098,0.537,0.7382,0.3086,0.4601,0.5399,0.487,0.513,0.7052,0.2948,0.4601,0.5399,-0.0399,0.0399,42.0,12.0,34,12.0,42.0,0.0,nfl_read_py Fallback,False,L.Jackson,A.Rodgers,-2.77,-4.0,13.36,178.59,Medium,-12.0,7.0,52.57,52.0,13.388756878894783,36.0,70.0,0.5826,0.4164,0.092,0.084,0.5596,0.4404,0.8664,0.119,15,2022-12-11,Baltimore Ravens @ Pittsburgh Steelers,0.4826,0.5172,107,-107,,,,,,,,No Bet,,No Bet,,No Bet,,No Bet,,No Bet,,No Bet,,No Bet,,No Bet,,No Bet,,,,,,,,,,,,,,,,,,,,,,,,,,,,,15,-0.0441,0.007875,Pittsburgh Steelers,Baltimore Ravens,0,0,0,0,1,1,0,0,0,0,1,1,1,1.5,2.0,,,41.94810892471878,0.9930350346712516,0.0,0.0392321547278598,0.0002928802900173,0.3144473066241317,0.0,0.2679703755839284,0.0,0.0074961020814656,0.0063881395956331,0.0,0.0,0.0063881395956331,0.0,0.5824176822080601,0.0089642004919709,0.0,58.0,1.0,0.4601,0.5399,0.4442,0.5553,0.3834,0.6144,Pittsburgh Steelers,Pittsburgh Steelers,Pittsburgh Steelers,Pittsburgh Steelers,Baltimore Ravens,Same,Same,Different,False,False,0.0138842416770987,0.0,0.0392321547278598,0.0002928802900173,0.0138842416770987,0.0,0.0547358210041895,0.0009776950042347,0.8879692802862841,0.8101963227737032,1.012617583118334,1.045624761619761,0.5109086813783588,1.313367424361581,1.0804503703225483,0.8366796384887046,0.8671101717554811,1.0024696428105555
2022_14_JAX_TEN,2022,15,2022-12-11,13:00,Jacksonville Jaguars,Tennessee Titans,Home,Trevor Lawrence,Ryan Tannehill,00-0036971,00-0029701,7,7,0,0,-2,-8,Nissan Stadium,36.1664,-86.7716,America/Chicago,False,True,14,14,Sunday,False,False,0,False,False,0,-2,-8,AFC South,TIAA Bank Field,30.3239,-81.6554,America/New_York,AFC South,Nissan Stadium,36.1664,-86.7716,America/Chicago,Detroit Lions,Philadelphia Eagles,Ford Field,Lincoln Financial Field,Dallas Cowboys,Los Angeles Chargers,TIAA Bank Field,SoFi Stadium,500,0,-500,500,1.0,0.0,America/Detroit,America/New_York,1.0,1.0,1.0,0.0,1.0,0,-1.825,-4.36,-1.825,-4.36,Jacksonville Jaguars,2.535,Jacksonville Jaguars,2.535,-1.825,-4.36,Jacksonville Jaguars,2.535,0.0,0,No,No,No,No,No,1,No,0.0,0.0,-3.671,2.371,-1.700285,-5.3052150000000005,-1.700285,-5.3052150000000005,0.1500649999999999,-0.970565,-3.460515,1.3400150000000002,Jacksonville Jaguars,3.60493,Jacksonville Jaguars,3.60493,-1.700285,-5.3052150000000005,Jacksonville Jaguars,3.60493,Tie,0.0,Tennessee Titans,6.042,-1.8355,1.1855,Tennessee Titans,3.021,Jacksonville Jaguars,1.12063,Tennessee Titans,4.80053,-1.6552249999999995,0.184725,Tennessee Titans,1.83995,Different,Different,Same,Different,Different,Same,False,Away Team,Home Team,42.0,-169.0,151.0,Tennessee Titans,Jacksonville Jaguars,-3.0,3.0,101,-122,-234,188,1.12063,-1.12063,-4.80053,4.80053,0.3984,0.6283,0.5495,0.4975,0.3472,0.7006,0.3881,0.6119,0.5248,0.4752,0.3314,0.6686,0.3881,0.6119,-0.1119,0.1119,54.0,8.0,35,8.0,54.0,0.0,nfl_read_py Fallback,False,T.Lawrence,C.Ward,5.7,6.0,13.38,179.11,Medium,-4.0,15.0,46.91,46.0,13.567292133774105,30.0,64.0,0.3374,0.6616,0.0894,0.0842,0.265,0.6952,0.6218,0.3596,15,2022-12-11,Jacksonville Jaguars @ Tennessee Titans,0.5233,0.4765,-110,110,,,,,,,,No Bet,,No Bet,,No Bet,,No Bet,,No Bet,,No Bet,,No Bet,,No Bet,,No Bet,,,,,,,,,,,,,,,,,,,,,,,,,,,,,15,0.0347,-0.134775,Tennessee Titans,Jacksonville Jaguars,0,0,0,0,0,1,1,0,0,0,1,1,1,2.5,1.0,,,41.94810892471878,0.9716305093396796,0.9996562715125228,0.0836356408480075,0.0247726538001147,2.569832786409368,0.0899836864225948,1.629926629196724,0.1418732742127951,0.0612621844532076,0.0388557832755186,0.002145119022745,0.0033821137078528,0.0422378969833715,0.23185696063539,4.199759415606091,0.095738787699704,0.0005319287905562,58.0,1.0,0.3881,0.6119,0.428,0.5717,0.6602,0.3386,Tennessee Titans,Jacksonville Jaguars,Tennessee Titans,Jacksonville Jaguars,Tennessee Titans,Same,Same,Same,False,False,0.1001179677287263,0.0055272327305978,0.0836356408480075,0.0247726538001147,0.1001179677287263,0.0055272327305978,0.0729494874019186,0.0367328886897947,0.9967461796274166,0.7014194234325711,0.9136945008423888,1.1445478438957049,1.1734562892149911,0.6508198165249464,0.5988555316524078,1.3182744771588462,0.9250478739827317,0.9445319405833049
2022_14_KC_DEN,2022,15,2022-12-11,16:05,Kansas City Chiefs,Denver Broncos,Home,Patrick Mahomes,Russell Wilson,00-0033873,00-0029263,7,7,0,0,9,8,Empower Field at Mile High,39.7648,-105.0076,America/Denver,False,True,14,14,Sunday,False,False,0,False,False,0,9,8,AFC West,GEHA Field at Arrowhead Stadium,39.0489,-94.4839,America/Chicago,AFC West,Empower Field at Mile High,39.7648,-105.0076,America/Denver,Cincinnati Bengals,Baltimore Ravens,Paycor Stadium,M&T Bank Stadium,Houston Texans,Arizona Cardinals,NRG Stadium,Empower Field at Mile High,563,0,-563,563,1.0,0.0,America/New_York,America/New_York,2.0,2.0,1.0,0.0,1.0,0,4.395,2.05,4.395,2.05,Kansas City Chiefs,2.345,Kansas City Chiefs,2.345,4.395,2.05,Kansas City Chiefs,2.345,0.0,0,No,No,No,No,No,1,No,0.0,0.0,6.793,-5.08,5.24539,2.0986099999999994,5.24539,2.0986099999999994,0.8738400000000001,0.02516,7.54811,-4.936109999999999,Kansas City Chiefs,3.14678,Kansas City Chiefs,3.14678,5.24539,2.0986099999999994,Kansas City Chiefs,3.14678,Tie,0.0,Kansas City Chiefs,11.873,3.3965,-2.54,Kansas City Chiefs,5.9365000000000006,Kansas City Chiefs,0.8486800000000001,Kansas City Chiefs,12.48422,4.210975,-2.455475,Kansas City Chiefs,6.66645,Different,Same,Same,Same,Different,Same,False,Away Team,Away Team,44.5,329.0,-394.0,Kansas City Chiefs,Denver Broncos,8.5,-8.5,101,-122,466,-675,0.8486800000000001,-0.8486800000000001,12.48422,-12.48422,0.7976,0.2331,0.5495,0.4975,0.871,0.1767,0.7738,0.2262,0.5248,0.4752,0.8314,0.1686,0.7738,0.2262,0.2738,-0.2738,55.0,4.0,36,4.0,55.0,0.0,nfl_read_py Fallback,False,P.Mahomes,B.Nix,14.52,15.0,13.3,176.94,Medium,6.0,24.0,51.77,51.0,13.717479659530824,35.0,70.0,0.1374,0.8618,0.0468,0.0444,0.3052,0.6948,0.6898,0.3102,15,2022-12-11,Kansas City Chiefs @ Denver Broncos,0.2518,0.748,297,-297,,,,,,,,No Bet,,No Bet,,No Bet,,No Bet,,No Bet,,No Bet,,No Bet,,No Bet,,No Bet,,,,,,,,,,,,,,,,,,,,,,,,,,,,,15,0.319075,0.000225,Kansas City Chiefs,Denver Broncos,0,0,0,0,1,0,0,0,0,0,1,0,1,5.0,2.0,,,41.94810892471878,0.4207673518974754,0.0671166528475594,0.0113461497993894,0.0499334064873967,0.0200856634662177,2.1785694148445955,0.0687103730776272,0.6368472494673655,0.0004788216675575,0.0016379849971529,0.0519348659734415,0.0151817868741179,0.0168197718712709,2.815416664311961,0.0887960365438449,1.3169574837098629e-05,0.0671166528475594,58.0,1.0,0.7738,0.2262,0.7228,0.2772,0.8656,0.1342,Kansas City Chiefs,Kansas City Chiefs,Kansas City Chiefs,Kansas City Chiefs,Kansas City Chiefs,Same,Same,Same,False,False,0.0021168066647104,0.0671166528475594,0.0113461497993894,0.0499334064873967,0.0021168066647104,0.0671166528475594,0.0173540094163263,0.0392646652390337,0.404983413914529,1.2931821891454585,1.0209607732243382,1.0372815715137573,0.3270734826894567,1.4972026230504787,0.2818908284913563,1.6352391803198987,0.4981943290027689,1.371385485563269
2022_14_CAR_SEA,2022,15,2022-12-11,16:25,Carolina Panthers,Seattle Seahawks,Home,Sam Darnold,Geno Smith,00-0034869,00-0030565,14,7,7,-7,6,0,Lumen Field,47.5952,-122.3316,America/Los_Angeles,False,False,14,14,Sunday,False,False,0,False,False,0,6,0,NFC South,Bank of America Stadium,35.2258,-80.8528,America/New_York,NFC West,Lumen Field,47.5952,-122.3316,America/Los_Angeles,Denver Broncos,Los Angeles Rams,Bank of America Stadium,SoFi Stadium,Pittsburgh Steelers,San Francisco 49ers,Bank of America Stadium,Lumen Field,2279,0,-2279,2279,3.0,0.0,America/New_York,America/Los_Angeles,3.0,0.0,3.0,0.0,3.0,0,-5.25,-0.13,-5.25,-0.13,Seattle Seahawks,5.12,Seattle Seahawks,5.12,-5.25,-0.13,Seattle Seahawks,5.12,-0.2249999999999999,0,No,No,No,No,No,0,No,0.0,0.0,-5.097,0.849,-7.0355,-0.7545000000000001,-7.0355,-0.7545000000000001,-1.7855,-0.6245,-6.8825,0.2244999999999999,Seattle Seahawks,6.281,Seattle Seahawks,6.281,-7.0355,-0.7545000000000001,Seattle Seahawks,6.281,Tie,0.0,Seattle Seahawks,5.946000000000001,-2.5485,0.4245,Seattle Seahawks,2.9730000000000003,Seattle Seahawks,1.1609999999999998,Seattle Seahawks,7.107,-4.334,-0.2,Seattle Seahawks,4.134,Different,Same,Same,Same,Different,Same,False,Home Team,Home Team,44.5,-200.0,178.0,Seattle Seahawks,Carolina Panthers,-3.5,3.5,-122,101,-319,249,-1.1609999999999998,1.1609999999999998,-7.107,7.107,0.3597,0.6667,0.4975,0.5495,0.2865,0.7613,0.3505,0.6495,0.4752,0.5248,0.2734,0.7266,0.3505,0.6495,-0.1495,0.1495,45.0,4.0,37,4.0,45.0,0.0,nfl_read_py Fallback,False,B.Young,S.Darnold,0.36,1.0,14.2,201.72,High,-10.0,11.0,46.92,46.0,13.171477273362791,30.0,64.0,0.4912,0.5088,0.0864,0.0874,0.4162,0.5838,0.555,0.445,15,2022-12-11,Carolina Panthers @ Seattle Seahawks,0.598,0.402,-149,149,,,,,,,,No Bet,,No Bet,,No Bet,,No Bet,,No Bet,,No Bet,,No Bet,,No Bet,,No Bet,,,,,,,,,,,,,,,,,,,,,,,,,,,,,15,-0.05745,-0.0623499999999999,Seattle Seahawks,Carolina Panthers,0,0,0,0,0,0,1,1,0,0,1,1,0,1.5,1.5,,,41.94810892471878,0.6853534689423433,0.9998800899028636,0.1238850074339488,0.025323026125667,5.957556107278681,0.080897169069165,3.214970616783954,0.1499078782037737,0.1420220424708602,0.0766416102941285,0.0019285057453804,0.0035736504468604,0.080215260740989,0.2308050472729387,9.172526724062635,0.2163186277364628,0.0005056016038735,58.0,1.0,0.3505,0.6495,0.4444,0.5556,0.4212,0.5788,Seattle Seahawks,Seattle Seahawks,Seattle Seahawks,Carolina Panthers,Seattle Seahawks,Same,Different,Same,False,False,0.2186636527649888,0.0055021561922409,0.1238850074339488,0.025323026125667,0.2186636527649888,0.0055021561922409,0.0647454497653188,0.0376281673734314,1.033599895026052,0.6645657080339347,0.9721750587089748,1.0860672860291203,1.2532844154565348,0.570991690283404,0.8499385234881611,1.067191485323091,1.030197066037828,0.8393827485282092
2022_14_TB_SF,2022,15,2022-12-11,16:25,Tampa Bay Buccaneers,San Francisco 49ers,Home,Tom Brady,Brock Purdy,00-0019596,00-0037834,6,7,-1,1,9,0,Levi's Stadium,37.4031,-121.9702,America/Los_Angeles,False,False,14,14,Sunday,False,False,0,False,False,0,9,0,NFC South,Raymond James Stadium,27.9759,-82.5033,America/New_York,NFC West,Levi's Stadium,37.4031,-121.9702,America/Los_Angeles,New Orleans Saints,Miami Dolphins,Raymond James Stadium,Levi's Stadium,Cincinnati Bengals,Seattle Seahawks,Raymond James Stadium,Lumen Field,2365,0,-2365,2365,3.0,0.0,America/New_York,America/Los_Angeles,3.0,0.0,3.0,0.0,3.0,0,1.025,3.325,1.025,3.325,San Francisco 49ers,2.3000000000000003,San Francisco 49ers,2.3000000000000003,1.025,3.325,San Francisco 49ers,2.3000000000000003,-0.2249999999999999,0,No,No,No,No,Yes,0,No,0.0,0.0,2.069,3.919,1.3279999999999998,3.4315,1.3279999999999998,3.4315,0.303,0.1065,2.3720000000000003,4.0255,San Francisco 49ers,2.1035000000000004,San Francisco 49ers,2.1035000000000004,1.3279999999999998,3.4315,San Francisco 49ers,2.1035000000000004,Tie,0.0,San Francisco 49ers,1.85,1.0345,1.9595,San Francisco 49ers,0.925,Tampa Bay Buccaneers,0.1965,San Francisco 49ers,1.6534999999999995,1.3375,2.066,San Francisco 49ers,0.7284999999999997,Different,Same,Different,Same,Different,Same,False,Away Team,Home Team,38.0,-196.0,175.0,San Francisco 49ers,Tampa Bay Buccaneers,-3.5,3.5,-110,-110,-128,105,0.1965,-0.1965,-1.6534999999999995,1.6534999999999995,0.3636,0.6622,0.5238,0.5238,0.4878,0.5614,0.3545,0.6455,0.5,0.5,0.4649,0.5351,0.3545,0.6455,-0.1455,0.1455,54.0,8.0,38,8.0,54.0,0.0,nfl_read_py Fallback,False,B.Mayfield,B.Purdy,-4.63,-6.0,13.11,171.98,Medium,-14.0,5.0,45.77,45.0,13.225029097848058,29.0,63.0,0.6388,0.3606,0.0914,0.0904,0.5568,0.4432,0.7028,0.2826,15,2022-12-11,Tampa Bay Buccaneers @ San Francisco 49ers,0.5798,0.42,-138,138,,,,,,,,No Bet,,No Bet,,No Bet,,No Bet,,No Bet,,No Bet,,No Bet,,No Bet,,No Bet,,,,,,,,,,,,,,,,,,,,,,,,,,,,,15,0.0195,0.252125,San Francisco 49ers,Tampa Bay Buccaneers,0,0,0,0,0,1,0,0,0,0,0,1,0,2.0,4.5,,,41.94810892471878,0.0501619901124185,0.431068820898354,0.0183369042795737,0.0114431861915179,0.8763960601963973,0.0342678716632505,0.4813050400303995,0.0623974926900655,0.0208923854414796,0.0114738197350961,0.0008169110012741,0.0014874923873694,0.0129613121224656,0.0966653643533161,1.357701100226797,0.0322767848386334,0.0001499460691389,58.0,1.0,0.3545,0.6455,0.4606,0.5391,0.4118,0.5872,San Francisco 49ers,San Francisco 49ers,San Francisco 49ers,San Francisco 49ers,San Francisco 49ers,Same,Same,Same,False,False,0.0323662051765757,0.0023044033886436,0.0183369042795737,0.0114431861915179,0.0323662051765757,0.0023044033886436,0.0100170057799455,0.0173943341984934,1.0914551337177576,0.6067104693422299,1.021444077357648,1.036798267380447,0.9702791628300022,0.8539969429099347,1.2185740534458767,0.6985559553653751,1.0778615181126943,0.7917182964533421
2022_14_MIA_LAC,2022,15,2022-12-11,20:20,Miami Dolphins,Los Angeles Chargers,Home,Tua Tagovailoa,Justin Herbert,00-0036212,00-0036355,7,7,0,0,5,0,SoFi Stadium,33.9535,-118.3395,America/Los_Angeles,False,True,14,14,Sunday,False,False,0,False,False,0,5,0,AFC East,Hard Rock Stadium,25.9602,-80.2384,America/New_York,AFC West,SoFi Stadium,33.9535,-118.3395,America/Los_Angeles,San Francisco 49ers,Las Vegas Raiders,Levi's Stadium,Allegiant Stadium,Buffalo Bills,Tennessee Titans,Highmark Stadium,SoFi Stadium,2331,0,-2331,2331,3.0,0.0,America/Los_Angeles,America/Los_Angeles,0.0,0.0,0.0,0.0,0.0,0,0.66,0.935,0.66,0.935,Los Angeles Chargers,0.275,Los Angeles Chargers,0.275,0.66,0.935,Los Angeles Chargers,0.275,0.0,0,No,No,No,No,No,0,No,0.0,0.0,-0.559,-2.23,-0.6255000000000001,0.468,-0.6255000000000001,0.468,-1.2855,-0.467,-1.8445,-2.697,Los Angeles Chargers,1.0935,Los Angeles Chargers,1.0935,-0.6255000000000001,0.468,Los Angeles Chargers,1.0935,Tie,0.0,Miami Dolphins,1.6709999999999998,-0.2795,-1.115,Miami Dolphins,0.8354999999999999,Los Angeles Chargers,0.8185,Miami Dolphins,0.8525,-1.565,-1.582,Miami Dolphins,0.0170000000000001,Different,Different,Same,Different,Different,Same,False,Home Team,Away Team,54.5,146.0,-163.0,Miami Dolphins,Los Angeles Chargers,3.0,-3.0,-122,101,101,-122,-0.8185,0.8185,0.8525,-0.8525,0.6198,0.4065,0.4975,0.5495,0.5495,0.4975,0.6039,0.3961,0.4752,0.5248,0.5248,0.4752,0.6039,0.3961,0.1039,-0.1039,,,39,0.0,70.0,0.0,Dome,True,T.Tagovailoa,J.Herbert,-0.62,-2.0,13.8,190.35,Med-High,-10.0,9.0,52.53,52.0,13.817372142147107,35.0,71.0,0.5308,0.469,0.092,0.0814,0.5648,0.3956,0.4266,0.5734,15,2022-12-11,Miami Dolphins @ Los Angeles Chargers,0.4817,0.5182,108,-108,,,,,,,,No Bet,,No Bet,,No Bet,,No Bet,,No Bet,,No Bet,,No Bet,,No Bet,,No Bet,,,,,,,,,,,,,,,,,,,,,,,,,,,,,15,-0.015275,0.062325,Miami Dolphins,Los Angeles Chargers,0,0,0,0,0,0,0,0,0,0,0,0,0,2.0,2.5,,,41.94810892471878,0.8017840569140369,0.0726324865319148,0.0202537625377372,0.0169553926466878,0.068621696662799,0.6512282403130775,0.1046216677976883,0.4271427487796157,0.0016358710421475,0.0024940735227288,0.0155246149828062,0.0101826461246722,0.0126767196474011,1.0783709890926931,0.1732433644604874,0.000121888694091,0.0254714710296257,58.0,1.0,0.6039,0.3961,0.463,0.5369,0.437,0.5626,Miami Dolphins,Los Angeles Chargers,Los Angeles Chargers,Los Angeles Chargers,Miami Dolphins,Same,Same,Different,False,False,0.0041299445648764,0.0257072611074784,0.0202537625377372,0.0169553926466878,0.0041299445648764,0.0257072611074784,0.0303633140008385,0.0118837794637221,0.6702986592362166,1.0278669438237726,1.0764996898723191,0.9817426548657753,0.8640737698825015,0.9602023358574348,1.014479091998296,0.9026509168129584,0.897582699027689,0.9719971155383482
2022_14_NE_ARI,2022,15,2022-12-12,20:15,New England Patriots,Arizona Cardinals,Home,Mac Jones,Kyler Murray,00-0036972,00-0035228,11,15,-4,4,-8,-1,State Farm Stadium,33.5277,-112.262608,America/Denver,False,False,14,14,Monday,False,False,0,False,False,0,-8,-1,AFC East,Gillette Stadium,42.0628,-71.2687,America/New_York,NFC West,State Farm Stadium,33.5277,-112.262608,America/Denver,Buffalo Bills,Los Angeles Chargers,Gillette Stadium,State Farm Stadium,Las Vegas Raiders,Denver Broncos,Allegiant Stadium,Empower Field at Mile High,2289,0,-2289,2289,2.0,0.0,America/New_York,America/Denver,2.0,0.0,2.0,0.0,2.0,0,-1.995,0.075,-1.995,0.075,Arizona Cardinals,2.0700000000000003,Arizona Cardinals,2.0700000000000003,-1.995,0.075,Arizona Cardinals,2.0700000000000003,-0.15,0,No,No,No,No,No,0,No,0.0,0.0,2.058,-3.627,-2.682,-1.126,-2.682,-1.126,-0.6869999999999999,-1.201,1.3709999999999996,-4.827999999999999,Arizona Cardinals,1.5559999999999998,Arizona Cardinals,1.5559999999999998,-2.682,-1.126,Arizona Cardinals,1.5559999999999998,Tie,0.0,New England Patriots,5.685,1.029,-1.8135,New England Patriots,2.8425,New England Patriots,0.5140000000000001,New England Patriots,6.198999999999999,0.3419999999999998,-3.0145,New England Patriots,3.3565,Different,Different,Different,Different,Different,Same,False,Away Team,Away Team,44.0,113.0,-125.0,New England Patriots,Arizona Cardinals,2.0,-2.0,-104,-116,208,-261,0.5140000000000001,-0.5140000000000001,6.198999999999999,-6.198999999999999,0.5556,0.4695,0.537,0.5098,0.723,0.3247,0.542,0.458,0.513,0.487,0.6901,0.3099,0.542,0.458,0.042,-0.042,,,40,0.0,70.0,0.0,Dome,True,D.Maye,J.Brissett,3.67,5.0,14.47,209.43,High,-7.0,14.0,49.37,49.0,13.324227135776136,33.0,67.0,0.3942,0.6054,0.0774,0.0752,0.4108,0.5786,0.6238,0.3554,15,2022-12-12,New England Patriots @ Arizona Cardinals,0.4123,0.5876,143,-142,,,,,,,,No Bet,,No Bet,,No Bet,,No Bet,,No Bet,,No Bet,,No Bet,,No Bet,,No Bet,,,,,,,,,,,,,,,,,,,,,,,,,,,,,15,-0.0755,-0.2189749999999999,New England Patriots,Arizona Cardinals,0,0,0,0,0,0,1,0,0,0,1,0,0,1.5,0.0,,,41.94810892471878,0.9717644272061342,0.7182552896073625,0.0281092839964721,0.037899475394886,0.1298055871077471,0.2491819525110681,0.1536127253545829,0.2105633473248508,0.0030944323936199,0.0036619702125371,0.0059402428118573,0.0050196147745952,0.0086815849871324,0.4597452998359189,0.28341831246233,0.0019074260654833,0.0074058364075958,58.0,1.0,0.542,0.458,0.5202,0.4794,0.552,0.4468,New England Patriots,New England Patriots,New England Patriots,New England Patriots,New England Patriots,Same,Same,Same,False,False,0.006756402606157,0.0109598575864525,0.0281092839964721,0.037899475394886,0.006756402606157,0.0109598575864525,0.0413151684774828,0.054394976613499,0.7850009790394427,0.9131646240205433,1.0132642484282395,1.0449780963098536,0.5725805323912116,1.251695573348721,0.7646839004405208,1.1524461083707314,0.7794831427037113,1.090096671862327
2022_15_SF_SEA,2022,16,2022-12-15,20:15,San Francisco 49ers,Seattle Seahawks,Home,Brock Purdy,Geno Smith,00-0037834,00-0030565,4,4,0,0,0,0,Lumen Field,47.5952,-122.3316,America/Los_Angeles,False,False,15,15,Thursday,False,False,0,False,False,0,0,0,NFC West,Levi's Stadium,37.4031,-121.9702,America/Los_Angeles,NFC West,Lumen Field,47.5952,-122.3316,America/Los_Angeles,Tampa Bay Buccaneers,Carolina Panthers,Levi's Stadium,Lumen Field,Washington Commanders,Kansas City Chiefs,Levi's Stadium,GEHA Field at Arrowhead Stadium,704,0,-704,704,0.0,0.0,America/Los_Angeles,America/Los_Angeles,0.0,0.0,0.0,0.0,0.0,0,3.325,-0.13,3.325,-0.13,San Francisco 49ers,3.455,San Francisco 49ers,3.455,3.325,-0.13,San Francisco 49ers,3.455,0.0,0,No,No,No,No,No,1,No,0.0,0.0,3.919,0.849,3.2582700000000004,-0.19427,3.2582700000000004,-0.19427,-0.03218,-0.09882,3.85612,0.7808799999999999,San Francisco 49ers,3.4525400000000004,San Francisco 49ers,3.4525400000000004,3.2582700000000004,-0.19427,San Francisco 49ers,3.4525400000000004,Tie,0.0,San Francisco 49ers,3.0700000000000003,1.9595,0.4245,San Francisco 49ers,1.535,San Francisco 49ers,0.06664,San Francisco 49ers,3.0752400000000004,1.91197,0.3410299999999999,San Francisco 49ers,1.5709400000000002,Different,Same,Same,Same,Different,Same,True,Away Team,Away Team,43.0,152.0,-169.0,San Francisco 49ers,Seattle Seahawks,3.0,-3.0,-110,-110,135,-164,0.06664,-0.06664,3.0752400000000004,-3.0752400000000004,0.6283,0.3968,0.5238,0.5238,0.6212,0.4255,0.6129,0.3871,0.5,0.5,0.5935,0.4065,0.6129,0.3871,0.1129,-0.1129,,,41,12.0,42.0,0.0,Historical Avg,False,B.Purdy,S.Darnold,6.73,7.0,14.06,197.82,High,-3.0,17.0,48.08,47.0,13.11049275061898,32.0,65.0,0.312,0.6876,0.0742,0.0824,0.3432,0.616,0.6092,0.349,16,2022-12-15,San Francisco 49ers @ Seattle Seahawks,0.4014,0.5985,149,-149,,,,,,,,No Bet,,No Bet,,No Bet,,No Bet,,No Bet,,No Bet,,No Bet,,No Bet,,No Bet,,,,,,,,,,,,,,,,,,,,,,,,,,,,,16,0.2985333333333334,-0.0454999999999999,San Francisco 49ers,Seattle Seahawks,0,0,0,0,1,0,0,1,0,0,1,1,1,5.0,2.0,,,28.051729856904345,0.4729759743040812,0.0189198505129352,0.0113952119090601,0.0121917985423677,0.0160520935573847,0.3252871968213559,0.0254154692361691,0.2054473387005169,0.0005722318601836,0.0009060214598463,0.011595976379378,0.0073238741335572,0.0082298955934036,0.5307345355218729,0.0414675627935538,0.0002662591667511,0.0189198505129352,34.0,24.0,0.6129,0.3871,0.6002,0.3996,0.6154,0.3838,San Francisco 49ers,San Francisco 49ers,San Francisco 49ers,San Francisco 49ers,San Francisco 49ers,Same,Same,Same,False,False,0.00147825332003,0.0189198505129352,0.0113952119090601,0.0121917985423677,0.00147825332003,0.0189198505129352,0.0177791520254369,0.0083760457817076,0.6957619167808845,1.0998699953439346,1.0186443553432922,1.0167763779490606,0.7628755323180556,1.111964173447051,0.6873072165279672,1.5125738953976622,0.7943458610910372,1.1824828459943308
2022_15_IND_MIN,2022,16,2022-12-17,13:00,Indianapolis Colts,Minnesota Vikings,Home,Matt Ryan,Kirk Cousins,00-0026143,00-0029604,13,6,7,-7,-3,-1,U.S. Bank Stadium,44.9738,-93.2575,America/Chicago,False,False,15,15,Saturday,False,False,0,False,False,0,-3,-1,AFC South,Lucas Oil Stadium,39.7601,-86.1638,America/Indiana/Indianapolis,NFC North,U.S. Bank Stadium,44.9738,-93.2575,America/Chicago,Dallas Cowboys,Detroit Lions,AT&T Stadium,Ford Field,Los Angeles Chargers,New York Giants,Lucas Oil Stadium,U.S. Bank Stadium,510,0,-510,510,1.0,0.0,America/Chicago,America/Detroit,0.0,1.0,0.0,0.0,0.0,0,-2.265,0.27,-2.265,0.27,Minnesota Vikings,2.535,Minnesota Vikings,2.535,-2.265,0.27,Minnesota Vikings,2.535,0.0,0,No,No,No,No,No,0,Yes,0.0,0.0,-1.962,-1.139,-2.748,0.2294999999999999,-2.748,0.2294999999999999,-0.483,-0.0405,-2.445,-1.1795,Minnesota Vikings,2.9775,Minnesota Vikings,2.9775,-2.748,0.2294999999999999,Minnesota Vikings,2.9775,Tie,0.0,Minnesota Vikings,0.823,-0.981,-0.5695,Minnesota Vikings,0.4115,Minnesota Vikings,0.4424999999999999,Minnesota Vikings,1.2654999999999998,-1.464,-0.6100000000000001,Minnesota Vikings,0.8539999999999999,Different,Same,Same,Same,Different,Same,False,Home Team,Home Team,46.5,-188.0,168.0,Minnesota Vikings,Indianapolis Colts,-3.5,3.5,-116,-104,-128,105,-0.4424999999999999,0.4424999999999999,-1.2654999999999998,1.2654999999999998,0.3731,0.6528,0.5098,0.537,0.4878,0.5614,0.3637,0.6363,0.487,0.513,0.4649,0.5351,0.3637,0.6363,-0.1363,0.1363,,,42,0.0,70.0,0.0,Dome,True,D.Jones,M.Brosmer,3.88,5.0,13.56,183.82,Med-High,-6.0,13.0,46.61,46.0,13.076471191409553,30.0,64.0,0.3882,0.6114,0.0846,0.0868,0.311,0.689,0.4886,0.5114,16,2022-12-17,Indianapolis Colts @ Minnesota Vikings,0.5182,0.4818,-108,108,,,,,,,,No Bet,,No Bet,,No Bet,,No Bet,,No Bet,,No Bet,,No Bet,,No Bet,,No Bet,,,,,,,,,,,,,,,,,,,,,,,,,,,,,16,-0.0792333333333333,0.0833,Minnesota Vikings,Indianapolis Colts,0,0,0,0,0,1,0,0,0,0,0,1,0,1.5,3.0,,,28.051729856904345,0.3682265144560599,0.981962960690693,0.0437369506820036,0.0156523114319239,1.1304205962991825,0.0259125691243931,0.6461322817444801,0.0453345277257391,0.0402977143322572,0.023033598463998,0.0009237422881432,0.0016161045310573,0.0246497029950553,0.0712470968501323,1.7765528780436626,0.0625475736914231,2.222046647731624e-05,34.0,24.0,0.3637,0.6363,0.529,0.4705,0.58,0.4182,Minnesota Vikings,Indianapolis Colts,Indianapolis Colts,Indianapolis Colts,Minnesota Vikings,Same,Same,Different,False,False,0.0633313127962552,0.0025398468192005,0.0437369506820036,0.0156523114319239,0.0633313127962552,0.0025398468192005,0.0315585710410898,0.0239261692781937,1.1190807143575592,0.6765511977672582,1.011303631069433,1.0241171022229105,0.9757986463834012,0.899041059381702,0.8179657910555429,1.3819153208700865,0.9933948397923457,0.9834338672930153
2022_15_BAL_CLE,2022,16,2022-12-17,16:30,Baltimore Ravens,Cleveland Browns,Home,Tyler Huntley,Deshaun Watson,00-0035993,00-0033537,6,6,0,0,-4,2,FirstEnergy Stadium,41.5061,-81.6994,America/New_York,False,True,15,15,Saturday,False,False,0,False,False,0,-4,2,AFC North,M&T Bank Stadium,39.2789,-76.6228,America/New_York,AFC North,FirstEnergy Stadium,41.5061,-81.6994,America/New_York,Pittsburgh Steelers,Cincinnati Bengals,Acrisure Stadium,Paycor Stadium,Atlanta Falcons,New Orleans Saints,M&T Bank Stadium,FirstEnergy Stadium,308,0,-308,308,0.0,0.0,America/New_York,America/New_York,0.0,0.0,0.0,0.0,0.0,0,6.69,-4.705,6.69,-4.705,Baltimore Ravens,11.395,Baltimore Ravens,11.395,6.69,-4.705,Baltimore Ravens,11.395,0.0,0,No,No,No,No,No,1,No,0.0,0.0,5.347,0.449,6.798165,-3.0836650000000003,6.798165,-3.0836650000000003,0.2221149999999999,1.5073850000000002,5.520135,2.005365,Baltimore Ravens,9.88183,Baltimore Ravens,9.88183,6.798165,-3.0836650000000003,Baltimore Ravens,9.88183,Tie,0.0,Baltimore Ravens,4.898000000000001,2.6735,0.2245,Baltimore Ravens,2.4490000000000003,Cleveland Browns,1.28527,Baltimore Ravens,3.51477,2.871125,1.756375,Baltimore Ravens,1.1147499999999997,Different,Same,Different,Same,Different,Same,False,Home Team,Away Team,39.5,-155.0,139.0,Cleveland Browns,Baltimore Ravens,-2.5,2.5,-128,105,156,-191,-1.28527,1.28527,3.51477,-3.51477,0.4184,0.6078,0.4878,0.5614,0.6564,0.3906,0.4077,0.5923,0.4649,0.5351,0.6269,0.3731,0.4077,0.5923,-0.0923,0.0923,34.0,12.0,43,12.0,34.0,0.0,nfl_read_py Fallback,False,L.Jackson,S.Sanders,8.82,10.0,13.55,183.55,Med-High,-1.0,18.0,45.9,45.0,12.838286602213556,30.0,63.0,0.2518,0.7468,0.0768,0.0664,0.2258,0.7742,0.6742,0.3258,16,2022-12-17,Baltimore Ravens @ Cleveland Browns,0.4381,0.5616,128,-128,,,,,,,,No Bet,,No Bet,,No Bet,,No Bet,,No Bet,,No Bet,,No Bet,,No Bet,,No Bet,,,,,,,,,,,,,,,,,,,,,,,,,,,,,16,-0.0280333333333333,0.0098,Cleveland Browns,Baltimore Ravens,0,0,0,0,1,1,0,0,0,0,1,1,1,2.0,2.5,,,28.051729856904345,0.5014234963847941,0.0,0.0284298307152038,0.0,0.1870550965204611,0.0,0.1287563107401519,0.0,0.006668219659702,0.0045899597421248,0.0,0.0,0.0045899597421248,0.0,0.3158114072606131,0.0099981998263508,0.0,34.0,24.0,0.4077,0.5923,0.5106,0.4891,0.7172,0.2816,Cleveland Browns,Baltimore Ravens,Baltimore Ravens,Baltimore Ravens,Baltimore Ravens,Same,Same,Same,False,False,0.0112581794018269,0.0,0.0284298307152038,0.0,0.0112581794018269,0.0,0.0389904114292288,0.0002582826939478,1.0388891792196533,0.0,1.0559157599255788,0.0,0.6739567607161481,0.0,0.5256023837569912,0.0,0.8354664548385562,0.0
2022_15_MIA_BUF,2022,16,2022-12-17,20:15,Miami Dolphins,Buffalo Bills,Home,Tua Tagovailoa,Josh Allen,00-0036212,00-0034857,6,6,0,0,5,13,Highmark Stadium,42.7725,-78.7877,America/New_York,False,True,15,15,Saturday,False,False,0,False,False,0,5,13,AFC East,Hard Rock Stadium,25.9602,-80.2384,America/New_York,AFC East,Highmark Stadium,42.7725,-78.7877,America/New_York,Los Angeles Chargers,New York Jets,SoFi Stadium,Highmark Stadium,Green Bay Packers,Chicago Bears,Hard Rock Stadium,Soldier Field,1164,0,-1164,1164,0.0,0.0,America/Los_Angeles,America/New_York,-3.0,0.0,0.0,0.0,0.0,0,0.66,4.795,0.66,4.795,Buffalo Bills,4.135,Buffalo Bills,4.135,0.66,4.795,Buffalo Bills,4.135,0.0,0,No,No,No,No,No,1,No,0.0,0.0,-0.559,9.574,-0.550425,6.806925000000001,-0.550425,6.806925000000001,-1.251775,2.053275,-1.709445,11.525945,Buffalo Bills,7.35735,Buffalo Bills,7.35735,-0.550425,6.806925000000001,Buffalo Bills,7.35735,Tie,0.0,Buffalo Bills,10.133,-0.2795,4.787,Buffalo Bills,5.0665,Buffalo Bills,3.3050500000000005,Buffalo Bills,13.23539,-1.48061,6.78961,Buffalo Bills,8.27022,Different,Same,Same,Same,Different,Same,False,Home Team,Home Team,44.0,-320.0,273.0,Buffalo Bills,Miami Dolphins,-7.0,7.0,-191,156,-729,494,-3.3050500000000005,3.3050500000000005,-13.23539,13.23539,0.2681,0.7619,0.3906,0.6564,0.1684,0.8794,0.2603,0.7397,0.3731,0.6269,0.1607,0.8393,0.2603,0.7397,-0.2397,0.2397,29.0,4.0,44,4.0,29.0,0.0,nfl_read_py Fallback,False,T.Tagovailoa,J.Allen,-5.57,-7.0,13.77,189.7,Med-High,-15.0,4.0,52.86,52.0,14.281311473792671,35.0,71.0,0.6644,0.335,0.0842,0.0828,0.4538,0.4982,0.708,0.2632,16,2022-12-17,Miami Dolphins @ Buffalo Bills,0.7176,0.2823,-254,254,,,,,,,,No Bet,,No Bet,,No Bet,,No Bet,,No Bet,,No Bet,,No Bet,,No Bet,,No Bet,,,,,,,,,,,,,,,,,,,,,,,,,,,,,16,0.0595333333333333,0.2626,Buffalo Bills,Miami Dolphins,0,0,0,0,0,1,0,0,0,0,0,1,1,3.0,4.5,,,28.051729856904345,0.0,0.0494172251688873,0.0089442484677114,0.0016142742265212,0.0,0.0017707545533995,0.0,0.0050319905614662,0.0,0.0,6.312461165255886e-05,0.0001793825402973,0.0001793825402973,0.0068027451148658,0.0,0.0,0.000116102573363,34.0,24.0,0.2603,0.7397,0.2967,0.703,0.2732,0.7256,Buffalo Bills,Buffalo Bills,Buffalo Bills,Buffalo Bills,Buffalo Bills,Same,Same,Same,False,False,0.0,0.0002425071519498,0.0089442484677114,0.0016142742265212,0.0,0.0002425071519498,0.0147707667306288,0.002919535060539,1.323167485449357,0.4724644266754617,1.2679263291592653,0.767494404133083,1.5696329669154652,0.30520673884963523,1.4525215029344183,0.7473596089912161,1.411949395997452,0.5648793110879187
2022_15_PIT_CAR,2022,16,2022-12-18,13:00,Pittsburgh Steelers,Carolina Panthers,Home,Kenny Pickett,Sam Darnold,00-0038102,00-0034869,7,7,0,0,-4,6,Bank of America Stadium,35.2258,-80.8528,America/New_York,False,False,15,15,Sunday,False,False,0,False,False,0,-4,6,AFC North,Acrisure Stadium,40.4468,-80.0158,America/New_York,NFC South,Bank of America Stadium,35.2258,-80.8528,America/New_York,Baltimore Ravens,Seattle Seahawks,Acrisure Stadium,Lumen Field,Las Vegas Raiders,Detroit Lions,Acrisure Stadium,Bank of America Stadium,363,0,-363,363,0.0,0.0,America/New_York,America/Los_Angeles,0.0,-3.0,0.0,0.0,0.0,0,-0.565,-5.25,-0.565,-5.25,Pittsburgh Steelers,4.6850000000000005,Pittsburgh Steelers,4.6850000000000005,-0.565,-5.25,Pittsburgh Steelers,4.6850000000000005,0.0,0,No,No,No,No,No,0,No,0.0,0.0,-1.727,-5.097,-1.7435,-2.3395,-1.7435,-2.3395,-1.1785,2.9105,-2.9055,-2.186500000000001,Pittsburgh Steelers,0.5960000000000001,Pittsburgh Steelers,0.5960000000000001,-1.7435,-2.3395,Pittsburgh Steelers,0.5960000000000001,Tie,0.0,Pittsburgh Steelers,3.37,-0.8635,-2.5485,Pittsburgh Steelers,1.685,Carolina Panthers,4.089,Carolina Panthers,0.7189999999999994,-2.042,0.3619999999999996,Carolina Panthers,2.4039999999999995,Different,Different,Different,Different,Different,Different,False,Home Team,Home Team,36.5,-145.0,130.0,Carolina Panthers,Pittsburgh Steelers,-2.5,2.5,-211,171,-116,-104,-4.089,4.089,-0.7189999999999994,0.7189999999999994,0.4348,0.5918,0.369,0.6785,0.5098,0.537,0.4235,0.5765,0.3523,0.6477,0.487,0.513,0.4235,0.5765,-0.0765,0.0765,47.0,7.0,45,7.0,47.0,0.0,nfl_read_py Fallback,False,A.Rodgers,B.Young,9.23,10.0,13.37,178.85,Medium,1.0,18.0,49.32,49.0,13.104207723170845,33.0,67.0,0.2428,0.756,0.0806,0.074,0.2186,0.7814,0.8388,0.1612,16,2022-12-18,Pittsburgh Steelers @ Carolina Panthers,0.495,0.5047,102,-102,,,,,,,,No Bet,,No Bet,,No Bet,,No Bet,,No Bet,,No Bet,,No Bet,,No Bet,,No Bet,,,,,,,,,,,,,,,,,,,,,,,,,,,,,16,0.036,-0.1021,Carolina Panthers,Pittsburgh Steelers,0,0,0,0,1,0,0,1,0,0,1,1,0,2.5,1.5,,,28.051729856904345,0.996996233203764,0.981825483309244,0.050273175842793,0.0164873125616266,0.3728085077411714,0.0351375556223215,0.2738671344811554,0.0478318791411295,0.013290036288062,0.0097629321214124,0.0012525985314118,0.0017051311767625,0.011468063298175,0.082969434763451,0.6466756422223269,0.0205494281164431,0.0004415309199351,34.0,24.0,0.4235,0.5765,0.5398,0.4599,0.8122,0.1868,Carolina Panthers,Pittsburgh Steelers,Pittsburgh Steelers,Pittsburgh Steelers,Pittsburgh Steelers,Same,Same,Same,False,False,0.0230529684094744,0.0029577297081744,0.050273175842793,0.0164873125616266,0.0230529684094744,0.0029577297081744,0.0666459615826171,0.025003546031783,1.005581784893415,0.7900501272314084,1.28136817505119,0.7540525582411589,0.9287816645441728,0.9460580412209345,0.5015984395679308,1.698282672357702,0.9413726504477509,1.035456056637628
2022_15_PHI_CHI,2022,16,2022-12-18,13:00,Philadelphia Eagles,Chicago Bears,Home,Jalen Hurts,Justin Fields,00-0036389,00-0036945,7,14,-7,7,-2,7,Soldier Field,41.8623,-87.6167,America/Chicago,False,True,15,15,Sunday,False,False,0,False,False,0,-2,7,NFC East,Lincoln Financial Field,39.9008,-75.1675,America/New_York,NFC North,Soldier Field,41.8623,-87.6167,America/Chicago,New York Giants,Green Bay Packers,MetLife Stadium,Soldier Field,Dallas Cowboys,Buffalo Bills,AT&T Stadium,Soldier Field,663,0,-663,663,1.0,0.0,America/New_York,America/Chicago,1.0,0.0,1.0,0.0,1.0,0,4.905,-1.575,4.905,-1.575,Philadelphia Eagles,6.48,Philadelphia Eagles,6.48,4.905,-1.575,Philadelphia Eagles,6.48,0.0,0,No,No,No,No,No,0,No,0.0,0.0,4.764,-4.597,4.277500000000001,-0.1084999999999997,4.277500000000001,-0.1084999999999997,-0.6275000000000001,1.4665,4.136500000000001,-3.1305,Philadelphia Eagles,4.386,Philadelphia Eagles,4.386,4.277500000000001,-0.1084999999999997,Philadelphia Eagles,4.386,Tie,0.0,Philadelphia Eagles,9.361,2.382,-2.2985,Philadelphia Eagles,4.6805,Chicago Bears,2.094,Philadelphia Eagles,7.267000000000001,1.7545000000000004,-0.8320000000000001,Philadelphia Eagles,2.5865000000000005,Different,Same,Different,Same,Different,Same,False,Home Team,Away Team,48.0,323.0,-386.0,Philadelphia Eagles,Chicago Bears,8.5,-8.5,-131,108,268,-346,-2.094,2.094,7.267000000000001,-7.267000000000001,0.7942,0.2364,0.4808,0.5671,0.7758,0.2717,0.7706,0.2294,0.4588,0.5412,0.7406,0.2594,0.7706,0.2294,0.2706,-0.2706,17.0,17.0,46,17.0,17.0,0.0,nfl_read_py Fallback,False,J.Hurts,C.Williams,16.42,17.0,13.55,183.57,Med-High,8.0,25.0,43.97,43.0,12.951118489691414,27.0,61.0,0.1122,0.8876,0.0394,0.0382,0.2502,0.7498,0.342,0.6348,16,2022-12-18,Philadelphia Eagles @ Chicago Bears,0.2856,0.7144,250,-250,,,,,,,,No Bet,,No Bet,,No Bet,,No Bet,,No Bet,,No Bet,,No Bet,,No Bet,,No Bet,,,,,,,,,,,,,,,,,,,,,,,,,,,,,16,0.1409,-0.2103,Philadelphia Eagles,Chicago Bears,0,0,0,0,0,0,1,1,0,0,1,1,0,3.5,0.5,,,28.051729856904345,0.9715630654320244,0.0,0.0157547629391564,0.0065274429778757,0.0212531208636563,0.0,0.0713934391348455,0.0,0.0007576402942731,0.0025450636912245,0.0,0.0,0.0025450636912245,0.0,0.0926465599985018,0.0008137717071494,0.0,34.0,24.0,0.7706,0.2294,0.6415,0.3583,0.8554,0.1438,Philadelphia Eagles,Philadelphia Eagles,Philadelphia Eagles,Philadelphia Eagles,Philadelphia Eagles,Same,Same,Same,False,False,0.0033027039854976,0.0,0.0157547629391564,0.0065274429778757,0.0033027039854976,0.0,0.0236228429624884,0.0109121704833505,0.4061783049754791,1.3894536071493417,1.0908061914518445,0.9446145418405039,0.47946354406072683,1.3953761617043794,0.2418586320788594,1.958022479846775,0.5563425758045525,1.4204861312808235
2022_15_KC_HOU,2022,16,2022-12-18,13:00,Kansas City Chiefs,Houston Texans,Home,Patrick Mahomes,Davis Mills,00-0033873,00-0036898,7,7,0,0,9,-8,NRG Stadium,29.6847,-95.4093,America/Chicago,False,True,15,15,Sunday,False,False,0,False,False,0,9,-8,AFC West,GEHA Field at Arrowhead Stadium,39.0489,-94.4839,America/Chicago,AFC South,NRG Stadium,29.6847,-95.4093,America/Chicago,Denver Broncos,Dallas Cowboys,Empower Field at Mile High,AT&T Stadium,Seattle Seahawks,Tennessee Titans,GEHA Field at Arrowhead Stadium,Nissan Stadium,649,0,-649,649,0.0,0.0,America/Denver,America/Chicago,-1.0,0.0,0.0,0.0,0.0,0,4.395,0.035,4.395,0.035,Kansas City Chiefs,4.359999999999999,Kansas City Chiefs,4.359999999999999,4.395,0.035,Kansas City Chiefs,4.359999999999999,0.0,0,No,No,No,No,No,0,No,0.0,0.0,6.793,-9.249,5.2025,-1.754,5.2025,-1.754,0.8075,-1.789,7.6005,-11.038,Kansas City Chiefs,6.9565,Kansas City Chiefs,6.9565,5.2025,-1.754,Kansas City Chiefs,6.9565,Tie,0.0,Kansas City Chiefs,16.042,3.3965,-4.6245,Kansas City Chiefs,8.021,Kansas City Chiefs,2.5965000000000003,Kansas City Chiefs,18.6385,4.204,-6.4135,Kansas City Chiefs,10.6175,Different,Same,Same,Same,Different,Same,False,Away Team,Away Team,48.5,572.0,-755.0,Kansas City Chiefs,Houston Texans,14.5,-14.5,117,-142,1079,-2590,2.5965000000000003,-2.5965000000000003,18.6385,-18.6385,0.883,0.1488,0.5868,0.4608,0.9628,0.0848,0.8558,0.1442,0.5601,0.4399,0.919,0.081,0.8558,0.1442,0.3558,-0.3558,,,47,0.0,70.0,0.0,Dome,True,P.Mahomes,C.Stroud,16.1,16.0,13.44,180.52,Med-High,7.0,25.0,59.42,59.0,13.934622734116214,42.0,78.0,0.122,0.8778,0.047,0.0518,0.4494,0.5506,0.7806,0.2194,16,2022-12-18,Kansas City Chiefs @ Houston Texans,0.1968,0.8032,408,-408,,,,,,,,No Bet,,No Bet,,No Bet,,No Bet,,No Bet,,No Bet,,No Bet,,No Bet,,No Bet,,,,,,,,,,,,,,,,,,,,,,,,,,,,,16,0.3068333333333333,-0.1072,Kansas City Chiefs,Houston Texans,0,0,0,0,1,0,0,1,0,0,1,1,0,5.0,1.5,,,28.051729856904345,0.9990532893553212,0.0,0.0155261192581188,0.0212150479974907,0.0116315010806508,0.0,0.0690307810320459,0.0,0.0004146446989182,0.0024608386500291,0.0,0.0,0.0024608386500291,0.0,0.0806622821126968,0.0003147887309839,0.0,34.0,24.0,0.8558,0.1442,0.7866,0.2134,0.8928,0.1072,Kansas City Chiefs,Kansas City Chiefs,Kansas City Chiefs,Kansas City Chiefs,Kansas City Chiefs,Same,Same,Same,False,False,0.0028754833489473,0.0,0.0155261192581188,0.0212150479974907,0.0028754833489473,0.0,0.023519272646445,0.0343619424441234,0.2614510823691007,1.5341808297557182,0.9019665148375586,1.1334542184547896,0.15354040088291726,1.7212993048821879,0.2717901915435629,1.928090920382074,0.3930523664404662,1.5837763406449015
2022_15_DAL_JAX,2022,16,2022-12-18,13:00,Dallas Cowboys,Jacksonville Jaguars,Home,Dak Prescott,Trevor Lawrence,00-0033077,00-0036971,7,7,0,0,5,-2,TIAA Bank Field,30.3239,-81.6554,America/New_York,False,False,15,15,Sunday,False,False,0,False,False,0,5,-2,NFC East,AT&T Stadium,32.7369,-97.0826,America/Chicago,AFC South,TIAA Bank Field,30.3239,-81.6554,America/New_York,Houston Texans,Tennessee Titans,AT&T Stadium,Nissan Stadium,Philadelphia Eagles,New York Jets,AT&T Stadium,MetLife Stadium,922,0,-922,922,-1.0,0.0,America/Chicago,America/Chicago,-1.0,-1.0,-1.0,0.0,-1.0,0,-0.615,-1.825,-0.615,-1.825,Dallas Cowboys,1.21,Dallas Cowboys,1.21,-0.615,-1.825,Dallas Cowboys,1.21,0.0,0,No,No,No,No,No,0,No,0.0,0.0,6.589,-3.671,0.6155000000000002,-2.1115,0.6155000000000002,-2.1115,1.2305,-0.2865,7.819500000000001,-3.9575,Dallas Cowboys,2.7270000000000003,Dallas Cowboys,2.7270000000000003,0.6155000000000002,-2.1115,Dallas Cowboys,2.7270000000000003,Tie,0.0,Dallas Cowboys,10.26,3.2945,-1.8355,Dallas Cowboys,5.13,Dallas Cowboys,1.517,Dallas Cowboys,11.777,4.525,-2.122,Dallas Cowboys,6.647,Different,Same,Same,Same,Different,Same,False,Away Team,Away Team,48.5,168.0,-188.0,Dallas Cowboys,Jacksonville Jaguars,4.0,-4.0,105,-128,458,-660,1.517,-1.517,11.777,-11.777,0.6528,0.3731,0.5614,0.4878,0.8684,0.1792,0.6363,0.3637,0.5351,0.4649,0.8289,0.1711,0.6363,0.3637,0.1363,-0.1363,54.0,9.0,48,9.0,54.0,0.0,nfl_read_py Fallback,False,D.Prescott,T.Lawrence,6.54,7.0,14.19,201.41,High,-3.0,16.0,58.92,58.0,14.604968519688503,41.0,78.0,0.313,0.687,0.0814,0.0794,0.4004,0.5682,0.7546,0.2454,16,2022-12-18,Dallas Cowboys @ Jacksonville Jaguars,0.3282,0.6718,205,-205,,,,,,,,No Bet,,No Bet,,No Bet,,No Bet,,No Bet,,No Bet,,No Bet,,No Bet,,No Bet,,,,,,,,,,,,,,,,,,,,,,,,,,,,,16,0.2478333333333333,0.0917,Dallas Cowboys,Jacksonville Jaguars,0,0,0,0,1,0,0,1,0,0,1,1,0,4.5,3.0,,,28.051729856904345,0.9964484947771268,0.0,0.0154553233588986,0.0061577485880336,0.0286857310648353,0.0,0.0501862267708405,0.0,0.0010226011447837,0.0017890599626777,0.0,0.0,0.0017890599626777,0.0,0.0788719578356758,0.0002574981088012,0.0,34.0,24.0,0.6363,0.3637,0.6752,0.3246,0.6874,0.312,Dallas Cowboys,Dallas Cowboys,Dallas Cowboys,Dallas Cowboys,Dallas Cowboys,Same,Same,Same,False,False,0.0028116611074615,0.0,0.0154553233588986,0.0061577485880336,0.0028116611074615,0.0,0.023445303727767,0.0103219279539936,0.6454593473271785,1.150172564797644,0.9354419284306864,1.0999788048616614,0.3156948326955262,1.559144873069578,0.6776450844308162,1.5222360274948175,0.6398060211784413,1.3370226859069316
2022_15_ATL_NO,2022,16,2022-12-18,13:00,Atlanta Falcons,New Orleans Saints,Home,Desmond Ridder,Andy Dalton,00-0038122,00-0027973,14,13,1,-1,-8,-8,Caesars Superdome,29.9507,-90.0813,America/Chicago,False,False,15,15,Sunday,False,False,0,False,False,0,-8,-8,NFC South,Mercedes-Benz Stadium,33.7489,-84.388,America/New_York,NFC South,Caesars Superdome,29.9507,-90.0813,America/Chicago,Pittsburgh Steelers,Tampa Bay Buccaneers,Mercedes-Benz Stadium,Raymond James Stadium,Baltimore Ravens,Cleveland Browns,M&T Bank Stadium,FirstEnergy Stadium,424,0,-424,424,1.0,0.0,America/New_York,America/New_York,1.0,1.0,1.0,0.0,1.0,0,-0.71,-6.145,-0.71,-6.145,Atlanta Falcons,5.435,Atlanta Falcons,5.435,-0.71,-6.145,Atlanta Falcons,5.435,0.0,0,No,No,No,No,No,1,No,0.0,0.0,-6.495,0.364,-3.41051,-4.4404900000000005,-3.41051,-4.4404900000000005,-2.64616,1.6501599999999998,-9.07257,1.94557,Atlanta Falcons,1.0299800000000006,Atlanta Falcons,1.0299800000000006,-3.41051,-4.4404900000000005,Atlanta Falcons,1.0299800000000006,Tie,0.0,New Orleans Saints,6.859,-3.2475,0.182,New Orleans Saints,3.4295,New Orleans Saints,4.29632,New Orleans Saints,11.01814,-5.859365,1.7978649999999998,New Orleans Saints,7.65723,Different,Different,Different,Different,Different,Same,False,Home Team,Home Team,43.5,-231.0,203.0,New Orleans Saints,Atlanta Falcons,-5.0,5.0,-224,181,-567,406,-4.29632,4.29632,-11.01814,11.01814,0.33,0.6979,0.3559,0.6914,0.1976,0.8501,0.3211,0.6789,0.3398,0.6602,0.1886,0.8114,0.3211,0.6789,-0.1789,0.1789,,,49,0.0,70.0,0.0,Dome,True,K.Cousins,T.Shough,1.24,2.0,13.33,177.74,Medium,-8.0,10.0,46.1,46.0,13.285641181829444,29.0,63.0,0.467,0.5318,0.0974,0.092,0.3322,0.6442,0.5542,0.4458,16,2022-12-18,Atlanta Falcons @ New Orleans Saints,0.6544,0.3453,-189,190,,,,,,,,No Bet,,No Bet,,No Bet,,No Bet,,No Bet,,No Bet,,No Bet,,No Bet,,No Bet,,,,,,,,,,,,,,,,,,,,,,,,,,,,,16,0.0619,-0.0587333333333333,New Orleans Saints,Atlanta Falcons,0,0,0,0,0,0,1,1,0,0,1,1,1,3.0,2.0,,,28.051729856904345,0.8168134319541742,0.8428215539851663,0.2465150644138616,0.0146781319730718,6.828373184118364,0.0219405127946424,3.2296223735755003,0.0463887079921605,0.2434207522655756,0.1151309523530363,0.0007821447342664,0.0016536843976751,0.1167846367507114,0.068329220786803,10.057995557693864,0.3573737338469972,0.0002756011187598,34.0,24.0,0.3211,0.6789,0.4246,0.5751,0.4104,0.588,New Orleans Saints,New Orleans Saints,New Orleans Saints,Atlanta Falcons,New Orleans Saints,Same,Different,Same,False,False,0.3585517046186119,0.0024358291319415,0.2465150644138616,0.0146781319730718,0.3585517046186119,0.0024358291319415,0.174621829566053,0.0224344874716325,1.0284991505499426,0.7671327615748788,1.0934370092517773,0.9419837240405714,1.3478173136794025,0.5270223920857019,0.7606664359692762,1.439214675956355,1.0568017940607959,0.9200269130245802
2022_15_DET_NYJ,2022,16,2022-12-18,13:00,Detroit Lions,New York Jets,Home,Jared Goff,Zach Wilson,00-0033106,00-0037013,7,7,0,0,11,-10,MetLife Stadium,40.8136,-74.0744,America/New_York,False,False,15,15,Sunday,False,False,0,False,False,0,11,-10,NFC North,Ford Field,42.3395,-83.045,America/Detroit,AFC East,MetLife Stadium,40.8136,-74.0744,America/New_York,Minnesota Vikings,Buffalo Bills,Ford Field,Highmark Stadium,Carolina Panthers,Jacksonville Jaguars,Bank of America Stadium,MetLife Stadium,475,0,-475,475,0.0,0.0,America/Detroit,America/New_York,0.0,0.0,0.0,0.0,0.0,0,4.305,-3.725,4.305,-3.725,Detroit Lions,8.03,Detroit Lions,8.03,4.305,-3.725,Detroit Lions,8.03,0.0,0,No,No,No,No,No,0,No,0.0,0.0,-1.723,-1.343,4.4365,-3.9485,4.4365,-3.9485,0.1315,-0.2234999999999999,-1.5915,-1.5665,Detroit Lions,8.385,Detroit Lions,8.385,4.4365,-3.9485,Detroit Lions,8.385,Tie,0.0,New York Jets,0.3800000000000001,-0.8615,-0.6715,New York Jets,0.19,Detroit Lions,0.355,New York Jets,0.0249999999999999,-0.73,-0.895,Detroit Lions,0.165,Different,Different,Same,Different,Different,Same,False,Away Team,Home Team,44.0,-132.0,120.0,New York Jets,Detroit Lions,-2.0,2.0,-104,-116,-110,-110,0.355,-0.355,-0.0249999999999999,0.0249999999999999,0.4545,0.569,0.537,0.5098,0.5238,0.5238,0.4441,0.5559,0.513,0.487,0.5,0.5,0.4441,0.5559,-0.0559,0.0559,38.0,13.0,50,13.0,38.0,0.0,nfl_read_py Fallback,False,J.Goff,T.Taylor,6.4,7.0,13.88,192.77,Med-High,-4.0,16.0,48.05,47.0,13.466590109223416,31.0,66.0,0.3232,0.6756,0.0828,0.0814,0.2912,0.6954,0.582,0.3908,16,2022-12-18,Detroit Lions @ New York Jets,0.4665,0.5332,114,-114,,,,,,,,No Bet,,No Bet,,No Bet,,No Bet,,No Bet,,No Bet,,No Bet,,No Bet,,No Bet,,,,,,,,,,,,,,,,,,,,,,,,,,,,,16,0.0024,-0.0232666666666666,New York Jets,Detroit Lions,0,0,0,0,1,1,0,0,0,0,1,1,0,2.5,2.0,,,28.051729856904345,0.8933051551995439,0.9497479438877624,0.0335710870432469,0.0159611900517418,0.3208306571361805,0.0370706464439176,0.2563067005471808,0.0464030001309925,0.011437107756733,0.0091369303017901,0.0013215101754159,0.0016541938899205,0.0107911241917106,0.0834736465749101,0.5771373576833613,0.0183306655791147,0.0005420074257077,34.0,24.0,0.4441,0.5559,0.5138,0.4859,0.6112,0.3878,New York Jets,Detroit Lions,Detroit Lions,Detroit Lions,Detroit Lions,Same,Same,Same,False,False,0.0205740380585231,0.0029757040653364,0.0335710870432469,0.0159611900517418,0.0205740380585231,0.0029757040653364,0.0414971260097516,0.0241525542654072,0.9826666505715533,0.8129652615532698,0.9706667621428811,1.0647539711494656,0.9201903751566364,0.9546493306084709,0.6901484678145634,1.5097326441110697,0.9028897881650263,1.0739389189203525
2022_15_ARI_DEN,2022,16,2022-12-18,16:05,Arizona Cardinals,Denver Broncos,Home,Colt McCoy,Brett Rypien,00-0027688,00-0034955,6,7,-1,1,-2,9,Empower Field at Mile High,39.7648,-105.0076,America/Denver,False,False,15,15,Sunday,False,False,0,False,False,0,-2,9,NFC West,State Farm Stadium,33.5277,-112.262608,America/Denver,AFC West,Empower Field at Mile High,39.7648,-105.0076,America/Denver,New England Patriots,Kansas City Chiefs,State Farm Stadium,Empower Field at Mile High,Tampa Bay Buccaneers,Los Angeles Rams,State Farm Stadium,SoFi Stadium,589,0,-589,589,0.0,0.0,America/Denver,America/Denver,0.0,0.0,0.0,0.0,0.0,0,0.075,2.05,0.075,2.05,Denver Broncos,1.975,Denver Broncos,1.975,0.075,2.05,Denver Broncos,1.975,0.0,0,No,No,No,No,Yes,0,No,0.0,0.0,-3.627,-5.08,1.3010000000000002,2.1915,1.3010000000000002,2.1915,1.226,0.1415,-2.401,-4.9385,Denver Broncos,0.8904999999999998,Denver Broncos,0.8904999999999998,1.3010000000000002,2.1915,Denver Broncos,0.8904999999999998,Tie,0.0,Arizona Cardinals,1.4530000000000003,-1.8135,-2.54,Arizona Cardinals,0.7265000000000001,Arizona Cardinals,1.0845,Arizona Cardinals,2.5375,-0.5874999999999999,-2.3985,Arizona Cardinals,1.811,Different,Different,Different,Different,Different,Same,False,Away Team,Away Team,37.5,-121.0,110.0,Denver Broncos,Arizona Cardinals,-1.5,1.5,101,-122,117,-142,1.0845,-1.0845,2.5375,-2.5375,0.4762,0.5475,0.5495,0.4975,0.5868,0.4608,0.4652,0.5348,0.5248,0.4752,0.5601,0.4399,0.4652,0.5348,-0.0348,0.0348,37.0,4.0,51,4.0,37.0,0.0,nfl_read_py Fallback,False,J.Brissett,B.Nix,0.31,1.0,14.21,201.87,High,-10.0,10.0,45.99,46.0,13.214386378544871,29.0,63.0,0.4862,0.5126,0.0856,0.0876,0.4652,0.5348,0.7182,0.2818,16,2022-12-18,Arizona Cardinals @ Denver Broncos,0.484,0.5157,107,-106,,,,,,,,No Bet,,No Bet,,No Bet,,No Bet,,No Bet,,No Bet,,No Bet,,No Bet,,No Bet,,,,,,,,,,,,,,,,,,,,,,,,,,,,,16,-0.2803666666666666,-0.0112999999999999,Denver Broncos,Arizona Cardinals,0,0,0,0,0,0,0,0,0,0,0,0,0,0.0,2.5,,,28.051729856904345,0.4200513296211781,0.9671370624136634,0.0151646642208481,0.0187899883972608,0.0798370992763315,0.0598497020893029,0.0694469307841238,0.0688039997363697,0.0028460668801386,0.0024756737334339,0.0021335476419673,0.0024527542539211,0.0049284279873551,0.1286537018256726,0.1492840300604553,0.0042556700586187,0.0021120462588795,34.0,24.0,0.4652,0.5348,0.5489,0.4506,0.5698,0.4282,Denver Broncos,Arizona Cardinals,Arizona Cardinals,Arizona Cardinals,Arizona Cardinals,Same,Same,Same,False,False,0.0053217406135726,0.0045863018958885,0.0151646642208481,0.0187899883972608,0.0053217406135726,0.0045863018958885,0.0214449836200589,0.0276831791769032,0.9635115886863818,0.8321203234384408,0.9714739343248585,1.0639467989674862,0.8282449877304295,1.0465947180346733,1.0745804278813886,1.1253006840442459,0.9607902329421668,1.0160384741432114
2022_15_NE_LV,2022,16,2022-12-18,16:05,New England Patriots,Las Vegas Raiders,Home,Mac Jones,Derek Carr,00-0036972,00-0031280,6,10,-4,4,-12,-6,Allegiant Stadium,36.108,-115.1578,America/Los_Angeles,False,True,15,15,Sunday,False,False,0,False,False,0,-12,-6,AFC East,Gillette Stadium,42.0628,-71.2687,America/New_York,AFC West,Allegiant Stadium,36.108,-115.1578,America/Los_Angeles,Arizona Cardinals,Los Angeles Rams,State Farm Stadium,SoFi Stadium,Cincinnati Bengals,Pittsburgh Steelers,Gillette Stadium,Acrisure Stadium,2361,0,-2361,2361,3.0,0.0,America/Denver,America/Los_Angeles,1.0,0.0,3.0,0.0,3.0,0,-1.995,-2.35,-1.995,-2.35,New England Patriots,0.355,New England Patriots,0.355,-1.995,-2.35,New England Patriots,0.355,-0.2249999999999999,0,No,No,No,No,Yes,0,No,0.0,0.0,2.058,-2.615,-2.932,-0.7845000000000006,-2.932,-0.7845000000000006,-0.937,1.5655,1.1209999999999996,-1.0495000000000003,Las Vegas Raiders,2.147499999999999,Las Vegas Raiders,2.147499999999999,-2.932,-0.7845000000000006,Las Vegas Raiders,2.147499999999999,Tie,0.0,New England Patriots,4.673,1.029,-1.3075,New England Patriots,2.3365,Las Vegas Raiders,2.5025,New England Patriots,2.1705,0.0919999999999997,0.2579999999999998,Las Vegas Raiders,0.166,Different,Different,Same,Different,Different,Same,False,Home Team,Away Team,45.0,-129.0,117.0,Las Vegas Raiders,New England Patriots,-1.0,1.0,-142,117,108,-131,-2.5025,2.5025,2.1705,-2.1705,0.4608,0.5633,0.4608,0.5868,0.5671,0.4808,0.45,0.55,0.4399,0.5601,0.5412,0.4588,0.45,0.55,-0.05,0.05,,,52,0.0,70.0,0.0,Dome,True,D.Maye,G.Smith,1.44,3.0,14.08,198.22,High,-9.0,11.0,48.43,48.0,13.305825515109076,32.0,65.0,0.449,0.5502,0.0812,0.085,0.4306,0.551,0.5828,0.3966,16,2022-12-18,New England Patriots @ Las Vegas Raiders,0.5045,0.4953,-102,102,,,,,,,,No Bet,,No Bet,,No Bet,,No Bet,,No Bet,,No Bet,,No Bet,,No Bet,,No Bet,,,,,,,,,,,,,,,,,,,,,,,,,,,,,16,-0.084,-0.2144333333333333,Las Vegas Raiders,New England Patriots,0,0,0,0,0,0,1,1,0,0,1,1,0,1.5,0.5,,,28.051729856904345,0.0,0.7093723453546488,0.0054431001245625,0.0113847366442871,0.0,0.0277977810381432,0.0,0.0339750657132862,0.0,0.0,0.0009909471244712,0.0012111575965759,0.0012111575965759,0.0617728467514294,0.0,0.0,0.000384309726764,34.0,24.0,0.45,0.55,0.4981,0.5017,0.6188,0.3804,Las Vegas Raiders,New England Patriots,Las Vegas Raiders,New England Patriots,Las Vegas Raiders,Same,Same,Same,False,False,0.0,0.0022021047210471,0.0054431001245625,0.0113847366442871,0.0,0.0022021047210471,0.0091809425123145,0.0173194033397797,0.992823092813827,0.802808819310997,1.1468911033601268,0.8885296299322238,0.865962537599939,1.0088771681651671,0.9958703670821435,1.2040107448434874,1.0038769561896863,0.9729517508956899
2022_15_TEN_LAC,2022,16,2022-12-18,16:25,Tennessee Titans,Los Angeles Chargers,Home,Ryan Tannehill,Justin Herbert,00-0029701,00-0036355,7,7,0,0,-8,0,SoFi Stadium,33.9535,-118.3395,America/Los_Angeles,False,False,15,15,Sunday,False,False,0,False,False,0,-8,0,AFC South,Nissan Stadium,36.1664,-86.7716,America/Chicago,AFC West,SoFi Stadium,33.9535,-118.3395,America/Los_Angeles,Jacksonville Jaguars,Miami Dolphins,Nissan Stadium,SoFi Stadium,Houston Texans,Indianapolis Colts,Nissan Stadium,Lucas Oil Stadium,1783,0,-1783,1783,2.0,0.0,America/Chicago,America/Los_Angeles,2.0,0.0,2.0,0.0,2.0,0,-4.36,0.935,-4.36,0.935,Los Angeles Chargers,5.295,Los Angeles Chargers,5.295,-4.36,0.935,Los Angeles Chargers,5.295,-0.15,0,No,No,No,No,No,0,No,0.0,0.0,2.371,-2.23,-4.178000000000001,0.468,-4.178000000000001,0.468,0.1819999999999999,-0.467,2.553,-2.697,Los Angeles Chargers,4.646000000000001,Los Angeles Chargers,4.646000000000001,-4.178000000000001,0.468,Los Angeles Chargers,4.646000000000001,Tie,0.0,Tennessee Titans,4.601,1.1855,-1.115,Tennessee Titans,2.3005,Tennessee Titans,0.649,Tennessee Titans,5.25,1.3675,-1.582,Tennessee Titans,2.9495,Different,Different,Different,Different,Different,Same,False,Away Team,Away Team,46.5,-158.0,142.0,Los Angeles Chargers,Tennessee Titans,-3.0,3.0,-104,-116,188,-234,0.649,-0.649,5.25,-5.25,0.4132,0.6124,0.537,0.5098,0.7006,0.3472,0.4029,0.5971,0.513,0.487,0.6686,0.3314,0.4029,0.5971,-0.0971,0.0971,,,53,0.0,70.0,0.0,Dome,True,C.Ward,J.Herbert,-5.7,-7.0,13.57,184.06,Med-High,-15.0,4.0,46.01,46.0,13.200687984823158,29.0,63.0,0.6698,0.3288,0.0692,0.085,0.5916,0.367,0.4692,0.5308,16,2022-12-18,Tennessee Titans @ Los Angeles Chargers,0.5213,0.4783,-109,109,,,,,,,,No Bet,,No Bet,,No Bet,,No Bet,,No Bet,,No Bet,,No Bet,,No Bet,,No Bet,,,,,,,,,,,,,,,,,,,,,,,,,,,,,16,-0.1473333333333333,0.0507333333333333,Los Angeles Chargers,Tennessee Titans,0,0,0,0,1,0,0,0,0,0,1,0,0,1.0,3.0,,,28.051729856904345,0.7993378014776397,0.8800200168845463,0.0583891662598058,0.0155219454174203,0.4850210895731647,0.0282361455938774,0.3272734834852254,0.041846121951115,0.0172902381438621,0.0116667843713985,0.0010065741306476,0.0014917483579293,0.0131585327293278,0.0700822675449924,0.8122945730583901,0.0269767435905776,0.0002426357362348,34.0,24.0,0.4029,0.5971,0.4033,0.5964,0.3056,0.6932,Los Angeles Chargers,Los Angeles Chargers,Los Angeles Chargers,Los Angeles Chargers,Los Angeles Chargers,Same,Same,Same,False,False,0.0289570225152607,0.002498322488577,0.0583891662598058,0.0155219454174203,0.0289570225152607,0.002498322488577,0.0759901961472901,0.023743445414173,1.034973466035721,0.7606584460891027,0.9415207321035278,1.0939000011888205,0.5855267490791262,1.2893129566859793,1.4193326688630823,0.7805484430625459,0.9833178192076961,0.993510887877679
2022_15_CIN_TB,2022,16,2022-12-18,16:25,Cincinnati Bengals,Tampa Bay Buccaneers,Home,Joe Burrow,Tom Brady,00-0036442,00-0019596,7,7,0,0,6,9,Raymond James Stadium,27.9759,-82.5033,America/New_York,False,False,15,15,Sunday,False,False,0,False,False,0,6,9,AFC North,Paycor Stadium,39.0955,-84.5165,America/New_York,NFC South,Raymond James Stadium,27.9759,-82.5033,America/New_York,Cleveland Browns,San Francisco 49ers,Paycor Stadium,Levi's Stadium,New England Patriots,Arizona Cardinals,Gillette Stadium,State Farm Stadium,776,0,-776,776,0.0,0.0,America/New_York,America/Los_Angeles,0.0,-3.0,0.0,0.0,0.0,0,1.31,1.025,1.31,1.025,Cincinnati Bengals,0.2850000000000001,Cincinnati Bengals,0.2850000000000001,1.31,1.025,Cincinnati Bengals,0.2850000000000001,0.0,0,No,No,No,No,No,0,No,0.0,0.0,5.099,2.069,-0.2219999999999999,1.497,-0.2219999999999999,1.497,-1.532,0.472,3.567,2.541,Tampa Bay Buccaneers,1.719,Tampa Bay Buccaneers,1.719,-0.2219999999999999,1.497,Tampa Bay Buccaneers,1.719,Tie,0.0,Cincinnati Bengals,3.03,2.5495,1.0345,Cincinnati Bengals,1.515,Tampa Bay Buccaneers,2.004,Cincinnati Bengals,1.0260000000000002,1.0175,1.5065,Tampa Bay Buccaneers,0.4889999999999999,Different,Different,Same,Different,Different,Same,False,Home Team,Away Team,47.0,150.0,-167.0,Cincinnati Bengals,Tampa Bay Buccaneers,3.5,-3.5,-131,108,101,-122,-2.004,2.004,1.0260000000000002,-1.0260000000000002,0.6255,0.4,0.4808,0.5671,0.5495,0.4975,0.6099,0.3901,0.4588,0.5412,0.5248,0.4752,0.6099,0.3901,0.1099,-0.1099,66.0,6.0,54,6.0,66.0,0.0,nfl_read_py Fallback,False,J.Burrow,B.Mayfield,7.43,7.0,13.38,179.0,Medium,-3.0,16.0,49.27,49.0,13.391404802503615,33.0,67.0,0.2838,0.7158,0.0788,0.0868,0.3666,0.6334,0.5244,0.4352,16,2022-12-18,Cincinnati Bengals @ Tampa Bay Buccaneers,0.4226,0.5773,137,-137,,,,,,,,No Bet,,No Bet,,No Bet,,No Bet,,No Bet,,No Bet,,No Bet,,No Bet,,No Bet,,,,,,,,,,,,,,,,,,,,,,,,,,,,,16,0.20895,0.0626333333333333,Cincinnati Bengals,Tampa Bay Buccaneers,0,0,0,0,1,0,0,0,0,0,1,0,0,4.0,3.0,,,28.051729856904345,0.4298472252307051,0.0545285180652826,0.0064840765649225,0.0114631767635947,0.0146779236431371,0.2477128621688749,0.0229481302997931,0.158440379623017,0.0005232448664667,0.0008180647117612,0.0088305734951994,0.005648150058169,0.0064662147699303,0.406153241791892,0.0376260539429303,0.0002398267050292,0.0143757747698894,34.0,24.0,0.6099,0.3901,0.5536,0.4462,0.6778,0.3216,Cincinnati Bengals,Cincinnati Bengals,Cincinnati Bengals,Cincinnati Bengals,Cincinnati Bengals,Same,Same,Same,False,False,0.001341309578228,0.0144787235533685,0.0064840765649225,0.0114631767635947,0.001341309578228,0.0144787235533685,0.0100220012550403,0.0099308872398749,0.7047016054137101,1.0909303067111116,1.1073611491250657,0.9280595841672806,0.8957910279742699,0.9790486777908339,0.6299450035504379,1.5699361083751955,0.8407911424552158,1.1360375646301593
2022_15_NYG_WAS,2022,16,2022-12-18,20:20,New York Giants,Washington Commanders,Home,Daniel Jones,Taylor Heinicke,00-0035710,00-0031800,7,14,-7,7,-1,5,FedExField,38.9077,-76.8645,America/New_York,False,False,15,15,Sunday,False,False,0,False,False,0,-1,5,NFC East,MetLife Stadium,40.8136,-74.0744,America/New_York,NFC East,FedExField,38.9077,-76.8645,America/New_York,Philadelphia Eagles,New York Giants,MetLife Stadium,MetLife Stadium,Minnesota Vikings,San Francisco 49ers,U.S. Bank Stadium,Levi's Stadium,198,0,-198,198,0.0,0.0,America/New_York,America/New_York,0.0,0.0,0.0,0.0,0.0,0,-2.84,1.45,-2.84,1.45,Washington Commanders,4.29,Washington Commanders,4.29,-2.84,1.45,Washington Commanders,4.29,0.0,0,No,No,No,No,No,1,No,0.0,0.0,-4.391,-1.097,-2.56742,1.3604200000000002,-2.56742,1.3604200000000002,0.2296799999999999,-0.0466799999999999,-4.12838,-1.17662,Washington Commanders,3.92784,Washington Commanders,3.92784,-2.56742,1.3604200000000002,Washington Commanders,3.92784,Tie,0.0,Washington Commanders,3.294,-2.1955,-0.5485,Washington Commanders,1.647,New York Giants,0.2763599999999999,Washington Commanders,2.95176,-1.94935,-0.61165,Washington Commanders,1.3377,Different,Same,Different,Same,Different,Same,False,Away Team,Home Team,40.5,-203.0,180.0,Washington Commanders,New York Giants,-4.5,4.5,-104,-116,-164,135,0.2763599999999999,-0.2763599999999999,-2.95176,2.95176,0.3571,0.67,0.537,0.5098,0.4255,0.6212,0.3477,0.6523,0.513,0.487,0.4065,0.5935,0.3477,0.6523,-0.1523,0.1523,35.0,13.0,55,13.0,35.0,0.0,nfl_read_py Fallback,False,J.Dart,M.Mariota,-7.13,-7.0,12.84,164.92,Med-Low,-16.0,3.0,42.73,42.0,12.485058082967296,27.0,59.0,0.7164,0.2818,0.0858,0.0844,0.603,0.397,0.5488,0.4512,16,2022-12-18,New York Giants @ Washington Commanders,0.6123,0.3872,-158,158,,,,,,,,No Bet,,No Bet,,No Bet,,No Bet,,No Bet,,No Bet,,No Bet,,No Bet,,No Bet,,,,,,,,,,,,,,,,,,,,,,,,,,,,,16,-0.1287333333333333,-0.1430333333333333,Washington Commanders,New York Giants,0,0,0,0,0,0,1,1,0,0,1,1,1,1.5,1.0,,,28.051729856904345,0.9092261769014224,0.7443733814040081,0.1913391011476922,0.0124736145932502,5.767055078389498,0.0210205358068605,3.0740534274965943,0.0394354199218152,0.2055864329154751,0.1095851643794431,0.0007493490032197,0.0014058106264027,0.1109909750058458,0.0604559557286758,8.841108505886092,0.3136445683292025,0.0002472731113798,34.0,24.0,0.3477,0.6523,0.4114,0.5882,0.608,0.3904,Washington Commanders,New York Giants,Washington Commanders,Washington Commanders,Washington Commanders,Same,Different,Same,False,False,0.3151715972949183,0.0021551596296224,0.1913391011476922,0.0124736145932502,0.3151715972949183,0.0021551596296224,0.1130798605642374,0.0190866040596268,1.0207817370548997,0.7748501750699218,0.8012872303185735,1.2341335029737734,0.9452545893413358,0.9295851164237705,1.3551131755990724,0.8447679363265609,1.0224636106037268,0.9543650964816495
2022_15_LA_GB,2022,16,2022-12-19,20:15,Los Angeles Rams,Green Bay Packers,Home,Baker Mayfield,Aaron Rodgers,00-0034855,00-0023459,11,15,-4,4,2,-10,Lambeau Field,44.5013,-88.0622,America/Chicago,False,False,15,15,Monday,False,False,0,False,False,0,2,-10,NFC West,SoFi Stadium,33.9535,-118.3395,America/Los_Angeles,NFC North,Lambeau Field,44.5013,-88.0622,America/Chicago,Las Vegas Raiders,Chicago Bears,SoFi Stadium,Soldier Field,Denver Broncos,Miami Dolphins,SoFi Stadium,Hard Rock Stadium,1762,0,-1762,1762,-2.0,0.0,America/Los_Angeles,America/Chicago,-2.0,0.0,-2.0,0.0,-2.0,0,1.29,3.535,1.29,3.535,Green Bay Packers,2.245,Green Bay Packers,2.245,1.29,3.535,Green Bay Packers,2.245,-0.3,0,No,No,No,No,No,0,No,0.0,0.0,0.486,-2.657,1.316,4.2295,1.316,4.2295,0.026,0.6944999999999999,0.512,-1.9625000000000004,Green Bay Packers,2.9135,Green Bay Packers,2.9135,1.316,4.2295,Green Bay Packers,2.9135,Tie,0.0,Los Angeles Rams,3.143,0.243,-1.3285,Los Angeles Rams,1.5715,Green Bay Packers,0.6684999999999999,Los Angeles Rams,2.4745000000000004,0.269,-0.6340000000000002,Los Angeles Rams,0.9030000000000002,Different,Different,Same,Different,Different,Same,False,Home Team,Away Team,39.5,-356.0,301.0,Green Bay Packers,Los Angeles Rams,-8.0,8.0,-116,-104,117,-142,-0.6684999999999999,0.6684999999999999,2.4745000000000004,-2.4745000000000004,0.2494,0.7807,0.5098,0.537,0.5868,0.4608,0.2421,0.7579,0.487,0.513,0.5601,0.4399,0.2421,0.7579,-0.2579,0.2579,15.0,4.0,56,4.0,15.0,0.0,nfl_read_py Fallback,False,M.Stafford,J.Love,5.18,6.0,13.7,187.73,Med-High,-5.0,15.0,40.98,40.0,12.507603666166192,26.0,57.0,0.3526,0.6466,0.0848,0.0788,0.177,0.8092,0.5262,0.4738,16,2022-12-19,Los Angeles Rams @ Green Bay Packers,0.5158,0.484,-107,107,,,,,,,,No Bet,,No Bet,,No Bet,,No Bet,,No Bet,,No Bet,,No Bet,,No Bet,,No Bet,,,,,,,,,,,,,,,,,,,,,,,,,,,,,16,-0.1695333333333333,0.0666333333333333,Green Bay Packers,Los Angeles Rams,0,0,0,0,0,0,0,0,0,0,0,0,0,1.0,3.0,,,28.051729856904345,0.1054669829756524,0.1965432236092637,0.0710387041630779,0.0024206927225681,2.24227088383232,0.003483693060013,0.7162604314234129,0.0109057867417755,0.079933426397247,0.0255335565784054,0.0001241881722725,0.0003887741254249,0.0259223307038304,0.0143894798017885,2.9585313152557333,0.1054669829756524,9.062660432116456e-06,34.0,24.0,0.2421,0.7579,0.492,0.508,0.726,0.274,Green Bay Packers,Los Angeles Rams,Green Bay Packers,Los Angeles Rams,Green Bay Packers,Same,Same,Same,False,False,0.1054669829756524,0.0005129622976975,0.0710387041630779,0.0024206927225681,0.1054669829756524,0.0005129622976975,0.0493590885036014,0.0040415089809137,1.3128364928195129,0.4827954193053097,0.9647983570567825,1.0706223762355656,0.7606705063971255,1.1141691993679768,0.6952562792981809,1.504624832627454,0.9447186506255923,1.0321100564597823
2022_16_JAX_NYJ,2022,17,2022-12-22,20:15,Jacksonville Jaguars,New York Jets,Home,Trevor Lawrence,Zach Wilson,00-0036971,00-0037013,4,4,0,0,-2,-10,MetLife Stadium,40.8136,-74.0744,America/New_York,False,False,16,16,Thursday,False,False,0,False,False,0,-2,-10,AFC South,TIAA Bank Field,30.3239,-81.6554,America/New_York,AFC East,MetLife Stadium,40.8136,-74.0744,America/New_York,Dallas Cowboys,Detroit Lions,TIAA Bank Field,MetLife Stadium,Houston Texans,Seattle Seahawks,NRG Stadium,Lumen Field,839,0,-839,839,0.0,0.0,America/New_York,America/New_York,0.0,0.0,0.0,0.0,0.0,0,-1.825,-3.725,-1.825,-3.725,Jacksonville Jaguars,1.9,Jacksonville Jaguars,1.9,-1.825,-3.725,Jacksonville Jaguars,1.9,0.0,0,No,No,No,No,No,0,No,0.0,0.0,-3.671,-1.343,-1.7385000000000002,-3.9485,-1.7385000000000002,-3.9485,0.0865,-0.2234999999999999,-3.5845,-1.5665,Jacksonville Jaguars,2.2099999999999995,Jacksonville Jaguars,2.2099999999999995,-1.7385000000000002,-3.9485,Jacksonville Jaguars,2.2099999999999995,Tie,0.0,New York Jets,2.328,-1.8355,-0.6715,New York Jets,1.164,Jacksonville Jaguars,0.3099999999999999,New York Jets,2.018,-1.749,-0.895,New York Jets,0.8539999999999999,Different,Different,Same,Different,Different,Same,True,Away Team,Home Team,36.5,-136.0,123.0,New York Jets,Jacksonville Jaguars,-2.5,2.5,-104,-116,-131,108,0.3099999999999999,-0.3099999999999999,-2.018,2.018,0.4484,0.5763,0.537,0.5098,0.4808,0.5671,0.4376,0.5624,0.513,0.487,0.4588,0.5412,0.4376,0.5624,-0.0624,0.0624,43.0,17.0,57,17.0,43.0,0.0,nfl_read_py Fallback,False,T.Lawrence,T.Taylor,5.23,6.0,13.65,186.34,Med-High,-5.0,15.0,39.56,39.0,12.412631474591713,24.0,56.0,0.3526,0.646,0.0882,0.0772,0.3206,0.6794,0.5682,0.4318,17,2022-12-22,Jacksonville Jaguars @ New York Jets,0.4858,0.5138,106,-106,,,,,,,,No Bet,,No Bet,,No Bet,,No Bet,,No Bet,,No Bet,,No Bet,,No Bet,,No Bet,,,,,,,,,,,,,,,,,,,,,,,,,,,,,17,0.16875,-0.0660999999999999,New York Jets,Jacksonville Jaguars,0,0,0,0,0,1,1,0,0,0,0,0,0,3.5,2.0,,,18.341192518213443,0.8758127998460093,0.9948844889996208,0.0744082578602336,0.0254909435567606,0.7321327676446033,0.0195509319283264,0.5696680283095278,0.0251267004490191,0.039917402694376,0.0310594868759938,0.0010659575111548,0.0013699600189064,0.0324294468949003,0.0446776323773455,1.3018007959541311,0.0705766141639492,0.0019423352355528,23.0,11.0,0.4376,0.5624,0.4689,0.5308,0.606,0.3928,New York Jets,Jacksonville Jaguars,New York Jets,Jacksonville Jaguars,Jacksonville Jaguars,Same,Same,Different,False,False,0.0709768895703699,0.0024359175300613,0.0744082578602336,0.0254909435567606,0.0709768895703699,0.0024359175300613,0.0762034330180648,0.0397582452243027,0.9949112878407785,0.8532357898692208,0.954499047343683,1.1220051392061494,0.9325124160095785,0.8683585266053528,0.7014771093844083,1.440602848071269,0.9017227320415392,1.0581038556959235
2022_16_ATL_BAL,2022,17,2022-12-24,13:00,Atlanta Falcons,Baltimore Ravens,Home,Desmond Ridder,Tyler Huntley,00-0038122,00-0035993,6,7,-1,1,-9,-3,M&T Bank Stadium,39.2789,-76.6228,America/New_York,False,True,16,16,Saturday,False,False,0,False,False,0,-9,-3,NFC South,Mercedes-Benz Stadium,33.7489,-84.388,America/New_York,AFC North,M&T Bank Stadium,39.2789,-76.6228,America/New_York,New Orleans Saints,Cleveland Browns,Caesars Superdome,FirstEnergy Stadium,Arizona Cardinals,Pittsburgh Steelers,Mercedes-Benz Stadium,M&T Bank Stadium,575,0,-575,575,0.0,0.0,America/Chicago,America/New_York,-1.0,0.0,0.0,0.0,0.0,0,-0.71,6.69,-0.71,6.69,Baltimore Ravens,7.4,Baltimore Ravens,7.4,-0.71,6.69,Baltimore Ravens,7.4,0.0,0,No,No,No,No,Yes,0,No,0.0,0.0,-6.495,5.347,-3.725,6.206,-3.725,6.206,-3.015,-0.484,-9.51,4.863,Baltimore Ravens,9.931,Baltimore Ravens,9.931,-3.725,6.206,Baltimore Ravens,9.931,Tie,0.0,Baltimore Ravens,11.842,-3.2475,2.6735,Baltimore Ravens,5.921,Baltimore Ravens,2.531,Baltimore Ravens,14.373,-6.262499999999999,2.1895,Baltimore Ravens,8.452,Different,Same,Same,Same,Different,Same,False,Home Team,Home Team,35.0,-274.0,238.0,Baltimore Ravens,Atlanta Falcons,-6.5,6.5,-142,117,-984,615,-2.531,2.531,-14.373,14.373,0.2959,0.7326,0.4608,0.5868,0.1399,0.9077,0.2877,0.7123,0.4399,0.5601,0.1335,0.8665,0.2877,0.7123,-0.2123,0.2123,17.0,9.0,58,9.0,17.0,0.0,nfl_read_py Fallback,False,t,n,-3.08,-5.0,13.95,194.48,Med-High,-13.0,7.0,41.07,40.0,12.249719471295052,26.0,57.0,0.5948,0.4048,0.0818,0.08,0.4434,0.5566,0.6654,0.3062,17,2022-12-24,ATL @ BAL,0.6834,0.3165,-216,216,,,,,,,,No Bet,,No Bet,,No Bet,,No Bet,,No Bet,,No Bet,,No Bet,,No Bet,,No Bet,,,,,,,,,,,,,,,,,,,,,,,,,,,,,17,0.199,-0.1482,Baltimore Ravens,Atlanta Falcons,0,0,0,0,0,1,1,0,0,0,0,0,0,4.0,1.0,,,18.341192518213443,0.0,0.8416253115503924,0.0060988761425271,0.019649108723372,0.0,0.0041327324115756,0.0,0.0102319961653295,0.0,0.0,0.0002253251748746,0.0005578697325797,0.0005578697325797,0.0143647285769051,0.0,0.0,0.00036501224975,23.0,11.0,0.2877,0.7123,0.2926,0.7074,0.2004,0.7994,Baltimore Ravens,Baltimore Ravens,Baltimore Ravens,Baltimore Ravens,Baltimore Ravens,Same,Same,Same,False,False,0.0,0.0007831949074543,0.0060988761425271,0.019649108723372,0.0,0.0007831949074543,0.0101714125406451,0.0314076554768887,1.326494657680027,0.5216524200299717,1.1786543498169262,0.8978498367329051,1.5657646650837946,0.23510627753113628,1.2904349765711984,0.8516449808844762,1.3514064796071743,0.6084201081302875
2022_16_DET_CAR,2022,17,2022-12-24,13:00,Detroit Lions,Carolina Panthers,Home,Jared Goff,Sam Darnold,00-0033106,00-0034869,6,6,0,0,11,6,Bank of America Stadium,35.2258,-80.8528,America/New_York,False,True,16,16,Saturday,False,False,0,False,False,0,11,6,NFC North,Ford Field,42.3395,-83.045,America/Detroit,NFC South,Bank of America Stadium,35.2258,-80.8528,America/New_York,New York Jets,Pittsburgh Steelers,MetLife Stadium,Bank of America Stadium,Chicago Bears,Tampa Bay Buccaneers,Ford Field,Raymond James Stadium,505,0,-505,505,0.0,0.0,America/New_York,America/New_York,0.0,0.0,0.0,0.0,0.0,0,4.305,-5.25,4.305,-5.25,Detroit Lions,9.555,Detroit Lions,9.555,4.305,-5.25,Detroit Lions,9.555,0.0,0,No,No,No,No,No,0,No,0.0,0.0,-1.723,-5.097,4.4365,-2.3395,4.4365,-2.3395,0.1315,2.9105,-1.5915,-2.186500000000001,Detroit Lions,6.776,Detroit Lions,6.776,4.4365,-2.3395,Detroit Lions,6.776,Tie,0.0,Detroit Lions,3.374000000000001,-0.8615,-2.5485,Detroit Lions,1.6870000000000005,Carolina Panthers,2.779,Detroit Lions,0.5950000000000006,-0.73,0.3619999999999996,Carolina Panthers,1.0919999999999996,Different,Same,Different,Same,Different,Same,False,Home Team,Away Team,43.5,117.0,-129.0,Detroit Lions,Carolina Panthers,2.5,-2.5,-164,135,-104,-116,-2.779,2.779,0.5950000000000006,-0.5950000000000006,0.5633,0.4608,0.4255,0.6212,0.537,0.5098,0.55,0.45,0.4065,0.5935,0.513,0.487,0.55,0.45,0.05,-0.05,20.0,12.0,59,12.0,20.0,0.0,nfl_read_py Fallback,False,Jared Goff,Baker Mayfield,-2.36,-3.0,13.76,189.3,Med-High,-12.0,7.0,46.37,46.0,13.528954967938391,29.0,64.0,0.5774,0.4218,0.0852,0.0966,0.6162,0.3838,0.5598,0.4402,17,2022-12-24,DET @ CAR,0.527,0.4728,-111,112,,,,,,,,No Bet,,No Bet,,No Bet,,No Bet,,No Bet,,No Bet,,No Bet,,No Bet,,No Bet,,,,,,,,,,,,,,,,,,,,,,,,,,,,,17,-0.0214,-0.12815,Detroit Lions,Carolina Panthers,0,0,0,0,1,0,0,1,0,0,0,0,0,2.0,1.5,,,18.341192518213443,0.9766699372243198,0.947726775067518,0.0256967050940604,0.0588101358186077,0.0318158882522051,0.4522582516359233,0.038886085641584,0.37002947861121,0.0017346684639295,0.0021201503448027,0.0246580614203146,0.020174777525712,0.0222949278705147,0.8222877302471333,0.0707019738937891,0.0033710009746564,0.0443837955663493,23.0,11.0,0.55,0.45,0.5197,0.4801,0.6094,0.39,Detroit Lions,Detroit Lions,Detroit Lions,Carolina Panthers,Carolina Panthers,Same,Different,Different,False,False,0.0038548188087322,0.0448328389460267,0.0256967050940604,0.0588101358186077,0.0038548188087322,0.0448328389460267,0.0392195776370821,0.0672070395517602,0.8618678148324526,0.9862792628775467,1.2692243157965424,0.807279870753288,0.9056092737384375,0.8952616688764924,1.2768371525728197,0.8652428048828571,1.0669423071891946,0.8928842805482677
2022_16_BUF_CHI,2022,17,2022-12-24,13:00,Buffalo Bills,Chicago Bears,Home,Josh Allen,Justin Fields,00-0034857,00-0036945,7,6,1,-1,14,6,Soldier Field,41.8623,-87.6167,America/Chicago,False,False,16,16,Saturday,False,False,0,False,False,0,14,6,AFC East,Highmark Stadium,42.7725,-78.7877,America/New_York,NFC North,Soldier Field,41.8623,-87.6167,America/Chicago,Miami Dolphins,Philadelphia Eagles,Highmark Stadium,Soldier Field,New England Patriots,Detroit Lions,Highmark Stadium,Ford Field,455,0,-455,455,1.0,0.0,America/New_York,America/Chicago,1.0,0.0,1.0,0.0,1.0,0,4.795,-1.575,4.795,-1.575,Buffalo Bills,6.37,Buffalo Bills,6.37,4.795,-1.575,Buffalo Bills,6.37,0.0,0,No,No,No,No,No,0,Yes,0.0,0.0,9.574,-4.597,4.208,-0.7834999999999998,4.208,-0.7834999999999998,-0.587,0.7915000000000001,8.986999999999998,-3.805500000000001,Buffalo Bills,4.9915,Buffalo Bills,4.9915,4.208,-0.7834999999999998,Buffalo Bills,4.9915,Tie,0.0,Buffalo Bills,14.171,4.787,-2.2985,Buffalo Bills,7.0855,Chicago Bears,1.3785,Buffalo Bills,12.7925,4.199999999999999,-1.5070000000000006,Buffalo Bills,5.707,Different,Same,Different,Same,Different,Same,False,Home Team,Away Team,40.0,304.0,-360.0,Buffalo Bills,Chicago Bears,8.0,-8.0,-128,105,494,-729,-1.3785,1.3785,12.7925,-12.7925,0.7826,0.2475,0.4878,0.5614,0.8794,0.1684,0.7597,0.2403,0.4649,0.5351,0.8393,0.1607,0.7597,0.2403,0.2597,-0.2597,7.0,17.0,60,17.0,7.0,0.0,nfl_read_py Fallback,False,Josh Allen,a,6.42,7.0,14.23,202.59,High,-4.0,17.0,38.68,37.0,12.6830159906437,23.0,55.0,0.3222,0.6766,0.0734,0.074,0.502,0.4806,0.4184,0.5476,17,2022-12-24,BUF @ CHI,0.3146,0.6851,218,-218,,,,,,,,No Bet,,No Bet,,No Bet,,No Bet,,No Bet,,No Bet,,No Bet,,No Bet,,No Bet,,,,,,,,,,,,,,,,,,,,,,,,,,,,,17,0.2655,-0.1856,Buffalo Bills,Chicago Bears,0,0,0,0,1,0,0,1,0,0,0,0,0,4.5,1.0,,,18.341192518213443,0.970404301036386,0.0,0.0226667085040557,0.0328505498305665,0.0027791907981076,0.0,0.0087863139797018,0.0,0.0001515272682159,0.0004790481301025,0.0,0.0,0.0004790481301025,0.0,0.0115655047778094,0.0001482701641584,0.0,23.0,11.0,0.7597,0.2403,0.7311,0.2685,0.7936,0.205,Buffalo Bills,Buffalo Bills,Buffalo Bills,Buffalo Bills,Buffalo Bills,Same,Same,Same,False,False,0.0006305753983185,0.0,0.0226667085040557,0.0328505498305665,0.0006305753983185,0.0,0.0363370663768606,0.053043614899767,0.45100888194746463,1.397138195762536,1.1230083351008404,0.9534958514489903,0.2942184355257801,1.506652507089151,0.7014812535562205,1.440598703899457,0.6257831902140198,1.3340433975234427
2022_16_NO_CLE,2022,17,2022-12-24,13:00,New Orleans Saints,Cleveland Browns,Home,Andy Dalton,Deshaun Watson,00-0027973,00-0033537,6,7,-1,1,-9,3,FirstEnergy Stadium,41.5061,-81.6994,America/New_York,False,False,16,16,Saturday,False,False,0,False,False,0,-9,3,NFC South,Caesars Superdome,29.9507,-90.0813,America/Chicago,AFC North,FirstEnergy Stadium,41.5061,-81.6994,America/New_York,Atlanta Falcons,Baltimore Ravens,Caesars Superdome,FirstEnergy Stadium,Philadelphia Eagles,Washington Commanders,Lincoln Financial Field,FedExField,925,0,-925,925,-1.0,0.0,America/Chicago,America/New_York,-1.0,0.0,-1.0,0.0,-1.0,0,-6.145,-4.705,-6.145,-4.705,Cleveland Browns,1.4399999999999995,Cleveland Browns,1.4399999999999995,-6.145,-4.705,Cleveland Browns,1.4399999999999995,0.0,0,No,No,No,No,Yes,0,No,0.0,0.0,0.364,0.449,-8.964,-3.0594999999999994,-8.964,-3.0594999999999994,-2.819,1.6455000000000002,-2.455,2.0945,Cleveland Browns,5.9045000000000005,Cleveland Browns,5.9045000000000005,-8.964,-3.0594999999999994,Cleveland Browns,5.9045000000000005,Tie,0.0,Cleveland Browns,0.085,0.182,0.2245,Cleveland Browns,0.0425,Cleveland Browns,4.4645,Cleveland Browns,4.5495,-2.637,1.87,Cleveland Browns,4.507,Different,Same,Same,Same,Different,Same,False,Home Team,Home Team,32.0,-181.0,162.0,Cleveland Browns,New Orleans Saints,-3.0,3.0,-224,181,-224,181,-4.4645,4.4645,-4.5495,4.5495,0.3817,0.6441,0.3559,0.6914,0.3559,0.6914,0.3721,0.6279,0.3398,0.6602,0.3398,0.6602,0.3721,0.6279,-0.1279,0.1279,6.0,27.0,61,27.0,6.0,0.0,nfl_read_py Fallback,False,Andy Dalton,e,-0.48,0.0,13.0,168.98,Med-Low,-10.0,9.0,26.2,25.0,11.025574980958234,13.0,41.0,0.497,0.4994,0.1108,0.1162,0.42,0.532,0.2736,0.715,17,2022-12-24,NO @ CLE,0.6113,0.3878,-157,158,,,,,,,,No Bet,,No Bet,,No Bet,,No Bet,,No Bet,,No Bet,,No Bet,,No Bet,,No Bet,,,,,,,,,,,,,,,,,,,,,,,,,,,,,17,-0.0241499999999999,-0.04925,Cleveland Browns,New Orleans Saints,0,0,0,0,0,1,1,0,0,0,0,0,0,2.0,2.0,,,18.341192518213443,0.4912248630988337,0.4445163101973664,0.1342401736074982,0.0156327086967721,2.1352270985312938,0.0026832035390979,1.2653575463664504,0.0045277707664594,0.116417026668846,0.0689899277328835,0.0001462938430221,0.0002468634883998,0.0692367912212834,0.0072109743055573,3.400584644897744,0.1852548595633512,0.0001722780524974,23.0,11.0,0.3721,0.6279,0.4653,0.5337,0.5112,0.485,Cleveland Browns,New Orleans Saints,Cleveland Browns,New Orleans Saints,Cleveland Browns,Same,Same,Same,False,False,0.1854069544017296,0.0003931573314219,0.1342401736074982,0.0156327086967721,0.1854069544017296,0.0003931573314219,0.1020545030781763,0.0252096949068245,1.0555220974064368,0.7926249803035631,1.239510874368716,0.836993312181115,1.0923638595520706,0.7085070830628596,0.9219758165706541,1.2201041408850233,1.0781190930944775,0.8817074946429847
2022_16_SEA_KC,2022,17,2022-12-24,13:00,Seattle Seahawks,Kansas City Chiefs,Home,Geno Smith,Patrick Mahomes,00-0030565,00-0033873,9,6,3,-3,3,6,GEHA Field at Arrowhead Stadium,39.0489,-94.4839,America/Chicago,False,False,16,16,Saturday,False,False,0,False,False,0,3,6,NFC West,Lumen Field,47.5952,-122.3316,America/Los_Angeles,AFC West,GEHA Field at Arrowhead Stadium,39.0489,-94.4839,America/Chicago,San Francisco 49ers,Houston Texans,Lumen Field,NRG Stadium,New York Jets,Denver Broncos,Lumen Field,GEHA Field at Arrowhead Stadium,1508,0,-1508,1508,-2.0,0.0,America/Los_Angeles,America/Chicago,-2.0,0.0,-2.0,0.0,-2.0,0,-0.13,4.395,-0.13,4.395,Kansas City Chiefs,4.525,Kansas City Chiefs,4.525,-0.13,4.395,Kansas City Chiefs,4.525,-0.3,0,No,No,No,No,No,0,Yes,0.0,0.0,0.849,6.793,-0.1054999999999999,4.0875,-0.1054999999999999,4.0875,0.0245,-0.3074999999999999,0.8734999999999999,6.4855,Kansas City Chiefs,4.193,Kansas City Chiefs,4.193,-0.1054999999999999,4.0875,Kansas City Chiefs,4.193,Tie,0.0,Kansas City Chiefs,5.944,0.4245,3.3965,Kansas City Chiefs,2.972,Seattle Seahawks,0.3319999999999999,Kansas City Chiefs,5.612,0.449,3.089,Kansas City Chiefs,2.64,Different,Same,Different,Same,Different,Same,False,Away Team,Home Team,50.5,-447.0,367.0,Kansas City Chiefs,Seattle Seahawks,-10.5,10.5,-104,-116,-244,195,0.3319999999999999,-0.3319999999999999,-5.612,5.612,0.2141,0.8172,0.537,0.5098,0.339,0.7093,0.2076,0.7924,0.513,0.487,0.3234,0.6766,0.2076,0.7924,-0.2924,0.2924,12.0,9.0,62,9.0,12.0,0.0,nfl_read_py Fallback,False,Geno Smith,m,-0.8,-2.0,13.99,195.79,High,-10.0,10.0,42.89,42.0,13.379619351939748,26.0,61.0,0.5272,0.472,0.0802,0.0816,0.2496,0.7504,0.2716,0.7284,17,2022-12-24,SEA @ KC,0.6208,0.379,-164,164,,,,,,,,No Bet,,No Bet,,No Bet,,No Bet,,No Bet,,No Bet,,No Bet,,No Bet,,No Bet,,,,,,,,,,,,,,,,,,,,,,,,,,,,,17,0.0779499999999999,0.31405,Kansas City Chiefs,Seattle Seahawks,0,0,0,0,0,1,1,0,0,0,0,0,0,3.0,5.0,,,18.341192518213443,0.0,0.4721007807450231,0.0360545505644762,0.0167448448925437,0.0,0.0014919859171738,0.0,0.0056948441270159,0.0,0.0,8.134617831922357e-05,0.0003104947577078,0.0003104947577078,0.0071868300441897,0.0,0.0,0.0001572421995844,23.0,11.0,0.2076,0.7924,0.2816,0.7183,0.2202,0.7796,Kansas City Chiefs,Kansas City Chiefs,Kansas City Chiefs,Kansas City Chiefs,Kansas City Chiefs,Same,Same,Same,False,False,0.0,0.000391840936027,0.0360545505644762,0.0167448448925437,0.0,0.000391840936027,0.0581783428956593,0.0269928088147768,1.4525319681526279,0.39561510955737195,0.9886615418907898,1.0878426446590408,1.2036599343732008,0.5972110082417297,1.1050338616308955,1.0370460958247811,1.1975464902062782,0.7622800975311838
2022_16_NYG_MIN,2022,17,2022-12-24,13:00,New York Giants,Minnesota Vikings,Home,Daniel Jones,Kirk Cousins,00-0035710,00-0029604,6,7,-1,1,-2,0,U.S. Bank Stadium,44.9738,-93.2575,America/Chicago,False,True,16,16,Saturday,False,False,0,False,False,0,-2,0,NFC East,MetLife Stadium,40.8136,-74.0744,America/New_York,NFC North,U.S. Bank Stadium,44.9738,-93.2575,America/Chicago,Washington Commanders,Indianapolis Colts,FedExField,U.S. Bank Stadium,Indianapolis Colts,Green Bay Packers,MetLife Stadium,Lambeau Field,1009,0,-1009,1009,1.0,0.0,America/New_York,America/Chicago,1.0,0.0,1.0,0.0,1.0,0,-2.84,0.27,-2.84,0.27,Minnesota Vikings,3.11,Minnesota Vikings,3.11,-2.84,0.27,Minnesota Vikings,3.11,0.0,0,No,No,No,No,Yes,0,No,0.0,0.0,-4.391,-1.139,-2.1825,0.9045,-2.1825,0.9045,0.6575,0.6345,-3.7335,-0.5045000000000001,Minnesota Vikings,3.087,Minnesota Vikings,3.087,-2.1825,0.9045,Minnesota Vikings,3.087,Tie,0.0,Minnesota Vikings,3.252,-2.1955,-0.5695,Minnesota Vikings,1.626,New York Giants,0.023,Minnesota Vikings,3.228999999999999,-1.5379999999999998,0.0649999999999999,Minnesota Vikings,1.6029999999999998,Different,Same,Different,Same,Different,Same,False,Away Team,Home Team,48.0,-215.0,191.0,Minnesota Vikings,New York Giants,-4.5,4.5,-110,-110,-164,135,0.023,-0.023,-3.228999999999999,3.228999999999999,0.3436,0.6825,0.5238,0.5238,0.4255,0.6212,0.3349,0.6651,0.5,0.5,0.4065,0.5935,0.3349,0.6651,-0.1651,0.1651,,,63,0.0,70.0,0.0,Dome,True,Daniel Jones,Kirk Cousins,-1.0,-2.0,13.43,180.34,Med-High,-10.0,9.0,45.16,44.0,12.557981929515124,29.90000000000004,62.0,0.5284,0.4704,0.0938,0.0886,0.424,0.576,0.386,0.5986,17,2022-12-24,NYG @ MIN,0.5718,0.428,-134,134,,,,,,,,No Bet,,No Bet,,No Bet,,No Bet,,No Bet,,No Bet,,No Bet,,No Bet,,No Bet,,,,,,,,,,,,,,,,,,,,,,,,,,,,,17,-0.11055,0.0424,Minnesota Vikings,New York Giants,0,0,0,0,0,1,1,0,0,0,0,0,0,1.5,2.5,,,18.341192518213443,0.3065936301615063,0.7432272980298772,0.1811718500423749,0.0165260940309293,3.740052038386894,0.0029994805762908,1.8832407572632248,0.0059568663221588,0.2039154234204178,0.1026782067410884,0.0001635379255363,0.0003247807532821,0.1030029874943706,0.0089563468984496,5.623292795650119,0.3065936301615063,0.0001189264300028,23.0,11.0,0.3349,0.6651,0.4353,0.5645,0.7322,0.2672,Minnesota Vikings,New York Giants,Minnesota Vikings,Minnesota Vikings,Minnesota Vikings,Same,Different,Same,False,False,0.3065936301615063,0.0004883186788184,0.1811718500423749,0.0165260940309293,0.3065936301615063,0.0004883186788184,0.103096364743574,0.0265831909315078,1.0870972602942475,0.7610498174157517,0.8580849990968817,1.2184191874529495,0.9306293176919235,0.8702416249230065,0.9365168585330593,1.2055630989226163,0.9553729656706215,1.0044536220668412
2022_16_CIN_NE,2022,17,2022-12-24,13:00,Cincinnati Bengals,New England Patriots,Home,Joe Burrow,Mac Jones,00-0036442,00-0036972,6,6,0,0,6,-12,Gillette Stadium,42.0628,-71.2687,America/New_York,False,True,16,16,Saturday,False,False,0,False,False,0,6,-12,AFC North,Paycor Stadium,39.0955,-84.5165,America/New_York,AFC East,Gillette Stadium,42.0628,-71.2687,America/New_York,Tampa Bay Buccaneers,Las Vegas Raiders,Raymond James Stadium,Allegiant Stadium,Baltimore Ravens,Miami Dolphins,Paycor Stadium,Gillette Stadium,723,0,-723,723,0.0,0.0,America/New_York,America/Los_Angeles,0.0,-3.0,0.0,0.0,0.0,0,1.31,-1.995,1.31,-1.995,Cincinnati Bengals,3.305,Cincinnati Bengals,3.305,1.31,-1.995,Cincinnati Bengals,3.305,0.0,0,No,No,No,No,No,0,No,0.0,0.0,5.099,2.058,-0.2219999999999999,-2.608,-0.2219999999999999,-2.608,-1.532,-0.6130000000000001,3.567,1.4449999999999998,Cincinnati Bengals,2.386,Cincinnati Bengals,2.386,-0.2219999999999999,-2.608,Cincinnati Bengals,2.386,Tie,0.0,Cincinnati Bengals,3.0410000000000004,2.5495,1.029,Cincinnati Bengals,1.5205000000000002,New England Patriots,0.919,Cincinnati Bengals,2.1220000000000003,1.0175,0.4159999999999998,Cincinnati Bengals,0.6015000000000001,Different,Same,Different,Same,Different,Same,False,Home Team,Away Team,42.0,136.0,-151.0,Cincinnati Bengals,New England Patriots,3.0,-3.0,-122,101,108,-131,-0.919,0.919,2.1220000000000003,-2.1220000000000003,0.6016,0.4237,0.4975,0.5495,0.5671,0.4808,0.5867,0.4133,0.4752,0.5248,0.5412,0.4588,0.5867,0.4133,0.0867,-0.0867,21.0,2.0,64,2.0,21.0,0.0,nfl_read_py Fallback,False,Joe Burrow,Mac Jones,-3.89,-5.0,14.02,196.51,High,-14.0,7.0,42.94,43.0,12.757553644605968,27.0,60.0,0.6084,0.3902,0.0844,0.0812,0.6408,0.3194,0.502,0.4718,17,2022-12-24,CIN @ NE,0.5013,0.4983,-101,101,,,,,,,,No Bet,,No Bet,,No Bet,,No Bet,,No Bet,,No Bet,,No Bet,,No Bet,,No Bet,,,,,,,,,,,,,,,,,,,,,,,,,,,,,17,0.3312,-0.08265,Cincinnati Bengals,New England Patriots,0,0,0,0,1,0,0,1,0,0,0,0,0,5.0,1.5,,,18.341192518213443,0.7078567524611912,0.0410226971148246,0.0159238752267124,0.0155639842768378,0.0051459813841858,0.1654850029308811,0.0073049776871566,0.1165756804352022,0.00028056961831,0.0003982825914892,0.0090225868774098,0.0063559487922848,0.006754231383774,0.2820606833660834,0.0124509590713424,0.0003271458336039,0.0153657818561363,23.0,11.0,0.5867,0.4133,0.5508,0.449,0.6296,0.3696,Cincinnati Bengals,Cincinnati Bengals,Cincinnati Bengals,New England Patriots,New England Patriots,Same,Different,Different,False,False,0.0006788522097992,0.0153785356696947,0.0159238752267124,0.0155639842768378,0.0006788522097992,0.0153785356696947,0.0255014620820885,0.0159279436740955,0.7635190348739238,1.0846280428360757,1.0893279267985554,0.9871762597512749,0.8259305879034968,0.9749403547114331,1.3028095597951552,0.8392703976605206,0.9820864639054152,0.9777401238320477
2022_16_HOU_TEN,2022,17,2022-12-24,14:00,Houston Texans,Tennessee Titans,Home,Davis Mills,Malik Willis,00-0036898,00-0038128,6,6,0,0,-8,-8,Nissan Stadium,36.1664,-86.7716,America/Chicago,False,False,16,16,Saturday,False,False,0,False,False,0,-8,-8,AFC South,NRG Stadium,29.6847,-95.4093,America/Chicago,AFC South,Nissan Stadium,36.1664,-86.7716,America/Chicago,Kansas City Chiefs,Los Angeles Chargers,NRG Stadium,SoFi Stadium,Jacksonville Jaguars,Dallas Cowboys,NRG Stadium,Nissan Stadium,671,0,-671,671,0.0,0.0,America/Chicago,America/Los_Angeles,0.0,-2.0,0.0,0.0,0.0,0,0.035,-4.36,0.035,-4.36,Houston Texans,4.3950000000000005,Houston Texans,4.3950000000000005,0.035,-4.36,Houston Texans,4.3950000000000005,0.0,0,No,No,No,No,No,1,No,0.0,0.0,-9.249,2.371,0.96034,-5.278340000000001,0.96034,-5.278340000000001,0.96929,-0.96229,-8.163510000000002,1.2925100000000005,Houston Texans,6.23868,Houston Texans,6.23868,0.96034,-5.278340000000001,Houston Texans,6.23868,Tie,0.0,Tennessee Titans,11.62,-4.6245,1.1855,Tennessee Titans,5.8100000000000005,Houston Texans,1.93158,Tennessee Titans,9.456020000000002,-3.597110000000001,0.1651100000000001,Tennessee Titans,3.7622200000000015,Different,Different,Same,Different,Different,Same,False,Away Team,Home Team,34.0,-170.0,153.0,Tennessee Titans,Houston Texans,-3.0,3.0,108,-131,-436,327,1.93158,-1.93158,-9.456020000000002,9.456020000000002,0.3953,0.6296,0.5671,0.4808,0.2342,0.8134,0.3857,0.6143,0.5412,0.4588,0.2235,0.7765,0.3857,0.6143,-0.1143,0.1143,22.0,14.0,65,14.0,22.0,0.0,nfl_read_py Fallback,False,Davis Mills,l,-1.34,-3.0,13.56,183.9,Med-High,-11.0,8.0,44.65,44.0,13.071589700241448,29.0,62.0,0.5346,0.4644,0.0946,0.0946,0.462,0.4986,0.7712,0.2092,17,2022-12-24,HOU @ TEN,0.596,0.4037,-148,148,,,,,,,,No Bet,,No Bet,,No Bet,,No Bet,,No Bet,,No Bet,,No Bet,,No Bet,,No Bet,,,,,,,,,,,,,,,,,,,,,,,,,,,,,17,-0.10365,-0.27815,Tennessee Titans,Houston Texans,0,0,0,0,0,1,1,0,0,0,0,0,1,1.5,0.0,,,18.341192518213443,0.8784805234428938,0.9984191157011764,0.155299025913834,0.0249943354217846,3.261293926079829,0.0058999593210497,2.0476657452205607,0.0093967980578711,0.1778125344271508,0.1116429993953314,0.0003216780651089,0.0005123329929904,0.1121553323883218,0.0152967573789209,5.308959671300389,0.2891625893674671,0.0003378741709375,23.0,11.0,0.3857,0.6143,0.4192,0.5804,0.5048,0.4936,Tennessee Titans,Houston Texans,Tennessee Titans,Tennessee Titans,Tennessee Titans,Same,Different,Same,False,False,0.2894555338224822,0.0008340110580994,0.155299025913834,0.0249943354217846,0.2894555338224822,0.0008340110580994,0.0721217634125038,0.0399428084208047,1.0193519371780833,0.8287951405319163,0.8110790035074373,1.2654251830423933,1.3099943874048514,0.4908765552100794,0.986931715877178,1.1551482415784995,1.0359749379341974,0.9238516498032646
2022_16_WAS_SF,2022,17,2022-12-24,16:05,Washington Commanders,San Francisco 49ers,Home,Taylor Heinicke,Brock Purdy,00-0031800,00-0037834,6,9,-3,3,2,3,Levi's Stadium,37.4031,-121.9702,America/Los_Angeles,False,False,16,16,Saturday,False,False,0,False,False,0,2,3,NFC East,FedExField,38.9077,-76.8645,America/New_York,NFC West,Levi's Stadium,37.4031,-121.9702,America/Los_Angeles,New York Giants,Seattle Seahawks,FedExField,Lumen Field,Cleveland Browns,Las Vegas Raiders,FedExField,Allegiant Stadium,2426,0,-2426,2426,3.0,0.0,America/New_York,America/Los_Angeles,3.0,0.0,3.0,0.0,3.0,0,1.45,3.325,1.45,3.325,San Francisco 49ers,1.875,San Francisco 49ers,1.875,1.45,3.325,San Francisco 49ers,1.875,-0.2249999999999999,0,No,No,No,No,Yes,0,No,0.0,0.0,-1.097,3.919,2.0995,3.7315,2.0995,3.7315,0.6495000000000001,0.4065,-0.4475,4.325500000000001,San Francisco 49ers,1.632,San Francisco 49ers,1.632,2.0995,3.7315,San Francisco 49ers,1.632,Tie,0.0,San Francisco 49ers,5.016,-0.5485,1.9595,San Francisco 49ers,2.508,Washington Commanders,0.2430000000000001,San Francisco 49ers,4.773000000000001,0.101,2.3660000000000005,San Francisco 49ers,2.265000000000001,Different,Same,Different,Same,Different,Same,False,Away Team,Home Team,37.5,-279.0,241.0,San Francisco 49ers,Washington Commanders,-6.5,6.5,-110,-110,-234,188,0.2430000000000001,-0.2430000000000001,-4.773000000000001,4.773000000000001,0.2933,0.7361,0.5238,0.5238,0.3472,0.7006,0.2849,0.7151,0.5,0.5,0.3314,0.6686,0.2849,0.7151,-0.2151,0.2151,54.0,2.0,66,2.0,54.0,0.0,nfl_read_py Fallback,False,c,o,-7.28,-8.0,12.99,168.71,Med-Low,-17.0,3.0,43.32,43.0,12.698344797339471,27.0,60.0,0.7182,0.2808,0.0826,0.0726,0.55,0.45,0.66,0.34,17,2022-12-24,WAS @ SF,0.6505,0.3493,-186,186,,,,,,,,No Bet,,No Bet,,No Bet,,No Bet,,No Bet,,No Bet,,No Bet,,No Bet,,No Bet,,,,,,,,,,,,,,,,,,,,,,,,,,,,,17,-0.107,0.34025,San Francisco 49ers,Washington Commanders,0,0,0,0,0,1,1,0,0,0,0,0,0,1.5,5.0,,,18.341192518213443,0.001184515337846,0.5947943277911418,0.0153967222972698,0.0188481476796557,0.0155358505967155,0.0019526524915881,0.0061895732554946,0.0049011646077033,0.0008470469180936,0.0003374684197523,0.0001064626790024,0.0002672216979804,0.0006046901177327,0.0068538170992915,0.0217254238522102,0.001184515337846,7.805645880761206e-05,23.0,11.0,0.2849,0.7151,0.3361,0.6635,0.2862,0.7122,San Francisco 49ers,San Francisco 49ers,San Francisco 49ers,San Francisco 49ers,San Francisco 49ers,Same,Same,Same,False,False,0.001184515337846,0.0003736843769828,0.0153967222972698,0.0188481476796557,0.001184515337846,0.0003736843769828,0.0243471625876872,0.0303746720061706,1.324181645001303,0.5239654327086964,1.0423036995909984,1.0342004869588324,1.2067004150981413,0.5941705275167886,1.5419456410471382,0.6001343164085401,1.2781262318481097,0.6817003558893524
2022_16_PHI_DAL,2022,17,2022-12-24,16:25,Philadelphia Eagles,Dallas Cowboys,Home,Gardner Minshew,Dak Prescott,00-0035289,00-0033077,6,6,0,0,-2,5,AT&T Stadium,32.7369,-97.0826,America/Chicago,False,True,16,16,Saturday,False,False,0,False,False,0,-2,5,NFC East,Lincoln Financial Field,39.9008,-75.1675,America/New_York,NFC East,AT&T Stadium,32.7369,-97.0826,America/Chicago,Chicago Bears,Jacksonville Jaguars,Soldier Field,TIAA Bank Field,New Orleans Saints,Tennessee Titans,Lincoln Financial Field,Nissan Stadium,1311,0,-1311,1311,1.0,0.0,America/Chicago,America/New_York,0.0,1.0,0.0,0.0,0.0,0,4.905,-0.615,4.905,-0.615,Philadelphia Eagles,5.5200000000000005,Philadelphia Eagles,5.5200000000000005,4.905,-0.615,Philadelphia Eagles,5.5200000000000005,0.0,0,No,No,No,No,No,1,No,0.0,0.0,4.764,6.589,4.6660200000000005,-1.35902,4.6660200000000005,-1.35902,-0.18378,-0.7992200000000002,4.598470000000001,5.77153,Philadelphia Eagles,6.025040000000001,Philadelphia Eagles,6.025040000000001,4.6660200000000005,-1.35902,Philadelphia Eagles,6.025040000000001,Tie,0.0,Dallas Cowboys,1.825,2.382,3.2945,Dallas Cowboys,0.9125,Philadelphia Eagles,0.6154400000000002,Dallas Cowboys,1.1730599999999995,2.207345000000001,2.486155,Dallas Cowboys,0.2788099999999995,Different,Different,Same,Different,Different,Same,False,Away Team,Home Team,48.0,-200.0,178.0,Dallas Cowboys,Philadelphia Eagles,-4.0,4.0,-104,-116,-122,101,0.6154400000000002,-0.6154400000000002,-1.1730599999999995,1.1730599999999995,0.3597,0.6667,0.537,0.5098,0.4975,0.5495,0.3505,0.6495,0.513,0.487,0.4752,0.5248,0.3505,0.6495,-0.1495,0.1495,,,67,0.0,70.0,0.0,Dome,True,Jalen Hurts,Dak Prescott,8.09,9.0,14.89,221.68,High,-3.0,18.0,51.15,50.0,13.459017749886444,34.0,69.0,0.294,0.7056,0.0598,0.065,0.2248,0.7598,0.5654,0.4164,17,2022-12-24,PHI @ DAL,0.4888,0.5111,105,-105,,,,,,,,No Bet,,No Bet,,No Bet,,No Bet,,No Bet,,No Bet,,No Bet,,No Bet,,No Bet,,,,,,,,,,,,,,,,,,,,,,,,,,,,,17,0.2861,0.297,Dallas Cowboys,Philadelphia Eagles,0,0,0,0,0,1,1,0,0,0,0,0,1,4.5,4.5,,,18.341192518213443,0.0,0.0,0.0102578461245617,0.0,0.0,0.0,0.0,0.0,0.0,0.0,0.0,0.0,0.0,0.0,0.0,0.0,0.0,23.0,11.0,0.3505,0.6495,0.4421,0.5579,0.6444,0.3554,Dallas Cowboys,Philadelphia Eagles,Dallas Cowboys,Philadelphia Eagles,Philadelphia Eagles,Same,Same,Different,False,False,0.0,0.0,0.0102578461245617,0.0,0.0,0.0,0.0168365731864637,0.0002993310592563,1.1917482160549924,0.0,0.9992359202254164,0.0,0.9362436438457352,0.0,0.6191696633106696,0.0,0.947300458288396,0.0
2022_16_LV_PIT,2022,17,2022-12-24,20:15,Las Vegas Raiders,Pittsburgh Steelers,Home,Derek Carr,Kenny Pickett,00-0031280,00-0038102,6,6,0,0,-6,-4,Acrisure Stadium,40.4468,-80.0158,America/New_York,False,False,16,16,Saturday,False,False,0,False,False,0,-6,-4,AFC West,Allegiant Stadium,36.108,-115.1578,America/Los_Angeles,AFC North,Acrisure Stadium,40.4468,-80.0158,America/New_York,New England Patriots,Carolina Panthers,Allegiant Stadium,Bank of America Stadium,San Francisco 49ers,Baltimore Ravens,Allegiant Stadium,M&T Bank Stadium,1915,0,-1915,1915,-3.0,0.0,America/Los_Angeles,America/New_York,-3.0,0.0,-3.0,0.0,-3.0,0,-2.35,-0.565,-2.35,-0.565,Pittsburgh Steelers,1.785,Pittsburgh Steelers,1.785,-2.35,-0.565,Pittsburgh Steelers,1.785,-0.4499999999999999,0,No,No,No,No,No,0,No,0.0,0.0,-2.615,-1.727,-4.8905,0.2135000000000001,-4.8905,0.2135000000000001,-2.5405,0.7785,-5.155500000000001,-0.9485,Pittsburgh Steelers,5.104,Pittsburgh Steelers,5.104,-4.8905,0.2135000000000001,Pittsburgh Steelers,5.104,Tie,0.0,Pittsburgh Steelers,0.8880000000000001,-1.3075,-0.8635,Pittsburgh Steelers,0.444,Pittsburgh Steelers,3.319,Pittsburgh Steelers,4.207000000000001,-3.848,-0.085,Pittsburgh Steelers,3.763,Different,Same,Same,Same,Different,Same,False,Home Team,Home Team,38.5,-141.0,127.0,Pittsburgh Steelers,Las Vegas Raiders,-2.5,2.5,-191,156,-211,171,-3.319,3.319,-4.207000000000001,4.207000000000001,0.4405,0.5851,0.3906,0.6564,0.369,0.6785,0.4295,0.5705,0.3731,0.6269,0.3523,0.6477,0.4295,0.5705,-0.0705,0.0705,9.0,21.0,68,21.0,9.0,0.0,nfl_read_py Fallback,False,Derek Carr,t,-3.59,-5.0,13.94,194.39,Med-High,-13.0,7.0,34.44,34.0,12.142087384680258,19.0,51.0,0.6024,0.3956,0.0846,0.092,0.573,0.427,0.3466,0.6534,17,2022-12-24,LV @ PIT,0.6119,0.3876,-158,158,,,,,,,,No Bet,,No Bet,,No Bet,,No Bet,,No Bet,,No Bet,,No Bet,,No Bet,,No Bet,,,,,,,,,,,,,,,,,,,,,,,,,,,,,17,-0.2864,0.01875,Pittsburgh Steelers,Las Vegas Raiders,0,0,0,0,0,1,1,0,0,0,0,0,0,0.0,2.5,,,18.341192518213443,0.979909710625029,0.0,0.0743081097949548,0.0033664458996094,0.7879832992818201,0.0,0.5932319492402134,0.0,0.0429624899525658,0.0323442409020631,0.0,0.0,0.0323442409020631,0.0,1.3812152485220337,0.0748568375027617,0.0,23.0,11.0,0.4295,0.5705,0.4133,0.5865,0.2426,0.7566,Pittsburgh Steelers,Pittsburgh Steelers,Pittsburgh Steelers,Pittsburgh Steelers,Pittsburgh Steelers,Same,Same,Same,False,False,0.0753067308546289,0.0,0.0743081097949548,0.0033664458996094,0.0753067308546289,0.0,0.0733929105883728,0.0057924228866658,0.9900168015022027,0.8581302762077972,1.2215980401005133,0.8549061464493173,1.1085921143481174,0.692278828266814,1.2031371515215854,0.9389428059340916,1.1274828353814381,0.8323437523560241
2022_16_GB_MIA,2022,18,2022-12-25,13:00,Green Bay Packers,Miami Dolphins,Home,Aaron Rodgers,Tua Tagovailoa,00-0023459,00-0036212,6,8,-2,2,-12,7,Hard Rock Stadium,25.9602,-80.2384,America/New_York,False,False,Christmas,16,Sunday,False,False,0,False,False,0,-12,7,NFC North,Lambeau Field,44.5013,-88.0622,America/Chicago,AFC East,Hard Rock Stadium,25.9602,-80.2384,America/New_York,Los Angeles Rams,Buffalo Bills,Lambeau Field,Highmark Stadium,Minnesota Vikings,New England Patriots,Lambeau Field,Gillette Stadium,1352,0,-1352,1352,-1.0,0.0,America/Chicago,America/New_York,-1.0,0.0,-1.0,0.0,-1.0,0,3.535,0.66,3.535,0.66,Green Bay Packers,2.875,Green Bay Packers,2.875,3.535,0.66,Green Bay Packers,2.875,0.0,0,No,No,No,No,Yes,0,No,0.0,0.0,-2.657,-0.559,1.7655000000000003,2.6955,1.7655000000000003,2.6955,-1.7695,2.0355,-4.4265,1.4765,Miami Dolphins,0.9299999999999996,Miami Dolphins,0.9299999999999996,1.7655000000000003,2.6955,Miami Dolphins,0.9299999999999996,Tie,0.0,Miami Dolphins,2.098,-1.3285,-0.2795,Miami Dolphins,1.049,Miami Dolphins,3.805,Miami Dolphins,5.9030000000000005,-3.098,1.756,Miami Dolphins,4.854,Different,Different,Same,Same,Different,Same,False,Home Team,Home Team,49.0,-182.0,163.0,Miami Dolphins,Green Bay Packers,-3.5,3.5,-211,171,-261,208,-3.805,3.805,-5.9030000000000005,5.9030000000000005,0.3802,0.6454,0.369,0.6785,0.3247,0.723,0.3707,0.6293,0.3523,0.6477,0.3099,0.6901,0.3707,0.6293,-0.1293,0.1293,45.0,14.0,69,14.0,45.0,0.0,nfl_read_py Fallback,False,J.Love,T.Tagovailoa,-3.61,-4.0,13.94,194.33,Med-High,-13.0,7.0,47.32,47.0,13.134923304002974,30.0,65.0,0.6046,0.394,0.0882,0.082,0.5194,0.4806,0.4258,0.5488,18,2022-12-25,Green Bay Packers @ Miami Dolphins,0.6429,0.3567,-180,180,,,,,,,,No Bet,,No Bet,,No Bet,,No Bet,,No Bet,,No Bet,,No Bet,,No Bet,,No Bet,,,,,,,,,,,,,,,,,,,,,,,,,,,,,18,0.1646,0.02465,Miami Dolphins,Green Bay Packers,0,0,0,0,0,0,0,0,0,0,0,0,0,5.0,3.5,,,11.36842024170756,0.0493206799441622,0.0,0.0441409563170457,0.0061053948113863,0.3528473874622081,0.0,0.2078508287497863,0.0,0.0310375038888613,0.0182831760553009,0.0,0.0,0.0182831760553009,0.0,0.5606982162119944,0.0493206799441622,0.0,7.0,16.0,0.3707,0.6293,0.4792,0.5206,0.7194,0.28,Miami Dolphins,Green Bay Packers,Miami Dolphins,Miami Dolphins,Miami Dolphins,Same,Different,Same,False,False,0.0493206799441622,0.0,0.0441409563170457,0.0061053948113863,0.0493206799441622,0.0,0.0410531298686538,0.0099632250606426,1.1082707526595221,0.703638958648463,1.3203841466031692,0.7846257659907071,1.3031975921036572,0.6348994537873229,1.244794883659198,0.8902216317261202,1.2443519609405813,0.7516215592308488
2022_16_DEN_LA,2022,18,2022-12-25,16:30,Denver Broncos,Los Angeles Rams,Home,Russell Wilson,Baker Mayfield,00-0029263,00-0034855,7,6,1,-1,10,1,SoFi Stadium,33.9535,-118.3395,America/Los_Angeles,False,False,Christmas,16,Sunday,False,False,0,False,False,0,10,1,AFC West,Empower Field at Mile High,39.7648,-105.0076,America/Denver,NFC West,SoFi Stadium,33.9535,-118.3395,America/Los_Angeles,Arizona Cardinals,Green Bay Packers,Empower Field at Mile High,Lambeau Field,Kansas City Chiefs,Los Angeles Chargers,GEHA Field at Arrowhead Stadium,SoFi Stadium,837,0,-837,837,1.0,0.0,America/Denver,America/Chicago,1.0,2.0,1.0,0.0,1.0,0,2.05,1.29,2.05,1.29,Denver Broncos,0.7599999999999998,Denver Broncos,0.7599999999999998,2.05,1.29,Denver Broncos,0.7599999999999998,0.0,0,No,No,No,No,No,0,Yes,0.0,0.0,-5.08,0.486,3.0835000000000004,0.5640000000000002,3.0835000000000004,0.5640000000000002,1.0335,-0.7260000000000001,-4.0465,-0.2400000000000001,Denver Broncos,2.5195000000000003,Denver Broncos,2.5195000000000003,3.0835000000000004,0.5640000000000002,Denver Broncos,2.5195000000000003,Tie,0.0,Los Angeles Rams,5.566,-2.54,0.243,Los Angeles Rams,2.783,Denver Broncos,1.7595,Los Angeles Rams,3.8065,-1.5065,-0.4830000000000001,Los Angeles Rams,1.0235,Different,Different,Same,Different,Different,Same,False,Away Team,Home Team,36.5,155.0,-173.0,Denver Broncos,Los Angeles Rams,3.0,-3.0,108,-131,-211,171,1.7595,-1.7595,-3.8065,3.8065,0.6337,0.3922,0.5671,0.4808,0.369,0.6785,0.6177,0.3823,0.5412,0.4588,0.3523,0.6477,0.6177,0.3823,0.1177,-0.1177,,,70,0.0,70.0,0.0,Dome,True,B.Nix,M.Stafford,-6.29,-7.0,13.32,177.5,Medium,-16.0,3.0,44.66,44.0,12.94566421796923,29.0,61.0,0.6784,0.321,0.0836,0.0806,0.7154,0.2468,0.7264,0.2736,18,2022-12-25,Denver Broncos @ Los Angeles Rams,0.5418,0.458,-118,118,,,,,,,,No Bet,,No Bet,,No Bet,,No Bet,,No Bet,,No Bet,,No Bet,,No Bet,,No Bet,,,,,,,,,,,,,,,,,,,,,,,,,,,,,18,-0.0757999999999999,-0.19545,Denver Broncos,Los Angeles Rams,0,0,0,0,0,0,0,0,0,0,0,0,0,2.5,1.0,,,11.36842024170756,0.1963532854110494,0.4156984447584817,0.0505289033754472,0.1178971529415238,0.3482356134332761,1.3404659494290343,0.5626605765569832,0.8296262465059412,0.0306318385518241,0.0494932949868213,0.1179113650735076,0.0729763880000032,0.1224696829868245,2.170092195934976,0.9108961899902592,0.0793942715413238,0.1894741059622283,7.0,16.0,0.6177,0.3823,0.4479,0.5519,0.399,0.6,Denver Broncos,Los Angeles Rams,Los Angeles Rams,Los Angeles Rams,Los Angeles Rams,Same,Same,Same,False,False,0.0801251335386455,0.1908877530735108,0.0505289033754472,0.1178971529415238,0.0801251335386455,0.1908877530735108,0.0324907527919564,0.0732314028016591,0.7503103682116893,1.061599343096296,1.0466830166799856,1.0583268959138907,1.314802056364254,0.6232949895267264,1.516718795953476,0.618297719431842,1.152354112776635,0.8436194073947954
2022_16_TB_ARI,2022,18,2022-12-25,20:20,Tampa Bay Buccaneers,Arizona Cardinals,Home,Tom Brady,Trace McSorley,00-0019596,00-0035146,7,7,0,0,9,-2,State Farm Stadium,33.5277,-112.262608,America/Denver,False,False,Christmas,16,Sunday,False,False,0,False,False,0,9,-2,NFC South,Raymond James Stadium,27.9759,-82.5033,America/New_York,NFC West,State Farm Stadium,33.5277,-112.262608,America/Denver,Cincinnati Bengals,Denver Broncos,Raymond James Stadium,Empower Field at Mile High,Carolina Panthers,Atlanta Falcons,Raymond James Stadium,Mercedes-Benz Stadium,1800,0,-1800,1800,2.0,0.0,America/New_York,America/Denver,2.0,0.0,2.0,0.0,2.0,0,1.025,0.075,1.025,0.075,Tampa Bay Buccaneers,0.95,Tampa Bay Buccaneers,0.95,1.025,0.075,Tampa Bay Buccaneers,0.95,-0.15,0,No,No,No,No,No,0,No,0.0,0.0,2.069,-3.627,1.4529999999999998,-1.476,1.4529999999999998,-1.476,0.428,-1.5510000000000002,2.4970000000000003,-5.178,Tampa Bay Buccaneers,2.929,Tampa Bay Buccaneers,2.929,1.4529999999999998,-1.476,Tampa Bay Buccaneers,2.929,Tie,0.0,Tampa Bay Buccaneers,5.696,1.0345,-1.8135,Tampa Bay Buccaneers,2.848,Tampa Bay Buccaneers,1.979,Tampa Bay Buccaneers,7.675000000000001,1.4625,-3.3645,Tampa Bay Buccaneers,4.827,Different,Same,Same,Same,Different,Same,False,Away Team,Away Team,41.5,273.0,-320.0,Tampa Bay Buccaneers,Arizona Cardinals,7.5,-7.5,108,-131,268,-346,1.979,-1.979,7.675000000000001,-7.675000000000001,0.7619,0.2681,0.5671,0.4808,0.7758,0.2717,0.7397,0.2603,0.5412,0.4588,0.7406,0.2594,0.7397,0.2603,0.2397,-0.2397,,,71,0.0,70.0,0.0,Dome,True,B.Mayfield,J.Brissett,1.11,2.0,13.38,179.14,Medium,-9.0,11.0,45.2,45.0,12.922160225170442,29.0,61.10000000000037,0.4714,0.5272,0.0912,0.084,0.6722,0.3278,0.5986,0.4014,18,2022-12-25,Tampa Bay Buccaneers @ Arizona Cardinals,0.3625,0.6372,176,-176,,,,,,,,No Bet,,No Bet,,No Bet,,No Bet,,No Bet,,No Bet,,No Bet,,No Bet,,No Bet,,,,,,,,,,,,,,,,,,,,,,,,,,,,,18,-0.0259,-0.3006999999999999,Tampa Bay Buccaneers,Arizona Cardinals,0,0,0,0,0,0,0,0,0,0,0,0,0,3.0,0.0,,,11.36842024170756,0.9638739320566884,0.4290469542762096,0.0793576893024554,0.3223389705797439,0.132145531988732,3.6079504231072224,0.3755207453402423,1.2696356565294171,0.0116239133651944,0.033031919770397,0.3173660320781122,0.1116809221980973,0.1447128419684944,4.87758607963664,0.5076662773289744,0.0388756364712825,0.4290469542762096,7.0,16.0,0.7397,0.2603,0.6141,0.3856,0.5068,0.492,Tampa Bay Buccaneers,Tampa Bay Buccaneers,Tampa Bay Buccaneers,Tampa Bay Buccaneers,Tampa Bay Buccaneers,Same,Same,Same,False,False,0.0446558331355915,0.4290469542762096,0.0793576893024554,0.3223389705797439,0.0446558331355915,0.4290469542762096,0.1006430155358627,0.2568286837265957,0.659780482122197,1.1521292291857885,1.2321771388906368,0.8728327737032395,0.7199212436541715,1.2181758022368088,1.277805964424044,0.8572105509612743,0.9701458998773731,1.025827620294057
2022_16_LAC_IND,2022,18,2022-12-26,20:15,Los Angeles Chargers,Indianapolis Colts,Home,Justin Herbert,Nick Foles,00-0036355,00-0029567,8,9,-1,1,-1,-2,Lucas Oil Stadium,39.7601,-86.1638,America/Indiana/Indianapolis,False,False,Christmas,16,Monday,False,False,0,False,False,0,-1,-2,AFC West,SoFi Stadium,33.9535,-118.3395,America/Los_Angeles,AFC South,Lucas Oil Stadium,39.7601,-86.1638,America/Indiana/Indianapolis,Tennessee Titans,Minnesota Vikings,SoFi Stadium,U.S. Bank Stadium,Los Angeles Rams,New York Giants,SoFi Stadium,MetLife Stadium,1812,0,-1812,1812,-3.0,0.0,America/Los_Angeles,America/Chicago,-3.0,-1.0,-3.0,0.0,-3.0,0,0.935,-2.265,0.935,-2.265,Los Angeles Chargers,3.2,Los Angeles Chargers,3.2,0.935,-2.265,Los Angeles Chargers,3.2,-0.4499999999999999,0,No,No,No,No,No,0,No,0.0,0.0,-2.23,-1.962,0.6020000000000001,-1.432,0.6020000000000001,-1.432,-0.3329999999999999,0.833,-2.563,-1.129,Los Angeles Chargers,2.034,Los Angeles Chargers,2.034,0.6020000000000001,-1.432,Los Angeles Chargers,2.034,Tie,0.0,Indianapolis Colts,0.268,-1.115,-0.981,Indianapolis Colts,0.134,Indianapolis Colts,1.166,Indianapolis Colts,1.4339999999999995,-1.4479999999999995,-0.148,Indianapolis Colts,1.2999999999999998,Different,Different,Different,Different,Different,Same,False,Home Team,Home Team,44.5,165.0,-185.0,Los Angeles Chargers,Indianapolis Colts,3.5,-3.5,-122,101,-128,105,-1.166,1.166,-1.4339999999999995,1.4339999999999995,0.6491,0.3774,0.4975,0.5495,0.4878,0.5614,0.6324,0.3676,0.4752,0.5248,0.4649,0.5351,0.6324,0.3676,0.1324,-0.1324,,,72,0.0,70.0,0.0,Dome,True,J.Herbert,D.Jones,2.91,4.0,13.89,192.94,Med-High,-7.0,13.0,48.06,47.0,13.331249967093749,31.0,65.0,0.4072,0.5912,0.0822,0.0846,0.4912,0.5088,0.5902,0.4098,18,2022-12-26,Los Angeles Chargers @ Indianapolis Colts,0.4587,0.5409,118,-118,,,,,,,,No Bet,,No Bet,,No Bet,,No Bet,,No Bet,,No Bet,,No Bet,,No Bet,,No Bet,,,,,,,,,,,,,,,,,,,,,,,,,,,,,18,0.0099,-0.05265,Los Angeles Chargers,Indianapolis Colts,0,0,0,0,0,0,0,0,0,0,0,0,0,3.5,2.5,,,11.36842024170756,0.9805501534755318,0.7728934419251448,0.1352262143155267,0.2444047183568705,0.1495481968887256,1.2234777911049954,0.2572749720142276,0.7111803225967686,0.0131547034424426,0.0226306704488595,0.1076207393017014,0.0625575328388764,0.0851882032877359,1.934658113701764,0.4068231689029532,0.029844535439667,0.1663882986642003,7.0,16.0,0.6324,0.3676,0.5414,0.4584,0.6286,0.3706,Los Angeles Chargers,Los Angeles Chargers,Los Angeles Chargers,Los Angeles Chargers,Los Angeles Chargers,Same,Same,Same,False,False,0.0357853738913022,0.1701782721405779,0.1352262143155267,0.2444047183568705,0.0357853738913022,0.1701782721405779,0.1960773222092972,0.2897124680053324,0.7589599469875641,1.0529497643204213,1.2304624089208422,0.8745475036730341,1.1430619496722487,0.7950350962187316,1.002390312688561,1.1326262026967573,1.032084574602598,0.9638889455688323
2022_17_DAL_TEN,2022,19,2022-12-29,20:15,Dallas Cowboys,Tennessee Titans,Home,Dak Prescott,Joshua Dobbs,00-0033077,00-0033949,5,5,0,0,5,-8,Nissan Stadium,36.1664,-86.7716,America/Chicago,False,False,17,17,Thursday,False,False,0,False,False,0,5,-8,NFC East,AT&T Stadium,32.7369,-97.0826,America/Chicago,AFC South,Nissan Stadium,36.1664,-86.7716,America/Chicago,Philadelphia Eagles,Houston Texans,AT&T Stadium,Nissan Stadium,Washington Commanders,Jacksonville Jaguars,FedExField,TIAA Bank Field,633,0,-633,633,0.0,0.0,America/Chicago,America/Chicago,0.0,0.0,0.0,0.0,0.0,0,-0.615,-4.36,-0.615,-4.36,Dallas Cowboys,3.745,Dallas Cowboys,3.745,-0.615,-4.36,Dallas Cowboys,3.745,0.0,0,No,No,No,No,No,0,No,0.0,0.0,6.589,2.371,0.6905000000000001,-5.3420000000000005,0.6905000000000001,-5.3420000000000005,1.3055,-0.982,7.894500000000001,1.3890000000000002,Dallas Cowboys,6.032500000000001,Dallas Cowboys,6.032500000000001,0.6905000000000001,-5.3420000000000005,Dallas Cowboys,6.032500000000001,Tie,0.0,Dallas Cowboys,4.218,3.2945,1.1855,Dallas Cowboys,2.109,Dallas Cowboys,2.2875,Dallas Cowboys,6.5055000000000005,4.6000000000000005,0.2035000000000001,Dallas Cowboys,4.3965000000000005,Different,Same,Same,Same,Different,Same,True,Away Team,Away Team,41.0,563.0,-741.0,Dallas Cowboys,Tennessee Titans,14.0,-14.0,117,-142,224,-282,2.2875,-2.2875,6.5055000000000005,-6.5055000000000005,0.8811,0.1508,0.5868,0.4608,0.7382,0.3086,0.8538,0.1462,0.5601,0.4399,0.7052,0.2948,0.8538,0.1462,0.3538,-0.3538,56.0,4.0,73,4.0,56.0,0.0,nfl_read_py Fallback,False,D.Prescott,C.Ward,11.0,11.0,13.84,191.46,Med-High,3.0,20.0,51.18,51.0,13.864680620690212,33.0,69.0,0.2116,0.7882,0.0654,0.0734,0.5648,0.4066,0.7528,0.2268,19,2022-12-29,Dallas Cowboys @ Tennessee Titans,0.2731,0.7268,266,-266,,,,,,,,No Bet,,No Bet,,No Bet,,No Bet,,No Bet,,No Bet,,No Bet,,No Bet,,No Bet,,,,,,,,,,,,,,,,,,,,,,,,,,,,,19,0.2402,-0.2025,Dallas Cowboys,Tennessee Titans,0,0,0,0,0,0,0,0,0,0,0,0,0,4.0,1.0,,,7.1546708934141945,0.5916074261487726,0.0,0.0122160257136732,0.0286586585757751,0.0002026701416183,0.0,0.0011835825370299,0.0,2.8326969141926805e-05,0.0001654279497495,0.0,0.0,0.0001654279497495,0.0,0.0013862526786483,0.0001937549188914,0.0,5.0,2.0,0.8538,0.1462,0.7222,0.2776,0.8098,0.1892,Dallas Cowboys,Dallas Cowboys,Dallas Cowboys,Dallas Cowboys,Dallas Cowboys,Same,Same,Same,False,False,0.0001937549188914,0.0,0.0122160257136732,0.0286586585757751,0.0001937549188914,0.0,0.0195156301045425,0.0461858877332356,0.24920317093291142,1.4118171757298623,0.9966091072811292,1.2156467121018115,0.6703398104137918,1.5371784985973556,0.44299294351264307,1.5883385368176957,0.5643592799193183,1.4457063142332116
2022_17_ARI_ATL,2022,19,2023-01-01,13:00,Arizona Cardinals,Atlanta Falcons,Home,David Blough,Desmond Ridder,00-0035040,00-0038122,7,8,-1,1,-3,-8,Mercedes-Benz Stadium,33.7489,-84.388,America/New_York,False,False,17,17,Sunday,False,False,0,False,False,0,-3,-8,NFC West,State Farm Stadium,33.5277,-112.262608,America/Denver,NFC South,Mercedes-Benz Stadium,33.7489,-84.388,America/New_York,Tampa Bay Buccaneers,Baltimore Ravens,State Farm Stadium,M&T Bank Stadium,San Francisco 49ers,Tampa Bay Buccaneers,Levi's Stadium,Mercedes-Benz Stadium,1597,0,-1597,1597,-2.0,0.0,America/Denver,America/New_York,-2.0,0.0,-2.0,0.0,-2.0,0,0.075,-0.71,0.075,-0.71,Arizona Cardinals,0.7849999999999999,Arizona Cardinals,0.7849999999999999,0.075,-0.71,Arizona Cardinals,0.7849999999999999,-0.3,0,No,No,No,No,No,0,No,0.0,0.0,-3.627,-6.495,0.851,1.4049999999999998,0.851,1.4049999999999998,0.7760000000000001,2.115,-2.8510000000000004,-4.380000000000001,Atlanta Falcons,0.5539999999999998,Atlanta Falcons,0.5539999999999998,0.851,1.4049999999999998,Atlanta Falcons,0.5539999999999998,Tie,0.0,Arizona Cardinals,2.8680000000000003,-1.8135,-3.2475,Arizona Cardinals,1.4340000000000002,Atlanta Falcons,1.3389999999999995,Arizona Cardinals,1.5290000000000004,-1.0375,-1.1325000000000005,Arizona Cardinals,0.0950000000000004,Different,Different,Same,Different,Different,Same,False,Home Team,Away Team,41.0,-279.0,241.0,Atlanta Falcons,Arizona Cardinals,-7.0,7.0,-128,105,105,-128,-1.3389999999999995,1.3389999999999995,1.5290000000000004,-1.5290000000000004,0.2933,0.7361,0.4878,0.5614,0.5614,0.4878,0.2849,0.7151,0.4649,0.5351,0.5351,0.4649,0.2849,0.7151,-0.2151,0.2151,,,74,0.0,70.0,0.0,Dome,True,J.Brissett,K.Cousins,-4.86,-6.0,14.02,196.45,High,-14.0,5.0,52.53,52.0,13.531114789753676,36.0,70.10000000000036,0.6352,0.364,0.0808,0.0806,0.4388,0.5134,0.7922,0.1926,19,2023-01-01,Arizona Cardinals @ Atlanta Falcons,0.5876,0.4122,-142,143,,,,,,,,No Bet,,No Bet,,No Bet,,No Bet,,No Bet,,No Bet,,No Bet,,No Bet,,No Bet,,,,,,,,,,,,,,,,,,,,,,,,,,,,,19,-0.3863,0.1829,Atlanta Falcons,Arizona Cardinals,0,0,0,0,0,0,0,0,0,0,0,0,0,0.0,3.5,,,7.1546708934141945,0.8412617841364063,0.9454041052879448,0.1548444904319299,0.0127129987503299,0.7095002441987183,0.0006825290336729,0.2826690247129281,0.0017131502701984,0.0991660210187734,0.0395083196591365,9.539628640378382e-05,0.0002394450137147,0.0397477646728513,0.0023956793038713,0.9921692689116464,0.1386743406779099,0.0003348413001185,5.0,2.0,0.2849,0.7151,0.5591,0.4405,0.565,0.4336,Atlanta Falcons,Arizona Cardinals,Arizona Cardinals,Atlanta Falcons,Atlanta Falcons,Same,Different,Different,False,False,0.1386743406779099,0.0003348413001185,0.1548444904319299,0.0127129987503299,0.1386743406779099,0.0003348413001185,0.1650777066929809,0.0202317952961516,1.092554616189139,0.5684657304736349,0.9916452886799446,1.220610530702999,0.8463744623094257,1.3611438467017174,1.1318079696463723,0.8995235106839682,1.022882868506243,0.987182725646291
2022_17_CHI_DET,2022,19,2023-01-01,13:00,Chicago Bears,Detroit Lions,Home,Justin Fields,Jared Goff,00-0036945,00-0033106,8,8,0,0,6,11,Ford Field,42.3395,-83.045,America/Detroit,False,False,17,17,Sunday,False,False,0,False,False,0,6,11,NFC North,Soldier Field,41.8623,-87.6167,America/Chicago,NFC North,Ford Field,42.3395,-83.045,America/Detroit,Buffalo Bills,Carolina Panthers,Soldier Field,Bank of America Stadium,Minnesota Vikings,Green Bay Packers,Soldier Field,Lambeau Field,236,0,-236,236,-1.0,0.0,America/Chicago,America/New_York,-1.0,0.0,-1.0,0.0,-1.0,0,-1.575,4.305,-1.575,4.305,Detroit Lions,5.88,Detroit Lions,5.88,-1.575,4.305,Detroit Lions,5.88,0.0,0,No,No,No,No,No,1,No,0.0,0.0,-4.597,-1.723,-1.86935,5.20135,-1.86935,5.20135,-0.3531499999999999,0.95515,-4.921410000000001,-0.79659,Detroit Lions,7.0707,Detroit Lions,7.0707,-1.86935,5.20135,Detroit Lions,7.0707,Tie,0.0,Detroit Lions,2.874000000000001,-2.2985,-0.8615,Detroit Lions,1.4370000000000005,Detroit Lions,1.3083,Detroit Lions,4.124820000000001,-2.6372800000000005,0.07928,Detroit Lions,2.7165600000000003,Different,Same,Same,Same,Different,Same,False,Home Team,Home Team,52.5,-219.0,194.0,Detroit Lions,Chicago Bears,-4.5,4.5,-128,105,-211,171,-1.3083,1.3083,-4.124820000000001,4.124820000000001,0.3401,0.6865,0.4878,0.5614,0.369,0.6785,0.3313,0.6687,0.4649,0.5351,0.3523,0.6477,0.3313,0.6687,-0.1687,0.1687,,,75,0.0,70.0,0.0,Dome,True,C.Williams,J.Goff,-9.11,-10.0,14.42,207.9,High,-19.0,1.0,58.05,57.0,14.249369251472604,40.0,77.0,0.738,0.261,0.0674,0.0696,0.6448,0.3552,0.6496,0.3504,19,2023-01-01,Chicago Bears @ Detroit Lions,0.6474,0.3524,-184,184,,,,,,,,No Bet,,No Bet,,No Bet,,No Bet,,No Bet,,No Bet,,No Bet,,No Bet,,No Bet,,,,,,,,,,,,,,,,,,,,,,,,,,,,,19,-0.2025,-0.2115,Detroit Lions,Chicago Bears,0,0,0,0,0,0,0,0,0,0,0,0,1,1.0,1.0,,,7.1546708934141945,0.9079447963914734,0.970159835161707,0.1430984101833685,0.0137051641100225,1.131872641067633,0.0002783460557441,0.5607737490439763,0.0005618171067797,0.158200517945488,0.0783786923812474,3.890410333204787e-05,7.852452127419382e-05,0.0784572169025216,0.0008401631625239,1.6926463901116091,0.2365792103267354,0.0001174286246062,5.0,2.0,0.3313,0.6687,0.4194,0.5804,0.3298,0.6694,Detroit Lions,Detroit Lions,Detroit Lions,Detroit Lions,Detroit Lions,Same,Same,Same,False,False,0.2365792103267354,0.0001174286246062,0.1430984101833685,0.0137051641100225,0.2365792103267354,0.0001174286246062,0.0861886065341763,0.021967015195702,1.0193347141762918,0.6416856324864836,1.0071888331483394,1.2050669862346022,1.2577904846844905,0.949727824326648,1.3687907523322933,0.6625407279980481,1.1592900783025644,0.8507755158499755
2022_17_JAX_HOU,2022,19,2023-01-01,13:00,Jacksonville Jaguars,Houston Texans,Home,Trevor Lawrence,Davis Mills,00-0036971,00-0036898,10,8,2,-2,0,-10,NRG Stadium,29.6847,-95.4093,America/Chicago,False,True,17,17,Sunday,False,False,0,False,False,0,0,-10,AFC South,TIAA Bank Field,30.3239,-81.6554,America/New_York,AFC South,NRG Stadium,29.6847,-95.4093,America/Chicago,New York Jets,Tennessee Titans,MetLife Stadium,Nissan Stadium,Tennessee Titans,Indianapolis Colts,TIAA Bank Field,Lucas Oil Stadium,823,0,-823,823,1.0,0.0,America/New_York,America/Chicago,1.0,0.0,1.0,0.0,1.0,0,-1.825,0.035,-1.825,0.035,Houston Texans,1.86,Houston Texans,1.86,-1.825,0.035,Houston Texans,1.86,0.0,0,No,No,No,No,No,1,No,0.0,0.0,-3.671,-9.249,-1.419405,-1.998095,-1.419405,-1.998095,0.386995,-2.014495,-3.339785,-11.207715,Jacksonville Jaguars,0.5786899999999999,Jacksonville Jaguars,0.5786899999999999,-1.419405,-1.998095,Jacksonville Jaguars,0.5786899999999999,Tie,0.0,Jacksonville Jaguars,5.578000000000001,-1.8355,-4.6245,Jacksonville Jaguars,2.7890000000000006,Jacksonville Jaguars,2.40149,Jacksonville Jaguars,7.867930000000001,-1.4763949999999997,-6.611105,Jacksonville Jaguars,5.13471,Different,Different,Same,Same,Different,Same,False,Away Team,Away Team,43.0,167.0,-187.0,Jacksonville Jaguars,Houston Texans,3.5,-3.5,117,-142,282,-366,2.40149,-2.40149,7.867930000000001,-7.867930000000001,0.6516,0.3745,0.5868,0.4608,0.7854,0.2618,0.635,0.365,0.5601,0.4399,0.75,0.25,0.635,0.365,0.135,-0.135,,,76,0.0,70.0,0.0,Dome,True,T.Lawrence,C.Stroud,5.69,7.0,13.69,187.37,Med-High,-4.0,15.0,53.38,53.0,13.858646702246348,36.0,71.0,0.3444,0.6554,0.0846,0.0798,0.4166,0.5834,0.7452,0.223,19,2023-01-01,Jacksonville Jaguars @ Houston Texans,0.3498,0.6501,186,-186,,,,,,,,No Bet,,No Bet,,No Bet,,No Bet,,No Bet,,No Bet,,No Bet,,No Bet,,No Bet,,,,,,,,,,,,,,,,,,,,,,,,,,,,,19,0.2025,-0.0723,Jacksonville Jaguars,Houston Texans,0,0,0,0,0,0,0,0,0,0,0,0,1,4.0,2.0,,,7.1546708934141945,0.9979001377609164,0.9931647309758452,0.0137226386601314,0.0458114242487668,0.0005731072617307,0.151126360461185,0.0009970496197233,0.086867907981626,8.010253305407764e-05,0.0001393564616146,0.0211227550103381,0.0121414261083045,0.0122807825699192,0.2379942684428111,0.0015701568814541,0.0002194589946687,0.0332641811186427,5.0,2.0,0.635,0.365,0.557,0.4427,0.6532,0.3458,Jacksonville Jaguars,Jacksonville Jaguars,Jacksonville Jaguars,Jacksonville Jaguars,Jacksonville Jaguars,Same,Same,Same,False,False,0.0002194589946687,0.0332641811186427,0.0137226386601314,0.0458114242487668,0.0002194589946687,0.0332641811186427,0.0219327868018307,0.0535253608638689,0.6291290878636946,1.0318912587990818,1.0189750402788709,1.193280779104073,0.5872043607392999,1.6203139482718396,0.7342844536149896,1.2970470267153509,0.7376656188255595,1.2723999753269746
2022_17_DEN_KC,2022,19,2023-01-01,13:00,Denver Broncos,Kansas City Chiefs,Home,Russell Wilson,Patrick Mahomes,00-0029263,00-0033873,7,8,-1,1,9,7,GEHA Field at Arrowhead Stadium,39.0489,-94.4839,America/Chicago,False,True,17,17,Sunday,False,False,0,False,False,0,9,7,AFC West,Empower Field at Mile High,39.7648,-105.0076,America/Denver,AFC West,GEHA Field at Arrowhead Stadium,39.0489,-94.4839,America/Chicago,Los Angeles Rams,Seattle Seahawks,SoFi Stadium,GEHA Field at Arrowhead Stadium,Los Angeles Chargers,Las Vegas Raiders,Empower Field at Mile High,Allegiant Stadium,563,0,-563,563,-1.0,0.0,America/Los_Angeles,America/Chicago,-2.0,0.0,-1.0,0.0,-1.0,0,2.05,4.395,2.05,4.395,Kansas City Chiefs,2.345,Kansas City Chiefs,2.345,2.05,4.395,Kansas City Chiefs,2.345,0.0,0,No,No,No,No,No,1,No,0.0,0.0,-5.08,6.793,2.7507900000000003,4.445209999999999,2.7507900000000003,4.445209999999999,0.67734,0.07366,-4.283930000000001,6.74793,Kansas City Chiefs,1.6944199999999991,Kansas City Chiefs,1.6944199999999991,2.7507900000000003,4.445209999999999,Kansas City Chiefs,1.6944199999999991,Tie,0.0,Kansas City Chiefs,11.873,-2.54,3.3965,Kansas City Chiefs,5.9365000000000006,Denver Broncos,0.60368,Kansas City Chiefs,11.031860000000002,-1.8032950000000003,3.410795,Kansas City Chiefs,5.214090000000001,Different,Same,Different,Same,Different,Same,False,Away Team,Home Team,46.0,-711.0,544.0,Kansas City Chiefs,Denver Broncos,-13.5,13.5,-104,-116,-567,406,0.60368,-0.60368,-11.031860000000002,11.031860000000002,0.1553,0.8767,0.537,0.5098,0.1976,0.8501,0.1505,0.8495,0.513,0.487,0.1886,0.8114,0.1505,0.8495,-0.3495,0.3495,47.0,2.0,77,2.0,47.0,0.0,nfl_read_py Fallback,False,B.Nix,P.Mahomes,-13.88,-14.0,13.29,176.65,Medium,-23.0,-6.0,51.97,51.0,13.617567215452748,35.0,70.0,0.855,0.1446,0.0566,0.0588,0.5236,0.4764,0.642,0.3262,19,2023-01-01,Denver Broncos @ Kansas City Chiefs,0.7507,0.2492,-301,301,,,,,,,,No Bet,,No Bet,,No Bet,,No Bet,,No Bet,,No Bet,,No Bet,,No Bet,,No Bet,,,,,,,,,,,,,,,,,,,,,,,,,,,,,19,0.1979,0.2786,Kansas City Chiefs,Denver Broncos,0,0,0,0,0,0,0,0,0,0,0,0,1,3.5,4.0,,,7.1546708934141945,0.0,0.2283430835687838,0.0210465828102224,0.0053948668343699,0.0,0.0001286599594363,0.0,0.0007262234919677,0.0,0.0,1.7982652361373178e-05,0.0001015034098404,0.0001015034098404,0.000854883451404,0.0,0.0,0.0001194860622018,5.0,2.0,0.1505,0.8495,0.2363,0.7636,0.1484,0.8512,Kansas City Chiefs,Kansas City Chiefs,Kansas City Chiefs,Kansas City Chiefs,Kansas City Chiefs,Same,Same,Same,False,False,0.0,0.0001194860622018,0.0210465828102224,0.0053948668343699,0.0,0.0001194860622018,0.0338938574155409,0.0085462329341779,1.4048431292552257,0.25617721740754656,1.0549129818223546,1.1573428375605912,1.7773389822226482,0.4301793267884946,1.727431725679339,0.30389975465099883,1.4951099684858664,0.5149556256666636
2022_17_MIA_NE,2022,19,2023-01-01,13:00,Miami Dolphins,New England Patriots,Home,Teddy Bridgewater,Mac Jones,00-0031237,00-0036972,7,8,-1,1,6,-11,Gillette Stadium,42.0628,-71.2687,America/New_York,False,False,17,17,Sunday,False,False,0,False,False,0,6,-11,AFC East,Hard Rock Stadium,25.9602,-80.2384,America/New_York,AFC East,Gillette Stadium,42.0628,-71.2687,America/New_York,Green Bay Packers,Cincinnati Bengals,Hard Rock Stadium,Gillette Stadium,New York Jets,Buffalo Bills,Hard Rock Stadium,Highmark Stadium,1223,0,-1223,1223,0.0,0.0,America/New_York,America/New_York,0.0,0.0,0.0,0.0,0.0,0,0.66,-1.995,0.66,-1.995,Miami Dolphins,2.655,Miami Dolphins,2.655,0.66,-1.995,Miami Dolphins,2.655,0.0,0,No,No,No,No,No,1,No,0.0,0.0,-0.559,2.058,-0.668825,-2.464675,-0.668825,-2.464675,-1.302275,-0.496225,-1.835105,1.535605,Miami Dolphins,1.7958500000000002,Miami Dolphins,1.7958500000000002,-0.668825,-2.464675,Miami Dolphins,1.7958500000000002,Tie,0.0,New England Patriots,2.617,-0.2795,1.029,New England Patriots,1.3085,New England Patriots,0.80605,New England Patriots,3.37071,-1.56869,0.51969,New England Patriots,2.08838,Different,Different,Different,Different,Different,Same,False,Home Team,Home Team,41.5,-160.0,144.0,New England Patriots,Miami Dolphins,-3.0,3.0,-122,101,-191,156,-0.80605,0.80605,-3.37071,3.37071,0.4098,0.6154,0.4975,0.5495,0.3906,0.6564,0.3998,0.6002,0.4752,0.5248,0.3731,0.6269,0.3998,0.6002,-0.1002,0.1002,53.0,2.0,78,2.0,53.0,0.0,nfl_read_py Fallback,False,T.Tagovailoa,D.Maye,-0.78,-2.0,13.96,194.76,Med-High,-10.0,8.25,49.11,49.0,13.823041318547046,32.0,67.0,0.5286,0.471,0.0998,0.0836,0.4378,0.509,0.6984,0.3016,19,2023-01-01,Miami Dolphins @ New England Patriots,0.5701,0.4298,-133,133,,,,,,,,No Bet,,No Bet,,No Bet,,No Bet,,No Bet,,No Bet,,No Bet,,No Bet,,No Bet,,,,,,,,,,,,,,,,,,,,,,,,,,,,,19,0.1495,-0.2655,New England Patriots,Miami Dolphins,0,0,0,0,0,0,0,0,0,0,0,0,1,3.5,1.0,,,7.1546708934141945,0.7074040966589973,3.6124341806874687e-06,0.0367932946493947,0.0017664571773459,0.1460139948406697,1.0333141919238286e-05,0.097261571371709,1.5512635767700902e-05,0.0204082056345979,0.013594136309084,1.44425118543885e-06,2.1681829952486187e-06,0.0135963044920793,2.5845777686939183e-05,0.2432755662123787,0.034002341943682,3.6124341806874687e-06,5.0,2.0,0.3998,0.6002,0.42,0.5798,0.4422,0.5572,New England Patriots,New England Patriots,New England Patriots,New England Patriots,New England Patriots,Same,Same,Same,False,False,0.034002341943682,3.6124341806874687e-06,0.0367932946493947,0.0017664571773459,0.034002341943682,3.6124341806874687e-06,0.0385110434021435,0.0027579720157663,0.9712178934108396,0.689802453251935,1.11078013934451,1.1014756800384344,1.3369424864815134,0.8705758225296293,1.032909006885502,0.9984224734448379,1.1058786754797583,0.9041869186727781
2022_17_IND_NYG,2022,19,2023-01-01,13:00,Indianapolis Colts,New York Giants,Home,Nick Foles,Daniel Jones,00-0029567,00-0035710,6,8,-2,2,-4,0,MetLife Stadium,40.8136,-74.0744,America/New_York,False,False,17,17,Sunday,False,False,0,False,False,0,-4,0,AFC South,Lucas Oil Stadium,39.7601,-86.1638,America/Indiana/Indianapolis,NFC East,MetLife Stadium,40.8136,-74.0744,America/New_York,Los Angeles Chargers,Minnesota Vikings,Lucas Oil Stadium,U.S. Bank Stadium,Houston Texans,Philadelphia Eagles,Lucas Oil Stadium,Lincoln Financial Field,640,0,-640,640,0.0,0.0,America/Indiana/Indianapolis,America/Chicago,0.0,-1.0,0.0,0.0,0.0,0,-2.265,-2.84,-2.265,-2.84,Indianapolis Colts,0.5749999999999997,Indianapolis Colts,0.5749999999999997,-2.265,-2.84,Indianapolis Colts,0.5749999999999997,0.0,0,No,No,No,No,Yes,0,No,0.0,0.0,-1.962,-4.391,-3.523,-3.4975,-3.523,-3.4975,-1.258,-0.6575,-3.22,-5.0485,New York Giants,0.0255,New York Giants,0.0255,-3.523,-3.4975,New York Giants,0.0255,Tie,0.0,Indianapolis Colts,2.4290000000000003,-0.981,-2.1955,Indianapolis Colts,1.2145,New York Giants,0.6005,Indianapolis Colts,1.8285,-2.239,-2.853,Indianapolis Colts,0.6139999999999999,Different,Different,Same,Different,Different,Same,False,Home Team,Away Team,38.5,-229.0,202.0,New York Giants,Indianapolis Colts,-5.5,5.5,-116,-104,108,-131,-0.6005,0.6005,1.8285,-1.8285,0.3311,0.696,0.5098,0.537,0.5671,0.4808,0.3224,0.6776,0.487,0.513,0.5412,0.4588,0.3224,0.6776,-0.1776,0.1776,52.0,14.0,79,14.0,52.0,0.0,nfl_read_py Fallback,False,D.Jones,J.Dart,4.99,6.0,13.31,177.03,Medium,-5.0,14.0,42.61,42.0,12.470403025978191,27.0,59.0,0.352,0.6464,0.0876,0.0868,0.2374,0.7626,0.6154,0.3846,19,2023-01-01,Indianapolis Colts @ New York Giants,0.5004,0.4992,-100,100,,,,,,,,No Bet,,No Bet,,No Bet,,No Bet,,No Bet,,No Bet,,No Bet,,No Bet,,No Bet,,,,,,,,,,,,,,,,,,,,,,,,,,,,,19,0.0723,-0.3987,New York Giants,Indianapolis Colts,0,0,0,0,0,0,0,0,0,0,0,0,0,3.0,0.0,,,7.1546708934141945,0.7429634548122165,0.959647976545719,0.1374569357626276,0.0116003710138077,1.2194549880808463,0.0004078257834182,0.5802129400195762,0.0008571425274323,0.1704418003633602,0.0810956854149163,5.7001333743196936e-05,0.0001198018106215,0.0812154872255379,0.0012649683108506,1.7996679281004226,0.2515374857782766,0.0001768031443647,5.0,2.0,0.3224,0.6776,0.4982,0.5015,0.3904,0.6084,New York Giants,New York Giants,New York Giants,Indianapolis Colts,New York Giants,Same,Different,Same,False,False,0.2515374857782766,0.0001768031443647,0.1374569357626276,0.0116003710138077,0.2515374857782766,0.0001768031443647,0.0679236907371755,0.0185318419429897,1.0374559222316737,0.6235644244310993,0.9644167379068186,1.2478390814761235,0.8519648112996315,1.3555534977115131,0.5970655777275502,1.4342659026027964,0.867773793994796,1.1422918001577411
2022_17_NO_PHI,2022,19,2023-01-01,13:00,New Orleans Saints,Philadelphia Eagles,Home,Andy Dalton,Gardner Minshew,00-0027973,00-0035289,8,8,0,0,-9,-2,Lincoln Financial Field,39.9008,-75.1675,America/New_York,False,True,17,17,Sunday,False,False,0,False,False,0,-9,-2,NFC South,Caesars Superdome,29.9507,-90.0813,America/Chicago,NFC East,Lincoln Financial Field,39.9008,-75.1675,America/New_York,Cleveland Browns,Dallas Cowboys,FirstEnergy Stadium,AT&T Stadium,Carolina Panthers,New York Giants,Caesars Superdome,Lincoln Financial Field,1086,0,-1086,1086,-1.0,0.0,America/New_York,America/Chicago,0.0,-1.0,0.0,0.0,0.0,0,-6.145,4.905,-6.145,4.905,Philadelphia Eagles,11.05,Philadelphia Eagles,11.05,-6.145,4.905,Philadelphia Eagles,11.05,0.0,0,No,No,No,No,No,0,No,0.0,0.0,0.364,4.764,-8.764,4.8825,-8.764,4.8825,-2.619,-0.0225,-2.255,4.7415,Philadelphia Eagles,13.6465,Philadelphia Eagles,13.6465,-8.764,4.8825,Philadelphia Eagles,13.6465,Tie,0.0,Philadelphia Eagles,4.4,0.182,2.382,Philadelphia Eagles,2.2,Philadelphia Eagles,2.5965000000000003,Philadelphia Eagles,6.9965,-2.4370000000000003,2.3595,Philadelphia Eagles,4.7965,Different,Same,Same,Same,Different,Same,False,Home Team,Home Team,41.5,-225.0,198.0,Philadelphia Eagles,New Orleans Saints,-5.5,5.5,-142,117,-319,249,-2.5965000000000003,2.5965000000000003,-6.9965,6.9965,0.3356,0.6923,0.4608,0.5868,0.2865,0.7613,0.3265,0.6735,0.4399,0.5601,0.2734,0.7266,0.3265,0.6735,-0.1735,0.1735,54.0,11.0,80,11.0,54.0,0.0,nfl_read_py Fallback,False,T.Shough,J.Hurts,-9.31,-10.0,13.93,194.18,Med-High,-19.0,1.0,45.68,45.0,12.784476227303225,30.0,62.0,0.746,0.252,0.0704,0.0658,0.6416,0.3584,0.6186,0.3814,19,2023-01-01,New Orleans Saints @ Philadelphia Eagles,0.6766,0.323,-209,210,,,,,,,,No Bet,,No Bet,,No Bet,,No Bet,,No Bet,,No Bet,,No Bet,,No Bet,,No Bet,,,,,,,,,,,,,,,,,,,,,,,,,,,,,19,0.1252,0.3987,Philadelphia Eagles,New Orleans Saints,0,0,0,0,0,0,0,0,0,0,0,0,0,3.5,5.0,,,7.1546708934141945,0.0,0.4442802876469987,0.0013073456097891,0.0093380710510522,0.0,0.0002786887151579,0.0,0.0005748754966582,0.0,0.0,3.895199643837224e-05,8.034967718604503e-05,8.034967718604503e-05,0.0008535642118162,0.0,0.0,0.0001193016736244,5.0,2.0,0.3265,0.6735,0.4072,0.5925,0.2292,0.7698,Philadelphia Eagles,Philadelphia Eagles,Philadelphia Eagles,Philadelphia Eagles,Philadelphia Eagles,Same,Same,Same,False,False,0.0,0.0001193016736244,0.0013073456097891,0.0093380710510522,0.0,0.0001193016736244,0.0020188065635903,0.0149138580494136,1.1240089663681536,0.537011380294619,1.250439818546426,0.9618160008365171,1.6128408210774192,0.594677487933722,1.5224181817323892,0.5089132985979489,1.3680807561038355,0.6419848380486952
2022_17_CAR_TB,2022,19,2023-01-01,13:00,Carolina Panthers,Tampa Bay Buccaneers,Home,Sam Darnold,Tom Brady,00-0034869,00-0019596,8,7,1,-1,7,8,Raymond James Stadium,27.9759,-82.5033,America/New_York,False,False,17,17,Sunday,False,False,0,False,False,0,7,8,NFC South,Bank of America Stadium,35.2258,-80.8528,America/New_York,NFC South,Raymond James Stadium,27.9759,-82.5033,America/New_York,Detroit Lions,Arizona Cardinals,Bank of America Stadium,State Farm Stadium,New Orleans Saints,Atlanta Falcons,Caesars Superdome,Mercedes-Benz Stadium,510,0,-510,510,0.0,0.0,America/New_York,America/Denver,0.0,-2.0,0.0,0.0,0.0,0,-5.25,1.025,-5.25,1.025,Tampa Bay Buccaneers,6.275,Tampa Bay Buccaneers,6.275,-5.25,1.025,Tampa Bay Buccaneers,6.275,0.0,0,No,No,No,No,No,1,No,0.0,0.0,-5.097,2.069,-7.347425,1.283925,-7.347425,1.283925,-2.160175,0.321675,-7.1855150000000005,2.319015,Tampa Bay Buccaneers,8.631350000000001,Tampa Bay Buccaneers,8.631350000000001,-7.347425,1.283925,Tampa Bay Buccaneers,8.631350000000001,Tie,0.0,Tampa Bay Buccaneers,7.166,-2.5485,1.0345,Tampa Bay Buccaneers,3.583,Tampa Bay Buccaneers,2.48185,Tampa Bay Buccaneers,9.50453,-4.672845000000001,1.320345,Tampa Bay Buccaneers,5.99319,Different,Same,Same,Same,Different,Same,False,Home Team,Home Team,40.5,-184.0,164.0,Tampa Bay Buccaneers,Carolina Panthers,-3.5,3.5,-142,117,-436,327,-2.48185,2.48185,-9.50453,9.50453,0.3788,0.6479,0.4608,0.5868,0.2342,0.8134,0.3689,0.6311,0.4399,0.5601,0.2235,0.7765,0.3689,0.6311,-0.1311,0.1311,75.0,2.0,81,2.0,75.0,0.0,nfl_read_py Fallback,False,B.Young,B.Mayfield,1.46,3.0,12.85,165.06,Med-Low,-7.0,10.0,42.87,42.0,12.948960541905404,27.0,60.0,0.4536,0.5458,0.1014,0.0952,0.3628,0.6372,0.543,0.457,19,2023-01-01,Carolina Panthers @ Tampa Bay Buccaneers,0.6053,0.3945,-153,153,,,,,,,,No Bet,,No Bet,,No Bet,,No Bet,,No Bet,,No Bet,,No Bet,,No Bet,,No Bet,,,,,,,,,,,,,,,,,,,,,,,,,,,,,19,-0.1252,-0.1829,Tampa Bay Buccaneers,Carolina Panthers,0,0,0,0,0,0,0,0,0,0,0,0,1,1.5,1.5,,,7.1546708934141945,0.0,0.9738713172247282,0.0173904305361946,0.0134037767970332,0.0,0.0007152752900925,0.0,0.0012236655884451,0.0,0.0,9.997319244285412e-05,0.0001710303110617,0.0001710303110617,0.0019389408785377,0.0,0.0,0.0002710035035046,5.0,2.0,0.3689,0.6311,0.4193,0.5803,0.4888,0.5098,Tampa Bay Buccaneers,Tampa Bay Buccaneers,Tampa Bay Buccaneers,Carolina Panthers,Tampa Bay Buccaneers,Same,Different,Same,False,False,0.0,0.0002710035035046,0.0173904305361946,0.0134037767970332,0.0,0.0002710035035046,0.0279898785295406,0.0213863393827602,1.0454556626319482,0.6155646840308281,1.2334199674751751,0.9788358519077679,1.7102279494177526,0.49729035959338763,0.9167929336224961,1.1145385467078435,1.21227358982658,0.7977920043259583
2022_17_CLE_WAS,2022,19,2023-01-01,13:00,Cleveland Browns,Washington Commanders,Home,Deshaun Watson,Carson Wentz,00-0033537,00-0032950,8,8,0,0,3,2,FedExField,38.9077,-76.8645,America/New_York,False,False,17,17,Sunday,False,False,0,False,False,0,3,2,AFC North,FirstEnergy Stadium,41.5061,-81.6994,America/New_York,NFC East,FedExField,38.9077,-76.8645,America/New_York,New Orleans Saints,San Francisco 49ers,FirstEnergy Stadium,Levi's Stadium,Pittsburgh Steelers,Dallas Cowboys,Acrisure Stadium,FedExField,312,0,-312,312,0.0,0.0,America/New_York,America/Los_Angeles,0.0,-3.0,0.0,0.0,0.0,0,-4.705,1.45,-4.705,1.45,Washington Commanders,6.155,Washington Commanders,6.155,-4.705,1.45,Washington Commanders,6.155,0.0,0,No,No,No,No,No,0,No,0.0,0.0,0.449,-1.097,-5.9755,0.7255,-5.9755,0.7255,-1.2705000000000002,-0.7245,-0.8215000000000001,-1.8215,Washington Commanders,6.7010000000000005,Washington Commanders,6.7010000000000005,-5.9755,0.7255,Washington Commanders,6.7010000000000005,Tie,0.0,Cleveland Browns,1.546,0.2245,-0.5485,Cleveland Browns,0.773,Washington Commanders,0.5460000000000002,Cleveland Browns,0.9999999999999998,-1.0460000000000005,-1.273,Cleveland Browns,0.2269999999999996,Different,Different,Same,Different,Different,Same,False,Home Team,Away Team,41.5,-117.0,106.0,Washington Commanders,Cleveland Browns,-1.0,1.0,-116,-104,101,-122,-0.5460000000000002,0.5460000000000002,0.9999999999999998,-0.9999999999999998,0.4854,0.5392,0.5098,0.537,0.5495,0.4975,0.4738,0.5262,0.487,0.513,0.5248,0.4752,0.4738,0.5262,-0.0262,0.0262,59.0,9.0,82,9.0,59.0,0.0,nfl_read_py Fallback,False,S.Sanders,M.Mariota,-3.48,-4.0,13.04,170.11,Medium,-13.0,6.0,41.6,41.0,12.399291218636042,26.0,58.0,0.6122,0.3862,0.0982,0.0932,0.5948,0.3878,0.4938,0.5062,19,2023-01-01,Cleveland Browns @ Washington Commanders,0.5317,0.468,-114,114,,,,,,,,No Bet,,No Bet,,No Bet,,No Bet,,No Bet,,No Bet,,No Bet,,No Bet,,No Bet,,,,,,,,,,,,,,,,,,,,,,,,,,,,,19,-0.0723,-0.2402,Washington Commanders,Cleveland Browns,0,0,0,0,0,0,0,0,0,0,0,0,0,2.0,1.0,,,7.1546708934141945,0.5946225666800927,0.3034039475157042,0.0206711502239797,0.0095216513178697,0.0398294721067555,0.001058013617978,0.0358631772789448,0.0011750248327988,0.0055669188282885,0.0050125544295764,0.0001478773284948,0.0001642318494174,0.0051767862789939,0.0022330384507768,0.0756926493857004,0.0105794732578649,0.0003121091779123,5.0,2.0,0.4738,0.5262,0.5433,0.456,0.5556,0.4416,Washington Commanders,Cleveland Browns,Cleveland Browns,Washington Commanders,Washington Commanders,Same,Different,Different,False,False,0.0105794732578649,0.0003121091779123,0.0206711502239797,0.0095216513178697,0.0105794732578649,0.0003121091779123,0.0268125719849065,0.0150922992554083,0.8656107941335658,0.7954095525292082,1.1188441777538505,1.0934116416290929,1.033437870454568,1.1740804385565737,1.231116278687962,0.8002152016423785,1.0558823298814821,0.954183264271055
2022_17_SF_LV,2022,19,2023-01-01,16:05,San Francisco 49ers,Las Vegas Raiders,Home,Brock Purdy,Jarrett Stidham,00-0037834,00-0035264,8,8,0,0,3,-6,Allegiant Stadium,36.108,-115.1578,America/Los_Angeles,False,False,17,17,Sunday,False,False,0,False,False,0,3,-6,NFC West,Levi's Stadium,37.4031,-121.9702,America/Los_Angeles,AFC West,Allegiant Stadium,36.108,-115.1578,America/Los_Angeles,Washington Commanders,Pittsburgh Steelers,Levi's Stadium,Acrisure Stadium,Arizona Cardinals,Kansas City Chiefs,Levi's Stadium,Allegiant Stadium,387,0,-387,387,0.0,0.0,America/Los_Angeles,America/New_York,0.0,3.0,0.0,0.0,0.0,0,3.325,-2.35,3.325,-2.35,San Francisco 49ers,5.675000000000001,San Francisco 49ers,5.675000000000001,3.325,-2.35,San Francisco 49ers,5.675000000000001,0.0,0,No,No,No,No,No,0,No,0.0,0.0,3.919,-2.615,3.4435,-1.0845000000000005,3.4435,-1.0845000000000005,0.1185,1.2654999999999998,4.0375,-1.3495,San Francisco 49ers,4.5280000000000005,San Francisco 49ers,4.5280000000000005,3.4435,-1.0845000000000005,San Francisco 49ers,4.5280000000000005,Tie,0.0,San Francisco 49ers,6.534000000000001,1.9595,-1.3075,San Francisco 49ers,3.2670000000000003,Las Vegas Raiders,1.1469999999999998,San Francisco 49ers,5.387,2.078,-0.0420000000000001,San Francisco 49ers,2.12,Different,Same,Different,Same,Different,Same,False,Home Team,Away Team,41.5,371.0,-453.0,San Francisco 49ers,Las Vegas Raiders,10.0,-10.0,-122,101,195,-244,-1.1469999999999998,1.1469999999999998,5.387,-5.387,0.8192,0.2123,0.4975,0.5495,0.7093,0.339,0.7942,0.2058,0.4752,0.5248,0.6766,0.3234,0.7942,0.2058,0.2942,-0.2942,,,83,0.0,70.0,0.0,Dome,True,B.Purdy,G.Smith,5.78,7.0,13.45,180.77,Med-High,-4.0,15.0,51.32,51.0,13.640749677724976,34.0,69.0,0.3328,0.6668,0.0808,0.0818,0.588,0.3686,0.7558,0.2442,19,2023-01-01,San Francisco 49ers @ Las Vegas Raiders,0.3467,0.6532,188,-188,,,,,,,,No Bet,,No Bet,,No Bet,,No Bet,,No Bet,,No Bet,,No Bet,,No Bet,,No Bet,,,,,,,,,,,,,,,,,,,,,,,,,,,,,19,0.3863,-0.2786,San Francisco 49ers,Las Vegas Raiders,0,0,0,0,0,0,0,0,0,0,0,0,0,5.0,1.0,,,7.1546708934141945,0.0,0.0,0.0016293313350218,0.0167256478741648,0.0,0.0,0.0,0.0,0.0,0.0,0.0,0.0,0.0,0.0,0.0,0.0,0.0,5.0,2.0,0.7942,0.2058,0.6738,0.3262,0.718,0.2816,San Francisco 49ers,San Francisco 49ers,San Francisco 49ers,San Francisco 49ers,San Francisco 49ers,Same,Same,Same,False,False,0.0,0.0,0.0016293313350218,0.0167256478741648,0.0,0.0,0.002538751243376,0.0269163830878206,0.3494412010396499,1.3115791456231238,1.1825910221428806,1.0296647972400617,0.7327375551277822,1.474780753883359,0.6919157233678194,1.3394157569625218,0.7129064701929891,1.297159123959545
2022_17_NYJ_SEA,2022,19,2023-01-01,16:05,New York Jets,Seattle Seahawks,Home,Mike White,Geno Smith,00-0034401,00-0030565,10,8,2,-2,-8,1,Lumen Field,47.5952,-122.3316,America/Los_Angeles,False,False,17,17,Sunday,False,False,0,False,False,0,-8,1,AFC East,MetLife Stadium,40.8136,-74.0744,America/New_York,NFC West,Lumen Field,47.5952,-122.3316,America/Los_Angeles,Jacksonville Jaguars,Kansas City Chiefs,MetLife Stadium,GEHA Field at Arrowhead Stadium,Miami Dolphins,Los Angeles Rams,Hard Rock Stadium,Lumen Field,2394,0,-2394,2394,3.0,0.0,America/New_York,America/Chicago,3.0,2.0,3.0,0.0,3.0,0,-3.725,-0.13,-3.725,-0.13,Seattle Seahawks,3.595,Seattle Seahawks,3.595,-3.725,-0.13,Seattle Seahawks,3.595,-0.2249999999999999,0,No,No,No,No,No,0,No,0.0,0.0,-1.343,0.849,-4.2515,-0.3295,-4.2515,-0.3295,-0.5265,-0.1995,-1.8695,0.6495,Seattle Seahawks,3.922,Seattle Seahawks,3.922,-4.2515,-0.3295,Seattle Seahawks,3.922,Tie,0.0,Seattle Seahawks,2.192,-0.6715,0.4245,Seattle Seahawks,1.096,Seattle Seahawks,0.3269999999999999,Seattle Seahawks,2.519,-1.198,0.2249999999999999,Seattle Seahawks,1.423,Different,Same,Same,Same,Different,Same,False,Home Team,Home Team,43.0,102.0,-113.0,New York Jets,Seattle Seahawks,1.0,-1.0,-116,-104,-142,117,-0.3269999999999999,0.3269999999999999,-2.519,2.519,0.5305,0.495,0.5098,0.537,0.4608,0.5868,0.5173,0.4827,0.487,0.513,0.4399,0.5601,0.5173,0.4827,0.0173,-0.0173,45.0,2.0,84,2.0,45.0,0.0,nfl_read_py Fallback,False,T.Taylor,S.Darnold,-5.37,-7.0,13.96,194.78,Med-High,-16.0,6.0,44.42,44.0,12.745427949924842,29.0,61.0,0.6522,0.3472,0.071,0.0772,0.6528,0.3286,0.5106,0.4526,19,2023-01-01,New York Jets @ Seattle Seahawks,0.552,0.4478,-123,123,,,,,,,,No Bet,,No Bet,,No Bet,,No Bet,,No Bet,,No Bet,,No Bet,,No Bet,,No Bet,,,,,,,,,,,,,,,,,,,,,,,,,,,,,19,-0.1495,0.1732,New York Jets,Seattle Seahawks,0,0,0,0,0,0,0,0,0,0,0,0,0,1.5,3.5,,,7.1546708934141945,0.471969541233688,0.8114122277279403,0.012631077802975,0.0183018783986752,0.0002681089288045,0.0123478039364106,0.0002873270123691,0.0115219117728695,3.747327204823527e-05,4.0159361157141295e-05,0.0017258381441104,0.0016104041603751,0.0016505635215323,0.0238697157092802,0.0005554359411736,7.763263320537656e-05,0.0033362423044855,5.0,2.0,0.5173,0.4827,0.3882,0.6118,0.347,0.6528,New York Jets,Seattle Seahawks,Seattle Seahawks,Seattle Seahawks,Seattle Seahawks,Same,Same,Same,False,False,7.763263320537656e-05,0.0033362423044855,0.012631077802975,0.0183018783986752,7.763263320537656e-05,0.0033362423044855,0.0202569301587623,0.0274197851565472,0.806060305652654,0.8549600410101197,1.1430402756909688,1.0692155436919737,1.2442581686863288,0.9632601403248134,1.3308255326803808,0.7005059476499577,1.1160369039794094,0.8940286901731269
2022_17_MIN_GB,2022,19,2023-01-01,16:25,Minnesota Vikings,Green Bay Packers,Home,Kirk Cousins,Aaron Rodgers,00-0029604,00-0023459,8,7,1,-1,1,-13,Lambeau Field,44.5013,-88.0622,America/Chicago,False,False,17,17,Sunday,False,False,0,False,False,0,1,-13,NFC North,U.S. Bank Stadium,44.9738,-93.2575,America/Chicago,NFC North,Lambeau Field,44.5013,-88.0622,America/Chicago,New York Giants,Miami Dolphins,U.S. Bank Stadium,Hard Rock Stadium,Chicago Bears,Detroit Lions,Soldier Field,Lambeau Field,257,0,-257,257,0.0,0.0,America/Chicago,America/New_York,0.0,1.0,0.0,0.0,0.0,0,0.27,3.535,0.27,3.535,Green Bay Packers,3.265,Green Bay Packers,3.265,0.27,3.535,Green Bay Packers,3.265,0.0,0,No,No,No,No,No,1,No,0.0,0.0,-1.139,-2.657,-0.1258099999999999,3.66581,-0.1258099999999999,3.66581,-0.42846,0.16346,-1.58264,-2.4783600000000003,Green Bay Packers,3.79162,Green Bay Packers,3.79162,-0.1258099999999999,3.66581,Green Bay Packers,3.79162,Tie,0.0,Minnesota Vikings,1.518,-0.5695,-1.3285,Minnesota Vikings,0.759,Green Bay Packers,0.59192,Minnesota Vikings,0.8957200000000003,-1.00555,-1.15745,Minnesota Vikings,0.1519000000000001,Different,Different,Same,Different,Different,Same,False,Home Team,Away Team,47.5,-173.0,155.0,Green Bay Packers,Minnesota Vikings,-3.0,3.0,-116,-104,101,-122,-0.59192,0.59192,0.8957200000000003,-0.8957200000000003,0.3922,0.6337,0.5098,0.537,0.5495,0.4975,0.3823,0.6177,0.487,0.513,0.5248,0.4752,0.3823,0.6177,-0.1177,0.1177,39.0,7.0,85,7.0,39.0,0.0,nfl_read_py Fallback,False,M.Brosmer,J.Love,-1.27,-2.0,13.89,192.9,Med-High,-11.0,9.0,43.83,43.0,12.557090182951326,29.0,60.0,0.5358,0.4632,0.0868,0.086,0.455,0.5014,0.364,0.636,19,2023-01-01,Minnesota Vikings @ Green Bay Packers,0.5354,0.4643,-115,115,,,,,,,,No Bet,,No Bet,,No Bet,,No Bet,,No Bet,,No Bet,,No Bet,,No Bet,,No Bet,,,,,,,,,,,,,,,,,,,,,,,,,,,,,19,0.2025,0.2115,Green Bay Packers,Minnesota Vikings,0,0,0,0,0,0,0,0,0,0,0,0,1,4.0,4.0,,,7.1546708934141945,0.0,0.0,0.0052180537467018,0.0034897202180787,0.0,0.0,0.0,0.0,0.0,0.0,0.0,0.0,0.0,0.0,0.0,0.0,0.0,5.0,2.0,0.3823,0.6177,0.4216,0.5782,0.5078,0.4914,Green Bay Packers,Minnesota Vikings,Green Bay Packers,Green Bay Packers,Green Bay Packers,Same,Different,Same,False,False,0.0,0.0,0.0052180537467018,0.0034897202180787,0.0,0.0,0.0083338439414528,0.0055429195225099,1.0247763258053597,0.6362440208574192,1.132400413562677,1.07985540582027,1.0465934700527881,1.1609248389583493,1.0863751003425228,0.9449563799878145,1.0741982367414908,0.9358673574110384
2022_17_LA_LAC,2022,19,2023-01-01,16:25,Los Angeles Rams,Los Angeles Chargers,Home,Baker Mayfield,Justin Herbert,00-0034855,00-0036355,7,6,1,-1,2,-2,SoFi Stadium,33.9535,-118.3395,America/Los_Angeles,False,False,17,17,Sunday,False,False,0,False,False,0,2,-2,NFC West,SoFi Stadium,33.9535,-118.3395,America/Los_Angeles,AFC West,SoFi Stadium,33.9535,-118.3395,America/Los_Angeles,Denver Broncos,Indianapolis Colts,SoFi Stadium,Lucas Oil Stadium,Seattle Seahawks,Denver Broncos,Lumen Field,Empower Field at Mile High,0,0,0,0,0.0,0.0,America/Los_Angeles,America/Indiana/Indianapolis,0.0,3.0,0.0,0.0,0.0,0,1.29,0.935,1.29,0.935,Los Angeles Rams,0.355,Los Angeles Rams,0.355,1.29,0.935,Los Angeles Rams,0.355,0.0,0,No,No,No,No,No,0,Yes,0.0,0.0,0.486,-2.23,1.465,0.7350000000000001,1.465,0.7350000000000001,0.175,-0.2,0.6609999999999999,-2.43,Los Angeles Rams,0.73,Los Angeles Rams,0.73,1.465,0.7350000000000001,Los Angeles Rams,0.73,Tie,0.0,Los Angeles Rams,2.716,0.243,-1.115,Los Angeles Rams,1.358,Los Angeles Rams,0.375,Los Angeles Rams,3.091,0.4179999999999999,-1.3150000000000002,Los Angeles Rams,1.733,Different,Same,Same,Same,Different,Same,False,Away Team,Away Team,41.5,-283.0,244.0,Los Angeles Chargers,Los Angeles Rams,-6.5,6.5,-104,-116,135,-164,0.375,-0.375,3.091,-3.091,0.2907,0.7389,0.537,0.5098,0.6212,0.4255,0.2823,0.7177,0.513,0.487,0.5935,0.4065,0.2823,0.7177,-0.2177,0.2177,,,86,0.0,70.0,0.0,Dome,True,M.Stafford,J.Herbert,1.2,2.0,13.69,187.31,Med-High,-9.0,11.0,49.8,49.0,13.13453246326666,33.0,67.0,0.471,0.5278,0.0892,0.0834,0.3112,0.6888,0.7298,0.2702,19,2023-01-01,Los Angeles Rams @ Los Angeles Chargers,0.5206,0.4792,-109,109,,,,,,,,No Bet,,No Bet,,No Bet,,No Bet,,No Bet,,No Bet,,No Bet,,No Bet,,No Bet,,,,,,,,,,,,,,,,,,,,,,,,,,,,,19,-0.1732,-0.1979,Los Angeles Chargers,Los Angeles Rams,0,0,0,0,0,0,0,0,0,0,0,0,0,1.5,1.5,,,7.1546708934141945,0.6018893790784253,0.1476808001743317,0.2132751051072828,0.0026154617974872,1.4868232369822614,0.00022639595051,0.5848268075798975,0.0005755734101348,0.2078115484460463,0.081740560298619,3.164309775848014e-05,8.044722373808429e-05,0.0818210075223571,0.0008019693606449,2.071650044562159,0.2895521087446653,0.0001120903214965,5.0,2.0,0.2823,0.7177,0.5068,0.4929,0.5552,0.4436,Los Angeles Chargers,Los Angeles Rams,Los Angeles Rams,Los Angeles Rams,Los Angeles Chargers,Same,Same,Different,False,False,0.2895521087446653,0.0001120903214965,0.2132751051072828,0.0026154617974872,0.2895521087446653,0.0001120903214965,0.1670889973528614,0.0040625577591107,1.0498019893449257,0.6112183573178492,0.8183088755136285,1.3939469438693073,0.666259572159278,1.54125873685186,0.7429360172763774,1.2883954630539607,0.8264922876760102,1.1835733064765226
2022_17_PIT_BAL,2022,19,2023-01-01,20:20,Pittsburgh Steelers,Baltimore Ravens,Home,Kenny Pickett,Tyler Huntley,00-0038102,00-0035993,8,8,0,0,-4,-3,M&T Bank Stadium,39.2789,-76.6228,America/New_York,False,False,17,17,Sunday,False,False,0,False,False,0,-4,-3,AFC North,Acrisure Stadium,40.4468,-80.0158,America/New_York,AFC North,M&T Bank Stadium,39.2789,-76.6228,America/New_York,Las Vegas Raiders,Atlanta Falcons,Acrisure Stadium,M&T Bank Stadium,Cleveland Browns,Cincinnati Bengals,Acrisure Stadium,Paycor Stadium,197,0,-197,197,0.0,0.0,America/New_York,America/New_York,0.0,0.0,0.0,0.0,0.0,0,-0.565,6.69,-0.565,6.69,Baltimore Ravens,7.255000000000001,Baltimore Ravens,7.255000000000001,-0.565,6.69,Baltimore Ravens,7.255000000000001,0.0,0,No,No,No,No,No,1,No,0.0,0.0,-1.727,5.347,-1.664755,6.052255000000001,-1.664755,6.052255000000001,-1.1723050000000002,-0.5651949999999999,-2.828565,4.7110650000000005,Baltimore Ravens,7.71701,Baltimore Ravens,7.71701,-1.664755,6.052255000000001,Baltimore Ravens,7.71701,Tie,0.0,Baltimore Ravens,7.074000000000001,-0.8635,2.6735,Baltimore Ravens,3.5370000000000004,Baltimore Ravens,0.6071100000000003,Baltimore Ravens,7.539630000000001,-2.000435,2.072935,Baltimore Ravens,4.073370000000001,Different,Same,Same,Same,Different,Same,False,Home Team,Home Team,35.5,-121.0,110.0,Baltimore Ravens,Pittsburgh Steelers,-1.0,1.0,-116,-104,-346,268,-0.6071100000000003,0.6071100000000003,-7.539630000000001,7.539630000000001,0.4762,0.5475,0.5098,0.537,0.2717,0.7758,0.4652,0.5348,0.487,0.513,0.2594,0.7406,0.4652,0.5348,-0.0348,0.0348,44.0,2.0,87,2.0,44.0,0.0,nfl_read_py Fallback,False,A.Rodgers,L.Jackson,1.12,2.0,13.23,175.11,Medium,-8.25,10.0,52.71,53.0,13.217946809681626,36.0,70.0,0.4604,0.5384,0.0902,0.0932,0.4402,0.5396,0.9084,0.0916,19,2023-01-01,Pittsburgh Steelers @ Baltimore Ravens,0.5622,0.4375,-128,129,,,,,,,,No Bet,,No Bet,,No Bet,,No Bet,,No Bet,,No Bet,,No Bet,,No Bet,,No Bet,,,,,,,,,,,,,,,,,,,,,,,,,,,,,19,0.0723,-0.3312,Baltimore Ravens,Pittsburgh Steelers,0,0,0,0,0,0,0,0,0,0,0,0,1,3.0,0.5,,,7.1546708934141945,0.0,0.9105963599106588,0.0005818703131407,0.0150711089487856,0.0,0.0013882328922043,0.0,0.0015959306765926,0.0,0.0,0.0001940316910288,0.0002230613679326,0.0002230613679326,0.0029841635687969,0.0,0.0,0.0004170930589615,5.0,2.0,0.4652,0.5348,0.4141,0.5857,0.5876,0.4116,Baltimore Ravens,Pittsburgh Steelers,Baltimore Ravens,Pittsburgh Steelers,Baltimore Ravens,Same,Same,Same,False,False,0.0,0.0004170930589615,0.0005818703131407,0.0150711089487856,0.0,0.0004170930589615,0.0008473042538661,0.0239893460877897,0.8991920875648756,0.7618282590978976,1.1556813519395122,1.0565744674434303,1.6501855338918912,0.5573327751192416,0.9521069749580474,1.0792245053722884,1.1464726491031572,0.8635929450493852
2022_18_KC_LV,2022,20,2023-01-07,16:30,Kansas City Chiefs,Las Vegas Raiders,Home,Patrick Mahomes,Jarrett Stidham,00-0033873,00-0035264,6,6,0,0,7,-6,Allegiant Stadium,36.108,-115.1578,America/Los_Angeles,False,False,18,18,Saturday,False,False,0,False,False,0,7,-6,AFC West,GEHA Field at Arrowhead Stadium,39.0489,-94.4839,America/Chicago,AFC West,Allegiant Stadium,36.108,-115.1578,America/Los_Angeles,Denver Broncos,San Francisco 49ers,GEHA Field at Arrowhead Stadium,Allegiant Stadium,Playoffs?,Playoffs?,Playoffs?,Playoffs?,1147,0,-1147,1147,2.0,0.0,America/Chicago,America/Los_Angeles,2.0,0.0,2.0,0.0,2.0,0,4.395,-2.35,4.395,-2.35,Kansas City Chiefs,6.744999999999999,Kansas City Chiefs,6.744999999999999,4.395,-2.35,Kansas City Chiefs,6.744999999999999,-0.15,0,No,No,No,No,No,1,No,0.0,0.0,6.793,-2.615,5.040629999999999,-1.0226300000000004,5.040629999999999,-1.0226300000000004,0.71308,1.25992,7.412,-1.261,Kansas City Chiefs,6.06326,Kansas City Chiefs,6.06326,5.040629999999999,-1.0226300000000004,Kansas City Chiefs,6.06326,Tie,0.0,Kansas City Chiefs,9.408,3.3965,-1.3075,Kansas City Chiefs,4.704000000000001,Las Vegas Raiders,0.5468399999999999,Kansas City Chiefs,8.673,4.06254,-0.00054,Kansas City Chiefs,4.06308,Different,Same,Different,Same,Different,Same,False,Home Team,Away Team,51.5,338.0,-407.0,Kansas City Chiefs,Las Vegas Raiders,9.0,-9.0,-116,-104,302,-397,-0.5468399999999999,0.5468399999999999,8.673,-8.673,0.8028,0.2283,0.5098,0.537,0.7988,0.2488,0.7786,0.2214,0.487,0.513,0.7625,0.2375,0.7786,0.2214,0.2786,-0.2786,,,88,0.0,70.0,0.0,Dome,True,P.Mahomes,G.Smith,11.6,12.0,13.16,173.27,Medium,3.0,20.0,58.94,58.0,14.163710763091572,41.900000000000034,78.0,0.1896,0.8098,0.0592,0.0702,0.3888,0.587,0.6822,0.3178,20,2023-01-07,Kansas City Chiefs @ Las Vegas Raiders,0.2904,0.7095,244,-244,,,,,,,,No Bet,,No Bet,,No Bet,,No Bet,,No Bet,,No Bet,,No Bet,,No Bet,,No Bet,,,,,,,,,,,,,,,,,,,,,,,,,,,,,20,0.0,0.0,Kansas City Chiefs,Las Vegas Raiders,0,0,0,0,0,0,0,0,0,0,0,0,1,0.0,0.0,,,4.903186928446767,0.0,0.0,0.0016960604113696,0.0163779674372175,0.0,0.0,0.0,0.0,0.0,0.0,0.0,0.0,0.0,0.0,0.0,0.0,0.0,5.0,0.0,0.7786,0.2214,0.7119,0.288,0.8424,0.1572,Kansas City Chiefs,Kansas City Chiefs,Kansas City Chiefs,Kansas City Chiefs,Kansas City Chiefs,Same,Same,Same,False,False,0.0,0.0,0.0016960604113696,0.0163779674372175,0.0,0.0,0.0027057419830855,0.0263876209852347,0.3747293855294374,1.282937745096543,1.1606287957287629,1.0609112186746277,0.6416309007902531,1.9704645387985535,0.41770985914407815,1.7206958689409901,0.6320154355062871,1.4894639549538082
2022_18_TEN_JAX,2022,20,2023-01-07,20:15,Tennessee Titans,Jacksonville Jaguars,Home,Joshua Dobbs,Trevor Lawrence,00-0033949,00-0036971,9,6,3,-3,-5,-3,TIAA Bank Field,30.3239,-81.6554,America/New_York,False,False,18,18,Saturday,False,False,0,False,False,0,-5,-3,AFC South,Nissan Stadium,36.1664,-86.7716,America/Chicago,AFC South,TIAA Bank Field,30.3239,-81.6554,America/New_York,Dallas Cowboys,Houston Texans,Nissan Stadium,NRG Stadium,Playoffs?,Playoffs?,Playoffs?,Playoffs?,500,0,-500,500,-1.0,0.0,America/Chicago,America/Chicago,-1.0,-1.0,-1.0,0.0,-1.0,0,-4.36,-1.825,-4.36,-1.825,Jacksonville Jaguars,2.535,Jacksonville Jaguars,2.535,-4.36,-1.825,Jacksonville Jaguars,2.535,0.0,0,No,No,No,No,No,1,Yes,0.0,0.0,2.371,-3.671,-3.863335000000001,-2.426165,-3.863335000000001,-2.426165,0.4713149999999999,-0.575815,2.781895,-4.186394999999999,Jacksonville Jaguars,1.4371700000000014,Jacksonville Jaguars,1.4371700000000014,-3.863335000000001,-2.426165,Jacksonville Jaguars,1.4371700000000014,Tie,0.0,Tennessee Titans,6.042,1.1855,-1.8355,Tennessee Titans,3.021,Tennessee Titans,1.04713,Tennessee Titans,6.968289999999999,1.6266049999999996,-2.381105,Tennessee Titans,4.007709999999999,Different,Different,Different,Different,Different,Same,False,Away Team,Away Team,39.5,-260.0,227.0,Jacksonville Jaguars,Tennessee Titans,-6.0,6.0,101,-122,249,-319,1.04713,-1.04713,6.968289999999999,-6.968289999999999,0.3058,0.7222,0.5495,0.4975,0.7613,0.2865,0.2975,0.7025,0.5248,0.4752,0.7266,0.2734,0.2975,0.7025,-0.2025,0.2025,56.0,4.0,89,4.0,56.0,0.0,nfl_read_py Fallback,False,C.Ward,T.Lawrence,-3.72,-4.0,13.32,177.29,Medium,-13.0,6.0,45.85,45.0,13.40880377079599,29.0,63.0,0.6102,0.3896,0.0928,0.0902,0.4394,0.528,0.674,0.326,20,2023-01-07,Tennessee Titans @ Jacksonville Jaguars,0.5153,0.4846,-106,106,,,,,,,,No Bet,,No Bet,,No Bet,,No Bet,,No Bet,,No Bet,,No Bet,,No Bet,,No Bet,,,,,,,,,,,,,,,,,,,,,,,,,,,,,20,0.0,0.0,Jacksonville Jaguars,Tennessee Titans,0,0,0,0,0,0,0,0,0,0,0,0,1,0.0,0.0,,,4.903186928446767,0.9623426630705004,0.591566091778989,0.2356886245211644,0.0112527373025232,1.4169681443683906,0.0,0.6000683600705995,0.0,0.2889892155951839,0.1223833332947575,0.0,0.0,0.1223833332947575,0.0,2.0170365044389897,0.4113725488899415,0.0,5.0,0.0,0.2975,0.7025,0.4787,0.521,0.3728,0.6264,Jacksonville Jaguars,Jacksonville Jaguars,Jacksonville Jaguars,Jacksonville Jaguars,Jacksonville Jaguars,Same,Same,Same,False,False,0.4113725488899415,0.0,0.2356886245211644,0.0112527373025232,0.4113725488899415,0.0,0.1283597296961376,0.0181206377047715,1.0114325085052003,0.6462346221207723,0.7861450980620589,1.4353949163413302,0.4736261319007997,2.138469307688012,1.0327489816862834,1.1056567463987783,0.8372170705958625,1.2842623198642418
2022_18_TB_ATL,2022,20,2023-01-08,13:00,Tampa Bay Buccaneers,Atlanta Falcons,Home,Blaine Gabbert,Desmond Ridder,00-0027948,00-0038122,7,7,0,0,8,-8,Mercedes-Benz Stadium,33.7489,-84.388,America/New_York,False,False,18,18,Sunday,False,False,0,False,False,0,8,-8,NFC South,Raymond James Stadium,27.9759,-82.5033,America/New_York,NFC South,Mercedes-Benz Stadium,33.7489,-84.388,America/New_York,Carolina Panthers,Arizona Cardinals,Raymond James Stadium,Mercedes-Benz Stadium,Playoffs?,Playoffs?,Playoffs?,Playoffs?,414,0,-414,414,0.0,0.0,America/New_York,America/New_York,0.0,0.0,0.0,0.0,0.0,0,1.025,-0.71,1.025,-0.71,Tampa Bay Buccaneers,1.735,Tampa Bay Buccaneers,1.735,1.025,-0.71,Tampa Bay Buccaneers,1.735,0.0,0,No,No,No,No,No,1,No,0.0,0.0,2.069,-6.495,1.40227,1.33073,1.40227,1.33073,0.39462,2.02338,2.37798,-4.38598,Tampa Bay Buccaneers,0.0715399999999999,Tampa Bay Buccaneers,0.0715399999999999,1.40227,1.33073,Tampa Bay Buccaneers,0.0715399999999999,Tie,0.0,Tampa Bay Buccaneers,8.564,1.0345,-3.2475,Tampa Bay Buccaneers,4.282,Atlanta Falcons,1.62876,Tampa Bay Buccaneers,6.76396,1.3863,-1.1813,Tampa Bay Buccaneers,2.5676,Different,Same,Different,Same,Different,Same,False,Home Team,Away Team,40.5,-235.0,207.0,Atlanta Falcons,Tampa Bay Buccaneers,-6.0,6.0,-128,105,249,-319,-1.62876,1.62876,6.76396,-6.76396,0.3257,0.7015,0.4878,0.5614,0.7613,0.2865,0.3171,0.6829,0.4649,0.5351,0.7266,0.2734,0.3171,0.6829,-0.1829,0.1829,,,90,0.0,70.0,0.0,Dome,True,B.Mayfield,K.Cousins,-3.02,-3.0,13.05,170.28,Medium,-12.0,6.0,45.39,45.0,13.24483494689738,29.0,63.0,0.5834,0.4152,0.1036,0.0916,0.411,0.5614,0.6274,0.3726,20,2023-01-08,Tampa Bay Buccaneers @ Atlanta Falcons,0.5187,0.481,-108,108,,,,,,,,No Bet,,No Bet,,No Bet,,No Bet,,No Bet,,No Bet,,No Bet,,No Bet,,No Bet,,,,,,,,,,,,,,,,,,,,,,,,,,,,,20,0.0,0.0,Atlanta Falcons,Tampa Bay Buccaneers,0,0,0,0,0,0,0,0,0,0,0,0,1,0.0,0.0,,,4.903186928446767,0.696559929087312,0.0,0.1292762512016445,0.0026647679175791,0.5959361973458458,0.0,0.2767189459340572,0.0,0.1215405828989323,0.0564365483046587,0.0,0.0,0.0564365483046587,0.0,0.872655143279903,0.177977131203591,0.0,5.0,0.0,0.3171,0.6829,0.5862,0.4135,0.6094,0.3894,Atlanta Falcons,Tampa Bay Buccaneers,Tampa Bay Buccaneers,Atlanta Falcons,Atlanta Falcons,Same,Different,Different,False,False,0.177977131203591,0.0,0.1292762512016445,0.0026647679175791,0.177977131203591,0.0,0.0995635888016387,0.0042682647473381,1.044635747729065,0.6130313828969108,1.015776575629518,1.2057634387738716,0.5559128340947668,2.056182605494048,1.0859093561678774,1.0524963719171945,0.9443042847607898,1.1771751056993196
2022_18_NE_BUF,2022,20,2023-01-08,13:00,New England Patriots,Buffalo Bills,Home,Mac Jones,Josh Allen,00-0036972,00-0034857,7,15,-8,8,-19,22,Highmark Stadium,42.7725,-78.7877,America/New_York,False,False,18,18,Sunday,False,False,0,False,False,0,-19,22,AFC East,Gillette Stadium,42.0628,-71.2687,America/New_York,AFC East,Highmark Stadium,42.7725,-78.7877,America/New_York,Miami Dolphins,Chicago Bears,Gillette Stadium,Soldier Field,Playoffs?,Playoffs?,Playoffs?,Playoffs?,386,0,-386,386,0.0,0.0,America/New_York,America/Chicago,0.0,-1.0,0.0,0.0,0.0,0,-1.995,4.795,-1.995,4.795,Buffalo Bills,6.79,Buffalo Bills,6.79,-1.995,4.795,Buffalo Bills,6.79,0.0,0,No,No,No,No,No,1,No,0.0,0.0,2.058,9.574,-3.4173600000000004,7.81736,-3.4173600000000004,7.81736,-1.49026,3.0902600000000007,0.6428999999999997,12.589099999999998,Buffalo Bills,11.23472,Buffalo Bills,11.23472,-3.4173600000000004,7.81736,Buffalo Bills,11.23472,Tie,0.0,Buffalo Bills,7.516,1.029,4.787,Buffalo Bills,3.758,Buffalo Bills,4.580520000000001,Buffalo Bills,11.9462,-0.4236800000000002,7.839679999999999,Buffalo Bills,8.26336,Different,Same,Same,Same,Different,Same,False,Home Team,Home Team,44.0,-373.0,314.0,Buffalo Bills,New England Patriots,-8.0,8.0,-224,181,-660,458,-4.580520000000001,4.580520000000001,-11.9462,11.9462,0.2415,0.7886,0.3559,0.6914,0.1792,0.8684,0.2345,0.7655,0.3398,0.6602,0.1711,0.8289,0.2345,0.7655,-0.2655,0.2655,30.0,6.0,91,6.0,30.0,0.0,nfl_read_py Fallback,False,D.Maye,J.Allen,-5.03,-6.0,14.48,209.78,High,-15.0,6.0,48.41,48.0,13.360216243594827,32.0,66.0,0.6296,0.3692,0.077,0.0804,0.426,0.5528,0.5906,0.3756,20,2023-01-08,New England Patriots @ Buffalo Bills,0.721,0.2786,-258,259,,,,,,,,No Bet,,No Bet,,No Bet,,No Bet,,No Bet,,No Bet,,No Bet,,No Bet,,No Bet,,,,,,,,,,,,,,,,,,,,,,,,,,,,,20,0.0,0.0,Buffalo Bills,New England Patriots,0,0,0,0,0,0,0,0,0,0,0,0,1,0.0,0.0,,,4.903186928446767,0.0,0.6776246905356978,0.0066219010949259,0.0077896903832204,0.0,0.0,0.0,0.0,0.0,0.0,0.0,0.0,0.0,0.0,0.0,0.0,0.0,5.0,0.0,0.2345,0.7655,0.272,0.7279,0.3302,0.6694,Buffalo Bills,Buffalo Bills,Buffalo Bills,Buffalo Bills,Buffalo Bills,Same,Same,Same,False,False,0.0,0.0,0.0066219010949259,0.0077896903832204,0.0,0.0,0.0106511105817609,0.0125347517583948,1.2695725328252632,0.3880945978007072,1.4681608841177005,0.7533791302856919,2.1664533457924997,0.4456420937963206,1.347781077578457,0.7906246505066142,1.530801482810192,0.5906779076499105
2022_18_MIN_CHI,2022,20,2023-01-08,13:00,Minnesota Vikings,Chicago Bears,Home,Kirk Cousins,Nathan Peterman,00-0029604,00-0033958,7,7,0,0,1,6,Soldier Field,41.8623,-87.6167,America/Chicago,False,True,18,18,Sunday,False,False,0,False,False,0,1,6,NFC North,U.S. Bank Stadium,44.9738,-93.2575,America/Chicago,NFC North,Soldier Field,41.8623,-87.6167,America/Chicago,Green Bay Packers,Detroit Lions,Lambeau Field,Ford Field,Playoffs?,Playoffs?,Playoffs?,Playoffs?,355,0,-355,355,0.0,0.0,America/Chicago,America/Detroit,0.0,1.0,0.0,0.0,0.0,0,0.27,-1.575,0.27,-1.575,Minnesota Vikings,1.845,Minnesota Vikings,1.845,0.27,-1.575,Minnesota Vikings,1.845,0.0,0,No,No,No,No,No,1,No,0.0,0.0,-1.139,-4.597,-0.24394,-0.6790599999999999,-0.24394,-0.6790599999999999,-0.4954899999999999,0.8774900000000001,-1.6690699999999998,-3.684930000000001,Minnesota Vikings,0.4351199999999999,Minnesota Vikings,0.4351199999999999,-0.24394,-0.6790599999999999,Minnesota Vikings,0.4351199999999999,Tie,0.0,Minnesota Vikings,3.458,-0.5695,-2.2985,Minnesota Vikings,1.729,Chicago Bears,1.37298,Minnesota Vikings,2.015860000000001,-1.08228,-1.4037200000000003,Minnesota Vikings,0.3214400000000004,Different,Same,Different,Same,Different,Same,False,Home Team,Away Team,42.5,227.0,-260.0,Minnesota Vikings,Chicago Bears,6.5,-6.5,-128,105,108,-131,-1.37298,1.37298,2.015860000000001,-2.015860000000001,0.7222,0.3058,0.4878,0.5614,0.5671,0.4808,0.7025,0.2975,0.4649,0.5351,0.5412,0.4588,0.7025,0.2975,0.2025,-0.2025,32.0,2.0,92,2.0,32.0,0.0,nfl_read_py Fallback,False,M.Brosmer,C.Williams,3.34,5.0,13.99,195.79,High,-7.0,13.0,50.93,50.0,13.951267258984982,33.0,69.0,0.3954,0.6046,0.081,0.084,0.555,0.445,0.7224,0.2776,20,2023-01-08,Minnesota Vikings @ Chicago Bears,0.4217,0.5783,137,-137,,,,,,,,No Bet,,No Bet,,No Bet,,No Bet,,No Bet,,No Bet,,No Bet,,No Bet,,No Bet,,,,,,,,,,,,,,,,,,,,,,,,,,,,,20,0.0,0.0,Minnesota Vikings,Chicago Bears,0,0,0,0,0,0,0,0,0,0,0,0,1,0.0,0.0,,,4.903186928446767,0.9701030667660072,0.0,0.0125481993753075,0.0218111152707078,0.0,0.0,0.0,0.0,0.0,0.0,0.0,0.0,0.0,0.0,0.0,0.0,0.0,5.0,0.0,0.7025,0.2975,0.5741,0.4254,0.5134,0.4848,Minnesota Vikings,Minnesota Vikings,Minnesota Vikings,Minnesota Vikings,Minnesota Vikings,Same,Same,Same,False,False,0.0,0.0,0.0125481993753075,0.0218111152707078,0.0,0.0,0.0202102147607725,0.0351512747372292,0.4990097332550442,1.1586573973709238,1.2019240395013449,1.0196159749020468,1.216391632074778,1.395703807514036,0.8573140810950143,1.2810916469900575,0.9063714983784872,1.215107892081617
2022_18_BAL_CIN,2022,20,2023-01-08,13:00,Baltimore Ravens,Cincinnati Bengals,Home,Anthony Brown,Joe Burrow,00-0037175,00-0036442,7,15,-8,8,-11,14,Paycor Stadium,39.0955,-84.5165,America/New_York,False,False,18,18,Sunday,False,False,0,False,False,0,-11,14,AFC North,M&T Bank Stadium,39.2789,-76.6228,America/New_York,AFC North,Paycor Stadium,39.0955,-84.5165,America/New_York,Pittsburgh Steelers,New England Patriots,M&T Bank Stadium,Gillette Stadium,Playoffs?,Playoffs?,Playoffs?,Playoffs?,422,0,-422,422,0.0,0.0,America/New_York,America/New_York,0.0,0.0,0.0,0.0,0.0,0,6.69,1.31,6.69,1.31,Baltimore Ravens,5.380000000000001,Baltimore Ravens,5.380000000000001,6.69,1.31,Baltimore Ravens,5.380000000000001,0.0,0,No,No,No,No,No,1,No,0.0,0.0,5.347,5.099,5.933930000000001,4.45707,5.933930000000001,4.45707,-0.7022699999999998,3.09327,4.642250000000001,8.194749999999999,Baltimore Ravens,1.4768600000000012,Baltimore Ravens,1.4768600000000012,5.933930000000001,4.45707,Baltimore Ravens,1.4768600000000012,Tie,0.0,Baltimore Ravens,0.2480000000000002,2.6735,2.5495,Baltimore Ravens,0.1240000000000001,Cincinnati Bengals,3.79554,Cincinnati Bengals,3.5524999999999984,1.9699900000000004,5.64401,Cincinnati Bengals,3.67402,Different,Different,Different,Different,Different,Different,False,Home Team,Home Team,39.0,-603.0,474.0,Cincinnati Bengals,Baltimore Ravens,-11.0,11.0,-211,171,-191,156,-3.79554,3.79554,-3.5524999999999984,3.5524999999999984,0.1742,0.8578,0.369,0.6785,0.3906,0.6564,0.1688,0.8312,0.3523,0.6477,0.3731,0.6269,0.1688,0.8312,-0.3312,0.3312,38.0,7.0,93,7.0,38.0,0.0,nfl_read_py Fallback,False,L.Jackson,J.Burrow,-0.8,-2.0,13.95,194.64,Med-High,-10.0,9.0,52.98,53.0,13.3719197442824,36.0,71.0,0.5242,0.4742,0.0892,0.0838,0.2178,0.7622,0.843,0.1344,20,2023-01-08,Baltimore Ravens @ Cincinnati Bengals,0.6575,0.3421,-192,192,,,,,,,,No Bet,,No Bet,,No Bet,,No Bet,,No Bet,,No Bet,,No Bet,,No Bet,,No Bet,,,,,,,,,,,,,,,,,,,,,,,,,,,,,20,0.0,0.0,Cincinnati Bengals,Baltimore Ravens,0,0,0,0,0,0,0,0,0,0,0,0,1,0.0,0.0,,,4.903186928446767,0.0264661448927521,0.0,0.0405112842405508,0.0001463296553101,0.1078635403649735,0.0,0.021904915319547,0.0,0.0219986596348556,0.0044674852578965,0.0,0.0,0.0044674852578965,0.0,0.1297684556845206,0.0264661448927521,0.0,5.0,0.0,0.1688,0.8312,0.3364,0.6636,0.472,0.5278,Cincinnati Bengals,Cincinnati Bengals,Cincinnati Bengals,Cincinnati Bengals,Cincinnati Bengals,Same,Same,Same,False,False,0.0264661448927521,0.0,0.0405112842405508,0.0001463296553101,0.0264661448927521,0.0,0.0491163268604732,0.0002060301822754,1.359916946651639,0.29775018397433367,1.3845751394603105,0.8369648749430757,1.562089943893864,1.0500054956949467,1.067769364822955,1.0706363632621172,1.3463874560330713,0.7750919344270328
2022_18_HOU_IND,2022,20,2023-01-08,13:00,Houston Texans,Indianapolis Colts,Home,Davis Mills,Sam Ehlinger,00-0036898,00-0036879,7,7,0,0,-10,-4,Lucas Oil Stadium,39.7601,-86.1638,America/Indiana/Indianapolis,False,False,18,18,Sunday,False,False,0,False,False,0,-10,-4,AFC South,NRG Stadium,29.6847,-95.4093,America/Chicago,AFC South,Lucas Oil Stadium,39.7601,-86.1638,America/Indiana/Indianapolis,Jacksonville Jaguars,New York Giants,NRG Stadium,MetLife Stadium,Playoffs?,Playoffs?,Playoffs?,Playoffs?,870,0,-870,870,-1.0,0.0,America/Chicago,America/New_York,-1.0,0.0,-1.0,0.0,-1.0,0,0.035,-2.265,0.035,-2.265,Houston Texans,2.3000000000000003,Houston Texans,2.3000000000000003,0.035,-2.265,Houston Texans,2.3000000000000003,0.0,0,No,No,No,No,No,1,No,0.0,0.0,-9.249,-1.962,0.82444,-1.5824400000000003,0.82444,-1.5824400000000003,0.81244,0.6595599999999999,-8.36369,-1.3753099999999998,Houston Texans,2.40688,Houston Texans,2.40688,0.82444,-1.5824400000000003,Houston Texans,2.40688,Tie,0.0,Indianapolis Colts,7.287000000000001,-4.6245,-0.981,Indianapolis Colts,3.6435,Houston Texans,0.1528800000000001,Indianapolis Colts,6.98838,-3.775625,-0.3578749999999999,Indianapolis Colts,3.41775,Different,Different,Same,Different,Different,Same,False,Away Team,Home Team,38.0,-142.0,128.0,Indianapolis Colts,Houston Texans,-3.0,3.0,-110,-110,-319,249,0.1528800000000001,-0.1528800000000001,-6.98838,6.98838,0.4386,0.5868,0.5238,0.5238,0.2865,0.7613,0.4277,0.5723,0.5,0.5,0.2734,0.7266,0.4277,0.5723,-0.0723,0.0723,,,94,0.0,70.0,0.0,Dome,True,C.Stroud,D.Jones,-2.91,-4.0,13.72,188.12,Med-High,-13.0,7.0,48.23,48.0,13.354554010619918,31.0,66.0,0.5824,0.4172,0.0946,0.0862,0.5026,0.4532,0.7686,0.2212,20,2023-01-08,Houston Texans @ Indianapolis Colts,0.5953,0.4046,-147,147,,,,,,,,No Bet,,No Bet,,No Bet,,No Bet,,No Bet,,No Bet,,No Bet,,No Bet,,No Bet,,,,,,,,,,,,,,,,,,,,,,,,,,,,,20,0.0,0.0,Indianapolis Colts,Houston Texans,0,0,0,0,0,0,0,0,0,0,0,0,1,0.0,0.0,,,4.903186928446767,0.9595648008909112,0.9977832531162772,0.031515797938655,0.012993693368242,0.073596353972978,0.0021330785557955,0.0550011542796482,0.0028542456335791,0.0150099017326863,0.011217429619203,0.0004350392075448,0.000582120501468,0.0117995501206711,0.0049873241893747,0.1285975082526262,0.0262273313518894,0.0010171597090128,5.0,0.0,0.4277,0.5723,0.4018,0.598,0.436,0.563,Indianapolis Colts,Indianapolis Colts,Indianapolis Colts,Indianapolis Colts,Indianapolis Colts,Same,Same,Same,False,False,0.0262273313518894,0.0010171597090128,0.031515797938655,0.012993693368242,0.0262273313518894,0.0010171597090128,0.0347527929872941,0.0203062555583172,0.9350129270857275,0.7226542035402456,1.0842738830327805,1.1372661313706085,1.868483535327955,0.7436119042608561,1.2213786382959602,0.9170270897891121,1.239607141314874,0.8818722491452357
2022_18_NYJ_MIA,2022,20,2023-01-08,13:00,New York Jets,Miami Dolphins,Home,Joe Flacco,Skylar Thompson,00-0026158,00-0037327,7,7,0,0,-8,6,Hard Rock Stadium,25.9602,-80.2384,America/New_York,False,True,18,18,Sunday,False,False,0,False,False,0,-8,6,AFC East,MetLife Stadium,40.8136,-74.0744,America/New_York,AFC East,Hard Rock Stadium,25.9602,-80.2384,America/New_York,Seattle Seahawks,New England Patriots,Lumen Field,Gillette Stadium,Playoffs?,Playoffs?,Playoffs?,Playoffs?,1085,0,-1085,1085,0.0,0.0,America/Los_Angeles,America/New_York,-3.0,0.0,0.0,0.0,0.0,0,-3.725,0.66,-3.725,0.66,Miami Dolphins,4.385,Miami Dolphins,4.385,-3.725,0.66,Miami Dolphins,4.385,0.0,0,No,No,No,No,No,1,No,0.0,0.0,-1.343,-0.559,-4.33253,2.42653,-4.33253,2.42653,-0.6513800000000001,1.81038,-1.98654,1.24354,Miami Dolphins,6.75906,Miami Dolphins,6.75906,-4.33253,2.42653,Miami Dolphins,6.75906,Tie,0.0,Miami Dolphins,0.7839999999999999,-0.6715,-0.2795,Miami Dolphins,0.3919999999999999,Miami Dolphins,2.46176,Miami Dolphins,3.23008,-1.31896,1.52696,Miami Dolphins,2.84592,Different,Same,Same,Same,Different,Same,False,Home Team,Home Team,37.5,-200.0,178.0,Miami Dolphins,New York Jets,-3.5,3.5,-142,117,-164,135,-2.46176,2.46176,-3.23008,3.23008,0.3597,0.6667,0.4608,0.5868,0.4255,0.6212,0.3505,0.6495,0.4399,0.5601,0.4065,0.5935,0.3505,0.6495,-0.1495,0.1495,75.0,9.0,95,9.0,75.0,0.0,nfl_read_py Fallback,False,T.Taylor,T.Tagovailoa,-6.99,-7.0,13.56,183.79,Med-High,-17.0,3.0,46.07,46.0,13.068627485886688,29.0,63.0,0.7014,0.298,0.0806,0.0788,0.6262,0.3738,0.7322,0.2678,20,2023-01-08,New York Jets @ Miami Dolphins,0.6261,0.3737,-167,168,,,,,,,,No Bet,,No Bet,,No Bet,,No Bet,,No Bet,,No Bet,,No Bet,,No Bet,,No Bet,,,,,,,,,,,,,,,,,,,,,,,,,,,,,20,0.0,0.0,Miami Dolphins,New York Jets,0,0,0,0,0,0,0,0,0,0,0,0,1,0.0,0.0,,,4.903186928446767,1.5050003687194482e-06,0.8088939056413862,0.0084773905202241,0.0101107160017557,4.79285413882069e-06,0.0,2.586443996392074e-06,0.0,9.774977394832815e-07,5.275026292361667e-07,0.0,0.0,5.275026292361667e-07,0.0,7.379298135212764e-06,1.5050003687194482e-06,0.0,5.0,0.0,0.3505,0.6495,0.3482,0.6514,0.3932,0.6052,Miami Dolphins,Miami Dolphins,Miami Dolphins,Miami Dolphins,Miami Dolphins,Same,Same,Same,False,False,1.5050003687194482e-06,0.0,0.0084773905202241,0.0101107160017557,1.5050003687194482e-06,0.0,0.0136430892282029,0.0162785602270271,1.077769609116895,0.5798975215090787,1.2465902558048145,0.9749497585985827,1.553346537500217,1.058748902088595,1.501685722788942,0.6367200052961286,1.3302361941907732,0.7912431962693312
2022_18_CAR_NO,2022,20,2023-01-08,13:00,Carolina Panthers,New Orleans Saints,Home,Sam Darnold,Andy Dalton,00-0034869,00-0027973,7,7,0,0,7,-9,Caesars Superdome,29.9507,-90.0813,America/Chicago,False,True,18,18,Sunday,False,False,0,False,False,0,7,-9,NFC South,Bank of America Stadium,35.2258,-80.8528,America/New_York,NFC South,Caesars Superdome,29.9507,-90.0813,America/Chicago,Tampa Bay Buccaneers,Philadelphia Eagles,Raymond James Stadium,Lincoln Financial Field,Playoffs?,Playoffs?,Playoffs?,Playoffs?,648,0,-648,648,1.0,0.0,America/New_York,America/New_York,1.0,1.0,1.0,0.0,1.0,0,-5.25,-6.145,-5.25,-6.145,Carolina Panthers,0.8949999999999996,Carolina Panthers,0.8949999999999996,-5.25,-6.145,Carolina Panthers,0.8949999999999996,0.0,0,No,No,No,No,No,1,No,0.0,0.0,-5.097,0.364,-7.405405,-4.456095,-7.405405,-4.456095,-2.146455,1.679955,-7.188845000000001,1.989345,New Orleans Saints,2.94931,New Orleans Saints,2.94931,-7.405405,-4.456095,New Orleans Saints,2.94931,Tie,0.0,New Orleans Saints,5.461,-2.5485,0.182,New Orleans Saints,2.7305,New Orleans Saints,3.82641,New Orleans Saints,9.17819,-4.66765,1.83465,New Orleans Saints,6.5023,Different,Different,Same,Same,Different,Same,False,Home Team,Home Team,41.5,-179.0,160.0,New Orleans Saints,Carolina Panthers,-3.5,3.5,-211,171,-416,314,-3.82641,3.82641,-9.17819,9.17819,0.3846,0.6416,0.369,0.6785,0.2415,0.8062,0.3748,0.6252,0.3523,0.6477,0.2305,0.7695,0.3748,0.6252,-0.1252,0.1252,,,96,0.0,70.0,0.0,Dome,True,B.Young,T.Shough,-0.41,-1.0,13.36,178.6,Medium,-10.0,10.0,41.8,42.0,12.626420090305064,26.0,58.0,0.5144,0.4838,0.0906,0.0892,0.433,0.567,0.5004,0.4996,20,2023-01-08,Carolina Panthers @ New Orleans Saints,0.6392,0.3604,-177,177,,,,,,,,No Bet,,No Bet,,No Bet,,No Bet,,No Bet,,No Bet,,No Bet,,No Bet,,No Bet,,,,,,,,,,,,,,,,,,,,,,,,,,,,,20,0.0,0.0,New Orleans Saints,Carolina Panthers,0,0,0,0,0,0,0,0,0,0,0,0,1,0.0,0.0,,,4.903186928446767,0.4442234493662591,0.9737254375549276,0.0475694559851322,0.0121951580396147,0.187559595315891,0.0,0.1124397573966666,0.0,0.0382525891941277,0.0229319744561085,0.0,0.0,0.0229319744561085,0.0,0.2999993527125577,0.0611845636502362,0.0,5.0,0.0,0.3748,0.6252,0.4975,0.5023,0.4884,0.5108,New Orleans Saints,New Orleans Saints,New Orleans Saints,New Orleans Saints,New Orleans Saints,Same,Same,Same,False,False,0.0611845636502362,0.0,0.0475694559851322,0.0121951580396147,0.0611845636502362,0.0,0.0392521657244753,0.0196407599767369,1.011113861454464,0.6465532691715098,1.3914114153272685,0.8301285990761256,1.9580634330452529,0.6540320065435532,1.0533584069012178,1.0850473211838547,1.3128267377060732,0.8086526527540316
2022_18_CLE_PIT,2022,20,2023-01-08,13:00,Cleveland Browns,Pittsburgh Steelers,Home,Deshaun Watson,Kenny Pickett,00-0033537,00-0038102,7,7,0,0,3,-4,Acrisure Stadium,40.4468,-80.0158,America/New_York,False,True,18,18,Sunday,False,False,0,False,False,0,3,-4,AFC North,FirstEnergy Stadium,41.5061,-81.6994,America/New_York,AFC North,Acrisure Stadium,40.4468,-80.0158,America/New_York,Washington Commanders,Baltimore Ravens,FedExField,M&T Bank Stadium,Playoffs?,Playoffs?,Playoffs?,Playoffs?,114,0,-114,114,0.0,0.0,America/New_York,America/New_York,0.0,0.0,0.0,0.0,0.0,0,-4.705,-0.565,-4.705,-0.565,Pittsburgh Steelers,4.140000000000001,Pittsburgh Steelers,4.140000000000001,-4.705,-0.565,Pittsburgh Steelers,4.140000000000001,0.0,0,No,No,No,No,No,1,No,0.0,0.0,0.449,-1.727,-5.91361,0.1516100000000001,-5.91361,0.1516100000000001,-1.2500100000000005,0.75801,-0.8227700000000001,-0.94723,Pittsburgh Steelers,6.06522,Pittsburgh Steelers,6.06522,-5.91361,0.1516100000000001,Pittsburgh Steelers,6.06522,Tie,0.0,Cleveland Browns,2.176,0.2245,-0.8635,Cleveland Browns,1.088,Pittsburgh Steelers,2.00802,Cleveland Browns,0.1244599999999999,-1.03639,-0.09461,Pittsburgh Steelers,0.94178,Different,Different,Same,Different,Different,Same,False,Home Team,Away Team,40.0,-142.0,128.0,Pittsburgh Steelers,Cleveland Browns,-2.5,2.5,-131,108,-110,-110,-2.00802,2.00802,0.1244599999999999,-0.1244599999999999,0.4386,0.5868,0.4808,0.5671,0.5238,0.5238,0.4277,0.5723,0.4588,0.5412,0.5,0.5,0.4277,0.5723,-0.0723,0.0723,36.0,8.0,97,8.0,36.0,0.0,nfl_read_py Fallback,False,S.Sanders,A.Rodgers,-9.17,-10.0,13.23,175.12,Medium,-18.0,-1.0,45.9,46.0,13.007569401404188,29.0,63.0,0.7586,0.2406,0.0754,0.0666,0.7314,0.2686,0.6472,0.3214,20,2023-01-08,Cleveland Browns @ Pittsburgh Steelers,0.593,0.4068,-146,146,,,,,,,,No Bet,,No Bet,,No Bet,,No Bet,,No Bet,,No Bet,,No Bet,,No Bet,,No Bet,,,,,,,,,,,,,,,,,,,,,,,,,,,,,20,0.0,0.0,Pittsburgh Steelers,Cleveland Browns,0,0,0,0,0,0,0,0,0,0,0,0,1,0.0,0.0,,,4.903186928446767,0.910313231220592,0.3031881667116236,0.0331228523837072,0.0079824688751563,0.0737153346758721,0.0005901245310784,0.0550900727605635,0.00078963822571,0.0150341677263411,0.011235564453182,0.0001203552994593,0.000161045915082,0.0113966103682641,0.0013797627567884,0.1288054074364356,0.0262697321795232,0.0002814012145414,5.0,0.0,0.4277,0.5723,0.4345,0.5652,0.2246,0.7744,Pittsburgh Steelers,Pittsburgh Steelers,Pittsburgh Steelers,Pittsburgh Steelers,Pittsburgh Steelers,Same,Same,Same,False,False,0.0262697321795232,0.0002814012145414,0.0331228523837072,0.0079824688751563,0.0262697321795232,0.0002814012145414,0.0373190168571573,0.0126734748827027,0.9301049294845042,0.7275622011414694,1.1664081459819613,1.0551318684214306,1.2572607682758605,1.3548346713129518,1.5969072111380387,0.5414985169470359,1.2262812033115909,0.8951981871485122
2022_18_LAC_DEN,2022,20,2023-01-08,16:25,Los Angeles Chargers,Denver Broncos,Home,Justin Herbert,Russell Wilson,00-0036355,00-0029263,7,7,0,0,-2,9,Empower Field at Mile High,39.7648,-105.0076,America/Denver,False,False,18,18,Sunday,False,False,0,False,False,0,-2,9,AFC West,SoFi Stadium,33.9535,-118.3395,America/Los_Angeles,AFC West,Empower Field at Mile High,39.7648,-105.0076,America/Denver,Los Angeles Rams,Kansas City Chiefs,SoFi Stadium,GEHA Field at Arrowhead Stadium,Playoffs?,Playoffs?,Playoffs?,Playoffs?,837,0,-837,837,-1.0,0.0,America/Los_Angeles,America/Chicago,-1.0,1.0,-1.0,0.0,-1.0,0,0.935,2.05,0.935,2.05,Denver Broncos,1.1149999999999998,Denver Broncos,1.1149999999999998,0.935,2.05,Denver Broncos,1.1149999999999998,0.0,0,No,No,No,No,No,1,No,0.0,0.0,-2.23,-5.08,1.2358950000000002,2.107605,1.2358950000000002,2.107605,0.289745,0.068755,-1.9687550000000005,-4.982745,Denver Broncos,0.8717099999999998,Denver Broncos,0.8717099999999998,1.2358950000000002,2.107605,Denver Broncos,0.8717099999999998,Tie,0.0,Los Angeles Chargers,2.85,-1.115,-2.54,Los Angeles Chargers,1.425,Los Angeles Chargers,0.22099,Los Angeles Chargers,3.01399,-0.8395050000000002,-2.456995,Los Angeles Chargers,1.6174899999999994,Different,Different,Different,Different,Different,Same,False,Away Team,Away Team,38.5,-254.0,222.0,Denver Broncos,Los Angeles Chargers,-6.0,6.0,-110,-110,135,-164,0.22099,-0.22099,3.01399,-3.01399,0.3106,0.7175,0.5238,0.5238,0.6212,0.4255,0.3021,0.6979,0.5,0.5,0.5935,0.4065,0.3021,0.6979,-0.1979,0.1979,43.0,4.0,98,4.0,43.0,0.0,nfl_read_py Fallback,False,J.Herbert,B.Nix,4.1,5.0,14.01,196.36,High,-6.0,14.0,46.89,46.0,13.427417843725204,30.0,64.0,0.3736,0.625,0.0848,0.0796,0.2448,0.7362,0.732,0.268,20,2023-01-08,Los Angeles Chargers @ Denver Broncos,0.4945,0.5052,102,-102,,,,,,,,No Bet,,No Bet,,No Bet,,No Bet,,No Bet,,No Bet,,No Bet,,No Bet,,No Bet,,,,,,,,,,,,,,,,,,,,,,,,,,,,,20,0.0,0.0,Denver Broncos,Los Angeles Chargers,0,0,0,0,0,0,0,0,0,0,0,0,1,0.0,0.0,,,4.903186928446767,0.2283168435005764,0.2986532882094082,0.1226310698591833,0.0053477216758203,0.6692085836234756,0.0,0.2896803454830949,0.0,0.1364844117488026,0.0590800125939436,0.0,0.0,0.0590800125939436,0.0,0.9588889291065704,0.1955644243427463,0.0,5.0,0.0,0.3021,0.6979,0.4855,0.5142,0.64,0.3588,Denver Broncos,Los Angeles Chargers,Denver Broncos,Los Angeles Chargers,Los Angeles Chargers,Same,Same,Different,False,False,0.1955644243427463,0.0,0.1226310698591833,0.0053477216758203,0.1955644243427463,0.0,0.0780808450622509,0.0085958623924648,1.0776141726571475,0.5800529579688282,0.9521288172400462,1.269411197163346,0.8672690908730718,1.7448263487157345,0.6702890015743919,1.4681167265106767,0.9053624826848358,1.216116907775268
2022_18_NYG_PHI,2022,20,2023-01-08,16:25,New York Giants,Philadelphia Eagles,Home,Davis Webb,Jalen Hurts,00-0033550,00-0036389,7,7,0,0,0,-2,Lincoln Financial Field,39.9008,-75.1675,America/New_York,False,False,18,18,Sunday,False,False,0,False,False,0,0,-2,NFC East,MetLife Stadium,40.8136,-74.0744,America/New_York,NFC East,Lincoln Financial Field,39.9008,-75.1675,America/New_York,Indianapolis Colts,New Orleans Saints,MetLife Stadium,Lincoln Financial Field,Playoffs?,Playoffs?,Playoffs?,Playoffs?,85,0,-85,85,0.0,0.0,America/New_York,America/New_York,0.0,0.0,0.0,0.0,0.0,0,-2.84,4.905,-2.84,4.905,Philadelphia Eagles,7.745,Philadelphia Eagles,7.745,-2.84,4.905,Philadelphia Eagles,7.745,0.0,0,No,No,No,No,No,1,No,0.0,0.0,-4.391,4.764,-1.96335,4.813350000000001,-1.96335,4.813350000000001,0.7992,-0.0142,-3.50025,4.658250000000001,Philadelphia Eagles,6.7767,Philadelphia Eagles,6.7767,-1.96335,4.813350000000001,Philadelphia Eagles,6.7767,Tie,0.0,Philadelphia Eagles,9.155,-2.1955,2.382,Philadelphia Eagles,4.577500000000001,New York Giants,0.8134,Philadelphia Eagles,8.1585,-1.350525,2.3220250000000004,Philadelphia Eagles,3.67255,Different,Same,Different,Same,Different,Same,False,Away Team,Home Team,42.5,-1252.0,858.0,Philadelphia Eagles,New York Giants,-16.5,16.5,101,-122,-366,282,0.8134,-0.8134,-8.1585,8.1585,0.1044,0.926,0.5495,0.4975,0.2618,0.7854,0.1013,0.8987,0.5248,0.4752,0.25,0.75,0.1013,0.8987,-0.3987,0.3987,43.0,12.0,99,12.0,43.0,0.0,nfl_read_py Fallback,False,J.Dart,J.Hurts,-16.75,-17.0,13.27,176.0,Medium,-25.0,-8.0,48.29,48.0,12.357831693336504,33.0,64.0,0.8912,0.1088,0.0392,0.0424,0.5274,0.4726,0.6792,0.3208,20,2023-01-08,New York Giants @ Philadelphia Eagles,0.7538,0.2462,-306,306,,,,,,,,No Bet,,No Bet,,No Bet,,No Bet,,No Bet,,No Bet,,No Bet,,No Bet,,No Bet,,,,,,,,,,,,,,,,,,,,,,,,,,,,,20,0.0,0.0,Philadelphia Eagles,New York Giants,0,0,0,0,0,0,0,0,0,0,0,0,1,0.0,0.0,,,4.903186928446767,0.0,0.494256847073901,0.005775506068944,0.0083359629388928,0.0,0.0,0.0,0.0,0.0,0.0,0.0,0.0,0.0,0.0,0.0,0.0,0.0,5.0,0.0,0.1013,0.8987,0.2588,0.741,0.2314,0.7678,Philadelphia Eagles,Philadelphia Eagles,Philadelphia Eagles,Philadelphia Eagles,Philadelphia Eagles,Same,Same,Same,False,False,0.0,0.0,0.005775506068944,0.0083359629388928,0.0,0.0,0.0092858775396203,0.0134158880128918,1.490442127580617,0.16722500304535476,1.0593378139191854,1.162202200484205,1.9627968909243023,0.6492985486645112,1.9070541526281097,0.23135157545696772,1.6016230189993699,0.5198563714607348
2022_18_LA_SEA,2022,20,2023-01-08,16:25,Los Angeles Rams,Seattle Seahawks,Home,Baker Mayfield,Geno Smith,00-0034855,00-0030565,7,7,0,0,2,1,Lumen Field,47.5952,-122.3316,America/Los_Angeles,False,True,18,18,Sunday,False,False,0,False,False,0,2,1,NFC West,SoFi Stadium,33.9535,-118.3395,America/Los_Angeles,NFC West,Lumen Field,47.5952,-122.3316,America/Los_Angeles,Los Angeles Chargers,New York Jets,SoFi Stadium,Lumen Field,Playoffs?,Playoffs?,Playoffs?,Playoffs?,964,0,-964,964,0.0,0.0,America/Los_Angeles,America/Los_Angeles,0.0,0.0,0.0,0.0,0.0,0,1.29,-0.13,1.29,-0.13,Los Angeles Rams,1.42,Los Angeles Rams,1.42,1.29,-0.13,Los Angeles Rams,1.42,0.0,0,No,No,No,No,No,1,No,0.0,0.0,0.486,0.849,2.0435450000000004,-0.157045,2.0435450000000004,-0.157045,0.767745,-0.041245,1.257375,0.804125,Los Angeles Rams,2.2005900000000005,Los Angeles Rams,2.2005900000000005,2.0435450000000004,-0.157045,Los Angeles Rams,2.2005900000000005,Tie,0.0,Seattle Seahawks,0.363,0.243,0.4245,Seattle Seahawks,0.1815,Los Angeles Rams,0.80899,Los Angeles Rams,0.4532499999999999,1.01256,0.38144,Los Angeles Rams,0.6311199999999999,Different,Different,Same,Same,Different,Different,False,Away Team,Away Team,41.5,-224.0,198.0,Seattle Seahawks,Los Angeles Rams,-5.5,5.5,101,-122,-104,-116,0.80899,-0.80899,0.4532499999999999,-0.4532499999999999,0.3356,0.6914,0.5495,0.4975,0.537,0.5098,0.3268,0.6732,0.5248,0.4752,0.513,0.487,0.3268,0.6732,-0.1732,0.1732,45.0,4.0,100,4.0,45.0,0.0,nfl_read_py Fallback,False,M.Stafford,S.Darnold,4.19,5.0,14.21,202.0,High,-6.0,14.0,47.45,47.0,12.892926396680238,31.0,64.0,0.3866,0.6126,0.0874,0.0744,0.2714,0.7286,0.662,0.338,20,2023-01-08,Los Angeles Rams @ Seattle Seahawks,0.5055,0.4943,-102,102,,,,,,,,No Bet,,No Bet,,No Bet,,No Bet,,No Bet,,No Bet,,No Bet,,No Bet,,No Bet,,,,,,,,,,,,,,,,,,,,,,,,,,,,,20,0.0,0.0,Seattle Seahawks,Los Angeles Rams,0,0,0,0,0,0,0,0,0,0,0,0,1,0.0,0.0,,,4.903186928446767,0.4719148606896425,0.1476346269498934,0.1240601362028652,0.0017921812717049,0.2430663737810104,0.0,0.1179947875098547,0.0,0.0495731403530252,0.0240649172123717,0.0,0.0,0.0240649172123717,0.0,0.3610611612908652,0.073638057565397,0.0,5.0,0.0,0.3268,0.6732,0.5326,0.4672,0.5854,0.414,Seattle Seahawks,Los Angeles Rams,Los Angeles Rams,Los Angeles Rams,Seattle Seahawks,Same,Same,Different,False,False,0.073638057565397,0.0,0.1240601362028652,0.0017921812717049,0.073638057565397,0.0,0.1550094346602444,0.0028607846883714,1.0307348831566456,0.6269322474693279,0.893793803009621,1.3277462113937737,1.0525431559918066,1.559552283597005,0.6907067617645464,1.4476989663205226,0.9221936316721313,1.199285758787976
2022_18_ARI_SF,2022,20,2023-01-08,16:25,Arizona Cardinals,San Francisco 49ers,Home,David Blough,Brock Purdy,00-0035040,00-0037834,7,7,0,0,-3,3,Levi's Stadium,37.4031,-121.9702,America/Los_Angeles,False,True,18,18,Sunday,False,False,0,False,False,0,-3,3,NFC West,State Farm Stadium,33.5277,-112.262608,America/Denver,NFC West,Levi's Stadium,37.4031,-121.9702,America/Los_Angeles,Atlanta Falcons,Las Vegas Raiders,Mercedes-Benz Stadium,Allegiant Stadium,Playoffs?,Playoffs?,Playoffs?,Playoffs?,608,0,-608,608,1.0,0.0,America/New_York,America/Los_Angeles,3.0,0.0,1.0,0.0,1.0,0,0.075,3.325,0.075,3.325,San Francisco 49ers,3.25,San Francisco 49ers,3.25,0.075,3.325,San Francisco 49ers,3.25,0.0,0,No,No,No,No,No,1,No,0.0,0.0,-3.627,3.919,1.4715550000000002,3.485945,1.4715550000000002,3.485945,1.364055,0.193445,-2.1874849999999992,4.0369850000000005,San Francisco 49ers,2.01439,San Francisco 49ers,2.01439,1.4715550000000002,3.485945,San Francisco 49ers,2.01439,Tie,0.0,San Francisco 49ers,7.545999999999999,-1.8135,1.9595,San Francisco 49ers,3.773,Arizona Cardinals,1.17061,San Francisco 49ers,6.22447,-0.4117149999999996,2.115215,San Francisco 49ers,2.52693,Different,Same,Different,Same,Different,Same,False,Away Team,Home Team,40.0,-1061.0,753.0,San Francisco 49ers,Arizona Cardinals,-14.0,14.0,101,-122,-261,208,1.17061,-1.17061,-6.22447,6.22447,0.1172,0.9139,0.5495,0.4975,0.3247,0.723,0.1137,0.8863,0.5248,0.4752,0.3099,0.6901,0.1137,0.8863,-0.3863,0.3863,57.0,2.0,101,2.0,57.0,0.0,nfl_read_py Fallback,False,J.Brissett,B.Purdy,-7.46,-8.0,13.84,191.57,Med-High,-17.0,3.0,51.62,51.0,13.31503453202123,35.0,69.0,0.7084,0.2912,0.0756,0.0772,0.3132,0.6516,0.7866,0.1896,20,2023-01-08,Arizona Cardinals @ San Francisco 49ers,0.69,0.3099,-223,223,,,,,,,,No Bet,,No Bet,,No Bet,,No Bet,,No Bet,,No Bet,,No Bet,,No Bet,,No Bet,,,,,,,,,,,,,,,,,,,,,,,,,,,,,20,0.0,0.0,San Francisco 49ers,Arizona Cardinals,0,0,0,0,0,0,0,0,0,0,0,0,1,0.0,0.0,,,4.903186928446767,0.0,0.9452649041839216,0.0241955450905015,0.0115476905579562,0.0,0.0,0.0,0.0,0.0,0.0,0.0,0.0,0.0,0.0,0.0,0.0,0.0,5.0,0.0,0.1137,0.8863,0.3771,0.6227,0.3534,0.6458,San Francisco 49ers,San Francisco 49ers,San Francisco 49ers,San Francisco 49ers,San Francisco 49ers,Same,Same,Same,False,False,0.0,0.0,0.0241955450905015,0.0115476905579562,0.0,0.0,0.0389973540225739,0.0185963965618572,1.465287865213339,0.19237926541263073,1.0376437063229587,1.1838963080804341,1.7811946599349457,0.8309007796538662,1.5008026447342857,0.6376030833507897,1.4496223183478059,0.6718570721123007
2022_18_DAL_WAS,2022,20,2023-01-08,16:25,Dallas Cowboys,Washington Commanders,Home,Dak Prescott,Sam Howell,00-0033077,00-0037077,10,7,3,-3,8,-1,FedExField,38.9077,-76.8645,America/New_York,False,True,18,18,Sunday,False,False,0,False,False,0,8,-1,NFC East,AT&T Stadium,32.7369,-97.0826,America/Chicago,NFC East,FedExField,38.9077,-76.8645,America/New_York,Tennessee Titans,Cleveland Browns,Nissan Stadium,FedExField,Playoffs?,Playoffs?,Playoffs?,Playoffs?,1206,0,-1206,1206,-1.0,0.0,America/Chicago,America/New_York,-1.0,0.0,-1.0,0.0,-1.0,0,-0.615,1.45,-0.615,1.45,Washington Commanders,2.065,Washington Commanders,2.065,-0.615,1.45,Washington Commanders,2.065,0.0,0,No,No,No,No,No,1,No,0.0,0.0,6.589,-1.097,0.9841000000000002,0.3569,0.9841000000000002,0.3569,1.57845,-1.07245,8.090589999999999,-2.0925900000000004,Dallas Cowboys,0.6272000000000002,Dallas Cowboys,0.6272000000000002,0.9841000000000002,0.3569,Dallas Cowboys,0.6272000000000002,Tie,0.0,Dallas Cowboys,7.686,3.2945,-0.5485,Dallas Cowboys,3.843,Dallas Cowboys,2.6509,Dallas Cowboys,10.18318,4.83452,-1.58252,Dallas Cowboys,6.41704,Different,Different,Same,Same,Different,Same,False,Away Team,Away Team,40.5,274.0,-320.0,Dallas Cowboys,Washington Commanders,7.5,-7.5,117,-142,356,-483,2.6509,-2.6509,10.18318,-10.18318,0.7619,0.2674,0.5868,0.4608,0.8285,0.2193,0.7402,0.2598,0.5601,0.4399,0.7907,0.2093,0.7402,0.2598,0.2402,-0.2402,42.0,7.0,102,7.0,42.0,0.0,nfl_read_py Fallback,False,D.Prescott,M.Mariota,5.02,5.0,13.48,181.71,Med-High,-5.0,14.0,52.58,52.0,13.951247344251772,35.0,71.0,0.3508,0.6476,0.09,0.0864,0.5814,0.4186,0.8006,0.1994,20,2023-01-08,Dallas Cowboys @ Washington Commanders,0.315,0.6846,217,-217,,,,,,,,No Bet,,No Bet,,No Bet,,No Bet,,No Bet,,No Bet,,No Bet,,No Bet,,No Bet,,,,,,,,,,,,,,,,,,,,,,,,,,,,,20,0.0,0.0,Dallas Cowboys,Washington Commanders,0,0,0,0,0,0,0,0,0,0,0,0,1,0.0,0.0,,,4.903186928446767,0.58649938624908,0.0,0.0104428395020444,0.0133177836949289,0.0,0.0,0.0,0.0,0.0,0.0,0.0,0.0,0.0,0.0,0.0,0.0,0.0,5.0,0.0,0.7402,0.2598,0.713,0.2868,0.7862,0.2132,Dallas Cowboys,Dallas Cowboys,Dallas Cowboys,Dallas Cowboys,Dallas Cowboys,Same,Same,Same,False,False,0.0,0.0,0.0104428395020444,0.0133177836949289,0.0,0.0,0.0168142745953145,0.0214515523272848,0.43232583177962475,1.2253412988463475,0.9813205126460727,1.2402195017573194,0.5504408041237365,2.061654635465072,0.753628519489866,1.3847772085952013,0.6714886247342988,1.4499907657258095
2022_18_DET_GB,2022,20,2023-01-08,20:20,Detroit Lions,Green Bay Packers,Home,Jared Goff,Aaron Rodgers,00-0033106,00-0023459,7,7,0,0,11,-13,Lambeau Field,44.5013,-88.0622,America/Chicago,False,False,18,18,Sunday,False,False,0,False,False,0,11,-13,NFC North,Ford Field,42.3395,-83.045,America/Detroit,NFC North,Lambeau Field,44.5013,-88.0622,America/Chicago,Chicago Bears,Minnesota Vikings,Ford Field,Lambeau Field,Playoffs?,Playoffs?,Playoffs?,Playoffs?,292,0,-292,292,1.0,0.0,America/Detroit,America/Chicago,1.0,0.0,1.0,0.0,1.0,0,4.305,3.535,4.305,3.535,Detroit Lions,0.7699999999999996,Detroit Lions,0.7699999999999996,4.305,3.535,Detroit Lions,0.7699999999999996,0.0,0,No,No,No,No,No,1,No,0.0,0.0,-1.723,-2.657,4.50418,3.78682,4.50418,3.78682,0.20688,0.2441199999999999,-1.5254600000000005,-2.40354,Detroit Lions,0.7173599999999998,Detroit Lions,0.7173599999999998,4.50418,3.78682,Detroit Lions,0.7173599999999998,Tie,0.0,Detroit Lions,0.934,-0.8615,-1.3285,Detroit Lions,0.4669999999999999,Green Bay Packers,0.0372399999999999,Detroit Lions,0.8780799999999997,-0.6592900000000002,-1.07971,Detroit Lions,0.4204199999999998,Different,Same,Different,Same,Different,Same,False,Home Team,Away Team,49.0,-273.0,237.0,Green Bay Packers,Detroit Lions,-5.5,5.5,-110,-110,101,-122,-0.0372399999999999,0.0372399999999999,0.8780799999999997,-0.8780799999999997,0.2967,0.7319,0.5238,0.5238,0.5495,0.4975,0.2885,0.7115,0.5,0.5,0.5248,0.4752,0.2885,0.7115,-0.2115,0.2115,21.0,4.0,103,4.0,21.0,0.0,nfl_read_py Fallback,False,J.Goff,J.Love,4.91,6.0,14.25,203.14,High,-6.0,14.0,47.64,47.0,13.34956992578565,31.0,65.0,0.362,0.6374,0.0836,0.0778,0.2566,0.7434,0.43,0.5478,20,2023-01-08,Detroit Lions @ Green Bay Packers,0.5122,0.4877,-105,105,,,,,,,,No Bet,,No Bet,,No Bet,,No Bet,,No Bet,,No Bet,,No Bet,,No Bet,,No Bet,,,,,,,,,,,,,,,,,,,,,,,,,,,,,20,0.0,0.0,Green Bay Packers,Detroit Lions,0,0,0,0,0,0,0,0,0,0,0,0,1,0.0,0.0,,,4.903186928446767,0.0,0.6771005194782561,0.0115336726676756,0.010667428545473,0.0,0.0,0.0,0.0,0.0,0.0,0.0,0.0,0.0,0.0,0.0,0.0,0.0,5.0,0.0,0.2885,0.7115,0.401,0.5989,0.677,0.3224,Green Bay Packers,Detroit Lions,Green Bay Packers,Detroit Lions,Green Bay Packers,Same,Same,Same,False,False,0.0,0.0,0.0115336726676756,0.010667428545473,0.0,0.0,0.0185737857401903,0.0171765361559089,1.1788961165161362,0.4787710141098356,1.1095284815755933,1.1120115328278022,1.2395843434893385,1.372511096099469,0.7730441926185949,1.3653615354664725,1.0855007358057678,1.0359786546543346
