Game ID,Season,Week_x,Date_x,Time,Away Team,Home Team,Location,Away QB,Home QB,Away QB ID,Home QB ID,Away Team Weekly Rest,Home Team Weekly Rest,Weekly Away Rest Advantage,Weekly Home Rest Advantage,Away Cumulative Rest Advantage,Home Cumulative Rest Advantage,Actual Stadium,Actual Stadium Latitude,Actual Stadium Longitude,Actual Stadium TimeZone,International Game,Back to Back Away Games,Circa Week,NFL Week,Day of Week,Big Splash Active,Big Splash Multi-Pick Week,Big Splash Picks Required,Survivor World Championship Active,Survivor World Championship Multi-Pick Week,Survivor World Championship Picks Required,Away Team Current Week Cumulative Rest Advantage,Home Team Current Week Cumulative Rest Advantage,Away Team Division,Away Stadium,Away Stadium Latitude,Away Stadium Longitude,Away Stadium TimeZone,Home Team Division,Home Stadium,Home Stadium Latitude,Home Stadium Longitude,Home Stadium TimeZone,Away Team Previous Opponent,Home Team Previous Opponent,Away Team Previous Location,Home Team Previous Location,Away Team Next Opponent,Home Team Next Opponent,Away Team Next Location,Home Team Next Location,Away Travel Distance,Home Travel Distance,Away Travel Advantage,Home Travel Advantage,Away Timezone Change,Home Timezone Change,Away Previous Game Actual Stadium TimeZone,Home Previous Game Actual Stadium TimeZone,Away Weekly Timezone Difference,Home Weekly Timezone Difference,Adjusted Away Timezone Change,Adjusted Home Timezone Change,Away Timezone Advantage,Home Timezone Advantage,Away Team Massey-Peabody Preseason Rank,Home Team Massey-Peabody Preseason Rank,Away Team Generic Sports Fan Preseason Rank,Home Team Generic Sports Fan Preseason Rank,Massey-Peabody Preseason Winner,Massey-Peabody Preseason Difference,Generic Sports Fan Preseason Winner,Generic Sports Fan Preseason Difference,Away Team MP + GSF Average Preseason Rank,Home Team MP + GSF Average Preseason Rank,MP + GSF Average Preseason Winner,MP + GSF Average Preseason Difference,Away NonLinear TZ,Home NonLinear TZ,Home Team 3 games in 10 days,Away Team 3 games in 10 days,Home Team 4 games in 17 days,Away Team 4 games in 17 days,Away Team Short Rest,Divisional Matchup?,Home Team Short Rest,Away Team Massey-Peabody Current Rank,Home Team Massey-Peabody Current Rank,Away Team Generic Sports Fan Current Rank,Home Team Generic Sports Fan Current Rank,Away Team Adjusted Massey-Peabody Preseason Rank,Home Team Adjusted Massey-Peabody Preseason Rank,Away Team Adjusted Generic Sports Fan Preseason Rank,Home Team Adjusted Generic Sports Fan Preseason Rank,Away Team Adjusted Massey-Peabody Current Rank,Home Team Adjusted Massey-Peabody Current Rank,Away Team Adjusted Generic Sports Fan Current Rank,Home Team Adjusted Generic Sports Fan Current Rank,Adjusted Massey-Peabody Preseason Winner,Adjusted Massey-Peabody Preseason Difference,Adjusted Generic Sports Fan Preseason Winner,Adjusted Generic Sports Fan Preseason Difference,Away Team Adjusted MP + GSF Average Preseason Rank,Home Team Adjusted MP + GSF Average Preseason Rank,Adjusted MP + GSF Average Preseason Winner,Adjusted MP + GSF Average Preseason Difference,Massey-Peabody Current Winner,Massey-Peabody Current Difference,Generic Sports Fan Current Winner,Generic Sports Fan Current Difference,Away Team MP + GSF Average Current Rank,Home Team MP + GSF Average Current Rank,MP + GSF Average Current Winner,MP + GSF Average Current Difference,Adjusted Massey-Peabody Current Winner,Adjusted Massey-Peabody Current Difference,Adjusted Generic Sports Fan Current Winner,Adjusted Generic Sports Fan Current Difference,Away Team Adjusted MP + GSF Average Current Rank,Home Team Adjusted MP + GSF Average Current Rank,Adjusted MP + GSF Average Current Winner,Adjusted MP + GSF Average Current Difference,Massey-Peabody Bayesian Same Winner Across All Metrics,Generic Sports Fan Bayesian Same Adjusted Winner Across All Metrics,Massey-Peabody Bayesian Same Current and Preseason Adjusted Winner,Generic Sports Fan Bayesian Current and Preseason Adjusted Winner,Massey-Peabody Bayesian Same Current and Adjusted Current Winner,Generic Sports Fan Bayesian Same Current and Adjusted Current Winner,Thursday Night Game,Masey-Peabody Home Team Winner?,Generic Sports Fan Home Team Winner?,Total Line,Home Team Sportsbook Moneyline,Away Team Sportsbook Moneyline,Sportsbook Favorite,Sportsbook Underdog,Home Team Sportsbook Spread,Away Team Sportsbook Spread,Massey-Peabody Home Team Moneyline,Massey-Peabody Away Team Moneyline,Generic Sports Fan Home Team Moneyline,Generic Sports Fan Away Team Moneyline,Massey-Peabody Home Team Spread,Massey-Peabody Away Team Spread,Generic Sports Fan Home Team Spread,Generic Sports Fan Away Team Spread,Away Team Sportsbook Implied Odds to Win,Home Team Sportsbook Implied Odds to Win,Away Team Massey-Peabody Implied Odds to Win,Home Team Massey-Peabody Implied Odds to Win,Away Team Generic Sports Fan Implied Odds to Win,Home Team Generic Sports Fan Implied Odds to Win,Away Team Sportsbook Fair Odds,Home Team Sportsbook Fair Odds,Away Team Massey-Peabody Fair Odds,Home Team Massey-Peabody Fair Odds,Away Team Generic Sports Fan Fair Odds,Home Team Generic Sports Fan Fair Odds,Away Team Fair Odds,Home Team Fair Odds,Away Team Expected Win Advantage,Home Team Expected Win Advantage,temp,wind,Matchup_ID,Wind,Temperature,Precipitation,Sim_Weather_Source,Dome,Away_Starting_QB,Home_Starting_QB,Sim_Spread_Mean,Sim_Spread_Median,Sim_Spread_Std,Sim_Spread_Variance,Sim_Spread_Variance_Label,Sim_Spread_25th,Sim_Spread_75th,Sim_Total_Mean,Sim_Total_Median,Sim_Total_Std,Sim_Total_10th_Floor,Sim_Total_90th_Ceiling,Sim_Home_Win_Pct,Sim_Away_Win_Pct,Sim_Prob_Land_3,Sim_Prob_Land_7,Sim_Home_Cover_Prob,Sim_Away_Cover_Prob,Sim_Prob_Over,Sim_Prob_Under,Week_y,Date_y,Matchup,Consensus Home Win Pct,Consensus Away Win Pct,Consensus Home Team Odds,Consensus Away Team Odds,Market Home Team Implied Odds,Market Away Team Implied Odds,Monte Carlo Home Team Spread,Monte Carlo Away Team Spread,Monte Carlo Total,Consensus Home Team Spread,Consensus Away Team Spread,GSF Spread Bet,GSF Spread Edge,Massey-Peabody Spread Bet,Massey-Peabody Spread Edge,Monte Carlo Spread Bet,Monte Carlo Spread Edge,Consensus Spread Bet,Consensus Spread Edge,GSF Moneyline Bet,GSF Moneyline Edge,Massey-Peabody Moneyline Bet,Massey-Peabody Moneyline Edge,Monte Carlo Moneyline Bet,Monte Carlo Moneyline Edge,Consensus Moneyline Bet,Consensus Moneyline Edge,Monte Carlo Total Bet,Monte Carlo Total Edge,MC ML Unit Wager,MC ML Unit to Win,MC ML Kelly Wager,MC ML Kelly To Win,MC Spread Unit Wager,MC Spread Unit to Win,MC Spread Kelly Wager,MC Spread Kelly To Win,MC Total Unit Wager,MC Total Unit to Win,MC Total Kelly Wager,MC Total Kelly To Win,MC Bet Direction,Home Team Offensive Pressure Allowed Rate,Away Team Offensive Pressure Allowed Rate,Home Team Defensive Pressure Generated Rate,Away Team Defensive Pressure Generated Rate,Home Team Zone Rate,Away Team Zone Rate,Home Team Man Rate,Away Team Man Rate,Home Team Offensive EPA vs Pressure,Away Team Offensive EPA vs Pressure,Home Team Offensive EPA vs Zone,Away Team Offensive EPA vs Zone,Home Team Offensive EPA vs Man,Away Team Offensive EPA vs Man,Week,Away Team Cumulative Win Percentage,Home Team Cumulative Win Percentage,Favorite,Underdog,Away Team Thanksgiving Favorite,Home Team Thanksgiving Favorite,Away Team Thanksgiving Underdog,Home Team Thanksgiving Underdog,Away Team Christmas Favorite,Home Team Christmas Favorite,Away Team Christmas Underdog,Home Team Christmas Underdog,Away Team Pre Thanksgiving,Home Team Pre Thanksgiving,Away Team Pre Christmas,Home Team Pre Christmas,Divisional Matchup Boolean,Away Team Star Rating,Home Team Star Rating,Away Team Public Pick %,Home Team Public Pick %,Total Remaining Entries at Start of Week,Home Team Expected Availability,Away Team Expected Availability,Home Pick %,Away Pick %,Expected Home Team Survivors,Expected Away Team Survivors,Expected Home Team Eliminations,Expected Away Team Eliminations,Home Expected Survival Rate,Home Expected Elimination Percent,Away Expected Survival Rate,Away Expected Elimination Percent,Expected Eliminated Entry Percent From Game,Expected Away Team Picks,Expected Home Team Picks,Home Predicted_Pick_Pct,Away Predicted_Pick_Pct,Avg Survivors,Avg Eliminations,Preseason Away Team Sportsbook Fair Odds,Preseason Home Team Sportsbook Fair Odds,Preseason Consensus Away Win Pct,Preseason Consensus Home Win Pct,Preseason Sim_Away_Win_Pct,Preseason Sim_Home_Win_Pct,Preseason Sportsbook Favorite,Preseason Sim Favorite,Preseason Consensus Favorite,Sim Favorite,Consensus Favorite,Sportsbook Bayesian Same Current and Preseason Adjusted Winner,Sim Bayesian Same Current and Preseason Adjusted Winner,Consensus Bayesian Same Current and Preseason Adjusted Winner,Away_Odds_Imputed,Home_Odds_Imputed,Topdown Home Pick %,Topdown Away Pick %,Predicted Circa Home Pick %,Predicted Circa Away Pick %,Top Down Circa Home Pick %,Top Down Circa Away Pick %,Archetype Circa Home Pick %,Archetype Circa Away Pick %,sportsbook_Home_EV,sportsbook_Away_EV,mp_Home_EV,mp_Away_EV,gsf_Home_EV,gsf_Away_EV,sim_Home_EV,sim_Away_EV,consensus_Home_EV,consensus_Away_EV
2022_05_IND_DEN,2022,5,2022-10-06,20:15,Indianapolis Colts,Denver Broncos,Home,Matt Ryan,Russell Wilson,00-0026143,00-0029263,4,4,0,0,-3,-1,Empower Field at Mile High,39.7648,-105.0076,America/Denver,False,False,5,5,Thursday,False,False,0,False,False,0,-3,-1,AFC South,Lucas Oil Stadium,39.7601,-86.1638,America/Indiana/Indianapolis,AFC West,Empower Field at Mile High,39.7648,-105.0076,America/Denver,Tennessee Titans,Las Vegas Raiders,Lucas Oil Stadium,Allegiant Stadium,Jacksonville Jaguars,Los Angeles Chargers,Lucas Oil Stadium,SoFi Stadium,998,0,-998,998,2.0,0.0,America/Indiana/Indianapolis,America/Los_Angeles,2.0,-1.0,2.0,0.0,2.0,0,-2.265,2.05,-2.265,2.05,Denver Broncos,4.315,Denver Broncos,4.315,-2.265,2.05,Denver Broncos,4.315,-0.15,0,No,No,No,No,No,0,No,0.0,0.0,-1.583,-3.234,-3.836,2.14,-3.836,2.14,-1.5710000000000002,0.09,-3.154,-3.144,Denver Broncos,5.976,Denver Broncos,5.976,-3.836,2.14,Denver Broncos,5.976,Tie,0.0,Indianapolis Colts,1.651,-0.7915,-1.617,Indianapolis Colts,0.8255,Denver Broncos,1.6610000000000005,Denver Broncos,0.0100000000000002,-2.3625,-1.527,Denver Broncos,0.8354999999999999,Different,Different,Same,Same,Different,Different,True,Home Team,Home Team,42.0,-178.0,159.0,Denver Broncos,Indianapolis Colts,-3.5,3.5,-128,105,-110,-110,-1.6610000000000005,1.6610000000000005,-0.0100000000000002,0.0100000000000002,0.3861,0.6403,0.4878,0.5614,0.5238,0.5238,0.3762,0.6238,0.4649,0.5351,0.5,0.5,0.3762,0.6238,-0.1238,0.1238,,,0,10.0,60.0,0.0,Historical Avg,False,D.Jones,B.Nix,1.27,3.0,13.65,186.43,Med-High,-9.0,11.0,40.21,40.0,12.72112217337252,24.0,57.0,0.4636,0.5356,0.0978,0.0864,0.3824,0.6176,0.418,0.5586,5,2022-10-06,Indianapolis Colts @ Denver Broncos,0.5306,0.4692,-113,113,0.6402877697841727,0.3861003861003861,2.135,-2.135,40.105,0.1546666666666664,-0.1546666666666664,Indianapolis Colts,3.49,Indianapolis Colts,1.839,Indianapolis Colts,5.635,Indianapolis Colts,3.6546666666666665,Indianapolis Colts,0.1138996138996139,Indianapolis Colts,0.0787996138996138,Indianapolis Colts,0.1494996138996138,Indianapolis Colts,0.0830996138996139,Under,1.894999999999996,100.0,159.0,608.81,968.01,110.0,100.0,492.4,447.64,110.0,100.0,182.65,166.05,Indianapolis Colts,,,,,,,,,,,,,,,5,-0.0911333333333333,-0.0558166666666666,Denver Broncos,Indianapolis Colts,0,1,1,0,0,0,0,0,1,1,0,0,0,1.5,2.0,0.001,0.0139999999999999,1222.0,0.5711947626841244,1.0,0.021168,0.003588,10.188190225294,0.1615097363931692,6.144272463538959,0.2678090737960101,0.0083373078766726,0.005028046205842,0.0001321683603872,0.0002191563615351,0.0052472025673772,0.4293188101891794,16.33246268883296,,,1213.0,9.0,0.3762,0.6238,0.5198,0.4799,0.5346,0.4644,Denver Broncos,Indianapolis Colts,Indianapolis Colts,Indianapolis Colts,Denver Broncos,Same,Same,Different,False,False,0.0133653540825146,0.0003513247219224,0.021168,0.003588,0.0133653540825146,0.0003513247219224,0.0029734139774019,0.0003533701917185,0.8765927819106553,0.5434191536603934,1.2491932692596517,1.1515465876098088,0.7185235738479224,0.7391975023379465,0.93062295765885,1.1276529642814979,0.9175635428369635,0.8431420971232717
2022_05_NYG_GB,2022,5,2022-10-09,09:30,New York Giants,Green Bay Packers,Neutral,Daniel Jones,Aaron Rodgers,00-0035710,00-0023459,7,7,0,0,-1,0,Lambeau Field,44.5013,-88.0622,America/Chicago,False,False,5,5,Sunday,False,False,0,False,False,0,-1,0,NFC East,MetLife Stadium,40.8136,-74.0744,America/New_York,NFC North,Lambeau Field,44.5013,-88.0622,America/Chicago,Chicago Bears,New England Patriots,MetLife Stadium,Lambeau Field,Baltimore Ravens,New York Jets,MetLife Stadium,Lambeau Field,753,0,-753,753,1.0,0.0,America/New_York,America/Chicago,1.0,0.0,1.0,0.0,1.0,0,-2.84,3.535,-2.84,3.535,Green Bay Packers,6.375,Green Bay Packers,6.375,-2.84,3.535,Green Bay Packers,6.375,0.0,0,No,No,No,No,No,0,No,0.0,0.0,-5.233,1.303,-2.7675,5.5185,-2.7675,5.5185,0.0725,1.9835,-5.160499999999999,3.2865,Green Bay Packers,8.286,Green Bay Packers,8.286,-2.7675,5.5185,Green Bay Packers,8.286,Tie,0.0,Green Bay Packers,6.536,-2.6165,0.6515,Green Bay Packers,3.268,Green Bay Packers,1.911,Green Bay Packers,8.447,-2.544,2.635,Green Bay Packers,5.179,Different,Same,Same,Same,Different,Same,False,Home Team,Home Team,42.0,-397.0,331.0,Green Bay Packers,New York Giants,-8.5,8.5,-131,108,-397,302,-1.911,1.911,-8.447,8.447,0.232,0.7988,0.4808,0.5671,0.2488,0.7988,0.2251,0.7749,0.4588,0.5412,0.2375,0.7625,0.2251,0.7749,-0.2749,0.2749,,,1,12.0,52.0,0.0,Historical Avg,False,J.Dart,J.Love,-0.79,-2.0,13.64,186.15,Med-High,-11.0,10.0,40.63,40.0,12.17537120307987,25.90000000000004,57.0,0.5212,0.4774,0.0834,0.0836,0.3124,0.6876,0.4256,0.548,5,2022-10-09,New York Giants @ Green Bay Packers,0.6499,0.3497,-186,186,0.7987927565392354,0.2320185614849187,-1.395,1.395,40.315,-3.917666666666666,3.917666666666666,New York Giants,0.0530000000000008,New York Giants,6.589,New York Giants,7.105,New York Giants,4.582333333333335,New York Giants,0.0054814385150812,New York Giants,0.2267814385150812,New York Giants,0.2453814385150812,New York Giants,0.1176814385150812,Under,1.6850000000000025,100.0,331.0,798.79,2643.99,110.0,100.0,859.9,781.73,110.0,100.0,127.0,115.45,New York Giants,,,,,,,,,,,,,,,5,-0.1021333333333333,0.0492,Green Bay Packers,New York Giants,1,1,0,0,0,0,1,0,1,1,1,0,0,1.0,3.0,,,1222.0,0.2995090016366613,0.9844517184942716,0.017237,0.001951,7.045270039154355,0.0184856568306195,2.0465741202911927,0.0636363193160687,0.0057653600975076,0.0016747742391908,1.5127378748461152e-05,5.207554772182385e-05,0.0017268497869126,0.0821219761466882,9.091844159445548,,,1213.0,9.0,0.2251,0.7749,0.3665,0.6334,0.678,0.3212,Green Bay Packers,New York Giants,Green Bay Packers,Green Bay Packers,Green Bay Packers,Same,Different,Same,False,False,0.0074401343366984,6.7202926470285e-05,0.017237,0.001951,0.0074401343366984,6.7202926470285e-05,0.0036396937213866,0.000350629839877,1.0943666084096848,0.32564532716137057,1.2684725541098156,1.1322673027596482,1.104894666225815,0.35282640996005504,1.052024403057447,1.0062515188829035,1.130891957028501,0.6298136829317227
2022_05_PIT_BUF,2022,5,2022-10-09,13:00,Pittsburgh Steelers,Buffalo Bills,Home,Kenny Pickett,Josh Allen,00-0038102,00-0034857,7,7,0,0,3,2,Highmark Stadium,42.7725,-78.7877,America/New_York,False,False,5,5,Sunday,False,False,0,False,False,0,3,2,AFC North,Acrisure Stadium,40.4468,-80.0158,America/New_York,AFC East,Highmark Stadium,42.7725,-78.7877,America/New_York,New York Jets,Baltimore Ravens,Acrisure Stadium,M&T Bank Stadium,Tampa Bay Buccaneers,Kansas City Chiefs,Acrisure Stadium,GEHA Field at Arrowhead Stadium,173,0,-173,173,0.0,0.0,America/New_York,America/New_York,0.0,0.0,0.0,0.0,0.0,0,-0.565,4.795,-0.565,4.795,Buffalo Bills,5.359999999999999,Buffalo Bills,5.359999999999999,-0.565,4.795,Buffalo Bills,5.359999999999999,0.0,0,No,No,No,No,No,0,No,0.0,0.0,-2.946,11.21,-0.756,5.2765,-0.756,5.2765,-0.191,0.4815,-3.1370000000000005,11.6915,Buffalo Bills,6.0325,Buffalo Bills,6.0325,-0.756,5.2765,Buffalo Bills,6.0325,Tie,0.0,Buffalo Bills,14.156,-1.473,5.605,Buffalo Bills,7.078,Buffalo Bills,0.6725000000000001,Buffalo Bills,14.828500000000002,-1.664,6.086500000000001,Buffalo Bills,7.750500000000001,Different,Same,Same,Same,Different,Same,False,Home Team,Home Team,44.0,-749.0,568.0,Buffalo Bills,Pittsburgh Steelers,-14.0,14.0,-116,-104,-1134,677,-0.6725000000000001,0.6725000000000001,-14.828500000000002,14.828500000000002,0.1497,0.8822,0.5098,0.537,0.1287,0.919,0.1451,0.8549,0.487,0.513,0.1228,0.8772,0.1451,0.8549,-0.3549,0.3549,,,2,15.0,55.0,0.0,Historical Avg,False,A.Rodgers,J.Allen,-0.48,-1.0,13.92,193.73,Med-High,-10.0,9.0,54.86,54.0,13.967801632916014,37.0,73.0,0.5078,0.4914,0.0816,0.0902,0.1552,0.8146,0.7648,0.2138,5,2022-10-09,Pittsburgh Steelers @ Buffalo Bills,0.6882,0.3116,-221,221,0.8822143698468787,0.1497005988023952,-0.74,0.74,54.43,-5.413666666666667,5.413666666666667,Buffalo Bills,0.8285000000000018,Pittsburgh Steelers,13.3275,Pittsburgh Steelers,13.26,Pittsburgh Steelers,8.586333333333332,No Bet,0.0,Pittsburgh Steelers,0.3372994011976048,Pittsburgh Steelers,0.3416994011976048,Pittsburgh Steelers,0.1618994011976048,Over,10.43,100.0,568.0,1004.64,5706.38,110.0,100.0,1526.65,1387.86,110.0,100.0,1265.2,1150.18,Pittsburgh Steelers,,,,,,,,,,,,,,,5,-0.072125,0.2355999999999999,Buffalo Bills,Pittsburgh Steelers,0,1,1,0,1,1,0,0,1,1,1,1,0,1.5,5.0,0.0,0.3339999999999999,1222.0,0.9795417348608838,1.0,0.262215,0.001435,403.37698260197976,0.0188419054073522,68.46414805889259,0.1110127149052062,0.3300957304435186,0.0560263077405013,1.541890786199037e-05,9.084510221375303e-05,0.056117152842715,0.1298546203125584,471.8411306608724,,,1213.0,9.0,0.1451,0.8549,0.3173,0.6825,0.5424,0.4566,Buffalo Bills,Pittsburgh Steelers,Buffalo Bills,Buffalo Bills,Buffalo Bills,Same,Different,Same,False,False,0.3861220381840199,0.0001062640100757,0.262215,0.001435,0.3861220381840199,0.0001062640100757,0.5172355934704298,0.0003554653661635,1.120919467918742,0.2990924676523081,0.8433424427186896,1.5573974141507658,1.1891428308528966,0.2685782453329721,0.7603940849152908,1.2978818370250496,0.9934111760577665,0.7672944639024606
2022_05_LAC_CLE,2022,5,2022-10-09,13:00,Los Angeles Chargers,Cleveland Browns,Home,Justin Herbert,Jacoby Brissett,00-0036355,00-0033119,7,7,0,0,3,3,FirstEnergy Stadium,41.5061,-81.6994,America/New_York,False,True,5,5,Sunday,False,False,0,False,False,0,3,3,AFC West,SoFi Stadium,33.9535,-118.3395,America/Los_Angeles,AFC North,FirstEnergy Stadium,41.5061,-81.6994,America/New_York,Houston Texans,Atlanta Falcons,NRG Stadium,Mercedes-Benz Stadium,Denver Broncos,New England Patriots,SoFi Stadium,FirstEnergy Stadium,2051,0,-2051,2051,-3.0,0.0,America/Chicago,America/New_York,-1.0,0.0,-3.0,0.0,-3.0,0,0.935,-4.705,0.935,-4.705,Los Angeles Chargers,5.640000000000001,Los Angeles Chargers,5.640000000000001,0.935,-4.705,Los Angeles Chargers,5.640000000000001,-0.4499999999999999,0,No,No,No,No,No,0,No,0.0,0.0,0.998,1.172,1.729,-4.06,1.729,-4.06,0.794,0.645,1.792,1.817,Los Angeles Chargers,5.789,Los Angeles Chargers,5.789,1.729,-4.06,Los Angeles Chargers,5.789,Tie,0.0,Cleveland Browns,0.1739999999999999,0.499,0.586,Cleveland Browns,0.0869999999999999,Los Angeles Chargers,0.149,Cleveland Browns,0.0250000000000001,1.293,1.231,Los Angeles Chargers,0.062,Different,Different,Same,Different,Different,Same,False,Away Team,Home Team,47.0,103.0,-114.0,Los Angeles Chargers,Cleveland Browns,1.0,-1.0,-110,-110,-110,-110,0.149,-0.149,-0.0250000000000001,0.0250000000000001,0.5327,0.4926,0.5238,0.5238,0.5238,0.5238,0.5196,0.4804,0.5,0.5,0.5,0.5,0.5196,0.4804,0.0196,-0.0196,,,3,10.0,60.0,0.0,Historical Avg,False,J.Herbert,D.Gabriel,3.07,4.0,14.09,198.61,High,-7.0,13.0,47.42,47.0,13.04011810897659,31.0,65.0,0.407,0.5924,0.0852,0.0788,0.4076,0.5746,0.4674,0.4926,5,2022-10-09,Los Angeles Chargers @ Cleveland Browns,0.4718,0.528,112,-112,0.4926108374384236,0.5327102803738317,3.535,-3.535,47.21,1.219666666666667,-1.219666666666667,Cleveland Browns,1.025,Cleveland Browns,0.851,Los Angeles Chargers,2.535,Los Angeles Chargers,0.2196666666666666,Cleveland Browns,0.0073891625615763,Cleveland Browns,0.0073891625615763,Los Angeles Chargers,0.0596897196261683,No Bet,0.0,Over,0.2100000000000008,114.0,100.0,319.34,280.12,110.0,100.0,266.65,242.41,110.0,100.0,0.0,0.0,Los Angeles Chargers,,,,,,,,,,,,,,,5,0.0066916666666666,-0.0442083333333333,Los Angeles Chargers,Cleveland Browns,0,0,1,1,0,1,0,0,1,1,0,1,0,2.5,2.0,0.006,0.0,1222.0,0.8797054009819967,0.8543371522094927,0.007857,0.005629,0.1628421100061184,0.8010443771076132,0.1761298092405894,0.7406114679801722,0.0001332586824927,0.0001441324134538,0.0006555191302026,0.0006060650310803,0.0007501974445341,1.5416558450877855,0.3389719192467078,,,1213.0,9.0,0.5196,0.4804,0.4842,0.5154,0.552,0.4464,Los Angeles Chargers,Los Angeles Chargers,Cleveland Browns,Los Angeles Chargers,Los Angeles Chargers,Same,Same,Different,False,False,0.0002773910959465,0.0012615841612829,0.007857,0.005629,0.0002773910959465,0.0012615841612829,0.0004606981087395,0.0005835361649034,0.6809414904356743,0.739070445135376,1.1958583114243557,1.204881545445099,0.7275494035429063,0.7301716726429615,0.8347982922848582,1.2234776296554895,0.8285906236720142,0.9321150162882138
2022_05_HOU_JAX,2022,5,2022-10-09,13:00,Houston Texans,Jacksonville Jaguars,Home,Davis Mills,Trevor Lawrence,00-0036898,00-0036971,7,7,0,0,1,-3,TIAA Bank Field,30.3239,-81.6554,America/New_York,False,False,5,5,Sunday,False,False,0,False,False,0,1,-3,AFC South,NRG Stadium,29.6847,-95.4093,America/Chicago,AFC South,TIAA Bank Field,30.3239,-81.6554,America/New_York,Los Angeles Chargers,Philadelphia Eagles,NRG Stadium,Lincoln Financial Field,Las Vegas Raiders,Indianapolis Colts,Allegiant Stadium,Lucas Oil Stadium,823,0,-823,823,-1.0,0.0,America/Chicago,America/New_York,-1.0,0.0,-1.0,0.0,-1.0,0,0.035,-1.825,0.035,-1.825,Houston Texans,1.86,Houston Texans,1.86,0.035,-1.825,Houston Texans,1.86,0.0,0,No,No,No,No,No,1,No,0.0,0.0,-6.241,-2.443,0.65508,-1.00308,0.65508,-1.00308,0.63868,0.8033199999999999,-5.5643400000000005,-1.67766,Houston Texans,1.65816,Houston Texans,1.65816,0.65508,-1.00308,Houston Texans,1.65816,Tie,0.0,Jacksonville Jaguars,3.798,-3.1205,-1.2215,Jacksonville Jaguars,1.899,Jacksonville Jaguars,0.1646399999999999,Jacksonville Jaguars,3.8866800000000006,-2.4628300000000003,-0.43717,Jacksonville Jaguars,2.02566,Different,Different,Different,Different,Different,Same,False,Home Team,Home Team,44.0,-304.0,261.0,Jacksonville Jaguars,Houston Texans,-7.0,7.0,-110,-110,-211,171,-0.1646399999999999,0.1646399999999999,-3.8866800000000006,3.8866800000000006,0.277,0.7525,0.5238,0.5238,0.369,0.6785,0.2691,0.7309,0.5,0.5,0.3523,0.6477,0.2691,0.7309,-0.2309,0.2309,,,4,10.0,60.0,0.0,Historical Avg,False,C.Stroud,T.Lawrence,-5.61,-7.0,13.93,194.07,Med-High,-15.0,5.0,52.92,53.0,13.908323491077798,35.0,71.0,0.6488,0.3508,0.0832,0.0792,0.4568,0.4962,0.7116,0.2672,5,2022-10-09,Houston Texans @ Jacksonville Jaguars,0.6318,0.368,-172,172,0.7524752475247525,0.2770083102493075,-6.305,6.305,52.96,-3.452106666666667,3.452106666666667,Houston Texans,3.1133199999999994,Houston Texans,6.83536,Houston Texans,0.6950000000000003,Houston Texans,3.547893333333333,Houston Texans,0.0752916897506925,Houston Texans,0.2229916897506925,Houston Texans,0.0737916897506925,Houston Texans,0.0909916897506925,Over,8.96,100.0,261.0,255.16,665.97,110.0,100.0,0.0,0.0,110.0,100.0,985.9,896.27,Houston Texans,,,,,,,,,,,,,,,5,-0.2132416666666666,-0.0296666666666666,Jacksonville Jaguars,Houston Texans,0,0,1,0,0,0,1,1,1,0,1,1,1,0.0,2.0,0.0,0.14,1222.0,0.9991816693944352,1.0,0.164358,0.002299,138.08894656829733,0.0217228715208029,50.84106652281955,0.0590012887200105,0.1130024112670191,0.0416048007551714,1.777649060622169e-05,4.828256032734089e-05,0.0416530833154988,0.0807241602408134,188.93001309111688,,,1213.0,9.0,0.2691,0.7309,0.4102,0.5896,0.3434,0.6558,Jacksonville Jaguars,Jacksonville Jaguars,Jacksonville Jaguars,Jacksonville Jaguars,Jacksonville Jaguars,Same,Same,Same,False,False,0.1546072120221905,6.605905093356258e-05,0.164358,0.002299,0.1546072120221905,6.605905093356258e-05,0.0733759686396244,0.0003666381959456,0.9605474033715515,0.45946453219949773,0.9295663039151895,1.4711735529542604,0.8538885398879418,0.603832536297924,1.1338086706166322,0.9244672513237133,0.9684505428637984,0.79225509709643
2022_05_CHI_MIN,2022,5,2022-10-09,13:00,Chicago Bears,Minnesota Vikings,Home,Justin Fields,Kirk Cousins,00-0036945,00-0029604,7,7,0,0,1,-1,U.S. Bank Stadium,44.9738,-93.2575,America/Chicago,False,True,5,5,Sunday,False,False,0,False,False,0,1,-1,NFC North,Soldier Field,41.8623,-87.6167,America/Chicago,NFC North,U.S. Bank Stadium,44.9738,-93.2575,America/Chicago,New York Giants,New Orleans Saints,MetLife Stadium,Caesars Superdome,Washington Commanders,Miami Dolphins,Soldier Field,Hard Rock Stadium,355,0,-355,355,0.0,0.0,America/New_York,America/Chicago,1.0,0.0,0.0,0.0,0.0,0,-1.575,0.27,-1.575,0.27,Minnesota Vikings,1.845,Minnesota Vikings,1.845,-1.575,0.27,Minnesota Vikings,1.845,0.0,0,No,No,No,No,No,1,No,0.0,0.0,-5.152,-1.753,-2.701585,2.092085,-2.701585,2.092085,-1.145035,1.840535,-6.263045000000001,0.053545,Minnesota Vikings,4.79367,Minnesota Vikings,4.79367,-2.701585,2.092085,Minnesota Vikings,4.79367,Tie,0.0,Minnesota Vikings,3.399,-2.576,-0.8765,Minnesota Vikings,1.6995,Minnesota Vikings,2.98557,Minnesota Vikings,6.316590000000001,-3.70404,0.94704,Minnesota Vikings,4.65108,Different,Same,Same,Same,Different,Same,False,Home Team,Home Team,44.0,-385.0,322.0,Minnesota Vikings,Chicago Bears,-10.0,10.0,-164,135,-282,224,-2.98557,2.98557,-6.316590000000001,6.316590000000001,0.237,0.7938,0.4255,0.6212,0.3086,0.7382,0.2299,0.7701,0.4065,0.5935,0.2948,0.7052,0.2299,0.7701,-0.2701,0.2701,,,5,0.0,70.0,0.0,Dome,True,C.Williams,C.Wentz,-2.48,-3.0,14.24,202.64,High,-13.0,8.0,53.82,53.0,13.90934765653825,36.0,72.0,0.5804,0.4188,0.0864,0.0874,0.2916,0.673,0.736,0.2388,5,2022-10-09,Chicago Bears @ Minnesota Vikings,0.6623,0.3375,-196,196,0.7938144329896907,0.2369668246445497,-2.74,2.74,53.41,-4.014053333333334,4.014053333333334,Chicago Bears,3.68341,Chicago Bears,7.01443,Chicago Bears,7.26,Chicago Bears,5.985946666666666,Chicago Bears,0.0578331753554502,Chicago Bears,0.1695331753554502,Chicago Bears,0.1818331753554502,Chicago Bears,0.1005331753554502,Over,9.409999999999997,100.0,322.0,595.76,1918.34,110.0,100.0,783.25,712.05,110.0,100.0,1114.0,1012.73,Chicago Bears,,,,,,,,,,,,,,,5,-0.1665416666666667,0.04965,Minnesota Vikings,Chicago Bears,0,0,1,1,0,1,1,0,1,1,1,1,1,0.5,3.0,0.0,0.113,1222.0,0.7381342062193126,0.9607201309328968,0.112575,0.00167,108.737603128763,0.023042327977697,32.461725697055726,0.0771852839305111,0.088983308616009,0.0265644236473451,1.8856242207608062e-05,6.316308013953446e-05,0.0266275867274846,0.1002276119082081,141.19932882581872,,,1213.0,9.0,0.2299,0.7701,0.3934,0.6065,0.5044,0.4952,Minnesota Vikings,Chicago Bears,Minnesota Vikings,Minnesota Vikings,Minnesota Vikings,Same,Different,Same,False,False,0.1155477322633541,8.201932234714252e-05,0.112575,0.00167,0.1155477322633541,8.201932234714252e-05,0.1322267385759852,0.0003398666440666,1.0458783523964068,0.37413358317464246,1.2177474820347256,1.18299237483473,0.9702593461033048,0.487461730082563,1.05108313793884,1.0071927840015074,1.0679669859763015,0.6927386539839284
2022_05_DET_NE,2022,5,2022-10-09,13:00,Detroit Lions,New England Patriots,Home,Jared Goff,Bailey Zappe,00-0033106,00-0038108,7,7,0,0,1,0,Gillette Stadium,42.0628,-71.2687,America/New_York,False,False,5,5,Sunday,False,False,0,False,False,0,1,0,NFC North,Ford Field,42.3395,-83.045,America/Detroit,AFC East,Gillette Stadium,42.0628,-71.2687,America/New_York,Seattle Seahawks,Green Bay Packers,Ford Field,Lambeau Field,Dallas Cowboys,Cleveland Browns,AT&T Stadium,FirstEnergy Stadium,602,0,-602,602,0.0,0.0,America/Detroit,America/Chicago,0.0,-1.0,0.0,0.0,0.0,0,4.305,-1.995,4.305,-1.995,Detroit Lions,6.3,Detroit Lions,6.3,4.305,-1.995,Detroit Lions,6.3,0.0,0,No,No,No,No,No,0,No,0.0,0.0,-6.697,0.436,3.699,-1.6365,3.699,-1.6365,-0.606,0.3585,-7.303,0.7945,Detroit Lions,5.3355,Detroit Lions,5.3355,3.699,-1.6365,Detroit Lions,5.3355,Tie,0.0,New England Patriots,7.133,-3.3485,0.218,New England Patriots,3.5665,New England Patriots,0.9645,New England Patriots,8.0975,-3.9545,0.5765,New England Patriots,4.531,Different,Different,Different,Different,Different,Same,False,Home Team,Home Team,46.5,-148.0,133.0,New England Patriots,Detroit Lions,-3.0,3.0,-122,101,-366,282,-0.9645,0.9645,-8.0975,8.0975,0.4292,0.5968,0.4975,0.5495,0.2618,0.7854,0.4183,0.5817,0.4752,0.5248,0.25,0.75,0.4183,0.5817,-0.0817,0.0817,,,6,12.0,58.0,0.0,Historical Avg,False,J.Goff,D.Maye,1.44,3.0,14.61,213.53,High,-9.0,12.0,51.41,51.0,13.92609935511914,34.0,69.0,0.461,0.5378,0.0818,0.0884,0.3888,0.5698,0.626,0.374,5,2022-10-09,Detroit Lions @ New England Patriots,0.5794,0.4203,-138,138,0.5967741935483871,0.4291845493562232,2.22,-2.22,51.205,-2.2806666666666664,2.2806666666666664,New England Patriots,5.0975,Detroit Lions,2.0355,Detroit Lions,5.22,Detroit Lions,0.7193333333333336,New England Patriots,0.1532258064516128,Detroit Lions,0.0460154506437768,Detroit Lions,0.1086154506437767,No Bet,0.0,Over,4.704999999999998,100.0,133.0,475.7,632.68,110.0,100.0,241.45,219.5,110.0,100.0,536.5,487.73,Detroit Lions,,,,,,,,,,,,,,,5,-0.0779666666666666,0.0110583333333333,New England Patriots,Detroit Lions,0,1,1,0,1,0,0,1,1,1,1,1,0,1.5,2.5,0.002,0.006,1222.0,0.9983633387888708,0.992635024549918,0.025706,0.002228,1.1016363141491528,0.105968399560382,0.79218578340827,0.1473627014685016,0.0009015027120696,0.0006482698718561,8.671718458296406e-05,0.0001205914087303,0.0007688612805865,0.2533311010288837,1.8938220975574227,,,1213.0,9.0,0.4183,0.5817,0.4059,0.5939,0.5512,0.448,New England Patriots,Detroit Lions,New England Patriots,Detroit Lions,New England Patriots,Same,Same,Same,False,False,0.0015497725839258,0.0002073085933133,0.025706,0.002228,0.0015497725839258,0.0002073085933133,0.000859357880767,0.0004462720738574,0.8132867388036176,0.6067251967674328,1.212679742821772,1.188060114047683,1.082695952962699,0.3750251232231676,0.9175124446736996,1.1407634772666473,0.9982341916762145,0.7624714482840134
2022_05_SEA_NO,2022,5,2022-10-09,13:00,Seattle Seahawks,New Orleans Saints,Home,Geno Smith,Andy Dalton,00-0030565,00-0027973,7,7,0,0,-1,0,Caesars Superdome,29.9507,-90.0813,America/Chicago,False,True,5,5,Sunday,False,False,0,False,False,0,-1,0,NFC West,Lumen Field,47.5952,-122.3316,America/Los_Angeles,NFC South,Caesars Superdome,29.9507,-90.0813,America/Chicago,Detroit Lions,Minnesota Vikings,Ford Field,Caesars Superdome,Arizona Cardinals,Cincinnati Bengals,Lumen Field,Caesars Superdome,2097,0,-2097,2097,-2.0,0.0,America/Detroit,America/Chicago,1.0,0.0,-2.0,0.0,-2.0,0,-0.13,-6.145,-0.13,-6.145,Seattle Seahawks,6.015,Seattle Seahawks,6.015,-0.13,-6.145,Seattle Seahawks,6.015,-0.3,0,No,No,No,No,No,0,No,0.0,0.0,-1.539,-1.222,-0.5535,-5.573499999999999,-0.5535,-5.573499999999999,-0.4234999999999999,0.5715,-1.9625,-0.6505,Seattle Seahawks,5.02,Seattle Seahawks,5.02,-0.5535,-5.573499999999999,Seattle Seahawks,5.02,Tie,0.0,New Orleans Saints,0.3169999999999999,-0.7695,-0.611,New Orleans Saints,0.1584999999999999,New Orleans Saints,0.995,New Orleans Saints,1.3119999999999998,-1.1929999999999998,-0.0394999999999999,New Orleans Saints,1.1534999999999995,Different,Different,Different,Different,Different,Same,False,Home Team,Home Team,45.5,-229.0,201.0,New Orleans Saints,Seattle Seahawks,-5.5,5.5,-122,101,-128,105,-0.995,0.995,-1.3119999999999998,1.3119999999999998,0.3322,0.696,0.4975,0.5495,0.4878,0.5614,0.3231,0.6769,0.4752,0.5248,0.4649,0.5351,0.3231,0.6769,-0.1769,0.1769,,,7,0.0,70.0,0.0,Dome,True,S.Darnold,S.Rattler,-0.62,-2.0,14.02,196.69,High,-11.0,10.0,44.62,44.0,12.91918949049894,29.0,61.0,0.5184,0.4806,0.0848,0.0858,0.4024,0.5976,0.4632,0.5368,5,2022-10-09,Seattle Seahawks @ New Orleans Saints,0.5638,0.4359,-129,129,0.6960486322188449,0.3322259136212624,-1.31,1.31,44.31,-1.2056666666666664,1.2056666666666664,Seattle Seahawks,4.188000000000001,Seattle Seahawks,4.505,Seattle Seahawks,4.19,Seattle Seahawks,4.294333333333333,Seattle Seahawks,0.1326740863787375,Seattle Seahawks,0.1429740863787375,Seattle Seahawks,0.1483740863787375,Seattle Seahawks,0.1036740863787375,Under,1.1899999999999975,100.0,201.0,555.48,1116.51,110.0,100.0,387.4,352.18,110.0,100.0,68.2,62.0,Seattle Seahawks,,,,,,,,,,,,,,,5,0.0025666666666666,-0.0531499999999999,New Orleans Saints,Seattle Seahawks,0,1,0,0,0,0,1,1,0,1,1,1,0,2.5,2.0,0.001,0.011,1222.0,0.8158756137479541,0.9991816693944352,0.022903,0.003646,11.869673857674911,0.0471496706737656,5.665669409683504,0.0987793626712224,0.0097133173958059,0.0046363906789554,3.858401855463639e-05,8.083417567203149e-05,0.0047172248546274,0.1459290333449881,17.535343267358414,,,1213.0,9.0,0.3231,0.6769,0.4775,0.5224,0.5372,0.4622,New Orleans Saints,Seattle Seahawks,New Orleans Saints,New Orleans Saints,New Orleans Saints,Same,Different,Same,False,False,0.0143497080747613,0.0001194181942266,0.022903,0.003646,0.0143497080747613,0.0001194181942266,0.0025547185926161,0.0003530964196053,0.9517603900450038,0.4682515455260461,1.2210879449549952,1.1796519119144613,0.768731372119396,0.6889897040664714,1.0408886887053916,1.017387233234958,0.9745907037042301,0.7861149362559975
2022_05_MIA_NYJ,2022,5,2022-10-09,13:00,Miami Dolphins,New York Jets,Home,Teddy Bridgewater,Zach Wilson,00-0031237,00-0037013,10,7,3,-3,4,-6,MetLife Stadium,40.8136,-74.0744,America/New_York,False,True,5,5,Sunday,False,False,0,False,False,0,4,-6,AFC East,Hard Rock Stadium,25.9602,-80.2384,America/New_York,AFC East,MetLife Stadium,40.8136,-74.0744,America/New_York,Cincinnati Bengals,Pittsburgh Steelers,Paycor Stadium,Acrisure Stadium,Minnesota Vikings,Green Bay Packers,Hard Rock Stadium,Lambeau Field,1085,0,-1085,1085,0.0,0.0,America/New_York,America/New_York,0.0,0.0,0.0,0.0,0.0,0,0.66,-3.725,0.66,-3.725,Miami Dolphins,4.385,Miami Dolphins,4.385,0.66,-3.725,Miami Dolphins,4.385,0.0,0,No,No,No,No,No,1,No,0.0,0.0,1.001,-6.163,-0.2394800000000001,-4.64752,-0.2394800000000001,-4.64752,-0.85563,-0.96637,0.0737299999999998,-7.057729999999999,Miami Dolphins,4.40804,Miami Dolphins,4.40804,-0.2394800000000001,-4.64752,Miami Dolphins,4.40804,Tie,0.0,Miami Dolphins,7.164,0.5005,-3.0815,Miami Dolphins,3.582,Miami Dolphins,0.11074,Miami Dolphins,7.13146,-0.3909500000000001,-4.01205,Miami Dolphins,3.6210999999999993,Different,Same,Same,Same,Different,Same,False,Away Team,Away Team,46.0,146.0,-162.0,Miami Dolphins,New York Jets,3.0,-3.0,-110,-110,249,-319,0.11074,-0.11074,7.13146,-7.13146,0.6183,0.4065,0.5238,0.5238,0.7613,0.2865,0.6033,0.3967,0.5,0.5,0.7266,0.2734,0.6033,0.3967,0.1033,-0.1033,,,8,12.0,62.0,0.0,Historical Avg,False,T.Tagovailoa,J.Fields,2.6,3.0,14.19,201.3,High,-7.0,12.0,45.83,46.0,12.954458940507251,29.0,63.0,0.4272,0.5716,0.0848,0.0856,0.463,0.4954,0.4712,0.4964,5,2022-10-09,Miami Dolphins @ New York Jets,0.3993,0.6004,150,-150,0.4065040650406504,0.6183206106870229,2.8,-2.8,45.915,3.3474,-3.3474,Miami Dolphins,4.13146,New York Jets,2.88926,New York Jets,0.2000000000000001,Miami Dolphins,0.3473999999999999,Miami Dolphins,0.108279389312977,New York Jets,0.0934959349593496,New York Jets,0.0206959349593496,No Bet,0.0,Under,0.0850000000000008,100.0,146.0,87.18,127.28,110.0,100.0,0.0,0.0,110.0,100.0,0.0,0.0,New York Jets,,,,,,,,,,,,,,,5,0.0619916666666666,-0.0704583333333333,Miami Dolphins,New York Jets,0,0,0,1,0,1,0,0,0,1,0,1,1,3.0,1.5,0.009,0.001,1222.0,0.9991816693944352,0.9738134206219312,0.004106,0.012285,0.0997710182286185,3.39668576049945,0.1517314224787637,2.233491200381456,8.164567776482699e-05,0.0001241664668402,0.0027796119153023,0.0018277342065314,0.0019519006733717,5.630176960880906,0.2515024407073823,,,1213.0,9.0,0.6033,0.3967,0.5817,0.4182,0.543,0.4564,Miami Dolphins,Miami Dolphins,Miami Dolphins,Miami Dolphins,Miami Dolphins,Same,Same,Same,False,False,0.000205812144605,0.0046073461218338,0.004106,0.012285,0.000205812144605,0.0046073461218338,0.0004081197470108,0.0013747797067367,0.5676696582808878,0.8523422772901631,1.2169118674747952,1.1838279893946613,0.4023930924164717,1.0553279837693967,0.8902225723207613,1.1680533496195802,0.7105433420195817,1.0501622979406529
2022_05_ATL_TB,2022,5,2022-10-09,13:00,Atlanta Falcons,Tampa Bay Buccaneers,Home,Marcus Mariota,Tom Brady,00-0032268,00-0019596,7,7,0,0,-6,0,Raymond James Stadium,27.9759,-82.5033,America/New_York,False,False,5,5,Sunday,False,False,0,False,False,0,-6,0,NFC South,Mercedes-Benz Stadium,33.7489,-84.388,America/New_York,NFC South,Raymond James Stadium,27.9759,-82.5033,America/New_York,Cleveland Browns,Kansas City Chiefs,Mercedes-Benz Stadium,Raymond James Stadium,San Francisco 49ers,Pittsburgh Steelers,Mercedes-Benz Stadium,Acrisure Stadium,414,0,-414,414,0.0,0.0,America/New_York,America/New_York,0.0,0.0,0.0,0.0,0.0,0,-0.71,1.025,-0.71,1.025,Tampa Bay Buccaneers,1.735,Tampa Bay Buccaneers,1.735,-0.71,1.025,Tampa Bay Buccaneers,1.735,0.0,0,No,No,No,No,No,1,No,0.0,0.0,-6.453,3.401,-1.191775,0.0062749999999999,-1.191775,0.0062749999999999,-0.499125,-1.001375,-6.853585,2.301085,Tampa Bay Buccaneers,1.19805,Tampa Bay Buccaneers,1.19805,-1.191775,0.0062749999999999,Tampa Bay Buccaneers,1.19805,Tie,0.0,Tampa Bay Buccaneers,9.854,-3.2265,1.7005,Tampa Bay Buccaneers,4.927,Atlanta Falcons,0.5022499999999999,Tampa Bay Buccaneers,9.15467,-3.676355,0.6498550000000001,Tampa Bay Buccaneers,4.32621,Different,Same,Different,Same,Different,Same,False,Away Team,Home Team,46.0,-430.0,355.0,Tampa Bay Buccaneers,Atlanta Falcons,-10.5,10.5,-104,-116,-416,314,0.5022499999999999,-0.5022499999999999,-9.15467,9.15467,0.2198,0.8113,0.537,0.5098,0.2415,0.8062,0.2132,0.7868,0.513,0.487,0.2305,0.7695,0.2132,0.7868,-0.2868,0.2868,,,9,8.0,82.0,0.0,Historical Avg,False,M.Penix,B.Mayfield,-1.91,-3.0,13.13,172.41,Medium,-11.0,7.0,42.77,42.0,13.027683560318373,26.0,60.0,0.5686,0.4308,0.096,0.09,0.2552,0.7448,0.3694,0.6028,5,2022-10-09,Atlanta Falcons @ Tampa Bay Buccaneers,0.653,0.3469,-188,188,0.8113207547169812,0.2197802197802197,-2.455,2.455,42.385000000000005,-3.702473333333333,3.702473333333333,Atlanta Falcons,1.3453300000000006,Atlanta Falcons,11.00225,Atlanta Falcons,8.045,Atlanta Falcons,6.797526666666666,Atlanta Falcons,0.0107197802197802,Atlanta Falcons,0.2932197802197802,Atlanta Falcons,0.2110197802197802,Atlanta Falcons,0.1271197802197802,Under,3.614999999999995,100.0,355.0,676.15,2400.35,110.0,100.0,1160.2,1054.73,110.0,100.0,414.7,377.0,Atlanta Falcons,,,,,,,,,,,,,,,5,-0.024075,0.0839833333333333,Tampa Bay Buccaneers,Atlanta Falcons,1,0,0,0,0,0,1,0,1,0,1,0,1,2.0,3.5,0.0,0.2019999999999999,1222.0,1.0,0.986088379705401,0.193002,0.00175,186.1606251447157,0.0168384202534818,50.44413482569063,0.062141036845401,0.1523409371069687,0.0412799793990921,1.377939464278382e-05,5.085191231211215e-05,0.0413308313114042,0.0789794570988828,236.6047599704064,,,1213.0,9.0,0.2132,0.7868,0.3338,0.6657,0.4022,0.5962,Tampa Bay Buccaneers,Tampa Bay Buccaneers,Tampa Bay Buccaneers,Tampa Bay Buccaneers,Tampa Bay Buccaneers,Same,Same,Same,False,False,0.1936209165060608,6.463130695489596e-05,0.193002,0.00175,0.1936209165060608,6.463130695489596e-05,0.2042321145478014,0.0003425592191047,1.035081301508743,0.38493063406230815,0.8660904231198988,1.5346494337495513,1.0306283676299237,0.42709270855594716,0.938289555872061,1.1199863660682818,0.9829399482382859,0.7777656917219411
2022_05_TEN_WAS,2022,5,2022-10-09,13:00,Tennessee Titans,Washington Commanders,Home,Ryan Tannehill,Carson Wentz,00-0029701,00-0032950,7,7,0,0,-4,2,FedExField,38.9077,-76.8645,America/New_York,False,True,5,5,Sunday,False,False,0,False,False,0,-4,2,AFC South,Nissan Stadium,36.1664,-86.7716,America/Chicago,NFC East,FedExField,38.9077,-76.8645,America/New_York,Indianapolis Colts,Dallas Cowboys,Lucas Oil Stadium,AT&T Stadium,Indianapolis Colts,Chicago Bears,Nissan Stadium,Soldier Field,574,0,-574,574,-1.0,0.0,America/Indiana/Indianapolis,America/Chicago,0.0,-1.0,-1.0,0.0,-1.0,0,-4.36,1.45,-4.36,1.45,Washington Commanders,5.8100000000000005,Washington Commanders,5.8100000000000005,-4.36,1.45,Washington Commanders,5.8100000000000005,0.0,0,No,No,No,No,No,0,No,0.0,0.0,0.3,-7.066,-4.827000000000001,1.972,-4.827000000000001,1.972,-0.467,0.522,-0.167,-6.5440000000000005,Washington Commanders,6.799000000000001,Washington Commanders,6.799000000000001,-4.827000000000001,1.972,Washington Commanders,6.799000000000001,Tie,0.0,Tennessee Titans,7.366,0.15,-3.533,Tennessee Titans,3.683,Washington Commanders,0.989,Tennessee Titans,6.377000000000001,-0.317,-3.011,Tennessee Titans,2.694,Different,Different,Same,Different,Different,Same,False,Home Team,Away Team,43.0,-100.0,-110.0,Tennessee Titans,Washington Commanders,1.0,-1.0,-122,101,224,-282,-0.989,0.989,6.377000000000001,-6.377000000000001,0.5238,0.5,0.4975,0.5495,0.7382,0.3086,0.5116,0.4884,0.4752,0.5248,0.7052,0.2948,0.5116,0.4884,0.0116,-0.0116,,,10,10.0,65.0,0.0,Historical Avg,False,C.Ward,J.Daniels,-0.24,-1.0,12.93,167.11,Med-Low,-10.0,9.0,37.38,37.0,12.332120202046992,22.0,53.10000000000037,0.5094,0.4896,0.1098,0.0932,0.5104,0.47,0.2934,0.6638,5,2022-10-09,Tennessee Titans @ Washington Commanders,0.4544,0.5454,120,-120,0.5,0.5238095238095238,-0.62,0.62,37.19,1.5893333333333337,-1.5893333333333337,Tennessee Titans,5.377000000000001,Washington Commanders,1.989,Washington Commanders,1.62,Tennessee Titans,0.5893333333333335,Tennessee Titans,0.1813904761904762,Washington Commanders,0.0248,Washington Commanders,0.0093999999999999,Tennessee Titans,0.0215904761904761,Under,5.810000000000002,100.0,100.0,47.0,47.0,110.0,100.0,0.0,0.0,110.0,100.0,734.95,668.14,Washington Commanders,,,,,,,,,,,,,,,5,-0.074575,-0.0531916666666666,Tennessee Titans,Washington Commanders,0,1,1,0,1,0,0,1,1,1,1,1,0,1.5,2.0,0.012,0.001,1222.0,0.9656301145662848,0.9991816693944352,0.006748,0.011177,0.184009682819352,5.663779686695833,0.1927505195134736,5.406939012865998,0.0001505807551713,0.0001577336493563,0.0046348442607985,0.0044246636766497,0.0045823973260061,11.070718699561832,0.3767602023328257,,,1213.0,9.0,0.5116,0.4884,0.5146,0.4848,0.4782,0.5194,Tennessee Titans,Washington Commanders,Tennessee Titans,Washington Commanders,Tennessee Titans,Same,Same,Same,False,False,0.0003083144045276,0.0090595079374483,0.006748,0.011177,0.0003083144045276,0.0090595079374483,0.0005553550994069,0.0014504173298109,0.6959866130091601,0.7240253225618898,1.2688419476072923,1.1318979092621615,0.43191125985603507,1.0258098163298293,1.0545028320640353,1.0037730898763113,0.8042443355884169,0.95646130437181
2022_05_SF_CAR,2022,5,2022-10-09,16:05,San Francisco 49ers,Carolina Panthers,Home,Jimmy Garoppolo,Baker Mayfield,00-0031345,00-0034855,6,7,-1,1,0,1,Bank of America Stadium,35.2258,-80.8528,America/New_York,False,False,5,5,Sunday,False,False,0,False,False,0,0,1,NFC West,Levi's Stadium,37.4031,-121.9702,America/Los_Angeles,NFC South,Bank of America Stadium,35.2258,-80.8528,America/New_York,Los Angeles Rams,Arizona Cardinals,Levi's Stadium,Bank of America Stadium,Atlanta Falcons,Los Angeles Rams,Mercedes-Benz Stadium,SoFi Stadium,2274,0,-2274,2274,-3.0,0.0,America/Los_Angeles,America/New_York,-3.0,0.0,-3.0,0.0,-3.0,0,3.325,-5.25,3.325,-5.25,San Francisco 49ers,8.575,San Francisco 49ers,8.575,3.325,-5.25,San Francisco 49ers,8.575,-0.4499999999999999,0,No,No,No,No,Yes,0,No,0.0,0.0,4.436,-3.675,1.98,-5.7315000000000005,1.98,-5.7315000000000005,-1.345,-0.4815,3.091,-4.156499999999999,San Francisco 49ers,7.711500000000001,San Francisco 49ers,7.711500000000001,1.98,-5.7315000000000005,San Francisco 49ers,7.711500000000001,Tie,0.0,San Francisco 49ers,8.111,2.218,-1.8375,San Francisco 49ers,4.0555,Carolina Panthers,0.8634999999999999,San Francisco 49ers,7.247499999999999,0.8729999999999999,-2.319,San Francisco 49ers,3.192,Different,Same,Different,Same,Different,Same,False,Home Team,Away Team,40.0,206.0,-234.0,San Francisco 49ers,Carolina Panthers,6.0,-6.0,-122,101,249,-319,-0.8634999999999999,0.8634999999999999,7.247499999999999,-7.247499999999999,0.7006,0.3268,0.4975,0.5495,0.7613,0.2865,0.6819,0.3181,0.4752,0.5248,0.7266,0.2734,0.6819,0.3181,0.1819,-0.1819,,,11,6.0,68.0,0.0,Historical Avg,False,M.Jones,B.Young,11.79,12.0,13.18,173.68,Medium,4.0,21.0,49.86,49.0,13.248257806480874,33.0,67.0,0.1822,0.8172,0.0628,0.0624,0.2912,0.6844,0.7482,0.2196,5,2022-10-09,San Francisco 49ers @ Carolina Panthers,0.3246,0.6752,208,-208,0.326797385620915,0.7005988023952096,11.895,-11.895,49.43,6.092999999999999,-6.092999999999999,San Francisco 49ers,1.2474999999999987,Carolina Panthers,6.8635,San Francisco 49ers,5.895,San Francisco 49ers,0.092999999999999,San Francisco 49ers,0.0260011976047904,Carolina Panthers,0.198002614379085,San Francisco 49ers,0.1166011976047904,No Bet,0.0,Over,9.43,234.0,100.0,973.62,416.08,110.0,100.0,843.1,766.45,110.0,100.0,1178.05,1070.95,San Francisco 49ers,,,,,,,,,,,,,,,5,0.189125,-0.1515666666666666,San Francisco 49ers,Carolina Panthers,1,0,0,1,1,0,0,1,1,1,1,1,0,4.5,0.5,0.047,0.0,1222.0,1.0,0.7471358428805237,0.002261,0.023906,0.0256783553726027,19.818452257216244,0.0550458048682107,9.245123424285802,2.1013384101966257e-05,4.504566683159633e-05,0.0162180460370018,0.0075655674503157,0.0076106131171473,29.063575681502044,0.0807241602408134,,,1213.0,9.0,0.6819,0.3181,0.6669,0.3331,0.7108,0.289,San Francisco 49ers,San Francisco 49ers,San Francisco 49ers,San Francisco 49ers,San Francisco 49ers,Same,Same,Same,False,False,6.605905093356258e-05,0.0237836134873175,0.002261,0.023906,6.605905093356258e-05,0.0237836134873175,0.0003546427865177,0.0122369928119905,0.4622546541091161,0.9577572814619363,1.3030301522563184,1.0977097046131383,0.4088506499875084,1.0488704261983564,0.3934682259139918,1.6648076960263496,0.5899380498454212,1.1707675901148031
2022_05_PHI_ARI,2022,5,2022-10-09,16:25,Philadelphia Eagles,Arizona Cardinals,Home,Jalen Hurts,Kyler Murray,00-0036389,00-0035228,7,7,0,0,-1,0,State Farm Stadium,33.5277,-112.262608,America/Denver,False,False,5,5,Sunday,False,False,0,False,False,0,-1,0,NFC East,Lincoln Financial Field,39.9008,-75.1675,America/New_York,NFC West,State Farm Stadium,33.5277,-112.262608,America/Denver,Jacksonville Jaguars,Carolina Panthers,Lincoln Financial Field,Bank of America Stadium,Dallas Cowboys,Seattle Seahawks,Lincoln Financial Field,Lumen Field,2084,0,-2084,2084,2.0,0.0,America/New_York,America/New_York,2.0,2.0,2.0,0.0,2.0,0,4.905,0.075,4.905,0.075,Philadelphia Eagles,4.83,Philadelphia Eagles,4.83,4.905,0.075,Philadelphia Eagles,4.83,-0.15,0,No,No,No,No,No,0,No,0.0,0.0,3.065,-2.282,3.967000000000001,-1.48,3.967000000000001,-1.48,-0.938,-1.555,2.127,-3.837,Philadelphia Eagles,5.447000000000001,Philadelphia Eagles,5.447000000000001,3.967000000000001,-1.48,Philadelphia Eagles,5.447000000000001,Tie,0.0,Philadelphia Eagles,5.347,1.5325,-1.141,Philadelphia Eagles,2.6735,Philadelphia Eagles,0.6169999999999999,Philadelphia Eagles,5.964,0.5945,-2.696,Philadelphia Eagles,3.2905,Different,Same,Same,Same,Different,Same,False,Away Team,Away Team,48.5,196.0,-222.0,Philadelphia Eagles,Arizona Cardinals,5.5,-5.5,-104,-116,208,-261,0.6169999999999999,-0.6169999999999999,5.964,-5.964,0.6894,0.3378,0.537,0.5098,0.723,0.3247,0.6711,0.3289,0.513,0.487,0.6901,0.3099,0.6711,0.3289,0.1711,-0.1711,,,12,0.0,70.0,0.0,Dome,True,J.Hurts,K.Murray,13.18,14.0,13.83,191.34,Med-High,5.0,22.0,55.12,55.0,13.073269424083898,39.0,72.0,0.1764,0.8234,0.0486,0.0542,0.2636,0.7364,0.6912,0.3088,5,2022-10-09,Philadelphia Eagles @ Arizona Cardinals,0.3256,0.6744,207,-207,0.3378378378378378,0.6894409937888198,13.59,-13.59,55.06,6.7236666666666665,-6.7236666666666665,Philadelphia Eagles,0.4640000000000004,Arizona Cardinals,4.883,Philadelphia Eagles,8.09,Philadelphia Eagles,1.2236666666666665,Philadelphia Eagles,0.0006590062111802,Arizona Cardinals,0.1491621621621621,Philadelphia Eagles,0.1339590062111801,No Bet,0.0,Over,6.560000000000002,222.00000000000003,100.0,1078.37,485.75,110.0,100.0,1116.1,1014.64,110.0,100.0,878.8,798.91,Philadelphia Eagles,,,,,,,,,,,,,,,5,0.2246833333333333,-0.1134083333333333,Philadelphia Eagles,Arizona Cardinals,1,0,0,1,0,0,1,0,1,1,1,0,0,5.0,1.0,0.005,0.0,1222.0,0.995090016366612,0.660392798690671,0.00273,0.009996,0.0146481144156741,2.377192958725782,0.0298885666900544,1.1650406260243025,1.1987000340158878e-05,2.445872887893166e-05,0.001945329753458,0.0009533884010018,0.0009778471298808,3.5422335847500843,0.0445366811057286,,,1213.0,9.0,0.6711,0.3289,0.6113,0.3886,0.8212,0.1782,Philadelphia Eagles,Philadelphia Eagles,Philadelphia Eagles,Philadelphia Eagles,Philadelphia Eagles,Same,Same,Same,False,False,3.6445729219090535e-05,0.0028987181544599,0.00273,0.009996,3.6445729219090535e-05,0.0028987181544599,0.0003524843344812,0.0031556205826867,0.47061217703677444,0.9493997585342753,1.1838642615758408,1.2168755952936154,0.45542511415575915,1.0022959620301057,0.36892356683775307,1.6893523551025853,0.5793975737957053,1.1813080661645234
2022_05_DAL_LA,2022,5,2022-10-09,16:25,Dallas Cowboys,Los Angeles Rams,Home,Cooper Rush,Matthew Stafford,00-0033662,00-0026498,7,6,1,-1,0,2,SoFi Stadium,33.9535,-118.3395,America/Los_Angeles,False,False,5,5,Sunday,False,False,0,False,False,0,0,2,NFC East,AT&T Stadium,32.7369,-97.0826,America/Chicago,NFC West,SoFi Stadium,33.9535,-118.3395,America/Los_Angeles,Washington Commanders,San Francisco 49ers,AT&T Stadium,Levi's Stadium,Philadelphia Eagles,Carolina Panthers,Lincoln Financial Field,SoFi Stadium,1227,0,-1227,1227,2.0,0.0,America/Chicago,America/Los_Angeles,2.0,0.0,2.0,0.0,2.0,0,-0.615,1.29,-0.615,1.29,Los Angeles Rams,1.905,Los Angeles Rams,1.905,-0.615,1.29,Los Angeles Rams,1.905,-0.15,0,No,No,No,No,No,0,Yes,0.0,0.0,2.647,6.103,1.13,0.8065000000000002,1.13,0.8065000000000002,1.745,-0.4835,4.392,5.619499999999999,Dallas Cowboys,0.3234999999999997,Dallas Cowboys,0.3234999999999997,1.13,0.8065000000000002,Dallas Cowboys,0.3234999999999997,Tie,0.0,Los Angeles Rams,3.456,1.3235,3.0515,Los Angeles Rams,1.728,Dallas Cowboys,2.2285,Los Angeles Rams,1.2274999999999991,3.0685,2.567999999999999,Dallas Cowboys,0.5005000000000006,Different,Different,Same,Different,Different,Same,False,Away Team,Home Team,42.0,-220.0,195.0,Los Angeles Rams,Dallas Cowboys,-5.5,5.5,108,-131,-122,101,2.2285,-2.2285,-1.2274999999999991,1.2274999999999991,0.339,0.6875,0.5671,0.4808,0.4975,0.5495,0.3302,0.6698,0.5412,0.4588,0.4752,0.5248,0.3302,0.6698,-0.1698,0.1698,,,13,0.0,70.0,0.0,Dome,True,D.Prescott,M.Stafford,2.51,3.0,14.09,198.57,High,-7.0,12.0,54.43,54.0,13.78879700425548,37.0,73.0,0.4204,0.5788,0.088,0.08,0.2996,0.7004,0.8092,0.1708,5,2022-10-09,Dallas Cowboys @ Los Angeles Rams,0.5184,0.4814,-108,108,0.6875,0.3389830508474576,2.755,-2.755,54.215,1.2520000000000002,-1.2520000000000002,Dallas Cowboys,4.272500000000001,Dallas Cowboys,7.7285,Dallas Cowboys,8.254999999999999,Dallas Cowboys,6.752000000000001,Dallas Cowboys,0.1362169491525424,Dallas Cowboys,0.2022169491525424,Dallas Cowboys,0.2398169491525423,Dallas Cowboys,0.1424169491525423,Over,12.215000000000003,100.0,195.0,907.0,1768.65,110.0,100.0,927.1,842.82,110.0,100.0,1498.3,1362.09,Dallas Cowboys,,,,,,,,,,,,,,,5,0.1958416666666667,-0.1103,Los Angeles Rams,Dallas Cowboys,1,0,0,1,1,0,0,0,1,1,1,0,0,4.5,1.0,0.0,0.006,1222.0,0.8248772504091653,0.9729950900163666,0.012436,0.001919,4.30690576205538,0.0242982065597605,2.123231237131512,0.0492881246327305,0.0035244728003726,0.0017375051040356,1.988396608818376e-05,4.033398087784823e-05,0.0017778390849134,0.073586331192491,6.430136999186892,,,1213.0,9.0,0.3302,0.6698,0.4895,0.5104,0.5736,0.426,Los Angeles Rams,Dallas Cowboys,Los Angeles Rams,Dallas Cowboys,Los Angeles Rams,Same,Same,Same,False,False,0.0052619779044082,6.021794696603199e-05,0.012436,0.001919,0.0052619779044082,6.021794696603199e-05,0.0034296022620127,0.0003818810594465,0.9459360524617986,0.4740758831092509,1.0804445649271626,1.3202952919422963,0.75883367199074,0.6988874041951284,0.85146277179902,1.206813150141324,0.9027621277367077,0.8579435122235198
2022_05_CIN_BAL,2022,5,2022-10-09,20:20,Cincinnati Bengals,Baltimore Ravens,Home,Joe Burrow,Lamar Jackson,00-0036442,00-0034796,10,7,3,-3,3,-3,M&T Bank Stadium,39.2789,-76.6228,America/New_York,False,False,5,5,Sunday,False,False,0,False,False,0,3,-3,AFC North,Paycor Stadium,39.0955,-84.5165,America/New_York,AFC North,M&T Bank Stadium,39.2789,-76.6228,America/New_York,Miami Dolphins,Buffalo Bills,Paycor Stadium,M&T Bank Stadium,New Orleans Saints,New York Giants,Caesars Superdome,MetLife Stadium,422,0,-422,422,0.0,0.0,America/New_York,America/New_York,0.0,0.0,0.0,0.0,0.0,0,1.31,6.69,1.31,6.69,Baltimore Ravens,5.380000000000001,Baltimore Ravens,5.380000000000001,1.31,6.69,Baltimore Ravens,5.380000000000001,0.0,0,No,No,No,No,No,1,No,0.0,0.0,2.648,3.864,1.99277,6.380230000000001,1.99277,6.380230000000001,0.62897,-0.25597,3.28913,3.59587,Baltimore Ravens,4.387460000000001,Baltimore Ravens,4.387460000000001,1.99277,6.380230000000001,Baltimore Ravens,4.387460000000001,Tie,0.0,Baltimore Ravens,1.2159999999999995,1.324,1.932,Baltimore Ravens,0.6079999999999999,Cincinnati Bengals,0.8849400000000001,Baltimore Ravens,0.3067399999999995,1.95905,1.6699499999999998,Cincinnati Bengals,0.2891000000000001,Different,Same,Different,Same,Different,Same,False,Away Team,Home Team,47.5,-168.0,151.0,Baltimore Ravens,Cincinnati Bengals,-3.0,3.0,101,-122,-116,-104,0.8849400000000001,-0.8849400000000001,-0.3067399999999995,0.3067399999999995,0.3984,0.6269,0.5495,0.4975,0.5098,0.537,0.3886,0.6114,0.5248,0.4752,0.487,0.513,0.3886,0.6114,-0.1114,0.1114,,,14,10.0,60.0,0.0,Historical Avg,False,J.Browning,C.Rush,-3.66,-5.0,14.02,196.49,High,-14.0,7.0,45.91,45.0,12.499823965153748,30.0,62.0,0.601,0.398,0.0838,0.0708,0.5236,0.4296,0.431,0.569,5,2022-10-09,Cincinnati Bengals @ Baltimore Ravens,0.5502,0.4496,-122,122,0.6268656716417911,0.398406374501992,-4.33,4.33,45.455,-1.2505999999999995,1.2505999999999995,Cincinnati Bengals,2.6932600000000004,Cincinnati Bengals,3.88494,Baltimore Ravens,1.33,Cincinnati Bengals,1.7494000000000005,Cincinnati Bengals,0.0885936254980079,Cincinnati Bengals,0.126393625498008,No Bet,0.0,Cincinnati Bengals,0.0511936254980079,Under,2.0450000000000017,,0.0,0.0,0.0,110.0,100.0,0.0,0.0,110.0,100.0,237.25,215.68,No Bet,,,,,,,,,,,,,,,5,0.1292454545454545,0.0727749999999999,Baltimore Ravens,Cincinnati Bengals,1,1,0,0,1,1,0,0,1,1,1,1,1,4.0,3.0,0.0,0.002,1222.0,0.3698854337152208,0.530278232405892,0.007576,0.002933,1.2559331808360563,0.0446296131601775,0.7982591332562831,0.0702175642978192,0.0010277685604223,0.0006532398799151,3.65217783634841e-05,5.7461181913109065e-05,0.0007107010618282,0.1148471774579968,2.05419231409234,,,1213.0,9.0,0.3886,0.6114,0.453,0.547,0.4728,0.527,Baltimore Ravens,Baltimore Ravens,Baltimore Ravens,Baltimore Ravens,Baltimore Ravens,Same,Same,Same,False,False,0.0016810084403374,9.398296027659316e-05,0.007576,0.002933,0.0016810084403374,9.398296027659316e-05,0.0009255737284739,0.0002526098166272,0.8657460786002877,0.554265856970762,1.1314671272653238,1.2692727296041264,0.74507992256879,0.712641153617077,1.2309480023263095,0.8273279196140348,0.9643656156825386,0.7963400242776878
2022_05_LV_KC,2022,5,2022-10-10,20:15,Las Vegas Raiders,Kansas City Chiefs,Home,Derek Carr,Patrick Mahomes,00-0031280,00-0033873,8,8,0,0,1,3,GEHA Field at Arrowhead Stadium,39.0489,-94.4839,America/Chicago,False,False,5,5,Monday,False,False,0,False,False,0,1,3,AFC West,Allegiant Stadium,36.108,-115.1578,America/Los_Angeles,AFC West,GEHA Field at Arrowhead Stadium,39.0489,-94.4839,America/Chicago,Denver Broncos,Tampa Bay Buccaneers,Allegiant Stadium,Raymond James Stadium,Houston Texans,Buffalo Bills,Allegiant Stadium,GEHA Field at Arrowhead Stadium,1147,0,-1147,1147,-2.0,0.0,America/Los_Angeles,America/New_York,-2.0,1.0,-2.0,0.0,-2.0,0,-2.35,4.395,-2.35,4.395,Kansas City Chiefs,6.744999999999999,Kansas City Chiefs,6.744999999999999,-2.35,4.395,Kansas City Chiefs,6.744999999999999,-0.3,0,No,No,No,No,No,1,No,0.0,0.0,0.872,8.203,-4.32144,4.40644,-4.32144,4.40644,-2.0388900000000003,0.07889,-1.0935800000000002,8.20858,Kansas City Chiefs,8.727879999999999,Kansas City Chiefs,8.727879999999999,-4.32144,4.40644,Kansas City Chiefs,8.727879999999999,Tie,0.0,Kansas City Chiefs,7.330999999999999,0.436,4.1015,Kansas City Chiefs,3.6655,Kansas City Chiefs,2.11778,Kansas City Chiefs,9.30216,-1.5662350000000005,4.143735,Kansas City Chiefs,5.70997,Different,Same,Same,Same,Different,Same,False,Home Team,Home Team,51.5,-321.0,275.0,Kansas City Chiefs,Las Vegas Raiders,-7.5,7.5,-131,108,-436,327,-2.11778,2.11778,-9.30216,9.30216,0.2667,0.7625,0.4808,0.5671,0.2342,0.8134,0.2591,0.7409,0.4588,0.5412,0.2235,0.7765,0.2591,0.7409,-0.2409,0.2409,,,15,10.0,60.0,0.0,Historical Avg,False,G.Smith,P.Mahomes,-10.11,-10.0,13.71,187.83,Med-High,-19.0,-2.0,60.09,60.0,14.204090864235411,42.0,78.0,0.7712,0.228,0.0628,0.0692,0.5836,0.4164,0.724,0.276,5,2022-10-10,Las Vegas Raiders @ Kansas City Chiefs,0.7074,0.2924,-242,242,0.7624703087885986,0.2666666666666666,-10.055,10.055,60.045,-7.158313333333333,7.158313333333333,Kansas City Chiefs,1.8021600000000009,Las Vegas Raiders,5.38222,Kansas City Chiefs,2.555,Las Vegas Raiders,0.3416866666666669,Kansas City Chiefs,0.0140296912114014,Las Vegas Raiders,0.1921333333333333,Kansas City Chiefs,0.0087296912114014,Las Vegas Raiders,0.0257333333333333,Over,8.545000000000002,321.0,100.0,91.88,28.62,110.0,100.0,313.9,285.36,110.0,100.0,1051.0,955.45,Kansas City Chiefs,,,,,,,,,,,,,,,5,-0.0049749999999999,0.226525,Kansas City Chiefs,Las Vegas Raiders,0,1,1,0,0,1,1,0,1,1,1,1,1,2.5,5.0,0.0,0.036,1222.0,0.9345335515548282,0.9680851063829788,0.049457,0.00125,56.70438228508024,0.0317989013043924,19.830078890625305,0.0909293939653584,0.046402931493519,0.0162275604669601,2.602201416071397e-05,7.441030602729824e-05,0.0163019707729874,0.1227282952697509,76.53446117570554,,,1213.0,9.0,0.2591,0.7409,0.2809,0.719,0.1622,0.8374,Kansas City Chiefs,Kansas City Chiefs,Kansas City Chiefs,Kansas City Chiefs,Kansas City Chiefs,Same,Same,Same,False,False,0.0626304919604791,0.000100432320188,0.049457,0.00125,0.0626304919604791,0.000100432320188,0.033731000278776,0.0003411888260271,1.030753817181232,0.38925811838981644,1.2039888161183165,1.1967510407511344,1.1112414138382596,0.34647966234760635,1.537103661189672,0.5211722607506734,1.205755342501094,0.5549502974591423
2022_06_WAS_CHI,2022,6,2022-10-13,20:15,Washington Commanders,Chicago Bears,Home,Carson Wentz,Justin Fields,00-0032950,00-0036945,4,4,0,0,2,1,Soldier Field,41.8623,-87.6167,America/Chicago,False,False,6,6,Thursday,False,False,0,False,False,0,2,1,NFC East,FedExField,38.9077,-76.8645,America/New_York,NFC North,Soldier Field,41.8623,-87.6167,America/Chicago,Tennessee Titans,Minnesota Vikings,FedExField,U.S. Bank Stadium,Green Bay Packers,New England Patriots,FedExField,Gillette Stadium,601,0,-601,601,1.0,0.0,America/New_York,America/Chicago,1.0,0.0,1.0,0.0,1.0,0,1.45,-1.575,1.45,-1.575,Washington Commanders,3.025,Washington Commanders,3.025,1.45,-1.575,Washington Commanders,3.025,0.0,0,No,No,No,No,No,0,No,0.0,0.0,-7.066,-5.152,1.203,-0.2994999999999999,1.203,-0.2994999999999999,-0.247,1.2755,-7.313,-3.8765,Washington Commanders,1.5025,Washington Commanders,1.5025,1.203,-0.2994999999999999,Washington Commanders,1.5025,Tie,0.0,Chicago Bears,1.914,-3.533,-2.576,Chicago Bears,0.957,Chicago Bears,1.5225,Chicago Bears,3.4365,-3.78,-1.3005,Chicago Bears,2.4795,Different,Different,Different,Different,Different,Same,True,Home Team,Home Team,38.5,109.0,-120.0,Washington Commanders,Chicago Bears,1.0,-1.0,-128,105,-191,156,-1.5225,1.5225,-3.4365,3.4365,0.5455,0.4785,0.4878,0.5614,0.3906,0.6564,0.5327,0.4673,0.4649,0.5351,0.3731,0.6269,0.5327,0.4673,0.0327,-0.0327,,,16,15.0,58.0,0.0,Historical Avg,False,J.Daniels,C.Williams,2.76,3.5,13.89,192.8,Med-High,-7.0,13.0,47.16,47.0,13.154986358534115,30.0,64.0,0.4092,0.5898,0.0894,0.0858,0.4102,0.5678,0.7402,0.2598,6,2022-10-13,Washington Commanders @ Chicago Bears,0.5096,0.4901,-104,104,,,,,,,,No Bet,,No Bet,,No Bet,,No Bet,,No Bet,,No Bet,,No Bet,,No Bet,,No Bet,,,,,,,,,,,,,,,,,,,,,,,,,,,,,6,-0.0609999999999999,-0.1787090909090909,Washington Commanders,Chicago Bears,1,0,0,1,0,0,1,1,1,1,1,1,0,1.5,0.0,,,961.8945391387288,0.960696175782888,0.9654388153382176,0.006874271578628,0.0061862350735902,0.561651329978387,1.7472869458252491,0.6402560742124689,1.5327711465818268,0.0005839011524915,0.0006656198243788,0.0018165057339755,0.0015934918894063,0.0022591117137851,3.280058092407076,1.201907404190856,,,992.0,221.0,0.5327,0.4673,0.5183,0.4816,0.5536,0.446,Washington Commanders,Washington Commanders,Washington Commanders,Washington Commanders,Chicago Bears,Same,Same,Different,False,False,0.0012495209768703,0.0034099976233818,0.006874271578628,0.0061862350735902,0.0012495209768703,0.0034099976233818,0.0095580344338743,0.0071084984586044,0.7293202312486265,0.8325147323980783,1.5190947675409963,1.3239570208895381,1.0809257302617143,0.6443489134836415,1.0270200705259773,1.4866153639333843,1.0603053843431653,1.022520273704249
2022_06_SF_ATL,2022,6,2022-10-16,13:00,San Francisco 49ers,Atlanta Falcons,Home,Jimmy Garoppolo,Marcus Mariota,00-0031345,00-0032268,7,7,0,0,0,-6,Mercedes-Benz Stadium,33.7489,-84.388,America/New_York,False,True,6,6,Sunday,False,False,0,False,False,0,0,-6,NFC West,Levi's Stadium,37.4031,-121.9702,America/Los_Angeles,NFC South,Mercedes-Benz Stadium,33.7489,-84.388,America/New_York,Carolina Panthers,Tampa Bay Buccaneers,Bank of America Stadium,Raymond James Stadium,Kansas City Chiefs,Cincinnati Bengals,Levi's Stadium,Paycor Stadium,2112,0,-2112,2112,-3.0,0.0,America/New_York,America/New_York,0.0,0.0,0.0,0.0,0.0,0,3.325,-0.71,3.325,-0.71,San Francisco 49ers,4.035,San Francisco 49ers,4.035,3.325,-0.71,San Francisco 49ers,4.035,0.0,0,No,No,No,No,No,0,No,0.0,0.0,4.436,-6.453,2.78,-0.8160000000000001,2.78,-0.8160000000000001,-0.545,-0.106,3.891,-6.559,San Francisco 49ers,3.596,San Francisco 49ers,3.596,2.78,-0.8160000000000001,San Francisco 49ers,3.596,Tie,0.0,San Francisco 49ers,10.889,2.218,-3.2265,San Francisco 49ers,5.4445,Atlanta Falcons,0.439,San Francisco 49ers,10.45,1.673,-3.3325,San Francisco 49ers,5.0055,Different,Same,Different,Same,Different,Same,False,Home Team,Away Team,46.0,166.0,-185.0,San Francisco 49ers,Atlanta Falcons,3.5,-3.5,-116,-104,389,-538,-0.439,0.439,10.45,-10.45,0.6491,0.3759,0.5098,0.537,0.8433,0.2045,0.6333,0.3667,0.487,0.513,0.8048,0.1952,0.6333,0.3667,0.1333,-0.1333,,,17,0.0,70.0,0.0,Dome,True,M.Jones,M.Penix,13.46,14.0,12.71,161.63,Med-Low,6.0,22.0,48.86,48.0,13.00687344104425,33.0,66.0,0.1452,0.8538,0.052,0.0602,0.2008,0.7992,0.56,0.4072,6,2022-10-16,San Francisco 49ers @ Atlanta Falcons,0.305,0.6947,228,-228,,,,,,,,No Bet,,No Bet,,No Bet,,No Bet,,No Bet,,No Bet,,No Bet,,No Bet,,No Bet,,,,,,,,,,,,,,,,,,,,,,,,,,,,,6,0.1942,-0.0141454545454545,San Francisco 49ers,Atlanta Falcons,1,1,0,0,1,0,0,1,1,1,1,1,0,4.5,2.0,,,961.8945391387288,0.986070874230977,0.726532282458025,0.0034294794193834,0.0184477492556471,0.1092820609241951,14.7686205058697,0.1887328311516027,8.55148135086439,0.0001136112707553,0.0001962094839633,0.0153536795406837,0.0088902483618643,0.0090864578458277,23.32010185673409,0.2980148920757979,,,992.0,221.0,0.6333,0.3667,0.7111,0.2887,0.751,0.248,San Francisco 49ers,San Francisco 49ers,San Francisco 49ers,San Francisco 49ers,San Francisco 49ers,Same,Same,Same,False,False,0.0003098207547187,0.0242439279025481,0.0034294794193834,0.0184477492556471,0.0003098207547187,0.0242439279025481,0.0044893978217039,0.0144459791739768,0.5835328224644365,0.9783021411822672,1.5067160911388084,1.3363356972917293,0.34660488364956216,1.3786697600957953,0.38353996048609074,2.1300954739732796,0.6562080196385562,1.4266176384088531
2022_06_NE_CLE,2022,6,2022-10-16,13:00,New England Patriots,Cleveland Browns,Home,Bailey Zappe,Jacoby Brissett,00-0038108,00-0033119,7,7,0,0,0,3,FirstEnergy Stadium,41.5061,-81.6994,America/New_York,False,False,6,6,Sunday,False,False,0,False,False,0,0,3,AFC East,Gillette Stadium,42.0628,-71.2687,America/New_York,AFC North,FirstEnergy Stadium,41.5061,-81.6994,America/New_York,Detroit Lions,Los Angeles Chargers,Gillette Stadium,FirstEnergy Stadium,Chicago Bears,Baltimore Ravens,Gillette Stadium,M&T Bank Stadium,538,0,-538,538,0.0,0.0,America/New_York,America/New_York,0.0,0.0,0.0,0.0,0.0,0,-1.995,-4.705,-1.995,-4.705,New England Patriots,2.71,New England Patriots,2.71,-1.995,-4.705,New England Patriots,2.71,0.0,0,No,No,No,No,No,0,No,0.0,0.0,0.436,1.172,-2.3535,-4.06,-2.3535,-4.06,-0.3585,0.645,0.0775,1.817,New England Patriots,1.7064999999999997,New England Patriots,1.7064999999999997,-2.3535,-4.06,New England Patriots,1.7064999999999997,Tie,0.0,Cleveland Browns,0.736,0.218,0.586,Cleveland Browns,0.368,Cleveland Browns,1.0035,Cleveland Browns,1.7395,-0.1404999999999999,1.231,Cleveland Browns,1.3715000000000002,Different,Different,Different,Different,Different,Same,False,Home Team,Home Team,43.0,-140.0,127.0,Cleveland Browns,New England Patriots,-2.5,2.5,-122,101,-128,105,-1.0035,1.0035,-1.7395,1.7395,0.4405,0.5833,0.4975,0.5495,0.4878,0.5614,0.4303,0.5697,0.4752,0.5248,0.4649,0.5351,0.4303,0.5697,-0.0697,0.0697,,,18,10.0,60.0,0.0,Historical Avg,False,D.Maye,D.Gabriel,3.87,5.0,14.64,214.45,High,-7.0,14.0,42.38,42.0,12.587420418439915,26.0,59.0,0.3864,0.6126,0.084,0.082,0.362,0.638,0.4388,0.5156,6,2022-10-16,New England Patriots @ Cleveland Browns,0.504,0.4958,-102,102,,,,,,,,No Bet,,No Bet,,No Bet,,No Bet,,No Bet,,No Bet,,No Bet,,No Bet,,No Bet,,,,,,,,,,,,,,,,,,,,,,,,,,,,,6,0.0184,-0.0545636363636363,Cleveland Browns,New England Patriots,1,0,0,1,0,1,1,0,1,1,1,1,0,2.5,1.5,,,961.8945391387288,0.879536107880331,0.9972180611421804,0.0149517012973453,0.0037865113561026,4.997060542325007,0.1905905409393598,3.774328859684835,0.2523342578971724,0.005195019140871,0.0039238489315724,0.0001981407869411,0.0002623304818042,0.0041861794133766,0.4429247988365323,8.771389402009842,,,992.0,221.0,0.4303,0.5697,0.4791,0.5208,0.5624,0.4372,Cleveland Browns,New England Patriots,Cleveland Browns,New England Patriots,Cleveland Browns,Same,Same,Same,False,False,0.0091188680724434,0.0004604712687454,0.0149517012973453,0.0037865113561026,0.0091188680724434,0.0004604712687454,0.0179753398125534,0.0049821366213656,0.8813513250219545,0.6804836386247497,1.4558984727579816,1.3871533156725533,0.9119836807310456,0.8132909630143113,0.9468315034578093,1.566803931001555,1.0318784771379368,1.0509471809094737
2022_06_NYJ_GB,2022,6,2022-10-16,13:00,New York Jets,Green Bay Packers,Home,Zach Wilson,Aaron Rodgers,00-0037013,00-0023459,7,7,0,0,-6,0,Lambeau Field,44.5013,-88.0622,America/Chicago,False,False,6,6,Sunday,False,False,0,False,False,0,-6,0,AFC East,MetLife Stadium,40.8136,-74.0744,America/New_York,NFC North,Lambeau Field,44.5013,-88.0622,America/Chicago,Miami Dolphins,New York Giants,MetLife Stadium,Lambeau Field,Denver Broncos,Washington Commanders,Empower Field at Mile High,FedExField,753,0,-753,753,1.0,0.0,America/New_York,America/Chicago,1.0,0.0,1.0,0.0,1.0,0,-3.725,3.535,-3.725,3.535,Green Bay Packers,7.26,Green Bay Packers,7.26,-3.725,3.535,Green Bay Packers,7.26,0.0,0,No,No,No,No,No,0,No,0.0,0.0,-6.163,1.303,-3.5075000000000003,5.5185,-3.5075000000000003,5.5185,0.2174999999999999,1.9835,-5.9455,3.2865,Green Bay Packers,9.026,Green Bay Packers,9.026,-3.5075000000000003,5.5185,Green Bay Packers,9.026,Tie,0.0,Green Bay Packers,7.466,-3.0815,0.6515,Green Bay Packers,3.733,Green Bay Packers,1.766,Green Bay Packers,9.232,-2.864,2.635,Green Bay Packers,5.4990000000000006,Different,Same,Same,Same,Different,Same,False,Home Team,Home Team,44.5,-362.0,305.0,Green Bay Packers,New York Jets,-7.5,7.5,-131,108,-416,314,-1.766,1.766,-9.232,9.232,0.2469,0.7835,0.4808,0.5671,0.2415,0.8062,0.2396,0.7604,0.4588,0.5412,0.2305,0.7695,0.2396,0.7604,-0.2604,0.2604,,,19,12.0,52.0,0.0,Historical Avg,False,J.Fields,J.Love,0.18,1.0,14.06,197.69,High,-10.0,10.0,40.99,40.0,12.359917374784605,26.0,57.0,0.4924,0.5072,0.0876,0.0766,0.3074,0.6926,0.3634,0.6366,6,2022-10-16,New York Jets @ Green Bay Packers,0.6409,0.359,-178,179,,,,,,,,No Bet,,No Bet,,No Bet,,No Bet,,No Bet,,No Bet,,No Bet,,No Bet,,No Bet,,,,,,,,,,,,,,,,,,,,,,,,,,,,,6,-0.053190909090909,0.03,Green Bay Packers,New York Jets,0,1,1,0,1,0,0,0,1,1,1,0,0,1.5,2.5,,,961.8945391387288,0.292184633161233,0.999077945946418,0.0640677213337641,0.0033939457368625,91.63769769804875,0.0371403653263188,28.874792699174755,0.117869506653309,0.0952679259205487,0.0300186678729135,3.861168123438353e-05,0.0001225389082246,0.0301412067811382,0.1550098719796279,120.5124903972235,,,992.0,221.0,0.2396,0.7604,0.3256,0.674,0.5228,0.4756,Green Bay Packers,New York Jets,Green Bay Packers,New York Jets,Green Bay Packers,Same,Same,Same,False,False,0.1252865937934622,0.000161150589459,0.0640677213337641,0.0033939457368625,0.1252865937934622,0.000161150589459,0.0273454687727898,0.0045221730003973,1.1511031323316765,0.41073183131502994,1.3529795964010103,1.490072192029522,1.2799891553708764,0.44528548837447907,1.1036239729812791,1.4100114614780834,1.2427807582568124,0.8400448997905968
2022_06_JAX_IND,2022,6,2022-10-16,13:00,Jacksonville Jaguars,Indianapolis Colts,Home,Trevor Lawrence,Matt Ryan,00-0036971,00-0026143,7,10,-3,3,-6,0,Lucas Oil Stadium,39.7601,-86.1638,America/Indiana/Indianapolis,False,False,6,6,Sunday,False,False,0,False,False,0,-6,0,AFC South,TIAA Bank Field,30.3239,-81.6554,America/New_York,AFC South,Lucas Oil Stadium,39.7601,-86.1638,America/Indiana/Indianapolis,Houston Texans,Denver Broncos,TIAA Bank Field,Empower Field at Mile High,New York Giants,Tennessee Titans,TIAA Bank Field,Nissan Stadium,699,0,-699,699,0.0,0.0,America/New_York,America/Denver,0.0,-2.0,0.0,0.0,0.0,0,-1.825,-2.265,-1.825,-2.265,Jacksonville Jaguars,0.4400000000000001,Jacksonville Jaguars,0.4400000000000001,-1.825,-2.265,Jacksonville Jaguars,0.4400000000000001,0.0,0,No,No,No,No,No,1,No,0.0,0.0,-2.443,-1.583,-3.27814,-0.64586,-3.27814,-0.64586,-1.44874,1.6147399999999998,-3.88314,0.0231399999999999,Indianapolis Colts,2.63228,Indianapolis Colts,2.63228,-3.27814,-0.64586,Indianapolis Colts,2.63228,Tie,0.0,Indianapolis Colts,0.8600000000000001,-1.2215,-0.7915,Indianapolis Colts,0.43,Indianapolis Colts,3.06348,Indianapolis Colts,3.90628,-2.66594,0.8189399999999999,Indianapolis Colts,3.48488,Different,Different,Same,Same,Different,Same,False,Home Team,Home Team,41.0,-122.0,110.0,Indianapolis Colts,Jacksonville Jaguars,-1.0,1.0,-164,135,-211,171,-3.06348,3.06348,-3.90628,3.90628,0.4762,0.5495,0.4255,0.6212,0.369,0.6785,0.4642,0.5358,0.4065,0.5935,0.3523,0.6477,0.4642,0.5358,-0.0358,0.0358,,,20,0.0,70.0,0.0,Dome,True,T.Lawrence,D.Jones,3.41,4.0,13.36,178.56,Medium,-6.0,13.0,46.88,46.0,13.307663755254886,30.0,64.0,0.401,0.5984,0.0986,0.0792,0.3764,0.599,0.6446,0.335,6,2022-10-16,Jacksonville Jaguars @ Indianapolis Colts,0.5445,0.4554,-120,120,,,,,,,,No Bet,,No Bet,,No Bet,,No Bet,,No Bet,,No Bet,,No Bet,,No Bet,,No Bet,,,,,,,,,,,,,,,,,,,,,,,,,,,,,6,-0.0291090909090909,-0.1026727272727272,Indianapolis Colts,Jacksonville Jaguars,0,0,0,1,0,0,1,0,0,1,1,0,1,1.5,1.0,,,961.8945391387288,0.99983209205394,0.8556223279598318,0.0079892146010162,0.0049044946422497,4.110464293503592,0.2965833819852259,3.561174925428084,0.3423295477545972,0.0042733003736397,0.0037022509022836,0.0003083325353429,0.0003558909358827,0.0040581418381664,0.638912929739823,7.671639218931675,,,992.0,221.0,0.4642,0.5358,0.4186,0.5812,0.5958,0.4034,Indianapolis Colts,Jacksonville Jaguars,Indianapolis Colts,Jacksonville Jaguars,Indianapolis Colts,Same,Same,Same,False,False,0.0079755512759234,0.0006642234712257,0.0079892146010162,0.0049044946422497,0.0079755512759234,0.0006642234712257,0.0072681163238083,0.0066890783277854,0.8344766234965321,0.7273583401501726,1.677655618489595,1.1653961699409405,1.1146144099773085,0.6106602337680485,1.00104076662299,1.5125946678363735,1.1291871308423262,0.9536385272050832
2022_06_MIN_MIA,2022,6,2022-10-16,13:00,Minnesota Vikings,Miami Dolphins,Home,Kirk Cousins,Teddy Bridgewater,00-0029604,00-0031237,7,7,0,0,-1,4,Hard Rock Stadium,25.9602,-80.2384,America/New_York,False,False,6,6,Sunday,False,False,0,False,False,0,-1,4,NFC North,U.S. Bank Stadium,44.9738,-93.2575,America/Chicago,AFC East,Hard Rock Stadium,25.9602,-80.2384,America/New_York,Chicago Bears,New York Jets,U.S. Bank Stadium,MetLife Stadium,Arizona Cardinals,Pittsburgh Steelers,U.S. Bank Stadium,Hard Rock Stadium,1499,0,-1499,1499,-1.0,0.0,America/Chicago,America/New_York,-1.0,0.0,-1.0,0.0,-1.0,0,0.27,0.66,0.27,0.66,Miami Dolphins,0.39,Miami Dolphins,0.39,0.27,0.66,Miami Dolphins,0.39,0.0,0,No,No,No,No,No,0,No,0.0,0.0,-1.753,1.001,-1.776,2.1395,-1.776,2.1395,-2.0460000000000003,1.4795,-3.799,2.4805,Miami Dolphins,3.9155,Miami Dolphins,3.9155,-1.776,2.1395,Miami Dolphins,3.9155,Tie,0.0,Miami Dolphins,2.754,-0.8765,0.5005,Miami Dolphins,1.3769999999999998,Miami Dolphins,3.5255,Miami Dolphins,6.2795000000000005,-2.9225000000000003,1.98,Miami Dolphins,4.9025,Different,Same,Same,Same,Different,Same,False,Home Team,Home Team,45.0,157.0,-175.0,Minnesota Vikings,Miami Dolphins,3.0,-3.0,-191,156,-282,224,-3.5255,3.5255,-6.2795000000000005,6.2795000000000005,0.6364,0.3891,0.3906,0.6564,0.3086,0.7382,0.6206,0.3794,0.3731,0.6269,0.2948,0.7052,0.6206,0.3794,0.1206,-0.1206,,,21,10.0,82.0,0.0,Historical Avg,False,C.Wentz,T.Tagovailoa,-3.89,-5.0,13.86,191.97,Med-High,-13.0,6.0,51.13,51.0,13.672203106579332,34.0,69.0,0.6154,0.3844,0.0858,0.084,0.652,0.3078,0.6576,0.3256,6,2022-10-16,Minnesota Vikings @ Miami Dolphins,0.5817,0.4182,-139,139,,,,,,,,No Bet,,No Bet,,No Bet,,No Bet,,No Bet,,No Bet,,No Bet,,No Bet,,No Bet,,,,,,,,,,,,,,,,,,,,,,,,,,,,,6,0.0431999999999999,0.078590909090909,Minnesota Vikings,Miami Dolphins,0,0,1,0,1,0,0,0,1,0,1,0,0,2.5,3.0,,,961.8945391387288,0.9702821751243312,0.6250889619598685,0.0034056027271853,0.0142148623972062,0.0911534440222757,8.41609553309216,0.1491033931476655,5.14512833589295,9.47644885310334e-05,0.0001550101254147,0.0087494992336975,0.0053489526414193,0.0055039627668341,13.561223868985108,0.2402568371699412,,,992.0,221.0,0.6206,0.3794,0.4725,0.5271,0.3458,0.6528,Minnesota Vikings,Miami Dolphins,Miami Dolphins,Miami Dolphins,Miami Dolphins,Same,Same,Same,False,False,0.0002497746139457,0.0140984518751168,0.0034056027271853,0.0142148623972062,0.0002497746139457,0.0140984518751168,0.0044870299805965,0.0137204492229519,0.6004202597461488,0.9614147039005554,1.8144048698862656,1.0286469185442646,1.2255653079439732,0.49970933580138266,1.5705170407193803,0.9431183937399836,1.2282676239166952,0.8545580341307163
2022_06_CIN_NO,2022,6,2022-10-16,13:00,Cincinnati Bengals,New Orleans Saints,Home,Joe Burrow,Andy Dalton,00-0036442,00-0027973,7,7,0,0,3,0,Caesars Superdome,29.9507,-90.0813,America/Chicago,False,True,6,6,Sunday,False,False,0,False,False,0,3,0,AFC North,Paycor Stadium,39.0955,-84.5165,America/New_York,NFC South,Caesars Superdome,29.9507,-90.0813,America/Chicago,Baltimore Ravens,Seattle Seahawks,M&T Bank Stadium,Caesars Superdome,Atlanta Falcons,Arizona Cardinals,Paycor Stadium,State Farm Stadium,706,0,-706,706,1.0,0.0,America/New_York,America/Chicago,1.0,0.0,1.0,0.0,1.0,0,1.31,-6.145,1.31,-6.145,Cincinnati Bengals,7.455,Cincinnati Bengals,7.455,1.31,-6.145,Cincinnati Bengals,7.455,0.0,0,No,No,No,No,No,0,No,0.0,0.0,2.648,-1.222,1.798,-5.573499999999999,1.798,-5.573499999999999,0.488,0.5715,3.136,-0.6505,Cincinnati Bengals,7.371499999999999,Cincinnati Bengals,7.371499999999999,1.798,-5.573499999999999,Cincinnati Bengals,7.371499999999999,Tie,0.0,Cincinnati Bengals,3.87,1.324,-0.611,Cincinnati Bengals,1.935,New Orleans Saints,0.0834999999999999,Cincinnati Bengals,3.7865,1.812,-0.0394999999999999,Cincinnati Bengals,1.8515,Different,Same,Different,Same,Different,Same,False,Home Team,Away Team,42.5,148.0,-164.0,Cincinnati Bengals,New Orleans Saints,3.0,-3.0,-110,-110,171,-211,-0.0834999999999999,0.0834999999999999,3.7865,-3.7865,0.6212,0.4032,0.5238,0.5238,0.6785,0.369,0.6064,0.3936,0.5,0.5,0.6477,0.3523,0.6064,0.3936,0.1064,-0.1064,,,22,0.0,70.0,0.0,Dome,True,J.Browning,S.Rattler,-1.07,-3.0,13.59,184.76,Med-High,-10.0,9.0,42.29,42.0,12.377682191884258,27.0,58.0,0.5356,0.4632,0.0904,0.0816,0.5706,0.3826,0.4792,0.5208,6,2022-10-16,Cincinnati Bengals @ New Orleans Saints,0.4454,0.5543,125,-124,,,,,,,,No Bet,,No Bet,,No Bet,,No Bet,,No Bet,,No Bet,,No Bet,,No Bet,,No Bet,,,,,,,,,,,,,,,,,,,,,,,,,,,,,6,0.1315299999999999,-0.0483090909090909,Cincinnati Bengals,New Orleans Saints,1,1,0,0,1,0,0,1,1,1,1,1,0,3.5,1.5,,,961.8945391387288,0.8035357226531332,0.5302318347902032,0.0032907099923287,0.0082807663316563,0.0722040638992721,4.091888861707825,0.111241220397659,2.655948970923812,7.506442854319865e-05,0.000115648042349,0.0042539890759455,0.0027611644134105,0.0028768124557596,6.747837832631637,0.1834452842969311,,,992.0,221.0,0.6064,0.3936,0.6068,0.393,0.6586,0.3406,Cincinnati Bengals,Cincinnati Bengals,Cincinnati Bengals,New Orleans Saints,Cincinnati Bengals,Same,Different,Same,False,False,0.0001907124708922,0.0070151534893561,0.0032907099923287,0.0082807663316563,0.0001907124708922,0.0070151534893561,0.0043349439433055,0.0083335789866054,0.6184020416708915,0.943432921975812,1.437704435768159,1.4053473526623743,0.6124271235726322,1.112847520172725,1.3579196181362483,1.1557158163231147,0.9356120178783801,1.1472136401690305
2022_06_BAL_NYG,2022,6,2022-10-16,13:00,Baltimore Ravens,New York Giants,Home,Lamar Jackson,Daniel Jones,00-0034796,00-0035710,7,7,0,0,-3,-1,MetLife Stadium,40.8136,-74.0744,America/New_York,False,False,6,6,Sunday,False,False,0,False,False,0,-3,-1,AFC North,M&T Bank Stadium,39.2789,-76.6228,America/New_York,NFC East,MetLife Stadium,40.8136,-74.0744,America/New_York,Cincinnati Bengals,Green Bay Packers,M&T Bank Stadium,Lambeau Field,Cleveland Browns,Jacksonville Jaguars,M&T Bank Stadium,TIAA Bank Field,171,0,-171,171,0.0,0.0,America/New_York,America/Chicago,0.0,-1.0,0.0,0.0,0.0,0,6.69,-2.84,6.69,-2.84,Baltimore Ravens,9.53,Baltimore Ravens,9.53,6.69,-2.84,Baltimore Ravens,9.53,0.0,0,No,No,No,No,No,0,No,0.0,0.0,3.864,-5.233,6.43,-2.9375,6.43,-2.9375,-0.26,-0.0975,3.604,-5.3305,Baltimore Ravens,9.3675,Baltimore Ravens,9.3675,6.43,-2.9375,Baltimore Ravens,9.3675,Tie,0.0,Baltimore Ravens,9.097,1.932,-2.6165,Baltimore Ravens,4.5485,New York Giants,0.1625,Baltimore Ravens,8.9345,1.6720000000000002,-2.714,Baltimore Ravens,4.386,Different,Same,Different,Same,Different,Same,False,Home Team,Away Team,46.0,206.0,-234.0,Baltimore Ravens,New York Giants,5.5,-5.5,-110,-110,314,-416,-0.1625,0.1625,8.9345,-8.9345,0.7006,0.3268,0.5238,0.5238,0.8062,0.2415,0.6819,0.3181,0.5,0.5,0.7695,0.2305,0.6819,0.3181,0.1819,-0.1819,,,23,12.0,62.0,0.0,Historical Avg,False,C.Rush,J.Dart,7.09,8.0,13.51,182.58,Med-High,-3.0,17.0,45.02,45.0,12.267193940320414,29.0,61.0,0.3,0.6988,0.0726,0.0728,0.4146,0.5854,0.4376,0.5256,6,2022-10-16,Baltimore Ravens @ New York Giants,0.3372,0.6626,197,-196,,,,,,,,No Bet,,No Bet,,No Bet,,No Bet,,No Bet,,No Bet,,No Bet,,No Bet,,No Bet,,,,,,,,,,,,,,,,,,,,,,,,,,,,,6,0.0628545454545454,-0.0948818181818181,Baltimore Ravens,New York Giants,1,1,0,0,1,0,0,1,1,1,1,1,0,3.0,1.0,,,961.8945391387288,0.9844325005279788,0.3685797467300752,0.0034201483978016,0.0214725848849404,0.0810974199146612,19.25444962303404,0.1738457423445693,8.982021447554082,8.43100949375127e-05,0.0001807326429987,0.0200172148188659,0.0093378443083755,0.0095185769513742,28.23647107058812,0.2549431622592306,,,992.0,221.0,0.6819,0.3181,0.6426,0.3571,0.66,0.3386,Baltimore Ravens,Baltimore Ravens,Baltimore Ravens,Baltimore Ravens,Baltimore Ravens,Same,Same,Same,False,False,0.0002650427379362,0.0293550591272415,0.0034201483978016,0.0214725848849404,0.0002650427379362,0.0293550591272415,0.0045015161866566,0.0162735086208341,0.5090406532188572,1.0527943104278483,1.4795234908736958,1.363528297556838,0.4110326627953034,1.3142419809500507,0.7909223152270911,1.7227131192322738,0.7288264839389503,1.353999174108457
2022_06_TB_PIT,2022,6,2022-10-16,13:00,Tampa Bay Buccaneers,Pittsburgh Steelers,Home,Tom Brady,Kenny Pickett,00-0019596,00-0038102,7,7,0,0,0,3,Acrisure Stadium,40.4468,-80.0158,America/New_York,False,False,6,6,Sunday,False,False,0,False,False,0,0,3,NFC South,Raymond James Stadium,27.9759,-82.5033,America/New_York,AFC North,Acrisure Stadium,40.4468,-80.0158,America/New_York,Atlanta Falcons,Buffalo Bills,Raymond James Stadium,Highmark Stadium,Carolina Panthers,Miami Dolphins,Bank of America Stadium,Hard Rock Stadium,873,0,-873,873,0.0,0.0,America/New_York,America/New_York,0.0,0.0,0.0,0.0,0.0,0,1.025,-0.565,1.025,-0.565,Tampa Bay Buccaneers,1.59,Tampa Bay Buccaneers,1.59,1.025,-0.565,Tampa Bay Buccaneers,1.59,0.0,0,No,No,No,No,No,0,No,0.0,0.0,3.401,-2.946,2.0315,-0.0739999999999999,2.0315,-0.0739999999999999,1.0065,0.491,4.4075,-2.455,Tampa Bay Buccaneers,2.1055,Tampa Bay Buccaneers,2.1055,2.0315,-0.0739999999999999,Tampa Bay Buccaneers,2.1055,Tie,0.0,Tampa Bay Buccaneers,6.347,1.7005,-1.473,Tampa Bay Buccaneers,3.1735,Tampa Bay Buccaneers,0.5154999999999998,Tampa Bay Buccaneers,6.8625,2.707,-0.982,Tampa Bay Buccaneers,3.689,Different,Same,Same,Same,Different,Same,False,Away Team,Away Team,47.0,323.0,-386.0,Tampa Bay Buccaneers,Pittsburgh Steelers,10.0,-10.0,-104,-116,249,-319,0.5154999999999998,-0.5154999999999998,6.8625,-6.8625,0.7942,0.2364,0.537,0.5098,0.7613,0.2865,0.7706,0.2294,0.513,0.487,0.7266,0.2734,0.7706,0.2294,0.2706,-0.2706,,,24,12.0,58.0,0.0,Historical Avg,False,B.Mayfield,A.Rodgers,-7.59,-8.0,12.8,163.92,Med-Low,-17.0,2.0,47.26,47.0,13.211464574347533,30.0,64.0,0.729,0.2702,0.0826,0.0896,0.9,0.0796,0.4702,0.4872,6,2022-10-16,Tampa Bay Buccaneers @ Pittsburgh Steelers,0.4297,0.5701,133,-133,,,,,,,,No Bet,,No Bet,,No Bet,,No Bet,,No Bet,,No Bet,,No Bet,,No Bet,,No Bet,,,,,,,,,,,,,,,,,,,,,,,,,,,,,6,0.0670181818181818,-0.0540818181818181,Tampa Bay Buccaneers,Pittsburgh Steelers,0,0,0,1,0,1,0,0,0,1,0,1,0,3.0,1.5,,,961.8945391387288,0.9999804116723396,0.8064646200077171,0.0034031039812206,0.2523436183997358,0.0359102895487679,163.48749250002896,0.1206297695129928,48.66860988775844,3.7332875993787885e-05,0.0001254085189224,0.1699640509929645,0.050596617308313,0.0507220258272355,212.1561023877874,0.1565400590617607,,,992.0,221.0,0.7706,0.2294,0.5364,0.4634,0.2394,0.7596,Tampa Bay Buccaneers,Pittsburgh Steelers,Tampa Bay Buccaneers,Pittsburgh Steelers,Tampa Bay Buccaneers,Same,Same,Same,False,False,0.0001627413949162,0.2205606683012775,0.0034031039812206,0.2523436183997358,0.0001627413949162,0.2205606683012775,0.0045362037592461,0.2774956039441312,0.5132574839758843,1.0485774796708205,1.9190755876682979,0.9239762007622366,0.6819469922160123,1.0433276515293446,2.0949140297355524,0.4187214047238143,1.2115449349779774,0.8712807230694337
2022_06_CAR_LA,2022,6,2022-10-16,16:05,Carolina Panthers,Los Angeles Rams,Home,Phillip Walker,Matthew Stafford,00-0033275,00-0026498,7,7,0,0,1,2,SoFi Stadium,33.9535,-118.3395,America/Los_Angeles,False,False,6,6,Sunday,False,False,0,False,False,0,1,2,NFC South,Bank of America Stadium,35.2258,-80.8528,America/New_York,NFC West,SoFi Stadium,33.9535,-118.3395,America/Los_Angeles,San Francisco 49ers,Dallas Cowboys,Bank of America Stadium,SoFi Stadium,Tampa Bay Buccaneers,San Francisco 49ers,Bank of America Stadium,SoFi Stadium,2120,0,-2120,2120,3.0,0.0,America/New_York,America/Los_Angeles,3.0,0.0,3.0,0.0,3.0,0,-5.25,1.29,-5.25,1.29,Los Angeles Rams,6.54,Los Angeles Rams,6.54,-5.25,1.29,Los Angeles Rams,6.54,-0.2249999999999999,0,No,No,No,No,No,0,No,0.0,0.0,-3.675,6.103,-4.593500000000001,0.9065,-4.593500000000001,0.9065,0.6565000000000001,-0.3834999999999999,-3.0185,5.719499999999999,Los Angeles Rams,5.500000000000001,Los Angeles Rams,5.500000000000001,-4.593500000000001,0.9065,Los Angeles Rams,5.500000000000001,Tie,0.0,Los Angeles Rams,9.778,-1.8375,3.0515,Los Angeles Rams,4.888999999999999,Carolina Panthers,1.04,Los Angeles Rams,8.738,-1.181,2.668,Los Angeles Rams,3.849,Different,Same,Different,Same,Different,Same,False,Away Team,Home Team,41.5,-413.0,343.0,Los Angeles Rams,Carolina Panthers,-10.0,10.0,101,-122,-397,302,1.04,-1.04,-8.738,8.738,0.2257,0.8051,0.5495,0.4975,0.2488,0.7988,0.219,0.781,0.5248,0.4752,0.2375,0.7625,0.219,0.781,-0.281,0.281,,,25,0.0,70.0,0.0,Dome,True,B.Young,M.Stafford,-5.04,-6.0,13.51,182.47,Med-High,-14.0,5.0,46.08,45.0,13.026131581586151,30.0,63.0,0.6414,0.358,0.0812,0.0796,0.3514,0.6052,0.6232,0.3768,6,2022-10-16,Carolina Panthers @ Los Angeles Rams,0.665,0.3348,-199,199,,,,,,,,No Bet,,No Bet,,No Bet,,No Bet,,No Bet,,No Bet,,No Bet,,No Bet,,No Bet,,,,,,,,,,,,,,,,,,,,,,,,,,,,,6,-0.1398,-0.1458727272727272,Los Angeles Rams,Carolina Panthers,0,0,1,1,0,0,1,0,1,1,1,0,0,0.5,0.5,,,961.8945391387288,0.8203997265364217,0.9999733043963472,0.3589882997397841,0.0034737805799461,277.9749471180186,0.0716163895614521,77.94688017777983,0.2553990878881009,0.2889869271603462,0.0810347465404811,7.44534734811747e-05,0.000265516725063,0.0813002632655441,0.327015477449553,355.9218272957984,,,992.0,221.0,0.219,0.781,0.3332,0.6666,0.3414,0.6582,Los Angeles Rams,Los Angeles Rams,Los Angeles Rams,Los Angeles Rams,Los Angeles Rams,Same,Same,Same,False,False,0.3700216737008273,0.0003399701985441,0.3589882997397841,0.0034737805799461,0.3700216737008273,0.0003399701985441,0.3607409650704146,0.0045435259497574,1.0043484697193765,0.557486493927328,0.7313506046571332,2.1117011837734005,1.0358467614524278,0.6894278822929292,1.0237686798837873,1.4898667545755746,0.958743909105403,1.124081748942006
2022_06_ARI_SEA,2022,6,2022-10-16,16:05,Arizona Cardinals,Seattle Seahawks,Home,Kyler Murray,Geno Smith,00-0035228,00-0030565,7,7,0,0,0,-1,Lumen Field,47.5952,-122.3316,America/Los_Angeles,False,False,6,6,Sunday,False,False,0,False,False,0,0,-1,NFC West,State Farm Stadium,33.5277,-112.262608,America/Denver,NFC West,Lumen Field,47.5952,-122.3316,America/Los_Angeles,Philadelphia Eagles,New Orleans Saints,State Farm Stadium,Caesars Superdome,New Orleans Saints,Los Angeles Chargers,State Farm Stadium,SoFi Stadium,1103,0,-1103,1103,1.0,0.0,America/Denver,America/Chicago,1.0,2.0,1.0,0.0,1.0,0,0.075,-0.13,0.075,-0.13,Arizona Cardinals,0.205,Arizona Cardinals,0.205,0.075,-0.13,Arizona Cardinals,0.205,0.0,0,No,No,No,No,No,1,No,0.0,0.0,-2.282,-1.539,1.685385,-0.236885,1.685385,-0.236885,1.6124349999999998,-0.108935,-0.6621349999999999,-1.655365,Arizona Cardinals,1.92227,Arizona Cardinals,1.92227,1.685385,-0.236885,Arizona Cardinals,1.92227,Tie,0.0,Seattle Seahawks,0.7430000000000001,-1.141,-0.7695,Seattle Seahawks,0.3715,Arizona Cardinals,1.7213699999999998,Arizona Cardinals,0.99323,0.4751499999999999,-0.88215,Arizona Cardinals,1.3573,Different,Different,Same,Same,Different,Different,False,Away Team,Away Team,50.0,123.0,-136.0,Arizona Cardinals,Seattle Seahawks,2.5,-2.5,105,-128,101,-122,1.7213699999999998,-1.7213699999999998,0.99323,-0.99323,0.5763,0.4484,0.5614,0.4878,0.5495,0.4975,0.5624,0.4376,0.5351,0.4649,0.5248,0.4752,0.5624,0.4376,0.0624,-0.0624,,,26,10.0,55.0,0.0,Historical Avg,False,K.Murray,S.Darnold,-0.5,-1.0,14.71,216.47,High,-11.0,10.0,51.12,50.0,13.511740901469274,35.0,69.0,0.5078,0.4912,0.077,0.072,0.5424,0.4576,0.4906,0.4782,6,2022-10-16,Arizona Cardinals @ Seattle Seahawks,0.4714,0.5284,112,-112,,,,,,,,No Bet,,No Bet,,No Bet,,No Bet,,No Bet,,No Bet,,No Bet,,No Bet,,No Bet,,,,,,,,,,,,,,,,,,,,,,,,,,,,,6,-0.1293909090909091,0.0084727272727272,Arizona Cardinals,Seattle Seahawks,0,0,1,0,0,0,0,1,1,0,0,1,1,0.5,2.0,,,961.8945391387288,0.9991326518891316,0.9950747879670117,0.0039690547600019,0.0225923100557596,0.2872677727462407,7.934583456044922,0.3691942307872161,6.173850854134527,0.0002986478881598,0.0003838198635765,0.0082489120513663,0.0064184280115183,0.0068022478750948,14.108434310179447,0.6564620035334569,,,992.0,221.0,0.5624,0.4376,0.5198,0.4802,0.4318,0.568,Arizona Cardinals,Seattle Seahawks,Arizona Cardinals,Seattle Seahawks,Arizona Cardinals,Same,Same,Same,False,False,0.0006824677517363,0.0146673400628846,0.0039690547600019,0.0225923100557596,0.0006824677517363,0.0146673400628846,0.0051453360711611,0.0270974430450774,0.6975789606408145,0.8642560030058906,1.3817642207801488,1.4612875676503863,0.8385622972986725,0.8867123464466841,1.319728905606071,1.193906528853296,1.0115785891802263,1.0712470688671851
2022_06_BUF_KC,2022,6,2022-10-16,16:25,Buffalo Bills,Kansas City Chiefs,Home,Josh Allen,Patrick Mahomes,00-0034857,00-0033873,7,6,1,-1,3,2,GEHA Field at Arrowhead Stadium,39.0489,-94.4839,America/Chicago,False,False,6,6,Sunday,False,False,0,False,False,0,3,2,AFC East,Highmark Stadium,42.7725,-78.7877,America/New_York,AFC West,GEHA Field at Arrowhead Stadium,39.0489,-94.4839,America/Chicago,Pittsburgh Steelers,Las Vegas Raiders,Highmark Stadium,GEHA Field at Arrowhead Stadium,Green Bay Packers,San Francisco 49ers,Highmark Stadium,Levi's Stadium,857,0,-857,857,1.0,0.0,America/New_York,America/Chicago,1.0,0.0,1.0,0.0,1.0,0,4.795,4.395,4.795,4.395,Buffalo Bills,0.4000000000000003,Buffalo Bills,0.4000000000000003,4.795,4.395,Buffalo Bills,0.4000000000000003,0.0,0,No,No,No,No,No,0,Yes,0.0,0.0,11.21,8.203,4.713500000000001,4.345499999999999,4.713500000000001,4.345499999999999,-0.0814999999999999,-0.0495,11.1285,8.1535,Buffalo Bills,0.3680000000000021,Buffalo Bills,0.3680000000000021,4.713500000000001,4.345499999999999,Buffalo Bills,0.3680000000000021,Tie,0.0,Buffalo Bills,3.007000000000001,5.605,4.1015,Buffalo Bills,1.5035000000000007,Kansas City Chiefs,0.0319999999999999,Buffalo Bills,2.975,5.523499999999999,4.052,Buffalo Bills,1.4714999999999998,Different,Same,Different,Same,Different,Same,False,Home Team,Away Team,54.0,132.0,-146.0,Buffalo Bills,Kansas City Chiefs,2.5,-2.5,-110,-110,135,-164,-0.0319999999999999,0.0319999999999999,2.975,-2.975,0.5935,0.431,0.5238,0.5238,0.6212,0.4255,0.5793,0.4207,0.5,0.5,0.5935,0.4065,0.5793,0.4207,0.0793,-0.0793,,,27,10.0,60.0,0.0,Historical Avg,False,J.Allen,P.Mahomes,-3.77,-5.0,14.31,204.73,High,-13.0,7.0,59.52,59.0,14.721888756600237,41.0,79.0,0.6078,0.3918,0.0904,0.0716,0.6402,0.3598,0.6148,0.359,6,2022-10-16,Buffalo Bills @ Kansas City Chiefs,0.4838,0.5162,107,-107,,,,,,,,No Bet,,No Bet,,No Bet,,No Bet,,No Bet,,No Bet,,No Bet,,No Bet,,No Bet,,,,,,,,,,,,,,,,,,,,,,,,,,,,,6,0.2512299999999999,0.2543272727272727,Buffalo Bills,Kansas City Chiefs,1,1,0,0,1,1,0,0,1,1,1,1,0,5.0,5.0,,,961.8945391387288,0.8755828246530488,0.5601849694475365,0.0033933529874235,0.0076303942521719,0.1011940485063168,1.948493046902101,0.1393432666976689,1.4150371566230169,0.0001052028516524,0.0001448633514672,0.0020256826165649,0.0014710938663712,0.0016159572178385,3.3635302035251176,0.2405373152039857,,,992.0,221.0,0.5793,0.4207,0.4943,0.5056,0.3978,0.6016,Buffalo Bills,Kansas City Chiefs,Kansas City Chiefs,Kansas City Chiefs,Buffalo Bills,Same,Same,Different,False,False,0.0002500662031196,0.0034967764829362,0.0033933529874235,0.0076303942521719,0.0002500662031196,0.0034967764829362,0.004466782180283,0.0094214218632424,0.6602369883883679,0.9015979752583368,1.4352661296244829,1.4077856588060516,0.7054549788474801,1.019819664897877,1.5372128913143102,0.9764225431450542,1.014458297358151,1.0683673606892594
2022_06_DAL_PHI,2022,6,2022-10-16,20:20,Dallas Cowboys,Philadelphia Eagles,Home,Cooper Rush,Jalen Hurts,00-0033662,00-0036389,7,7,0,0,0,-1,Lincoln Financial Field,39.9008,-75.1675,America/New_York,False,True,6,6,Sunday,False,False,0,False,False,0,0,-1,NFC East,AT&T Stadium,32.7369,-97.0826,America/Chicago,NFC East,Lincoln Financial Field,39.9008,-75.1675,America/New_York,Los Angeles Rams,Arizona Cardinals,SoFi Stadium,State Farm Stadium,Detroit Lions,Pittsburgh Steelers,AT&T Stadium,Lincoln Financial Field,1311,0,-1311,1311,-1.0,0.0,America/Los_Angeles,America/Denver,-3.0,-2.0,-1.0,0.0,-1.0,0,-0.615,4.905,-0.615,4.905,Philadelphia Eagles,5.5200000000000005,Philadelphia Eagles,5.5200000000000005,-0.615,4.905,Philadelphia Eagles,5.5200000000000005,0.0,0,No,No,No,No,No,1,No,0.0,0.0,2.647,3.065,1.02763,5.6953700000000005,1.02763,5.6953700000000005,1.58743,0.8455699999999999,4.23861,3.90639,Philadelphia Eagles,4.66774,Philadelphia Eagles,4.66774,1.02763,5.6953700000000005,Philadelphia Eagles,4.66774,Tie,0.0,Philadelphia Eagles,0.4180000000000001,1.3235,1.5325,Philadelphia Eagles,0.209,Dallas Cowboys,0.74186,Dallas Cowboys,0.3322199999999995,2.9130199999999995,2.37598,Dallas Cowboys,0.5370399999999993,Different,Different,Different,Different,Different,Different,False,Away Team,Away Team,42.5,-292.0,252.0,Philadelphia Eagles,Dallas Cowboys,-6.5,6.5,-104,-116,-104,-116,0.74186,-0.74186,0.3322199999999995,-0.3322199999999995,0.2841,0.7449,0.537,0.5098,0.537,0.5098,0.2761,0.7239,0.513,0.487,0.513,0.487,0.2761,0.7239,-0.2239,0.2239,,,28,12.0,64.0,0.0,Historical Avg,False,D.Prescott,J.Hurts,-6.77,-7.0,14.86,220.85,High,-17.0,4.0,57.9,57.0,14.266897957000433,40.0,77.0,0.683,0.3168,0.077,0.0714,0.538,0.462,0.866,0.134,6,2022-10-16,Dallas Cowboys @ Philadelphia Eagles,0.5952,0.4047,-147,147,,,,,,,,No Bet,,No Bet,,No Bet,,No Bet,,No Bet,,No Bet,,No Bet,,No Bet,,No Bet,,,,,,,,,,,,,,,,,,,,,,,,,,,,,6,0.234,0.2247545454545454,Philadelphia Eagles,Dallas Cowboys,1,1,0,0,1,0,0,1,1,1,1,1,1,5.0,4.5,,,961.8945391387288,0.657921433211401,0.9729698292361344,0.1095601600215689,0.0034508820553987,69.35126990069732,0.0571478085316494,26.45100928247345,0.1498344751758819,0.0720986210845877,0.0274988662542542,5.941171948311405e-05,0.0001557701692641,0.0276546364235183,0.2069822837075314,95.80227918317075,,,992.0,221.0,0.2761,0.7239,0.466,0.5339,0.3482,0.6514,Philadelphia Eagles,Philadelphia Eagles,Philadelphia Eagles,Philadelphia Eagles,Philadelphia Eagles,Same,Same,Same,False,False,0.0995974873388419,0.0002151818887472,0.1095601600215689,0.0034508820553987,0.0995974873388419,0.0002151818887472,0.1176006119144497,0.004582385323208,1.0602903458841624,0.5015446177625442,1.0975088737552423,1.7455429146752877,0.7414658947062851,0.9838087490390732,1.4920326612587762,1.0216027732006,1.0812617819464805,1.0015638761009307
2022_06_DEN_LAC,2022,6,2022-10-17,20:15,Denver Broncos,Los Angeles Chargers,Home,Russell Wilson,Justin Herbert,00-0029263,00-0036355,11,8,3,-3,2,0,SoFi Stadium,33.9535,-118.3395,America/Los_Angeles,False,False,6,6,Monday,False,False,0,False,False,0,2,0,AFC West,Empower Field at Mile High,39.7648,-105.0076,America/Denver,AFC West,SoFi Stadium,33.9535,-118.3395,America/Los_Angeles,Indianapolis Colts,Cleveland Browns,Empower Field at Mile High,FirstEnergy Stadium,New York Jets,Seattle Seahawks,Empower Field at Mile High,SoFi Stadium,837,0,-837,837,1.0,0.0,America/Denver,America/New_York,1.0,3.0,1.0,0.0,1.0,0,2.05,0.935,2.05,0.935,Denver Broncos,1.1149999999999998,Denver Broncos,1.1149999999999998,2.05,0.935,Denver Broncos,1.1149999999999998,0.0,0,No,No,No,No,No,1,No,0.0,0.0,-3.234,0.998,2.28081,-0.5798099999999998,2.28081,-0.5798099999999998,0.24196,-1.52596,-2.94972,-0.5702799999999999,Denver Broncos,2.86062,Denver Broncos,2.86062,2.28081,-0.5798099999999998,Denver Broncos,2.86062,Tie,0.0,Los Angeles Chargers,4.232,-1.617,0.499,Los Angeles Chargers,2.116,Denver Broncos,1.76792,Los Angeles Chargers,2.37944,-1.3538799999999998,-1.04812,Los Angeles Chargers,0.3057599999999998,Different,Different,Same,Different,Different,Same,False,Away Team,Home Team,45.5,-186.0,166.0,Los Angeles Chargers,Denver Broncos,-3.5,3.5,108,-131,-142,117,1.76792,-1.76792,-2.37944,2.37944,0.3759,0.6503,0.5671,0.4808,0.4608,0.5868,0.3663,0.6337,0.5412,0.4588,0.4399,0.5601,0.3663,0.6337,-0.1337,0.1337,,,29,0.0,70.0,0.0,Dome,True,B.Nix,J.Herbert,-4.22,-5.0,13.83,191.27,Med-High,-14.0,6.0,46.05,46.0,13.209244909161692,29.0,63.0,0.6188,0.38,0.0816,0.0824,0.5888,0.4112,0.5276,0.4724,6,2022-10-17,Denver Broncos @ Los Angeles Chargers,0.5678,0.4318,-131,132,,,,,,,,No Bet,,No Bet,,No Bet,,No Bet,,No Bet,,No Bet,,No Bet,,No Bet,,No Bet,,,,,,,,,,,,,,,,,,,,,,,,,,,,,6,-0.0487363636363636,-0.0048545454545454,Los Angeles Chargers,Denver Broncos,1,0,0,1,0,0,0,0,1,1,0,0,1,1.5,2.0,,,961.8945391387288,0.8535043744521463,0.5606029672109778,0.0407975068192759,0.0022815373220029,40.13320855710977,0.0390634410766905,23.198349841359168,0.0675798597059753,0.0417230859768105,0.0241173526799837,4.06109396479863e-05,7.02570364589924e-05,0.0241876097164427,0.1066433007826658,63.331558398468935,,,992.0,221.0,0.3663,0.6337,0.3924,0.6075,0.3766,0.6232,Los Angeles Chargers,Los Angeles Chargers,Los Angeles Chargers,Los Angeles Chargers,Los Angeles Chargers,Same,Same,Same,False,False,0.0658404386567943,0.0001108679761069,0.0407975068192759,0.0022815373220029,0.0658404386567943,0.0001108679761069,0.0256040354622071,0.0027304357290115,0.9617429634152523,0.6000920002314512,1.187142433169535,1.655909355261,0.9279954599801425,0.7972791837652162,1.4682779607607834,1.0453574736985929,1.1219114384528721,0.9609142195945394
2022_07_NO_ARI,2022,7,2022-10-20,20:15,New Orleans Saints,Arizona Cardinals,Home,Andy Dalton,Kyler Murray,00-0027973,00-0035228,4,4,0,0,0,0,State Farm Stadium,33.5277,-112.262608,America/Denver,False,False,7,7,Thursday,False,False,0,False,False,0,0,0,NFC South,Caesars Superdome,29.9507,-90.0813,America/Chicago,NFC West,State Farm Stadium,33.5277,-112.262608,America/Denver,Cincinnati Bengals,Seattle Seahawks,Caesars Superdome,Lumen Field,Las Vegas Raiders,Minnesota Vikings,Caesars Superdome,U.S. Bank Stadium,1323,0,-1323,1323,1.0,0.0,America/Chicago,America/Los_Angeles,1.0,-1.0,1.0,0.0,1.0,0,-6.145,0.075,-6.145,0.075,Arizona Cardinals,6.22,Arizona Cardinals,6.22,-6.145,0.075,Arizona Cardinals,6.22,0.0,0,No,No,No,No,No,0,No,0.0,0.0,-1.222,-2.282,-6.6415,-1.48,-6.6415,-1.48,-0.4965,-1.555,-1.7185,-3.837,Arizona Cardinals,5.1615,Arizona Cardinals,5.1615,-6.6415,-1.48,Arizona Cardinals,5.1615,Tie,0.0,New Orleans Saints,1.06,-0.611,-1.141,New Orleans Saints,0.53,New Orleans Saints,1.0585,New Orleans Saints,2.1185,-1.1075000000000002,-2.696,New Orleans Saints,1.5884999999999996,Different,Different,Different,Different,Different,Same,True,Away Team,Away Team,44.0,-140.0,126.0,Arizona Cardinals,New Orleans Saints,-2.5,2.5,101,-122,108,-131,1.0585,-1.0585,2.1185,-2.1185,0.4425,0.5833,0.5495,0.4975,0.5671,0.4808,0.4313,0.5687,0.5248,0.4752,0.5412,0.4588,0.4313,0.5687,-0.0687,0.0687,,,30,0.0,70.0,0.0,Dome,True,S.Rattler,K.Murray,1.47,3.0,13.7,187.82,Med-High,-8.0,11.0,45.33,45.0,12.727533475959762,29.0,62.0,0.4542,0.5446,0.0818,0.0806,0.4176,0.5824,0.5118,0.4634,7,2022-10-20,New Orleans Saints @ Arizona Cardinals,0.4892,0.5105,104,-104,,,,,,,,No Bet,,No Bet,,No Bet,,No Bet,,No Bet,,No Bet,,No Bet,,No Bet,,No Bet,,,,,,,,,,,,,,,,,,,,,,,,,,,,,7,-0.04627,-0.1492,Arizona Cardinals,New Orleans Saints,1,0,0,1,0,0,1,0,1,1,1,0,0,1.5,0.5,,,711.8854609391688,0.983928917048989,0.8034342961345975,0.0071830664844651,0.0031563813048776,1.8592983088376112,0.0744329843011797,1.4100850371050848,0.0981452310968721,0.0026117941872063,0.001980775159033,0.000104557528402,0.000137866604225,0.002118641763258,0.1725782153980519,3.269383345942696,,,803.0,189.0,0.4313,0.5687,0.5276,0.472,0.5446,0.4542,Arizona Cardinals,New Orleans Saints,New Orleans Saints,New Orleans Saints,New Orleans Saints,Same,Same,Same,False,False,0.0045925693462393,0.0002424241326271,0.0071830664844651,0.0031563813048776,0.0045925693462393,0.0002424241326271,0.0082709275910136,0.0043719816366042,0.8276576071357351,0.6320526750505832,1.2380516262421724,1.3915219085182073,0.7410483368075312,0.8813549376318863,0.9383056830932965,1.1417445291302832,0.9071647091539339,0.957219659467419
2022_07_CLE_BAL,2022,7,2022-10-23,13:00,Cleveland Browns,Baltimore Ravens,Home,Jacoby Brissett,Lamar Jackson,00-0033119,00-0034796,7,7,0,0,3,-3,M&T Bank Stadium,39.2789,-76.6228,America/New_York,False,False,7,7,Sunday,False,False,0,False,False,0,3,-3,AFC North,FirstEnergy Stadium,41.5061,-81.6994,America/New_York,AFC North,M&T Bank Stadium,39.2789,-76.6228,America/New_York,New England Patriots,New York Giants,FirstEnergy Stadium,MetLife Stadium,Cincinnati Bengals,Tampa Bay Buccaneers,FirstEnergy Stadium,Raymond James Stadium,308,0,-308,308,0.0,0.0,America/New_York,America/New_York,0.0,0.0,0.0,0.0,0.0,0,-4.705,6.69,-4.705,6.69,Baltimore Ravens,11.395,Baltimore Ravens,11.395,-4.705,6.69,Baltimore Ravens,11.395,0.0,0,No,No,No,No,No,1,No,0.0,0.0,1.172,3.864,-4.933,6.533,-4.933,6.533,-0.34195,-0.04305,0.8569700000000001,3.79403,Baltimore Ravens,11.466,Baltimore Ravens,11.466,-4.933,6.533,Baltimore Ravens,11.466,Tie,0.0,Baltimore Ravens,2.692,0.586,1.932,Baltimore Ravens,1.346,Baltimore Ravens,0.2988999999999999,Baltimore Ravens,2.93706,0.25751,1.87549,Baltimore Ravens,1.6179799999999998,Different,Same,Same,Same,Different,Same,False,Home Team,Home Team,46.0,-282.0,244.0,Baltimore Ravens,Cleveland Browns,-6.5,6.5,-116,-104,-164,135,-0.2988999999999999,0.2988999999999999,-2.93706,2.93706,0.2907,0.7382,0.5098,0.537,0.4255,0.6212,0.2825,0.7175,0.487,0.513,0.4065,0.5935,0.2825,0.7175,-0.2175,0.2175,,,31,10.0,60.0,0.0,Historical Avg,False,D.Gabriel,C.Rush,-4.78,-6.0,13.83,191.37,Med-High,-15.0,6.0,43.84,43.0,12.591562148020614,28.90000000000004,60.10000000000037,0.6298,0.3688,0.078,0.0732,0.4852,0.5148,0.3956,0.5732,7,2022-10-23,Cleveland Browns @ Baltimore Ravens,0.6135,0.3862,-159,159,,,,,,,,No Bet,,No Bet,,No Bet,,No Bet,,No Bet,,No Bet,,No Bet,,No Bet,,No Bet,,,,,,,,,,,,,,,,,,,,,,,,,,,,,7,-0.0382699999999999,0.0473899999999999,Baltimore Ravens,Cleveland Browns,0,1,1,0,1,1,0,0,1,1,1,1,1,2.0,2.5,,,711.8854609391688,0.3415326293502201,0.8725166352031778,0.0243260053930889,0.0029101827182862,14.048807781070655,0.0115940889729541,5.531412122860571,0.029446933940158,0.0197346463046688,0.007770087221002,1.6286452820174846e-05,4.136470760522285e-05,0.0078114519286072,0.0410410229131122,19.58021990393123,,,803.0,189.0,0.2825,0.7175,0.374,0.6258,0.2836,0.7154,Baltimore Ravens,Baltimore Ravens,Baltimore Ravens,Baltimore Ravens,Baltimore Ravens,Same,Same,Same,False,False,0.0275047335256708,5.765116042539769e-05,0.0243260053930889,0.0029101827182862,0.0275047335256708,5.765116042539769e-05,0.0221818786496014,0.0040838942577491,1.0362309619284598,0.4234793202578595,1.2882303173564664,1.3413432174039182,0.9456197430287208,0.6767835314106959,1.2770014733708288,0.8030487388527581,1.1187375355697413,0.7456468330516146
2022_07_TB_CAR,2022,7,2022-10-23,13:00,Tampa Bay Buccaneers,Carolina Panthers,Home,Tom Brady,Phillip Walker,00-0019596,00-0033275,7,7,0,0,0,1,Bank of America Stadium,35.2258,-80.8528,America/New_York,False,True,7,7,Sunday,False,False,0,False,False,0,0,1,NFC South,Raymond James Stadium,27.9759,-82.5033,America/New_York,NFC South,Bank of America Stadium,35.2258,-80.8528,America/New_York,Pittsburgh Steelers,Los Angeles Rams,Acrisure Stadium,SoFi Stadium,Baltimore Ravens,Atlanta Falcons,Raymond James Stadium,Mercedes-Benz Stadium,510,0,-510,510,0.0,0.0,America/New_York,America/Los_Angeles,0.0,-3.0,0.0,0.0,0.0,0,1.025,-5.25,1.025,-5.25,Tampa Bay Buccaneers,6.275,Tampa Bay Buccaneers,6.275,1.025,-5.25,Tampa Bay Buccaneers,6.275,0.0,0,No,No,No,No,No,1,No,0.0,0.0,3.401,-3.675,1.95312,-5.72812,1.95312,-5.72812,0.99087,-0.54087,4.32111,-4.145110000000001,Tampa Bay Buccaneers,7.68124,Tampa Bay Buccaneers,7.68124,1.95312,-5.72812,Tampa Bay Buccaneers,7.68124,Tie,0.0,Tampa Bay Buccaneers,7.076,1.7005,-1.8375,Tampa Bay Buccaneers,3.538,Tampa Bay Buccaneers,1.53174,Tampa Bay Buccaneers,8.46622,2.65599,-2.3429900000000004,Tampa Bay Buccaneers,4.99898,Different,Same,Same,Same,Different,Same,False,Away Team,Away Team,39.5,524.0,-680.0,Tampa Bay Buccaneers,Carolina Panthers,13.0,-13.0,105,-128,302,-397,1.53174,-1.53174,8.46622,-8.46622,0.8718,0.1603,0.5614,0.4878,0.7988,0.2488,0.8447,0.1553,0.5351,0.4649,0.7625,0.2375,0.8447,0.1553,0.3447,-0.3447,,,32,6.0,68.0,0.0,Historical Avg,False,B.Mayfield,B.Young,1.29,2.0,13.26,175.75,Medium,-8.0,10.0,42.68,42.0,12.713998061559623,27.0,60.0,0.4616,0.5376,0.0954,0.0874,0.7886,0.1822,0.5804,0.4196,7,2022-10-23,Tampa Bay Buccaneers @ Carolina Panthers,0.3298,0.67,203,-203,,,,,,,,No Bet,,No Bet,,No Bet,,No Bet,,No Bet,,No Bet,,No Bet,,No Bet,,No Bet,,,,,,,,,,,,,,,,,,,,,,,,,,,,,7,0.03925,-0.11931,Tampa Bay Buccaneers,Carolina Panthers,0,0,0,1,0,0,0,1,0,1,0,1,1,2.5,1.0,,,711.8854609391688,0.999872703395918,0.5768104109101679,0.0031973519780167,0.2658158773611661,0.0150634681695213,175.84251445881463,0.0819324633792315,32.32904285006974,2.115996040942956e-05,0.0001150921993422,0.2470095599744809,0.0454132646667892,0.0455283568661314,208.1715573088844,0.0969959315487528,,,803.0,189.0,0.8447,0.1553,0.676,0.3238,0.572,0.427,Tampa Bay Buccaneers,Tampa Bay Buccaneers,Tampa Bay Buccaneers,Tampa Bay Buccaneers,Tampa Bay Buccaneers,Same,Same,Same,False,False,0.0001362521597516,0.2924228246412702,0.0031973519780167,0.2658158773611661,0.0001362521597516,0.2924228246412702,0.0045037237075319,0.253544688504512,0.33833099571230085,1.1213792864740169,1.7191282846356342,0.9104452501247489,0.5635992703120262,1.058804004127391,1.2787497891731223,0.8013004230504621,0.8808671669141439,0.9835172017072107
2022_07_ATL_CIN,2022,7,2022-10-23,13:00,Atlanta Falcons,Cincinnati Bengals,Home,Marcus Mariota,Joe Burrow,00-0032268,00-0036442,7,7,0,0,-6,3,Paycor Stadium,39.0955,-84.5165,America/New_York,False,False,7,7,Sunday,False,False,0,False,False,0,-6,3,NFC South,Mercedes-Benz Stadium,33.7489,-84.388,America/New_York,AFC North,Paycor Stadium,39.0955,-84.5165,America/New_York,San Francisco 49ers,New Orleans Saints,Mercedes-Benz Stadium,Caesars Superdome,Carolina Panthers,Cleveland Browns,Mercedes-Benz Stadium,FirstEnergy Stadium,369,0,-369,369,0.0,0.0,America/New_York,America/Chicago,0.0,-1.0,0.0,0.0,0.0,0,-0.71,1.31,-0.71,1.31,Cincinnati Bengals,2.02,Cincinnati Bengals,2.02,-0.71,1.31,Cincinnati Bengals,2.02,0.0,0,No,No,No,No,No,0,No,0.0,0.0,-6.453,2.648,-1.204,1.197,-1.204,1.197,-0.494,-0.1129999999999999,-6.947,2.535,Cincinnati Bengals,2.401,Cincinnati Bengals,2.401,-1.204,1.197,Cincinnati Bengals,2.401,Tie,0.0,Cincinnati Bengals,9.101,-3.2265,1.324,Cincinnati Bengals,4.5505,Cincinnati Bengals,0.381,Cincinnati Bengals,9.482,-3.7205,1.211,Cincinnati Bengals,4.9315,Different,Same,Same,Same,Different,Same,False,Home Team,Home Team,47.5,-271.0,235.0,Cincinnati Bengals,Atlanta Falcons,-6.5,6.5,-116,-104,-436,327,-0.381,0.381,-9.482,9.482,0.2985,0.7305,0.5098,0.537,0.2342,0.8134,0.2901,0.7099,0.487,0.513,0.2235,0.7765,0.2901,0.7099,-0.2099,0.2099,,,33,10.0,62.0,0.0,Historical Avg,False,M.Penix,J.Browning,-2.82,-4.0,13.76,189.28,Med-High,-13.0,7.0,44.17,43.0,12.488630998666114,29.0,60.0,0.5874,0.4118,0.0922,0.0874,0.4244,0.5756,0.3752,0.6248,7,2022-10-23,Atlanta Falcons @ Cincinnati Bengals,0.6467,0.3531,-183,183,,,,,,,,No Bet,,No Bet,,No Bet,,No Bet,,No Bet,,No Bet,,No Bet,,No Bet,,No Bet,,,,,,,,,,,,,,,,,,,,,,,,,,,,,7,0.00543,0.1228222222222222,Cincinnati Bengals,Atlanta Falcons,1,1,0,0,0,1,1,0,1,1,1,1,0,2.0,3.5,,,711.8854609391688,0.524483875200876,0.9859173634951628,0.0315078321109066,0.0031724234572638,15.143939312632648,0.0396018103466514,6.188557253972013,0.0969090836438741,0.0212729998624409,0.0086931923652544,5.5629469232881966e-05,0.0001361301627315,0.0088293225279859,0.1365108939905256,21.33249656660466,,,803.0,189.0,0.2901,0.7099,0.3138,0.6862,0.2098,0.79,Cincinnati Bengals,Cincinnati Bengals,Cincinnati Bengals,Cincinnati Bengals,Cincinnati Bengals,Same,Same,Same,False,False,0.0299661922276953,0.0001917596319644,0.0315078321109066,0.0031724234572638,0.0299661922276953,0.0001917596319644,0.0323780077032785,0.0044291305577054,1.021240167039408,0.4384701151469134,1.2693615100948394,1.3602120246655471,1.2427493827906737,0.37965389164874586,1.176901829550081,0.9031483826735006,1.1734133876004929,0.6909709810208625
2022_07_DET_DAL,2022,7,2022-10-23,13:00,Detroit Lions,Dallas Cowboys,Home,Jared Goff,Dak Prescott,00-0033106,00-0033077,14,7,7,-7,8,-7,AT&T Stadium,32.7369,-97.0826,America/Chicago,False,False,7,7,Sunday,False,False,0,False,False,0,8,-7,NFC North,Ford Field,42.3395,-83.045,America/Detroit,NFC East,AT&T Stadium,32.7369,-97.0826,America/Chicago,New England Patriots,Philadelphia Eagles,Gillette Stadium,Lincoln Financial Field,Miami Dolphins,Chicago Bears,Ford Field,AT&T Stadium,1013,0,-1013,1013,1.0,0.0,America/New_York,America/New_York,1.0,1.0,1.0,0.0,1.0,0,4.305,-0.615,4.305,-0.615,Detroit Lions,4.92,Detroit Lions,4.92,4.305,-0.615,Detroit Lions,4.92,0.0,0,No,No,No,No,No,0,No,0.0,0.0,-6.697,2.647,4.649000000000001,-3.16,4.649000000000001,-3.16,0.344,-2.545,-6.352999999999999,0.1019999999999998,Detroit Lions,7.809000000000001,Detroit Lions,7.809000000000001,4.649000000000001,-3.16,Detroit Lions,7.809000000000001,Tie,0.0,Dallas Cowboys,9.344,-3.3485,1.3235,Dallas Cowboys,4.672,Detroit Lions,2.889,Dallas Cowboys,6.454999999999998,-3.0045,-1.2215,Dallas Cowboys,1.7829999999999993,Different,Different,Same,Different,Different,Same,False,Away Team,Home Team,49.5,-278.0,241.0,Dallas Cowboys,Detroit Lions,-7.0,7.0,135,-164,-282,224,2.889,-2.889,-6.454999999999998,6.454999999999998,0.2933,0.7354,0.6212,0.4255,0.3086,0.7382,0.2851,0.7149,0.5935,0.4065,0.2948,0.7052,0.2851,0.7149,-0.2149,0.2149,,,34,0.0,70.0,0.0,Dome,True,J.Goff,D.Prescott,-4.42,-5.0,13.98,195.56,High,-14.0,6.0,60.43,60.0,14.466153064201118,42.0,79.0,0.6286,0.3712,0.0868,0.084,0.4192,0.5324,0.771,0.229,7,2022-10-23,Detroit Lions @ Dallas Cowboys,0.6138,0.3862,-159,159,,,,,,,,No Bet,,No Bet,,No Bet,,No Bet,,No Bet,,No Bet,,No Bet,,No Bet,,No Bet,,,,,,,,,,,,,,,,,,,,,,,,,,,,,7,-0.0655181818181818,0.23591,Dallas Cowboys,Detroit Lions,0,1,1,0,1,1,0,0,1,1,1,1,0,1.5,4.5,,,711.8854609391688,0.9728895525460384,0.9925248582112516,0.0479831734458097,0.0031555110209692,25.18050396347128,0.0079790631409707,10.04191030911409,0.0200078296719747,0.0353715665582654,0.0141060758508343,1.1208352436983642e-05,2.8105405672394263e-05,0.0141341812565067,0.0279868928129454,35.22241427258537,,,803.0,189.0,0.2851,0.7149,0.3481,0.6517,0.3566,0.6426,Dallas Cowboys,Dallas Cowboys,Dallas Cowboys,Dallas Cowboys,Dallas Cowboys,Same,Same,Same,False,False,0.0494776424090997,3.931375810937791e-05,0.0479831734458097,0.0031555110209692,0.0494776424090997,3.931375810937791e-05,0.0472824872023985,0.0044948746941098,1.019743680737662,0.4399666014486556,0.9568264926571401,1.6727470421032447,1.1118628265241197,0.5105404479152992,1.2382238035006272,0.8418264087229552,1.0918240641526682,0.7725603044686878
2022_07_NYG_JAX,2022,7,2022-10-23,13:00,New York Giants,Jacksonville Jaguars,Home,Daniel Jones,Trevor Lawrence,00-0035710,00-0036971,7,7,0,0,-1,-6,TIAA Bank Field,30.3239,-81.6554,America/New_York,False,False,7,7,Sunday,False,False,0,False,False,0,-1,-6,NFC East,MetLife Stadium,40.8136,-74.0744,America/New_York,AFC South,TIAA Bank Field,30.3239,-81.6554,America/New_York,Baltimore Ravens,Indianapolis Colts,MetLife Stadium,Lucas Oil Stadium,Seattle Seahawks,Denver Broncos,Lumen Field,TIAA Bank Field,839,0,-839,839,0.0,0.0,America/New_York,America/Indiana/Indianapolis,0.0,0.0,0.0,0.0,0.0,0,-2.84,-1.825,-2.84,-1.825,Jacksonville Jaguars,1.015,Jacksonville Jaguars,1.015,-2.84,-1.825,Jacksonville Jaguars,1.015,0.0,0,No,No,No,No,No,0,No,0.0,0.0,-5.233,-2.443,-2.8425,-1.17,-2.8425,-1.17,-0.0025,0.6549999999999999,-5.235499999999999,-1.7880000000000005,Jacksonville Jaguars,1.6725,Jacksonville Jaguars,1.6725,-2.8425,-1.17,Jacksonville Jaguars,1.6725,Tie,0.0,Jacksonville Jaguars,2.79,-2.6165,-1.2215,Jacksonville Jaguars,1.3949999999999998,Jacksonville Jaguars,0.6575,Jacksonville Jaguars,3.447499999999999,-2.619,-0.5665000000000002,Jacksonville Jaguars,2.0525,Different,Same,Same,Same,Different,Same,False,Home Team,Home Team,44.0,-165.0,148.0,Jacksonville Jaguars,New York Giants,-3.0,3.0,-116,-104,-191,156,-0.6575,0.6575,-3.447499999999999,3.447499999999999,0.4032,0.6226,0.5098,0.537,0.3906,0.6564,0.3931,0.6069,0.487,0.513,0.3731,0.6269,0.3931,0.6069,-0.1069,0.1069,,,35,10.0,60.0,0.0,Historical Avg,False,J.Dart,T.Lawrence,-4.94,-6.0,13.51,182.54,Med-High,-14.0,5.0,48.3,48.0,13.104653615768632,32.0,65.0,0.635,0.3648,0.0796,0.0832,0.5572,0.4026,0.5916,0.3834,7,2022-10-23,New York Giants @ Jacksonville Jaguars,0.5954,0.4045,-147,147,,,,,,,,No Bet,,No Bet,,No Bet,,No Bet,,No Bet,,No Bet,,No Bet,,No Bet,,No Bet,,,,,,,,,,,,,,,,,,,,,,,,,,,,,7,-0.09368,-0.0427099999999999,Jacksonville Jaguars,New York Giants,1,0,0,0,0,0,1,1,1,0,1,1,0,1.0,1.5,,,711.8854609391688,0.8552057112451233,0.9843185813311914,0.0133708051086652,0.0033339548331113,2.610587584732716,0.057881188091581,1.6909243360659592,0.089361722342357,0.0036671455282829,0.0023752758397891,8.130688329442798e-05,0.0001255282306573,0.0025008040704464,0.147242910433938,4.301511920798675,,,803.0,189.0,0.3931,0.6069,0.4724,0.5272,0.5624,0.436,Jacksonville Jaguars,New York Giants,Jacksonville Jaguars,Jacksonville Jaguars,Jacksonville Jaguars,Same,Different,Same,False,False,0.006042421368072,0.0002068351139517,0.0133708051086652,0.0033339548331113,0.006042421368072,0.0002068351139517,0.017466352438237,0.0046831157433356,0.8798659778289063,0.5798443043574134,1.320198988503455,1.3093745462569313,1.0092477131081947,0.6131555613312232,1.3055664189421243,0.7744837932814592,1.098210074776508,0.7661742938448465
2022_07_IND_TEN,2022,7,2022-10-23,13:00,Indianapolis Colts,Tennessee Titans,Home,Matt Ryan,Ryan Tannehill,00-0026143,00-0029701,7,14,-7,7,-7,3,Nissan Stadium,36.1664,-86.7716,America/Chicago,False,False,7,7,Sunday,False,False,0,False,False,0,-7,3,AFC South,Lucas Oil Stadium,39.7601,-86.1638,America/Indiana/Indianapolis,AFC South,Nissan Stadium,36.1664,-86.7716,America/Chicago,Jacksonville Jaguars,Washington Commanders,Lucas Oil Stadium,FedExField,Washington Commanders,Houston Texans,Lucas Oil Stadium,NRG Stadium,250,0,-250,250,1.0,0.0,America/Indiana/Indianapolis,America/New_York,1.0,1.0,1.0,0.0,1.0,0,-2.265,-4.36,-2.265,-4.36,Indianapolis Colts,2.095,Indianapolis Colts,2.095,-2.265,-4.36,Indianapolis Colts,2.095,0.0,0,No,No,No,No,No,1,No,0.0,0.0,-1.583,0.3,-4.47607,-3.50293,-4.47607,-3.50293,-2.1901200000000003,0.83612,-3.75429,1.11729,Tennessee Titans,0.97314,Tennessee Titans,0.97314,-4.47607,-3.50293,Tennessee Titans,0.97314,Tie,0.0,Tennessee Titans,1.883,-0.7915,0.15,Tennessee Titans,0.9415,Tennessee Titans,3.0262400000000005,Tennessee Titans,4.87158,-2.972205,0.976705,Tennessee Titans,3.94891,Different,Different,Same,Same,Different,Same,False,Home Team,Home Team,43.0,-143.0,129.0,Tennessee Titans,Indianapolis Colts,-2.5,2.5,-164,135,-234,188,-3.0262400000000005,3.0262400000000005,-4.87158,4.87158,0.4367,0.5885,0.4255,0.6212,0.3472,0.7006,0.426,0.574,0.4065,0.5935,0.3314,0.6686,0.426,0.574,-0.074,0.074,,,36,8.0,68.0,0.0,Historical Avg,False,D.Jones,C.Ward,2.67,3.0,13.27,176.19,Medium,-7.0,12.0,39.75,39.0,12.74129755137437,23.0,57.0,0.4136,0.5852,0.0946,0.0898,0.3788,0.6212,0.3698,0.5892,7,2022-10-23,Indianapolis Colts @ Tennessee Titans,0.5624,0.4373,-129,129,,,,,,,,No Bet,,No Bet,,No Bet,,No Bet,,No Bet,,No Bet,,No Bet,,No Bet,,No Bet,,,,,,,,,,,,,,,,,,,,,,,,,,,,,7,-0.10554,-0.0880818181818181,Tennessee Titans,Indianapolis Colts,0,0,1,1,0,1,0,0,1,1,0,1,1,1.0,1.0,,,711.8854609391688,0.9932935190242635,0.9940580391773988,0.0071653805327929,0.0034855951602409,1.4227117595997238,0.0806252351185529,1.0558801560792377,0.1086358801832145,0.0019985121731841,0.0014832163515268,0.000113255909191,0.0001526030325719,0.0016358193840988,0.1892611153017674,2.4785919156789618,,,803.0,189.0,0.426,0.574,0.4992,0.5005,0.5826,0.4164,Tennessee Titans,Indianapolis Colts,Tennessee Titans,Indianapolis Colts,Tennessee Titans,Same,Same,Same,False,False,0.003481728524711,0.000265858941763,0.0071653805327929,0.0034855951602409,0.003481728524711,0.000265858941763,0.008921984952127,0.0048940856392854,0.835614696970719,0.6240955852156005,1.550395995038528,1.0791775397218566,1.0820261341373478,0.5403771403020685,0.8545471818944436,1.2255030303291423,1.044115825878693,0.820268542742663
2022_07_GB_WAS,2022,7,2022-10-23,13:00,Green Bay Packers,Washington Commanders,Home,Aaron Rodgers,Taylor Heinicke,00-0023459,00-0031800,7,10,-3,3,-3,5,FedExField,38.9077,-76.8645,America/New_York,False,False,7,7,Sunday,False,False,0,False,False,0,-3,5,NFC North,Lambeau Field,44.5013,-88.0622,America/Chicago,NFC East,FedExField,38.9077,-76.8645,America/New_York,New York Jets,Chicago Bears,Lambeau Field,Soldier Field,Buffalo Bills,Indianapolis Colts,Highmark Stadium,Lucas Oil Stadium,694,0,-694,694,-1.0,0.0,America/Chicago,America/Chicago,-1.0,-1.0,-1.0,0.0,-1.0,0,3.535,1.45,3.535,1.45,Green Bay Packers,2.085,Green Bay Packers,2.085,3.535,1.45,Green Bay Packers,2.085,0.0,0,No,No,No,No,No,0,No,0.0,0.0,1.303,-7.066,1.1015,2.347,1.1015,2.347,-2.4335,0.897,-1.1305,-6.1690000000000005,Washington Commanders,1.2455,Washington Commanders,1.2455,1.1015,2.347,Washington Commanders,1.2455,Tie,0.0,Green Bay Packers,8.369,0.6515,-3.533,Green Bay Packers,4.1845,Washington Commanders,3.3305,Green Bay Packers,5.038500000000001,-1.782,-2.636,Green Bay Packers,0.8540000000000001,Different,Different,Same,Different,Different,Same,False,Home Team,Away Team,41.5,173.0,-195.0,Green Bay Packers,Washington Commanders,4.0,-4.0,-191,156,188,-234,-3.3305,3.3305,5.038500000000001,-5.038500000000001,0.661,0.3663,0.3906,0.6564,0.7006,0.3472,0.6434,0.3566,0.3731,0.6269,0.6686,0.3314,0.6434,0.3566,0.1434,-0.1434,,,37,10.0,65.0,0.0,Historical Avg,False,J.Love,J.Daniels,-0.93,-3.0,13.41,179.72,Medium,-10.0,9.0,38.84,39.0,12.04239251990736,23.0,54.0,0.5372,0.4612,0.0876,0.0878,0.6092,0.3698,0.3942,0.6058,7,2022-10-23,Green Bay Packers @ Washington Commanders,0.463,0.5366,116,-116,,,,,,,,No Bet,,No Bet,,No Bet,,No Bet,,No Bet,,No Bet,,No Bet,,No Bet,,No Bet,,,,,,,,,,,,,,,,,,,,,,,,,,,,,7,0.01866,-0.0527599999999999,Green Bay Packers,Washington Commanders,1,1,0,0,0,0,0,1,1,1,0,1,0,2.5,1.5,,,711.8854609391688,0.9629843657930336,0.1634592935860239,0.0031622221588608,0.0049959156357541,0.0607328658914303,2.4209301067381688,0.1095780311681051,1.3417837675828894,8.53126931561537e-05,0.0001539264912413,0.0034007298077759,0.0018848309752143,0.0020387574664557,3.7627138743210575,0.1703108970595354,,,803.0,189.0,0.6434,0.3566,0.5328,0.4667,0.4542,0.5436,Green Bay Packers,Washington Commanders,Green Bay Packers,Washington Commanders,Green Bay Packers,Same,Same,Same,False,False,0.0002392391843975,0.0052855607829903,0.0031622221588608,0.0049959156357541,0.0002392391843975,0.0052855607829903,0.0043834484918741,0.0042828749891803,0.5215889308194585,0.9381213513668601,1.6533933986842853,0.976180136076099,0.5390137182941117,1.0833895561453069,1.12035467825075,0.9596955339728324,0.8654292487346715,0.9989551198866835
2022_07_NYJ_DEN,2022,7,2022-10-23,16:05,New York Jets,Denver Broncos,Home,Zach Wilson,Brett Rypien,00-0037013,00-0034955,7,6,1,-1,-5,1,Empower Field at Mile High,39.7648,-105.0076,America/Denver,False,True,7,7,Sunday,False,False,0,False,False,0,-5,1,AFC East,MetLife Stadium,40.8136,-74.0744,America/New_York,AFC West,Empower Field at Mile High,39.7648,-105.0076,America/Denver,Green Bay Packers,Los Angeles Chargers,Lambeau Field,SoFi Stadium,New England Patriots,Jacksonville Jaguars,MetLife Stadium,TIAA Bank Field,1622,0,-1622,1622,2.0,0.0,America/Chicago,America/Los_Angeles,1.0,-1.0,2.0,0.0,2.0,0,-3.725,2.05,-3.725,2.05,Denver Broncos,5.775,Denver Broncos,5.775,-3.725,2.05,Denver Broncos,5.775,-0.15,0,No,No,No,No,No,0,Yes,0.0,0.0,-6.163,-3.234,-3.4575,2.14,-3.4575,2.14,0.2675,0.09,-5.8955,-3.144,Denver Broncos,5.5975,Denver Broncos,5.5975,-3.4575,2.14,Denver Broncos,5.5975,Tie,0.0,Denver Broncos,2.9290000000000003,-3.0815,-1.617,Denver Broncos,1.4645,New York Jets,0.1775,Denver Broncos,2.7515,-2.814,-1.527,Denver Broncos,1.287,Different,Same,Different,Same,Different,Same,False,Away Team,Home Team,37.0,115.0,-127.0,New York Jets,Denver Broncos,2.0,-2.0,-110,-110,-164,135,0.1775,-0.1775,-2.7515,2.7515,0.5595,0.4651,0.5238,0.5238,0.4255,0.6212,0.546,0.454,0.5,0.5,0.4065,0.5935,0.546,0.454,0.046,-0.046,,,38,10.0,60.0,0.0,Historical Avg,False,J.Fields,B.Nix,0.43,1.0,13.68,187.2,Med-High,-10.0,10.0,41.19,40.0,12.736284074501686,26.0,58.0,0.4876,0.5114,0.0826,0.0912,0.5046,0.4792,0.5816,0.3884,7,2022-10-23,New York Jets @ Denver Broncos,0.5088,0.491,-104,104,,,,,,,,No Bet,,No Bet,,No Bet,,No Bet,,No Bet,,No Bet,,No Bet,,No Bet,,No Bet,,,,,,,,,,,,,,,,,,,,,,,,,,,,,7,-0.06311,-0.04901,New York Jets,Denver Broncos,0,1,1,0,1,0,0,0,1,1,1,0,0,1.5,1.5,,,711.8854609391688,0.5605480940000189,0.9990257741191167,0.0020618261570096,0.0067218652228388,0.0279165937898987,1.869288452248047,0.0335737009015081,1.5543167716494746,3.921500764051173e-05,4.716166117118812e-05,0.0026258275450406,0.0021833804129092,0.0022305420740804,3.4236052238975216,0.0614902946914068,,,803.0,189.0,0.546,0.454,0.4486,0.551,0.5102,0.4884,New York Jets,New York Jets,Denver Broncos,New York Jets,Denver Broncos,Same,Same,Same,False,False,8.637666881169984e-05,0.0048092079579499,0.0020618261570096,0.0067218652228388,8.637666881169984e-05,0.0048092079579499,0.0026839341718964,0.0073868189759926,0.6656076413410718,0.7941026408452486,1.3281706649542997,1.301402869806087,0.9666123211225447,0.6557909533168732,1.0217779630665844,1.0582722491570007,0.954260873156593,0.9101234954647615
2022_07_HOU_LV,2022,7,2022-10-23,16:05,Houston Texans,Las Vegas Raiders,Home,Davis Mills,Derek Carr,00-0036898,00-0031280,14,13,1,-1,2,0,Allegiant Stadium,36.108,-115.1578,America/Los_Angeles,False,False,7,7,Sunday,False,False,0,False,False,0,2,0,AFC South,NRG Stadium,29.6847,-95.4093,America/Chicago,AFC West,Allegiant Stadium,36.108,-115.1578,America/Los_Angeles,Jacksonville Jaguars,Kansas City Chiefs,TIAA Bank Field,GEHA Field at Arrowhead Stadium,Tennessee Titans,New Orleans Saints,NRG Stadium,Caesars Superdome,1225,0,-1225,1225,2.0,0.0,America/New_York,America/Chicago,3.0,2.0,2.0,0.0,2.0,0,0.035,-2.35,0.035,-2.35,Houston Texans,2.385,Houston Texans,2.385,0.035,-2.35,Houston Texans,2.385,-0.15,0,No,No,No,No,No,0,No,0.0,0.0,-6.241,0.872,0.8720000000000001,-0.7645000000000002,0.8720000000000001,-0.7645000000000002,0.837,1.5855,-5.404,2.4575,Houston Texans,1.6365000000000005,Houston Texans,1.6365000000000005,0.8720000000000001,-0.7645000000000002,Houston Texans,1.6365000000000005,Tie,0.0,Las Vegas Raiders,7.113,-3.1205,0.436,Las Vegas Raiders,3.5565,Las Vegas Raiders,0.7485000000000002,Las Vegas Raiders,7.861499999999999,-2.2835,2.0215,Las Vegas Raiders,4.305,Different,Different,Different,Different,Different,Same,False,Home Team,Home Team,46.0,-325.0,278.0,Las Vegas Raiders,Houston Texans,-7.0,7.0,-116,-104,-366,282,-0.7485000000000002,0.7485000000000002,-7.861499999999999,7.861499999999999,0.2646,0.7647,0.5098,0.537,0.2618,0.7854,0.257,0.743,0.487,0.513,0.25,0.75,0.257,0.743,-0.243,0.243,,,39,0.0,70.0,0.0,Dome,True,C.Stroud,G.Smith,-4.79,-6.0,13.21,174.58,Medium,-14.0,5.0,52.67,52.0,13.751099212277875,35.900000000000034,71.0,0.6432,0.3566,0.0808,0.0878,0.4216,0.5288,0.6684,0.3028,7,2022-10-23,Houston Texans @ Las Vegas Raiders,0.6623,0.3376,-196,196,,,,,,,,No Bet,,No Bet,,No Bet,,No Bet,,No Bet,,No Bet,,No Bet,,No Bet,,No Bet,,,,,,,,,,,,,,,,,,,,,,,,,,,,,7,-0.2105363636363636,-0.0275181818181818,Las Vegas Raiders,Houston Texans,0,0,1,1,0,0,1,1,1,1,1,1,0,0.0,2.0,,,711.8854609391688,0.968052047767912,0.9999774165767276,0.1333159616397378,0.0032420358726466,74.98766167157525,0.0303900327593527,25.93785874777233,0.0878591219462999,0.1053366949967573,0.0364354382424853,4.268949771675361e-05,0.00012341749729,0.0365588557397754,0.1182491547056526,100.92552041934758,,,803.0,189.0,0.257,0.743,0.3721,0.6276,0.447,0.5516,Las Vegas Raiders,Las Vegas Raiders,Las Vegas Raiders,Las Vegas Raiders,Las Vegas Raiders,Same,Same,Same,False,False,0.1417721332392427,0.0001661069950068,0.1333159616397378,0.0032420358726466,0.1417721332392427,0.0001661069950068,0.1298427632877605,0.0045582628858888,1.016309158653447,0.44340112353287164,1.0485057721835422,1.581067762576844,1.127083785526895,0.4953194889125229,1.1492276760343383,0.9308225361892435,1.0913091449714687,0.7730752236498853
2022_07_SEA_LAC,2022,7,2022-10-23,16:25,Seattle Seahawks,Los Angeles Chargers,Home,Geno Smith,Justin Herbert,00-0030565,00-0036355,7,6,1,-1,0,-1,SoFi Stadium,33.9535,-118.3395,America/Los_Angeles,False,False,7,7,Sunday,False,False,0,False,False,0,0,-1,NFC West,Lumen Field,47.5952,-122.3316,America/Los_Angeles,AFC West,SoFi Stadium,33.9535,-118.3395,America/Los_Angeles,Arizona Cardinals,Denver Broncos,Lumen Field,SoFi Stadium,New York Giants,Atlanta Falcons,Lumen Field,Mercedes-Benz Stadium,964,0,-964,964,0.0,0.0,America/Los_Angeles,America/Los_Angeles,0.0,0.0,0.0,0.0,0.0,0,-0.13,0.935,-0.13,0.935,Los Angeles Chargers,1.065,Los Angeles Chargers,1.065,-0.13,0.935,Los Angeles Chargers,1.065,0.0,0,No,No,No,No,No,0,Yes,0.0,0.0,-1.539,0.998,0.0214999999999999,-0.5339999999999999,0.0214999999999999,-0.5339999999999999,0.1515,-1.469,-1.3875,-0.471,Seattle Seahawks,0.5554999999999999,Seattle Seahawks,0.5554999999999999,0.0214999999999999,-0.5339999999999999,Seattle Seahawks,0.5554999999999999,Tie,0.0,Los Angeles Chargers,2.537,-0.7695,0.499,Los Angeles Chargers,1.2685,Seattle Seahawks,1.6204999999999998,Los Angeles Chargers,0.9165,-0.618,-0.97,Seattle Seahawks,0.352,Different,Different,Same,Different,Different,Same,False,Away Team,Home Team,51.5,-219.0,193.0,Los Angeles Chargers,Seattle Seahawks,-5.5,5.5,105,-128,-122,101,1.6204999999999998,-1.6204999999999998,-0.9165,0.9165,0.3413,0.6865,0.5614,0.4878,0.4975,0.5495,0.3321,0.6679,0.5351,0.4649,0.4752,0.5248,0.3321,0.6679,-0.1679,0.1679,,,40,0.0,70.0,0.0,Dome,True,S.Darnold,J.Herbert,-2.23,-3.0,14.57,212.16,High,-13.0,9.0,51.51,51.0,13.656425255173843,35.0,70.0,0.568,0.4318,0.0754,0.0784,0.4496,0.5504,0.4832,0.5168,7,2022-10-23,Seattle Seahawks @ Los Angeles Chargers,0.5564,0.4436,-125,125,,,,,,,,No Bet,,No Bet,,No Bet,,No Bet,,No Bet,,No Bet,,No Bet,,No Bet,,No Bet,,,,,,,,,,,,,,,,,,,,,,,,,,,,,7,0.0261099999999999,-0.02213,Los Angeles Chargers,Seattle Seahawks,0,0,0,1,0,0,1,0,0,1,1,0,0,2.5,2.0,,,711.8854609391688,0.7971284393344896,0.9987291210003744,0.0280758761768747,0.0032093475899049,10.468832891113728,0.0482014572974138,5.205419079411391,0.0969399377565273,0.0147057826933317,0.0073121581560944,6.770956838172138e-05,0.0001361735041317,0.0074483316602261,0.1451413950539412,15.67425197052512,,,803.0,189.0,0.3321,0.6679,0.4358,0.564,0.4962,0.503,Los Angeles Chargers,Los Angeles Chargers,Los Angeles Chargers,Los Angeles Chargers,Los Angeles Chargers,Same,Same,Same,False,False,0.0220179408494261,0.0002038830725134,0.0280758761768747,0.0032093475899049,0.0220179408494261,0.0002038830725134,0.0316503363383978,0.0044818776472778,0.9608685615768452,0.4988417206094742,1.1536880728866845,1.4758854618737018,0.8309012713796519,0.791502003059766,1.1417425717842313,0.9383076404393538,1.0073995053002407,0.8569848633211138
2022_07_KC_SF,2022,7,2022-10-23,16:25,Kansas City Chiefs,San Francisco 49ers,Home,Patrick Mahomes,Jimmy Garoppolo,00-0033873,00-0031345,7,7,0,0,2,0,Levi's Stadium,37.4031,-121.9702,America/Los_Angeles,False,False,7,7,Sunday,False,False,0,False,False,0,2,0,AFC West,GEHA Field at Arrowhead Stadium,39.0489,-94.4839,America/Chicago,NFC West,Levi's Stadium,37.4031,-121.9702,America/Los_Angeles,Buffalo Bills,Atlanta Falcons,GEHA Field at Arrowhead Stadium,Mercedes-Benz Stadium,Tennessee Titans,Los Angeles Rams,GEHA Field at Arrowhead Stadium,SoFi Stadium,1490,0,-1490,1490,2.0,0.0,America/Chicago,America/New_York,2.0,3.0,2.0,0.0,2.0,0,4.395,3.325,4.395,3.325,Kansas City Chiefs,1.0699999999999994,Kansas City Chiefs,1.0699999999999994,4.395,3.325,Kansas City Chiefs,1.0699999999999994,-0.15,0,No,No,No,No,No,0,No,0.0,0.0,8.203,4.436,4.544499999999999,3.87,4.544499999999999,3.87,0.1495,0.545,8.3525,4.981,Kansas City Chiefs,0.6744999999999992,Kansas City Chiefs,0.6744999999999992,4.544499999999999,3.87,Kansas City Chiefs,0.6744999999999992,Tie,0.0,Kansas City Chiefs,3.767,4.1015,2.218,Kansas City Chiefs,1.8835,San Francisco 49ers,0.3955,Kansas City Chiefs,3.3715,4.251,2.763,Kansas City Chiefs,1.4879999999999995,Different,Same,Different,Same,Different,Same,False,Home Team,Away Team,49.0,-104.0,-106.0,Kansas City Chiefs,San Francisco 49ers,1.0,-1.0,-116,-104,156,-191,-0.3955,0.3955,3.3715,-3.3715,0.5146,0.5098,0.5098,0.537,0.6564,0.3906,0.5023,0.4977,0.487,0.513,0.6269,0.3731,0.5023,0.4977,0.0023,-0.0023,,,41,10.0,70.0,0.0,Historical Avg,False,P.Mahomes,M.Jones,2.87,3.0,13.44,180.64,Med-High,-7.0,12.0,59.68,59.0,14.481572422494928,42.0,78.0,0.413,0.5864,0.0946,0.089,0.4136,0.567,0.7554,0.2264,7,2022-10-23,Kansas City Chiefs @ San Francisco 49ers,0.4492,0.5507,123,-123,,,,,,,,No Bet,,No Bet,,No Bet,,No Bet,,No Bet,,No Bet,,No Bet,,No Bet,,No Bet,,,,,,,,,,,,,,,,,,,,,,,,,,,,,7,0.27953,0.21385,Kansas City Chiefs,San Francisco 49ers,1,1,0,0,1,1,0,0,1,1,1,1,0,5.0,4.5,,,711.8854609391688,0.705786500564424,0.8754406753129388,0.0037191129844326,0.0054917696189055,0.094468924594266,0.2039599028056959,0.0953420551008636,0.2020920637594961,0.0001327024216362,0.0001339289258346,0.000286506627817,0.0002838828362822,0.0004178117621168,0.4060519665651921,0.1898109796951297,,,803.0,189.0,0.5023,0.4977,0.6016,0.3982,0.7226,0.2766,Kansas City Chiefs,Kansas City Chiefs,Kansas City Chiefs,Kansas City Chiefs,Kansas City Chiefs,Same,Same,Same,False,False,0.0002666313474708,0.0005703894640993,0.0037191129844326,0.0054917696189055,0.0002666313474708,0.0005703894640993,0.0052741252325963,0.0079767202075089,0.7276090163702899,0.7321012658160299,1.354061067436489,1.2755124673238938,0.6066948453772317,1.0157084290621856,0.8618499688762765,1.2182002433473047,0.8396168455032021,1.0247675231181512
2022_07_PIT_MIA,2022,7,2022-10-23,20:20,Pittsburgh Steelers,Miami Dolphins,Home,Kenny Pickett,Tua Tagovailoa,00-0038102,00-0036212,7,7,0,0,3,4,Hard Rock Stadium,25.9602,-80.2384,America/New_York,False,False,7,7,Sunday,False,False,0,False,False,0,3,4,AFC North,Acrisure Stadium,40.4468,-80.0158,America/New_York,AFC East,Hard Rock Stadium,25.9602,-80.2384,America/New_York,Tampa Bay Buccaneers,Minnesota Vikings,Acrisure Stadium,Hard Rock Stadium,Philadelphia Eagles,Detroit Lions,Lincoln Financial Field,Ford Field,1000,0,-1000,1000,0.0,0.0,America/New_York,America/New_York,0.0,0.0,0.0,0.0,0.0,0,-0.565,0.66,-0.565,0.66,Miami Dolphins,1.225,Miami Dolphins,1.225,-0.565,0.66,Miami Dolphins,1.225,0.0,0,No,No,No,No,No,0,No,0.0,0.0,-2.946,1.001,-0.756,2.1395,-0.756,2.1395,-0.191,1.4795,-3.1370000000000005,2.4805,Miami Dolphins,2.8955,Miami Dolphins,2.8955,-0.756,2.1395,Miami Dolphins,2.8955,Tie,0.0,Miami Dolphins,3.947,-1.473,0.5005,Miami Dolphins,1.9735,Miami Dolphins,1.6705,Miami Dolphins,5.617500000000001,-1.664,1.98,Miami Dolphins,3.644,Different,Same,Same,Same,Different,Same,False,Home Team,Home Team,44.5,-297.0,255.0,Miami Dolphins,Pittsburgh Steelers,-7.5,7.5,-128,105,-244,195,-1.6705,1.6705,-5.617500000000001,5.617500000000001,0.2817,0.7481,0.4878,0.5614,0.339,0.7093,0.2735,0.7265,0.4649,0.5351,0.3234,0.6766,0.2735,0.7265,-0.2265,0.2265,,,42,10.0,82.0,0.0,Historical Avg,False,A.Rodgers,T.Tagovailoa,5.84,6.0,13.66,186.68,Med-High,-4.0,15.0,50.88,50.0,13.562655644291244,34.0,68.0,0.3336,0.6654,0.0808,0.0838,0.1638,0.8362,0.6628,0.3372,7,2022-10-23,Pittsburgh Steelers @ Miami Dolphins,0.568,0.4318,-131,132,,,,,,,,No Bet,,No Bet,,No Bet,,No Bet,,No Bet,,No Bet,,No Bet,,No Bet,,No Bet,,,,,,,,,,,,,,,,,,,,,,,,,,,,,7,-0.03684,0.0638,Miami Dolphins,Pittsburgh Steelers,0,0,1,0,1,0,0,0,1,0,1,0,0,2.0,3.0,,,711.8854609391688,0.9701541300257532,0.999929967757526,0.0682485973907544,0.0031494173266295,56.43116921919176,0.0079746601211142,21.2442185567088,0.0211831465374386,0.0792700122639726,0.0298421863099745,1.1202167425351678e-05,2.975639720116268e-05,0.0298719427071757,0.0291578066585529,77.67538777590056,,,803.0,189.0,0.2735,0.7265,0.4243,0.5754,0.7224,0.2766,Miami Dolphins,Pittsburgh Steelers,Miami Dolphins,Pittsburgh Steelers,Miami Dolphins,Same,Same,Same,False,False,0.1091121985739472,4.095856462651436e-05,0.0682485973907544,0.0031494173266295,0.1091121985739472,4.095856462651436e-05,0.0438059801752928,0.0044839384653387,1.026235072542283,0.43347520964403224,1.2341231453905441,1.3954503893698418,1.0484842027593604,0.5739190716800585,0.6125065734205702,1.467543638803009,0.9822743734586519,0.882109995162702
2022_07_CHI_NE,2022,7,2022-10-24,20:15,Chicago Bears,New England Patriots,Home,Justin Fields,Mac Jones,00-0036945,00-0036972,11,8,3,-3,4,-3,Gillette Stadium,42.0628,-71.2687,America/New_York,False,False,7,7,Monday,False,False,0,False,False,0,4,-3,NFC North,Soldier Field,41.8623,-87.6167,America/Chicago,AFC East,Gillette Stadium,42.0628,-71.2687,America/New_York,Washington Commanders,Cleveland Browns,Soldier Field,FirstEnergy Stadium,Dallas Cowboys,New York Jets,AT&T Stadium,MetLife Stadium,838,0,-838,838,-1.0,0.0,America/Chicago,America/New_York,-1.0,0.0,-1.0,0.0,-1.0,0,-1.575,-1.995,-1.575,-1.995,Chicago Bears,0.4200000000000001,Chicago Bears,0.4200000000000001,-1.575,-1.995,Chicago Bears,0.4200000000000001,0.0,0,No,No,No,No,No,0,No,0.0,0.0,-5.152,0.436,-2.4505,-2.0115000000000003,-2.4505,-2.0115000000000003,-0.8755000000000001,-0.0165,-6.027500000000001,0.4195,New England Patriots,0.4389999999999996,New England Patriots,0.4389999999999996,-2.4505,-2.0115000000000003,New England Patriots,0.4389999999999996,Tie,0.0,New England Patriots,5.588,-2.576,0.218,New England Patriots,2.794,New England Patriots,0.859,New England Patriots,6.447000000000001,-3.4515,0.2014999999999999,New England Patriots,3.653,Different,Different,Same,Same,Different,Same,False,Home Team,Home Team,40.0,-392.0,327.0,New England Patriots,Chicago Bears,-9.5,9.5,-122,101,-282,224,-0.859,0.859,-6.447000000000001,6.447000000000001,0.2342,0.7967,0.4975,0.5495,0.3086,0.7382,0.2272,0.7728,0.4752,0.5248,0.2948,0.7052,0.2272,0.7728,-0.2728,0.2728,,,43,12.0,58.0,0.0,Historical Avg,False,C.Williams,D.Maye,-7.22,-8.0,14.64,214.47,High,-17.0,3.0,49.74,50.0,13.530209890313424,32.0,68.0,0.7054,0.294,0.071,0.073,0.4592,0.5408,0.7424,0.2256,7,2022-10-24,Chicago Bears @ New England Patriots,0.677,0.3228,-210,210,,,,,,,,No Bet,,No Bet,,No Bet,,No Bet,,No Bet,,No Bet,,No Bet,,No Bet,,No Bet,,,,,,,,,,,,,,,,,,,,,,,,,,,,,7,-0.1693,-0.00704,New England Patriots,Chicago Bears,0,1,1,0,0,0,1,1,1,1,1,1,0,0.5,2.0,,,711.8854609391688,0.996950334729159,0.9599072127252112,0.3116986316874208,0.0031438796285673,165.40412494970428,0.0235661341990157,48.62812783200415,0.0801580480149621,0.2323465417196351,0.0683089211680914,3.310382848376437e-05,0.0001125996419553,0.0684215208100468,0.1037241822139779,214.0322527817084,,,803.0,189.0,0.2272,0.7728,0.3364,0.6635,0.3214,0.678,New England Patriots,New England Patriots,New England Patriots,New England Patriots,New England Patriots,Same,Same,Same,False,False,0.3006554628877266,0.0001457034704391,0.3116986316874208,0.0031438796285673,0.3006554628877266,0.0001457034704391,0.3232709787602428,0.0044108070932612,0.9704537438657848,0.4892565383205334,0.8394645792950829,1.7901089554652998,0.9256858491322396,0.6967174253071805,1.0857246372289246,0.994325574994654,0.9592680452269913,0.9051163233943605
2022_08_BAL_TB,2022,8,2022-10-27,20:15,Baltimore Ravens,Tampa Bay Buccaneers,Home,Lamar Jackson,Tom Brady,00-0034796,00-0019596,4,4,0,0,-3,0,Raymond James Stadium,27.9759,-82.5033,America/New_York,False,False,8,8,Thursday,False,False,0,False,False,0,-3,0,AFC North,M&T Bank Stadium,39.2789,-76.6228,America/New_York,NFC South,Raymond James Stadium,27.9759,-82.5033,America/New_York,Cleveland Browns,Carolina Panthers,M&T Bank Stadium,Bank of America Stadium,New Orleans Saints,Los Angeles Rams,Caesars Superdome,Raymond James Stadium,850,0,-850,850,0.0,0.0,America/New_York,America/New_York,0.0,0.0,0.0,0.0,0.0,0,6.69,1.025,6.69,1.025,Baltimore Ravens,5.665000000000001,Baltimore Ravens,5.665000000000001,6.69,1.025,Baltimore Ravens,5.665000000000001,0.0,0,No,No,No,No,No,0,No,0.0,0.0,3.864,3.401,6.43,0.0184999999999999,6.43,0.0184999999999999,-0.26,-1.0065,3.604,2.3945,Baltimore Ravens,6.4115,Baltimore Ravens,6.4115,6.43,0.0184999999999999,Baltimore Ravens,6.4115,Tie,0.0,Baltimore Ravens,0.4630000000000001,1.932,1.7005,Baltimore Ravens,0.2315,Baltimore Ravens,0.7464999999999999,Baltimore Ravens,1.2095000000000002,1.6720000000000002,0.694,Baltimore Ravens,0.9780000000000002,Different,Same,Same,Same,Different,Same,True,Away Team,Away Team,46.0,-128.0,116.0,Tampa Bay Buccaneers,Baltimore Ravens,-2.0,2.0,-104,-116,101,-122,0.7464999999999999,-0.7464999999999999,1.2095000000000002,-1.2095000000000002,0.463,0.5614,0.537,0.5098,0.5495,0.4975,0.452,0.548,0.513,0.487,0.5248,0.4752,0.452,0.548,-0.048,0.048,,,44,8.0,82.0,0.0,Historical Avg,False,C.Rush,B.Mayfield,2.11,3.0,13.25,175.44,Medium,-7.0,11.0,45.7,45.0,12.75227748585386,30.0,63.0,0.4302,0.5694,0.0866,0.0876,0.3968,0.5916,0.4616,0.5014,8,2022-10-27,Baltimore Ravens @ Tampa Bay Buccaneers,0.4851,0.5148,106,-106,,,,,,,,No Bet,,No Bet,,No Bet,,No Bet,,No Bet,,No Bet,,No Bet,,No Bet,,No Bet,,,,,,,,,,,,,,,,,,,,,,,,,,,,,8,0.0579888888888888,0.0382777777777777,Tampa Bay Buccaneers,Baltimore Ravens,1,0,0,0,1,0,0,0,1,0,1,0,0,3.0,3.0,,,548.4747588693301,0.2562076637184639,0.3159183097231291,0.0046915595155062,0.0015354835319136,0.3299705958094238,0.1086189924385238,0.2721655279304005,0.1316885129564403,0.0006016149156793,0.0004962225216917,0.0001980382700973,0.0002400994956047,0.0007363220172964,0.2403075053949641,0.6021361237398243,,,791.0,12.0,0.452,0.548,0.4915,0.5084,0.676,0.3236,Tampa Bay Buccaneers,Baltimore Ravens,Tampa Bay Buccaneers,Baltimore Ravens,Baltimore Ravens,Same,Same,Different,False,False,0.001097837437371,0.000438137765702,0.0046915595155062,0.0015354835319136,0.001097837437371,0.000438137765702,0.0067423395904379,0.0020420008346976,0.8190535395599658,0.6791784134506313,1.0563201462310423,1.1231775503879442,0.7421803405973091,0.8242815397710643,0.7234897586246318,0.9643503163461902,0.8237873126920391,0.88008711699809
2022_08_DEN_JAX,2022,8,2022-10-30,09:30,Denver Broncos,Jacksonville Jaguars,Neutral,Russell Wilson,Trevor Lawrence,00-0029263,00-0036971,7,7,0,0,1,-6,TIAA Bank Field,30.3239,-81.6554,America/New_York,False,False,8,8,Sunday,False,False,0,False,False,0,1,-6,AFC West,Empower Field at Mile High,39.7648,-105.0076,America/Denver,AFC South,TIAA Bank Field,30.3239,-81.6554,America/New_York,New York Jets,New York Giants,Empower Field at Mile High,TIAA Bank Field,Tennessee Titans,Las Vegas Raiders,Nissan Stadium,TIAA Bank Field,1466,0,-1466,1466,-2.0,0.0,America/Denver,America/New_York,-2.0,0.0,-2.0,0.0,-2.0,0,2.05,-1.825,2.05,-1.825,Denver Broncos,3.875,Denver Broncos,3.875,2.05,-1.825,Denver Broncos,3.875,-0.3,0,No,No,No,No,No,0,No,0.0,0.0,-3.234,-2.443,1.5099999999999998,-1.17,1.5099999999999998,-1.17,-0.54,0.6549999999999999,-3.774,-1.7880000000000005,Denver Broncos,2.68,Denver Broncos,2.68,1.5099999999999998,-1.17,Denver Broncos,2.68,Tie,0.0,Jacksonville Jaguars,0.7909999999999999,-1.617,-1.2215,Jacksonville Jaguars,0.3954999999999999,Jacksonville Jaguars,1.1949999999999998,Jacksonville Jaguars,1.986,-2.157,-0.5665000000000002,Jacksonville Jaguars,1.5904999999999998,Different,Different,Different,Different,Different,Same,False,Home Team,Home Team,41.0,-107.0,-103.0,Jacksonville Jaguars,Denver Broncos,-1.0,1.0,-122,101,-131,108,-1.1949999999999998,1.1949999999999998,-1.986,1.986,0.5074,0.5169,0.4975,0.5495,0.4808,0.5671,0.4954,0.5046,0.4752,0.5248,0.4588,0.5412,0.4954,0.5046,-0.0046,0.0046,,,45,10.0,60.0,0.0,Historical Avg,False,B.Nix,T.Lawrence,-4.3,-5.0,13.81,190.76,Med-High,-14.0,6.0,46.24,46.0,13.472959970625386,29.0,64.0,0.6254,0.3734,0.0944,0.0844,0.6052,0.3746,0.6214,0.3542,8,2022-10-30,Denver Broncos @ Jacksonville Jaguars,0.549,0.4507,-122,122,,,,,,,,No Bet,,No Bet,,No Bet,,No Bet,,No Bet,,No Bet,,No Bet,,No Bet,,No Bet,,,,,,,,,,,,,,,,,,,,,,,,,,,,,8,-0.0539444444444444,-0.0479666666666666,Jacksonville Jaguars,Denver Broncos,1,0,0,0,0,0,0,1,1,0,0,1,0,2.0,2.0,,,548.4747588693301,0.8504459888649825,0.5604971954065312,0.0067684198011719,0.006516338813889,0.5763102824637408,0.6144307781251723,0.5658028417212391,0.6258412810697657,0.0010507507832298,0.0010315932184147,0.0011202535179409,0.0011410575800423,0.002172650798457,1.240272059194938,1.14211312418498,,,791.0,12.0,0.4954,0.5046,0.5069,0.493,0.3908,0.6088,Jacksonville Jaguars,Jacksonville Jaguars,Denver Broncos,Jacksonville Jaguars,Jacksonville Jaguars,Same,Same,Different,False,False,0.0020823440016445,0.0022613110979833,0.0067684198011719,0.006516338813889,0.0020823440016445,0.0022613110979833,0.0094985447079865,0.0089813372831941,0.7558485322456935,0.7423834207649088,1.1433939182109287,1.0361037784080631,0.8475939504948974,0.7188679298734778,1.0553749639095933,0.6324651110612352,0.9352082777075983,0.7686661519825332
2022_08_CAR_ATL,2022,8,2022-10-30,13:00,Carolina Panthers,Atlanta Falcons,Home,Phillip Walker,Marcus Mariota,00-0033275,00-0032268,7,7,0,0,1,-6,Mercedes-Benz Stadium,33.7489,-84.388,America/New_York,False,False,8,8,Sunday,False,False,0,False,False,0,1,-6,NFC South,Bank of America Stadium,35.2258,-80.8528,America/New_York,NFC South,Mercedes-Benz Stadium,33.7489,-84.388,America/New_York,Tampa Bay Buccaneers,Cincinnati Bengals,Bank of America Stadium,Paycor Stadium,Cincinnati Bengals,Los Angeles Chargers,Paycor Stadium,Mercedes-Benz Stadium,226,0,-226,226,0.0,0.0,America/New_York,America/New_York,0.0,0.0,0.0,0.0,0.0,0,-5.25,-0.71,-5.25,-0.71,Atlanta Falcons,4.54,Atlanta Falcons,4.54,-5.25,-0.71,Atlanta Falcons,4.54,0.0,0,No,No,No,No,No,1,No,0.0,0.0,-3.675,-6.453,-4.555725000000001,-0.8537750000000001,-4.555725000000001,-0.8537750000000001,0.6488750000000001,-0.098375,-3.053905,-6.523595,Atlanta Falcons,3.701950000000001,Atlanta Falcons,3.701950000000001,-4.555725000000001,-0.8537750000000001,Atlanta Falcons,3.701950000000001,Tie,0.0,Carolina Panthers,2.7780000000000005,-1.8375,-3.2265,Carolina Panthers,1.3890000000000002,Carolina Panthers,0.7472500000000001,Carolina Panthers,3.4696900000000004,-1.202515,-3.310985,Carolina Panthers,2.10847,Different,Different,Different,Different,Different,Same,False,Away Team,Away Team,41.0,-201.0,178.0,Atlanta Falcons,Carolina Panthers,-4.5,4.5,-104,-116,156,-191,0.7472500000000001,-0.7472500000000001,3.4696900000000004,-3.4696900000000004,0.3597,0.6678,0.537,0.5098,0.6564,0.3906,0.3501,0.6499,0.513,0.487,0.6269,0.3731,0.3501,0.6499,-0.1499,0.1499,,,46,0.0,70.0,0.0,Dome,True,B.Young,M.Penix,2.34,3.0,13.71,188.02,Med-High,-7.0,12.0,44.48,44.0,13.206614173647472,28.0,61.0,0.429,0.5706,0.0866,0.0804,0.4122,0.5878,0.5062,0.4938,8,2022-10-30,Carolina Panthers @ Atlanta Falcons,0.4848,0.5152,106,-106,,,,,,,,No Bet,,No Bet,,No Bet,,No Bet,,No Bet,,No Bet,,No Bet,,No Bet,,No Bet,,,,,,,,,,,,,,,,,,,,,,,,,,,,,8,-0.1159111111111111,-0.0106222222222222,Atlanta Falcons,Carolina Panthers,0,1,1,0,0,0,1,1,1,1,1,1,1,1.0,2.5,,,548.4747588693301,0.985845159971288,0.9998452391089552,0.086639935801836,0.0043846458961557,50.64247511998936,0.0709986236775972,27.28101329359636,0.1317966453243943,0.092333282983501,0.0497397790006519,0.0001294473857355,0.0002402966466425,0.0499800756472945,0.2027952690019915,77.92348841358572,,,791.0,12.0,0.3501,0.6499,0.5592,0.4403,0.5668,0.4314,Atlanta Falcons,Carolina Panthers,Carolina Panthers,Carolina Panthers,Carolina Panthers,Same,Same,Same,False,False,0.142073061984153,0.0003697440323781,0.086639935801836,0.0043846458961557,0.142073061984153,0.0003697440323781,0.0529895599198746,0.0066916102518017,0.9248307224169601,0.5734012305936362,0.937830724272276,1.241666972346714,0.53378232007663,1.0326795602917456,0.6595493741155702,1.028290700855253,0.7567113979446719,0.9471630317454578
2022_08_CHI_DAL,2022,8,2022-10-30,13:00,Chicago Bears,Dallas Cowboys,Home,Justin Fields,Dak Prescott,00-0036945,00-0033077,6,7,-1,1,3,-6,AT&T Stadium,32.7369,-97.0826,America/Chicago,False,True,8,8,Sunday,False,False,0,False,False,0,3,-6,NFC North,Soldier Field,41.8623,-87.6167,America/Chicago,NFC East,AT&T Stadium,32.7369,-97.0826,America/Chicago,New England Patriots,Detroit Lions,Gillette Stadium,AT&T Stadium,Miami Dolphins,Green Bay Packers,Soldier Field,Lambeau Field,816,0,-816,816,0.0,0.0,America/New_York,America/Chicago,1.0,0.0,0.0,0.0,0.0,0,-1.575,-0.615,-1.575,-0.615,Dallas Cowboys,0.96,Dallas Cowboys,0.96,-1.575,-0.615,Dallas Cowboys,0.96,0.0,0,No,No,No,No,Yes,0,No,0.0,0.0,-5.152,2.647,-2.7755,-2.51,-2.7755,-2.51,-1.2005,-1.895,-6.3525,0.7519999999999998,Dallas Cowboys,0.2655000000000003,Dallas Cowboys,0.2655000000000003,-2.7755,-2.51,Dallas Cowboys,0.2655000000000003,Tie,0.0,Dallas Cowboys,7.798999999999999,-2.576,1.3235,Dallas Cowboys,3.8995,Chicago Bears,0.6945000000000001,Dallas Cowboys,7.1045,-3.7765,-0.5715000000000001,Dallas Cowboys,3.205,Different,Same,Different,Same,Different,Same,False,Away Team,Home Team,43.0,-430.0,355.0,Dallas Cowboys,Chicago Bears,-10.5,10.5,-104,-116,-319,249,0.6945000000000001,-0.6945000000000001,-7.1045,7.1045,0.2198,0.8113,0.537,0.5098,0.2865,0.7613,0.2132,0.7868,0.513,0.487,0.2734,0.7266,0.2132,0.7868,-0.2868,0.2868,,,47,0.0,70.0,0.0,Dome,True,C.Williams,D.Prescott,-12.74,-13.0,14.23,202.62,High,-22.0,-4.0,58.96,58.0,13.73941100349446,41.0,77.0,0.819,0.1808,0.0624,0.0688,0.5554,0.4446,0.8662,0.1138,8,2022-10-30,Chicago Bears @ Dallas Cowboys,0.7048,0.2951,-239,239,,,,,,,,No Bet,,No Bet,,No Bet,,No Bet,,No Bet,,No Bet,,No Bet,,No Bet,,No Bet,,,,,,,,,,,,,,,,,,,,,,,,,,,,,8,-0.1562444444444444,0.2302555555555555,Dallas Cowboys,Chicago Bears,0,1,1,0,0,1,1,0,1,1,1,1,0,1.0,5.0,,,548.4747588693301,0.9269795018895954,0.9598642460547894,0.1947228595041361,0.0042401948374072,150.35551508478534,0.0291165342076128,40.74198756491641,0.1074525755841921,0.2741338824684298,0.0742823382591119,5.308637040587972e-05,0.0001959116146123,0.0744782498737242,0.1365691097918049,191.09750264970177,,,791.0,12.0,0.2132,0.7868,0.2984,0.7015,0.186,0.8138,Dallas Cowboys,Dallas Cowboys,Dallas Cowboys,Dallas Cowboys,Dallas Cowboys,Same,Same,Same,False,False,0.3484162207275417,0.0002489979850181,0.1947228595041361,0.0042401948374072,0.3484162207275417,0.0002489979850181,0.1014947182479809,0.0065319008243279,1.0849182273639821,0.41331372564661845,0.8114788638052096,1.3680188328137826,1.021722757164571,0.5447391232038045,1.2653590944800737,0.4224809804907468,1.0524920368394688,0.6513823928506601
2022_08_MIA_DET,2022,8,2022-10-30,13:00,Miami Dolphins,Detroit Lions,Home,Tua Tagovailoa,Jared Goff,00-0036212,00-0033106,7,7,0,0,4,8,Ford Field,42.3395,-83.045,America/Detroit,False,False,8,8,Sunday,False,False,0,False,False,0,4,8,AFC East,Hard Rock Stadium,25.9602,-80.2384,America/New_York,NFC North,Ford Field,42.3395,-83.045,America/Detroit,Pittsburgh Steelers,Dallas Cowboys,Hard Rock Stadium,AT&T Stadium,Chicago Bears,Green Bay Packers,Soldier Field,Ford Field,1142,0,-1142,1142,0.0,0.0,America/New_York,America/Chicago,0.0,-1.0,0.0,0.0,0.0,0,0.66,4.305,0.66,4.305,Detroit Lions,3.645,Detroit Lions,3.645,0.66,4.305,Detroit Lions,3.645,0.0,0,No,No,No,No,No,0,No,0.0,0.0,1.001,-6.697,-0.4195,5.361,-0.4195,5.361,-1.0795,1.056,-0.0785000000000002,-5.641,Detroit Lions,5.7805,Detroit Lions,5.7805,-0.4195,5.361,Detroit Lions,5.7805,Tie,0.0,Miami Dolphins,7.698,0.5005,-3.3485,Miami Dolphins,3.849,Detroit Lions,2.1355000000000004,Miami Dolphins,5.5625,-0.5790000000000002,-2.2925,Miami Dolphins,1.7134999999999998,Different,Different,Same,Different,Different,Same,False,Home Team,Away Team,52.0,169.0,-190.0,Miami Dolphins,Detroit Lions,3.5,-3.5,-131,108,195,-244,-2.1355000000000004,2.1355000000000004,5.5625,-5.5625,0.6552,0.3717,0.4808,0.5671,0.7093,0.339,0.638,0.362,0.4588,0.5412,0.6766,0.3234,0.638,0.362,0.138,-0.138,,,48,0.0,70.0,0.0,Dome,True,T.Tagovailoa,J.Goff,-0.43,-1.0,13.85,191.7,Med-High,-10.0,9.0,56.1,56.0,14.22849806098361,38.0,75.0,0.5086,0.4902,0.0916,0.0906,0.5932,0.4068,0.5964,0.3882,8,2022-10-30,Miami Dolphins @ Detroit Lions,0.4338,0.5659,131,-130,,,,,,,,No Bet,,No Bet,,No Bet,,No Bet,,No Bet,,No Bet,,No Bet,,No Bet,,No Bet,,,,,,,,,,,,,,,,,,,,,,,,,,,,,8,0.0555555555555555,-0.05827,Miami Dolphins,Detroit Lions,0,0,0,1,0,1,0,0,0,1,0,1,0,3.0,2.0,,,548.4747588693301,0.9925103104804546,0.8672666802267442,0.0043165583804233,0.0291455250323502,0.0370514941877626,8.636808839803178,0.0653006997010844,4.900509090922806,6.755369064593525e-05,0.0001190587144533,0.0157469577225537,0.0089347941936746,0.009053852908128,13.537317930725983,0.1023521938888471,,,791.0,12.0,0.638,0.362,0.5514,0.4484,0.4488,0.5504,Miami Dolphins,Detroit Lions,Miami Dolphins,Detroit Lions,Miami Dolphins,Same,Same,Same,False,False,0.0001866124050992,0.0246817519162283,0.0043165583804233,0.0291455250323502,0.0001866124050992,0.0246817519162283,0.0066935805258051,0.0318557778261424,0.5570419224178008,0.9411900305927964,1.218719635214568,0.9607780614044243,0.5220787163101995,1.044383164058176,0.8793680708835856,0.8084720040872387,0.760634096828924,0.9432403328612045
2022_08_ARI_MIN,2022,8,2022-10-30,13:00,Arizona Cardinals,Minnesota Vikings,Home,Kyler Murray,Kirk Cousins,00-0035228,00-0029604,10,14,-4,4,-4,3,U.S. Bank Stadium,44.9738,-93.2575,America/Chicago,False,False,8,8,Sunday,False,False,0,False,False,0,-4,3,NFC West,State Farm Stadium,33.5277,-112.262608,America/Denver,NFC North,U.S. Bank Stadium,44.9738,-93.2575,America/Chicago,New Orleans Saints,Miami Dolphins,State Farm Stadium,Hard Rock Stadium,Seattle Seahawks,Washington Commanders,State Farm Stadium,FedExField,1282,0,-1282,1282,-1.0,0.0,America/Denver,America/New_York,-1.0,1.0,-1.0,0.0,-1.0,0,0.075,0.27,0.075,0.27,Minnesota Vikings,0.195,Minnesota Vikings,0.195,0.075,0.27,Minnesota Vikings,0.195,0.0,0,No,No,No,No,No,0,No,0.0,0.0,-2.282,-1.753,1.055,2.641,1.055,2.641,0.98,2.371,-1.3020000000000005,0.6180000000000001,Minnesota Vikings,1.586,Minnesota Vikings,1.586,1.055,2.641,Minnesota Vikings,1.586,Tie,0.0,Minnesota Vikings,0.5290000000000001,-1.141,-0.8765,Minnesota Vikings,0.2645,Minnesota Vikings,1.391,Minnesota Vikings,1.9200000000000004,-0.1610000000000001,1.4945,Minnesota Vikings,1.6555,Different,Same,Same,Same,Different,Same,False,Home Team,Home Team,48.5,-199.0,177.0,Minnesota Vikings,Arizona Cardinals,-4.0,4.0,-128,105,-131,108,-1.391,1.391,-1.9200000000000004,1.9200000000000004,0.361,0.6656,0.4878,0.5614,0.4808,0.5671,0.3517,0.6483,0.4649,0.5351,0.4588,0.5412,0.3517,0.6483,-0.1483,0.1483,,,49,0.0,70.0,0.0,Dome,True,K.Murray,C.Wentz,2.55,3.0,14.09,198.6,High,-7.0,13.0,52.7,52.0,13.248790900760206,36.0,70.0,0.42,0.579,0.0826,0.0768,0.3296,0.6464,0.6104,0.3896,8,2022-10-30,Arizona Cardinals @ Minnesota Vikings,0.5362,0.4636,-116,116,,,,,,,,No Bet,,No Bet,,No Bet,,No Bet,,No Bet,,No Bet,,No Bet,,No Bet,,No Bet,,,,,,,,,,,,,,,,,,,,,,,,,,,,,8,-0.1493,0.03269,Minnesota Vikings,Arizona Cardinals,0,0,1,1,0,1,0,0,1,1,0,1,0,1.0,3.0,,,548.4747588693301,0.6132667012242875,0.9805389737949538,0.0318238208745553,0.0041952778795409,16.5251571452731,0.0318227710653907,8.96482765385246,0.058659944502965,0.0301292937879937,0.01634501407564,5.802048417140056e-05,0.0001069510374987,0.0164519651131387,0.0904827155683557,25.48998479912556,,,791.0,12.0,0.3517,0.6483,0.5072,0.4928,0.6418,0.3578,Minnesota Vikings,Arizona Cardinals,Arizona Cardinals,Arizona Cardinals,Minnesota Vikings,Same,Same,Different,False,False,0.0464743078636337,0.0001649715216701,0.0318238208745553,0.0041952778795409,0.0464743078636337,0.0001649715216701,0.022849335758655,0.0065106871346348,0.9551356515182894,0.5430963014923095,1.1219055622199827,1.0575921343990085,0.8285218645515905,0.7379400158167836,0.686445692922943,1.00139438204788,0.8895128945712276,0.814361535118902
2022_08_LV_NO,2022,8,2022-10-30,13:00,Las Vegas Raiders,New Orleans Saints,Home,Derek Carr,Jameis Winston,00-0031280,00-0031503,7,10,-3,3,-3,3,Caesars Superdome,29.9507,-90.0813,America/Chicago,False,False,8,8,Sunday,False,False,0,False,False,0,-3,3,AFC West,Allegiant Stadium,36.108,-115.1578,America/Los_Angeles,NFC South,Caesars Superdome,29.9507,-90.0813,America/Chicago,Houston Texans,Arizona Cardinals,Allegiant Stadium,State Farm Stadium,Jacksonville Jaguars,Baltimore Ravens,TIAA Bank Field,Caesars Superdome,1508,0,-1508,1508,-2.0,0.0,America/Los_Angeles,America/Denver,-2.0,-1.0,-2.0,0.0,-2.0,0,-2.35,-6.145,-2.35,-6.145,Las Vegas Raiders,3.795,Las Vegas Raiders,3.795,-2.35,-6.145,Las Vegas Raiders,3.795,-0.3,0,No,No,No,No,No,0,No,0.0,0.0,0.872,-1.222,-4.8355,-5.198499999999999,-4.8355,-5.198499999999999,-2.4855,0.9465,-1.6135000000000002,-0.2754999999999999,Las Vegas Raiders,0.3629999999999995,Las Vegas Raiders,0.3629999999999995,-4.8355,-5.198499999999999,Las Vegas Raiders,0.3629999999999995,Tie,0.0,Las Vegas Raiders,2.094,0.436,-0.611,Las Vegas Raiders,1.047,New Orleans Saints,3.432,New Orleans Saints,1.338,-2.0495,0.3355,New Orleans Saints,2.385,Different,Different,Different,Different,Different,Different,False,Home Team,Home Team,48.5,108.0,-119.0,Las Vegas Raiders,New Orleans Saints,1.0,-1.0,-191,156,-128,105,-3.432,3.432,-1.338,1.338,0.5434,0.4808,0.3906,0.6564,0.4878,0.5614,0.5306,0.4694,0.3731,0.6269,0.4649,0.5351,0.5306,0.4694,0.0306,-0.0306,,,50,0.0,70.0,0.0,Dome,True,G.Smith,S.Rattler,0.95,2.0,12.89,166.12,Med-Low,-8.0,10.0,46.82,46.0,13.180229058996265,30.0,65.0,0.4714,0.5272,0.1014,0.0828,0.382,0.5682,0.6142,0.3858,8,2022-10-30,Las Vegas Raiders @ New Orleans Saints,0.5257,0.474,-111,111,,,,,,,,No Bet,,No Bet,,No Bet,,No Bet,,No Bet,,No Bet,,No Bet,,No Bet,,No Bet,,,,,,,,,,,,,,,,,,,,,,,,,,,,,8,-0.03333,-0.0480111111111111,Las Vegas Raiders,New Orleans Saints,0,1,1,0,0,0,1,1,1,1,1,1,0,2.0,2.0,,,548.4747588693301,0.8032985870922076,0.8313316965412467,0.0050407848640314,0.007705864652719,0.1522090201089233,0.306602458631402,0.1720539115249141,0.2712385866595933,0.0002775132631858,0.0003136952225105,0.000559009240942,0.0004945324871808,0.0008082277096914,0.5778410452909953,0.3242629316338374,,,791.0,12.0,0.5306,0.4694,0.5076,0.492,0.4516,0.5466,Las Vegas Raiders,New Orleans Saints,Las Vegas Raiders,Las Vegas Raiders,New Orleans Saints,Same,Different,Different,False,False,0.0005912084856964,0.0010535417281229,0.0050407848640314,0.007705864652719,0.0005912084856964,0.0010535417281229,0.0076171931018107,0.0116442739039472,0.7049487335012465,0.7932832195093537,1.3703446400289556,0.8091530565900347,0.8400687650787838,0.7263931152895909,0.7978997429886072,0.8899403319822178,0.8980549058657621,0.8058195238243672
2022_08_NE_NYJ,2022,8,2022-10-30,13:00,New England Patriots,New York Jets,Home,Mac Jones,Zach Wilson,00-0036972,00-0037013,6,7,-1,1,-4,-4,MetLife Stadium,40.8136,-74.0744,America/New_York,False,False,8,8,Sunday,False,False,0,False,False,0,-4,-4,AFC East,Gillette Stadium,42.0628,-71.2687,America/New_York,AFC East,MetLife Stadium,40.8136,-74.0744,America/New_York,Chicago Bears,Denver Broncos,Gillette Stadium,Empower Field at Mile High,Indianapolis Colts,Buffalo Bills,Gillette Stadium,MetLife Stadium,169,0,-169,169,0.0,0.0,America/New_York,America/Denver,0.0,-2.0,0.0,0.0,0.0,0,-1.995,-3.725,-1.995,-3.725,New England Patriots,1.73,New England Patriots,1.73,-1.995,-3.725,New England Patriots,1.73,0.0,0,No,No,No,No,Yes,1,No,0.0,0.0,0.436,-6.163,-2.69464,-4.27636,-2.69464,-4.27636,-0.68234,-0.56866,-0.31233,-6.66567,New England Patriots,1.5817200000000002,New England Patriots,1.5817200000000002,-2.69464,-4.27636,New England Patriots,1.5817200000000002,Tie,0.0,New England Patriots,6.599,0.218,-3.0815,New England Patriots,3.2995,New York Jets,0.1136799999999998,New England Patriots,6.35334,-0.4973349999999999,-3.617165,New England Patriots,3.1198300000000003,Different,Same,Different,Same,Different,Same,False,Home Team,Away Team,40.0,140.0,-155.0,New England Patriots,New York Jets,3.0,-3.0,-110,-110,224,-282,-0.1136799999999998,0.1136799999999998,6.35334,-6.35334,0.6078,0.4167,0.5238,0.5238,0.7382,0.3086,0.5933,0.4067,0.5,0.5,0.7052,0.2948,0.5933,0.4067,0.0933,-0.0933,,,51,12.0,62.0,0.0,Historical Avg,False,D.Maye,J.Fields,3.91,5.0,14.32,205.01,High,-7.0,14.0,43.0,43.0,12.528064113744296,27.0,59.0,0.3972,0.6018,0.0846,0.0776,0.4274,0.5306,0.5598,0.4072,8,2022-10-30,New England Patriots @ New York Jets,0.3997,0.6001,150,-150,,,,,,,,No Bet,,No Bet,,No Bet,,No Bet,,No Bet,,No Bet,,No Bet,,No Bet,,No Bet,,,,,,,,,,,,,,,,,,,,,,,,,,,,,8,-0.0181888888888888,-0.0597555555555555,New England Patriots,New York Jets,1,0,0,1,0,1,1,0,1,1,1,1,1,2.0,2.0,,,548.4747588693301,0.9956176164563983,0.6953792555227399,0.0046345492355465,0.0301748004922429,0.1013389012803,3.1956037791340464,0.1478346941962183,2.190547879612028,0.0001847649315516,0.0002695378261362,0.0058263461124842,0.0039938900454194,0.0042634278715556,5.3861516587460745,0.2491735954765183,,,791.0,12.0,0.5933,0.4067,0.6,0.3999,0.6074,0.3924,New England Patriots,New England Patriots,New England Patriots,New England Patriots,New England Patriots,Same,Same,Same,False,False,0.0004543027576878,0.0098202361579036,0.0046345492355465,0.0301748004922429,0.0004543027576878,0.0098202361579036,0.0070440082337173,0.0426161576401091,0.6250362262801537,0.8731957267304444,1.1306578203581021,1.0488398762608875,0.47698727573745686,1.0894746046309174,0.6913613722839657,0.9964787026868602,0.7027479771455465,1.0011264525445818
2022_08_PIT_PHI,2022,8,2022-10-30,13:00,Pittsburgh Steelers,Philadelphia Eagles,Home,Kenny Pickett,Jalen Hurts,00-0038102,00-0036389,7,14,-7,7,-4,6,Lincoln Financial Field,39.9008,-75.1675,America/New_York,False,True,8,8,Sunday,False,False,0,False,False,0,-4,6,AFC North,Acrisure Stadium,40.4468,-80.0158,America/New_York,NFC East,Lincoln Financial Field,39.9008,-75.1675,America/New_York,Miami Dolphins,Dallas Cowboys,Hard Rock Stadium,Lincoln Financial Field,New Orleans Saints,Houston Texans,Acrisure Stadium,NRG Stadium,259,0,-259,259,0.0,0.0,America/New_York,America/New_York,0.0,0.0,0.0,0.0,0.0,0,-0.565,4.905,-0.565,4.905,Philadelphia Eagles,5.470000000000001,Philadelphia Eagles,5.470000000000001,-0.565,4.905,Philadelphia Eagles,5.470000000000001,0.0,0,No,No,No,No,No,0,No,0.0,0.0,-2.946,3.065,-1.6309999999999998,6.618,-1.6309999999999998,6.618,-1.066,1.713,-4.0120000000000005,4.778,Philadelphia Eagles,8.249,Philadelphia Eagles,8.249,-1.6309999999999998,6.618,Philadelphia Eagles,8.249,Tie,0.0,Philadelphia Eagles,6.011,-1.473,1.5325,Philadelphia Eagles,3.0055,Philadelphia Eagles,2.779,Philadelphia Eagles,8.79,-2.539,3.2455,Philadelphia Eagles,5.7845,Different,Same,Same,Same,Different,Same,False,Home Team,Home Team,43.0,-490.0,397.0,Philadelphia Eagles,Pittsburgh Steelers,-11.0,11.0,-164,135,-416,314,-2.779,2.779,-8.79,8.79,0.2012,0.8305,0.4255,0.6212,0.2415,0.8062,0.195,0.805,0.4065,0.5935,0.2305,0.7695,0.195,0.805,-0.305,0.305,,,52,12.0,64.0,0.0,Historical Avg,False,A.Rodgers,J.Hurts,-5.55,-7.0,13.76,189.4,Med-High,-14.0,4.0,53.76,53.0,13.658411440596456,36.0,71.0,0.6618,0.3372,0.0856,0.0806,0.335,0.6418,0.7574,0.207,8,2022-10-30,Pittsburgh Steelers @ Philadelphia Eagles,0.7074,0.2923,-242,242,,,,,,,,No Bet,,No Bet,,No Bet,,No Bet,,No Bet,,No Bet,,No Bet,,No Bet,,No Bet,,,,,,,,,,,,,,,,,,,,,,,,,,,,,8,-0.0070444444444444,0.21673,Philadelphia Eagles,Pittsburgh Steelers,0,1,1,0,1,0,0,1,1,1,1,1,0,2.5,4.5,,,548.4747588693301,0.5605022924844584,0.9999154280544816,0.2594500668622454,0.0043124734118548,91.1514246149998,0.0168350158742659,22.080158757670755,0.0694983988655593,0.1661907373876359,0.0402573835907937,3.0694239984664e-05,0.000126712118911,0.0403840957097048,0.0863334147398253,113.23158337267056,,,791.0,12.0,0.195,0.805,0.3117,0.6883,0.402,0.5978,Philadelphia Eagles,Philadelphia Eagles,Philadelphia Eagles,Philadelphia Eagles,Philadelphia Eagles,Same,Same,Same,False,False,0.2064481209784297,0.0001574063588957,0.2594500668622454,0.0043124734118548,0.2064481209784297,0.0001574063588957,0.2930632793383891,0.0067048493890869,1.083090656376261,0.415141296634341,0.955923185002257,1.2235745116167356,1.0583479615698432,0.5081139187985307,0.9222532942524874,0.7655867807183357,1.0095476260950589,0.6943268035950708
2022_08_TEN_HOU,2022,8,2022-10-30,16:05,Tennessee Titans,Houston Texans,Home,Malik Willis,Davis Mills,00-0038128,00-0036898,7,7,0,0,3,2,NRG Stadium,29.6847,-95.4093,America/Chicago,False,False,8,8,Sunday,False,False,0,False,False,0,3,2,AFC South,Nissan Stadium,36.1664,-86.7716,America/Chicago,AFC South,NRG Stadium,29.6847,-95.4093,America/Chicago,Indianapolis Colts,Las Vegas Raiders,Nissan Stadium,Allegiant Stadium,Kansas City Chiefs,Philadelphia Eagles,GEHA Field at Arrowhead Stadium,NRG Stadium,671,0,-671,671,0.0,0.0,America/Chicago,America/Los_Angeles,0.0,-2.0,0.0,0.0,0.0,0,-4.36,0.035,-4.36,0.035,Houston Texans,4.3950000000000005,Houston Texans,4.3950000000000005,-4.36,0.035,Houston Texans,4.3950000000000005,0.0,0,No,No,No,No,No,1,No,0.0,0.0,0.3,-6.241,-4.36325,-0.56575,-4.36325,-0.56575,-0.0471999999999999,-0.5568000000000001,0.18739,-6.73239,Houston Texans,3.7975,Houston Texans,3.7975,-4.36325,-0.56575,Houston Texans,3.7975,Tie,0.0,Tennessee Titans,6.541,0.15,-3.1205,Tennessee Titans,3.2705,Tennessee Titans,0.5096,Tennessee Titans,6.919779999999999,0.070095,-3.644595,Tennessee Titans,3.71469,Different,Different,Different,Different,Different,Same,False,Away Team,Away Team,39.0,104.0,-115.0,Tennessee Titans,Houston Texans,1.0,-1.0,-104,-116,249,-319,0.5096,-0.5096,6.919779999999999,-6.919779999999999,0.5349,0.4902,0.537,0.5098,0.7613,0.2865,0.5218,0.4782,0.513,0.487,0.7266,0.2734,0.5218,0.4782,0.0218,-0.0218,,,53,0.0,70.0,0.0,Dome,True,C.Ward,C.Stroud,0.34,1.0,14.0,196.02,High,-10.0,10.0,45.23,45.0,13.287265562380584,29.0,63.0,0.4942,0.5054,0.0876,0.0826,0.4946,0.482,0.6516,0.3124,8,2022-10-30,Tennessee Titans @ Houston Texans,0.4332,0.5667,131,-131,,,,,,,,No Bet,,No Bet,,No Bet,,No Bet,,No Bet,,No Bet,,No Bet,,No Bet,,No Bet,,,,,,,,,,,,,,,,,,,,,,,,,,,,,8,-0.09907,-0.2294099999999999,Tennessee Titans,Houston Texans,0,0,1,1,1,0,0,1,1,1,1,1,1,1.5,0.0,,,548.4747588693301,0.9999220083154212,0.9906995769392484,0.0073736181695944,0.0086937122468977,0.365573716716597,1.1191917904488538,0.3989049882532838,1.0256755733856684,0.0006665278771811,0.0007272987166731,0.0020405529559027,0.001870050639158,0.0025973493558312,2.144867363834522,0.7644787049698808,,,791.0,12.0,0.5218,0.4782,0.5726,0.4272,0.5056,0.4938,Tennessee Titans,Tennessee Titans,Tennessee Titans,Tennessee Titans,Tennessee Titans,Same,Same,Same,False,False,0.0013938265938542,0.0039106035950608,0.0073736181695944,0.0086937122468977,0.0013938265938542,0.0039106035950608,0.0108986879364873,0.0114932213210609,0.717287376099711,0.7809445769108871,1.0635479539429584,1.1159497426760332,0.42900575152189857,1.1374561288464753,0.8352491348811034,0.8525909400897215,0.739255076928175,0.9646193527619541
2022_08_WAS_IND,2022,8,2022-10-30,16:25,Washington Commanders,Indianapolis Colts,Home,Taylor Heinicke,Sam Ehlinger,00-0031800,00-0036879,7,7,0,0,5,-7,Lucas Oil Stadium,39.7601,-86.1638,America/Indiana/Indianapolis,False,False,8,8,Sunday,False,False,0,False,False,0,5,-7,NFC East,FedExField,38.9077,-76.8645,America/New_York,AFC South,Lucas Oil Stadium,39.7601,-86.1638,America/Indiana/Indianapolis,Green Bay Packers,Tennessee Titans,FedExField,Nissan Stadium,Minnesota Vikings,New England Patriots,FedExField,Gillette Stadium,500,0,-500,500,0.0,0.0,America/New_York,America/Chicago,0.0,-1.0,0.0,0.0,0.0,0,1.45,-2.265,1.45,-2.265,Washington Commanders,3.715,Washington Commanders,3.715,1.45,-2.265,Washington Commanders,3.715,0.0,0,No,No,No,No,No,0,No,0.0,0.0,-7.066,-1.583,1.278,-1.1940000000000002,1.278,-1.1940000000000002,-0.172,1.071,-7.237999999999999,-0.512,Washington Commanders,2.4720000000000004,Washington Commanders,2.4720000000000004,1.278,-1.1940000000000002,Washington Commanders,2.4720000000000004,Tie,0.0,Indianapolis Colts,5.483,-3.533,-0.7915,Indianapolis Colts,2.7415,Indianapolis Colts,1.243,Indianapolis Colts,6.725999999999999,-3.705,0.2794999999999999,Indianapolis Colts,3.9845,Different,Different,Different,Different,Different,Same,False,Home Team,Home Team,40.5,-151.0,136.0,Indianapolis Colts,Washington Commanders,-3.0,3.0,-122,101,-282,224,-1.243,1.243,-6.725999999999999,6.725999999999999,0.4237,0.6016,0.4975,0.5495,0.3086,0.7382,0.4133,0.5867,0.4752,0.5248,0.2948,0.7052,0.4133,0.5867,-0.0867,0.0867,,,54,0.0,70.0,0.0,Dome,True,J.Daniels,D.Jones,-0.1,-1.0,12.97,168.1,Med-Low,-10.0,9.0,39.48,39.0,12.373447218912595,24.0,56.0,0.5042,0.4948,0.1062,0.0916,0.4146,0.5308,0.4446,0.5554,8,2022-10-30,Washington Commanders @ Indianapolis Colts,0.5802,0.4195,-138,138,,,,,,,,No Bet,,No Bet,,No Bet,,No Bet,,No Bet,,No Bet,,No Bet,,No Bet,,No Bet,,,,,,,,,,,,,,,,,,,,,,,,,,,,,8,-0.0489888888888888,-0.1268999999999999,Indianapolis Colts,Washington Commanders,1,0,0,1,0,0,1,0,1,1,1,0,0,2.0,1.0,,,548.4747588693301,0.9939110401882664,0.9628736353265732,0.0273231800786228,0.0044934410618888,6.48966819149266,0.0805825772008712,4.571637742532669,0.1143909945408932,0.0118322093889443,0.0083351834676166,0.0001469212135978,0.0002085620034305,0.0085437454710472,0.1949735717417645,11.061305934025327,,,791.0,12.0,0.4133,0.5867,0.436,0.5637,0.4944,0.5046,Indianapolis Colts,Indianapolis Colts,Indianapolis Colts,Indianapolis Colts,Indianapolis Colts,Same,Same,Same,False,False,0.0201673928565609,0.0003554832170284,0.0273231800786228,0.0044934410618888,0.0201673928565609,0.0003554832170284,0.031671584563483,0.0068762851747374,0.8649233111860195,0.6333086418245801,1.1070788500031696,1.0724188466158195,1.0911161205608828,0.4753457598074929,0.8317146758903107,0.8561253990805147,0.9689566510508538,0.7349177786392728
2022_08_SF_LA,2022,8,2022-10-30,16:25,San Francisco 49ers,Los Angeles Rams,Home,Jimmy Garoppolo,Matthew Stafford,00-0031345,00-0026498,7,14,-7,7,-7,9,SoFi Stadium,33.9535,-118.3395,America/Los_Angeles,False,False,8,8,Sunday,False,False,0,False,False,0,-7,9,NFC West,Levi's Stadium,37.4031,-121.9702,America/Los_Angeles,NFC West,SoFi Stadium,33.9535,-118.3395,America/Los_Angeles,Kansas City Chiefs,Carolina Panthers,Levi's Stadium,SoFi Stadium,Los Angeles Chargers,Tampa Bay Buccaneers,Levi's Stadium,Raymond James Stadium,313,0,-313,313,0.0,0.0,America/Los_Angeles,America/Los_Angeles,0.0,0.0,0.0,0.0,0.0,0,3.325,1.29,3.325,1.29,San Francisco 49ers,2.035,San Francisco 49ers,2.035,3.325,1.29,San Francisco 49ers,2.035,0.0,0,No,No,No,No,No,1,No,0.0,0.0,4.436,6.103,1.903765,1.7827350000000002,1.903765,1.7827350000000002,-1.400885,0.4723850000000001,3.051785,6.558715,San Francisco 49ers,0.1210299999999999,San Francisco 49ers,0.1210299999999999,1.903765,1.7827350000000002,San Francisco 49ers,0.1210299999999999,Tie,0.0,Los Angeles Rams,1.6669999999999998,2.218,3.0515,Los Angeles Rams,0.8334999999999999,Los Angeles Rams,1.87327,Los Angeles Rams,3.50693,0.8254500000000001,3.51555,Los Angeles Rams,2.6901,Different,Different,Different,Different,Different,Same,False,Home Team,Home Team,42.0,-106.0,-104.0,San Francisco 49ers,Los Angeles Rams,1.0,-1.0,-131,108,-191,156,-1.87327,1.87327,-3.50693,3.50693,0.5098,0.5146,0.4808,0.5671,0.3906,0.6564,0.4977,0.5023,0.4588,0.5412,0.3731,0.6269,0.4977,0.5023,-0.0023,0.0023,,,55,0.0,70.0,0.0,Dome,True,M.Jones,M.Stafford,6.32,7.0,13.15,173.03,Medium,-3.0,15.0,50.49,50.0,13.28901535652018,34.0,68.0,0.3146,0.685,0.0792,0.0832,0.2454,0.7546,0.5428,0.4572,8,2022-10-30,San Francisco 49ers @ Los Angeles Rams,0.4962,0.5036,102,-101,,,,,,,,No Bet,,No Bet,,No Bet,,No Bet,,No Bet,,No Bet,,No Bet,,No Bet,,No Bet,,,,,,,,,,,,,,,,,,,,,,,,,,,,,8,0.2378666666666666,-0.16069,San Francisco 49ers,Los Angeles Rams,1,0,0,1,1,0,0,0,1,1,1,0,1,5.0,0.5,,,548.4747588693301,0.4299226591282817,0.7056142612351446,0.0055813121870362,0.0059634897686437,0.985415061080952,0.4991829924596244,0.9763907543300616,0.5037966990405252,0.0017966461448697,0.0017801926862466,0.0009101293804088,0.0009185412653794,0.002698733951626,1.0029796915001497,1.9618058154110136,,,791.0,12.0,0.4977,0.5023,0.4848,0.515,0.5352,0.4642,Los Angeles Rams,San Francisco 49ers,Los Angeles Rams,San Francisco 49ers,San Francisco 49ers,Different,Same,Different,False,False,0.0035768388311163,0.0018286706457882,0.0055813121870362,0.0059634897686437,0.0035768388311163,0.0018286706457882,0.0066640321773144,0.0083520455910974,0.7528034534343659,0.7454284995762338,1.1801576053454028,0.9993400912735877,0.9822651209767994,0.5841967593915735,0.5312739366492546,1.1565661383215688,0.8457973645035344,0.8580770651865961
2022_08_NYG_SEA,2022,8,2022-10-30,16:25,New York Giants,Seattle Seahawks,Home,Daniel Jones,Geno Smith,00-0035710,00-0030565,7,7,0,0,-1,0,Lumen Field,47.5952,-122.3316,America/Los_Angeles,False,True,8,8,Sunday,False,False,0,False,False,0,-1,0,NFC East,MetLife Stadium,40.8136,-74.0744,America/New_York,NFC West,Lumen Field,47.5952,-122.3316,America/Los_Angeles,Jacksonville Jaguars,Los Angeles Chargers,TIAA Bank Field,SoFi Stadium,Houston Texans,Arizona Cardinals,MetLife Stadium,State Farm Stadium,2394,0,-2394,2394,3.0,0.0,America/New_York,America/Los_Angeles,3.0,0.0,3.0,0.0,3.0,0,-2.84,-0.13,-2.84,-0.13,Seattle Seahawks,2.71,Seattle Seahawks,2.71,-2.84,-0.13,Seattle Seahawks,2.71,-0.2249999999999999,0,No,No,No,No,No,0,No,0.0,0.0,-5.233,-1.539,-2.8425,-0.2065,-2.8425,-0.2065,-0.0025,-0.0765,-5.235499999999999,-1.6155,Seattle Seahawks,2.636,Seattle Seahawks,2.636,-2.8425,-0.2065,Seattle Seahawks,2.636,Tie,0.0,Seattle Seahawks,3.694,-2.6165,-0.7695,Seattle Seahawks,1.847,New York Giants,0.074,Seattle Seahawks,3.619999999999999,-2.619,-0.846,Seattle Seahawks,1.7729999999999997,Different,Same,Different,Same,Different,Same,False,Away Team,Home Team,44.5,-164.0,147.0,Seattle Seahawks,New York Giants,-3.0,3.0,-110,-110,-191,156,0.074,-0.074,-3.619999999999999,3.619999999999999,0.4049,0.6212,0.5238,0.5238,0.3906,0.6564,0.3946,0.6054,0.5,0.5,0.3731,0.6269,0.3946,0.6054,-0.1054,0.1054,,,56,10.0,55.0,0.0,Historical Avg,False,J.Dart,S.Darnold,-3.41,-4.0,14.03,196.95,High,-14.0,7.0,45.51,45.0,12.780832065779547,29.0,62.0,0.594,0.405,0.0812,0.0792,0.517,0.4408,0.5132,0.4868,8,2022-10-30,New York Giants @ Seattle Seahawks,0.5816,0.4182,-139,139,,,,,,,,No Bet,,No Bet,,No Bet,,No Bet,,No Bet,,No Bet,,No Bet,,No Bet,,No Bet,,,,,,,,,,,,,,,,,,,,,,,,,,,,,8,-0.0923777777777777,0.0173,Seattle Seahawks,New York Giants,1,0,0,0,0,0,1,1,1,0,1,1,0,1.5,2.5,,,548.4747588693301,0.998641238273744,0.9842130501519428,0.0412689305669205,0.0045174272578113,10.751119684774208,0.0753356981164542,7.007584782973078,0.1155809215400441,0.0196018495125234,0.0127764945781991,0.0001373549044841,0.000210731523504,0.0129872261017031,0.1909166196564983,17.758704467747286,,,791.0,12.0,0.3946,0.6054,0.4035,0.5964,0.5348,0.4648,Seattle Seahawks,New York Giants,Seattle Seahawks,Seattle Seahawks,Seattle Seahawks,Same,Different,Same,False,False,0.0323783440907226,0.0003480864279881,0.0412689305669205,0.0045174272578113,0.0323783440907226,0.0003480864279881,0.0467515057974459,0.006919603474563,0.8845630863825082,0.6136688666280908,1.0313792329686686,1.1481184636503157,0.9575550703448331,0.6089068100235416,0.972196808236418,0.7156432667344106,0.9593501454968,0.7445242841933227
2022_08_GB_BUF,2022,8,2022-10-30,20:20,Green Bay Packers,Buffalo Bills,Home,Aaron Rodgers,Josh Allen,00-0023459,00-0034857,7,14,-7,7,-10,10,Highmark Stadium,42.7725,-78.7877,America/New_York,False,True,8,8,Sunday,False,False,0,False,False,0,-10,10,NFC North,Lambeau Field,44.5013,-88.0622,America/Chicago,AFC East,Highmark Stadium,42.7725,-78.7877,America/New_York,Washington Commanders,Kansas City Chiefs,FedExField,GEHA Field at Arrowhead Stadium,Detroit Lions,New York Jets,Ford Field,MetLife Stadium,478,0,-478,478,-1.0,0.0,America/New_York,America/Chicago,0.0,-1.0,0.0,0.0,0.0,0,3.535,4.795,3.535,4.795,Buffalo Bills,1.2599999999999998,Buffalo Bills,1.2599999999999998,3.535,4.795,Buffalo Bills,1.2599999999999998,0.0,0,No,No,No,No,No,0,No,0.0,0.0,1.303,11.21,0.5265000000000002,6.2015,0.5265000000000002,6.2015,-3.0085,1.4065,-1.7055000000000002,12.616500000000002,Buffalo Bills,5.675,Buffalo Bills,5.675,0.5265000000000002,6.2015,Buffalo Bills,5.675,Tie,0.0,Buffalo Bills,9.907,0.6515,5.605,Buffalo Bills,4.9535,Buffalo Bills,4.414999999999999,Buffalo Bills,14.322000000000005,-2.357,7.011500000000001,Buffalo Bills,9.3685,Different,Same,Same,Same,Different,Same,False,Home Team,Home Team,47.0,-445.0,365.0,Buffalo Bills,Green Bay Packers,-10.5,10.5,-224,181,-984,615,-4.414999999999999,4.414999999999999,-14.322000000000005,14.322000000000005,0.2151,0.8165,0.3559,0.6914,0.1399,0.9077,0.2085,0.7915,0.3398,0.6602,0.1335,0.8665,0.2085,0.7915,-0.2915,0.2915,,,57,15.0,55.0,0.0,Historical Avg,False,J.Love,J.Allen,-11.32,-12.0,14.24,202.69,High,-21.0,-3.0,46.46,46.0,13.108523289698471,30.0,63.0,0.7898,0.2094,0.0564,0.0672,0.5356,0.4644,0.4462,0.5126,8,2022-10-30,Green Bay Packers @ Buffalo Bills,0.777,0.2228,-348,349,,,,,,,,No Bet,,No Bet,,No Bet,,No Bet,,No Bet,,No Bet,,No Bet,,No Bet,,No Bet,,,,,,,,,,,,,,,,,,,,,,,,,,,,,8,0.0531222222222222,0.2467555555555555,Buffalo Bills,Green Bay Packers,1,1,0,0,0,1,0,0,1,1,0,1,0,3.0,5.0,,,548.4747588693301,0.5574478815958875,0.1590453619189972,0.1867330642340608,0.0011221747028573,61.77031947950079,0.0077904099814773,16.271777146526745,0.0295736666682942,0.1126219912231496,0.0296673217561929,1.4203771195482489e-05,5.391983166054864e-05,0.0297212415878534,0.0373640766497716,78.04209662602753,,,791.0,12.0,0.2085,0.7915,0.2441,0.7558,0.2062,0.7934,Buffalo Bills,Buffalo Bills,Buffalo Bills,Buffalo Bills,Buffalo Bills,Same,Same,Same,False,False,0.1422893129793425,6.812360285603113e-05,0.1867330642340608,0.0011221747028573,0.1422893129793425,6.812360285603113e-05,0.2147307824623669,0.0016000480814463,1.0956043987825286,0.40262755422807206,1.1757625090902624,1.0037351875287253,1.2803113911229118,0.2861504892454691,1.2103906425425135,0.4774494324283163,1.1933749517310022,0.5104994779591259
2022_08_CIN_CLE,2022,8,2022-10-31,20:15,Cincinnati Bengals,Cleveland Browns,Home,Joe Burrow,Jacoby Brissett,00-0036442,00-0033119,8,8,0,0,3,3,FirstEnergy Stadium,41.5061,-81.6994,America/New_York,False,False,8,8,Monday,False,False,0,False,False,0,3,3,AFC North,Paycor Stadium,39.0955,-84.5165,America/New_York,AFC North,FirstEnergy Stadium,41.5061,-81.6994,America/New_York,Atlanta Falcons,Baltimore Ravens,Paycor Stadium,M&T Bank Stadium,Carolina Panthers,Miami Dolphins,Paycor Stadium,Hard Rock Stadium,223,0,-223,223,0.0,0.0,America/New_York,America/New_York,0.0,0.0,0.0,0.0,0.0,0,1.31,-4.705,1.31,-4.705,Cincinnati Bengals,6.015000000000001,Cincinnati Bengals,6.015000000000001,1.31,-4.705,Cincinnati Bengals,6.015000000000001,0.0,0,No,No,No,No,No,1,No,0.0,0.0,2.648,1.172,1.6651699999999998,-4.00217,1.6651699999999998,-4.00217,0.41532,0.64268,3.04856,1.82944,Cincinnati Bengals,5.667339999999999,Cincinnati Bengals,5.667339999999999,1.6651699999999998,-4.00217,Cincinnati Bengals,5.667339999999999,Tie,0.0,Cincinnati Bengals,1.4760000000000002,1.324,0.586,Cincinnati Bengals,0.7380000000000001,Cleveland Browns,0.22736,Cincinnati Bengals,1.21912,1.73194,1.2360600000000002,Cincinnati Bengals,0.4958799999999999,Different,Same,Different,Same,Different,Same,False,Home Team,Away Team,45.0,147.0,-163.0,Cincinnati Bengals,Cleveland Browns,3.0,-3.0,-110,-110,101,-122,-0.22736,0.22736,1.21912,-1.21912,0.6198,0.4049,0.5238,0.5238,0.5495,0.4975,0.6049,0.3951,0.5,0.5,0.5248,0.4752,0.6049,0.3951,0.1049,-0.1049,66.0,9.0,58,9.0,66.0,0.0,nfl_read_py Fallback,False,J.Browning,D.Gabriel,0.16,-1.0,13.95,194.62,Med-High,-10.0,10.0,43.9,43.0,12.638643401148885,29.0,61.0,0.5002,0.4984,0.0778,0.0814,0.533,0.4264,0.4294,0.5468,8,2022-10-31,Cincinnati Bengals @ Cleveland Browns,0.4676,0.532,114,-114,,,,,,,,No Bet,,No Bet,,No Bet,,No Bet,,No Bet,,No Bet,,No Bet,,No Bet,,No Bet,,,,,,,,,,,,,,,,,,,,,,,,,,,,,8,0.1250625,-0.0308666666666666,Cincinnati Bengals,Cleveland Browns,1,0,0,1,1,1,0,0,1,1,1,1,1,3.5,2.0,,,548.4747588693301,0.8724954964200607,0.4968728701951915,0.0039974126496678,0.0126330776884706,0.0309874261771967,2.16322448330731,0.0474418984930051,1.4129442773263652,5.649745166227293e-05,8.649787018605136e-05,0.003944072992104,0.0025761336405692,0.0026626315107552,3.576168760633676,0.0784293246702019,,,791.0,12.0,0.6049,0.3951,0.5609,0.4391,0.6764,0.3234,Cincinnati Bengals,Cincinnati Bengals,Cincinnati Bengals,Cleveland Browns,Cincinnati Bengals,Same,Different,Same,False,False,0.0001429953218483,0.0065202066326732,0.0039974126496678,0.0126330776884706,0.0001429953218483,0.0065202066326732,0.0062041438742935,0.0162669050331036,0.5971881013773713,0.9010438516332286,1.1036915564042882,1.0758061402147074,0.7504152811301318,0.8160465992382462,0.851572175262083,0.8362678997087443,0.8042755160197762,0.8995989136703559
2022_09_PHI_HOU,2022,9,2022-11-03,20:15,Philadelphia Eagles,Houston Texans,Home,Jalen Hurts,Davis Mills,00-0036389,00-0036898,4,4,0,0,6,2,NRG Stadium,29.6847,-95.4093,America/Chicago,False,False,9,9,Thursday,False,False,0,False,False,0,6,2,NFC East,Lincoln Financial Field,39.9008,-75.1675,America/New_York,AFC South,NRG Stadium,29.6847,-95.4093,America/Chicago,Pittsburgh Steelers,Tennessee Titans,Lincoln Financial Field,NRG Stadium,Washington Commanders,New York Giants,Lincoln Financial Field,MetLife Stadium,1342,0,-1342,1342,1.0,0.0,America/New_York,America/Chicago,1.0,0.0,1.0,0.0,1.0,0,4.905,0.035,4.905,0.035,Philadelphia Eagles,4.87,Philadelphia Eagles,4.87,4.905,0.035,Philadelphia Eagles,4.87,0.0,0,No,No,No,No,No,0,No,0.0,0.0,3.065,-6.241,4.392,-0.527,4.392,-0.527,-0.5129999999999999,-0.562,2.5520000000000005,-6.803,Philadelphia Eagles,4.9190000000000005,Philadelphia Eagles,4.9190000000000005,4.392,-0.527,Philadelphia Eagles,4.9190000000000005,Tie,0.0,Philadelphia Eagles,9.306,1.5325,-3.1205,Philadelphia Eagles,4.653,Philadelphia Eagles,0.0490000000000001,Philadelphia Eagles,9.355,1.0195000000000003,-3.6825,Philadelphia Eagles,4.702,Different,Same,Same,Same,Different,Same,True,Away Team,Away Team,45.5,539.0,-702.0,Philadelphia Eagles,Houston Texans,14.0,-14.0,-110,-110,327,-436,0.0490000000000001,-0.0490000000000001,9.355,-9.355,0.8753,0.1565,0.5238,0.5238,0.8134,0.2342,0.8483,0.1517,0.5,0.5,0.7765,0.2235,0.8483,0.1517,0.3483,-0.3483,,,59,0.0,70.0,0.0,Dome,True,J.Hurts,C.Stroud,17.76,18.0,13.73,188.39,Med-High,9.0,27.0,55.05,54.0,13.436388493458702,38.0,72.0,0.1004,0.8996,0.0402,0.0414,0.3642,0.5994,0.7624,0.2376,9,2022-11-03,Philadelphia Eagles @ Houston Texans,0.2439,0.7561,310,-310,,,,,,,,No Bet,,No Bet,,No Bet,,No Bet,,No Bet,,No Bet,,No Bet,,No Bet,,No Bet,,,,,,,,,,,,,,,,,,,,,,,,,,,,,9,0.2021111111111111,-0.2162,Philadelphia Eagles,Houston Texans,1,0,0,1,0,0,1,1,1,1,1,1,0,4.5,0.0,,,407.220681563112,0.9990242795573598,0.3366643865482566,0.0048254337761778,0.2600312636586026,0.0545408746506427,48.06798779845553,0.3049902700470682,8.59591388544819,0.0001339344417412,0.0007489557477198,0.1180391615031611,0.0211087360603908,0.0218576918081106,56.66390168390373,0.3595311446977108,,,724.0,67.0,0.8483,0.1517,0.7321,0.2679,0.9034,0.0964,Philadelphia Eagles,Philadelphia Eagles,Philadelphia Eagles,Philadelphia Eagles,Philadelphia Eagles,Same,Same,Same,False,False,0.000882890189461,0.1391478975635519,0.0048254337761778,0.2600312636586026,0.000882890189461,0.1391478975635519,0.0073733443929534,0.333127624307611,0.302232628078438,1.0855317529896016,1.80015947859568,0.8484637564407439,0.4579065827529586,1.011421737759002,0.21589577642082983,1.1986008477991559,0.5731995005867485,1.0519990505603876
2022_09_LAC_ATL,2022,9,2022-11-06,13:00,Los Angeles Chargers,Atlanta Falcons,Home,Justin Herbert,Marcus Mariota,00-0036355,00-0032268,14,7,7,-7,6,-13,Mercedes-Benz Stadium,33.7489,-84.388,America/New_York,False,False,9,9,Sunday,False,False,0,False,False,0,6,-13,AFC West,SoFi Stadium,33.9535,-118.3395,America/Los_Angeles,NFC South,Mercedes-Benz Stadium,33.7489,-84.388,America/New_York,Seattle Seahawks,Carolina Panthers,SoFi Stadium,Mercedes-Benz Stadium,San Francisco 49ers,Carolina Panthers,Levi's Stadium,Bank of America Stadium,1938,0,-1938,1938,-3.0,0.0,America/Los_Angeles,America/New_York,-3.0,0.0,-3.0,0.0,-3.0,0,0.935,-0.71,0.935,-0.71,Los Angeles Chargers,1.645,Los Angeles Chargers,1.645,0.935,-0.71,Los Angeles Chargers,1.645,-0.4499999999999999,0,No,No,No,No,No,0,No,0.0,0.0,0.998,-6.453,2.404,-1.6909999999999998,2.404,-1.6909999999999998,1.469,-0.981,2.467,-7.434000000000001,Los Angeles Chargers,4.095,Los Angeles Chargers,4.095,2.404,-1.6909999999999998,Los Angeles Chargers,4.095,Tie,0.0,Los Angeles Chargers,7.451,0.499,-3.2265,Los Angeles Chargers,3.7255,Los Angeles Chargers,2.45,Los Angeles Chargers,9.901000000000002,1.968,-4.2075000000000005,Los Angeles Chargers,6.1755,Different,Same,Same,Same,Different,Same,False,Away Team,Away Team,49.5,130.0,-143.0,Los Angeles Chargers,Atlanta Falcons,2.5,-2.5,117,-142,356,-483,2.45,-2.45,9.901000000000002,-9.901000000000002,0.5885,0.4348,0.5868,0.4608,0.8285,0.2193,0.5751,0.4249,0.5601,0.4399,0.7907,0.2093,0.5751,0.4249,0.0751,-0.0751,,,60,0.0,70.0,0.0,Dome,True,J.Herbert,M.Penix,5.05,6.0,13.65,186.31,Med-High,-5.0,14.0,48.26,47.0,13.472644639814344,32.0,66.0,0.3498,0.6488,0.082,0.08,0.3824,0.6176,0.4462,0.5538,9,2022-11-06,Los Angeles Chargers @ Atlanta Falcons,0.356,0.6437,181,-181,,,,,,,,No Bet,,No Bet,,No Bet,,No Bet,,No Bet,,No Bet,,No Bet,,No Bet,,No Bet,,,,,,,,,,,,,,,,,,,,,,,,,,,,,9,-0.0329333333333333,-0.0025624999999999,Los Angeles Chargers,Atlanta Falcons,0,1,1,0,0,0,0,1,1,1,0,1,0,2.0,2.0,,,407.220681563112,0.8614839047285564,0.7780412658195314,0.0044541349161612,0.0083930379325702,0.0520093699647752,0.7321181827181672,0.0703944190791768,0.5409094345973732,0.0001277178992116,0.0001728655303285,0.0017978413569466,0.0013282955878397,0.0015011611181683,1.2730276173155404,0.122403789043952,,,724.0,67.0,0.5751,0.4249,0.6465,0.3532,0.6582,0.3404,Los Angeles Chargers,Los Angeles Chargers,Los Angeles Chargers,Los Angeles Chargers,Los Angeles Chargers,Same,Same,Same,False,False,0.0003005834295402,0.0031261369447863,0.0044541349161612,0.0083930379325702,0.0003005834295402,0.0031261369447863,0.0071326796898029,0.0117371940499592,0.5917681924905002,0.7959961885775427,1.1766980597356091,1.4719251753008125,0.3091771003137172,1.1601512201982431,0.4968479793338025,0.9176486448861849,0.5816678268010982,1.0435307243460366
2022_09_MIA_CHI,2022,9,2022-11-06,13:00,Miami Dolphins,Chicago Bears,Home,Tua Tagovailoa,Justin Fields,00-0036212,00-0036945,7,7,0,0,4,3,Soldier Field,41.8623,-87.6167,America/Chicago,False,True,9,9,Sunday,False,False,0,False,False,0,4,3,AFC East,Hard Rock Stadium,25.9602,-80.2384,America/New_York,NFC North,Soldier Field,41.8623,-87.6167,America/Chicago,Detroit Lions,Dallas Cowboys,Ford Field,AT&T Stadium,Cleveland Browns,Detroit Lions,Hard Rock Stadium,Soldier Field,1175,0,-1175,1175,1.0,0.0,America/Detroit,America/Chicago,1.0,0.0,1.0,0.0,1.0,0,0.66,-1.575,0.66,-1.575,Miami Dolphins,2.235,Miami Dolphins,2.235,0.66,-1.575,Miami Dolphins,2.235,0.0,0,No,No,No,No,No,0,No,0.0,0.0,1.001,-5.152,-0.3445,-0.1994999999999998,-0.3445,-0.1994999999999998,-1.0045000000000002,1.3755000000000002,-0.0035000000000002,-3.7765,Chicago Bears,0.1450000000000002,Chicago Bears,0.1450000000000002,-0.3445,-0.1994999999999998,Chicago Bears,0.1450000000000002,Tie,0.0,Miami Dolphins,6.1530000000000005,0.5005,-2.576,Miami Dolphins,3.0765,Chicago Bears,2.3800000000000003,Miami Dolphins,3.7729999999999992,-0.5040000000000002,-1.2004999999999997,Miami Dolphins,0.6964999999999995,Different,Different,Same,Different,Different,Same,False,Home Team,Away Team,46.0,172.0,-193.0,Miami Dolphins,Chicago Bears,4.0,-4.0,-142,117,171,-211,-2.3800000000000003,2.3800000000000003,3.7729999999999992,-3.7729999999999992,0.6587,0.3676,0.4608,0.5868,0.6785,0.369,0.6418,0.3582,0.4399,0.5601,0.6477,0.3523,0.6418,0.3582,0.1418,-0.1418,58.0,17.0,61,17.0,58.0,0.0,nfl_read_py Fallback,False,T.Tagovailoa,C.Williams,3.31,4.0,14.13,199.7,High,-7.0,13.0,44.08,43.0,13.204054089895337,27.0,61.0,0.3964,0.6026,0.0902,0.0854,0.4804,0.4918,0.42,0.556,9,2022-11-06,Miami Dolphins @ Chicago Bears,0.4168,0.583,140,-140,,,,,,,,No Bet,,No Bet,,No Bet,,No Bet,,No Bet,,No Bet,,No Bet,,No Bet,,No Bet,,,,,,,,,,,,,,,,,,,,,,,,,,,,,9,0.0447749999999999,-0.15805,Miami Dolphins,Chicago Bears,0,0,0,1,0,0,0,1,0,1,0,1,0,2.5,0.5,,,407.220681563112,0.9597927454274248,0.8460575196147369,0.0044630536930861,0.0282630554999804,0.0518355116341008,5.489916173370673,0.0928755761216245,3.0640199023081567,0.0001272909603587,0.000228071854713,0.0134814276924681,0.0075242246797165,0.0077522965344296,8.55393607567883,0.1447110877557254,,,724.0,67.0,0.6418,0.3582,0.5667,0.4329,0.5898,0.4086,Miami Dolphins,Miami Dolphins,Miami Dolphins,Miami Dolphins,Miami Dolphins,Same,Same,Same,False,False,0.0003553628150718,0.0210056523721846,0.0044630536930861,0.0282630554999804,0.0003553628150718,0.0210056523721846,0.0071134942779987,0.0327457680475186,0.5092078235855951,0.8785565574824471,1.5503796219990376,1.098243613037384,0.5314821260117729,0.9378461945001875,0.5738563629291759,0.8406402612908093,0.697293266262735,0.9279052848844005
2022_09_CAR_CIN,2022,9,2022-11-06,13:00,Carolina Panthers,Cincinnati Bengals,Home,Phillip Walker,Joe Burrow,00-0033275,00-0036442,7,6,1,-1,2,2,Paycor Stadium,39.0955,-84.5165,America/New_York,False,True,9,9,Sunday,False,False,0,False,False,0,2,2,NFC South,Bank of America Stadium,35.2258,-80.8528,America/New_York,AFC North,Paycor Stadium,39.0955,-84.5165,America/New_York,Atlanta Falcons,Cleveland Browns,Mercedes-Benz Stadium,FirstEnergy Stadium,Atlanta Falcons,Pittsburgh Steelers,Bank of America Stadium,Acrisure Stadium,335,0,-335,335,0.0,0.0,America/New_York,America/New_York,0.0,0.0,0.0,0.0,0.0,0,-5.25,1.31,-5.25,1.31,Cincinnati Bengals,6.5600000000000005,Cincinnati Bengals,6.5600000000000005,-5.25,1.31,Cincinnati Bengals,6.5600000000000005,0.0,0,No,No,No,No,No,0,Yes,0.0,0.0,-3.675,2.648,-4.468500000000001,1.0470000000000002,-4.468500000000001,1.0470000000000002,0.7815000000000001,-0.263,-2.8934999999999995,2.385,Cincinnati Bengals,5.515500000000001,Cincinnati Bengals,5.515500000000001,-4.468500000000001,1.0470000000000002,Cincinnati Bengals,5.515500000000001,Tie,0.0,Cincinnati Bengals,6.323,-1.8375,1.324,Cincinnati Bengals,3.1615,Carolina Panthers,1.0445000000000002,Cincinnati Bengals,5.278499999999999,-1.0559999999999996,1.0610000000000002,Cincinnati Bengals,2.117,Different,Same,Different,Same,Different,Same,False,Away Team,Home Team,43.0,-331.0,282.0,Cincinnati Bengals,Carolina Panthers,-7.0,7.0,101,-122,-244,195,1.0445000000000002,-1.0445000000000002,-5.278499999999999,5.278499999999999,0.2618,0.768,0.5495,0.4975,0.339,0.7093,0.2542,0.7458,0.5248,0.4752,0.3234,0.6766,0.2542,0.7458,-0.2458,0.2458,68.0,11.0,62,11.0,68.0,0.0,nfl_read_py Fallback,False,B.Young,J.Browning,0.03,1.0,13.86,192.16,Med-High,-10.0,10.0,44.12,43.0,12.7622972417264,28.0,61.0,0.4968,0.503,0.0926,0.0872,0.2994,0.6606,0.4892,0.463,9,2022-11-06,Carolina Panthers @ Cincinnati Bengals,0.5986,0.4014,-149,149,,,,,,,,No Bet,,No Bet,,No Bet,,No Bet,,No Bet,,No Bet,,No Bet,,No Bet,,No Bet,,,,,,,,,,,,,,,,,,,,,,,,,,,,,9,-0.099675,0.1078142857142857,Cincinnati Bengals,Carolina Panthers,0,1,1,0,0,1,1,0,1,1,1,1,0,1.0,3.5,,,407.220681563112,0.4915607026623348,0.9996708898509432,0.0781712875678013,0.0045473518880582,38.75059091484656,0.0297091302495691,13.20783079988468,0.0871639234466117,0.0951587005996425,0.0324340864741608,7.295584825292032e-05,0.0002140459151338,0.0326481323892946,0.1168730536961809,51.95842171473124,,,724.0,67.0,0.2542,0.7458,0.3514,0.6483,0.287,0.712,Cincinnati Bengals,Cincinnati Bengals,Cincinnati Bengals,Carolina Panthers,Cincinnati Bengals,Same,Different,Same,False,False,0.1275927870738034,0.0002870017633867,0.0781712875678013,0.0045473518880582,0.1275927870738034,0.0002870017633867,0.0477641867931478,0.0072908875079579,1.002578661549924,0.385185719518118,1.0692076540237576,1.5794155810126647,0.9520546813092162,0.5172736392027457,0.6614810477418899,0.753015576478096,0.9123221442872285,0.7128764068599069
2022_09_GB_DET,2022,9,2022-11-06,13:00,Green Bay Packers,Detroit Lions,Home,Aaron Rodgers,Jared Goff,00-0023459,00-0033106,7,7,0,0,-10,8,Ford Field,42.3395,-83.045,America/Detroit,False,True,9,9,Sunday,False,False,0,False,False,0,-10,8,NFC North,Lambeau Field,44.5013,-88.0622,America/Chicago,NFC North,Ford Field,42.3395,-83.045,America/Detroit,Buffalo Bills,Miami Dolphins,Highmark Stadium,Ford Field,Dallas Cowboys,Chicago Bears,Lambeau Field,Soldier Field,292,0,-292,292,-1.0,0.0,America/New_York,America/Detroit,0.0,0.0,-1.0,0.0,-1.0,0,3.535,4.305,3.535,4.305,Detroit Lions,0.7699999999999996,Detroit Lions,0.7699999999999996,3.535,4.305,Detroit Lions,0.7699999999999996,0.0,0,No,No,No,No,No,1,No,0.0,0.0,1.303,-6.697,1.0203449999999998,5.317155,1.0203449999999998,5.317155,-2.522355,1.019855,-1.299355,-5.597145,Detroit Lions,4.29681,Detroit Lions,4.29681,1.0203449999999998,5.317155,Detroit Lions,4.29681,Tie,0.0,Green Bay Packers,8.0,0.6515,-3.3485,Green Bay Packers,4.0,Detroit Lions,3.54221,Green Bay Packers,4.29779,-1.910855,-2.2886450000000003,Green Bay Packers,0.37779,Different,Different,Same,Different,Different,Same,False,Home Team,Away Team,49.5,170.0,-191.0,Green Bay Packers,Detroit Lions,4.0,-4.0,-191,156,181,-224,-3.54221,3.54221,4.29779,-4.29779,0.6564,0.3704,0.3906,0.6564,0.6914,0.3559,0.6393,0.3607,0.3731,0.6269,0.6602,0.3398,0.6393,0.3607,0.1393,-0.1393,,,63,0.0,70.0,0.0,Dome,True,J.Love,J.Goff,-6.23,-7.0,13.93,194.16,Med-High,-16.0,4.0,48.21,47.0,13.215967051904428,32.0,65.0,0.6684,0.331,0.0824,0.0786,0.7376,0.2426,0.4538,0.5462,9,2022-11-06,Green Bay Packers @ Detroit Lions,0.499,0.5009,100,-100,,,,,,,,No Bet,,No Bet,,No Bet,,No Bet,,No Bet,,No Bet,,No Bet,,No Bet,,No Bet,,,,,,,,,,,,,,,,,,,,,,,,,,,,,9,0.04235,-0.0492666666666666,Green Bay Packers,Detroit Lions,1,0,0,1,0,1,0,0,1,1,0,1,1,2.5,1.5,,,407.220681563112,0.9924193242023372,0.159026231235478,0.0045139208032962,0.008707077625165,0.0247055264307725,1.9239469803057767,0.0437877544973465,1.08551177193226,6.066864368464951e-05,0.0001075283169048,0.0047245807185448,0.0026656597296717,0.0027731880465766,3.009458752238037,0.0684932809281191,,,724.0,67.0,0.6393,0.3607,0.5098,0.4899,0.3216,0.6772,Green Bay Packers,Detroit Lions,Green Bay Packers,Detroit Lions,Green Bay Packers,Same,Same,Same,False,False,0.0001681969605895,0.0073902404482165,0.0045139208032962,0.008707077625165,0.0001681969605895,0.0073902404482165,0.0073098424441612,0.0096323868251511,0.5026859842259045,0.8850783968421364,1.6719730056112239,0.9766502294252012,0.5016486376688665,0.9676796828430928,0.9475704586176056,0.46692616560237876,0.8145545274207346,0.8106440237264011
2022_09_LV_JAX,2022,9,2022-11-06,13:00,Las Vegas Raiders,Jacksonville Jaguars,Home,Derek Carr,Trevor Lawrence,00-0031280,00-0036971,7,7,0,0,-3,-6,TIAA Bank Field,30.3239,-81.6554,America/New_York,False,True,9,9,Sunday,False,False,0,False,False,0,-3,-6,AFC West,Allegiant Stadium,36.108,-115.1578,America/Los_Angeles,AFC South,TIAA Bank Field,30.3239,-81.6554,America/New_York,New Orleans Saints,Denver Broncos,Caesars Superdome,TIAA Bank Field,Indianapolis Colts,Kansas City Chiefs,Allegiant Stadium,GEHA Field at Arrowhead Stadium,1966,0,-1966,1966,-3.0,0.0,America/Chicago,America/New_York,-1.0,0.0,-3.0,0.0,-3.0,0,-2.35,-1.825,-2.35,-1.825,Jacksonville Jaguars,0.5250000000000001,Jacksonville Jaguars,0.5250000000000001,-2.35,-1.825,Jacksonville Jaguars,0.5250000000000001,-0.4499999999999999,0,No,No,No,No,No,0,No,0.0,0.0,0.872,-2.443,-4.8355,-1.17,-4.8355,-1.17,-2.4855,0.6549999999999999,-1.6135000000000002,-1.7880000000000005,Jacksonville Jaguars,3.6655,Jacksonville Jaguars,3.6655,-4.8355,-1.17,Jacksonville Jaguars,3.6655,Tie,0.0,Las Vegas Raiders,3.315,0.436,-1.2215,Las Vegas Raiders,1.6575,Jacksonville Jaguars,3.1405,Las Vegas Raiders,0.1745000000000001,-2.0495,-0.5665000000000002,Jacksonville Jaguars,1.483,Different,Different,Same,Different,Different,Same,False,Home Team,Away Team,47.5,116.0,-129.0,Las Vegas Raiders,Jacksonville Jaguars,2.5,-2.5,-164,135,-110,-110,-3.1405,3.1405,0.1745000000000001,-0.1745000000000001,0.5633,0.463,0.4255,0.6212,0.5238,0.5238,0.5489,0.4511,0.4065,0.5935,0.5,0.5,0.5489,0.4511,0.0489,-0.0489,81.0,14.0,64,14.0,81.0,0.0,nfl_read_py Fallback,False,G.Smith,T.Lawrence,-0.44,-1.0,13.84,191.45,Med-High,-10.0,9.0,55.25,55.0,14.41742208065958,37.0,74.0,0.5036,0.4952,0.0944,0.0888,0.544,0.456,0.6834,0.3166,9,2022-11-06,Las Vegas Raiders @ Jacksonville Jaguars,0.512,0.4876,-105,105,,,,,,,,No Bet,,No Bet,,No Bet,,No Bet,,No Bet,,No Bet,,No Bet,,No Bet,,No Bet,,,,,,,,,,,,,,,,,,,,,,,,,,,,,9,-0.0424666666666666,-0.0478499999999999,Las Vegas Raiders,Jacksonville Jaguars,0,0,1,0,0,0,1,1,1,0,1,1,0,2.0,1.5,,,407.220681563112,0.8490307604432541,0.8305787817888463,0.0046814406184689,0.0079543437497869,0.0314607260251718,0.4420113835301751,0.0382815174356391,0.363256212626092,7.725719112401209e-05,9.400681048098036e-05,0.0010854345163254,0.0008920377305782,0.0009860445410592,0.8052675961562671,0.0697422434608109,,,724.0,67.0,0.5489,0.4511,0.5486,0.4511,0.4172,0.5816,Las Vegas Raiders,Jacksonville Jaguars,Las Vegas Raiders,Jacksonville Jaguars,Jacksonville Jaguars,Same,Same,Different,False,False,0.0001712640016049,0.0019774722469037,0.0046814406184689,0.0079543437497869,0.0001712640016049,0.0019774722469037,0.0075773415446758,0.0117347882036299,0.6277936279400513,0.7599707531279912,1.5812926788901522,1.0673305561462687,0.7367199639614391,0.7326083565505217,0.7142138388682603,0.7002827853517255,0.8348940928636072,0.7903044582835282
2022_09_IND_NE,2022,9,2022-11-06,13:00,Indianapolis Colts,New England Patriots,Home,Sam Ehlinger,Mac Jones,00-0036879,00-0036972,7,7,0,0,-7,-4,Gillette Stadium,42.0628,-71.2687,America/New_York,False,False,9,9,Sunday,False,False,0,False,False,0,-7,-4,AFC South,Lucas Oil Stadium,39.7601,-86.1638,America/Indiana/Indianapolis,AFC East,Gillette Stadium,42.0628,-71.2687,America/New_York,Washington Commanders,New York Jets,Lucas Oil Stadium,MetLife Stadium,Las Vegas Raiders,New York Jets,Allegiant Stadium,Gillette Stadium,792,0,-792,792,0.0,0.0,America/Indiana/Indianapolis,America/New_York,0.0,0.0,0.0,0.0,0.0,0,-2.265,-1.995,-2.265,-1.995,New England Patriots,0.27,New England Patriots,0.27,-2.265,-1.995,New England Patriots,0.27,0.0,0,No,No,No,No,No,0,No,0.0,0.0,-1.583,0.436,-4.0360000000000005,-1.8365,-4.0360000000000005,-1.8365,-1.771,0.1584999999999999,-3.354,0.5945,New England Patriots,2.1995000000000005,New England Patriots,2.1995000000000005,-4.0360000000000005,-1.8365,New England Patriots,2.1995000000000005,Tie,0.0,New England Patriots,2.019,-0.7915,0.218,New England Patriots,1.0095,New England Patriots,1.9295,New England Patriots,3.9485,-2.5625,0.3765,New England Patriots,2.939,Different,Same,Same,Same,Different,Same,False,Home Team,Home Team,40.0,-212.0,188.0,New England Patriots,Indianapolis Colts,-5.0,5.0,-131,108,-211,171,-1.9295,1.9295,-3.9485,3.9485,0.3472,0.6795,0.4808,0.5671,0.369,0.6785,0.3382,0.6618,0.4588,0.5412,0.3523,0.6477,0.3382,0.6618,-0.1618,0.1618,78.0,13.0,65,13.0,78.0,0.0,nfl_read_py Fallback,False,D.Jones,D.Maye,-3.33,-4.0,14.21,202.03,High,-13.0,7.0,41.9,41.0,12.855887786152849,26.0,59.0,0.5934,0.4054,0.0824,0.0832,0.4726,0.507,0.5146,0.4448,9,2022-11-06,Indianapolis Colts @ New England Patriots,0.611,0.3887,-157,157,,,,,,,,No Bet,,No Bet,,No Bet,,No Bet,,No Bet,,No Bet,,No Bet,,No Bet,,No Bet,,,,,,,,,,,,,,,,,,,,,,,,,,,,,9,-0.1225375,-0.0406875,New England Patriots,Indianapolis Colts,0,1,1,0,0,0,0,1,1,1,0,1,0,1.0,2.0,,,407.220681563112,0.6875319041385526,0.9779745505026683,0.0708794676080295,0.0043726329345038,12.338867616703611,0.0195732791297851,6.30553796912838,0.0383015852397746,0.030300198824237,0.0154843264465956,4.806553305360941e-05,9.40560904047271e-05,0.0155783825370003,0.0578748643695597,18.644405585832,,,724.0,67.0,0.3382,0.6618,0.4328,0.5668,0.406,0.5922,New England Patriots,New England Patriots,New England Patriots,New England Patriots,New England Patriots,Same,Same,Same,False,False,0.0457845252708326,0.0001421216234583,0.0708794676080295,0.0043726329345038,0.0457845252708326,0.0001421216234583,0.0861084739221061,0.0070986069397048,0.8848796827666194,0.5028846983014231,1.2518842627615883,1.3967389722748371,0.9124828351925496,0.5568454853194095,0.8023121890570832,0.6121844351629034,0.9384879501413357,0.6867106010058001
2022_09_BUF_NYJ,2022,9,2022-11-06,13:00,Buffalo Bills,New York Jets,Home,Josh Allen,Zach Wilson,00-0034857,00-0037013,7,7,0,0,10,-4,MetLife Stadium,40.8136,-74.0744,America/New_York,False,False,9,9,Sunday,False,False,0,False,False,0,10,-4,AFC East,Highmark Stadium,42.7725,-78.7877,America/New_York,AFC East,MetLife Stadium,40.8136,-74.0744,America/New_York,Green Bay Packers,New England Patriots,Highmark Stadium,MetLife Stadium,Minnesota Vikings,New England Patriots,Highmark Stadium,Gillette Stadium,278,0,-278,278,0.0,0.0,America/New_York,America/New_York,0.0,0.0,0.0,0.0,0.0,0,4.795,-3.725,4.795,-3.725,Buffalo Bills,8.52,Buffalo Bills,8.52,4.795,-3.725,Buffalo Bills,8.52,0.0,0,No,No,No,No,No,1,No,0.0,0.0,11.21,-6.163,4.82069,-4.2746900000000005,4.82069,-4.2746900000000005,0.1108899999999999,-0.6348900000000001,11.14716,-6.624160000000001,Buffalo Bills,9.09538,Buffalo Bills,9.09538,4.82069,-4.2746900000000005,Buffalo Bills,9.09538,Tie,0.0,Buffalo Bills,17.373,5.605,-3.0815,Buffalo Bills,8.6865,Buffalo Bills,0.7457800000000001,Buffalo Bills,17.77132,5.629025,-3.629525000000001,Buffalo Bills,9.25855,Different,Same,Same,Same,Different,Same,False,Away Team,Away Team,46.0,400.0,-494.0,Buffalo Bills,New York Jets,11.0,-11.0,-104,-116,986,-2149,0.7457800000000001,-0.7457800000000001,17.77132,-17.77132,0.8316,0.2,0.537,0.5098,0.9555,0.0921,0.8061,0.1939,0.513,0.487,0.9121,0.0879,0.8061,0.1939,0.3061,-0.3061,69.0,17.0,66,17.0,69.0,0.0,nfl_read_py Fallback,False,J.Allen,J.Fields,8.89,10.0,14.25,203.09,High,-1.0,19.0,40.85,40.0,12.627888420206704,25.0,57.0,0.2624,0.737,0.0674,0.067,0.5212,0.451,0.3126,0.6572,9,2022-11-06,Buffalo Bills @ New York Jets,0.2578,0.7421,288,-288,,,,,,,,No Bet,,No Bet,,No Bet,,No Bet,,No Bet,,No Bet,,No Bet,,No Bet,,No Bet,,,,,,,,,,,,,,,,,,,,,,,,,,,,,9,0.2393375,-0.0289625,Buffalo Bills,New York Jets,1,0,0,1,1,1,0,0,1,1,1,1,1,4.5,2.0,,,407.220681563112,0.9953687614599104,0.4057603021674652,0.0044909145103197,0.1542683141798161,0.0122577032959287,43.493509785529234,0.0509589202003516,10.461966936377769,3.0100885959125927e-05,0.0001251383402354,0.1068057487124177,0.0256911483380942,0.0258162866783297,53.95547672190701,0.0632166234962803,,,724.0,67.0,0.8061,0.1939,0.7311,0.2686,0.7282,0.2708,Buffalo Bills,Buffalo Bills,Buffalo Bills,Buffalo Bills,Buffalo Bills,Same,Same,Same,False,False,0.0001552392261945,0.132496897050512,0.0044909145103197,0.1542683141798161,0.0001552392261945,0.132496897050512,0.0072807783426915,0.1671286968389523,0.32790194088800956,1.0598624401800336,1.629673714663916,1.0189495203725065,0.16854964819264184,1.3007786723193184,0.44337901372656113,0.9711176104934243,0.5260176558641367,1.0991808952829996
2022_09_MIN_WAS,2022,9,2022-11-06,13:00,Minnesota Vikings,Washington Commanders,Home,Kirk Cousins,Taylor Heinicke,00-0029604,00-0031800,7,7,0,0,3,5,FedExField,38.9077,-76.8645,America/New_York,False,False,9,9,Sunday,False,False,0,False,False,0,3,5,NFC North,U.S. Bank Stadium,44.9738,-93.2575,America/Chicago,NFC East,FedExField,38.9077,-76.8645,America/New_York,Arizona Cardinals,Indianapolis Colts,U.S. Bank Stadium,Lucas Oil Stadium,Buffalo Bills,Philadelphia Eagles,Highmark Stadium,Lincoln Financial Field,938,0,-938,938,-1.0,0.0,America/Chicago,America/Indiana/Indianapolis,-1.0,0.0,-1.0,0.0,-1.0,0,0.27,1.45,0.27,1.45,Washington Commanders,1.18,Washington Commanders,1.18,0.27,1.45,Washington Commanders,1.18,0.0,0,No,No,No,No,No,0,No,0.0,0.0,-1.753,-7.066,-1.576,2.122,-1.576,2.122,-1.846,0.6719999999999999,-3.599,-6.394,Washington Commanders,3.698,Washington Commanders,3.698,-1.576,2.122,Washington Commanders,3.698,Tie,0.0,Minnesota Vikings,5.313,-0.8765,-3.533,Minnesota Vikings,2.6565,Washington Commanders,2.518,Minnesota Vikings,2.795,-2.7225,-2.861,Minnesota Vikings,0.1385,Different,Different,Same,Different,Different,Same,False,Home Team,Away Team,43.5,151.0,-169.0,Minnesota Vikings,Washington Commanders,3.0,-3.0,-142,117,135,-164,-2.518,2.518,2.795,-2.795,0.6283,0.3984,0.4608,0.5868,0.6212,0.4255,0.6119,0.3881,0.4399,0.5601,0.5935,0.4065,0.6119,0.3881,0.1119,-0.1119,71.0,11.0,67,11.0,71.0,0.0,nfl_read_py Fallback,False,C.Wentz,J.Daniels,1.34,3.0,13.06,170.57,Medium,-8.0,10.0,44.65,44.0,13.279837267661495,29.0,62.0,0.4514,0.5472,0.1008,0.0892,0.4906,0.455,0.5036,0.4964,9,2022-11-06,Minnesota Vikings @ Washington Commanders,0.4515,0.5481,121,-121,,,,,,,,No Bet,,No Bet,,No Bet,,No Bet,,No Bet,,No Bet,,No Bet,,No Bet,,No Bet,,,,,,,,,,,,,,,,,,,,,,,,,,,,,9,0.0238888888888888,-0.0411249999999999,Minnesota Vikings,Washington Commanders,0,1,1,0,1,0,0,1,1,1,1,1,0,2.5,2.0,,,407.220681563112,0.9626757510322598,0.5726863527954171,0.0045089245135922,0.0109195034647053,0.0566136456240469,0.771161820375249,0.0892602158138477,0.4891124407380849,0.000139024485217,0.0002191937194133,0.0018937196839196,0.0012010992144618,0.0014202929338752,1.260274261113334,0.1458738614378947,,,724.0,67.0,0.6119,0.3881,0.5315,0.4682,0.4788,0.5202,Minnesota Vikings,Washington Commanders,Minnesota Vikings,Minnesota Vikings,Minnesota Vikings,Same,Different,Same,False,False,0.0003582182046303,0.0030948188983815,0.0045089245135922,0.0109195034647053,0.0003582182046303,0.0030948188983815,0.0071855081517252,0.0158189845297762,0.5419297792306699,0.8458346018373719,1.5021203870741304,1.1465028479622936,0.6011782106254162,0.8681501098865445,0.6421434829639344,0.7723531412560517,0.7392099419778894,0.8859886091692468
2022_09_SEA_ARI,2022,9,2022-11-06,16:05,Seattle Seahawks,Arizona Cardinals,Home,Geno Smith,Kyler Murray,00-0030565,00-0035228,7,7,0,0,0,-4,State Farm Stadium,33.5277,-112.262608,America/Denver,False,False,9,9,Sunday,False,False,0,False,False,0,0,-4,NFC West,Lumen Field,47.5952,-122.3316,America/Los_Angeles,NFC West,State Farm Stadium,33.5277,-112.262608,America/Denver,New York Giants,Minnesota Vikings,Lumen Field,U.S. Bank Stadium,Tampa Bay Buccaneers,Los Angeles Rams,Raymond James Stadium,SoFi Stadium,1103,0,-1103,1103,-1.0,0.0,America/Los_Angeles,America/Chicago,-1.0,1.0,-1.0,0.0,-1.0,0,-0.13,0.075,-0.13,0.075,Arizona Cardinals,0.205,Arizona Cardinals,0.205,-0.13,0.075,Arizona Cardinals,0.205,0.0,0,No,No,No,No,No,1,No,0.0,0.0,-1.539,-2.282,-0.144015,-1.664485,-0.144015,-1.664485,-0.016065,-1.7374349999999998,-1.562495,-4.012005,Seattle Seahawks,1.52047,Seattle Seahawks,1.52047,-0.144015,-1.664485,Seattle Seahawks,1.52047,Tie,0.0,Seattle Seahawks,0.7430000000000001,-0.7695,-1.141,Seattle Seahawks,0.3715,Seattle Seahawks,1.7213699999999998,Seattle Seahawks,2.44951,-0.78928,-2.87472,Seattle Seahawks,2.08544,Different,Different,Same,Same,Different,Same,False,Away Team,Away Team,49.5,-128.0,116.0,Arizona Cardinals,Seattle Seahawks,-1.5,1.5,105,-128,117,-142,1.7213699999999998,-1.7213699999999998,2.44951,-2.44951,0.463,0.5614,0.5614,0.4878,0.5868,0.4608,0.452,0.548,0.5351,0.4649,0.5601,0.4399,0.452,0.548,-0.048,0.048,,,68,0.0,70.0,0.0,Dome,True,S.Darnold,K.Murray,0.62,1.0,14.55,211.84,High,-10.0,11.0,52.38,52.0,13.584540356866752,36.0,70.0,0.4894,0.51,0.0734,0.0798,0.703,0.2612,0.7072,0.2928,9,2022-11-06,Seattle Seahawks @ Arizona Cardinals,0.4856,0.5143,106,-106,,,,,,,,No Bet,,No Bet,,No Bet,,No Bet,,No Bet,,No Bet,,No Bet,,No Bet,,No Bet,,,,,,,,,,,,,,,,,,,,,,,,,,,,,9,0.0254624999999999,-0.1739625,Arizona Cardinals,Seattle Seahawks,0,0,0,1,0,0,1,0,0,1,1,0,1,2.5,0.5,,,407.220681563112,0.98046082754034,0.9722400259298468,0.0099880708848968,0.0048200269942636,1.4118577498397409,0.0591974971059895,1.1645250053422678,0.0717704168453148,0.0034670580689083,0.0028596902320192,0.0001453695742533,0.000176244528077,0.0030359347600963,0.1309679139513043,2.5763827551820087,,,724.0,67.0,0.452,0.548,0.5128,0.487,0.5746,0.4248,Arizona Cardinals,Seattle Seahawks,Seattle Seahawks,Seattle Seahawks,Seattle Seahawks,Same,Same,Same,False,False,0.0063267483009276,0.0003216141023304,0.0099880708848968,0.0048200269942636,0.0063267483009276,0.0003216141023304,0.0123431545732745,0.0077081721616124,0.7576932122992064,0.6300711687688358,1.2161269736461533,1.4324962613902708,0.6431631126650906,0.8261652078468711,0.6892986391622321,0.725197985057754,0.7847901718342253,0.8404083793129106
2022_09_LA_TB,2022,9,2022-11-06,16:25,Los Angeles Rams,Tampa Bay Buccaneers,Home,Matthew Stafford,Tom Brady,00-0026498,00-0019596,7,10,-3,3,6,3,Raymond James Stadium,27.9759,-82.5033,America/New_York,False,False,9,9,Sunday,False,False,0,False,False,0,6,3,NFC West,SoFi Stadium,33.9535,-118.3395,America/Los_Angeles,NFC South,Raymond James Stadium,27.9759,-82.5033,America/New_York,San Francisco 49ers,Baltimore Ravens,SoFi Stadium,Raymond James Stadium,Arizona Cardinals,Seattle Seahawks,SoFi Stadium,Raymond James Stadium,2150,0,-2150,2150,-3.0,0.0,America/Los_Angeles,America/New_York,-3.0,0.0,-3.0,0.0,-3.0,0,1.29,1.025,1.29,1.025,Los Angeles Rams,0.2650000000000001,Los Angeles Rams,0.2650000000000001,1.29,1.025,Los Angeles Rams,0.2650000000000001,-0.4499999999999999,0,No,No,No,No,No,0,No,0.0,0.0,6.103,3.401,1.1735000000000002,0.3934999999999999,1.1735000000000002,0.3934999999999999,-0.1164999999999998,-0.6315,5.9865,2.7695,Los Angeles Rams,0.7800000000000002,Los Angeles Rams,0.7800000000000002,1.1735000000000002,0.3934999999999999,Los Angeles Rams,0.7800000000000002,Tie,0.0,Los Angeles Rams,2.702,3.0515,1.7005,Los Angeles Rams,1.351,Los Angeles Rams,0.5150000000000001,Los Angeles Rams,3.2170000000000005,2.935,1.069,Los Angeles Rams,1.866,Different,Same,Same,Same,Different,Same,False,Away Team,Away Team,43.0,-158.0,142.0,Tampa Bay Buccaneers,Los Angeles Rams,-3.0,3.0,-104,-116,135,-164,0.5150000000000001,-0.5150000000000001,3.2170000000000005,-3.2170000000000005,0.4132,0.6124,0.537,0.5098,0.6212,0.4255,0.4029,0.5971,0.513,0.487,0.5935,0.4065,0.4029,0.5971,-0.0971,0.0971,88.0,2.0,69,2.0,88.0,0.0,nfl_read_py Fallback,False,M.Stafford,B.Mayfield,4.01,5.0,13.1,171.51,Medium,-6.0,13.0,44.79,44.0,12.870695350281585,29.0,61.0,0.3792,0.6198,0.088,0.089,0.2996,0.6546,0.5208,0.4382,9,2022-11-06,Los Angeles Rams @ Tampa Bay Buccaneers,0.4674,0.5323,114,-114,,,,,,,,No Bet,,No Bet,,No Bet,,No Bet,,No Bet,,No Bet,,No Bet,,No Bet,,No Bet,,,,,,,,,,,,,,,,,,,,,,,,,,,,,9,-0.1677555555555555,0.030925,Tampa Bay Buccaneers,Los Angeles Rams,0,0,1,0,0,0,0,0,1,0,0,0,0,0.5,2.5,,,407.220681563112,0.2553973645103224,0.427502803984141,0.0054899991471758,0.002072348825254,0.6275042870694115,0.0290721898915069,0.4234156376825756,0.0430851441653482,0.0015409440519099,0.0010397694833604,7.13917323155438e-05,0.0001058029371199,0.0011455724204803,0.0721573340568552,1.0509199247519871,,,724.0,67.0,0.4029,0.5971,0.512,0.4878,0.6168,0.3824,Tampa Bay Buccaneers,Los Angeles Rams,Los Angeles Rams,Los Angeles Rams,Los Angeles Rams,Same,Same,Same,False,False,0.0025807135352704,0.0001771946694354,0.0054899991471758,0.002072348825254,0.0025807135352704,0.0001771946694354,0.007402851329925,0.003378223903588,0.8268338842336497,0.5609304968343928,1.2797447772443313,1.3688784577920927,0.595213403803441,0.8741149167085208,0.5345385113528804,0.8799581128671048,0.7567141351032489,0.8684844160438867
2022_09_TEN_KC,2022,9,2022-11-06,20:20,Tennessee Titans,Kansas City Chiefs,Home,Malik Willis,Patrick Mahomes,00-0038128,00-0033873,7,14,-7,7,-4,9,GEHA Field at Arrowhead Stadium,39.0489,-94.4839,America/Chicago,False,True,9,9,Sunday,False,False,0,False,False,0,-4,9,AFC South,Nissan Stadium,36.1664,-86.7716,America/Chicago,AFC West,GEHA Field at Arrowhead Stadium,39.0489,-94.4839,America/Chicago,Houston Texans,San Francisco 49ers,NRG Stadium,Levi's Stadium,Denver Broncos,Jacksonville Jaguars,Nissan Stadium,GEHA Field at Arrowhead Stadium,466,0,-466,466,0.0,0.0,America/Chicago,America/Los_Angeles,0.0,-2.0,0.0,0.0,0.0,0,-4.36,4.395,-4.36,4.395,Kansas City Chiefs,8.754999999999999,Kansas City Chiefs,8.754999999999999,-4.36,4.395,Kansas City Chiefs,8.754999999999999,0.0,0,No,No,No,No,No,0,No,0.0,0.0,0.3,8.203,-5.277000000000001,5.3205,-5.277000000000001,5.3205,-0.917,0.9255,-0.617,9.1285,Kansas City Chiefs,10.5975,Kansas City Chiefs,10.5975,-5.277000000000001,5.3205,Kansas City Chiefs,10.5975,Tie,0.0,Kansas City Chiefs,7.903,0.15,4.1015,Kansas City Chiefs,3.9515,Kansas City Chiefs,1.8425,Kansas City Chiefs,9.7455,-0.767,5.026999999999999,Kansas City Chiefs,5.794,Different,Same,Same,Same,Different,Same,False,Home Team,Home Team,45.0,-689.0,530.0,Kansas City Chiefs,Tennessee Titans,-14.0,14.0,-131,108,-436,327,-1.8425,1.8425,-9.7455,9.7455,0.1587,0.8733,0.4808,0.5671,0.2342,0.8134,0.1538,0.8462,0.4588,0.5412,0.2235,0.7765,0.1538,0.8462,-0.3462,0.3462,54.0,7.0,70,7.0,54.0,0.0,nfl_read_py Fallback,False,C.Ward,P.Mahomes,-14.72,-15.0,13.17,173.42,Medium,-23.0,-6.0,50.31,50.0,13.425815511335944,33.0,68.0,0.8696,0.1302,0.0552,0.0526,0.5124,0.4536,0.6286,0.3526,9,2022-11-06,Tennessee Titans @ Kansas City Chiefs,0.7584,0.2416,-314,314,,,,,,,,No Bet,,No Bet,,No Bet,,No Bet,,No Bet,,No Bet,,No Bet,,No Bet,,No Bet,,,,,,,,,,,,,,,,,,,,,,,,,,,,,9,-0.0716111111111111,0.2721222222222222,Kansas City Chiefs,Tennessee Titans,0,1,1,0,1,1,0,0,1,1,1,1,0,1.5,5.0,,,407.220681563112,0.8750688078760012,0.9879512101663408,0.2946552042625541,0.004480980789239,173.77816967002494,0.0084399979180979,31.58482923097358,0.0464364514843593,0.4267420038760787,0.0775619477619249,2.0725857747944177e-05,0.0001140326451645,0.0776759804070895,0.0548764494024573,205.3629989009985,,,724.0,67.0,0.1538,0.8462,0.2261,0.7736,0.1156,0.8832,Kansas City Chiefs,Kansas City Chiefs,Kansas City Chiefs,Kansas City Chiefs,Kansas City Chiefs,Same,Same,Same,False,False,0.5043039516380037,0.0001347585029125,0.2946552042625541,0.004480980789239,0.5043039516380037,0.0001347585029125,0.165314626569454,0.0072773396301127,1.0675110529925025,0.3202533280755408,0.8949707543917969,1.7536524806446228,0.9931522579758173,0.4761760625361439,1.128655723419978,0.285840900800007,1.033488776936926,0.5917097742102096
2022_09_BAL_NO,2022,9,2022-11-07,20:15,Baltimore Ravens,New Orleans Saints,Home,Lamar Jackson,Andy Dalton,00-0034796,00-0027973,11,8,3,-3,0,0,Caesars Superdome,29.9507,-90.0813,America/Chicago,False,True,9,9,Monday,False,False,0,False,False,0,0,0,AFC North,M&T Bank Stadium,39.2789,-76.6228,America/New_York,NFC South,Caesars Superdome,29.9507,-90.0813,America/Chicago,Tampa Bay Buccaneers,Las Vegas Raiders,Raymond James Stadium,Caesars Superdome,Carolina Panthers,Pittsburgh Steelers,M&T Bank Stadium,Acrisure Stadium,998,0,-998,998,1.0,0.0,America/New_York,America/Chicago,1.0,0.0,1.0,0.0,1.0,0,6.69,-6.145,6.69,-6.145,Baltimore Ravens,12.835,Baltimore Ravens,12.835,6.69,-6.145,Baltimore Ravens,12.835,0.0,0,No,No,No,No,No,0,No,0.0,0.0,3.864,-1.222,6.88,-5.798499999999999,6.88,-5.798499999999999,0.19,0.3465,4.053999999999999,-0.8755000000000001,Baltimore Ravens,12.6785,Baltimore Ravens,12.6785,6.88,-5.798499999999999,Baltimore Ravens,12.6785,Tie,0.0,Baltimore Ravens,5.086,1.932,-0.611,Baltimore Ravens,2.543,New Orleans Saints,0.1565,Baltimore Ravens,4.929499999999999,2.122,-0.2645,Baltimore Ravens,2.3865,Different,Same,Different,Same,Different,Same,False,Home Team,Away Team,46.0,112.0,-124.0,Baltimore Ravens,New Orleans Saints,1.0,-1.0,-110,-110,188,-234,-0.1565,0.1565,4.929499999999999,-4.929499999999999,0.5536,0.4717,0.5238,0.5238,0.7006,0.3472,0.5399,0.4601,0.5,0.5,0.6686,0.3314,0.5399,0.4601,0.0399,-0.0399,,,71,0.0,70.0,0.0,Dome,True,C.Rush,S.Rattler,2.1,3.0,13.56,183.95,Med-High,-7.0,12.0,43.03,43.0,12.599395839289398,27.0,59.0,0.4398,0.5598,0.0944,0.0822,0.4402,0.545,0.3766,0.5942,9,2022-11-07,Baltimore Ravens @ New Orleans Saints,0.4328,0.5671,131,-131,,,,,,,,No Bet,,No Bet,,No Bet,,No Bet,,No Bet,,No Bet,,No Bet,,No Bet,,No Bet,,,,,,,,,,,,,,,,,,,,,,,,,,,,,9,0.0602499999999999,-0.049025,Baltimore Ravens,New Orleans Saints,1,1,0,0,1,0,0,1,1,1,1,1,0,3.0,1.5,,,407.220681563112,0.8029248118224332,0.3156515772182336,0.0056513070827459,0.0043969030737471,0.1336628039830156,0.2208083926749264,0.1568453550759186,0.1881717752727054,0.0003282318655082,0.0003851605828905,0.0005422327565175,0.0004620879630926,0.0008472485459831,0.4089801679476318,0.2905081590589342,,,724.0,67.0,0.5399,0.4601,0.5758,0.424,0.6784,0.3208,Baltimore Ravens,Baltimore Ravens,Baltimore Ravens,Baltimore Ravens,Baltimore Ravens,Same,Same,Same,False,False,0.0007133924483987,0.0010043207196102,0.0056513070827459,0.0043969030737471,0.0007133924483987,0.0010043207196102,0.0088051092467926,0.006609935775716,0.6378292013615934,0.7499351797064495,1.3205850618604837,1.328038173175942,0.486237727515693,0.9830905929962677,0.6213881670189281,0.7931084572010575,0.7023346236105865,0.9228639275365476
2022_10_ATL_CAR,2022,10,2022-11-10,20:15,Atlanta Falcons,Carolina Panthers,Home,Marcus Mariota,Phillip Walker,00-0032268,00-0033275,4,4,0,0,-13,2,Bank of America Stadium,35.2258,-80.8528,America/New_York,False,False,10,10,Thursday,False,False,0,False,False,0,-13,2,NFC South,Mercedes-Benz Stadium,33.7489,-84.388,America/New_York,NFC South,Bank of America Stadium,35.2258,-80.8528,America/New_York,Los Angeles Chargers,Cincinnati Bengals,Mercedes-Benz Stadium,Paycor Stadium,Chicago Bears,Baltimore Ravens,Mercedes-Benz Stadium,M&T Bank Stadium,226,0,-226,226,0.0,0.0,America/New_York,America/New_York,0.0,0.0,0.0,0.0,0.0,0,-0.71,-5.25,-0.71,-5.25,Atlanta Falcons,4.54,Atlanta Falcons,4.54,-0.71,-5.25,Atlanta Falcons,4.54,0.0,0,No,No,No,No,No,1,No,0.0,0.0,-6.453,-3.675,-1.5960249999999998,-5.714475000000001,-1.5960249999999998,-5.714475000000001,-0.8406250000000001,-0.5098750000000001,-7.265845,-4.212655,Atlanta Falcons,4.118450000000001,Atlanta Falcons,4.118450000000001,-1.5960249999999998,-5.714475000000001,Atlanta Falcons,4.118450000000001,Tie,0.0,Carolina Panthers,2.7780000000000005,-3.2265,-1.8375,Carolina Panthers,1.3890000000000002,Carolina Panthers,0.33075,Carolina Panthers,3.0531900000000007,-4.053235,-2.361265,Carolina Panthers,1.69197,Different,Different,Different,Different,Different,Same,True,Home Team,Home Team,41.5,119.0,-132.0,Atlanta Falcons,Carolina Panthers,2.5,-2.5,-116,-104,-164,135,-0.33075,0.33075,-3.0531900000000007,3.0531900000000007,0.569,0.4566,0.5098,0.537,0.4255,0.6212,0.5548,0.4452,0.487,0.513,0.4065,0.5935,0.5548,0.4452,0.0548,-0.0548,61.0,12.0,72,12.0,61.0,0.0,nfl_read_py Fallback,False,M.Penix,B.Young,-1.14,-2.0,13.99,195.63,High,-11.0,9.0,45.39,45.0,12.928226257566555,29.0,62.0,0.5366,0.4622,0.0856,0.0868,0.5722,0.4278,0.6074,0.3926,10,2022-11-10,Atlanta Falcons @ Carolina Panthers,0.5221,0.4776,-109,109,,,,,,,,No Bet,,No Bet,,No Bet,,No Bet,,No Bet,,No Bet,,No Bet,,No Bet,,No Bet,,,,,,,,,,,,,,,,,,,,,,,,,,,,,10,-0.0107571428571428,-0.1060857142857142,Atlanta Falcons,Carolina Panthers,1,0,0,1,0,0,1,1,1,1,1,1,1,2.0,1.0,,,328.6115290113474,0.9995804817927144,0.8613256346577489,0.0058793697954397,0.0115937332509032,0.1979137034133541,1.8473298170664072,0.2466363941009184,1.482392275699287,0.0006022725496235,0.0007505409041579,0.0056216220490627,0.0045110781114685,0.0052616190156265,3.3297220927656945,0.4445500975142725,,,470.0,254.0,0.5548,0.4452,0.4988,0.5008,0.4656,0.5328,Atlanta Falcons,Carolina Panthers,Carolina Panthers,Carolina Panthers,Carolina Panthers,Same,Same,Same,False,False,0.0013528134537815,0.0101327001605312,0.0058793697954397,0.0115937332509032,0.0013528134537815,0.0101327001605312,0.0092824399235015,0.0129994153918309,0.6795266389276741,0.8389479017855163,1.1026595479507786,1.0313979023465,0.9240346325817467,0.6268947119661336,0.8531024339122723,0.7295711945289377,0.8751154923962063,0.792624176233099
2022_10_SEA_TB,2022,10,2022-11-13,09:30,Seattle Seahawks,Tampa Bay Buccaneers,Neutral,Geno Smith,Tom Brady,00-0030565,00-0019596,7,7,0,0,0,3,Raymond James Stadium,27.9759,-82.5033,America/New_York,False,True,10,10,Sunday,False,False,0,False,False,0,0,3,NFC West,Lumen Field,47.5952,-122.3316,America/Los_Angeles,NFC South,Raymond James Stadium,27.9759,-82.5033,America/New_York,Arizona Cardinals,Los Angeles Rams,State Farm Stadium,Raymond James Stadium,Las Vegas Raiders,Cleveland Browns,Lumen Field,FirstEnergy Stadium,2521,0,-2521,2521,-3.0,0.0,America/Denver,America/New_York,-2.0,0.0,-3.0,0.0,-3.0,0,-0.13,1.025,-0.13,1.025,Tampa Bay Buccaneers,1.1549999999999998,Tampa Bay Buccaneers,1.1549999999999998,-0.13,1.025,Tampa Bay Buccaneers,1.1549999999999998,-0.4499999999999999,0,No,No,No,No,No,0,No,0.0,0.0,-1.539,3.401,-0.7284999999999999,0.1684999999999998,-0.7284999999999999,0.1684999999999998,-0.5984999999999999,-0.8564999999999999,-2.1375,2.5445,Tampa Bay Buccaneers,0.8969999999999998,Tampa Bay Buccaneers,0.8969999999999998,-0.7284999999999999,0.1684999999999998,Tampa Bay Buccaneers,0.8969999999999998,Tie,0.0,Tampa Bay Buccaneers,4.94,-0.7695,1.7005,Tampa Bay Buccaneers,2.47,Seattle Seahawks,0.258,Tampa Bay Buccaneers,4.682,-1.368,0.8439999999999999,Tampa Bay Buccaneers,2.212,Different,Same,Different,Same,Different,Same,False,Away Team,Home Team,45.0,-138.0,124.0,Tampa Bay Buccaneers,Seattle Seahawks,-2.5,2.5,-104,-116,-224,181,0.258,-0.258,-4.682,4.682,0.4464,0.5798,0.537,0.5098,0.3559,0.6914,0.435,0.565,0.513,0.487,0.3398,0.6602,0.435,0.565,-0.065,0.065,,,73,8.0,75.0,0.0,Historical Avg,False,S.Darnold,B.Mayfield,0.13,-1.0,13.62,185.54,Med-High,-10.0,10.0,45.46,45.0,13.306599275429292,29.0,63.0,0.502,0.4972,0.0888,0.0874,0.4654,0.5346,0.4794,0.4964,10,2022-11-13,Seattle Seahawks @ Tampa Bay Buccaneers,0.5536,0.4462,-124,124,,,,,,,,No Bet,,No Bet,,No Bet,,No Bet,,No Bet,,No Bet,,No Bet,,No Bet,,No Bet,,,,,,,,,,,,,,,,,,,,,,,,,,,,,10,0.0383857142857142,0.0260571428571428,Tampa Bay Buccaneers,Seattle Seahawks,0,0,0,0,0,0,1,0,0,0,1,0,0,2.5,2.5,,,328.6115290113474,0.2534878019062431,0.9720598816199862,0.0086236768473605,0.0046868929524522,0.6676521814397276,0.0510554151561506,0.5140330954447461,0.0663133553177589,0.0020317369370709,0.0015642576418157,0.00015536708438,0.0002017986268384,0.0017660562686541,0.1173687704739096,1.1816852768844734,,,470.0,254.0,0.435,0.565,0.4466,0.5532,0.5446,0.4544,Tampa Bay Buccaneers,Seattle Seahawks,Tampa Bay Buccaneers,Tampa Bay Buccaneers,Tampa Bay Buccaneers,Same,Different,Same,False,False,0.0035959945788866,0.0003571657112184,0.0086236768473605,0.0046868929524522,0.0035959945788866,0.0003571657112184,0.0122752619446009,0.0079947827003282,0.8555380000570434,0.6629365406561472,1.033849890588223,1.1002075597090542,1.0216342513562182,0.5292950931916609,0.7918402936105894,0.79083333483062,0.9202615421089786,0.7474781265203276
2022_10_MIN_BUF,2022,10,2022-11-13,13:00,Minnesota Vikings,Buffalo Bills,Home,Kirk Cousins,Josh Allen,00-0029604,00-0034857,7,7,0,0,3,10,Highmark Stadium,42.7725,-78.7877,America/New_York,False,True,10,10,Sunday,False,False,0,False,False,0,3,10,NFC North,U.S. Bank Stadium,44.9738,-93.2575,America/Chicago,AFC East,Highmark Stadium,42.7725,-78.7877,America/New_York,Washington Commanders,New York Jets,FedExField,MetLife Stadium,Dallas Cowboys,Cleveland Browns,U.S. Bank Stadium,Highmark Stadium,735,0,-735,735,-1.0,0.0,America/New_York,America/New_York,0.0,0.0,0.0,0.0,0.0,0,0.27,4.795,0.27,4.795,Buffalo Bills,4.525,Buffalo Bills,4.525,0.27,4.795,Buffalo Bills,4.525,0.0,0,No,No,No,No,No,0,No,0.0,0.0,-1.753,11.21,-1.501,5.6765,-1.501,5.6765,-1.771,0.8815,-3.524,12.091500000000002,Buffalo Bills,7.1775,Buffalo Bills,7.1775,-1.501,5.6765,Buffalo Bills,7.1775,Tie,0.0,Buffalo Bills,12.963,-0.8765,5.605,Buffalo Bills,6.4815000000000005,Buffalo Bills,2.6525,Buffalo Bills,15.6155,-2.6475,6.486500000000001,Buffalo Bills,9.134,Different,Same,Same,Same,Different,Same,False,Home Team,Home Team,47.0,-264.0,230.0,Buffalo Bills,Minnesota Vikings,-6.5,6.5,-142,117,-1197,702,-2.6525,2.6525,-15.6155,15.6155,0.303,0.7253,0.4608,0.5868,0.1247,0.9229,0.2947,0.7053,0.4399,0.5601,0.119,0.881,0.2947,0.7053,-0.2053,0.2053,38.0,11.0,74,11.0,38.0,0.0,nfl_read_py Fallback,False,C.Wentz,J.Allen,-9.91,-10.0,14.07,198.05,High,-19.0,-1.0,52.34,51.0,13.530870915559971,35.0,70.0,0.758,0.2414,0.0668,0.0618,0.6232,0.3768,0.6146,0.346,10,2022-11-13,Minnesota Vikings @ Buffalo Bills,0.7261,0.2738,-265,265,,,,,,,,No Bet,,No Bet,,No Bet,,No Bet,,No Bet,,No Bet,,No Bet,,No Bet,,No Bet,,,,,,,,,,,,,,,,,,,,,,,,,,,,,10,0.0525375,0.2442,Buffalo Bills,Minnesota Vikings,0,1,1,0,1,1,0,0,1,1,1,1,0,3.0,4.5,,,328.6115290113474,0.2734049039366644,0.5703396249654614,0.0564197445023963,0.0025519512295039,15.133736189342086,0.007139203566127,6.323425570677884,0.0170861224132657,0.0460535764976751,0.0192428597672832,2.1725359385916534e-05,5.199489641970454e-05,0.0192948546637029,0.0242253259793928,21.457161760019968,,,470.0,254.0,0.2947,0.7053,0.2939,0.7059,0.1988,0.8006,Buffalo Bills,Buffalo Bills,Buffalo Bills,Buffalo Bills,Buffalo Bills,Same,Same,Same,False,False,0.0652964362649583,7.372025580562108e-05,0.0564197445023963,0.0025519512295039,0.0652964362649583,7.372025580562108e-05,0.0505478180261455,0.0047719271544559,1.0422192528413181,0.4762552878718707,1.1219587002074143,1.01209875008986,1.350595412057656,0.20033393249022347,1.171582926386894,0.4110907020543151,1.1763853361766878,0.4913543324526153
2022_10_DET_CHI,2022,10,2022-11-13,13:00,Detroit Lions,Chicago Bears,Home,Jared Goff,Justin Fields,00-0033106,00-0036945,7,7,0,0,8,3,Soldier Field,41.8623,-87.6167,America/Chicago,False,False,10,10,Sunday,False,False,0,False,False,0,8,3,NFC North,Ford Field,42.3395,-83.045,America/Detroit,NFC North,Soldier Field,41.8623,-87.6167,America/Chicago,Green Bay Packers,Miami Dolphins,Ford Field,Soldier Field,New York Giants,Atlanta Falcons,MetLife Stadium,Mercedes-Benz Stadium,236,0,-236,236,1.0,0.0,America/Detroit,America/Chicago,1.0,0.0,1.0,0.0,1.0,0,4.305,-1.575,4.305,-1.575,Detroit Lions,5.88,Detroit Lions,5.88,4.305,-1.575,Detroit Lions,5.88,0.0,0,No,No,No,No,No,1,No,0.0,0.0,-6.697,-5.152,4.080765,-0.1562649999999998,4.080765,-0.1562649999999998,-0.165435,1.359935,-6.846984999999999,-3.807515,Detroit Lions,4.23703,Detroit Lions,4.23703,4.080765,-0.1562649999999998,Detroit Lions,4.23703,Tie,0.0,Chicago Bears,1.545,-3.3485,-2.576,Chicago Bears,0.7725,Chicago Bears,1.52537,Chicago Bears,3.03947,-3.5062099999999994,-1.2237899999999995,Chicago Bears,2.28242,Different,Different,Different,Different,Different,Same,False,Home Team,Home Team,48.5,-159.0,143.0,Chicago Bears,Detroit Lions,-3.0,3.0,-128,105,-164,135,-1.52537,1.52537,-3.03947,3.03947,0.4115,0.6139,0.4878,0.5614,0.4255,0.6212,0.4013,0.5987,0.4649,0.5351,0.4065,0.5935,0.4013,0.5987,-0.0987,0.0987,34.0,13.0,75,13.0,34.0,0.0,nfl_read_py Fallback,False,J.Goff,C.Williams,7.22,7.0,14.29,204.28,High,-3.0,17.0,57.46,57.0,14.35424706774188,39.900000000000034,75.10000000000036,0.3028,0.6966,0.076,0.0838,0.2392,0.729,0.725,0.275,10,2022-11-13,Detroit Lions @ Chicago Bears,0.5075,0.4923,-103,103,,,,,,,,No Bet,,No Bet,,No Bet,,No Bet,,No Bet,,No Bet,,No Bet,,No Bet,,No Bet,,,,,,,,,,,,,,,,,,,,,,,,,,,,,10,-0.0430875,-0.1947285714285714,Chicago Bears,Detroit Lions,0,0,1,1,1,0,0,1,1,1,1,1,1,2.0,0.5,,,328.6115290113474,0.9596350044260968,0.9923441426452412,0.0324890276542719,0.0048928916154166,4.887647615162656,0.0465379912993554,3.276119906405168,0.0694300906825918,0.014873634013595,0.0099695829792144,0.0001416200808272,0.0002112831856249,0.0101808661648393,0.1159680819819473,8.163767521567824,,,470.0,254.0,0.4013,0.5987,0.4836,0.5164,0.6728,0.327,Chicago Bears,Detroit Lions,Chicago Bears,Detroit Lions,Chicago Bears,Same,Same,Same,False,False,0.0248432169928095,0.0003529032664521,0.0324890276542719,0.0048928916154166,0.0248432169928095,0.0003529032664521,0.0372369419613521,0.0083251008556195,0.8925390985532624,0.625935442159926,1.1039721505451479,1.0300852997521273,0.9031188275803645,0.6478105169675152,0.46382016123630443,1.1188534672049046,0.825165150642079,0.8425745179872235
2022_10_JAX_KC,2022,10,2022-11-13,13:00,Jacksonville Jaguars,Kansas City Chiefs,Home,Trevor Lawrence,Patrick Mahomes,00-0036971,00-0033873,7,7,0,0,-6,9,GEHA Field at Arrowhead Stadium,39.0489,-94.4839,America/Chicago,False,False,10,10,Sunday,False,False,0,False,False,0,-6,9,AFC South,TIAA Bank Field,30.3239,-81.6554,America/New_York,AFC West,GEHA Field at Arrowhead Stadium,39.0489,-94.4839,America/Chicago,Las Vegas Raiders,Tennessee Titans,TIAA Bank Field,GEHA Field at Arrowhead Stadium,Baltimore Ravens,Los Angeles Chargers,TIAA Bank Field,SoFi Stadium,943,0,-943,943,1.0,0.0,America/New_York,America/Chicago,1.0,0.0,1.0,0.0,1.0,0,-1.825,4.395,-1.825,4.395,Kansas City Chiefs,6.22,Kansas City Chiefs,6.22,-1.825,4.395,Kansas City Chiefs,6.22,0.0,0,No,No,No,No,No,0,No,0.0,0.0,-2.443,8.203,-3.005,4.7955,-3.005,4.7955,-1.18,0.4005,-3.623,8.603499999999999,Kansas City Chiefs,7.800499999999999,Kansas City Chiefs,7.800499999999999,-3.005,4.7955,Kansas City Chiefs,7.800499999999999,Tie,0.0,Kansas City Chiefs,10.646,-1.2215,4.1015,Kansas City Chiefs,5.323,Kansas City Chiefs,1.5805,Kansas City Chiefs,12.226499999999998,-2.4015,4.501999999999999,Kansas City Chiefs,6.903499999999999,Different,Same,Same,Same,Different,Same,False,Home Team,Home Team,51.5,-399.0,333.0,Kansas City Chiefs,Jacksonville Jaguars,-10.0,10.0,-128,105,-660,458,-1.5805,1.5805,-12.226499999999998,12.226499999999998,0.2309,0.7996,0.4878,0.5614,0.1792,0.8684,0.2241,0.7759,0.4649,0.5351,0.1711,0.8289,0.2241,0.7759,-0.2759,0.2759,33.0,7.0,76,7.0,33.0,0.0,nfl_read_py Fallback,False,T.Lawrence,P.Mahomes,-11.12,-11.0,13.61,185.19,Med-High,-20.0,-3.0,57.63,57.0,14.482251920338108,39.0,76.0,0.7994,0.1996,0.065,0.0678,0.5192,0.439,0.6536,0.3464,10,2022-11-13,Jacksonville Jaguars @ Kansas City Chiefs,0.7348,0.2649,-277,278,,,,,,,,No Bet,,No Bet,,No Bet,,No Bet,,No Bet,,No Bet,,No Bet,,No Bet,,No Bet,,,,,,,,,,,,,,,,,,,,,,,,,,,,,10,-0.0152714285714285,0.27165,Kansas City Chiefs,Jacksonville Jaguars,0,1,0,0,0,1,1,0,0,1,1,1,0,2.0,5.0,,,328.6115290113474,0.346243266688053,0.8489350220918949,0.1316271862793815,0.004252565173367,36.64710115602084,0.0142194325547064,10.58463122704507,0.0492318505988253,0.1115210451266771,0.0322101639552627,4.327125283001093e-05,0.000149817782556,0.0323599817378187,0.0634512831535318,47.23173238306591,,,470.0,254.0,0.2241,0.7759,0.2224,0.7774,0.1954,0.8038,Kansas City Chiefs,Kansas City Chiefs,Kansas City Chiefs,Kansas City Chiefs,Kansas City Chiefs,Same,Same,Same,False,False,0.1437312090819398,0.000193089035386,0.1316271862793815,0.004252565173367,0.1437312090819398,0.000193089035386,0.1221852421696884,0.0074042610091536,1.1171263813757943,0.4013481593373946,0.9768161347214461,1.157241315575829,1.2317852265152742,0.3191441180326061,1.202591213134374,0.38008241530683484,1.1417684694569554,0.5259711991723471
2022_10_CLE_MIA,2022,10,2022-11-13,13:00,Cleveland Browns,Miami Dolphins,Home,Jacoby Brissett,Tua Tagovailoa,00-0033119,00-0036212,13,7,6,-6,9,-2,Hard Rock Stadium,25.9602,-80.2384,America/New_York,False,False,10,10,Sunday,False,False,0,False,False,0,9,-2,AFC North,FirstEnergy Stadium,41.5061,-81.6994,America/New_York,AFC East,Hard Rock Stadium,25.9602,-80.2384,America/New_York,Cincinnati Bengals,Chicago Bears,FirstEnergy Stadium,Soldier Field,Buffalo Bills,Houston Texans,Highmark Stadium,Hard Rock Stadium,1077,0,-1077,1077,0.0,0.0,America/New_York,America/Chicago,0.0,-1.0,0.0,0.0,0.0,0,-4.705,0.66,-4.705,0.66,Miami Dolphins,5.365,Miami Dolphins,5.365,-4.705,0.66,Miami Dolphins,5.365,0.0,0,No,No,No,No,No,0,No,0.0,0.0,1.172,1.001,-4.3,1.3895000000000002,-4.3,1.3895000000000002,0.4049999999999999,0.7295000000000001,1.577,1.7305,Miami Dolphins,5.6895,Miami Dolphins,5.6895,-4.3,1.3895000000000002,Miami Dolphins,5.6895,Tie,0.0,Cleveland Browns,0.171,0.586,0.5005,Cleveland Browns,0.0855,Miami Dolphins,0.3245000000000002,Miami Dolphins,0.1535000000000002,0.991,1.2300000000000002,Miami Dolphins,0.2390000000000003,Different,Different,Same,Same,Different,Different,False,Home Team,Home Team,49.0,-177.0,158.0,Miami Dolphins,Cleveland Browns,-3.0,3.0,-116,-104,-110,-110,-0.3245000000000002,0.3245000000000002,-0.1535000000000002,0.1535000000000002,0.3876,0.639,0.5098,0.537,0.5238,0.5238,0.3776,0.6224,0.487,0.513,0.5,0.5,0.3776,0.6224,-0.1224,0.1224,85.0,7.0,77,7.0,85.0,0.0,nfl_read_py Fallback,False,D.Gabriel,T.Tagovailoa,-1.94,-3.0,13.79,190.07,Med-High,-11.0,8.0,45.01,44.0,13.087805200605402,29.0,62.0,0.5586,0.4402,0.0902,0.0854,0.4842,0.4742,0.3576,0.6162,10,2022-11-13,Cleveland Browns @ Miami Dolphins,0.5485,0.4512,-121,122,,,,,,,,No Bet,,No Bet,,No Bet,,No Bet,,No Bet,,No Bet,,No Bet,,No Bet,,No Bet,,,,,,,,,,,,,,,,,,,,,,,,,,,,,10,-0.019425,0.0336857142857142,Miami Dolphins,Cleveland Browns,0,0,1,0,1,0,0,0,1,0,1,0,0,2.0,2.5,,,328.6115290113474,0.829351118016815,0.8724194014976264,0.0257380494714364,0.004245136491583,3.0284370862631267,0.009777812329866,1.8373037335683755,0.0161168177810079,0.0092158576887865,0.0055911116055363,2.9754927830083444e-05,4.9045198838569744e-05,0.0056401568043748,0.0258946301108739,4.865740819831502,,,470.0,254.0,0.3776,0.6224,0.4809,0.5187,0.486,0.5126,Miami Dolphins,Miami Dolphins,Miami Dolphins,Miami Dolphins,Miami Dolphins,Same,Same,Same,False,False,0.0148069692943228,7.880012666865319e-05,0.0257380494714364,0.004245136491583,0.0148069692943228,7.880012666865319e-05,0.0326398260836654,0.0074623923187565,0.93246980180051,0.586004738912679,1.0651444195283404,1.0689130307689332,0.7615818631689972,0.7893474813788819,0.8696937427681612,0.7129798856730466,0.89831065590774,0.7694290127215626
2022_10_HOU_NYG,2022,10,2022-11-13,13:00,Houston Texans,New York Giants,Home,Davis Mills,Daniel Jones,00-0036898,00-0035710,10,14,-4,4,-2,3,MetLife Stadium,40.8136,-74.0744,America/New_York,False,False,10,10,Sunday,False,False,0,False,False,0,-2,3,AFC South,NRG Stadium,29.6847,-95.4093,America/Chicago,NFC East,MetLife Stadium,40.8136,-74.0744,America/New_York,Philadelphia Eagles,Seattle Seahawks,NRG Stadium,Lumen Field,Washington Commanders,Detroit Lions,NRG Stadium,MetLife Stadium,1421,0,-1421,1421,-1.0,0.0,America/Chicago,America/Los_Angeles,-1.0,-3.0,-1.0,0.0,-1.0,0,0.035,-2.84,0.035,-2.84,Houston Texans,2.875,Houston Texans,2.875,0.035,-2.84,Houston Texans,2.875,0.0,0,No,No,No,No,No,0,No,0.0,0.0,-6.241,-5.233,0.2220000000000001,-2.4375,0.2220000000000001,-2.4375,0.187,0.4025,-6.053999999999999,-4.8305,Houston Texans,2.6595,Houston Texans,2.6595,0.2220000000000001,-2.4375,Houston Texans,2.6595,Tie,0.0,New York Giants,1.008,-3.1205,-2.6165,New York Giants,0.504,New York Giants,0.2154999999999999,New York Giants,1.2234999999999996,-2.9335,-2.214,New York Giants,0.7194999999999996,Different,Different,Different,Different,Different,Same,False,Home Team,Home Team,41.5,-221.0,195.0,New York Giants,Houston Texans,-5.5,5.5,-110,-110,-122,101,-0.2154999999999999,0.2154999999999999,-1.2234999999999996,1.2234999999999996,0.339,0.6885,0.5238,0.5238,0.4975,0.5495,0.3299,0.6701,0.5,0.5,0.4752,0.5248,0.3299,0.6701,-0.1701,0.1701,50.0,15.0,78,15.0,50.0,0.0,nfl_read_py Fallback,False,C.Stroud,J.Dart,-0.94,-2.0,13.55,183.68,Med-High,-10.25,9.0,46.74,46.0,12.619303107627792,30.0,63.0,0.5278,0.4706,0.0922,0.079,0.4,0.6,0.658,0.342,10,2022-11-13,Houston Texans @ New York Giants,0.5557,0.4439,-125,125,,,,,,,,No Bet,,No Bet,,No Bet,,No Bet,,No Bet,,No Bet,,No Bet,,No Bet,,No Bet,,,,,,,,,,,,,,,,,,,,,,,,,,,,,10,-0.2219625,-0.1251875,New York Giants,Houston Texans,0,1,1,0,0,0,1,1,1,1,1,1,0,0.0,1.0,,,328.6115290113474,0.9840280504662018,0.9988583058472628,0.1131860246835967,0.0047162876227231,36.84530564456127,0.025719336628759,18.13948117018469,0.0522416716427141,0.1121242025665172,0.055200379684665,7.826668986976076e-05,0.0001589769896384,0.0553593566743034,0.0779610082714732,54.984786814745966,,,470.0,254.0,0.3299,0.6701,0.4013,0.5986,0.2752,0.7244,New York Giants,New York Giants,New York Giants,New York Giants,New York Giants,Same,Same,Same,False,False,0.1673245822511822,0.0002372436795082,0.1131860246835967,0.0047162876227231,0.1673245822511822,0.0002372436795082,0.0784084127349326,0.0081149414796836,0.9552858034182709,0.5631887372949169,0.9265881094242575,1.2074693408730195,0.7447770533221848,0.8061522912256947,0.7630893992668669,0.8195842291743404,0.8447010513258327,0.8230386173034696
2022_10_NO_PIT,2022,10,2022-11-13,13:00,New Orleans Saints,Pittsburgh Steelers,Home,Andy Dalton,Kenny Pickett,00-0027973,00-0038102,6,14,-8,8,-8,4,Acrisure Stadium,40.4468,-80.0158,America/New_York,False,False,10,10,Sunday,False,False,0,False,False,0,-8,4,NFC South,Caesars Superdome,29.9507,-90.0813,America/Chicago,AFC North,Acrisure Stadium,40.4468,-80.0158,America/New_York,Baltimore Ravens,Philadelphia Eagles,Caesars Superdome,Lincoln Financial Field,Los Angeles Rams,Cincinnati Bengals,Caesars Superdome,Acrisure Stadium,919,0,-919,919,-1.0,0.0,America/Chicago,America/New_York,-1.0,0.0,-1.0,0.0,-1.0,0,-6.145,-0.565,-6.145,-0.565,Pittsburgh Steelers,5.58,Pittsburgh Steelers,5.58,-6.145,-0.565,Pittsburgh Steelers,5.58,0.0,0,No,No,No,No,Yes,0,No,0.0,0.0,-1.222,-2.946,-7.8415,0.5760000000000001,-7.8415,0.5760000000000001,-1.6965,1.141,-2.9185,-1.805,Pittsburgh Steelers,8.4175,Pittsburgh Steelers,8.4175,-7.8415,0.5760000000000001,Pittsburgh Steelers,8.4175,Tie,0.0,New Orleans Saints,1.7240000000000002,-0.611,-1.473,New Orleans Saints,0.8620000000000001,Pittsburgh Steelers,2.8375,Pittsburgh Steelers,1.1135,-2.3075,-0.3319999999999999,Pittsburgh Steelers,1.9755000000000005,Different,Different,Same,Same,Different,Different,False,Home Team,Home Team,39.5,-116.0,105.0,Pittsburgh Steelers,New Orleans Saints,-1.0,1.0,-164,135,-122,101,-2.8375,2.8375,-1.1135,1.1135,0.4878,0.537,0.4255,0.6212,0.4975,0.5495,0.476,0.524,0.4065,0.5935,0.4752,0.5248,0.476,0.524,-0.024,0.024,37.0,15.0,79,15.0,37.0,0.0,nfl_read_py Fallback,False,S.Rattler,A.Rodgers,-7.16,-7.0,13.05,170.31,Medium,-16.0,3.0,43.79,43.0,12.690786705852506,28.0,60.0,0.719,0.2802,0.0812,0.0806,0.7008,0.281,0.6178,0.3822,10,2022-11-13,New Orleans Saints @ Pittsburgh Steelers,0.5903,0.4095,-144,144,,,,,,,,No Bet,,No Bet,,No Bet,,No Bet,,No Bet,,No Bet,,No Bet,,No Bet,,No Bet,,,,,,,,,,,,,,,,,,,,,,,,,,,,,10,-0.0525999999999999,-0.010925,Pittsburgh Steelers,New Orleans Saints,1,0,0,1,0,1,1,0,1,1,1,1,0,1.5,2.0,,,328.6115290113474,0.999874086794972,0.8025180616259774,0.0101013285735653,0.0052248239389754,1.006322752422977,0.0926602426115145,0.9141405155598036,0.1020041326227597,0.0030623476767555,0.0027818272788847,0.0002819750204452,0.0003104094762884,0.0030922367551732,0.1946643752342742,1.9204632679827809,,,470.0,254.0,0.476,0.524,0.4246,0.575,0.2474,0.7512,Pittsburgh Steelers,Pittsburgh Steelers,Pittsburgh Steelers,Pittsburgh Steelers,Pittsburgh Steelers,Same,Same,Same,False,False,0.0058441749556402,0.0005923844967336,0.0101013285735653,0.0052248239389754,0.0058441749556402,0.0005923844967336,0.013249987708668,0.008706578107413,0.7926650785670049,0.7258094621461848,1.260037499994189,0.8740199503030853,0.8107813648550138,0.7401479796928656,1.135266631034542,0.4474069974066663,0.9808275066713631,0.68691216195794
2022_10_DEN_TEN,2022,10,2022-11-13,13:00,Denver Broncos,Tennessee Titans,Home,Russell Wilson,Ryan Tannehill,00-0029263,00-0029701,14,7,7,-7,8,-11,Nissan Stadium,36.1664,-86.7716,America/Chicago,False,False,10,10,Sunday,False,False,0,False,False,0,8,-11,AFC West,Empower Field at Mile High,39.7648,-105.0076,America/Denver,AFC South,Nissan Stadium,36.1664,-86.7716,America/Chicago,Jacksonville Jaguars,Kansas City Chiefs,TIAA Bank Field,GEHA Field at Arrowhead Stadium,Las Vegas Raiders,Green Bay Packers,Empower Field at Mile High,Lambeau Field,1021,0,-1021,1021,-1.0,0.0,America/New_York,America/Chicago,1.0,0.0,-1.0,0.0,-1.0,0,2.05,-4.36,2.05,-4.36,Denver Broncos,6.41,Denver Broncos,6.41,2.05,-4.36,Denver Broncos,6.41,0.0,0,No,No,No,No,No,0,No,0.0,0.0,-3.234,0.3,2.76,-5.243,2.76,-5.243,0.7100000000000001,-0.8830000000000002,-2.5240000000000005,-0.5830000000000002,Denver Broncos,8.003,Denver Broncos,8.003,2.76,-5.243,Denver Broncos,8.003,Tie,0.0,Tennessee Titans,3.534,-1.617,0.15,Tennessee Titans,1.767,Denver Broncos,1.5930000000000004,Tennessee Titans,1.9410000000000005,-0.9070000000000004,-0.7330000000000002,Tennessee Titans,0.174,Different,Different,Same,Different,Different,Same,False,Away Team,Home Team,40.0,-135.0,122.0,Tennessee Titans,Denver Broncos,-2.5,2.5,105,-128,-131,108,1.5930000000000004,-1.5930000000000004,-1.9410000000000005,1.9410000000000005,0.4505,0.5745,0.5614,0.4878,0.4808,0.5671,0.4395,0.5605,0.5351,0.4649,0.4588,0.5412,0.4395,0.5605,-0.0605,0.0605,36.0,9.0,80,9.0,36.0,0.0,nfl_read_py Fallback,False,B.Nix,C.Ward,0.92,2.0,13.14,172.63,Medium,-8.0,10.0,38.43,37.0,12.729057405027447,23.0,55.0,0.4712,0.5272,0.1044,0.099,0.4376,0.5624,0.417,0.5458,10,2022-11-13,Denver Broncos @ Tennessee Titans,0.5094,0.4902,-104,104,,,,,,,,No Bet,,No Bet,,No Bet,,No Bet,,No Bet,,No Bet,,No Bet,,No Bet,,No Bet,,,,,,,,,,,,,,,,,,,,,,,,,,,,,10,-0.053125,-0.088125,Tennessee Titans,Denver Broncos,1,0,0,1,0,1,0,0,1,1,0,1,0,1.5,1.5,,,328.6115290113474,0.9879255263507318,0.5589883555908159,0.017589905276268,0.002506113805441,2.98497810252754,0.0155407769058548,2.3405849706705686,0.0198193525727683,0.0090836073570153,0.0071226501934134,4.729224489661242e-05,6.0312407882938025e-05,0.0071829626012964,0.0353601294786232,5.325563073198109,,,470.0,254.0,0.4395,0.5605,0.4925,0.5071,0.5306,0.468,Tennessee Titans,Denver Broncos,Tennessee Titans,Denver Broncos,Tennessee Titans,Same,Same,Same,False,False,0.0162062575504288,0.0001076046527795,0.017589905276268,0.002506113805441,0.0162062575504288,0.0001076046527795,0.0188210761473031,0.0046782689662931,0.8418696102606569,0.6766049304525324,0.9714926180729062,1.1625648322243656,0.8296590627589088,0.7212702817889706,0.7356128711201241,0.8470607573210827,0.8379374036666598,0.8298022649626425
2022_10_IND_LV,2022,10,2022-11-13,16:05,Indianapolis Colts,Las Vegas Raiders,Home,Matt Ryan,Derek Carr,00-0026143,00-0031280,7,7,0,0,-7,-3,Allegiant Stadium,36.108,-115.1578,America/Los_Angeles,False,True,10,10,Sunday,False,False,0,False,False,0,-7,-3,AFC South,Lucas Oil Stadium,39.7601,-86.1638,America/Indiana/Indianapolis,AFC West,Allegiant Stadium,36.108,-115.1578,America/Los_Angeles,New England Patriots,Jacksonville Jaguars,Gillette Stadium,TIAA Bank Field,Philadelphia Eagles,Denver Broncos,Lucas Oil Stadium,Empower Field at Mile High,1592,0,-1592,1592,3.0,0.0,America/New_York,America/New_York,3.0,3.0,3.0,0.0,3.0,0,-2.265,-2.35,-2.265,-2.35,Indianapolis Colts,0.0849999999999999,Indianapolis Colts,0.0849999999999999,-2.265,-2.35,Indianapolis Colts,0.0849999999999999,-0.2249999999999999,0,No,No,No,No,No,0,No,0.0,0.0,-1.583,0.872,-4.0360000000000005,-0.8394999999999999,-4.0360000000000005,-0.8394999999999999,-1.771,1.5105,-3.354,2.3825000000000003,Las Vegas Raiders,3.1965000000000003,Las Vegas Raiders,3.1965000000000003,-4.0360000000000005,-0.8394999999999999,Las Vegas Raiders,3.1965000000000003,Tie,0.0,Las Vegas Raiders,2.455,-0.7915,0.436,Las Vegas Raiders,1.2275,Las Vegas Raiders,3.2815000000000003,Las Vegas Raiders,5.7365,-2.5625,1.9465,Las Vegas Raiders,4.509,Different,Different,Same,Same,Different,Same,False,Home Team,Home Team,41.0,-199.0,177.0,Las Vegas Raiders,Indianapolis Colts,-4.5,4.5,-191,156,-244,195,-3.2815000000000003,3.2815000000000003,-5.7365,5.7365,0.361,0.6656,0.3906,0.6564,0.339,0.7093,0.3517,0.6483,0.3731,0.6269,0.3234,0.6766,0.3517,0.6483,-0.1483,0.1483,,,81,0.0,70.0,0.0,Dome,True,D.Jones,G.Smith,-2.49,-3.0,13.32,177.31,Medium,-12.0,7.0,46.96,46.0,13.06764072841159,30.0,64.0,0.5728,0.4254,0.0892,0.087,0.4666,0.5334,0.6456,0.3286,10,2022-11-13,Indianapolis Colts @ Las Vegas Raiders,0.6312,0.3684,-171,171,,,,,,,,No Bet,,No Bet,,No Bet,,No Bet,,No Bet,,No Bet,,No Bet,,No Bet,,No Bet,,,,,,,,,,,,,,,,,,,,,,,,,,,,,10,-0.1188571428571428,-0.0663125,Las Vegas Raiders,Indianapolis Colts,0,0,1,1,0,0,0,1,1,1,0,1,0,1.0,1.5,,,328.6115290113474,0.8292336939130192,0.9779149869225692,0.1089577696305732,0.0045217716414756,28.90490853647813,0.0065762056554224,15.680790270367666,0.0121221328587158,0.087960725612521,0.0477183205274157,2.0012096578618025e-05,3.688894572623845e-05,0.047755209473142,0.0186983385141382,44.5856988068458,,,470.0,254.0,0.3517,0.6483,0.477,0.5227,0.5022,0.4966,Las Vegas Raiders,Indianapolis Colts,Las Vegas Raiders,Las Vegas Raiders,Las Vegas Raiders,Same,Different,Same,False,False,0.1356790461399368,5.690104230485648e-05,0.1089577696305732,0.0045217716414756,0.1356790461399368,5.690104230485648e-05,0.0910502218808627,0.0079158755818691,0.9232187231178184,0.5952558175953716,1.200626866524003,0.9334305837732716,0.9873037321057258,0.5636256124421538,0.8369898549473249,0.7456837734938819,0.9755723093804866,0.6921673592488161
2022_10_DAL_GB,2022,10,2022-11-13,16:25,Dallas Cowboys,Green Bay Packers,Home,Dak Prescott,Aaron Rodgers,00-0033077,00-0023459,14,7,7,-7,1,-17,Lambeau Field,44.5013,-88.0622,America/Chicago,False,False,10,10,Sunday,False,False,0,False,False,0,1,-17,NFC East,AT&T Stadium,32.7369,-97.0826,America/Chicago,NFC North,Lambeau Field,44.5013,-88.0622,America/Chicago,Chicago Bears,Detroit Lions,AT&T Stadium,Ford Field,Minnesota Vikings,Tennessee Titans,U.S. Bank Stadium,Lambeau Field,945,0,-945,945,0.0,0.0,America/Chicago,America/Detroit,0.0,1.0,0.0,0.0,0.0,0,-0.615,3.535,-0.615,3.535,Green Bay Packers,4.15,Green Bay Packers,4.15,-0.615,3.535,Green Bay Packers,4.15,0.0,0,No,No,No,No,No,0,No,0.0,0.0,2.647,1.303,1.63,4.1435,1.63,4.1435,2.245,0.6085,4.892,1.9115,Green Bay Packers,2.5135000000000005,Green Bay Packers,2.5135000000000005,1.63,4.1435,Green Bay Packers,2.5135000000000005,Tie,0.0,Dallas Cowboys,1.344,1.3235,0.6515,Dallas Cowboys,0.6719999999999999,Dallas Cowboys,1.6365,Dallas Cowboys,2.9805,3.5685,1.2599999999999998,Dallas Cowboys,2.3085,Different,Different,Different,Different,Different,Same,False,Away Team,Away Team,44.5,177.0,-199.0,Dallas Cowboys,Green Bay Packers,3.5,-3.5,105,-128,135,-164,1.6365,-1.6365,2.9805,-2.9805,0.6656,0.361,0.5614,0.4878,0.6212,0.4255,0.6483,0.3517,0.5351,0.4649,0.5935,0.4065,0.6483,0.3517,0.1483,-0.1483,33.0,8.0,82,8.0,33.0,0.0,nfl_read_py Fallback,False,D.Prescott,J.Love,10.14,11.0,14.3,204.58,High,1.0,20.0,48.95,48.0,13.274408353799751,33.0,66.0,0.2332,0.7658,0.0638,0.068,0.2972,0.7028,0.608,0.392,10,2022-11-13,Dallas Cowboys @ Green Bay Packers,0.3641,0.6357,175,-174,,,,,,,,No Bet,,No Bet,,No Bet,,No Bet,,No Bet,,No Bet,,No Bet,,No Bet,,No Bet,,,,,,,,,,,,,,,,,,,,,,,,,,,,,10,0.2405,0.0695857142857142,Dallas Cowboys,Green Bay Packers,1,1,0,0,1,0,0,0,1,1,1,0,0,4.5,3.0,,,328.6115290113474,0.1531714549709502,0.5577558305680718,0.000615745420603,0.0284345842426354,0.0064108039528088,4.363168799736666,0.0118172425436622,2.3670005658913857,1.9508761521837905e-05,3.5961131915290056e-05,0.0132775889295898,0.0072030356725848,0.0072389968045001,6.730169365628052,0.0182280464964711,,,470.0,254.0,0.6483,0.3517,0.6343,0.3656,0.7706,0.229,Dallas Cowboys,Dallas Cowboys,Dallas Cowboys,Dallas Cowboys,Dallas Cowboys,Same,Same,Same,False,False,5.546989343712796e-05,0.0204806246021747,0.000615745420603,0.0284345842426354,5.546989343712796e-05,0.0204806246021747,0.0017029178275957,0.0334570715491609,0.5499842423255458,0.9684902983876432,1.0303897486993914,1.1036677015978837,0.6479515170102175,0.9029778275376626,0.3829134164665571,1.1997602119746498,0.6273473706634324,1.0403922979658715
2022_10_ARI_LA,2022,10,2022-11-13,16:25,Arizona Cardinals,Los Angeles Rams,Home,Colt McCoy,John Wolford,00-0027688,00-0034899,7,7,0,0,-4,6,SoFi Stadium,33.9535,-118.3395,America/Los_Angeles,False,False,10,10,Sunday,False,False,0,False,False,0,-4,6,NFC West,State Farm Stadium,33.5277,-112.262608,America/Denver,NFC West,SoFi Stadium,33.9535,-118.3395,America/Los_Angeles,Seattle Seahawks,Tampa Bay Buccaneers,State Farm Stadium,Raymond James Stadium,San Francisco 49ers,New Orleans Saints,State Farm Stadium,Caesars Superdome,350,0,-350,350,1.0,0.0,America/Denver,America/New_York,1.0,3.0,1.0,0.0,1.0,0,0.075,1.29,0.075,1.29,Los Angeles Rams,1.215,Los Angeles Rams,1.215,0.075,1.29,Los Angeles Rams,1.215,0.0,0,No,No,No,No,No,1,No,0.0,0.0,-2.282,6.103,1.501015,1.110485,1.501015,1.110485,1.413865,-0.1673649999999999,-0.7842850000000001,5.851785,Arizona Cardinals,0.39053,Arizona Cardinals,0.39053,1.501015,1.110485,Arizona Cardinals,0.39053,Tie,0.0,Los Angeles Rams,8.385,-1.141,3.0515,Los Angeles Rams,4.1925,Arizona Cardinals,1.58123,Los Angeles Rams,6.63607,0.3147899999999999,2.84221,Los Angeles Rams,2.52742,Different,Different,Same,Different,Different,Same,False,Away Team,Home Team,38.0,-183.0,160.0,Los Angeles Rams,Arizona Cardinals,-3.5,3.5,105,-128,-282,224,1.58123,-1.58123,-6.63607,6.63607,0.3846,0.6466,0.5614,0.4878,0.3086,0.7382,0.373,0.627,0.5351,0.4649,0.2948,0.7052,0.373,0.627,-0.127,0.127,,,83,0.0,70.0,0.0,Dome,True,K.Murray,M.Stafford,-4.21,-5.0,13.98,195.39,High,-14.0,6.0,50.49,50.0,13.108191343433282,35.0,68.0,0.6146,0.3852,0.0784,0.0794,0.5428,0.4572,0.8258,0.1568,10,2022-11-13,Arizona Cardinals @ Los Angeles Rams,0.6029,0.397,-152,152,,,,,,,,No Bet,,No Bet,,No Bet,,No Bet,,No Bet,,No Bet,,No Bet,,No Bet,,No Bet,,,,,,,,,,,,,,,,,,,,,,,,,,,,,10,-0.1806714285714285,-0.2045999999999999,Los Angeles Rams,Arizona Cardinals,0,0,1,1,0,0,0,0,1,1,0,0,1,0.5,0.0,,,328.6115290113474,0.4274143342034886,0.976164393528766,0.0502237701694641,0.0045124509904168,14.563928670577928,0.0082274040619725,8.664027741827061,0.0138299794821898,0.0443195913253397,0.0263655623035912,2.503686978580857e-05,4.208610551126535e-05,0.0264076484091025,0.0220573835441623,23.22795641240499,,,470.0,254.0,0.373,0.627,0.4128,0.5871,0.37,0.6298,Los Angeles Rams,Los Angeles Rams,Los Angeles Rams,Los Angeles Rams,Los Angeles Rams,Same,Same,Same,False,False,0.0706851536289309,6.712297529707392e-05,0.0502237701694641,0.0045124509904168,0.0706851536289309,6.712297529707392e-05,0.0373929632251955,0.007894791780381,0.9251277293117038,0.5933468114014854,0.9308911912617752,1.2031662590355006,1.0683504771797654,0.4825788673681138,0.9429648866726332,0.6397087417685744,0.9712916707252974,0.6964479979040054
2022_10_LAC_SF,2022,10,2022-11-13,20:20,Los Angeles Chargers,San Francisco 49ers,Home,Justin Herbert,Jimmy Garoppolo,00-0036355,00-0031345,7,14,-7,7,-1,0,Levi's Stadium,37.4031,-121.9702,America/Los_Angeles,False,True,10,10,Sunday,False,False,0,False,False,0,-1,0,AFC West,SoFi Stadium,33.9535,-118.3395,America/Los_Angeles,NFC West,Levi's Stadium,37.4031,-121.9702,America/Los_Angeles,Atlanta Falcons,Los Angeles Rams,Mercedes-Benz Stadium,SoFi Stadium,Kansas City Chiefs,Arizona Cardinals,SoFi Stadium,State Farm Stadium,313,0,-313,313,0.0,0.0,America/New_York,America/Los_Angeles,3.0,0.0,0.0,0.0,0.0,0,0.935,3.325,0.935,3.325,San Francisco 49ers,2.39,San Francisco 49ers,2.39,0.935,3.325,San Francisco 49ers,2.39,0.0,0,No,No,No,No,No,0,No,0.0,0.0,0.998,4.436,1.679,4.3950000000000005,1.679,4.3950000000000005,0.7439999999999999,1.07,1.742,5.506,San Francisco 49ers,2.716,San Francisco 49ers,2.716,1.679,4.3950000000000005,San Francisco 49ers,2.716,Tie,0.0,San Francisco 49ers,3.438,0.499,2.218,San Francisco 49ers,1.719,San Francisco 49ers,0.3260000000000002,San Francisco 49ers,3.764,1.243,3.2880000000000003,San Francisco 49ers,2.0450000000000004,Different,Same,Same,Same,Different,Same,False,Home Team,Home Team,45.5,-357.0,302.0,San Francisco 49ers,Los Angeles Chargers,-8.5,8.5,-116,-104,-211,171,-0.3260000000000002,0.3260000000000002,-3.764,3.764,0.2488,0.7812,0.5098,0.537,0.369,0.6785,0.2415,0.7585,0.487,0.513,0.3523,0.6477,0.2415,0.7585,-0.2585,0.2585,57.0,6.0,84,6.0,57.0,0.0,nfl_read_py Fallback,False,J.Herbert,M.Jones,-6.98,-7.0,13.49,182.08,Med-High,-17.0,3.0,55.43,55.0,13.915123567283857,38.0,73.0,0.694,0.3058,0.0762,0.08,0.478,0.522,0.7608,0.2392,10,2022-11-13,Los Angeles Chargers @ San Francisco 49ers,0.6533,0.3466,-188,189,,,,,,,,No Bet,,No Bet,,No Bet,,No Bet,,No Bet,,No Bet,,No Bet,,No Bet,,No Bet,,,,,,,,,,,,,,,,,,,,,,,,,,,,,10,-0.0047374999999999,0.2352874999999999,San Francisco 49ers,Los Angeles Chargers,0,1,1,0,0,1,0,0,1,1,0,1,0,2.0,4.5,,,328.6115290113474,0.7043884320593191,0.775813351951382,0.1730156041471298,0.0037961902942341,48.23351455200219,0.0033683459833891,15.35714405314243,0.010579256432301,0.1467797392779138,0.0467334305018012,1.0250236787257918e-05,3.219380788047673e-05,0.0467656243096816,0.0139476024156902,63.59065860514463,,,470.0,254.0,0.2415,0.7585,0.3882,0.6118,0.4294,0.5702,San Francisco 49ers,San Francisco 49ers,San Francisco 49ers,San Francisco 49ers,San Francisco 49ers,Same,Same,Same,False,False,0.193513169779715,4.244404466773465e-05,0.1730156041471298,0.0037961902942341,0.193513169779715,4.244404466773465e-05,0.1575588577266587,0.0067704453784584,1.0654390679648007,0.45303547274839034,0.8856591074704279,1.2483983428268477,0.9004713043209792,0.6504580402269022,0.9939579910311772,0.5887156374100309,0.9666239903308724,0.7011156782984315
2022_10_WAS_PHI,2022,10,2022-11-14,20:15,Washington Commanders,Philadelphia Eagles,Home,Taylor Heinicke,Jalen Hurts,00-0031800,00-0036389,8,11,-3,3,2,9,Lincoln Financial Field,39.9008,-75.1675,America/New_York,False,False,10,10,Monday,False,False,0,False,False,0,2,9,NFC East,FedExField,38.9077,-76.8645,America/New_York,NFC East,Lincoln Financial Field,39.9008,-75.1675,America/New_York,Minnesota Vikings,Houston Texans,FedExField,NRG Stadium,Houston Texans,Indianapolis Colts,NRG Stadium,Lucas Oil Stadium,114,0,-114,114,0.0,0.0,America/New_York,America/Chicago,0.0,-1.0,0.0,0.0,0.0,0,1.45,4.905,1.45,4.905,Philadelphia Eagles,3.455,Philadelphia Eagles,3.455,1.45,4.905,Philadelphia Eagles,3.455,0.0,0,No,No,No,No,No,1,No,0.0,0.0,-7.066,3.065,0.9586500000000002,6.41235,0.9586500000000002,6.41235,-0.5258999999999999,1.5419000000000005,-7.490589999999999,4.50559,Philadelphia Eagles,5.4537,Philadelphia Eagles,5.4537,0.9586500000000002,6.41235,Philadelphia Eagles,5.4537,Tie,0.0,Philadelphia Eagles,10.131,-3.533,1.5325,Philadelphia Eagles,5.0655,Philadelphia Eagles,2.0678,Philadelphia Eagles,11.99618,-4.008245,3.023745,Philadelphia Eagles,7.03199,Different,Same,Same,Same,Different,Same,False,Home Team,Home Team,43.0,-501.0,405.0,Philadelphia Eagles,Washington Commanders,-11.0,11.0,-131,108,-660,458,-2.0678,2.0678,-11.99618,11.99618,0.198,0.8336,0.4808,0.5671,0.1792,0.8684,0.1919,0.8081,0.4588,0.5412,0.1711,0.8289,0.1919,0.8081,-0.3081,0.3081,43.0,6.0,85,6.0,43.0,0.0,nfl_read_py Fallback,False,J.Daniels,J.Hurts,-14.79,-15.0,13.39,179.23,Medium,-23.0,-7.0,46.49,46.0,12.87942093949675,30.0,63.0,0.869,0.1302,0.0488,0.0552,0.8002,0.1998,0.4444,0.5556,10,2022-11-14,Washington Commanders @ Philadelphia Eagles,0.7618,0.238,-320,320,,,,,,,,No Bet,,No Bet,,No Bet,,No Bet,,No Bet,,No Bet,,No Bet,,No Bet,,No Bet,,,,,,,,,,,,,,,,,,,,,,,,,,,,,10,-0.0029857142857142,0.1888625,Philadelphia Eagles,Washington Commanders,1,1,0,0,0,0,1,1,1,1,1,1,1,2.0,4.0,,,328.6115290113474,0.1903883628704759,0.962503469658583,0.1750067792180869,0.0045906250812967,32.935947246668974,0.0166532749410505,7.821319485998979,0.0701277304839131,0.1002276071863919,0.0238011110247105,5.067769530531436e-05,0.0002134061780939,0.0240145172028045,0.0867810054249637,40.75726673266796,,,470.0,254.0,0.1919,0.8081,0.2898,0.7102,0.1352,0.8646,Philadelphia Eagles,Philadelphia Eagles,Philadelphia Eagles,Philadelphia Eagles,Philadelphia Eagles,Same,Same,Same,False,False,0.1240287182111025,0.0002640838733992,0.1750067792180869,0.0045906250812967,0.1240287182111025,0.0002640838733992,0.2032535741538035,0.0078986062126212,1.15049578282783,0.3679787578853566,0.9410683334777477,1.1929891168195268,1.2109427259892616,0.3399866185586228,1.3099551325967291,0.272718495844482,1.1622935085189672,0.505446160110333
2022_11_TEN_GB,2022,11,2022-11-17,20:15,Tennessee Titans,Green Bay Packers,Home,Ryan Tannehill,Aaron Rodgers,00-0029701,00-0023459,4,4,0,0,-11,-17,Lambeau Field,44.5013,-88.0622,America/Chicago,False,False,11,11,Thursday,False,False,0,False,False,0,-11,-17,AFC South,Nissan Stadium,36.1664,-86.7716,America/Chicago,NFC North,Lambeau Field,44.5013,-88.0622,America/Chicago,Denver Broncos,Dallas Cowboys,Nissan Stadium,Lambeau Field,Cincinnati Bengals,Philadelphia Eagles,Nissan Stadium,Lincoln Financial Field,579,0,-579,579,0.0,0.0,America/Chicago,America/Chicago,0.0,0.0,0.0,0.0,0.0,0,-4.36,3.535,-4.36,3.535,Green Bay Packers,7.895,Green Bay Packers,7.895,-4.36,3.535,Green Bay Packers,7.895,0.0,0,No,No,No,No,No,0,No,0.0,0.0,0.3,1.303,-5.102,4.6685,-5.102,4.6685,-0.742,1.1335,-0.442,2.4365,Green Bay Packers,9.7705,Green Bay Packers,9.7705,-5.102,4.6685,Green Bay Packers,9.7705,Tie,0.0,Green Bay Packers,1.003,0.15,0.6515,Green Bay Packers,0.5015,Green Bay Packers,1.8755,Green Bay Packers,2.8785,-0.5920000000000001,1.7849999999999997,Green Bay Packers,2.377,Different,Same,Same,Same,Different,Same,True,Home Team,Home Team,40.5,-171.0,153.0,Green Bay Packers,Tennessee Titans,-3.0,3.0,-131,108,-164,135,-1.8755,1.8755,-2.8785,2.8785,0.3953,0.631,0.4808,0.5671,0.4255,0.6212,0.3851,0.6149,0.4588,0.5412,0.4065,0.5935,0.3851,0.6149,-0.1149,0.1149,25.0,11.0,86,11.0,25.0,0.0,nfl_read_py Fallback,False,C.Ward,J.Love,0.4,1.0,13.76,189.37,Med-High,-10.0,10.0,37.14,37.0,12.056192231140926,22.0,53.0,0.4922,0.5072,0.0934,0.0918,0.4078,0.54,0.3778,0.6222,11,2022-11-17,Tennessee Titans @ Green Bay Packers,0.5604,0.4394,-127,128,,,,,,,,No Bet,,No Bet,,No Bet,,No Bet,,No Bet,,No Bet,,No Bet,,No Bet,,No Bet,,,,,,,,,,,,,,,,,,,,,,,,,,,,,11,-0.0843,0.0620333333333333,Green Bay Packers,Tennessee Titans,0,1,1,0,1,0,0,0,0,0,1,0,0,1.5,3.0,,,232.55177829933083,0.1531438877598986,0.9750897694093876,0.0124169524229452,0.0113327113367639,2.297837708165833,1.7073593112410432,1.439091399275756,2.726188627582751,0.0098809724224432,0.0061882622863602,0.0073418458621434,0.011722931759626,0.0179111940459863,4.433547938823795,3.736929107441589,,,390.0,80.0,0.3851,0.6149,0.4248,0.5748,0.5156,0.483,Green Bay Packers,Tennessee Titans,Green Bay Packers,Tennessee Titans,Green Bay Packers,Same,Same,Same,False,False,0.0160692347088035,0.0190647776217695,0.0124169524229452,0.0113327113367639,0.0160692347088035,0.0190647776217695,0.0107856104423438,0.0072324978811284,0.9622504157628173,0.6037121087407782,1.155254036173225,0.9818890064843765,0.9548929499248882,0.6552300713670701,0.8203635323725177,0.8479885083111067,0.9651584554155208,0.7586255887153388
2022_11_CHI_ATL,2022,11,2022-11-20,13:00,Chicago Bears,Atlanta Falcons,Home,Justin Fields,Marcus Mariota,00-0036945,00-0032268,7,10,-3,3,0,-10,Mercedes-Benz Stadium,33.7489,-84.388,America/New_York,False,False,11,11,Sunday,False,False,0,False,False,0,0,-10,NFC North,Soldier Field,41.8623,-87.6167,America/Chicago,NFC South,Mercedes-Benz Stadium,33.7489,-84.388,America/New_York,Detroit Lions,Carolina Panthers,Soldier Field,Bank of America Stadium,New York Jets,Washington Commanders,MetLife Stadium,FedExField,587,0,-587,587,-1.0,0.0,America/Chicago,America/New_York,-1.0,0.0,-1.0,0.0,-1.0,0,-1.575,-0.71,-1.575,-0.71,Atlanta Falcons,0.865,Atlanta Falcons,0.865,-1.575,-0.71,Atlanta Falcons,0.865,0.0,0,No,No,No,No,No,0,No,0.0,0.0,-5.152,-6.453,-3.1005000000000003,-0.7909999999999999,-3.1005000000000003,-0.7909999999999999,-1.5255,-0.081,-6.6775,-6.534000000000001,Atlanta Falcons,2.3095000000000003,Atlanta Falcons,2.3095000000000003,-3.1005000000000003,-0.7909999999999999,Atlanta Falcons,2.3095000000000003,Tie,0.0,Chicago Bears,1.3010000000000002,-2.576,-3.2265,Chicago Bears,0.6505000000000001,Atlanta Falcons,1.4445,Atlanta Falcons,0.1434999999999995,-4.1015,-3.307500000000001,Atlanta Falcons,0.7939999999999992,Different,Different,Same,Same,Different,Different,False,Home Team,Home Team,48.5,-138.0,125.0,Atlanta Falcons,Chicago Bears,-3.0,3.0,-128,105,-110,-110,-1.4445,1.4445,-0.1434999999999995,0.1434999999999995,0.4444,0.5798,0.4878,0.5614,0.5238,0.5238,0.4339,0.5661,0.4649,0.5351,0.5,0.5,0.4339,0.5661,-0.0661,0.0661,,,87,0.0,70.0,0.0,Dome,True,C.Williams,M.Penix,-1.07,-2.0,14.08,198.26,High,-11.0,9.0,51.34,51.0,13.54200654217231,34.0,69.0,0.529,0.4704,0.084,0.0894,0.4484,0.5048,0.5768,0.4232,11,2022-11-20,Chicago Bears @ Atlanta Falcons,0.5326,0.4673,-114,114,,,,,,,,No Bet,,No Bet,,No Bet,,No Bet,,No Bet,,No Bet,,No Bet,,No Bet,,No Bet,,,,,,,,,,,,,,,,,,,,,,,,,,,,,11,-0.2161666666666667,-0.0235666666666666,Atlanta Falcons,Chicago Bears,0,1,1,0,0,0,1,1,0,0,1,1,0,0.0,2.0,,,232.55177829933083,0.8533818991568808,0.938617544783748,0.0232240631767098,0.0114158810057949,2.7622699028460502,1.9357037867437763,2.11720351677248,2.5254711078028387,0.0118780854872267,0.0091042241528134,0.0083237539652447,0.0108598228156834,0.0199640469684968,4.461174894546614,4.87947341961853,,,390.0,80.0,0.4339,0.5661,0.5268,0.4731,0.4618,0.538,Atlanta Falcons,Atlanta Falcons,Chicago Bears,Atlanta Falcons,Atlanta Falcons,Same,Same,Different,False,False,0.0209823096400401,0.0191835767809282,0.0232240631767098,0.0114158810057949,0.0209823096400401,0.0191835767809282,0.0249199139319925,0.0072917047623406,0.8790206360947724,0.6869418884088195,1.1286399827949622,1.0085030598626392,0.7969967439664953,0.8131262773254624,0.8738707593625226,0.7944812813211017,0.9087226244145555,0.8150614197163057
2022_11_CAR_BAL,2022,11,2022-11-20,13:00,Carolina Panthers,Baltimore Ravens,Home,Phillip Walker,Lamar Jackson,00-0033275,00-0034796,10,13,-3,3,-1,3,M&T Bank Stadium,39.2789,-76.6228,America/New_York,False,False,11,11,Sunday,False,False,0,False,False,0,-1,3,NFC South,Bank of America Stadium,35.2258,-80.8528,America/New_York,AFC North,M&T Bank Stadium,39.2789,-76.6228,America/New_York,Atlanta Falcons,New Orleans Saints,Bank of America Stadium,Caesars Superdome,Denver Broncos,Jacksonville Jaguars,Bank of America Stadium,TIAA Bank Field,364,0,-364,364,0.0,0.0,America/New_York,America/Chicago,0.0,-1.0,0.0,0.0,0.0,0,-5.25,6.69,-5.25,6.69,Baltimore Ravens,11.94,Baltimore Ravens,11.94,-5.25,6.69,Baltimore Ravens,11.94,0.0,0,No,No,No,No,No,0,No,0.0,0.0,-3.675,3.864,-4.9185,7.175000000000001,-4.9185,7.175000000000001,0.3315000000000001,0.485,-3.3435,4.349,Baltimore Ravens,12.0935,Baltimore Ravens,12.0935,-4.9185,7.175000000000001,Baltimore Ravens,12.0935,Tie,0.0,Baltimore Ravens,7.539,-1.8375,1.932,Baltimore Ravens,3.7695,Baltimore Ravens,0.1534999999999999,Baltimore Ravens,7.6925,-1.5059999999999998,2.4170000000000003,Baltimore Ravens,3.923,Different,Same,Same,Same,Different,Same,False,Home Team,Home Team,42.0,-647.0,503.0,Baltimore Ravens,Carolina Panthers,-13.0,13.0,-110,-110,-346,268,-0.1534999999999999,0.1534999999999999,-7.6925,7.6925,0.1658,0.8661,0.5238,0.5238,0.2717,0.7758,0.1607,0.8393,0.5,0.5,0.2594,0.7406,0.1607,0.8393,-0.3393,0.3393,36.0,2.0,88,2.0,36.0,0.0,nfl_read_py Fallback,False,B.Young,C.Rush,-3.33,-4.0,13.48,181.65,Med-High,-13.0,7.0,44.72,44.0,12.547737371439862,29.0,61.0,0.5964,0.403,0.0832,0.0806,0.2336,0.7338,0.555,0.4148,11,2022-11-20,Carolina Panthers @ Baltimore Ravens,0.6691,0.3308,-202,202,,,,,,,,No Bet,,No Bet,,No Bet,,No Bet,,No Bet,,No Bet,,No Bet,,No Bet,,No Bet,,,,,,,,,,,,,,,,,,,,,,,,,,,,,11,-0.0672166666666666,0.0203857142857142,Baltimore Ravens,Carolina Panthers,0,1,1,0,0,1,1,0,0,0,1,1,0,1.5,2.5,,,232.55177829933083,0.3149796336825359,0.9987294295889396,0.1505857582514806,0.0113030233338709,52.196048200402814,0.7135577311260033,9.993929400458391,3.726751734499406,0.2244491466894665,0.0429750719325595,0.0030683821742594,0.0160254708080644,0.059000542740624,4.440309465625409,62.189977600861205,,,390.0,80.0,0.1607,0.8393,0.2988,0.7011,0.2644,0.735,Baltimore Ravens,Baltimore Ravens,Baltimore Ravens,Baltimore Ravens,Baltimore Ravens,Same,Same,Same,False,False,0.2674242186220261,0.0190938529823239,0.1505857582514806,0.0113030233338709,0.2674242186220261,0.0190938529823239,0.0760981543159237,0.0071676141681102,1.258056432942265,0.30790609156132753,0.9021609879889411,1.234982054668656,1.1120782432693168,0.49804477802264313,0.8946290749982725,0.7737229656853546,1.049698163144352,0.6740858809865068
2022_11_CLE_BUF,2022,11,2022-11-20,13:00,Cleveland Browns,Buffalo Bills,Neutral,Jacoby Brissett,Josh Allen,00-0033119,00-0034857,7,7,0,0,9,10,Highmark Stadium,42.7725,-78.7877,America/New_York,False,True,11,11,Sunday,False,False,0,False,False,0,9,10,AFC North,FirstEnergy Stadium,41.5061,-81.6994,America/New_York,AFC East,Highmark Stadium,42.7725,-78.7877,America/New_York,Miami Dolphins,Minnesota Vikings,Hard Rock Stadium,Highmark Stadium,Tampa Bay Buccaneers,Detroit Lions,FirstEnergy Stadium,Ford Field,173,0,-173,173,0.0,0.0,America/New_York,America/New_York,0.0,0.0,0.0,0.0,0.0,0,-4.705,4.795,-4.705,4.795,Buffalo Bills,9.5,Buffalo Bills,9.5,-4.705,4.795,Buffalo Bills,9.5,0.0,0,No,No,No,No,No,0,No,0.0,0.0,1.172,11.21,-4.75,5.6765,-4.75,5.6765,-0.0449999999999999,0.8815,1.1269999999999998,12.091500000000002,Buffalo Bills,10.4265,Buffalo Bills,10.4265,-4.75,5.6765,Buffalo Bills,10.4265,Tie,0.0,Buffalo Bills,10.038,0.586,5.605,Buffalo Bills,5.019,Buffalo Bills,0.9265,Buffalo Bills,10.9645,0.5409999999999999,6.486500000000001,Buffalo Bills,5.945500000000001,Different,Same,Same,Same,Different,Same,False,Home Team,Home Team,50.5,-353.0,298.0,Buffalo Bills,Cleveland Browns,-7.5,7.5,-122,101,-567,406,-0.9265,0.9265,-10.9645,10.9645,0.2513,0.7792,0.4975,0.5495,0.1976,0.8501,0.2438,0.7562,0.4752,0.5248,0.1886,0.8114,0.2438,0.7562,-0.2562,0.2562,,,89,15.0,40.0,0.0,Historical Avg,False,D.Gabriel,J.Allen,-9.12,-10.0,14.08,198.31,High,-19.0,1.0,48.02,47.0,13.637906938424688,31.0,66.0,0.7388,0.2598,0.0616,0.0626,0.5758,0.4242,0.4064,0.5936,11,2022-11-20,Cleveland Browns @ Buffalo Bills,0.7078,0.2918,-242,243,,,,,,,,No Bet,,No Bet,,No Bet,,No Bet,,No Bet,,No Bet,,No Bet,,No Bet,,No Bet,,,,,,,,,,,,,,,,,,,,,,,,,,,,,11,0.0144,0.2422,Buffalo Bills,Cleveland Browns,0,1,1,0,1,1,0,0,0,0,1,1,0,2.5,4.5,,,232.55177829933083,0.2083280582551725,0.8723773557545177,0.1455003212352331,0.0109150150573615,10.029318457148108,1.0809357621911246,3.2334671249044025,3.3527630162794435,0.0431272490388733,0.0139042889654553,0.0046481509197482,0.0144172753302445,0.0283215642956998,4.433698778470569,13.262785582052512,,,390.0,80.0,0.2438,0.7562,0.32,0.6799,0.2898,0.7096,Buffalo Bills,Buffalo Bills,Buffalo Bills,Buffalo Bills,Buffalo Bills,Same,Same,Same,False,False,0.0570315380043287,0.0190654262499928,0.1455003212352331,0.0109150150573615,0.0570315380043287,0.0190654262499928,0.1968002920051537,0.0065695877550944,1.1138075657379638,0.45215495876562606,0.9581754735922957,1.1789675690653032,1.2420039203347946,0.3681191009571644,1.1484030446706714,0.519948996012959,1.1243748402817546,0.5994092038491049
2022_11_WAS_HOU,2022,11,2022-11-20,13:00,Washington Commanders,Houston Texans,Home,Taylor Heinicke,Davis Mills,00-0031800,00-0036898,6,7,-1,1,1,-1,NRG Stadium,29.6847,-95.4093,America/Chicago,False,True,11,11,Sunday,False,False,0,False,False,0,1,-1,NFC East,FedExField,38.9077,-76.8645,America/New_York,AFC South,NRG Stadium,29.6847,-95.4093,America/Chicago,Philadelphia Eagles,New York Giants,Lincoln Financial Field,MetLife Stadium,Atlanta Falcons,Miami Dolphins,FedExField,Hard Rock Stadium,1231,0,-1231,1231,1.0,0.0,America/New_York,America/New_York,1.0,1.0,1.0,0.0,1.0,0,1.45,0.035,1.45,0.035,Washington Commanders,1.415,Washington Commanders,1.415,1.45,0.035,Washington Commanders,1.415,0.0,0,No,No,No,No,Yes,0,No,0.0,0.0,-7.066,-6.241,1.028,-0.6020000000000001,1.028,-0.6020000000000001,-0.422,-0.637,-7.487999999999999,-6.877999999999999,Washington Commanders,1.63,Washington Commanders,1.63,1.028,-0.6020000000000001,Washington Commanders,1.63,Tie,0.0,Houston Texans,0.8250000000000002,-3.533,-3.1205,Houston Texans,0.4125000000000001,Washington Commanders,0.215,Houston Texans,0.6100000000000003,-3.955,-3.7575,Houston Texans,0.1975000000000002,Different,Different,Same,Different,Different,Same,False,Away Team,Home Team,41.0,135.0,-150.0,Washington Commanders,Houston Texans,3.0,-3.0,-110,-110,-116,-104,0.215,-0.215,-0.6100000000000003,0.6100000000000003,0.6,0.4255,0.5238,0.5238,0.5098,0.537,0.5851,0.4149,0.5,0.5,0.487,0.513,0.5851,0.4149,0.0851,-0.0851,,,90,0.0,70.0,0.0,Dome,True,J.Daniels,C.Stroud,0.86,1.0,13.23,175.15,Medium,-8.0,10.0,44.26,43.0,12.64018140048502,29.0,61.0,0.4774,0.5212,0.0946,0.0852,0.5098,0.4506,0.5724,0.4048,11,2022-11-20,Washington Commanders @ Houston Texans,0.4763,0.5233,110,-110,,,,,,,,No Bet,,No Bet,,No Bet,,No Bet,,No Bet,,No Bet,,No Bet,,No Bet,,No Bet,,,,,,,,,,,,,,,,,,,,,,,,,,,,,11,-0.0176666666666666,-0.2415142857142857,Washington Commanders,Houston Texans,1,0,0,1,0,0,1,1,0,0,1,1,0,2.0,0.0,,,232.55177829933083,0.9987477096745876,0.9624318586175372,0.0114558011184401,0.0529007620102819,1.850131007546412,3.890504743809319,2.609090509798518,2.758794083415632,0.007955780949415,0.0112193960797848,0.0167296280091293,0.0118631390548414,0.0230825351346263,6.649298827224951,4.459221517344931,,,390.0,80.0,0.5851,0.4149,0.5581,0.4416,0.5204,0.4784,Washington Commanders,Washington Commanders,Washington Commanders,Washington Commanders,Washington Commanders,Same,Same,Same,False,False,0.0191751770291999,0.0285927670639708,0.0114558011184401,0.0529007620102819,0.0191751770291999,0.0285927670639708,0.0073601635008759,0.0673326009779401,0.6758158015943999,0.8901467229091904,1.120842054809129,1.0163009878484677,0.8541465202382056,0.7559765010537552,0.8269770026908038,0.8413750379928229,0.8539358369065772,0.8698482072242832
2022_11_PHI_IND,2022,11,2022-11-20,13:00,Philadelphia Eagles,Indianapolis Colts,Home,Jalen Hurts,Sam Ehlinger,00-0036389,00-0036879,6,7,-1,1,8,-6,Lucas Oil Stadium,39.7601,-86.1638,America/Indiana/Indianapolis,False,False,11,11,Sunday,False,False,0,False,False,0,8,-6,NFC East,Lincoln Financial Field,39.9008,-75.1675,America/New_York,AFC South,Lucas Oil Stadium,39.7601,-86.1638,America/Indiana/Indianapolis,Washington Commanders,Las Vegas Raiders,Lincoln Financial Field,Allegiant Stadium,Green Bay Packers,Pittsburgh Steelers,Lincoln Financial Field,Lucas Oil Stadium,583,0,-583,583,0.0,0.0,America/New_York,America/Los_Angeles,0.0,-3.0,0.0,0.0,0.0,0,4.905,-2.265,4.905,-2.265,Philadelphia Eagles,7.17,Philadelphia Eagles,7.17,4.905,-2.265,Philadelphia Eagles,7.17,0.0,0,No,No,No,No,Yes,0,No,0.0,0.0,3.065,-1.583,4.292000000000001,-1.0690000000000002,4.292000000000001,-1.0690000000000002,-0.613,1.196,2.452,-0.387,Philadelphia Eagles,5.361000000000001,Philadelphia Eagles,5.361000000000001,4.292000000000001,-1.0690000000000002,Philadelphia Eagles,5.361000000000001,Tie,0.0,Philadelphia Eagles,4.648,1.5325,-0.7915,Philadelphia Eagles,2.324,Indianapolis Colts,1.809,Philadelphia Eagles,2.839,0.9195,0.4044999999999999,Philadelphia Eagles,0.515,Different,Same,Different,Same,Different,Same,False,Home Team,Away Team,45.5,235.0,-270.0,Philadelphia Eagles,Indianapolis Colts,6.5,-6.5,-131,108,135,-164,-1.809,1.809,2.839,-2.839,0.7297,0.2985,0.4808,0.5671,0.6212,0.4255,0.7097,0.2903,0.4588,0.5412,0.5935,0.4065,0.7097,0.2903,0.2097,-0.2097,,,91,0.0,70.0,0.0,Dome,True,J.Hurts,D.Jones,13.69,14.0,13.48,181.76,Med-High,6.0,23.0,47.58,47.0,12.874174074930878,32.0,64.0,0.1526,0.8468,0.0534,0.0534,0.2742,0.7258,0.549,0.451,11,2022-11-20,Philadelphia Eagles @ Indianapolis Colts,0.3476,0.6522,188,-188,,,,,,,,No Bet,,No Bet,,No Bet,,No Bet,,No Bet,,No Bet,,No Bet,,No Bet,,No Bet,,,,,,,,,,,,,,,,,,,,,,,,,,,,,11,0.1858857142857143,-0.1037166666666666,Philadelphia Eagles,Indianapolis Colts,1,0,0,1,0,0,1,0,0,0,1,0,0,4.0,1.5,,,232.55177829933083,0.9778867084647412,0.0487599157025716,0.0111806873735898,0.0423978849606245,1.2862227633281145,3.489590184555763,3.144444695604419,1.427403171166039,0.0055309091709999,0.013521482048428,0.0150056482477812,0.0061380015306902,0.0196594835791183,4.916993355721802,4.430667458932533,,,390.0,80.0,0.7097,0.2903,0.5994,0.4003,0.848,0.1506,Philadelphia Eagles,Philadelphia Eagles,Philadelphia Eagles,Philadelphia Eagles,Philadelphia Eagles,Same,Same,Same,False,False,0.0190523912194279,0.0211436497784715,0.0111806873735898,0.0423978849606245,0.0190523912194279,0.0211436497784715,0.0069989517697416,0.0552329992934234,0.4714861296683452,1.0944763948352467,1.1955747897248297,0.9415682529327685,0.6752798651406915,0.9348431561512718,0.2669994335981155,1.4013526070855127,0.6221053055253689,1.1016787386054883
2022_11_NYJ_NE,2022,11,2022-11-20,13:00,New York Jets,New England Patriots,Home,Zach Wilson,Mac Jones,00-0037013,00-0036972,14,14,0,0,-4,-4,Gillette Stadium,42.0628,-71.2687,America/New_York,False,False,11,11,Sunday,False,False,0,False,False,0,-4,-4,AFC East,MetLife Stadium,40.8136,-74.0744,America/New_York,AFC East,Gillette Stadium,42.0628,-71.2687,America/New_York,Buffalo Bills,Indianapolis Colts,MetLife Stadium,Gillette Stadium,Chicago Bears,Minnesota Vikings,MetLife Stadium,U.S. Bank Stadium,169,0,-169,169,0.0,0.0,America/New_York,America/New_York,0.0,0.0,0.0,0.0,0.0,0,-3.725,-1.995,-3.725,-1.995,New England Patriots,1.73,New England Patriots,1.73,-3.725,-1.995,New England Patriots,1.73,0.0,0,No,No,No,No,No,1,No,0.0,0.0,-6.163,0.436,-3.4660400000000005,-1.85296,-3.4660400000000005,-1.85296,0.2416599999999999,0.1593399999999999,-5.8553500000000005,0.52935,New England Patriots,1.6130800000000003,New England Patriots,1.6130800000000003,-3.4660400000000005,-1.85296,New England Patriots,1.6130800000000003,Tie,0.0,New England Patriots,6.599,-3.0815,0.218,New England Patriots,3.2995,New York Jets,0.08232,New England Patriots,6.3847000000000005,-2.806845,0.344345,New England Patriots,3.15119,Different,Same,Different,Same,Different,Same,False,Away Team,Home Team,38.5,-182.0,163.0,New England Patriots,New York Jets,-3.5,3.5,-110,-110,-282,224,0.08232,-0.08232,-6.3847000000000005,6.3847000000000005,0.3802,0.6454,0.5238,0.5238,0.3086,0.7382,0.3707,0.6293,0.5,0.5,0.2948,0.7052,0.3707,0.6293,-0.1293,0.1293,42.0,2.0,92,2.0,42.0,0.0,nfl_read_py Fallback,False,J.Fields,D.Maye,-4.28,-6.0,13.76,189.47,Med-High,-14.0,6.0,42.95,42.0,12.469452124582595,28.0,59.0,0.6266,0.3724,0.0812,0.0844,0.552,0.448,0.6296,0.3704,11,2022-11-20,New York Jets @ New England Patriots,0.6153,0.3845,-160,160,,,,,,,,No Bet,,No Bet,,No Bet,,No Bet,,No Bet,,No Bet,,No Bet,,No Bet,,No Bet,,,,,,,,,,,,,,,,,,,,,,,,,,,,,11,-0.0146285714285714,-0.0649714285714285,New England Patriots,New York Jets,0,1,1,0,1,0,0,1,0,0,1,1,1,2.0,1.5,,,232.55177829933083,0.6499834113823002,0.995331459958856,0.0642013382578119,0.011341500695631,6.956524593455114,1.643226446907175,4.097860586038156,2.789539797784422,0.0299138739954117,0.0176212825204181,0.0070660670020423,0.0119953492430139,0.029616631763432,4.432766244691598,11.05438517949327,,,390.0,80.0,0.3707,0.6293,0.3465,0.6531,0.383,0.6154,New England Patriots,New England Patriots,New England Patriots,New England Patriots,New England Patriots,Same,Same,Same,False,False,0.0475351565158299,0.0190614162450563,0.0642013382578119,0.011341500695631,0.0475351565158299,0.0190614162450563,0.0736631294383104,0.0072484960785783,0.953151288656663,0.612811235846927,1.0021733400453467,1.1349697026122516,1.1043412943788287,0.5057817269131325,1.0081593760850664,0.6601926645985585,1.020086205909558,0.7036978382213014
2022_11_LA_NO,2022,11,2022-11-20,13:00,Los Angeles Rams,New Orleans Saints,Home,Matthew Stafford,Andy Dalton,00-0026498,00-0027973,7,7,0,0,6,-8,Caesars Superdome,29.9507,-90.0813,America/Chicago,False,False,11,11,Sunday,False,False,0,False,False,0,6,-8,NFC West,SoFi Stadium,33.9535,-118.3395,America/Los_Angeles,NFC South,Caesars Superdome,29.9507,-90.0813,America/Chicago,Arizona Cardinals,Pittsburgh Steelers,SoFi Stadium,Acrisure Stadium,Kansas City Chiefs,San Francisco 49ers,GEHA Field at Arrowhead Stadium,Levi's Stadium,1673,0,-1673,1673,-2.0,0.0,America/Los_Angeles,America/New_York,-2.0,1.0,-2.0,0.0,-2.0,0,1.29,-6.145,1.29,-6.145,Los Angeles Rams,7.435,Los Angeles Rams,7.435,1.29,-6.145,Los Angeles Rams,7.435,-0.3,0,No,No,No,No,No,0,No,0.0,0.0,6.103,-1.222,1.6235000000000002,-5.9735,1.6235000000000002,-5.9735,0.3335000000000001,0.1714999999999999,6.4365,-1.0505,Los Angeles Rams,7.596999999999999,Los Angeles Rams,7.596999999999999,1.6235000000000002,-5.9735,Los Angeles Rams,7.596999999999999,Tie,0.0,Los Angeles Rams,7.324999999999999,3.0515,-0.611,Los Angeles Rams,3.6625,Los Angeles Rams,0.1620000000000001,Los Angeles Rams,7.487,3.385,-0.4395,Los Angeles Rams,3.8245,Different,Same,Same,Same,Different,Same,False,Away Team,Away Team,39.5,-124.0,112.0,New Orleans Saints,Los Angeles Rams,-2.5,2.5,-110,-110,268,-346,0.1620000000000001,-0.1620000000000001,7.487,-7.487,0.4717,0.5536,0.5238,0.5238,0.7758,0.2717,0.4601,0.5399,0.5,0.5,0.7406,0.2594,0.4601,0.5399,-0.0399,0.0399,,,93,0.0,70.0,0.0,Dome,True,M.Stafford,S.Rattler,3.91,5.0,13.09,171.22,Medium,-6.0,13.0,42.86,42.0,12.719013549058444,27.0,60.0,0.3928,0.6064,0.0924,0.0946,0.3588,0.6412,0.5824,0.4176,11,2022-11-20,Los Angeles Rams @ New Orleans Saints,0.423,0.5768,136,-136,,,,,,,,No Bet,,No Bet,,No Bet,,No Bet,,No Bet,,No Bet,,No Bet,,No Bet,,No Bet,,,,,,,,,,,,,,,,,,,,,,,,,,,,,11,-0.2281285714285714,-0.0680166666666666,New Orleans Saints,Los Angeles Rams,0,1,1,0,0,0,0,1,0,0,0,1,0,0.0,1.5,,,232.55177829933083,0.8021196116838221,0.3647877278748462,0.015519174780829,0.0107954241604678,2.6564887596005686,2.056969207951499,2.263846042400855,2.4137310918778843,0.0114232141290325,0.0097348042614704,0.0088452095399754,0.0103793276040703,0.0201141318655407,4.470700299829383,4.920334802001424,,,390.0,80.0,0.4601,0.5399,0.6022,0.3972,0.6192,0.3786,New Orleans Saints,Los Angeles Rams,Los Angeles Rams,Los Angeles Rams,Los Angeles Rams,Same,Same,Same,False,False,0.021158018390503,0.0192245371440457,0.015519174780829,0.0107954241604678,0.021158018390503,0.0192245371440457,0.0125915565345907,0.0062825213467779,0.8424464455484334,0.7235160789551562,1.0625737010165373,1.0745693416410607,0.41519637573861234,1.194926645553347,0.6520118635828417,1.016340177100784,0.7254976975661903,0.9982863465646704
2022_11_DET_NYG,2022,11,2022-11-20,13:00,Detroit Lions,New York Giants,Home,Jared Goff,Daniel Jones,00-0033106,00-0035710,7,7,0,0,8,3,MetLife Stadium,40.8136,-74.0744,America/New_York,False,True,11,11,Sunday,False,False,0,False,False,0,8,3,NFC North,Ford Field,42.3395,-83.045,America/Detroit,NFC East,MetLife Stadium,40.8136,-74.0744,America/New_York,Chicago Bears,Houston Texans,Soldier Field,MetLife Stadium,Buffalo Bills,Dallas Cowboys,Ford Field,AT&T Stadium,475,0,-475,475,0.0,0.0,America/Chicago,America/New_York,-1.0,0.0,0.0,0.0,0.0,0,4.305,-2.84,4.305,-2.84,Detroit Lions,7.145,Detroit Lions,7.145,4.305,-2.84,Detroit Lions,7.145,0.0,0,No,No,No,No,No,0,No,0.0,0.0,-6.697,-5.233,4.049,-2.7375,4.049,-2.7375,-0.256,0.1025,-6.952999999999999,-5.1305,Detroit Lions,6.7865,Detroit Lions,6.7865,4.049,-2.7375,Detroit Lions,6.7865,Tie,0.0,New York Giants,1.4640000000000004,-3.3485,-2.6165,New York Giants,0.7320000000000002,New York Giants,0.3585,New York Giants,1.8225,-3.6045,-2.514,New York Giants,1.0905,Different,Different,Different,Different,Different,Same,False,Home Team,Home Team,44.0,-159.0,143.0,New York Giants,Detroit Lions,-3.0,3.0,-116,-104,-131,108,-0.3585,0.3585,-1.8225,1.8225,0.4115,0.6139,0.5098,0.537,0.4808,0.5671,0.4013,0.5987,0.487,0.513,0.4588,0.5412,0.4013,0.5987,-0.0987,0.0987,35.0,21.0,94,21.0,35.0,0.0,nfl_read_py Fallback,False,J.Goff,J.Dart,4.51,5.0,13.54,183.29,Med-High,-6.0,14.0,41.48,41.0,12.332252668964346,26.0,58.0,0.3756,0.6234,0.0864,0.0892,0.296,0.6608,0.3878,0.5794,11,2022-11-20,Detroit Lions @ New York Giants,0.5071,0.4926,-103,103,,,,,,,,No Bet,,No Bet,,No Bet,,No Bet,,No Bet,,No Bet,,No Bet,,No Bet,,No Bet,,,,,,,,,,,,,,,,,,,,,,,,,,,,,11,-0.0351428571428571,-0.1571714285714285,New York Giants,Detroit Lions,0,1,1,0,1,0,0,1,0,0,1,1,0,2.0,1.0,,,232.55177829933083,0.8255889023589981,0.992144023808741,0.0307535738850779,0.0114337119519778,3.4817810666952056,1.7803922783723545,2.3337877769580526,2.656169591481506,0.0149720681224531,0.0100355619467854,0.0076558962111255,0.0114218416685792,0.0214574036153647,4.43656186985386,5.815568843653258,,,390.0,80.0,0.4013,0.5987,0.4622,0.5374,0.4694,0.5288,New York Giants,New York Giants,New York Giants,Detroit Lions,New York Giants,Same,Different,Same,False,False,0.0250076300692386,0.0190777378797048,0.0307535738850779,0.0114337119519778,0.0250076300692386,0.0190777378797048,0.034398915236249,0.0073847640195462,0.9255430995378191,0.6404194249657706,1.0718424296387068,1.0653006130188898,0.8582605876503492,0.7518624336416126,0.6133978917785227,1.0549541489051026,0.8587700428714585,0.8650140012594023
2022_11_LV_DEN,2022,11,2022-11-20,16:05,Las Vegas Raiders,Denver Broncos,Home,Derek Carr,Russell Wilson,00-0031280,00-0029263,7,7,0,0,-3,8,Empower Field at Mile High,39.7648,-105.0076,America/Denver,False,False,11,11,Sunday,False,False,0,False,False,0,-3,8,AFC West,Allegiant Stadium,36.108,-115.1578,America/Los_Angeles,AFC West,Empower Field at Mile High,39.7648,-105.0076,America/Denver,Indianapolis Colts,Tennessee Titans,Allegiant Stadium,Nissan Stadium,Seattle Seahawks,Carolina Panthers,Lumen Field,Bank of America Stadium,607,0,-607,607,-1.0,0.0,America/Los_Angeles,America/Chicago,-1.0,1.0,-1.0,0.0,-1.0,0,-2.35,2.05,-2.35,2.05,Denver Broncos,4.4,Denver Broncos,4.4,-2.35,2.05,Denver Broncos,4.4,0.0,0,No,No,No,No,No,1,No,0.0,0.0,0.872,-3.234,-4.167245,2.521745,-4.167245,2.521745,-1.8612450000000005,0.515745,-1.030305,-2.677195,Denver Broncos,6.68899,Denver Broncos,6.68899,-4.167245,2.521745,Denver Broncos,6.68899,Tie,0.0,Las Vegas Raiders,4.106,0.436,-1.617,Las Vegas Raiders,2.053,Denver Broncos,2.37699,Las Vegas Raiders,1.6468899999999995,-1.4457750000000005,-1.080725,Denver Broncos,0.3650500000000003,Different,Different,Same,Different,Different,Same,False,Home Team,Away Team,41.5,-145.0,131.0,Denver Broncos,Las Vegas Raiders,-2.5,2.5,-142,117,105,-128,-2.37699,2.37699,1.6468899999999995,-1.6468899999999995,0.4329,0.5918,0.4608,0.5868,0.5614,0.4878,0.4225,0.5775,0.4399,0.5601,0.5351,0.4649,0.4225,0.5775,-0.0775,0.0775,49.0,11.0,95,11.0,49.0,0.0,nfl_read_py Fallback,False,G.Smith,B.Nix,3.19,4.0,13.43,180.39,Med-High,-7.0,13.0,46.19,46.0,13.05535310165611,30.0,64.0,0.3978,0.6014,0.0854,0.0888,0.366,0.634,0.6242,0.3758,11,2022-11-20,Las Vegas Raiders @ Denver Broncos,0.5001,0.4997,-100,100,,,,,,,,No Bet,,No Bet,,No Bet,,No Bet,,No Bet,,No Bet,,No Bet,,No Bet,,No Bet,,,,,,,,,,,,,,,,,,,,,,,,,,,,,11,-0.0647142857142857,-0.0717857142857142,Denver Broncos,Las Vegas Raiders,0,1,1,0,0,0,1,0,0,0,1,0,1,1.5,1.5,,,232.55177829933083,0.5589215284221762,0.704939187339636,0.0231276966400138,0.0105258834153554,2.6972530997474617,1.881280044517887,1.9733150383433808,2.571453788660544,0.0115985055864663,0.0084854867710511,0.0080897254722188,0.0110575537519677,0.0195430405230188,4.452733833178431,4.670568138090843,,,390.0,80.0,0.4225,0.5775,0.4924,0.5072,0.5118,0.4868,Denver Broncos,Las Vegas Raiders,Denver Broncos,Las Vegas Raiders,Denver Broncos,Same,Same,Same,False,False,0.0200839923575174,0.0191472792241866,0.0231276966400138,0.0105258834153554,0.0200839923575174,0.0191472792241866,0.0253168696652347,0.0059022842421028,0.8964184364780281,0.6695440880255612,1.181188637807834,0.955954404849764,0.7399958252282147,0.8701271960637478,0.6548117489404934,1.013540291743133,0.8520435434938985,0.8717405006369621
2022_11_DAL_MIN,2022,11,2022-11-20,16:25,Dallas Cowboys,Minnesota Vikings,Home,Dak Prescott,Kirk Cousins,00-0033077,00-0029604,7,7,0,0,1,3,U.S. Bank Stadium,44.9738,-93.2575,America/Chicago,False,True,11,11,Sunday,False,False,0,False,False,0,1,3,NFC East,AT&T Stadium,32.7369,-97.0826,America/Chicago,NFC North,U.S. Bank Stadium,44.9738,-93.2575,America/Chicago,Green Bay Packers,Buffalo Bills,Lambeau Field,Highmark Stadium,New York Giants,New England Patriots,AT&T Stadium,U.S. Bank Stadium,869,0,-869,869,0.0,0.0,America/Chicago,America/New_York,0.0,1.0,0.0,0.0,0.0,0,-0.615,0.27,-0.615,0.27,Minnesota Vikings,0.885,Minnesota Vikings,0.885,-0.615,0.27,Minnesota Vikings,0.885,0.0,0,No,No,No,No,No,0,No,0.0,0.0,2.647,-1.753,1.105,2.341,1.105,2.341,1.72,2.071,4.366999999999999,0.3180000000000003,Minnesota Vikings,1.2360000000000002,Minnesota Vikings,1.2360000000000002,1.105,2.341,Minnesota Vikings,1.2360000000000002,Tie,0.0,Dallas Cowboys,4.4,1.3235,-0.8765,Dallas Cowboys,2.2,Minnesota Vikings,0.3510000000000002,Dallas Cowboys,4.048999999999999,3.0434999999999994,1.1945,Dallas Cowboys,1.8489999999999995,Different,Different,Same,Different,Different,Same,False,Home Team,Away Team,48.5,118.0,-131.0,Dallas Cowboys,Minnesota Vikings,1.5,-1.5,-116,-104,171,-211,-0.3510000000000002,0.3510000000000002,4.048999999999999,-4.048999999999999,0.5671,0.4587,0.5098,0.537,0.6785,0.369,0.5528,0.4472,0.487,0.513,0.6477,0.3523,0.5528,0.4472,0.0528,-0.0528,,,96,0.0,70.0,0.0,Dome,True,D.Prescott,C.Wentz,10.27,10.0,14.16,200.59,High,1.0,20.0,57.89,57.0,14.215124142647442,40.0,76.0,0.2328,0.7668,0.0744,0.0636,0.2534,0.7466,0.741,0.259,11,2022-11-20,Dallas Cowboys @ Minnesota Vikings,0.3863,0.6136,159,-159,,,,,,,,No Bet,,No Bet,,No Bet,,No Bet,,No Bet,,No Bet,,No Bet,,No Bet,,No Bet,,,,,,,,,,,,,,,,,,,,,,,,,,,,,11,0.2673142857142857,0.0675857142857142,Dallas Cowboys,Minnesota Vikings,1,0,0,1,1,1,0,0,0,0,1,1,0,5.0,3.0,,,232.55177829933083,0.5703089255503963,0.5389936915225445,0.0097370523660738,0.0166683085415325,1.9879655030228487,2.547941631311904,2.457395639693719,2.061214720554782,0.0085484854923965,0.01056709029561,0.0109564487098107,0.0088634657435372,0.0194305560391472,4.609156351866686,4.4453611427165685,,,390.0,80.0,0.5528,0.4472,0.6424,0.3575,0.8136,0.186,Dallas Cowboys,Dallas Cowboys,Dallas Cowboys,Dallas Cowboys,Dallas Cowboys,Same,Same,Same,False,False,0.0191155757880066,0.0198199144533479,0.0097370523660738,0.0166683085415325,0.0191155757880066,0.0198199144533479,0.0046705134272738,0.0152331813411872,0.7047061753801355,0.861256349123455,1.105143969265306,1.0319990733922912,0.5715840619961031,1.0385389592958583,0.39206975437367064,1.2762822863099557,0.671142435246057,1.052641608884802
2022_11_CIN_PIT,2022,11,2022-11-20,16:25,Cincinnati Bengals,Pittsburgh Steelers,Home,Joe Burrow,Kenny Pickett,00-0036442,00-0038102,14,7,7,-7,9,-3,Acrisure Stadium,40.4468,-80.0158,America/New_York,False,False,11,11,Sunday,False,False,0,False,False,0,9,-3,AFC North,Paycor Stadium,39.0955,-84.5165,America/New_York,AFC North,Acrisure Stadium,40.4468,-80.0158,America/New_York,Carolina Panthers,New Orleans Saints,Paycor Stadium,Acrisure Stadium,Tennessee Titans,Indianapolis Colts,Nissan Stadium,Lucas Oil Stadium,256,0,-256,256,0.0,0.0,America/New_York,America/New_York,0.0,0.0,0.0,0.0,0.0,0,1.31,-0.565,1.31,-0.565,Cincinnati Bengals,1.875,Cincinnati Bengals,1.875,1.31,-0.565,Cincinnati Bengals,1.875,0.0,0,No,No,No,No,No,1,No,0.0,0.0,2.648,-2.946,2.5135300000000003,-0.8645299999999998,2.5135300000000003,-0.8645299999999998,1.22228,-0.31828,3.81434,-3.20834,Cincinnati Bengals,3.37806,Cincinnati Bengals,3.37806,2.5135300000000003,-0.8645299999999998,Cincinnati Bengals,3.37806,Tie,0.0,Cincinnati Bengals,5.594,1.324,-1.473,Cincinnati Bengals,2.797,Cincinnati Bengals,1.5405600000000002,Cincinnati Bengals,7.022679999999999,2.51831,-1.76331,Cincinnati Bengals,4.28162,Different,Same,Same,Same,Different,Same,False,Away Team,Away Team,39.0,163.0,-182.0,Cincinnati Bengals,Pittsburgh Steelers,3.5,-3.5,105,-128,249,-319,1.5405600000000002,-1.5405600000000002,7.022679999999999,-7.022679999999999,0.6454,0.3802,0.5614,0.4878,0.7613,0.2865,0.6293,0.3707,0.5351,0.4649,0.7266,0.2734,0.6293,0.3707,0.1293,-0.1293,27.0,12.0,97,12.0,27.0,0.0,nfl_read_py Fallback,False,J.Browning,A.Rodgers,-10.02,-10.0,12.92,167.01,Med-Low,-19.0,-3.0,45.63,45.0,12.903178684496035,29.0,63.0,0.7826,0.2172,0.073,0.066,0.7992,0.2008,0.4188,0.5812,11,2022-11-20,Cincinnati Bengals @ Pittsburgh Steelers,0.4729,0.527,111,-111,,,,,,,,No Bet,,No Bet,,No Bet,,No Bet,,No Bet,,No Bet,,No Bet,,No Bet,,No Bet,,,,,,,,,,,,,,,,,,,,,,,,,,,,,11,0.1042333333333333,0.0059857142857142,Cincinnati Bengals,Pittsburgh Steelers,1,0,0,1,1,1,0,0,0,0,1,1,1,3.5,2.5,,,232.55177829933083,0.9955467805933929,0.3736385134091743,0.0113304801894908,0.0212023494716643,1.6433232401832971,3.7222755928433022,2.789704113966412,2.192670526405549,0.0070664832245147,0.0119960558219237,0.0160062228724484,0.0094287411708511,0.0214247969927749,5.914946119248852,4.43302735414971,,,390.0,80.0,0.6293,0.3707,0.5372,0.4624,0.364,0.6346,Cincinnati Bengals,Pittsburgh Steelers,Cincinnati Bengals,Pittsburgh Steelers,Cincinnati Bengals,Same,Same,Same,False,False,0.0190625390464385,0.0254349640432995,0.0113304801894908,0.0212023494716643,0.0190625390464385,0.0254349640432995,0.0072303291234016,0.0189880577858745,0.5864447567356769,0.9795177677679124,1.0060499165902264,1.1310931260673733,0.4456096750494099,1.1645133462425503,1.3105539293113209,0.3577981113723078,0.8230139504696363,0.9007700936612245
2022_11_KC_LAC,2022,11,2022-11-20,20:20,Kansas City Chiefs,Los Angeles Chargers,Home,Patrick Mahomes,Justin Herbert,00-0033873,00-0036355,7,7,0,0,9,-1,SoFi Stadium,33.9535,-118.3395,America/Los_Angeles,False,False,11,11,Sunday,False,False,0,False,False,0,9,-1,AFC West,GEHA Field at Arrowhead Stadium,39.0489,-94.4839,America/Chicago,AFC West,SoFi Stadium,33.9535,-118.3395,America/Los_Angeles,Jacksonville Jaguars,San Francisco 49ers,GEHA Field at Arrowhead Stadium,Levi's Stadium,Los Angeles Rams,Arizona Cardinals,GEHA Field at Arrowhead Stadium,State Farm Stadium,1366,0,-1366,1366,2.0,0.0,America/Chicago,America/Los_Angeles,2.0,0.0,2.0,0.0,2.0,0,4.395,0.935,4.395,0.935,Kansas City Chiefs,3.4599999999999995,Kansas City Chiefs,3.4599999999999995,4.395,0.935,Kansas City Chiefs,3.4599999999999995,-0.15,0,No,No,No,No,No,1,No,0.0,0.0,8.203,0.998,4.841215,-0.3807149999999999,4.841215,-0.3807149999999999,0.480815,-1.350315,8.611764999999998,-0.280265,Kansas City Chiefs,5.22193,Kansas City Chiefs,5.22193,4.841215,-0.3807149999999999,Kansas City Chiefs,5.22193,Tie,0.0,Kansas City Chiefs,7.204999999999999,4.1015,0.499,Kansas City Chiefs,3.6025,Kansas City Chiefs,1.83113,Kansas City Chiefs,8.892029999999998,4.546289999999999,-0.81529,Kansas City Chiefs,5.361579999999999,Different,Same,Same,Same,Different,Same,False,Away Team,Away Team,52.5,203.0,-231.0,Kansas City Chiefs,Los Angeles Chargers,5.5,-5.5,108,-131,314,-416,1.83113,-1.83113,8.892029999999998,-8.892029999999998,0.6979,0.33,0.5671,0.4808,0.8062,0.2415,0.6789,0.3211,0.5412,0.4588,0.7695,0.2305,0.6789,0.3211,0.1789,-0.1789,,,98,0.0,70.0,0.0,Dome,True,P.Mahomes,J.Herbert,10.65,11.0,13.79,190.09,Med-High,3.0,20.0,58.08,58.0,14.216893618960317,40.0,76.0,0.2152,0.7846,0.0638,0.0686,0.3316,0.6684,0.6454,0.3546,11,2022-11-20,Kansas City Chiefs @ Los Angeles Chargers,0.3064,0.6935,226,-226,,,,,,,,No Bet,,No Bet,,No Bet,,No Bet,,No Bet,,No Bet,,No Bet,,No Bet,,No Bet,,,,,,,,,,,,,,,,,,,,,,,,,,,,,11,0.2849,0.0201428571428571,Kansas City Chiefs,Los Angeles Chargers,1,0,0,1,1,0,0,0,0,0,1,0,1,5.0,2.5,,,232.55177829933083,0.7757988676674604,0.1886564211948733,0.0105434542491672,0.0685963149390535,1.42297792872671,2.760924306862921,3.008594568086464,1.305837081946802,0.0061189724676932,0.0129373105210742,0.0118722992662269,0.0056152530481447,0.018552563569219,4.066761388809723,4.431572496813174,,,390.0,80.0,0.6789,0.3211,0.6482,0.3517,0.7722,0.227,Kansas City Chiefs,Kansas City Chiefs,Kansas City Chiefs,Kansas City Chiefs,Kansas City Chiefs,Same,Same,Same,False,False,0.0190562829887675,0.0174875523143717,0.0105434542491672,0.0685963149390535,0.0190562829887675,0.0174875523143717,0.005985846663787,0.099024316000332,0.5363892297319904,1.029573294771604,1.053698522992417,1.08344451966518,0.4008199742840344,1.2093030470079296,0.38973352065627537,1.2786185200273568,0.5689895039736947,1.1547945401571653
2022_11_SF_ARI,2022,11,2022-11-21,20:15,San Francisco 49ers,Arizona Cardinals,Neutral,Jimmy Garoppolo,Colt McCoy,00-0031345,00-0027688,8,8,0,0,0,-4,State Farm Stadium,33.5277,-112.262608,America/Denver,False,False,11,11,Monday,False,False,0,False,False,0,0,-4,NFC West,Levi's Stadium,37.4031,-121.9702,America/Los_Angeles,NFC West,State Farm Stadium,33.5277,-112.262608,America/Denver,Los Angeles Chargers,Los Angeles Rams,Levi's Stadium,SoFi Stadium,New Orleans Saints,Los Angeles Chargers,Levi's Stadium,State Farm Stadium,608,0,-608,608,-1.0,0.0,America/Los_Angeles,America/Los_Angeles,-1.0,-1.0,-1.0,0.0,-1.0,0,3.325,0.075,3.325,0.075,San Francisco 49ers,3.25,San Francisco 49ers,3.25,3.325,0.075,San Francisco 49ers,3.25,0.0,0,No,No,No,No,No,1,No,0.0,0.0,4.436,-2.282,2.66115,-1.63615,2.66115,-1.63615,-0.63135,-1.74365,3.73747,-3.95847,San Francisco 49ers,4.2973,San Francisco 49ers,4.2973,2.66115,-1.63615,San Francisco 49ers,4.2973,Tie,0.0,San Francisco 49ers,6.718,2.218,-1.141,San Francisco 49ers,3.359,San Francisco 49ers,1.1122999999999998,San Francisco 49ers,7.695939999999999,1.55306,-2.85106,San Francisco 49ers,4.40412,Different,Same,Same,Same,Different,Same,False,Away Team,Away Team,43.5,350.0,-422.0,San Francisco 49ers,Arizona Cardinals,10.0,-10.0,101,-122,268,-346,1.1122999999999998,-1.1122999999999998,7.695939999999999,-7.695939999999999,0.8084,0.2222,0.5495,0.4975,0.7758,0.2717,0.7844,0.2156,0.5248,0.4752,0.7406,0.2594,0.7844,0.2156,0.2844,-0.2844,,,99,0.0,70.0,0.0,Dome,True,M.Jones,K.Murray,11.41,12.0,13.26,175.74,Medium,3.0,20.0,54.52,54.0,13.50342917780191,38.0,72.0,0.1926,0.8074,0.0648,0.0602,0.4168,0.5384,0.7862,0.2138,11,2022-11-21,San Francisco 49ers @ Arizona Cardinals,0.2857,0.7143,250,-250,,,,,,,,No Bet,,No Bet,,No Bet,,No Bet,,No Bet,,No Bet,,No Bet,,No Bet,,No Bet,,,,,,,,,,,,,,,,,,,,,,,,,,,,,11,0.2282714285714286,-0.1633833333333333,San Francisco 49ers,Arizona Cardinals,1,0,0,1,1,0,0,0,0,0,1,0,1,4.5,0.5,,,232.55177829933083,0.976129014723572,0.4969786461409416,0.0111687616330112,0.1784261135397438,0.9553523448927804,26.41241325230584,3.4757809802128805,7.259709710858159,0.0041081274539345,0.0149462670448342,0.1135764836780086,0.031217605661625,0.0461638727064592,33.672122963164,4.4311333251056615,,,390.0,80.0,0.7844,0.2156,0.6705,0.3294,0.6774,0.3222,San Francisco 49ers,San Francisco 49ers,San Francisco 49ers,San Francisco 49ers,San Francisco 49ers,Same,Same,Same,False,False,0.0190543944987687,0.1447940893396337,0.0111687616330112,0.1784261135397438,0.0190543944987687,0.1447940893396337,0.006978810125697,0.1953103181669873,0.4208281742861686,1.145134350217427,1.2143310050661762,0.9228120375914248,0.5152938259150172,1.094829195376941,0.41157867056956216,1.2567733701140678,0.6113788626194184,1.1124051815114413
2022_12_BUF_DET,2022,12,2022-11-24,12:30,Buffalo Bills,Detroit Lions,Home,Josh Allen,Jared Goff,00-0034857,00-0033106,4,4,0,0,10,8,Ford Field,42.3395,-83.045,America/Detroit,False,False,Thanksgiving,12,Thursday,False,False,0,False,False,0,10,8,AFC East,Highmark Stadium,42.7725,-78.7877,America/New_York,NFC North,Ford Field,42.3395,-83.045,America/Detroit,Cleveland Browns,New York Giants,Highmark Stadium,MetLife Stadium,New England Patriots,Jacksonville Jaguars,Gillette Stadium,Ford Field,219,0,-219,219,0.0,0.0,America/New_York,America/New_York,0.0,0.0,0.0,0.0,0.0,0,4.795,4.305,4.795,4.305,Buffalo Bills,0.4900000000000002,Buffalo Bills,0.4900000000000002,4.795,4.305,Buffalo Bills,0.4900000000000002,0.0,0,No,No,No,No,No,0,No,0.0,0.0,11.21,-6.697,4.9135,5.361,4.9135,5.361,0.1185,1.056,11.3285,-5.641,Detroit Lions,0.4474999999999998,Detroit Lions,0.4474999999999998,4.9135,5.361,Detroit Lions,0.4474999999999998,Tie,0.0,Buffalo Bills,17.907,5.605,-3.3485,Buffalo Bills,8.9535,Detroit Lions,0.9375,Buffalo Bills,16.9695,5.7235,-2.2925,Buffalo Bills,8.016,Different,Different,Same,Different,Different,Same,False,Home Team,Away Team,54.0,342.0,-412.0,Buffalo Bills,Detroit Lions,10.0,-10.0,-122,101,769,-1381,-0.9375,0.9375,16.9695,-16.9695,0.8047,0.2262,0.4975,0.5495,0.9325,0.1151,0.7805,0.2195,0.4752,0.5248,0.8901,0.1099,0.7805,0.2195,0.2805,-0.2805,,,100,0.0,70.0,0.0,Dome,True,J.Allen,J.Goff,5.93,7.0,14.02,196.61,High,-4.0,16.0,57.47,57.0,14.53409828515662,39.0,77.0,0.3342,0.6656,0.08,0.077,0.5754,0.3754,0.5688,0.4018,12,2022-11-24,Buffalo Bills @ Detroit Lions,0.2971,0.7028,237,-236,,,,,,,,No Bet,,No Bet,,No Bet,,No Bet,,No Bet,,No Bet,,No Bet,,No Bet,,No Bet,,,,,,,,,,,,,,,,,,,,,,,,,,,,,12,0.23454,0.00575,Buffalo Bills,Detroit Lions,0,0,0,0,1,1,0,0,0,0,1,1,0,4.5,2.0,,,147.84656885650122,0.9801018621803544,0.140492067641941,0.0867501813242908,0.1361549236459099,1.588494770417337,16.211976353961045,5.648383454718595,4.559293798455414,0.010744211263767,0.0382043594139873,0.1096540587945349,0.030838008847406,0.0690423682613933,20.771270152416463,7.236878225135933,0.0489485706777544,0.140492067641941,214.0,176.0,0.7805,0.2195,0.7012,0.2986,0.6562,0.343,Buffalo Bills,Buffalo Bills,Buffalo Bills,Buffalo Bills,Buffalo Bills,Same,Same,Same,False,False,0.0489485706777544,0.140492067641941,0.0867501813242908,0.1361549236459099,0.0489485706777544,0.140492067641941,0.1102409306678042,0.133635869204329,0.4214353074256585,1.3486716037621724,1.3665028393084973,1.0783243647686513,0.23503015939775032,1.6917597243524471,0.6430566652886728,1.1525076044117772,0.6383590669388304,1.3415390373213107
2022_12_NYG_DAL,2022,12,2022-11-24,16:30,New York Giants,Dallas Cowboys,Home,Daniel Jones,Dak Prescott,00-0035710,00-0033077,4,4,0,0,3,1,AT&T Stadium,32.7369,-97.0826,America/Chicago,False,False,Thanksgiving,12,Thursday,False,False,0,False,False,0,3,1,NFC East,MetLife Stadium,40.8136,-74.0744,America/New_York,NFC East,AT&T Stadium,32.7369,-97.0826,America/Chicago,Detroit Lions,Minnesota Vikings,MetLife Stadium,U.S. Bank Stadium,Washington Commanders,Indianapolis Colts,MetLife Stadium,AT&T Stadium,1384,0,-1384,1384,1.0,0.0,America/New_York,America/Chicago,1.0,0.0,1.0,0.0,1.0,0,-2.84,-0.615,-2.84,-0.615,Dallas Cowboys,2.225,Dallas Cowboys,2.225,-2.84,-0.615,Dallas Cowboys,2.225,0.0,0,No,No,No,No,No,1,No,0.0,0.0,-5.233,2.647,-2.564175,-2.238325,-2.564175,-2.238325,0.253575,-1.6010749999999998,-4.900624999999999,0.9671249999999996,Dallas Cowboys,0.3258500000000004,Dallas Cowboys,0.3258500000000004,-2.564175,-2.238325,Dallas Cowboys,0.3258500000000004,Tie,0.0,Dallas Cowboys,7.879999999999999,-2.6165,1.3235,Dallas Cowboys,3.94,New York Giants,1.85465,Dallas Cowboys,5.867749999999998,-2.323525,-0.316975,Dallas Cowboys,2.0065499999999994,Different,Same,Different,Same,Different,Same,False,Away Team,Home Team,45.5,-441.0,363.0,Dallas Cowboys,New York Giants,-10.5,10.5,108,-131,-261,208,1.85465,-1.85465,-5.867749999999998,5.867749999999998,0.216,0.8152,0.5671,0.4808,0.3247,0.723,0.2095,0.7905,0.5412,0.4588,0.3099,0.6901,0.2095,0.7905,-0.2905,0.2905,,,101,0.0,70.0,0.0,Dome,True,J.Dart,D.Prescott,-11.42,-12.0,13.49,181.93,Med-High,-20.0,-3.0,51.91,51.0,13.0530916981601,36.0,69.0,0.8022,0.1974,0.0688,0.0648,0.5344,0.4656,0.6802,0.3198,12,2022-11-24,New York Giants @ Dallas Cowboys,0.6854,0.3145,-218,218,,,,,,,,No Bet,,No Bet,,No Bet,,No Bet,,No Bet,,No Bet,,No Bet,,No Bet,,No Bet,,,,,,,,,,,,,,,,,,,,,,,,,,,,,12,-0.13495,0.26345,Dallas Cowboys,New York Giants,0,0,0,0,0,1,1,0,0,0,1,1,1,0.0,5.0,,,147.84656885650122,0.5217600035782209,0.8020389404381734,0.4508741578441731,0.0619207903369193,60.97950698666845,2.286912219360133,16.160919308927316,8.629136560401838,0.4124512828285836,0.1093087207496373,0.015468145368864,0.0583654840767878,0.1676742048264251,10.916048779761972,77.14042629559577,0.5217600035782209,0.0738336294456519,214.0,176.0,0.2095,0.7905,0.3076,0.6922,0.347,0.6522,Dallas Cowboys,Dallas Cowboys,Dallas Cowboys,Dallas Cowboys,Dallas Cowboys,Same,Same,Same,False,False,0.5217600035782209,0.0738336294456519,0.4508741578441731,0.0619207903369193,0.5217600035782209,0.0738336294456519,0.4062277766536971,0.0550946485635782,1.113725902040282,0.6563810091475489,0.6607903654164627,1.784036838660686,0.9674822919884822,0.9593075917617154,1.1503005541291211,0.6452637155713288,0.9741372514042621,1.0057608528558788
2022_12_NE_MIN,2022,12,2022-11-24,20:20,New England Patriots,Minnesota Vikings,Home,Mac Jones,Kirk Cousins,00-0036972,00-0029604,4,4,0,0,-4,3,U.S. Bank Stadium,44.9738,-93.2575,America/Chicago,False,False,Thanksgiving,12,Thursday,False,False,0,False,False,0,-4,3,AFC East,Gillette Stadium,42.0628,-71.2687,America/New_York,NFC North,U.S. Bank Stadium,44.9738,-93.2575,America/Chicago,New York Jets,Dallas Cowboys,Gillette Stadium,U.S. Bank Stadium,Buffalo Bills,New York Jets,Gillette Stadium,U.S. Bank Stadium,1116,0,-1116,1116,1.0,0.0,America/New_York,America/Chicago,1.0,0.0,1.0,0.0,1.0,0,-1.995,0.27,-1.995,0.27,Minnesota Vikings,2.265,Minnesota Vikings,2.265,-1.995,0.27,Minnesota Vikings,2.265,0.0,0,No,No,No,No,No,0,No,0.0,0.0,0.436,-1.753,-2.4785,2.341,-2.4785,2.341,-0.4835,2.071,-0.0474999999999999,0.3180000000000003,Minnesota Vikings,4.8195,Minnesota Vikings,4.8195,-2.4785,2.341,Minnesota Vikings,4.8195,Tie,0.0,New England Patriots,2.189,0.218,-0.8765,New England Patriots,1.0945,Minnesota Vikings,2.5545,Minnesota Vikings,0.3655000000000002,-0.2654999999999999,1.1945,Minnesota Vikings,1.46,Different,Different,Same,Same,Different,Different,False,Home Team,Home Team,42.5,-136.0,123.0,Minnesota Vikings,New England Patriots,-2.5,2.5,-142,117,-116,-104,-2.5545,2.5545,-0.3655000000000002,0.3655000000000002,0.4484,0.5763,0.4608,0.5868,0.5098,0.537,0.4376,0.5624,0.4399,0.5601,0.487,0.513,0.4376,0.5624,-0.0624,0.0624,,,102,0.0,70.0,0.0,Dome,True,D.Maye,C.Wentz,3.16,4.0,13.88,192.77,Med-High,-7.0,13.0,47.74,47.0,13.283987686902346,31.0,65.0,0.4122,0.587,0.0826,0.08,0.3758,0.6242,0.6404,0.3596,12,2022-11-24,New England Patriots @ Minnesota Vikings,0.5119,0.4879,-105,105,,,,,,,,No Bet,,No Bet,,No Bet,,No Bet,,No Bet,,No Bet,,No Bet,,No Bet,,No Bet,,,,,,,,,,,,,,,,,,,,,,,,,,,,,12,-0.0654,0.06845,Minnesota Vikings,New England Patriots,0,0,0,0,0,1,1,0,0,0,1,1,0,1.0,2.5,,,147.84656885650122,0.5568627866349078,0.6029310878332358,0.1539762527704067,0.1103236940782997,11.27104910315154,5.137844942432385,8.769934366179077,6.603116991828092,0.0762347695338884,0.0593178078734523,0.0347511949866022,0.0446619562624887,0.103979764135941,11.740961934260476,20.040983469330616,0.1355525774073407,0.0794131512490909,214.0,176.0,0.4376,0.5624,0.5185,0.4812,0.6586,0.3404,Minnesota Vikings,New England Patriots,New England Patriots,New England Patriots,Minnesota Vikings,Same,Same,Different,False,False,0.1355525774073407,0.0794131512490909,0.1539762527704067,0.1103236940782997,0.1355525774073407,0.0794131512490909,0.165308565267078,0.1294922096435132,0.9560387827227436,0.8140681284650874,1.294582080793262,1.1502451232838868,0.9411876557649541,0.9856022279852434,0.701123088278598,1.0944411814218518,0.9631645600480597,1.0167335442120813
2022_12_DEN_CAR,2022,13,2022-11-27,13:00,Denver Broncos,Carolina Panthers,Home,Russell Wilson,Sam Darnold,00-0029263,00-0034869,7,7,0,0,8,-1,Bank of America Stadium,35.2258,-80.8528,America/New_York,False,False,12,12,Sunday,False,False,0,False,False,0,8,-1,AFC West,Empower Field at Mile High,39.7648,-105.0076,America/Denver,NFC South,Bank of America Stadium,35.2258,-80.8528,America/New_York,Las Vegas Raiders,Baltimore Ravens,Empower Field at Mile High,M&T Bank Stadium,Baltimore Ravens,Seattle Seahawks,M&T Bank Stadium,Lumen Field,1355,0,-1355,1355,-2.0,0.0,America/Denver,America/New_York,-2.0,0.0,-2.0,0.0,-2.0,0,2.05,-5.25,2.05,-5.25,Denver Broncos,7.3,Denver Broncos,7.3,2.05,-5.25,Denver Broncos,7.3,-0.3,0,No,No,No,No,No,0,No,0.0,0.0,-3.234,-3.675,1.86,-5.906499999999999,1.86,-5.906499999999999,-0.1899999999999999,-0.6565000000000001,-3.424,-4.3315,Denver Broncos,7.766499999999999,Denver Broncos,7.766499999999999,1.86,-5.906499999999999,Denver Broncos,7.766499999999999,Tie,0.0,Denver Broncos,0.4409999999999998,-1.617,-1.8375,Denver Broncos,0.2204999999999999,Denver Broncos,0.4665000000000001,Denver Broncos,0.9075000000000002,-1.807,-2.494,Denver Broncos,0.6870000000000003,Different,Same,Same,Same,Different,Same,False,Away Team,Away Team,36.5,105.0,-116.0,Denver Broncos,Carolina Panthers,1.0,-1.0,-104,-116,101,-122,0.4665000000000001,-0.4665000000000001,0.9075000000000002,-0.9075000000000002,0.537,0.4878,0.537,0.5098,0.5495,0.4975,0.524,0.476,0.513,0.487,0.5248,0.4752,0.524,0.476,0.024,-0.024,66.0,15.0,103,15.0,66.0,0.0,nfl_read_py Fallback,False,B.Nix,B.Young,-1.09,-2.0,13.8,190.34,Med-High,-11.0,9.0,42.16,41.0,12.825214548912822,26.0,59.0,0.53,0.4692,0.0936,0.088,0.5308,0.448,0.6494,0.3506,13,2022-11-27,Denver Broncos @ Carolina Panthers,0.492,0.5077,103,-103,,,,,,,,No Bet,,No Bet,,No Bet,,No Bet,,No Bet,,No Bet,,No Bet,,No Bet,,No Bet,,,,,,,,,,,,,,,,,,,,,,,,,,,,,13,-0.08775,-0.07586,Denver Broncos,Carolina Panthers,0,0,0,0,0,0,0,1,0,0,0,1,0,1.5,1.5,,,97.47578437599088,0.993903090116574,0.54067793223588,0.0037176946069336,0.0028826397136445,0.0152875091256812,0.0233367059237855,0.0168291066845734,0.0211989924040495,0.0001568339175062,0.0001726491024648,0.0002394102912141,0.0002174795775151,0.00039012867998,0.0445356983278351,0.0321166158102547,0.0003294830199711,0.0004568898687293,152.0,62.0,0.524,0.476,0.5107,0.4891,0.4706,0.5284,Denver Broncos,Carolina Panthers,Denver Broncos,Carolina Panthers,Denver Broncos,Same,Same,Same,False,False,0.0003294830199711,0.0004568898687293,0.0037176946069336,0.0028826397136445,0.0003294830199711,0.0004568898687293,0.0064003425042515,0.0049908604547228,0.6626298708304456,0.730520950547937,1.4131222976960554,1.4959567260481352,0.9601943636299239,1.0638051668437156,1.087850503961027,0.9675093440019199,0.9821438555237001,1.0170780689088443
2022_12_TB_CLE,2022,13,2022-11-27,13:00,Tampa Bay Buccaneers,Cleveland Browns,Home,Tom Brady,Jacoby Brissett,00-0019596,00-0033119,14,7,7,-7,10,2,FirstEnergy Stadium,41.5061,-81.6994,America/New_York,False,False,12,12,Sunday,False,False,0,False,False,0,10,2,NFC South,Raymond James Stadium,27.9759,-82.5033,America/New_York,AFC North,FirstEnergy Stadium,41.5061,-81.6994,America/New_York,Seattle Seahawks,Buffalo Bills,Raymond James Stadium,Highmark Stadium,New Orleans Saints,Houston Texans,Raymond James Stadium,NRG Stadium,935,0,-935,935,0.0,0.0,America/New_York,America/New_York,0.0,0.0,0.0,0.0,0.0,0,1.025,-4.705,1.025,-4.705,Tampa Bay Buccaneers,5.73,Tampa Bay Buccaneers,5.73,1.025,-4.705,Tampa Bay Buccaneers,5.73,0.0,0,No,No,No,No,No,0,No,0.0,0.0,3.401,1.172,3.0565,-4.635000000000001,3.0565,-4.635000000000001,2.0315,0.0699999999999999,5.4325,1.242,Tampa Bay Buccaneers,7.6915,Tampa Bay Buccaneers,7.6915,3.0565,-4.635000000000001,Tampa Bay Buccaneers,7.6915,Tie,0.0,Tampa Bay Buccaneers,2.229,1.7005,0.586,Tampa Bay Buccaneers,1.1145,Tampa Bay Buccaneers,1.9615,Tampa Bay Buccaneers,4.1905,3.732,0.6559999999999999,Tampa Bay Buccaneers,3.0760000000000005,Different,Same,Same,Same,Different,Same,False,Away Team,Away Team,42.0,151.0,-169.0,Tampa Bay Buccaneers,Cleveland Browns,3.0,-3.0,108,-131,171,-211,1.9615,-1.9615,4.1905,-4.1905,0.6283,0.3984,0.5671,0.4808,0.6785,0.369,0.6119,0.3881,0.5412,0.4588,0.6477,0.3523,0.6119,0.3881,0.1119,-0.1119,56.0,14.0,104,14.0,56.0,0.0,nfl_read_py Fallback,False,B.Mayfield,D.Gabriel,2.07,3.0,13.35,178.27,Medium,-7.0,12.0,41.42,41.0,12.56441667859255,26.0,58.0,0.4298,0.5684,0.0884,0.0848,0.4698,0.4818,0.4562,0.5194,13,2022-11-27,Tampa Bay Buccaneers @ Cleveland Browns,0.4072,0.5923,146,-145,,,,,,,,No Bet,,No Bet,,No Bet,,No Bet,,No Bet,,No Bet,,No Bet,,No Bet,,No Bet,,,,,,,,,,,,,,,,,,,,,,,,,,,,,13,0.01175,0.03545,Tampa Bay Buccaneers,Cleveland Browns,0,0,0,0,0,1,0,0,0,0,0,1,0,2.5,2.5,,,97.47578437599088,0.865066156241729,0.2506168189951584,0.0027191209093887,0.0060261539274807,0.0022570845376065,0.0992669639905575,0.0035586447527993,0.0629604653125271,2.315533598478491e-05,3.650798786160753e-05,0.0010183756368418,0.0006459087835566,0.0006824167714182,0.1622274293030847,0.0058157292904058,5.9663323846392446e-05,0.0016642844203984,152.0,62.0,0.6119,0.3881,0.5711,0.4285,0.5542,0.4442,Tampa Bay Buccaneers,Tampa Bay Buccaneers,Tampa Bay Buccaneers,Tampa Bay Buccaneers,Tampa Bay Buccaneers,Same,Same,Same,False,False,5.9663323846392446e-05,0.0016642844203984,0.0027191209093887,0.0060261539274807,5.9663323846392446e-05,0.0016642844203984,0.0049732454525741,0.0092642579513762,0.5426087567457273,0.850542064632655,1.348885850386635,1.560193173357556,0.7189386391702215,1.3050608913034178,0.8892145599283398,1.1661452880346095,0.8197429878818733,1.1794789365506704
2022_12_BAL_JAX,2022,13,2022-11-27,13:00,Baltimore Ravens,Jacksonville Jaguars,Home,Lamar Jackson,Trevor Lawrence,00-0034796,00-0036971,7,14,-7,7,-4,1,TIAA Bank Field,30.3239,-81.6554,America/New_York,False,False,12,12,Sunday,False,False,0,False,False,0,-4,1,AFC North,M&T Bank Stadium,39.2789,-76.6228,America/New_York,AFC South,TIAA Bank Field,30.3239,-81.6554,America/New_York,Carolina Panthers,Kansas City Chiefs,M&T Bank Stadium,GEHA Field at Arrowhead Stadium,Denver Broncos,Detroit Lions,M&T Bank Stadium,Ford Field,681,0,-681,681,0.0,0.0,America/New_York,America/Chicago,0.0,-1.0,0.0,0.0,0.0,0,6.69,-1.825,6.69,-1.825,Baltimore Ravens,8.515,Baltimore Ravens,8.515,6.69,-1.825,Baltimore Ravens,8.515,0.0,0,No,No,No,No,No,0,No,0.0,0.0,3.864,-2.443,5.855,-0.2949999999999998,5.855,-0.2949999999999998,-0.8350000000000001,1.53,3.029,-0.913,Baltimore Ravens,6.15,Baltimore Ravens,6.15,5.855,-0.2949999999999998,Baltimore Ravens,6.15,Tie,0.0,Baltimore Ravens,6.307,1.932,-1.2215,Baltimore Ravens,3.1535,Jacksonville Jaguars,2.365,Baltimore Ravens,3.942,1.097,0.3084999999999999,Baltimore Ravens,0.7885,Different,Same,Different,Same,Different,Same,False,Home Team,Away Team,43.0,147.0,-164.0,Baltimore Ravens,Jacksonville Jaguars,3.5,-3.5,-142,117,171,-211,-2.365,2.365,3.942,-3.942,0.6212,0.4049,0.4608,0.5868,0.6785,0.369,0.6054,0.3946,0.4399,0.5601,0.6477,0.3523,0.6054,0.3946,0.1054,-0.1054,77.0,19.0,105,19.0,77.0,0.0,nfl_read_py Fallback,False,C.Rush,T.Lawrence,0.96,2.0,13.91,193.57,Med-High,-10.0,11.0,43.14,43.0,12.768895594331555,27.0,60.0,0.4646,0.5344,0.0822,0.075,0.5474,0.4526,0.469,0.4868,13,2022-11-27,Baltimore Ravens @ Jacksonville Jaguars,0.4429,0.5569,126,-126,,,,,,,,No Bet,,No Bet,,No Bet,,No Bet,,No Bet,,No Bet,,No Bet,,No Bet,,No Bet,,,,,,,,,,,,,,,,,,,,,,,,,,,,,13,0.0062166666666666,-0.00025,Baltimore Ravens,Jacksonville Jaguars,0,0,0,0,1,0,0,1,0,0,1,1,0,2.5,2.5,,,97.47578437599088,0.8488738768593849,0.0,0.0027670326668552,0.0030047786095209,0.0070174119424287,0.0,0.0107661966293623,0.0,7.199133597489918e-05,0.0001104499614779,0.0,0.0,0.0001104499614779,0.0,0.0177836085717911,0.0001824412974528,0.0,152.0,62.0,0.6054,0.3946,0.5875,0.4124,0.6424,0.3572,Baltimore Ravens,Baltimore Ravens,Baltimore Ravens,Baltimore Ravens,Baltimore Ravens,Same,Same,Same,False,False,0.0001824412974528,0.0,0.0027670326668552,0.0030047786095209,0.0001824412974528,0.0,0.0049744965562126,0.0054652460123511,0.5498763987880264,0.8432744225903549,1.6303857362113976,1.2786932875327925,0.7134749292309779,1.3105246012426595,0.955343769155857,1.1000160788070903,0.8858696394078406,1.1133522850247013
2022_12_HOU_MIA,2022,13,2022-11-27,13:00,Houston Texans,Miami Dolphins,Home,Kyle Allen,Tua Tagovailoa,00-0034577,00-0036212,7,14,-7,7,-8,5,Hard Rock Stadium,25.9602,-80.2384,America/New_York,False,False,12,12,Sunday,False,False,0,False,False,0,-8,5,AFC South,NRG Stadium,29.6847,-95.4093,America/Chicago,AFC East,Hard Rock Stadium,25.9602,-80.2384,America/New_York,Washington Commanders,Cleveland Browns,NRG Stadium,Hard Rock Stadium,Cleveland Browns,San Francisco 49ers,NRG Stadium,Levi's Stadium,961,0,-961,961,-1.0,0.0,America/Chicago,America/New_York,-1.0,0.0,-1.0,0.0,-1.0,0,0.035,0.66,0.035,0.66,Miami Dolphins,0.625,Miami Dolphins,0.625,0.035,0.66,Miami Dolphins,0.625,0.0,0,No,No,No,No,No,0,No,0.0,0.0,-6.241,1.001,-0.303,2.7145,-0.303,2.7145,-0.3379999999999999,2.0545,-6.579000000000001,3.0555,Miami Dolphins,3.0175,Miami Dolphins,3.0175,-0.303,2.7145,Miami Dolphins,3.0175,Tie,0.0,Miami Dolphins,7.241999999999999,-3.1205,0.5005,Miami Dolphins,3.621,Miami Dolphins,2.3925,Miami Dolphins,9.6345,-3.4585000000000004,2.555,Miami Dolphins,6.0135000000000005,Different,Same,Same,Same,Different,Same,False,Home Team,Home Team,47.0,-822.0,613.0,Miami Dolphins,Houston Texans,-14.0,14.0,-142,117,-436,327,-2.3925,2.3925,-9.6345,9.6345,0.1403,0.8915,0.4608,0.5868,0.2342,0.8134,0.1359,0.8641,0.4399,0.5601,0.2235,0.7765,0.1359,0.8641,-0.3641,0.3641,84.0,13.0,106,13.0,84.0,0.0,nfl_read_py Fallback,False,C.Stroud,T.Tagovailoa,-6.08,-7.0,13.52,182.69,Med-High,-15.0,4.0,51.14,51.0,13.321952061216264,35.0,68.0,0.6686,0.331,0.0826,0.0804,0.2628,0.6998,0.588,0.3752,13,2022-11-27,Houston Texans @ Miami Dolphins,0.7173,0.2826,-254,254,,,,,,,,No Bet,,No Bet,,No Bet,,No Bet,,No Bet,,No Bet,,No Bet,,No Bet,,No Bet,,,,,,,,,,,,,,,,,,,,,,,,,,,,,13,-0.2210833333333333,-0.0213833333333333,Miami Dolphins,Houston Texans,0,0,0,0,0,0,1,0,0,0,1,0,0,0.0,2.0,,,97.47578437599088,0.8163284823336554,0.9862338514101988,0.4763820874344277,0.0030111526506847,46.7911347436266,0.0026052879308771,7.359003832494914,0.0165653370203898,0.4800282967012641,0.0754957129055685,2.672754005064356e-05,0.0001699431004986,0.0756656560060671,0.019170624951267,54.15013857612151,0.5555240096068327,0.0001966706405492,152.0,62.0,0.1359,0.8641,0.2847,0.7151,0.3324,0.6666,Miami Dolphins,Miami Dolphins,Miami Dolphins,Miami Dolphins,Miami Dolphins,Same,Same,Same,False,False,0.5555240096068327,0.0001966706405492,0.4763820874344277,0.0030111526506847,0.5555240096068327,0.0001966706405492,0.4202690817605448,0.0053550396836665,1.013577862570519,0.37957295880786207,0.7692389697443452,2.139840053999847,1.043042190303841,0.9809573401697953,0.850826004720858,1.2045338432420876,0.9235328637293204,1.075689060703222
2022_12_CHI_NYJ,2022,13,2022-11-27,13:00,Chicago Bears,New York Jets,Home,Trevor Siemian,Mike White,00-0032156,00-0034401,7,7,0,0,0,-4,MetLife Stadium,40.8136,-74.0744,America/New_York,False,True,12,12,Sunday,False,False,0,False,False,0,0,-4,NFC North,Soldier Field,41.8623,-87.6167,America/Chicago,AFC East,MetLife Stadium,40.8136,-74.0744,America/New_York,Atlanta Falcons,New England Patriots,Mercedes-Benz Stadium,Gillette Stadium,Green Bay Packers,Minnesota Vikings,Soldier Field,U.S. Bank Stadium,705,0,-705,705,-1.0,0.0,America/New_York,America/New_York,0.0,0.0,0.0,0.0,0.0,0,-1.575,-3.725,-1.575,-3.725,Chicago Bears,2.1500000000000004,Chicago Bears,2.1500000000000004,-1.575,-3.725,Chicago Bears,2.1500000000000004,0.0,0,No,No,No,No,No,0,No,0.0,0.0,-5.152,-6.163,-2.8005,-4.367500000000001,-2.8005,-4.367500000000001,-1.2255,-0.6425000000000001,-6.3775,-6.8055,Chicago Bears,1.5670000000000006,Chicago Bears,1.5670000000000006,-2.8005,-4.367500000000001,Chicago Bears,1.5670000000000006,Tie,0.0,Chicago Bears,1.011,-2.576,-3.0815,Chicago Bears,0.5055000000000001,New York Jets,0.583,Chicago Bears,0.4279999999999999,-3.8015,-3.724,New York Jets,0.0775000000000001,Different,Same,Different,Same,Different,Same,False,Home Team,Away Team,36.5,-375.0,315.0,New York Jets,Chicago Bears,-8.5,8.5,-116,-104,-104,-116,-0.583,0.583,0.4279999999999999,-0.4279999999999999,0.241,0.7895,0.5098,0.537,0.537,0.5098,0.2338,0.7662,0.487,0.513,0.513,0.487,0.2338,0.7662,-0.2662,0.2662,50.0,9.0,107,9.0,50.0,0.0,nfl_read_py Fallback,False,C.Williams,J.Fields,-2.72,-3.0,14.32,204.97,High,-13.0,7.0,48.22,47.0,13.326751121675972,32.0,65.0,0.5864,0.413,0.0778,0.0782,0.3698,0.6302,0.8028,0.1972,13,2022-11-27,Chicago Bears @ New York Jets,0.5881,0.4117,-143,143,,,,,,,,No Bet,,No Bet,,No Bet,,No Bet,,No Bet,,No Bet,,No Bet,,No Bet,,No Bet,,,,,,,,,,,,,,,,,,,,,,,,,,,,,13,-0.2061599999999999,-0.0614333333333333,New York Jets,Chicago Bears,0,0,0,0,0,1,1,0,0,0,1,1,0,0.0,1.5,,,97.47578437599088,0.9842170562928358,0.9255248920308624,0.174095059220459,0.0028341934951206,17.431725123453884,0.0044820921136062,5.319156008696839,0.0146885328376608,0.1788313398558038,0.0545689992929874,4.598159576041549e-05,0.0001506890447888,0.0547196883377762,0.019170624951267,22.750881132150724,0.2334003391487913,0.0001966706405492,152.0,62.0,0.2338,0.7662,0.441,0.5588,0.428,0.571,New York Jets,New York Jets,New York Jets,New York Jets,New York Jets,Same,Same,Same,False,False,0.2334003391487913,0.0001966706405492,0.174095059220459,0.0028341934951206,0.2334003391487913,0.0001966706405492,0.1354208331435533,0.0050728763493976,0.9829820786648841,0.410168742713498,1.0142319124292336,1.8948471113149572,0.7504108526967673,1.2735886777768697,0.956654442294384,1.098705405668561,0.9348967971393313,1.0643251272932108
2022_12_CIN_TEN,2022,13,2022-11-27,13:00,Cincinnati Bengals,Tennessee Titans,Home,Joe Burrow,Ryan Tannehill,00-0036442,00-0029701,7,10,-3,3,6,-8,Nissan Stadium,36.1664,-86.7716,America/Chicago,False,True,12,12,Sunday,False,False,0,False,False,0,6,-8,AFC North,Paycor Stadium,39.0955,-84.5165,America/New_York,AFC South,Nissan Stadium,36.1664,-86.7716,America/Chicago,Pittsburgh Steelers,Green Bay Packers,Acrisure Stadium,Lambeau Field,Kansas City Chiefs,Philadelphia Eagles,Paycor Stadium,Lincoln Financial Field,237,0,-237,237,1.0,0.0,America/New_York,America/Chicago,1.0,0.0,1.0,0.0,1.0,0,1.31,-4.36,1.31,-4.36,Cincinnati Bengals,5.67,Cincinnati Bengals,5.67,1.31,-4.36,Cincinnati Bengals,5.67,0.0,0,No,No,No,No,No,0,No,0.0,0.0,2.648,0.3,1.7230000000000003,-4.343000000000001,1.7230000000000003,-4.343000000000001,0.4130000000000001,0.0169999999999999,3.061,0.3169999999999999,Cincinnati Bengals,6.066000000000001,Cincinnati Bengals,6.066000000000001,1.7230000000000003,-4.343000000000001,Cincinnati Bengals,6.066000000000001,Tie,0.0,Cincinnati Bengals,2.3480000000000003,1.324,0.15,Cincinnati Bengals,1.1740000000000002,Cincinnati Bengals,0.3960000000000001,Cincinnati Bengals,2.744,1.737,0.1669999999999999,Cincinnati Bengals,1.5700000000000005,Different,Same,Same,Same,Different,Same,False,Away Team,Away Team,43.0,-105.0,-105.0,Cincinnati Bengals,Tennessee Titans,1.0,-1.0,-104,-116,117,-142,0.3960000000000001,-0.3960000000000001,2.744,-2.744,0.5122,0.5122,0.537,0.5098,0.5868,0.4608,0.5,0.5,0.513,0.487,0.5601,0.4399,0.5,0.5,0.0,0.0,56.0,14.0,108,14.0,56.0,0.0,nfl_read_py Fallback,False,J.Browning,C.Ward,3.55,4.0,13.9,193.18,Med-High,-7.0,13.0,42.52,42.0,12.918057680737014,26.0,60.0,0.3944,0.6036,0.082,0.0772,0.3964,0.5814,0.447,0.509,13,2022-11-27,Cincinnati Bengals @ Tennessee Titans,0.4553,0.5442,120,-119,,,,,,,,No Bet,,No Bet,,No Bet,,No Bet,,No Bet,,No Bet,,No Bet,,No Bet,,No Bet,,,,,,,,,,,,,,,,,,,,,,,,,,,,,13,0.12508,-0.09835,Cincinnati Bengals,Tennessee Titans,0,0,0,0,1,1,0,0,0,0,1,1,0,3.5,1.5,,,97.47578437599088,0.9635415858807042,0.3484619021314644,0.0038081243777743,0.0015207647608323,0.0295023439685722,0.021551171819623,0.0295023439685722,0.021551171819623,0.0003026633143548,0.0003026633143548,0.0002210925714277,0.0002210925714277,0.0005237558857825,0.043102343639246,0.0590046879371445,0.0006053266287096,0.0004421851428554,152.0,62.0,0.5,0.5,0.5841,0.4157,0.8012,0.1978,Tennessee Titans,Cincinnati Bengals,Cincinnati Bengals,Cincinnati Bengals,Cincinnati Bengals,Different,Same,Same,False,False,0.0006053266287096,0.0004421851428554,0.0038081243777743,0.0015207647608323,0.0006053266287096,0.0004421851428554,0.0063757071420491,0.0028283355964972,0.6951753261719469,0.6979754952064362,1.4068712799097018,1.5022077438344887,0.8860098580955026,1.1379896723781338,0.8067358790087059,1.2486239689542429,0.9062482086800273,1.0929737157525148
2022_12_ATL_WAS,2022,13,2022-11-27,13:00,Atlanta Falcons,Washington Commanders,Home,Marcus Mariota,Taylor Heinicke,00-0032268,00-0031800,7,7,0,0,-10,1,FedExField,38.9077,-76.8645,America/New_York,False,False,12,12,Sunday,False,False,0,False,False,0,-10,1,NFC South,Mercedes-Benz Stadium,33.7489,-84.388,America/New_York,NFC East,FedExField,38.9077,-76.8645,America/New_York,Chicago Bears,Houston Texans,Mercedes-Benz Stadium,NRG Stadium,Pittsburgh Steelers,New York Giants,Mercedes-Benz Stadium,MetLife Stadium,549,0,-549,549,0.0,0.0,America/New_York,America/Chicago,0.0,-1.0,0.0,0.0,0.0,0,-0.71,1.45,-0.71,1.45,Washington Commanders,2.16,Washington Commanders,2.16,-0.71,1.45,Washington Commanders,2.16,0.0,0,No,No,No,No,No,0,No,0.0,0.0,-6.453,-7.066,-1.404,1.922,-1.404,1.922,-0.694,0.472,-7.147,-6.594,Washington Commanders,3.326,Washington Commanders,3.326,-1.404,1.922,Washington Commanders,3.326,Tie,0.0,Atlanta Falcons,0.6129999999999995,-3.2265,-3.533,Atlanta Falcons,0.3064999999999998,Washington Commanders,1.166,Washington Commanders,0.5529999999999999,-3.9205,-3.061,Washington Commanders,0.8595000000000002,Different,Different,Same,Same,Different,Different,False,Home Team,Home Team,40.5,-183.0,163.0,Washington Commanders,Atlanta Falcons,-3.5,3.5,-122,101,-116,-104,-1.166,1.166,-0.5529999999999999,0.5529999999999999,0.3802,0.6466,0.4975,0.5495,0.5098,0.537,0.3703,0.6297,0.4752,0.5248,0.487,0.513,0.3703,0.6297,-0.1297,0.1297,46.0,9.0,109,9.0,46.0,0.0,nfl_read_py Fallback,False,M.Penix,J.Daniels,-1.18,-2.0,12.83,164.52,Med-Low,-10.0,7.0,41.97,42.0,12.52475285372168,26.0,58.0,0.5394,0.4578,0.1008,0.099,0.448,0.552,0.5278,0.4722,13,2022-11-27,Atlanta Falcons @ Washington Commanders,0.5517,0.4476,-123,123,,,,,,,,No Bet,,No Bet,,No Bet,,No Bet,,No Bet,,No Bet,,No Bet,,No Bet,,No Bet,,,,,,,,,,,,,,,,,,,,,,,,,,,,,13,-0.0023399999999999,-0.04714,Washington Commanders,Atlanta Falcons,0,0,0,0,0,0,1,1,0,0,1,1,0,2.0,2.0,,,97.47578437599088,0.9361173842682178,0.8346985443505405,0.0439226217245138,0.0027745692923145,1.1023294557164272,0.0064642717988465,0.6482334404506795,0.0109925788596642,0.0113087518379379,0.0066501997865466,6.631669434853747e-05,0.0001127724073218,0.0067629721938684,0.0174568506585107,1.7505628961671067,0.0179589516244845,0.0001790891016703,152.0,62.0,0.3703,0.6297,0.429,0.5706,0.4802,0.5178,Washington Commanders,Washington Commanders,Washington Commanders,Washington Commanders,Washington Commanders,Same,Same,Same,False,False,0.0179589516244845,0.0001790891016703,0.0439226217245138,0.0027745692923145,0.0179589516244845,0.0001790891016703,0.0597176483061955,0.0049885654585534,0.8533680019878227,0.5397828193905587,1.3627362993175163,1.5463427244266743,0.9633047919064176,1.0606947385672185,1.0377432530956465,1.0176165948672988,1.033271566329782,0.9659503581027599
2022_12_LAC_ARI,2022,13,2022-11-27,16:05,Los Angeles Chargers,Arizona Cardinals,Home,Justin Herbert,Kyler Murray,00-0036355,00-0035228,7,6,1,-1,0,-5,State Farm Stadium,33.5277,-112.262608,America/Denver,False,False,12,12,Sunday,False,False,0,False,False,0,0,-5,AFC West,SoFi Stadium,33.9535,-118.3395,America/Los_Angeles,NFC West,State Farm Stadium,33.5277,-112.262608,America/Denver,Kansas City Chiefs,San Francisco 49ers,SoFi Stadium,State Farm Stadium,Las Vegas Raiders,New England Patriots,Allegiant Stadium,State Farm Stadium,350,0,-350,350,-1.0,0.0,America/Los_Angeles,America/Denver,-1.0,0.0,-1.0,0.0,-1.0,0,0.935,0.075,0.935,0.075,Los Angeles Chargers,0.8600000000000001,Los Angeles Chargers,0.8600000000000001,0.935,0.075,Los Angeles Chargers,0.8600000000000001,0.0,0,No,No,No,No,No,0,Yes,0.0,0.0,0.998,-2.282,2.254,-1.83,2.254,-1.83,1.319,-1.905,2.317,-4.187,Los Angeles Chargers,4.084,Los Angeles Chargers,4.084,2.254,-1.83,Los Angeles Chargers,4.084,Tie,0.0,Los Angeles Chargers,3.28,0.499,-1.141,Los Angeles Chargers,1.64,Los Angeles Chargers,3.224,Los Angeles Chargers,6.504,1.818,-3.0460000000000003,Los Angeles Chargers,4.864000000000001,Different,Same,Same,Same,Different,Same,False,Away Team,Away Team,48.5,123.0,-136.0,Los Angeles Chargers,Arizona Cardinals,2.5,-2.5,135,-164,224,-282,3.224,-3.224,6.504,-6.504,0.5763,0.4484,0.6212,0.4255,0.7382,0.3086,0.5624,0.4376,0.5935,0.4065,0.7052,0.2948,0.5624,0.4376,0.0624,-0.0624,,,110,0.0,70.0,0.0,Dome,True,J.Herbert,K.Murray,2.33,3.0,14.2,201.66,High,-8.0,13.0,53.17,53.0,13.76022447184286,36.0,71.0,0.4332,0.565,0.0764,0.077,0.4678,0.5322,0.6276,0.3724,13,2022-11-27,Los Angeles Chargers @ Arizona Cardinals,0.393,0.6065,154,-154,,,,,,,,No Bet,,No Bet,,No Bet,,No Bet,,No Bet,,No Bet,,No Bet,,No Bet,,No Bet,,,,,,,,,,,,,,,,,,,,,,,,,,,,,13,0.0130999999999999,-0.18358,Los Angeles Chargers,Arizona Cardinals,0,0,0,0,0,0,0,0,0,0,0,0,0,2.5,0.5,,,97.47578437599088,0.9696672324023332,0.7661741740426267,0.0032130562987688,0.0061720301287786,0.0064596913690114,0.099599695278207,0.0083019433864992,0.0774979136801981,6.626970391020086e-05,8.51692904001302e-05,0.0010217891132224,0.0007950478590792,0.0008802171494793,0.1770976089584052,0.0147616347555107,0.0001514389943103,0.0018168369723016,152.0,62.0,0.5624,0.4376,0.539,0.461,0.5676,0.4322,Los Angeles Chargers,Los Angeles Chargers,Los Angeles Chargers,Los Angeles Chargers,Los Angeles Chargers,Same,Same,Same,False,False,0.0001514389943103,0.0018168369723016,0.0032130562987688,0.0061720301287786,0.0001514389943103,0.0018168369723016,0.0057046607515101,0.0094034912875756,0.6114276387727313,0.7817231826056503,1.1949289719375173,1.714150051806673,0.6014823629077319,1.4225171675659052,0.8955979646467666,1.1597618833161794,0.7907002315802777,1.208521692852265
2022_12_LV_SEA,2022,13,2022-11-27,16:05,Las Vegas Raiders,Seattle Seahawks,Home,Derek Carr,Geno Smith,00-0031280,00-0030565,7,14,-7,7,-10,7,Lumen Field,47.5952,-122.3316,America/Los_Angeles,False,True,12,12,Sunday,False,False,0,False,False,0,-10,7,AFC West,Allegiant Stadium,36.108,-115.1578,America/Los_Angeles,NFC West,Lumen Field,47.5952,-122.3316,America/Los_Angeles,Denver Broncos,Tampa Bay Buccaneers,Empower Field at Mile High,Raymond James Stadium,Los Angeles Chargers,Los Angeles Rams,Allegiant Stadium,SoFi Stadium,874,0,-874,874,0.0,0.0,America/Denver,America/New_York,1.0,3.0,0.0,0.0,0.0,0,-2.35,-0.13,-2.35,-0.13,Seattle Seahawks,2.22,Seattle Seahawks,2.22,-2.35,-0.13,Seattle Seahawks,2.22,0.0,0,No,No,No,No,No,0,No,0.0,0.0,0.872,-1.539,-5.0355,0.6685000000000001,-5.0355,0.6685000000000001,-2.6855,0.7985,-1.8135,-0.7404999999999997,Seattle Seahawks,5.704,Seattle Seahawks,5.704,-5.0355,0.6685000000000001,Seattle Seahawks,5.704,Tie,0.0,Las Vegas Raiders,2.411,0.436,-0.7695,Las Vegas Raiders,1.2055,Seattle Seahawks,3.484,Seattle Seahawks,1.0730000000000004,-2.2495000000000003,0.0290000000000001,Seattle Seahawks,2.2785,Different,Different,Same,Same,Different,Different,False,Home Team,Home Team,47.5,-196.0,174.0,Seattle Seahawks,Las Vegas Raiders,-4.0,4.0,-191,156,-122,101,-3.484,3.484,-1.0730000000000004,1.0730000000000004,0.365,0.6622,0.3906,0.6564,0.4975,0.5495,0.3553,0.6447,0.3731,0.6269,0.4752,0.5248,0.3553,0.6447,-0.1447,0.1447,44.0,8.0,111,8.0,44.0,0.0,nfl_read_py Fallback,False,G.Smith,S.Darnold,1.76,3.0,13.94,194.39,Med-High,-9.0,12.0,51.57,51.0,13.59827486322626,35.0,69.0,0.448,0.5518,0.0822,0.0858,0.3534,0.6252,0.5946,0.4054,13,2022-11-27,Las Vegas Raiders @ Seattle Seahawks,0.5611,0.4388,-128,128,,,,,,,,No Bet,,No Bet,,No Bet,,No Bet,,No Bet,,No Bet,,No Bet,,No Bet,,No Bet,,,,,,,,,,,,,,,,,,,,,,,,,,,,,13,-0.0513833333333333,0.0206666666666666,Seattle Seahawks,Las Vegas Raiders,0,0,0,0,0,0,1,1,0,0,1,1,0,1.5,2.5,,,97.47578437599088,0.9718403373295512,0.6922146441928563,0.0248263876421883,0.0022795458292762,1.298489076885307,0.002667480399134,0.7156090724637032,0.0048402043718596,0.0133211451972181,0.0073414035808463,2.736556998448847e-05,4.965545445820353e-05,0.0073910590353045,0.0075076847709937,2.01409814934901,0.0206625487780645,7.7021024442692e-05,152.0,62.0,0.3553,0.6447,0.4144,0.5855,0.3684,0.6314,Seattle Seahawks,Seattle Seahawks,Seattle Seahawks,Las Vegas Raiders,Seattle Seahawks,Same,Different,Same,False,False,0.0206625487780645,7.7021024442692e-05,0.0248263876421883,0.0022795458292762,0.0206625487780645,7.7021024442692e-05,0.0276137886204725,0.0042617145530591,0.8853339675321527,0.5078168538462291,1.7306986682191396,1.1783803555250516,1.019459562387575,1.004539968086061,0.8822101927969346,1.173149655166012,1.0826763970277529,0.9165455274047886
2022_12_LA_KC,2022,13,2022-11-27,16:25,Los Angeles Rams,Kansas City Chiefs,Home,Bryce Perkins,Patrick Mahomes,00-0035939,00-0033873,7,7,0,0,6,9,GEHA Field at Arrowhead Stadium,39.0489,-94.4839,America/Chicago,False,True,12,12,Sunday,False,False,0,False,False,0,6,9,NFC West,SoFi Stadium,33.9535,-118.3395,America/Los_Angeles,AFC West,GEHA Field at Arrowhead Stadium,39.0489,-94.4839,America/Chicago,New Orleans Saints,Los Angeles Chargers,Caesars Superdome,SoFi Stadium,Seattle Seahawks,Cincinnati Bengals,SoFi Stadium,Paycor Stadium,1366,0,-1366,1366,-2.0,0.0,America/Chicago,America/Los_Angeles,0.0,-2.0,0.0,0.0,0.0,0,1.29,4.395,1.29,4.395,Kansas City Chiefs,3.1049999999999995,Kansas City Chiefs,3.1049999999999995,1.29,4.395,Kansas City Chiefs,3.1049999999999995,0.0,0,No,No,No,No,No,0,No,0.0,0.0,6.103,8.203,2.0735,4.7955,2.0735,4.7955,0.7835000000000001,0.4005,6.8865,8.603499999999999,Kansas City Chiefs,2.7219999999999995,Kansas City Chiefs,2.7219999999999995,2.0735,4.7955,Kansas City Chiefs,2.7219999999999995,Tie,0.0,Kansas City Chiefs,2.1,3.0515,4.1015,Kansas City Chiefs,1.0499999999999998,Los Angeles Rams,0.383,Kansas City Chiefs,1.7169999999999987,3.835,4.501999999999999,Kansas City Chiefs,0.6669999999999989,Different,Same,Different,Same,Different,Same,False,Away Team,Home Team,42.0,-1088.0,768.0,Kansas City Chiefs,Los Angeles Rams,-16.5,16.5,-104,-116,-128,105,0.383,-0.383,-1.7169999999999987,1.7169999999999987,0.1152,0.9158,0.537,0.5098,0.4878,0.5614,0.1117,0.8883,0.513,0.487,0.4649,0.5351,0.1117,0.8883,-0.3883,0.3883,44.0,6.0,112,6.0,44.0,0.0,nfl_read_py Fallback,False,M.Stafford,P.Mahomes,-7.79,-9.0,13.3,176.97,Medium,-17.0,2.0,54.76,54.0,13.4020437514337,37.0,72.0,0.7212,0.2778,0.0792,0.07,0.2652,0.7348,0.8222,0.1586,13,2022-11-27,Los Angeles Rams @ Kansas City Chiefs,0.6579,0.3418,-192,193,,,,,,,,No Bet,,No Bet,,No Bet,,No Bet,,No Bet,,No Bet,,No Bet,,No Bet,,No Bet,,,,,,,,,,,,,,,,,,,,,,,,,,,,,13,-0.2014333333333333,0.2676666666666666,Kansas City Chiefs,Los Angeles Rams,0,0,0,0,0,1,0,0,0,0,0,1,0,0.0,5.0,,,97.47578437599088,0.1699821676885733,0.3508748638573662,0.121271086255943,0.0011038507257388,4.970101907438411,2.298050900634618e-05,0.6249694732194874,0.0001827536808445,0.0509880678494195,0.0064115357185412,2.3575608191778218e-07,1.8748623775073048e-06,0.0064134105809187,0.0002057341898509,5.595071380657899,0.0573996035679607,2.1106184594250868e-06,152.0,62.0,0.1117,0.8883,0.3378,0.6622,0.2938,0.7062,Kansas City Chiefs,Kansas City Chiefs,Kansas City Chiefs,Kansas City Chiefs,Kansas City Chiefs,Same,Same,Same,False,False,0.0573996035679607,2.1106184594250868e-06,0.121271086255943,0.0011038507257388,0.0573996035679607,2.1106184594250868e-06,0.1589114738586649,0.002432903661569,1.2011471953346928,0.19200362604368842,1.0479674692166816,1.8611115545275085,0.8941234254456341,1.129876105028002,1.3023348338042906,0.7530250141586553,1.1335805981617473,0.8656413262707955
2022_12_NO_SF,2022,13,2022-11-27,16:25,New Orleans Saints,San Francisco 49ers,Home,Andy Dalton,Jimmy Garoppolo,00-0027973,00-0031345,7,6,1,-1,-7,-1,Levi's Stadium,37.4031,-121.9702,America/Los_Angeles,False,False,12,12,Sunday,False,False,0,False,False,0,-7,-1,NFC South,Caesars Superdome,29.9507,-90.0813,America/Chicago,NFC West,Levi's Stadium,37.4031,-121.9702,America/Los_Angeles,Los Angeles Rams,Arizona Cardinals,Caesars Superdome,State Farm Stadium,Tampa Bay Buccaneers,Miami Dolphins,Raymond James Stadium,Levi's Stadium,1893,0,-1893,1893,2.0,0.0,America/Chicago,America/Denver,2.0,1.0,2.0,0.0,2.0,0,-6.145,3.325,-6.145,3.325,San Francisco 49ers,9.47,San Francisco 49ers,9.47,-6.145,3.325,San Francisco 49ers,9.47,-0.15,0,No,No,No,No,No,0,Yes,0.0,0.0,-1.222,4.436,-6.991499999999999,3.72,-6.991499999999999,3.72,-0.8465,0.395,-2.0685,4.831,San Francisco 49ers,10.7115,San Francisco 49ers,10.7115,-6.991499999999999,3.72,San Francisco 49ers,10.7115,Tie,0.0,San Francisco 49ers,5.658,-0.611,2.218,San Francisco 49ers,2.829,San Francisco 49ers,1.2415,San Francisco 49ers,6.8995,-1.4575,2.6129999999999995,San Francisco 49ers,4.070499999999999,Different,Same,Same,Same,Different,Same,False,Home Team,Home Team,44.0,-392.0,327.0,San Francisco 49ers,New Orleans Saints,-9.5,9.5,-122,101,-319,249,-1.2415,1.2415,-6.8995,6.8995,0.2342,0.7967,0.4975,0.5495,0.2865,0.7613,0.2272,0.7728,0.4752,0.5248,0.2734,0.7266,0.2272,0.7728,-0.2728,0.2728,59.0,2.0,113,2.0,59.0,0.0,nfl_read_py Fallback,False,S.Rattler,M.Jones,-8.15,-9.0,13.18,173.73,Medium,-17.0,1.0,45.51,45.0,12.799943763629216,29.0,62.0,0.7302,0.269,0.0748,0.0764,0.4796,0.5204,0.5138,0.455,13,2022-11-27,New Orleans Saints @ San Francisco 49ers,0.6886,0.3112,-221,221,,,,,,,,No Bet,,No Bet,,No Bet,,No Bet,,No Bet,,No Bet,,No Bet,,No Bet,,No Bet,,,,,,,,,,,,,,,,,,,,,,,,,,,,,13,-0.02706,0.22085,San Francisco 49ers,New Orleans Saints,0,0,0,0,0,1,1,0,0,0,1,1,0,2.0,4.5,,,97.47578437599088,0.318331191170637,0.7841517360669117,0.0785191792843703,0.0025022591156995,6.771131549108084,0.005034036944804,1.9906846376259788,0.0171228158052139,0.0694647557078378,0.0204223505393643,5.16439747269581e-05,0.0001756622520642,0.0205980127914285,0.022156852750018,8.761816186734062,0.0898871062472021,0.0002273062267911,152.0,62.0,0.2272,0.7728,0.409,0.591,0.3616,0.6382,San Francisco 49ers,San Francisco 49ers,San Francisco 49ers,San Francisco 49ers,San Francisco 49ers,Same,Same,Same,False,False,0.0898871062472021,0.0002273062267911,0.0785191792843703,0.0025022591156995,0.0898871062472021,0.0002273062267911,0.070859514447955,0.0045248531758142,1.041086915178484,0.3520639061998987,1.2532390691288082,1.6558399546153832,1.3461729418387103,0.6778265886349263,1.3853188969053194,0.6700409510576286,1.2583006186736994,0.7409213057588422
2022_12_GB_PHI,2022,13,2022-11-27,20:20,Green Bay Packers,Philadelphia Eagles,Home,Aaron Rodgers,Jalen Hurts,00-0023459,00-0036389,10,7,3,-3,-14,5,Lincoln Financial Field,39.9008,-75.1675,America/New_York,False,False,12,12,Sunday,False,False,0,False,False,0,-14,5,NFC North,Lambeau Field,44.5013,-88.0622,America/Chicago,NFC East,Lincoln Financial Field,39.9008,-75.1675,America/New_York,Tennessee Titans,Indianapolis Colts,Lambeau Field,Lucas Oil Stadium,Chicago Bears,Tennessee Titans,Soldier Field,Lincoln Financial Field,731,0,-731,731,-1.0,0.0,America/Chicago,America/Indiana/Indianapolis,-1.0,0.0,-1.0,0.0,-1.0,0,3.535,4.905,3.535,4.905,Philadelphia Eagles,1.37,Philadelphia Eagles,1.37,3.535,4.905,Philadelphia Eagles,1.37,0.0,0,No,No,No,No,No,0,No,0.0,0.0,1.303,3.065,1.0014999999999998,5.8180000000000005,1.0014999999999998,5.8180000000000005,-2.5335,0.913,-1.2305,3.978,Philadelphia Eagles,4.8165,Philadelphia Eagles,4.8165,1.0014999999999998,5.8180000000000005,Philadelphia Eagles,4.8165,Tie,0.0,Philadelphia Eagles,1.762,0.6515,1.5325,Philadelphia Eagles,0.881,Philadelphia Eagles,3.4465000000000003,Philadelphia Eagles,5.2085,-1.882,2.4455,Philadelphia Eagles,4.327500000000001,Different,Same,Same,Same,Different,Same,False,Home Team,Home Team,46.0,-278.0,241.0,Philadelphia Eagles,Green Bay Packers,-6.5,6.5,-191,156,-234,188,-3.4465000000000003,3.4465000000000003,-5.2085,5.2085,0.2933,0.7354,0.3906,0.6564,0.3472,0.7006,0.2851,0.7149,0.3731,0.6269,0.3314,0.6686,0.2851,0.7149,-0.2149,0.2149,62.0,24.0,114,24.0,62.0,0.0,nfl_read_py Fallback,False,J.Love,J.Hurts,-12.89,-14.0,14.04,196.99,High,-22.0,-5.0,40.77,40.0,12.266116862502855,26.0,57.0,0.8198,0.1798,0.0444,0.0512,0.7148,0.2852,0.3118,0.6628,13,2022-11-27,Green Bay Packers @ Philadelphia Eagles,0.7076,0.2924,-242,242,,,,,,,,No Bet,,No Bet,,No Bet,,No Bet,,No Bet,,No Bet,,No Bet,,No Bet,,No Bet,,,,,,,,,,,,,,,,,,,,,,,,,,,,,13,0.11742,0.18105,Philadelphia Eagles,Green Bay Packers,0,0,0,0,0,0,0,1,0,0,0,1,0,3.5,4.0,,,97.47578437599088,0.0251571347145141,0.1376018449114366,0.020252450083141,0.0002448663926939,1.0979911979572528,0.0003995304006919,0.4378756337076693,0.0010018389458247,0.0112642458328111,0.0044921478345705,4.098765690879803e-06,1.0277823894808736e-05,0.0045024256584653,0.0014013693465166,1.535866831664922,0.0157563936673816,1.4376589585688542e-05,152.0,62.0,0.2851,0.7149,0.3442,0.6557,0.1772,0.822,Philadelphia Eagles,Philadelphia Eagles,Philadelphia Eagles,Philadelphia Eagles,Philadelphia Eagles,Same,Same,Same,False,False,0.0157563936673816,1.4376589585688542e-05,0.020252450083141,0.0002448663926939,0.0157563936673816,1.4376589585688542e-05,0.0233233454309767,0.0010557363905598,0.9857556467827718,0.40739517459561014,1.7410675116877714,1.1680115120564198,1.3177210858852764,0.7062784445883604,1.6619445965476074,0.39341525141534217,1.3840417300374932,0.61518019439505
2022_12_PIT_IND,2022,13,2022-11-28,20:15,Pittsburgh Steelers,Indianapolis Colts,Home,Kenny Pickett,Matt Ryan,00-0038102,00-0026143,8,8,0,0,-3,-6,Lucas Oil Stadium,39.7601,-86.1638,America/Indiana/Indianapolis,False,False,12,12,Monday,False,False,0,False,False,0,-3,-6,AFC North,Acrisure Stadium,40.4468,-80.0158,America/New_York,AFC South,Lucas Oil Stadium,39.7601,-86.1638,America/Indiana/Indianapolis,Cincinnati Bengals,Philadelphia Eagles,Acrisure Stadium,Lucas Oil Stadium,Atlanta Falcons,Dallas Cowboys,Mercedes-Benz Stadium,AT&T Stadium,328,0,-328,328,0.0,0.0,America/New_York,America/Indiana/Indianapolis,0.0,0.0,0.0,0.0,0.0,0,-0.565,-2.265,-0.565,-2.265,Pittsburgh Steelers,1.7000000000000002,Pittsburgh Steelers,1.7000000000000002,-0.565,-2.265,Pittsburgh Steelers,1.7000000000000002,0.0,0,No,No,No,No,No,0,No,0.0,0.0,-2.946,-1.583,-1.056,-1.1440000000000003,-1.056,-1.1440000000000003,-0.491,1.121,-3.4370000000000003,-0.4619999999999999,Pittsburgh Steelers,0.0880000000000003,Pittsburgh Steelers,0.0880000000000003,-1.056,-1.1440000000000003,Pittsburgh Steelers,0.0880000000000003,Tie,0.0,Indianapolis Colts,1.3630000000000002,-1.473,-0.7915,Indianapolis Colts,0.6815000000000001,Indianapolis Colts,1.612,Indianapolis Colts,2.9750000000000005,-1.964,0.3295,Indianapolis Colts,2.2935000000000003,Different,Different,Different,Different,Different,Same,False,Home Team,Home Team,40.0,-128.0,116.0,Indianapolis Colts,Pittsburgh Steelers,-2.5,2.5,-128,105,-164,135,-1.612,1.612,-2.9750000000000005,2.9750000000000005,0.463,0.5614,0.4878,0.5614,0.4255,0.6212,0.452,0.548,0.4649,0.5351,0.4065,0.5935,0.452,0.548,-0.048,0.048,,,115,0.0,70.0,0.0,Dome,True,A.Rodgers,D.Jones,10.36,10.0,13.02,169.55,Med-Low,3.0,19.0,47.39,47.0,12.795017227544893,32.0,64.0,0.2042,0.7952,0.072,0.0674,0.178,0.822,0.6868,0.2776,13,2022-11-28,Pittsburgh Steelers @ Indianapolis Colts,0.4702,0.5296,113,-113,,,,,,,,No Bet,,No Bet,,No Bet,,No Bet,,No Bet,,No Bet,,No Bet,,No Bet,,No Bet,,,,,,,,,,,,,,,,,,,,,,,,,,,,,13,0.0149833333333333,-0.1340599999999999,Indianapolis Colts,Pittsburgh Steelers,0,0,0,0,1,0,0,0,0,0,1,0,0,2.5,1.0,,,97.47578437599088,0.9691869951519724,0.984431722240038,0.0068918618798965,0.0032574329735522,0.142468374559095,0.0062626133372773,0.1175104111326842,0.0075927259044867,0.0014615771031865,0.0012055343989786,6.424788861529681e-05,7.789345787872268e-05,0.0012834278568573,0.013855339241764,0.2599787856917792,0.0026671115021651,0.000142141346494,152.0,62.0,0.452,0.548,0.4996,0.5003,0.8222,0.1774,Indianapolis Colts,Pittsburgh Steelers,Indianapolis Colts,Pittsburgh Steelers,Pittsburgh Steelers,Same,Same,Different,False,False,0.0026671115021651,0.000142141346494,0.0068918618798965,0.0032574329735522,0.0026671115021651,0.000142141346494,0.0100308710895851,0.0057811103603117,0.761240452085351,0.6319103692930299,1.5410192886808374,1.368059735063359,1.1944264447601802,0.8295730857134583,0.41554075901832344,1.639819088944626,0.9336573284719462,1.065564595960595
2022_13_BUF_NE,2022,14,2022-12-01,20:15,Buffalo Bills,New England Patriots,Home,Josh Allen,Mac Jones,00-0034857,00-0036972,7,7,0,0,10,-4,Gillette Stadium,42.0628,-71.2687,America/New_York,False,True,13,13,Thursday,False,False,0,False,False,0,10,-4,AFC East,Highmark Stadium,42.7725,-78.7877,America/New_York,AFC East,Gillette Stadium,42.0628,-71.2687,America/New_York,Detroit Lions,Minnesota Vikings,Ford Field,U.S. Bank Stadium,New York Jets,Arizona Cardinals,Highmark Stadium,State Farm Stadium,386,0,-386,386,0.0,0.0,America/Detroit,America/Chicago,0.0,-1.0,0.0,0.0,0.0,0,4.795,-1.995,4.795,-1.995,Buffalo Bills,6.79,Buffalo Bills,6.79,4.795,-1.995,Buffalo Bills,6.79,0.0,0,No,No,No,No,No,1,No,0.0,0.0,11.21,0.436,4.846,-1.769,4.846,-1.769,0.1188999999999999,0.1580999999999999,11.22116,0.70184,Buffalo Bills,6.615,Buffalo Bills,6.615,4.846,-1.769,Buffalo Bills,6.615,Tie,0.0,Buffalo Bills,10.774,5.605,0.218,Buffalo Bills,5.3870000000000005,New England Patriots,0.0391999999999999,Buffalo Bills,10.51932,5.67003,0.4299699999999999,Buffalo Bills,5.24006,Different,Same,Different,Same,Different,Same,True,Home Team,Away Team,43.5,165.0,-185.0,Buffalo Bills,New England Patriots,3.5,-3.5,-110,-110,389,-538,-0.0391999999999999,0.0391999999999999,10.51932,-10.51932,0.6491,0.3774,0.5238,0.5238,0.8433,0.2045,0.6324,0.3676,0.5,0.5,0.8048,0.1952,0.6324,0.3676,0.1324,-0.1324,35.0,2.0,116,2.0,35.0,0.0,nfl_read_py Fallback,False,J.Allen,D.Maye,6.24,7.0,14.45,208.89,High,-5.0,16.0,48.02,47.0,13.678445325887978,31.0,66.0,0.3364,0.6632,0.0744,0.0776,0.3972,0.6028,0.6076,0.3924,14,2022-12-01,Buffalo Bills @ New England Patriots,0.3498,0.6501,186,-186,,,,,,,,No Bet,,No Bet,,No Bet,,No Bet,,No Bet,,No Bet,,No Bet,,No Bet,,No Bet,,,,,,,,,,,,,,,,,,,,,,,,,,,,,14,0.260075,-0.052,Buffalo Bills,New England Patriots,0,0,0,0,1,0,0,1,0,0,1,1,1,4.5,1.5,,,79.93758830013478,0.5502221511950416,0.0,0.0020091313523336,0.0066991030676721,0.0095890518898216,0.0,0.016496508202185,0.0,0.0001199567324175,0.0002063673492405,0.0,0.0,0.0002063673492405,0.0,0.0260855600920067,0.0003263240816581,0.0,135.0,17.0,0.6324,0.3676,0.634,0.3658,0.6762,0.323,Buffalo Bills,Buffalo Bills,Buffalo Bills,Buffalo Bills,Buffalo Bills,Same,Same,Same,False,False,0.0003263240816581,0.0,0.0020091313523336,0.0066991030676721,0.0003263240816581,0.0,0.0042893583004909,0.0118622939084306,0.5834303370001126,0.9950061783644246,1.251345232125744,1.2306875412774443,0.3864822751022987,1.5749781627508086,0.7255485570597349,1.4130641878718448,0.7081915496449492,1.3003256176302307
2022_13_PIT_ATL,2022,14,2022-12-04,13:00,Pittsburgh Steelers,Atlanta Falcons,Home,Kenny Pickett,Marcus Mariota,00-0038102,00-0032268,6,7,-1,1,-4,-9,Mercedes-Benz Stadium,33.7489,-84.388,America/New_York,False,True,13,13,Sunday,False,False,0,False,False,0,-4,-9,AFC North,Acrisure Stadium,40.4468,-80.0158,America/New_York,NFC South,Mercedes-Benz Stadium,33.7489,-84.388,America/New_York,Indianapolis Colts,Washington Commanders,Lucas Oil Stadium,FedExField,Baltimore Ravens,New Orleans Saints,Acrisure Stadium,Caesars Superdome,521,0,-521,521,0.0,0.0,America/Indiana/Indianapolis,America/New_York,0.0,0.0,0.0,0.0,0.0,0,-0.565,-0.71,-0.565,-0.71,Pittsburgh Steelers,0.145,Pittsburgh Steelers,0.145,-0.565,-0.71,Pittsburgh Steelers,0.145,0.0,0,No,No,No,No,Yes,0,No,0.0,0.0,-2.946,-6.453,-1.231,-0.891,-1.231,-0.891,-0.666,-0.181,-3.612000000000001,-6.634,Atlanta Falcons,0.3399999999999998,Atlanta Falcons,0.3399999999999998,-1.231,-0.891,Atlanta Falcons,0.3399999999999998,Tie,0.0,Pittsburgh Steelers,3.507,-1.473,-3.2265,Pittsburgh Steelers,1.7535,Atlanta Falcons,0.485,Pittsburgh Steelers,3.022,-2.139,-3.4075,Pittsburgh Steelers,1.2685,Different,Different,Same,Different,Different,Same,False,Home Team,Away Team,43.0,103.0,-113.0,Pittsburgh Steelers,Atlanta Falcons,1.0,-1.0,-116,-104,135,-164,-0.485,0.485,3.022,-3.022,0.5305,0.4926,0.5098,0.537,0.6212,0.4255,0.5185,0.4815,0.487,0.513,0.5935,0.4065,0.5185,0.4815,0.0185,-0.0185,,,117,0.0,70.0,0.0,Dome,True,A.Rodgers,M.Penix,11.0,11.0,12.62,159.29,Low,3.0,20.0,48.78,49.0,12.903272191450094,33.0,65.10000000000036,0.1902,0.809,0.0702,0.0652,0.191,0.7938,0.6426,0.3142,14,2022-12-04,Pittsburgh Steelers @ Atlanta Falcons,0.3978,0.602,151,-151,,,,,,,,No Bet,,No Bet,,No Bet,,No Bet,,No Bet,,No Bet,,No Bet,,No Bet,,No Bet,,,,,,,,,,,,,,,,,,,,,,,,,,,,,14,0.0142799999999999,0.0017,Pittsburgh Steelers,Atlanta Falcons,0,0,0,0,1,0,0,1,0,0,1,1,0,2.0,2.0,,,79.93758830013478,0.8346176778653698,0.9843533784537112,0.0074600463823332,0.0093085225974009,0.0318580586189991,0.2420869124175501,0.0343061337361393,0.2248116650512061,0.0003985366496094,0.0004291614804206,0.0030284490383748,0.0028123398495226,0.0032415013299432,0.4668985774687563,0.0661641923551385,0.0008276981300301,0.0058407888878975,135.0,17.0,0.5185,0.4815,0.622,0.3776,0.8348,0.1638,Pittsburgh Steelers,Pittsburgh Steelers,Pittsburgh Steelers,Pittsburgh Steelers,Pittsburgh Steelers,Same,Same,Same,False,False,0.0008276981300301,0.0058407888878975,0.0074600463823332,0.0093085225974009,0.0008276981300301,0.0058407888878975,0.012552008199536,0.0123898408653054,0.761366681927604,0.8170698334369325,1.2773514695739476,1.2046813038292397,0.7994972171875048,1.1619632206656094,0.40842608705998135,1.7301866578716032,0.8013094086895147,1.207207758585669
2022_13_DEN_BAL,2022,14,2022-12-04,13:00,Denver Broncos,Baltimore Ravens,Home,Russell Wilson,Lamar Jackson,00-0029263,00-0034796,7,7,0,0,8,-4,M&T Bank Stadium,39.2789,-76.6228,America/New_York,False,True,13,13,Sunday,False,False,0,False,False,0,8,-4,AFC West,Empower Field at Mile High,39.7648,-105.0076,America/Denver,AFC North,M&T Bank Stadium,39.2789,-76.6228,America/New_York,Carolina Panthers,Jacksonville Jaguars,Bank of America Stadium,TIAA Bank Field,Kansas City Chiefs,Pittsburgh Steelers,Empower Field at Mile High,Acrisure Stadium,1506,0,-1506,1506,-2.0,0.0,America/New_York,America/New_York,0.0,0.0,0.0,0.0,0.0,0,2.05,6.69,2.05,6.69,Baltimore Ravens,4.640000000000001,Baltimore Ravens,4.640000000000001,2.05,6.69,Baltimore Ravens,4.640000000000001,0.0,0,No,No,No,No,No,0,No,0.0,0.0,-3.234,3.864,2.31,6.6000000000000005,2.31,6.6000000000000005,0.26,-0.09,-2.974,3.774,Baltimore Ravens,4.290000000000001,Baltimore Ravens,4.290000000000001,2.31,6.6000000000000005,Baltimore Ravens,4.290000000000001,Tie,0.0,Baltimore Ravens,7.098,-1.617,1.932,Baltimore Ravens,3.549,Denver Broncos,0.35,Baltimore Ravens,6.747999999999999,-1.3570000000000002,1.842,Baltimore Ravens,3.199,Different,Same,Different,Same,Different,Same,False,Away Team,Home Team,40.5,-347.0,294.0,Baltimore Ravens,Denver Broncos,-9.5,9.5,-104,-116,-282,224,0.35,-0.35,-6.747999999999999,6.747999999999999,0.2538,0.7763,0.537,0.5098,0.3086,0.7382,0.2464,0.7536,0.513,0.487,0.2948,0.7052,0.2464,0.7536,-0.2536,0.2536,63.0,8.0,118,8.0,63.0,0.0,nfl_read_py Fallback,False,B.Nix,C.Rush,-4.37,-6.0,13.61,185.35,Med-High,-14.0,6.0,42.98,42.0,12.39156222285409,28.0,59.0,0.6366,0.3622,0.0832,0.0762,0.3868,0.6132,0.5498,0.4502,14,2022-12-04,Denver Broncos @ Baltimore Ravens,0.6456,0.3541,-182,182,,,,,,,,No Bet,,No Bet,,No Bet,,No Bet,,No Bet,,No Bet,,No Bet,,No Bet,,No Bet,,,,,,,,,,,,,,,,,,,,,,,,,,,,,14,-0.05458,-0.04326,Baltimore Ravens,Denver Broncos,0,0,0,0,0,1,0,0,0,0,0,1,0,1.5,1.5,,,79.93758830013478,0.0,0.5403859956586071,0.0603801807511707,0.001695097252089,0.0,0.0006153994049279,0.0,0.0018821631150718,0.0,0.0,7.698498516334441e-06,2.354540779995793e-05,2.354540779995793e-05,0.0024975625199997,0.0,0.0,3.124390631629237e-05,135.0,17.0,0.2464,0.7536,0.3222,0.6777,0.2438,0.7556,Baltimore Ravens,Baltimore Ravens,Baltimore Ravens,Baltimore Ravens,Baltimore Ravens,Same,Same,Same,False,False,0.0,3.124390631629237e-05,0.0603801807511707,0.001695097252089,0.0,3.124390631629237e-05,0.0962555579930371,0.0039762581606155,1.155621150268016,0.4228153650965187,1.0865767870157934,1.3954559863874003,1.3205530939712178,0.6409073438818923,1.28008983543991,0.8585229094916664,1.2240570699627547,0.7844600973124264
2022_13_GB_CHI,2022,14,2022-12-04,13:00,Green Bay Packers,Chicago Bears,Home,Aaron Rodgers,Justin Fields,00-0023459,00-0036945,7,7,0,0,-14,0,Soldier Field,41.8623,-87.6167,America/Chicago,False,True,13,13,Sunday,False,False,0,False,False,0,-14,0,NFC North,Lambeau Field,44.5013,-88.0622,America/Chicago,NFC North,Soldier Field,41.8623,-87.6167,America/Chicago,Philadelphia Eagles,New York Jets,Lincoln Financial Field,MetLife Stadium,Los Angeles Rams,Philadelphia Eagles,Lambeau Field,Soldier Field,184,0,-184,184,0.0,0.0,America/New_York,America/New_York,1.0,1.0,0.0,0.0,0.0,0,3.535,-1.575,3.535,-1.575,Green Bay Packers,5.11,Green Bay Packers,5.11,3.535,-1.575,Green Bay Packers,5.11,0.0,0,No,No,No,No,No,1,No,0.0,0.0,1.303,-5.152,0.83949,-0.3374899999999999,0.83949,-0.3374899999999999,-2.64441,1.18641,-1.40596,-3.90104,Green Bay Packers,1.17698,Green Bay Packers,1.17698,0.83949,-0.3374899999999999,Green Bay Packers,1.17698,Tie,0.0,Green Bay Packers,6.455,0.6515,-2.576,Green Bay Packers,3.2275,Chicago Bears,3.83082,Green Bay Packers,2.49508,-2.025185,-1.357315,Chicago Bears,0.66787,Different,Same,Different,Same,Different,Same,False,Home Team,Away Team,45.0,163.0,-182.0,Green Bay Packers,Chicago Bears,4.0,-4.0,-211,171,117,-142,-3.83082,3.83082,2.49508,-2.49508,0.6454,0.3802,0.369,0.6785,0.5868,0.4608,0.6293,0.3707,0.3523,0.6477,0.5601,0.4399,0.6293,0.3707,0.1293,-0.1293,38.0,12.0,119,12.0,38.0,0.0,nfl_read_py Fallback,False,J.Love,C.Williams,1.18,2.0,14.5,210.2,High,-10.0,11.0,46.85,47.0,13.35473360804881,30.0,64.0,0.4682,0.5304,0.0822,0.0846,0.5454,0.4368,0.5324,0.4456,14,2022-12-04,Green Bay Packers @ Chicago Bears,0.4816,0.518,108,-107,,,,,,,,No Bet,,No Bet,,No Bet,,No Bet,,No Bet,,No Bet,,No Bet,,No Bet,,No Bet,,,,,,,,,,,,,,,,,,,,,,,,,,,,,14,0.11445,-0.225375,Green Bay Packers,Chicago Bears,0,0,0,0,0,0,0,1,0,0,0,1,1,3.0,0.0,,,79.93758830013478,0.9254688221367248,0.1375968468822343,0.0043348885300055,0.011311419147191,0.0113578397309205,0.7620993551811461,0.0192810589227631,0.4489277466481026,0.0001420838428134,0.0002412014089087,0.0095336796041401,0.0056159781173601,0.0058571795262689,1.2110271018292489,0.0306388986536836,0.0003832852517222,0.0151496577215003,135.0,17.0,0.6293,0.3707,0.5627,0.437,0.5214,0.4772,Green Bay Packers,Green Bay Packers,Green Bay Packers,Green Bay Packers,Green Bay Packers,Same,Same,Same,False,False,0.0003832852517222,0.0151496577215003,0.0043348885300055,0.011311419147191,0.0003832852517222,0.0151496577215003,0.0079108725912405,0.0098412640205896,0.5899047919484061,0.9885317234161307,1.621478821078959,0.8605539523242337,0.871196728821713,1.0902637090313958,1.0114081898031968,1.127204555128384,0.9764243042046962,1.032092863070482
2022_13_JAX_DET,2022,14,2022-12-04,13:00,Jacksonville Jaguars,Detroit Lions,Home,Trevor Lawrence,Jared Goff,00-0036971,00-0033106,7,10,-3,3,-2,11,Ford Field,42.3395,-83.045,America/Detroit,False,False,13,13,Sunday,False,False,0,False,False,0,-2,11,AFC South,TIAA Bank Field,30.3239,-81.6554,America/New_York,NFC North,Ford Field,42.3395,-83.045,America/Detroit,Baltimore Ravens,Buffalo Bills,TIAA Bank Field,Ford Field,Tennessee Titans,Minnesota Vikings,Nissan Stadium,Ford Field,833,0,-833,833,0.0,0.0,America/New_York,America/Detroit,0.0,0.0,0.0,0.0,0.0,0,-1.825,4.305,-1.825,4.305,Detroit Lions,6.13,Detroit Lions,6.13,-1.825,4.305,Detroit Lions,6.13,0.0,0,No,No,No,No,No,0,No,0.0,0.0,-2.443,-6.697,-3.105,5.735999999999999,-3.105,5.735999999999999,-1.2799999999999998,1.431,-3.723,-5.266000000000001,Detroit Lions,8.841,Detroit Lions,8.841,-3.105,5.735999999999999,Detroit Lions,8.841,Tie,0.0,Jacksonville Jaguars,4.254,-1.2215,-3.3485,Jacksonville Jaguars,2.127,Detroit Lions,2.711,Jacksonville Jaguars,1.5430000000000006,-2.5015,-1.9175000000000004,Detroit Lions,0.5839999999999996,Different,Different,Same,Different,Different,Same,False,Home Team,Away Team,51.5,-118.0,107.0,Detroit Lions,Jacksonville Jaguars,-1.0,1.0,-142,117,105,-128,-2.711,2.711,1.5430000000000006,-1.5430000000000006,0.4831,0.5413,0.4608,0.5868,0.5614,0.4878,0.4716,0.5284,0.4399,0.5601,0.5351,0.4649,0.4716,0.5284,-0.0284,0.0284,,,120,0.0,70.0,0.0,Dome,True,T.Lawrence,J.Goff,-1.04,-2.0,13.96,194.88,Med-High,-10.0,9.0,57.06,57.0,14.596042096711622,39.0,75.0,0.5316,0.4672,0.0906,0.0892,0.5058,0.4684,0.631,0.369,14,2022-12-04,Jacksonville Jaguars @ Detroit Lions,0.5212,0.4784,-109,109,,,,,,,,No Bet,,No Bet,,No Bet,,No Bet,,No Bet,,No Bet,,No Bet,,No Bet,,No Bet,,,,,,,,,,,,,,,,,,,,,,,,,,,,,14,0.00538,0.0012199999999999,Detroit Lions,Jacksonville Jaguars,0,0,0,0,0,1,1,0,0,0,1,1,0,2.0,2.0,,,79.93758830013478,0.9638055606877696,0.8487860907240804,0.0078516976747381,0.0068829994932658,0.1524795872733758,0.0182202207946088,0.1360888973469418,0.0204146833500239,0.0019074829565895,0.0017024393685231,0.0002279305791187,0.0002553827777912,0.0019578221463143,0.0386349041446327,0.2885684846203176,0.0036099223251126,0.00048331335691,135.0,17.0,0.4716,0.5284,0.4144,0.5852,0.4698,0.5288,Detroit Lions,Detroit Lions,Detroit Lions,Detroit Lions,Detroit Lions,Same,Same,Same,False,False,0.0036099223251126,0.00048331335691,0.0078516976747381,0.0068829994932658,0.0036099223251126,0.00048331335691,0.0114649067049579,0.0118555958327711,0.8333399768489268,0.7450965385156092,1.3880817955350515,1.093950977868143,0.9107154761249324,1.0507449617281754,1.1354840796948695,1.003128665236709,1.0455734681220592,0.9629436991531191
2022_13_CLE_HOU,2022,14,2022-12-04,13:00,Cleveland Browns,Houston Texans,Home,Deshaun Watson,Kyle Allen,00-0033537,00-0034577,7,7,0,0,2,-8,NRG Stadium,29.6847,-95.4093,America/Chicago,False,False,13,13,Sunday,False,False,0,False,False,0,2,-8,AFC North,FirstEnergy Stadium,41.5061,-81.6994,America/New_York,AFC South,NRG Stadium,29.6847,-95.4093,America/Chicago,Tampa Bay Buccaneers,Miami Dolphins,FirstEnergy Stadium,Hard Rock Stadium,Cincinnati Bengals,Dallas Cowboys,Paycor Stadium,AT&T Stadium,1119,0,-1119,1119,1.0,0.0,America/New_York,America/New_York,1.0,1.0,1.0,0.0,1.0,0,-4.705,0.035,-4.705,0.035,Houston Texans,4.74,Houston Texans,4.74,-4.705,0.035,Houston Texans,4.74,0.0,0,No,No,No,No,No,0,No,0.0,0.0,1.172,-6.241,-5.025,-1.027,-5.025,-1.027,-0.32,-1.062,0.852,-7.303,Houston Texans,3.998,Houston Texans,3.998,-5.025,-1.027,Houston Texans,3.998,Tie,0.0,Cleveland Browns,7.412999999999999,0.586,-3.1205,Cleveland Browns,3.7065,Cleveland Browns,0.742,Cleveland Browns,8.155,0.266,-4.1825,Cleveland Browns,4.4485,Different,Different,Different,Different,Different,Same,False,Away Team,Away Team,47.0,280.0,-329.0,Cleveland Browns,Houston Texans,7.5,-7.5,-104,-116,282,-366,0.742,-0.742,8.155,-8.155,0.7669,0.2632,0.537,0.5098,0.7854,0.2618,0.7445,0.2555,0.513,0.487,0.75,0.25,0.7445,0.2555,0.2445,-0.2445,,,121,0.0,70.0,0.0,Dome,True,D.Gabriel,C.Stroud,2.67,4.0,14.33,205.44,High,-8.0,13.0,46.71,46.0,13.16315958248774,30.0,64.0,0.4348,0.5646,0.0804,0.085,0.6122,0.3878,0.4512,0.514,14,2022-12-04,Cleveland Browns @ Houston Texans,0.3568,0.643,180,-180,,,,,,,,No Bet,,No Bet,,No Bet,,No Bet,,No Bet,,No Bet,,No Bet,,No Bet,,No Bet,,,,,,,,,,,,,,,,,,,,,,,,,,,,,14,-0.0063599999999999,-0.2164,Cleveland Browns,Houston Texans,0,0,0,0,1,0,0,1,0,0,1,1,0,2.0,0.0,,,79.93758830013478,0.9862012598849068,0.8650379206571235,0.0045942022319979,0.311488711562017,0.0073509816775634,27.4755678722531,0.0214199837923522,9.429157275165435,9.195901244810328e-05,0.0002679588444916,0.3437127446113704,0.1179564892521224,0.118224448096614,36.90472514741854,0.0287709654699156,0.0003599178569397,0.4616692338634929,135.0,17.0,0.7445,0.2555,0.6673,0.3325,0.621,0.378,Cleveland Browns,Cleveland Browns,Cleveland Browns,Cleveland Browns,Cleveland Browns,Same,Same,Same,False,False,0.0003599178569397,0.4616692338634929,0.0045942022319979,0.311488711562017,0.0003599178569397,0.4616692338634929,0.0083328473830845,0.2084702028755014,0.5943754524871901,0.9840610628773467,1.6715791235968434,0.8104536498063503,0.7959435771465043,1.1655168607066022,1.290794494304313,0.8478182506272656,1.0524589324709255,0.9560582348042541
2022_13_NYJ_MIN,2022,14,2022-12-04,13:00,New York Jets,Minnesota Vikings,Home,Mike White,Kirk Cousins,00-0034401,00-0029604,7,10,-3,3,-7,6,U.S. Bank Stadium,44.9738,-93.2575,America/Chicago,False,False,13,13,Sunday,False,False,0,False,False,0,-7,6,AFC East,MetLife Stadium,40.8136,-74.0744,America/New_York,NFC North,U.S. Bank Stadium,44.9738,-93.2575,America/Chicago,Chicago Bears,New England Patriots,MetLife Stadium,U.S. Bank Stadium,Buffalo Bills,Detroit Lions,Highmark Stadium,Ford Field,1009,0,-1009,1009,1.0,0.0,America/New_York,America/Chicago,1.0,0.0,1.0,0.0,1.0,0,-3.725,0.27,-3.725,0.27,Minnesota Vikings,3.995,Minnesota Vikings,3.995,-3.725,0.27,Minnesota Vikings,3.995,0.0,0,No,No,No,No,No,0,No,0.0,0.0,-6.163,-1.753,-3.7825,2.716,-3.7825,2.716,-0.0574999999999999,2.446,-6.2205,0.6930000000000001,Minnesota Vikings,6.4985,Minnesota Vikings,6.4985,-3.7825,2.716,Minnesota Vikings,6.4985,Tie,0.0,Minnesota Vikings,4.41,-3.0815,-0.8765,Minnesota Vikings,2.205,Minnesota Vikings,2.5035000000000003,Minnesota Vikings,6.913499999999999,-3.139,1.5695,Minnesota Vikings,4.7085,Different,Same,Same,Same,Different,Same,False,Home Team,Home Team,44.0,-146.0,132.0,Minnesota Vikings,New York Jets,-3.0,3.0,-142,117,-319,249,-2.5035000000000003,2.5035000000000003,-6.913499999999999,6.913499999999999,0.431,0.5935,0.4608,0.5868,0.2865,0.7613,0.4207,0.5793,0.4399,0.5601,0.2734,0.7266,0.4207,0.5793,-0.0793,0.0793,,,122,0.0,70.0,0.0,Dome,True,J.Fields,C.Wentz,-0.25,-1.0,13.86,192.14,Med-High,-10.0,10.0,47.31,47.0,13.051413667482306,31.0,64.0,0.5022,0.497,0.0894,0.0874,0.4298,0.528,0.565,0.413,14,2022-12-04,New York Jets @ Minnesota Vikings,0.592,0.4077,-145,145,,,,,,,,No Bet,,No Bet,,No Bet,,No Bet,,No Bet,,No Bet,,No Bet,,No Bet,,No Bet,,,,,,,,,,,,,,,,,,,,,,,,,,,,,14,-0.0578599999999999,0.06628,Minnesota Vikings,New York Jets,0,0,0,0,1,1,0,0,0,0,1,1,0,1.5,2.5,,,79.93758830013478,0.4412335647178416,0.7661503683411743,0.0087424671796304,0.0039712827508782,0.2305034790159942,0.0038852232121923,0.167396536547607,0.0053499163461445,0.0028835430730101,0.0020940904036171,4.86032077625965e-05,6.692616652453565e-05,0.0021610165701416,0.0092351395583369,0.3979000155636012,0.0049776334766272,0.0001155293742871,135.0,17.0,0.4207,0.5793,0.4067,0.5931,0.5568,0.4424,Minnesota Vikings,New York Jets,Minnesota Vikings,Minnesota Vikings,Minnesota Vikings,Same,Different,Same,False,False,0.0049776334766272,0.0001155293742871,0.0087424671796304,0.0039712827508782,0.0049776334766272,0.0001155293742871,0.0120282155313473,0.0075031161731137,0.9109825954459277,0.6674539199186099,1.379798938391902,1.102233835011293,1.4205707069610995,0.5408897308920106,1.0670785225860677,1.0715342223455102,1.182990970766365,0.8255261965088151
2022_13_WAS_NYG,2022,14,2022-12-04,13:00,Washington Commanders,New York Giants,Home,Taylor Heinicke,Daniel Jones,00-0031800,00-0035710,7,10,-3,3,-2,6,MetLife Stadium,40.8136,-74.0744,America/New_York,False,False,13,13,Sunday,False,False,0,False,False,0,-2,6,NFC East,FedExField,38.9077,-76.8645,America/New_York,NFC East,MetLife Stadium,40.8136,-74.0744,America/New_York,Atlanta Falcons,Dallas Cowboys,FedExField,AT&T Stadium,New York Giants,Philadelphia Eagles,FedExField,MetLife Stadium,198,0,-198,198,0.0,0.0,America/New_York,America/Chicago,0.0,-1.0,0.0,0.0,0.0,0,1.45,-2.84,1.45,-2.84,Washington Commanders,4.29,Washington Commanders,4.29,1.45,-2.84,Washington Commanders,4.29,0.0,0,No,No,No,No,No,1,No,0.0,0.0,-7.066,-5.233,0.6723450000000001,-2.3318449999999995,0.6723450000000001,-2.3318449999999995,-0.7347549999999999,0.465255,-7.782424999999999,-4.786075,Washington Commanders,3.0041899999999995,Washington Commanders,3.0041899999999995,0.6723450000000001,-2.3318449999999995,Washington Commanders,3.0041899999999995,Tie,0.0,New York Giants,1.833,-3.533,-2.6165,New York Giants,0.9165,New York Giants,1.20001,New York Giants,2.9963499999999987,-4.25859,-2.16041,New York Giants,2.09818,Different,Different,Different,Different,Different,Same,False,Home Team,Home Team,40.0,113.0,-124.0,Washington Commanders,New York Giants,2.5,-2.5,-122,101,-164,135,-1.20001,1.20001,-2.9963499999999987,2.9963499999999987,0.5536,0.4695,0.4975,0.5495,0.4255,0.6212,0.5411,0.4589,0.4752,0.5248,0.4065,0.5935,0.5411,0.4589,0.0411,-0.0411,40.0,9.0,123,9.0,40.0,0.0,nfl_read_py Fallback,False,J.Daniels,J.Dart,2.64,4.0,12.74,162.18,Med-Low,-7.0,11.0,41.12,40.0,12.369365044266406,26.0,57.0,0.4118,0.5872,0.0992,0.0922,0.4472,0.5528,0.499,0.4646,14,2022-12-04,Washington Commanders @ New York Giants,0.4972,0.5025,101,-101,,,,,,,,No Bet,,No Bet,,No Bet,,No Bet,,No Bet,,No Bet,,No Bet,,No Bet,,No Bet,,,,,,,,,,,,,,,,,,,,,,,,,,,,,14,-0.0692,-0.15372,Washington Commanders,New York Giants,0,0,0,0,0,0,1,1,0,0,1,1,1,1.5,0.5,,,79.93758830013478,0.7785776035122872,0.9223275079514892,0.0064269363340867,0.0127258553766804,0.0240284604239984,0.3476787317083305,0.0283325341804871,0.2948618924061224,0.0003005902596633,0.0003544331869771,0.0043493772967346,0.0036886513425827,0.0040430845295599,0.642540624114453,0.0523609946044856,0.0006550234466405,0.0080380286393174,135.0,17.0,0.5411,0.4589,0.507,0.4923,0.401,0.5962,Washington Commanders,New York Giants,Washington Commanders,Washington Commanders,Washington Commanders,Same,Different,Same,False,False,0.0006550234466405,0.0080380286393174,0.0064269363340867,0.0127258553766804,0.0006550234466405,0.0080380286393174,0.0110335153749334,0.016417515651135,0.728922560369371,0.8495139549951661,1.3163811653861872,1.1656516080170043,1.1714591872080442,0.7900012506450655,0.8895828450088645,1.2490298999227147,1.0068760262034204,1.0016411410717598
2022_13_TEN_PHI,2022,14,2022-12-04,13:00,Tennessee Titans,Philadelphia Eagles,Home,Ryan Tannehill,Jalen Hurts,00-0029701,00-0036389,7,7,0,0,-8,5,Lincoln Financial Field,39.9008,-75.1675,America/New_York,False,False,13,13,Sunday,False,False,0,False,False,0,-8,5,AFC South,Nissan Stadium,36.1664,-86.7716,America/Chicago,NFC East,Lincoln Financial Field,39.9008,-75.1675,America/New_York,Cincinnati Bengals,Green Bay Packers,Nissan Stadium,Lincoln Financial Field,Jacksonville Jaguars,New York Giants,Nissan Stadium,MetLife Stadium,681,0,-681,681,-1.0,0.0,America/Chicago,America/New_York,-1.0,0.0,-1.0,0.0,-1.0,0,-4.36,4.905,-4.36,4.905,Philadelphia Eagles,9.265,Philadelphia Eagles,9.265,-4.36,4.905,Philadelphia Eagles,9.265,0.0,0,No,No,No,No,No,0,No,0.0,0.0,0.3,3.065,-5.027000000000001,6.043,-5.027000000000001,6.043,-0.667,1.138,-0.367,4.203,Philadelphia Eagles,11.07,Philadelphia Eagles,11.07,-5.027000000000001,6.043,Philadelphia Eagles,11.07,Tie,0.0,Philadelphia Eagles,2.765,0.15,1.5325,Philadelphia Eagles,1.3825,Philadelphia Eagles,1.805,Philadelphia Eagles,4.57,-0.517,2.6705,Philadelphia Eagles,3.1875,Different,Same,Same,Same,Different,Same,False,Home Team,Home Team,44.5,-213.0,189.0,Philadelphia Eagles,Tennessee Titans,-5.0,5.0,-131,108,-224,181,-1.805,1.805,-4.57,4.57,0.346,0.6805,0.4808,0.5671,0.3559,0.6914,0.3371,0.6629,0.4588,0.5412,0.3398,0.6602,0.3371,0.6629,-0.1629,0.1629,60.0,7.0,124,7.0,60.0,0.0,nfl_read_py Fallback,False,C.Ward,J.Hurts,-15.64,-16.0,13.58,184.41,Med-High,-24.0,-7.0,46.45,46.0,13.14540069042638,30.0,64.0,0.8738,0.1258,0.0504,0.0418,0.7848,0.1966,0.5406,0.4594,14,2022-12-04,Tennessee Titans @ Philadelphia Eagles,0.6845,0.3154,-217,217,,,,,,,,No Bet,,No Bet,,No Bet,,No Bet,,No Bet,,No Bet,,No Bet,,No Bet,,No Bet,,,,,,,,,,,,,,,,,,,,,,,,,,,,,14,-0.08544,0.18468,Philadelphia Eagles,Tennessee Titans,0,0,0,0,1,0,0,1,0,0,1,1,0,1.5,4.0,,,79.93758830013478,0.0114215289587497,0.9631725186546852,0.0204638368806138,0.0043766725638791,0.6052339840683412,0.0010568097051417,0.3077754955942642,0.0020781938698856,0.0075713315467552,0.0038501974119945,1.3220435187184051e-05,2.599770538589233e-05,0.0038761951173804,0.0031350035750273,0.9130094796626054,0.0114215289587497,3.921814057307639e-05,135.0,17.0,0.3371,0.6629,0.3568,0.6431,0.1124,0.8874,Philadelphia Eagles,Philadelphia Eagles,Philadelphia Eagles,Philadelphia Eagles,Philadelphia Eagles,Same,Same,Same,False,False,0.0114215289587497,3.921814057307639e-05,0.0204638368806138,0.0043766725638791,0.0114215289587497,3.921814057307639e-05,0.0265117462938075,0.0081871442134298,1.0357107335429494,0.5427257818215868,1.308001275684695,1.1740314977184974,1.27718989361663,0.6842705442364764,1.8579417379866758,0.2806710069449052,1.3562766162720519,0.6522405510031232
2022_13_SEA_LA,2022,14,2022-12-04,16:05,Seattle Seahawks,Los Angeles Rams,Home,Geno Smith,John Wolford,00-0030565,00-0034899,7,7,0,0,7,6,SoFi Stadium,33.9535,-118.3395,America/Los_Angeles,False,False,13,13,Sunday,False,False,0,False,False,0,7,6,NFC West,Lumen Field,47.5952,-122.3316,America/Los_Angeles,NFC West,SoFi Stadium,33.9535,-118.3395,America/Los_Angeles,Las Vegas Raiders,Kansas City Chiefs,Lumen Field,GEHA Field at Arrowhead Stadium,Carolina Panthers,Las Vegas Raiders,Lumen Field,SoFi Stadium,964,0,-964,964,0.0,0.0,America/Los_Angeles,America/Chicago,0.0,2.0,0.0,0.0,0.0,0,-0.13,1.29,-0.13,1.29,Los Angeles Rams,1.42,Los Angeles Rams,1.42,-0.13,1.29,Los Angeles Rams,1.42,0.0,0,No,No,No,No,No,1,No,0.0,0.0,-1.539,6.103,0.3046,1.0984,0.3046,1.0984,0.4204,-0.1773999999999999,-1.04218,5.84918,Los Angeles Rams,0.7938000000000001,Los Angeles Rams,0.7938000000000001,0.3046,1.0984,Los Angeles Rams,0.7938000000000001,Tie,0.0,Los Angeles Rams,7.641999999999999,-0.7695,3.0515,Los Angeles Rams,3.821,Seattle Seahawks,0.5978,Los Angeles Rams,6.89136,-0.3108899999999999,2.83589,Los Angeles Rams,3.14678,Different,Same,Different,Same,Different,Same,False,Away Team,Home Team,41.0,252.0,-292.0,Seattle Seahawks,Los Angeles Rams,7.0,-7.0,-104,-116,-319,249,0.5978,-0.5978,-6.89136,6.89136,0.7449,0.2841,0.537,0.5098,0.2865,0.7613,0.7239,0.2761,0.513,0.487,0.2734,0.7266,0.7239,0.2761,0.2239,-0.2239,,,125,0.0,70.0,0.0,Dome,True,S.Darnold,M.Stafford,-4.58,-6.0,13.97,195.26,High,-14.0,6.0,48.33,48.0,13.077210973650685,32.0,65.0,0.6358,0.3632,0.0804,0.079,0.7598,0.2102,0.694,0.2858,14,2022-12-04,Seattle Seahawks @ Los Angeles Rams,0.5314,0.4684,-113,113,,,,,,,,No Bet,,No Bet,,No Bet,,No Bet,,No Bet,,No Bet,,No Bet,,No Bet,,No Bet,,,,,,,,,,,,,,,,,,,,,,,,,,,,,14,-0.01998,-0.19694,Seattle Seahawks,Los Angeles Rams,0,0,0,0,0,0,1,0,0,0,1,0,1,2.0,0.5,,,79.93758830013478,0.3508745763767266,0.9555965513397864,0.0015575111911406,0.2085866527559905,0.001191973438496,20.44072373118516,0.0031252067081756,7.796220226799589,1.4911300976715452e-05,3.9095584125477416e-05,0.2557085366953796,0.0975288395933061,0.0975679351774315,28.236943957984742,0.0043171801466717,5.400688510219287e-05,0.3532373762886857,135.0,17.0,0.7239,0.2761,0.4976,0.5023,0.43,0.5694,Seattle Seahawks,Los Angeles Rams,Los Angeles Rams,Los Angeles Rams,Los Angeles Rams,Same,Same,Same,False,False,5.400688510219287e-05,0.3532373762886857,0.0015575111911406,0.2085866527559905,5.400688510219287e-05,0.3532373762886857,0.0037460241345628,0.1130598591501362,0.5686551761205814,1.0097813392439565,1.5636393139078717,0.9183934594953235,1.569651989265638,0.39180844858747726,1.570227353852673,0.5683853910789143,1.2888994945019465,0.7196176727732359
2022_13_MIA_SF,2022,14,2022-12-04,16:05,Miami Dolphins,San Francisco 49ers,Home,Tua Tagovailoa,Jimmy Garoppolo,00-0036212,00-0031345,7,7,0,0,5,-1,Levi's Stadium,37.4031,-121.9702,America/Los_Angeles,False,False,13,13,Sunday,False,False,0,False,False,0,5,-1,AFC East,Hard Rock Stadium,25.9602,-80.2384,America/New_York,NFC West,Levi's Stadium,37.4031,-121.9702,America/Los_Angeles,Houston Texans,New Orleans Saints,Hard Rock Stadium,Levi's Stadium,Los Angeles Chargers,Tampa Bay Buccaneers,SoFi Stadium,Levi's Stadium,2553,0,-2553,2553,3.0,0.0,America/New_York,America/Los_Angeles,3.0,0.0,3.0,0.0,3.0,0,0.66,3.325,0.66,3.325,San Francisco 49ers,2.665,San Francisco 49ers,2.665,0.66,3.325,San Francisco 49ers,2.665,-0.2249999999999999,0,No,No,No,No,No,0,No,0.0,0.0,1.001,4.436,-0.3695,3.82,-0.3695,3.82,-1.0295,0.495,-0.0285000000000001,4.931,San Francisco 49ers,4.189500000000001,San Francisco 49ers,4.189500000000001,-0.3695,3.82,San Francisco 49ers,4.189500000000001,Tie,0.0,San Francisco 49ers,3.435,0.5005,2.218,San Francisco 49ers,1.7175,San Francisco 49ers,1.5245000000000002,San Francisco 49ers,4.9595,-0.5290000000000001,2.713,San Francisco 49ers,3.242,Different,Same,Same,Same,Different,Same,False,Home Team,Home Team,46.0,-222.0,196.0,San Francisco 49ers,Miami Dolphins,-4.5,4.5,-128,105,-234,188,-1.5245000000000002,1.5245000000000002,-4.9595,4.9595,0.3378,0.6894,0.4878,0.5614,0.3472,0.7006,0.3289,0.6711,0.4649,0.5351,0.3314,0.6686,0.3289,0.6711,-0.1711,0.1711,38.0,6.0,126,6.0,38.0,0.0,nfl_read_py Fallback,False,T.Tagovailoa,M.Jones,-8.84,-10.0,13.22,174.87,Medium,-17.0,-1.0,52.25,52.0,13.873023693387086,35.0,70.0,0.7548,0.2446,0.0704,0.0736,0.4532,0.5468,0.6554,0.3446,14,2022-12-04,Miami Dolphins @ San Francisco 49ers,0.6574,0.3424,-192,192,,,,,,,,No Bet,,No Bet,,No Bet,,No Bet,,No Bet,,No Bet,,No Bet,,No Bet,,No Bet,,,,,,,,,,,,,,,,,,,,,,,,,,,,,14,0.00856,0.2307999999999999,San Francisco 49ers,Miami Dolphins,0,0,0,0,0,1,0,0,0,0,0,1,0,2.0,4.5,,,79.93758830013478,0.2336259643418627,0.2309826426775482,0.053257461286565,0.0018252072554728,3.0498593025298257,0.0008939463884195,1.494708276861957,0.001824042022707,0.0381530062062765,0.0186984409793538,1.1183054273079874e-05,2.2818326915974164e-05,0.0187212593062698,0.0027179884111265,4.544567579391782,0.0568514471856304,3.400138118905404e-05,135.0,17.0,0.3289,0.6711,0.3922,0.6076,0.354,0.6454,San Francisco 49ers,San Francisco 49ers,San Francisco 49ers,San Francisco 49ers,San Francisco 49ers,Same,Same,Same,False,False,0.0568514471856304,3.400138118905404e-05,0.053257461286565,0.0018252072554728,0.0568514471856304,3.400138118905404e-05,0.0502625481133663,0.0041791194288623,1.0249967707993604,0.5534397445651766,1.2179994956053188,1.2640332777978738,1.253970468171006,0.7074899696821041,1.5543685751905514,0.5842441697410341,1.2575032178948173,0.7510139493803617
2022_13_KC_CIN,2022,14,2022-12-04,16:25,Kansas City Chiefs,Cincinnati Bengals,Home,Patrick Mahomes,Joe Burrow,00-0033873,00-0036442,7,7,0,0,9,6,Paycor Stadium,39.0955,-84.5165,America/New_York,False,False,13,13,Sunday,False,False,0,False,False,0,9,6,AFC West,GEHA Field at Arrowhead Stadium,39.0489,-94.4839,America/Chicago,AFC North,Paycor Stadium,39.0955,-84.5165,America/New_York,Los Angeles Rams,Tennessee Titans,GEHA Field at Arrowhead Stadium,Nissan Stadium,Denver Broncos,Cleveland Browns,Empower Field at Mile High,Paycor Stadium,534,0,-534,534,-1.0,0.0,America/Chicago,America/Chicago,-1.0,-1.0,-1.0,0.0,-1.0,0,4.395,1.31,4.395,1.31,Kansas City Chiefs,3.0849999999999995,Kansas City Chiefs,3.0849999999999995,4.395,1.31,Kansas City Chiefs,3.0849999999999995,0.0,0,No,No,No,No,No,0,No,0.0,0.0,8.203,2.648,4.8195,1.347,4.8195,1.347,0.4245,0.037,8.6275,2.6850000000000005,Kansas City Chiefs,3.4725,Kansas City Chiefs,3.4725,4.8195,1.347,Kansas City Chiefs,3.4725,Tie,0.0,Kansas City Chiefs,5.555,4.1015,1.324,Kansas City Chiefs,2.7775,Kansas City Chiefs,0.3874999999999999,Kansas City Chiefs,5.942499999999999,4.526,1.3610000000000002,Kansas City Chiefs,3.165,Different,Same,Same,Same,Different,Same,False,Away Team,Away Team,53.0,120.0,-132.0,Kansas City Chiefs,Cincinnati Bengals,2.5,-2.5,-104,-116,208,-261,0.3874999999999999,-0.3874999999999999,5.942499999999999,-5.942499999999999,0.569,0.4545,0.537,0.5098,0.723,0.3247,0.5559,0.4441,0.513,0.487,0.6901,0.3099,0.5559,0.4441,0.0559,-0.0559,57.0,2.0,127,2.0,57.0,0.0,nfl_read_py Fallback,False,P.Mahomes,J.Browning,12.26,13.0,13.37,178.74,Medium,4.0,21.0,52.65,52.0,13.537823072071305,36.0,70.0,0.1774,0.8226,0.0588,0.064,0.2048,0.7952,0.4618,0.5002,14,2022-12-04,Kansas City Chiefs @ Cincinnati Bengals,0.3546,0.6454,182,-182,,,,,,,,No Bet,,No Bet,,No Bet,,No Bet,,No Bet,,No Bet,,No Bet,,No Bet,,No Bet,,,,,,,,,,,,,,,,,,,,,,,,,,,,,14,0.3100199999999999,0.170325,Kansas City Chiefs,Cincinnati Bengals,0,0,0,0,1,1,0,0,0,0,1,1,0,5.0,3.5,,,79.93758830013478,0.3481923021563098,0.1078073884248107,0.0016521720033185,0.0136877605707841,0.0039427269637016,0.1787074198112515,0.0049352891671284,0.1427666219431135,4.932256586098438e-05,6.17392802569719e-05,0.0022355868323206,0.0017859760968404,0.0018477153770974,0.321474041754365,0.0088780161308301,0.0001110618461179,0.0040215629291611,135.0,17.0,0.5559,0.4441,0.5881,0.4118,0.6526,0.3468,Kansas City Chiefs,Kansas City Chiefs,Kansas City Chiefs,Kansas City Chiefs,Kansas City Chiefs,Same,Same,Same,False,False,0.0001110618461179,0.0040215629291611,0.0016521720033185,0.0136877605707841,0.0001110618461179,0.0040215629291611,0.0038599228113425,0.0203879767075137,0.7096940738939532,0.8687424414705839,1.2352187927401135,1.2468139806630785,0.6205145009602872,1.340945936892827,0.38989036351525186,1.7487223814163348,0.7268093684709244,1.2817077988042545
2022_13_LAC_LV,2022,14,2022-12-04,16:25,Los Angeles Chargers,Las Vegas Raiders,Home,Justin Herbert,Derek Carr,00-0036355,00-0031280,7,7,0,0,0,-10,Allegiant Stadium,36.108,-115.1578,America/Los_Angeles,False,True,13,13,Sunday,False,False,0,False,False,0,0,-10,AFC West,SoFi Stadium,33.9535,-118.3395,America/Los_Angeles,AFC West,Allegiant Stadium,36.108,-115.1578,America/Los_Angeles,Arizona Cardinals,Seattle Seahawks,State Farm Stadium,Lumen Field,Miami Dolphins,Los Angeles Rams,SoFi Stadium,SoFi Stadium,233,0,-233,233,0.0,0.0,America/Denver,America/Los_Angeles,1.0,0.0,0.0,0.0,0.0,0,0.935,-2.35,0.935,-2.35,Los Angeles Chargers,3.285,Los Angeles Chargers,3.285,0.935,-2.35,Los Angeles Chargers,3.285,0.0,0,No,No,No,No,No,1,No,0.0,0.0,0.998,0.872,2.219565,-1.155065,2.219565,-1.155065,1.317415,1.162085,2.314155,2.0353450000000004,Los Angeles Chargers,3.37463,Los Angeles Chargers,3.37463,2.219565,-1.155065,Los Angeles Chargers,3.37463,Tie,0.0,Los Angeles Chargers,0.126,0.499,0.436,Los Angeles Chargers,0.063,Los Angeles Chargers,0.1553299999999999,Los Angeles Chargers,0.2788099999999995,1.815785,1.5987150000000003,Los Angeles Chargers,0.2170699999999996,Different,Same,Same,Same,Different,Same,False,Away Team,Away Team,49.0,-139.0,125.0,Las Vegas Raiders,Los Angeles Chargers,-2.5,2.5,-110,-110,-104,-116,0.1553299999999999,-0.1553299999999999,0.2788099999999995,-0.2788099999999995,0.4444,0.5816,0.5238,0.5238,0.537,0.5098,0.4332,0.5668,0.5,0.5,0.513,0.487,0.4332,0.5668,-0.0668,0.0668,,,128,0.0,70.0,0.0,Dome,True,J.Herbert,G.Smith,0.8,2.0,13.84,191.62,Med-High,-10.0,10.0,53.76,53.0,13.917904812681934,36.0,72.0,0.4698,0.5296,0.0896,0.0896,0.4414,0.5586,0.6138,0.3574,14,2022-12-04,Los Angeles Chargers @ Las Vegas Raiders,0.5059,0.494,-102,102,,,,,,,,No Bet,,No Bet,,No Bet,,No Bet,,No Bet,,No Bet,,No Bet,,No Bet,,No Bet,,,,,,,,,,,,,,,,,,,,,,,,,,,,,14,0.02908,-0.07502,Las Vegas Raiders,Los Angeles Chargers,0,0,0,0,0,0,0,1,0,0,0,1,1,2.5,1.5,,,79.93758830013478,0.6921812746547471,0.7649282058142101,0.0323001717624335,0.0036955403059316,1.1219510510802824,0.0018552578226701,0.8574968160338362,0.0024274241317853,0.0140353377545966,0.0107270788907749,2.320882906429868e-05,3.036649195208793e-05,0.010757445382727,0.0042826819544554,1.9794478671141185,0.0247624166453715,5.357532101638661e-05,135.0,17.0,0.4332,0.5668,0.5094,0.4902,0.6176,0.3812,Las Vegas Raiders,Los Angeles Chargers,Los Angeles Chargers,Los Angeles Chargers,Las Vegas Raiders,Same,Same,Different,False,False,0.0247624166453715,5.357532101638661e-05,0.0323001717624335,0.0036955403059316,0.0247624166453715,5.357532101638661e-05,0.0369547985829535,0.0071075333005101,0.8740024610169761,0.7044340543475605,1.1789030192896515,1.3031297541135334,0.920902565711833,1.0405578721412845,0.9638311351205774,1.174781609811011,0.9789105673261701,1.0296065999490092
2022_13_IND_DAL,2022,14,2022-12-04,20:20,Indianapolis Colts,Dallas Cowboys,Home,Matt Ryan,Dak Prescott,00-0026143,00-0033077,6,10,-4,4,-10,5,AT&T Stadium,32.7369,-97.0826,America/Chicago,False,False,13,13,Sunday,False,False,0,False,False,0,-10,5,AFC South,Lucas Oil Stadium,39.7601,-86.1638,America/Indiana/Indianapolis,NFC East,AT&T Stadium,32.7369,-97.0826,America/Chicago,Pittsburgh Steelers,New York Giants,Lucas Oil Stadium,AT&T Stadium,Minnesota Vikings,Houston Texans,U.S. Bank Stadium,AT&T Stadium,777,0,-777,777,1.0,0.0,America/Indiana/Indianapolis,America/Chicago,1.0,0.0,1.0,0.0,1.0,0,-2.265,-0.615,-2.265,-0.615,Dallas Cowboys,1.65,Dallas Cowboys,1.65,-2.265,-0.615,Dallas Cowboys,1.65,0.0,0,No,No,No,No,Yes,0,No,0.0,0.0,-1.583,2.647,-4.460999999999999,-1.735,-4.460999999999999,-1.735,-2.196,-1.12,-3.779,1.5269999999999997,Dallas Cowboys,2.7259999999999995,Dallas Cowboys,2.7259999999999995,-4.460999999999999,-1.735,Dallas Cowboys,2.7259999999999995,Tie,0.0,Dallas Cowboys,4.23,-0.7915,1.3235,Dallas Cowboys,2.115,Dallas Cowboys,1.0759999999999998,Dallas Cowboys,5.305999999999999,-2.9875,0.2034999999999999,Dallas Cowboys,3.191,Different,Same,Same,Same,Different,Same,False,Home Team,Home Team,44.5,-460.0,376.0,Dallas Cowboys,Indianapolis Colts,-11.0,11.0,-122,101,-244,195,-1.0759999999999998,1.0759999999999998,-5.305999999999999,5.305999999999999,0.2101,0.8214,0.4975,0.5495,0.339,0.7093,0.2037,0.7963,0.4752,0.5248,0.3234,0.6766,0.2037,0.7963,-0.2963,0.2963,,,129,0.0,70.0,0.0,Dome,True,D.Jones,D.Prescott,-9.4,-10.0,13.97,195.05,High,-19.0,-1.0,50.25,50.0,13.698941899352386,33.0,68.0,0.7508,0.2492,0.0692,0.0664,0.4526,0.5252,0.6398,0.3602,14,2022-12-04,Indianapolis Colts @ Dallas Cowboys,0.6871,0.3129,-220,220,,,,,,,,No Bet,,No Bet,,No Bet,,No Bet,,No Bet,,No Bet,,No Bet,,No Bet,,No Bet,,,,,,,,,,,,,,,,,,,,,,,,,,,,,14,-0.0935,0.25688,Dallas Cowboys,Indianapolis Colts,0,0,0,0,0,1,0,0,0,0,0,1,0,1.0,4.5,,,79.93758830013478,0.0,0.9674047500581602,0.1387872914162193,0.0043092743206982,0.0,0.0008592096390504,0.0,0.0033588052801958,0.0,0.0,1.074850589467954e-05,4.201784606741933e-05,4.201784606741933e-05,0.0042180149192462,0.0,0.0,5.276635196209887e-05,135.0,17.0,0.2037,0.7963,0.3464,0.6536,0.2418,0.758,Dallas Cowboys,Dallas Cowboys,Dallas Cowboys,Dallas Cowboys,Dallas Cowboys,Same,Same,Same,False,False,0.0,5.276635196209887e-05,0.1387872914162193,0.0043092743206982,0.0,5.276635196209887e-05,0.2195211905401358,0.008072893862652,1.1834356101810202,0.39500090518351794,1.045141426564912,1.4368913468382745,1.1775449847563904,0.7839154530967198,1.4401448506706878,0.698467894260893,1.220318006256737,0.7881991610184474
2022_13_NO_TB,2022,14,2022-12-05,20:15,New Orleans Saints,Tampa Bay Buccaneers,Home,Andy Dalton,Tom Brady,00-0027973,00-0019596,8,8,0,0,-7,10,Raymond James Stadium,27.9759,-82.5033,America/New_York,False,True,13,13,Monday,False,False,0,False,False,0,-7,10,NFC South,Caesars Superdome,29.9507,-90.0813,America/Chicago,NFC South,Raymond James Stadium,27.9759,-82.5033,America/New_York,San Francisco 49ers,Cleveland Browns,Levi's Stadium,FirstEnergy Stadium,Atlanta Falcons,San Francisco 49ers,Caesars Superdome,Levi's Stadium,478,0,-478,478,-1.0,0.0,America/Los_Angeles,America/New_York,-3.0,0.0,-1.0,0.0,-1.0,0,-6.145,1.025,-6.145,1.025,Tampa Bay Buccaneers,7.17,Tampa Bay Buccaneers,7.17,-6.145,1.025,Tampa Bay Buccaneers,7.17,0.0,0,No,No,No,No,No,1,No,0.0,0.0,-1.222,3.401,-7.0649,0.4418999999999999,-7.0649,0.4418999999999999,-0.9916,-0.5114,-2.16737,2.84337,Tampa Bay Buccaneers,7.5068,Tampa Bay Buccaneers,7.5068,-7.0649,0.4418999999999999,Tampa Bay Buccaneers,7.5068,Tie,0.0,Tampa Bay Buccaneers,4.622999999999999,-0.611,1.7005,Tampa Bay Buccaneers,2.3115,Tampa Bay Buccaneers,0.4802,Tampa Bay Buccaneers,5.01074,-1.579485,1.1659849999999998,Tampa Bay Buccaneers,2.74547,Different,Same,Same,Same,Different,Same,False,Home Team,Home Team,41.0,-190.0,169.0,Tampa Bay Buccaneers,New Orleans Saints,-3.5,3.5,-116,-104,-234,188,-0.4802,0.4802,-5.01074,5.01074,0.3717,0.6552,0.5098,0.537,0.3472,0.7006,0.362,0.638,0.487,0.513,0.3314,0.6686,0.362,0.638,-0.138,0.138,69.0,2.0,130,2.0,69.0,0.0,nfl_read_py Fallback,False,S.Rattler,B.Mayfield,1.68,3.0,12.87,165.52,Med-Low,-7.0,10.0,39.71,39.0,12.52592654326032,24.0,56.0,0.4484,0.5484,0.1016,0.089,0.3552,0.6448,0.4264,0.5454,14,2022-12-05,New Orleans Saints @ Tampa Bay Buccaneers,0.567,0.4322,-131,131,,,,,,,,No Bet,,No Bet,,No Bet,,No Bet,,No Bet,,No Bet,,No Bet,,No Bet,,No Bet,,,,,,,,,,,,,,,,,,,,,,,,,,,,,14,0.000675,-0.0134999999999999,Tampa Bay Buccaneers,New Orleans Saints,0,0,0,0,0,0,1,0,0,0,1,0,1,2.0,2.0,,,79.93758830013478,0.2493750131551091,0.7840887614757106,0.045776279700821,0.003841626302639,2.36854049327224,0.0130690711373866,1.3439054209475716,0.0230333353194826,0.0296298717992252,0.0168119335287139,0.0001634909360577,0.0002881414839912,0.0171000750127052,0.0361024064568692,3.712445914219811,0.0464418053279392,0.0004516324200489,135.0,17.0,0.362,0.638,0.443,0.5566,0.5238,0.4746,Tampa Bay Buccaneers,New Orleans Saints,Tampa Bay Buccaneers,New Orleans Saints,Tampa Bay Buccaneers,Same,Same,Same,False,False,0.0464418053279392,0.0004516324200489,0.045776279700821,0.003841626302639,0.0464418053279392,0.0004516324200489,0.0448723006924755,0.0070935726021606,0.9781229672975471,0.6003135480669876,1.1830847270674252,1.2989480463357588,1.2647866438864606,0.6966737939666612,0.900346897629268,1.2382658473023063,1.0846784565373573,0.9238387107378233
2022_14_LV_LA,2022,15,2022-12-08,20:15,Las Vegas Raiders,Los Angeles Rams,Home,Derek Carr,Baker Mayfield,00-0031280,00-0034855,4,4,0,0,-10,6,SoFi Stadium,33.9535,-118.3395,America/Los_Angeles,False,False,14,14,Thursday,False,False,0,False,False,0,-10,6,AFC West,Allegiant Stadium,36.108,-115.1578,America/Los_Angeles,NFC West,SoFi Stadium,33.9535,-118.3395,America/Los_Angeles,Los Angeles Chargers,Seattle Seahawks,Allegiant Stadium,SoFi Stadium,New England Patriots,Green Bay Packers,Allegiant Stadium,Lambeau Field,233,0,-233,233,0.0,0.0,America/Los_Angeles,America/Los_Angeles,0.0,0.0,0.0,0.0,0.0,0,-2.35,1.29,-2.35,1.29,Los Angeles Rams,3.64,Los Angeles Rams,3.64,-2.35,1.29,Los Angeles Rams,3.64,0.0,0,No,No,No,No,No,0,No,0.0,0.0,0.872,6.103,-4.5105,1.1065,-4.5105,1.1065,-2.1605,-0.1834999999999999,-1.2885,5.919499999999999,Los Angeles Rams,5.617000000000001,Los Angeles Rams,5.617000000000001,-4.5105,1.1065,Los Angeles Rams,5.617000000000001,Tie,0.0,Los Angeles Rams,5.231,0.436,3.0515,Los Angeles Rams,2.6155,Los Angeles Rams,1.977,Los Angeles Rams,7.207999999999999,-1.7245,2.868,Los Angeles Rams,4.592499999999999,Different,Same,Same,Same,Different,Same,True,Home Team,Home Team,42.5,245.0,-283.0,Las Vegas Raiders,Los Angeles Rams,6.5,-6.5,-131,108,-319,249,-1.977,1.977,-7.207999999999999,7.207999999999999,0.7389,0.2899,0.4808,0.5671,0.2865,0.7613,0.7182,0.2818,0.4588,0.5412,0.2734,0.7266,0.7182,0.2818,0.2182,-0.2182,,,131,0.0,70.0,0.0,Dome,True,G.Smith,M.Stafford,-3.39,-4.0,13.43,180.5,Med-High,-13.0,6.0,51.48,51.0,13.617059466041129,35.0,69.0,0.6,0.3994,0.0872,0.0836,0.752,0.248,0.7404,0.2596,15,2022-12-08,Las Vegas Raiders @ Los Angeles Rams,0.5374,0.4624,-116,116,,,,,,,,No Bet,,No Bet,,No Bet,,No Bet,,No Bet,,No Bet,,No Bet,,No Bet,,No Bet,,,,,,,,,,,,,,,,,,,,,,,,,,,,,15,-0.1483249999999999,-0.191625,Las Vegas Raiders,Los Angeles Rams,0,0,0,0,0,0,1,0,0,0,1,0,0,0.5,0.5,,,57.1052061506445,0.3508537030883026,0.6725341859441213,0.002026327469538,0.3623355132147863,0.0062131712219571,26.763068309030096,0.0158349878339589,10.501020119026292,0.0001088021853133,0.0002772949946487,0.4686624935461868,0.1838890151508152,0.184166310145464,37.26408842805639,0.0220481590559161,0.000386097179962,0.6525515086970021,93.0,42.0,0.7182,0.2818,0.4591,0.5407,0.2948,0.7044,Las Vegas Raiders,Los Angeles Rams,Los Angeles Rams,Los Angeles Rams,Los Angeles Rams,Same,Same,Same,False,False,0.000386097179962,0.6525515086970021,0.002026327469538,0.3623355132147863,0.000386097179962,0.6525515086970021,0.0044798046176842,0.1718269374051537,0.6558458315271778,0.896951870784447,1.9621811505680389,0.691609822262737,1.7617898987795717,0.34901204981835077,1.465473744483981,0.511811387835626,1.415064404405678,0.6117809437508802
2022_14_NYJ_BUF,2022,15,2022-12-11,13:00,New York Jets,Buffalo Bills,Home,Mike White,Josh Allen,00-0034401,00-0034857,7,10,-3,3,-10,13,Highmark Stadium,42.7725,-78.7877,America/New_York,False,True,14,14,Sunday,False,False,0,False,False,0,-10,13,AFC East,MetLife Stadium,40.8136,-74.0744,America/New_York,AFC East,Highmark Stadium,42.7725,-78.7877,America/New_York,Minnesota Vikings,New England Patriots,U.S. Bank Stadium,Gillette Stadium,Detroit Lions,Miami Dolphins,MetLife Stadium,Highmark Stadium,278,0,-278,278,0.0,0.0,America/Chicago,America/New_York,-1.0,0.0,0.0,0.0,0.0,0,-3.725,4.795,-3.725,4.795,Buffalo Bills,8.52,Buffalo Bills,8.52,-3.725,4.795,Buffalo Bills,8.52,0.0,0,No,No,No,No,No,1,No,0.0,0.0,-6.163,11.21,-3.90691,5.95091,-3.90691,5.95091,-0.2671099999999999,1.24111,-6.25638,12.27738,Buffalo Bills,9.85782,Buffalo Bills,9.85782,-3.90691,5.95091,Buffalo Bills,9.85782,Tie,0.0,Buffalo Bills,17.373,-3.0815,5.605,Buffalo Bills,8.6865,Buffalo Bills,1.50822,Buffalo Bills,18.53376,-3.261745,6.759245,Buffalo Bills,10.02099,Different,Same,Same,Same,Different,Same,False,Home Team,Home Team,43.5,-398.0,332.0,Buffalo Bills,New York Jets,-10.0,10.0,-128,105,-2590,1079,-1.50822,1.50822,-18.53376,18.53376,0.2315,0.7992,0.4878,0.5614,0.0848,0.9628,0.2246,0.7754,0.4649,0.5351,0.081,0.919,0.2246,0.7754,-0.2754,0.2754,36.0,11.0,132,11.0,36.0,0.0,nfl_read_py Fallback,False,J.Fields,J.Allen,-10.84,-12.0,13.91,193.42,Med-High,-20.0,-3.0,48.07,47.0,13.595696364362013,32.0,66.0,0.7856,0.2136,0.0594,0.066,0.527,0.428,0.6096,0.3904,15,2022-12-11,New York Jets @ Buffalo Bills,0.7538,0.246,-306,307,,,,,,,,No Bet,,No Bet,,No Bet,,No Bet,,No Bet,,No Bet,,No Bet,,No Bet,,No Bet,,,,,,,,,,,,,,,,,,,,,,,,,,,,,15,-0.0034749999999999,0.2549666666666666,Buffalo Bills,New York Jets,0,0,0,0,1,1,0,0,0,0,1,1,1,2.0,4.5,,,57.1052061506445,0.0,0.7660823321064054,0.124444217674121,0.0046150549558831,0.0,0.0006559388059838,0.0,0.0022645367326796,0.0,0.0,1.1486497470185784e-05,3.9655521542217534e-05,3.9655521542217534e-05,0.0029204755386634,0.0,0.0,5.114201901240332e-05,93.0,42.0,0.2246,0.7754,0.2368,0.7631,0.2156,0.784,Buffalo Bills,Buffalo Bills,Buffalo Bills,Buffalo Bills,Buffalo Bills,Same,Same,Same,False,False,0.0,5.114201901240332e-05,0.124444217674121,0.0046150549558831,0.0,5.114201901240332e-05,0.1971878783618152,0.0087549416021493,1.139453962259022,0.4133437400526043,1.1559761655564644,1.4978148072743092,1.8805759970710016,0.23022595152692618,1.448221505941917,0.5290636263776857,1.4029952719856986,0.6238500761708593
2022_14_CLE_CIN,2022,15,2022-12-11,13:00,Cleveland Browns,Cincinnati Bengals,Home,Deshaun Watson,Joe Burrow,00-0033537,00-0036442,7,7,0,0,2,6,Paycor Stadium,39.0955,-84.5165,America/New_York,False,True,14,14,Sunday,False,False,0,False,False,0,2,6,AFC North,FirstEnergy Stadium,41.5061,-81.6994,America/New_York,AFC North,Paycor Stadium,39.0955,-84.5165,America/New_York,Houston Texans,Kansas City Chiefs,NRG Stadium,Paycor Stadium,Baltimore Ravens,Tampa Bay Buccaneers,FirstEnergy Stadium,Raymond James Stadium,223,0,-223,223,0.0,0.0,America/Chicago,America/New_York,-1.0,0.0,0.0,0.0,0.0,0,-4.705,1.31,-4.705,1.31,Cincinnati Bengals,6.015000000000001,Cincinnati Bengals,6.015000000000001,-4.705,1.31,Cincinnati Bengals,6.015000000000001,0.0,0,No,No,No,No,No,1,No,0.0,0.0,1.172,2.648,-5.0355300000000005,1.28253,-5.0355300000000005,1.28253,-0.39068,0.03268,0.79608,2.6659200000000003,Cincinnati Bengals,6.318060000000001,Cincinnati Bengals,6.318060000000001,-5.0355300000000005,1.28253,Cincinnati Bengals,6.318060000000001,Tie,0.0,Cincinnati Bengals,1.4760000000000002,0.586,1.324,Cincinnati Bengals,0.7380000000000001,Cincinnati Bengals,0.42336,Cincinnati Bengals,1.8698400000000004,0.2027,1.3493000000000002,Cincinnati Bengals,1.1466000000000005,Different,Same,Same,Same,Different,Same,False,Home Team,Home Team,47.0,-204.0,181.0,Cincinnati Bengals,Cleveland Browns,-4.5,4.5,-116,-104,-131,108,-0.42336,0.42336,-1.8698400000000004,1.8698400000000004,0.3559,0.6711,0.5098,0.537,0.4808,0.5671,0.3465,0.6535,0.487,0.513,0.4588,0.5412,0.3465,0.6535,-0.1535,0.1535,47.0,8.0,133,8.0,47.0,0.0,nfl_read_py Fallback,False,D.Gabriel,J.Browning,-1.17,-2.0,13.84,191.44,Med-High,-10.0,9.0,43.09,43.0,12.452869177428552,28.0,59.0,0.5332,0.4658,0.0862,0.0872,0.441,0.559,0.3416,0.6226,15,2022-12-11,Cleveland Browns @ Cincinnati Bengals,0.5602,0.4395,-127,128,,,,,,,,No Bet,,No Bet,,No Bet,,No Bet,,No Bet,,No Bet,,No Bet,,No Bet,,No Bet,,,,,,,,,,,,,,,,,,,,,,,,,,,,,15,0.030425,0.1759333333333333,Cincinnati Bengals,Cleveland Browns,0,0,0,0,1,1,0,0,0,0,1,1,1,2.5,3.5,,,57.1052061506445,0.3481232589423986,0.3838984637786721,0.0453369067680672,0.003474888131048,2.141384457395927,0.0016024836515018,1.135408897456295,0.0030222887915049,0.0374989357668531,0.0198827563017821,2.806195370829182e-05,5.292492568071776e-05,0.0199356812274628,0.0046247724430067,3.2767933548522223,0.0573816920686353,8.098687938900958e-05,93.0,42.0,0.3465,0.6535,0.4027,0.5973,0.3022,0.6978,Cincinnati Bengals,Cincinnati Bengals,Cincinnati Bengals,Cincinnati Bengals,Cincinnati Bengals,Same,Same,Same,False,False,0.0573816920686353,8.098687938900958e-05,0.0453369067680672,0.003474888131048,0.0573816920686353,8.098687938900958e-05,0.0376915061675515,0.0069440459034422,0.9879311871343197,0.5648665151773065,1.2601226064521285,1.3936683663786464,1.0900629647199134,1.0207389838780105,1.0071343431038282,0.9701507892157786,1.0837347407818023,0.9431106073747555
2022_14_HOU_DAL,2022,15,2022-12-11,13:00,Houston Texans,Dallas Cowboys,Home,Davis Mills,Dak Prescott,00-0036898,00-0033077,7,7,0,0,-8,5,AT&T Stadium,32.7369,-97.0826,America/Chicago,False,False,14,14,Sunday,False,False,0,False,False,0,-8,5,AFC South,NRG Stadium,29.6847,-95.4093,America/Chicago,NFC East,AT&T Stadium,32.7369,-97.0826,America/Chicago,Cleveland Browns,Indianapolis Colts,NRG Stadium,AT&T Stadium,Kansas City Chiefs,Jacksonville Jaguars,NRG Stadium,TIAA Bank Field,233,0,-233,233,0.0,0.0,America/Chicago,America/Chicago,0.0,0.0,0.0,0.0,0.0,0,0.035,-0.615,0.035,-0.615,Houston Texans,0.65,Houston Texans,0.65,0.035,-0.615,Houston Texans,0.65,0.0,0,No,No,No,No,No,0,No,0.0,0.0,-6.241,2.647,0.297,-2.035,0.297,-2.035,0.262,-1.42,-5.979,1.227,Houston Texans,2.3320000000000003,Houston Texans,2.3320000000000003,0.297,-2.035,Houston Texans,2.3320000000000003,Tie,0.0,Dallas Cowboys,8.888,-3.1205,1.3235,Dallas Cowboys,4.444,Houston Texans,1.682,Dallas Cowboys,7.205999999999999,-2.8585000000000003,-0.0965,Dallas Cowboys,2.7620000000000005,Different,Different,Same,Different,Different,Same,False,Away Team,Home Team,44.5,-1365.0,918.0,Dallas Cowboys,Houston Texans,-17.0,17.0,105,-128,-319,249,1.682,-1.682,-7.205999999999999,7.205999999999999,0.0982,0.9317,0.5614,0.4878,0.2865,0.7613,0.0954,0.9046,0.5351,0.4649,0.2734,0.7266,0.0954,0.9046,-0.4046,0.4046,,,134,0.0,70.0,0.0,Dome,True,C.Stroud,D.Prescott,-11.14,-11.0,13.99,195.79,High,-20.0,-3.0,57.53,57.0,14.111297912869572,39.0,76.0,0.7886,0.2108,0.0692,0.0656,0.3242,0.6382,0.82,0.18,15,2022-12-11,Houston Texans @ Dallas Cowboys,0.7212,0.2787,-259,259,,,,,,,,No Bet,,No Bet,,No Bet,,No Bet,,No Bet,,No Bet,,No Bet,,No Bet,,No Bet,,,,,,,,,,,,,,,,,,,,,,,,,,,,,15,-0.16935,0.2199499999999999,Dallas Cowboys,Houston Texans,0,0,0,0,0,1,1,0,0,0,1,1,0,0.5,4.0,,,57.1052061506445,0.0,0.9860725328883144,0.0995858187116249,0.0055750593494218,0.0,0.0036703721484819,0.0,0.0348031304561507,0.0,0.0,6.427386215539533e-05,0.000609456349117,0.000609456349117,0.0384735026046326,0.0,0.0,0.0006737302112724,93.0,42.0,0.0954,0.9046,0.2494,0.7505,0.1888,0.811,Dallas Cowboys,Dallas Cowboys,Dallas Cowboys,Dallas Cowboys,Dallas Cowboys,Same,Same,Same,False,False,0.0,0.0006737302112724,0.0995858187116249,0.0055750593494218,0.0,0.0006737302112724,0.1581042118753208,0.0098832630681263,1.3781688690720553,0.1746288332395708,1.0295459533625815,1.6242450194681965,1.4316625130174665,0.6791394355804565,1.4791903971505818,0.4980947351690261,1.3593427154812971,0.6675026326752613
2022_14_MIN_DET,2022,15,2022-12-11,13:00,Minnesota Vikings,Detroit Lions,Home,Kirk Cousins,Jared Goff,00-0029604,00-0033106,7,7,0,0,6,11,Ford Field,42.3395,-83.045,America/Detroit,False,False,14,14,Sunday,False,False,0,False,False,0,6,11,NFC North,U.S. Bank Stadium,44.9738,-93.2575,America/Chicago,NFC North,Ford Field,42.3395,-83.045,America/Detroit,New York Jets,Jacksonville Jaguars,U.S. Bank Stadium,Ford Field,Indianapolis Colts,New York Jets,U.S. Bank Stadium,MetLife Stadium,541,0,-541,541,-1.0,0.0,America/Chicago,America/Detroit,-1.0,0.0,-1.0,0.0,-1.0,0,0.27,4.305,0.27,4.305,Detroit Lions,4.035,Detroit Lions,4.035,0.27,4.305,Detroit Lions,4.035,0.0,0,No,No,No,No,No,1,No,0.0,0.0,-1.753,-6.697,-1.35663,5.441629999999999,-1.35663,5.441629999999999,-1.66698,1.17698,-3.46942,-5.470580000000001,Detroit Lions,6.798259999999999,Detroit Lions,6.798259999999999,-1.35663,5.441629999999999,Detroit Lions,6.798259999999999,Tie,0.0,Minnesota Vikings,4.944,-0.8765,-3.3485,Minnesota Vikings,2.472,Detroit Lions,2.84396,Minnesota Vikings,2.001160000000001,-2.5682,-2.1468000000000007,Detroit Lions,0.4213999999999993,Different,Different,Same,Different,Different,Same,False,Home Team,Away Team,51.5,-132.0,119.0,Detroit Lions,Minnesota Vikings,-2.5,2.5,-164,135,108,-131,-2.84396,2.84396,2.001160000000001,-2.001160000000001,0.4566,0.569,0.4255,0.6212,0.5671,0.4808,0.4452,0.5548,0.4065,0.5935,0.5412,0.4588,0.4452,0.5548,-0.0548,0.0548,,,135,0.0,70.0,0.0,Dome,True,C.Wentz,J.Goff,-3.5,-4.0,13.96,194.88,Med-High,-13.0,7.0,56.51,56.0,14.001054291168677,39.0,75.0,0.601,0.3978,0.0932,0.082,0.562,0.438,0.6228,0.3772,15,2022-12-11,Minnesota Vikings @ Detroit Lions,0.552,0.4477,-123,123,,,,,,,,No Bet,,No Bet,,No Bet,,No Bet,,No Bet,,No Bet,,No Bet,,No Bet,,No Bet,,,,,,,,,,,,,,,,,,,,,,,,,,,,,15,0.09655,-0.0121749999999999,Detroit Lions,Minnesota Vikings,0,0,0,0,1,1,0,0,0,0,1,1,1,3.0,2.0,,,57.1052061506445,0.9611354085676436,0.4371970942354844,0.0181291924942152,0.0022711802918904,0.3897018866533372,0.0055577436591603,0.3127167987347978,0.0069259572823498,0.006824279482072,0.0054761521727081,9.732464049773184e-05,0.0001212841656517,0.0055974363383598,0.0124837009415101,0.702418685388135,0.0123004316547801,0.0002186088061494,93.0,42.0,0.4452,0.5548,0.4828,0.517,0.3524,0.6468,Detroit Lions,Detroit Lions,Detroit Lions,Detroit Lions,Detroit Lions,Same,Same,Same,False,False,0.0123004316547801,0.0002186088061494,0.0181291924942152,0.0022711802918904,0.0123004316547801,0.0002186088061494,0.0225055461778905,0.004967284113744,0.8506280506983268,0.7021696516132993,1.5365997373546998,1.1171912354760758,0.948746598364931,1.1620553502329924,1.1709999012159877,0.8062852311036199,1.0991748384403703,0.9276705097161879
2022_14_PHI_NYG,2022,15,2022-12-11,13:00,Philadelphia Eagles,New York Giants,Home,Jalen Hurts,Daniel Jones,00-0036389,00-0035710,7,7,0,0,5,6,MetLife Stadium,40.8136,-74.0744,America/New_York,False,False,14,14,Sunday,False,False,0,False,False,0,5,6,NFC East,Lincoln Financial Field,39.9008,-75.1675,America/New_York,NFC East,MetLife Stadium,40.8136,-74.0744,America/New_York,Tennessee Titans,Washington Commanders,Lincoln Financial Field,MetLife Stadium,Chicago Bears,Washington Commanders,Soldier Field,FedExField,85,0,-85,85,0.0,0.0,America/New_York,America/New_York,0.0,0.0,0.0,0.0,0.0,0,4.905,-2.84,4.905,-2.84,Philadelphia Eagles,7.745,Philadelphia Eagles,7.745,4.905,-2.84,Philadelphia Eagles,7.745,0.0,0,No,No,No,No,No,1,No,0.0,0.0,3.065,-5.233,4.198455,-2.518955,4.198455,-2.518955,-0.629095,0.243595,2.352925,-4.9064250000000005,Philadelphia Eagles,6.71741,Philadelphia Eagles,6.71741,4.198455,-2.518955,Philadelphia Eagles,6.71741,Tie,0.0,Philadelphia Eagles,8.298,1.5325,-2.6165,Philadelphia Eagles,4.149,New York Giants,0.87269,Philadelphia Eagles,7.25935,0.861915,-2.331415,Philadelphia Eagles,3.1933300000000004,Different,Same,Different,Same,Different,Same,False,Home Team,Away Team,44.5,260.0,-302.0,Philadelphia Eagles,New York Giants,7.5,-7.5,-122,101,268,-346,-0.87269,0.87269,7.25935,-7.25935,0.7512,0.2778,0.4975,0.5495,0.7758,0.2717,0.7301,0.2699,0.4752,0.5248,0.7406,0.2594,0.7301,0.2699,0.2301,-0.2301,37.0,6.0,136,6.0,37.0,0.0,nfl_read_py Fallback,False,J.Hurts,J.Dart,15.61,16.0,13.14,172.53,Medium,7.0,24.0,48.17,47.0,12.655308791496225,32.0,65.0,0.1148,0.8848,0.0464,0.054,0.257,0.743,0.5892,0.4108,15,2022-12-11,Philadelphia Eagles @ New York Giants,0.2922,0.7077,242,-242,,,,,,,,No Bet,,No Bet,,No Bet,,No Bet,,No Bet,,No Bet,,No Bet,,No Bet,,No Bet,,,,,,,,,,,,,,,,,,,,,,,,,,,,,15,0.173325,-0.134625,Philadelphia Eagles,New York Giants,0,0,0,0,0,0,1,1,0,0,1,1,1,3.5,1.0,,,57.1052061506445,0.7781568282092333,0.0008229509154146,0.0047068612208483,0.0228720732460414,0.0117346214999322,0.0343108901020977,0.0317430424494277,0.0126838915745188,0.0002054912728793,0.0005558695010344,0.0006008364633442,0.0002221144520704,0.0007779839531048,0.0469947816766165,0.0434776639493599,0.0007613607739137,0.0008229509154146,93.0,42.0,0.7301,0.2699,0.6561,0.3438,0.7528,0.2466,Philadelphia Eagles,Philadelphia Eagles,Philadelphia Eagles,Philadelphia Eagles,Philadelphia Eagles,Same,Same,Same,False,False,0.0007613607739137,0.0008229509154146,0.0047068612208483,0.0228720732460414,0.0007613607739137,0.0008229509154146,0.0084646036681442,0.036987198398624,0.42917194140008763,1.123625760911538,1.4371822487780261,1.2166087240527494,0.5654867501825874,1.5453151984153357,0.23567998921543618,1.7416051431041708,0.611422019915857,1.4154233282407014
2022_14_BAL_PIT,2022,15,2022-12-11,13:00,Baltimore Ravens,Pittsburgh Steelers,Home,Tyler Huntley,Kenny Pickett,00-0035993,00-0038102,7,7,0,0,-4,-4,Acrisure Stadium,40.4468,-80.0158,America/New_York,False,False,14,14,Sunday,False,False,0,False,False,0,-4,-4,AFC North,M&T Bank Stadium,39.2789,-76.6228,America/New_York,AFC North,Acrisure Stadium,40.4468,-80.0158,America/New_York,Denver Broncos,Atlanta Falcons,M&T Bank Stadium,Mercedes-Benz Stadium,Cleveland Browns,Carolina Panthers,FirstEnergy Stadium,Bank of America Stadium,197,0,-197,197,0.0,0.0,America/New_York,America/New_York,0.0,0.0,0.0,0.0,0.0,0,6.69,-0.565,6.69,-0.565,Baltimore Ravens,7.255000000000001,Baltimore Ravens,7.255000000000001,6.69,-0.565,Baltimore Ravens,7.255000000000001,0.0,0,No,No,No,No,No,1,No,0.0,0.0,3.864,-2.946,6.31196,-0.3559599999999999,6.31196,-0.3559599999999999,-0.30549,0.13649,3.49041,-2.74141,Baltimore Ravens,6.66792,Baltimore Ravens,6.66792,6.31196,-0.3559599999999999,Baltimore Ravens,6.66792,Tie,0.0,Baltimore Ravens,6.8100000000000005,1.932,-1.473,Baltimore Ravens,3.405,Pittsburgh Steelers,0.44198,Baltimore Ravens,6.23182,1.59246,-1.30246,Baltimore Ravens,2.89492,Different,Same,Different,Same,Different,Same,False,Home Team,Away Team,37.0,-124.0,112.0,Pittsburgh Steelers,Baltimore Ravens,-1.5,1.5,-116,-104,208,-261,-0.44198,0.44198,6.23182,-6.23182,0.4717,0.5536,0.5098,0.537,0.723,0.3247,0.4601,0.5399,0.487,0.513,0.6901,0.3099,0.4601,0.5399,-0.0399,0.0399,42.0,12.0,137,12.0,42.0,0.0,nfl_read_py Fallback,False,C.Rush,A.Rodgers,-7.3,-7.0,13.42,180.2,Med-High,-17.0,3.0,50.39,50.0,13.080884318229764,34.0,67.0,0.708,0.2908,0.0774,0.0808,0.6892,0.3108,0.8354,0.1478,15,2022-12-11,Baltimore Ravens @ Pittsburgh Steelers,0.5177,0.482,-107,107,,,,,,,,No Bet,,No Bet,,No Bet,,No Bet,,No Bet,,No Bet,,No Bet,,No Bet,,No Bet,,,,,,,,,,,,,,,,,,,,,,,,,,,,,15,-0.0441,0.007875,Pittsburgh Steelers,Baltimore Ravens,0,0,0,0,1,1,0,0,0,0,1,1,1,1.5,2.0,,,57.1052061506445,0.9801140642346376,0.0,0.0101498025061718,0.0005129538256083,0.1345300107332337,0.0,0.1146457824381568,0.0,0.0023558274245318,0.002007624000791,0.0,0.0,0.002007624000791,0.0,0.2491757931713906,0.0043634514253229,0.0,93.0,42.0,0.4601,0.5399,0.4442,0.5553,0.3834,0.6144,Pittsburgh Steelers,Pittsburgh Steelers,Pittsburgh Steelers,Pittsburgh Steelers,Pittsburgh Steelers,Same,Same,Same,False,False,0.0043634514253229,0.0,0.0101498025061718,0.0005129538256083,0.0043634514253229,0.0,0.014817664199772,0.0023367058944048,0.8317264077877244,0.7210712945239016,1.337496293856663,1.3162946789741128,0.6438899748878759,1.4669119737100456,1.390801011352611,0.5864841209669962,1.0372815705659737,0.9895637775905849
2022_14_JAX_TEN,2022,15,2022-12-11,13:00,Jacksonville Jaguars,Tennessee Titans,Home,Trevor Lawrence,Ryan Tannehill,00-0036971,00-0029701,7,7,0,0,-2,-8,Nissan Stadium,36.1664,-86.7716,America/Chicago,False,True,14,14,Sunday,False,False,0,False,False,0,-2,-8,AFC South,TIAA Bank Field,30.3239,-81.6554,America/New_York,AFC South,Nissan Stadium,36.1664,-86.7716,America/Chicago,Detroit Lions,Philadelphia Eagles,Ford Field,Lincoln Financial Field,Dallas Cowboys,Los Angeles Chargers,TIAA Bank Field,SoFi Stadium,500,0,-500,500,1.0,0.0,America/Detroit,America/New_York,1.0,1.0,1.0,0.0,1.0,0,-1.825,-4.36,-1.825,-4.36,Jacksonville Jaguars,2.535,Jacksonville Jaguars,2.535,-1.825,-4.36,Jacksonville Jaguars,2.535,0.0,0,No,No,No,No,No,1,No,0.0,0.0,-2.443,0.3,-2.82263,-4.550370000000001,-2.82263,-4.550370000000001,-0.97228,-0.21572,-3.3878500000000003,0.0568499999999999,Jacksonville Jaguars,1.7277400000000007,Jacksonville Jaguars,1.7277400000000007,-2.82263,-4.550370000000001,Jacksonville Jaguars,1.7277400000000007,Tie,0.0,Tennessee Titans,2.743,-1.2215,0.15,Tennessee Titans,1.3715,Tennessee Titans,0.75656,Tennessee Titans,3.4447,-2.180065,-0.079435,Tennessee Titans,2.10063,Different,Different,Different,Different,Different,Same,False,Home Team,Home Team,42.0,-169.0,151.0,Tennessee Titans,Jacksonville Jaguars,-3.0,3.0,-122,101,-191,156,-0.75656,0.75656,-3.4447,3.4447,0.3984,0.6283,0.4975,0.5495,0.3906,0.6564,0.3881,0.6119,0.4752,0.5248,0.3731,0.6269,0.3881,0.6119,-0.1119,0.1119,54.0,8.0,138,8.0,54.0,0.0,nfl_read_py Fallback,False,T.Lawrence,C.Ward,5.84,7.0,13.42,180.18,Med-High,-4.0,16.0,45.37,45.0,13.305071467126702,29.0,63.0,0.336,0.6636,0.0794,0.0856,0.2664,0.6994,0.5808,0.4012,15,2022-12-11,Jacksonville Jaguars @ Tennessee Titans,0.5249,0.475,-110,111,,,,,,,,No Bet,,No Bet,,No Bet,,No Bet,,No Bet,,No Bet,,No Bet,,No Bet,,No Bet,,,,,,,,,,,,,,,,,,,,,,,,,,,,,15,0.0347,-0.134775,Tennessee Titans,Jacksonville Jaguars,0,0,0,0,0,1,1,0,0,0,1,1,1,2.5,1.0,,,57.1052061506445,0.9631540122911436,0.8484670266312806,0.0309571073046716,0.0052294498252177,0.8746754788024349,0.0195791249830956,0.5547663888269734,0.0308695351124871,0.0153169130761042,0.0097148128204544,0.0003428605954323,0.0005405730439191,0.0102553858643736,0.0504486600955827,1.4294418676294085,0.0250317258965586,0.0008834336393515,93.0,42.0,0.3881,0.6119,0.428,0.5717,0.6602,0.3386,Tennessee Titans,Jacksonville Jaguars,Tennessee Titans,Jacksonville Jaguars,Tennessee Titans,Same,Same,Same,False,False,0.0250317258965586,0.0008834336393515,0.0309571073046716,0.0052294498252177,0.0250317258965586,0.0008834336393515,0.0348822308289009,0.0092115314536733,0.9330825911480071,0.6197151111636191,1.3293921231178587,1.324398849712917,1.29256852304278,0.8182334255551419,0.6390257740525296,1.338259358267079,1.0318810644094834,0.9949642837470755
2022_14_KC_DEN,2022,15,2022-12-11,16:05,Kansas City Chiefs,Denver Broncos,Home,Patrick Mahomes,Russell Wilson,00-0033873,00-0029263,7,7,0,0,9,8,Empower Field at Mile High,39.7648,-105.0076,America/Denver,False,True,14,14,Sunday,False,False,0,False,False,0,9,8,AFC West,GEHA Field at Arrowhead Stadium,39.0489,-94.4839,America/Chicago,AFC West,Empower Field at Mile High,39.7648,-105.0076,America/Denver,Cincinnati Bengals,Baltimore Ravens,Paycor Stadium,M&T Bank Stadium,Houston Texans,Arizona Cardinals,NRG Stadium,Empower Field at Mile High,563,0,-563,563,1.0,0.0,America/New_York,America/New_York,2.0,2.0,1.0,0.0,1.0,0,4.395,2.05,4.395,2.05,Kansas City Chiefs,2.345,Kansas City Chiefs,2.345,4.395,2.05,Kansas City Chiefs,2.345,0.0,0,No,No,No,No,No,1,No,0.0,0.0,8.203,-3.234,4.945705,2.613795,4.945705,2.613795,0.574155,0.5403450000000001,8.662784999999998,-2.579285,Kansas City Chiefs,2.3319100000000006,Kansas City Chiefs,2.3319100000000006,4.945705,2.613795,Kansas City Chiefs,2.3319100000000006,Tie,0.0,Kansas City Chiefs,11.437,4.1015,-1.617,Kansas City Chiefs,5.7185,Kansas City Chiefs,0.0338099999999998,Kansas City Chiefs,11.242069999999998,4.618469999999999,-1.01947,Kansas City Chiefs,5.637939999999999,Different,Same,Same,Same,Different,Same,False,Away Team,Away Team,44.5,329.0,-394.0,Kansas City Chiefs,Denver Broncos,8.5,-8.5,-110,-110,406,-567,0.0338099999999998,-0.0338099999999998,11.242069999999998,-11.242069999999998,0.7976,0.2331,0.5238,0.5238,0.8501,0.1976,0.7738,0.2262,0.5,0.5,0.8114,0.1886,0.7738,0.2262,0.2738,-0.2738,55.0,4.0,139,4.0,55.0,0.0,nfl_read_py Fallback,False,P.Mahomes,B.Nix,14.72,15.0,13.09,171.45,Medium,7.0,23.0,50.71,50.0,13.507648172492145,33.0,68.0,0.133,0.866,0.0448,0.0542,0.2976,0.7024,0.6638,0.3362,15,2022-12-11,Kansas City Chiefs @ Denver Broncos,0.262,0.7378,282,-281,,,,,,,,No Bet,,No Bet,,No Bet,,No Bet,,No Bet,,No Bet,,No Bet,,No Bet,,No Bet,,,,,,,,,,,,,,,,,,,,,,,,,,,,,15,0.319075,0.000225,Kansas City Chiefs,Denver Broncos,0,0,0,0,1,0,0,0,0,0,1,0,1,5.0,2.0,,,57.1052061506445,0.5403752190684079,0.1046779466128011,0.0020624941135708,0.1115774460962366,0.000336532919915,4.625509996716483,0.0011512341884627,1.3521457240336885,5.8932090889799245e-06,2.015988149006483e-05,0.0809997950889855,0.0236781515238156,0.0236983114053056,5.977655720750171,0.0014877671083777,2.605309057904476e-05,0.1046779466128011,93.0,42.0,0.7738,0.2262,0.7228,0.2772,0.8656,0.1342,Kansas City Chiefs,Kansas City Chiefs,Kansas City Chiefs,Kansas City Chiefs,Kansas City Chiefs,Same,Same,Same,False,False,2.605309057904476e-05,0.1046779466128011,0.0020624941135708,0.1115774460962366,2.605309057904476e-05,0.1046779466128011,0.004757028180428,0.1128912423669249,0.4101001005656229,1.142697601746003,1.5661273230480244,1.0876636497827512,0.49637877011702897,1.6144231784808938,0.3328952367144804,1.6443898956051262,0.6478645715599352,1.378980776596622
2022_14_CAR_SEA,2022,15,2022-12-11,16:25,Carolina Panthers,Seattle Seahawks,Home,Sam Darnold,Geno Smith,00-0034869,00-0030565,14,7,7,-7,6,0,Lumen Field,47.5952,-122.3316,America/Los_Angeles,False,False,14,14,Sunday,False,False,0,False,False,0,6,0,NFC South,Bank of America Stadium,35.2258,-80.8528,America/New_York,NFC West,Lumen Field,47.5952,-122.3316,America/Los_Angeles,Denver Broncos,Los Angeles Rams,Bank of America Stadium,SoFi Stadium,Pittsburgh Steelers,San Francisco 49ers,Bank of America Stadium,Lumen Field,2279,0,-2279,2279,3.0,0.0,America/New_York,America/Los_Angeles,3.0,0.0,3.0,0.0,3.0,0,-5.25,-0.13,-5.25,-0.13,Seattle Seahawks,5.12,Seattle Seahawks,5.12,-5.25,-0.13,Seattle Seahawks,5.12,-0.2249999999999999,0,No,No,No,No,No,0,No,0.0,0.0,-3.675,-1.539,-3.8185,-0.7315,-3.8185,-0.7315,1.4315000000000002,-0.6015,-2.2435,-2.1405,Seattle Seahawks,3.087,Seattle Seahawks,3.087,-3.8185,-0.7315,Seattle Seahawks,3.087,Tie,0.0,Seattle Seahawks,2.136,-1.8375,-0.7695,Seattle Seahawks,1.068,Carolina Panthers,2.0330000000000004,Seattle Seahawks,0.1029999999999997,-0.4059999999999997,-1.371,Carolina Panthers,0.9650000000000004,Different,Same,Different,Same,Different,Same,False,Away Team,Home Team,44.5,-200.0,178.0,Seattle Seahawks,Carolina Panthers,-3.5,3.5,108,-131,-110,-110,2.0330000000000004,-2.0330000000000004,-0.1029999999999997,0.1029999999999997,0.3597,0.6667,0.5671,0.4808,0.5238,0.5238,0.3505,0.6495,0.5412,0.4588,0.5,0.5,0.3505,0.6495,-0.1495,0.1495,45.0,4.0,140,4.0,45.0,0.0,nfl_read_py Fallback,False,B.Young,S.Darnold,-0.38,-1.0,14.03,196.72,High,-10.0,10.0,46.48,46.0,13.354005419054856,29.0,64.0,0.511,0.4886,0.0834,0.0764,0.4364,0.5636,0.5424,0.4576,15,2022-12-11,Carolina Panthers @ Seattle Seahawks,0.5298,0.4701,-113,113,,,,,,,,No Bet,,No Bet,,No Bet,,No Bet,,No Bet,,No Bet,,No Bet,,No Bet,,No Bet,,,,,,,,,,,,,,,,,,,,,,,,,,,,,15,-0.05745,-0.0623499999999999,Seattle Seahawks,Carolina Panthers,0,0,0,0,0,0,1,1,0,0,1,1,0,1.5,1.5,,,57.1052061506445,0.5976480365010135,0.9937118470549456,0.0813613598928713,0.0055982296916714,4.273919996298885,0.0128438884514731,2.306403323637813,0.0238005864457398,0.0748429133593216,0.0403886699498725,0.000224916243496,0.0004167848791746,0.0408054548290472,0.036644474897213,6.580323319936698,0.1152315833091941,0.0006417011226707,93.0,42.0,0.3505,0.6495,0.4444,0.5556,0.4212,0.5788,Seattle Seahawks,Seattle Seahawks,Seattle Seahawks,Seattle Seahawks,Seattle Seahawks,Same,Same,Same,False,False,0.1152315833091941,0.0006417011226707,0.0813613598928713,0.0055982296916714,0.1152315833091941,0.0006417011226707,0.0589247201545102,0.0099392956875798,0.9592346171058466,0.59356308520578,1.0488401144257047,1.6049508584050727,0.9623798310691699,1.1484221175287541,0.9262658759696784,1.0510192563499294,0.9813319840786774,1.04551336407788
2022_14_TB_SF,2022,15,2022-12-11,16:25,Tampa Bay Buccaneers,San Francisco 49ers,Home,Tom Brady,Brock Purdy,00-0019596,00-0037834,6,7,-1,1,9,0,Levi's Stadium,37.4031,-121.9702,America/Los_Angeles,False,False,14,14,Sunday,False,False,0,False,False,0,9,0,NFC South,Raymond James Stadium,27.9759,-82.5033,America/New_York,NFC West,Levi's Stadium,37.4031,-121.9702,America/Los_Angeles,New Orleans Saints,Miami Dolphins,Raymond James Stadium,Levi's Stadium,Cincinnati Bengals,Seattle Seahawks,Raymond James Stadium,Lumen Field,2365,0,-2365,2365,3.0,0.0,America/New_York,America/Los_Angeles,3.0,0.0,3.0,0.0,3.0,0,1.025,3.325,1.025,3.325,San Francisco 49ers,2.3000000000000003,San Francisco 49ers,2.3000000000000003,1.025,3.325,San Francisco 49ers,2.3000000000000003,-0.2249999999999999,0,No,No,No,No,Yes,0,No,0.0,0.0,3.401,4.436,2.3565,3.945,2.3565,3.945,1.3315,0.62,4.7325,5.056,San Francisco 49ers,1.5885000000000007,San Francisco 49ers,1.5885000000000007,2.3565,3.945,San Francisco 49ers,1.5885000000000007,Tie,0.0,San Francisco 49ers,1.035,1.7005,2.218,San Francisco 49ers,0.5175000000000001,Tampa Bay Buccaneers,0.7114999999999999,San Francisco 49ers,0.3235000000000001,3.032,2.838,Tampa Bay Buccaneers,0.1939999999999999,Different,Same,Different,Same,Different,Same,False,Away Team,Home Team,38.0,-196.0,175.0,San Francisco 49ers,Tampa Bay Buccaneers,-3.5,3.5,-104,-116,-116,-104,0.7114999999999999,-0.7114999999999999,-0.3235000000000001,0.3235000000000001,0.3636,0.6622,0.537,0.5098,0.5098,0.537,0.3545,0.6455,0.513,0.487,0.487,0.513,0.3545,0.6455,-0.1455,0.1455,54.0,8.0,141,8.0,54.0,0.0,nfl_read_py Fallback,False,B.Mayfield,M.Jones,-7.7,-8.0,12.88,165.8,Med-Low,-17.0,2.0,49.08,49.0,13.29100347282563,33.0,67.0,0.7254,0.274,0.085,0.0782,0.6416,0.3584,0.7844,0.2038,15,2022-12-11,Tampa Bay Buccaneers @ San Francisco 49ers,0.5927,0.4071,-146,146,,,,,,,,No Bet,,No Bet,,No Bet,,No Bet,,No Bet,,No Bet,,No Bet,,No Bet,,No Bet,,,,,,,,,,,,,,,,,,,,,,,,,,,,,15,0.0195,0.252125,San Francisco 49ers,Tampa Bay Buccaneers,0,0,0,0,0,1,0,0,0,0,0,1,0,2.0,4.5,,,57.1052061506445,0.1802182366036204,0.2078982257843746,0.0147976623931853,0.0017127023207386,0.4139691454923263,0.0048059623030763,0.2273463393912156,0.0087510540666735,0.0072492365126967,0.0039811841111556,8.415979254847881e-05,0.0001532444177434,0.0041344285288991,0.0135570163697499,0.641315484883542,0.0112304206238524,0.0002374042102919,93.0,42.0,0.3545,0.6455,0.4606,0.5391,0.4118,0.5872,San Francisco 49ers,San Francisco 49ers,San Francisco 49ers,San Francisco 49ers,San Francisco 49ers,Same,Same,Same,False,False,0.0112304206238524,0.0002374042102919,0.0147976623931853,0.0017127023207386,0.0112304206238524,0.0002374042102919,0.0179224283279688,0.0040777125368532,0.9939864533894341,0.5588112489221917,1.2601053011113437,1.3936856717194317,1.0664151328548925,1.044386815743031,1.4223359470954715,0.5549491852241344,1.185439484521196,0.8414058636353614
2022_14_MIA_LAC,2022,15,2022-12-11,20:20,Miami Dolphins,Los Angeles Chargers,Home,Tua Tagovailoa,Justin Herbert,00-0036212,00-0036355,7,7,0,0,5,0,SoFi Stadium,33.9535,-118.3395,America/Los_Angeles,False,True,14,14,Sunday,False,False,0,False,False,0,5,0,AFC East,Hard Rock Stadium,25.9602,-80.2384,America/New_York,AFC West,SoFi Stadium,33.9535,-118.3395,America/Los_Angeles,San Francisco 49ers,Las Vegas Raiders,Levi's Stadium,Allegiant Stadium,Buffalo Bills,Tennessee Titans,Highmark Stadium,SoFi Stadium,2331,0,-2331,2331,3.0,0.0,America/Los_Angeles,America/Los_Angeles,0.0,0.0,0.0,0.0,0.0,0,0.66,0.935,0.66,0.935,Los Angeles Chargers,0.275,Los Angeles Chargers,0.275,0.66,0.935,Los Angeles Chargers,0.275,0.0,0,No,No,No,No,No,0,No,0.0,0.0,1.001,0.998,-0.3695,-0.3839999999999999,-0.3695,-0.3839999999999999,-1.0295,-1.319,-0.0285000000000001,-0.3209999999999999,Miami Dolphins,0.0144999999999998,Miami Dolphins,0.0144999999999998,-0.3695,-0.3839999999999999,Miami Dolphins,0.0144999999999998,Tie,0.0,Miami Dolphins,0.0029999999999998,0.5005,0.499,Miami Dolphins,0.0014999999999999,Miami Dolphins,0.2894999999999998,Miami Dolphins,0.2924999999999997,-0.5290000000000001,-0.82,Miami Dolphins,0.2909999999999998,Different,Different,Same,Same,Different,Same,False,Away Team,Away Team,54.5,146.0,-163.0,Miami Dolphins,Los Angeles Chargers,3.0,-3.0,-104,-116,-104,-116,0.2894999999999998,-0.2894999999999998,0.2924999999999997,-0.2924999999999997,0.6198,0.4065,0.537,0.5098,0.537,0.5098,0.6039,0.3961,0.513,0.487,0.513,0.487,0.6039,0.3961,0.1039,-0.1039,,,142,0.0,70.0,0.0,Dome,True,T.Tagovailoa,J.Herbert,-2.43,-3.0,13.57,184.17,Med-High,-12.0,7.0,51.29,51.0,13.762802424873984,34.0,69.0,0.5758,0.4234,0.0908,0.0854,0.6118,0.347,0.4006,0.5994,15,2022-12-11,Miami Dolphins @ Los Angeles Chargers,0.4865,0.5133,106,-105,,,,,,,,No Bet,,No Bet,,No Bet,,No Bet,,No Bet,,No Bet,,No Bet,,No Bet,,No Bet,,,,,,,,,,,,,,,,,,,,,,,,,,,,,15,-0.015275,0.062325,Miami Dolphins,Los Angeles Chargers,0,0,0,0,0,0,0,0,0,0,0,0,0,2.0,2.5,,,57.1052061506445,0.7648957173959426,0.2309669883012018,0.0042860510630594,0.0208394589387971,0.0014822677720419,0.2954555025920365,0.0022598876736585,0.19379023774914,2.5956788740622488e-05,3.95741093674878e-05,0.0051738803255979,0.0033935651547762,0.0034331392641437,0.4892457403411765,0.0037421554457005,6.553089810811029e-05,0.0085674454803742,93.0,42.0,0.6039,0.3961,0.463,0.5369,0.437,0.5626,Miami Dolphins,Los Angeles Chargers,Los Angeles Chargers,Los Angeles Chargers,Miami Dolphins,Same,Same,Different,False,False,6.553089810811029e-05,0.0085674454803742,0.0042860510630594,0.0208394589387971,6.553089810811029e-05,0.0085674454803742,0.0082288580532259,0.0290514954475102,0.6260857936982293,0.9267119086133978,1.3333310929272368,1.3204598799035414,1.0487360163764468,1.0620659322214758,1.1566794477635784,0.820605684556029,1.0066920905113368,1.0201532576452217
2022_14_NE_ARI,2022,15,2022-12-12,20:15,New England Patriots,Arizona Cardinals,Home,Mac Jones,Kyler Murray,00-0036972,00-0035228,11,15,-4,4,-8,-1,State Farm Stadium,33.5277,-112.262608,America/Denver,False,False,14,14,Monday,False,False,0,False,False,0,-8,-1,AFC East,Gillette Stadium,42.0628,-71.2687,America/New_York,NFC West,State Farm Stadium,33.5277,-112.262608,America/Denver,Buffalo Bills,Los Angeles Chargers,Gillette Stadium,State Farm Stadium,Las Vegas Raiders,Denver Broncos,Allegiant Stadium,Empower Field at Mile High,2289,0,-2289,2289,2.0,0.0,America/New_York,America/Denver,2.0,0.0,2.0,0.0,2.0,0,-1.995,0.075,-1.995,0.075,Arizona Cardinals,2.0700000000000003,Arizona Cardinals,2.0700000000000003,-1.995,0.075,Arizona Cardinals,2.0700000000000003,-0.15,0,No,No,No,No,No,0,No,0.0,0.0,0.436,-2.282,-3.0535,-1.23,-3.0535,-1.23,-1.0585,-1.305,-0.6224999999999999,-3.587,Arizona Cardinals,1.8235,Arizona Cardinals,1.8235,-3.0535,-1.23,Arizona Cardinals,1.8235,Tie,0.0,New England Patriots,2.718,0.218,-1.141,New England Patriots,1.359,New England Patriots,0.2464999999999999,New England Patriots,2.9645,-0.8405,-2.446,New England Patriots,1.6054999999999997,Different,Different,Different,Different,Different,Same,False,Away Team,Away Team,44.0,113.0,-125.0,New England Patriots,Arizona Cardinals,2.0,-2.0,-110,-110,135,-164,0.2464999999999999,-0.2464999999999999,2.9645,-2.9645,0.5556,0.4695,0.5238,0.5238,0.6212,0.4255,0.542,0.458,0.5,0.5,0.5935,0.4065,0.542,0.458,0.042,-0.042,,,143,0.0,70.0,0.0,Dome,True,D.Maye,K.Murray,2.11,3.0,14.53,211.04,High,-9.0,13.0,49.68,49.0,13.492280043200736,33.0,67.0,0.4364,0.5632,0.075,0.0732,0.4538,0.5326,0.6338,0.3478,15,2022-12-12,New England Patriots @ Arizona Cardinals,0.4502,0.5497,122,-122,,,,,,,,No Bet,,No Bet,,No Bet,,No Bet,,No Bet,,No Bet,,No Bet,,No Bet,,No Bet,,,,,,,,,,,,,,,,,,,,,,,,,,,,,15,-0.0755,-0.2189749999999999,New England Patriots,Arizona Cardinals,0,0,0,0,0,0,1,0,0,0,1,0,0,1.5,0.0,,,57.1052061506445,0.969586423217238,0.5500542321463907,0.0086696082426962,0.0068725802580161,0.0235280688827887,0.0902285264702869,0.0278432605556146,0.0762447696003531,0.0004120126774557,0.0004875783213559,0.0015800402897112,0.0013351631968409,0.0018227415181968,0.16647329607064,0.0513713294384034,0.0008995909988116,0.0029152034865521,93.0,42.0,0.542,0.458,0.5202,0.4794,0.552,0.4468,New England Patriots,New England Patriots,New England Patriots,New England Patriots,New England Patriots,Same,Same,Same,False,False,0.0008995909988116,0.0029152034865521,0.0086696082426962,0.0068725802580161,0.0008995909988116,0.0029152034865521,0.014610438357652,0.0105514271509488,0.7099481591997198,0.842849543111907,1.322433366932608,1.331357605898167,0.8558648054504219,1.2549371431475043,0.8608874268117738,1.116397705507832,0.9102667281227008,1.1165786200338588
2022_15_SF_SEA,2022,16,2022-12-15,20:15,San Francisco 49ers,Seattle Seahawks,Home,Brock Purdy,Geno Smith,00-0037834,00-0030565,4,4,0,0,0,0,Lumen Field,47.5952,-122.3316,America/Los_Angeles,False,False,15,15,Thursday,False,False,0,False,False,0,0,0,NFC West,Levi's Stadium,37.4031,-121.9702,America/Los_Angeles,NFC West,Lumen Field,47.5952,-122.3316,America/Los_Angeles,Tampa Bay Buccaneers,Carolina Panthers,Levi's Stadium,Lumen Field,Washington Commanders,Kansas City Chiefs,Levi's Stadium,GEHA Field at Arrowhead Stadium,704,0,-704,704,0.0,0.0,America/Los_Angeles,America/Los_Angeles,0.0,0.0,0.0,0.0,0.0,0,3.325,-0.13,3.325,-0.13,San Francisco 49ers,3.455,San Francisco 49ers,3.455,3.325,-0.13,San Francisco 49ers,3.455,0.0,0,No,No,No,No,No,1,No,0.0,0.0,4.436,-1.539,2.750135,-0.176635,2.750135,-0.176635,-0.540315,-0.081185,3.835935,-1.560435,San Francisco 49ers,2.9267700000000003,San Francisco 49ers,2.9267700000000003,2.750135,-0.176635,San Francisco 49ers,2.9267700000000003,Tie,0.0,San Francisco 49ers,5.975,2.218,-0.7695,San Francisco 49ers,2.9875,Seattle Seahawks,0.45913,San Francisco 49ers,5.39637,1.64781,-0.82081,San Francisco 49ers,2.46862,Different,Same,Different,Same,Different,Same,True,Home Team,Away Team,43.0,152.0,-169.0,San Francisco 49ers,Seattle Seahawks,3.0,-3.0,-116,-104,195,-244,-0.45913,0.45913,5.39637,-5.39637,0.6283,0.3968,0.5098,0.537,0.7093,0.339,0.6129,0.3871,0.487,0.513,0.6766,0.3234,0.6129,0.3871,0.1129,-0.1129,,,144,12.0,42.0,0.0,Historical Avg,False,M.Jones,S.Darnold,11.17,11.0,13.49,181.97,Med-High,3.0,20.0,50.98,50.0,13.344675583665818,35.0,68.0,0.2058,0.7936,0.0616,0.0658,0.1538,0.8462,0.5584,0.4416,16,2022-12-15,San Francisco 49ers @ Seattle Seahawks,0.3573,0.6425,180,-180,,,,,,,,No Bet,,No Bet,,No Bet,,No Bet,,No Bet,,No Bet,,No Bet,,No Bet,,No Bet,,,,,,,,,,,,,,,,,,,,,,,,,,,,,16,0.2985333333333334,-0.0454999999999999,San Francisco 49ers,Seattle Seahawks,0,0,0,0,1,0,0,1,0,0,1,1,1,5.0,2.0,,,40.12876437658656,0.491142888318765,0.1699022163641869,0.0046619546959434,0.0121074164734796,0.0166862994660933,0.22072150829296,0.0264196149386943,0.1394049532716672,0.0004158189200519,0.0006583710051662,0.0055003315382853,0.00347394083614,0.0041323118413063,0.3601264615646273,0.0431059144047877,0.0010741899252182,0.0089742723744254,74.0,19.0,0.6129,0.3871,0.6002,0.3996,0.6154,0.3838,San Francisco 49ers,San Francisco 49ers,San Francisco 49ers,San Francisco 49ers,San Francisco 49ers,Same,Same,Same,False,False,0.0010741899252182,0.0089742723744254,0.0046619546959434,0.0121074164734796,0.0010741899252182,0.0089742723744254,0.0082833521024865,0.0150513713711892,0.6370144816385112,0.9951504700531816,1.1653475606112753,1.0840956521814051,0.6089791963480862,1.2540775694317046,0.40565569065917895,1.5396017394621029,0.6872700563223243,1.2161749280237004
2022_15_IND_MIN,2022,16,2022-12-17,13:00,Indianapolis Colts,Minnesota Vikings,Home,Matt Ryan,Kirk Cousins,00-0026143,00-0029604,13,6,7,-7,-3,-1,U.S. Bank Stadium,44.9738,-93.2575,America/Chicago,False,False,15,15,Saturday,False,False,0,False,False,0,-3,-1,AFC South,Lucas Oil Stadium,39.7601,-86.1638,America/Indiana/Indianapolis,NFC North,U.S. Bank Stadium,44.9738,-93.2575,America/Chicago,Dallas Cowboys,Detroit Lions,AT&T Stadium,Ford Field,Los Angeles Chargers,New York Giants,Lucas Oil Stadium,U.S. Bank Stadium,510,0,-510,510,1.0,0.0,America/Chicago,America/Detroit,0.0,1.0,0.0,0.0,0.0,0,-2.265,0.27,-2.265,0.27,Minnesota Vikings,2.535,Minnesota Vikings,2.535,-2.265,0.27,Minnesota Vikings,2.535,0.0,0,No,No,No,No,No,0,Yes,0.0,0.0,-1.583,-1.753,-3.311,1.591,-3.311,1.591,-1.046,1.321,-2.629,-0.4319999999999997,Minnesota Vikings,4.902,Minnesota Vikings,4.902,-3.311,1.591,Minnesota Vikings,4.902,Tie,0.0,Indianapolis Colts,0.1699999999999999,-0.7915,-0.8765,Indianapolis Colts,0.0849999999999999,Minnesota Vikings,2.367,Minnesota Vikings,2.197,-1.8375,0.4445000000000001,Minnesota Vikings,2.282,Different,Different,Same,Same,Different,Different,False,Home Team,Home Team,46.5,-188.0,168.0,Minnesota Vikings,Indianapolis Colts,-3.5,3.5,-142,117,-131,108,-2.367,2.367,-2.197,2.197,0.3731,0.6528,0.4608,0.5868,0.4808,0.5671,0.3637,0.6363,0.4399,0.5601,0.4588,0.5412,0.3637,0.6363,-0.1363,0.1363,,,145,0.0,70.0,0.0,Dome,True,D.Jones,C.Wentz,0.87,1.0,13.58,184.54,Med-High,-9.0,10.0,46.19,46.0,13.443760440403413,29.0,64.0,0.4782,0.5204,0.084,0.0848,0.3972,0.6028,0.4786,0.5214,16,2022-12-17,Indianapolis Colts @ Minnesota Vikings,0.554,0.4457,-124,124,,,,,,,,No Bet,,No Bet,,No Bet,,No Bet,,No Bet,,No Bet,,No Bet,,No Bet,,No Bet,,,,,,,,,,,,,,,,,,,,,,,,,,,,,16,-0.0792333333333333,0.0833,Minnesota Vikings,Indianapolis Colts,0,0,0,0,0,1,0,0,0,0,0,1,0,1.5,3.0,,,40.12876437658656,0.437058596483423,0.967389703975728,0.0284474305253159,0.005276386739866,1.2105404017927124,0.0013391598749322,0.6919276192550835,0.0023428854232042,0.0301664010990333,0.0172426843937112,3.337157013769379e-05,5.8384190482855545e-05,0.017301068584194,0.0036820452981365,1.902468021047796,0.0474090854927445,9.175576062054934e-05,74.0,19.0,0.3637,0.6363,0.529,0.4705,0.58,0.4182,Minnesota Vikings,Indianapolis Colts,Indianapolis Colts,Indianapolis Colts,Minnesota Vikings,Same,Same,Different,False,False,0.0474090854927445,9.175576062054934e-05,0.0284474305253159,0.005276386739866,0.0474090854927445,9.175576062054934e-05,0.0169924497637766,0.0098421826236849,1.022617457126056,0.6095474945656322,1.2247411602116243,1.0247020525810593,0.985530960433116,0.877525805346679,0.9053408255307125,1.0399166045905663,1.0305271202631563,0.8729178640828661
2022_15_BAL_CLE,2022,16,2022-12-17,16:30,Baltimore Ravens,Cleveland Browns,Home,Tyler Huntley,Deshaun Watson,00-0035993,00-0033537,6,6,0,0,-4,2,FirstEnergy Stadium,41.5061,-81.6994,America/New_York,False,True,15,15,Saturday,False,False,0,False,False,0,-4,2,AFC North,M&T Bank Stadium,39.2789,-76.6228,America/New_York,AFC North,FirstEnergy Stadium,41.5061,-81.6994,America/New_York,Pittsburgh Steelers,Cincinnati Bengals,Acrisure Stadium,Paycor Stadium,Atlanta Falcons,New Orleans Saints,M&T Bank Stadium,FirstEnergy Stadium,308,0,-308,308,0.0,0.0,America/New_York,America/New_York,0.0,0.0,0.0,0.0,0.0,0,6.69,-4.705,6.69,-4.705,Baltimore Ravens,11.395,Baltimore Ravens,11.395,6.69,-4.705,Baltimore Ravens,11.395,0.0,0,No,No,No,No,No,1,No,0.0,0.0,3.864,1.172,6.2751,-4.0051000000000005,6.2751,-4.0051000000000005,-0.30095,0.58595,3.53613,1.78487,Baltimore Ravens,10.2802,Baltimore Ravens,10.2802,6.2751,-4.0051000000000005,Baltimore Ravens,10.2802,Tie,0.0,Baltimore Ravens,2.692,1.932,0.586,Baltimore Ravens,1.346,Cleveland Browns,0.8869,Baltimore Ravens,1.75126,1.61759,1.18541,Baltimore Ravens,0.43218,Different,Same,Different,Same,Different,Same,False,Home Team,Away Team,39.5,-155.0,139.0,Cleveland Browns,Baltimore Ravens,-2.5,2.5,-122,101,108,-131,-0.8869,0.8869,1.75126,-1.75126,0.4184,0.6078,0.4975,0.5495,0.5671,0.4808,0.4077,0.5923,0.4752,0.5248,0.5412,0.4588,0.4077,0.5923,-0.0923,0.0923,34.0,12.0,146,12.0,34.0,0.0,nfl_read_py Fallback,False,C.Rush,D.Gabriel,4.76,6.0,13.7,187.8,Med-High,-6.0,14.0,43.67,43.0,12.548523428995525,28.0,60.0,0.3638,0.6346,0.0796,0.078,0.3318,0.6682,0.612,0.388,16,2022-12-17,Baltimore Ravens @ Cleveland Browns,0.4849,0.5147,106,-106,,,,,,,,No Bet,,No Bet,,No Bet,,No Bet,,No Bet,,No Bet,,No Bet,,No Bet,,No Bet,,,,,,,,,,,,,,,,,,,,,,,,,,,,,16,-0.0280333333333333,0.0098,Cleveland Browns,Baltimore Ravens,0,0,0,0,1,1,0,0,0,0,1,1,1,2.0,2.5,,,40.12876437658656,0.3838585302378218,0.0,0.0219718254358234,2.8782510578383693e-05,0.09663520848814,0.0,0.0665172623680815,0.0,0.0024081281840943,0.0016575955776722,0.0,0.0,0.0016575955776722,0.0,0.1631524708562216,0.0040657237617666,0.0,74.0,19.0,0.4077,0.5923,0.5106,0.4891,0.7172,0.2816,Cleveland Browns,Baltimore Ravens,Baltimore Ravens,Baltimore Ravens,Baltimore Ravens,Same,Same,Same,False,False,0.0040657237617666,0.0,0.0219718254358234,2.8782510578383693e-05,0.0040657237617666,0.0,0.0334284919722329,0.0017203625337957,0.9510626531936274,0.681102298498067,1.1469762654624422,1.1024669473302364,0.833412917540191,1.0296438482395982,0.6860965143023686,1.2591609158189108,0.9002063123577316,1.0032386719882955
2022_15_MIA_BUF,2022,16,2022-12-17,20:15,Miami Dolphins,Buffalo Bills,Home,Tua Tagovailoa,Josh Allen,00-0036212,00-0034857,6,6,0,0,5,13,Highmark Stadium,42.7725,-78.7877,America/New_York,False,True,15,15,Saturday,False,False,0,False,False,0,5,13,AFC East,Hard Rock Stadium,25.9602,-80.2384,America/New_York,AFC East,Highmark Stadium,42.7725,-78.7877,America/New_York,Los Angeles Chargers,New York Jets,SoFi Stadium,Highmark Stadium,Green Bay Packers,Chicago Bears,Hard Rock Stadium,Soldier Field,1164,0,-1164,1164,0.0,0.0,America/Los_Angeles,America/New_York,-3.0,0.0,0.0,0.0,0.0,0,0.66,4.795,0.66,4.795,Buffalo Bills,4.135,Buffalo Bills,4.135,0.66,4.795,Buffalo Bills,4.135,0.0,0,No,No,No,No,No,1,No,0.0,0.0,1.001,11.21,-0.30754,5.76454,-0.30754,5.76454,-1.00889,1.01089,0.0941999999999998,12.118800000000002,Buffalo Bills,6.072080000000001,Buffalo Bills,6.072080000000001,-0.30754,5.76454,Buffalo Bills,6.072080000000001,Tie,0.0,Buffalo Bills,10.209,0.5005,5.605,Buffalo Bills,5.104500000000001,Buffalo Bills,2.01978,Buffalo Bills,12.024600000000005,-0.4573450000000001,6.564845000000001,Buffalo Bills,7.022190000000001,Different,Same,Same,Same,Different,Same,False,Home Team,Home Team,44.0,-320.0,273.0,Buffalo Bills,Miami Dolphins,-7.0,7.0,-131,108,-660,458,-2.01978,2.01978,-12.024600000000005,12.024600000000005,0.2681,0.7619,0.4808,0.5671,0.1792,0.8684,0.2603,0.7397,0.4588,0.5412,0.1711,0.8289,0.2603,0.7397,-0.2397,0.2397,29.0,4.0,147,4.0,29.0,0.0,nfl_read_py Fallback,False,T.Tagovailoa,J.Allen,-7.49,-7.0,13.77,189.62,Med-High,-17.0,3.0,52.09,51.0,13.91640488434355,35.0,71.0,0.7056,0.2942,0.0802,0.0848,0.4994,0.447,0.693,0.2804,16,2022-12-17,Miami Dolphins @ Buffalo Bills,0.7038,0.2961,-238,238,,,,,,,,No Bet,,No Bet,,No Bet,,No Bet,,No Bet,,No Bet,,No Bet,,No Bet,,No Bet,,,,,,,,,,,,,,,,,,,,,,,,,,,,,16,0.0595333333333333,0.2626,Buffalo Bills,Miami Dolphins,0,0,0,0,0,1,0,0,0,0,0,1,1,3.0,4.5,,,40.12876437658656,0.0,0.2236043020290966,0.035600970035612,0.0020978850240781,0.0,2.623666672723058e-05,0.0,7.455728919758917e-05,0.0,0.0,6.538119758937448e-07,1.857951281477538e-06,1.857951281477538e-06,0.0001007939559248,0.0,0.0,2.5117632573712828e-06,74.0,19.0,0.2603,0.7397,0.2967,0.703,0.2732,0.7256,Buffalo Bills,Buffalo Bills,Buffalo Bills,Buffalo Bills,Buffalo Bills,Same,Same,Same,False,False,0.0,2.5117632573712828e-06,0.035600970035612,0.0020978850240781,0.0,2.5117632573712828e-06,0.0571568162551273,0.0049433586109295,1.187775331072051,0.4443896206196408,1.166363951702998,1.0830792610896804,1.5245105798326004,0.33854618594718056,1.3414895949763304,0.6037678351449484,1.3095643481095869,0.5938806362364393
2022_15_PIT_CAR,2022,16,2022-12-18,13:00,Pittsburgh Steelers,Carolina Panthers,Home,Kenny Pickett,Sam Darnold,00-0038102,00-0034869,7,7,0,0,-4,6,Bank of America Stadium,35.2258,-80.8528,America/New_York,False,False,15,15,Sunday,False,False,0,False,False,0,-4,6,AFC North,Acrisure Stadium,40.4468,-80.0158,America/New_York,NFC South,Bank of America Stadium,35.2258,-80.8528,America/New_York,Baltimore Ravens,Seattle Seahawks,Acrisure Stadium,Lumen Field,Las Vegas Raiders,Detroit Lions,Acrisure Stadium,Bank of America Stadium,363,0,-363,363,0.0,0.0,America/New_York,America/Los_Angeles,0.0,-3.0,0.0,0.0,0.0,0,-0.565,-5.25,-0.565,-5.25,Pittsburgh Steelers,4.6850000000000005,Pittsburgh Steelers,4.6850000000000005,-0.565,-5.25,Pittsburgh Steelers,4.6850000000000005,0.0,0,No,No,No,No,No,0,No,0.0,0.0,-2.946,-3.675,-1.106,-5.5565,-1.106,-5.5565,-0.541,-0.3065,-3.4870000000000005,-3.9815,Pittsburgh Steelers,4.4505,Pittsburgh Steelers,4.4505,-1.106,-5.5565,Pittsburgh Steelers,4.4505,Tie,0.0,Pittsburgh Steelers,0.7289999999999996,-1.473,-1.8375,Pittsburgh Steelers,0.3644999999999998,Carolina Panthers,0.2345,Pittsburgh Steelers,0.4944999999999995,-2.014,-2.144,Pittsburgh Steelers,0.1299999999999999,Different,Same,Different,Same,Different,Same,False,Home Team,Away Team,36.5,-145.0,130.0,Carolina Panthers,Pittsburgh Steelers,-2.5,2.5,-110,-110,-104,-116,-0.2345,0.2345,0.4944999999999995,-0.4944999999999995,0.4348,0.5918,0.5238,0.5238,0.537,0.5098,0.4235,0.5765,0.5,0.5,0.513,0.487,0.4235,0.5765,-0.0765,0.0765,47.0,7.0,148,7.0,47.0,0.0,nfl_read_py Fallback,False,A.Rodgers,B.Young,9.54,10.0,13.17,173.34,Medium,2.0,18.0,49.19,49.0,13.29352849095935,33.0,67.0,0.2296,0.7698,0.0756,0.0726,0.204,0.796,0.8278,0.1722,16,2022-12-18,Pittsburgh Steelers @ Carolina Panthers,0.4483,0.5516,123,-123,,,,,,,,No Bet,,No Bet,,No Bet,,No Bet,,No Bet,,No Bet,,No Bet,,No Bet,,No Bet,,,,,,,,,,,,,,,,,,,,,,,,,,,,,16,0.036,-0.1021,Carolina Panthers,Pittsburgh Steelers,0,0,0,0,1,0,0,1,0,0,1,1,0,2.5,1.5,,,40.12876437658656,0.9933917801739688,0.9767616058965052,0.0320666688249678,0.0059335659598343,0.2464716022464419,0.0067874697783127,0.1810593643562327,0.0092396135234883,0.0061420182274599,0.0045119596172234,0.0001691422570258,0.0002302491409099,0.0047422087581334,0.0160270833018011,0.4275309666026746,0.0106539778446834,0.0003993913979357,74.0,19.0,0.4235,0.5765,0.5398,0.4599,0.8122,0.1868,Carolina Panthers,Pittsburgh Steelers,Pittsburgh Steelers,Pittsburgh Steelers,Pittsburgh Steelers,Same,Same,Same,False,False,0.0106539778446834,0.0003993913979357,0.0320666688249678,0.0059335659598343,0.0106539778446834,0.0003993913979357,0.045128252060358,0.0106780601518357,0.9220877729983716,0.710077178693322,1.0848911293666104,1.164552083426068,0.8816639546240919,0.9813928111556953,0.4273804271151082,1.5178770030061732,0.8266179076865326,1.0768270766594938
2022_15_PHI_CHI,2022,16,2022-12-18,13:00,Philadelphia Eagles,Chicago Bears,Home,Jalen Hurts,Justin Fields,00-0036389,00-0036945,7,14,-7,7,-2,7,Soldier Field,41.8623,-87.6167,America/Chicago,False,True,15,15,Sunday,False,False,0,False,False,0,-2,7,NFC East,Lincoln Financial Field,39.9008,-75.1675,America/New_York,NFC North,Soldier Field,41.8623,-87.6167,America/Chicago,New York Giants,Green Bay Packers,MetLife Stadium,Soldier Field,Dallas Cowboys,Buffalo Bills,AT&T Stadium,Soldier Field,663,0,-663,663,1.0,0.0,America/New_York,America/Chicago,1.0,0.0,1.0,0.0,1.0,0,4.905,-1.575,4.905,-1.575,Philadelphia Eagles,6.48,Philadelphia Eagles,6.48,4.905,-1.575,Philadelphia Eagles,6.48,0.0,0,No,No,No,No,No,0,No,0.0,0.0,3.065,-5.152,3.4670000000000005,0.5255000000000003,3.4670000000000005,0.5255000000000003,-1.4380000000000002,2.1005000000000003,1.6270000000000002,-3.0515,Philadelphia Eagles,2.9415000000000004,Philadelphia Eagles,2.9415000000000004,3.4670000000000005,0.5255000000000003,Philadelphia Eagles,2.9415000000000004,Tie,0.0,Philadelphia Eagles,8.217,1.5325,-2.576,Philadelphia Eagles,4.1085,Chicago Bears,3.5385000000000004,Philadelphia Eagles,4.6785,0.0945,-0.4754999999999998,Philadelphia Eagles,0.5699999999999998,Different,Same,Different,Same,Different,Same,False,Home Team,Away Team,48.0,323.0,-386.0,Philadelphia Eagles,Chicago Bears,8.5,-8.5,-191,156,181,-224,-3.5385000000000004,3.5385000000000004,4.6785,-4.6785,0.7942,0.2364,0.3906,0.6564,0.6914,0.3559,0.7706,0.2294,0.3731,0.6269,0.6602,0.3398,0.7706,0.2294,0.2706,-0.2706,17.0,17.0,149,17.0,17.0,0.0,nfl_read_py Fallback,False,J.Hurts,C.Williams,14.93,16.0,13.78,189.76,Med-High,6.0,24.0,43.61,43.0,12.98252063847486,27.0,61.0,0.1396,0.8598,0.0434,0.0506,0.1274,0.8726,0.3942,0.6058,16,2022-12-18,Philadelphia Eagles @ Chicago Bears,0.3339,0.6659,199,-199,,,,,,,,No Bet,,No Bet,,No Bet,,No Bet,,No Bet,,No Bet,,No Bet,,No Bet,,No Bet,,,,,,,,,,,,,,,,,,,,,,,,,,,,,16,0.1409,-0.2103,Philadelphia Eagles,Chicago Bears,0,0,0,0,0,0,1,1,0,0,1,1,0,3.5,0.5,,,40.12876437658656,0.9252699288921934,0.0,0.0053355104731905,0.061116343167595,0.0059537084695916,0.0,0.0199996850334235,0.0,0.0001483651082231,0.0004983877611016,0.0,0.0,0.0004983877611016,0.0,0.0259533935030152,0.0006467528693247,0.0,74.0,19.0,0.7706,0.2294,0.6415,0.3583,0.8554,0.1438,Philadelphia Eagles,Philadelphia Eagles,Philadelphia Eagles,Philadelphia Eagles,Philadelphia Eagles,Same,Same,Same,False,False,0.0006467528693247,0.0,0.0053355104731905,0.061116343167595,0.0006467528693247,0.0,0.0095946432622431,0.0969205165003892,0.40507948066813615,1.2270854710235573,1.485275289279004,0.7641679235136738,0.6841320344964937,1.1789247312832984,0.30368261690251425,1.6415748132187675,0.6892452157269306,1.2141997686190955
2022_15_KC_HOU,2022,16,2022-12-18,13:00,Kansas City Chiefs,Houston Texans,Home,Patrick Mahomes,Davis Mills,00-0033873,00-0036898,7,7,0,0,9,-8,NRG Stadium,29.6847,-95.4093,America/Chicago,False,True,15,15,Sunday,False,False,0,False,False,0,9,-8,AFC West,GEHA Field at Arrowhead Stadium,39.0489,-94.4839,America/Chicago,AFC South,NRG Stadium,29.6847,-95.4093,America/Chicago,Denver Broncos,Dallas Cowboys,Empower Field at Mile High,AT&T Stadium,Seattle Seahawks,Tennessee Titans,GEHA Field at Arrowhead Stadium,Nissan Stadium,649,0,-649,649,0.0,0.0,America/Denver,America/Chicago,-1.0,0.0,0.0,0.0,0.0,0,4.395,0.035,4.395,0.035,Kansas City Chiefs,4.359999999999999,Kansas City Chiefs,4.359999999999999,4.395,0.035,Kansas City Chiefs,4.359999999999999,0.0,0,No,No,No,No,No,0,No,0.0,0.0,8.203,-6.241,4.8945,-1.027,4.8945,-1.027,0.4995,-1.062,8.702499999999999,-7.303,Kansas City Chiefs,5.9215,Kansas City Chiefs,5.9215,4.8945,-1.027,Kansas City Chiefs,5.9215,Tie,0.0,Kansas City Chiefs,14.444,4.1015,-3.1205,Kansas City Chiefs,7.221999999999999,Kansas City Chiefs,1.5615,Kansas City Chiefs,16.005499999999998,4.600999999999999,-4.1825,Kansas City Chiefs,8.7835,Different,Same,Same,Same,Different,Same,False,Away Team,Away Team,48.5,572.0,-755.0,Kansas City Chiefs,Houston Texans,14.5,-14.5,105,-128,728,-1266,1.5615,-1.5615,16.005499999999998,-16.005499999999998,0.883,0.1488,0.5614,0.4878,0.9268,0.1208,0.8558,0.1442,0.5351,0.4649,0.8847,0.1153,0.8558,0.1442,0.3558,-0.3558,,,150,0.0,70.0,0.0,Dome,True,P.Mahomes,C.Stroud,16.02,17.0,13.45,180.88,Med-High,7.0,25.0,58.75,58.0,14.063254739453928,41.0,77.0,0.1202,0.8796,0.0386,0.0534,0.4556,0.5444,0.7652,0.2348,16,2022-12-18,Kansas City Chiefs @ Houston Texans,0.2111,0.7888,374,-373,,,,,,,,No Bet,,No Bet,,No Bet,,No Bet,,No Bet,,No Bet,,No Bet,,No Bet,,No Bet,,,,,,,,,,,,,,,,,,,,,,,,,,,,,16,0.3068333333333333,-0.1072,Kansas City Chiefs,Houston Texans,0,0,0,0,1,0,0,1,0,0,1,1,0,5.0,1.5,,,40.12876437658656,0.9859810680200212,0.0,0.0055475388847249,0.0860206213836276,0.0029485423131083,0.0,0.017499046543399,0.0,7.347702723756743e-05,0.0004360723988204,0.0,0.0,0.0004360723988204,0.0,0.0204475888565074,0.000509549426058,0.0,74.0,19.0,0.8558,0.1442,0.7866,0.2134,0.8928,0.1072,Kansas City Chiefs,Kansas City Chiefs,Kansas City Chiefs,Kansas City Chiefs,Kansas City Chiefs,Same,Same,Same,False,False,0.000509549426058,0.0,0.0055475388847249,0.0860206213836276,0.000509549426058,0.0,0.010009046501944,0.1357318734295819,0.2680405067108335,1.36412444498086,1.165872381931626,1.0835708308610552,0.2525500195024082,1.6105067462773714,0.2768904411199408,1.6683669890013406,0.46392300572604106,1.4395219786199827
2022_15_DAL_JAX,2022,16,2022-12-18,13:00,Dallas Cowboys,Jacksonville Jaguars,Home,Dak Prescott,Trevor Lawrence,00-0033077,00-0036971,7,7,0,0,5,-2,TIAA Bank Field,30.3239,-81.6554,America/New_York,False,False,15,15,Sunday,False,False,0,False,False,0,5,-2,NFC East,AT&T Stadium,32.7369,-97.0826,America/Chicago,AFC South,TIAA Bank Field,30.3239,-81.6554,America/New_York,Houston Texans,Tennessee Titans,AT&T Stadium,Nissan Stadium,Philadelphia Eagles,New York Jets,AT&T Stadium,MetLife Stadium,922,0,-922,922,-1.0,0.0,America/Chicago,America/Chicago,-1.0,-1.0,-1.0,0.0,-1.0,0,-0.615,-1.825,-0.615,-1.825,Dallas Cowboys,1.21,Dallas Cowboys,1.21,-0.615,-1.825,Dallas Cowboys,1.21,0.0,0,No,No,No,No,No,0,No,0.0,0.0,2.647,-2.443,1.23,-0.97,1.23,-0.97,1.845,0.855,4.491999999999999,-1.588,Dallas Cowboys,2.2,Dallas Cowboys,2.2,1.23,-0.97,Dallas Cowboys,2.2,Tie,0.0,Dallas Cowboys,5.09,1.3235,-1.2215,Dallas Cowboys,2.545,Dallas Cowboys,0.99,Dallas Cowboys,6.079999999999999,3.1684999999999994,-0.3665,Dallas Cowboys,3.535,Different,Same,Same,Same,Different,Same,False,Away Team,Away Team,48.5,168.0,-188.0,Dallas Cowboys,Jacksonville Jaguars,4.0,-4.0,101,-122,208,-261,0.99,-0.99,6.079999999999999,-6.079999999999999,0.6528,0.3731,0.5495,0.4975,0.723,0.3247,0.6363,0.3637,0.5248,0.4752,0.6901,0.3099,0.6363,0.3637,0.1363,-0.1363,54.0,9.0,151,9.0,54.0,0.0,nfl_read_py Fallback,False,D.Prescott,T.Lawrence,6.44,7.0,14.15,200.14,High,-3.0,16.0,58.02,57.0,14.19254312997143,40.0,77.0,0.317,0.6826,0.082,0.0828,0.3998,0.5752,0.7474,0.2526,16,2022-12-18,Dallas Cowboys @ Jacksonville Jaguars,0.3664,0.6334,173,-173,,,,,,,,No Bet,,No Bet,,No Bet,,No Bet,,No Bet,,No Bet,,No Bet,,No Bet,,No Bet,,,,,,,,,,,,,,,,,,,,,,,,,,,,,16,0.2478333333333333,0.0917,Dallas Cowboys,Jacksonville Jaguars,0,0,0,0,1,0,0,1,0,0,1,1,0,4.5,3.0,,,40.12876437658656,0.84797911913432,0.0,0.0051778785163945,0.0111702322463532,0.0122291932390218,0.0,0.021395203898789,0.0,0.0003047488112082,0.0005331637849101,0.0,0.0,0.0005331637849101,0.0,0.0336243971378108,0.0008379125961184,0.0,74.0,19.0,0.6363,0.3637,0.6752,0.3246,0.6874,0.312,Dallas Cowboys,Dallas Cowboys,Dallas Cowboys,Dallas Cowboys,Dallas Cowboys,Same,Same,Same,False,False,0.0008379125961184,0.0,0.0051778785163945,0.0111702322463532,0.0008379125961184,0.0,0.0092319893456207,0.0190834348000476,0.5977031488053077,1.0344618028863857,1.0780972800478,1.1713459327448785,0.5824439833460487,1.280612782433742,0.622287803976584,1.3229696261446953,0.7032478017465906,1.2001971825994393
2022_15_ATL_NO,2022,16,2022-12-18,13:00,Atlanta Falcons,New Orleans Saints,Home,Desmond Ridder,Andy Dalton,00-0038122,00-0027973,14,13,1,-1,-8,-8,Caesars Superdome,29.9507,-90.0813,America/Chicago,False,False,15,15,Sunday,False,False,0,False,False,0,-8,-8,NFC South,Mercedes-Benz Stadium,33.7489,-84.388,America/New_York,NFC South,Caesars Superdome,29.9507,-90.0813,America/Chicago,Pittsburgh Steelers,Tampa Bay Buccaneers,Mercedes-Benz Stadium,Raymond James Stadium,Baltimore Ravens,Cleveland Browns,M&T Bank Stadium,FirstEnergy Stadium,424,0,-424,424,1.0,0.0,America/New_York,America/New_York,1.0,1.0,1.0,0.0,1.0,0,-0.71,-6.145,-0.71,-6.145,Atlanta Falcons,5.435,Atlanta Falcons,5.435,-0.71,-6.145,Atlanta Falcons,5.435,0.0,0,No,No,No,No,No,1,No,0.0,0.0,-6.453,-1.222,-1.2029450000000002,-5.999555,-1.2029450000000002,-5.999555,-0.438595,0.0910949999999999,-6.839285,-1.183215,Atlanta Falcons,4.796609999999999,Atlanta Falcons,4.796609999999999,-1.2029450000000002,-5.999555,Atlanta Falcons,4.796609999999999,Tie,0.0,New Orleans Saints,5.231,-3.2265,-0.611,New Orleans Saints,2.6155,New Orleans Saints,0.52969,New Orleans Saints,5.65607,-3.63894,-0.5460600000000001,New Orleans Saints,3.09288,Different,Different,Different,Different,Different,Same,False,Home Team,Home Team,43.5,-231.0,203.0,New Orleans Saints,Atlanta Falcons,-5.0,5.0,-116,-104,-244,195,-0.52969,0.52969,-5.65607,5.65607,0.33,0.6979,0.5098,0.537,0.339,0.7093,0.3211,0.6789,0.487,0.513,0.3234,0.6766,0.3211,0.6789,-0.1789,0.1789,,,152,0.0,70.0,0.0,Dome,True,M.Penix,S.Rattler,-2.7,-4.0,13.19,174.05,Medium,-12.0,7.0,42.66,42.0,12.715769821777684,27.0,60.0,0.5938,0.4048,0.0934,0.0828,0.5508,0.4492,0.3956,0.6044,16,2022-12-18,Atlanta Falcons @ New Orleans Saints,0.6156,0.3841,-160,160,,,,,,,,No Bet,,No Bet,,No Bet,,No Bet,,No Bet,,No Bet,,No Bet,,No Bet,,No Bet,,,,,,,,,,,,,,,,,,,,,,,,,,,,,16,0.0619,-0.0587333333333333,New Orleans Saints,Atlanta Falcons,0,0,0,0,0,0,1,1,0,0,1,1,1,3.0,2.0,,,40.12876437658656,0.7838599019370039,0.8340597942542861,0.2500171130735723,0.0058113633531828,12.51449394816459,0.0096144891757194,5.918992497798868,0.0203278626639549,0.3118584422566041,0.1474999938261829,0.0002395909598783,0.0005065658756195,0.1480065597018024,0.0299423518396743,18.43348644596346,0.459358436082787,0.0007461568354978,74.0,19.0,0.3211,0.6789,0.4246,0.5751,0.4104,0.588,New Orleans Saints,New Orleans Saints,New Orleans Saints,New Orleans Saints,New Orleans Saints,Same,Same,Same,False,False,0.459358436082787,0.0007461568354978,0.2500171130735723,0.0058113633531828,0.459358436082787,0.0007461568354978,0.1101629039242235,0.0102753835573009,0.9423084246095784,0.6898565270821158,0.8422279181199517,1.4072152946727268,1.0401804396221974,0.8228763261575899,0.9125435561137771,1.0327138740075041,0.9373173018041642,0.9661276825418629
2022_15_DET_NYJ,2022,16,2022-12-18,13:00,Detroit Lions,New York Jets,Home,Jared Goff,Zach Wilson,00-0033106,00-0037013,7,7,0,0,11,-10,MetLife Stadium,40.8136,-74.0744,America/New_York,False,False,15,15,Sunday,False,False,0,False,False,0,11,-10,NFC North,Ford Field,42.3395,-83.045,America/Detroit,AFC East,MetLife Stadium,40.8136,-74.0744,America/New_York,Minnesota Vikings,Buffalo Bills,Ford Field,Highmark Stadium,Carolina Panthers,Jacksonville Jaguars,Bank of America Stadium,MetLife Stadium,475,0,-475,475,0.0,0.0,America/Detroit,America/New_York,0.0,0.0,0.0,0.0,0.0,0,4.305,-3.725,4.305,-3.725,Detroit Lions,8.03,Detroit Lions,8.03,4.305,-3.725,Detroit Lions,8.03,0.0,0,No,No,No,No,No,0,No,0.0,0.0,-6.697,-6.163,4.199,-4.6675,4.199,-4.6675,-0.1059999999999999,-0.9425,-6.803,-7.1055,Detroit Lions,8.866499999999998,Detroit Lions,8.866499999999998,4.199,-4.6675,Detroit Lions,8.866499999999998,Tie,0.0,New York Jets,0.5339999999999998,-3.3485,-3.0815,New York Jets,0.2669999999999999,Detroit Lions,0.8365,Detroit Lions,0.3025000000000002,-3.4545,-4.024,Detroit Lions,0.5695000000000001,Different,Different,Same,Same,Different,Different,False,Away Team,Away Team,44.0,-132.0,120.0,New York Jets,Detroit Lions,-2.0,2.0,101,-122,-104,-116,0.8365,-0.8365,0.3025000000000002,-0.3025000000000002,0.4545,0.569,0.5495,0.4975,0.537,0.5098,0.4441,0.5559,0.5248,0.4752,0.513,0.487,0.4441,0.5559,-0.0559,0.0559,38.0,13.0,153,13.0,38.0,0.0,nfl_read_py Fallback,False,J.Goff,J.Fields,3.66,4.0,14.14,200.05,High,-7.0,13.0,49.26,49.0,13.802893711644778,32.0,67.0,0.3996,0.5998,0.0902,0.0834,0.3658,0.6208,0.6068,0.3648,16,2022-12-18,Detroit Lions @ New York Jets,0.4794,0.5204,109,-109,,,,,,,,No Bet,,No Bet,,No Bet,,No Bet,,No Bet,,No Bet,,No Bet,,No Bet,,No Bet,,,,,,,,,,,,,,,,,,,,,,,,,,,,,16,0.0024,-0.0232666666666666,New York Jets,Detroit Lions,0,0,0,0,1,1,0,0,0,0,1,1,0,2.5,2.0,,,40.12876437658656,0.7660659862553388,0.951424123091814,0.0271511410389009,0.0069549068495945,0.3139325354414362,0.0014530487346802,0.2507958967252057,0.0018188466372635,0.0078231298750031,0.006249778696688,3.6209655524006406e-05,4.532525896373601e-05,0.0062951039556518,0.0032718953719437,0.5647284321666418,0.0140729085716912,8.153491448774242e-05,74.0,19.0,0.4441,0.5559,0.5138,0.4859,0.6112,0.3878,New York Jets,Detroit Lions,Detroit Lions,Detroit Lions,Detroit Lions,Same,Same,Same,False,False,0.0140729085716912,8.153491448774242e-05,0.0271511410389009,0.0069549068495945,0.0140729085716912,8.153491448774242e-05,0.0353752751683337,0.0124642796088845,0.8926287409075256,0.739536210784168,1.0382737650149483,1.2111694477777306,0.8874630573447897,0.9755937084349998,0.7566232163632675,1.1886342137580121,0.8915697531349625,1.0118752312110637
2022_15_ARI_DEN,2022,16,2022-12-18,16:05,Arizona Cardinals,Denver Broncos,Home,Colt McCoy,Brett Rypien,00-0027688,00-0034955,6,7,-1,1,-2,9,Empower Field at Mile High,39.7648,-105.0076,America/Denver,False,False,15,15,Sunday,False,False,0,False,False,0,-2,9,NFC West,State Farm Stadium,33.5277,-112.262608,America/Denver,AFC West,Empower Field at Mile High,39.7648,-105.0076,America/Denver,New England Patriots,Kansas City Chiefs,State Farm Stadium,Empower Field at Mile High,Tampa Bay Buccaneers,Los Angeles Rams,State Farm Stadium,SoFi Stadium,589,0,-589,589,0.0,0.0,America/Denver,America/Denver,0.0,0.0,0.0,0.0,0.0,0,0.075,2.05,0.075,2.05,Denver Broncos,1.975,Denver Broncos,1.975,0.075,2.05,Denver Broncos,1.975,0.0,0,No,No,No,No,Yes,0,No,0.0,0.0,-2.282,-3.234,1.4049999999999998,2.7150000000000003,1.4049999999999998,2.7150000000000003,1.3299999999999998,0.665,-0.9520000000000002,-2.5689999999999995,Denver Broncos,1.3100000000000005,Denver Broncos,1.3100000000000005,1.4049999999999998,2.7150000000000003,Denver Broncos,1.3100000000000005,Tie,0.0,Arizona Cardinals,0.952,-1.141,-1.617,Arizona Cardinals,0.476,Arizona Cardinals,0.6649999999999998,Arizona Cardinals,1.616999999999999,0.1889999999999998,-0.9519999999999996,Arizona Cardinals,1.1409999999999996,Different,Different,Different,Different,Different,Same,False,Away Team,Away Team,37.5,-121.0,110.0,Denver Broncos,Arizona Cardinals,-1.5,1.5,-104,-116,105,-128,0.6649999999999998,-0.6649999999999998,1.616999999999999,-1.616999999999999,0.4762,0.5475,0.537,0.5098,0.5614,0.4878,0.4652,0.5348,0.513,0.487,0.5351,0.4649,0.4652,0.5348,-0.0348,0.0348,37.0,4.0,154,4.0,37.0,0.0,nfl_read_py Fallback,False,K.Murray,B.Nix,1.83,3.0,13.77,189.48,Med-High,-8.0,12.0,45.33,45.0,12.832716800588129,29.0,62.0,0.4424,0.5566,0.088,0.082,0.4202,0.5798,0.7102,0.2898,16,2022-12-18,Arizona Cardinals @ Denver Broncos,0.4823,0.5175,107,-107,,,,,,,,No Bet,,No Bet,,No Bet,,No Bet,,No Bet,,No Bet,,No Bet,,No Bet,,No Bet,,,,,,,,,,,,,,,,,,,,,,,,,,,,,16,-0.2803666666666666,-0.0112999999999999,Denver Broncos,Arizona Cardinals,0,0,0,0,0,0,0,0,0,0,0,0,0,0.0,2.5,,,40.12876437658656,0.5403668327419127,0.9690001089050904,0.0117189789696073,0.0136804725180292,0.0664024476933875,0.013826171632566,0.0577606930945472,0.0158947476119869,0.0016547344211806,0.0014393837934428,0.0003445451622386,0.0003960936215933,0.0018354774150362,0.029720919244553,0.1241631407879347,0.0030941182146235,0.0007406387838319,74.0,19.0,0.4652,0.5348,0.5489,0.4506,0.5698,0.4282,Denver Broncos,Arizona Cardinals,Arizona Cardinals,Arizona Cardinals,Arizona Cardinals,Same,Same,Same,False,False,0.0030941182146235,0.0007406387838319,0.0117189789696073,0.0136804725180292,0.0030941182146235,0.0007406387838319,0.0180448969773115,0.022542147924009,0.8743141459759144,0.7578508057157797,1.098481366838941,1.150961845953737,0.868060281943064,0.9949964838367246,0.8626752049278748,1.0825822251934047,0.9200744832111705,0.9833705011348572
2022_15_NE_LV,2022,16,2022-12-18,16:05,New England Patriots,Las Vegas Raiders,Home,Mac Jones,Derek Carr,00-0036972,00-0031280,6,10,-4,4,-12,-6,Allegiant Stadium,36.108,-115.1578,America/Los_Angeles,False,True,15,15,Sunday,False,False,0,False,False,0,-12,-6,AFC East,Gillette Stadium,42.0628,-71.2687,America/New_York,AFC West,Allegiant Stadium,36.108,-115.1578,America/Los_Angeles,Arizona Cardinals,Los Angeles Rams,State Farm Stadium,SoFi Stadium,Cincinnati Bengals,Pittsburgh Steelers,Gillette Stadium,Acrisure Stadium,2361,0,-2361,2361,3.0,0.0,America/Denver,America/Los_Angeles,1.0,0.0,3.0,0.0,3.0,0,-1.995,-2.35,-1.995,-2.35,New England Patriots,0.355,New England Patriots,0.355,-1.995,-2.35,New England Patriots,0.355,-0.2249999999999999,0,No,No,No,No,Yes,0,No,0.0,0.0,0.436,0.872,-3.3035,-0.6895000000000004,-3.3035,-0.6895000000000004,-1.3085,1.6605,-0.8725,2.5325,Las Vegas Raiders,2.613999999999999,Las Vegas Raiders,2.613999999999999,-3.3035,-0.6895000000000004,Las Vegas Raiders,2.613999999999999,Tie,0.0,Las Vegas Raiders,0.436,0.218,0.436,Las Vegas Raiders,0.218,Las Vegas Raiders,2.9690000000000003,Las Vegas Raiders,3.405,-1.0905,2.0965,Las Vegas Raiders,3.187,Different,Different,Same,Same,Different,Same,False,Home Team,Home Team,45.0,-129.0,117.0,Las Vegas Raiders,New England Patriots,-1.0,1.0,-164,135,-191,156,-2.9690000000000003,2.9690000000000003,-3.405,3.405,0.4608,0.5633,0.4255,0.6212,0.3906,0.6564,0.45,0.55,0.4065,0.5935,0.3731,0.6269,0.45,0.55,-0.05,0.05,,,155,0.0,70.0,0.0,Dome,True,D.Maye,G.Smith,1.51,3.0,14.07,197.88,High,-8.25,11.0,48.38,47.0,13.260231407761989,32.0,65.0,0.4506,0.5486,0.0886,0.08,0.43,0.5494,0.5668,0.4104,16,2022-12-18,New England Patriots @ Las Vegas Raiders,0.5552,0.4446,-125,125,,,,,,,,No Bet,,No Bet,,No Bet,,No Bet,,No Bet,,No Bet,,No Bet,,No Bet,,No Bet,,,,,,,,,,,,,,,,,,,,,,,,,,,,,16,-0.084,-0.2144333333333333,Las Vegas Raiders,New England Patriots,0,0,0,0,0,0,1,1,0,0,1,1,0,1.5,0.5,,,40.12876437658656,0.0056043981770895,0.5478057570719145,0.0238283935966226,0.0040358202188424,0.123693665656549,0.0088143591825699,0.1012039082644491,0.0107731056675854,0.0030824189973992,0.0025219791796903,0.0002196518960776,0.0002684634285393,0.0027904426082296,0.0195874648501554,0.2248975739209981,0.0056043981770895,0.0004881153246169,74.0,19.0,0.45,0.55,0.4981,0.5017,0.6188,0.3804,Las Vegas Raiders,New England Patriots,Las Vegas Raiders,New England Patriots,Las Vegas Raiders,Same,Same,Same,False,False,0.0056043981770895,0.0004881153246169,0.0238283935966226,0.0040358202188424,0.0056043981770895,0.0004881153246169,0.0353800808378872,0.0076662704500922,0.8832638535679774,0.748901098123716,1.305501193671665,0.9439420191210111,1.1494865830704206,0.7135701827093727,0.855486077999877,1.089771352121406,1.03632342330085,0.8671215610451776
2022_15_TEN_LAC,2022,16,2022-12-18,16:25,Tennessee Titans,Los Angeles Chargers,Home,Ryan Tannehill,Justin Herbert,00-0029701,00-0036355,7,7,0,0,-8,0,SoFi Stadium,33.9535,-118.3395,America/Los_Angeles,False,False,15,15,Sunday,False,False,0,False,False,0,-8,0,AFC South,Nissan Stadium,36.1664,-86.7716,America/Chicago,AFC West,SoFi Stadium,33.9535,-118.3395,America/Los_Angeles,Jacksonville Jaguars,Miami Dolphins,Nissan Stadium,SoFi Stadium,Houston Texans,Indianapolis Colts,Nissan Stadium,Lucas Oil Stadium,1783,0,-1783,1783,2.0,0.0,America/Chicago,America/Los_Angeles,2.0,0.0,2.0,0.0,2.0,0,-4.36,0.935,-4.36,0.935,Los Angeles Chargers,5.295,Los Angeles Chargers,5.295,-4.36,0.935,Los Angeles Chargers,5.295,-0.15,0,No,No,No,No,No,0,No,0.0,0.0,0.3,0.998,-4.952000000000001,-0.3839999999999999,-4.952000000000001,-0.3839999999999999,-0.5920000000000001,-1.319,-0.292,-0.3209999999999999,Los Angeles Chargers,4.568000000000001,Los Angeles Chargers,4.568000000000001,-4.952000000000001,-0.3839999999999999,Los Angeles Chargers,4.568000000000001,Tie,0.0,Los Angeles Chargers,0.698,0.15,0.499,Los Angeles Chargers,0.349,Tennessee Titans,0.7269999999999999,Tennessee Titans,0.0289999999999999,-0.442,-0.82,Tennessee Titans,0.3779999999999999,Different,Different,Different,Different,Different,Different,False,Away Team,Away Team,46.5,-158.0,142.0,Los Angeles Chargers,Tennessee Titans,-3.0,3.0,-104,-116,-110,-110,0.7269999999999999,-0.7269999999999999,0.0289999999999999,-0.0289999999999999,0.4132,0.6124,0.537,0.5098,0.5238,0.5238,0.4029,0.5971,0.513,0.487,0.5,0.5,0.4029,0.5971,-0.0971,0.0971,,,156,0.0,70.0,0.0,Dome,True,C.Ward,J.Herbert,-6.24,-7.0,13.68,187.23,Med-High,-16.0,4.0,45.64,45.0,13.211864616068643,29.0,63.0,0.6794,0.3194,0.082,0.0782,0.5932,0.357,0.464,0.536,16,2022-12-18,Tennessee Titans @ Los Angeles Chargers,0.5659,0.4338,-130,131,,,,,,,,No Bet,,No Bet,,No Bet,,No Bet,,No Bet,,No Bet,,No Bet,,No Bet,,No Bet,,,,,,,,,,,,,,,,,,,,,,,,,,,,,16,-0.1473333333333333,0.0507333333333333,Los Angeles Chargers,Tennessee Titans,0,0,0,0,1,0,0,0,0,0,1,0,0,1.0,3.0,,,40.12876437658656,0.7648587796084212,0.941357291350671,0.0357362834485632,0.0057436202984823,0.9360874410110146,0.001100488134886,0.631635622145935,0.0016309294250197,0.0233270935587835,0.0157402210598457,2.7423922764193952e-05,4.064240328245274e-05,0.0157808634631281,0.0027314175599058,1.5677230631569496,0.0390673146186292,6.80663260466467e-05,74.0,19.0,0.4029,0.5971,0.4033,0.5964,0.3056,0.6932,Los Angeles Chargers,Los Angeles Chargers,Los Angeles Chargers,Los Angeles Chargers,Los Angeles Chargers,Same,Same,Same,False,False,0.0390673146186292,6.80663260466467e-05,0.0357362834485632,0.0057436202984823,0.0390673146186292,6.80663260466467e-05,0.0334570298303953,0.0105848281627102,0.9531731984912085,0.6789917532004843,1.0499812961421815,1.1994619166504923,0.9020498653139375,0.9610069004658518,1.2926447419010094,0.6526126882202686,1.0462256718680378,0.8572193124779885
2022_15_CIN_TB,2022,16,2022-12-18,16:25,Cincinnati Bengals,Tampa Bay Buccaneers,Home,Joe Burrow,Tom Brady,00-0036442,00-0019596,7,7,0,0,6,9,Raymond James Stadium,27.9759,-82.5033,America/New_York,False,False,15,15,Sunday,False,False,0,False,False,0,6,9,AFC North,Paycor Stadium,39.0955,-84.5165,America/New_York,NFC South,Raymond James Stadium,27.9759,-82.5033,America/New_York,Cleveland Browns,San Francisco 49ers,Paycor Stadium,Levi's Stadium,New England Patriots,Arizona Cardinals,Gillette Stadium,State Farm Stadium,776,0,-776,776,0.0,0.0,America/New_York,America/Los_Angeles,0.0,-3.0,0.0,0.0,0.0,0,1.31,1.025,1.31,1.025,Cincinnati Bengals,0.2850000000000001,Cincinnati Bengals,0.2850000000000001,1.31,1.025,Cincinnati Bengals,0.2850000000000001,0.0,0,No,No,No,No,No,0,No,0.0,0.0,2.648,3.401,1.873,0.4684999999999999,1.873,0.4684999999999999,0.5630000000000001,-0.5565,3.2110000000000003,2.8445,Cincinnati Bengals,1.4045000000000003,Cincinnati Bengals,1.4045000000000003,1.873,0.4684999999999999,Cincinnati Bengals,1.4045000000000003,Tie,0.0,Tampa Bay Buccaneers,0.7529999999999997,1.324,1.7005,Tampa Bay Buccaneers,0.3764999999999998,Cincinnati Bengals,1.1195,Cincinnati Bengals,0.3665000000000002,1.887,1.144,Cincinnati Bengals,0.7430000000000001,Different,Different,Same,Same,Different,Different,False,Away Team,Away Team,47.0,150.0,-167.0,Cincinnati Bengals,Tampa Bay Buccaneers,3.5,-3.5,101,-122,-104,-116,1.1195,-1.1195,0.3665000000000002,-0.3665000000000002,0.6255,0.4,0.5495,0.4975,0.537,0.5098,0.6099,0.3901,0.5248,0.4752,0.513,0.487,0.6099,0.3901,0.1099,-0.1099,66.0,6.0,157,6.0,66.0,0.0,nfl_read_py Fallback,False,J.Browning,B.Mayfield,-0.89,-2.0,13.29,176.56,Medium,-10.0,9.0,43.94,43.0,12.60541915520526,28.0,60.0,0.5292,0.4696,0.0988,0.0876,0.6116,0.3884,0.3628,0.5974,16,2022-12-18,Cincinnati Bengals @ Tampa Bay Buccaneers,0.4704,0.5293,113,-112,,,,,,,,No Bet,,No Bet,,No Bet,,No Bet,,No Bet,,No Bet,,No Bet,,No Bet,,No Bet,,,,,,,,,,,,,,,,,,,,,,,,,,,,,16,0.20895,0.0626333333333333,Cincinnati Bengals,Tampa Bay Buccaneers,0,0,0,0,1,0,0,0,0,0,1,0,0,4.0,3.0,,,40.12876437658656,0.2077784622586908,0.2947604282980209,0.001663593471887,0.0101299428202414,0.0015352552218989,0.1181804758606498,0.0024002875156015,0.0755897747716666,3.825822314117208e-05,5.981463802563664e-05,0.0029450315178307,0.0018836805953529,0.0019434952333785,0.1937702506323165,0.0039355427375005,9.807286116680873e-05,0.0048287121131836,74.0,19.0,0.6099,0.3901,0.5536,0.4462,0.6778,0.3216,Cincinnati Bengals,Cincinnati Bengals,Cincinnati Bengals,Tampa Bay Buccaneers,Cincinnati Bengals,Same,Different,Same,False,False,9.807286116680873e-05,0.0048287121131836,0.001663593471887,0.0101299428202414,9.807286116680873e-05,0.0048287121131836,0.0042080624420173,0.0145068727205073,0.6426430716092101,0.9895218800824832,1.0818818611481276,1.1675613516445527,0.9156534426730394,0.9474033231067482,1.0385363329025656,0.9067210972187101,0.9041861029387432,0.9992588814072824
2022_15_NYG_WAS,2022,16,2022-12-18,20:20,New York Giants,Washington Commanders,Home,Daniel Jones,Taylor Heinicke,00-0035710,00-0031800,7,14,-7,7,-1,5,FedExField,38.9077,-76.8645,America/New_York,False,False,15,15,Sunday,False,False,0,False,False,0,-1,5,NFC East,MetLife Stadium,40.8136,-74.0744,America/New_York,NFC East,FedExField,38.9077,-76.8645,America/New_York,Philadelphia Eagles,New York Giants,MetLife Stadium,MetLife Stadium,Minnesota Vikings,San Francisco 49ers,U.S. Bank Stadium,Levi's Stadium,198,0,-198,198,0.0,0.0,America/New_York,America/New_York,0.0,0.0,0.0,0.0,0.0,0,-2.84,1.45,-2.84,1.45,Washington Commanders,4.29,Washington Commanders,4.29,-2.84,1.45,Washington Commanders,4.29,0.0,0,No,No,No,No,No,1,No,0.0,0.0,-5.233,-7.066,-3.307355,2.5868550000000003,-3.307355,2.5868550000000003,-0.5102550000000001,1.179755,-5.761584999999999,-5.867915,Washington Commanders,5.89421,Washington Commanders,5.89421,-3.307355,2.5868550000000003,Washington Commanders,5.89421,Tie,0.0,New York Giants,1.833,-2.6165,-3.533,New York Giants,0.9165,Washington Commanders,1.6900100000000002,New York Giants,0.1063300000000007,-3.13592,-2.34408,Washington Commanders,0.7918399999999997,Different,Different,Same,Different,Different,Same,False,Home Team,Away Team,40.5,-203.0,180.0,Washington Commanders,New York Giants,-4.5,4.5,-128,105,-110,-110,-1.6900100000000002,1.6900100000000002,0.1063300000000007,-0.1063300000000007,0.3571,0.67,0.4878,0.5614,0.5238,0.5238,0.3477,0.6523,0.4649,0.5351,0.5,0.5,0.3477,0.6523,-0.1523,0.1523,35.0,13.0,158,13.0,35.0,0.0,nfl_read_py Fallback,False,J.Dart,J.Daniels,-2.19,-3.0,13.05,170.18,Medium,-11.0,7.0,39.93,39.0,11.906548901396588,25.0,56.0,0.5644,0.4344,0.0966,0.0964,0.5338,0.4662,0.2436,0.7564,16,2022-12-18,New York Giants @ Washington Commanders,0.563,0.4368,-129,129,,,,,,,,No Bet,,No Bet,,No Bet,,No Bet,,No Bet,,No Bet,,No Bet,,No Bet,,No Bet,,,,,,,,,,,,,,,,,,,,,,,,,,,,,16,-0.1287333333333333,-0.1430333333333333,Washington Commanders,New York Giants,0,0,0,0,0,0,1,1,0,0,1,1,1,1.5,1.0,,,40.12876437658656,0.9162391185533116,0.7778644040172046,0.1923979141568282,0.004943365944591,7.85306413344469,0.0104716578741612,4.185973323928742,0.0196452759025463,0.1956966344577163,0.1043135364110807,0.0002609514156949,0.000489555963353,0.1048030923744337,0.0301169337767075,12.039037457373432,0.3000101708687971,0.000750507379048,74.0,19.0,0.3477,0.6523,0.4114,0.5882,0.608,0.3904,Washington Commanders,New York Giants,Washington Commanders,Washington Commanders,Washington Commanders,Same,Different,Same,False,False,0.3000101708687971,0.000750507379048,0.1923979141568282,0.004943365944591,0.3000101708687971,0.000750507379048,0.1178950331745873,0.008920015236121,0.934455202230127,0.6977097494615665,0.946970782829355,1.3024724299633237,0.7619456907641896,1.1011110750155981,0.9070724490983182,1.0381849810229609,0.887825143158357,1.015619841187669
2022_15_LA_GB,2022,16,2022-12-19,20:15,Los Angeles Rams,Green Bay Packers,Home,Baker Mayfield,Aaron Rodgers,00-0034855,00-0023459,11,15,-4,4,2,-10,Lambeau Field,44.5013,-88.0622,America/Chicago,False,False,15,15,Monday,False,False,0,False,False,0,2,-10,NFC West,SoFi Stadium,33.9535,-118.3395,America/Los_Angeles,NFC North,Lambeau Field,44.5013,-88.0622,America/Chicago,Las Vegas Raiders,Chicago Bears,SoFi Stadium,Soldier Field,Denver Broncos,Miami Dolphins,SoFi Stadium,Hard Rock Stadium,1762,0,-1762,1762,-2.0,0.0,America/Los_Angeles,America/Chicago,-2.0,0.0,-2.0,0.0,-2.0,0,1.29,3.535,1.29,3.535,Green Bay Packers,2.245,Green Bay Packers,2.245,1.29,3.535,Green Bay Packers,2.245,-0.3,0,No,No,No,No,No,0,No,0.0,0.0,6.103,1.303,1.1235,5.3185,1.1235,5.3185,-0.1665,1.7835,5.9365,3.0865,Green Bay Packers,4.195,Green Bay Packers,4.195,1.1235,5.3185,Green Bay Packers,4.195,Tie,0.0,Los Angeles Rams,4.8,3.0515,0.6515,Los Angeles Rams,2.4,Green Bay Packers,1.95,Los Angeles Rams,2.85,2.885,2.435,Los Angeles Rams,0.4499999999999997,Different,Different,Same,Different,Different,Same,False,Home Team,Away Team,39.5,-356.0,301.0,Green Bay Packers,Los Angeles Rams,-8.0,8.0,-131,108,135,-164,-1.95,1.95,2.85,-2.85,0.2494,0.7807,0.4808,0.5671,0.6212,0.4255,0.2421,0.7579,0.4588,0.5412,0.5935,0.4065,0.2421,0.7579,-0.2579,0.2579,15.0,4.0,159,4.0,15.0,0.0,nfl_read_py Fallback,False,M.Stafford,J.Love,7.27,8.0,13.51,182.61,Med-High,-3.0,17.0,40.39,40.0,12.315096771105631,25.0,57.0,0.2876,0.7114,0.0806,0.0782,0.1358,0.8536,0.5078,0.4922,16,2022-12-19,Los Angeles Rams @ Green Bay Packers,0.4983,0.5014,101,-101,,,,,,,,No Bet,,No Bet,,No Bet,,No Bet,,No Bet,,No Bet,,No Bet,,No Bet,,No Bet,,,,,,,,,,,,,,,,,,,,,,,,,,,,,16,-0.1695333333333333,0.0666333333333333,Green Bay Packers,Los Angeles Rams,0,0,0,0,0,0,0,0,0,0,0,0,0,1.0,3.0,,,40.12876437658656,0.1242513148974495,0.3506988722252426,0.0817477429518608,0.0018783363918072,2.929402471187373,6.666850368513197e-05,0.9357545035947528,0.0002087073892728,0.0730000665780917,0.02331879683145,1.661364478095673e-06,5.200942329404009e-06,0.0233239977737794,0.000275375892958,3.8651569747821264,0.0963188634095417,6.862306807499682e-06,74.0,19.0,0.2421,0.7579,0.492,0.508,0.726,0.274,Green Bay Packers,Los Angeles Rams,Green Bay Packers,Los Angeles Rams,Los Angeles Rams,Same,Same,Different,False,False,0.0963188634095417,6.862306807499682e-06,0.0817477429518608,0.0018783363918072,0.0963188634095417,6.862306807499682e-06,0.0701221720439731,0.0045985466564018,1.190696579368523,0.44146837232316977,1.0980149797416199,1.1514282330510537,0.6852972466151795,1.1777595191646073,0.49525874637087,1.4499986837504097,0.8671568135517711,1.0362881707942544
2022_16_JAX_NYJ,2022,17,2022-12-22,20:15,Jacksonville Jaguars,New York Jets,Home,Trevor Lawrence,Zach Wilson,00-0036971,00-0037013,4,4,0,0,-2,-10,MetLife Stadium,40.8136,-74.0744,America/New_York,False,False,16,16,Thursday,False,False,0,False,False,0,-2,-10,AFC South,TIAA Bank Field,30.3239,-81.6554,America/New_York,AFC East,MetLife Stadium,40.8136,-74.0744,America/New_York,Dallas Cowboys,Detroit Lions,TIAA Bank Field,MetLife Stadium,Houston Texans,Seattle Seahawks,NRG Stadium,Lumen Field,839,0,-839,839,0.0,0.0,America/New_York,America/New_York,0.0,0.0,0.0,0.0,0.0,0,-1.825,-3.725,-1.825,-3.725,Jacksonville Jaguars,1.9,Jacksonville Jaguars,1.9,-1.825,-3.725,Jacksonville Jaguars,1.9,0.0,0,No,No,No,No,No,0,No,0.0,0.0,-2.443,-6.163,-2.88,-4.6675,-2.88,-4.6675,-1.055,-0.9425,-3.498,-7.1055,Jacksonville Jaguars,1.7874999999999996,Jacksonville Jaguars,1.7874999999999996,-2.88,-4.6675,Jacksonville Jaguars,1.7874999999999996,Tie,0.0,Jacksonville Jaguars,3.72,-1.2215,-3.0815,Jacksonville Jaguars,1.86,New York Jets,0.1124999999999999,Jacksonville Jaguars,3.6075,-2.2765,-4.024,Jacksonville Jaguars,1.7475,Different,Same,Different,Same,Different,Same,True,Home Team,Away Team,36.5,-136.0,123.0,New York Jets,Jacksonville Jaguars,-2.5,2.5,-110,-110,156,-191,-0.1124999999999999,0.1124999999999999,3.6075,-3.6075,0.4484,0.5763,0.5238,0.5238,0.6564,0.3906,0.4376,0.5624,0.5,0.5,0.6269,0.3731,0.4376,0.5624,-0.0624,0.0624,43.0,17.0,160,17.0,43.0,0.0,nfl_read_py Fallback,False,T.Lawrence,J.Fields,4.02,5.0,13.89,193.05,Med-High,-6.0,14.0,40.08,39.0,12.552405649018658,24.0,57.0,0.3902,0.609,0.0894,0.0784,0.357,0.643,0.5966,0.4034,17,2022-12-22,Jacksonville Jaguars @ New York Jets,0.4564,0.5434,119,-119,,,,,,,,No Bet,,No Bet,,No Bet,,No Bet,,No Bet,,No Bet,,No Bet,,No Bet,,No Bet,,,,,,,,,,,,,,,,,,,,,,,,,,,,,17,0.16875,-0.0660999999999999,New York Jets,Jacksonville Jaguars,0,0,0,0,0,1,1,0,0,0,0,0,0,3.5,2.0,,,26.722478587547897,0.7543181038718639,0.8475214821977254,0.0518015766260446,0.0116021812352035,1.0365170012917186,0.0620216299468557,0.8065075387006687,0.0797096999134179,0.0387882058880089,0.0301808657478533,0.0023209534902857,0.0029828707562539,0.0331637365041072,0.1417313298602736,1.8430245399923872,0.0665832334950715,0.002371894796473,33.0,41.0,0.4376,0.5624,0.4689,0.5308,0.606,0.3928,New York Jets,Jacksonville Jaguars,New York Jets,Jacksonville Jaguars,Jacksonville Jaguars,Same,Same,Different,False,False,0.0689690716358623,0.0053038242465396,0.0518015766260446,0.0116021812352035,0.0689690716358623,0.0053038242465396,0.0409253628743635,0.0166492152682461,0.8871845228177621,0.7401718199002691,1.0124626752803811,1.1150007573864769,0.5600937174946538,1.004545503968541,0.6407826503734714,1.0769596849788599,0.7613965153516729,0.9773518443499949
2022_16_ATL_BAL,2022,17,2022-12-24,13:00,Atlanta Falcons,Baltimore Ravens,Home,Desmond Ridder,Tyler Huntley,00-0038122,00-0035993,6,7,-1,1,-9,-3,M&T Bank Stadium,39.2789,-76.6228,America/New_York,False,True,16,16,Saturday,False,False,0,False,False,0,-9,-3,NFC South,Mercedes-Benz Stadium,33.7489,-84.388,America/New_York,AFC North,M&T Bank Stadium,39.2789,-76.6228,America/New_York,New Orleans Saints,Cleveland Browns,Caesars Superdome,FirstEnergy Stadium,Arizona Cardinals,Pittsburgh Steelers,Mercedes-Benz Stadium,M&T Bank Stadium,575,0,-575,575,0.0,0.0,America/Chicago,America/New_York,-1.0,0.0,0.0,0.0,0.0,0,-0.71,6.69,-0.71,6.69,Baltimore Ravens,7.4,Baltimore Ravens,7.4,-0.71,6.69,Baltimore Ravens,7.4,0.0,0,No,No,No,No,Yes,0,No,0.0,0.0,-6.453,3.864,-1.479,6.7250000000000005,-1.479,6.7250000000000005,-0.7689999999999999,0.0349999999999999,-7.222,3.899,Baltimore Ravens,8.204,Baltimore Ravens,8.204,-1.479,6.7250000000000005,Baltimore Ravens,8.204,Tie,0.0,Baltimore Ravens,10.317,-3.2265,1.932,Baltimore Ravens,5.1585,Baltimore Ravens,0.8039999999999998,Baltimore Ravens,11.121,-3.9955,1.967,Baltimore Ravens,5.9625,Different,Same,Same,Same,Different,Same,False,Home Team,Home Team,35.0,-274.0,238.0,Baltimore Ravens,Atlanta Falcons,-6.5,6.5,-122,101,-567,406,-0.8039999999999998,0.8039999999999998,-11.121,11.121,0.2959,0.7326,0.4975,0.5495,0.1976,0.8501,0.2877,0.7123,0.4752,0.5248,0.1886,0.8114,0.2877,0.7123,-0.2123,0.2123,17.0,9.0,161,9.0,17.0,0.0,nfl_read_py Fallback,False,M.Penix,C.Rush,-6.17,-7.0,13.53,183.16,Med-High,-16.0,4.0,42.03,42.0,12.40848329698462,26.0,58.0,0.6798,0.3194,0.0802,0.078,0.5206,0.4794,0.693,0.2784,17,2022-12-24,Atlanta Falcons @ Baltimore Ravens,0.6821,0.3177,-215,215,,,,,,,,No Bet,,No Bet,,No Bet,,No Bet,,No Bet,,No Bet,,No Bet,,No Bet,,No Bet,,,,,,,,,,,,,,,,,,,,,,,,,,,,,17,0.199,-0.1482,Baltimore Ravens,Atlanta Falcons,0,0,0,0,0,1,1,0,0,0,0,0,0,4.0,1.0,,,26.722478587547897,1.3294850876804482e-16,0.8337000039322836,0.0387113774858772,0.0074120900621752,2.530597953409597e-15,0.0281454638581652,1.022115725390904e-15,0.069683746632503,9.469922279547831e-17,3.824928597256648e-17,0.001053250497178,0.0026076827568298,0.0026076827568298,0.0978292104906683,3.552713678800501e-15,1.3294850876804482e-16,0.0007713999213208,33.0,41.0,0.2877,0.7123,0.2926,0.7074,0.2004,0.7994,Baltimore Ravens,Baltimore Ravens,Baltimore Ravens,Baltimore Ravens,Baltimore Ravens,Same,Same,Same,False,False,1.3294850876804482e-16,0.0036609332540079,0.0387113774858772,0.0074120900621752,1.3294850876804482e-16,0.0036609332540079,0.0625435272452707,0.0110628770429507,1.140667296293821,0.4866890464242098,1.0763720612317662,1.0510913714350931,1.2568241770334772,0.307815044429715,1.1458380287003604,0.5719043066519718,1.163376255566006,0.5753721041356623
2022_16_DET_CAR,2022,17,2022-12-24,13:00,Detroit Lions,Carolina Panthers,Home,Jared Goff,Sam Darnold,00-0033106,00-0034869,6,6,0,0,11,6,Bank of America Stadium,35.2258,-80.8528,America/New_York,False,True,16,16,Saturday,False,False,0,False,False,0,11,6,NFC North,Ford Field,42.3395,-83.045,America/Detroit,NFC South,Bank of America Stadium,35.2258,-80.8528,America/New_York,New York Jets,Pittsburgh Steelers,MetLife Stadium,Bank of America Stadium,Chicago Bears,Tampa Bay Buccaneers,Ford Field,Raymond James Stadium,505,0,-505,505,0.0,0.0,America/New_York,America/New_York,0.0,0.0,0.0,0.0,0.0,0,4.305,-5.25,4.305,-5.25,Detroit Lions,9.555,Detroit Lions,9.555,4.305,-5.25,Detroit Lions,9.555,0.0,0,No,No,No,No,No,0,No,0.0,0.0,-6.697,-3.675,4.199,-5.5565,4.199,-5.5565,-0.1059999999999999,-0.3065,-6.803,-3.9815,Detroit Lions,9.7555,Detroit Lions,9.7555,4.199,-5.5565,Detroit Lions,9.7555,Tie,0.0,Carolina Panthers,3.022,-3.3485,-1.8375,Carolina Panthers,1.511,Detroit Lions,0.2005,Carolina Panthers,2.8215,-3.4545,-2.144,Carolina Panthers,1.3104999999999998,Different,Different,Same,Different,Different,Same,False,Away Team,Home Team,43.5,117.0,-129.0,Detroit Lions,Carolina Panthers,2.5,-2.5,-110,-110,-164,135,0.2005,-0.2005,-2.8215,2.8215,0.5633,0.4608,0.5238,0.5238,0.4255,0.6212,0.55,0.45,0.5,0.5,0.4065,0.5935,0.55,0.45,0.05,-0.05,20.0,12.0,162,12.0,20.0,0.0,nfl_read_py Fallback,False,J.Goff,B.Young,3.72,4.0,14.05,197.5,High,-7.0,13.0,50.59,50.0,14.024349355138265,33.0,69.0,0.3948,0.6048,0.081,0.0824,0.4364,0.5198,0.565,0.435,17,2022-12-24,Detroit Lions @ Carolina Panthers,0.4846,0.5153,106,-106,,,,,,,,No Bet,,No Bet,,No Bet,,No Bet,,No Bet,,No Bet,,No Bet,,No Bet,,No Bet,,,,,,,,,,,,,,,,,,,,,,,,,,,,,17,-0.0214,-0.12815,Detroit Lions,Carolina Panthers,0,0,0,0,1,0,0,1,0,0,0,0,0,2.0,1.5,,,26.722478587547897,0.9841683991377016,0.951369747569352,0.0126005891406216,0.049414014200304,0.072440854019899,0.8976040934162894,0.0885388215798766,0.7344033491587821,0.0027108583428205,0.0033132713078918,0.0335898517226075,0.0274826059548607,0.0307958772627525,1.6320074425750717,0.1609796755997756,0.0026190122644309,0.0579731533362384,33.0,41.0,0.55,0.45,0.5197,0.4801,0.6094,0.39,Detroit Lions,Detroit Lions,Detroit Lions,Detroit Lions,Detroit Lions,Same,Same,Same,False,False,0.0060241296507124,0.0610724576774682,0.0126005891406216,0.049414014200304,0.0060241296507124,0.0610724576774682,0.0177790561139752,0.0420022748769107,0.7580827185551343,0.869273624162898,1.11074125349559,1.0167221791712686,0.9511087989901863,0.613530422473008,0.7061878284213378,1.011554506930993,0.8725548403110234,0.8661935193906425
2022_16_BUF_CHI,2022,17,2022-12-24,13:00,Buffalo Bills,Chicago Bears,Home,Josh Allen,Justin Fields,00-0034857,00-0036945,7,6,1,-1,14,6,Soldier Field,41.8623,-87.6167,America/Chicago,False,False,16,16,Saturday,False,False,0,False,False,0,14,6,AFC East,Highmark Stadium,42.7725,-78.7877,America/New_York,NFC North,Soldier Field,41.8623,-87.6167,America/Chicago,Miami Dolphins,Philadelphia Eagles,Highmark Stadium,Soldier Field,New England Patriots,Detroit Lions,Highmark Stadium,Ford Field,455,0,-455,455,1.0,0.0,America/New_York,America/Chicago,1.0,0.0,1.0,0.0,1.0,0,4.795,-1.575,4.795,-1.575,Buffalo Bills,6.37,Buffalo Bills,6.37,4.795,-1.575,Buffalo Bills,6.37,0.0,0,No,No,No,No,No,0,Yes,0.0,0.0,11.21,-5.152,5.2635000000000005,-0.1494999999999997,5.2635000000000005,-0.1494999999999997,0.4685000000000001,1.4255,11.678499999999998,-3.7265000000000006,Buffalo Bills,5.413,Buffalo Bills,5.413,5.2635000000000005,-0.1494999999999997,Buffalo Bills,5.413,Tie,0.0,Buffalo Bills,16.362000000000002,5.605,-2.576,Buffalo Bills,8.181000000000001,Chicago Bears,0.957,Buffalo Bills,15.404999999999998,6.073499999999999,-1.1505000000000003,Buffalo Bills,7.223999999999999,Different,Same,Different,Same,Different,Same,False,Home Team,Away Team,40.0,304.0,-360.0,Buffalo Bills,Chicago Bears,8.0,-8.0,-122,101,702,-1197,-0.957,0.957,15.404999999999998,-15.404999999999998,0.7826,0.2475,0.4975,0.5495,0.9229,0.1247,0.7597,0.2403,0.4752,0.5248,0.881,0.119,0.7597,0.2403,0.2597,-0.2597,7.0,17.0,163,17.0,7.0,0.0,nfl_read_py Fallback,False,J.Allen,C.Williams,11.15,12.0,13.87,192.31,Med-High,3.0,20.0,42.63,42.0,13.279884721926072,26.0,60.0,0.213,0.7866,0.0606,0.0686,0.3796,0.6042,0.5412,0.4228,17,2022-12-24,Buffalo Bills @ Chicago Bears,0.2743,0.7256,265,-264,,,,,,,,No Bet,,No Bet,,No Bet,,No Bet,,No Bet,,No Bet,,No Bet,,No Bet,,No Bet,,,,,,,,,,,,,,,,,,,,,,,,,,,,,17,0.2655,-0.1856,Buffalo Bills,Chicago Bears,0,0,0,0,1,0,0,1,0,0,0,0,0,4.5,1.0,,,26.722478587547897,0.9250471311285022,1.3294850876804482e-16,0.0076055873419786,0.1302352924252483,0.0250604246687226,2.6989965817847407e-15,0.079227651355924,8.537170970157602e-16,0.0009378031527509,0.0029648316901577,1.0100098211108363e-16,3.194752665696116e-17,0.0029648316901577,3.552713678800501e-15,0.1042880760246466,0.000695945157731,1.3294850876804482e-16,33.0,41.0,0.7597,0.2403,0.7311,0.2685,0.7936,0.205,Buffalo Bills,Buffalo Bills,Buffalo Bills,Buffalo Bills,Buffalo Bills,Same,Same,Same,False,False,0.0039026348429087,1.3294850876804482e-16,0.0076055873419786,0.1302352924252483,0.0039026348429087,1.3294850876804482e-16,0.0112193564198829,0.2065288998633958,0.4606407080403885,1.1667156346776433,1.2629736394781281,0.8644897931887316,0.22502082597074732,1.3396183954924488,0.43874896071872627,1.2789933746336046,0.5635685021319489,1.1751798575697172
2022_16_NO_CLE,2022,17,2022-12-24,13:00,New Orleans Saints,Cleveland Browns,Home,Andy Dalton,Deshaun Watson,00-0027973,00-0033537,6,7,-1,1,-9,3,FirstEnergy Stadium,41.5061,-81.6994,America/New_York,False,False,16,16,Saturday,False,False,0,False,False,0,-9,3,NFC South,Caesars Superdome,29.9507,-90.0813,America/Chicago,AFC North,FirstEnergy Stadium,41.5061,-81.6994,America/New_York,Atlanta Falcons,Baltimore Ravens,Caesars Superdome,FirstEnergy Stadium,Philadelphia Eagles,Washington Commanders,Lincoln Financial Field,FedExField,925,0,-925,925,-1.0,0.0,America/Chicago,America/New_York,-1.0,0.0,-1.0,0.0,-1.0,0,-6.145,-4.705,-6.145,-4.705,Cleveland Browns,1.4399999999999995,Cleveland Browns,1.4399999999999995,-6.145,-4.705,Cleveland Browns,1.4399999999999995,0.0,0,No,No,No,No,Yes,0,No,0.0,0.0,-1.222,1.172,-7.3665,-3.985,-7.3665,-3.985,-1.2215,0.72,-2.4435,1.892,Cleveland Browns,3.381500000000001,Cleveland Browns,3.381500000000001,-7.3665,-3.985,Cleveland Browns,3.381500000000001,Tie,0.0,Cleveland Browns,2.394,-0.611,0.586,Cleveland Browns,1.197,Cleveland Browns,1.9415,Cleveland Browns,4.3355,-1.8325,1.306,Cleveland Browns,3.1385,Different,Same,Same,Same,Different,Same,False,Home Team,Home Team,32.0,-181.0,162.0,Cleveland Browns,New Orleans Saints,-3.0,3.0,-131,108,-224,181,-1.9415,1.9415,-4.3355,4.3355,0.3817,0.6441,0.4808,0.5671,0.3559,0.6914,0.3721,0.6279,0.4588,0.5412,0.3398,0.6602,0.3721,0.6279,-0.1279,0.1279,6.0,27.0,164,27.0,6.0,0.0,nfl_read_py Fallback,False,S.Rattler,D.Gabriel,-0.05,1.0,13.16,173.15,Medium,-10.0,10.0,27.15,27.0,11.115377964129564,13.0,42.0,0.4928,0.5016,0.1064,0.1176,0.4128,0.5368,0.3114,0.6796,17,2022-12-24,New Orleans Saints @ Cleveland Browns,0.5805,0.4181,-138,139,,,,,,,,No Bet,,No Bet,,No Bet,,No Bet,,No Bet,,No Bet,,No Bet,,No Bet,,No Bet,,,,,,,,,,,,,,,,,,,,,,,,,,,,,17,-0.0241499999999999,-0.04925,Cleveland Browns,New Orleans Saints,0,0,0,0,0,1,1,0,0,0,0,0,0,2.0,2.0,,,26.722478587547897,0.3802422785427725,0.3155465339548858,0.0906778974296428,0.005080425596472,2.357849057215564,0.014565206454692,1.3972856094758894,0.0245780519561976,0.0882346691565605,0.0522887727236123,0.0005450544719111,0.0009197519562294,0.0532085246798418,0.0391432584108897,3.7551346666914527,0.1396889322848071,0.0003714246188543,33.0,41.0,0.3721,0.6279,0.4653,0.5337,0.5112,0.485,Cleveland Browns,New Orleans Saints,Cleveland Browns,New Orleans Saints,Cleveland Browns,Same,Same,Same,False,False,0.1405234418801729,0.0014648064281406,0.0906778974296428,0.005080425596472,0.1405234418801729,0.0014648064281406,0.0582916112072571,0.0087388157694888,0.9639206784338662,0.6634356642841661,1.0435168349813626,1.0839465976854963,0.981794440295836,0.5828447811673584,0.7803538046758344,0.9373885306764963,0.9406065887822286,0.7981417709194374
2022_16_SEA_KC,2022,17,2022-12-24,13:00,Seattle Seahawks,Kansas City Chiefs,Home,Geno Smith,Patrick Mahomes,00-0030565,00-0033873,9,6,3,-3,3,6,GEHA Field at Arrowhead Stadium,39.0489,-94.4839,America/Chicago,False,False,16,16,Saturday,False,False,0,False,False,0,3,6,NFC West,Lumen Field,47.5952,-122.3316,America/Los_Angeles,AFC West,GEHA Field at Arrowhead Stadium,39.0489,-94.4839,America/Chicago,San Francisco 49ers,Houston Texans,Lumen Field,NRG Stadium,New York Jets,Denver Broncos,Lumen Field,GEHA Field at Arrowhead Stadium,1508,0,-1508,1508,-2.0,0.0,America/Los_Angeles,America/Chicago,-2.0,0.0,-2.0,0.0,-2.0,0,-0.13,4.395,-0.13,4.395,Kansas City Chiefs,4.525,Kansas City Chiefs,4.525,-0.13,4.395,Kansas City Chiefs,4.525,-0.3,0,No,No,No,No,No,0,Yes,0.0,0.0,-1.539,8.203,-0.1284999999999999,4.395499999999999,-0.1284999999999999,4.395499999999999,0.0015,0.0005,-1.5375,8.2035,Kansas City Chiefs,4.523999999999999,Kansas City Chiefs,4.523999999999999,-0.1284999999999999,4.395499999999999,Kansas City Chiefs,4.523999999999999,Tie,0.0,Kansas City Chiefs,9.742,-0.7695,4.1015,Kansas City Chiefs,4.871,Seattle Seahawks,0.0009999999999999,Kansas City Chiefs,9.741,-0.7679999999999999,4.102,Kansas City Chiefs,4.87,Different,Same,Different,Same,Different,Same,False,Away Team,Home Team,50.5,-447.0,367.0,Kansas City Chiefs,Seattle Seahawks,-10.5,10.5,-110,-110,-436,327,0.0009999999999999,-0.0009999999999999,-9.741,9.741,0.2141,0.8172,0.5238,0.5238,0.2342,0.8134,0.2076,0.7924,0.5,0.5,0.2235,0.7765,0.2076,0.7924,-0.2924,0.2924,12.0,9.0,165,9.0,12.0,0.0,nfl_read_py Fallback,False,S.Darnold,P.Mahomes,-13.37,-14.0,13.53,183.14,Med-High,-23.0,-5.0,51.36,51.0,14.06300891999919,33.0,69.10000000000036,0.8414,0.1586,0.0616,0.063,0.591,0.409,0.5126,0.4874,17,2022-12-24,Seattle Seahawks @ Kansas City Chiefs,0.7276,0.2724,-267,267,,,,,,,,No Bet,,No Bet,,No Bet,,No Bet,,No Bet,,No Bet,,No Bet,,No Bet,,No Bet,,,,,,,,,,,,,,,,,,,,,,,,,,,,,17,0.0779499999999999,0.31405,Kansas City Chiefs,Seattle Seahawks,0,0,0,0,0,1,1,0,0,0,0,0,0,3.0,5.0,,,26.722478587547897,1.3294850876804482e-16,0.4905184589863053,0.0971878571757109,0.0058147301984931,2.815170319081517e-15,0.0112151470429179,7.37543359718984e-16,0.0428077192524477,1.0534839834779872e-16,2.7600110420246098e-17,0.0004196896259519,0.0016019367032965,0.0016019367032965,0.0540228662953657,3.552713678800501e-15,1.3294850876804482e-16,0.0003210703786458,33.0,41.0,0.2076,0.7924,0.2816,0.7183,0.2202,0.7796,Kansas City Chiefs,Kansas City Chiefs,Kansas City Chiefs,Kansas City Chiefs,Kansas City Chiefs,Same,Same,Same,False,False,1.3294850876804482e-16,0.0020216263292484,0.0971878571757109,0.0058147301984931,1.3294850876804482e-16,0.0020216263292484,0.1545386929144239,0.0095532287028772,1.243112648531859,0.3842436941861714,0.9503244494781098,1.1771389831887489,1.170804349060604,0.39383487240259096,1.402093359548793,0.31564897580353773,1.2017530068298,0.5369953528718662
2022_16_NYG_MIN,2022,17,2022-12-24,13:00,New York Giants,Minnesota Vikings,Home,Daniel Jones,Kirk Cousins,00-0035710,00-0029604,6,7,-1,1,-2,0,U.S. Bank Stadium,44.9738,-93.2575,America/Chicago,False,True,16,16,Saturday,False,False,0,False,False,0,-2,0,NFC East,MetLife Stadium,40.8136,-74.0744,America/New_York,NFC North,U.S. Bank Stadium,44.9738,-93.2575,America/Chicago,Washington Commanders,Indianapolis Colts,FedExField,U.S. Bank Stadium,Indianapolis Colts,Green Bay Packers,MetLife Stadium,Lambeau Field,1009,0,-1009,1009,1.0,0.0,America/New_York,America/Chicago,1.0,0.0,1.0,0.0,1.0,0,-2.84,0.27,-2.84,0.27,Minnesota Vikings,3.11,Minnesota Vikings,3.11,-2.84,0.27,Minnesota Vikings,3.11,0.0,0,No,No,No,No,Yes,0,No,0.0,0.0,-5.233,-1.753,-2.9425,2.266,-2.9425,2.266,-0.1025,1.996,-5.335499999999999,0.2430000000000001,Minnesota Vikings,5.2085,Minnesota Vikings,5.2085,-2.9425,2.266,Minnesota Vikings,5.2085,Tie,0.0,Minnesota Vikings,3.4799999999999995,-2.6165,-0.8765,Minnesota Vikings,1.7399999999999998,Minnesota Vikings,2.0985,Minnesota Vikings,5.578499999999999,-2.7189999999999994,1.1195,Minnesota Vikings,3.8385,Different,Same,Same,Same,Different,Same,False,Home Team,Home Team,48.0,-215.0,191.0,Minnesota Vikings,New York Giants,-4.5,4.5,-131,108,-244,195,-2.0985,2.0985,-5.578499999999999,5.578499999999999,0.3436,0.6825,0.4808,0.5671,0.339,0.7093,0.3349,0.6651,0.4588,0.5412,0.3234,0.6766,0.3349,0.6651,-0.1651,0.1651,,,166,0.0,70.0,0.0,Dome,True,J.Dart,C.Wentz,-0.63,-1.0,13.45,180.78,Med-High,-10.0,9.0,46.69,47.0,12.83120743097965,30.0,63.0,0.5082,0.491,0.0906,0.0922,0.4144,0.5856,0.442,0.5376,17,2022-12-24,New York Giants @ Minnesota Vikings,0.5978,0.402,-149,149,,,,,,,,No Bet,,No Bet,,No Bet,,No Bet,,No Bet,,No Bet,,No Bet,,No Bet,,No Bet,,,,,,,,,,,,,,,,,,,,,,,,,,,,,17,-0.11055,0.0424,Minnesota Vikings,New York Giants,0,0,0,0,0,1,1,0,0,0,0,0,0,1.5,2.5,,,26.722478587547897,0.3917581428661901,0.7774725370038266,0.1493808088037001,0.0066989324832401,4.635563034916979,0.0307205761515159,2.3341603674540616,0.0610100185081316,0.1734705491382469,0.0873481986263703,0.0011496155212874,0.0022830972923507,0.089631295918721,0.0917305946596476,6.9697234023710415,0.2603629213341835,0.0007381241468696,33.0,41.0,0.3349,0.6651,0.4353,0.5645,0.7322,0.2672,Minnesota Vikings,New York Giants,Minnesota Vikings,Minnesota Vikings,Minnesota Vikings,Same,Different,Same,False,False,0.2608187477646173,0.0034327128136381,0.1493808088037001,0.0066989324832401,0.2608187477646173,0.0034327128136381,0.0770177603251278,0.0100806174008898,0.9880599138266096,0.6392964288914219,0.9771811784262727,1.150282254240587,0.973678906021897,0.5909603154412967,0.7644788176446481,0.9532635177076824,0.9261914888043138,0.8125568708973521
2022_16_CIN_NE,2022,17,2022-12-24,13:00,Cincinnati Bengals,New England Patriots,Home,Joe Burrow,Mac Jones,00-0036442,00-0036972,6,6,0,0,6,-12,Gillette Stadium,42.0628,-71.2687,America/New_York,False,True,16,16,Saturday,False,False,0,False,False,0,6,-12,AFC North,Paycor Stadium,39.0955,-84.5165,America/New_York,AFC East,Gillette Stadium,42.0628,-71.2687,America/New_York,Tampa Bay Buccaneers,Las Vegas Raiders,Raymond James Stadium,Allegiant Stadium,Baltimore Ravens,Miami Dolphins,Paycor Stadium,Gillette Stadium,723,0,-723,723,0.0,0.0,America/New_York,America/Los_Angeles,0.0,-3.0,0.0,0.0,0.0,0,1.31,-1.995,1.31,-1.995,Cincinnati Bengals,3.305,Cincinnati Bengals,3.305,1.31,-1.995,Cincinnati Bengals,3.305,0.0,0,No,No,No,No,No,0,No,0.0,0.0,2.648,0.436,1.873,-2.2365000000000004,1.873,-2.2365000000000004,0.5630000000000001,-0.2415000000000001,3.2110000000000003,0.1944999999999999,Cincinnati Bengals,4.109500000000001,Cincinnati Bengals,4.109500000000001,1.873,-2.2365000000000004,Cincinnati Bengals,4.109500000000001,Tie,0.0,Cincinnati Bengals,2.212,1.324,0.218,Cincinnati Bengals,1.106,Cincinnati Bengals,0.8045000000000002,Cincinnati Bengals,3.0165000000000006,1.887,-0.0235000000000001,Cincinnati Bengals,1.9105000000000003,Different,Same,Same,Same,Different,Same,False,Away Team,Away Team,42.0,136.0,-151.0,Cincinnati Bengals,New England Patriots,3.0,-3.0,101,-122,135,-164,0.8045000000000002,-0.8045000000000002,3.0165000000000006,-3.0165000000000006,0.6016,0.4237,0.5495,0.4975,0.6212,0.4255,0.5867,0.4133,0.5248,0.4752,0.5935,0.4065,0.5867,0.4133,0.0867,-0.0867,21.0,2.0,167,2.0,21.0,0.0,nfl_read_py Fallback,False,J.Browning,D.Maye,-3.63,-4.0,13.92,193.65,Med-High,-13.0,7.0,42.94,43.0,12.822862969046524,27.0,60.0,0.5976,0.4022,0.0916,0.0832,0.627,0.3284,0.5066,0.4692,17,2022-12-24,Cincinnati Bengals @ New England Patriots,0.4732,0.5268,111,-111,,,,,,,,No Bet,,No Bet,,No Bet,,No Bet,,No Bet,,No Bet,,No Bet,,No Bet,,No Bet,,,,,,,,,,,,,,,,,,,,,,,,,,,,,17,0.3312,-0.08265,Cincinnati Bengals,New England Patriots,0,0,0,0,1,0,0,1,0,0,0,0,0,5.0,1.5,,,26.722478587547897,0.5474759089572012,0.2903379165361172,0.0042301508907649,0.0152692005115857,0.0286360959055934,0.1280511212345537,0.0406503689034882,0.0902054344745885,0.0010716107718741,0.0015212050323217,0.0047918878787771,0.0033756387596703,0.0048968437919921,0.2182565557091422,0.0692864648090817,0.0006959679138952,0.0071852346284577,33.0,41.0,0.5867,0.4133,0.5508,0.449,0.6296,0.3696,Cincinnati Bengals,Cincinnati Bengals,Cincinnati Bengals,New England Patriots,Cincinnati Bengals,Same,Different,Same,False,False,0.0025928158041959,0.0081675266384475,0.0042301508907649,0.0152692005115857,0.0025928158041959,0.0081675266384475,0.0067107800273954,0.0206654747118908,0.6801514084194963,0.9472049342985356,1.025144117564756,1.1023193151021027,0.6428901164030428,0.9217491050601504,1.0348368097777072,0.6829055255746238,0.8317594013531567,0.9069889583485095
2022_16_HOU_TEN,2022,17,2022-12-24,14:00,Houston Texans,Tennessee Titans,Home,Davis Mills,Malik Willis,00-0036898,00-0038128,6,6,0,0,-8,-8,Nissan Stadium,36.1664,-86.7716,America/Chicago,False,False,16,16,Saturday,False,False,0,False,False,0,-8,-8,AFC South,NRG Stadium,29.6847,-95.4093,America/Chicago,AFC South,Nissan Stadium,36.1664,-86.7716,America/Chicago,Kansas City Chiefs,Los Angeles Chargers,NRG Stadium,SoFi Stadium,Jacksonville Jaguars,Dallas Cowboys,NRG Stadium,Nissan Stadium,671,0,-671,671,0.0,0.0,America/Chicago,America/Los_Angeles,0.0,-2.0,0.0,0.0,0.0,0,0.035,-4.36,0.035,-4.36,Houston Texans,4.3950000000000005,Houston Texans,4.3950000000000005,0.035,-4.36,Houston Texans,4.3950000000000005,0.0,0,No,No,No,No,No,1,No,0.0,0.0,-6.241,0.3,0.24835,-4.51935,0.24835,-4.51935,0.2573,-0.2033,-5.91829,0.0312899999999999,Houston Texans,4.7677000000000005,Houston Texans,4.7677000000000005,0.24835,-4.51935,Houston Texans,4.7677000000000005,Tie,0.0,Tennessee Titans,6.541,-3.1205,0.15,Tennessee Titans,3.2705,Houston Texans,0.4606,Tennessee Titans,5.94958,-2.830495,-0.086005,Tennessee Titans,2.74449,Different,Different,Same,Different,Different,Same,False,Away Team,Home Team,34.0,-170.0,153.0,Tennessee Titans,Houston Texans,-3.0,3.0,-104,-116,-261,208,0.4606,-0.4606,-5.94958,5.94958,0.3953,0.6296,0.537,0.5098,0.3247,0.723,0.3857,0.6143,0.513,0.487,0.3099,0.6901,0.3857,0.6143,-0.1143,0.1143,22.0,14.0,168,14.0,22.0,0.0,nfl_read_py Fallback,False,C.Stroud,C.Ward,-0.44,-1.0,13.64,185.98,Med-High,-10.0,9.0,43.82,43.0,13.36662363371817,27.0,61.0,0.5088,0.4898,0.0864,0.0908,0.596,0.404,0.4828,0.5172,17,2022-12-24,Houston Texans @ Tennessee Titans,0.575,0.4246,-135,136,,,,,,,,No Bet,,No Bet,,No Bet,,No Bet,,No Bet,,No Bet,,No Bet,,No Bet,,No Bet,,,,,,,,,,,,,,,,,,,,,,,,,,,,,17,-0.10365,-0.27815,Tennessee Titans,Houston Texans,0,0,0,0,0,1,1,0,0,0,0,0,1,1.5,0.0,,,26.722478587547897,0.941316109237594,0.985870728617804,0.0993502563938037,0.0083679498889132,3.019258136363951,0.0428830056160966,1.895698947087052,0.0682992749545454,0.1129857070133778,0.0709402363585542,0.0016047540453855,0.0025558735029306,0.0734961098614848,0.1111822805706421,4.914957083451003,0.1812893155221974,0.0007430967834597,33.0,41.0,0.3857,0.6143,0.4192,0.5804,0.5048,0.4936,Tennessee Titans,Houston Texans,Tennessee Titans,Tennessee Titans,Tennessee Titans,Same,Different,Same,False,False,0.1839259433719321,0.0041606275483162,0.0993502563938037,0.0083679498889132,0.1839259433719321,0.0041606275483162,0.0453710028784996,0.0122608035477426,0.9375284391821976,0.689827903535834,0.9238667241648808,1.203596708501979,1.0272799984623693,0.5373592230008247,0.803434932971023,0.9143074023813078,0.9266418828077098,0.8121064768939561
2022_16_WAS_SF,2022,17,2022-12-24,16:05,Washington Commanders,San Francisco 49ers,Home,Taylor Heinicke,Brock Purdy,00-0031800,00-0037834,6,9,-3,3,2,3,Levi's Stadium,37.4031,-121.9702,America/Los_Angeles,False,False,16,16,Saturday,False,False,0,False,False,0,2,3,NFC East,FedExField,38.9077,-76.8645,America/New_York,NFC West,Levi's Stadium,37.4031,-121.9702,America/Los_Angeles,New York Giants,Seattle Seahawks,FedExField,Lumen Field,Cleveland Browns,Las Vegas Raiders,FedExField,Allegiant Stadium,2426,0,-2426,2426,3.0,0.0,America/New_York,America/Los_Angeles,3.0,0.0,3.0,0.0,3.0,0,1.45,3.325,1.45,3.325,San Francisco 49ers,1.875,San Francisco 49ers,1.875,1.45,3.325,San Francisco 49ers,1.875,-0.2249999999999999,0,No,No,No,No,Yes,0,No,0.0,0.0,-7.066,4.436,0.8530000000000002,4.245,0.8530000000000002,4.245,-0.597,0.92,-7.662999999999999,5.356,San Francisco 49ers,3.392,San Francisco 49ers,3.392,0.8530000000000002,4.245,San Francisco 49ers,3.392,Tie,0.0,San Francisco 49ers,11.502,-3.533,2.218,San Francisco 49ers,5.751,San Francisco 49ers,1.517,San Francisco 49ers,13.018999999999998,-4.13,3.138,San Francisco 49ers,7.268,Different,Same,Same,Same,Different,Same,False,Home Team,Home Team,37.5,-279.0,241.0,San Francisco 49ers,Washington Commanders,-6.5,6.5,-128,105,-729,494,-1.517,1.517,-13.018999999999998,13.018999999999998,0.2933,0.7361,0.4878,0.5614,0.1684,0.8794,0.2849,0.7151,0.4649,0.5351,0.1607,0.8393,0.2849,0.7151,-0.2151,0.2151,54.0,2.0,169,2.0,54.0,0.0,nfl_read_py Fallback,False,J.Daniels,M.Jones,-11.53,-12.0,12.51,156.44,Low,-20.0,-4.0,46.44,46.0,12.670484102569985,30.0,63.0,0.8204,0.179,0.0666,0.0742,0.6772,0.3228,0.7468,0.2532,17,2022-12-24,Washington Commanders @ San Francisco 49ers,0.7275,0.2724,-267,267,,,,,,,,No Bet,,No Bet,,No Bet,,No Bet,,No Bet,,No Bet,,No Bet,,No Bet,,No Bet,,,,,,,,,,,,,,,,,,,,,,,,,,,,,17,-0.107,0.34025,San Francisco 49ers,Washington Commanders,0,0,0,0,0,1,1,0,0,0,0,0,0,1.5,5.0,,,26.722478587547897,0.1616424470628538,0.6223642780247071,0.1111580154347914,0.005858602531526,3.088865032473356,0.0204959356290718,1.2306217980026,0.0514448703697764,0.1155905138946467,0.046051933168207,0.0007669923118068,0.0019251533947808,0.0479770865629879,0.0719408059988483,4.319486830475956,0.1616424470628538,0.0005349420942236,33.0,41.0,0.2849,0.7151,0.3361,0.6635,0.2862,0.7122,San Francisco 49ers,San Francisco 49ers,San Francisco 49ers,San Francisco 49ers,San Francisco 49ers,Same,Same,Same,False,False,0.1616424470628538,0.0026921457065876,0.1111580154347914,0.005858602531526,0.1616424470628538,0.0026921457065876,0.077585298364752,0.0092118656269948,1.0990933739521564,0.5282629687658755,1.0071732261762378,1.120290206490621,1.2720905860873521,0.2925486353758424,1.3539982371783623,0.36374409817396774,1.1913684644214666,0.5473798952801993
2022_16_PHI_DAL,2022,17,2022-12-24,16:25,Philadelphia Eagles,Dallas Cowboys,Home,Gardner Minshew,Dak Prescott,00-0035289,00-0033077,6,6,0,0,-2,5,AT&T Stadium,32.7369,-97.0826,America/Chicago,False,True,16,16,Saturday,False,False,0,False,False,0,-2,5,NFC East,Lincoln Financial Field,39.9008,-75.1675,America/New_York,NFC East,AT&T Stadium,32.7369,-97.0826,America/Chicago,Chicago Bears,Jacksonville Jaguars,Soldier Field,TIAA Bank Field,New Orleans Saints,Tennessee Titans,Lincoln Financial Field,Nissan Stadium,1311,0,-1311,1311,1.0,0.0,America/Chicago,America/New_York,0.0,1.0,0.0,0.0,0.0,0,4.905,-0.615,4.905,-0.615,Philadelphia Eagles,5.5200000000000005,Philadelphia Eagles,5.5200000000000005,4.905,-0.615,Philadelphia Eagles,5.5200000000000005,0.0,0,No,No,No,No,No,1,No,0.0,0.0,3.065,2.647,3.8574800000000007,-1.97548,3.8574800000000007,-1.97548,-0.99232,-1.4156799999999998,2.0685,1.2354999999999998,Philadelphia Eagles,5.832960000000001,Philadelphia Eagles,5.832960000000001,3.8574800000000007,-1.97548,Philadelphia Eagles,5.832960000000001,Tie,0.0,Philadelphia Eagles,0.4180000000000001,1.5325,1.3235,Philadelphia Eagles,0.209,Philadelphia Eagles,0.4233599999999998,Philadelphia Eagles,0.833,0.53809,-0.09009,Philadelphia Eagles,0.62818,Different,Same,Same,Same,Different,Same,False,Away Team,Away Team,48.0,-200.0,178.0,Dallas Cowboys,Philadelphia Eagles,-4.0,4.0,-104,-116,101,-122,0.4233599999999998,-0.4233599999999998,0.833,-0.833,0.3597,0.6667,0.537,0.5098,0.5495,0.4975,0.3505,0.6495,0.513,0.487,0.5248,0.4752,0.3505,0.6495,-0.1495,0.1495,,,170,0.0,70.0,0.0,Dome,True,J.Hurts,D.Prescott,5.41,7.0,14.51,210.67,High,-5.0,15.0,58.9,59.0,14.237819350587786,41.0,78.0,0.353,0.647,0.0766,0.0768,0.2704,0.71,0.7676,0.2198,17,2022-12-24,Philadelphia Eagles @ Dallas Cowboys,0.4912,0.5088,104,-104,,,,,,,,No Bet,,No Bet,,No Bet,,No Bet,,No Bet,,No Bet,,No Bet,,No Bet,,No Bet,,,,,,,,,,,,,,,,,,,,,,,,,,,,,17,0.2861,0.297,Dallas Cowboys,Philadelphia Eagles,0,0,0,0,0,1,1,0,0,0,0,0,1,4.5,4.5,,,26.722478587547897,1.3294850876804482e-16,1.3294850876804482e-16,0.0152787724565643,0.0,2.307487534380925e-15,1.2452261444195757e-15,1.2452261444195757e-15,2.307487534380925e-15,8.635005644484506e-17,4.659845232319971e-17,4.6598452323199696e-17,8.635005644484511e-17,1.3294850876804482e-16,3.552713678800501e-15,3.552713678800501e-15,1.3294850876804482e-16,1.3294850876804482e-16,33.0,41.0,0.3505,0.6495,0.4421,0.5579,0.6444,0.3554,Dallas Cowboys,Philadelphia Eagles,Dallas Cowboys,Philadelphia Eagles,Philadelphia Eagles,Same,Same,Different,False,False,1.3294850876804482e-16,1.3294850876804482e-16,0.0152787724565643,0.0,1.3294850876804482e-16,1.3294850876804482e-16,0.0256793659078322,0.0010534360550457,1.0470903023359615,0.0,1.0164881767021718,0.0,0.7337461699417266,0.0,0.5954868201602965,0.0,0.8416331788806998,0.0
2022_16_LV_PIT,2022,17,2022-12-24,20:15,Las Vegas Raiders,Pittsburgh Steelers,Home,Derek Carr,Kenny Pickett,00-0031280,00-0038102,6,6,0,0,-6,-4,Acrisure Stadium,40.4468,-80.0158,America/New_York,False,False,16,16,Saturday,False,False,0,False,False,0,-6,-4,AFC West,Allegiant Stadium,36.108,-115.1578,America/Los_Angeles,AFC North,Acrisure Stadium,40.4468,-80.0158,America/New_York,New England Patriots,Carolina Panthers,Allegiant Stadium,Bank of America Stadium,San Francisco 49ers,Baltimore Ravens,Allegiant Stadium,M&T Bank Stadium,1915,0,-1915,1915,-3.0,0.0,America/Los_Angeles,America/New_York,-3.0,0.0,-3.0,0.0,-3.0,0,-2.35,-0.565,-2.35,-0.565,Pittsburgh Steelers,1.785,Pittsburgh Steelers,1.785,-2.35,-0.565,Pittsburgh Steelers,1.785,-0.4499999999999999,0,No,No,No,No,No,0,No,0.0,0.0,0.872,-2.946,-4.9855,-0.4239999999999999,-4.9855,-0.4239999999999999,-2.6355,0.141,-1.7635,-2.805,Pittsburgh Steelers,4.5615000000000006,Pittsburgh Steelers,4.5615000000000006,-4.9855,-0.4239999999999999,Pittsburgh Steelers,4.5615000000000006,Tie,0.0,Las Vegas Raiders,3.818,0.436,-1.473,Las Vegas Raiders,1.909,Pittsburgh Steelers,2.7765,Las Vegas Raiders,1.0415,-2.1995,-1.332,Pittsburgh Steelers,0.8674999999999999,Different,Different,Same,Different,Different,Same,False,Home Team,Away Team,38.5,-141.0,127.0,Pittsburgh Steelers,Las Vegas Raiders,-2.5,2.5,-164,135,101,-122,-2.7765,2.7765,1.0415,-1.0415,0.4405,0.5851,0.4255,0.6212,0.5495,0.4975,0.4295,0.5705,0.4065,0.5935,0.5248,0.4752,0.4295,0.5705,-0.0705,0.0705,9.0,21.0,171,21.0,9.0,0.0,nfl_read_py Fallback,False,G.Smith,A.Rodgers,-5.1,-6.0,13.58,184.34,Med-High,-14.0,5.0,39.77,39.0,12.804019391679962,23.0,57.0,0.6498,0.3488,0.0894,0.0884,0.6142,0.3858,0.5196,0.4804,17,2022-12-24,Las Vegas Raiders @ Pittsburgh Steelers,0.5722,0.4274,-134,134,,,,,,,,No Bet,,No Bet,,No Bet,,No Bet,,No Bet,,No Bet,,No Bet,,No Bet,,No Bet,,,,,,,,,,,,,,,,,,,,,,,,,,,,,17,-0.2864,0.01875,Pittsburgh Steelers,Las Vegas Raiders,0,0,0,0,0,1,1,0,0,0,0,0,0,0.0,2.5,,,26.722478587547897,0.976507607385249,0.0009755735996348,0.0693766035229887,0.0068870881643483,1.202496755967672,0.0085723967595142,0.9052977330203597,0.0113866178144421,0.0449994468899307,0.0338777606296673,0.0003207934747306,0.0004261063500205,0.0343038669796879,0.0199590145739564,2.107794488988032,0.0757523751442672,0.0007461037652424,33.0,41.0,0.4295,0.5705,0.4133,0.5865,0.2426,0.7566,Pittsburgh Steelers,Pittsburgh Steelers,Pittsburgh Steelers,Pittsburgh Steelers,Pittsburgh Steelers,Same,Same,Same,False,False,0.078877207519598,0.0007468998247511,0.0693766035229887,0.0068870881643483,0.078877207519598,0.0007468998247511,0.062510234762079,0.0120204420927065,0.8848915964283619,0.7424647462896695,1.1840042993921112,0.9434591332747468,0.7039482235448468,0.8606909979183476,1.0701163072260633,0.6476260281262667,0.944562561360296,0.7941857983413702
2022_16_GB_MIA,2022,18,2022-12-25,13:00,Green Bay Packers,Miami Dolphins,Home,Aaron Rodgers,Tua Tagovailoa,00-0023459,00-0036212,6,8,-2,2,-12,7,Hard Rock Stadium,25.9602,-80.2384,America/New_York,False,False,Christmas,16,Sunday,False,False,0,False,False,0,-12,7,NFC North,Lambeau Field,44.5013,-88.0622,America/Chicago,AFC East,Hard Rock Stadium,25.9602,-80.2384,America/New_York,Los Angeles Rams,Buffalo Bills,Lambeau Field,Highmark Stadium,Minnesota Vikings,New England Patriots,Lambeau Field,Gillette Stadium,1352,0,-1352,1352,-1.0,0.0,America/Chicago,America/New_York,-1.0,0.0,-1.0,0.0,-1.0,0,3.535,0.66,3.535,0.66,Green Bay Packers,2.875,Green Bay Packers,2.875,3.535,0.66,Green Bay Packers,2.875,0.0,0,No,No,No,No,Yes,0,No,0.0,0.0,1.303,1.001,0.6765000000000001,2.4395,0.6765000000000001,2.4395,-2.8585000000000003,1.7795,-1.5555,2.7805,Miami Dolphins,1.763,Miami Dolphins,1.763,0.6765000000000001,2.4395,Miami Dolphins,1.763,Tie,0.0,Green Bay Packers,0.302,0.6515,0.5005,Green Bay Packers,0.151,Miami Dolphins,4.638,Miami Dolphins,4.336,-2.2070000000000003,2.28,Miami Dolphins,4.487,Different,Different,Same,Same,Different,Different,False,Home Team,Home Team,49.0,-182.0,163.0,Miami Dolphins,Green Bay Packers,-3.5,3.5,-224,181,-224,181,-4.638,4.638,-4.336,4.336,0.3802,0.6454,0.3559,0.6914,0.3559,0.6914,0.3707,0.6293,0.3398,0.6602,0.3398,0.6602,0.3707,0.6293,-0.1293,0.1293,45.0,14.0,172,14.0,45.0,0.0,nfl_read_py Fallback,False,n,y,0.15,0.0,13.91,193.53,Med-High,-10.0,10.0,42.36,42.0,12.56262827460214,26.0,58.0,0.4996,0.4998,0.0868,0.0886,0.4222,0.5778,0.2828,0.6966,18,2022-12-25,GB @ MIA,0.6123,0.3875,-158,158,,,,,,,,No Bet,,No Bet,,No Bet,,No Bet,,No Bet,,No Bet,,No Bet,,No Bet,,No Bet,,,,,,,,,,,,,,,,,,,,,,,,,,,,,18,0.1646,0.02465,Miami Dolphins,Green Bay Packers,0,0,0,0,0,0,0,0,0,0,0,0,0,5.0,3.5,,,16.71096096893314,0.2236033202089918,0.0146281576895544,0.1379464921569051,0.0216049163977086,2.087311666498484,0.0741467345143055,1.229566875529935,0.1258714325056716,0.1249067405745812,0.0735784661226716,0.004437012009791,0.0075322677576517,0.0811107338803233,0.2000181670199772,3.316878542028419,0.1984852066972528,0.0119692797674427,22.0,11.0,0.3707,0.6293,0.4792,0.5206,0.7194,0.28,Miami Dolphins,Green Bay Packers,Miami Dolphins,Green Bay Packers,Miami Dolphins,Same,Same,Same,False,False,0.1984852066972528,0.0119692797674427,0.1379464921569051,0.0216049163977086,0.1984852066972528,0.0119692797674427,0.1007493081517626,0.0286620657465703,1.0309760890486324,0.7877708620901799,1.2838416897888154,0.9201206322729697,1.1825990977566583,0.8210449110672451,0.960302856096695,1.329148046734713,1.117777606177595,0.9616437756324503
2022_16_DEN_LA,2022,18,2022-12-25,16:30,Denver Broncos,Los Angeles Rams,Home,Russell Wilson,Baker Mayfield,00-0029263,00-0034855,7,6,1,-1,10,1,SoFi Stadium,33.9535,-118.3395,America/Los_Angeles,False,False,Christmas,16,Sunday,False,False,0,False,False,0,10,1,AFC West,Empower Field at Mile High,39.7648,-105.0076,America/Denver,NFC West,SoFi Stadium,33.9535,-118.3395,America/Los_Angeles,Arizona Cardinals,Green Bay Packers,Empower Field at Mile High,Lambeau Field,Kansas City Chiefs,Los Angeles Chargers,GEHA Field at Arrowhead Stadium,SoFi Stadium,837,0,-837,837,1.0,0.0,America/Denver,America/Chicago,1.0,2.0,1.0,0.0,1.0,0,2.05,1.29,2.05,1.29,Denver Broncos,0.7599999999999998,Denver Broncos,0.7599999999999998,2.05,1.29,Denver Broncos,0.7599999999999998,0.0,0,No,No,No,No,No,0,Yes,0.0,0.0,-3.234,6.103,2.56,0.7565000000000002,2.56,0.7565000000000002,0.51,-0.5335,-2.724,5.569499999999999,Denver Broncos,1.8035,Denver Broncos,1.8035,2.56,0.7565000000000002,Denver Broncos,1.8035,Tie,0.0,Los Angeles Rams,9.337,-1.617,3.0515,Los Angeles Rams,4.6685,Denver Broncos,1.0435,Los Angeles Rams,8.293499999999998,-1.1069999999999998,2.518,Los Angeles Rams,3.624999999999999,Different,Different,Same,Different,Different,Same,False,Away Team,Home Team,36.5,155.0,-173.0,Denver Broncos,Los Angeles Rams,3.0,-3.0,101,-122,-397,302,1.0435,-1.0435,-8.293499999999998,8.293499999999998,0.6337,0.3922,0.5495,0.4975,0.2488,0.7988,0.6177,0.3823,0.5248,0.4752,0.2375,0.7625,0.6177,0.3823,0.1177,-0.1177,,,173,0.0,70.0,0.0,Dome,True,e,h,-1.04,-2.0,13.3,177.02,Medium,-10.0,9.0,39.54,39.0,12.55940259242834,24.0,56.0,0.5294,0.4692,0.099,0.0844,0.5624,0.3926,0.5698,0.4302,18,2022-12-25,DEN @ LA,0.5374,0.4623,-116,116,,,,,,,,No Bet,,No Bet,,No Bet,,No Bet,,No Bet,,No Bet,,No Bet,,No Bet,,No Bet,,,,,,,,,,,,,,,,,,,,,,,,,,,,,18,-0.0757999999999999,-0.19545,Denver Broncos,Los Angeles Rams,0,0,0,0,0,0,0,0,0,0,0,0,0,2.5,1.0,,,16.71096096893314,0.3506963773779378,0.5378819416987469,0.0427580631987072,0.1487690279507364,0.1605218915467456,2.955907688777207,0.2593627319079905,1.829437444422092,0.0096057846012067,0.015520515689682,0.1768843631597517,0.109475298746921,0.124995814436603,4.785345133199299,0.4198846234547361,0.0251263002908887,0.2863596619066728,22.0,11.0,0.6177,0.3823,0.4479,0.5519,0.399,0.6,Denver Broncos,Los Angeles Rams,Los Angeles Rams,Los Angeles Rams,Los Angeles Rams,Same,Same,Same,False,False,0.0251263002908887,0.2863596619066728,0.0427580631987072,0.1487690279507364,0.0251263002908887,0.2863596619066728,0.054471867747153,0.0642917835764066,0.799587438974817,1.0191595121639951,1.20512637205355,0.9988359500082352,1.6089915930051497,0.39465241581875365,1.3775391263785983,0.9119117764528095,1.2529184943275948,0.8265028874824507
2022_16_TB_ARI,2022,18,2022-12-25,20:20,Tampa Bay Buccaneers,Arizona Cardinals,Home,Tom Brady,Trace McSorley,00-0019596,00-0035146,7,7,0,0,9,-2,State Farm Stadium,33.5277,-112.262608,America/Denver,False,False,Christmas,16,Sunday,False,False,0,False,False,0,9,-2,NFC South,Raymond James Stadium,27.9759,-82.5033,America/New_York,NFC West,State Farm Stadium,33.5277,-112.262608,America/Denver,Cincinnati Bengals,Denver Broncos,Raymond James Stadium,Empower Field at Mile High,Carolina Panthers,Atlanta Falcons,Raymond James Stadium,Mercedes-Benz Stadium,1800,0,-1800,1800,2.0,0.0,America/New_York,America/Denver,2.0,0.0,2.0,0.0,2.0,0,1.025,0.075,1.025,0.075,Tampa Bay Buccaneers,0.95,Tampa Bay Buccaneers,0.95,1.025,0.075,Tampa Bay Buccaneers,0.95,-0.15,0,No,No,No,No,No,0,No,0.0,0.0,3.401,-2.282,2.4815,-1.5799999999999998,2.4815,-1.5799999999999998,1.4565,-1.655,4.8575,-3.937,Tampa Bay Buccaneers,4.0615,Tampa Bay Buccaneers,4.0615,2.4815,-1.5799999999999998,Tampa Bay Buccaneers,4.0615,Tie,0.0,Tampa Bay Buccaneers,5.683,1.7005,-1.141,Tampa Bay Buccaneers,2.8415,Tampa Bay Buccaneers,3.1115,Tampa Bay Buccaneers,8.7945,3.157,-2.7960000000000003,Tampa Bay Buccaneers,5.953,Different,Same,Same,Same,Different,Same,False,Away Team,Away Team,41.5,273.0,-320.0,Tampa Bay Buccaneers,Arizona Cardinals,7.5,-7.5,135,-164,314,-416,3.1115,-3.1115,8.7945,-8.7945,0.7619,0.2681,0.6212,0.4255,0.8062,0.2415,0.7397,0.2603,0.5935,0.4065,0.7695,0.2305,0.7397,0.2603,0.2397,-0.2397,,,174,0.0,70.0,0.0,Dome,True,B,r,1.04,3.0,13.67,186.77,Med-High,-9.0,11.0,40.71,40.0,12.090484084646082,25.0,57.0,0.4652,0.5342,0.0852,0.0834,0.6626,0.3374,0.462,0.538,18,2022-12-25,TB @ ARI,0.3406,0.6592,194,-193,,,,,,,,No Bet,,No Bet,,No Bet,,No Bet,,No Bet,,No Bet,,No Bet,,No Bet,,No Bet,,,,,,,,,,,,,,,,,,,,,,,,,,,,,18,-0.0259,-0.3006999999999999,Tampa Bay Buccaneers,Arizona Cardinals,0,0,0,0,0,0,0,0,0,0,0,0,0,3.0,0.0,,,16.71096096893314,0.968482710356626,0.2077210104315008,0.0271749002572916,0.3321945439010612,0.0477958605296937,2.567659731024317,0.135822504932057,0.9035579667238473,0.0028601503299869,0.0081277495162941,0.1536512314161811,0.0540697790153196,0.0621975285316138,3.4712176977481644,0.1836183654617508,0.0109878998462811,0.2077210104315008,22.0,11.0,0.7397,0.2603,0.6141,0.3856,0.5068,0.492,Tampa Bay Buccaneers,Tampa Bay Buccaneers,Tampa Bay Buccaneers,Tampa Bay Buccaneers,Tampa Bay Buccaneers,Same,Same,Same,False,False,0.0109878998462811,0.2077210104315008,0.0271749002572916,0.3321945439010612,0.0109878998462811,0.2077210104315008,0.038179251664579,0.4060529220458476,0.7356456819261221,1.08310126921269,1.2856891999946625,0.9182731220671225,0.7774262536601422,1.2262177551637612,1.466069846978589,0.8233810558528186,1.0663304700713312,1.0130909117387144
2022_16_LAC_IND,2022,18,2022-12-26,20:15,Los Angeles Chargers,Indianapolis Colts,Home,Justin Herbert,Nick Foles,00-0036355,00-0029567,8,9,-1,1,-1,-2,Lucas Oil Stadium,39.7601,-86.1638,America/Indiana/Indianapolis,False,False,Christmas,16,Monday,False,False,0,False,False,0,-1,-2,AFC West,SoFi Stadium,33.9535,-118.3395,America/Los_Angeles,AFC South,Lucas Oil Stadium,39.7601,-86.1638,America/Indiana/Indianapolis,Tennessee Titans,Minnesota Vikings,SoFi Stadium,U.S. Bank Stadium,Los Angeles Rams,New York Giants,SoFi Stadium,MetLife Stadium,1812,0,-1812,1812,-3.0,0.0,America/Los_Angeles,America/Chicago,-3.0,-1.0,-3.0,0.0,-3.0,0,0.935,-2.265,0.935,-2.265,Los Angeles Chargers,3.2,Los Angeles Chargers,3.2,0.935,-2.265,Los Angeles Chargers,3.2,-0.4499999999999999,0,No,No,No,No,No,0,No,0.0,0.0,0.998,-1.583,1.4540000000000002,-0.869,1.4540000000000002,-0.869,0.519,1.396,1.517,-0.187,Los Angeles Chargers,2.3230000000000004,Los Angeles Chargers,2.3230000000000004,1.4540000000000002,-0.869,Los Angeles Chargers,2.3230000000000004,Tie,0.0,Los Angeles Chargers,2.581,0.499,-0.7915,Los Angeles Chargers,1.2905,Indianapolis Colts,0.8770000000000001,Los Angeles Chargers,1.704,1.018,0.6045,Los Angeles Chargers,0.4135,Different,Same,Different,Same,Different,Same,False,Home Team,Away Team,44.5,165.0,-185.0,Los Angeles Chargers,Indianapolis Colts,3.5,-3.5,-122,101,105,-128,-0.8770000000000001,0.8770000000000001,1.704,-1.704,0.6491,0.3774,0.4975,0.5495,0.5614,0.4878,0.6324,0.3676,0.4752,0.5248,0.5351,0.4649,0.6324,0.3676,0.1324,-0.1324,,,175,0.0,70.0,0.0,Dome,True,J.Herbert,D.Jones,4.01,5.0,13.73,188.47,Med-High,-6.0,14.0,46.97,46.0,13.255060307850467,30.0,64.0,0.375,0.6244,0.0836,0.0794,0.4592,0.5408,0.5494,0.4506,18,2022-12-26,Los Angeles Chargers @ Indianapolis Colts,0.4331,0.5668,131,-131,,,,,,,,No Bet,,No Bet,,No Bet,,No Bet,,No Bet,,No Bet,,No Bet,,No Bet,,No Bet,,,,,,,,,,,,,,,,,,,,,,,,,,,,,18,0.0099,-0.05265,Los Angeles Chargers,Indianapolis Colts,0,0,0,0,0,0,0,0,0,0,0,0,0,3.5,2.5,,,16.71096096893314,0.9673395903655498,0.7298288164280142,0.0511787945160789,0.2383732616215101,0.080857841613904,2.601716970823248,0.1391036426459002,1.5123199849377391,0.0048386111226173,0.008324095957408,0.155689249448911,0.0904986845310242,0.0988227804884322,4.114036955760987,0.2199614842598042,0.0131627070800253,0.2461879339799352,22.0,11.0,0.6324,0.3676,0.5414,0.4584,0.6286,0.3706,Los Angeles Chargers,Los Angeles Chargers,Los Angeles Chargers,Los Angeles Chargers,Los Angeles Chargers,Same,Same,Same,False,False,0.0131627070800253,0.2461879339799352,0.0511787945160789,0.2383732616215101,0.0131627070800253,0.2461879339799352,0.0752741151755181,0.2323186858921627,0.8460694069105597,0.9726775442282524,1.4020435425438287,0.8019187795179563,1.1456957780545667,0.8579482307693366,1.147782597108856,1.1416683057225516,1.1362477233999173,0.9431736584101282
2022_17_DAL_TEN,2022,19,2022-12-29,20:15,Dallas Cowboys,Tennessee Titans,Home,Dak Prescott,Joshua Dobbs,00-0033077,00-0033949,5,5,0,0,5,-8,Nissan Stadium,36.1664,-86.7716,America/Chicago,False,False,17,17,Thursday,False,False,0,False,False,0,5,-8,NFC East,AT&T Stadium,32.7369,-97.0826,America/Chicago,AFC South,Nissan Stadium,36.1664,-86.7716,America/Chicago,Philadelphia Eagles,Houston Texans,AT&T Stadium,Nissan Stadium,Washington Commanders,Jacksonville Jaguars,FedExField,TIAA Bank Field,633,0,-633,633,0.0,0.0,America/Chicago,America/Chicago,0.0,0.0,0.0,0.0,0.0,0,-0.615,-4.36,-0.615,-4.36,Dallas Cowboys,3.745,Dallas Cowboys,3.745,-0.615,-4.36,Dallas Cowboys,3.745,0.0,0,No,No,No,No,No,0,No,0.0,0.0,2.647,0.3,1.305,-4.5680000000000005,1.305,-4.5680000000000005,1.92,-0.208,4.567,0.0919999999999999,Dallas Cowboys,5.873,Dallas Cowboys,5.873,1.305,-4.5680000000000005,Dallas Cowboys,5.873,Tie,0.0,Dallas Cowboys,2.347,1.3235,0.15,Dallas Cowboys,1.1735,Dallas Cowboys,2.128,Dallas Cowboys,4.4750000000000005,3.2435,-0.058,Dallas Cowboys,3.3015,Different,Same,Same,Same,Different,Same,True,Away Team,Away Team,41.0,563.0,-741.0,Dallas Cowboys,Tennessee Titans,14.0,-14.0,108,-131,181,-224,2.128,-2.128,4.4750000000000005,-4.4750000000000005,0.8811,0.1508,0.5671,0.4808,0.6914,0.3559,0.8538,0.1462,0.5412,0.4588,0.6602,0.3398,0.8538,0.1462,0.3538,-0.3538,56.0,4.0,176,4.0,56.0,0.0,nfl_read_py Fallback,False,D.Prescott,C.Ward,11.55,12.0,13.98,195.47,High,3.0,21.0,50.11,50.0,13.919619836880626,33.0,68.0,0.196,0.8032,0.0684,0.0638,0.5506,0.416,0.7208,0.258,19,2022-12-29,Dallas Cowboys @ Tennessee Titans,0.2852,0.7146,251,-250,,,,,,,,No Bet,,No Bet,,No Bet,,No Bet,,No Bet,,No Bet,,No Bet,,No Bet,,No Bet,,,,,,,,,,,,,,,,,,,,,,,,,,,,,19,0.2402,-0.2025,Dallas Cowboys,Tennessee Titans,0,0,0,0,0,0,0,0,0,0,0,0,0,4.0,1.0,,,10.575918385327904,0.7606407942765357,0.0,0.0056356636017214,0.0788076674129563,0.0013953241499441,0.0,0.0081486166841473,0.0,0.0001319340882849,0.0007704878562084,0.0,0.0,0.0007704878562084,0.0,0.0095439408340915,0.0009024219444934,0.0,22.0,0.0,0.8538,0.1462,0.7222,0.2776,0.8098,0.1892,Dallas Cowboys,Dallas Cowboys,Dallas Cowboys,Dallas Cowboys,Dallas Cowboys,Same,Same,Same,False,False,0.0009024219444934,0.0,0.0056356636017214,0.0788076674129563,0.0009024219444934,0.0,0.0095305253503829,0.1254024862151562,0.24852237157057364,1.2792840786839244,1.1479858178739533,1.1100259753071322,0.8991629725324369,1.4256611317694592,0.43596032051053313,1.510870983108967,0.6325431965312348,1.3362954309573343
2022_17_ARI_ATL,2022,19,2023-01-01,13:00,Arizona Cardinals,Atlanta Falcons,Home,David Blough,Desmond Ridder,00-0035040,00-0038122,7,8,-1,1,-3,-8,Mercedes-Benz Stadium,33.7489,-84.388,America/New_York,False,False,17,17,Sunday,False,False,0,False,False,0,-3,-8,NFC West,State Farm Stadium,33.5277,-112.262608,America/Denver,NFC South,Mercedes-Benz Stadium,33.7489,-84.388,America/New_York,Tampa Bay Buccaneers,Baltimore Ravens,State Farm Stadium,M&T Bank Stadium,San Francisco 49ers,Tampa Bay Buccaneers,Levi's Stadium,Mercedes-Benz Stadium,1597,0,-1597,1597,-2.0,0.0,America/Denver,America/New_York,-2.0,0.0,-2.0,0.0,-2.0,0,0.075,-0.71,0.075,-0.71,Arizona Cardinals,0.7849999999999999,Arizona Cardinals,0.7849999999999999,0.075,-0.71,Arizona Cardinals,0.7849999999999999,-0.3,0,No,No,No,No,No,0,No,0.0,0.0,-2.282,-6.453,0.9549999999999998,-0.8410000000000002,0.9549999999999998,-0.8410000000000002,0.88,-0.131,-1.402,-6.5840000000000005,Arizona Cardinals,1.796,Arizona Cardinals,1.796,0.9549999999999998,-0.8410000000000002,Arizona Cardinals,1.796,Tie,0.0,Arizona Cardinals,4.171,-1.141,-3.2265,Arizona Cardinals,2.0855,Arizona Cardinals,1.011,Arizona Cardinals,5.182,-0.2609999999999999,-3.3575000000000004,Arizona Cardinals,3.0965000000000003,Different,Same,Same,Same,Different,Same,False,Away Team,Away Team,41.0,-279.0,241.0,Atlanta Falcons,Arizona Cardinals,-7.0,7.0,101,-122,188,-234,1.011,-1.011,5.182,-5.182,0.2933,0.7361,0.5495,0.4975,0.7006,0.3472,0.2849,0.7151,0.5248,0.4752,0.6686,0.3314,0.2849,0.7151,-0.2151,0.2151,,,177,0.0,70.0,0.0,Dome,True,K.Murray,M.Penix,2.43,3.0,13.99,195.77,High,-8.0,13.0,49.73,49.0,13.42114214406845,33.0,67.0,0.4256,0.574,0.0814,0.0814,0.2504,0.7116,0.7296,0.2528,19,2023-01-01,Arizona Cardinals @ Atlanta Falcons,0.4868,0.5131,105,-105,,,,,,,,No Bet,,No Bet,,No Bet,,No Bet,,No Bet,,No Bet,,No Bet,,No Bet,,No Bet,,,,,,,,,,,,,,,,,,,,,,,,,,,,,19,-0.3863,0.1829,Atlanta Falcons,Arizona Cardinals,0,0,0,0,0,0,0,0,0,0,0,0,0,0.0,3.5,,,10.575918385327904,0.8320157522659378,0.9639633997125496,0.111740632060873,0.0053621420338369,1.158182886273892,0.0001877446863977,0.4614267994678114,0.0004712398218429,0.1095113298038166,0.0436299508615681,1.7752092967949262e-05,4.455781565946128e-05,0.0436745086772276,0.0006589845082407,1.6196096857417035,0.1531412806653848,6.230990862741054e-05,22.0,0.0,0.2849,0.7151,0.5591,0.4405,0.565,0.4336,Atlanta Falcons,Arizona Cardinals,Arizona Cardinals,Arizona Cardinals,Arizona Cardinals,Same,Same,Same,False,False,0.1531412806653848,6.230990862741054e-05,0.111740632060873,0.0053621420338369,0.1531412806653848,6.230990862741054e-05,0.0835768864235426,0.0096136333142061,1.0344382843434419,0.4933681659110534,0.9198654254559228,1.3381463677251593,0.6411068842907124,1.683717220011193,0.7253489465740051,1.2214823570454931,0.8455020141833632,1.1233366133052083
2022_17_CHI_DET,2022,19,2023-01-01,13:00,Chicago Bears,Detroit Lions,Home,Justin Fields,Jared Goff,00-0036945,00-0033106,8,8,0,0,6,11,Ford Field,42.3395,-83.045,America/Detroit,False,False,17,17,Sunday,False,False,0,False,False,0,6,11,NFC North,Soldier Field,41.8623,-87.6167,America/Chicago,NFC North,Ford Field,42.3395,-83.045,America/Detroit,Buffalo Bills,Carolina Panthers,Soldier Field,Bank of America Stadium,Minnesota Vikings,Green Bay Packers,Soldier Field,Lambeau Field,236,0,-236,236,-1.0,0.0,America/Chicago,America/New_York,-1.0,0.0,-1.0,0.0,-1.0,0,-1.575,4.305,-1.575,4.305,Detroit Lions,5.88,Detroit Lions,5.88,-1.575,4.305,Detroit Lions,5.88,0.0,0,No,No,No,No,No,1,No,0.0,0.0,-5.152,-6.697,-2.494635,5.430134999999999,-2.494635,5.430134999999999,-0.978435,1.183935,-6.145885000000001,-5.497615000000001,Detroit Lions,7.924769999999999,Detroit Lions,7.924769999999999,-2.494635,5.430134999999999,Detroit Lions,7.924769999999999,Tie,0.0,Chicago Bears,1.545,-2.576,-3.3485,Chicago Bears,0.7725,Detroit Lions,2.16237,Detroit Lions,0.6482700000000001,-3.5621600000000004,-2.1568400000000003,Detroit Lions,1.40532,Different,Different,Same,Same,Different,Different,False,Home Team,Home Team,52.5,-219.0,194.0,Detroit Lions,Chicago Bears,-4.5,4.5,-131,108,-116,-104,-2.16237,2.16237,-0.6482700000000001,0.6482700000000001,0.3401,0.6865,0.4808,0.5671,0.5098,0.537,0.3313,0.6687,0.4588,0.5412,0.487,0.513,0.3313,0.6687,-0.1687,0.1687,,,178,0.0,70.0,0.0,Dome,True,C.Williams,J.Goff,-6.94,-7.0,14.1,198.86,High,-17.0,3.0,59.17,58.0,14.527118119991124,41.0,78.0,0.6868,0.3128,0.0786,0.0782,0.5828,0.4172,0.6694,0.3306,19,2023-01-01,Chicago Bears @ Detroit Lions,0.6024,0.3975,-152,152,,,,,,,,No Bet,,No Bet,,No Bet,,No Bet,,No Bet,,No Bet,,No Bet,,No Bet,,No Bet,,,,,,,,,,,,,,,,,,,,,,,,,,,,,19,-0.2025,-0.2115,Detroit Lions,Chicago Bears,0,0,0,0,0,0,0,0,0,0,0,0,1,1.0,1.0,,,10.575918385327904,0.8976562540673924,0.9235474911786928,0.1326865034430797,0.0054311082001107,1.6159838372436806,7.038492009804487e-05,0.8006212730354889,0.0001420657895247,0.1527984406049836,0.075702293064799,6.65520643537593e-06,1.34329506288436e-05,0.0757157260154278,0.0002124507096228,2.416605110279169,0.2285007336697826,2.008815706421953e-05,22.0,0.0,0.3313,0.6687,0.4194,0.5804,0.3298,0.6694,Detroit Lions,Detroit Lions,Detroit Lions,Detroit Lions,Detroit Lions,Same,Same,Same,False,False,0.2285007336697826,2.008815706421953e-05,0.1326865034430797,0.0054311082001107,0.2285007336697826,2.008815706421953e-05,0.0704649304497288,0.0097481658218992,0.9472236154202727,0.5805828348342258,1.0354377078486907,1.2225740853323945,1.003721441853381,1.3211026624485136,1.2126237712501586,0.7342075323693298,1.049248863432273,0.9195897640562996
2022_17_JAX_HOU,2022,19,2023-01-01,13:00,Jacksonville Jaguars,Houston Texans,Home,Trevor Lawrence,Davis Mills,00-0036971,00-0036898,10,8,2,-2,0,-10,NRG Stadium,29.6847,-95.4093,America/Chicago,False,True,17,17,Sunday,False,False,0,False,False,0,0,-10,AFC South,TIAA Bank Field,30.3239,-81.6554,America/New_York,AFC South,NRG Stadium,29.6847,-95.4093,America/Chicago,New York Jets,Tennessee Titans,MetLife Stadium,Nissan Stadium,Tennessee Titans,Indianapolis Colts,TIAA Bank Field,Lucas Oil Stadium,823,0,-823,823,1.0,0.0,America/New_York,America/Chicago,1.0,0.0,1.0,0.0,1.0,0,-1.825,0.035,-1.825,0.035,Houston Texans,1.86,Houston Texans,1.86,-1.825,0.035,Houston Texans,1.86,0.0,0,No,No,No,No,No,1,No,0.0,0.0,-2.443,-6.241,-2.5422200000000004,-1.28978,-2.5422200000000004,-1.28978,-0.73582,-1.30618,-3.2168,-7.5092,Houston Texans,1.2524400000000002,Houston Texans,1.2524400000000002,-2.5422200000000004,-1.28978,Houston Texans,1.2524400000000002,Tie,0.0,Jacksonville Jaguars,3.798,-1.2215,-3.1205,Jacksonville Jaguars,1.899,Jacksonville Jaguars,0.5703600000000001,Jacksonville Jaguars,4.2924,-1.97631,-4.40769,Jacksonville Jaguars,2.43138,Different,Different,Different,Different,Different,Same,False,Away Team,Away Team,43.0,167.0,-187.0,Jacksonville Jaguars,Houston Texans,3.5,-3.5,-104,-116,181,-224,0.5703600000000001,-0.5703600000000001,4.2924,-4.2924,0.6516,0.3745,0.537,0.5098,0.6914,0.3559,0.635,0.365,0.513,0.487,0.6602,0.3398,0.635,0.365,0.135,-0.135,,,179,0.0,70.0,0.0,Dome,True,T.Lawrence,C.Stroud,5.29,6.0,13.87,192.47,Med-High,-5.0,15.0,52.44,52.0,13.77791465449127,35.0,71.0,0.3618,0.6378,0.0794,0.0744,0.4372,0.5628,0.7326,0.2352,19,2023-01-01,Jacksonville Jaguars @ Houston Texans,0.3884,0.6115,157,-157,,,,,,,,No Bet,,No Bet,,No Bet,,No Bet,,No Bet,,No Bet,,No Bet,,No Bet,,No Bet,,,,,,,,,,,,,,,,,,,,,,,,,,,,,19,0.2025,-0.0723,Jacksonville Jaguars,Houston Texans,0,0,0,0,0,0,0,0,0,0,0,0,1,4.0,2.0,,,10.575918385327904,0.9833045682577972,0.8438100481238766,0.0057469233161757,0.0372225538549776,0.0004730029468437,0.215547315107653,0.0008228955376596,0.1238972756130604,4.4724526949825504e-05,7.780842359764163e-05,0.0203809548499054,0.0117150370397094,0.011792845463307,0.3394445907207135,0.0012958984845034,0.0001225329505474,0.0320959918896149,22.0,0.0,0.635,0.365,0.557,0.4427,0.6532,0.3458,Jacksonville Jaguars,Jacksonville Jaguars,Jacksonville Jaguars,Jacksonville Jaguars,Jacksonville Jaguars,Same,Same,Same,False,False,0.0001225329505474,0.0320959918896149,0.0057469233161757,0.0372225538549776,0.0001225329505474,0.0320959918896149,0.0101831928353958,0.0402200743697678,0.5762160759628651,0.9515903742916343,1.1488704297078802,1.1091413634732044,0.8361901880247746,1.4886339162771207,0.7358810835995471,1.2109502200199407,0.7985592610722426,1.1702793664163322
2022_17_DEN_KC,2022,19,2023-01-01,13:00,Denver Broncos,Kansas City Chiefs,Home,Russell Wilson,Patrick Mahomes,00-0029263,00-0033873,7,8,-1,1,9,7,GEHA Field at Arrowhead Stadium,39.0489,-94.4839,America/Chicago,False,True,17,17,Sunday,False,False,0,False,False,0,9,7,AFC West,Empower Field at Mile High,39.7648,-105.0076,America/Denver,AFC West,GEHA Field at Arrowhead Stadium,39.0489,-94.4839,America/Chicago,Los Angeles Rams,Seattle Seahawks,SoFi Stadium,GEHA Field at Arrowhead Stadium,Los Angeles Chargers,Las Vegas Raiders,Empower Field at Mile High,Allegiant Stadium,563,0,-563,563,-1.0,0.0,America/Los_Angeles,America/Chicago,-2.0,0.0,-1.0,0.0,-1.0,0,2.05,4.395,2.05,4.395,Kansas City Chiefs,2.345,Kansas City Chiefs,2.345,2.05,4.395,Kansas City Chiefs,2.345,0.0,0,No,No,No,No,No,1,No,0.0,0.0,-3.234,8.203,2.235605,4.744895,2.235605,4.744895,0.162155,0.373345,-2.9574750000000005,8.461974999999999,Kansas City Chiefs,2.50929,Kansas City Chiefs,2.50929,2.235605,4.744895,Kansas City Chiefs,2.50929,Tie,0.0,Kansas City Chiefs,11.437,-1.617,4.1015,Kansas City Chiefs,5.7185,Kansas City Chiefs,0.21119,Kansas City Chiefs,11.41945,-1.3976600000000003,4.41766,Kansas City Chiefs,5.81532,Different,Same,Same,Same,Different,Same,False,Home Team,Home Team,46.0,-711.0,544.0,Kansas City Chiefs,Denver Broncos,-13.5,13.5,-110,-110,-646,450,-0.21119,0.21119,-11.41945,11.41945,0.1553,0.8767,0.5238,0.5238,0.1818,0.866,0.1505,0.8495,0.5,0.5,0.1735,0.8265,0.1505,0.8495,-0.3495,0.3495,47.0,2.0,180,2.0,47.0,0.0,nfl_read_py Fallback,False,B.Nix,P.Mahomes,-13.55,-14.0,13.5,182.21,Med-High,-23.0,-5.0,51.31,51.0,13.723565480220437,33.0,69.0,0.838,0.1614,0.055,0.0568,0.8164,0.1836,0.7336,0.2664,19,2023-01-01,Denver Broncos @ Kansas City Chiefs,0.7535,0.2464,-306,306,,,,,,,,No Bet,,No Bet,,No Bet,,No Bet,,No Bet,,No Bet,,No Bet,,No Bet,,No Bet,,,,,,,,,,,,,,,,,,,,,,,,,,,,,19,0.1979,0.2786,Kansas City Chiefs,Denver Broncos,0,0,0,0,0,0,0,0,0,0,0,0,1,3.5,4.0,,,10.575918385327904,0.0,0.2583877567891911,0.0649311316488885,0.0020208228346073,0.0,5.002304418114791e-05,0.0,0.0002823559869228,0.0,0.0,4.729900738506594e-06,2.669801114525815e-05,2.669801114525815e-05,0.0003323790311039,0.0,0.0,3.142791188376474e-05,22.0,0.0,0.1505,0.8495,0.2363,0.7636,0.1484,0.8512,Kansas City Chiefs,Kansas City Chiefs,Kansas City Chiefs,Kansas City Chiefs,Kansas City Chiefs,Same,Same,Same,False,False,0.0,3.142791188376474e-05,0.0649311316488885,0.0020208228346073,0.0,3.142791188376474e-05,0.103532958364573,0.0043665893148634,1.276022046253623,0.2517844040008733,1.03307124994533,1.2249405432357539,1.8563015658752535,0.4685225384266421,1.5911119699007994,0.3557193337186905,1.4273544229936916,0.5414842044948834
2022_17_MIA_NE,2022,19,2023-01-01,13:00,Miami Dolphins,New England Patriots,Home,Teddy Bridgewater,Mac Jones,00-0031237,00-0036972,7,8,-1,1,6,-11,Gillette Stadium,42.0628,-71.2687,America/New_York,False,False,17,17,Sunday,False,False,0,False,False,0,6,-11,AFC East,Hard Rock Stadium,25.9602,-80.2384,America/New_York,AFC East,Gillette Stadium,42.0628,-71.2687,America/New_York,Green Bay Packers,Cincinnati Bengals,Hard Rock Stadium,Gillette Stadium,New York Jets,Buffalo Bills,Hard Rock Stadium,Highmark Stadium,1223,0,-1223,1223,0.0,0.0,America/New_York,America/New_York,0.0,0.0,0.0,0.0,0.0,0,0.66,-1.995,0.66,-1.995,Miami Dolphins,2.655,Miami Dolphins,2.655,0.66,-1.995,Miami Dolphins,2.655,0.0,0,No,No,No,No,No,1,No,0.0,0.0,1.001,0.436,-0.41167,-2.09433,-0.41167,-2.09433,-1.04512,-0.12588,-0.0497700000000001,0.3157699999999999,Miami Dolphins,1.6826600000000005,Miami Dolphins,1.6826600000000005,-0.41167,-2.09433,Miami Dolphins,1.6826600000000005,Tie,0.0,Miami Dolphins,0.565,0.5005,0.218,Miami Dolphins,0.2825,New England Patriots,0.91924,New England Patriots,0.36554,-0.5474450000000001,0.0949449999999999,New England Patriots,0.64239,Different,Different,Different,Different,Different,Different,False,Home Team,Home Team,41.5,-160.0,144.0,New England Patriots,Miami Dolphins,-3.0,3.0,-122,101,-116,-104,-0.91924,0.91924,-0.36554,0.36554,0.4098,0.6154,0.4975,0.5495,0.5098,0.537,0.3998,0.6002,0.4752,0.5248,0.487,0.513,0.3998,0.6002,-0.1002,0.1002,53.0,2.0,181,2.0,53.0,0.0,nfl_read_py Fallback,False,T.Tagovailoa,D.Maye,-2.18,-3.0,14.2,201.73,High,-12.0,8.0,47.94,47.0,13.452256933441342,31.0,66.0,0.5712,0.428,0.085,0.0784,0.4828,0.4664,0.668,0.332,19,2023-01-01,Miami Dolphins @ New England Patriots,0.5523,0.4475,-123,123,,,,,,,,No Bet,,No Bet,,No Bet,,No Bet,,No Bet,,No Bet,,No Bet,,No Bet,,No Bet,,,,,,,,,,,,,,,,,,,,,,,,,,,,,19,0.1495,-0.2655,New England Patriots,Miami Dolphins,0,0,0,0,0,0,0,0,0,0,0,0,1,3.5,1.0,,,10.575918385327904,0.5457622973965717,0.0262387424533394,0.0313237731933646,0.0022524286678866,0.1626605450837854,0.0001774850176051,0.108350026531985,0.0002664494936633,0.0153802761289692,0.0102449756687135,1.678199576987452e-05,2.519398164351848e-05,0.0102701696503571,0.0004439345112684,0.2710105716157705,0.0256252517976828,4.1975977413393e-05,22.0,0.0,0.3998,0.6002,0.42,0.5798,0.4422,0.5572,New England Patriots,New England Patriots,New England Patriots,New England Patriots,New England Patriots,Same,Same,Same,False,False,0.0256252517976828,4.1975977413393e-05,0.0313237731933646,0.0022524286678866,0.0256252517976828,4.1975977413393e-05,0.0348838859703118,0.0047251460904113,0.8993184823249781,0.6284879679295212,1.1394594271734968,1.1185523660075891,1.1465596532241162,1.1782644510777802,1.0814992924352071,0.8653320111842845,1.0551743040617512,0.9136643234268214
2022_17_IND_NYG,2022,19,2023-01-01,13:00,Indianapolis Colts,New York Giants,Home,Nick Foles,Daniel Jones,00-0029567,00-0035710,6,8,-2,2,-4,0,MetLife Stadium,40.8136,-74.0744,America/New_York,False,False,17,17,Sunday,False,False,0,False,False,0,-4,0,AFC South,Lucas Oil Stadium,39.7601,-86.1638,America/Indiana/Indianapolis,NFC East,MetLife Stadium,40.8136,-74.0744,America/New_York,Los Angeles Chargers,Minnesota Vikings,Lucas Oil Stadium,U.S. Bank Stadium,Houston Texans,Philadelphia Eagles,Lucas Oil Stadium,Lincoln Financial Field,640,0,-640,640,0.0,0.0,America/Indiana/Indianapolis,America/Chicago,0.0,-1.0,0.0,0.0,0.0,0,-2.265,-2.84,-2.265,-2.84,Indianapolis Colts,0.5749999999999997,Indianapolis Colts,0.5749999999999997,-2.265,-2.84,Indianapolis Colts,0.5749999999999997,0.0,0,No,No,No,No,Yes,0,No,0.0,0.0,-1.583,-5.233,-4.086,-2.7375,-4.086,-2.7375,-1.821,0.1025,-3.404,-5.1305,New York Giants,1.3485000000000005,New York Giants,1.3485000000000005,-4.086,-2.7375,New York Giants,1.3485000000000005,Tie,0.0,Indianapolis Colts,3.65,-0.7915,-2.6165,Indianapolis Colts,1.825,New York Giants,1.9235,Indianapolis Colts,1.7264999999999997,-2.6125,-2.514,New York Giants,0.0985,Different,Different,Same,Different,Different,Same,False,Home Team,Away Team,38.5,-229.0,202.0,New York Giants,Indianapolis Colts,-5.5,5.5,-131,108,105,-128,-1.9235,1.9235,1.7264999999999997,-1.7264999999999997,0.3311,0.696,0.4808,0.5671,0.5614,0.4878,0.3224,0.6776,0.4588,0.5412,0.5351,0.4649,0.3224,0.6776,-0.1776,0.1776,52.0,14.0,182,14.0,52.0,0.0,nfl_read_py Fallback,False,D.Jones,J.Dart,2.9,4.0,13.63,185.75,Med-High,-7.0,13.0,41.51,41.0,12.198544735284276,26.0,57.0,0.4164,0.5818,0.0918,0.0886,0.2976,0.7024,0.5798,0.4202,19,2023-01-01,Indianapolis Colts @ New York Giants,0.525,0.4745,-111,111,,,,,,,,No Bet,,No Bet,,No Bet,,No Bet,,No Bet,,No Bet,,No Bet,,No Bet,,No Bet,,,,,,,,,,,,,,,,,,,,,,,,,,,,,19,0.0723,-0.3987,New York Giants,Indianapolis Colts,0,0,0,0,0,0,0,0,0,0,0,0,0,3.0,0.0,,,10.575918385327904,0.7756341881375568,0.9596941227410946,0.1556466722889457,0.0051848271464014,1.6980342837395832,8.162101568318977e-06,0.807919499819424,1.7154590641107128e-05,0.1605566743116405,0.0763923727834606,7.717629118282869e-07,1.6220426459517591e-06,0.0763939948261065,2.5316692209426107e-05,2.505953783559008,0.2369490470951011,2.393805557780046e-06,22.0,0.0,0.3224,0.6776,0.4982,0.5015,0.3904,0.6084,New York Giants,New York Giants,New York Giants,Indianapolis Colts,New York Giants,Same,Different,Same,False,False,0.2369490470951011,2.393805557780046e-06,0.1556466722889457,0.0051848271464014,0.2369490470951011,2.393805557780046e-06,0.1014796497366885,0.0093708545803125,0.9477259876848813,0.5800804625696182,1.0059187197709327,1.2520930734101554,0.8704304553764838,1.4543936489254121,0.6716340193444501,1.2751972842750425,0.8754541598670463,1.0933844676215279
2022_17_NO_PHI,2022,19,2023-01-01,13:00,New Orleans Saints,Philadelphia Eagles,Home,Andy Dalton,Gardner Minshew,00-0027973,00-0035289,8,8,0,0,-9,-2,Lincoln Financial Field,39.9008,-75.1675,America/New_York,False,True,17,17,Sunday,False,False,0,False,False,0,-9,-2,NFC South,Caesars Superdome,29.9507,-90.0813,America/Chicago,NFC East,Lincoln Financial Field,39.9008,-75.1675,America/New_York,Cleveland Browns,Dallas Cowboys,FirstEnergy Stadium,AT&T Stadium,Carolina Panthers,New York Giants,Caesars Superdome,Lincoln Financial Field,1086,0,-1086,1086,-1.0,0.0,America/New_York,America/Chicago,0.0,-1.0,0.0,0.0,0.0,0,-6.145,4.905,-6.145,4.905,Philadelphia Eagles,11.05,Philadelphia Eagles,11.05,-6.145,4.905,Philadelphia Eagles,11.05,0.0,0,No,No,No,No,No,0,No,0.0,0.0,-1.222,3.065,-7.1665,5.6930000000000005,-7.1665,5.6930000000000005,-1.0215,0.788,-2.2435,3.853,Philadelphia Eagles,12.8595,Philadelphia Eagles,12.8595,-7.1665,5.6930000000000005,Philadelphia Eagles,12.8595,Tie,0.0,Philadelphia Eagles,4.287,-0.611,1.5325,Philadelphia Eagles,2.1435,Philadelphia Eagles,1.8095,Philadelphia Eagles,6.0965,-1.6325,2.3205,Philadelphia Eagles,3.953,Different,Same,Same,Same,Different,Same,False,Home Team,Home Team,41.5,-225.0,198.0,Philadelphia Eagles,New Orleans Saints,-5.5,5.5,-131,108,-261,208,-1.8095,1.8095,-6.0965,6.0965,0.3356,0.6923,0.4808,0.5671,0.3247,0.723,0.3265,0.6735,0.4588,0.5412,0.3099,0.6901,0.3265,0.6735,-0.1735,0.1735,54.0,11.0,183,11.0,54.0,0.0,nfl_read_py Fallback,False,S.Rattler,J.Hurts,-10.36,-11.0,13.67,186.94,Med-High,-20.0,-3.0,45.57,45.0,12.95784852541816,29.0,62.10000000000037,0.7784,0.2202,0.0714,0.0654,0.6656,0.3344,0.6076,0.3924,19,2023-01-01,New Orleans Saints @ Philadelphia Eagles,0.6708,0.3288,-204,204,,,,,,,,No Bet,,No Bet,,No Bet,,No Bet,,No Bet,,No Bet,,No Bet,,No Bet,,No Bet,,,,,,,,,,,,,,,,,,,,,,,,,,,,,19,0.1252,0.3987,Philadelphia Eagles,New Orleans Saints,0,0,0,0,0,0,0,0,0,0,0,0,0,3.5,5.0,,,10.575918385327904,0.0,0.3146749379717601,0.0103182073909072,0.0039329444011149,0.0,7.908290385495555e-05,0.0,0.0001631311967727,0.0,0.0,7.477639385404884e-06,1.542477833405877e-05,1.542477833405877e-05,0.0002422141006277,0.0,0.0,2.2902417719463656e-05,22.0,0.0,0.3265,0.6735,0.4072,0.5925,0.2292,0.7698,Philadelphia Eagles,Philadelphia Eagles,Philadelphia Eagles,Philadelphia Eagles,Philadelphia Eagles,Same,Same,Same,False,False,0.0,2.2902417719463656e-05,0.0103182073909072,0.0039329444011149,0.0,2.2902417719463656e-05,0.0174625667071391,0.0073853256369713,1.025438897451796,0.5023675528027031,1.2120273254976557,1.045984467683433,1.5955967239883244,0.7292273803135708,1.5106824838076682,0.43614881981182774,1.3143666094457285,0.6544720180428452
2022_17_CAR_TB,2022,19,2023-01-01,13:00,Carolina Panthers,Tampa Bay Buccaneers,Home,Sam Darnold,Tom Brady,00-0034869,00-0019596,8,7,1,-1,7,8,Raymond James Stadium,27.9759,-82.5033,America/New_York,False,False,17,17,Sunday,False,False,0,False,False,0,7,8,NFC South,Bank of America Stadium,35.2258,-80.8528,America/New_York,NFC South,Raymond James Stadium,27.9759,-82.5033,America/New_York,Detroit Lions,Arizona Cardinals,Bank of America Stadium,State Farm Stadium,New Orleans Saints,Atlanta Falcons,Caesars Superdome,Mercedes-Benz Stadium,510,0,-510,510,0.0,0.0,America/New_York,America/Denver,0.0,-2.0,0.0,0.0,0.0,0,-5.25,1.025,-5.25,1.025,Tampa Bay Buccaneers,6.275,Tampa Bay Buccaneers,6.275,-5.25,1.025,Tampa Bay Buccaneers,6.275,0.0,0,No,No,No,No,No,1,No,0.0,0.0,-3.675,3.401,-4.17288,0.2978800000000001,-4.17288,0.2978800000000001,1.01437,-0.66437,-2.5898699999999995,2.6658699999999995,Tampa Bay Buccaneers,4.47076,Tampa Bay Buccaneers,4.47076,-4.17288,0.2978800000000001,Tampa Bay Buccaneers,4.47076,Tie,0.0,Tampa Bay Buccaneers,7.076,-1.8375,1.7005,Tampa Bay Buccaneers,3.538,Carolina Panthers,1.67874,Tampa Bay Buccaneers,5.255739999999999,-0.7877499999999997,1.0007499999999998,Tampa Bay Buccaneers,1.7884999999999995,Different,Same,Different,Same,Different,Same,False,Away Team,Home Team,40.5,-184.0,164.0,Tampa Bay Buccaneers,Carolina Panthers,-3.5,3.5,105,-128,-244,195,1.67874,-1.67874,-5.255739999999999,5.255739999999999,0.3788,0.6479,0.5614,0.4878,0.339,0.7093,0.3689,0.6311,0.5351,0.4649,0.3234,0.6766,0.3689,0.6311,-0.1311,0.1311,75.0,2.0,184,2.0,75.0,0.0,nfl_read_py Fallback,False,B.Young,B.Mayfield,1.0,2.0,13.05,170.37,Medium,-8.0,10.0,42.95,43.0,12.834335299988018,27.0,60.0,0.4712,0.5284,0.0916,0.0914,0.3836,0.6164,0.5558,0.4442,19,2023-01-01,Carolina Panthers @ Tampa Bay Buccaneers,0.561,0.439,-128,128,,,,,,,,No Bet,,No Bet,,No Bet,,No Bet,,No Bet,,No Bet,,No Bet,,No Bet,,No Bet,,,,,,,,,,,,,,,,,,,,,,,,,,,,,19,-0.1252,-0.1829,Tampa Bay Buccaneers,Carolina Panthers,0,0,0,0,0,0,0,0,0,0,0,0,1,1.5,1.5,,,10.575918385327904,0.0,0.9798334686597614,0.0174804044507476,0.0055320493001122,0.0,0.0004246726973882,0.0,0.0007265137959384,0.0,0.0,4.015468746216509e-05,6.869510235123986e-05,6.869510235123986e-05,0.0011511864933266,0.0,0.0,0.0001088497898134,22.0,0.0,0.3689,0.6311,0.4193,0.5803,0.4888,0.5098,Tampa Bay Buccaneers,Tampa Bay Buccaneers,Tampa Bay Buccaneers,Carolina Panthers,Tampa Bay Buccaneers,Same,Different,Same,False,False,0.0,0.0001088497898134,0.0174804044507476,0.0055320493001122,0.0,0.0001088497898134,0.0287502447511893,0.0098529243292267,0.9571774623647665,0.5706289878897344,1.03110483668974,1.2269069564913486,1.5561040543947389,0.768720049907157,0.9047028953261773,1.0421284082933175,1.0913417562212957,0.8774968712672765
2022_17_CLE_WAS,2022,19,2023-01-01,13:00,Cleveland Browns,Washington Commanders,Home,Deshaun Watson,Carson Wentz,00-0033537,00-0032950,8,8,0,0,3,2,FedExField,38.9077,-76.8645,America/New_York,False,False,17,17,Sunday,False,False,0,False,False,0,3,2,AFC North,FirstEnergy Stadium,41.5061,-81.6994,America/New_York,NFC East,FedExField,38.9077,-76.8645,America/New_York,New Orleans Saints,San Francisco 49ers,FirstEnergy Stadium,Levi's Stadium,Pittsburgh Steelers,Dallas Cowboys,Acrisure Stadium,FedExField,312,0,-312,312,0.0,0.0,America/New_York,America/Los_Angeles,0.0,-3.0,0.0,0.0,0.0,0,-4.705,1.45,-4.705,1.45,Washington Commanders,6.155,Washington Commanders,6.155,-4.705,1.45,Washington Commanders,6.155,0.0,0,No,No,No,No,No,0,No,0.0,0.0,1.172,-7.066,-5.05,1.972,-5.05,1.972,-0.345,0.522,0.8270000000000001,-6.5440000000000005,Washington Commanders,7.022,Washington Commanders,7.022,-5.05,1.972,Washington Commanders,7.022,Tie,0.0,Cleveland Browns,8.238,0.586,-3.533,Cleveland Browns,4.119,Washington Commanders,0.867,Cleveland Browns,7.371,0.241,-3.011,Cleveland Browns,3.252,Different,Different,Same,Different,Different,Same,False,Home Team,Away Team,41.5,-117.0,106.0,Washington Commanders,Cleveland Browns,-1.0,1.0,-122,101,268,-346,-0.867,0.867,7.371,-7.371,0.4854,0.5392,0.4975,0.5495,0.7758,0.2717,0.4738,0.5262,0.4752,0.5248,0.7406,0.2594,0.4738,0.5262,-0.0262,0.0262,59.0,9.0,185,9.0,59.0,0.0,nfl_read_py Fallback,False,D.Gabriel,J.Daniels,0.28,1.0,13.45,180.92,Med-High,-9.0,10.0,39.74,39.0,12.32143265617031,24.0,56.0,0.4906,0.5074,0.0924,0.0952,0.4704,0.5094,0.43,0.57,19,2023-01-01,Cleveland Browns @ Washington Commanders,0.4502,0.5492,122,-122,,,,,,,,No Bet,,No Bet,,No Bet,,No Bet,,No Bet,,No Bet,,No Bet,,No Bet,,No Bet,,,,,,,,,,,,,,,,,,,,,,,,,,,,,19,-0.0723,-0.2402,Washington Commanders,Cleveland Browns,0,0,0,0,0,0,0,0,0,0,0,0,0,2.0,1.0,,,10.575918385327904,0.6211377814954424,0.239146319932195,0.0097061843825988,0.0052478463088301,0.0180458754632696,0.0002049380848859,0.0162488327527501,0.00022760325088,0.0017063175797862,0.0015363992195034,1.937780506799491e-05,2.152089705947429e-05,0.0015579201165629,0.0004325413357659,0.0342947082160197,0.0032427167992897,4.08987021274692e-05,22.0,0.0,0.4738,0.5262,0.5433,0.456,0.5556,0.4416,Washington Commanders,Cleveland Browns,Cleveland Browns,Cleveland Browns,Cleveland Browns,Same,Same,Same,False,False,0.0032427167992897,4.08987021274692e-05,0.0097061843825988,0.0052478463088301,0.0032427167992897,4.08987021274692e-05,0.0145133494094645,0.009446606827654,0.8011404199502695,0.7266660303042305,1.1779924994385398,1.0800192937425466,0.5976464185393439,1.7271776857625536,0.9503739036488018,0.9964573999706902,0.8814526928326715,1.0873859346559032
2022_17_SF_LV,2022,19,2023-01-01,16:05,San Francisco 49ers,Las Vegas Raiders,Home,Brock Purdy,Jarrett Stidham,00-0037834,00-0035264,8,8,0,0,3,-6,Allegiant Stadium,36.108,-115.1578,America/Los_Angeles,False,False,17,17,Sunday,False,False,0,False,False,0,3,-6,NFC West,Levi's Stadium,37.4031,-121.9702,America/Los_Angeles,AFC West,Allegiant Stadium,36.108,-115.1578,America/Los_Angeles,Washington Commanders,Pittsburgh Steelers,Levi's Stadium,Acrisure Stadium,Arizona Cardinals,Kansas City Chiefs,Levi's Stadium,Allegiant Stadium,387,0,-387,387,0.0,0.0,America/Los_Angeles,America/New_York,0.0,3.0,0.0,0.0,0.0,0,3.325,-2.35,3.325,-2.35,San Francisco 49ers,5.675000000000001,San Francisco 49ers,5.675000000000001,3.325,-2.35,San Francisco 49ers,5.675000000000001,0.0,0,No,No,No,No,No,0,No,0.0,0.0,4.436,0.872,2.93,-0.9895000000000004,2.93,-0.9895000000000004,-0.395,1.3605,4.041,2.2325,San Francisco 49ers,3.9195,San Francisco 49ers,3.9195,2.93,-0.9895000000000004,San Francisco 49ers,3.9195,Tie,0.0,San Francisco 49ers,3.564,2.218,0.436,San Francisco 49ers,1.782,Las Vegas Raiders,1.7555,San Francisco 49ers,1.8085000000000004,1.823,1.7965,San Francisco 49ers,0.0265000000000001,Different,Same,Different,Same,Different,Same,False,Home Team,Away Team,41.5,371.0,-453.0,San Francisco 49ers,Las Vegas Raiders,10.0,-10.0,-131,108,108,-131,-1.7555,1.7555,1.8085000000000004,-1.8085000000000004,0.8192,0.2123,0.4808,0.5671,0.5671,0.4808,0.7942,0.2058,0.4588,0.5412,0.5412,0.4588,0.7942,0.2058,0.2942,-0.2942,,,186,0.0,70.0,0.0,Dome,True,M.Jones,G.Smith,8.92,9.0,12.95,167.66,Med-Low,1.0,17.0,54.47,54.0,13.810796319510176,37.0,72.0,0.2416,0.7578,0.0722,0.086,0.5044,0.451,0.8266,0.1734,19,2023-01-01,San Francisco 49ers @ Las Vegas Raiders,0.3618,0.638,176,-176,,,,,,,,No Bet,,No Bet,,No Bet,,No Bet,,No Bet,,No Bet,,No Bet,,No Bet,,No Bet,,,,,,,,,,,,,,,,,,,,,,,,,,,,,19,0.3863,-0.2786,San Francisco 49ers,Las Vegas Raiders,0,0,0,0,0,0,0,0,0,0,0,0,0,5.0,1.0,,,10.575918385327904,0.0004625931208072,0.0,0.0033990038652973,0.0720922988100223,0.0001013327362599,0.0,0.0003910517936717,0.0,9.581459743537196e-06,3.697568186743072e-05,0.0,0.0,3.697568186743072e-05,0.0,0.0004923845299317,4.655714161096792e-05,0.0,22.0,0.0,0.7942,0.2058,0.6738,0.3262,0.718,0.2816,San Francisco 49ers,San Francisco 49ers,San Francisco 49ers,San Francisco 49ers,San Francisco 49ers,Same,Same,Same,False,False,4.655714161096792e-05,0.0,0.0033990038652973,0.0720922988100223,4.655714161096792e-05,0.0,0.0065293536384993,0.1148190132802841,0.3446301320260976,1.1831763182283979,1.323737140650518,0.9342746525305707,1.1739815276922454,1.1508425766096515,0.528260080941465,1.4185712226780272,0.7853195073345507,1.1835191201540216
2022_17_NYJ_SEA,2022,19,2023-01-01,16:05,New York Jets,Seattle Seahawks,Home,Mike White,Geno Smith,00-0034401,00-0030565,10,8,2,-2,-8,1,Lumen Field,47.5952,-122.3316,America/Los_Angeles,False,False,17,17,Sunday,False,False,0,False,False,0,-8,1,AFC East,MetLife Stadium,40.8136,-74.0744,America/New_York,NFC West,Lumen Field,47.5952,-122.3316,America/Los_Angeles,Jacksonville Jaguars,Kansas City Chiefs,MetLife Stadium,GEHA Field at Arrowhead Stadium,Miami Dolphins,Los Angeles Rams,Hard Rock Stadium,Lumen Field,2394,0,-2394,2394,3.0,0.0,America/New_York,America/Chicago,3.0,2.0,3.0,0.0,3.0,0,-3.725,-0.13,-3.725,-0.13,Seattle Seahawks,3.595,Seattle Seahawks,3.595,-3.725,-0.13,Seattle Seahawks,3.595,-0.2249999999999999,0,No,No,No,No,No,0,No,0.0,0.0,-6.163,-1.539,-3.5325,-0.3065,-3.5325,-0.3065,0.1925,-0.1765,-5.9705,-1.7154999999999998,Seattle Seahawks,3.226,Seattle Seahawks,3.226,-3.5325,-0.3065,Seattle Seahawks,3.226,Tie,0.0,Seattle Seahawks,4.6240000000000006,-3.0815,-0.7695,Seattle Seahawks,2.3120000000000003,New York Jets,0.369,Seattle Seahawks,4.255000000000001,-2.889,-0.946,Seattle Seahawks,1.9430000000000005,Different,Same,Different,Same,Different,Same,False,Away Team,Home Team,43.0,102.0,-113.0,New York Jets,Seattle Seahawks,1.0,-1.0,-104,-116,-224,181,0.369,-0.369,-4.255000000000001,4.255000000000001,0.5305,0.495,0.537,0.5098,0.3559,0.6914,0.5173,0.4827,0.513,0.487,0.3398,0.6602,0.5173,0.4827,0.0173,-0.0173,45.0,2.0,187,2.0,45.0,0.0,nfl_read_py Fallback,False,J.Fields,S.Darnold,-3.29,-5.0,14.3,204.62,High,-14.0,7.0,45.43,45.0,12.762946713112935,29.0,62.0,0.59,0.4084,0.0762,0.0712,0.5916,0.3912,0.531,0.427,19,2023-01-01,New York Jets @ Seattle Seahawks,0.555,0.4446,-125,125,,,,,,,,No Bet,,No Bet,,No Bet,,No Bet,,No Bet,,No Bet,,No Bet,,No Bet,,No Bet,,,,,,,,,,,,,,,,,,,,,,,,,,,,,19,-0.1495,0.1732,New York Jets,Seattle Seahawks,0,0,0,0,0,0,0,0,0,0,0,0,0,1.5,3.5,,,10.575918385327904,0.4898473337850815,0.6922919281648728,0.0087881901699295,0.0076162501020377,0.0002308822387936,0.0035983514220872,0.0002474319082824,0.0033576729778493,2.183093991288081e-05,2.339578458034648e-05,0.0003402400898894,0.000317482875294,0.0003408786598744,0.0069560243999366,0.000478314147076,4.522672449322729e-05,0.0006577229651835,22.0,0.0,0.5173,0.4827,0.3882,0.6118,0.347,0.6528,New York Jets,Seattle Seahawks,Seattle Seahawks,Seattle Seahawks,Seattle Seahawks,Same,Same,Same,False,False,4.522672449322729e-05,0.0006577229651835,0.0087881901699295,0.0076162501020377,4.522672449322729e-05,0.0006577229651835,0.0150235672639296,0.0128017099688482,0.7367376310640236,0.7910688191904767,1.0978066285813446,1.1602051645997427,1.5331728903971509,0.7916512139047419,1.147423045239281,0.7994082583802118,1.0914132125591285,0.8774254149294453
2022_17_MIN_GB,2022,19,2023-01-01,16:25,Minnesota Vikings,Green Bay Packers,Home,Kirk Cousins,Aaron Rodgers,00-0029604,00-0023459,8,7,1,-1,1,-13,Lambeau Field,44.5013,-88.0622,America/Chicago,False,False,17,17,Sunday,False,False,0,False,False,0,1,-13,NFC North,U.S. Bank Stadium,44.9738,-93.2575,America/Chicago,NFC North,Lambeau Field,44.5013,-88.0622,America/Chicago,New York Giants,Miami Dolphins,U.S. Bank Stadium,Hard Rock Stadium,Chicago Bears,Detroit Lions,Soldier Field,Lambeau Field,257,0,-257,257,0.0,0.0,America/Chicago,America/New_York,0.0,1.0,0.0,0.0,0.0,0,0.27,3.535,0.27,3.535,Green Bay Packers,3.265,Green Bay Packers,3.265,0.27,3.535,Green Bay Packers,3.265,0.0,0,No,No,No,No,No,1,No,0.0,0.0,-1.753,1.303,-1.462805,4.730305,-1.462805,4.730305,-1.765455,1.227955,-3.487895,2.500395,Green Bay Packers,6.193109999999999,Green Bay Packers,6.193109999999999,-1.462805,4.730305,Green Bay Packers,6.193109999999999,Tie,0.0,Green Bay Packers,3.056,-0.8765,0.6515,Green Bay Packers,1.528,Green Bay Packers,2.99341,Green Bay Packers,5.98829,-2.626675,1.864175,Green Bay Packers,4.49085,Different,Same,Same,Same,Different,Same,False,Home Team,Home Team,47.5,-173.0,155.0,Green Bay Packers,Minnesota Vikings,-3.0,3.0,-164,135,-261,208,-2.99341,2.99341,-5.98829,5.98829,0.3922,0.6337,0.4255,0.6212,0.3247,0.723,0.3823,0.6177,0.4065,0.5935,0.3099,0.6901,0.3823,0.6177,-0.1177,0.1177,39.0,7.0,188,7.0,39.0,0.0,nfl_read_py Fallback,False,C.Wentz,J.Love,2.12,3.0,13.81,190.59,Med-High,-8.0,12.0,43.6,43.0,12.731486971760306,28.0,61.0,0.43,0.5698,0.0828,0.0852,0.3624,0.6006,0.3562,0.6438,19,2023-01-01,Minnesota Vikings @ Green Bay Packers,0.5828,0.4171,-140,140,,,,,,,,No Bet,,No Bet,,No Bet,,No Bet,,No Bet,,No Bet,,No Bet,,No Bet,,No Bet,,,,,,,,,,,,,,,,,,,,,,,,,,,,,19,0.2025,0.2115,Green Bay Packers,Minnesota Vikings,0,0,0,0,0,0,0,0,0,0,0,0,1,4.0,4.0,,,10.575918385327904,0.0076172550130388,0.1143615859874553,0.0045115615721792,0.0018583222525495,0.0103710421566672,0.0001581803033843,0.0064187298308141,0.0002555793183376,0.0009806280437125,0.000606919380138,1.4956649401129365e-05,2.4166158344435286e-05,0.0006310855384825,0.0004137596217219,0.0167897719874813,0.0015875474238505,3.912280774556465e-05,22.0,0.0,0.3823,0.6177,0.4216,0.5782,0.5078,0.4914,Green Bay Packers,Minnesota Vikings,Green Bay Packers,Minnesota Vikings,Green Bay Packers,Same,Same,Same,False,False,0.0015875474238505,3.912280774556465e-05,0.0045115615721792,0.0018583222525495,0.0015875474238505,3.912280774556465e-05,0.007339609356341,0.0041057775739686,0.942151439486509,0.5856550107679868,1.3360880601461667,0.9219237330349193,1.6007361804176823,0.7240879238842121,0.8343718989839809,1.1124594046355147,1.1445565553138213,0.8242820721747536
2022_17_LA_LAC,2022,19,2023-01-01,16:25,Los Angeles Rams,Los Angeles Chargers,Home,Baker Mayfield,Justin Herbert,00-0034855,00-0036355,7,6,1,-1,2,-2,SoFi Stadium,33.9535,-118.3395,America/Los_Angeles,False,False,17,17,Sunday,False,False,0,False,False,0,2,-2,NFC West,SoFi Stadium,33.9535,-118.3395,America/Los_Angeles,AFC West,SoFi Stadium,33.9535,-118.3395,America/Los_Angeles,Denver Broncos,Indianapolis Colts,SoFi Stadium,Lucas Oil Stadium,Seattle Seahawks,Denver Broncos,Lumen Field,Empower Field at Mile High,0,0,0,0,0.0,0.0,America/Los_Angeles,America/Indiana/Indianapolis,0.0,3.0,0.0,0.0,0.0,0,1.29,0.935,1.29,0.935,Los Angeles Rams,0.355,Los Angeles Rams,0.355,1.29,0.935,Los Angeles Rams,0.355,0.0,0,No,No,No,No,No,0,Yes,0.0,0.0,6.103,0.998,1.465,0.7350000000000001,1.465,0.7350000000000001,0.175,-0.2,6.278,0.798,Los Angeles Rams,0.73,Los Angeles Rams,0.73,1.465,0.7350000000000001,Los Angeles Rams,0.73,Tie,0.0,Los Angeles Rams,5.105,3.0515,0.499,Los Angeles Rams,2.5525,Los Angeles Rams,0.375,Los Angeles Rams,5.48,3.2265,0.299,Los Angeles Rams,2.9275,Different,Same,Same,Same,Different,Same,False,Away Team,Away Team,41.5,-283.0,244.0,Los Angeles Chargers,Los Angeles Rams,-6.5,6.5,-104,-116,195,-244,0.375,-0.375,5.48,-5.48,0.2907,0.7389,0.537,0.5098,0.7093,0.339,0.2823,0.7177,0.513,0.487,0.6766,0.3234,0.2823,0.7177,-0.2177,0.2177,,,189,0.0,70.0,0.0,Dome,True,M.Stafford,J.Herbert,1.97,3.0,13.87,192.34,Med-High,-8.0,11.0,49.89,49.0,13.453684674700282,33.0,67.0,0.4442,0.555,0.091,0.0862,0.296,0.704,0.7324,0.2676,19,2023-01-01,Los Angeles Rams @ Los Angeles Chargers,0.4931,0.5067,103,-103,,,,,,,,No Bet,,No Bet,,No Bet,,No Bet,,No Bet,,No Bet,,No Bet,,No Bet,,No Bet,,,,,,,,,,,,,,,,,,,,,,,,,,,,,19,-0.1732,-0.1979,Los Angeles Chargers,Los Angeles Rams,0,0,0,0,0,0,0,0,0,0,0,0,0,1.5,1.5,,,10.575918385327904,0.4838249351544371,0.3355183204283457,0.1953995098949944,0.0020893507201771,2.403279607393665,3.49721748177947e-05,0.9453056056391692,8.891083906033034e-05,0.2272407482576419,0.0893828385580776,3.306774271850661e-06,8.406914257553028e-06,0.0893912454723352,0.0001238830138781,3.3485852130328344,0.3166235868157196,1.171368852940369e-05,22.0,0.0,0.2823,0.7177,0.5068,0.4929,0.5552,0.4436,Los Angeles Chargers,Los Angeles Rams,Los Angeles Rams,Los Angeles Rams,Los Angeles Rams,Same,Same,Same,False,False,0.3166235868157196,1.171368852940369e-05,0.1953995098949944,0.0020893507201771,0.3166235868157196,1.171368852940369e-05,0.1153666233055469,0.0044866556373866,0.9885580871213381,0.5392483631331602,0.8438075427676679,1.4142042504134202,0.5475760469319514,1.777248057369948,0.6869560366543194,1.259875266965182,0.7778609829345187,1.1909776445540545
2022_17_PIT_BAL,2022,19,2023-01-01,20:20,Pittsburgh Steelers,Baltimore Ravens,Home,Kenny Pickett,Tyler Huntley,00-0038102,00-0035993,8,8,0,0,-4,-3,M&T Bank Stadium,39.2789,-76.6228,America/New_York,False,False,17,17,Sunday,False,False,0,False,False,0,-4,-3,AFC North,Acrisure Stadium,40.4468,-80.0158,America/New_York,AFC North,M&T Bank Stadium,39.2789,-76.6228,America/New_York,Las Vegas Raiders,Atlanta Falcons,Acrisure Stadium,M&T Bank Stadium,Cleveland Browns,Cincinnati Bengals,Acrisure Stadium,Paycor Stadium,197,0,-197,197,0.0,0.0,America/New_York,America/New_York,0.0,0.0,0.0,0.0,0.0,0,-0.565,6.69,-0.565,6.69,Baltimore Ravens,7.255000000000001,Baltimore Ravens,7.255000000000001,-0.565,6.69,Baltimore Ravens,7.255000000000001,0.0,0,No,No,No,No,No,1,No,0.0,0.0,-2.946,3.864,-1.0284399999999998,6.57244,-1.0284399999999998,6.57244,-0.5359900000000001,-0.04501,-3.4138900000000008,3.75089,Baltimore Ravens,7.60088,Baltimore Ravens,7.60088,-1.0284399999999998,6.57244,Baltimore Ravens,7.60088,Tie,0.0,Baltimore Ravens,6.8100000000000005,-1.473,1.932,Baltimore Ravens,3.405,Baltimore Ravens,0.4909800000000001,Baltimore Ravens,7.16478,-1.9749400000000004,1.85294,Baltimore Ravens,3.82788,Different,Same,Same,Same,Different,Same,False,Home Team,Home Team,35.5,-121.0,110.0,Baltimore Ravens,Pittsburgh Steelers,-1.0,1.0,-116,-104,-319,249,-0.4909800000000001,0.4909800000000001,-7.16478,7.16478,0.4762,0.5475,0.5098,0.537,0.2865,0.7613,0.4652,0.5348,0.487,0.513,0.2734,0.7266,0.4652,0.5348,-0.0348,0.0348,44.0,2.0,190,2.0,44.0,0.0,nfl_read_py Fallback,False,A.Rodgers,C.Rush,5.99,7.0,13.32,177.5,Medium,-4.0,15.0,49.92,49.0,13.01272105832859,33.900000000000034,67.0,0.3206,0.679,0.0732,0.0788,0.303,0.6794,0.8694,0.1306,19,2023-01-01,Pittsburgh Steelers @ Baltimore Ravens,0.5237,0.4762,-110,110,,,,,,,,No Bet,,No Bet,,No Bet,,No Bet,,No Bet,,No Bet,,No Bet,,No Bet,,No Bet,,,,,,,,,,,,,,,,,,,,,,,,,,,,,19,0.0723,-0.3312,Baltimore Ravens,Pittsburgh Steelers,0,0,0,0,0,0,0,0,0,0,0,0,1,3.0,0.5,,,10.575918385327904,0.0,0.9045490432905092,0.0017143550076368,0.0063206716670386,0.0,0.0003822724068359,0.0,0.0004394653550641,0.0,0.0,3.614555189516605e-05,4.155339886830353e-05,4.155339886830353e-05,0.0008217377619,0.0,0.0,7.769895076346958e-05,22.0,0.0,0.4652,0.5348,0.4141,0.5857,0.5876,0.4116,Baltimore Ravens,Pittsburgh Steelers,Baltimore Ravens,Pittsburgh Steelers,Baltimore Ravens,Same,Same,Same,False,False,0.0,7.769895076346958e-05,0.0017143550076368,0.0063206716670386,0.0,7.769895076346958e-05,0.0039028287064295,0.01111486476988,0.8199458966245238,0.7078605536299787,1.1656081619038337,1.0924036312772432,1.6950012805898407,0.6298228237120477,0.6284428980284313,1.318388405591062,1.0362050571197456,0.9326335703688237
2022_18_KC_LV,2022,20,2023-01-07,16:30,Kansas City Chiefs,Las Vegas Raiders,Home,Patrick Mahomes,Jarrett Stidham,00-0033873,00-0035264,6,6,0,0,7,-6,Allegiant Stadium,36.108,-115.1578,America/Los_Angeles,False,False,18,18,Saturday,False,False,0,False,False,0,7,-6,AFC West,GEHA Field at Arrowhead Stadium,39.0489,-94.4839,America/Chicago,AFC West,Allegiant Stadium,36.108,-115.1578,America/Los_Angeles,Denver Broncos,San Francisco 49ers,GEHA Field at Arrowhead Stadium,Allegiant Stadium,Playoffs?,Playoffs?,Playoffs?,Playoffs?,1147,0,-1147,1147,2.0,0.0,America/Chicago,America/Los_Angeles,2.0,0.0,2.0,0.0,2.0,0,4.395,-2.35,4.395,-2.35,Kansas City Chiefs,6.744999999999999,Kansas City Chiefs,6.744999999999999,4.395,-2.35,Kansas City Chiefs,6.744999999999999,-0.15,0,No,No,No,No,No,1,No,0.0,0.0,8.203,0.872,4.73666,-0.9316600000000004,4.73666,-0.9316600000000004,0.40911,1.35089,8.538799999999998,2.2962,Kansas City Chiefs,5.66832,Kansas City Chiefs,5.66832,4.73666,-0.9316600000000004,Kansas City Chiefs,5.66832,Tie,0.0,Kansas City Chiefs,7.330999999999999,4.1015,0.436,Kansas City Chiefs,3.6655,Las Vegas Raiders,0.94178,Kansas City Chiefs,6.242599999999999,4.473954999999999,1.823545,Kansas City Chiefs,2.650409999999999,Different,Same,Different,Same,Different,Same,False,Home Team,Away Team,51.5,338.0,-407.0,Kansas City Chiefs,Las Vegas Raiders,9.0,-9.0,-122,101,208,-261,-0.94178,0.94178,6.242599999999999,-6.242599999999999,0.8028,0.2283,0.4975,0.5495,0.723,0.3247,0.7786,0.2214,0.4752,0.5248,0.6901,0.3099,0.7786,0.2214,0.2786,-0.2786,,,191,0.0,70.0,0.0,Dome,True,P.Mahomes,G.Smith,10.64,11.0,13.58,184.52,Med-High,3.0,20.0,59.02,58.0,14.187858465094903,41.0,78.0,0.212,0.7878,0.0628,0.0688,0.3238,0.6762,0.8584,0.1416,20,2023-01-07,Kansas City Chiefs @ Las Vegas Raiders,0.317,0.6829,215,-215,,,,,,,,No Bet,,No Bet,,No Bet,,No Bet,,No Bet,,No Bet,,No Bet,,No Bet,,No Bet,,,,,,,,,,,,,,,,,,,,,,,,,,,,,20,0.0,0.0,Kansas City Chiefs,Las Vegas Raiders,0,0,0,0,0,0,0,0,0,0,0,0,1,0.0,0.0,,,7.289682204297143,0.0004486922766525,1.2184048560807756e-16,0.0022762111193527,0.0496858917828781,1.0816315949754503e-06,6.915357175785179e-16,3.803786629845916e-06,1.9664270212160766e-16,1.483784292184709e-07,5.218041779110273e-07,9.48650020944492e-17,2.6975483513628377e-17,5.218041779380027e-07,8.881784197001251e-16,4.885418224821366e-06,0.0,1.2184048560807756e-16,3.0,19.0,0.7786,0.2214,0.7119,0.288,0.8424,0.1572,Kansas City Chiefs,Kansas City Chiefs,Kansas City Chiefs,Kansas City Chiefs,Kansas City Chiefs,Same,Same,Same,False,False,6.701826071294982e-07,1.2184048560807756e-16,0.0022762111193527,0.0496858917828781,6.701826071294982e-07,1.2184048560807756e-16,0.0048582839455042,0.0793477871435455,0.33105778155985416,1.0839019963308143,1.2317113217791738,0.987268319068381,0.7191194456499082,1.4241858138555428,0.44689124869089236,1.4958627908380155,0.636890582348427,1.2408586850594105
2022_18_TEN_JAX,2022,20,2023-01-07,20:15,Tennessee Titans,Jacksonville Jaguars,Home,Joshua Dobbs,Trevor Lawrence,00-0033949,00-0036971,9,6,3,-3,-5,-3,TIAA Bank Field,30.3239,-81.6554,America/New_York,False,False,18,18,Saturday,False,False,0,False,False,0,-5,-3,AFC South,Nissan Stadium,36.1664,-86.7716,America/Chicago,AFC South,TIAA Bank Field,30.3239,-81.6554,America/New_York,Dallas Cowboys,Houston Texans,Nissan Stadium,NRG Stadium,Playoffs?,Playoffs?,Playoffs?,Playoffs?,500,0,-500,500,-1.0,0.0,America/Chicago,America/Chicago,-1.0,-1.0,-1.0,0.0,-1.0,0,-4.36,-1.825,-4.36,-1.825,Jacksonville Jaguars,2.535,Jacksonville Jaguars,2.535,-4.36,-1.825,Jacksonville Jaguars,2.535,0.0,0,No,No,No,No,No,1,Yes,0.0,0.0,0.3,-2.443,-4.618180000000001,-1.3038199999999995,-4.618180000000001,-1.3038199999999995,-0.28353,0.54653,-0.01096,-1.86904,Jacksonville Jaguars,3.314360000000001,Jacksonville Jaguars,3.314360000000001,-4.618180000000001,-1.3038199999999995,Jacksonville Jaguars,3.314360000000001,Tie,0.0,Tennessee Titans,2.743,0.15,-1.2215,Tennessee Titans,1.3715,Jacksonville Jaguars,0.83006,Tennessee Titans,1.85808,-0.147245,-0.6612549999999999,Tennessee Titans,0.5140099999999999,Different,Different,Same,Different,Different,Same,False,Home Team,Away Team,39.5,-260.0,227.0,Jacksonville Jaguars,Tennessee Titans,-6.0,6.0,-122,101,108,-131,-0.83006,0.83006,1.85808,-1.85808,0.3058,0.7222,0.4975,0.5495,0.5671,0.4808,0.2975,0.7025,0.4752,0.5248,0.5412,0.4588,0.2975,0.7025,-0.2025,0.2025,56.0,4.0,192,4.0,56.0,0.0,nfl_read_py Fallback,False,C.Ward,T.Lawrence,-3.99,-5.0,13.6,185.0,Med-High,-13.0,6.0,45.17,44.0,13.276147610623942,29.0,63.0,0.613,0.3864,0.0924,0.085,0.4466,0.5172,0.653,0.347,20,2023-01-07,Tennessee Titans @ Jacksonville Jaguars,0.5748,0.4251,-135,135,,,,,,,,No Bet,,No Bet,,No Bet,,No Bet,,No Bet,,No Bet,,No Bet,,No Bet,,No Bet,,,,,,,,,,,,,,,,,,,,,,,,,,,,,20,0.0,0.0,Jacksonville Jaguars,Tennessee Titans,0,0,0,0,0,0,0,0,0,0,0,0,1,0.0,0.0,,,7.289682204297143,0.8142412261825591,0.7604493834425872,0.1470719117192439,0.0041409521773587,1.1534598072287598,0.0024632610307686,0.488475861424279,0.0058166079802184,0.1582318371229976,0.0670092121624082,0.0003379106196586,0.0007979233960006,0.0678071355584089,0.0082798690109871,1.6419356686530389,0.2243599818572609,0.0,3.0,19.0,0.2975,0.7025,0.4787,0.521,0.3728,0.6264,Jacksonville Jaguars,Jacksonville Jaguars,Jacksonville Jaguars,Jacksonville Jaguars,Jacksonville Jaguars,Same,Same,Same,False,False,0.2252410492854058,0.0011358340156593,0.1470719117192439,0.0041409521773587,0.2252410492854058,0.0011358340156593,0.0945026836092621,0.007093363033035,0.9271713291666743,0.4877884487239971,0.9718200719961794,1.2471595688513726,0.8157439148096689,1.3275613446957768,1.0475709963001345,0.8951830432287684,0.9436350597177642,0.9341142076900775
2022_18_TB_ATL,2022,20,2023-01-08,13:00,Tampa Bay Buccaneers,Atlanta Falcons,Home,Blaine Gabbert,Desmond Ridder,00-0027948,00-0038122,7,7,0,0,8,-8,Mercedes-Benz Stadium,33.7489,-84.388,America/New_York,False,False,18,18,Sunday,False,False,0,False,False,0,8,-8,NFC South,Raymond James Stadium,27.9759,-82.5033,America/New_York,NFC South,Mercedes-Benz Stadium,33.7489,-84.388,America/New_York,Carolina Panthers,Arizona Cardinals,Raymond James Stadium,Mercedes-Benz Stadium,Playoffs?,Playoffs?,Playoffs?,Playoffs?,414,0,-414,414,0.0,0.0,America/New_York,America/New_York,0.0,0.0,0.0,0.0,0.0,0,1.025,-0.71,1.025,-0.71,Tampa Bay Buccaneers,1.735,Tampa Bay Buccaneers,1.735,1.025,-0.71,Tampa Bay Buccaneers,1.735,0.0,0,No,No,No,No,No,1,No,0.0,0.0,3.401,-6.453,2.398025,-0.8825249999999999,2.398025,-0.8825249999999999,1.390375,-0.189875,4.692835,-6.544335000000001,Tampa Bay Buccaneers,3.2805499999999994,Tampa Bay Buccaneers,3.2805499999999994,2.398025,-0.8825249999999999,Tampa Bay Buccaneers,3.2805499999999994,Tie,0.0,Tampa Bay Buccaneers,9.854,1.7005,-3.2265,Tampa Bay Buccaneers,4.927,Tampa Bay Buccaneers,1.58025,Tampa Bay Buccaneers,11.23717,3.041605,-3.3671050000000005,Tampa Bay Buccaneers,6.40871,Different,Same,Same,Same,Different,Same,False,Away Team,Away Team,40.5,-235.0,207.0,Atlanta Falcons,Tampa Bay Buccaneers,-6.0,6.0,105,-128,406,-567,1.58025,-1.58025,11.23717,-11.23717,0.3257,0.7015,0.5614,0.4878,0.8501,0.1976,0.3171,0.6829,0.5351,0.4649,0.8114,0.1886,0.3171,0.6829,-0.1829,0.1829,,,193,0.0,70.0,0.0,Dome,True,B.Mayfield,M.Penix,2.96,4.0,12.95,167.59,Med-Low,-7.0,12.0,41.9,41.0,12.75435186351277,26.0,58.0,0.4032,0.5956,0.097,0.0874,0.2542,0.7226,0.524,0.476,20,2023-01-08,Tampa Bay Buccaneers @ Atlanta Falcons,0.4349,0.5648,130,-130,,,,,,,,No Bet,,No Bet,,No Bet,,No Bet,,No Bet,,No Bet,,No Bet,,No Bet,,No Bet,,,,,,,,,,,,,,,,,,,,,,,,,,,,,20,0.0,0.0,Atlanta Falcons,Tampa Bay Buccaneers,0,0,0,0,0,0,0,0,0,0,0,0,1,0.0,0.0,,,7.289682204297143,0.6731360022555514,1.2184048560807756e-16,0.0622509973888284,0.0003329900836726,0.4753531300568066,4.2066949234291913e-19,0.2207270135320155,9.05945116117879e-19,0.0652090333617827,0.030279373962544,5.77075214739734e-20,1.2427772442313603e-19,0.030279373962544,1.3266146084607982e-18,0.6960801435888222,0.0946243218778312,0.0,3.0,19.0,0.3171,0.6829,0.5862,0.4135,0.6094,0.3894,Atlanta Falcons,Tampa Bay Buccaneers,Tampa Bay Buccaneers,Tampa Bay Buccaneers,Tampa Bay Buccaneers,Same,Same,Same,False,False,0.0954884073243268,1.8198524589710944e-19,0.0622509973888284,0.0003329900836726,0.0954884073243268,1.8198524589710944e-19,0.0406473302948742,0.001805546105753,0.9373482398504559,0.4776115380402114,0.945326286320061,1.2736533545274888,0.360085021653372,1.7832202378520783,0.7237536919458175,1.2190003475830817,0.7588026926550651,1.1189465747527807
2022_18_NE_BUF,2022,20,2023-01-08,13:00,New England Patriots,Buffalo Bills,Home,Mac Jones,Josh Allen,00-0036972,00-0034857,7,15,-8,8,-19,22,Highmark Stadium,42.7725,-78.7877,America/New_York,False,False,18,18,Sunday,False,False,0,False,False,0,-19,22,AFC East,Gillette Stadium,42.0628,-71.2687,America/New_York,AFC East,Highmark Stadium,42.7725,-78.7877,America/New_York,Miami Dolphins,Chicago Bears,Gillette Stadium,Soldier Field,Playoffs?,Playoffs?,Playoffs?,Playoffs?,386,0,-386,386,0.0,0.0,America/New_York,America/Chicago,0.0,-1.0,0.0,0.0,0.0,0,-1.995,4.795,-1.995,4.795,Buffalo Bills,6.79,Buffalo Bills,6.79,-1.995,4.795,Buffalo Bills,6.79,0.0,0,No,No,No,No,No,1,No,0.0,0.0,0.436,11.21,-3.7957,6.768699999999999,-3.7957,6.768699999999999,-1.8686,2.0416000000000003,-1.32486,13.14386,Buffalo Bills,10.5644,Buffalo Bills,10.5644,-3.7957,6.768699999999999,Buffalo Bills,10.5644,Tie,0.0,Buffalo Bills,10.774,0.218,5.605,Buffalo Bills,5.3870000000000005,Buffalo Bills,3.910200000000001,Buffalo Bills,14.46872,-1.59673,7.59273,Buffalo Bills,9.18946,Different,Same,Same,Same,Different,Same,False,Home Team,Home Team,44.0,-373.0,314.0,Buffalo Bills,New England Patriots,-8.0,8.0,-211,171,-984,615,-3.910200000000001,3.910200000000001,-14.46872,14.46872,0.2415,0.7886,0.369,0.6785,0.1399,0.9077,0.2345,0.7655,0.3523,0.6477,0.1335,0.8665,0.2345,0.7655,-0.2655,0.2655,30.0,6.0,194,6.0,30.0,0.0,nfl_read_py Fallback,False,D.Maye,J.Allen,-5.8,-7.0,14.68,215.45,High,-17.0,6.0,47.97,47.0,13.754360738611794,30.0,66.0,0.6476,0.3514,0.0726,0.0768,0.5812,0.3828,0.451,0.549,20,2023-01-08,New England Patriots @ Buffalo Bills,0.7318,0.2679,-273,273,,,,,,,,No Bet,,No Bet,,No Bet,,No Bet,,No Bet,,No Bet,,No Bet,,No Bet,,No Bet,,,,,,,,,,,,,,,,,,,,,,,,,,,,,20,0.0,0.0,Buffalo Bills,New England Patriots,0,0,0,0,0,0,0,0,0,0,0,0,1,0.0,0.0,,,7.289682204297143,1.2184048560807756e-16,0.5234484926894337,0.0275591030513883,0.0019583905981972,6.799005802804457e-16,0.001336503051639,2.082778394196794e-16,0.0043628703028984,9.326889173298336e-17,2.8571593875094195e-17,0.0001833417444249,0.0005984993831866,0.0005984993831866,0.0056993733545375,8.881784197001251e-16,1.2184048560807756e-16,0.0,3.0,19.0,0.2345,0.7655,0.272,0.7279,0.3302,0.6694,Buffalo Bills,Buffalo Bills,Buffalo Bills,Buffalo Bills,Buffalo Bills,Same,Same,Same,False,False,1.2184048560807756e-16,0.0007818411276115,0.0275591030513883,0.0019583905981972,1.2184048560807756e-16,0.0007818411276115,0.0445826421138437,0.003880825112499,1.07333970893233,0.3416200689583401,1.4025736757534628,0.8164059650940835,1.84095180328676,0.3023534562186928,1.2334494016599005,0.7093046378690018,1.3539141368004726,0.5238351306073661
2022_18_MIN_CHI,2022,20,2023-01-08,13:00,Minnesota Vikings,Chicago Bears,Home,Kirk Cousins,Nathan Peterman,00-0029604,00-0033958,7,7,0,0,1,6,Soldier Field,41.8623,-87.6167,America/Chicago,False,True,18,18,Sunday,False,False,0,False,False,0,1,6,NFC North,U.S. Bank Stadium,44.9738,-93.2575,America/Chicago,NFC North,Soldier Field,41.8623,-87.6167,America/Chicago,Green Bay Packers,Detroit Lions,Lambeau Field,Ford Field,Playoffs?,Playoffs?,Playoffs?,Playoffs?,355,0,-355,355,0.0,0.0,America/Chicago,America/Detroit,0.0,1.0,0.0,0.0,0.0,0,0.27,-1.575,0.27,-1.575,Minnesota Vikings,1.845,Minnesota Vikings,1.845,0.27,-1.575,Minnesota Vikings,1.845,0.0,0,No,No,No,No,No,1,No,0.0,0.0,-1.753,-5.152,-1.585485,-0.0650149999999998,-1.585485,-0.0650149999999998,-1.837035,1.491535,-3.624025,-3.626475,Chicago Bears,1.5204700000000002,Chicago Bears,1.5204700000000002,-1.585485,-0.0650149999999998,Chicago Bears,1.5204700000000002,Tie,0.0,Minnesota Vikings,3.399,-0.8765,-2.576,Minnesota Vikings,1.6995,Chicago Bears,3.32857,Minnesota Vikings,0.0024500000000005,-2.73053,-1.06747,Chicago Bears,1.6630599999999998,Different,Different,Same,Different,Different,Same,False,Home Team,Away Team,42.5,227.0,-260.0,Minnesota Vikings,Chicago Bears,6.5,-6.5,-191,156,-110,-110,-3.32857,3.32857,0.0024500000000005,-0.0024500000000005,0.7222,0.3058,0.3906,0.6564,0.5238,0.5238,0.7025,0.2975,0.3731,0.6269,0.5,0.5,0.7025,0.2975,0.2025,-0.2025,32.0,2.0,195,2.0,32.0,0.0,nfl_read_py Fallback,False,C.Wentz,C.Williams,3.37,4.0,14.04,197.25,High,-7.0,13.0,52.57,52.0,13.990800817019029,35.0,71.0,0.3992,0.5998,0.0818,0.0834,0.3256,0.6744,0.685,0.315,20,2023-01-08,Minnesota Vikings @ Chicago Bears,0.4559,0.5439,119,-119,,,,,,,,No Bet,,No Bet,,No Bet,,No Bet,,No Bet,,No Bet,,No Bet,,No Bet,,No Bet,,,,,,,,,,,,,,,,,,,,,,,,,,,,,20,0.0,0.0,Minnesota Vikings,Chicago Bears,0,0,0,0,0,0,0,0,0,0,0,0,1,0.0,0.0,,,7.289682204297143,0.9235378357618824,0.1143398867831621,0.0043392116934831,0.0757257950402645,0.0029915400167385,0.5855347601420082,0.007064056678181,0.2479666777825586,0.0004103800320643,0.0009690486471436,0.0803237704651713,0.0340161163179907,0.0349851649651343,0.8335014379245669,0.0100555966949195,0.0,0.1143398867831621,3.0,19.0,0.7025,0.2975,0.5741,0.4254,0.5134,0.4848,Minnesota Vikings,Minnesota Vikings,Minnesota Vikings,Minnesota Vikings,Minnesota Vikings,Same,Same,Same,False,False,0.0013794286792079,0.1143398867831621,0.0043392116934831,0.0757257950402645,0.0013794286792079,0.1143398867831621,0.0072557751446286,0.0502808364955741,0.45341959720445424,0.9615401806862174,1.4806228971603448,0.7383567436872056,1.162377006364867,0.9809282531405795,0.8480108729192297,1.0947431666096707,0.9253236253401644,0.9524256420676779
2022_18_BAL_CIN,2022,20,2023-01-08,13:00,Baltimore Ravens,Cincinnati Bengals,Home,Anthony Brown,Joe Burrow,00-0037175,00-0036442,7,15,-8,8,-11,14,Paycor Stadium,39.0955,-84.5165,America/New_York,False,False,18,18,Sunday,False,False,0,False,False,0,-11,14,AFC North,M&T Bank Stadium,39.2789,-76.6228,America/New_York,AFC North,Paycor Stadium,39.0955,-84.5165,America/New_York,Pittsburgh Steelers,New England Patriots,M&T Bank Stadium,Gillette Stadium,Playoffs?,Playoffs?,Playoffs?,Playoffs?,422,0,-422,422,0.0,0.0,America/New_York,America/New_York,0.0,0.0,0.0,0.0,0.0,0,6.69,1.31,6.69,1.31,Baltimore Ravens,5.380000000000001,Baltimore Ravens,5.380000000000001,6.69,1.31,Baltimore Ravens,5.380000000000001,0.0,0,No,No,No,No,No,1,No,0.0,0.0,3.864,2.648,5.399170000000001,2.3778300000000003,5.399170000000001,2.3778300000000003,-1.23703,1.01403,2.61481,3.67419,Baltimore Ravens,3.0213400000000004,Baltimore Ravens,3.0213400000000004,5.399170000000001,2.3778300000000003,Baltimore Ravens,3.0213400000000004,Tie,0.0,Baltimore Ravens,1.2159999999999995,1.932,1.324,Baltimore Ravens,0.6079999999999999,Cincinnati Bengals,2.25106,Cincinnati Bengals,1.0593800000000004,0.6888899999999999,2.34411,Cincinnati Bengals,1.6552200000000004,Different,Different,Different,Different,Different,Different,False,Home Team,Home Team,39.0,-603.0,474.0,Cincinnati Bengals,Baltimore Ravens,-11.0,11.0,-142,117,-122,101,-2.25106,2.25106,-1.0593800000000004,1.0593800000000004,0.1742,0.8578,0.4608,0.5868,0.4975,0.5495,0.1688,0.8312,0.4399,0.5601,0.4752,0.5248,0.1688,0.8312,-0.3312,0.3312,38.0,7.0,196,7.0,38.0,0.0,nfl_read_py Fallback,False,C.Rush,J.Browning,2.19,3.0,14.13,199.79,High,-8.0,12.0,44.94,44.0,12.531648503003929,29.0,62.0,0.4408,0.5586,0.0886,0.077,0.1668,0.8126,0.6512,0.3086,20,2023-01-08,Baltimore Ravens @ Cincinnati Bengals,0.5892,0.4106,-143,144,,,,,,,,No Bet,,No Bet,,No Bet,,No Bet,,No Bet,,No Bet,,No Bet,,No Bet,,No Bet,,,,,,,,,,,,,,,,,,,,,,,,,,,,,20,0.0,0.0,Cincinnati Bengals,Baltimore Ravens,0,0,0,0,0,0,0,0,0,0,0,0,1,0.0,0.0,,,7.289682204297143,0.2826752141055023,1.2184048560807756e-16,0.1918323614064688,0.0,1.712781091597868,2.2393254590818282e-19,0.347831386262897,1.1026820625526157e-18,0.2349596379644935,0.0477155761410087,3.071910950743207e-20,1.5126613638967735e-19,0.0477155761410087,1.3266146084607982e-18,2.060612477860765,0.2826752141055023,0.0,3.0,19.0,0.1688,0.8312,0.3364,0.6636,0.472,0.5278,Cincinnati Bengals,Cincinnati Bengals,Cincinnati Bengals,Baltimore Ravens,Cincinnati Bengals,Same,Different,Same,False,False,0.2826752141055023,1.8198524589710944e-19,0.1918323614064688,0.0,0.2826752141055023,1.8198524589710944e-19,0.1296774977667686,0.0011054066257764,1.109008966038642,0.0,0.9899595071443537,0.0,0.8973394248751098,0.0,0.6830859222122911,0.0,0.927639389893736,0.0
2022_18_HOU_IND,2022,20,2023-01-08,13:00,Houston Texans,Indianapolis Colts,Home,Davis Mills,Sam Ehlinger,00-0036898,00-0036879,7,7,0,0,-10,-4,Lucas Oil Stadium,39.7601,-86.1638,America/Indiana/Indianapolis,False,False,18,18,Sunday,False,False,0,False,False,0,-10,-4,AFC South,NRG Stadium,29.6847,-95.4093,America/Chicago,AFC South,Lucas Oil Stadium,39.7601,-86.1638,America/Indiana/Indianapolis,Jacksonville Jaguars,New York Giants,NRG Stadium,MetLife Stadium,Playoffs?,Playoffs?,Playoffs?,Playoffs?,870,0,-870,870,-1.0,0.0,America/Chicago,America/New_York,-1.0,0.0,-1.0,0.0,-1.0,0,0.035,-2.265,0.035,-2.265,Houston Texans,2.3000000000000003,Houston Texans,2.3000000000000003,0.035,-2.265,Houston Texans,2.3000000000000003,0.0,0,No,No,No,No,No,1,No,0.0,0.0,-6.241,-1.583,0.11034,-1.0323400000000005,0.11034,-1.0323400000000005,0.09834,1.2096600000000002,-6.09608,-0.4199199999999998,Houston Texans,1.1426800000000004,Houston Texans,1.1426800000000004,0.11034,-1.0323400000000005,Houston Texans,1.1426800000000004,Tie,0.0,Indianapolis Colts,4.658,-3.1205,-0.7915,Indianapolis Colts,2.329,Indianapolis Colts,1.11132,Indianapolis Colts,5.676159999999999,-2.99887,0.3948700000000001,Indianapolis Colts,3.39374,Different,Different,Different,Different,Different,Same,False,Home Team,Home Team,38.0,-142.0,128.0,Indianapolis Colts,Houston Texans,-3.0,3.0,-122,101,-244,195,-1.11132,1.11132,-5.676159999999999,5.676159999999999,0.4386,0.5868,0.4975,0.5495,0.339,0.7093,0.4277,0.5723,0.4752,0.5248,0.3234,0.6766,0.4277,0.5723,-0.0723,0.0723,,,197,0.0,70.0,0.0,Dome,True,C.Stroud,D.Jones,-1.47,-3.0,14.05,197.49,High,-11.0,9.0,47.03,47.0,13.277750731690162,30.0,64.0,0.5364,0.462,0.079,0.0826,0.5564,0.4436,0.5382,0.4618,20,2023-01-08,Houston Texans @ Indianapolis Colts,0.5775,0.4221,-137,137,,,,,,,,No Bet,,No Bet,,No Bet,,No Bet,,No Bet,,No Bet,,No Bet,,No Bet,,No Bet,,,,,,,,,,,,,,,,,,,,,,,,,,,,,20,0.0,0.0,Indianapolis Colts,Houston Texans,0,0,0,0,0,0,0,0,0,0,0,0,1,0.0,0.0,,,7.289682204297143,0.9596930030624392,0.9832396816230184,0.012791212800136,0.0050255055073081,0.070614330530268,0.0053806604396565,0.0527725828547887,0.0071997941772631,0.009686887377428,0.0072393530164703,0.0007381200289478,0.0009876691432472,0.0082270221597176,0.0125804546169196,0.1233869133850567,0.0155159843031436,0.0002575724299425,3.0,19.0,0.4277,0.5723,0.4018,0.598,0.436,0.563,Indianapolis Colts,Indianapolis Colts,Indianapolis Colts,Indianapolis Colts,Indianapolis Colts,Same,Same,Same,False,False,0.0169262403938984,0.0017257891721951,0.012791212800136,0.0050255055073081,0.0169262403938984,0.0017257891721951,0.0110201496635772,0.0081220799374855,0.805800051982545,0.6091597259081216,1.1532558762115872,1.065723764635959,1.4412685284257818,0.702036731079669,1.0340586424285088,0.9086953971003906,1.0769579315959448,0.8007913358118929
2022_18_NYJ_MIA,2022,20,2023-01-08,13:00,New York Jets,Miami Dolphins,Home,Joe Flacco,Skylar Thompson,00-0026158,00-0037327,7,7,0,0,-8,6,Hard Rock Stadium,25.9602,-80.2384,America/New_York,False,True,18,18,Sunday,False,False,0,False,False,0,-8,6,AFC East,MetLife Stadium,40.8136,-74.0744,America/New_York,AFC East,Hard Rock Stadium,25.9602,-80.2384,America/New_York,Seattle Seahawks,New England Patriots,Lumen Field,Gillette Stadium,Playoffs?,Playoffs?,Playoffs?,Playoffs?,1085,0,-1085,1085,0.0,0.0,America/Los_Angeles,America/New_York,-3.0,0.0,0.0,0.0,0.0,0,-3.725,0.66,-3.725,0.66,Miami Dolphins,4.385,Miami Dolphins,4.385,-3.725,0.66,Miami Dolphins,4.385,0.0,0,No,No,No,No,No,1,No,0.0,0.0,-6.163,1.001,-3.62328,2.18028,-3.62328,2.18028,0.0578699999999999,1.56413,-6.0334900000000005,2.49349,Miami Dolphins,5.803560000000001,Miami Dolphins,5.803560000000001,-3.62328,2.18028,Miami Dolphins,5.803560000000001,Tie,0.0,Miami Dolphins,7.164,-3.0815,0.5005,Miami Dolphins,3.582,Miami Dolphins,1.50626,Miami Dolphins,8.52698,-2.98781,2.02881,Miami Dolphins,5.01662,Different,Same,Same,Same,Different,Same,False,Home Team,Home Team,37.5,-200.0,178.0,Miami Dolphins,New York Jets,-3.5,3.5,-128,105,-397,302,-1.50626,1.50626,-8.52698,8.52698,0.3597,0.6667,0.4878,0.5614,0.2488,0.7988,0.3505,0.6495,0.4649,0.5351,0.2375,0.7625,0.3505,0.6495,-0.1495,0.1495,75.0,9.0,198,9.0,75.0,0.0,nfl_read_py Fallback,False,J.Fields,T.Tagovailoa,-4.26,-5.0,13.92,193.8,Med-High,-14.0,6.0,45.9,45.0,13.206134878899576,29.0,63.0,0.6238,0.3748,0.0844,0.0838,0.5438,0.4562,0.7182,0.2818,20,2023-01-08,New York Jets @ Miami Dolphins,0.6427,0.3569,-180,180,,,,,,,,No Bet,,No Bet,,No Bet,,No Bet,,No Bet,,No Bet,,No Bet,,No Bet,,No Bet,,,,,,,,,,,,,,,,,,,,,,,,,,,,,20,0.0,0.0,Miami Dolphins,New York Jets,0,0,0,0,0,0,0,0,0,0,0,0,1,0.0,0.0,,,7.289682204297143,0.0262143950246545,0.6917983056280815,0.0180709323070932,0.0036653993973692,0.0455740994021868,0.0026401017829821,0.0245938750430584,0.0048922856149698,0.0062518636786829,0.003373792485571,0.0003621696678938,0.0006711246770244,0.0040449171625954,0.007532387397952,0.0701679744452452,0.0096008415749597,0.0,3.0,19.0,0.3505,0.6495,0.3482,0.6514,0.3932,0.6052,Miami Dolphins,Miami Dolphins,Miami Dolphins,Miami Dolphins,Miami Dolphins,Same,Same,Same,False,False,0.0096256561642539,0.0010332943449183,0.0180709323070932,0.0036653993973692,0.0096256561642539,0.0010332943449183,0.0237837652462234,0.0064089426322527,0.9121141867613022,0.5028455911293668,1.1665121047066322,1.0524675361409126,1.6204351755516435,0.5228700839538027,1.197728707187797,0.745025332341107,1.193750640996599,0.6839986264112407
2022_18_CAR_NO,2022,20,2023-01-08,13:00,Carolina Panthers,New Orleans Saints,Home,Sam Darnold,Andy Dalton,00-0034869,00-0027973,7,7,0,0,7,-9,Caesars Superdome,29.9507,-90.0813,America/Chicago,False,True,18,18,Sunday,False,False,0,False,False,0,7,-9,NFC South,Bank of America Stadium,35.2258,-80.8528,America/New_York,NFC South,Caesars Superdome,29.9507,-90.0813,America/Chicago,Tampa Bay Buccaneers,Philadelphia Eagles,Raymond James Stadium,Lincoln Financial Field,Playoffs?,Playoffs?,Playoffs?,Playoffs?,648,0,-648,648,1.0,0.0,America/New_York,America/New_York,1.0,1.0,1.0,0.0,1.0,0,-5.25,-6.145,-5.25,-6.145,Carolina Panthers,0.8949999999999996,Carolina Panthers,0.8949999999999996,-5.25,-6.145,Carolina Panthers,0.8949999999999996,0.0,0,No,No,No,No,No,1,No,0.0,0.0,-3.675,-1.222,-4.23655,-6.00545,-4.23655,-6.00545,1.0224,0.1306,-2.62807,-1.11593,Carolina Panthers,1.7688999999999997,Carolina Panthers,1.7688999999999997,-4.23655,-6.00545,Carolina Panthers,1.7688999999999997,Tie,0.0,New Orleans Saints,2.453,-1.8375,-0.611,New Orleans Saints,1.2265,Carolina Panthers,0.8917999999999999,New Orleans Saints,1.5121399999999998,-0.8028349999999999,-0.4926649999999999,New Orleans Saints,0.3101699999999999,Different,Different,Same,Different,Different,Same,False,Away Team,Home Team,41.5,-179.0,160.0,New Orleans Saints,Carolina Panthers,-3.5,3.5,101,-122,-128,105,0.8917999999999999,-0.8917999999999999,-1.5121399999999998,1.5121399999999998,0.3846,0.6416,0.5495,0.4975,0.4878,0.5614,0.3748,0.6252,0.5248,0.4752,0.4649,0.5351,0.3748,0.6252,-0.1252,0.1252,,,199,0.0,70.0,0.0,Dome,True,B.Young,S.Rattler,-0.03,-1.0,13.34,178.05,Medium,-10.0,10.0,41.53,41.0,12.48738752219318,26.0,58.0,0.5006,0.498,0.0946,0.0844,0.4202,0.5798,0.4854,0.5146,20,2023-01-08,Carolina Panthers @ New Orleans Saints,0.534,0.4656,-115,115,,,,,,,,No Bet,,No Bet,,No Bet,,No Bet,,No Bet,,No Bet,,No Bet,,No Bet,,No Bet,,,,,,,,,,,,,,,,,,,,,,,,,,,,,20,0.0,0.0,New Orleans Saints,Carolina Panthers,0,0,0,0,0,0,0,0,0,0,0,0,1,0.0,0.0,,,7.289682204297143,0.3146640893638732,0.979775211977853,0.0232219738732605,0.0044715460364821,0.0891127213390573,0.0039983350501555,0.0534220216856665,0.006669581305649,0.012224500169092,0.00732844315959,0.0005484923674448,0.0009149344400387,0.0082433775996287,0.0106679163558046,0.1425347430247238,0.0191114955521739,0.0,3.0,19.0,0.3748,0.6252,0.4975,0.5023,0.4884,0.5108,New Orleans Saints,New Orleans Saints,New Orleans Saints,New Orleans Saints,New Orleans Saints,Same,Same,Same,False,False,0.019552943328682,0.0014634268074836,0.0232219738732605,0.0044715460364821,0.019552943328682,0.0014634268074836,0.025801101348303,0.0074122860759986,0.8753815487705782,0.5395782291200921,1.0274391170753538,1.1915405237721957,1.1226080553311197,1.0206972041743299,0.9530841595082773,0.9896698800206217,0.9844071677957482,0.893342099612094
2022_18_CLE_PIT,2022,20,2023-01-08,13:00,Cleveland Browns,Pittsburgh Steelers,Home,Deshaun Watson,Kenny Pickett,00-0033537,00-0038102,7,7,0,0,3,-4,Acrisure Stadium,40.4468,-80.0158,America/New_York,False,True,18,18,Sunday,False,False,0,False,False,0,3,-4,AFC North,FirstEnergy Stadium,41.5061,-81.6994,America/New_York,AFC North,Acrisure Stadium,40.4468,-80.0158,America/New_York,Washington Commanders,Baltimore Ravens,FedExField,M&T Bank Stadium,Playoffs?,Playoffs?,Playoffs?,Playoffs?,114,0,-114,114,0.0,0.0,America/New_York,America/New_York,0.0,0.0,0.0,0.0,0.0,0,-4.705,-0.565,-4.705,-0.565,Pittsburgh Steelers,4.140000000000001,Pittsburgh Steelers,4.140000000000001,-4.705,-0.565,Pittsburgh Steelers,4.140000000000001,0.0,0,No,No,No,No,No,1,No,0.0,0.0,1.172,-2.946,-5.00374,-0.4702599999999999,-5.00374,-0.4702599999999999,-0.34014,0.13614,0.79068,-2.7686800000000003,Pittsburgh Steelers,4.53348,Pittsburgh Steelers,4.53348,-5.00374,-0.4702599999999999,Pittsburgh Steelers,4.53348,Tie,0.0,Cleveland Browns,4.118,0.586,-1.473,Cleveland Browns,2.059,Pittsburgh Steelers,0.47628,Cleveland Browns,3.5593600000000003,0.22527,-1.31627,Cleveland Browns,1.54154,Different,Different,Same,Different,Different,Same,False,Home Team,Away Team,40.0,-142.0,128.0,Pittsburgh Steelers,Cleveland Browns,-2.5,2.5,-116,-104,156,-191,-0.47628,0.47628,3.5593600000000003,-3.5593600000000003,0.4386,0.5868,0.5098,0.537,0.6564,0.3906,0.4277,0.5723,0.487,0.513,0.6269,0.3731,0.4277,0.5723,-0.0723,0.0723,36.0,8.0,200,8.0,36.0,0.0,nfl_read_py Fallback,False,D.Gabriel,A.Rodgers,-9.5,-10.0,13.36,178.5,Medium,-18.0,-2.0,46.18,46.0,12.99067668661472,30.0,64.0,0.7716,0.2274,0.0644,0.0734,0.743,0.257,0.6498,0.313,20,2023-01-08,Cleveland Browns @ Pittsburgh Steelers,0.5575,0.4422,-126,126,,,,,,,,No Bet,,No Bet,,No Bet,,No Bet,,No Bet,,No Bet,,No Bet,,No Bet,,No Bet,,,,,,,,,,,,,,,,,,,,,,,,,,,,,20,0.0,0.0,Pittsburgh Steelers,Cleveland Browns,0,0,0,0,0,0,0,0,0,0,0,0,1,0.0,0.0,,,7.289682204297143,0.9044966030885742,0.239118206486486,0.0120801856648838,0.0026568091442871,0.059766446098901,0.0012157673120594,0.0446655757408701,0.0016268029756643,0.0081987725148936,0.0061272322289359,0.000166779192561,0.0002231651435648,0.0063503973725008,0.0028425702877238,0.1044320218397711,0.0129944256536067,3.283799862642549e-05,3.0,19.0,0.4277,0.5723,0.4345,0.5652,0.2246,0.7744,Pittsburgh Steelers,Pittsburgh Steelers,Pittsburgh Steelers,Pittsburgh Steelers,Pittsburgh Steelers,Same,Same,Same,False,False,0.0143260047438296,0.0003899443361259,0.0120801856648838,0.0026568091442871,0.0143260047438296,0.0003899443361259,0.0114944405217366,0.0052180211753263,0.8049485403007807,0.6100112375898872,1.1246524798015305,1.094327161046017,0.7883013571530058,1.355003902352439,1.4920426478087458,0.45071139172016006,1.0377179658329618,0.8400313015748823
2022_18_LAC_DEN,2022,20,2023-01-08,16:25,Los Angeles Chargers,Denver Broncos,Home,Justin Herbert,Russell Wilson,00-0036355,00-0029263,7,7,0,0,-2,9,Empower Field at Mile High,39.7648,-105.0076,America/Denver,False,False,18,18,Sunday,False,False,0,False,False,0,-2,9,AFC West,SoFi Stadium,33.9535,-118.3395,America/Los_Angeles,AFC West,Empower Field at Mile High,39.7648,-105.0076,America/Denver,Los Angeles Rams,Kansas City Chiefs,SoFi Stadium,GEHA Field at Arrowhead Stadium,Playoffs?,Playoffs?,Playoffs?,Playoffs?,837,0,-837,837,-1.0,0.0,America/Los_Angeles,America/Chicago,-1.0,1.0,-1.0,0.0,-1.0,0,0.935,2.05,0.935,2.05,Denver Broncos,1.1149999999999998,Denver Broncos,1.1149999999999998,0.935,2.05,Denver Broncos,1.1149999999999998,0.0,0,No,No,No,No,No,1,No,0.0,0.0,0.998,-3.234,2.08461,2.63439,2.08461,2.63439,1.1384599999999998,0.5955400000000001,2.09414,-2.59614,Denver Broncos,0.5497800000000002,Denver Broncos,0.5497800000000002,2.08461,2.63439,Denver Broncos,0.5497800000000002,Tie,0.0,Los Angeles Chargers,4.232,0.499,-1.617,Los Angeles Chargers,2.116,Los Angeles Chargers,0.5429199999999997,Los Angeles Chargers,4.69028,1.6162999999999998,-1.0002999999999995,Los Angeles Chargers,2.6166,Different,Different,Different,Different,Different,Same,False,Away Team,Away Team,38.5,-254.0,222.0,Denver Broncos,Los Angeles Chargers,-6.0,6.0,-104,-116,181,-224,0.5429199999999997,-0.5429199999999997,4.69028,-4.69028,0.3106,0.7175,0.537,0.5098,0.6914,0.3559,0.3021,0.6979,0.513,0.487,0.6602,0.3398,0.3021,0.6979,-0.1979,0.1979,43.0,4.0,201,4.0,43.0,0.0,nfl_read_py Fallback,False,J.Herbert,B.Nix,4.65,6.0,13.73,188.5,Med-High,-6.0,14.0,45.94,45.0,13.120481502100803,29.0,64.0,0.368,0.631,0.0872,0.0768,0.2344,0.7438,0.7066,0.2934,20,2023-01-08,Los Angeles Chargers @ Denver Broncos,0.4732,0.5266,111,-111,,,,,,,,No Bet,,No Bet,,No Bet,,No Bet,,No Bet,,No Bet,,No Bet,,No Bet,,No Bet,,,,,,,,,,,,,,,,,,,,,,,,,,,,,20,0.0,0.0,Denver Broncos,Los Angeles Chargers,0,0,0,0,0,0,0,0,0,0,0,0,1,0.0,0.0,,,7.289682204297143,0.2583808946184162,0.154142578634564,0.0726925942822192,0.0017481378884703,0.5872261705605932,0.0005070216442858,0.2541926151688712,0.0011713022361704,0.0805557984701217,0.0348701916002633,6.955332620494355e-05,0.0001606794649401,0.0350308710652035,0.0016783238804563,0.8414187857294645,0.1152121481819931,0.0,3.0,19.0,0.3021,0.6979,0.4855,0.5142,0.64,0.3588,Denver Broncos,Los Angeles Chargers,Denver Broncos,Los Angeles Chargers,Los Angeles Chargers,Same,Same,Different,False,False,0.115425990070385,0.0002302327911451,0.0726925942822192,0.0017481378884703,0.115425990070385,0.0002302327911451,0.0448503993213348,0.0038880854669474,0.9549908728695172,0.4599689050211532,0.9812439927563084,1.2377356480912387,0.6517476807340958,1.4915575787713584,0.6501077543188836,1.2926462852100158,0.8209334327257329,1.0568158346821057
2022_18_NYG_PHI,2022,20,2023-01-08,16:25,New York Giants,Philadelphia Eagles,Home,Davis Webb,Jalen Hurts,00-0033550,00-0036389,7,7,0,0,0,-2,Lincoln Financial Field,39.9008,-75.1675,America/New_York,False,False,18,18,Sunday,False,False,0,False,False,0,0,-2,NFC East,MetLife Stadium,40.8136,-74.0744,America/New_York,NFC East,Lincoln Financial Field,39.9008,-75.1675,America/New_York,Indianapolis Colts,New Orleans Saints,MetLife Stadium,Lincoln Financial Field,Playoffs?,Playoffs?,Playoffs?,Playoffs?,85,0,-85,85,0.0,0.0,America/New_York,America/New_York,0.0,0.0,0.0,0.0,0.0,0,-2.84,4.905,-2.84,4.905,Philadelphia Eagles,7.745,Philadelphia Eagles,7.745,-2.84,4.905,Philadelphia Eagles,7.745,0.0,0,No,No,No,No,No,1,No,0.0,0.0,-5.233,3.065,-2.707645,5.608145,-2.707645,5.608145,0.054905,0.780595,-5.095114999999999,3.762615,Philadelphia Eagles,8.31579,Philadelphia Eagles,8.31579,-2.707645,5.608145,Philadelphia Eagles,8.31579,Tie,0.0,Philadelphia Eagles,8.298,-2.6165,1.5325,Philadelphia Eagles,4.149,Philadelphia Eagles,0.7256900000000001,Philadelphia Eagles,8.857729999999998,-2.520105,2.271605,Philadelphia Eagles,4.79171,Different,Same,Same,Same,Different,Same,False,Home Team,Home Team,42.5,-1252.0,858.0,Philadelphia Eagles,New York Giants,-16.5,16.5,-116,-104,-416,314,-0.7256900000000001,0.7256900000000001,-8.857729999999998,8.857729999999998,0.1044,0.926,0.5098,0.537,0.2415,0.8062,0.1013,0.8987,0.487,0.513,0.2305,0.7695,0.1013,0.8987,-0.3987,0.3987,43.0,12.0,202,12.0,43.0,0.0,nfl_read_py Fallback,False,J.Dart,J.Hurts,-16.27,-17.0,12.95,167.66,Med-Low,-24.0,-8.0,48.26,48.0,12.704464311520123,33.0,65.0,0.8936,0.1064,0.0406,0.046,0.5204,0.4796,0.6628,0.3372,20,2023-01-08,New York Giants @ Philadelphia Eagles,0.7687,0.2313,-332,332,,,,,,,,No Bet,,No Bet,,No Bet,,No Bet,,No Bet,,No Bet,,No Bet,,No Bet,,No Bet,,,,,,,,,,,,,,,,,,,,,,,,,,,,,20,0.0,0.0,Philadelphia Eagles,New York Giants,0,0,0,0,0,0,0,0,0,0,0,0,1,0.0,0.0,,,7.289682204297143,1.2184048560807756e-16,0.5426975200975398,0.065033039320003,0.0033065541071716,7.982059457845025e-16,0.0006069781765556,8.997247391562263e-17,0.0053849090549911,1.0949804441597931e-16,1.2342441192098249e-17,8.326538243298048e-05,0.0007387028548126,0.0007387028548126,0.0059918872315468,8.881784197001251e-16,1.2184048560807756e-16,1.139310063491019e-05,3.0,19.0,0.1013,0.8987,0.2588,0.741,0.2314,0.7678,Philadelphia Eagles,Philadelphia Eagles,Philadelphia Eagles,Philadelphia Eagles,Philadelphia Eagles,Same,Same,Same,False,False,1.2184048560807756e-16,0.0008219682372456,0.065033039320003,0.0033065541071716,1.2184048560807756e-16,0.0008219682372456,0.1034609025348024,0.0059744719638765,1.2589189278300712,0.15604085006059873,1.0504181631460705,1.1685614777014746,1.5875307494335071,0.5557745100719439,1.7085742058338367,0.23417983369506915,1.3972457350082583,0.48050353239958415
2022_18_LA_SEA,2022,20,2023-01-08,16:25,Los Angeles Rams,Seattle Seahawks,Home,Baker Mayfield,Geno Smith,00-0034855,00-0030565,7,7,0,0,2,1,Lumen Field,47.5952,-122.3316,America/Los_Angeles,False,True,18,18,Sunday,False,False,0,False,False,0,2,1,NFC West,SoFi Stadium,33.9535,-118.3395,America/Los_Angeles,NFC West,Lumen Field,47.5952,-122.3316,America/Los_Angeles,Los Angeles Chargers,New York Jets,SoFi Stadium,Lumen Field,Playoffs?,Playoffs?,Playoffs?,Playoffs?,964,0,-964,964,0.0,0.0,America/Los_Angeles,America/Los_Angeles,0.0,0.0,0.0,0.0,0.0,0,1.29,-0.13,1.29,-0.13,Los Angeles Rams,1.42,Los Angeles Rams,1.42,1.29,-0.13,Los Angeles Rams,1.42,0.0,0,No,No,No,No,No,1,No,0.0,0.0,6.103,-1.539,1.8532,-0.1362,1.8532,-0.1362,0.5774,-0.0203999999999999,6.60398,-1.48298,Los Angeles Rams,1.9894000000000005,Los Angeles Rams,1.9894000000000005,1.8532,-0.1362,Los Angeles Rams,1.9894000000000005,Tie,0.0,Los Angeles Rams,7.641999999999999,3.0515,-0.7695,Los Angeles Rams,3.821,Los Angeles Rams,0.5978,Los Angeles Rams,8.08696,3.59069,-0.75169,Los Angeles Rams,4.34238,Different,Same,Same,Same,Different,Same,False,Away Team,Away Team,41.5,-224.0,198.0,Seattle Seahawks,Los Angeles Rams,-5.5,5.5,-104,-116,282,-366,0.5978,-0.5978,8.08696,-8.08696,0.3356,0.6914,0.537,0.5098,0.7854,0.2618,0.3268,0.6732,0.513,0.487,0.75,0.25,0.3268,0.6732,-0.1732,0.1732,45.0,4.0,203,4.0,45.0,0.0,nfl_read_py Fallback,False,M.Stafford,S.Darnold,4.93,6.0,14.02,196.56,High,-6.0,14.0,47.5,47.0,12.935852004928732,31.0,64.0,0.3618,0.638,0.0798,0.0766,0.254,0.746,0.669,0.331,20,2023-01-08,Los Angeles Rams @ Seattle Seahawks,0.443,0.5569,126,-126,,,,,,,,No Bet,,No Bet,,No Bet,,No Bet,,No Bet,,No Bet,,No Bet,,No Bet,,No Bet,,,,,,,,,,,,,,,,,,,,,,,,,,,,,20,0.0,0.0,Seattle Seahawks,Los Angeles Rams,0,0,0,0,0,0,0,0,0,0,0,0,1,0.0,0.0,,,7.289682204297143,0.4898156613153739,0.3355135229387108,0.0766383969343154,0.0015269465964417,0.428746055406679,0.0011938375402007,0.208131626421424,0.0024592761079044,0.0588154659408801,0.0285515363480089,0.0001637708622602,0.0003373639671774,0.0288889003151864,0.0036531136481052,0.6368776818281031,0.0867649915953834,0.0,3.0,19.0,0.3268,0.6732,0.5326,0.4672,0.5854,0.414,Seattle Seahawks,Los Angeles Rams,Los Angeles Rams,Los Angeles Rams,Los Angeles Rams,Same,Same,Same,False,False,0.0873670022888891,0.0005011348294376,0.0766383969343154,0.0015269465964417,0.0873670022888891,0.0005011348294376,0.0682231142960408,0.0033747521542173,0.9167909213885672,0.49816885650210163,0.9757465415250993,1.2432330993224483,0.47041107168821716,1.6728941878172303,0.6351361036190396,1.307617935909864,0.7618259978655195,1.1159232695423231
2022_18_ARI_SF,2022,20,2023-01-08,16:25,Arizona Cardinals,San Francisco 49ers,Home,David Blough,Brock Purdy,00-0035040,00-0037834,7,7,0,0,-3,3,Levi's Stadium,37.4031,-121.9702,America/Los_Angeles,False,True,18,18,Sunday,False,False,0,False,False,0,-3,3,NFC West,State Farm Stadium,33.5277,-112.262608,America/Denver,NFC West,Levi's Stadium,37.4031,-121.9702,America/Los_Angeles,Atlanta Falcons,Las Vegas Raiders,Mercedes-Benz Stadium,Allegiant Stadium,Playoffs?,Playoffs?,Playoffs?,Playoffs?,608,0,-608,608,1.0,0.0,America/New_York,America/Los_Angeles,3.0,0.0,1.0,0.0,1.0,0,0.075,3.325,0.075,3.325,San Francisco 49ers,3.25,San Francisco 49ers,3.25,0.075,3.325,San Francisco 49ers,3.25,0.0,0,No,No,No,No,No,1,No,0.0,0.0,-2.282,4.436,1.57965,3.9953500000000006,1.57965,3.9953500000000006,1.47215,0.7028500000000001,-0.7426699999999998,5.07167,San Francisco 49ers,2.4157000000000006,San Francisco 49ers,2.4157000000000006,1.57965,3.9953500000000006,San Francisco 49ers,2.4157000000000006,Tie,0.0,San Francisco 49ers,6.718,-1.141,2.218,San Francisco 49ers,3.359,Arizona Cardinals,0.7693,San Francisco 49ers,5.81434,0.3647400000000001,2.88726,San Francisco 49ers,2.52252,Different,Same,Different,Same,Different,Same,False,Away Team,Home Team,40.0,-1061.0,753.0,San Francisco 49ers,Arizona Cardinals,-14.0,14.0,101,-122,-261,208,0.7693,-0.7693,-5.81434,5.81434,0.1172,0.9139,0.5495,0.4975,0.3247,0.723,0.1137,0.8863,0.5248,0.4752,0.3099,0.6901,0.1137,0.8863,-0.3863,0.3863,57.0,2.0,204,2.0,57.0,0.0,nfl_read_py Fallback,False,K.Murray,M.Jones,-10.15,-10.0,13.6,184.89,Med-High,-19.0,-2.0,55.13,54.5,13.72034475266662,38.0,73.0,0.7726,0.2264,0.0574,0.0694,0.469,0.531,0.725,0.275,20,2023-01-08,Arizona Cardinals @ San Francisco 49ers,0.7061,0.2937,-240,240,,,,,,,,No Bet,,No Bet,,No Bet,,No Bet,,No Bet,,No Bet,,No Bet,,No Bet,,No Bet,,,,,,,,,,,,,,,,,,,,,,,,,,,,,20,0.0,0.0,San Francisco 49ers,Arizona Cardinals,0,0,0,0,0,0,0,0,0,0,0,0,1,0.0,0.0,,,7.289682204297143,1.2184048560807756e-16,0.9639376448605362,0.0756107587225441,0.0042848839304684,7.87192533380221e-16,0.0011933354987558,1.0098588631990423e-16,0.009302139424339,1.0798722239443916e-16,1.385326321363842e-17,0.0001637019921187,0.0012760692666211,0.0012760692666212,0.0104954749230949,8.881784197001251e-16,1.2184048560807756e-16,0.0,3.0,19.0,0.1137,0.8863,0.3771,0.6227,0.3534,0.6458,San Francisco 49ers,San Francisco 49ers,San Francisco 49ers,San Francisco 49ers,San Francisco 49ers,Same,Same,Same,False,False,1.2184048560807756e-16,0.0014397712587399,0.0756107587225441,0.0042848839304684,1.2184048560807756e-16,0.0014397712587399,0.1200803927633817,0.0071334845843758,1.2376831686240972,0.1772766092665713,0.9552110499506087,1.2637685908969332,1.3953594414780244,0.7479458180274301,1.444378974860792,0.49837506466811266,1.264558517398789,0.6131907500090543
2022_18_DAL_WAS,2022,20,2023-01-08,16:25,Dallas Cowboys,Washington Commanders,Home,Dak Prescott,Sam Howell,00-0033077,00-0037077,10,7,3,-3,8,-1,FedExField,38.9077,-76.8645,America/New_York,False,True,18,18,Sunday,False,False,0,False,False,0,8,-1,NFC East,AT&T Stadium,32.7369,-97.0826,America/Chicago,NFC East,FedExField,38.9077,-76.8645,America/New_York,Tennessee Titans,Cleveland Browns,Nissan Stadium,FedExField,Playoffs?,Playoffs?,Playoffs?,Playoffs?,1206,0,-1206,1206,-1.0,0.0,America/Chicago,America/New_York,-1.0,0.0,-1.0,0.0,-1.0,0,-0.615,1.45,-0.615,1.45,Washington Commanders,2.065,Washington Commanders,2.065,-0.615,1.45,Washington Commanders,2.065,0.0,0,No,No,No,No,No,1,No,0.0,0.0,2.647,-7.066,1.60492,1.59708,1.60492,1.59708,2.19927,0.16773,4.749139999999999,-6.801139999999999,Dallas Cowboys,0.0078399999999998,Dallas Cowboys,0.0078399999999998,1.60492,1.59708,Dallas Cowboys,0.0078399999999998,Tie,0.0,Dallas Cowboys,9.713,1.3235,-3.533,Dallas Cowboys,4.8565,Dallas Cowboys,2.03154,Dallas Cowboys,11.550279999999995,3.4742049999999995,-3.316705,Dallas Cowboys,6.790909999999999,Different,Different,Same,Same,Different,Same,False,Away Team,Away Team,40.5,274.0,-320.0,Dallas Cowboys,Washington Commanders,7.5,-7.5,108,-131,450,-646,2.03154,-2.03154,11.550279999999995,-11.550279999999995,0.7619,0.2674,0.5671,0.4808,0.866,0.1818,0.7402,0.2598,0.5412,0.4588,0.8265,0.1735,0.7402,0.2598,0.2402,-0.2402,42.0,7.0,205,7.0,42.0,0.0,nfl_read_py Fallback,False,D.Prescott,J.Daniels,9.98,10.0,13.52,182.69,Med-High,2.0,20.0,49.46,49.0,13.349268033544249,33.0,67.0,0.225,0.7746,0.0654,0.0732,0.424,0.576,0.7328,0.2672,20,2023-01-08,Dallas Cowboys @ Washington Commanders,0.2793,0.7206,258,-258,,,,,,,,No Bet,,No Bet,,No Bet,,No Bet,,No Bet,,No Bet,,No Bet,,No Bet,,No Bet,,,,,,,,,,,,,,,,,,,,,,,,,,,,,20,0.0,0.0,Dallas Cowboys,Washington Commanders,0,0,0,0,0,0,0,0,0,0,0,0,1,0.0,0.0,,,7.289682204297143,0.6186622448454865,1.2184048560807756e-16,0.0033290699982901,0.0278311888260654,0.0017500316935495,6.57429666262033e-16,0.0049860410298897,2.3074875343809256e-16,0.0002400696826698,0.0006839860627875,9.0186327447099e-17,3.165415816097855e-17,0.0006839860627875,8.881784197001251e-16,0.0067360727234393,0.0,1.2184048560807756e-16,3.0,19.0,0.7402,0.2598,0.713,0.2868,0.7862,0.2132,Dallas Cowboys,Dallas Cowboys,Dallas Cowboys,Dallas Cowboys,Dallas Cowboys,Same,Same,Same,False,False,0.0009240557454573,1.2184048560807756e-16,0.0033290699982901,0.0278311888260654,0.0009240557454573,1.2184048560807756e-16,0.0059473670746801,0.045010137559837,0.3776377156559056,1.0373220622347663,1.0535014554875954,1.1654781853599485,0.39094555866403136,1.7523597008414185,0.4554450417247265,1.4873089978041818,0.5442563370637268,1.3334929303441083
2022_18_DET_GB,2022,20,2023-01-08,20:20,Detroit Lions,Green Bay Packers,Home,Jared Goff,Aaron Rodgers,00-0033106,00-0023459,7,7,0,0,11,-13,Lambeau Field,44.5013,-88.0622,America/Chicago,False,False,18,18,Sunday,False,False,0,False,False,0,11,-13,NFC North,Ford Field,42.3395,-83.045,America/Detroit,NFC North,Lambeau Field,44.5013,-88.0622,America/Chicago,Chicago Bears,Minnesota Vikings,Ford Field,Lambeau Field,Playoffs?,Playoffs?,Playoffs?,Playoffs?,292,0,-292,292,1.0,0.0,America/Detroit,America/Chicago,1.0,0.0,1.0,0.0,1.0,0,4.305,3.535,4.305,3.535,Detroit Lions,0.7699999999999996,Detroit Lions,0.7699999999999996,4.305,3.535,Detroit Lions,0.7699999999999996,0.0,0,No,No,No,No,No,1,No,0.0,0.0,-6.697,1.303,4.279945,4.862555,4.279945,4.862555,-0.017355,1.319855,-6.634354999999999,2.542855,Green Bay Packers,0.5826100000000007,Green Bay Packers,0.5826100000000007,4.279945,4.862555,Green Bay Packers,0.5826100000000007,Tie,0.0,Green Bay Packers,8.0,-3.3485,0.6515,Green Bay Packers,4.0,Green Bay Packers,1.33721,Green Bay Packers,9.17721,-3.325855,1.931355,Green Bay Packers,5.25721,Different,Different,Same,Same,Different,Same,False,Home Team,Home Team,49.0,-273.0,237.0,Green Bay Packers,Detroit Lions,-5.5,5.5,-128,105,-416,314,-1.33721,1.33721,-9.17721,9.17721,0.2967,0.7319,0.4878,0.5614,0.2415,0.8062,0.2885,0.7115,0.4649,0.5351,0.2305,0.7695,0.2885,0.7115,-0.2115,0.2115,21.0,4.0,206,4.0,21.0,0.0,nfl_read_py Fallback,False,J.Goff,J.Love,6.09,7.0,14.04,197.0,High,-4.0,16.0,46.42,46.0,13.113219427156285,30.0,64.0,0.3264,0.6726,0.0818,0.085,0.2298,0.7702,0.3992,0.5786,20,2023-01-08,Detroit Lions @ Green Bay Packers,0.5856,0.4141,-141,141,,,,,,,,No Bet,,No Bet,,No Bet,,No Bet,,No Bet,,No Bet,,No Bet,,No Bet,,No Bet,,,,,,,,,,,,,,,,,,,,,,,,,,,,,20,0.0,0.0,Green Bay Packers,Detroit Lions,0,0,0,0,0,0,0,0,0,0,0,0,1,0.0,0.0,,,7.289682204297143,0.0061945534650133,0.6759752819817936,0.0153958018402548,0.0034452467617974,0.0321287260610433,0.0021233900952794,0.0130276000964314,0.0052367142211137,0.0044074247903569,0.0017871286746563,0.0002912870596783,0.0007183734591374,0.0025055021337938,0.0073601043163931,0.0451563261574747,0.0061945534650133,0.0,3.0,19.0,0.2885,0.7115,0.401,0.5989,0.677,0.3224,Green Bay Packers,Detroit Lions,Green Bay Packers,Detroit Lions,Green Bay Packers,Same,Same,Same,False,False,0.0061945534650133,0.0010096605188158,0.0153958018402548,0.0034452467617974,0.0061945534650133,0.0010096605188158,0.0216806200585645,0.0060775082299725,1.0015743325219753,0.4133854453686926,1.1700688780783572,1.0489107627691945,1.638065695507727,0.5052395639977229,0.6233081541320911,1.31944588539682,1.0881992312609419,0.789550036146898
