EntryName,Total_Wins,Week_1,Week_2,Week_3,Week_4,Week_5,Week_6,Week_7,Week_8,Week_9,Week_10,Week_11,Week_12,Week_13,Week_14,Week_15,Week_16,Week_17,Week_18,Planner,Contrarian,EV Hunter,Sprinter,Hoarder,Tourist,Picks_Used,Primary_Archetype,Archetype_Mix,Confidence
* THE NUT SQUIRRELS-1,18,KC,TEN,CLE,LAR,ARI,IND,BUF,PHI,PIT,GB,LAC,HOU,MIA,MIN,SEA,BAL,TB,WAS,87.9,10.2,86.8,89.6,21.1,14.5,3,Sprinter,Sprinter (90) / Planner (88) / EV Hunter (87),Medium
7- Out-1,18,NE,TEN,IND,LAR,BAL,MIA,BUF,KC,PIT,GB,LAC,HOU,NYG,MIN,SEA,ARI,CHI,CLE,77.2,15.7,83.4,84.3,32.7,46.1,3,Sprinter,Sprinter (84) / EV Hunter (83) / Planner (77),Medium
Artie Blanco-1,18,BUF,TB,CLE,LAR,DAL,MIA,NO,KC,PIT,GB,LAC,HOU,NYG,MIN,SEA,TEN,BAL,IND,89.9,6.4,80.7,86.9,21.3,16.0,3,Planner,Planner (90) / Sprinter (87) / EV Hunter (81),Medium
BALD RAZORS-2,18,BUF,ARI,CLE,TB,LAR,IND,LAC,PHI,KC,GB,PIT,HOU,NYG,MIA,SEA,TEN,BAL,NO,84.4,7.5,78.7,85.4,28.0,19.0,3,Sprinter,Sprinter (85) / Planner (84) / EV Hunter (79),Medium
BOBBYT-2,18,BUF,SEA,CLE,LAR,BAL,MIA,LAC,PHI,KC,GB,PIT,HOU,NYG,MIN,TB,TEN,NO,IND,87.0,15.9,72.3,78.1,20.1,72.7,3,Planner,Planner (87) / Sprinter (78) / Tourist (73) / EV Hunter (72),Medium
BOYCOTT 8 PCT-4,18,KC,TEN,CLE,LAR,HOU,MIA,NO,PHI,PIT,GB,LAC,WAS,NYG,MIN,SEA,BAL,TB,IND,87.9,10.2,86.8,89.6,21.1,14.5,3,Sprinter,Sprinter (90) / Planner (88) / EV Hunter (87),Medium
CLARKGRIZWOLD-2,18,BUF,TEN,IND,LAR,BAL,MIA,LAC,PHI,PIT,NO,KC,HOU,CLE,MIN,SEA,GB,TB,WAS,88.5,14.2,74.2,79.6,24.6,47.8,3,Planner,Planner (88) / Sprinter (80) / EV Hunter (74),Medium
COLTS45-2,18,PIT,GB,IND,LAR,NO,MIA,PHI,TB,NE,CLE,LAC,HOU,BUF,LV,SEA,BAL,KC,TEN,92.8,22.6,80.8,78.4,10.4,19.3,3,Planner,Planner (93) / EV Hunter (81) / Sprinter (78),Medium
DaliBones-1,18,KC,CHI,CLE,LAR,DAL,IND,BUF,PHI,PIT,NO,LAC,WAS,GB,MIA,SEA,BAL,TB,TEN,80.0,16.5,83.2,84.4,29.1,18.4,3,Sprinter,Sprinter (84) / EV Hunter (83) / Planner (80),Medium
EX-FINANCE-1,18,KC,TEN,IND,LAR,ARI,MIA,BUF,TB,PIT,GB,LAC,HOU,NO,MIN,SEA,BAL,CHI,CLE,88.5,17.8,85.0,85.9,18.2,42.2,3,Planner,Planner (88) / Sprinter (86) / EV Hunter (85),Medium
Golfing in Hell-2,18,BUF,TB,IND,LAR,HOU,MIA,NO,PHI,PIT,GB,LAC,WAS,CLE,MIN,SEA,TEN,KC,BAL,90.8,13.6,78.5,83.2,18.4,43.6,3,Planner,Planner (91) / Sprinter (83) / EV Hunter (78),Medium
JakestroJans-1,18,TEN,PIT,TB,LAR,ARI,MIA,LAC,PHI,GB,NO,KC,HOU,CLE,LV,SEA,BAL,CHI,IND,93.5,15.4,83.4,82.7,14.8,67.1,3,Planner,Planner (94) / EV Hunter (83) / Sprinter (83),Medium
Joncon16-1,18,NE,CLE,IND,LAR,ARI,BAL,PHI,BUF,PIT,GB,LAC,HOU,NYG,MIA,SEA,TEN,KC,WAS,80.6,20.0,80.7,80.9,31.5,48.7,3,Sprinter,Sprinter (81) / EV Hunter (81) / Planner (81),Medium
LoveMyBaxter-1,18,BAL,CLE,IND,LAR,PIT,MIA,BUF,KC,GB,NO,LAC,HOU,NYG,MIN,SEA,TEN,TB,WAS,92.4,21.1,79.2,79.3,13.4,70.2,3,Planner,Planner (92) / Sprinter (79) / EV Hunter (79),Medium
LoveMyBaxter-2,18,BAL,CLE,IND,LAR,PIT,MIA,BUF,KC,GB,NO,LAC,HOU,NYG,MIN,SEA,TEN,TB,WAS,92.4,21.1,79.2,79.3,13.4,70.2,3,Planner,Planner (92) / Sprinter (79) / EV Hunter (79),Medium
MK INVEST-1,18,BUF,ARI,CLE,LAR,NO,MIA,KC,PHI,PIT,TB,LAC,HOU,NYG,LV,SEA,TEN,BAL,IND,84.4,7.5,78.7,85.4,28.0,19.0,3,Sprinter,Sprinter (85) / Planner (84) / EV Hunter (79),Medium
Mucked Nuts.-1,18,KC,PIT,NE,TB,LAR,IND,BUF,PHI,TEN,NO,LAC,HOU,GB,MIA,SEA,ARI,CHI,BAL,79.1,10.0,93.3,92.6,23.0,61.8,3,EV Hunter,EV Hunter (93) / Sprinter (93) / Planner (79),Medium
Pauline Park-4,18,BUF,SF,IND,LAR,NO,BAL,LAC,PHI,PIT,GB,KC,HOU,CLE,MIA,SEA,TEN,TB,WAS,81.2,20.2,77.9,78.9,29.7,74.7,3,Planner,Planner (81) / Sprinter (79) / EV Hunter (78) / Tourist (75),Medium
PICKSWCLARS24-1,18,BUF,TB,CLE,LAR,ARI,MIA,LAC,PHI,NE,GB,PIT,HOU,NYG,MIN,SEA,TEN,KC,BAL,89.9,6.4,80.7,86.9,21.3,16.0,3,Planner,Planner (90) / Sprinter (87) / EV Hunter (81),Medium
PLAYIN N STAYIN-1,18,BUF,TB,IND,LAR,BAL,MIA,NO,KC,NE,CLE,PIT,WAS,NYG,LV,SEA,GB,CHI,TEN,90.8,13.6,78.5,83.2,18.4,43.6,3,Planner,Planner (91) / Sprinter (83) / EV Hunter (78),Medium
pointsonthepackage-1,18,PIT,TB,IND,LAR,ARI,MIA,BUF,PHI,NE,GB,LAC,HOU,CLE,MIN,SEA,TEN,KC,BAL,93.4,18.5,84.4,82.5,10.9,66.3,3,Planner,Planner (93) / EV Hunter (84) / Sprinter (82),Medium
Practice Squad QB-2,18,BAL,ARI,NE,LAR,NO,MIA,BUF,TB,PIT,GB,LAC,HOU,CLE,MIN,SEA,TEN,KC,IND,74.6,7.5,93.1,92.9,26.1,62.0,3,EV Hunter,EV Hunter (93) / Sprinter (93),Medium
PRESENCE-5,18,LV,SF,TB,BUF,LAR,MIA,LAC,KC,NE,NO,PIT,HOU,NYG,MIN,SEA,BAL,CHI,IND,77.8,17.1,85.0,82.2,30.9,71.5,3,EV Hunter,EV Hunter (85) / Sprinter (82) / Planner (78) / Tourist (72),Medium
Rip Wheeler-1,18,NE,TB,CLE,LAR,PIT,MIA,LAC,PHI,TEN,NO,KC,HOU,GB,MIN,SEA,ARI,BAL,IND,78.7,7.1,89.9,91.0,29.2,14.2,3,Sprinter,Sprinter (91) / EV Hunter (90) / Planner (79),Medium
ROBERTRUTTER-1,18,BUF,TB,IND,LAR,ARI,MIA,LAC,PHI,KC,GB,PIT,HOU,NYG,MIN,SEA,TEN,CHI,BAL,90.8,13.6,78.5,83.2,18.4,43.6,3,Planner,Planner (91) / Sprinter (83) / EV Hunter (78),Medium
SHAMWOW.-1,18,PIT,TB,IND,LAR,ARI,BAL,BUF,KC,NE,GB,LAC,HOU,CLE,MIA,SEA,TEN,CHI,NO,93.4,18.5,84.4,82.5,10.9,66.3,3,Planner,Planner (93) / EV Hunter (84) / Sprinter (82),Medium
Slick Rick11-1,18,BUF,PIT,IND,LAR,ARI,MIA,PHI,TB,NE,GB,LAC,HOU,CLE,KC,SEA,TEN,NO,BAL,90.7,15.4,74.0,78.7,17.9,46.3,3,Planner,Planner (91) / Sprinter (79),Medium
Staying Alive-4,18,PIT,TB,NE,LAR,ARI,IND,NO,PHI,KC,GB,LAC,HOU,CLE,MIA,SEA,TEN,CHI,BAL,81.5,9.0,92.2,90.3,22.6,62.4,3,EV Hunter,EV Hunter (92) / Sprinter (90) / Planner (82),Medium
Sting-4,18,NE,TB,IND,LAR,BAL,MIA,BUF,PHI,PIT,GB,LAC,WAS,CLE,MIN,SEA,TEN,KC,NO,80.4,14.7,87.7,87.3,25.8,41.8,3,EV Hunter,EV Hunter (88) / Sprinter (87) / Planner (80),Medium
Texas Bound.-1,18,KC,SF,IND,LAR,ARI,MIA,BUF,TB,PIT,GB,LAC,HOU,CLE,LV,SEA,TEN,BAL,NO,80.8,22.8,88.8,85.2,23.9,69.0,3,EV Hunter,EV Hunter (89) / Sprinter (85) / Planner (81),Medium
THAWK-1,18,BUF,ARI,CLE,TB,PIT,IND,LAR,KC,NE,NO,LAC,HOU,GB,MIA,SEA,TEN,BAL,MIN,84.4,7.5,78.7,85.4,28.0,19.0,3,Sprinter,Sprinter (85) / Planner (84) / EV Hunter (79),Medium
TIM'S SUNSCREEN-1,18,NE,TEN,IND,LAR,NO,MIA,BUF,TB,HOU,PIT,LAC,WAS,GB,MIN,SEA,BAL,KC,CLE,77.2,15.7,83.4,84.3,32.7,46.1,3,Sprinter,Sprinter (84) / EV Hunter (83) / Planner (77),Medium
TIM'S SUNSCREEN-2,18,BUF,ARI,CLE,TB,LAR,IND,LAC,PHI,NE,NO,PIT,HOU,MIA,KC,SEA,TEN,CHI,BAL,84.4,7.5,78.7,85.4,28.0,19.0,3,Sprinter,Sprinter (85) / Planner (84) / EV Hunter (79),Medium
WHAT IS FOOTBALL?-1,18,BUF,TEN,CLE,LAR,PIT,MIA,LAC,PHI,NE,NO,KC,HOU,GB,MIN,SEA,BAL,TB,IND,86.6,6.9,76.0,83.3,27.2,20.1,3,Planner,Planner (87) / Sprinter (83) / EV Hunter (76),Medium
WHERE'S LUNCH-2,18,BUF,TB,IND,LAR,NO,MIA,LAC,KC,NE,GB,PIT,HOU,CLE,MIN,SEA,TEN,CHI,BAL,90.8,13.6,78.5,83.2,18.4,43.6,3,Planner,Planner (91) / Sprinter (83) / EV Hunter (78),Medium
@plastered in paris-1,16,BUF,ARI,IND,LAR,DAL,MIA,NO,PHI,PIT,GB,KC,HOU,NYG,MIN,SEA,TEN,CLE,ELIMINATED,86.3,14.7,76.5,82.1,25.5,46.7,3,Planner,Planner (86) / Sprinter (82) / EV Hunter (76),Medium
Accorsi-1,16,KC,TEN,NE,TB,BAL,IND,LAR,BUF,PIT,GB,NO,WAS,MIN,MIA,DAL,ARI,HOU,ELIMINATED,75.6,8.0,93.9,94.8,29.4,37.4,3,Sprinter,Sprinter (95) / EV Hunter (94),Medium
Anonymous Donors-1,16,BAL,TB,IND,LAR,NO,MIA,BUF,PHI,PIT,LV,LAC,HOU,GB,KC,SEA,TEN,CLE,ELIMINATED,92.3,15.7,85.6,85.8,7.4,63.4,3,Planner,Planner (92) / Sprinter (86) / EV Hunter (86),Medium
BLOW OUT-1,16,NE,TEN,IND,LAR,BAL,MIA,BUF,PHI,KC,GB,PIT,WAS,CLE,MIN,SEA,ARI,HOU,ELIMINATED,77.2,15.7,83.4,84.3,32.7,46.1,3,Sprinter,Sprinter (84) / EV Hunter (83) / Planner (77),Medium
BullsBearsSheep-1,16,LAC,TB,NE,LAR,BAL,IND,BUF,PHI,KC,GB,PIT,HOU,NO,MIA,SEA,TEN,CLE,ELIMINATED,81.3,13.2,84.9,85.1,29.0,44.2,3,Sprinter,Sprinter (85) / EV Hunter (85) / Planner (81),Medium
DR B-2,16,BAL,SF,IND,LAR,SEA,MIA,BUF,TB,KC,NO,PIT,WAS,GB,MIN,TEN,ARI,CLE,ELIMINATED,81.6,22.3,85.1,82.0,20.3,69.7,3,EV Hunter,EV Hunter (85) / Sprinter (82) / Planner (82),Medium
HMA-1,16,BUF,SF,IND,LAR,BAL,MIA,NO,KC,PIT,GB,LAC,WAS,NYG,MIN,SEA,TEN,HOU,ELIMINATED,81.2,20.2,77.9,78.9,29.7,74.7,3,Planner,Planner (81) / Sprinter (79) / EV Hunter (78) / Tourist (75),Medium
Jimmy Wiseguy-1,16,NE,SF,IND,LAR,BAL,MIA,BUF,KC,PIT,GB,LAC,HOU,NO,MIN,SEA,ARI,CLE,ELIMINATED,70.0,21.3,87.2,83.6,37.8,72.7,3,EV Hunter,EV Hunter (87) / Sprinter (84) / Tourist (73),Medium
LOGICIANS-2,16,NE,TB,CLE,BAL,NO,IND,LAR,KC,PIT,GB,LAC,HOU,MIA,MIN,SEA,TEN,ARI,ELIMINATED,78.7,7.1,89.9,91.0,29.2,14.2,3,Sprinter,Sprinter (91) / EV Hunter (90) / Planner (79),Medium
LOS GUAPOS-1,16,PIT,SF,IND,LAR,BAL,DET,BUF,TB,NE,GB,KC,HOU,MIA,MIN,SEA,TEN,CLE,ELIMINATED,83.3,24.5,83.9,78.2,22.7,72.4,3,EV Hunter,EV Hunter (84) / Planner (83) / Sprinter (78) / Tourist (72),Medium
Marphil-1,16,BUF,SF,IND,LAR,ARI,MIA,KC,TB,PIT,GB,LAC,HOU,NO,MIN,SEA,TEN,CLE,ELIMINATED,81.2,20.2,77.9,78.9,29.7,74.7,3,Planner,Planner (81) / Sprinter (79) / EV Hunter (78) / Tourist (75),Medium
MOMO-1,16,BAL,TB,IND,LAR,PIT,MIA,BUF,KC,NE,GB,LAC,HOU,NYG,MIN,SEA,TEN,CLE,ELIMINATED,92.3,15.7,85.6,85.8,7.4,63.4,3,Planner,Planner (92) / Sprinter (86) / EV Hunter (86),Medium
NOTJOE'SAVGJALAPENOS-4,16,BUF,PIT,IND,LAR,BAL,MIA,NO,KC,HOU,TB,LAC,WAS,GB,MIN,SEA,TEN,CLE,ELIMINATED,90.7,15.4,74.0,78.7,17.9,46.3,3,Planner,Planner (91) / Sprinter (79),Medium
Perfect Pint-1,16,NE,TB,IND,LAR,BAL,MIA,BUF,PHI,PIT,GB,LAC,WAS,CLE,KC,SEA,TEN,HOU,ELIMINATED,80.4,14.7,87.7,87.3,25.8,41.8,3,EV Hunter,EV Hunter (88) / Sprinter (87) / Planner (80),Medium
SHINEBOX.-1,16,KC,TEN,IND,LAR,BAL,MIA,BUF,PHI,PIT,GB,LAC,HOU,NYG,MIN,SEA,ARI,CLE,ELIMINATED,88.5,17.8,85.0,85.9,18.2,42.2,3,Planner,Planner (88) / Sprinter (86) / EV Hunter (85),Medium
SUNFLOWER-1,16,NE,ARI,IND,LAR,BAL,MIA,LAC,KC,PIT,GB,NO,WAS,BUF,MIN,SEA,TEN,HOU,ELIMINATED,75.1,16.3,85.7,86.8,33.6,45.0,3,Sprinter,Sprinter (87) / EV Hunter (86) / Planner (75),Medium
SUSAN7UP-1,16,BUF,TEN,IND,LAR,BAL,MIA,KC,PHI,PIT,NO,LAC,HOU,GB,MIN,SEA,ARI,CLE,ELIMINATED,88.5,14.2,74.2,79.6,24.6,47.8,3,Planner,Planner (88) / Sprinter (80) / EV Hunter (74),Medium
THE GREATEST DANCER-2,16,BAL,KC,TB,LAR,DAL,MIA,BUF,PHI,PIT,GB,LAC,HOU,NYG,MIN,SEA,TEN,CLE,ELIMINATED,92.3,7.6,96.1,96.5,2.6,30.1,3,Sprinter,Sprinter (96) / EV Hunter (96) / Planner (92),Medium
BIGDNICK-5,15,NE,TEN,CLE,BAL,NO,IND,BUF,PHI,PIT,GB,LAC,WAS,MIA,MIN,KC,LAR,ELIMINATED,ELIMINATED,74.6,8.1,85.3,88.0,35.8,18.5,3,Sprinter,Sprinter (88) / EV Hunter (85) / Planner (75),Medium
BizzyBettor-2,15,NE,TEN,IND,BAL,SEA,MIA,BUF,KC,PIT,GB,LAC,HOU,NO,LV,TB,LAR,ELIMINATED,ELIMINATED,77.2,15.7,83.4,84.3,32.7,46.1,3,Sprinter,Sprinter (84) / EV Hunter (83) / Planner (77),Medium
BMAC-5,15,NE,SF,IND,LAR,BAL,MIA,BUF,TB,KC,NO,LAC,HOU,CLE,MIN,SEA,PIT,ELIMINATED,ELIMINATED,70.0,21.3,87.2,83.6,37.8,72.7,3,EV Hunter,EV Hunter (87) / Sprinter (84) / Tourist (73),Medium
Chimp-19-1,15,BUF,PIT,IND,BAL,ARI,MIA,NO,KC,NE,GB,LAC,HOU,NYG,LV,SEA,LAR,ELIMINATED,ELIMINATED,90.7,15.4,74.0,78.7,17.9,46.3,3,Planner,Planner (91) / Sprinter (79),Medium
CNT WALK-1,15,BAL,CLE,IND,LAR,ARI,MIA,BUF,PHI,NE,GB,KC,HOU,NO,MIN,SEA,PIT,ELIMINATED,ELIMINATED,92.4,21.1,79.2,79.3,13.4,70.2,3,Planner,Planner (92) / Sprinter (79) / EV Hunter (79),Medium
Cubby-1,15,NE,ARI,CLE,LAR,HOU,IND,BUF,PHI,KC,NO,LAC,WAS,GB,MIA,SEA,PIT,ELIMINATED,ELIMINATED,72.4,8.7,88.0,90.1,36.5,17.4,3,Sprinter,Sprinter (90) / EV Hunter (88),Medium
Cuddy120-1,15,BAL,GB,CLE,LAR,ARI,IND,BUF,PHI,NE,NO,LAC,HOU,MIA,MIN,SEA,PIT,ELIMINATED,ELIMINATED,93.0,12.2,84.3,85.9,10.3,38.7,3,Planner,Planner (93) / Sprinter (86) / EV Hunter (84),Medium
DOZER-1,15,KC,TEN,IND,LAR,ARI,MIA,BUF,TB,NE,NO,LAC,HOU,GB,MIN,SEA,PIT,ELIMINATED,ELIMINATED,88.5,17.8,85.0,85.9,18.2,42.2,3,Planner,Planner (88) / Sprinter (86) / EV Hunter (85),Medium
ESSENTIAL BETTORS-4,15,BAL,KC,IND,LAR,DAL,MIA,BUF,PHI,GB,TB,LAC,HOU,NO,MIN,SEA,PIT,ELIMINATED,ELIMINATED,91.1,18.9,87.2,86.9,4.5,63.6,3,Planner,Planner (91) / EV Hunter (87) / Sprinter (87),Medium
FJIZZLE-2,15,NE,TB,IND,BAL,ARI,MIA,BUF,KC,PIT,GB,LAC,WAS,NYG,LV,SEA,LAR,ELIMINATED,ELIMINATED,80.4,14.7,87.7,87.3,25.8,41.8,3,EV Hunter,EV Hunter (88) / Sprinter (87) / Planner (80),Medium
Follow Proto-1,15,BUF,TEN,NE,TB,NO,IND,PHI,KC,MIN,GB,PIT,HOU,CLE,MIA,SEA,LAR,ELIMINATED,ELIMINATED,75.4,4.0,82.7,87.7,34.7,42.9,3,Sprinter,Sprinter (88) / EV Hunter (83) / Planner (75),Medium
GAVIN45-3,15,BUF,SF,IND,BAL,ARI,MIA,LAC,KC,NE,GB,PIT,HOU,CLE,MIN,SEA,LAR,ELIMINATED,ELIMINATED,81.2,20.2,77.9,78.9,29.7,74.7,3,Planner,Planner (81) / Sprinter (79) / EV Hunter (78) / Tourist (75),Medium
GULF COAST GURU-1,15,BUF,ARI,NE,TB,NO,IND,KC,PHI,GB,PIT,LAC,HOU,NYG,MIA,SEA,LAR,ELIMINATED,ELIMINATED,73.3,4.5,85.4,89.9,35.4,41.8,3,Sprinter,Sprinter (90) / EV Hunter (85),Medium
KSSA-1,15,BUF,CHI,IND,LAR,HOU,MIA,PHI,TB,KC,GB,LAC,WAS,CLE,MIN,SEA,PIT,ELIMINATED,ELIMINATED,80.4,21.5,71.1,75.8,32.2,51.2,3,Planner,Planner (80) / Sprinter (76) / EV Hunter (71),Medium
Larry B 27-3,15,NE,ARI,CLE,BAL,PIT,IND,BUF,TB,KC,GB,LAC,HOU,MIA,MIN,SEA,LAR,ELIMINATED,ELIMINATED,72.4,8.7,88.0,90.1,36.5,17.4,3,Sprinter,Sprinter (90) / EV Hunter (88),Medium
Maiowe-3,15,BUF,TEN,CLE,LAR,HOU,IND,PHI,KC,NE,NO,LAC,WAS,GB,MIA,SEA,PIT,ELIMINATED,ELIMINATED,86.6,6.9,76.0,83.3,27.2,20.1,3,Planner,Planner (87) / Sprinter (83) / EV Hunter (76),Medium
ODBMG-1,15,BUF,TEN,IND,LAR,ARI,MIA,LAC,PHI,NE,GB,KC,HOU,CLE,MIN,SEA,PIT,ELIMINATED,ELIMINATED,88.5,14.2,74.2,79.6,24.6,47.8,3,Planner,Planner (88) / Sprinter (80) / EV Hunter (74),Medium
ORDER UP-2,15,BUF,TEN,CLE,TB,ARI,IND,LAC,PHI,NE,GB,PIT,HOU,MIA,KC,SEA,LAR,ELIMINATED,ELIMINATED,86.6,6.9,76.0,83.3,27.2,20.1,3,Planner,Planner (87) / Sprinter (83) / EV Hunter (76),Medium
Practice Squad QB-1,15,PIT,TEN,IND,TB,BAL,MIA,BUF,PHI,KC,GB,LAC,HOU,NYG,MIN,SEA,LAR,ELIMINATED,ELIMINATED,90.8,19.5,80.7,78.9,17.2,70.4,3,Planner,Planner (91) / EV Hunter (81) / Sprinter (79),Medium
PUFFALUPPS-2,15,TEN,CLE,NE,TB,ARI,MIA,BUF,KC,PIT,GB,LAC,HOU,NO,LV,SEA,LAR,ELIMINATED,ELIMINATED,80.6,19.7,81.6,80.7,32.5,73.9,3,EV Hunter,EV Hunter (82) / Sprinter (81) / Planner (81) / Tourist (74),Medium
Puppy Kisses-2,15,BUF,TEN,CLE,TB,DAL,IND,NO,PHI,NE,PIT,LAC,HOU,GB,MIA,SEA,LAR,ELIMINATED,ELIMINATED,86.6,6.9,76.0,83.3,27.2,20.1,3,Planner,Planner (87) / Sprinter (83) / EV Hunter (76),Medium
RG-2,15,BAL,GB,NE,LAR,SEA,IND,BUF,TB,KC,NO,PIT,HOU,CLE,MIA,TEN,SF,ELIMINATED,ELIMINATED,80.6,10.0,90.9,90.7,18.8,36.9,3,EV Hunter,EV Hunter (91) / Sprinter (91) / Planner (81),Medium
scourrge-4,15,NE,TEN,CLE,BAL,ARI,IND,BUF,PHI,HOU,GB,PIT,WAS,MIA,KC,SEA,LAR,ELIMINATED,ELIMINATED,74.6,8.1,85.3,88.0,35.8,18.5,3,Sprinter,Sprinter (88) / EV Hunter (85) / Planner (75),Medium
Scrlou41-1,15,NE,TB,IND,LAR,BAL,MIA,KC,PHI,TEN,GB,LAC,HOU,NYG,MIN,SEA,PIT,ELIMINATED,ELIMINATED,80.4,14.7,87.7,87.3,25.8,41.8,3,EV Hunter,EV Hunter (88) / Sprinter (87) / Planner (80),Medium
SIN CITY LORI-1,15,NE,TEN,CLE,TB,ARI,MIA,LAC,KC,PIT,GB,NO,WAS,BUF,MIN,SEA,LAR,ELIMINATED,ELIMINATED,74.6,8.1,85.3,88.0,35.8,18.5,3,Sprinter,Sprinter (88) / EV Hunter (85) / Planner (75),Medium
SPS-3,15,BUF,TB,IND,LAR,BAL,MIA,NO,KC,NE,GB,LAC,HOU,CLE,MIN,SEA,PIT,ELIMINATED,ELIMINATED,90.8,13.6,78.5,83.2,18.4,43.6,3,Planner,Planner (91) / Sprinter (83) / EV Hunter (78),Medium
WARDOG-2,15,KC,TEN,IND,TB,PIT,BAL,BUF,PHI,NE,GB,LAC,HOU,CLE,MIA,SEA,LAR,ELIMINATED,ELIMINATED,88.5,17.8,85.0,85.9,18.2,42.2,3,Planner,Planner (88) / Sprinter (86) / EV Hunter (85),Medium
WWCD 2-1,15,BAL,KC,IND,LAR,ARI,MIA,BUF,TB,NE,GB,LAC,HOU,NYG,MIN,SEA,PIT,ELIMINATED,ELIMINATED,91.1,18.9,87.2,86.9,4.5,63.6,3,Planner,Planner (91) / EV Hunter (87) / Sprinter (87),Medium
YEEGONE2-3,15,BUF,TB,CLE,BAL,ARI,IND,NO,PHI,NE,GB,PIT,HOU,NYG,MIA,SEA,LAR,ELIMINATED,ELIMINATED,89.9,6.4,80.7,86.9,21.3,16.0,3,Planner,Planner (90) / Sprinter (87) / EV Hunter (81),Medium
DIVINE MERCY 24/7-1,14,KC,BAL,IND,LAR,SEA,MIA,BUF,TB,PIT,GB,LAC,HOU,NYG,MIN,NO,ELIMINATED,ELIMINATED,ELIMINATED,91.3,20.0,88.2,87.3,8.2,38.7,3,Planner,Planner (91) / EV Hunter (88) / Sprinter (87),Medium
DR B-3,14,BAL,TB,IND,LAR,SEA,MIA,BUF,PHI,KC,GB,LAC,HOU,NYG,LV,NO,ELIMINATED,ELIMINATED,ELIMINATED,92.3,15.7,85.6,85.8,7.4,63.4,3,Planner,Planner (92) / Sprinter (86) / EV Hunter (86),Medium
JEFF PROBST-4,14,NE,CHI,IND,LAR,DAL,MIA,BUF,TB,KC,NO,PIT,WAS,GB,LV,CAR,ELIMINATED,ELIMINATED,ELIMINATED,70.4,22.6,79.8,79.4,39.2,49.7,3,EV Hunter,EV Hunter (80) / Sprinter (79) / Planner (70),Medium
Juice Box-2,14,KC,ARI,IND,BAL,SEA,MIA,BUF,TB,NE,GB,LAC,HOU,NYG,MIN,NO,ELIMINATED,ELIMINATED,ELIMINATED,86.4,18.4,87.3,88.4,18.9,41.1,3,Sprinter,Sprinter (88) / EV Hunter (87) / Planner (86),Medium
Puppy Kisses-1,14,BUF,TEN,CLE,TB,BAL,IND,LAR,PHI,NE,GB,PIT,WAS,NYG,MIA,NO,ELIMINATED,ELIMINATED,ELIMINATED,86.6,6.9,76.0,83.3,27.2,20.1,3,Planner,Planner (87) / Sprinter (83) / EV Hunter (76),Medium
Squid-5,14,BAL,TEN,CLE,LAR,NO,IND,BUF,PHI,KC,GB,PIT,WAS,MIA,MIN,CAR,ELIMINATED,ELIMINATED,ELIMINATED,88.4,9.6,83.7,86.4,17.4,40.0,3,Planner,Planner (88) / Sprinter (86) / EV Hunter (84),Medium
Uncle Nephew-2,14,LV,CLE,IND,LAR,ARI,MIA,BUF,PHI,PIT,GB,LAC,HOU,NYG,KC,NO,ELIMINATED,ELIMINATED,ELIMINATED,89.3,27.2,70.1,70.2,26.3,55.8,3,Planner,Planner (89),Medium
@Pigskin_Junkies-1,13,BUF,TEN,IND,LAR,HOU,MIA,LAC,PHI,MIN,GB,KC,WAS,NYG,SEA,ELIMINATED,ELIMINATED,ELIMINATED,ELIMINATED,88.5,14.2,74.2,79.6,24.6,47.8,3,Planner,Planner (88) / Sprinter (80) / EV Hunter (74),Medium
BBOSSE22-3,13,NE,CHI,CLE,BAL,PIT,IND,PHI,KC,ATL,ARI,LAC,WAS,NO,SEA,ELIMINATED,ELIMINATED,ELIMINATED,ELIMINATED,67.7,15.0,81.7,82.8,42.6,22.2,3,Sprinter,Sprinter (83) / EV Hunter (82),Medium
Belvedere-1,13,KC,PIT,IND,LAR,ARI,MIA,BUF,PHI,GB,NO,LAC,HOU,NYG,SEA,ELIMINATED,ELIMINATED,ELIMINATED,ELIMINATED,91.5,19.1,84.8,84.5,11.1,40.8,3,Planner,Planner (92) / EV Hunter (85) / Sprinter (84),Medium
DIGGS ALLEN '22-5,13,BUF,ARI,CLE,TB,BAL,IND,PHI,KC,TEN,LV,PIT,WAS,MIA,SEA,ELIMINATED,ELIMINATED,ELIMINATED,ELIMINATED,84.4,7.5,78.7,85.4,28.0,19.0,3,Sprinter,Sprinter (85) / Planner (84) / EV Hunter (79),Medium
ESSENTIAL BETTORS-3,13,KC,TB,IND,LAR,DAL,MIA,BUF,PHI,GB,NO,LAC,HOU,CLE,SEA,ELIMINATED,ELIMINATED,ELIMINATED,ELIMINATED,90.8,16.7,89.3,89.5,11.6,37.9,3,Planner,Planner (91) / Sprinter (90) / EV Hunter (89),Medium
Iron Mountain-5,13,NE,PIT,IND,LAR,ARI,BAL,BUF,PHI,KC,GB,LAC,HOU,MIA,SEA,ELIMINATED,ELIMINATED,ELIMINATED,ELIMINATED,80.7,16.4,83.2,82.9,25.3,44.5,3,EV Hunter,EV Hunter (83) / Sprinter (83) / Planner (81),Medium
JAM-1,13,BUF,SF,IND,BAL,ARI,MIA,KC,TB,PIT,GB,LAC,HOU,CLE,SEA,ELIMINATED,ELIMINATED,ELIMINATED,ELIMINATED,81.2,20.2,77.9,78.9,29.7,74.7,3,Planner,Planner (81) / Sprinter (79) / EV Hunter (78) / Tourist (75),Medium
Lehrjet-1,13,BUF,TEN,IND,LAR,ARI,MIA,PHI,KC,NE,NO,LAC,HOU,GB,PIT,ELIMINATED,ELIMINATED,ELIMINATED,ELIMINATED,88.5,14.2,74.2,79.6,24.6,47.8,3,Planner,Planner (88) / Sprinter (80) / EV Hunter (74),Medium
Live Odds-1,13,PIT,ARI,CLE,BAL,NO,IND,BUF,TB,NE,GB,LAC,HOU,MIA,SEA,ELIMINATED,ELIMINATED,ELIMINATED,ELIMINATED,87.9,13.2,84.3,84.4,20.7,42.2,3,Planner,Planner (88) / Sprinter (84) / EV Hunter (84),Medium
Ned Landers-3,13,LAC,GB,TB,LAR,DAL,MIA,BUF,NO,MIN,LV,KC,HOU,NYG,PIT,ELIMINATED,ELIMINATED,ELIMINATED,ELIMINATED,94.3,16.0,80.8,81.7,16.0,68.7,3,Planner,Planner (94) / Sprinter (82) / EV Hunter (81),Medium
PGAMOPTOUR5-2,13,NE,TB,IND,LAR,BAL,MIA,BUF,KC,PIT,GB,LAC,WAS,CLE,SEA,ELIMINATED,ELIMINATED,ELIMINATED,ELIMINATED,80.4,14.7,87.7,87.3,25.8,41.8,3,EV Hunter,EV Hunter (88) / Sprinter (87) / Planner (80),Medium
PRAY4DUBB-3,13,PIT,ARI,NE,BAL,HOU,MIA,BUF,TB,KC,GB,LAC,WAS,NO,SEA,ELIMINATED,ELIMINATED,ELIMINATED,ELIMINATED,76.3,10.6,90.6,88.8,28.7,65.4,3,EV Hunter,EV Hunter (91) / Sprinter (89) / Planner (76),Medium
TEAM MOIST-3,13,BAL,KC,CLE,LAR,PIT,MIA,BUF,PHI,MIN,GB,LAC,HOU,NYG,SEA,ELIMINATED,ELIMINATED,ELIMINATED,ELIMINATED,91.5,11.3,89.5,90.6,7.8,36.0,3,Planner,Planner (92) / Sprinter (91) / EV Hunter (90),Medium
WHERE'S LUNCH-4,13,NE,TB,IND,LAR,BAL,MIA,BUF,KC,PIT,GB,LAC,WAS,NYG,SEA,ELIMINATED,ELIMINATED,ELIMINATED,ELIMINATED,80.4,14.7,87.7,87.3,25.8,41.8,3,EV Hunter,EV Hunter (88) / Sprinter (87) / Planner (80),Medium
buffalo1-3,12,NE,KC,IND,LAR,BAL,MIA,BUF,TB,PIT,GB,LAC,HOU,ELIMINATED,ELIMINATED,ELIMINATED,ELIMINATED,ELIMINATED,ELIMINATED,78.9,17.9,89.3,89.0,26.0,41.8,3,EV Hunter,EV Hunter (89) / Sprinter (89) / Planner (79),Medium
zeke-1,12,BUF,SF,IND,BAL,PIT,MIA,KC,TB,GB,NO,LAC,HOU,LAR,ELIMINATED,ELIMINATED,ELIMINATED,ELIMINATED,ELIMINATED,81.2,20.2,77.9,78.9,29.7,74.7,3,Planner,Planner (81) / Sprinter (79) / EV Hunter (78) / Tourist (75),Medium
1JeffIgor-1,11,BUF,TEN,CLE,LAR,BAL,IND,LAC,TB,KC,GB,PIT,DAL,ELIMINATED,ELIMINATED,ELIMINATED,ELIMINATED,ELIMINATED,ELIMINATED,86.6,6.9,76.0,83.3,27.2,20.1,3,Planner,Planner (87) / Sprinter (83) / EV Hunter (76),Medium
7- Out-2,11,NE,TEN,IND,LAR,BAL,MIA,BUF,KC,PIT,GB,LAC,DAL,ELIMINATED,ELIMINATED,ELIMINATED,ELIMINATED,ELIMINATED,ELIMINATED,77.2,15.7,83.4,84.3,32.7,46.1,3,Sprinter,Sprinter (84) / EV Hunter (83) / Planner (77),Medium
82017Taylar-1,11,KC,ARI,IND,LAR,BAL,MIA,LAC,TB,HOU,GB,PIT,DAL,ELIMINATED,ELIMINATED,ELIMINATED,ELIMINATED,ELIMINATED,ELIMINATED,86.4,18.4,87.3,88.4,18.9,41.1,3,Sprinter,Sprinter (88) / EV Hunter (87) / Planner (86),Medium
@Jay Swah Sports-5,11,NE,TEN,IND,LAR,NO,MIA,LAC,PHI,PIT,GB,KC,DAL,ELIMINATED,ELIMINATED,ELIMINATED,ELIMINATED,ELIMINATED,ELIMINATED,77.2,15.7,83.4,84.3,32.7,46.1,3,Sprinter,Sprinter (84) / EV Hunter (83) / Planner (77),Medium
ACKATTACK-2,11,PIT,TEN,IND,LAR,ARI,MIA,BUF,PHI,NE,GB,LAC,DAL,ELIMINATED,ELIMINATED,ELIMINATED,ELIMINATED,ELIMINATED,ELIMINATED,90.8,19.5,80.7,78.9,17.2,70.4,3,Planner,Planner (91) / EV Hunter (81) / Sprinter (79),Medium
beefaroni-4,11,BAL,TB,IND,LAR,HOU,MIA,NO,PHI,PIT,GB,LAC,DAL,ELIMINATED,ELIMINATED,ELIMINATED,ELIMINATED,ELIMINATED,ELIMINATED,92.3,15.7,85.6,85.8,7.4,63.4,3,Planner,Planner (92) / Sprinter (86) / EV Hunter (86),Medium
Big Johnsons-1,11,BUF,PIT,IND,LAR,SEA,MIA,KC,PHI,HOU,GB,LAC,DAL,ELIMINATED,ELIMINATED,ELIMINATED,ELIMINATED,ELIMINATED,ELIMINATED,90.7,15.4,74.0,78.7,17.9,46.3,3,Planner,Planner (91) / Sprinter (79),Medium
BIGDNICK-1,11,NE,ARI,IND,LAR,NO,BAL,BUF,PHI,HOU,GB,KC,DET,ELIMINATED,ELIMINATED,ELIMINATED,ELIMINATED,ELIMINATED,ELIMINATED,75.1,16.3,85.7,86.8,33.6,45.0,3,Sprinter,Sprinter (87) / EV Hunter (86) / Planner (75),Medium
BILLS MAFIA-1,11,NE,TEN,CLE,LAR,HOU,MIA,BUF,KC,PIT,NO,LAC,DAL,ELIMINATED,ELIMINATED,ELIMINATED,ELIMINATED,ELIMINATED,ELIMINATED,74.6,8.1,85.3,88.0,35.8,18.5,3,Sprinter,Sprinter (88) / EV Hunter (85) / Planner (75),Medium
Bison Sports-3,11,NO,TEN,IND,BAL,DAL,MIA,BUF,KC,PIT,GB,LAC,ELIMINATED,ELIMINATED,ELIMINATED,ELIMINATED,ELIMINATED,ELIMINATED,ELIMINATED,88.9,23.2,76.6,76.5,16.9,73.0,3,Planner,Planner (89) / EV Hunter (77) / Sprinter (76),Medium
BLOW OUT-2,11,NE,TEN,CLE,LAR,BAL,MIA,BUF,TB,PIT,NO,LAC,DAL,ELIMINATED,ELIMINATED,ELIMINATED,ELIMINATED,ELIMINATED,ELIMINATED,74.6,8.1,85.3,88.0,35.8,18.5,3,Sprinter,Sprinter (88) / EV Hunter (85) / Planner (75),Medium
BOAT 502-1,11,BUF,TEN,NE,LAR,PIT,IND,KC,TB,GB,NO,LAC,DAL,ELIMINATED,ELIMINATED,ELIMINATED,ELIMINATED,ELIMINATED,ELIMINATED,75.4,4.0,82.7,87.7,34.7,42.9,3,Sprinter,Sprinter (88) / EV Hunter (83) / Planner (75),Medium
BOYCOTT 8 PCT-3,11,KC,TB,IND,LAR,PIT,MIA,NO,PHI,NE,GB,LAC,DAL,ELIMINATED,ELIMINATED,ELIMINATED,ELIMINATED,ELIMINATED,ELIMINATED,90.8,16.7,89.3,89.5,11.6,37.9,3,Planner,Planner (91) / Sprinter (90) / EV Hunter (89),Medium
BOYCOTT 8 PCT-5,11,KC,TEN,CLE,LAR,HOU,MIA,BUF,TB,PIT,GB,LAC,DAL,ELIMINATED,ELIMINATED,ELIMINATED,ELIMINATED,ELIMINATED,ELIMINATED,87.9,10.2,86.8,89.6,21.1,14.5,3,Sprinter,Sprinter (90) / Planner (88) / EV Hunter (87),Medium
BROMATSONS-1,11,PIT,TEN,IND,LAR,HOU,MIA,BUF,TB,KC,GB,LAC,DAL,ELIMINATED,ELIMINATED,ELIMINATED,ELIMINATED,ELIMINATED,ELIMINATED,90.8,19.5,80.7,78.9,17.2,70.4,3,Planner,Planner (91) / EV Hunter (81) / Sprinter (79),Medium
BUY LOW-1,11,BUF,KC,TB,LAR,SEA,BAL,LAC,PHI,HOU,GB,PIT,DAL,ELIMINATED,ELIMINATED,ELIMINATED,ELIMINATED,ELIMINATED,ELIMINATED,88.7,5.5,89.5,94.1,16.9,10.2,3,Sprinter,Sprinter (94) / EV Hunter (90) / Planner (89),Medium
Chaddie & Maddie-4,11,NE,GB,IND,LAR,BAL,MIA,BUF,KC,PIT,NO,LAC,DAL,ELIMINATED,ELIMINATED,ELIMINATED,ELIMINATED,ELIMINATED,ELIMINATED,81.2,18.8,83.6,83.7,25.3,44.8,3,Sprinter,Sprinter (84) / EV Hunter (84) / Planner (81),Medium
CLARKGRIZWOLD-3,11,BUF,ARI,IND,LAR,NO,MIA,LAC,PHI,NE,GB,PIT,DAL,ELIMINATED,ELIMINATED,ELIMINATED,ELIMINATED,ELIMINATED,ELIMINATED,86.3,14.7,76.5,82.1,25.5,46.7,3,Planner,Planner (86) / Sprinter (82) / EV Hunter (76),Medium
COOLCATSANDKITTENS-4,11,BAL,PIT,NE,TB,NO,IND,BUF,PHI,HOU,GB,LAC,DAL,ELIMINATED,ELIMINATED,ELIMINATED,ELIMINATED,ELIMINATED,ELIMINATED,79.4,8.9,89.8,89.1,18.7,37.3,3,EV Hunter,EV Hunter (90) / Sprinter (89) / Planner (79),Medium
CRE8-1,11,BUF,TEN,IND,LAR,PIT,MIA,LAC,TB,NE,GB,KC,DAL,ELIMINATED,ELIMINATED,ELIMINATED,ELIMINATED,ELIMINATED,ELIMINATED,88.5,14.2,74.2,79.6,24.6,47.8,3,Planner,Planner (88) / Sprinter (80) / EV Hunter (74),Medium
DaliBones-2,11,KC,TEN,CLE,LAR,BAL,IND,BUF,PHI,NE,PIT,LAC,DET,ELIMINATED,ELIMINATED,ELIMINATED,ELIMINATED,ELIMINATED,ELIMINATED,87.9,10.2,86.8,89.6,21.1,14.5,3,Sprinter,Sprinter (90) / Planner (88) / EV Hunter (87),Medium
DESERT DOGG-2,11,BAL,ARI,CLE,LAR,NO,MIA,BUF,PHI,PIT,GB,LAC,DAL,ELIMINATED,ELIMINATED,ELIMINATED,ELIMINATED,ELIMINATED,ELIMINATED,86.5,10.1,86.4,88.1,18.0,39.1,3,Sprinter,Sprinter (88) / Planner (86) / EV Hunter (86),Medium
DMAYS-1,11,KC,GB,IND,LAR,BAL,MIA,BUF,TB,NE,NO,LAC,DAL,ELIMINATED,ELIMINATED,ELIMINATED,ELIMINATED,ELIMINATED,ELIMINATED,92.0,20.9,85.2,85.3,11.2,41.0,3,Planner,Planner (92) / Sprinter (85) / EV Hunter (85),Medium
EROQ-5,11,BAL,KC,NE,LAR,ARI,MIA,BUF,PHI,HOU,GB,LAC,DET,ELIMINATED,ELIMINATED,ELIMINATED,ELIMINATED,ELIMINATED,ELIMINATED,78.7,9.5,96.5,95.8,16.6,59.1,3,EV Hunter,EV Hunter (96) / Sprinter (96),Medium
EX-FINANCE-2,11,KC,TEN,IND,LAR,ARI,MIA,BUF,TB,HOU,NO,LAC,DAL,ELIMINATED,ELIMINATED,ELIMINATED,ELIMINATED,ELIMINATED,ELIMINATED,88.5,17.8,85.0,85.9,18.2,42.2,3,Planner,Planner (88) / Sprinter (86) / EV Hunter (85),Medium
EX-FINANCE-4,11,NE,TEN,IND,LAR,PIT,MIA,BUF,TB,HOU,NO,LAC,DAL,ELIMINATED,ELIMINATED,ELIMINATED,ELIMINATED,ELIMINATED,ELIMINATED,77.2,15.7,83.4,84.3,32.7,46.1,3,Sprinter,Sprinter (84) / EV Hunter (83) / Planner (77),Medium
Follow Proto-2,11,NE,ARI,CLE,BAL,HOU,PIT,BUF,TB,KC,NO,LAC,DAL,ELIMINATED,ELIMINATED,ELIMINATED,ELIMINATED,ELIMINATED,ELIMINATED,72.4,8.7,88.0,90.1,36.5,17.4,3,Sprinter,Sprinter (90) / EV Hunter (88),Medium
Football Junkies-4,11,BAL,ARI,IND,LAR,DAL,MIA,BUF,KC,PIT,GB,LAC,ELIMINATED,ELIMINATED,ELIMINATED,ELIMINATED,ELIMINATED,ELIMINATED,ELIMINATED,87.2,17.3,84.2,84.7,15.1,66.6,3,Planner,Planner (87) / Sprinter (85) / EV Hunter (84),Medium
Gamblenomics-1,11,NE,TB,IND,LAR,HOU,MIA,BUF,PHI,KC,GB,PIT,DET,ELIMINATED,ELIMINATED,ELIMINATED,ELIMINATED,ELIMINATED,ELIMINATED,80.4,14.7,87.7,87.3,25.8,41.8,3,EV Hunter,EV Hunter (88) / Sprinter (87) / Planner (80),Medium
Gamblenomics-5,11,BAL,KC,IND,LAR,HOU,MIA,BUF,PHI,NE,GB,LAC,DAL,ELIMINATED,ELIMINATED,ELIMINATED,ELIMINATED,ELIMINATED,ELIMINATED,91.1,18.9,87.2,86.9,4.5,63.6,3,Planner,Planner (91) / EV Hunter (87) / Sprinter (87),Medium
GAMBLEONGOLD-2,11,BUF,TB,IND,LAR,HOU,BAL,LAC,PHI,NE,GB,PIT,DAL,ELIMINATED,ELIMINATED,ELIMINATED,ELIMINATED,ELIMINATED,ELIMINATED,90.8,13.6,78.5,83.2,18.4,43.6,3,Planner,Planner (91) / Sprinter (83) / EV Hunter (78),Medium
GAMBLEONGOLD-3,11,BAL,ARI,IND,LAR,NO,MIA,BUF,TB,HOU,PIT,LAC,DAL,ELIMINATED,ELIMINATED,ELIMINATED,ELIMINATED,ELIMINATED,ELIMINATED,87.2,17.3,84.2,84.7,15.1,66.6,3,Planner,Planner (87) / Sprinter (85) / EV Hunter (84),Medium
GAMBLEONGOLD-4,11,NE,CLE,IND,TB,HOU,MIA,LAR,KC,TEN,NO,LAC,DAL,ELIMINATED,ELIMINATED,ELIMINATED,ELIMINATED,ELIMINATED,ELIMINATED,80.6,20.0,80.7,80.9,31.5,48.7,3,Sprinter,Sprinter (81) / EV Hunter (81) / Planner (81),Medium
GAVIN45-2,11,PIT,SF,IND,LAR,SEA,MIA,BUF,TB,KC,GB,LAC,DAL,ELIMINATED,ELIMINATED,ELIMINATED,ELIMINATED,ELIMINATED,ELIMINATED,83.3,24.5,83.9,78.2,22.7,72.4,3,EV Hunter,EV Hunter (84) / Planner (83) / Sprinter (78) / Tourist (72),Medium
Grinder-1,11,BUF,ARI,NE,LAR,BAL,IND,LAC,PHI,KC,TB,PIT,DAL,ELIMINATED,ELIMINATED,ELIMINATED,ELIMINATED,ELIMINATED,ELIMINATED,73.3,4.5,85.4,89.9,35.4,41.8,3,Sprinter,Sprinter (90) / EV Hunter (85),Medium
H-TOWN-1,11,BUF,CHI,IND,LAR,ARI,MIA,LAC,PHI,GB,NO,KC,DAL,ELIMINATED,ELIMINATED,ELIMINATED,ELIMINATED,ELIMINATED,ELIMINATED,80.4,21.5,71.1,75.8,32.2,51.2,3,Planner,Planner (80) / Sprinter (76) / EV Hunter (71),Medium
HARDEN DINING HALL-1,11,BUF,TB,IND,LAR,ARI,MIA,LAC,PHI,HOU,NO,KC,DAL,ELIMINATED,ELIMINATED,ELIMINATED,ELIMINATED,ELIMINATED,ELIMINATED,90.8,13.6,78.5,83.2,18.4,43.6,3,Planner,Planner (91) / Sprinter (83) / EV Hunter (78),Medium
HARTMANN-1,11,BUF,TEN,IND,LAR,NO,MIA,LAC,PHI,KC,GB,PIT,DAL,ELIMINATED,ELIMINATED,ELIMINATED,ELIMINATED,ELIMINATED,ELIMINATED,88.5,14.2,74.2,79.6,24.6,47.8,3,Planner,Planner (88) / Sprinter (80) / EV Hunter (74),Medium
He Is The One-3,11,PIT,BUF,IND,LAR,SEA,BAL,GB,KC,NE,MIA,LAC,DAL,ELIMINATED,ELIMINATED,ELIMINATED,ELIMINATED,ELIMINATED,ELIMINATED,91.6,19.0,74.9,77.7,16.8,72.0,3,Planner,Planner (92) / Sprinter (78),Medium
Heater City-1,11,BUF,TB,IND,LAR,ARI,MIA,LAC,PHI,KC,GB,PIT,DAL,ELIMINATED,ELIMINATED,ELIMINATED,ELIMINATED,ELIMINATED,ELIMINATED,90.8,13.6,78.5,83.2,18.4,43.6,3,Planner,Planner (91) / Sprinter (83) / EV Hunter (78),Medium
HeatStroke-3,11,NE,ARI,CLE,LAR,HOU,MIA,BUF,TB,KC,GB,LAC,DAL,ELIMINATED,ELIMINATED,ELIMINATED,ELIMINATED,ELIMINATED,ELIMINATED,72.4,8.7,88.0,90.1,36.5,17.4,3,Sprinter,Sprinter (90) / EV Hunter (88),Medium
HORNET.-1,11,KC,TB,CLE,LAR,BAL,IND,BUF,PHI,HOU,GB,LAC,DAL,ELIMINATED,ELIMINATED,ELIMINATED,ELIMINATED,ELIMINATED,ELIMINATED,91.2,9.1,91.5,93.2,14.9,10.3,3,Sprinter,Sprinter (93) / EV Hunter (92) / Planner (91),Medium
Iron Mountain-4,11,BUF,TEN,CLE,BAL,LAR,MIA,LAC,TB,NE,NO,KC,DAL,ELIMINATED,ELIMINATED,ELIMINATED,ELIMINATED,ELIMINATED,ELIMINATED,86.6,6.9,76.0,83.3,27.2,20.1,3,Planner,Planner (87) / Sprinter (83) / EV Hunter (76),Medium
JFK JR-1,11,KC,GB,IND,LAR,BAL,MIA,BUF,TB,PIT,NO,LAC,DAL,ELIMINATED,ELIMINATED,ELIMINATED,ELIMINATED,ELIMINATED,ELIMINATED,92.0,20.9,85.2,85.3,11.2,41.0,3,Planner,Planner (92) / Sprinter (85) / EV Hunter (85),Medium
Jokey-1,11,NE,TB,IND,LAR,PIT,MIA,BUF,KC,HOU,GB,LAC,DAL,ELIMINATED,ELIMINATED,ELIMINATED,ELIMINATED,ELIMINATED,ELIMINATED,80.4,14.7,87.7,87.3,25.8,41.8,3,EV Hunter,EV Hunter (88) / Sprinter (87) / Planner (80),Medium
Just Say Yes!-1,11,BUF,GB,IND,LAR,BAL,MIA,LAC,PHI,KC,NO,PIT,DAL,ELIMINATED,ELIMINATED,ELIMINATED,ELIMINATED,ELIMINATED,ELIMINATED,91.0,17.8,74.3,79.0,17.8,46.7,3,Planner,Planner (91) / Sprinter (79),Medium
JUST TALK DIRTY-1,11,BUF,ARI,CLE,TB,PIT,IND,NO,PHI,HOU,GB,LAC,DAL,ELIMINATED,ELIMINATED,ELIMINATED,ELIMINATED,ELIMINATED,ELIMINATED,84.4,7.5,78.7,85.4,28.0,19.0,3,Sprinter,Sprinter (85) / Planner (84) / EV Hunter (79),Medium
Kitsunegari-2,11,KC,CLE,IND,LAR,BAL,MIA,BUF,TB,PIT,NO,LAC,DAL,ELIMINATED,ELIMINATED,ELIMINATED,ELIMINATED,ELIMINATED,ELIMINATED,91.9,21.6,82.3,82.5,17.1,44.6,3,Planner,Planner (92) / Sprinter (82) / EV Hunter (82),Medium
Live Healthy Rich-1,11,PIT,TB,IND,LAR,BAL,MIA,BUF,PHI,KC,GB,LAC,DAL,ELIMINATED,ELIMINATED,ELIMINATED,ELIMINATED,ELIMINATED,ELIMINATED,93.4,18.5,84.4,82.5,10.9,66.3,3,Planner,Planner (93) / EV Hunter (84) / Sprinter (82),Medium
LIZ-1,11,KC,TEN,CLE,LAR,BAL,IND,BUF,TB,NE,GB,PIT,DET,ELIMINATED,ELIMINATED,ELIMINATED,ELIMINATED,ELIMINATED,ELIMINATED,87.9,10.2,86.8,89.6,21.1,14.5,3,Sprinter,Sprinter (90) / Planner (88) / EV Hunter (87),Medium
Lucas Nogueira-1,11,NE,TEN,TB,LAR,NO,MIA,LAC,PHI,KC,GB,PIT,DAL,ELIMINATED,ELIMINATED,ELIMINATED,ELIMINATED,ELIMINATED,ELIMINATED,75.8,4.4,91.6,93.2,31.0,13.0,3,Sprinter,Sprinter (93) / EV Hunter (92),Medium
Lucas Nogueira-5,11,NE,CHI,TB,LAR,BAL,IND,LAC,KC,HOU,GB,PIT,DAL,ELIMINATED,ELIMINATED,ELIMINATED,ELIMINATED,ELIMINATED,ELIMINATED,69.1,10.9,88.3,88.3,37.5,16.3,3,EV Hunter,EV Hunter (88) / Sprinter (88),Medium
LUCKY 13-1,11,BAL,SF,IND,LAR,SEA,MIA,BUF,PHI,KC,GB,LAC,DAL,ELIMINATED,ELIMINATED,ELIMINATED,ELIMINATED,ELIMINATED,ELIMINATED,81.6,22.3,85.1,82.0,20.3,69.7,3,EV Hunter,EV Hunter (85) / Sprinter (82) / Planner (82),Medium
Luther41-1,11,BUF,TB,IND,LAR,BAL,MIA,KC,PHI,TEN,GB,LAC,DAL,ELIMINATED,ELIMINATED,ELIMINATED,ELIMINATED,ELIMINATED,ELIMINATED,90.8,13.6,78.5,83.2,18.4,43.6,3,Planner,Planner (91) / Sprinter (83) / EV Hunter (78),Medium
Maiowe-1,11,KC,CLE,IND,TB,HOU,MIA,BUF,PHI,NE,GB,LAC,DET,ELIMINATED,ELIMINATED,ELIMINATED,ELIMINATED,ELIMINATED,ELIMINATED,91.9,21.6,82.3,82.5,17.1,44.6,3,Planner,Planner (92) / Sprinter (82) / EV Hunter (82),Medium
MATADOR-1,11,BUF,TB,IND,LAR,NO,MIA,LAC,PHI,NE,GB,KC,DAL,ELIMINATED,ELIMINATED,ELIMINATED,ELIMINATED,ELIMINATED,ELIMINATED,90.8,13.6,78.5,83.2,18.4,43.6,3,Planner,Planner (91) / Sprinter (83) / EV Hunter (78),Medium
MAX-1,11,BUF,TB,IND,LAR,BAL,MIA,LAC,KC,PIT,GB,NO,DAL,ELIMINATED,ELIMINATED,ELIMINATED,ELIMINATED,ELIMINATED,ELIMINATED,90.8,13.6,78.5,83.2,18.4,43.6,3,Planner,Planner (91) / Sprinter (83) / EV Hunter (78),Medium
MICHCONN-2,11,BUF,KC,IND,LAR,BAL,MIA,NO,TB,PIT,GB,LAC,DAL,ELIMINATED,ELIMINATED,ELIMINATED,ELIMINATED,ELIMINATED,ELIMINATED,89.1,16.8,80.6,84.8,18.6,43.5,3,Planner,Planner (89) / Sprinter (85) / EV Hunter (81),Medium
Midnight Cat-1,11,BUF,TB,NE,BAL,SEA,MIA,LAC,KC,HOU,GB,PIT,DAL,ELIMINATED,ELIMINATED,ELIMINATED,ELIMINATED,ELIMINATED,ELIMINATED,78.4,3.4,87.0,91.3,29.3,39.0,3,Sprinter,Sprinter (91) / EV Hunter (87) / Planner (78),Medium
MINTF-5,11,NE,SF,IND,BAL,PIT,MIA,BUF,KC,HOU,GB,LAC,DAL,ELIMINATED,ELIMINATED,ELIMINATED,ELIMINATED,ELIMINATED,ELIMINATED,70.0,21.3,87.2,83.6,37.8,72.7,3,EV Hunter,EV Hunter (87) / Sprinter (84) / Tourist (73),Medium
MONEY OBSCENE-2,11,PIT,TB,IND,LAR,BAL,MIA,BUF,KC,NE,GB,LAC,DAL,ELIMINATED,ELIMINATED,ELIMINATED,ELIMINATED,ELIMINATED,ELIMINATED,93.4,18.5,84.4,82.5,10.9,66.3,3,Planner,Planner (93) / EV Hunter (84) / Sprinter (82),Medium
MR BOBBY F-1,11,BAL,KC,IND,LAR,HOU,MIA,BUF,TB,NE,NO,PIT,DAL,ELIMINATED,ELIMINATED,ELIMINATED,ELIMINATED,ELIMINATED,ELIMINATED,91.1,18.9,87.2,86.9,4.5,63.6,3,Planner,Planner (91) / EV Hunter (87) / Sprinter (87),Medium
MR. PICKLES-1,11,BUF,TEN,CLE,LAR,NO,MIA,LAC,PHI,NE,GB,PIT,DAL,ELIMINATED,ELIMINATED,ELIMINATED,ELIMINATED,ELIMINATED,ELIMINATED,86.6,6.9,76.0,83.3,27.2,20.1,3,Planner,Planner (87) / Sprinter (83) / EV Hunter (76),Medium
NORTH OF THE BORDER-2,11,NE,KC,IND,LAR,BAL,MIA,BUF,PHI,PIT,GB,LAC,DAL,ELIMINATED,ELIMINATED,ELIMINATED,ELIMINATED,ELIMINATED,ELIMINATED,78.9,17.9,89.3,89.0,26.0,41.8,3,EV Hunter,EV Hunter (89) / Sprinter (89) / Planner (79),Medium
NOTJOE'SAVGJALAPENOS-3,11,BUF,PIT,IND,LAR,BAL,MIA,NO,PHI,HOU,TB,LAC,DAL,ELIMINATED,ELIMINATED,ELIMINATED,ELIMINATED,ELIMINATED,ELIMINATED,90.7,15.4,74.0,78.7,17.9,46.3,3,Planner,Planner (91) / Sprinter (79),Medium
OFFINTHEWOODS-1,11,NE,GB,IND,BAL,ARI,MIA,BUF,KC,PIT,NO,LAC,DAL,ELIMINATED,ELIMINATED,ELIMINATED,ELIMINATED,ELIMINATED,ELIMINATED,81.2,18.8,83.6,83.7,25.3,44.8,3,Sprinter,Sprinter (84) / EV Hunter (84) / Planner (81),Medium
ONE MAIN-1,11,BUF,GB,TB,LAR,NO,IND,KC,PHI,NE,PIT,LAC,DAL,ELIMINATED,ELIMINATED,ELIMINATED,ELIMINATED,ELIMINATED,ELIMINATED,91.5,6.1,82.9,87.9,16.3,63.5,3,Planner,Planner (92) / Sprinter (88) / EV Hunter (83),Medium
ORDER UP-3,11,BUF,SF,IND,LAR,NO,MIA,PHI,KC,PIT,GB,LAC,DAL,ELIMINATED,ELIMINATED,ELIMINATED,ELIMINATED,ELIMINATED,ELIMINATED,81.2,20.2,77.9,78.9,29.7,74.7,3,Planner,Planner (81) / Sprinter (79) / EV Hunter (78) / Tourist (75),Medium
PAR5ONIN2-1,11,KC,TEN,IND,LAR,DAL,MIA,BUF,TB,HOU,GB,PIT,DET,ELIMINATED,ELIMINATED,ELIMINATED,ELIMINATED,ELIMINATED,ELIMINATED,88.5,17.8,85.0,85.9,18.2,42.2,3,Planner,Planner (88) / Sprinter (86) / EV Hunter (85),Medium
PGAMOPTOUR5-4,11,NE,TB,IND,BAL,DAL,MIA,BUF,KC,PIT,GB,NO,DET,ELIMINATED,ELIMINATED,ELIMINATED,ELIMINATED,ELIMINATED,ELIMINATED,80.4,14.7,87.7,87.3,25.8,41.8,3,EV Hunter,EV Hunter (88) / Sprinter (87) / Planner (80),Medium
PLAYIN N STAYIN-2,11,BUF,TB,IND,LAR,BAL,MIA,NO,KC,NE,CLE,PIT,DAL,ELIMINATED,ELIMINATED,ELIMINATED,ELIMINATED,ELIMINATED,ELIMINATED,90.8,13.6,78.5,83.2,18.4,43.6,3,Planner,Planner (91) / Sprinter (83) / EV Hunter (78),Medium
Putting on the foil-4,11,NE,SEA,IND,LAR,BAL,MIA,LAC,PHI,KC,GB,PIT,DET,ELIMINATED,ELIMINATED,ELIMINATED,ELIMINATED,ELIMINATED,ELIMINATED,76.8,24.7,79.1,78.7,24.8,48.7,3,EV Hunter,EV Hunter (79) / Sprinter (79) / Planner (77),Medium
QUESERASERA-2,11,BUF,KC,CLE,LAR,BAL,MIA,NO,TB,PIT,GB,LAC,DAL,ELIMINATED,ELIMINATED,ELIMINATED,ELIMINATED,ELIMINATED,ELIMINATED,88.2,9.2,82.8,88.5,21.5,15.8,3,Sprinter,Sprinter (88) / Planner (88) / EV Hunter (83),Medium
Sand Bagger-2,11,BAL,PIT,IND,LAR,DAL,MIA,BUF,KC,NE,GB,LAC,DET,ELIMINATED,ELIMINATED,ELIMINATED,ELIMINATED,ELIMINATED,ELIMINATED,91.5,18.0,81.7,81.3,7.0,16.1,3,Planner,Planner (92) / EV Hunter (82) / Sprinter (81),Medium
Schematic Advantage-2,11,NE,ARI,IND,LAR,BAL,MIA,BUF,PHI,KC,GB,PIT,DAL,ELIMINATED,ELIMINATED,ELIMINATED,ELIMINATED,ELIMINATED,ELIMINATED,75.1,16.3,85.7,86.8,33.6,45.0,3,Sprinter,Sprinter (87) / EV Hunter (86) / Planner (75),Medium
SDQLMASTER-5,11,NE,TEN,IND,LAR,ARI,MIA,BUF,TB,HOU,GB,LAC,DAL,ELIMINATED,ELIMINATED,ELIMINATED,ELIMINATED,ELIMINATED,ELIMINATED,77.2,15.7,83.4,84.3,32.7,46.1,3,Sprinter,Sprinter (84) / EV Hunter (83) / Planner (77),Medium
Shamy-5,11,NE,TB,CLE,LAR,ARI,BAL,BUF,KC,PIT,GB,LAC,DAL,ELIMINATED,ELIMINATED,ELIMINATED,ELIMINATED,ELIMINATED,ELIMINATED,78.7,7.1,89.9,91.0,29.2,14.2,3,Sprinter,Sprinter (91) / EV Hunter (90) / Planner (79),Medium
SharpSyndicateSports-5,11,NE,TB,CLE,BAL,NO,MIA,BUF,KC,HOU,GB,LAC,PIT,ELIMINATED,ELIMINATED,ELIMINATED,ELIMINATED,ELIMINATED,ELIMINATED,78.7,7.1,89.9,91.0,29.2,14.2,3,Sprinter,Sprinter (91) / EV Hunter (90) / Planner (79),Medium
SJM-5,11,NE,PIT,IND,LAR,SEA,MIA,BUF,TB,HOU,LV,LAC,DAL,ELIMINATED,ELIMINATED,ELIMINATED,ELIMINATED,ELIMINATED,ELIMINATED,80.7,16.4,83.2,82.9,25.3,44.5,3,EV Hunter,EV Hunter (83) / Sprinter (83) / Planner (81),Medium
SPS-2,11,BUF,TB,IND,LAR,NO,MIA,LAC,KC,NE,GB,PIT,DET,ELIMINATED,ELIMINATED,ELIMINATED,ELIMINATED,ELIMINATED,ELIMINATED,90.8,13.6,78.5,83.2,18.4,43.6,3,Planner,Planner (91) / Sprinter (83) / EV Hunter (78),Medium
SPS-4,11,BUF,TB,IND,LAR,ARI,MIA,NO,PHI,KC,GB,LAC,DAL,ELIMINATED,ELIMINATED,ELIMINATED,ELIMINATED,ELIMINATED,ELIMINATED,90.8,13.6,78.5,83.2,18.4,43.6,3,Planner,Planner (91) / Sprinter (83) / EV Hunter (78),Medium
STRAIGHT CA$H HOMIE-1,11,BUF,ARI,NE,LAR,HOU,IND,PHI,TB,KC,GB,LAC,DAL,ELIMINATED,ELIMINATED,ELIMINATED,ELIMINATED,ELIMINATED,ELIMINATED,73.3,4.5,85.4,89.9,35.4,41.8,3,Sprinter,Sprinter (90) / EV Hunter (85),Medium
SUPER SENIOR STEVE-1,11,BUF,TEN,CLE,LAR,BAL,IND,LAC,TB,KC,NO,PIT,DAL,ELIMINATED,ELIMINATED,ELIMINATED,ELIMINATED,ELIMINATED,ELIMINATED,86.6,6.9,76.0,83.3,27.2,20.1,3,Planner,Planner (87) / Sprinter (83) / EV Hunter (76),Medium
TAHOE-3,11,NE,PIT,CLE,LAR,SEA,IND,BUF,TB,KC,GB,LAC,DAL,ELIMINATED,ELIMINATED,ELIMINATED,ELIMINATED,ELIMINATED,ELIMINATED,78.7,9.2,85.1,86.2,28.6,67.2,3,Sprinter,Sprinter (86) / EV Hunter (85) / Planner (79),Medium
Tampa Daven-3,11,NE,PIT,SF,TB,NO,IND,BUF,KC,HOU,GB,LAC,DAL,ELIMINATED,ELIMINATED,ELIMINATED,ELIMINATED,ELIMINATED,ELIMINATED,68.5,10.7,90.7,88.1,35.3,66.9,3,EV Hunter,EV Hunter (91) / Sprinter (88),Medium
TD TONY-2,11,KC,ARI,CLE,LAR,HOU,IND,BUF,PHI,NE,GB,LAC,DAL,ELIMINATED,ELIMINATED,ELIMINATED,ELIMINATED,ELIMINATED,ELIMINATED,85.7,10.8,89.5,91.7,21.8,13.5,3,Sprinter,Sprinter (92) / EV Hunter (90) / Planner (86),Medium
Team Barbara Lee-1,11,KC,ARI,IND,LAR,BAL,MIA,BUF,PHI,PIT,GB,LAC,DAL,ELIMINATED,ELIMINATED,ELIMINATED,ELIMINATED,ELIMINATED,ELIMINATED,86.4,18.4,87.3,88.4,18.9,41.1,3,Sprinter,Sprinter (88) / EV Hunter (87) / Planner (86),Medium
TEAM MONEY-4,11,NE,TEN,IND,LAR,BAL,MIA,BUF,TB,PIT,NO,LAC,DAL,ELIMINATED,ELIMINATED,ELIMINATED,ELIMINATED,ELIMINATED,ELIMINATED,77.2,15.7,83.4,84.3,32.7,46.1,3,Sprinter,Sprinter (84) / EV Hunter (83) / Planner (77),Medium
TEAM RED RAIDER-1,11,PIT,BAL,IND,LAR,ARI,MIA,BUF,KC,NE,GB,LAC,DAL,ELIMINATED,ELIMINATED,ELIMINATED,ELIMINATED,ELIMINATED,ELIMINATED,91.9,21.1,83.3,80.4,7.6,17.0,3,Planner,Planner (92) / EV Hunter (83) / Sprinter (80),Medium
THAWK-3,11,BUF,ARI,CLE,TB,HOU,IND,NO,KC,PIT,GB,LAC,DAL,ELIMINATED,ELIMINATED,ELIMINATED,ELIMINATED,ELIMINATED,ELIMINATED,84.4,7.5,78.7,85.4,28.0,19.0,3,Sprinter,Sprinter (85) / Planner (84) / EV Hunter (79),Medium
The Disasters-1,11,BUF,ARI,CLE,LAR,HOU,IND,NO,PHI,TEN,GB,LAC,DAL,ELIMINATED,ELIMINATED,ELIMINATED,ELIMINATED,ELIMINATED,ELIMINATED,84.4,7.5,78.7,85.4,28.0,19.0,3,Sprinter,Sprinter (85) / Planner (84) / EV Hunter (79),Medium
The Mad Russian-5,11,JAC,TB,IND,BAL,NO,MIA,BUF,KC,PIT,GB,LAC,DAL,ELIMINATED,ELIMINATED,ELIMINATED,ELIMINATED,ELIMINATED,ELIMINATED,91.9,32.2,60.4,57.4,11.9,68.9,3,Planner,Planner (92),Medium
THE WINDOW PODCAST-1,11,BUF,ARI,IND,LAR,HOU,MIA,PHI,KC,NE,NO,LAC,DAL,ELIMINATED,ELIMINATED,ELIMINATED,ELIMINATED,ELIMINATED,ELIMINATED,86.3,14.7,76.5,82.1,25.5,46.7,3,Planner,Planner (86) / Sprinter (82) / EV Hunter (76),Medium
Thomas Shelby-1,11,PIT,TEN,IND,LAR,ARI,MIA,BUF,TB,NE,GB,KC,DAL,ELIMINATED,ELIMINATED,ELIMINATED,ELIMINATED,ELIMINATED,ELIMINATED,90.8,19.5,80.7,78.9,17.2,70.4,3,Planner,Planner (91) / EV Hunter (81) / Sprinter (79),Medium
Thunder-4,11,BUF,CLE,IND,TB,HOU,MIA,NO,PHI,PIT,GB,LAC,DAL,ELIMINATED,ELIMINATED,ELIMINATED,ELIMINATED,ELIMINATED,ELIMINATED,91.0,19.0,72.0,77.3,23.9,50.1,3,Planner,Planner (91) / Sprinter (77),Medium
TKOB-1,11,BUF,TB,IND,BAL,HOU,MIA,LAC,PHI,TEN,GB,PIT,DAL,ELIMINATED,ELIMINATED,ELIMINATED,ELIMINATED,ELIMINATED,ELIMINATED,90.8,13.6,78.5,83.2,18.4,43.6,3,Planner,Planner (91) / Sprinter (83) / EV Hunter (78),Medium
Trouble With TheSnap-1,11,BAL,TEN,IND,LAR,NO,MIA,BUF,TB,PIT,GB,LAC,DAL,ELIMINATED,ELIMINATED,ELIMINATED,ELIMINATED,ELIMINATED,ELIMINATED,89.0,16.8,81.9,82.7,14.5,67.6,3,Planner,Planner (89) / Sprinter (83) / EV Hunter (82),Medium
VODKA ROCKS-1,11,KC,TEN,IND,LAR,ARI,MIA,BUF,TB,PIT,GB,LAC,DAL,ELIMINATED,ELIMINATED,ELIMINATED,ELIMINATED,ELIMINATED,ELIMINATED,88.5,17.8,85.0,85.9,18.2,42.2,3,Planner,Planner (88) / Sprinter (86) / EV Hunter (85),Medium
WAZ-2,11,NE,TEN,IND,BAL,ARI,MIA,BUF,PHI,PIT,GB,LAC,DAL,ELIMINATED,ELIMINATED,ELIMINATED,ELIMINATED,ELIMINATED,ELIMINATED,77.2,15.7,83.4,84.3,32.7,46.1,3,Sprinter,Sprinter (84) / EV Hunter (83) / Planner (77),Medium
WE BAD-1,11,KC,TEN,NE,BAL,SEA,MIA,BUF,PHI,GB,NO,LAC,DAL,ELIMINATED,ELIMINATED,ELIMINATED,ELIMINATED,ELIMINATED,ELIMINATED,75.6,8.0,93.9,94.8,29.4,37.4,3,Sprinter,Sprinter (95) / EV Hunter (94),Medium
WHERE'S LUNCH-5,11,NE,TEN,CLE,BAL,ARI,IND,BUF,PHI,KC,NO,LAC,DAL,ELIMINATED,ELIMINATED,ELIMINATED,ELIMINATED,ELIMINATED,ELIMINATED,74.6,8.1,85.3,88.0,35.8,18.5,3,Sprinter,Sprinter (88) / EV Hunter (85) / Planner (75),Medium
WILLY BALTERS-1,11,BUF,ARI,IND,LAR,NO,MIA,LAC,PHI,KC,GB,PIT,DAL,ELIMINATED,ELIMINATED,ELIMINATED,ELIMINATED,ELIMINATED,ELIMINATED,86.3,14.7,76.5,82.1,25.5,46.7,3,Planner,Planner (86) / Sprinter (82) / EV Hunter (76),Medium
XXYYZZ-1,11,KC,TEN,IND,LAR,SEA,MIA,BUF,TB,NE,GB,LAC,DAL,ELIMINATED,ELIMINATED,ELIMINATED,ELIMINATED,ELIMINATED,ELIMINATED,88.5,17.8,85.0,85.9,18.2,42.2,3,Planner,Planner (88) / Sprinter (86) / EV Hunter (85),Medium
YEEGONE3-3,11,BAL,PIT,CLE,LAR,ARI,MIA,BUF,TB,KC,NO,LAC,DAL,ELIMINATED,ELIMINATED,ELIMINATED,ELIMINATED,ELIMINATED,ELIMINATED,91.5,11.2,83.6,84.7,10.2,38.9,3,Planner,Planner (92) / Sprinter (85) / EV Hunter (84),Medium
1ST TIME CALLAH-2,10,BUF,PIT,CLE,LAR,ARI,MIA,LAC,TB,KC,GB,MIN,ELIMINATED,ELIMINATED,ELIMINATED,ELIMINATED,ELIMINATED,ELIMINATED,ELIMINATED,89.4,8.5,75.9,82.0,20.7,68.9,3,Planner,Planner (89) / Sprinter (82) / EV Hunter (76),Medium
5 BUKI ODS-2,10,BUF,KC,IND,LAR,BAL,MIA,LAC,PHI,PIT,GB,MIN,ELIMINATED,ELIMINATED,ELIMINATED,ELIMINATED,ELIMINATED,ELIMINATED,ELIMINATED,89.1,16.8,80.6,84.8,18.6,43.5,3,Planner,Planner (89) / Sprinter (85) / EV Hunter (81),Medium
617 to 702-3,10,BAL,TEN,NE,LAR,NO,IND,BUF,KC,GB,CLE,MIA,ELIMINATED,ELIMINATED,ELIMINATED,ELIMINATED,ELIMINATED,ELIMINATED,ELIMINATED,76.5,7.0,90.4,91.3,25.6,63.0,3,Sprinter,Sprinter (91) / EV Hunter (90) / Planner (76),Medium
ACKATTACK-1,10,PIT,TEN,IND,LAR,ARI,MIA,BUF,PHI,NE,GB,MIN,ELIMINATED,ELIMINATED,ELIMINATED,ELIMINATED,ELIMINATED,ELIMINATED,ELIMINATED,90.8,19.5,80.7,78.9,17.2,70.4,3,Planner,Planner (91) / EV Hunter (81) / Sprinter (79),Medium
ACKATTACK-3,10,PIT,TEN,IND,LAR,ARI,MIA,BUF,PHI,NE,GB,MIN,ELIMINATED,ELIMINATED,ELIMINATED,ELIMINATED,ELIMINATED,ELIMINATED,ELIMINATED,90.8,19.5,80.7,78.9,17.2,70.4,3,Planner,Planner (91) / EV Hunter (81) / Sprinter (79),Medium
American Pride Guy-3,10,BUF,KC,IND,BAL,LAR,MIA,LAC,PHI,PIT,GB,MIN,ELIMINATED,ELIMINATED,ELIMINATED,ELIMINATED,ELIMINATED,ELIMINATED,ELIMINATED,89.1,16.8,80.6,84.8,18.6,43.5,3,Planner,Planner (89) / Sprinter (85) / EV Hunter (81),Medium
Bison Sports-4,10,PIT,TB,NE,LAR,NO,SF,KC,PHI,HOU,ARI,MIA,ELIMINATED,ELIMINATED,ELIMINATED,ELIMINATED,ELIMINATED,ELIMINATED,ELIMINATED,81.5,9.0,92.2,90.3,22.6,62.4,3,EV Hunter,EV Hunter (92) / Sprinter (90) / Planner (82),Medium
BK tingle-1,10,NE,BUF,TB,BAL,LAR,ARI,NO,KC,PIT,GB,MIN,ELIMINATED,ELIMINATED,ELIMINATED,ELIMINATED,ELIMINATED,ELIMINATED,ELIMINATED,76.5,3.9,85.6,91.6,30.4,14.7,3,Sprinter,Sprinter (92) / EV Hunter (86),Medium
Black Devil-3,10,BUF,ARI,CLE,LAR,SEA,MIA,KC,TB,NE,NO,MIN,ELIMINATED,ELIMINATED,ELIMINATED,ELIMINATED,ELIMINATED,ELIMINATED,ELIMINATED,84.4,7.5,78.7,85.4,28.0,19.0,3,Sprinter,Sprinter (85) / Planner (84) / EV Hunter (79),Medium
BMAC-1,10,KC,SF,IND,LAR,BAL,MIA,BUF,PHI,PIT,GB,MIN,ELIMINATED,ELIMINATED,ELIMINATED,ELIMINATED,ELIMINATED,ELIMINATED,ELIMINATED,80.8,22.8,88.8,85.2,23.9,69.0,3,EV Hunter,EV Hunter (89) / Sprinter (85) / Planner (81),Medium
BOBBYT-3,10,BUF,KC,IND,LAR,PIT,MIA,LAC,PHI,HOU,GB,MIN,ELIMINATED,ELIMINATED,ELIMINATED,ELIMINATED,ELIMINATED,ELIMINATED,ELIMINATED,89.1,16.8,80.6,84.8,18.6,43.5,3,Planner,Planner (89) / Sprinter (85) / EV Hunter (81),Medium
Bucky Picks-1,10,BUF,SF,NE,BAL,ARI,IND,NO,KC,PIT,GB,TB,ELIMINATED,ELIMINATED,ELIMINATED,ELIMINATED,ELIMINATED,ELIMINATED,ELIMINATED,67.4,10.8,86.5,86.7,40.2,45.0,3,Sprinter,Sprinter (87) / EV Hunter (86),Medium
CAVEHAWKS-2,10,BUF,TB,NE,LAR,NO,IND,LAC,KC,TEN,GB,MIN,ELIMINATED,ELIMINATED,ELIMINATED,ELIMINATED,ELIMINATED,ELIMINATED,ELIMINATED,78.4,3.4,87.0,91.3,29.3,39.0,3,Sprinter,Sprinter (91) / EV Hunter (87) / Planner (78),Medium
CRE8-2,10,BUF,PIT,IND,LAR,SEA,MIA,LAC,PHI,KC,GB,MIN,ELIMINATED,ELIMINATED,ELIMINATED,ELIMINATED,ELIMINATED,ELIMINATED,ELIMINATED,90.7,15.4,74.0,78.7,17.9,46.3,3,Planner,Planner (91) / Sprinter (79),Medium
CTFC-1,10,BUF,TB,IND,LAR,ARI,MIA,NO,KC,PIT,GB,BAL,ELIMINATED,ELIMINATED,ELIMINATED,ELIMINATED,ELIMINATED,ELIMINATED,ELIMINATED,90.8,13.6,78.5,83.2,18.4,43.6,3,Planner,Planner (91) / Sprinter (83) / EV Hunter (78),Medium
Cuddy120-3,10,BUF,TEN,NE,LAR,BAL,MIA,LAC,TB,PIT,NO,MIN,ELIMINATED,ELIMINATED,ELIMINATED,ELIMINATED,ELIMINATED,ELIMINATED,ELIMINATED,75.4,4.0,82.7,87.7,34.7,42.9,3,Sprinter,Sprinter (88) / EV Hunter (83) / Planner (75),Medium
DJ-PGA-1,10,BUF,KC,IND,LAR,SEA,MIA,LAC,TB,PIT,GB,MIN,ELIMINATED,ELIMINATED,ELIMINATED,ELIMINATED,ELIMINATED,ELIMINATED,ELIMINATED,89.1,16.8,80.6,84.8,18.6,43.5,3,Planner,Planner (89) / Sprinter (85) / EV Hunter (81),Medium
Dr.Unk-1,10,BUF,TB,IND,LAR,HOU,MIA,LAC,KC,PIT,GB,MIN,ELIMINATED,ELIMINATED,ELIMINATED,ELIMINATED,ELIMINATED,ELIMINATED,ELIMINATED,90.8,13.6,78.5,83.2,18.4,43.6,3,Planner,Planner (91) / Sprinter (83) / EV Hunter (78),Medium
Duck U-1,10,NE,TB,CLE,LAR,HOU,MIA,LAC,KC,PIT,NO,MIN,ELIMINATED,ELIMINATED,ELIMINATED,ELIMINATED,ELIMINATED,ELIMINATED,ELIMINATED,78.7,7.1,89.9,91.0,29.2,14.2,3,Sprinter,Sprinter (91) / EV Hunter (90) / Planner (79),Medium
dylan-3,10,NE,PIT,IND,BAL,LAR,MIA,BUF,TB,TEN,GB,MIN,ELIMINATED,ELIMINATED,ELIMINATED,ELIMINATED,ELIMINATED,ELIMINATED,ELIMINATED,80.7,16.4,83.2,82.9,25.3,44.5,3,EV Hunter,EV Hunter (83) / Sprinter (83) / Planner (81),Medium
EASY ROD-1,10,BUF,SF,IND,LAR,ARI,MIA,PHI,KC,PIT,GB,MIN,ELIMINATED,ELIMINATED,ELIMINATED,ELIMINATED,ELIMINATED,ELIMINATED,ELIMINATED,81.2,20.2,77.9,78.9,29.7,74.7,3,Planner,Planner (81) / Sprinter (79) / EV Hunter (78) / Tourist (75),Medium
Enut34-1,10,KC,TEN,IND,LAR,SEA,MIA,BUF,PHI,NE,GB,MIN,ELIMINATED,ELIMINATED,ELIMINATED,ELIMINATED,ELIMINATED,ELIMINATED,ELIMINATED,88.5,17.8,85.0,85.9,18.2,42.2,3,Planner,Planner (88) / Sprinter (86) / EV Hunter (85),Medium
EROQ-4,10,BUF,PIT,TB,BAL,NO,MIA,CLE,KC,GB,DET,MIN,ELIMINATED,ELIMINATED,ELIMINATED,ELIMINATED,ELIMINATED,ELIMINATED,ELIMINATED,90.5,4.5,81.8,86.9,16.2,63.7,3,Planner,Planner (90) / Sprinter (87) / EV Hunter (82),Medium
Exodus 20-3,10,BAL,GB,IND,LAR,ARI,MIA,BUF,KC,PIT,NO,MIN,ELIMINATED,ELIMINATED,ELIMINATED,ELIMINATED,ELIMINATED,ELIMINATED,ELIMINATED,92.0,19.8,82.0,82.2,7.0,16.3,3,Planner,Planner (92) / Sprinter (82) / EV Hunter (82),Medium
Fireball-1,10,BUF,TEN,IND,LAR,BAL,MIA,LAC,PHI,KC,NO,MIN,ELIMINATED,ELIMINATED,ELIMINATED,ELIMINATED,ELIMINATED,ELIMINATED,ELIMINATED,88.5,14.2,74.2,79.6,24.6,47.8,3,Planner,Planner (88) / Sprinter (80) / EV Hunter (74),Medium
Fresh Prince-3,10,NE,TB,IND,LAR,BAL,MIA,BUF,PHI,PIT,GB,MIN,ELIMINATED,ELIMINATED,ELIMINATED,ELIMINATED,ELIMINATED,ELIMINATED,ELIMINATED,80.4,14.7,87.7,87.3,25.8,41.8,3,EV Hunter,EV Hunter (88) / Sprinter (87) / Planner (80),Medium
Gamblinsteve-1,10,NE,TB,IND,LAR,BAL,TEN,BUF,KC,PIT,NO,ELIMINATED,ELIMINATED,ELIMINATED,ELIMINATED,ELIMINATED,ELIMINATED,ELIMINATED,ELIMINATED,80.4,14.7,87.7,87.3,25.8,41.8,3,EV Hunter,EV Hunter (88) / Sprinter (87) / Planner (80),Medium
Gamblinsteve-2,10,BUF,ARI,CLE,TB,DAL,IND,LAC,KC,NE,GB,ELIMINATED,ELIMINATED,ELIMINATED,ELIMINATED,ELIMINATED,ELIMINATED,ELIMINATED,ELIMINATED,84.4,7.5,78.7,85.4,28.0,19.0,3,Sprinter,Sprinter (85) / Planner (84) / EV Hunter (79),Medium
Gamblinsteve-3,10,BUF,TB,IND,BAL,ARI,MIA,NO,KC,NE,GB,ELIMINATED,ELIMINATED,ELIMINATED,ELIMINATED,ELIMINATED,ELIMINATED,ELIMINATED,ELIMINATED,90.8,13.6,78.5,83.2,18.4,43.6,3,Planner,Planner (91) / Sprinter (83) / EV Hunter (78),Medium
Goodfellas-2,10,KC,TEN,IND,LAR,NO,BAL,BUF,PHI,PIT,GB,MIN,ELIMINATED,ELIMINATED,ELIMINATED,ELIMINATED,ELIMINATED,ELIMINATED,ELIMINATED,88.5,17.8,85.0,85.9,18.2,42.2,3,Planner,Planner (88) / Sprinter (86) / EV Hunter (85),Medium
Hammer Heads-1,10,BUF,TEN,IND,LAR,NO,MIA,LAC,KC,PIT,GB,MIN,ELIMINATED,ELIMINATED,ELIMINATED,ELIMINATED,ELIMINATED,ELIMINATED,ELIMINATED,88.5,14.2,74.2,79.6,24.6,47.8,3,Planner,Planner (88) / Sprinter (80) / EV Hunter (74),Medium
HATMAN'S HEADHUNTERS-1,10,BAL,GB,IND,TB,ARI,MIA,BUF,PHI,KC,NO,MIN,ELIMINATED,ELIMINATED,ELIMINATED,ELIMINATED,ELIMINATED,ELIMINATED,ELIMINATED,92.0,19.8,82.0,82.2,7.0,16.3,3,Planner,Planner (92) / Sprinter (82) / EV Hunter (82),Medium
hoffytime.-2,10,BAL,TB,IND,LAR,NO,MIA,BUF,PHI,KC,PIT,ELIMINATED,ELIMINATED,ELIMINATED,ELIMINATED,ELIMINATED,ELIMINATED,ELIMINATED,ELIMINATED,92.3,15.7,85.6,85.8,7.4,63.4,3,Planner,Planner (92) / Sprinter (86) / EV Hunter (86),Medium
hoosierdaddies-1,10,BAL,TB,CLE,LAR,NO,IND,LAC,KC,PIT,GB,MIN,ELIMINATED,ELIMINATED,ELIMINATED,ELIMINATED,ELIMINATED,ELIMINATED,ELIMINATED,92.7,8.5,87.9,89.5,10.7,35.9,3,Planner,Planner (93) / Sprinter (90) / EV Hunter (88),Medium
HOP THE HARD FOUR-1,10,BUF,TB,IND,LAR,PIT,BAL,LAC,KC,NE,GB,MIN,ELIMINATED,ELIMINATED,ELIMINATED,ELIMINATED,ELIMINATED,ELIMINATED,ELIMINATED,90.8,13.6,78.5,83.2,18.4,43.6,3,Planner,Planner (91) / Sprinter (83) / EV Hunter (78),Medium
How You Feeling-1,10,KC,TEN,IND,LAR,ARI,MIA,BUF,PHI,NE,GB,MIN,ELIMINATED,ELIMINATED,ELIMINATED,ELIMINATED,ELIMINATED,ELIMINATED,ELIMINATED,88.5,17.8,85.0,85.9,18.2,42.2,3,Planner,Planner (88) / Sprinter (86) / EV Hunter (85),Medium
ididn'tseethatcoming-3,10,KC,PIT,CLE,BAL,NO,IND,PHI,TB,NE,GB,MIN,ELIMINATED,ELIMINATED,ELIMINATED,ELIMINATED,ELIMINATED,ELIMINATED,ELIMINATED,91.5,11.8,86.7,87.8,14.3,63.5,3,Planner,Planner (92) / Sprinter (88) / EV Hunter (87),Medium
ididn'tseethatcoming-4,10,KC,PIT,CLE,LAR,NO,IND,LAC,TB,NE,GB,BAL,ELIMINATED,ELIMINATED,ELIMINATED,ELIMINATED,ELIMINATED,ELIMINATED,ELIMINATED,91.5,11.8,86.7,87.8,14.3,63.5,3,Planner,Planner (92) / Sprinter (88) / EV Hunter (87),Medium
Jax 2 Win-3,10,PIT,ARI,BUF,TB,HOU,MIA,LAC,KC,TEN,GB,MIN,ELIMINATED,ELIMINATED,ELIMINATED,ELIMINATED,ELIMINATED,ELIMINATED,ELIMINATED,85.9,9.5,81.3,85.9,21.2,41.7,3,Planner,Planner (86) / Sprinter (86) / EV Hunter (81),Medium
K 2 S Q R-1,10,KC,ARI,NE,LAR,SEA,MIA,BUF,TB,PIT,GB,BAL,ELIMINATED,ELIMINATED,ELIMINATED,ELIMINATED,ELIMINATED,ELIMINATED,ELIMINATED,73.5,8.5,96.6,96.9,30.1,36.3,3,Sprinter,Sprinter (97) / EV Hunter (97),Medium
KB512-3,10,BUF,TEN,TB,LAR,ARI,MIA,LAC,KC,PIT,GB,MIN,ELIMINATED,ELIMINATED,ELIMINATED,ELIMINATED,ELIMINATED,ELIMINATED,ELIMINATED,87.3,2.9,82.3,88.5,22.9,14.6,3,Sprinter,Sprinter (88) / Planner (87) / EV Hunter (82),Medium
KICKER LIVES MATTER-1,10,BUF,GB,IND,LAR,BAL,MIA,LAC,KC,HOU,NO,MIN,ELIMINATED,ELIMINATED,ELIMINATED,ELIMINATED,ELIMINATED,ELIMINATED,ELIMINATED,91.0,17.8,74.3,79.0,17.8,46.7,3,Planner,Planner (91) / Sprinter (79),Medium
KPT31920-1,10,PIT,SF,CLE,LAR,DAL,MIA,LAC,PHI,NE,LV,MIN,ELIMINATED,ELIMINATED,ELIMINATED,ELIMINATED,ELIMINATED,ELIMINATED,ELIMINATED,81.3,18.4,85.7,81.5,26.0,70.3,3,EV Hunter,EV Hunter (86) / Sprinter (82) / Planner (81),Medium
Kris Barr.-1,10,NE,CLE,IND,LAR,ARI,MIA,NO,KC,PIT,GB,BAL,ELIMINATED,ELIMINATED,ELIMINATED,ELIMINATED,ELIMINATED,ELIMINATED,ELIMINATED,80.6,20.0,80.7,80.9,31.5,48.7,3,Sprinter,Sprinter (81) / EV Hunter (81) / Planner (81),Medium
Larry B 27-4,10,NE,PIT,CLE,BAL,ARI,IND,BUF,PHI,KC,NO,MIN,ELIMINATED,ELIMINATED,ELIMINATED,ELIMINATED,ELIMINATED,ELIMINATED,ELIMINATED,78.7,9.2,85.1,86.2,28.6,67.2,3,Sprinter,Sprinter (86) / EV Hunter (85) / Planner (79),Medium
Livin' The Dream-1,10,BUF,GB,NE,TB,NO,MIA,LAC,PHI,KC,CLE,MIN,ELIMINATED,ELIMINATED,ELIMINATED,ELIMINATED,ELIMINATED,ELIMINATED,ELIMINATED,79.1,7.6,83.2,87.2,28.7,67.1,3,Sprinter,Sprinter (87) / EV Hunter (83) / Planner (79),Medium
LOGICIANS-1,10,KC,TB,NE,BAL,NO,IND,LAC,PHI,PIT,GB,MIA,ELIMINATED,ELIMINATED,ELIMINATED,ELIMINATED,ELIMINATED,ELIMINATED,ELIMINATED,78.6,6.9,98.2,98.4,23.7,33.4,3,Sprinter,Sprinter (98) / EV Hunter (98),Medium
Lucas Nogueira-4,10,NE,CHI,TB,LAR,BAL,MIA,NO,PHI,KC,GB,MIN,ELIMINATED,ELIMINATED,ELIMINATED,ELIMINATED,ELIMINATED,ELIMINATED,ELIMINATED,69.1,10.9,88.3,88.3,37.5,16.3,3,EV Hunter,EV Hunter (88) / Sprinter (88),Medium
LUKEDERUK-2,10,BUF,ARI,IND,LAR,BAL,MIA,LAC,TB,NE,NO,MIN,ELIMINATED,ELIMINATED,ELIMINATED,ELIMINATED,ELIMINATED,ELIMINATED,ELIMINATED,86.3,14.7,76.5,82.1,25.5,46.7,3,Planner,Planner (86) / Sprinter (82) / EV Hunter (76),Medium
Magi Quicksilver-1,10,BAL,ARI,IND,LAR,PIT,MIA,LAC,PHI,KC,GB,MIN,ELIMINATED,ELIMINATED,ELIMINATED,ELIMINATED,ELIMINATED,ELIMINATED,ELIMINATED,87.2,17.3,84.2,84.7,15.1,66.6,3,Planner,Planner (87) / Sprinter (85) / EV Hunter (84),Medium
Mahomes 1973-1,10,BAL,TB,IND,LAR,SEA,MIA,BUF,KC,PIT,GB,MIN,ELIMINATED,ELIMINATED,ELIMINATED,ELIMINATED,ELIMINATED,ELIMINATED,ELIMINATED,92.3,15.7,85.6,85.8,7.4,63.4,3,Planner,Planner (92) / Sprinter (86) / EV Hunter (86),Medium
MAKENA-1,10,BUF,TEN,IND,LAR,PIT,MIA,LAC,TB,KC,GB,MIN,ELIMINATED,ELIMINATED,ELIMINATED,ELIMINATED,ELIMINATED,ELIMINATED,ELIMINATED,88.5,14.2,74.2,79.6,24.6,47.8,3,Planner,Planner (88) / Sprinter (80) / EV Hunter (74),Medium
Mikey D-4,10,BUF,CLE,NE,BAL,LAR,IND,LAC,PHI,PIT,GB,MIA,ELIMINATED,ELIMINATED,ELIMINATED,ELIMINATED,ELIMINATED,ELIMINATED,ELIMINATED,77.6,8.8,80.5,85.4,34.0,45.2,3,Sprinter,Sprinter (85) / EV Hunter (80) / Planner (78),Medium
MINTF-2,10,KC,TB,NE,LAR,ARI,IND,BUF,PHI,PIT,GB,MIN,ELIMINATED,ELIMINATED,ELIMINATED,ELIMINATED,ELIMINATED,ELIMINATED,ELIMINATED,78.6,6.9,98.2,98.4,23.7,33.4,3,Sprinter,Sprinter (98) / EV Hunter (98),Medium
Molly Mols-1,10,BUF,SF,TB,LAR,ARI,IND,LAC,PHI,KC,GB,MIN,ELIMINATED,ELIMINATED,ELIMINATED,ELIMINATED,ELIMINATED,ELIMINATED,ELIMINATED,79.8,9.3,86.1,87.4,27.8,66.8,3,Sprinter,Sprinter (87) / EV Hunter (86) / Planner (80),Medium
MonsterLoc-2,10,BUF,PIT,TB,LAR,BAL,MIA,LAC,KC,NE,GB,MIN,ELIMINATED,ELIMINATED,ELIMINATED,ELIMINATED,ELIMINATED,ELIMINATED,ELIMINATED,90.5,4.5,81.8,86.9,16.2,63.7,3,Planner,Planner (90) / Sprinter (87) / EV Hunter (82),Medium
No Regrets-5,10,LAC,ARI,CLE,BAL,PIT,MIA,BUF,TB,KC,GB,MIN,ELIMINATED,ELIMINATED,ELIMINATED,ELIMINATED,ELIMINATED,ELIMINATED,ELIMINATED,86.5,17.8,76.6,78.8,28.4,24.7,3,Planner,Planner (86) / Sprinter (79) / EV Hunter (77),Medium
OlwillyD-1,10,BUF,ARI,NE,BAL,HOU,IND,PHI,TB,KC,NO,MIN,ELIMINATED,ELIMINATED,ELIMINATED,ELIMINATED,ELIMINATED,ELIMINATED,ELIMINATED,73.3,4.5,85.4,89.9,35.4,41.8,3,Sprinter,Sprinter (90) / EV Hunter (85),Medium
One Man Gang-2,10,LV,GB,NE,LAR,SEA,MIA,BUF,KC,PIT,NO,MIN,ELIMINATED,ELIMINATED,ELIMINATED,ELIMINATED,ELIMINATED,ELIMINATED,ELIMINATED,77.0,15.8,82.2,82.0,31.8,71.8,3,EV Hunter,EV Hunter (82) / Sprinter (82) / Planner (77) / Tourist (72),Medium
POLISH PRINCE-1,10,BAL,PIT,NE,LAR,SEA,MIA,BUF,PHI,KC,GB,MIN,ELIMINATED,ELIMINATED,ELIMINATED,ELIMINATED,ELIMINATED,ELIMINATED,ELIMINATED,79.4,8.9,89.8,89.1,18.7,37.3,3,EV Hunter,EV Hunter (90) / Sprinter (89) / Planner (79),Medium
PRAY4DUBB-2,10,BUF,CLE,IND,LAR,DAL,DET,LAC,KC,TEN,TB,MIN,ELIMINATED,ELIMINATED,ELIMINATED,ELIMINATED,ELIMINATED,ELIMINATED,ELIMINATED,91.0,19.0,72.0,77.3,23.9,50.1,3,Planner,Planner (91) / Sprinter (77),Medium
PRESENCE-2,10,NO,TB,IND,LAR,ARI,TEN,KC,PHI,MIN,GB,MIA,ELIMINATED,ELIMINATED,ELIMINATED,ELIMINATED,ELIMINATED,ELIMINATED,ELIMINATED,91.2,22.1,80.9,80.1,10.6,68.7,3,Planner,Planner (91) / EV Hunter (81) / Sprinter (80),Medium
PRESENCE-4,10,BUF,TEN,TB,GB,NO,MIA,CLE,KC,PIT,LV,NE,ELIMINATED,ELIMINATED,ELIMINATED,ELIMINATED,ELIMINATED,ELIMINATED,ELIMINATED,87.3,2.9,82.3,88.5,22.9,14.6,3,Sprinter,Sprinter (88) / Planner (87) / EV Hunter (82),Medium
Putting on the foil-3,10,BUF,PIT,NE,BAL,NO,MIA,LAC,PHI,KC,GB,TB,ELIMINATED,ELIMINATED,ELIMINATED,ELIMINATED,ELIMINATED,ELIMINATED,ELIMINATED,78.1,6.0,82.2,86.1,28.6,67.2,3,Sprinter,Sprinter (86) / EV Hunter (82) / Planner (78),Medium
Reggie bush wackers-1,10,BUF,ARI,IND,LAR,NO,MIA,LAC,KC,NE,TB,MIN,ELIMINATED,ELIMINATED,ELIMINATED,ELIMINATED,ELIMINATED,ELIMINATED,ELIMINATED,86.3,14.7,76.5,82.1,25.5,46.7,3,Planner,Planner (86) / Sprinter (82) / EV Hunter (76),Medium
RG-1,10,BUF,TEN,NE,LAR,BAL,IND,LAC,PHI,KC,PIT,MIN,ELIMINATED,ELIMINATED,ELIMINATED,ELIMINATED,ELIMINATED,ELIMINATED,ELIMINATED,75.4,4.0,82.7,87.7,34.7,42.9,3,Sprinter,Sprinter (88) / EV Hunter (83) / Planner (75),Medium
RIGHTANGLESPORTS-1,10,NE,TB,IND,LAR,BAL,MIA,LAC,KC,PIT,GB,MIN,ELIMINATED,ELIMINATED,ELIMINATED,ELIMINATED,ELIMINATED,ELIMINATED,ELIMINATED,80.4,14.7,87.7,87.3,25.8,41.8,3,EV Hunter,EV Hunter (88) / Sprinter (87) / Planner (80),Medium
Shamy-4,10,TEN,ARI,IND,LAR,PIT,MIA,LAC,KC,NE,GB,TB,ELIMINATED,ELIMINATED,ELIMINATED,ELIMINATED,ELIMINATED,ELIMINATED,ELIMINATED,89.0,25.6,77.9,77.6,24.0,75.2,3,Planner,Planner (89) / EV Hunter (78) / Sprinter (78) / Tourist (75),Medium
SJM-4,10,NE,TEN,CLE,LAR,BAL,IND,LAC,TB,KC,GB,MIN,ELIMINATED,ELIMINATED,ELIMINATED,ELIMINATED,ELIMINATED,ELIMINATED,ELIMINATED,74.6,8.1,85.3,88.0,35.8,18.5,3,Sprinter,Sprinter (88) / EV Hunter (85) / Planner (75),Medium
SKOL-1,10,BUF,KC,IND,BAL,NO,MIA,LAC,PHI,NE,GB,MIN,ELIMINATED,ELIMINATED,ELIMINATED,ELIMINATED,ELIMINATED,ELIMINATED,ELIMINATED,89.1,16.8,80.6,84.8,18.6,43.5,3,Planner,Planner (89) / Sprinter (85) / EV Hunter (81),Medium
Slash Brothers-1,10,BUF,PIT,CLE,LAR,ARI,MIA,LAC,KC,NE,GB,MIN,ELIMINATED,ELIMINATED,ELIMINATED,ELIMINATED,ELIMINATED,ELIMINATED,ELIMINATED,89.4,8.5,75.9,82.0,20.7,68.9,3,Planner,Planner (89) / Sprinter (82) / EV Hunter (76),Medium
Slater-1,10,BUF,PIT,IND,LAR,ARI,MIA,LAC,TB,KC,GB,MIN,ELIMINATED,ELIMINATED,ELIMINATED,ELIMINATED,ELIMINATED,ELIMINATED,ELIMINATED,90.7,15.4,74.0,78.7,17.9,46.3,3,Planner,Planner (91) / Sprinter (79),Medium
SPS-1,10,BUF,TB,CLE,LAR,NO,IND,LAC,KC,PIT,GB,MIN,ELIMINATED,ELIMINATED,ELIMINATED,ELIMINATED,ELIMINATED,ELIMINATED,ELIMINATED,89.9,6.4,80.7,86.9,21.3,16.0,3,Planner,Planner (90) / Sprinter (87) / EV Hunter (81),Medium
Super Poodle-2,10,TEN,GB,CLE,LAR,BAL,MIA,BUF,KC,PIT,NO,MIN,ELIMINATED,ELIMINATED,ELIMINATED,ELIMINATED,ELIMINATED,ELIMINATED,ELIMINATED,93.7,21.1,77.6,78.7,19.3,72.5,3,Planner,Planner (94) / Sprinter (79),Medium
THAWK-2,10,BUF,ARI,CLE,TB,NO,IND,LAC,KC,PIT,GB,MIN,ELIMINATED,ELIMINATED,ELIMINATED,ELIMINATED,ELIMINATED,ELIMINATED,ELIMINATED,84.4,7.5,78.7,85.4,28.0,19.0,3,Sprinter,Sprinter (85) / Planner (84) / EV Hunter (79),Medium
THE INTANGIBLES-2,10,BUF,SEA,IND,LAR,HOU,MIA,NO,KC,NE,GB,MIN,ELIMINATED,ELIMINATED,ELIMINATED,ELIMINATED,ELIMINATED,ELIMINATED,ELIMINATED,87.3,23.1,70.4,75.1,17.4,50.0,3,Planner,Planner (87) / Sprinter (75),Medium
THE INTANGIBLES-3,10,BUF,SF,IND,BAL,HOU,MIA,LAC,TB,KC,NO,NE,ELIMINATED,ELIMINATED,ELIMINATED,ELIMINATED,ELIMINATED,ELIMINATED,ELIMINATED,81.2,20.2,77.9,78.9,29.7,74.7,3,Planner,Planner (81) / Sprinter (79) / EV Hunter (78) / Tourist (75),Medium
Thunder-3,10,BUF,CLE,IND,TB,NO,DET,LAC,PHI,PIT,GB,MIN,ELIMINATED,ELIMINATED,ELIMINATED,ELIMINATED,ELIMINATED,ELIMINATED,ELIMINATED,91.0,19.0,72.0,77.3,23.9,50.1,3,Planner,Planner (91) / Sprinter (77),Medium
Tom Lippard-1,10,BUF,PIT,IND,LAR,DAL,MIA,LAC,PHI,NE,NO,MIN,ELIMINATED,ELIMINATED,ELIMINATED,ELIMINATED,ELIMINATED,ELIMINATED,ELIMINATED,90.7,15.4,74.0,78.7,17.9,46.3,3,Planner,Planner (91) / Sprinter (79),Medium
TOMPAPAGEORGIO-1,10,BUF,CLE,IND,BAL,LAR,MIA,LAC,PHI,PIT,GB,MIN,ELIMINATED,ELIMINATED,ELIMINATED,ELIMINATED,ELIMINATED,ELIMINATED,ELIMINATED,91.0,19.0,72.0,77.3,23.9,50.1,3,Planner,Planner (91) / Sprinter (77),Medium
TOMPAPAGEORGIO-2,10,BUF,GB,IND,BAL,PIT,MIA,LAC,PHI,NE,NO,MIN,ELIMINATED,ELIMINATED,ELIMINATED,ELIMINATED,ELIMINATED,ELIMINATED,ELIMINATED,91.0,17.8,74.3,79.0,17.8,46.7,3,Planner,Planner (91) / Sprinter (79),Medium
Vegas Mikey G-2,10,BUF,GB,IND,LAR,HOU,MIA,LAC,PHI,PIT,LV,MIN,ELIMINATED,ELIMINATED,ELIMINATED,ELIMINATED,ELIMINATED,ELIMINATED,ELIMINATED,91.0,17.8,74.3,79.0,17.8,46.7,3,Planner,Planner (91) / Sprinter (79),Medium
VOLARE CIECO-1,10,BAL,GB,IND,LAR,DAL,MIA,BUF,KC,NE,NO,MIN,ELIMINATED,ELIMINATED,ELIMINATED,ELIMINATED,ELIMINATED,ELIMINATED,ELIMINATED,92.0,19.8,82.0,82.2,7.0,16.3,3,Planner,Planner (92) / Sprinter (82) / EV Hunter (82),Medium
WARDOG-4,10,BUF,TEN,NE,BAL,NO,MIA,LAC,KC,PIT,GB,MIN,ELIMINATED,ELIMINATED,ELIMINATED,ELIMINATED,ELIMINATED,ELIMINATED,ELIMINATED,75.4,4.0,82.7,87.7,34.7,42.9,3,Sprinter,Sprinter (88) / EV Hunter (83) / Planner (75),Medium
WESTBROOK FOR 3-1,10,NE,TB,IND,LAR,BAL,MIA,BUF,PHI,KC,GB,MIN,ELIMINATED,ELIMINATED,ELIMINATED,ELIMINATED,ELIMINATED,ELIMINATED,ELIMINATED,80.4,14.7,87.7,87.3,25.8,41.8,3,EV Hunter,EV Hunter (88) / Sprinter (87) / Planner (80),Medium
WESTBROOK FOR 3-2,10,PIT,KC,NE,TB,NO,BAL,LAR,PHI,TEN,GB,MIA,ELIMINATED,ELIMINATED,ELIMINATED,ELIMINATED,ELIMINATED,ELIMINATED,ELIMINATED,79.3,12.6,95.1,92.3,22.9,62.1,3,EV Hunter,EV Hunter (95) / Sprinter (92),Medium
WHERE'S LUNCH-3,10,BUF,TB,IND,LAR,NO,MIA,LAC,KC,NE,GB,MIN,ELIMINATED,ELIMINATED,ELIMINATED,ELIMINATED,ELIMINATED,ELIMINATED,ELIMINATED,90.8,13.6,78.5,83.2,18.4,43.6,3,Planner,Planner (91) / Sprinter (83) / EV Hunter (78),Medium
Wincowski 04-1,10,BUF,PIT,IND,LAR,ARI,MIA,LAC,KC,GB,NO,NE,ELIMINATED,ELIMINATED,ELIMINATED,ELIMINATED,ELIMINATED,ELIMINATED,ELIMINATED,90.7,15.4,74.0,78.7,17.9,46.3,3,Planner,Planner (91) / Sprinter (79),Medium
XIch-2,10,BAL,ARI,IND,LAR,PIT,MIA,LAC,PHI,HOU,GB,MIN,ELIMINATED,ELIMINATED,ELIMINATED,ELIMINATED,ELIMINATED,ELIMINATED,ELIMINATED,87.2,17.3,84.2,84.7,15.1,66.6,3,Planner,Planner (87) / Sprinter (85) / EV Hunter (84),Medium
XXYYZZ-3,10,NE,TB,CLE,LAR,BAL,IND,BUF,PHI,PIT,NO,MIN,ELIMINATED,ELIMINATED,ELIMINATED,ELIMINATED,ELIMINATED,ELIMINATED,ELIMINATED,78.7,7.1,89.9,91.0,29.2,14.2,3,Sprinter,Sprinter (91) / EV Hunter (90) / Planner (79),Medium
Zenyatta-3,10,BUF,PIT,NE,LAR,BAL,MIA,LAC,TB,KC,GB,MIN,ELIMINATED,ELIMINATED,ELIMINATED,ELIMINATED,ELIMINATED,ELIMINATED,ELIMINATED,78.1,6.0,82.2,86.1,28.6,67.2,3,Sprinter,Sprinter (86) / EV Hunter (82) / Planner (78),Medium
Zevets.-1,10,BUF,TEN,IND,LAR,ARI,MIA,LAC,KC,PIT,GB,MIN,ELIMINATED,ELIMINATED,ELIMINATED,ELIMINATED,ELIMINATED,ELIMINATED,ELIMINATED,88.5,14.2,74.2,79.6,24.6,47.8,3,Planner,Planner (88) / Sprinter (80) / EV Hunter (74),Medium
BonkAgainstTheSpread-3,9,BAL,GB,NE,LAR,SEA,MIA,BUF,KC,PIT,PHI,ELIMINATED,ELIMINATED,ELIMINATED,ELIMINATED,ELIMINATED,ELIMINATED,ELIMINATED,ELIMINATED,80.6,10.0,90.9,90.7,18.8,36.9,3,EV Hunter,EV Hunter (91) / Sprinter (91) / Planner (81),Medium
C.A.G.E-1,9,KC,ARI,IND,LAR,NO,MIA,LAC,PHI,NE,BAL,ELIMINATED,ELIMINATED,ELIMINATED,ELIMINATED,ELIMINATED,ELIMINATED,ELIMINATED,ELIMINATED,86.4,18.4,87.3,88.4,18.9,41.1,3,Sprinter,Sprinter (88) / EV Hunter (87) / Planner (86),Medium
DIGGS ALLEN '22-2,9,NE,TB,IND,LAR,ARI,TEN,LAC,KC,HOU,PHI,ELIMINATED,ELIMINATED,ELIMINATED,ELIMINATED,ELIMINATED,ELIMINATED,ELIMINATED,ELIMINATED,80.4,14.7,87.7,87.3,25.8,41.8,3,EV Hunter,EV Hunter (88) / Sprinter (87) / Planner (80),Medium
dylan-4,9,BUF,ARI,NE,LAR,BAL,IND,NO,TB,PIT,PHI,ELIMINATED,ELIMINATED,ELIMINATED,ELIMINATED,ELIMINATED,ELIMINATED,ELIMINATED,ELIMINATED,73.3,4.5,85.4,89.9,35.4,41.8,3,Sprinter,Sprinter (90) / EV Hunter (85),Medium
LoveMyBaxter-3,9,BUF,CLE,IND,LAR,PIT,MIA,NO,KC,GB,PHI,ELIMINATED,ELIMINATED,ELIMINATED,ELIMINATED,ELIMINATED,ELIMINATED,ELIMINATED,ELIMINATED,91.0,19.0,72.0,77.3,23.9,50.1,3,Planner,Planner (91) / Sprinter (77),Medium
SGPN-1,9,BUF,GB,IND,LAR,SEA,MIA,NO,KC,PIT,BAL,ELIMINATED,ELIMINATED,ELIMINATED,ELIMINATED,ELIMINATED,ELIMINATED,ELIMINATED,ELIMINATED,91.0,17.8,74.3,79.0,17.8,46.7,3,Planner,Planner (91) / Sprinter (79),Medium
SIX DUMB GUYS-1,9,NE,GB,IND,LAR,NO,MIA,BUF,PHI,KC,BAL,ELIMINATED,ELIMINATED,ELIMINATED,ELIMINATED,ELIMINATED,ELIMINATED,ELIMINATED,ELIMINATED,81.2,18.8,83.6,83.7,25.3,44.8,3,Sprinter,Sprinter (84) / EV Hunter (84) / Planner (81),Medium
SOFAKINGZ-1,9,BUF,ARI,IND,LAR,NO,MIA,LAC,TB,KC,PHI,ELIMINATED,ELIMINATED,ELIMINATED,ELIMINATED,ELIMINATED,ELIMINATED,ELIMINATED,ELIMINATED,86.3,14.7,76.5,82.1,25.5,46.7,3,Planner,Planner (86) / Sprinter (82) / EV Hunter (76),Medium
Sting-3,9,BUF,TEN,CLE,BAL,NO,MIA,LAC,TB,NE,PHI,ELIMINATED,ELIMINATED,ELIMINATED,ELIMINATED,ELIMINATED,ELIMINATED,ELIMINATED,ELIMINATED,86.6,6.9,76.0,83.3,27.2,20.1,3,Planner,Planner (87) / Sprinter (83) / EV Hunter (76),Medium
Atw72-1,8,NE,TB,CLE,BAL,NO,IND,BUF,KC,ARI,ELIMINATED,ELIMINATED,ELIMINATED,ELIMINATED,ELIMINATED,ELIMINATED,ELIMINATED,ELIMINATED,ELIMINATED,78.7,7.1,89.9,91.0,29.2,14.2,3,Sprinter,Sprinter (91) / EV Hunter (90) / Planner (79),Medium
BIG DEAL-5,8,BUF,PIT,NE,LAR,BAL,MIA,KC,TB,ARI,ELIMINATED,ELIMINATED,ELIMINATED,ELIMINATED,ELIMINATED,ELIMINATED,ELIMINATED,ELIMINATED,ELIMINATED,78.1,6.0,82.2,86.1,28.6,67.2,3,Sprinter,Sprinter (86) / EV Hunter (82) / Planner (78),Medium
CHUMS BUMS REDUX-2,8,BUF,GB,SF,LAR,PIT,MIA,LAC,TB,SEA,ELIMINATED,ELIMINATED,ELIMINATED,ELIMINATED,ELIMINATED,ELIMINATED,ELIMINATED,ELIMINATED,ELIMINATED,80.5,12.0,82.5,84.6,27.3,69.0,3,Sprinter,Sprinter (85) / EV Hunter (82) / Planner (80),Medium
CLASS OF 80-1,8,BUF,GB,IND,LAR,BAL,MIA,LAC,KC,ARI,ELIMINATED,ELIMINATED,ELIMINATED,ELIMINATED,ELIMINATED,ELIMINATED,ELIMINATED,ELIMINATED,ELIMINATED,91.0,17.8,74.3,79.0,17.8,46.7,3,Planner,Planner (91) / Sprinter (79),Medium
Covid Cappers-1,8,BUF,PIT,IND,LAR,BAL,MIA,LAC,KC,ARI,ELIMINATED,ELIMINATED,ELIMINATED,ELIMINATED,ELIMINATED,ELIMINATED,ELIMINATED,ELIMINATED,ELIMINATED,90.7,15.4,74.0,78.7,17.9,46.3,3,Planner,Planner (91) / Sprinter (79),Medium
Double Trouble-1,8,BUF,TB,IND,LAR,PIT,BAL,LAC,KC,ARI,ELIMINATED,ELIMINATED,ELIMINATED,ELIMINATED,ELIMINATED,ELIMINATED,ELIMINATED,ELIMINATED,ELIMINATED,90.8,13.6,78.5,83.2,18.4,43.6,3,Planner,Planner (91) / Sprinter (83) / EV Hunter (78),Medium
Falcon 1-1,8,BUF,TB,IND,LAR,HOU,MIA,LAC,PHI,ARI,ELIMINATED,ELIMINATED,ELIMINATED,ELIMINATED,ELIMINATED,ELIMINATED,ELIMINATED,ELIMINATED,ELIMINATED,90.8,13.6,78.5,83.2,18.4,43.6,3,Planner,Planner (91) / Sprinter (83) / EV Hunter (78),Medium
JimmyJam4508-1,8,LV,TB,IND,LAR,ARI,MIA,LAC,PHI,SEA,ELIMINATED,ELIMINATED,ELIMINATED,ELIMINATED,ELIMINATED,ELIMINATED,ELIMINATED,ELIMINATED,ELIMINATED,88.7,21.3,77.1,77.2,20.8,48.7,3,Planner,Planner (89) / Sprinter (77) / EV Hunter (77),Medium
LEO-1,8,NO,LAR,KC,SEA,DAL,MIA,BUF,ATL,ARI,ELIMINATED,ELIMINATED,ELIMINATED,ELIMINATED,ELIMINATED,ELIMINATED,ELIMINATED,ELIMINATED,ELIMINATED,85.0,39.5,77.1,76.5,10.6,45.5,3,Planner,Planner (85) / EV Hunter (77) / Sprinter (76),Medium
MANOKING-1,8,BUF,TEN,IND,LAR,BAL,MIA,LAC,KC,ARI,ELIMINATED,ELIMINATED,ELIMINATED,ELIMINATED,ELIMINATED,ELIMINATED,ELIMINATED,ELIMINATED,ELIMINATED,88.5,14.2,74.2,79.6,24.6,47.8,3,Planner,Planner (88) / Sprinter (80) / EV Hunter (74),Medium
MEDIUM RARE-2,8,BAL,KC,IND,LAR,NO,MIA,BUF,TB,ARI,ELIMINATED,ELIMINATED,ELIMINATED,ELIMINATED,ELIMINATED,ELIMINATED,ELIMINATED,ELIMINATED,ELIMINATED,91.1,18.9,87.2,86.9,4.5,63.6,3,Planner,Planner (91) / EV Hunter (87) / Sprinter (87),Medium
MIKECHAZ-1,8,NE,TEN,CLE,LAR,BAL,IND,LAC,KC,ARI,ELIMINATED,ELIMINATED,ELIMINATED,ELIMINATED,ELIMINATED,ELIMINATED,ELIMINATED,ELIMINATED,ELIMINATED,74.6,8.1,85.3,88.0,35.8,18.5,3,Sprinter,Sprinter (88) / EV Hunter (85) / Planner (75),Medium
mousey-1,8,BUF,TEN,TB,BAL,LAR,PIT,LAC,KC,ARI,ELIMINATED,ELIMINATED,ELIMINATED,ELIMINATED,ELIMINATED,ELIMINATED,ELIMINATED,ELIMINATED,ELIMINATED,87.3,2.9,82.3,88.5,22.9,14.6,3,Sprinter,Sprinter (88) / Planner (87) / EV Hunter (82),Medium
PARMANN-1,8,NE,TEN,CLE,LAR,NO,IND,BUF,PHI,ELIMINATED,ELIMINATED,ELIMINATED,ELIMINATED,ELIMINATED,ELIMINATED,ELIMINATED,ELIMINATED,ELIMINATED,ELIMINATED,74.6,8.1,85.3,88.0,35.8,18.5,3,Sprinter,Sprinter (88) / EV Hunter (85) / Planner (75),Medium
PISO MOJADO-4,8,NE,TEN,IND,TB,HOU,PIT,BUF,KC,ARI,ELIMINATED,ELIMINATED,ELIMINATED,ELIMINATED,ELIMINATED,ELIMINATED,ELIMINATED,ELIMINATED,ELIMINATED,77.2,15.7,83.4,84.3,32.7,46.1,3,Sprinter,Sprinter (84) / EV Hunter (83) / Planner (77),Medium
PRESENCE-3,8,BUF,GB,CLE,LAR,NO,KC,TB,PHI,ARI,ELIMINATED,ELIMINATED,ELIMINATED,ELIMINATED,ELIMINATED,ELIMINATED,ELIMINATED,ELIMINATED,ELIMINATED,90.7,10.2,76.6,82.7,20.8,69.0,3,Planner,Planner (91) / Sprinter (83) / EV Hunter (77),Medium
Putting on the foil-2,8,BUF,PIT,IND,LAR,BAL,MIA,LAC,KC,TB,ELIMINATED,ELIMINATED,ELIMINATED,ELIMINATED,ELIMINATED,ELIMINATED,ELIMINATED,ELIMINATED,ELIMINATED,90.7,15.4,74.0,78.7,17.9,46.3,3,Planner,Planner (91) / Sprinter (79),Medium
Shamy-1,8,PIT,KC,NE,BAL,NO,MIA,BUF,PHI,ARI,ELIMINATED,ELIMINATED,ELIMINATED,ELIMINATED,ELIMINATED,ELIMINATED,ELIMINATED,ELIMINATED,ELIMINATED,79.3,12.6,95.1,92.3,22.9,62.1,3,EV Hunter,EV Hunter (95) / Sprinter (92),Medium
SMOOTH TASTE FOOL YA-5,8,BUF,CLE,NE,TB,HOU,MIA,NO,PHI,ARI,ELIMINATED,ELIMINATED,ELIMINATED,ELIMINATED,ELIMINATED,ELIMINATED,ELIMINATED,ELIMINATED,ELIMINATED,77.6,8.8,80.5,85.4,34.0,45.2,3,Sprinter,Sprinter (85) / EV Hunter (80) / Planner (78),Medium
TAPPEDOUTATWALLYS-1,8,KC,PIT,NE,LAR,BAL,IND,BUF,TB,ARI,ELIMINATED,ELIMINATED,ELIMINATED,ELIMINATED,ELIMINATED,ELIMINATED,ELIMINATED,ELIMINATED,ELIMINATED,79.1,10.0,93.3,92.6,23.0,61.8,3,EV Hunter,EV Hunter (93) / Sprinter (93) / Planner (79),Medium
USA2020-1,8,BUF,PIT,NE,LAR,BAL,MIA,LAC,KC,ARI,ELIMINATED,ELIMINATED,ELIMINATED,ELIMINATED,ELIMINATED,ELIMINATED,ELIMINATED,ELIMINATED,ELIMINATED,78.1,6.0,82.2,86.1,28.6,67.2,3,Sprinter,Sprinter (86) / EV Hunter (82) / Planner (78),Medium
4KW1617-1,7,BAL,SF,IND,LAR,ARI,MIA,BUF,TEN,ELIMINATED,ELIMINATED,ELIMINATED,ELIMINATED,ELIMINATED,ELIMINATED,ELIMINATED,ELIMINATED,ELIMINATED,ELIMINATED,81.6,22.3,85.1,82.0,20.3,69.7,3,EV Hunter,EV Hunter (85) / Sprinter (82) / Planner (82),Medium
ACHILLES12-2,7,BUF,TB,CLE,LAR,DAL,IND,NO,TEN,ELIMINATED,ELIMINATED,ELIMINATED,ELIMINATED,ELIMINATED,ELIMINATED,ELIMINATED,ELIMINATED,ELIMINATED,ELIMINATED,89.9,6.4,80.7,86.9,21.3,16.0,3,Planner,Planner (90) / Sprinter (87) / EV Hunter (81),Medium
Aspxtreme-1,7,PIT,TB,IND,LAR,ARI,MIA,LAC,GB,ELIMINATED,ELIMINATED,ELIMINATED,ELIMINATED,ELIMINATED,ELIMINATED,ELIMINATED,ELIMINATED,ELIMINATED,ELIMINATED,93.4,18.5,84.4,82.5,10.9,66.3,3,Planner,Planner (93) / EV Hunter (84) / Sprinter (82),Medium
ASTROFAN63-1,7,BUF,TEN,IND,LAR,BAL,MIA,NO,GB,ELIMINATED,ELIMINATED,ELIMINATED,ELIMINATED,ELIMINATED,ELIMINATED,ELIMINATED,ELIMINATED,ELIMINATED,ELIMINATED,88.5,14.2,74.2,79.6,24.6,47.8,3,Planner,Planner (88) / Sprinter (80) / EV Hunter (74),Medium
CONCHLIFE-1,7,BUF,TB,IND,LAR,BAL,MIA,LAC,TEN,ELIMINATED,ELIMINATED,ELIMINATED,ELIMINATED,ELIMINATED,ELIMINATED,ELIMINATED,ELIMINATED,ELIMINATED,ELIMINATED,90.8,13.6,78.5,83.2,18.4,43.6,3,Planner,Planner (91) / Sprinter (83) / EV Hunter (78),Medium
FarmVille Boys-1,7,PIT,SF,CLE,LAR,ARI,BAL,BUF,TEN,ELIMINATED,ELIMINATED,ELIMINATED,ELIMINATED,ELIMINATED,ELIMINATED,ELIMINATED,ELIMINATED,ELIMINATED,ELIMINATED,81.3,18.4,85.7,81.5,26.0,70.3,3,EV Hunter,EV Hunter (86) / Sprinter (82) / Planner (81),Medium
FTGB-1,7,BUF,ARI,CLE,BAL,LAR,IND,KC,ELIMINATED,ELIMINATED,ELIMINATED,ELIMINATED,ELIMINATED,ELIMINATED,ELIMINATED,ELIMINATED,ELIMINATED,ELIMINATED,ELIMINATED,84.4,7.5,78.7,85.4,28.0,19.0,3,Sprinter,Sprinter (85) / Planner (84) / EV Hunter (79),Medium
FTGB-2,7,NE,TB,IND,LAR,HOU,MIA,BUF,ELIMINATED,ELIMINATED,ELIMINATED,ELIMINATED,ELIMINATED,ELIMINATED,ELIMINATED,ELIMINATED,ELIMINATED,ELIMINATED,ELIMINATED,80.4,14.7,87.7,87.3,25.8,41.8,3,EV Hunter,EV Hunter (88) / Sprinter (87) / Planner (80),Medium
FTGB-4,7,BUF,TEN,CLE,LAR,ARI,MIA,KC,ELIMINATED,ELIMINATED,ELIMINATED,ELIMINATED,ELIMINATED,ELIMINATED,ELIMINATED,ELIMINATED,ELIMINATED,ELIMINATED,ELIMINATED,86.6,6.9,76.0,83.3,27.2,20.1,3,Planner,Planner (87) / Sprinter (83) / EV Hunter (76),Medium
HANS GRUBER-1,7,KC,TB,CLE,LAR,BAL,IND,PHI,TEN,ELIMINATED,ELIMINATED,ELIMINATED,ELIMINATED,ELIMINATED,ELIMINATED,ELIMINATED,ELIMINATED,ELIMINATED,ELIMINATED,91.2,9.1,91.5,93.2,14.9,10.3,3,Sprinter,Sprinter (93) / EV Hunter (92) / Planner (91),Medium
Haven Road-1,7,BUF,TB,CLE,LAR,HOU,MIA,KC,TEN,ELIMINATED,ELIMINATED,ELIMINATED,ELIMINATED,ELIMINATED,ELIMINATED,ELIMINATED,ELIMINATED,ELIMINATED,ELIMINATED,89.9,6.4,80.7,86.9,21.3,16.0,3,Planner,Planner (90) / Sprinter (87) / EV Hunter (81),Medium
Heavy Weight Heads-2,7,BUF,TEN,IND,LAR,BAL,MIA,LAC,GB,ELIMINATED,ELIMINATED,ELIMINATED,ELIMINATED,ELIMINATED,ELIMINATED,ELIMINATED,ELIMINATED,ELIMINATED,ELIMINATED,88.5,14.2,74.2,79.6,24.6,47.8,3,Planner,Planner (88) / Sprinter (80) / EV Hunter (74),Medium
hoffytime.-3,7,KC,TB,CLE,LAR,NO,IND,PHI,TEN,ELIMINATED,ELIMINATED,ELIMINATED,ELIMINATED,ELIMINATED,ELIMINATED,ELIMINATED,ELIMINATED,ELIMINATED,ELIMINATED,91.2,9.1,91.5,93.2,14.9,10.3,3,Sprinter,Sprinter (93) / EV Hunter (92) / Planner (91),Medium
JRSCIBBS420-1,7,PIT,GB,TB,LAR,NO,MIA,BUF,TEN,ELIMINATED,ELIMINATED,ELIMINATED,ELIMINATED,ELIMINATED,ELIMINATED,ELIMINATED,ELIMINATED,ELIMINATED,ELIMINATED,94.4,11.3,88.6,86.9,9.1,36.6,3,Planner,Planner (94) / EV Hunter (89) / Sprinter (87),Medium
LEMONADE GORILLAS-1,7,NE,KC,IND,LAR,BAL,MIA,LAC,GB,ELIMINATED,ELIMINATED,ELIMINATED,ELIMINATED,ELIMINATED,ELIMINATED,ELIMINATED,ELIMINATED,ELIMINATED,ELIMINATED,78.9,17.9,89.3,89.0,26.0,41.8,3,EV Hunter,EV Hunter (89) / Sprinter (89) / Planner (79),Medium
Mamba Forever-2,7,BUF,ARI,IND,TB,NO,BAL,LAR,TEN,ELIMINATED,ELIMINATED,ELIMINATED,ELIMINATED,ELIMINATED,ELIMINATED,ELIMINATED,ELIMINATED,ELIMINATED,ELIMINATED,86.3,14.7,76.5,82.1,25.5,46.7,3,Planner,Planner (86) / Sprinter (82) / EV Hunter (76),Medium
Midland Mad Man-1,7,BUF,KC,IND,LAR,ARI,MIA,PHI,GB,ELIMINATED,ELIMINATED,ELIMINATED,ELIMINATED,ELIMINATED,ELIMINATED,ELIMINATED,ELIMINATED,ELIMINATED,ELIMINATED,89.1,16.8,80.6,84.8,18.6,43.5,3,Planner,Planner (89) / Sprinter (85) / EV Hunter (81),Medium
PRESENCE-1,7,NO,KC,CLE,TB,ARI,PIT,BUF,TEN,ELIMINATED,ELIMINATED,ELIMINATED,ELIMINATED,ELIMINATED,ELIMINATED,ELIMINATED,ELIMINATED,ELIMINATED,ELIMINATED,90.5,18.5,84.9,84.6,13.8,41.4,3,Planner,Planner (90) / EV Hunter (85) / Sprinter (85),Medium
St. Jude 100K-1,7,KC,BUF,TB,LAR,SEA,IND,GB,TEN,ELIMINATED,ELIMINATED,ELIMINATED,ELIMINATED,ELIMINATED,ELIMINATED,ELIMINATED,ELIMINATED,ELIMINATED,ELIMINATED,88.7,6.0,87.6,93.9,16.1,10.6,3,Sprinter,Sprinter (94) / Planner (89) / EV Hunter (88),Medium
BEANS-1,6,KC,TB,IND,LAR,ARI,MIA,ELIMINATED,ELIMINATED,ELIMINATED,ELIMINATED,ELIMINATED,ELIMINATED,ELIMINATED,ELIMINATED,ELIMINATED,ELIMINATED,ELIMINATED,ELIMINATED,90.8,16.7,89.3,89.5,11.6,37.9,3,Planner,Planner (91) / Sprinter (90) / EV Hunter (89),Medium
PLYTKR.-2,6,BUF,TB,IND,LAR,PIT,MIA,NE,ELIMINATED,ELIMINATED,ELIMINATED,ELIMINATED,ELIMINATED,ELIMINATED,ELIMINATED,ELIMINATED,ELIMINATED,ELIMINATED,ELIMINATED,90.8,13.6,78.5,83.2,18.4,43.6,3,Planner,Planner (91) / Sprinter (83) / EV Hunter (78),Medium
Potvin Sox-1,6,NE,KC,IND,LAR,SEA,MIA,ELIMINATED,ELIMINATED,ELIMINATED,ELIMINATED,ELIMINATED,ELIMINATED,ELIMINATED,ELIMINATED,ELIMINATED,ELIMINATED,ELIMINATED,ELIMINATED,78.9,17.9,89.3,89.0,26.0,41.8,3,EV Hunter,EV Hunter (89) / Sprinter (89) / Planner (79),Medium
1DAYRAY-2,5,BAL,KC,IND,LAR,DAL,NE,ELIMINATED,ELIMINATED,ELIMINATED,ELIMINATED,ELIMINATED,ELIMINATED,ELIMINATED,ELIMINATED,ELIMINATED,ELIMINATED,ELIMINATED,ELIMINATED,91.1,18.9,87.2,86.9,4.5,63.6,3,Planner,Planner (91) / EV Hunter (87) / Sprinter (87),Medium
617 to 702-5,5,BUF,PIT,SEA,GB,BAL,NE,ELIMINATED,ELIMINATED,ELIMINATED,ELIMINATED,ELIMINATED,ELIMINATED,ELIMINATED,ELIMINATED,ELIMINATED,ELIMINATED,ELIMINATED,ELIMINATED,87.9,13.0,74.7,79.5,15.3,44.4,3,Planner,Planner (88) / Sprinter (80) / EV Hunter (75),Medium
ALWAYS WATCHING-1,5,BUF,ARI,IND,LAR,NO,NE,ELIMINATED,ELIMINATED,ELIMINATED,ELIMINATED,ELIMINATED,ELIMINATED,ELIMINATED,ELIMINATED,ELIMINATED,ELIMINATED,ELIMINATED,ELIMINATED,86.3,14.7,76.5,82.1,25.5,46.7,3,Planner,Planner (86) / Sprinter (82) / EV Hunter (76),Medium
BACKYARD MB-1,5,BUF,TEN,IND,LAR,ARI,ELIMINATED,ELIMINATED,ELIMINATED,ELIMINATED,ELIMINATED,ELIMINATED,ELIMINATED,ELIMINATED,ELIMINATED,ELIMINATED,ELIMINATED,ELIMINATED,ELIMINATED,88.5,14.2,74.2,79.6,24.6,47.8,3,Planner,Planner (88) / Sprinter (80) / EV Hunter (74),Medium
BBOSSE22-2,5,BUF,KC,CLE,LAR,NO,NE,ELIMINATED,ELIMINATED,ELIMINATED,ELIMINATED,ELIMINATED,ELIMINATED,ELIMINATED,ELIMINATED,ELIMINATED,ELIMINATED,ELIMINATED,ELIMINATED,88.2,9.2,82.8,88.5,21.5,15.8,3,Sprinter,Sprinter (88) / Planner (88) / EV Hunter (83),Medium
Beast betting house-3,5,PIT,TB,CLE,BAL,HOU,NE,ELIMINATED,ELIMINATED,ELIMINATED,ELIMINATED,ELIMINATED,ELIMINATED,ELIMINATED,ELIMINATED,ELIMINATED,ELIMINATED,ELIMINATED,ELIMINATED,93.4,11.6,86.3,85.8,14.1,39.1,3,Planner,Planner (93) / EV Hunter (86) / Sprinter (86),Medium
BIG DEAL-3,5,BUF,TB,IND,BAL,HOU,NE,ELIMINATED,ELIMINATED,ELIMINATED,ELIMINATED,ELIMINATED,ELIMINATED,ELIMINATED,ELIMINATED,ELIMINATED,ELIMINATED,ELIMINATED,ELIMINATED,90.8,13.6,78.5,83.2,18.4,43.6,3,Planner,Planner (91) / Sprinter (83) / EV Hunter (78),Medium
BIG LIB-1,5,BAL,TB,IND,LAR,NO,NE,ELIMINATED,ELIMINATED,ELIMINATED,ELIMINATED,ELIMINATED,ELIMINATED,ELIMINATED,ELIMINATED,ELIMINATED,ELIMINATED,ELIMINATED,ELIMINATED,92.3,15.7,85.6,85.8,7.4,63.4,3,Planner,Planner (92) / Sprinter (86) / EV Hunter (86),Medium
BIGDNICK-3,5,NE,TEN,IND,BAL,NO,MIN,ELIMINATED,ELIMINATED,ELIMINATED,ELIMINATED,ELIMINATED,ELIMINATED,ELIMINATED,ELIMINATED,ELIMINATED,ELIMINATED,ELIMINATED,ELIMINATED,77.2,15.7,83.4,84.3,32.7,46.1,3,Sprinter,Sprinter (84) / EV Hunter (83) / Planner (77),Medium
BonkAgainstTheSpread-4,5,BUF,PIT,SF,BAL,LAR,NE,ELIMINATED,ELIMINATED,ELIMINATED,ELIMINATED,ELIMINATED,ELIMINATED,ELIMINATED,ELIMINATED,ELIMINATED,ELIMINATED,ELIMINATED,ELIMINATED,79.6,10.0,81.4,83.2,27.0,69.1,3,Sprinter,Sprinter (83) / EV Hunter (81) / Planner (80) / Tourist (69),Medium
BRONCBOYS-1,5,BUF,TEN,IND,LAR,PIT,NE,ELIMINATED,ELIMINATED,ELIMINATED,ELIMINATED,ELIMINATED,ELIMINATED,ELIMINATED,ELIMINATED,ELIMINATED,ELIMINATED,ELIMINATED,ELIMINATED,88.5,14.2,74.2,79.6,24.6,47.8,3,Planner,Planner (88) / Sprinter (80) / EV Hunter (74),Medium
Chaddie & Maddie-5,5,BUF,PIT,TB,BAL,LAR,NE,ELIMINATED,ELIMINATED,ELIMINATED,ELIMINATED,ELIMINATED,ELIMINATED,ELIMINATED,ELIMINATED,ELIMINATED,ELIMINATED,ELIMINATED,ELIMINATED,90.5,4.5,81.8,86.9,16.2,63.7,3,Planner,Planner (90) / Sprinter (87) / EV Hunter (82),Medium
COOLCATSANDKITTENS-1,5,KC,TB,IND,GB,ARI,NE,ELIMINATED,ELIMINATED,ELIMINATED,ELIMINATED,ELIMINATED,ELIMINATED,ELIMINATED,ELIMINATED,ELIMINATED,ELIMINATED,ELIMINATED,ELIMINATED,90.8,16.7,89.3,89.5,11.6,37.9,3,Planner,Planner (91) / Sprinter (90) / EV Hunter (89),Medium
docsvegaspicks-1,5,KC,TB,IND,LAR,HOU,NE,ELIMINATED,ELIMINATED,ELIMINATED,ELIMINATED,ELIMINATED,ELIMINATED,ELIMINATED,ELIMINATED,ELIMINATED,ELIMINATED,ELIMINATED,ELIMINATED,90.8,16.7,89.3,89.5,11.6,37.9,3,Planner,Planner (91) / Sprinter (90) / EV Hunter (89),Medium
DRYDIN-4,5,KC,TEN,IND,BAL,NO,NE,ELIMINATED,ELIMINATED,ELIMINATED,ELIMINATED,ELIMINATED,ELIMINATED,ELIMINATED,ELIMINATED,ELIMINATED,ELIMINATED,ELIMINATED,ELIMINATED,88.5,17.8,85.0,85.9,18.2,42.2,3,Planner,Planner (88) / Sprinter (86) / EV Hunter (85),Medium
ESSENTIAL BETTORS-5,5,BAL,KC,IND,LAR,PIT,NE,ELIMINATED,ELIMINATED,ELIMINATED,ELIMINATED,ELIMINATED,ELIMINATED,ELIMINATED,ELIMINATED,ELIMINATED,ELIMINATED,ELIMINATED,ELIMINATED,91.1,18.9,87.2,86.9,4.5,63.6,3,Planner,Planner (91) / EV Hunter (87) / Sprinter (87),Medium
Exodus 20-2,5,BAL,GB,IND,LAR,SEA,NE,ELIMINATED,ELIMINATED,ELIMINATED,ELIMINATED,ELIMINATED,ELIMINATED,ELIMINATED,ELIMINATED,ELIMINATED,ELIMINATED,ELIMINATED,ELIMINATED,92.0,19.8,82.0,82.2,7.0,16.3,3,Planner,Planner (92) / Sprinter (82) / EV Hunter (82),Medium
Fatdaddycool-1,5,BAL,SF,IND,LAR,SEA,NE,ELIMINATED,ELIMINATED,ELIMINATED,ELIMINATED,ELIMINATED,ELIMINATED,ELIMINATED,ELIMINATED,ELIMINATED,ELIMINATED,ELIMINATED,ELIMINATED,81.6,22.3,85.1,82.0,20.3,69.7,3,EV Hunter,EV Hunter (85) / Sprinter (82) / Planner (82),Medium
Football Junkies-5,5,BAL,TB,CLE,LAR,DAL,NE,ELIMINATED,ELIMINATED,ELIMINATED,ELIMINATED,ELIMINATED,ELIMINATED,ELIMINATED,ELIMINATED,ELIMINATED,ELIMINATED,ELIMINATED,ELIMINATED,92.7,8.5,87.9,89.5,10.7,35.9,3,Planner,Planner (93) / Sprinter (90) / EV Hunter (88),Medium
Gamblenomics-2,5,KC,GB,IND,LAR,BAL,NE,ELIMINATED,ELIMINATED,ELIMINATED,ELIMINATED,ELIMINATED,ELIMINATED,ELIMINATED,ELIMINATED,ELIMINATED,ELIMINATED,ELIMINATED,ELIMINATED,92.0,20.9,85.2,85.3,11.2,41.0,3,Planner,Planner (92) / Sprinter (85) / EV Hunter (85),Medium
Goodfellas-1,5,KC,TEN,IND,LAR,NO,NE,ELIMINATED,ELIMINATED,ELIMINATED,ELIMINATED,ELIMINATED,ELIMINATED,ELIMINATED,ELIMINATED,ELIMINATED,ELIMINATED,ELIMINATED,ELIMINATED,88.5,17.8,85.0,85.9,18.2,42.2,3,Planner,Planner (88) / Sprinter (86) / EV Hunter (85),Medium
Got2wins-3,5,PIT,ARI,IND,BAL,LAR,NE,ELIMINATED,ELIMINATED,ELIMINATED,ELIMINATED,ELIMINATED,ELIMINATED,ELIMINATED,ELIMINATED,ELIMINATED,ELIMINATED,ELIMINATED,ELIMINATED,88.9,20.1,82.4,81.4,18.0,69.5,3,Planner,Planner (89) / EV Hunter (82) / Sprinter (81),Medium
HAMMERS BAR-1,5,KC,PIT,IND,LAR,BAL,NE,ELIMINATED,ELIMINATED,ELIMINATED,ELIMINATED,ELIMINATED,ELIMINATED,ELIMINATED,ELIMINATED,ELIMINATED,ELIMINATED,ELIMINATED,ELIMINATED,91.5,19.1,84.8,84.5,11.1,40.8,3,Planner,Planner (92) / EV Hunter (85) / Sprinter (84),Medium
Iceman Champion-1,5,BUF,KC,TB,LAR,NO,NE,ELIMINATED,ELIMINATED,ELIMINATED,ELIMINATED,ELIMINATED,ELIMINATED,ELIMINATED,ELIMINATED,ELIMINATED,ELIMINATED,ELIMINATED,ELIMINATED,88.7,5.5,89.5,94.1,16.9,10.2,3,Sprinter,Sprinter (94) / EV Hunter (90) / Planner (89),Medium
ICEMAN650-3,5,SEA,PIT,CLE,TB,ARI,NE,ELIMINATED,ELIMINATED,ELIMINATED,ELIMINATED,ELIMINATED,ELIMINATED,ELIMINATED,ELIMINATED,ELIMINATED,ELIMINATED,ELIMINATED,ELIMINATED,81.2,27.7,66.5,69.3,12.2,49.8,3,Planner,Planner (81) / Sprinter (69) / EV Hunter (66),Medium
IMAWHALE SPORTS-1,5,BAL,KC,IND,LAR,PIT,NE,ELIMINATED,ELIMINATED,ELIMINATED,ELIMINATED,ELIMINATED,ELIMINATED,ELIMINATED,ELIMINATED,ELIMINATED,ELIMINATED,ELIMINATED,ELIMINATED,91.1,18.9,87.2,86.9,4.5,63.6,3,Planner,Planner (91) / EV Hunter (87) / Sprinter (87),Medium
JOE D-2,5,KC,TB,IND,BAL,ARI,MIN,ELIMINATED,ELIMINATED,ELIMINATED,ELIMINATED,ELIMINATED,ELIMINATED,ELIMINATED,ELIMINATED,ELIMINATED,ELIMINATED,ELIMINATED,ELIMINATED,90.8,16.7,89.3,89.5,11.6,37.9,3,Planner,Planner (91) / Sprinter (90) / EV Hunter (89),Medium
Kamara and Friends-1,5,BUF,ARI,IND,LAR,DAL,NE,ELIMINATED,ELIMINATED,ELIMINATED,ELIMINATED,ELIMINATED,ELIMINATED,ELIMINATED,ELIMINATED,ELIMINATED,ELIMINATED,ELIMINATED,ELIMINATED,86.3,14.7,76.5,82.1,25.5,46.7,3,Planner,Planner (86) / Sprinter (82) / EV Hunter (76),Medium
KNOWSTRADAMUS-1,5,BUF,TEN,IND,TB,ARI,MIN,ELIMINATED,ELIMINATED,ELIMINATED,ELIMINATED,ELIMINATED,ELIMINATED,ELIMINATED,ELIMINATED,ELIMINATED,ELIMINATED,ELIMINATED,ELIMINATED,88.5,14.2,74.2,79.6,24.6,47.8,3,Planner,Planner (88) / Sprinter (80) / EV Hunter (74),Medium
Kravity-1,5,PIT,CHI,IND,LAR,BAL,NE,ELIMINATED,ELIMINATED,ELIMINATED,ELIMINATED,ELIMINATED,ELIMINATED,ELIMINATED,ELIMINATED,ELIMINATED,ELIMINATED,ELIMINATED,ELIMINATED,82.2,25.8,77.6,75.1,25.2,73.7,3,Planner,Planner (82) / EV Hunter (78) / Sprinter (75) / Tourist (74),Medium
Larry B 27-2,5,BUF,TB,IND,LAR,BAL,NE,ELIMINATED,ELIMINATED,ELIMINATED,ELIMINATED,ELIMINATED,ELIMINATED,ELIMINATED,ELIMINATED,ELIMINATED,ELIMINATED,ELIMINATED,ELIMINATED,90.8,13.6,78.5,83.2,18.4,43.6,3,Planner,Planner (91) / Sprinter (83) / EV Hunter (78),Medium
Larry B 27-5,5,BUF,ARI,IND,BAL,PIT,NE,ELIMINATED,ELIMINATED,ELIMINATED,ELIMINATED,ELIMINATED,ELIMINATED,ELIMINATED,ELIMINATED,ELIMINATED,ELIMINATED,ELIMINATED,ELIMINATED,86.3,14.7,76.5,82.1,25.5,46.7,3,Planner,Planner (86) / Sprinter (82) / EV Hunter (76),Medium
MINTF-3,5,KC,TEN,IND,LAR,BAL,NE,ELIMINATED,ELIMINATED,ELIMINATED,ELIMINATED,ELIMINATED,ELIMINATED,ELIMINATED,ELIMINATED,ELIMINATED,ELIMINATED,ELIMINATED,ELIMINATED,88.5,17.8,85.0,85.9,18.2,42.2,3,Planner,Planner (88) / Sprinter (86) / EV Hunter (85),Medium
MONEY OBSCENE-3,5,BUF,PIT,TB,BAL,NO,NE,ELIMINATED,ELIMINATED,ELIMINATED,ELIMINATED,ELIMINATED,ELIMINATED,ELIMINATED,ELIMINATED,ELIMINATED,ELIMINATED,ELIMINATED,ELIMINATED,90.5,4.5,81.8,86.9,16.2,63.7,3,Planner,Planner (90) / Sprinter (87) / EV Hunter (82),Medium
NOT GROUND POOR-1,5,BUF,TB,IND,GB,NO,NE,ELIMINATED,ELIMINATED,ELIMINATED,ELIMINATED,ELIMINATED,ELIMINATED,ELIMINATED,ELIMINATED,ELIMINATED,ELIMINATED,ELIMINATED,ELIMINATED,90.8,13.6,78.5,83.2,18.4,43.6,3,Planner,Planner (91) / Sprinter (83) / EV Hunter (78),Medium
PA Pride-2,5,BUF,TEN,IND,LAR,NO,NE,ELIMINATED,ELIMINATED,ELIMINATED,ELIMINATED,ELIMINATED,ELIMINATED,ELIMINATED,ELIMINATED,ELIMINATED,ELIMINATED,ELIMINATED,ELIMINATED,88.5,14.2,74.2,79.6,24.6,47.8,3,Planner,Planner (88) / Sprinter (80) / EV Hunter (74),Medium
PGAMOPTOUR5-3,5,NE,TB,IND,LAR,BAL,MIN,ELIMINATED,ELIMINATED,ELIMINATED,ELIMINATED,ELIMINATED,ELIMINATED,ELIMINATED,ELIMINATED,ELIMINATED,ELIMINATED,ELIMINATED,ELIMINATED,80.4,14.7,87.7,87.3,25.8,41.8,3,EV Hunter,EV Hunter (88) / Sprinter (87) / Planner (80),Medium
Puppy Kisses-4,5,BUF,PIT,CLE,BAL,LAR,NE,ELIMINATED,ELIMINATED,ELIMINATED,ELIMINATED,ELIMINATED,ELIMINATED,ELIMINATED,ELIMINATED,ELIMINATED,ELIMINATED,ELIMINATED,ELIMINATED,89.4,8.5,75.9,82.0,20.7,68.9,3,Planner,Planner (89) / Sprinter (82) / EV Hunter (76),Medium
Puppy Kisses-5,5,BUF,PIT,CLE,BAL,LAR,NE,ELIMINATED,ELIMINATED,ELIMINATED,ELIMINATED,ELIMINATED,ELIMINATED,ELIMINATED,ELIMINATED,ELIMINATED,ELIMINATED,ELIMINATED,ELIMINATED,89.4,8.5,75.9,82.0,20.7,68.9,3,Planner,Planner (89) / Sprinter (82) / EV Hunter (76),Medium
RICHIE RICH-1,5,BAL,KC,IND,LAR,DAL,NE,ELIMINATED,ELIMINATED,ELIMINATED,ELIMINATED,ELIMINATED,ELIMINATED,ELIMINATED,ELIMINATED,ELIMINATED,ELIMINATED,ELIMINATED,ELIMINATED,91.1,18.9,87.2,86.9,4.5,63.6,3,Planner,Planner (91) / EV Hunter (87) / Sprinter (87),Medium
Sand Bagger-1,5,BUF,ARI,IND,LAR,DAL,NE,ELIMINATED,ELIMINATED,ELIMINATED,ELIMINATED,ELIMINATED,ELIMINATED,ELIMINATED,ELIMINATED,ELIMINATED,ELIMINATED,ELIMINATED,ELIMINATED,86.3,14.7,76.5,82.1,25.5,46.7,3,Planner,Planner (86) / Sprinter (82) / EV Hunter (76),Medium
scourrge-5,5,BUF,CLE,IND,BAL,ARI,MIN,ELIMINATED,ELIMINATED,ELIMINATED,ELIMINATED,ELIMINATED,ELIMINATED,ELIMINATED,ELIMINATED,ELIMINATED,ELIMINATED,ELIMINATED,ELIMINATED,91.0,19.0,72.0,77.3,23.9,50.1,3,Planner,Planner (91) / Sprinter (77),Medium
SIN CITY LORI-2,5,BAL,ARI,IND,LAR,PIT,NE,ELIMINATED,ELIMINATED,ELIMINATED,ELIMINATED,ELIMINATED,ELIMINATED,ELIMINATED,ELIMINATED,ELIMINATED,ELIMINATED,ELIMINATED,ELIMINATED,87.2,17.3,84.2,84.7,15.1,66.6,3,Planner,Planner (87) / Sprinter (85) / EV Hunter (84),Medium
SIN CITY LORI-3,5,BUF,TB,CLE,LAR,DAL,NE,ELIMINATED,ELIMINATED,ELIMINATED,ELIMINATED,ELIMINATED,ELIMINATED,ELIMINATED,ELIMINATED,ELIMINATED,ELIMINATED,ELIMINATED,ELIMINATED,89.9,6.4,80.7,86.9,21.3,16.0,3,Planner,Planner (90) / Sprinter (87) / EV Hunter (81),Medium
SJM-3,5,BUF,SF,IND,BAL,SEA,NE,ELIMINATED,ELIMINATED,ELIMINATED,ELIMINATED,ELIMINATED,ELIMINATED,ELIMINATED,ELIMINATED,ELIMINATED,ELIMINATED,ELIMINATED,ELIMINATED,81.2,20.2,77.9,78.9,29.7,74.7,3,Planner,Planner (81) / Sprinter (79) / EV Hunter (78) / Tourist (75),Medium
SLIPSPORTS-1,5,BUF,TEN,IND,GB,BAL,NE,ELIMINATED,ELIMINATED,ELIMINATED,ELIMINATED,ELIMINATED,ELIMINATED,ELIMINATED,ELIMINATED,ELIMINATED,ELIMINATED,ELIMINATED,ELIMINATED,88.5,14.2,74.2,79.6,24.6,47.8,3,Planner,Planner (88) / Sprinter (80) / EV Hunter (74),Medium
SMOOTH TASTE FOOL YA-1,5,KC,GB,IND,TB,HOU,NE,ELIMINATED,ELIMINATED,ELIMINATED,ELIMINATED,ELIMINATED,ELIMINATED,ELIMINATED,ELIMINATED,ELIMINATED,ELIMINATED,ELIMINATED,ELIMINATED,92.0,20.9,85.2,85.3,11.2,41.0,3,Planner,Planner (92) / Sprinter (85) / EV Hunter (85),Medium
SMOOTH TASTE FOOL YA-2,5,KC,TEN,IND,LAR,SEA,NE,ELIMINATED,ELIMINATED,ELIMINATED,ELIMINATED,ELIMINATED,ELIMINATED,ELIMINATED,ELIMINATED,ELIMINATED,ELIMINATED,ELIMINATED,ELIMINATED,88.5,17.8,85.0,85.9,18.2,42.2,3,Planner,Planner (88) / Sprinter (86) / EV Hunter (85),Medium
SNOWFLAKE-1,5,BUF,TB,IND,LAR,NO,NE,ELIMINATED,ELIMINATED,ELIMINATED,ELIMINATED,ELIMINATED,ELIMINATED,ELIMINATED,ELIMINATED,ELIMINATED,ELIMINATED,ELIMINATED,ELIMINATED,90.8,13.6,78.5,83.2,18.4,43.6,3,Planner,Planner (91) / Sprinter (83) / EV Hunter (78),Medium
Staying Alive-3,5,BAL,TB,IND,LAR,HOU,NE,ELIMINATED,ELIMINATED,ELIMINATED,ELIMINATED,ELIMINATED,ELIMINATED,ELIMINATED,ELIMINATED,ELIMINATED,ELIMINATED,ELIMINATED,ELIMINATED,92.3,15.7,85.6,85.8,7.4,63.4,3,Planner,Planner (92) / Sprinter (86) / EV Hunter (86),Medium
The Mad Russian-4,5,BUF,TB,IND,LAR,BAL,NE,ELIMINATED,ELIMINATED,ELIMINATED,ELIMINATED,ELIMINATED,ELIMINATED,ELIMINATED,ELIMINATED,ELIMINATED,ELIMINATED,ELIMINATED,ELIMINATED,90.8,13.6,78.5,83.2,18.4,43.6,3,Planner,Planner (91) / Sprinter (83) / EV Hunter (78),Medium
Thunder-5,5,BUF,ARI,IND,LAR,PIT,NE,ELIMINATED,ELIMINATED,ELIMINATED,ELIMINATED,ELIMINATED,ELIMINATED,ELIMINATED,ELIMINATED,ELIMINATED,ELIMINATED,ELIMINATED,ELIMINATED,86.3,14.7,76.5,82.1,25.5,46.7,3,Planner,Planner (86) / Sprinter (82) / EV Hunter (76),Medium
TMR Conglomerate-1,5,LAC,PIT,IND,LAR,BAL,NE,ELIMINATED,ELIMINATED,ELIMINATED,ELIMINATED,ELIMINATED,ELIMINATED,ELIMINATED,ELIMINATED,ELIMINATED,ELIMINATED,ELIMINATED,ELIMINATED,93.1,25.3,71.9,71.6,17.4,51.8,3,Planner,Planner (93),Medium
TOMPAPAGEORGIO-3,5,BUF,GB,TB,BAL,LAR,NE,ELIMINATED,ELIMINATED,ELIMINATED,ELIMINATED,ELIMINATED,ELIMINATED,ELIMINATED,ELIMINATED,ELIMINATED,ELIMINATED,ELIMINATED,ELIMINATED,91.5,6.1,82.9,87.9,16.3,63.5,3,Planner,Planner (92) / Sprinter (88) / EV Hunter (83),Medium
WHERE'S LUNCH-1,5,BUF,TB,IND,LAR,NO,NE,ELIMINATED,ELIMINATED,ELIMINATED,ELIMINATED,ELIMINATED,ELIMINATED,ELIMINATED,ELIMINATED,ELIMINATED,ELIMINATED,ELIMINATED,ELIMINATED,90.8,13.6,78.5,83.2,18.4,43.6,3,Planner,Planner (91) / Sprinter (83) / EV Hunter (78),Medium
YEEGONE-4,5,BAL,PIT,IND,LAR,ARI,NE,ELIMINATED,ELIMINATED,ELIMINATED,ELIMINATED,ELIMINATED,ELIMINATED,ELIMINATED,ELIMINATED,ELIMINATED,ELIMINATED,ELIMINATED,ELIMINATED,91.5,18.0,81.7,81.3,7.0,16.1,3,Planner,Planner (92) / EV Hunter (82) / Sprinter (81),Medium
YEEGONE2-2,5,BUF,TEN,IND,LAR,BAL,NE,ELIMINATED,ELIMINATED,ELIMINATED,ELIMINATED,ELIMINATED,ELIMINATED,ELIMINATED,ELIMINATED,ELIMINATED,ELIMINATED,ELIMINATED,ELIMINATED,88.5,14.2,74.2,79.6,24.6,47.8,3,Planner,Planner (88) / Sprinter (80) / EV Hunter (74),Medium
5STPETERS-2,4,PIT,BUF,NE,LAR,SF,ELIMINATED,ELIMINATED,ELIMINATED,ELIMINATED,ELIMINATED,ELIMINATED,ELIMINATED,ELIMINATED,ELIMINATED,ELIMINATED,ELIMINATED,ELIMINATED,ELIMINATED,79.0,9.5,83.1,85.1,27.5,67.9,3,Sprinter,Sprinter (85) / EV Hunter (83) / Planner (79),Medium
@Jay Swah Sports-4,4,BAL,TB,CLE,LAR,SF,ELIMINATED,ELIMINATED,ELIMINATED,ELIMINATED,ELIMINATED,ELIMINATED,ELIMINATED,ELIMINATED,ELIMINATED,ELIMINATED,ELIMINATED,ELIMINATED,ELIMINATED,92.7,8.5,87.9,89.5,10.7,35.9,3,Planner,Planner (93) / Sprinter (90) / EV Hunter (88),Medium
ACHILLES12-1,4,BUF,TEN,NE,TB,SF,ELIMINATED,ELIMINATED,ELIMINATED,ELIMINATED,ELIMINATED,ELIMINATED,ELIMINATED,ELIMINATED,ELIMINATED,ELIMINATED,ELIMINATED,ELIMINATED,ELIMINATED,75.4,4.0,82.7,87.7,34.7,42.9,3,Sprinter,Sprinter (88) / EV Hunter (83) / Planner (75),Medium
ALCO 328-1,4,PIT,ARI,IND,LAR,SF,ELIMINATED,ELIMINATED,ELIMINATED,ELIMINATED,ELIMINATED,ELIMINATED,ELIMINATED,ELIMINATED,ELIMINATED,ELIMINATED,ELIMINATED,ELIMINATED,ELIMINATED,88.9,20.1,82.4,81.4,18.0,69.5,3,Planner,Planner (89) / EV Hunter (82) / Sprinter (81),Medium
ALL BALD DOME-1,4,PIT,TEN,CLE,BAL,KC,ELIMINATED,ELIMINATED,ELIMINATED,ELIMINATED,ELIMINATED,ELIMINATED,ELIMINATED,ELIMINATED,ELIMINATED,ELIMINATED,ELIMINATED,ELIMINATED,ELIMINATED,89.9,12.7,82.1,82.2,20.1,43.2,3,Planner,Planner (90) / Sprinter (82) / EV Hunter (82),Medium
ALMOST PERFECT-1,4,BUF,ARI,IND,LAR,SF,ELIMINATED,ELIMINATED,ELIMINATED,ELIMINATED,ELIMINATED,ELIMINATED,ELIMINATED,ELIMINATED,ELIMINATED,ELIMINATED,ELIMINATED,ELIMINATED,ELIMINATED,86.3,14.7,76.5,82.1,25.5,46.7,3,Planner,Planner (86) / Sprinter (82) / EV Hunter (76),Medium
Anonymous Donors-2,4,NE,TEN,IND,BAL,SF,ELIMINATED,ELIMINATED,ELIMINATED,ELIMINATED,ELIMINATED,ELIMINATED,ELIMINATED,ELIMINATED,ELIMINATED,ELIMINATED,ELIMINATED,ELIMINATED,ELIMINATED,77.2,15.7,83.4,84.3,32.7,46.1,3,Sprinter,Sprinter (84) / EV Hunter (83) / Planner (77),Medium
AUGIE DAWG-2,4,BUF,ARI,CLE,LAR,SF,ELIMINATED,ELIMINATED,ELIMINATED,ELIMINATED,ELIMINATED,ELIMINATED,ELIMINATED,ELIMINATED,ELIMINATED,ELIMINATED,ELIMINATED,ELIMINATED,ELIMINATED,84.4,7.5,78.7,85.4,28.0,19.0,3,Sprinter,Sprinter (85) / Planner (84) / EV Hunter (79),Medium
Barstow Bats-1,4,LV,BUF,IND,LAR,SF,ELIMINATED,ELIMINATED,ELIMINATED,ELIMINATED,ELIMINATED,ELIMINATED,ELIMINATED,ELIMINATED,ELIMINATED,ELIMINATED,ELIMINATED,ELIMINATED,ELIMINATED,86.5,21.8,66.5,72.4,27.0,54.8,3,Planner,Planner (86) / Sprinter (72),Medium
Beast betting house-1,4,NE,ARI,IND,LAR,SF,ELIMINATED,ELIMINATED,ELIMINATED,ELIMINATED,ELIMINATED,ELIMINATED,ELIMINATED,ELIMINATED,ELIMINATED,ELIMINATED,ELIMINATED,ELIMINATED,ELIMINATED,75.1,16.3,85.7,86.8,33.6,45.0,3,Sprinter,Sprinter (87) / EV Hunter (86) / Planner (75),Medium
Beast betting house-2,4,BUF,ARI,CLE,LAR,SF,ELIMINATED,ELIMINATED,ELIMINATED,ELIMINATED,ELIMINATED,ELIMINATED,ELIMINATED,ELIMINATED,ELIMINATED,ELIMINATED,ELIMINATED,ELIMINATED,ELIMINATED,84.4,7.5,78.7,85.4,28.0,19.0,3,Sprinter,Sprinter (85) / Planner (84) / EV Hunter (79),Medium
beefaroni-5,4,BAL,TEN,IND,LAR,SF,ELIMINATED,ELIMINATED,ELIMINATED,ELIMINATED,ELIMINATED,ELIMINATED,ELIMINATED,ELIMINATED,ELIMINATED,ELIMINATED,ELIMINATED,ELIMINATED,ELIMINATED,89.0,16.8,81.9,82.7,14.5,67.6,3,Planner,Planner (89) / Sprinter (83) / EV Hunter (82),Medium
BIG DEAL-2,4,BAL,TB,IND,LAR,KC,ELIMINATED,ELIMINATED,ELIMINATED,ELIMINATED,ELIMINATED,ELIMINATED,ELIMINATED,ELIMINATED,ELIMINATED,ELIMINATED,ELIMINATED,ELIMINATED,ELIMINATED,92.3,15.7,85.6,85.8,7.4,63.4,3,Planner,Planner (92) / Sprinter (86) / EV Hunter (86),Medium
BIG DEAL-4,4,BUF,KC,NE,BAL,SF,ELIMINATED,ELIMINATED,ELIMINATED,ELIMINATED,ELIMINATED,ELIMINATED,ELIMINATED,ELIMINATED,ELIMINATED,ELIMINATED,ELIMINATED,ELIMINATED,ELIMINATED,76.2,7.0,89.9,93.3,29.7,38.7,3,Sprinter,Sprinter (93) / EV Hunter (90),Medium
BIG LIB-2,4,KC,TB,IND,LAR,NE,ELIMINATED,ELIMINATED,ELIMINATED,ELIMINATED,ELIMINATED,ELIMINATED,ELIMINATED,ELIMINATED,ELIMINATED,ELIMINATED,ELIMINATED,ELIMINATED,ELIMINATED,90.8,16.7,89.3,89.5,11.6,37.9,3,Planner,Planner (91) / Sprinter (90) / EV Hunter (89),Medium
BigDaddySlackChats69-1,4,NE,ARI,CLE,TB,SF,ELIMINATED,ELIMINATED,ELIMINATED,ELIMINATED,ELIMINATED,ELIMINATED,ELIMINATED,ELIMINATED,ELIMINATED,ELIMINATED,ELIMINATED,ELIMINATED,ELIMINATED,72.4,8.7,88.0,90.1,36.5,17.4,3,Sprinter,Sprinter (90) / EV Hunter (88),Medium
BIGLEY247-1,4,PIT,TEN,CLE,LAR,KC,ELIMINATED,ELIMINATED,ELIMINATED,ELIMINATED,ELIMINATED,ELIMINATED,ELIMINATED,ELIMINATED,ELIMINATED,ELIMINATED,ELIMINATED,ELIMINATED,ELIMINATED,89.9,12.7,82.1,82.2,20.1,43.2,3,Planner,Planner (90) / Sprinter (82) / EV Hunter (82),Medium
BillyVegas-2,4,LAC,TB,IND,LAR,BUF,ELIMINATED,ELIMINATED,ELIMINATED,ELIMINATED,ELIMINATED,ELIMINATED,ELIMINATED,ELIMINATED,ELIMINATED,ELIMINATED,ELIMINATED,ELIMINATED,ELIMINATED,93.5,23.0,76.4,76.6,18.0,48.8,3,Planner,Planner (94),Medium
Bitcoin1-1,4,BAL,TB,IND,LAR,KC,ELIMINATED,ELIMINATED,ELIMINATED,ELIMINATED,ELIMINATED,ELIMINATED,ELIMINATED,ELIMINATED,ELIMINATED,ELIMINATED,ELIMINATED,ELIMINATED,ELIMINATED,92.3,15.7,85.6,85.8,7.4,63.4,3,Planner,Planner (92) / Sprinter (86) / EV Hunter (86),Medium
BLIND BOZO-2,4,BUF,ARI,CLE,TB,SF,ELIMINATED,ELIMINATED,ELIMINATED,ELIMINATED,ELIMINATED,ELIMINATED,ELIMINATED,ELIMINATED,ELIMINATED,ELIMINATED,ELIMINATED,ELIMINATED,ELIMINATED,84.4,7.5,78.7,85.4,28.0,19.0,3,Sprinter,Sprinter (85) / Planner (84) / EV Hunter (79),Medium
Blue Dream-1,4,BAL,TB,IND,LAR,KC,ELIMINATED,ELIMINATED,ELIMINATED,ELIMINATED,ELIMINATED,ELIMINATED,ELIMINATED,ELIMINATED,ELIMINATED,ELIMINATED,ELIMINATED,ELIMINATED,ELIMINATED,92.3,15.7,85.6,85.8,7.4,63.4,3,Planner,Planner (92) / Sprinter (86) / EV Hunter (86),Medium
BMAC-2,4,NE,TEN,IND,LAR,SF,ELIMINATED,ELIMINATED,ELIMINATED,ELIMINATED,ELIMINATED,ELIMINATED,ELIMINATED,ELIMINATED,ELIMINATED,ELIMINATED,ELIMINATED,ELIMINATED,ELIMINATED,77.2,15.7,83.4,84.3,32.7,46.1,3,Sprinter,Sprinter (84) / EV Hunter (83) / Planner (77),Medium
BMAC-3,4,NE,TB,CLE,BAL,SF,ELIMINATED,ELIMINATED,ELIMINATED,ELIMINATED,ELIMINATED,ELIMINATED,ELIMINATED,ELIMINATED,ELIMINATED,ELIMINATED,ELIMINATED,ELIMINATED,ELIMINATED,78.7,7.1,89.9,91.0,29.2,14.2,3,Sprinter,Sprinter (91) / EV Hunter (90) / Planner (79),Medium
BMoney-1,4,PIT,GB,IND,LAR,SF,ELIMINATED,ELIMINATED,ELIMINATED,ELIMINATED,ELIMINATED,ELIMINATED,ELIMINATED,ELIMINATED,ELIMINATED,ELIMINATED,ELIMINATED,ELIMINATED,ELIMINATED,92.8,22.6,80.8,78.4,10.4,19.3,3,Planner,Planner (93) / EV Hunter (81) / Sprinter (78),Medium
BOBBYT-1,4,BAL,TB,IND,LAR,KC,ELIMINATED,ELIMINATED,ELIMINATED,ELIMINATED,ELIMINATED,ELIMINATED,ELIMINATED,ELIMINATED,ELIMINATED,ELIMINATED,ELIMINATED,ELIMINATED,ELIMINATED,92.3,15.7,85.6,85.8,7.4,63.4,3,Planner,Planner (92) / Sprinter (86) / EV Hunter (86),Medium
Boli's Boys-2,4,BUF,TEN,IND,LAR,SF,ELIMINATED,ELIMINATED,ELIMINATED,ELIMINATED,ELIMINATED,ELIMINATED,ELIMINATED,ELIMINATED,ELIMINATED,ELIMINATED,ELIMINATED,ELIMINATED,ELIMINATED,88.5,14.2,74.2,79.6,24.6,47.8,3,Planner,Planner (88) / Sprinter (80) / EV Hunter (74),Medium
BonkAgainstTheSpread-2,4,BAL,KC,IND,LAR,SF,ELIMINATED,ELIMINATED,ELIMINATED,ELIMINATED,ELIMINATED,ELIMINATED,ELIMINATED,ELIMINATED,ELIMINATED,ELIMINATED,ELIMINATED,ELIMINATED,ELIMINATED,91.1,18.9,87.2,86.9,4.5,63.6,3,Planner,Planner (91) / EV Hunter (87) / Sprinter (87),Medium
Borg-2,4,NE,TB,CLE,BAL,SF,ELIMINATED,ELIMINATED,ELIMINATED,ELIMINATED,ELIMINATED,ELIMINATED,ELIMINATED,ELIMINATED,ELIMINATED,ELIMINATED,ELIMINATED,ELIMINATED,ELIMINATED,78.7,7.1,89.9,91.0,29.2,14.2,3,Sprinter,Sprinter (91) / EV Hunter (90) / Planner (79),Medium
Borg-4,4,BUF,TEN,CLE,LAR,SF,ELIMINATED,ELIMINATED,ELIMINATED,ELIMINATED,ELIMINATED,ELIMINATED,ELIMINATED,ELIMINATED,ELIMINATED,ELIMINATED,ELIMINATED,ELIMINATED,ELIMINATED,86.6,6.9,76.0,83.3,27.2,20.1,3,Planner,Planner (87) / Sprinter (83) / EV Hunter (76),Medium
BOYCOTT 8 PCT-1,4,KC,TB,IND,LAR,SF,ELIMINATED,ELIMINATED,ELIMINATED,ELIMINATED,ELIMINATED,ELIMINATED,ELIMINATED,ELIMINATED,ELIMINATED,ELIMINATED,ELIMINATED,ELIMINATED,ELIMINATED,90.8,16.7,89.3,89.5,11.6,37.9,3,Planner,Planner (91) / Sprinter (90) / EV Hunter (89),Medium
BOYCOTT 8 PCT-2,4,KC,TB,IND,LAR,SF,ELIMINATED,ELIMINATED,ELIMINATED,ELIMINATED,ELIMINATED,ELIMINATED,ELIMINATED,ELIMINATED,ELIMINATED,ELIMINATED,ELIMINATED,ELIMINATED,ELIMINATED,90.8,16.7,89.3,89.5,11.6,37.9,3,Planner,Planner (91) / Sprinter (90) / EV Hunter (89),Medium
Bred 4 This-1,4,TEN,SEA,TB,LAR,KC,ELIMINATED,ELIMINATED,ELIMINATED,ELIMINATED,ELIMINATED,ELIMINATED,ELIMINATED,ELIMINATED,ELIMINATED,ELIMINATED,ELIMINATED,ELIMINATED,ELIMINATED,89.9,22.9,79.6,78.9,14.4,70.8,3,Planner,Planner (90) / EV Hunter (80) / Sprinter (79),Medium
BRONKMANCH-1,4,BUF,TEN,IND,LAR,KC,ELIMINATED,ELIMINATED,ELIMINATED,ELIMINATED,ELIMINATED,ELIMINATED,ELIMINATED,ELIMINATED,ELIMINATED,ELIMINATED,ELIMINATED,ELIMINATED,ELIMINATED,88.5,14.2,74.2,79.6,24.6,47.8,3,Planner,Planner (88) / Sprinter (80) / EV Hunter (74),Medium
BRUCEWAYNE-1,4,BUF,TB,PIT,LAR,SF,ELIMINATED,ELIMINATED,ELIMINATED,ELIMINATED,ELIMINATED,ELIMINATED,ELIMINATED,ELIMINATED,ELIMINATED,ELIMINATED,ELIMINATED,ELIMINATED,ELIMINATED,91.9,3.8,83.3,88.0,16.3,37.8,3,Planner,Planner (92) / Sprinter (88) / EV Hunter (83),Medium
buffalo1-4,4,NE,BAL,IND,LAR,KC,ELIMINATED,ELIMINATED,ELIMINATED,ELIMINATED,ELIMINATED,ELIMINATED,ELIMINATED,ELIMINATED,ELIMINATED,ELIMINATED,ELIMINATED,ELIMINATED,ELIMINATED,80.1,17.3,86.6,85.7,22.0,42.2,3,EV Hunter,EV Hunter (87) / Sprinter (86) / Planner (80),Medium
CANDYMAN-1,4,BUF,ARI,IND,LAR,NE,ELIMINATED,ELIMINATED,ELIMINATED,ELIMINATED,ELIMINATED,ELIMINATED,ELIMINATED,ELIMINATED,ELIMINATED,ELIMINATED,ELIMINATED,ELIMINATED,ELIMINATED,86.3,14.7,76.5,82.1,25.5,46.7,3,Planner,Planner (86) / Sprinter (82) / EV Hunter (76),Medium
CANDYMAN-2,4,PIT,TEN,CLE,TB,SF,ELIMINATED,ELIMINATED,ELIMINATED,ELIMINATED,ELIMINATED,ELIMINATED,ELIMINATED,ELIMINATED,ELIMINATED,ELIMINATED,ELIMINATED,ELIMINATED,ELIMINATED,89.9,12.7,82.1,82.2,20.1,43.2,3,Planner,Planner (90) / Sprinter (82) / EV Hunter (82),Medium
CANDYMAN-3,4,KC,TB,CLE,LAR,SF,ELIMINATED,ELIMINATED,ELIMINATED,ELIMINATED,ELIMINATED,ELIMINATED,ELIMINATED,ELIMINATED,ELIMINATED,ELIMINATED,ELIMINATED,ELIMINATED,ELIMINATED,91.2,9.1,91.5,93.2,14.9,10.3,3,Sprinter,Sprinter (93) / EV Hunter (92) / Planner (91),Medium
Captain Seamus-1,4,BUF,PIT,IND,LAR,NE,ELIMINATED,ELIMINATED,ELIMINATED,ELIMINATED,ELIMINATED,ELIMINATED,ELIMINATED,ELIMINATED,ELIMINATED,ELIMINATED,ELIMINATED,ELIMINATED,ELIMINATED,90.7,15.4,74.0,78.7,17.9,46.3,3,Planner,Planner (91) / Sprinter (79),Medium
CAVEHAWKS-1,4,NE,ARI,IND,TB,SF,ELIMINATED,ELIMINATED,ELIMINATED,ELIMINATED,ELIMINATED,ELIMINATED,ELIMINATED,ELIMINATED,ELIMINATED,ELIMINATED,ELIMINATED,ELIMINATED,ELIMINATED,75.1,16.3,85.7,86.8,33.6,45.0,3,Sprinter,Sprinter (87) / EV Hunter (86) / Planner (75),Medium
CHICKENDINNER-1,4,PIT,TEN,NE,TB,SF,ELIMINATED,ELIMINATED,ELIMINATED,ELIMINATED,ELIMINATED,ELIMINATED,ELIMINATED,ELIMINATED,ELIMINATED,ELIMINATED,ELIMINATED,ELIMINATED,ELIMINATED,78.4,10.1,88.4,86.7,28.0,66.3,3,EV Hunter,EV Hunter (88) / Sprinter (87) / Planner (78),Medium
chowsHeroes-1,4,BUF,TB,CLE,LAR,SF,ELIMINATED,ELIMINATED,ELIMINATED,ELIMINATED,ELIMINATED,ELIMINATED,ELIMINATED,ELIMINATED,ELIMINATED,ELIMINATED,ELIMINATED,ELIMINATED,ELIMINATED,89.9,6.4,80.7,86.9,21.3,16.0,3,Planner,Planner (90) / Sprinter (87) / EV Hunter (81),Medium
CLAIM KING SN-2,4,BAL,KC,NE,LAR,SF,ELIMINATED,ELIMINATED,ELIMINATED,ELIMINATED,ELIMINATED,ELIMINATED,ELIMINATED,ELIMINATED,ELIMINATED,ELIMINATED,ELIMINATED,ELIMINATED,ELIMINATED,78.7,9.5,96.5,95.8,16.6,59.1,3,EV Hunter,EV Hunter (96) / Sprinter (96),Medium
CLARKGRIZWOLD-1,4,BUF,TB,IND,LAR,KC,ELIMINATED,ELIMINATED,ELIMINATED,ELIMINATED,ELIMINATED,ELIMINATED,ELIMINATED,ELIMINATED,ELIMINATED,ELIMINATED,ELIMINATED,ELIMINATED,ELIMINATED,90.8,13.6,78.5,83.2,18.4,43.6,3,Planner,Planner (91) / Sprinter (83) / EV Hunter (78),Medium
CLUB DUB-1,4,BUF,GB,IND,LAR,SF,ELIMINATED,ELIMINATED,ELIMINATED,ELIMINATED,ELIMINATED,ELIMINATED,ELIMINATED,ELIMINATED,ELIMINATED,ELIMINATED,ELIMINATED,ELIMINATED,ELIMINATED,91.0,17.8,74.3,79.0,17.8,46.7,3,Planner,Planner (91) / Sprinter (79),Medium
COOLCATSANDKITTENS-2,4,BUF,TEN,CLE,LAR,SF,ELIMINATED,ELIMINATED,ELIMINATED,ELIMINATED,ELIMINATED,ELIMINATED,ELIMINATED,ELIMINATED,ELIMINATED,ELIMINATED,ELIMINATED,ELIMINATED,ELIMINATED,86.6,6.9,76.0,83.3,27.2,20.1,3,Planner,Planner (87) / Sprinter (83) / EV Hunter (76),Medium
Covid Cappers-2,4,BAL,PIT,IND,LAR,SF,ELIMINATED,ELIMINATED,ELIMINATED,ELIMINATED,ELIMINATED,ELIMINATED,ELIMINATED,ELIMINATED,ELIMINATED,ELIMINATED,ELIMINATED,ELIMINATED,ELIMINATED,91.5,18.0,81.7,81.3,7.0,16.1,3,Planner,Planner (92) / EV Hunter (82) / Sprinter (81),Medium
cricks-1,4,BUF,TB,CLE,LAR,SF,ELIMINATED,ELIMINATED,ELIMINATED,ELIMINATED,ELIMINATED,ELIMINATED,ELIMINATED,ELIMINATED,ELIMINATED,ELIMINATED,ELIMINATED,ELIMINATED,ELIMINATED,89.9,6.4,80.7,86.9,21.3,16.0,3,Planner,Planner (90) / Sprinter (87) / EV Hunter (81),Medium
CRZYBNZ-1,4,BUF,ARI,IND,LAR,SF,ELIMINATED,ELIMINATED,ELIMINATED,ELIMINATED,ELIMINATED,ELIMINATED,ELIMINATED,ELIMINATED,ELIMINATED,ELIMINATED,ELIMINATED,ELIMINATED,ELIMINATED,86.3,14.7,76.5,82.1,25.5,46.7,3,Planner,Planner (86) / Sprinter (82) / EV Hunter (76),Medium
CT Badger-1,4,BAL,TEN,IND,LAR,SF,ELIMINATED,ELIMINATED,ELIMINATED,ELIMINATED,ELIMINATED,ELIMINATED,ELIMINATED,ELIMINATED,ELIMINATED,ELIMINATED,ELIMINATED,ELIMINATED,ELIMINATED,89.0,16.8,81.9,82.7,14.5,67.6,3,Planner,Planner (89) / Sprinter (83) / EV Hunter (82),Medium
Cuddy120-4,4,NE,TB,IND,BAL,SF,ELIMINATED,ELIMINATED,ELIMINATED,ELIMINATED,ELIMINATED,ELIMINATED,ELIMINATED,ELIMINATED,ELIMINATED,ELIMINATED,ELIMINATED,ELIMINATED,ELIMINATED,80.4,14.7,87.7,87.3,25.8,41.8,3,EV Hunter,EV Hunter (88) / Sprinter (87) / Planner (80),Medium
DaliBones-3,4,NE,TB,IND,LAR,SF,ELIMINATED,ELIMINATED,ELIMINATED,ELIMINATED,ELIMINATED,ELIMINATED,ELIMINATED,ELIMINATED,ELIMINATED,ELIMINATED,ELIMINATED,ELIMINATED,ELIMINATED,80.4,14.7,87.7,87.3,25.8,41.8,3,EV Hunter,EV Hunter (88) / Sprinter (87) / Planner (80),Medium
DESERT DOGG-3,4,BUF,TEN,IND,BAL,KC,ELIMINATED,ELIMINATED,ELIMINATED,ELIMINATED,ELIMINATED,ELIMINATED,ELIMINATED,ELIMINATED,ELIMINATED,ELIMINATED,ELIMINATED,ELIMINATED,ELIMINATED,88.5,14.2,74.2,79.6,24.6,47.8,3,Planner,Planner (88) / Sprinter (80) / EV Hunter (74),Medium
DIGGS ALLEN '22-1,4,NE,ARI,TB,BAL,SF,ELIMINATED,ELIMINATED,ELIMINATED,ELIMINATED,ELIMINATED,ELIMINATED,ELIMINATED,ELIMINATED,ELIMINATED,ELIMINATED,ELIMINATED,ELIMINATED,ELIMINATED,73.6,5.0,94.3,95.3,31.7,11.9,3,Sprinter,Sprinter (95) / EV Hunter (94),Medium
DinoTheDog-5,4,NE,TB,CLE,BAL,SF,ELIMINATED,ELIMINATED,ELIMINATED,ELIMINATED,ELIMINATED,ELIMINATED,ELIMINATED,ELIMINATED,ELIMINATED,ELIMINATED,ELIMINATED,ELIMINATED,ELIMINATED,78.7,7.1,89.9,91.0,29.2,14.2,3,Sprinter,Sprinter (91) / EV Hunter (90) / Planner (79),Medium
DonnieMC-2,4,NE,GB,IND,LAR,SF,ELIMINATED,ELIMINATED,ELIMINATED,ELIMINATED,ELIMINATED,ELIMINATED,ELIMINATED,ELIMINATED,ELIMINATED,ELIMINATED,ELIMINATED,ELIMINATED,ELIMINATED,81.2,18.8,83.6,83.7,25.3,44.8,3,Sprinter,Sprinter (84) / EV Hunter (84) / Planner (81),Medium
DOUG'S TEAM-1,4,BAL,PIT,CLE,LAR,SF,ELIMINATED,ELIMINATED,ELIMINATED,ELIMINATED,ELIMINATED,ELIMINATED,ELIMINATED,ELIMINATED,ELIMINATED,ELIMINATED,ELIMINATED,ELIMINATED,ELIMINATED,91.5,11.2,83.6,84.7,10.2,38.9,3,Planner,Planner (92) / Sprinter (85) / EV Hunter (84),Medium
DR B-1,4,BUF,PIT,CLE,BAL,NE,ELIMINATED,ELIMINATED,ELIMINATED,ELIMINATED,ELIMINATED,ELIMINATED,ELIMINATED,ELIMINATED,ELIMINATED,ELIMINATED,ELIMINATED,ELIMINATED,ELIMINATED,89.4,8.5,75.9,82.0,20.7,68.9,3,Planner,Planner (89) / Sprinter (82) / EV Hunter (76),Medium
DRYDIN-3,4,KC,BAL,IND,LAR,SF,ELIMINATED,ELIMINATED,ELIMINATED,ELIMINATED,ELIMINATED,ELIMINATED,ELIMINATED,ELIMINATED,ELIMINATED,ELIMINATED,ELIMINATED,ELIMINATED,ELIMINATED,91.3,20.0,88.2,87.3,8.2,38.7,3,Planner,Planner (91) / EV Hunter (88) / Sprinter (87),Medium
dylan-1,4,NE,PIT,CLE,BAL,SF,ELIMINATED,ELIMINATED,ELIMINATED,ELIMINATED,ELIMINATED,ELIMINATED,ELIMINATED,ELIMINATED,ELIMINATED,ELIMINATED,ELIMINATED,ELIMINATED,ELIMINATED,78.7,9.2,85.1,86.2,28.6,67.2,3,Sprinter,Sprinter (86) / EV Hunter (85) / Planner (79),Medium
dylan-2,4,NE,PIT,CLE,BAL,SF,ELIMINATED,ELIMINATED,ELIMINATED,ELIMINATED,ELIMINATED,ELIMINATED,ELIMINATED,ELIMINATED,ELIMINATED,ELIMINATED,ELIMINATED,ELIMINATED,ELIMINATED,78.7,9.2,85.1,86.2,28.6,67.2,3,Sprinter,Sprinter (86) / EV Hunter (85) / Planner (79),Medium
Either A or B-1,4,BUF,TB,IND,LAR,KC,ELIMINATED,ELIMINATED,ELIMINATED,ELIMINATED,ELIMINATED,ELIMINATED,ELIMINATED,ELIMINATED,ELIMINATED,ELIMINATED,ELIMINATED,ELIMINATED,ELIMINATED,90.8,13.6,78.5,83.2,18.4,43.6,3,Planner,Planner (91) / Sprinter (83) / EV Hunter (78),Medium
EL PADRE-3,4,PIT,TB,CLE,LAR,SF,ELIMINATED,ELIMINATED,ELIMINATED,ELIMINATED,ELIMINATED,ELIMINATED,ELIMINATED,ELIMINATED,ELIMINATED,ELIMINATED,ELIMINATED,ELIMINATED,ELIMINATED,93.4,11.6,86.3,85.8,14.1,39.1,3,Planner,Planner (93) / EV Hunter (86) / Sprinter (86),Medium
EROQ-1,4,KC,GB,IND,TB,NE,ELIMINATED,ELIMINATED,ELIMINATED,ELIMINATED,ELIMINATED,ELIMINATED,ELIMINATED,ELIMINATED,ELIMINATED,ELIMINATED,ELIMINATED,ELIMINATED,ELIMINATED,92.0,20.9,85.2,85.3,11.2,41.0,3,Planner,Planner (92) / Sprinter (85) / EV Hunter (85),Medium
ESSENTIAL BETTORS-1,4,KC,BAL,TB,LAR,SF,ELIMINATED,ELIMINATED,ELIMINATED,ELIMINATED,ELIMINATED,ELIMINATED,ELIMINATED,ELIMINATED,ELIMINATED,ELIMINATED,ELIMINATED,ELIMINATED,ELIMINATED,92.5,8.7,97.1,96.9,6.2,55.3,3,EV Hunter,EV Hunter (97) / Sprinter (97) / Planner (92),Medium
ESSENTIAL BETTORS-2,4,KC,TB,IND,BAL,SF,ELIMINATED,ELIMINATED,ELIMINATED,ELIMINATED,ELIMINATED,ELIMINATED,ELIMINATED,ELIMINATED,ELIMINATED,ELIMINATED,ELIMINATED,ELIMINATED,ELIMINATED,90.8,16.7,89.3,89.5,11.6,37.9,3,Planner,Planner (91) / Sprinter (90) / EV Hunter (89),Medium
EZ PICKS-1,4,BAL,ARI,CLE,LAR,SF,ELIMINATED,ELIMINATED,ELIMINATED,ELIMINATED,ELIMINATED,ELIMINATED,ELIMINATED,ELIMINATED,ELIMINATED,ELIMINATED,ELIMINATED,ELIMINATED,ELIMINATED,86.5,10.1,86.4,88.1,18.0,39.1,3,Sprinter,Sprinter (88) / Planner (86) / EV Hunter (86),Medium
FELIX FELICIS-2,4,BAL,TB,IND,LAR,SF,ELIMINATED,ELIMINATED,ELIMINATED,ELIMINATED,ELIMINATED,ELIMINATED,ELIMINATED,ELIMINATED,ELIMINATED,ELIMINATED,ELIMINATED,ELIMINATED,ELIMINATED,92.3,15.7,85.6,85.8,7.4,63.4,3,Planner,Planner (92) / Sprinter (86) / EV Hunter (86),Medium
FILESTXCAN-1,4,KC,TB,IND,BAL,SF,ELIMINATED,ELIMINATED,ELIMINATED,ELIMINATED,ELIMINATED,ELIMINATED,ELIMINATED,ELIMINATED,ELIMINATED,ELIMINATED,ELIMINATED,ELIMINATED,ELIMINATED,90.8,16.7,89.3,89.5,11.6,37.9,3,Planner,Planner (91) / Sprinter (90) / EV Hunter (89),Medium
FIRSTCLASSIC-1,4,BUF,PIT,CLE,BAL,SF,ELIMINATED,ELIMINATED,ELIMINATED,ELIMINATED,ELIMINATED,ELIMINATED,ELIMINATED,ELIMINATED,ELIMINATED,ELIMINATED,ELIMINATED,ELIMINATED,ELIMINATED,89.4,8.5,75.9,82.0,20.7,68.9,3,Planner,Planner (89) / Sprinter (82) / EV Hunter (76),Medium
Fisher Hall-1,4,NE,TEN,CLE,LAR,SF,ELIMINATED,ELIMINATED,ELIMINATED,ELIMINATED,ELIMINATED,ELIMINATED,ELIMINATED,ELIMINATED,ELIMINATED,ELIMINATED,ELIMINATED,ELIMINATED,ELIMINATED,74.6,8.1,85.3,88.0,35.8,18.5,3,Sprinter,Sprinter (88) / EV Hunter (85) / Planner (75),Medium
FORTH AND GOAL-1,4,NE,CLE,IND,LAR,SF,ELIMINATED,ELIMINATED,ELIMINATED,ELIMINATED,ELIMINATED,ELIMINATED,ELIMINATED,ELIMINATED,ELIMINATED,ELIMINATED,ELIMINATED,ELIMINATED,ELIMINATED,80.6,20.0,80.7,80.9,31.5,48.7,3,Sprinter,Sprinter (81) / EV Hunter (81) / Planner (81),Medium
Fresh Prince-4,4,NE,TEN,CLE,BAL,SF,ELIMINATED,ELIMINATED,ELIMINATED,ELIMINATED,ELIMINATED,ELIMINATED,ELIMINATED,ELIMINATED,ELIMINATED,ELIMINATED,ELIMINATED,ELIMINATED,ELIMINATED,74.6,8.1,85.3,88.0,35.8,18.5,3,Sprinter,Sprinter (88) / EV Hunter (85) / Planner (75),Medium
FSM 4 EVA-1,4,NE,TEN,CLE,TB,SF,ELIMINATED,ELIMINATED,ELIMINATED,ELIMINATED,ELIMINATED,ELIMINATED,ELIMINATED,ELIMINATED,ELIMINATED,ELIMINATED,ELIMINATED,ELIMINATED,ELIMINATED,74.6,8.1,85.3,88.0,35.8,18.5,3,Sprinter,Sprinter (88) / EV Hunter (85) / Planner (75),Medium
G-BREW-1,4,BUF,ARI,NE,TB,SF,ELIMINATED,ELIMINATED,ELIMINATED,ELIMINATED,ELIMINATED,ELIMINATED,ELIMINATED,ELIMINATED,ELIMINATED,ELIMINATED,ELIMINATED,ELIMINATED,ELIMINATED,73.3,4.5,85.4,89.9,35.4,41.8,3,Sprinter,Sprinter (90) / EV Hunter (85),Medium
GAMBLEBALLS-3,4,PIT,TEN,CLE,NO,SF,ELIMINATED,ELIMINATED,ELIMINATED,ELIMINATED,ELIMINATED,ELIMINATED,ELIMINATED,ELIMINATED,ELIMINATED,ELIMINATED,ELIMINATED,ELIMINATED,ELIMINATED,89.9,12.7,82.1,82.2,20.1,43.2,3,Planner,Planner (90) / Sprinter (82) / EV Hunter (82),Medium
GAMBLEONGOLD-1,4,BUF,CLE,IND,LAR,SF,ELIMINATED,ELIMINATED,ELIMINATED,ELIMINATED,ELIMINATED,ELIMINATED,ELIMINATED,ELIMINATED,ELIMINATED,ELIMINATED,ELIMINATED,ELIMINATED,ELIMINATED,91.0,19.0,72.0,77.3,23.9,50.1,3,Planner,Planner (91) / Sprinter (77),Medium
Gamblers Anonymous-1,4,BAL,SF,IND,LAR,KC,ELIMINATED,ELIMINATED,ELIMINATED,ELIMINATED,ELIMINATED,ELIMINATED,ELIMINATED,ELIMINATED,ELIMINATED,ELIMINATED,ELIMINATED,ELIMINATED,ELIMINATED,81.6,22.3,85.1,82.0,20.3,69.7,3,EV Hunter,EV Hunter (85) / Sprinter (82) / Planner (82),Medium
Gator28-1,4,BUF,ARI,IND,LAR,SF,ELIMINATED,ELIMINATED,ELIMINATED,ELIMINATED,ELIMINATED,ELIMINATED,ELIMINATED,ELIMINATED,ELIMINATED,ELIMINATED,ELIMINATED,ELIMINATED,ELIMINATED,86.3,14.7,76.5,82.1,25.5,46.7,3,Planner,Planner (86) / Sprinter (82) / EV Hunter (76),Medium
GONE WEST-1,4,PIT,ARI,TB,LAR,SF,ELIMINATED,ELIMINATED,ELIMINATED,ELIMINATED,ELIMINATED,ELIMINATED,ELIMINATED,ELIMINATED,ELIMINATED,ELIMINATED,ELIMINATED,ELIMINATED,ELIMINATED,88.7,9.1,90.2,89.6,16.3,36.8,3,EV Hunter,EV Hunter (90) / Sprinter (90) / Planner (89),Medium
GOOD TALK RUSS-2,4,KC,TB,IND,LAR,ELIMINATED,ELIMINATED,ELIMINATED,ELIMINATED,ELIMINATED,ELIMINATED,ELIMINATED,ELIMINATED,ELIMINATED,ELIMINATED,ELIMINATED,ELIMINATED,ELIMINATED,ELIMINATED,90.8,16.7,89.3,89.5,11.6,37.9,3,Planner,Planner (91) / Sprinter (90) / EV Hunter (89),Medium
Goodfellas-3,4,NE,PIT,CLE,LAR,SF,ELIMINATED,ELIMINATED,ELIMINATED,ELIMINATED,ELIMINATED,ELIMINATED,ELIMINATED,ELIMINATED,ELIMINATED,ELIMINATED,ELIMINATED,ELIMINATED,ELIMINATED,78.7,9.2,85.1,86.2,28.6,67.2,3,Sprinter,Sprinter (86) / EV Hunter (85) / Planner (79),Medium
Goodfellas-4,4,NE,PIT,CLE,LAR,SF,ELIMINATED,ELIMINATED,ELIMINATED,ELIMINATED,ELIMINATED,ELIMINATED,ELIMINATED,ELIMINATED,ELIMINATED,ELIMINATED,ELIMINATED,ELIMINATED,ELIMINATED,78.7,9.2,85.1,86.2,28.6,67.2,3,Sprinter,Sprinter (86) / EV Hunter (85) / Planner (79),Medium
Gopeter-1,4,PIT,KC,IND,BAL,SF,ELIMINATED,ELIMINATED,ELIMINATED,ELIMINATED,ELIMINATED,ELIMINATED,ELIMINATED,ELIMINATED,ELIMINATED,ELIMINATED,ELIMINATED,ELIMINATED,ELIMINATED,91.6,21.7,86.6,84.1,11.1,66.2,3,Planner,Planner (92) / EV Hunter (87) / Sprinter (84),Medium
Got2wins-1,4,BUF,TB,NE,LAR,KC,ELIMINATED,ELIMINATED,ELIMINATED,ELIMINATED,ELIMINATED,ELIMINATED,ELIMINATED,ELIMINATED,ELIMINATED,ELIMINATED,ELIMINATED,ELIMINATED,ELIMINATED,78.4,3.4,87.0,91.3,29.3,39.0,3,Sprinter,Sprinter (91) / EV Hunter (87) / Planner (78),Medium
GRAYSALMANAC-1,4,BUF,ARI,IND,LAR,SF,ELIMINATED,ELIMINATED,ELIMINATED,ELIMINATED,ELIMINATED,ELIMINATED,ELIMINATED,ELIMINATED,ELIMINATED,ELIMINATED,ELIMINATED,ELIMINATED,ELIMINATED,86.3,14.7,76.5,82.1,25.5,46.7,3,Planner,Planner (86) / Sprinter (82) / EV Hunter (76),Medium
GULF COAST GURU-2,4,PIT,CHI,CLE,LAR,SF,ELIMINATED,ELIMINATED,ELIMINATED,ELIMINATED,ELIMINATED,ELIMINATED,ELIMINATED,ELIMINATED,ELIMINATED,ELIMINATED,ELIMINATED,ELIMINATED,ELIMINATED,81.2,19.0,79.1,78.1,28.4,46.7,3,Planner,Planner (81) / EV Hunter (79) / Sprinter (78),Medium
HABITUAL LINESTEPPER-1,4,BAL,ARI,IND,LAR,SF,ELIMINATED,ELIMINATED,ELIMINATED,ELIMINATED,ELIMINATED,ELIMINATED,ELIMINATED,ELIMINATED,ELIMINATED,ELIMINATED,ELIMINATED,ELIMINATED,ELIMINATED,87.2,17.3,84.2,84.7,15.1,66.6,3,Planner,Planner (87) / Sprinter (85) / EV Hunter (84),Medium
HARTMANN-2,4,BUF,TB,IND,LAR,SF,ELIMINATED,ELIMINATED,ELIMINATED,ELIMINATED,ELIMINATED,ELIMINATED,ELIMINATED,ELIMINATED,ELIMINATED,ELIMINATED,ELIMINATED,ELIMINATED,ELIMINATED,90.8,13.6,78.5,83.2,18.4,43.6,3,Planner,Planner (91) / Sprinter (83) / EV Hunter (78),Medium
HAWKINS POE-1,4,NE,PIT,IND,LAR,SF,ELIMINATED,ELIMINATED,ELIMINATED,ELIMINATED,ELIMINATED,ELIMINATED,ELIMINATED,ELIMINATED,ELIMINATED,ELIMINATED,ELIMINATED,ELIMINATED,ELIMINATED,80.7,16.4,83.2,82.9,25.3,44.5,3,EV Hunter,EV Hunter (83) / Sprinter (83) / Planner (81),Medium
HeatStroke-1,4,BUF,TEN,IND,LAR,SF,ELIMINATED,ELIMINATED,ELIMINATED,ELIMINATED,ELIMINATED,ELIMINATED,ELIMINATED,ELIMINATED,ELIMINATED,ELIMINATED,ELIMINATED,ELIMINATED,ELIMINATED,88.5,14.2,74.2,79.6,24.6,47.8,3,Planner,Planner (88) / Sprinter (80) / EV Hunter (74),Medium
Helens Heroes-1,4,NE,TEN,CLE,TB,SF,ELIMINATED,ELIMINATED,ELIMINATED,ELIMINATED,ELIMINATED,ELIMINATED,ELIMINATED,ELIMINATED,ELIMINATED,ELIMINATED,ELIMINATED,ELIMINATED,ELIMINATED,74.6,8.1,85.3,88.0,35.8,18.5,3,Sprinter,Sprinter (88) / EV Hunter (85) / Planner (75),Medium
hoffytime.-1,4,KC,TEN,IND,LAR,SF,ELIMINATED,ELIMINATED,ELIMINATED,ELIMINATED,ELIMINATED,ELIMINATED,ELIMINATED,ELIMINATED,ELIMINATED,ELIMINATED,ELIMINATED,ELIMINATED,ELIMINATED,88.5,17.8,85.0,85.9,18.2,42.2,3,Planner,Planner (88) / Sprinter (86) / EV Hunter (85),Medium
hoffytime.-5,4,KC,TEN,CLE,BAL,SF,ELIMINATED,ELIMINATED,ELIMINATED,ELIMINATED,ELIMINATED,ELIMINATED,ELIMINATED,ELIMINATED,ELIMINATED,ELIMINATED,ELIMINATED,ELIMINATED,ELIMINATED,87.9,10.2,86.8,89.6,21.1,14.5,3,Sprinter,Sprinter (90) / Planner (88) / EV Hunter (87),Medium
HORNET.-2,4,BUF,TB,IND,BAL,SF,ELIMINATED,ELIMINATED,ELIMINATED,ELIMINATED,ELIMINATED,ELIMINATED,ELIMINATED,ELIMINATED,ELIMINATED,ELIMINATED,ELIMINATED,ELIMINATED,ELIMINATED,90.8,13.6,78.5,83.2,18.4,43.6,3,Planner,Planner (91) / Sprinter (83) / EV Hunter (78),Medium
HORNET.-3,4,BUF,PIT,IND,LAR,NE,ELIMINATED,ELIMINATED,ELIMINATED,ELIMINATED,ELIMINATED,ELIMINATED,ELIMINATED,ELIMINATED,ELIMINATED,ELIMINATED,ELIMINATED,ELIMINATED,ELIMINATED,90.7,15.4,74.0,78.7,17.9,46.3,3,Planner,Planner (91) / Sprinter (79),Medium
HORNET.-4,4,BUF,GB,IND,BAL,NE,ELIMINATED,ELIMINATED,ELIMINATED,ELIMINATED,ELIMINATED,ELIMINATED,ELIMINATED,ELIMINATED,ELIMINATED,ELIMINATED,ELIMINATED,ELIMINATED,ELIMINATED,91.0,17.8,74.3,79.0,17.8,46.7,3,Planner,Planner (91) / Sprinter (79),Medium
Hoya Sack Sa-1,4,BUF,ARI,CLE,LAR,SF,ELIMINATED,ELIMINATED,ELIMINATED,ELIMINATED,ELIMINATED,ELIMINATED,ELIMINATED,ELIMINATED,ELIMINATED,ELIMINATED,ELIMINATED,ELIMINATED,ELIMINATED,84.4,7.5,78.7,85.4,28.0,19.0,3,Sprinter,Sprinter (85) / Planner (84) / EV Hunter (79),Medium
HR CAPPERS-1,4,NE,TB,IND,LAR,SF,ELIMINATED,ELIMINATED,ELIMINATED,ELIMINATED,ELIMINATED,ELIMINATED,ELIMINATED,ELIMINATED,ELIMINATED,ELIMINATED,ELIMINATED,ELIMINATED,ELIMINATED,80.4,14.7,87.7,87.3,25.8,41.8,3,EV Hunter,EV Hunter (88) / Sprinter (87) / Planner (80),Medium
ICE-1,4,PIT,TB,IND,LAR,SF,ELIMINATED,ELIMINATED,ELIMINATED,ELIMINATED,ELIMINATED,ELIMINATED,ELIMINATED,ELIMINATED,ELIMINATED,ELIMINATED,ELIMINATED,ELIMINATED,ELIMINATED,93.4,18.5,84.4,82.5,10.9,66.3,3,Planner,Planner (93) / EV Hunter (84) / Sprinter (82),Medium
IMAWHALE SPORTS-2,4,BAL,TB,IND,LAR,KC,ELIMINATED,ELIMINATED,ELIMINATED,ELIMINATED,ELIMINATED,ELIMINATED,ELIMINATED,ELIMINATED,ELIMINATED,ELIMINATED,ELIMINATED,ELIMINATED,ELIMINATED,92.3,15.7,85.6,85.8,7.4,63.4,3,Planner,Planner (92) / Sprinter (86) / EV Hunter (86),Medium
IMAWHALE SPORTS-3,4,NE,SF,CLE,BAL,KC,ELIMINATED,ELIMINATED,ELIMINATED,ELIMINATED,ELIMINATED,ELIMINATED,ELIMINATED,ELIMINATED,ELIMINATED,ELIMINATED,ELIMINATED,ELIMINATED,ELIMINATED,66.3,14.4,89.4,87.3,41.4,70.3,3,EV Hunter,EV Hunter (89) / Sprinter (87),Medium
Iron Mountain-2,4,PIT,TB,IND,LAR,SF,ELIMINATED,ELIMINATED,ELIMINATED,ELIMINATED,ELIMINATED,ELIMINATED,ELIMINATED,ELIMINATED,ELIMINATED,ELIMINATED,ELIMINATED,ELIMINATED,ELIMINATED,93.4,18.5,84.4,82.5,10.9,66.3,3,Planner,Planner (93) / EV Hunter (84) / Sprinter (82),Medium
IRONDOC-1,4,PIT,SF,IND,BAL,KC,ELIMINATED,ELIMINATED,ELIMINATED,ELIMINATED,ELIMINATED,ELIMINATED,ELIMINATED,ELIMINATED,ELIMINATED,ELIMINATED,ELIMINATED,ELIMINATED,ELIMINATED,83.3,24.5,83.9,78.2,22.7,72.4,3,EV Hunter,EV Hunter (84) / Planner (83) / Sprinter (78) / Tourist (72),Medium
It Ain't Breezy-1,4,BAL,ARI,IND,LAR,SF,ELIMINATED,ELIMINATED,ELIMINATED,ELIMINATED,ELIMINATED,ELIMINATED,ELIMINATED,ELIMINATED,ELIMINATED,ELIMINATED,ELIMINATED,ELIMINATED,ELIMINATED,87.2,17.3,84.2,84.7,15.1,66.6,3,Planner,Planner (87) / Sprinter (85) / EV Hunter (84),Medium
J Town Wise Guy-1,4,BAL,TEN,IND,LAR,SF,ELIMINATED,ELIMINATED,ELIMINATED,ELIMINATED,ELIMINATED,ELIMINATED,ELIMINATED,ELIMINATED,ELIMINATED,ELIMINATED,ELIMINATED,ELIMINATED,ELIMINATED,89.0,16.8,81.9,82.7,14.5,67.6,3,Planner,Planner (89) / Sprinter (83) / EV Hunter (82),Medium
Jack Hammer Time-1,4,NO,CLE,IND,LAR,SF,ELIMINATED,ELIMINATED,ELIMINATED,ELIMINATED,ELIMINATED,ELIMINATED,ELIMINATED,ELIMINATED,ELIMINATED,ELIMINATED,ELIMINATED,ELIMINATED,ELIMINATED,92.1,28.0,74.5,73.1,15.8,75.6,3,Planner,Planner (92),Medium
JEEEB 2020-1,4,PIT,SF,IND,LAR,KC,ELIMINATED,ELIMINATED,ELIMINATED,ELIMINATED,ELIMINATED,ELIMINATED,ELIMINATED,ELIMINATED,ELIMINATED,ELIMINATED,ELIMINATED,ELIMINATED,ELIMINATED,83.3,24.5,83.9,78.2,22.7,72.4,3,EV Hunter,EV Hunter (84) / Planner (83) / Sprinter (78) / Tourist (72),Medium
JEFF PROBST-1,4,NE,CHI,IND,LAR,SF,ELIMINATED,ELIMINATED,ELIMINATED,ELIMINATED,ELIMINATED,ELIMINATED,ELIMINATED,ELIMINATED,ELIMINATED,ELIMINATED,ELIMINATED,ELIMINATED,ELIMINATED,70.4,22.6,79.8,79.4,39.2,49.7,3,EV Hunter,EV Hunter (80) / Sprinter (79) / Planner (70),Medium
JEFF PROBST-2,4,NE,CHI,IND,LAR,SF,ELIMINATED,ELIMINATED,ELIMINATED,ELIMINATED,ELIMINATED,ELIMINATED,ELIMINATED,ELIMINATED,ELIMINATED,ELIMINATED,ELIMINATED,ELIMINATED,ELIMINATED,70.4,22.6,79.8,79.4,39.2,49.7,3,EV Hunter,EV Hunter (80) / Sprinter (79) / Planner (70),Medium
JEFF PROBST-3,4,NE,TEN,IND,LAR,SF,ELIMINATED,ELIMINATED,ELIMINATED,ELIMINATED,ELIMINATED,ELIMINATED,ELIMINATED,ELIMINATED,ELIMINATED,ELIMINATED,ELIMINATED,ELIMINATED,ELIMINATED,77.2,15.7,83.4,84.3,32.7,46.1,3,Sprinter,Sprinter (84) / EV Hunter (83) / Planner (77),Medium
JERSEY STRONG 16-2,4,BUF,TB,IND,LAR,SF,ELIMINATED,ELIMINATED,ELIMINATED,ELIMINATED,ELIMINATED,ELIMINATED,ELIMINATED,ELIMINATED,ELIMINATED,ELIMINATED,ELIMINATED,ELIMINATED,ELIMINATED,90.8,13.6,78.5,83.2,18.4,43.6,3,Planner,Planner (91) / Sprinter (83) / EV Hunter (78),Medium
JIVETURKEYEXPRESS-1,4,BAL,TB,IND,LAR,SF,ELIMINATED,ELIMINATED,ELIMINATED,ELIMINATED,ELIMINATED,ELIMINATED,ELIMINATED,ELIMINATED,ELIMINATED,ELIMINATED,ELIMINATED,ELIMINATED,ELIMINATED,92.3,15.7,85.6,85.8,7.4,63.4,3,Planner,Planner (92) / Sprinter (86) / EV Hunter (86),Medium
JMDTCASH-1,4,BUF,TEN,IND,LAR,SF,ELIMINATED,ELIMINATED,ELIMINATED,ELIMINATED,ELIMINATED,ELIMINATED,ELIMINATED,ELIMINATED,ELIMINATED,ELIMINATED,ELIMINATED,ELIMINATED,ELIMINATED,88.5,14.2,74.2,79.6,24.6,47.8,3,Planner,Planner (88) / Sprinter (80) / EV Hunter (74),Medium
JMDTCASH-2,4,BUF,ARI,IND,LAR,NE,ELIMINATED,ELIMINATED,ELIMINATED,ELIMINATED,ELIMINATED,ELIMINATED,ELIMINATED,ELIMINATED,ELIMINATED,ELIMINATED,ELIMINATED,ELIMINATED,ELIMINATED,86.3,14.7,76.5,82.1,25.5,46.7,3,Planner,Planner (86) / Sprinter (82) / EV Hunter (76),Medium
Jrod-3,4,BUF,GB,IND,LAR,KC,ELIMINATED,ELIMINATED,ELIMINATED,ELIMINATED,ELIMINATED,ELIMINATED,ELIMINATED,ELIMINATED,ELIMINATED,ELIMINATED,ELIMINATED,ELIMINATED,ELIMINATED,91.0,17.8,74.3,79.0,17.8,46.7,3,Planner,Planner (91) / Sprinter (79),Medium
JUICE IS FOR LOSERS-1,4,PIT,ARI,IND,BAL,SF,ELIMINATED,ELIMINATED,ELIMINATED,ELIMINATED,ELIMINATED,ELIMINATED,ELIMINATED,ELIMINATED,ELIMINATED,ELIMINATED,ELIMINATED,ELIMINATED,ELIMINATED,88.9,20.1,82.4,81.4,18.0,69.5,3,Planner,Planner (89) / EV Hunter (82) / Sprinter (81),Medium
KARMA.-1,4,BUF,PIT,IND,LAR,KC,ELIMINATED,ELIMINATED,ELIMINATED,ELIMINATED,ELIMINATED,ELIMINATED,ELIMINATED,ELIMINATED,ELIMINATED,ELIMINATED,ELIMINATED,ELIMINATED,ELIMINATED,90.7,15.4,74.0,78.7,17.9,46.3,3,Planner,Planner (91) / Sprinter (79),Medium
KAZBEK-1,4,BUF,ARI,IND,TB,SF,ELIMINATED,ELIMINATED,ELIMINATED,ELIMINATED,ELIMINATED,ELIMINATED,ELIMINATED,ELIMINATED,ELIMINATED,ELIMINATED,ELIMINATED,ELIMINATED,ELIMINATED,86.3,14.7,76.5,82.1,25.5,46.7,3,Planner,Planner (86) / Sprinter (82) / EV Hunter (76),Medium
Kendianes-1,4,KC,ARI,IND,LAR,SF,ELIMINATED,ELIMINATED,ELIMINATED,ELIMINATED,ELIMINATED,ELIMINATED,ELIMINATED,ELIMINATED,ELIMINATED,ELIMINATED,ELIMINATED,ELIMINATED,ELIMINATED,86.4,18.4,87.3,88.4,18.9,41.1,3,Sprinter,Sprinter (88) / EV Hunter (87) / Planner (86),Medium
kennywhitesports.com-1,4,NO,ARI,CLE,BAL,KC,ELIMINATED,ELIMINATED,ELIMINATED,ELIMINATED,ELIMINATED,ELIMINATED,ELIMINATED,ELIMINATED,ELIMINATED,ELIMINATED,ELIMINATED,ELIMINATED,ELIMINATED,86.7,16.7,80.8,81.6,20.3,44.7,3,Planner,Planner (87) / Sprinter (82) / EV Hunter (81),Medium
KillBillHill-1,4,BAL,TB,IND,LAR,KC,ELIMINATED,ELIMINATED,ELIMINATED,ELIMINATED,ELIMINATED,ELIMINATED,ELIMINATED,ELIMINATED,ELIMINATED,ELIMINATED,ELIMINATED,ELIMINATED,ELIMINATED,92.3,15.7,85.6,85.8,7.4,63.4,3,Planner,Planner (92) / Sprinter (86) / EV Hunter (86),Medium
Kitsunegari-1,4,PIT,TEN,CLE,BAL,SF,ELIMINATED,ELIMINATED,ELIMINATED,ELIMINATED,ELIMINATED,ELIMINATED,ELIMINATED,ELIMINATED,ELIMINATED,ELIMINATED,ELIMINATED,ELIMINATED,ELIMINATED,89.9,12.7,82.1,82.2,20.1,43.2,3,Planner,Planner (90) / Sprinter (82) / EV Hunter (82),Medium
KLOSE BUT NO CIGAR-1,4,BUF,TEN,IND,LAR,KC,ELIMINATED,ELIMINATED,ELIMINATED,ELIMINATED,ELIMINATED,ELIMINATED,ELIMINATED,ELIMINATED,ELIMINATED,ELIMINATED,ELIMINATED,ELIMINATED,ELIMINATED,88.5,14.2,74.2,79.6,24.6,47.8,3,Planner,Planner (88) / Sprinter (80) / EV Hunter (74),Medium
KobeBear2452-1,4,BUF,TEN,IND,LAR,KC,ELIMINATED,ELIMINATED,ELIMINATED,ELIMINATED,ELIMINATED,ELIMINATED,ELIMINATED,ELIMINATED,ELIMINATED,ELIMINATED,ELIMINATED,ELIMINATED,ELIMINATED,88.5,14.2,74.2,79.6,24.6,47.8,3,Planner,Planner (88) / Sprinter (80) / EV Hunter (74),Medium
Larry B 27-1,4,BUF,TB,IND,BAL,SF,ELIMINATED,ELIMINATED,ELIMINATED,ELIMINATED,ELIMINATED,ELIMINATED,ELIMINATED,ELIMINATED,ELIMINATED,ELIMINATED,ELIMINATED,ELIMINATED,ELIMINATED,90.8,13.6,78.5,83.2,18.4,43.6,3,Planner,Planner (91) / Sprinter (83) / EV Hunter (78),Medium
Lightning-5,4,NO,ARI,IND,LAR,SF,ELIMINATED,ELIMINATED,ELIMINATED,ELIMINATED,ELIMINATED,ELIMINATED,ELIMINATED,ELIMINATED,ELIMINATED,ELIMINATED,ELIMINATED,ELIMINATED,ELIMINATED,86.8,23.7,78.9,79.0,17.7,71.9,3,Planner,Planner (87) / Sprinter (79) / EV Hunter (79) / Tourist (72),Medium
Lloyd Christmas-1,4,KC,TB,NE,LAR,SF,ELIMINATED,ELIMINATED,ELIMINATED,ELIMINATED,ELIMINATED,ELIMINATED,ELIMINATED,ELIMINATED,ELIMINATED,ELIMINATED,ELIMINATED,ELIMINATED,ELIMINATED,78.6,6.9,98.2,98.4,23.7,33.4,3,Sprinter,Sprinter (98) / EV Hunter (98),Medium
Locksmith-2,4,NE,TB,CLE,LAR,SF,ELIMINATED,ELIMINATED,ELIMINATED,ELIMINATED,ELIMINATED,ELIMINATED,ELIMINATED,ELIMINATED,ELIMINATED,ELIMINATED,ELIMINATED,ELIMINATED,ELIMINATED,78.7,7.1,89.9,91.0,29.2,14.2,3,Sprinter,Sprinter (91) / EV Hunter (90) / Planner (79),Medium
LUKEDERUK-1,4,BAL,KC,IND,LAR,SF,ELIMINATED,ELIMINATED,ELIMINATED,ELIMINATED,ELIMINATED,ELIMINATED,ELIMINATED,ELIMINATED,ELIMINATED,ELIMINATED,ELIMINATED,ELIMINATED,ELIMINATED,91.1,18.9,87.2,86.9,4.5,63.6,3,Planner,Planner (91) / EV Hunter (87) / Sprinter (87),Medium
Luther41-3,4,BUF,PIT,CLE,BAL,SF,ELIMINATED,ELIMINATED,ELIMINATED,ELIMINATED,ELIMINATED,ELIMINATED,ELIMINATED,ELIMINATED,ELIMINATED,ELIMINATED,ELIMINATED,ELIMINATED,ELIMINATED,89.4,8.5,75.9,82.0,20.7,68.9,3,Planner,Planner (89) / Sprinter (82) / EV Hunter (76),Medium
Luther41-5,4,NE,TEN,IND,BAL,SF,ELIMINATED,ELIMINATED,ELIMINATED,ELIMINATED,ELIMINATED,ELIMINATED,ELIMINATED,ELIMINATED,ELIMINATED,ELIMINATED,ELIMINATED,ELIMINATED,ELIMINATED,77.2,15.7,83.4,84.3,32.7,46.1,3,Sprinter,Sprinter (84) / EV Hunter (83) / Planner (77),Medium
Maiowe-2,4,BUF,CLE,NE,LAR,SF,ELIMINATED,ELIMINATED,ELIMINATED,ELIMINATED,ELIMINATED,ELIMINATED,ELIMINATED,ELIMINATED,ELIMINATED,ELIMINATED,ELIMINATED,ELIMINATED,ELIMINATED,77.6,8.8,80.5,85.4,34.0,45.2,3,Sprinter,Sprinter (85) / EV Hunter (80) / Planner (78),Medium
MALM20-1,4,LAC,ARI,CLE,LAR,ELIMINATED,ELIMINATED,ELIMINATED,ELIMINATED,ELIMINATED,ELIMINATED,ELIMINATED,ELIMINATED,ELIMINATED,ELIMINATED,ELIMINATED,ELIMINATED,ELIMINATED,ELIMINATED,86.5,17.8,76.6,78.8,28.4,24.7,3,Planner,Planner (86) / Sprinter (79) / EV Hunter (77),Medium
MALM20-3,4,PIT,TB,NE,SEA,SF,ELIMINATED,ELIMINATED,ELIMINATED,ELIMINATED,ELIMINATED,ELIMINATED,ELIMINATED,ELIMINATED,ELIMINATED,ELIMINATED,ELIMINATED,ELIMINATED,ELIMINATED,81.5,9.0,92.2,90.3,22.6,62.4,3,EV Hunter,EV Hunter (92) / Sprinter (90) / Planner (82),Medium
MALM20-4,4,NE,TB,CLE,BAL,SF,ELIMINATED,ELIMINATED,ELIMINATED,ELIMINATED,ELIMINATED,ELIMINATED,ELIMINATED,ELIMINATED,ELIMINATED,ELIMINATED,ELIMINATED,ELIMINATED,ELIMINATED,78.7,7.1,89.9,91.0,29.2,14.2,3,Sprinter,Sprinter (91) / EV Hunter (90) / Planner (79),Medium
Mandelorian39-1,4,BAL,TB,IND,LAR,KC,ELIMINATED,ELIMINATED,ELIMINATED,ELIMINATED,ELIMINATED,ELIMINATED,ELIMINATED,ELIMINATED,ELIMINATED,ELIMINATED,ELIMINATED,ELIMINATED,ELIMINATED,92.3,15.7,85.6,85.8,7.4,63.4,3,Planner,Planner (92) / Sprinter (86) / EV Hunter (86),Medium
Mandelorian39-2,4,BAL,TB,IND,LAR,KC,ELIMINATED,ELIMINATED,ELIMINATED,ELIMINATED,ELIMINATED,ELIMINATED,ELIMINATED,ELIMINATED,ELIMINATED,ELIMINATED,ELIMINATED,ELIMINATED,ELIMINATED,92.3,15.7,85.6,85.8,7.4,63.4,3,Planner,Planner (92) / Sprinter (86) / EV Hunter (86),Medium
Mandelorian39-3,4,BAL,TB,IND,LAR,KC,ELIMINATED,ELIMINATED,ELIMINATED,ELIMINATED,ELIMINATED,ELIMINATED,ELIMINATED,ELIMINATED,ELIMINATED,ELIMINATED,ELIMINATED,ELIMINATED,ELIMINATED,92.3,15.7,85.6,85.8,7.4,63.4,3,Planner,Planner (92) / Sprinter (86) / EV Hunter (86),Medium
Mandelorian39-4,4,NE,TEN,CLE,BAL,SF,ELIMINATED,ELIMINATED,ELIMINATED,ELIMINATED,ELIMINATED,ELIMINATED,ELIMINATED,ELIMINATED,ELIMINATED,ELIMINATED,ELIMINATED,ELIMINATED,ELIMINATED,74.6,8.1,85.3,88.0,35.8,18.5,3,Sprinter,Sprinter (88) / EV Hunter (85) / Planner (75),Medium
Mandelorian39-5,4,NE,TEN,CLE,BAL,SF,ELIMINATED,ELIMINATED,ELIMINATED,ELIMINATED,ELIMINATED,ELIMINATED,ELIMINATED,ELIMINATED,ELIMINATED,ELIMINATED,ELIMINATED,ELIMINATED,ELIMINATED,74.6,8.1,85.3,88.0,35.8,18.5,3,Sprinter,Sprinter (88) / EV Hunter (85) / Planner (75),Medium
MATADOR-2,4,PIT,BUF,IND,LAR,SF,ELIMINATED,ELIMINATED,ELIMINATED,ELIMINATED,ELIMINATED,ELIMINATED,ELIMINATED,ELIMINATED,ELIMINATED,ELIMINATED,ELIMINATED,ELIMINATED,ELIMINATED,91.6,19.0,74.9,77.7,16.8,72.0,3,Planner,Planner (92) / Sprinter (78),Medium
MAX-2,4,BUF,ARI,CLE,BAL,SF,ELIMINATED,ELIMINATED,ELIMINATED,ELIMINATED,ELIMINATED,ELIMINATED,ELIMINATED,ELIMINATED,ELIMINATED,ELIMINATED,ELIMINATED,ELIMINATED,ELIMINATED,84.4,7.5,78.7,85.4,28.0,19.0,3,Sprinter,Sprinter (85) / Planner (84) / EV Hunter (79),Medium
Mcduffys-2,4,BAL,TEN,CLE,LAR,SF,ELIMINATED,ELIMINATED,ELIMINATED,ELIMINATED,ELIMINATED,ELIMINATED,ELIMINATED,ELIMINATED,ELIMINATED,ELIMINATED,ELIMINATED,ELIMINATED,ELIMINATED,88.4,9.6,83.7,86.4,17.4,40.0,3,Planner,Planner (88) / Sprinter (86) / EV Hunter (84),Medium
Mean Machine-1,4,KC,TEN,IND,LAR,SF,ELIMINATED,ELIMINATED,ELIMINATED,ELIMINATED,ELIMINATED,ELIMINATED,ELIMINATED,ELIMINATED,ELIMINATED,ELIMINATED,ELIMINATED,ELIMINATED,ELIMINATED,88.5,17.8,85.0,85.9,18.2,42.2,3,Planner,Planner (88) / Sprinter (86) / EV Hunter (85),Medium
Mikex2nRH-3,4,BAL,BUF,IND,LAR,KC,ELIMINATED,ELIMINATED,ELIMINATED,ELIMINATED,ELIMINATED,ELIMINATED,ELIMINATED,ELIMINATED,ELIMINATED,ELIMINATED,ELIMINATED,ELIMINATED,ELIMINATED,89.5,16.2,75.6,81.5,14.1,69.3,3,Planner,Planner (90) / Sprinter (82) / EV Hunter (76),Medium
mlbpitcherPSYCHIC-1,4,BUF,TEN,IND,LAR,SF,ELIMINATED,ELIMINATED,ELIMINATED,ELIMINATED,ELIMINATED,ELIMINATED,ELIMINATED,ELIMINATED,ELIMINATED,ELIMINATED,ELIMINATED,ELIMINATED,ELIMINATED,88.5,14.2,74.2,79.6,24.6,47.8,3,Planner,Planner (88) / Sprinter (80) / EV Hunter (74),Medium
Mucked Nuts.-2,4,NE,TB,CLE,BAL,SF,ELIMINATED,ELIMINATED,ELIMINATED,ELIMINATED,ELIMINATED,ELIMINATED,ELIMINATED,ELIMINATED,ELIMINATED,ELIMINATED,ELIMINATED,ELIMINATED,ELIMINATED,78.7,7.1,89.9,91.0,29.2,14.2,3,Sprinter,Sprinter (91) / EV Hunter (90) / Planner (79),Medium
Must86-1,4,BAL,TB,IND,LAR,SF,ELIMINATED,ELIMINATED,ELIMINATED,ELIMINATED,ELIMINATED,ELIMINATED,ELIMINATED,ELIMINATED,ELIMINATED,ELIMINATED,ELIMINATED,ELIMINATED,ELIMINATED,92.3,15.7,85.6,85.8,7.4,63.4,3,Planner,Planner (92) / Sprinter (86) / EV Hunter (86),Medium
No Regrets-1,4,KC,PIT,IND,LAR,SF,ELIMINATED,ELIMINATED,ELIMINATED,ELIMINATED,ELIMINATED,ELIMINATED,ELIMINATED,ELIMINATED,ELIMINATED,ELIMINATED,ELIMINATED,ELIMINATED,ELIMINATED,91.5,19.1,84.8,84.5,11.1,40.8,3,Planner,Planner (92) / EV Hunter (85) / Sprinter (84),Medium
NOTGambling-2,4,PIT,TB,NE,NO,ATL,ELIMINATED,ELIMINATED,ELIMINATED,ELIMINATED,ELIMINATED,ELIMINATED,ELIMINATED,ELIMINATED,ELIMINATED,ELIMINATED,ELIMINATED,ELIMINATED,ELIMINATED,81.5,9.0,92.2,90.3,22.6,62.4,3,EV Hunter,EV Hunter (92) / Sprinter (90) / Planner (82),Medium
NOTJOE'SAVGJALAPENOS-1,4,BUF,PIT,IND,LAR,SF,ELIMINATED,ELIMINATED,ELIMINATED,ELIMINATED,ELIMINATED,ELIMINATED,ELIMINATED,ELIMINATED,ELIMINATED,ELIMINATED,ELIMINATED,ELIMINATED,ELIMINATED,90.7,15.4,74.0,78.7,17.9,46.3,3,Planner,Planner (91) / Sprinter (79),Medium
NOTJOE'SAVGJALAPENOS-2,4,BUF,PIT,IND,LAR,SF,ELIMINATED,ELIMINATED,ELIMINATED,ELIMINATED,ELIMINATED,ELIMINATED,ELIMINATED,ELIMINATED,ELIMINATED,ELIMINATED,ELIMINATED,ELIMINATED,ELIMINATED,90.7,15.4,74.0,78.7,17.9,46.3,3,Planner,Planner (91) / Sprinter (79),Medium
NYBallers-1,4,BUF,ARI,NE,TB,SF,ELIMINATED,ELIMINATED,ELIMINATED,ELIMINATED,ELIMINATED,ELIMINATED,ELIMINATED,ELIMINATED,ELIMINATED,ELIMINATED,ELIMINATED,ELIMINATED,ELIMINATED,73.3,4.5,85.4,89.9,35.4,41.8,3,Sprinter,Sprinter (90) / EV Hunter (85),Medium
O8UNLV-1,4,BUF,SF,IND,LAR,TB,ELIMINATED,ELIMINATED,ELIMINATED,ELIMINATED,ELIMINATED,ELIMINATED,ELIMINATED,ELIMINATED,ELIMINATED,ELIMINATED,ELIMINATED,ELIMINATED,ELIMINATED,81.2,20.2,77.9,78.9,29.7,74.7,3,Planner,Planner (81) / Sprinter (79) / EV Hunter (78) / Tourist (75),Medium
ODBMG-2,4,BUF,TEN,IND,LAR,SF,ELIMINATED,ELIMINATED,ELIMINATED,ELIMINATED,ELIMINATED,ELIMINATED,ELIMINATED,ELIMINATED,ELIMINATED,ELIMINATED,ELIMINATED,ELIMINATED,ELIMINATED,88.5,14.2,74.2,79.6,24.6,47.8,3,Planner,Planner (88) / Sprinter (80) / EV Hunter (74),Medium
ODBMG-3,4,BUF,TEN,IND,LAR,SF,ELIMINATED,ELIMINATED,ELIMINATED,ELIMINATED,ELIMINATED,ELIMINATED,ELIMINATED,ELIMINATED,ELIMINATED,ELIMINATED,ELIMINATED,ELIMINATED,ELIMINATED,88.5,14.2,74.2,79.6,24.6,47.8,3,Planner,Planner (88) / Sprinter (80) / EV Hunter (74),Medium
One Man Gang-1,4,BUF,SF,IND,LAR,KC,ELIMINATED,ELIMINATED,ELIMINATED,ELIMINATED,ELIMINATED,ELIMINATED,ELIMINATED,ELIMINATED,ELIMINATED,ELIMINATED,ELIMINATED,ELIMINATED,ELIMINATED,81.2,20.2,77.9,78.9,29.7,74.7,3,Planner,Planner (81) / Sprinter (79) / EV Hunter (78) / Tourist (75),Medium
ORDER UP-1,4,BUF,TEN,NE,LAR,SF,ELIMINATED,ELIMINATED,ELIMINATED,ELIMINATED,ELIMINATED,ELIMINATED,ELIMINATED,ELIMINATED,ELIMINATED,ELIMINATED,ELIMINATED,ELIMINATED,ELIMINATED,75.4,4.0,82.7,87.7,34.7,42.9,3,Sprinter,Sprinter (88) / EV Hunter (83) / Planner (75),Medium
Orionsbelt-1,4,BUF,GB,NE,LAR,SF,ELIMINATED,ELIMINATED,ELIMINATED,ELIMINATED,ELIMINATED,ELIMINATED,ELIMINATED,ELIMINATED,ELIMINATED,ELIMINATED,ELIMINATED,ELIMINATED,ELIMINATED,79.1,7.6,83.2,87.2,28.7,67.1,3,Sprinter,Sprinter (87) / EV Hunter (83) / Planner (79),Medium
Paddy Mac.-1,4,BAL,TEN,IND,LAR,SF,ELIMINATED,ELIMINATED,ELIMINATED,ELIMINATED,ELIMINATED,ELIMINATED,ELIMINATED,ELIMINATED,ELIMINATED,ELIMINATED,ELIMINATED,ELIMINATED,ELIMINATED,89.0,16.8,81.9,82.7,14.5,67.6,3,Planner,Planner (89) / Sprinter (83) / EV Hunter (82),Medium
Pauline Park-1,4,BUF,TB,IND,BAL,KC,ELIMINATED,ELIMINATED,ELIMINATED,ELIMINATED,ELIMINATED,ELIMINATED,ELIMINATED,ELIMINATED,ELIMINATED,ELIMINATED,ELIMINATED,ELIMINATED,ELIMINATED,90.8,13.6,78.5,83.2,18.4,43.6,3,Planner,Planner (91) / Sprinter (83) / EV Hunter (78),Medium
PGAMOPTOUR5-1,4,NE,TB,IND,BAL,SF,ELIMINATED,ELIMINATED,ELIMINATED,ELIMINATED,ELIMINATED,ELIMINATED,ELIMINATED,ELIMINATED,ELIMINATED,ELIMINATED,ELIMINATED,ELIMINATED,ELIMINATED,80.4,14.7,87.7,87.3,25.8,41.8,3,EV Hunter,EV Hunter (88) / Sprinter (87) / Planner (80),Medium
PHOENIX 2 VEGAS-1,4,NE,TB,IND,LAR,SF,ELIMINATED,ELIMINATED,ELIMINATED,ELIMINATED,ELIMINATED,ELIMINATED,ELIMINATED,ELIMINATED,ELIMINATED,ELIMINATED,ELIMINATED,ELIMINATED,ELIMINATED,80.4,14.7,87.7,87.3,25.8,41.8,3,EV Hunter,EV Hunter (88) / Sprinter (87) / Planner (80),Medium
PISO MOJADO-5,4,BUF,TB,NE,LAR,SF,ELIMINATED,ELIMINATED,ELIMINATED,ELIMINATED,ELIMINATED,ELIMINATED,ELIMINATED,ELIMINATED,ELIMINATED,ELIMINATED,ELIMINATED,ELIMINATED,ELIMINATED,78.4,3.4,87.0,91.3,29.3,39.0,3,Sprinter,Sprinter (91) / EV Hunter (87) / Planner (78),Medium
PROBST-2,4,NE,ARI,IND,LAR,SF,ELIMINATED,ELIMINATED,ELIMINATED,ELIMINATED,ELIMINATED,ELIMINATED,ELIMINATED,ELIMINATED,ELIMINATED,ELIMINATED,ELIMINATED,ELIMINATED,ELIMINATED,75.1,16.3,85.7,86.8,33.6,45.0,3,Sprinter,Sprinter (87) / EV Hunter (86) / Planner (75),Medium
Puppy Kisses-3,4,BUF,TEN,CLE,LAR,SF,ELIMINATED,ELIMINATED,ELIMINATED,ELIMINATED,ELIMINATED,ELIMINATED,ELIMINATED,ELIMINATED,ELIMINATED,ELIMINATED,ELIMINATED,ELIMINATED,ELIMINATED,86.6,6.9,76.0,83.3,27.2,20.1,3,Planner,Planner (87) / Sprinter (83) / EV Hunter (76),Medium
RAM FANS714-1,4,KC,GB,IND,LAR,SF,ELIMINATED,ELIMINATED,ELIMINATED,ELIMINATED,ELIMINATED,ELIMINATED,ELIMINATED,ELIMINATED,ELIMINATED,ELIMINATED,ELIMINATED,ELIMINATED,ELIMINATED,92.0,20.9,85.2,85.3,11.2,41.0,3,Planner,Planner (92) / Sprinter (85) / EV Hunter (85),Medium
RedRock 817-2,4,BAL,ARI,IND,LAR,SF,ELIMINATED,ELIMINATED,ELIMINATED,ELIMINATED,ELIMINATED,ELIMINATED,ELIMINATED,ELIMINATED,ELIMINATED,ELIMINATED,ELIMINATED,ELIMINATED,ELIMINATED,87.2,17.3,84.2,84.7,15.1,66.6,3,Planner,Planner (87) / Sprinter (85) / EV Hunter (84),Medium
Roundtrip-1,4,PIT,TEN,IND,LAR,SF,ELIMINATED,ELIMINATED,ELIMINATED,ELIMINATED,ELIMINATED,ELIMINATED,ELIMINATED,ELIMINATED,ELIMINATED,ELIMINATED,ELIMINATED,ELIMINATED,ELIMINATED,90.8,19.5,80.7,78.9,17.2,70.4,3,Planner,Planner (91) / EV Hunter (81) / Sprinter (79),Medium
RUSH 2112 YYZ-2,4,NE,TB,IND,LAR,SF,ELIMINATED,ELIMINATED,ELIMINATED,ELIMINATED,ELIMINATED,ELIMINATED,ELIMINATED,ELIMINATED,ELIMINATED,ELIMINATED,ELIMINATED,ELIMINATED,ELIMINATED,80.4,14.7,87.7,87.3,25.8,41.8,3,EV Hunter,EV Hunter (88) / Sprinter (87) / Planner (80),Medium
RUSH 2112 YYZ-5,4,BUF,ARI,IND,LAR,SF,ELIMINATED,ELIMINATED,ELIMINATED,ELIMINATED,ELIMINATED,ELIMINATED,ELIMINATED,ELIMINATED,ELIMINATED,ELIMINATED,ELIMINATED,ELIMINATED,ELIMINATED,86.3,14.7,76.5,82.1,25.5,46.7,3,Planner,Planner (86) / Sprinter (82) / EV Hunter (76),Medium
RYAN HOJO-1,4,BUF,TB,CLE,BAL,SF,ELIMINATED,ELIMINATED,ELIMINATED,ELIMINATED,ELIMINATED,ELIMINATED,ELIMINATED,ELIMINATED,ELIMINATED,ELIMINATED,ELIMINATED,ELIMINATED,ELIMINATED,89.9,6.4,80.7,86.9,21.3,16.0,3,Planner,Planner (90) / Sprinter (87) / EV Hunter (81),Medium
Schematic Advantage-1,4,KC,ARI,CLE,LAR,SF,ELIMINATED,ELIMINATED,ELIMINATED,ELIMINATED,ELIMINATED,ELIMINATED,ELIMINATED,ELIMINATED,ELIMINATED,ELIMINATED,ELIMINATED,ELIMINATED,ELIMINATED,85.7,10.8,89.5,91.7,21.8,13.5,3,Sprinter,Sprinter (92) / EV Hunter (90) / Planner (86),Medium
Schematic Advantage-3,4,BUF,TEN,CLE,BAL,SF,ELIMINATED,ELIMINATED,ELIMINATED,ELIMINATED,ELIMINATED,ELIMINATED,ELIMINATED,ELIMINATED,ELIMINATED,ELIMINATED,ELIMINATED,ELIMINATED,ELIMINATED,86.6,6.9,76.0,83.3,27.2,20.1,3,Planner,Planner (87) / Sprinter (83) / EV Hunter (76),Medium
scourrge-3,4,NE,ARI,CLE,LAR,SF,ELIMINATED,ELIMINATED,ELIMINATED,ELIMINATED,ELIMINATED,ELIMINATED,ELIMINATED,ELIMINATED,ELIMINATED,ELIMINATED,ELIMINATED,ELIMINATED,ELIMINATED,72.4,8.7,88.0,90.1,36.5,17.4,3,Sprinter,Sprinter (90) / EV Hunter (88),Medium
Scrlou41-2,4,BUF,TEN,CLE,BAL,SF,ELIMINATED,ELIMINATED,ELIMINATED,ELIMINATED,ELIMINATED,ELIMINATED,ELIMINATED,ELIMINATED,ELIMINATED,ELIMINATED,ELIMINATED,ELIMINATED,ELIMINATED,86.6,6.9,76.0,83.3,27.2,20.1,3,Planner,Planner (87) / Sprinter (83) / EV Hunter (76),Medium
Scrlou41-4,4,NE,PIT,TB,BAL,KC,ELIMINATED,ELIMINATED,ELIMINATED,ELIMINATED,ELIMINATED,ELIMINATED,ELIMINATED,ELIMINATED,ELIMINATED,ELIMINATED,ELIMINATED,ELIMINATED,ELIMINATED,80.2,5.5,91.0,91.0,23.6,61.9,3,EV Hunter,EV Hunter (91) / Sprinter (91) / Planner (80),Medium
Scrlou41-5,4,BUF,TB,IND,LAR,SF,ELIMINATED,ELIMINATED,ELIMINATED,ELIMINATED,ELIMINATED,ELIMINATED,ELIMINATED,ELIMINATED,ELIMINATED,ELIMINATED,ELIMINATED,ELIMINATED,ELIMINATED,90.8,13.6,78.5,83.2,18.4,43.6,3,Planner,Planner (91) / Sprinter (83) / EV Hunter (78),Medium
Sea Shel-1,4,BAL,GB,IND,LAR,SF,ELIMINATED,ELIMINATED,ELIMINATED,ELIMINATED,ELIMINATED,ELIMINATED,ELIMINATED,ELIMINATED,ELIMINATED,ELIMINATED,ELIMINATED,ELIMINATED,ELIMINATED,92.0,19.8,82.0,82.2,7.0,16.3,3,Planner,Planner (92) / Sprinter (82) / EV Hunter (82),Medium
Sean1923-1,4,BAL,TB,IND,LAR,KC,ELIMINATED,ELIMINATED,ELIMINATED,ELIMINATED,ELIMINATED,ELIMINATED,ELIMINATED,ELIMINATED,ELIMINATED,ELIMINATED,ELIMINATED,ELIMINATED,ELIMINATED,92.3,15.7,85.6,85.8,7.4,63.4,3,Planner,Planner (92) / Sprinter (86) / EV Hunter (86),Medium
Seatown Square-1,4,BUF,TB,IND,LAR,SF,ELIMINATED,ELIMINATED,ELIMINATED,ELIMINATED,ELIMINATED,ELIMINATED,ELIMINATED,ELIMINATED,ELIMINATED,ELIMINATED,ELIMINATED,ELIMINATED,ELIMINATED,90.8,13.6,78.5,83.2,18.4,43.6,3,Planner,Planner (91) / Sprinter (83) / EV Hunter (78),Medium
SELECT WEST-1,4,TEN,ARI,IND,LAR,KC,ELIMINATED,ELIMINATED,ELIMINATED,ELIMINATED,ELIMINATED,ELIMINATED,ELIMINATED,ELIMINATED,ELIMINATED,ELIMINATED,ELIMINATED,ELIMINATED,ELIMINATED,89.0,25.6,77.9,77.6,24.0,75.2,3,Planner,Planner (89) / EV Hunter (78) / Sprinter (78) / Tourist (75),Medium
SHAMWOW.-3,4,BUF,ARI,NE,BAL,KC,ELIMINATED,ELIMINATED,ELIMINATED,ELIMINATED,ELIMINATED,ELIMINATED,ELIMINATED,ELIMINATED,ELIMINATED,ELIMINATED,ELIMINATED,ELIMINATED,ELIMINATED,73.3,4.5,85.4,89.9,35.4,41.8,3,Sprinter,Sprinter (90) / EV Hunter (85),Medium
SharpSyndicateSports-1,4,BUF,TEN,IND,LAR,SF,ELIMINATED,ELIMINATED,ELIMINATED,ELIMINATED,ELIMINATED,ELIMINATED,ELIMINATED,ELIMINATED,ELIMINATED,ELIMINATED,ELIMINATED,ELIMINATED,ELIMINATED,88.5,14.2,74.2,79.6,24.6,47.8,3,Planner,Planner (88) / Sprinter (80) / EV Hunter (74),Medium
SharpSyndicateSports-3,4,BAL,TEN,IND,LAR,SF,ELIMINATED,ELIMINATED,ELIMINATED,ELIMINATED,ELIMINATED,ELIMINATED,ELIMINATED,ELIMINATED,ELIMINATED,ELIMINATED,ELIMINATED,ELIMINATED,ELIMINATED,89.0,16.8,81.9,82.7,14.5,67.6,3,Planner,Planner (89) / Sprinter (83) / EV Hunter (82),Medium
SharpSyndicateSports-4,4,NE,TEN,IND,LAR,SF,ELIMINATED,ELIMINATED,ELIMINATED,ELIMINATED,ELIMINATED,ELIMINATED,ELIMINATED,ELIMINATED,ELIMINATED,ELIMINATED,ELIMINATED,ELIMINATED,ELIMINATED,77.2,15.7,83.4,84.3,32.7,46.1,3,Sprinter,Sprinter (84) / EV Hunter (83) / Planner (77),Medium
Shustine-3,4,BUF,ARI,CLE,LAR,SF,ELIMINATED,ELIMINATED,ELIMINATED,ELIMINATED,ELIMINATED,ELIMINATED,ELIMINATED,ELIMINATED,ELIMINATED,ELIMINATED,ELIMINATED,ELIMINATED,ELIMINATED,84.4,7.5,78.7,85.4,28.0,19.0,3,Sprinter,Sprinter (85) / Planner (84) / EV Hunter (79),Medium
SJM-1,4,KC,ARI,IND,LAR,SF,ELIMINATED,ELIMINATED,ELIMINATED,ELIMINATED,ELIMINATED,ELIMINATED,ELIMINATED,ELIMINATED,ELIMINATED,ELIMINATED,ELIMINATED,ELIMINATED,ELIMINATED,86.4,18.4,87.3,88.4,18.9,41.1,3,Sprinter,Sprinter (88) / EV Hunter (87) / Planner (86),Medium
SNOWFLAKE-2,4,PIT,TEN,NE,LAR,SF,ELIMINATED,ELIMINATED,ELIMINATED,ELIMINATED,ELIMINATED,ELIMINATED,ELIMINATED,ELIMINATED,ELIMINATED,ELIMINATED,ELIMINATED,ELIMINATED,ELIMINATED,78.4,10.1,88.4,86.7,28.0,66.3,3,EV Hunter,EV Hunter (88) / Sprinter (87) / Planner (78),Medium
SonnyLubickRules-2,4,BUF,GB,IND,LAR,SF,ELIMINATED,ELIMINATED,ELIMINATED,ELIMINATED,ELIMINATED,ELIMINATED,ELIMINATED,ELIMINATED,ELIMINATED,ELIMINATED,ELIMINATED,ELIMINATED,ELIMINATED,91.0,17.8,74.3,79.0,17.8,46.7,3,Planner,Planner (91) / Sprinter (79),Medium
Spaldy316-1,4,BAL,TB,IND,LAR,SF,ELIMINATED,ELIMINATED,ELIMINATED,ELIMINATED,ELIMINATED,ELIMINATED,ELIMINATED,ELIMINATED,ELIMINATED,ELIMINATED,ELIMINATED,ELIMINATED,ELIMINATED,92.3,15.7,85.6,85.8,7.4,63.4,3,Planner,Planner (92) / Sprinter (86) / EV Hunter (86),Medium
SPHINX-1,4,BAL,TB,IND,LAR,SF,ELIMINATED,ELIMINATED,ELIMINATED,ELIMINATED,ELIMINATED,ELIMINATED,ELIMINATED,ELIMINATED,ELIMINATED,ELIMINATED,ELIMINATED,ELIMINATED,ELIMINATED,92.3,15.7,85.6,85.8,7.4,63.4,3,Planner,Planner (92) / Sprinter (86) / EV Hunter (86),Medium
SPS-5,4,BUF,TB,IND,BAL,SF,ELIMINATED,ELIMINATED,ELIMINATED,ELIMINATED,ELIMINATED,ELIMINATED,ELIMINATED,ELIMINATED,ELIMINATED,ELIMINATED,ELIMINATED,ELIMINATED,ELIMINATED,90.8,13.6,78.5,83.2,18.4,43.6,3,Planner,Planner (91) / Sprinter (83) / EV Hunter (78),Medium
Squid-3,4,NE,CLE,IND,BAL,SF,ELIMINATED,ELIMINATED,ELIMINATED,ELIMINATED,ELIMINATED,ELIMINATED,ELIMINATED,ELIMINATED,ELIMINATED,ELIMINATED,ELIMINATED,ELIMINATED,ELIMINATED,80.6,20.0,80.7,80.9,31.5,48.7,3,Sprinter,Sprinter (81) / EV Hunter (81) / Planner (81),Medium
SSKERS82-1,4,PIT,TB,IND,LAR,SF,ELIMINATED,ELIMINATED,ELIMINATED,ELIMINATED,ELIMINATED,ELIMINATED,ELIMINATED,ELIMINATED,ELIMINATED,ELIMINATED,ELIMINATED,ELIMINATED,ELIMINATED,93.4,18.5,84.4,82.5,10.9,66.3,3,Planner,Planner (93) / EV Hunter (84) / Sprinter (82),Medium
Staying Alive-5,4,NE,TEN,IND,TB,SF,ELIMINATED,ELIMINATED,ELIMINATED,ELIMINATED,ELIMINATED,ELIMINATED,ELIMINATED,ELIMINATED,ELIMINATED,ELIMINATED,ELIMINATED,ELIMINATED,ELIMINATED,77.2,15.7,83.4,84.3,32.7,46.1,3,Sprinter,Sprinter (84) / EV Hunter (83) / Planner (77),Medium
Steel-1,4,NE,TEN,TB,LAR,KC,ELIMINATED,ELIMINATED,ELIMINATED,ELIMINATED,ELIMINATED,ELIMINATED,ELIMINATED,ELIMINATED,ELIMINATED,ELIMINATED,ELIMINATED,ELIMINATED,ELIMINATED,75.8,4.4,91.6,93.2,31.0,13.0,3,Sprinter,Sprinter (93) / EV Hunter (92),Medium
Steven With A W-2,4,BUF,PIT,IND,LAR,SF,ELIMINATED,ELIMINATED,ELIMINATED,ELIMINATED,ELIMINATED,ELIMINATED,ELIMINATED,ELIMINATED,ELIMINATED,ELIMINATED,ELIMINATED,ELIMINATED,ELIMINATED,90.7,15.4,74.0,78.7,17.9,46.3,3,Planner,Planner (91) / Sprinter (79),Medium
Sting-2,4,BAL,ARI,IND,LAR,KC,ELIMINATED,ELIMINATED,ELIMINATED,ELIMINATED,ELIMINATED,ELIMINATED,ELIMINATED,ELIMINATED,ELIMINATED,ELIMINATED,ELIMINATED,ELIMINATED,ELIMINATED,87.2,17.3,84.2,84.7,15.1,66.6,3,Planner,Planner (87) / Sprinter (85) / EV Hunter (84),Medium
Sting-5,4,NE,TEN,IND,LAR,SF,ELIMINATED,ELIMINATED,ELIMINATED,ELIMINATED,ELIMINATED,ELIMINATED,ELIMINATED,ELIMINATED,ELIMINATED,ELIMINATED,ELIMINATED,ELIMINATED,ELIMINATED,77.2,15.7,83.4,84.3,32.7,46.1,3,Sprinter,Sprinter (84) / EV Hunter (83) / Planner (77),Medium
STUCKEY-1,4,BUF,CLE,NE,LAR,SF,ELIMINATED,ELIMINATED,ELIMINATED,ELIMINATED,ELIMINATED,ELIMINATED,ELIMINATED,ELIMINATED,ELIMINATED,ELIMINATED,ELIMINATED,ELIMINATED,ELIMINATED,77.6,8.8,80.5,85.4,34.0,45.2,3,Sprinter,Sprinter (85) / EV Hunter (80) / Planner (78),Medium
SUGARBEARS-1,4,PIT,ARI,CLE,BAL,KC,ELIMINATED,ELIMINATED,ELIMINATED,ELIMINATED,ELIMINATED,ELIMINATED,ELIMINATED,ELIMINATED,ELIMINATED,ELIMINATED,ELIMINATED,ELIMINATED,ELIMINATED,87.9,13.2,84.3,84.4,20.7,42.2,3,Planner,Planner (88) / Sprinter (84) / EV Hunter (84),Medium
TAHOE-2,4,BUF,TB,IND,GB,KC,ELIMINATED,ELIMINATED,ELIMINATED,ELIMINATED,ELIMINATED,ELIMINATED,ELIMINATED,ELIMINATED,ELIMINATED,ELIMINATED,ELIMINATED,ELIMINATED,ELIMINATED,90.8,13.6,78.5,83.2,18.4,43.6,3,Planner,Planner (91) / Sprinter (83) / EV Hunter (78),Medium
Tampa Daven-5,4,NE,ARI,CLE,BAL,SF,ELIMINATED,ELIMINATED,ELIMINATED,ELIMINATED,ELIMINATED,ELIMINATED,ELIMINATED,ELIMINATED,ELIMINATED,ELIMINATED,ELIMINATED,ELIMINATED,ELIMINATED,72.4,8.7,88.0,90.1,36.5,17.4,3,Sprinter,Sprinter (90) / EV Hunter (88),Medium
TD TONY-1,4,NE,TB,IND,LAR,SF,ELIMINATED,ELIMINATED,ELIMINATED,ELIMINATED,ELIMINATED,ELIMINATED,ELIMINATED,ELIMINATED,ELIMINATED,ELIMINATED,ELIMINATED,ELIMINATED,ELIMINATED,80.4,14.7,87.7,87.3,25.8,41.8,3,EV Hunter,EV Hunter (88) / Sprinter (87) / Planner (80),Medium
Team Barbara Lee-2,4,BAL,KC,IND,LAR,SF,ELIMINATED,ELIMINATED,ELIMINATED,ELIMINATED,ELIMINATED,ELIMINATED,ELIMINATED,ELIMINATED,ELIMINATED,ELIMINATED,ELIMINATED,ELIMINATED,ELIMINATED,91.1,18.9,87.2,86.9,4.5,63.6,3,Planner,Planner (91) / EV Hunter (87) / Sprinter (87),Medium
TEAM DUKE-1,4,BUF,CLE,NE,TB,SF,ELIMINATED,ELIMINATED,ELIMINATED,ELIMINATED,ELIMINATED,ELIMINATED,ELIMINATED,ELIMINATED,ELIMINATED,ELIMINATED,ELIMINATED,ELIMINATED,ELIMINATED,77.6,8.8,80.5,85.4,34.0,45.2,3,Sprinter,Sprinter (85) / EV Hunter (80) / Planner (78),Medium
TEAM MOIST-1,4,BUF,GB,IND,BAL,KC,ELIMINATED,ELIMINATED,ELIMINATED,ELIMINATED,ELIMINATED,ELIMINATED,ELIMINATED,ELIMINATED,ELIMINATED,ELIMINATED,ELIMINATED,ELIMINATED,ELIMINATED,91.0,17.8,74.3,79.0,17.8,46.7,3,Planner,Planner (91) / Sprinter (79),Medium
TEAM MOIST-2,4,BUF,GB,IND,LAR,KC,ELIMINATED,ELIMINATED,ELIMINATED,ELIMINATED,ELIMINATED,ELIMINATED,ELIMINATED,ELIMINATED,ELIMINATED,ELIMINATED,ELIMINATED,ELIMINATED,ELIMINATED,91.0,17.8,74.3,79.0,17.8,46.7,3,Planner,Planner (91) / Sprinter (79),Medium
THE INTANGIBLES-1,4,BUF,KC,IND,LAR,TB,ELIMINATED,ELIMINATED,ELIMINATED,ELIMINATED,ELIMINATED,ELIMINATED,ELIMINATED,ELIMINATED,ELIMINATED,ELIMINATED,ELIMINATED,ELIMINATED,ELIMINATED,89.1,16.8,80.6,84.8,18.6,43.5,3,Planner,Planner (89) / Sprinter (85) / EV Hunter (81),Medium
The Three Stooges-1,4,BUF,PIT,CLE,LAR,KC,ELIMINATED,ELIMINATED,ELIMINATED,ELIMINATED,ELIMINATED,ELIMINATED,ELIMINATED,ELIMINATED,ELIMINATED,ELIMINATED,ELIMINATED,ELIMINATED,ELIMINATED,89.4,8.5,75.9,82.0,20.7,68.9,3,Planner,Planner (89) / Sprinter (82) / EV Hunter (76),Medium
THE YEAR DYAL-1,4,BUF,PIT,IND,BAL,TB,ELIMINATED,ELIMINATED,ELIMINATED,ELIMINATED,ELIMINATED,ELIMINATED,ELIMINATED,ELIMINATED,ELIMINATED,ELIMINATED,ELIMINATED,ELIMINATED,ELIMINATED,90.7,15.4,74.0,78.7,17.9,46.3,3,Planner,Planner (91) / Sprinter (79),Medium
THE801CREW-2,4,BUF,TEN,IND,LAR,SF,ELIMINATED,ELIMINATED,ELIMINATED,ELIMINATED,ELIMINATED,ELIMINATED,ELIMINATED,ELIMINATED,ELIMINATED,ELIMINATED,ELIMINATED,ELIMINATED,ELIMINATED,88.5,14.2,74.2,79.6,24.6,47.8,3,Planner,Planner (88) / Sprinter (80) / EV Hunter (74),Medium
Thomas Shelby-2,4,BUF,ARI,CLE,BAL,SF,ELIMINATED,ELIMINATED,ELIMINATED,ELIMINATED,ELIMINATED,ELIMINATED,ELIMINATED,ELIMINATED,ELIMINATED,ELIMINATED,ELIMINATED,ELIMINATED,ELIMINATED,84.4,7.5,78.7,85.4,28.0,19.0,3,Sprinter,Sprinter (85) / Planner (84) / EV Hunter (79),Medium
TOMPAPAGEORGIO-4,4,BUF,TB,IND,LAR,KC,ELIMINATED,ELIMINATED,ELIMINATED,ELIMINATED,ELIMINATED,ELIMINATED,ELIMINATED,ELIMINATED,ELIMINATED,ELIMINATED,ELIMINATED,ELIMINATED,ELIMINATED,90.8,13.6,78.5,83.2,18.4,43.6,3,Planner,Planner (91) / Sprinter (83) / EV Hunter (78),Medium
U T S.-1,4,NE,ARI,IND,LAR,SF,ELIMINATED,ELIMINATED,ELIMINATED,ELIMINATED,ELIMINATED,ELIMINATED,ELIMINATED,ELIMINATED,ELIMINATED,ELIMINATED,ELIMINATED,ELIMINATED,ELIMINATED,75.1,16.3,85.7,86.8,33.6,45.0,3,Sprinter,Sprinter (87) / EV Hunter (86) / Planner (75),Medium
VEGAS MACHINE-1,4,BUF,CLE,IND,LAR,SF,ELIMINATED,ELIMINATED,ELIMINATED,ELIMINATED,ELIMINATED,ELIMINATED,ELIMINATED,ELIMINATED,ELIMINATED,ELIMINATED,ELIMINATED,ELIMINATED,ELIMINATED,91.0,19.0,72.0,77.3,23.9,50.1,3,Planner,Planner (91) / Sprinter (77),Medium
VOLARE CIECO-2,4,BAL,TB,NE,LAR,KC,ELIMINATED,ELIMINATED,ELIMINATED,ELIMINATED,ELIMINATED,ELIMINATED,ELIMINATED,ELIMINATED,ELIMINATED,ELIMINATED,ELIMINATED,ELIMINATED,ELIMINATED,80.5,5.9,94.2,94.3,19.3,59.1,3,Sprinter,Sprinter (94) / EV Hunter (94) / Planner (80),Medium
Wallyworld-1,4,BAL,PIT,IND,LAR,KC,ELIMINATED,ELIMINATED,ELIMINATED,ELIMINATED,ELIMINATED,ELIMINATED,ELIMINATED,ELIMINATED,ELIMINATED,ELIMINATED,ELIMINATED,ELIMINATED,ELIMINATED,91.5,18.0,81.7,81.3,7.0,16.1,3,Planner,Planner (92) / EV Hunter (82) / Sprinter (81),Medium
WARDOG-1,4,KC,PIT,IND,LAR,SF,ELIMINATED,ELIMINATED,ELIMINATED,ELIMINATED,ELIMINATED,ELIMINATED,ELIMINATED,ELIMINATED,ELIMINATED,ELIMINATED,ELIMINATED,ELIMINATED,ELIMINATED,91.5,19.1,84.8,84.5,11.1,40.8,3,Planner,Planner (92) / EV Hunter (85) / Sprinter (84),Medium
WARDOG-3,4,BAL,TB,IND,LAR,SF,ELIMINATED,ELIMINATED,ELIMINATED,ELIMINATED,ELIMINATED,ELIMINATED,ELIMINATED,ELIMINATED,ELIMINATED,ELIMINATED,ELIMINATED,ELIMINATED,ELIMINATED,92.3,15.7,85.6,85.8,7.4,63.4,3,Planner,Planner (92) / Sprinter (86) / EV Hunter (86),Medium
WAZ-1,4,PIT,ARI,CLE,LAR,SF,ELIMINATED,ELIMINATED,ELIMINATED,ELIMINATED,ELIMINATED,ELIMINATED,ELIMINATED,ELIMINATED,ELIMINATED,ELIMINATED,ELIMINATED,ELIMINATED,ELIMINATED,87.9,13.2,84.3,84.4,20.7,42.2,3,Planner,Planner (88) / Sprinter (84) / EV Hunter (84),Medium
WEEIII-1,4,KC,PIT,IND,LAR,SF,ELIMINATED,ELIMINATED,ELIMINATED,ELIMINATED,ELIMINATED,ELIMINATED,ELIMINATED,ELIMINATED,ELIMINATED,ELIMINATED,ELIMINATED,ELIMINATED,ELIMINATED,91.5,19.1,84.8,84.5,11.1,40.8,3,Planner,Planner (92) / EV Hunter (85) / Sprinter (84),Medium
WISE CAPPERS-1,4,BUF,TB,IND,LAR,SF,ELIMINATED,ELIMINATED,ELIMINATED,ELIMINATED,ELIMINATED,ELIMINATED,ELIMINATED,ELIMINATED,ELIMINATED,ELIMINATED,ELIMINATED,ELIMINATED,ELIMINATED,90.8,13.6,78.5,83.2,18.4,43.6,3,Planner,Planner (91) / Sprinter (83) / EV Hunter (78),Medium
Woody K-1,4,NE,PIT,IND,TB,KC,ELIMINATED,ELIMINATED,ELIMINATED,ELIMINATED,ELIMINATED,ELIMINATED,ELIMINATED,ELIMINATED,ELIMINATED,ELIMINATED,ELIMINATED,ELIMINATED,ELIMINATED,80.7,16.4,83.2,82.9,25.3,44.5,3,EV Hunter,EV Hunter (83) / Sprinter (83) / Planner (81),Medium
XIch-1,4,BAL,TEN,IND,LAR,SF,ELIMINATED,ELIMINATED,ELIMINATED,ELIMINATED,ELIMINATED,ELIMINATED,ELIMINATED,ELIMINATED,ELIMINATED,ELIMINATED,ELIMINATED,ELIMINATED,ELIMINATED,89.0,16.8,81.9,82.7,14.5,67.6,3,Planner,Planner (89) / Sprinter (83) / EV Hunter (82),Medium
XXYYZZ-2,4,NE,TB,IND,BAL,SF,ELIMINATED,ELIMINATED,ELIMINATED,ELIMINATED,ELIMINATED,ELIMINATED,ELIMINATED,ELIMINATED,ELIMINATED,ELIMINATED,ELIMINATED,ELIMINATED,ELIMINATED,80.4,14.7,87.7,87.3,25.8,41.8,3,EV Hunter,EV Hunter (88) / Sprinter (87) / Planner (80),Medium
YEEGONE3-4,4,BAL,ARI,CLE,LAR,SF,ELIMINATED,ELIMINATED,ELIMINATED,ELIMINATED,ELIMINATED,ELIMINATED,ELIMINATED,ELIMINATED,ELIMINATED,ELIMINATED,ELIMINATED,ELIMINATED,ELIMINATED,86.5,10.1,86.4,88.1,18.0,39.1,3,Sprinter,Sprinter (88) / Planner (86) / EV Hunter (86),Medium
* THE NUT SQUIRRELS-5,3,NE,ARI,CLE,SF,ELIMINATED,ELIMINATED,ELIMINATED,ELIMINATED,ELIMINATED,ELIMINATED,ELIMINATED,ELIMINATED,ELIMINATED,ELIMINATED,ELIMINATED,ELIMINATED,ELIMINATED,ELIMINATED,72.4,8.7,88.0,90.1,36.5,17.4,3,Sprinter,Sprinter (90) / EV Hunter (88),Medium
205-1,3,BAL,ARI,CLE,SF,ELIMINATED,ELIMINATED,ELIMINATED,ELIMINATED,ELIMINATED,ELIMINATED,ELIMINATED,ELIMINATED,ELIMINATED,ELIMINATED,ELIMINATED,ELIMINATED,ELIMINATED,ELIMINATED,86.5,10.1,86.4,88.1,18.0,39.1,3,Sprinter,Sprinter (88) / Planner (86) / EV Hunter (86),Medium
617 to 702-4,3,NE,ARI,CLE,SF,ELIMINATED,ELIMINATED,ELIMINATED,ELIMINATED,ELIMINATED,ELIMINATED,ELIMINATED,ELIMINATED,ELIMINATED,ELIMINATED,ELIMINATED,ELIMINATED,ELIMINATED,ELIMINATED,72.4,8.7,88.0,90.1,36.5,17.4,3,Sprinter,Sprinter (90) / EV Hunter (88),Medium
6620-1,3,PIT,GB,IND,ELIMINATED,ELIMINATED,ELIMINATED,ELIMINATED,ELIMINATED,ELIMINATED,ELIMINATED,ELIMINATED,ELIMINATED,ELIMINATED,ELIMINATED,ELIMINATED,ELIMINATED,ELIMINATED,ELIMINATED,92.8,22.6,80.8,78.4,10.4,19.3,3,Planner,Planner (93) / EV Hunter (81) / Sprinter (78),Medium
ACLVA-1,3,BUF,TEN,CLE,SF,ELIMINATED,ELIMINATED,ELIMINATED,ELIMINATED,ELIMINATED,ELIMINATED,ELIMINATED,ELIMINATED,ELIMINATED,ELIMINATED,ELIMINATED,ELIMINATED,ELIMINATED,ELIMINATED,86.6,6.9,76.0,83.3,27.2,20.1,3,Planner,Planner (87) / Sprinter (83) / EV Hunter (76),Medium
ATS.IO-1,3,LV,TEN,NE,SF,ELIMINATED,ELIMINATED,ELIMINATED,ELIMINATED,ELIMINATED,ELIMINATED,ELIMINATED,ELIMINATED,ELIMINATED,ELIMINATED,ELIMINATED,ELIMINATED,ELIMINATED,ELIMINATED,72.9,12.2,81.7,82.5,38.3,47.8,3,Sprinter,Sprinter (82) / EV Hunter (82) / Planner (73),Medium
BALD RAZORS-3,3,NE,TB,IND,SF,ELIMINATED,ELIMINATED,ELIMINATED,ELIMINATED,ELIMINATED,ELIMINATED,ELIMINATED,ELIMINATED,ELIMINATED,ELIMINATED,ELIMINATED,ELIMINATED,ELIMINATED,ELIMINATED,80.4,14.7,87.7,87.3,25.8,41.8,3,EV Hunter,EV Hunter (88) / Sprinter (87) / Planner (80),Medium
betlikeharout-1,3,BUF,ARI,CLE,ELIMINATED,ELIMINATED,ELIMINATED,ELIMINATED,ELIMINATED,ELIMINATED,ELIMINATED,ELIMINATED,ELIMINATED,ELIMINATED,ELIMINATED,ELIMINATED,ELIMINATED,ELIMINATED,ELIMINATED,84.4,7.5,78.7,85.4,28.0,19.0,3,Sprinter,Sprinter (85) / Planner (84) / EV Hunter (79),Medium
BIGDNICK-2,3,BUF,ARI,IND,SF,ELIMINATED,ELIMINATED,ELIMINATED,ELIMINATED,ELIMINATED,ELIMINATED,ELIMINATED,ELIMINATED,ELIMINATED,ELIMINATED,ELIMINATED,ELIMINATED,ELIMINATED,ELIMINATED,86.3,14.7,76.5,82.1,25.5,46.7,3,Planner,Planner (86) / Sprinter (82) / EV Hunter (76),Medium
BIGDNICK-4,3,BUF,TEN,CLE,SF,ELIMINATED,ELIMINATED,ELIMINATED,ELIMINATED,ELIMINATED,ELIMINATED,ELIMINATED,ELIMINATED,ELIMINATED,ELIMINATED,ELIMINATED,ELIMINATED,ELIMINATED,ELIMINATED,86.6,6.9,76.0,83.3,27.2,20.1,3,Planner,Planner (87) / Sprinter (83) / EV Hunter (76),Medium
Borg-1,3,NE,TB,CLE,SF,ELIMINATED,ELIMINATED,ELIMINATED,ELIMINATED,ELIMINATED,ELIMINATED,ELIMINATED,ELIMINATED,ELIMINATED,ELIMINATED,ELIMINATED,ELIMINATED,ELIMINATED,ELIMINATED,78.7,7.1,89.9,91.0,29.2,14.2,3,Sprinter,Sprinter (91) / EV Hunter (90) / Planner (79),Medium
Borg-3,3,BUF,TEN,CLE,SF,ELIMINATED,ELIMINATED,ELIMINATED,ELIMINATED,ELIMINATED,ELIMINATED,ELIMINATED,ELIMINATED,ELIMINATED,ELIMINATED,ELIMINATED,ELIMINATED,ELIMINATED,ELIMINATED,86.6,6.9,76.0,83.3,27.2,20.1,3,Planner,Planner (87) / Sprinter (83) / EV Hunter (76),Medium
callcustservice-2,3,BUF,GB,IND,NYJ,ELIMINATED,ELIMINATED,ELIMINATED,ELIMINATED,ELIMINATED,ELIMINATED,ELIMINATED,ELIMINATED,ELIMINATED,ELIMINATED,ELIMINATED,ELIMINATED,ELIMINATED,ELIMINATED,91.0,17.8,74.3,79.0,17.8,46.7,3,Planner,Planner (91) / Sprinter (79),Medium
Coast Life-1,3,NE,TB,IND,SF,ELIMINATED,ELIMINATED,ELIMINATED,ELIMINATED,ELIMINATED,ELIMINATED,ELIMINATED,ELIMINATED,ELIMINATED,ELIMINATED,ELIMINATED,ELIMINATED,ELIMINATED,ELIMINATED,80.4,14.7,87.7,87.3,25.8,41.8,3,EV Hunter,EV Hunter (88) / Sprinter (87) / Planner (80),Medium
Destiny's Grandchild-1,3,NE,TEN,CLE,SF,ELIMINATED,ELIMINATED,ELIMINATED,ELIMINATED,ELIMINATED,ELIMINATED,ELIMINATED,ELIMINATED,ELIMINATED,ELIMINATED,ELIMINATED,ELIMINATED,ELIMINATED,ELIMINATED,74.6,8.1,85.3,88.0,35.8,18.5,3,Sprinter,Sprinter (88) / EV Hunter (85) / Planner (75),Medium
DUCK-1,3,NE,GB,IND,SF,ELIMINATED,ELIMINATED,ELIMINATED,ELIMINATED,ELIMINATED,ELIMINATED,ELIMINATED,ELIMINATED,ELIMINATED,ELIMINATED,ELIMINATED,ELIMINATED,ELIMINATED,ELIMINATED,81.2,18.8,83.6,83.7,25.3,44.8,3,Sprinter,Sprinter (84) / EV Hunter (84) / Planner (81),Medium
DUCK-3,3,NE,TEN,CLE,SF,ELIMINATED,ELIMINATED,ELIMINATED,ELIMINATED,ELIMINATED,ELIMINATED,ELIMINATED,ELIMINATED,ELIMINATED,ELIMINATED,ELIMINATED,ELIMINATED,ELIMINATED,ELIMINATED,74.6,8.1,85.3,88.0,35.8,18.5,3,Sprinter,Sprinter (88) / EV Hunter (85) / Planner (75),Medium
DUCK-4,3,LV,TB,NE,SF,ELIMINATED,ELIMINATED,ELIMINATED,ELIMINATED,ELIMINATED,ELIMINATED,ELIMINATED,ELIMINATED,ELIMINATED,ELIMINATED,ELIMINATED,ELIMINATED,ELIMINATED,ELIMINATED,76.3,11.1,86.0,86.1,32.4,43.7,3,Sprinter,Sprinter (86) / EV Hunter (86) / Planner (76),Medium
GAMBLEBALLS-4,3,NE,TB,PIT,SF,ELIMINATED,ELIMINATED,ELIMINATED,ELIMINATED,ELIMINATED,ELIMINATED,ELIMINATED,ELIMINATED,ELIMINATED,ELIMINATED,ELIMINATED,ELIMINATED,ELIMINATED,ELIMINATED,81.7,4.8,92.9,92.5,23.8,35.9,3,EV Hunter,EV Hunter (93) / Sprinter (92) / Planner (82),Medium
handskatersofamerica-2,3,BAL,KC,IND,SF,ELIMINATED,ELIMINATED,ELIMINATED,ELIMINATED,ELIMINATED,ELIMINATED,ELIMINATED,ELIMINATED,ELIMINATED,ELIMINATED,ELIMINATED,ELIMINATED,ELIMINATED,ELIMINATED,91.1,18.9,87.2,86.9,4.5,63.6,3,Planner,Planner (91) / EV Hunter (87) / Sprinter (87),Medium
Lehrjet-4,3,BUF,ARI,IND,SF,ELIMINATED,ELIMINATED,ELIMINATED,ELIMINATED,ELIMINATED,ELIMINATED,ELIMINATED,ELIMINATED,ELIMINATED,ELIMINATED,ELIMINATED,ELIMINATED,ELIMINATED,ELIMINATED,86.3,14.7,76.5,82.1,25.5,46.7,3,Planner,Planner (86) / Sprinter (82) / EV Hunter (76),Medium
Mucked Nuts.-5,3,NE,TEN,IND,SF,ELIMINATED,ELIMINATED,ELIMINATED,ELIMINATED,ELIMINATED,ELIMINATED,ELIMINATED,ELIMINATED,ELIMINATED,ELIMINATED,ELIMINATED,ELIMINATED,ELIMINATED,ELIMINATED,77.2,15.7,83.4,84.3,32.7,46.1,3,Sprinter,Sprinter (84) / EV Hunter (83) / Planner (77),Medium
Pay ASAP-1,3,NE,TB,CLE,SF,ELIMINATED,ELIMINATED,ELIMINATED,ELIMINATED,ELIMINATED,ELIMINATED,ELIMINATED,ELIMINATED,ELIMINATED,ELIMINATED,ELIMINATED,ELIMINATED,ELIMINATED,ELIMINATED,78.7,7.1,89.9,91.0,29.2,14.2,3,Sprinter,Sprinter (91) / EV Hunter (90) / Planner (79),Medium
PGAMOPTOUR5-5,3,NE,TB,IND,SF,ELIMINATED,ELIMINATED,ELIMINATED,ELIMINATED,ELIMINATED,ELIMINATED,ELIMINATED,ELIMINATED,ELIMINATED,ELIMINATED,ELIMINATED,ELIMINATED,ELIMINATED,ELIMINATED,80.4,14.7,87.7,87.3,25.8,41.8,3,EV Hunter,EV Hunter (88) / Sprinter (87) / Planner (80),Medium
PKRDLRDOUG-1,3,BUF,CLE,IND,ELIMINATED,ELIMINATED,ELIMINATED,ELIMINATED,ELIMINATED,ELIMINATED,ELIMINATED,ELIMINATED,ELIMINATED,ELIMINATED,ELIMINATED,ELIMINATED,ELIMINATED,ELIMINATED,ELIMINATED,91.0,19.0,72.0,77.3,23.9,50.1,3,Planner,Planner (91) / Sprinter (77),Medium
RYAN HOJO-3,3,NE,ARI,TB,SF,ELIMINATED,ELIMINATED,ELIMINATED,ELIMINATED,ELIMINATED,ELIMINATED,ELIMINATED,ELIMINATED,ELIMINATED,ELIMINATED,ELIMINATED,ELIMINATED,ELIMINATED,ELIMINATED,73.6,5.0,94.3,95.3,31.7,11.9,3,Sprinter,Sprinter (95) / EV Hunter (94),Medium
Schematic Advantage-5,3,PIT,ARI,CLE,SF,ELIMINATED,ELIMINATED,ELIMINATED,ELIMINATED,ELIMINATED,ELIMINATED,ELIMINATED,ELIMINATED,ELIMINATED,ELIMINATED,ELIMINATED,ELIMINATED,ELIMINATED,ELIMINATED,87.9,13.2,84.3,84.4,20.7,42.2,3,Planner,Planner (88) / Sprinter (84) / EV Hunter (84),Medium
SCI-1,3,BUF,CLE,NE,HOU,ELIMINATED,ELIMINATED,ELIMINATED,ELIMINATED,ELIMINATED,ELIMINATED,ELIMINATED,ELIMINATED,ELIMINATED,ELIMINATED,ELIMINATED,ELIMINATED,ELIMINATED,ELIMINATED,77.6,8.8,80.5,85.4,34.0,45.2,3,Sprinter,Sprinter (85) / EV Hunter (80) / Planner (78),Medium
SCI-2,3,BUF,CLE,NE,HOU,ELIMINATED,ELIMINATED,ELIMINATED,ELIMINATED,ELIMINATED,ELIMINATED,ELIMINATED,ELIMINATED,ELIMINATED,ELIMINATED,ELIMINATED,ELIMINATED,ELIMINATED,ELIMINATED,77.6,8.8,80.5,85.4,34.0,45.2,3,Sprinter,Sprinter (85) / EV Hunter (80) / Planner (78),Medium
Scrappydoo 1-1,3,BUF,PIT,IND,SF,ELIMINATED,ELIMINATED,ELIMINATED,ELIMINATED,ELIMINATED,ELIMINATED,ELIMINATED,ELIMINATED,ELIMINATED,ELIMINATED,ELIMINATED,ELIMINATED,ELIMINATED,ELIMINATED,90.7,15.4,74.0,78.7,17.9,46.3,3,Planner,Planner (91) / Sprinter (79),Medium
SFisher-2,3,BAL,CHI,TB,HOU,ELIMINATED,ELIMINATED,ELIMINATED,ELIMINATED,ELIMINATED,ELIMINATED,ELIMINATED,ELIMINATED,ELIMINATED,ELIMINATED,ELIMINATED,ELIMINATED,ELIMINATED,ELIMINATED,81.7,11.9,86.8,87.2,20.2,37.9,3,Sprinter,Sprinter (87) / EV Hunter (87) / Planner (82),Medium
Slater-5,3,PIT,KC,TEN,JAC,ELIMINATED,ELIMINATED,ELIMINATED,ELIMINATED,ELIMINATED,ELIMINATED,ELIMINATED,ELIMINATED,ELIMINATED,ELIMINATED,ELIMINATED,ELIMINATED,ELIMINATED,ELIMINATED,89.0,11.5,91.8,90.0,15.0,36.6,3,EV Hunter,EV Hunter (92) / Sprinter (90) / Planner (89),Medium
SPASMUS-1,3,KC,TB,CLE,SF,ELIMINATED,ELIMINATED,ELIMINATED,ELIMINATED,ELIMINATED,ELIMINATED,ELIMINATED,ELIMINATED,ELIMINATED,ELIMINATED,ELIMINATED,ELIMINATED,ELIMINATED,ELIMINATED,91.2,9.1,91.5,93.2,14.9,10.3,3,Sprinter,Sprinter (93) / EV Hunter (92) / Planner (91),Medium
SWERVY JACKSON-1,3,NE,CHI,CLE,SF,ELIMINATED,ELIMINATED,ELIMINATED,ELIMINATED,ELIMINATED,ELIMINATED,ELIMINATED,ELIMINATED,ELIMINATED,ELIMINATED,ELIMINATED,ELIMINATED,ELIMINATED,ELIMINATED,67.7,15.0,81.7,82.8,42.6,22.2,3,Sprinter,Sprinter (83) / EV Hunter (82),Medium
Washington Redskins-1,3,BUF,TB,CLE,SF,ELIMINATED,ELIMINATED,ELIMINATED,ELIMINATED,ELIMINATED,ELIMINATED,ELIMINATED,ELIMINATED,ELIMINATED,ELIMINATED,ELIMINATED,ELIMINATED,ELIMINATED,ELIMINATED,89.9,6.4,80.7,86.9,21.3,16.0,3,Planner,Planner (90) / Sprinter (87) / EV Hunter (81),Medium
Zenyatta-1,3,PIT,ARI,IND,SF,ELIMINATED,ELIMINATED,ELIMINATED,ELIMINATED,ELIMINATED,ELIMINATED,ELIMINATED,ELIMINATED,ELIMINATED,ELIMINATED,ELIMINATED,ELIMINATED,ELIMINATED,ELIMINATED,88.9,20.1,82.4,81.4,18.0,69.5,3,Planner,Planner (89) / EV Hunter (82) / Sprinter (81),Medium
Al The Sly-2,2,BAL,IND,MIN,ELIMINATED,ELIMINATED,ELIMINATED,ELIMINATED,ELIMINATED,ELIMINATED,ELIMINATED,ELIMINATED,ELIMINATED,ELIMINATED,ELIMINATED,ELIMINATED,ELIMINATED,ELIMINATED,ELIMINATED,91.2,28.4,71.7,71.5,14.6,52.1,3,Planner,Planner (91),Medium
BBBH-1,2,BUF,TEN,ARI,ELIMINATED,ELIMINATED,ELIMINATED,ELIMINATED,ELIMINATED,ELIMINATED,ELIMINATED,ELIMINATED,ELIMINATED,ELIMINATED,ELIMINATED,ELIMINATED,ELIMINATED,ELIMINATED,ELIMINATED,82.4,3.6,81.2,87.4,28.6,16.9,3,Sprinter,Sprinter (87) / Planner (82) / EV Hunter (81),Medium
BBOSSE22-1,2,BUF,CLE,LAC,ELIMINATED,ELIMINATED,ELIMINATED,ELIMINATED,ELIMINATED,ELIMINATED,ELIMINATED,ELIMINATED,ELIMINATED,ELIMINATED,ELIMINATED,ELIMINATED,ELIMINATED,ELIMINATED,ELIMINATED,74.4,32.9,49.8,55.0,18.2,45.6,3,Planner,Planner (74),Medium
Bedrock Giants-1,2,BUF,ARI,LAC,ELIMINATED,ELIMINATED,ELIMINATED,ELIMINATED,ELIMINATED,ELIMINATED,ELIMINATED,ELIMINATED,ELIMINATED,ELIMINATED,ELIMINATED,ELIMINATED,ELIMINATED,ELIMINATED,ELIMINATED,70.0,28.6,55.0,59.9,19.8,42.2,3,Planner,Planner (70) / Sprinter (60) / EV Hunter (55),Medium
BIGSHOTBOBANDTHEBOYS-1,2,BUF,TB,ARI,ELIMINATED,ELIMINATED,ELIMINATED,ELIMINATED,ELIMINATED,ELIMINATED,ELIMINATED,ELIMINATED,ELIMINATED,ELIMINATED,ELIMINATED,ELIMINATED,ELIMINATED,ELIMINATED,ELIMINATED,85.8,3.1,85.9,91.0,22.6,12.8,3,Sprinter,Sprinter (91) / EV Hunter (86) / Planner (86),Medium
Bison Sports-2,2,NE,KC,PHI,ELIMINATED,ELIMINATED,ELIMINATED,ELIMINATED,ELIMINATED,ELIMINATED,ELIMINATED,ELIMINATED,ELIMINATED,ELIMINATED,ELIMINATED,ELIMINATED,ELIMINATED,ELIMINATED,ELIMINATED,73.8,22.0,84.1,84.1,33.1,21.2,3,EV Hunter,EV Hunter (84) / Sprinter (84) / Planner (74),Medium
BMAC-4,2,NE,GB,LAC,ELIMINATED,ELIMINATED,ELIMINATED,ELIMINATED,ELIMINATED,ELIMINATED,ELIMINATED,ELIMINATED,ELIMINATED,ELIMINATED,ELIMINATED,ELIMINATED,ELIMINATED,ELIMINATED,ELIMINATED,66.9,32.5,61.7,61.9,20.6,65.7,3,Planner,Planner (67) / Tourist (66) / Sprinter (62) / EV Hunter (62),Medium
BonkAgainstTheSpread-5,2,BUF,PIT,ARI,ELIMINATED,ELIMINATED,ELIMINATED,ELIMINATED,ELIMINATED,ELIMINATED,ELIMINATED,ELIMINATED,ELIMINATED,ELIMINATED,ELIMINATED,ELIMINATED,ELIMINATED,ELIMINATED,ELIMINATED,85.6,5.6,80.7,85.7,21.9,66.1,3,Sprinter,Sprinter (86) / Planner (86) / EV Hunter (81),Medium
Brad D-1,2,NE,ARI,LAC,ELIMINATED,ELIMINATED,ELIMINATED,ELIMINATED,ELIMINATED,ELIMINATED,ELIMINATED,ELIMINATED,ELIMINATED,ELIMINATED,ELIMINATED,ELIMINATED,ELIMINATED,ELIMINATED,ELIMINATED,59.6,30.3,63.9,64.6,27.9,40.9,3,Sprinter,Sprinter (65) / EV Hunter (64) / Planner (60),Medium
BRIAR GREEN-1,2,LAC,CLE,JAC,ELIMINATED,ELIMINATED,ELIMINATED,ELIMINATED,ELIMINATED,ELIMINATED,ELIMINATED,ELIMINATED,ELIMINATED,ELIMINATED,ELIMINATED,ELIMINATED,ELIMINATED,ELIMINATED,ELIMINATED,91.2,34.8,53.5,49.9,20.5,52.8,3,Planner,Planner (91),Medium
BRIAR GREEN-2,2,NE,TEN,LAC,ELIMINATED,ELIMINATED,ELIMINATED,ELIMINATED,ELIMINATED,ELIMINATED,ELIMINATED,ELIMINATED,ELIMINATED,ELIMINATED,ELIMINATED,ELIMINATED,ELIMINATED,ELIMINATED,ELIMINATED,61.8,29.6,61.2,62.4,27.2,42.0,3,Sprinter,Sprinter (62) / Planner (62) / EV Hunter (61),Medium
BRIAR GREEN-3,2,BUF,TEN,LAC,ELIMINATED,ELIMINATED,ELIMINATED,ELIMINATED,ELIMINATED,ELIMINATED,ELIMINATED,ELIMINATED,ELIMINATED,ELIMINATED,ELIMINATED,ELIMINATED,ELIMINATED,ELIMINATED,ELIMINATED,72.1,27.9,52.3,57.7,19.1,43.3,3,Planner,Planner (72) / Sprinter (58),Medium
BTSMH55-1,2,BAL,GB,LAC,ELIMINATED,ELIMINATED,ELIMINATED,ELIMINATED,ELIMINATED,ELIMINATED,ELIMINATED,ELIMINATED,ELIMINATED,ELIMINATED,ELIMINATED,ELIMINATED,ELIMINATED,ELIMINATED,ELIMINATED,77.7,33.4,60.2,60.4,3.0,37.2,3,Planner,Planner (78),Medium
BUFFALO SOULJA-1,2,NE,TB,ELIMINATED,ELIMINATED,ELIMINATED,ELIMINATED,ELIMINATED,ELIMINATED,ELIMINATED,ELIMINATED,ELIMINATED,ELIMINATED,ELIMINATED,ELIMINATED,ELIMINATED,ELIMINATED,ELIMINATED,ELIMINATED,73.7,3.9,96.0,96.0,30.7,10.5,2,EV Hunter,EV Hunter (96) / Sprinter (96),Medium
Bugsy's Brigade-1,2,BUF,GB,ARI,ELIMINATED,ELIMINATED,ELIMINATED,ELIMINATED,ELIMINATED,ELIMINATED,ELIMINATED,ELIMINATED,ELIMINATED,ELIMINATED,ELIMINATED,ELIMINATED,ELIMINATED,ELIMINATED,ELIMINATED,86.6,7.2,81.7,86.8,22.0,65.9,3,Sprinter,Sprinter (87) / Planner (87) / EV Hunter (82),Medium
C.A.G.E-2,2,PIT,KC,ATL,ELIMINATED,ELIMINATED,ELIMINATED,ELIMINATED,ELIMINATED,ELIMINATED,ELIMINATED,ELIMINATED,ELIMINATED,ELIMINATED,ELIMINATED,ELIMINATED,ELIMINATED,ELIMINATED,ELIMINATED,87.2,27.2,81.8,78.2,18.4,71.1,3,Planner,Planner (87) / EV Hunter (82) / Sprinter (78),Medium
C.A.G.E-3,2,PIT,GB,ATL,ELIMINATED,ELIMINATED,ELIMINATED,ELIMINATED,ELIMINATED,ELIMINATED,ELIMINATED,ELIMINATED,ELIMINATED,ELIMINATED,ELIMINATED,ELIMINATED,ELIMINATED,ELIMINATED,ELIMINATED,89.1,28.3,76.0,72.4,17.6,48.9,3,Planner,Planner (89) / EV Hunter (76),Medium
CAJUNWOLF-1,2,BUF,TEN,LAC,ELIMINATED,ELIMINATED,ELIMINATED,ELIMINATED,ELIMINATED,ELIMINATED,ELIMINATED,ELIMINATED,ELIMINATED,ELIMINATED,ELIMINATED,ELIMINATED,ELIMINATED,ELIMINATED,ELIMINATED,72.1,27.9,52.3,57.7,19.1,43.3,3,Planner,Planner (72) / Sprinter (58),Medium
callcustservice-1,2,NE,IND,PHI,ELIMINATED,ELIMINATED,ELIMINATED,ELIMINATED,ELIMINATED,ELIMINATED,ELIMINATED,ELIMINATED,ELIMINATED,ELIMINATED,ELIMINATED,ELIMINATED,ELIMINATED,ELIMINATED,ELIMINATED,74.5,31.4,73.2,73.2,34.9,80.1,3,Tourist,Tourist (80) / Planner (74) / EV Hunter (73) / Sprinter (73),Medium
callcustservice-3,2,NO,ARI,ATL,ELIMINATED,ELIMINATED,ELIMINATED,ELIMINATED,ELIMINATED,ELIMINATED,ELIMINATED,ELIMINATED,ELIMINATED,ELIMINATED,ELIMINATED,ELIMINATED,ELIMINATED,ELIMINATED,ELIMINATED,81.8,29.1,74.9,73.4,24.3,76.0,3,Planner,Planner (82) / Tourist (76) / EV Hunter (75) / Sprinter (73),Medium
DALLAS-1,2,BUF,ARI,ATL,ELIMINATED,ELIMINATED,ELIMINATED,ELIMINATED,ELIMINATED,ELIMINATED,ELIMINATED,ELIMINATED,ELIMINATED,ELIMINATED,ELIMINATED,ELIMINATED,ELIMINATED,ELIMINATED,ELIMINATED,80.7,20.2,72.4,76.5,31.3,50.6,3,Planner,Planner (81) / Sprinter (76) / EV Hunter (72),Medium
Dble Dutch18-1,2,NE,CLE,ATL,ELIMINATED,ELIMINATED,ELIMINATED,ELIMINATED,ELIMINATED,ELIMINATED,ELIMINATED,ELIMINATED,ELIMINATED,ELIMINATED,ELIMINATED,ELIMINATED,ELIMINATED,ELIMINATED,ELIMINATED,74.8,26.0,75.9,75.0,37.1,52.8,3,EV Hunter,EV Hunter (76) / Sprinter (75) / Planner (75),Medium
DeserBo-1,2,KC,CLE,JAC,ELIMINATED,ELIMINATED,ELIMINATED,ELIMINATED,ELIMINATED,ELIMINATED,ELIMINATED,ELIMINATED,ELIMINATED,ELIMINATED,ELIMINATED,ELIMINATED,ELIMINATED,ELIMINATED,ELIMINATED,89.5,27.1,66.4,62.8,15.2,42.3,3,Planner,Planner (90),Medium
Don Guayo-1,2,BUF,TB,LAC,ELIMINATED,ELIMINATED,ELIMINATED,ELIMINATED,ELIMINATED,ELIMINATED,ELIMINATED,ELIMINATED,ELIMINATED,ELIMINATED,ELIMINATED,ELIMINATED,ELIMINATED,ELIMINATED,ELIMINATED,75.3,27.5,56.6,61.0,13.5,39.5,3,Planner,Planner (75) / Sprinter (61),Medium
DONTTELLYOURSISTER-1,2,NE,TB,LAC,ELIMINATED,ELIMINATED,ELIMINATED,ELIMINATED,ELIMINATED,ELIMINATED,ELIMINATED,ELIMINATED,ELIMINATED,ELIMINATED,ELIMINATED,ELIMINATED,ELIMINATED,ELIMINATED,ELIMINATED,65.7,28.7,65.5,65.1,21.0,38.0,3,Planner,Planner (66) / EV Hunter (66) / Sprinter (65),Medium
DOUG'S TEAM-2,2,BUF,TB,LAC,ELIMINATED,ELIMINATED,ELIMINATED,ELIMINATED,ELIMINATED,ELIMINATED,ELIMINATED,ELIMINATED,ELIMINATED,ELIMINATED,ELIMINATED,ELIMINATED,ELIMINATED,ELIMINATED,ELIMINATED,75.3,27.5,56.6,61.0,13.5,39.5,3,Planner,Planner (75) / Sprinter (61),Medium
DR B-4,2,PIT,TB,ARI,ELIMINATED,ELIMINATED,ELIMINATED,ELIMINATED,ELIMINATED,ELIMINATED,ELIMINATED,ELIMINATED,ELIMINATED,ELIMINATED,ELIMINATED,ELIMINATED,ELIMINATED,ELIMINATED,ELIMINATED,89.4,8.6,91.1,89.9,15.3,36.1,3,EV Hunter,EV Hunter (91) / Sprinter (90) / Planner (89),Medium
DR B-5,2,PIT,ARI,LAC,ELIMINATED,ELIMINATED,ELIMINATED,ELIMINATED,ELIMINATED,ELIMINATED,ELIMINATED,ELIMINATED,ELIMINATED,ELIMINATED,ELIMINATED,ELIMINATED,ELIMINATED,ELIMINATED,ELIMINATED,73.0,34.3,60.2,58.8,13.0,65.6,3,Planner,Planner (73) / Tourist (66) / EV Hunter (60) / Sprinter (59),Medium
DRYDIN-5,2,KC,ARI,BAL,ELIMINATED,ELIMINATED,ELIMINATED,ELIMINATED,ELIMINATED,ELIMINATED,ELIMINATED,ELIMINATED,ELIMINATED,ELIMINATED,ELIMINATED,ELIMINATED,ELIMINATED,ELIMINATED,ELIMINATED,86.8,9.3,95.5,95.8,13.6,33.1,3,Sprinter,Sprinter (96) / EV Hunter (96) / Planner (87),Medium
DUCK-2,2,NE,TEN,ARI,ELIMINATED,ELIMINATED,ELIMINATED,ELIMINATED,ELIMINATED,ELIMINATED,ELIMINATED,ELIMINATED,ELIMINATED,ELIMINATED,ELIMINATED,ELIMINATED,ELIMINATED,ELIMINATED,ELIMINATED,70.2,5.5,90.5,92.4,37.3,15.4,3,Sprinter,Sprinter (92) / EV Hunter (90),Medium
DUCK-5,2,LV,TB,LAC,ELIMINATED,ELIMINATED,ELIMINATED,ELIMINATED,ELIMINATED,ELIMINATED,ELIMINATED,ELIMINATED,ELIMINATED,ELIMINATED,ELIMINATED,ELIMINATED,ELIMINATED,ELIMINATED,ELIMINATED,74.8,35.2,55.6,55.7,16.1,44.4,3,Planner,Planner (75),Medium
Feech La Manna-1,2,PIT,CLE,PHI,ELIMINATED,ELIMINATED,ELIMINATED,ELIMINATED,ELIMINATED,ELIMINATED,ELIMINATED,ELIMINATED,ELIMINATED,ELIMINATED,ELIMINATED,ELIMINATED,ELIMINATED,ELIMINATED,ELIMINATED,87.7,28.3,73.3,71.8,23.8,52.1,3,Planner,Planner (88) / EV Hunter (73),Medium
Football Junkies-1,2,BAL,PIT,LAC,ELIMINATED,ELIMINATED,ELIMINATED,ELIMINATED,ELIMINATED,ELIMINATED,ELIMINATED,ELIMINATED,ELIMINATED,ELIMINATED,ELIMINATED,ELIMINATED,ELIMINATED,ELIMINATED,ELIMINATED,76.5,32.1,59.1,58.7,2.9,37.7,3,Planner,Planner (76),Medium
GAMBLEBALLS-1,2,BAL,ARI,PHI,ELIMINATED,ELIMINATED,ELIMINATED,ELIMINATED,ELIMINATED,ELIMINATED,ELIMINATED,ELIMINATED,ELIMINATED,ELIMINATED,ELIMINATED,ELIMINATED,ELIMINATED,ELIMINATED,ELIMINATED,81.9,21.4,79.7,80.3,22.5,45.7,3,Planner,Planner (82) / Sprinter (80) / EV Hunter (80),Medium
GAMBLEBALLS-2,2,LV,CHI,PHI,ELIMINATED,ELIMINATED,ELIMINATED,ELIMINATED,ELIMINATED,ELIMINATED,ELIMINATED,ELIMINATED,ELIMINATED,ELIMINATED,ELIMINATED,ELIMINATED,ELIMINATED,ELIMINATED,ELIMINATED,74.2,34.2,64.4,64.4,40.3,35.3,3,Planner,Planner (74) / EV Hunter (64) / Sprinter (64),Medium
GAMBLEBALLS-5,2,NE,ARI,LAC,ELIMINATED,ELIMINATED,ELIMINATED,ELIMINATED,ELIMINATED,ELIMINATED,ELIMINATED,ELIMINATED,ELIMINATED,ELIMINATED,ELIMINATED,ELIMINATED,ELIMINATED,ELIMINATED,ELIMINATED,59.6,30.3,63.9,64.6,27.9,40.9,3,Sprinter,Sprinter (65) / EV Hunter (64) / Planner (60),Medium
Gambles Lives Matter-1,2,NE,SEA,NO,ELIMINATED,ELIMINATED,ELIMINATED,ELIMINATED,ELIMINATED,ELIMINATED,ELIMINATED,ELIMINATED,ELIMINATED,ELIMINATED,ELIMINATED,ELIMINATED,ELIMINATED,ELIMINATED,ELIMINATED,74.4,21.9,82.1,79.3,22.2,46.2,3,EV Hunter,EV Hunter (82) / Sprinter (79) / Planner (74),Medium
Gator28-5,2,BUF,CLE,PHI,ELIMINATED,ELIMINATED,ELIMINATED,ELIMINATED,ELIMINATED,ELIMINATED,ELIMINATED,ELIMINATED,ELIMINATED,ELIMINATED,ELIMINATED,ELIMINATED,ELIMINATED,ELIMINATED,ELIMINATED,84.9,23.1,67.2,72.8,30.5,29.0,3,Planner,Planner (85) / Sprinter (73),Medium
Gene Machine-1,2,BUF,CLE,PHI,ELIMINATED,ELIMINATED,ELIMINATED,ELIMINATED,ELIMINATED,ELIMINATED,ELIMINATED,ELIMINATED,ELIMINATED,ELIMINATED,ELIMINATED,ELIMINATED,ELIMINATED,ELIMINATED,ELIMINATED,84.9,23.1,67.2,72.8,30.5,29.0,3,Planner,Planner (85) / Sprinter (73),Medium
Go For Two-2,2,BUF,SF,ATL,ELIMINATED,ELIMINATED,ELIMINATED,ELIMINATED,ELIMINATED,ELIMINATED,ELIMINATED,ELIMINATED,ELIMINATED,ELIMINATED,ELIMINATED,ELIMINATED,ELIMINATED,ELIMINATED,ELIMINATED,75.1,25.8,73.9,73.7,35.8,53.7,3,Planner,Planner (75) / EV Hunter (74) / Sprinter (74),Medium
Goodfellas-5,2,BAL,ARI,PHI,ELIMINATED,ELIMINATED,ELIMINATED,ELIMINATED,ELIMINATED,ELIMINATED,ELIMINATED,ELIMINATED,ELIMINATED,ELIMINATED,ELIMINATED,ELIMINATED,ELIMINATED,ELIMINATED,ELIMINATED,81.9,21.4,79.7,80.3,22.5,45.7,3,Planner,Planner (82) / Sprinter (80) / EV Hunter (80),Medium
Got2wins-2,2,BAL,GB,ARI,ELIMINATED,ELIMINATED,ELIMINATED,ELIMINATED,ELIMINATED,ELIMINATED,ELIMINATED,ELIMINATED,ELIMINATED,ELIMINATED,ELIMINATED,ELIMINATED,ELIMINATED,ELIMINATED,ELIMINATED,88.5,9.6,89.8,90.4,11.6,35.5,3,Sprinter,Sprinter (90) / EV Hunter (90) / Planner (88),Medium
HORNET.-5,2,BUF,ARI,LAC,ELIMINATED,ELIMINATED,ELIMINATED,ELIMINATED,ELIMINATED,ELIMINATED,ELIMINATED,ELIMINATED,ELIMINATED,ELIMINATED,ELIMINATED,ELIMINATED,ELIMINATED,ELIMINATED,ELIMINATED,70.0,28.6,55.0,59.9,19.8,42.2,3,Planner,Planner (70) / Sprinter (60) / EV Hunter (55),Medium
ICEMAN650-1,2,NO,TEN,JAC,ELIMINATED,ELIMINATED,ELIMINATED,ELIMINATED,ELIMINATED,ELIMINATED,ELIMINATED,ELIMINATED,ELIMINATED,ELIMINATED,ELIMINATED,ELIMINATED,ELIMINATED,ELIMINATED,ELIMINATED,86.4,28.2,61.1,57.2,15.1,70.6,3,Planner,Planner (86),Medium
ICEMAN650-2,2,TEN,TB,ATL,ELIMINATED,ELIMINATED,ELIMINATED,ELIMINATED,ELIMINATED,ELIMINATED,ELIMINATED,ELIMINATED,ELIMINATED,ELIMINATED,ELIMINATED,ELIMINATED,ELIMINATED,ELIMINATED,ELIMINATED,88.5,30.1,75.4,73.5,23.6,76.3,3,Planner,Planner (88) / Tourist (76) / EV Hunter (75) / Sprinter (74),Medium
ididn'tseethatcoming-1,2,KC,CLE,PHI,ELIMINATED,ELIMINATED,ELIMINATED,ELIMINATED,ELIMINATED,ELIMINATED,ELIMINATED,ELIMINATED,ELIMINATED,ELIMINATED,ELIMINATED,ELIMINATED,ELIMINATED,ELIMINATED,ELIMINATED,86.8,25.7,77.1,77.7,24.2,24.0,3,Planner,Planner (87) / Sprinter (78) / EV Hunter (77),Medium
ididn'tseethatcoming-2,2,KC,PIT,PHI,ELIMINATED,ELIMINATED,ELIMINATED,ELIMINATED,ELIMINATED,ELIMINATED,ELIMINATED,ELIMINATED,ELIMINATED,ELIMINATED,ELIMINATED,ELIMINATED,ELIMINATED,ELIMINATED,ELIMINATED,86.8,23.1,79.6,79.6,19.2,70.5,3,Planner,Planner (87) / EV Hunter (80) / Sprinter (80),Medium
ididn'tseethatcoming-5,2,KC,PIT,LAC,ELIMINATED,ELIMINATED,ELIMINATED,ELIMINATED,ELIMINATED,ELIMINATED,ELIMINATED,ELIMINATED,ELIMINATED,ELIMINATED,ELIMINATED,ELIMINATED,ELIMINATED,ELIMINATED,ELIMINATED,76.5,33.1,62.2,61.9,7.0,62.4,3,Planner,Planner (76) / Tourist (62) / EV Hunter (62) / Sprinter (62),Medium
Jackholes-1,2,BAL,KC,ARI,ELIMINATED,ELIMINATED,ELIMINATED,ELIMINATED,ELIMINATED,ELIMINATED,ELIMINATED,ELIMINATED,ELIMINATED,ELIMINATED,ELIMINATED,ELIMINATED,ELIMINATED,ELIMINATED,ELIMINATED,86.6,9.1,95.4,95.4,9.2,32.7,3,EV Hunter,EV Hunter (95) / Sprinter (95) / Planner (87),Medium
Jax 2 Win-4,2,BUF,TEN,LAC,ELIMINATED,ELIMINATED,ELIMINATED,ELIMINATED,ELIMINATED,ELIMINATED,ELIMINATED,ELIMINATED,ELIMINATED,ELIMINATED,ELIMINATED,ELIMINATED,ELIMINATED,ELIMINATED,ELIMINATED,72.1,27.9,52.3,57.7,19.1,43.3,3,Planner,Planner (72) / Sprinter (58),Medium
JEFF PROBST-5,2,BUF,CHI,LAC,ELIMINATED,ELIMINATED,ELIMINATED,ELIMINATED,ELIMINATED,ELIMINATED,ELIMINATED,ELIMINATED,ELIMINATED,ELIMINATED,ELIMINATED,ELIMINATED,ELIMINATED,ELIMINATED,ELIMINATED,65.2,35.2,49.6,54.0,26.7,46.7,3,Planner,Planner (65) / Sprinter (54),Medium
JOE D-1,2,KC,SF,JAC,ELIMINATED,ELIMINATED,ELIMINATED,ELIMINATED,ELIMINATED,ELIMINATED,ELIMINATED,ELIMINATED,ELIMINATED,ELIMINATED,ELIMINATED,ELIMINATED,ELIMINATED,ELIMINATED,ELIMINATED,78.1,28.4,73.2,65.5,22.0,66.9,3,Planner,Planner (78) / EV Hunter (73) / Tourist (67) / Sprinter (66),Medium
JOE D-3,2,LV,CLE,PHI,ELIMINATED,ELIMINATED,ELIMINATED,ELIMINATED,ELIMINATED,ELIMINATED,ELIMINATED,ELIMINATED,ELIMINATED,ELIMINATED,ELIMINATED,ELIMINATED,ELIMINATED,ELIMINATED,ELIMINATED,84.2,31.6,65.3,65.8,32.6,34.7,3,Planner,Planner (84),Medium
Jokey-2,2,BAL,PIT,LAC,ELIMINATED,ELIMINATED,ELIMINATED,ELIMINATED,ELIMINATED,ELIMINATED,ELIMINATED,ELIMINATED,ELIMINATED,ELIMINATED,ELIMINATED,ELIMINATED,ELIMINATED,ELIMINATED,ELIMINATED,76.5,32.1,59.1,58.7,2.9,37.7,3,Planner,Planner (76),Medium
JR Company-1,2,BAL,TEN,ATL,ELIMINATED,ELIMINATED,ELIMINATED,ELIMINATED,ELIMINATED,ELIMINATED,ELIMINATED,ELIMINATED,ELIMINATED,ELIMINATED,ELIMINATED,ELIMINATED,ELIMINATED,ELIMINATED,ELIMINATED,83.7,22.0,77.8,77.9,21.5,71.6,3,Planner,Planner (84) / Sprinter (78) / EV Hunter (78) / Tourist (72),Medium
Jrod-1,2,KC,TB,PHI,ELIMINATED,ELIMINATED,ELIMINATED,ELIMINATED,ELIMINATED,ELIMINATED,ELIMINATED,ELIMINATED,ELIMINATED,ELIMINATED,ELIMINATED,ELIMINATED,ELIMINATED,ELIMINATED,ELIMINATED,86.8,20.8,84.1,84.6,19.5,17.5,3,Planner,Planner (87) / Sprinter (85) / EV Hunter (84),Medium
Jrod-4,2,BAL,TEN,ARI,ELIMINATED,ELIMINATED,ELIMINATED,ELIMINATED,ELIMINATED,ELIMINATED,ELIMINATED,ELIMINATED,ELIMINATED,ELIMINATED,ELIMINATED,ELIMINATED,ELIMINATED,ELIMINATED,ELIMINATED,83.8,6.6,89.3,90.9,18.8,36.8,3,Sprinter,Sprinter (91) / EV Hunter (89) / Planner (84),Medium
Jrod-5,2,PIT,KC,LAC,ELIMINATED,ELIMINATED,ELIMINATED,ELIMINATED,ELIMINATED,ELIMINATED,ELIMINATED,ELIMINATED,ELIMINATED,ELIMINATED,ELIMINATED,ELIMINATED,ELIMINATED,ELIMINATED,ELIMINATED,76.6,35.8,64.0,61.5,6.9,62.7,3,Planner,Planner (77) / EV Hunter (64) / Tourist (63),Medium
JULIET SIERRA-1,2,KC,GB,ARI,ELIMINATED,ELIMINATED,ELIMINATED,ELIMINATED,ELIMINATED,ELIMINATED,ELIMINATED,ELIMINATED,ELIMINATED,ELIMINATED,ELIMINATED,ELIMINATED,ELIMINATED,ELIMINATED,ELIMINATED,88.3,10.7,92.9,93.8,15.8,60.2,3,Sprinter,Sprinter (94) / EV Hunter (93) / Planner (88),Medium
KDWSPORTS-2,2,BUF,ARI,LAC,ELIMINATED,ELIMINATED,ELIMINATED,ELIMINATED,ELIMINATED,ELIMINATED,ELIMINATED,ELIMINATED,ELIMINATED,ELIMINATED,ELIMINATED,ELIMINATED,ELIMINATED,ELIMINATED,ELIMINATED,70.0,28.6,55.0,59.9,19.8,42.2,3,Planner,Planner (70) / Sprinter (60) / EV Hunter (55),Medium
KDWSPORTS-3,2,NE,PIT,PHI,ELIMINATED,ELIMINATED,ELIMINATED,ELIMINATED,ELIMINATED,ELIMINATED,ELIMINATED,ELIMINATED,ELIMINATED,ELIMINATED,ELIMINATED,ELIMINATED,ELIMINATED,ELIMINATED,ELIMINATED,75.0,20.9,78.1,78.1,32.6,74.0,3,EV Hunter,EV Hunter (78) / Sprinter (78) / Planner (75) / Tourist (74),Medium
LEO-3,2,TEN,SEA,LAR,ELIMINATED,ELIMINATED,ELIMINATED,ELIMINATED,ELIMINATED,ELIMINATED,ELIMINATED,ELIMINATED,ELIMINATED,ELIMINATED,ELIMINATED,ELIMINATED,ELIMINATED,ELIMINATED,ELIMINATED,85.0,47.9,66.3,65.4,14.8,55.2,3,Planner,Planner (85),Medium
local 801-1,2,LV,ARI,LAC,ELIMINATED,ELIMINATED,ELIMINATED,ELIMINATED,ELIMINATED,ELIMINATED,ELIMINATED,ELIMINATED,ELIMINATED,ELIMINATED,ELIMINATED,ELIMINATED,ELIMINATED,ELIMINATED,ELIMINATED,68.9,36.8,54.0,54.7,22.9,47.3,3,Planner,Planner (69) / Sprinter (55) / EV Hunter (54),Medium
Locksmith-1,2,KC,CLE,LAC,ELIMINATED,ELIMINATED,ELIMINATED,ELIMINATED,ELIMINATED,ELIMINATED,ELIMINATED,ELIMINATED,ELIMINATED,ELIMINATED,ELIMINATED,ELIMINATED,ELIMINATED,ELIMINATED,ELIMINATED,76.2,35.5,59.7,60.3,12.2,40.6,3,Planner,Planner (76),Medium
Lord Smith-1,2,LAC,CLE,PHI,ELIMINATED,ELIMINATED,ELIMINATED,ELIMINATED,ELIMINATED,ELIMINATED,ELIMINATED,ELIMINATED,ELIMINATED,ELIMINATED,ELIMINATED,ELIMINATED,ELIMINATED,ELIMINATED,ELIMINATED,88.3,33.3,64.6,65.1,29.9,34.9,3,Planner,Planner (88),Medium
Lucas Nogueira-2,2,NE,TEN,PHI,ELIMINATED,ELIMINATED,ELIMINATED,ELIMINATED,ELIMINATED,ELIMINATED,ELIMINATED,ELIMINATED,ELIMINATED,ELIMINATED,ELIMINATED,ELIMINATED,ELIMINATED,ELIMINATED,ELIMINATED,71.0,19.8,78.6,80.2,39.4,24.9,3,Sprinter,Sprinter (80) / EV Hunter (79) / Planner (71),Medium
Lucas Nogueira-3,2,NE,CHI,PHI,ELIMINATED,ELIMINATED,ELIMINATED,ELIMINATED,ELIMINATED,ELIMINATED,ELIMINATED,ELIMINATED,ELIMINATED,ELIMINATED,ELIMINATED,ELIMINATED,ELIMINATED,ELIMINATED,ELIMINATED,64.5,27.0,74.6,74.6,45.7,28.6,3,EV Hunter,EV Hunter (75) / Sprinter (75) / Planner (64),Medium
Maverick 03-1,2,LAR,TB,PHI,ELIMINATED,ELIMINATED,ELIMINATED,ELIMINATED,ELIMINATED,ELIMINATED,ELIMINATED,ELIMINATED,ELIMINATED,ELIMINATED,ELIMINATED,ELIMINATED,ELIMINATED,ELIMINATED,ELIMINATED,84.7,45.4,66.7,68.8,20.3,52.4,3,Planner,Planner (85),Medium
Max Player-1,2,KC,PIT,ARI,ELIMINATED,ELIMINATED,ELIMINATED,ELIMINATED,ELIMINATED,ELIMINATED,ELIMINATED,ELIMINATED,ELIMINATED,ELIMINATED,ELIMINATED,ELIMINATED,ELIMINATED,ELIMINATED,ELIMINATED,87.1,9.6,91.9,92.2,15.6,60.6,3,Sprinter,Sprinter (92) / EV Hunter (92) / Planner (87),Medium
MBEASY-4,2,NE,TEN,ARI,ELIMINATED,ELIMINATED,ELIMINATED,ELIMINATED,ELIMINATED,ELIMINATED,ELIMINATED,ELIMINATED,ELIMINATED,ELIMINATED,ELIMINATED,ELIMINATED,ELIMINATED,ELIMINATED,ELIMINATED,70.2,5.5,90.5,92.4,37.3,15.4,3,Sprinter,Sprinter (92) / EV Hunter (90),Medium
MBEASY-5,2,BUF,GB,LAC,ELIMINATED,ELIMINATED,ELIMINATED,ELIMINATED,ELIMINATED,ELIMINATED,ELIMINATED,ELIMINATED,ELIMINATED,ELIMINATED,ELIMINATED,ELIMINATED,ELIMINATED,ELIMINATED,ELIMINATED,75.8,31.3,52.9,57.2,13.0,67.3,3,Planner,Planner (76) / Tourist (67),Medium
MEDIUM RARE-1,2,BAL,PIT,LAC,ELIMINATED,ELIMINATED,ELIMINATED,ELIMINATED,ELIMINATED,ELIMINATED,ELIMINATED,ELIMINATED,ELIMINATED,ELIMINATED,ELIMINATED,ELIMINATED,ELIMINATED,ELIMINATED,ELIMINATED,76.5,32.1,59.1,58.7,2.9,37.7,3,Planner,Planner (76),Medium
Midnight Cat-4,2,NE,TB,LAC,ELIMINATED,ELIMINATED,ELIMINATED,ELIMINATED,ELIMINATED,ELIMINATED,ELIMINATED,ELIMINATED,ELIMINATED,ELIMINATED,ELIMINATED,ELIMINATED,ELIMINATED,ELIMINATED,ELIMINATED,65.7,28.7,65.5,65.1,21.0,38.0,3,Planner,Planner (66) / EV Hunter (66) / Sprinter (65),Medium
Mikex2nRH-2,2,BUF,TB,ARI,ELIMINATED,ELIMINATED,ELIMINATED,ELIMINATED,ELIMINATED,ELIMINATED,ELIMINATED,ELIMINATED,ELIMINATED,ELIMINATED,ELIMINATED,ELIMINATED,ELIMINATED,ELIMINATED,ELIMINATED,85.8,3.1,85.9,91.0,22.6,12.8,3,Sprinter,Sprinter (91) / EV Hunter (86) / Planner (86),Medium
Mikey D-5,2,NE,ARI,LAC,ELIMINATED,ELIMINATED,ELIMINATED,ELIMINATED,ELIMINATED,ELIMINATED,ELIMINATED,ELIMINATED,ELIMINATED,ELIMINATED,ELIMINATED,ELIMINATED,ELIMINATED,ELIMINATED,ELIMINATED,59.6,30.3,63.9,64.6,27.9,40.9,3,Sprinter,Sprinter (65) / EV Hunter (64) / Planner (60),Medium
MISS TREE MAN-1,2,NO,GB,JAC,ELIMINATED,ELIMINATED,ELIMINATED,ELIMINATED,ELIMINATED,ELIMINATED,ELIMINATED,ELIMINATED,ELIMINATED,ELIMINATED,ELIMINATED,ELIMINATED,ELIMINATED,ELIMINATED,ELIMINATED,89.1,32.0,61.6,56.7,9.1,44.6,3,Planner,Planner (89),Medium
mlbpitcherPSYCHIC-2,2,BUF,ARI,LAC,ELIMINATED,ELIMINATED,ELIMINATED,ELIMINATED,ELIMINATED,ELIMINATED,ELIMINATED,ELIMINATED,ELIMINATED,ELIMINATED,ELIMINATED,ELIMINATED,ELIMINATED,ELIMINATED,ELIMINATED,70.0,28.6,55.0,59.9,19.8,42.2,3,Planner,Planner (70) / Sprinter (60) / EV Hunter (55),Medium
Mucked Nuts.-4,2,BUF,ARI,LAC,ELIMINATED,ELIMINATED,ELIMINATED,ELIMINATED,ELIMINATED,ELIMINATED,ELIMINATED,ELIMINATED,ELIMINATED,ELIMINATED,ELIMINATED,ELIMINATED,ELIMINATED,ELIMINATED,ELIMINATED,70.0,28.6,55.0,59.9,19.8,42.2,3,Planner,Planner (70) / Sprinter (60) / EV Hunter (55),Medium
MXX-1,2,NE,TEN,JAC,ELIMINATED,ELIMINATED,ELIMINATED,ELIMINATED,ELIMINATED,ELIMINATED,ELIMINATED,ELIMINATED,ELIMINATED,ELIMINATED,ELIMINATED,ELIMINATED,ELIMINATED,ELIMINATED,ELIMINATED,73.8,21.3,67.9,65.0,30.1,43.5,3,Planner,Planner (74) / EV Hunter (68) / Sprinter (65),Medium
MXX-2,2,NE,TEN,JAC,ELIMINATED,ELIMINATED,ELIMINATED,ELIMINATED,ELIMINATED,ELIMINATED,ELIMINATED,ELIMINATED,ELIMINATED,ELIMINATED,ELIMINATED,ELIMINATED,ELIMINATED,ELIMINATED,ELIMINATED,73.8,21.3,67.9,65.0,30.1,43.5,3,Planner,Planner (74) / EV Hunter (68) / Sprinter (65),Medium
MXX-3,2,PIT,TEN,JAC,ELIMINATED,ELIMINATED,ELIMINATED,ELIMINATED,ELIMINATED,ELIMINATED,ELIMINATED,ELIMINATED,ELIMINATED,ELIMINATED,ELIMINATED,ELIMINATED,ELIMINATED,ELIMINATED,ELIMINATED,88.1,25.1,64.7,59.3,15.3,68.4,3,Planner,Planner (88),Medium
MXX-4,2,PIT,TEN,JAC,ELIMINATED,ELIMINATED,ELIMINATED,ELIMINATED,ELIMINATED,ELIMINATED,ELIMINATED,ELIMINATED,ELIMINATED,ELIMINATED,ELIMINATED,ELIMINATED,ELIMINATED,ELIMINATED,ELIMINATED,88.1,25.1,64.7,59.3,15.3,68.4,3,Planner,Planner (88),Medium
MXX-5,2,LAC,TEN,JAC,ELIMINATED,ELIMINATED,ELIMINATED,ELIMINATED,ELIMINATED,ELIMINATED,ELIMINATED,ELIMINATED,ELIMINATED,ELIMINATED,ELIMINATED,ELIMINATED,ELIMINATED,ELIMINATED,ELIMINATED,87.7,29.6,56.5,53.7,21.8,50.2,3,Planner,Planner (88),Medium
M_EHRMANTRAUT-4,2,BAL,CLE,PHI,ELIMINATED,ELIMINATED,ELIMINATED,ELIMINATED,ELIMINATED,ELIMINATED,ELIMINATED,ELIMINATED,ELIMINATED,ELIMINATED,ELIMINATED,ELIMINATED,ELIMINATED,ELIMINATED,ELIMINATED,87.0,25.2,74.4,74.9,20.8,49.3,3,Planner,Planner (87) / Sprinter (75) / EV Hunter (74),Medium
M_EHRMANTRAUT-5,2,BAL,CLE,PHI,ELIMINATED,ELIMINATED,ELIMINATED,ELIMINATED,ELIMINATED,ELIMINATED,ELIMINATED,ELIMINATED,ELIMINATED,ELIMINATED,ELIMINATED,ELIMINATED,ELIMINATED,ELIMINATED,ELIMINATED,87.0,25.2,74.4,74.9,20.8,49.3,3,Planner,Planner (87) / Sprinter (75) / EV Hunter (74),Medium
Ned Landers-4,2,NO,ARI,LAC,ELIMINATED,ELIMINATED,ELIMINATED,ELIMINATED,ELIMINATED,ELIMINATED,ELIMINATED,ELIMINATED,ELIMINATED,ELIMINATED,ELIMINATED,ELIMINATED,ELIMINATED,ELIMINATED,ELIMINATED,71.3,37.5,57.1,56.8,12.8,67.7,3,Planner,Planner (71) / Tourist (68) / EV Hunter (57) / Sprinter (57),Medium
NorthCountyCapital-1,2,NE,PIT,LAC,ELIMINATED,ELIMINATED,ELIMINATED,ELIMINATED,ELIMINATED,ELIMINATED,ELIMINATED,ELIMINATED,ELIMINATED,ELIMINATED,ELIMINATED,ELIMINATED,ELIMINATED,ELIMINATED,ELIMINATED,65.7,30.7,60.7,60.3,20.4,66.0,3,Tourist,Tourist (66) / Planner (66) / EV Hunter (61) / Sprinter (60),Medium
One Man Gang-4,2,PIT,BUF,LAC,ELIMINATED,ELIMINATED,ELIMINATED,ELIMINATED,ELIMINATED,ELIMINATED,ELIMINATED,ELIMINATED,ELIMINATED,ELIMINATED,ELIMINATED,ELIMINATED,ELIMINATED,ELIMINATED,ELIMINATED,75.7,33.1,52.7,55.1,11.9,68.2,3,Planner,Planner (76) / Tourist (68),Medium
PA Pride-1,2,KC,TB,ARI,ELIMINATED,ELIMINATED,ELIMINATED,ELIMINATED,ELIMINATED,ELIMINATED,ELIMINATED,ELIMINATED,ELIMINATED,ELIMINATED,ELIMINATED,ELIMINATED,ELIMINATED,ELIMINATED,ELIMINATED,86.5,6.6,97.1,98.0,16.3,7.1,3,Sprinter,Sprinter (98) / EV Hunter (97) / Planner (86),Medium
PARLAY G-5,2,BUF,ARI,LAC,ELIMINATED,ELIMINATED,ELIMINATED,ELIMINATED,ELIMINATED,ELIMINATED,ELIMINATED,ELIMINATED,ELIMINATED,ELIMINATED,ELIMINATED,ELIMINATED,ELIMINATED,ELIMINATED,ELIMINATED,70.0,28.6,55.0,59.9,19.8,42.2,3,Planner,Planner (70) / Sprinter (60) / EV Hunter (55),Medium
PISANOWINZ-1,2,KC,TEN,ELIMINATED,ELIMINATED,ELIMINATED,ELIMINATED,ELIMINATED,ELIMINATED,ELIMINATED,ELIMINATED,ELIMINATED,ELIMINATED,ELIMINATED,ELIMINATED,ELIMINATED,ELIMINATED,ELIMINATED,ELIMINATED,86.3,8.7,91.9,94.4,19.4,10.9,2,Sprinter,Sprinter (94) / EV Hunter (92) / Planner (86),Medium
PISANOWINZ-2,2,NE,ARI,ELIMINATED,ELIMINATED,ELIMINATED,ELIMINATED,ELIMINATED,ELIMINATED,ELIMINATED,ELIMINATED,ELIMINATED,ELIMINATED,ELIMINATED,ELIMINATED,ELIMINATED,ELIMINATED,ELIMINATED,ELIMINATED,64.6,6.4,93.6,95.2,41.2,14.8,2,Sprinter,Sprinter (95) / EV Hunter (94),Medium
PISANOWINZ-3,2,PIT,TB,ELIMINATED,ELIMINATED,ELIMINATED,ELIMINATED,ELIMINATED,ELIMINATED,ELIMINATED,ELIMINATED,ELIMINATED,ELIMINATED,ELIMINATED,ELIMINATED,ELIMINATED,ELIMINATED,ELIMINATED,ELIMINATED,94.3,10.2,90.5,88.2,9.4,60.5,2,Planner,Planner (94) / EV Hunter (90) / Sprinter (88),Medium
PISO MOJADO-1,2,BUF,TB,PHI,ELIMINATED,ELIMINATED,ELIMINATED,ELIMINATED,ELIMINATED,ELIMINATED,ELIMINATED,ELIMINATED,ELIMINATED,ELIMINATED,ELIMINATED,ELIMINATED,ELIMINATED,ELIMINATED,ELIMINATED,85.8,17.7,73.7,78.7,25.8,22.8,3,Planner,Planner (86) / Sprinter (79) / EV Hunter (74),Medium
PISO MOJADO-3,2,BAL,TEN,LAC,ELIMINATED,ELIMINATED,ELIMINATED,ELIMINATED,ELIMINATED,ELIMINATED,ELIMINATED,ELIMINATED,ELIMINATED,ELIMINATED,ELIMINATED,ELIMINATED,ELIMINATED,ELIMINATED,ELIMINATED,73.5,30.5,59.6,60.9,9.7,63.5,3,Planner,Planner (74) / Tourist (64) / Sprinter (61) / EV Hunter (60),Medium
PRAY4DUBB-4,2,BAL,CHI,PHI,ELIMINATED,ELIMINATED,ELIMINATED,ELIMINATED,ELIMINATED,ELIMINATED,ELIMINATED,ELIMINATED,ELIMINATED,ELIMINATED,ELIMINATED,ELIMINATED,ELIMINATED,ELIMINATED,ELIMINATED,75.9,27.7,73.5,73.5,29.7,50.4,3,Planner,Planner (76) / EV Hunter (74) / Sprinter (74),Medium
preacher-1,2,BAL,KC,ARI,ELIMINATED,ELIMINATED,ELIMINATED,ELIMINATED,ELIMINATED,ELIMINATED,ELIMINATED,ELIMINATED,ELIMINATED,ELIMINATED,ELIMINATED,ELIMINATED,ELIMINATED,ELIMINATED,ELIMINATED,86.6,9.1,95.4,95.4,9.2,32.7,3,EV Hunter,EV Hunter (95) / Sprinter (95) / Planner (87),Medium
Preacher71-1,2,BUF,TB,PHI,ELIMINATED,ELIMINATED,ELIMINATED,ELIMINATED,ELIMINATED,ELIMINATED,ELIMINATED,ELIMINATED,ELIMINATED,ELIMINATED,ELIMINATED,ELIMINATED,ELIMINATED,ELIMINATED,ELIMINATED,85.8,17.7,73.7,78.7,25.8,22.8,3,Planner,Planner (86) / Sprinter (79) / EV Hunter (74),Medium
Preacher71-2,2,BUF,TB,PHI,ELIMINATED,ELIMINATED,ELIMINATED,ELIMINATED,ELIMINATED,ELIMINATED,ELIMINATED,ELIMINATED,ELIMINATED,ELIMINATED,ELIMINATED,ELIMINATED,ELIMINATED,ELIMINATED,ELIMINATED,85.8,17.7,73.7,78.7,25.8,22.8,3,Planner,Planner (86) / Sprinter (79) / EV Hunter (74),Medium
PROBST-5,2,BUF,CHI,LAC,ELIMINATED,ELIMINATED,ELIMINATED,ELIMINATED,ELIMINATED,ELIMINATED,ELIMINATED,ELIMINATED,ELIMINATED,ELIMINATED,ELIMINATED,ELIMINATED,ELIMINATED,ELIMINATED,ELIMINATED,65.2,35.2,49.6,54.0,26.7,46.7,3,Planner,Planner (65) / Sprinter (54),Medium
Putting on the foil-1,2,BUF,PIT,LAC,ELIMINATED,ELIMINATED,ELIMINATED,ELIMINATED,ELIMINATED,ELIMINATED,ELIMINATED,ELIMINATED,ELIMINATED,ELIMINATED,ELIMINATED,ELIMINATED,ELIMINATED,ELIMINATED,ELIMINATED,74.8,29.5,51.8,56.1,12.9,67.5,3,Planner,Planner (75) / Tourist (68),Medium
Putting on the foil-5,2,NE,ARI,LAC,ELIMINATED,ELIMINATED,ELIMINATED,ELIMINATED,ELIMINATED,ELIMINATED,ELIMINATED,ELIMINATED,ELIMINATED,ELIMINATED,ELIMINATED,ELIMINATED,ELIMINATED,ELIMINATED,ELIMINATED,59.6,30.3,63.9,64.6,27.9,40.9,3,Sprinter,Sprinter (65) / EV Hunter (64) / Planner (60),Medium
RedRock 817-1,2,NE,TB,JAC,ELIMINATED,ELIMINATED,ELIMINATED,ELIMINATED,ELIMINATED,ELIMINATED,ELIMINATED,ELIMINATED,ELIMINATED,ELIMINATED,ELIMINATED,ELIMINATED,ELIMINATED,ELIMINATED,ELIMINATED,77.7,20.6,72.2,67.7,23.9,39.5,3,Planner,Planner (78) / EV Hunter (72) / Sprinter (68),Medium
RHINOSANDTIGERS-2,2,BUF,CLE,ARI,ELIMINATED,ELIMINATED,ELIMINATED,ELIMINATED,ELIMINATED,ELIMINATED,ELIMINATED,ELIMINATED,ELIMINATED,ELIMINATED,ELIMINATED,ELIMINATED,ELIMINATED,ELIMINATED,ELIMINATED,84.4,8.4,79.1,85.0,28.0,19.3,3,Sprinter,Sprinter (85) / Planner (84) / EV Hunter (79),Medium
RICKSKINS-1,2,BAL,TB,ATL,ELIMINATED,ELIMINATED,ELIMINATED,ELIMINATED,ELIMINATED,ELIMINATED,ELIMINATED,ELIMINATED,ELIMINATED,ELIMINATED,ELIMINATED,ELIMINATED,ELIMINATED,ELIMINATED,ELIMINATED,88.2,21.3,81.2,80.2,14.8,68.0,3,Planner,Planner (88) / EV Hunter (81) / Sprinter (80),Medium
RICKSKINS-4,2,BAL,TEN,ATL,ELIMINATED,ELIMINATED,ELIMINATED,ELIMINATED,ELIMINATED,ELIMINATED,ELIMINATED,ELIMINATED,ELIMINATED,ELIMINATED,ELIMINATED,ELIMINATED,ELIMINATED,ELIMINATED,ELIMINATED,83.7,22.0,77.8,77.9,21.5,71.6,3,Planner,Planner (84) / Sprinter (78) / EV Hunter (78) / Tourist (72),Medium
RICKSKINS-5,2,BAL,TEN,ATL,ELIMINATED,ELIMINATED,ELIMINATED,ELIMINATED,ELIMINATED,ELIMINATED,ELIMINATED,ELIMINATED,ELIMINATED,ELIMINATED,ELIMINATED,ELIMINATED,ELIMINATED,ELIMINATED,ELIMINATED,83.7,22.0,77.8,77.9,21.5,71.6,3,Planner,Planner (84) / Sprinter (78) / EV Hunter (78) / Tourist (72),Medium
ROBERT07-2,2,BUF,CLE,ELIMINATED,ELIMINATED,ELIMINATED,ELIMINATED,ELIMINATED,ELIMINATED,ELIMINATED,ELIMINATED,ELIMINATED,ELIMINATED,ELIMINATED,ELIMINATED,ELIMINATED,ELIMINATED,ELIMINATED,ELIMINATED,88.4,10.4,73.0,80.9,26.6,22.4,2,Planner,Planner (88) / Sprinter (81),Medium
RYAN HOJO-4,2,PIT,TEN,LAC,ELIMINATED,ELIMINATED,ELIMINATED,ELIMINATED,ELIMINATED,ELIMINATED,ELIMINATED,ELIMINATED,ELIMINATED,ELIMINATED,ELIMINATED,ELIMINATED,ELIMINATED,ELIMINATED,ELIMINATED,75.0,33.6,58.1,56.7,12.4,66.6,3,Planner,Planner (75) / Tourist (67),Medium
RYAN HOJO-5,2,LV,PIT,PHI,ELIMINATED,ELIMINATED,ELIMINATED,ELIMINATED,ELIMINATED,ELIMINATED,ELIMINATED,ELIMINATED,ELIMINATED,ELIMINATED,ELIMINATED,ELIMINATED,ELIMINATED,ELIMINATED,ELIMINATED,83.7,28.0,67.8,67.8,27.5,80.9,3,Planner,Planner (84) / Tourist (81),Medium
SJM-2,2,BUF,TEN,ARI,ELIMINATED,ELIMINATED,ELIMINATED,ELIMINATED,ELIMINATED,ELIMINATED,ELIMINATED,ELIMINATED,ELIMINATED,ELIMINATED,ELIMINATED,ELIMINATED,ELIMINATED,ELIMINATED,ELIMINATED,82.4,3.6,81.2,87.4,28.6,16.9,3,Sprinter,Sprinter (87) / Planner (82) / EV Hunter (81),Medium
Spaceman333-1,2,BAL,SF,ARI,ELIMINATED,ELIMINATED,ELIMINATED,ELIMINATED,ELIMINATED,ELIMINATED,ELIMINATED,ELIMINATED,ELIMINATED,ELIMINATED,ELIMINATED,ELIMINATED,ELIMINATED,ELIMINATED,ELIMINATED,75.5,12.9,92.9,89.8,25.0,39.2,3,EV Hunter,EV Hunter (93) / Sprinter (90),Medium
Spider 2-1,2,BAL,CHI,PHI,ELIMINATED,ELIMINATED,ELIMINATED,ELIMINATED,ELIMINATED,ELIMINATED,ELIMINATED,ELIMINATED,ELIMINATED,ELIMINATED,ELIMINATED,ELIMINATED,ELIMINATED,ELIMINATED,ELIMINATED,75.9,27.7,73.5,73.5,29.7,50.4,3,Planner,Planner (76) / EV Hunter (74) / Sprinter (74),Medium
Starvin Marvin-1,2,NE,TB,PHI,ELIMINATED,ELIMINATED,ELIMINATED,ELIMINATED,ELIMINATED,ELIMINATED,ELIMINATED,ELIMINATED,ELIMINATED,ELIMINATED,ELIMINATED,ELIMINATED,ELIMINATED,ELIMINATED,ELIMINATED,75.3,19.1,82.5,82.5,32.9,21.3,3,EV Hunter,EV Hunter (82) / Sprinter (82) / Planner (75),Medium
Staying Alive-2,2,BUF,PIT,LAC,ELIMINATED,ELIMINATED,ELIMINATED,ELIMINATED,ELIMINATED,ELIMINATED,ELIMINATED,ELIMINATED,ELIMINATED,ELIMINATED,ELIMINATED,ELIMINATED,ELIMINATED,ELIMINATED,ELIMINATED,74.8,29.5,51.8,56.1,12.9,67.5,3,Planner,Planner (75) / Tourist (68),Medium
Supreme Court-1,2,BUF,PIT,LAC,ELIMINATED,ELIMINATED,ELIMINATED,ELIMINATED,ELIMINATED,ELIMINATED,ELIMINATED,ELIMINATED,ELIMINATED,ELIMINATED,ELIMINATED,ELIMINATED,ELIMINATED,ELIMINATED,ELIMINATED,74.8,29.5,51.8,56.1,12.9,67.5,3,Planner,Planner (75) / Tourist (68),Medium
TAHOE-5,2,KC,CLE,LAC,ELIMINATED,ELIMINATED,ELIMINATED,ELIMINATED,ELIMINATED,ELIMINATED,ELIMINATED,ELIMINATED,ELIMINATED,ELIMINATED,ELIMINATED,ELIMINATED,ELIMINATED,ELIMINATED,ELIMINATED,76.2,35.5,59.7,60.3,12.2,40.6,3,Planner,Planner (76),Medium
Tampa Daven-4,2,NE,GB,ARI,ELIMINATED,ELIMINATED,ELIMINATED,ELIMINATED,ELIMINATED,ELIMINATED,ELIMINATED,ELIMINATED,ELIMINATED,ELIMINATED,ELIMINATED,ELIMINATED,ELIMINATED,ELIMINATED,ELIMINATED,75.8,8.6,91.0,91.9,30.1,64.2,3,Sprinter,Sprinter (92) / EV Hunter (91),Medium
TEAM MOIST-4,2,BAL,KC,ARI,ELIMINATED,ELIMINATED,ELIMINATED,ELIMINATED,ELIMINATED,ELIMINATED,ELIMINATED,ELIMINATED,ELIMINATED,ELIMINATED,ELIMINATED,ELIMINATED,ELIMINATED,ELIMINATED,ELIMINATED,86.6,9.1,95.4,95.4,9.2,32.7,3,EV Hunter,EV Hunter (95) / Sprinter (95) / Planner (87),Medium
The Jer-1,2,BAL,SF,ARI,ELIMINATED,ELIMINATED,ELIMINATED,ELIMINATED,ELIMINATED,ELIMINATED,ELIMINATED,ELIMINATED,ELIMINATED,ELIMINATED,ELIMINATED,ELIMINATED,ELIMINATED,ELIMINATED,ELIMINATED,75.5,12.9,92.9,89.8,25.0,39.2,3,EV Hunter,EV Hunter (93) / Sprinter (90),Medium
The Masons-2,2,NE,TB,PHI,ELIMINATED,ELIMINATED,ELIMINATED,ELIMINATED,ELIMINATED,ELIMINATED,ELIMINATED,ELIMINATED,ELIMINATED,ELIMINATED,ELIMINATED,ELIMINATED,ELIMINATED,ELIMINATED,ELIMINATED,75.3,19.1,82.5,82.5,32.9,21.3,3,EV Hunter,EV Hunter (82) / Sprinter (82) / Planner (75),Medium
TSLICK 50-1,2,BAL,KC,ARI,ELIMINATED,ELIMINATED,ELIMINATED,ELIMINATED,ELIMINATED,ELIMINATED,ELIMINATED,ELIMINATED,ELIMINATED,ELIMINATED,ELIMINATED,ELIMINATED,ELIMINATED,ELIMINATED,ELIMINATED,86.6,9.1,95.4,95.4,9.2,32.7,3,EV Hunter,EV Hunter (95) / Sprinter (95) / Planner (87),Medium
Who Dat-1,2,BUF,TEN,ARI,ELIMINATED,ELIMINATED,ELIMINATED,ELIMINATED,ELIMINATED,ELIMINATED,ELIMINATED,ELIMINATED,ELIMINATED,ELIMINATED,ELIMINATED,ELIMINATED,ELIMINATED,ELIMINATED,ELIMINATED,82.4,3.6,81.2,87.4,28.6,16.9,3,Sprinter,Sprinter (87) / Planner (82) / EV Hunter (81),Medium
Wild Turkey-1,2,PIT,ARI,PHI,ELIMINATED,ELIMINATED,ELIMINATED,ELIMINATED,ELIMINATED,ELIMINATED,ELIMINATED,ELIMINATED,ELIMINATED,ELIMINATED,ELIMINATED,ELIMINATED,ELIMINATED,ELIMINATED,ELIMINATED,83.3,24.5,77.6,76.6,25.3,48.8,3,Planner,Planner (83) / EV Hunter (78) / Sprinter (77),Medium
WINNINGANGLE-1,2,BAL,PIT,LAC,ELIMINATED,ELIMINATED,ELIMINATED,ELIMINATED,ELIMINATED,ELIMINATED,ELIMINATED,ELIMINATED,ELIMINATED,ELIMINATED,ELIMINATED,ELIMINATED,ELIMINATED,ELIMINATED,ELIMINATED,76.5,32.1,59.1,58.7,2.9,37.7,3,Planner,Planner (76),Medium
XXYYZZ-4,2,BUF,SF,LAC,ELIMINATED,ELIMINATED,ELIMINATED,ELIMINATED,ELIMINATED,ELIMINATED,ELIMINATED,ELIMINATED,ELIMINATED,ELIMINATED,ELIMINATED,ELIMINATED,ELIMINATED,ELIMINATED,ELIMINATED,65.7,34.3,56.1,56.7,24.1,70.7,3,Tourist,Tourist (71) / Planner (66) / Sprinter (57) / EV Hunter (56),Medium
Al The Sly-1,1,KC,PHI,ELIMINATED,ELIMINATED,ELIMINATED,ELIMINATED,ELIMINATED,ELIMINATED,ELIMINATED,ELIMINATED,ELIMINATED,ELIMINATED,ELIMINATED,ELIMINATED,ELIMINATED,ELIMINATED,ELIMINATED,ELIMINATED,82.7,29.2,78.2,79.0,25.4,23.3,2,Planner,Planner (83) / Sprinter (79) / EV Hunter (78),Medium
LEO-2,1,GB,CAR,ELIMINATED,ELIMINATED,ELIMINATED,ELIMINATED,ELIMINATED,ELIMINATED,ELIMINATED,ELIMINATED,ELIMINATED,ELIMINATED,ELIMINATED,ELIMINATED,ELIMINATED,ELIMINATED,ELIMINATED,ELIMINATED,69.5,50.7,44.4,43.6,19.2,86.6,2,Tourist,Tourist (87),Medium
PARLAY G-1,1,KC,NO,ELIMINATED,ELIMINATED,ELIMINATED,ELIMINATED,ELIMINATED,ELIMINATED,ELIMINATED,ELIMINATED,ELIMINATED,ELIMINATED,ELIMINATED,ELIMINATED,ELIMINATED,ELIMINATED,ELIMINATED,ELIMINATED,86.6,20.0,88.7,84.7,9.1,64.3,2,EV Hunter,EV Hunter (89) / Planner (87) / Sprinter (85),Medium
PARLAY G-2,1,BUF,NO,ELIMINATED,ELIMINATED,ELIMINATED,ELIMINATED,ELIMINATED,ELIMINATED,ELIMINATED,ELIMINATED,ELIMINATED,ELIMINATED,ELIMINATED,ELIMINATED,ELIMINATED,ELIMINATED,ELIMINATED,ELIMINATED,85.1,15.3,73.8,76.9,18.0,71.8,2,Planner,Planner (85) / Sprinter (77) / EV Hunter (74) / Tourist (72),Medium
#JAYFIRE27-1,0,IND,ELIMINATED,ELIMINATED,ELIMINATED,ELIMINATED,ELIMINATED,ELIMINATED,ELIMINATED,ELIMINATED,ELIMINATED,ELIMINATED,ELIMINATED,ELIMINATED,ELIMINATED,ELIMINATED,ELIMINATED,ELIMINATED,ELIMINATED,85.9,0.0,84.4,93.8,22.0,22.7,1,Sprinter,Sprinter (94) / Planner (86) / EV Hunter (84),Low
* THE NUT SQUIRRELS-2,0,IND,ELIMINATED,ELIMINATED,ELIMINATED,ELIMINATED,ELIMINATED,ELIMINATED,ELIMINATED,ELIMINATED,ELIMINATED,ELIMINATED,ELIMINATED,ELIMINATED,ELIMINATED,ELIMINATED,ELIMINATED,ELIMINATED,ELIMINATED,85.9,0.0,84.4,93.8,22.0,22.7,1,Sprinter,Sprinter (94) / Planner (86) / EV Hunter (84),Low
* THE NUT SQUIRRELS-3,0,SF,ELIMINATED,ELIMINATED,ELIMINATED,ELIMINATED,ELIMINATED,ELIMINATED,ELIMINATED,ELIMINATED,ELIMINATED,ELIMINATED,ELIMINATED,ELIMINATED,ELIMINATED,ELIMINATED,ELIMINATED,ELIMINATED,ELIMINATED,59.9,21.9,93.8,87.5,45.1,44.5,1,EV Hunter,EV Hunter (94) / Sprinter (88),Low
* THE NUT SQUIRRELS-4,0,IND,ELIMINATED,ELIMINATED,ELIMINATED,ELIMINATED,ELIMINATED,ELIMINATED,ELIMINATED,ELIMINATED,ELIMINATED,ELIMINATED,ELIMINATED,ELIMINATED,ELIMINATED,ELIMINATED,ELIMINATED,ELIMINATED,ELIMINATED,85.9,0.0,84.4,93.8,22.0,22.7,1,Sprinter,Sprinter (94) / Planner (86) / EV Hunter (84),Low
1DAYRAY-1,0,IND,ELIMINATED,ELIMINATED,ELIMINATED,ELIMINATED,ELIMINATED,ELIMINATED,ELIMINATED,ELIMINATED,ELIMINATED,ELIMINATED,ELIMINATED,ELIMINATED,ELIMINATED,ELIMINATED,ELIMINATED,ELIMINATED,ELIMINATED,85.9,0.0,84.4,93.8,22.0,22.7,1,Sprinter,Sprinter (94) / Planner (86) / EV Hunter (84),Low
1ST TIME CALLAH-1,0,IND,ELIMINATED,ELIMINATED,ELIMINATED,ELIMINATED,ELIMINATED,ELIMINATED,ELIMINATED,ELIMINATED,ELIMINATED,ELIMINATED,ELIMINATED,ELIMINATED,ELIMINATED,ELIMINATED,ELIMINATED,ELIMINATED,ELIMINATED,85.9,0.0,84.4,93.8,22.0,22.7,1,Sprinter,Sprinter (94) / Planner (86) / EV Hunter (84),Low
22West-1,0,IND,ELIMINATED,ELIMINATED,ELIMINATED,ELIMINATED,ELIMINATED,ELIMINATED,ELIMINATED,ELIMINATED,ELIMINATED,ELIMINATED,ELIMINATED,ELIMINATED,ELIMINATED,ELIMINATED,ELIMINATED,ELIMINATED,ELIMINATED,85.9,0.0,84.4,93.8,22.0,22.7,1,Sprinter,Sprinter (94) / Planner (86) / EV Hunter (84),Low
3 MULLETS-1,0,IND,ELIMINATED,ELIMINATED,ELIMINATED,ELIMINATED,ELIMINATED,ELIMINATED,ELIMINATED,ELIMINATED,ELIMINATED,ELIMINATED,ELIMINATED,ELIMINATED,ELIMINATED,ELIMINATED,ELIMINATED,ELIMINATED,ELIMINATED,85.9,0.0,84.4,93.8,22.0,22.7,1,Sprinter,Sprinter (94) / Planner (86) / EV Hunter (84),Low
3 MULLETS-2,0,IND,ELIMINATED,ELIMINATED,ELIMINATED,ELIMINATED,ELIMINATED,ELIMINATED,ELIMINATED,ELIMINATED,ELIMINATED,ELIMINATED,ELIMINATED,ELIMINATED,ELIMINATED,ELIMINATED,ELIMINATED,ELIMINATED,ELIMINATED,85.9,0.0,84.4,93.8,22.0,22.7,1,Sprinter,Sprinter (94) / Planner (86) / EV Hunter (84),Low
4 A L M-1,0,IND,ELIMINATED,ELIMINATED,ELIMINATED,ELIMINATED,ELIMINATED,ELIMINATED,ELIMINATED,ELIMINATED,ELIMINATED,ELIMINATED,ELIMINATED,ELIMINATED,ELIMINATED,ELIMINATED,ELIMINATED,ELIMINATED,ELIMINATED,85.9,0.0,84.4,93.8,22.0,22.7,1,Sprinter,Sprinter (94) / Planner (86) / EV Hunter (84),Low
420ERS-1,0,IND,ELIMINATED,ELIMINATED,ELIMINATED,ELIMINATED,ELIMINATED,ELIMINATED,ELIMINATED,ELIMINATED,ELIMINATED,ELIMINATED,ELIMINATED,ELIMINATED,ELIMINATED,ELIMINATED,ELIMINATED,ELIMINATED,ELIMINATED,85.9,0.0,84.4,93.8,22.0,22.7,1,Sprinter,Sprinter (94) / Planner (86) / EV Hunter (84),Low
5 BUKI ODS-1,0,IND,ELIMINATED,ELIMINATED,ELIMINATED,ELIMINATED,ELIMINATED,ELIMINATED,ELIMINATED,ELIMINATED,ELIMINATED,ELIMINATED,ELIMINATED,ELIMINATED,ELIMINATED,ELIMINATED,ELIMINATED,ELIMINATED,ELIMINATED,85.9,0.0,84.4,93.8,22.0,22.7,1,Sprinter,Sprinter (94) / Planner (86) / EV Hunter (84),Low
5DUDESFROMSANDIEGO-1,0,IND,ELIMINATED,ELIMINATED,ELIMINATED,ELIMINATED,ELIMINATED,ELIMINATED,ELIMINATED,ELIMINATED,ELIMINATED,ELIMINATED,ELIMINATED,ELIMINATED,ELIMINATED,ELIMINATED,ELIMINATED,ELIMINATED,ELIMINATED,85.9,0.0,84.4,93.8,22.0,22.7,1,Sprinter,Sprinter (94) / Planner (86) / EV Hunter (84),Low
5STPETERS-1,0,IND,ELIMINATED,ELIMINATED,ELIMINATED,ELIMINATED,ELIMINATED,ELIMINATED,ELIMINATED,ELIMINATED,ELIMINATED,ELIMINATED,ELIMINATED,ELIMINATED,ELIMINATED,ELIMINATED,ELIMINATED,ELIMINATED,ELIMINATED,85.9,0.0,84.4,93.8,22.0,22.7,1,Sprinter,Sprinter (94) / Planner (86) / EV Hunter (84),Low
617 to 702-1,0,IND,ELIMINATED,ELIMINATED,ELIMINATED,ELIMINATED,ELIMINATED,ELIMINATED,ELIMINATED,ELIMINATED,ELIMINATED,ELIMINATED,ELIMINATED,ELIMINATED,ELIMINATED,ELIMINATED,ELIMINATED,ELIMINATED,ELIMINATED,85.9,0.0,84.4,93.8,22.0,22.7,1,Sprinter,Sprinter (94) / Planner (86) / EV Hunter (84),Low
617 to 702-2,0,DET,ELIMINATED,ELIMINATED,ELIMINATED,ELIMINATED,ELIMINATED,ELIMINATED,ELIMINATED,ELIMINATED,ELIMINATED,ELIMINATED,ELIMINATED,ELIMINATED,ELIMINATED,ELIMINATED,ELIMINATED,ELIMINATED,ELIMINATED,60.2,35.9,62.5,62.5,49.8,65.6,1,Tourist,Tourist (66) / EV Hunter (62) / Sprinter (62) / Planner (60),Low
7- Out-3,0,IND,ELIMINATED,ELIMINATED,ELIMINATED,ELIMINATED,ELIMINATED,ELIMINATED,ELIMINATED,ELIMINATED,ELIMINATED,ELIMINATED,ELIMINATED,ELIMINATED,ELIMINATED,ELIMINATED,ELIMINATED,ELIMINATED,ELIMINATED,85.9,0.0,84.4,93.8,22.0,22.7,1,Sprinter,Sprinter (94) / Planner (86) / EV Hunter (84),Low
7- Out-4,0,IND,ELIMINATED,ELIMINATED,ELIMINATED,ELIMINATED,ELIMINATED,ELIMINATED,ELIMINATED,ELIMINATED,ELIMINATED,ELIMINATED,ELIMINATED,ELIMINATED,ELIMINATED,ELIMINATED,ELIMINATED,ELIMINATED,ELIMINATED,85.9,0.0,84.4,93.8,22.0,22.7,1,Sprinter,Sprinter (94) / Planner (86) / EV Hunter (84),Low
818Madden20Survivors-1,0,IND,ELIMINATED,ELIMINATED,ELIMINATED,ELIMINATED,ELIMINATED,ELIMINATED,ELIMINATED,ELIMINATED,ELIMINATED,ELIMINATED,ELIMINATED,ELIMINATED,ELIMINATED,ELIMINATED,ELIMINATED,ELIMINATED,ELIMINATED,85.9,0.0,84.4,93.8,22.0,22.7,1,Sprinter,Sprinter (94) / Planner (86) / EV Hunter (84),Low
@Jay Swah Sports-1,0,IND,ELIMINATED,ELIMINATED,ELIMINATED,ELIMINATED,ELIMINATED,ELIMINATED,ELIMINATED,ELIMINATED,ELIMINATED,ELIMINATED,ELIMINATED,ELIMINATED,ELIMINATED,ELIMINATED,ELIMINATED,ELIMINATED,ELIMINATED,85.9,0.0,84.4,93.8,22.0,22.7,1,Sprinter,Sprinter (94) / Planner (86) / EV Hunter (84),Low
@Jay Swah Sports-2,0,IND,ELIMINATED,ELIMINATED,ELIMINATED,ELIMINATED,ELIMINATED,ELIMINATED,ELIMINATED,ELIMINATED,ELIMINATED,ELIMINATED,ELIMINATED,ELIMINATED,ELIMINATED,ELIMINATED,ELIMINATED,ELIMINATED,ELIMINATED,85.9,0.0,84.4,93.8,22.0,22.7,1,Sprinter,Sprinter (94) / Planner (86) / EV Hunter (84),Low
@Jay Swah Sports-3,0,IND,ELIMINATED,ELIMINATED,ELIMINATED,ELIMINATED,ELIMINATED,ELIMINATED,ELIMINATED,ELIMINATED,ELIMINATED,ELIMINATED,ELIMINATED,ELIMINATED,ELIMINATED,ELIMINATED,ELIMINATED,ELIMINATED,ELIMINATED,85.9,0.0,84.4,93.8,22.0,22.7,1,Sprinter,Sprinter (94) / Planner (86) / EV Hunter (84),Low
Accorsi-2,0,IND,ELIMINATED,ELIMINATED,ELIMINATED,ELIMINATED,ELIMINATED,ELIMINATED,ELIMINATED,ELIMINATED,ELIMINATED,ELIMINATED,ELIMINATED,ELIMINATED,ELIMINATED,ELIMINATED,ELIMINATED,ELIMINATED,ELIMINATED,85.9,0.0,84.4,93.8,22.0,22.7,1,Sprinter,Sprinter (94) / Planner (86) / EV Hunter (84),Low
ACLVA-2,0,IND,ELIMINATED,ELIMINATED,ELIMINATED,ELIMINATED,ELIMINATED,ELIMINATED,ELIMINATED,ELIMINATED,ELIMINATED,ELIMINATED,ELIMINATED,ELIMINATED,ELIMINATED,ELIMINATED,ELIMINATED,ELIMINATED,ELIMINATED,85.9,0.0,84.4,93.8,22.0,22.7,1,Sprinter,Sprinter (94) / Planner (86) / EV Hunter (84),Low
Action Jackson-1,0,IND,ELIMINATED,ELIMINATED,ELIMINATED,ELIMINATED,ELIMINATED,ELIMINATED,ELIMINATED,ELIMINATED,ELIMINATED,ELIMINATED,ELIMINATED,ELIMINATED,ELIMINATED,ELIMINATED,ELIMINATED,ELIMINATED,ELIMINATED,85.9,0.0,84.4,93.8,22.0,22.7,1,Sprinter,Sprinter (94) / Planner (86) / EV Hunter (84),Low
Action Jackson-2,0,IND,ELIMINATED,ELIMINATED,ELIMINATED,ELIMINATED,ELIMINATED,ELIMINATED,ELIMINATED,ELIMINATED,ELIMINATED,ELIMINATED,ELIMINATED,ELIMINATED,ELIMINATED,ELIMINATED,ELIMINATED,ELIMINATED,ELIMINATED,85.9,0.0,84.4,93.8,22.0,22.7,1,Sprinter,Sprinter (94) / Planner (86) / EV Hunter (84),Low
Action Jackson-3,0,IND,ELIMINATED,ELIMINATED,ELIMINATED,ELIMINATED,ELIMINATED,ELIMINATED,ELIMINATED,ELIMINATED,ELIMINATED,ELIMINATED,ELIMINATED,ELIMINATED,ELIMINATED,ELIMINATED,ELIMINATED,ELIMINATED,ELIMINATED,85.9,0.0,84.4,93.8,22.0,22.7,1,Sprinter,Sprinter (94) / Planner (86) / EV Hunter (84),Low
Action Jackson-4,0,IND,ELIMINATED,ELIMINATED,ELIMINATED,ELIMINATED,ELIMINATED,ELIMINATED,ELIMINATED,ELIMINATED,ELIMINATED,ELIMINATED,ELIMINATED,ELIMINATED,ELIMINATED,ELIMINATED,ELIMINATED,ELIMINATED,ELIMINATED,85.9,0.0,84.4,93.8,22.0,22.7,1,Sprinter,Sprinter (94) / Planner (86) / EV Hunter (84),Low
Action Jackson-5,0,IND,ELIMINATED,ELIMINATED,ELIMINATED,ELIMINATED,ELIMINATED,ELIMINATED,ELIMINATED,ELIMINATED,ELIMINATED,ELIMINATED,ELIMINATED,ELIMINATED,ELIMINATED,ELIMINATED,ELIMINATED,ELIMINATED,ELIMINATED,85.9,0.0,84.4,93.8,22.0,22.7,1,Sprinter,Sprinter (94) / Planner (86) / EV Hunter (84),Low
ALL BALD DOME-2,0,IND,ELIMINATED,ELIMINATED,ELIMINATED,ELIMINATED,ELIMINATED,ELIMINATED,ELIMINATED,ELIMINATED,ELIMINATED,ELIMINATED,ELIMINATED,ELIMINATED,ELIMINATED,ELIMINATED,ELIMINATED,ELIMINATED,ELIMINATED,85.9,0.0,84.4,93.8,22.0,22.7,1,Sprinter,Sprinter (94) / Planner (86) / EV Hunter (84),Low
All Day-1,0,IND,ELIMINATED,ELIMINATED,ELIMINATED,ELIMINATED,ELIMINATED,ELIMINATED,ELIMINATED,ELIMINATED,ELIMINATED,ELIMINATED,ELIMINATED,ELIMINATED,ELIMINATED,ELIMINATED,ELIMINATED,ELIMINATED,ELIMINATED,85.9,0.0,84.4,93.8,22.0,22.7,1,Sprinter,Sprinter (94) / Planner (86) / EV Hunter (84),Low
American Pride Guy-1,0,IND,ELIMINATED,ELIMINATED,ELIMINATED,ELIMINATED,ELIMINATED,ELIMINATED,ELIMINATED,ELIMINATED,ELIMINATED,ELIMINATED,ELIMINATED,ELIMINATED,ELIMINATED,ELIMINATED,ELIMINATED,ELIMINATED,ELIMINATED,85.9,0.0,84.4,93.8,22.0,22.7,1,Sprinter,Sprinter (94) / Planner (86) / EV Hunter (84),Low
American Pride Guy-2,0,PHI,ELIMINATED,ELIMINATED,ELIMINATED,ELIMINATED,ELIMINATED,ELIMINATED,ELIMINATED,ELIMINATED,ELIMINATED,ELIMINATED,ELIMINATED,ELIMINATED,ELIMINATED,ELIMINATED,ELIMINATED,ELIMINATED,ELIMINATED,54.3,15.6,81.2,78.1,53.7,43.8,1,EV Hunter,EV Hunter (81) / Sprinter (78),Low
Amigo's Choice-1,0,IND,ELIMINATED,ELIMINATED,ELIMINATED,ELIMINATED,ELIMINATED,ELIMINATED,ELIMINATED,ELIMINATED,ELIMINATED,ELIMINATED,ELIMINATED,ELIMINATED,ELIMINATED,ELIMINATED,ELIMINATED,ELIMINATED,ELIMINATED,85.9,0.0,84.4,93.8,22.0,22.7,1,Sprinter,Sprinter (94) / Planner (86) / EV Hunter (84),Low
Anonymous Donors-3,0,IND,ELIMINATED,ELIMINATED,ELIMINATED,ELIMINATED,ELIMINATED,ELIMINATED,ELIMINATED,ELIMINATED,ELIMINATED,ELIMINATED,ELIMINATED,ELIMINATED,ELIMINATED,ELIMINATED,ELIMINATED,ELIMINATED,ELIMINATED,85.9,0.0,84.4,93.8,22.0,22.7,1,Sprinter,Sprinter (94) / Planner (86) / EV Hunter (84),Low
Armenian-1,0,IND,ELIMINATED,ELIMINATED,ELIMINATED,ELIMINATED,ELIMINATED,ELIMINATED,ELIMINATED,ELIMINATED,ELIMINATED,ELIMINATED,ELIMINATED,ELIMINATED,ELIMINATED,ELIMINATED,ELIMINATED,ELIMINATED,ELIMINATED,85.9,0.0,84.4,93.8,22.0,22.7,1,Sprinter,Sprinter (94) / Planner (86) / EV Hunter (84),Low
AubTigr5-1,0,IND,ELIMINATED,ELIMINATED,ELIMINATED,ELIMINATED,ELIMINATED,ELIMINATED,ELIMINATED,ELIMINATED,ELIMINATED,ELIMINATED,ELIMINATED,ELIMINATED,ELIMINATED,ELIMINATED,ELIMINATED,ELIMINATED,ELIMINATED,85.9,0.0,84.4,93.8,22.0,22.7,1,Sprinter,Sprinter (94) / Planner (86) / EV Hunter (84),Low
AUGIE DAWG-1,0,IND,ELIMINATED,ELIMINATED,ELIMINATED,ELIMINATED,ELIMINATED,ELIMINATED,ELIMINATED,ELIMINATED,ELIMINATED,ELIMINATED,ELIMINATED,ELIMINATED,ELIMINATED,ELIMINATED,ELIMINATED,ELIMINATED,ELIMINATED,85.9,0.0,84.4,93.8,22.0,22.7,1,Sprinter,Sprinter (94) / Planner (86) / EV Hunter (84),Low
B & T-1,0,IND,ELIMINATED,ELIMINATED,ELIMINATED,ELIMINATED,ELIMINATED,ELIMINATED,ELIMINATED,ELIMINATED,ELIMINATED,ELIMINATED,ELIMINATED,ELIMINATED,ELIMINATED,ELIMINATED,ELIMINATED,ELIMINATED,ELIMINATED,85.9,0.0,84.4,93.8,22.0,22.7,1,Sprinter,Sprinter (94) / Planner (86) / EV Hunter (84),Low
BALD RAZORS-1,0,IND,ELIMINATED,ELIMINATED,ELIMINATED,ELIMINATED,ELIMINATED,ELIMINATED,ELIMINATED,ELIMINATED,ELIMINATED,ELIMINATED,ELIMINATED,ELIMINATED,ELIMINATED,ELIMINATED,ELIMINATED,ELIMINATED,ELIMINATED,85.9,0.0,84.4,93.8,22.0,22.7,1,Sprinter,Sprinter (94) / Planner (86) / EV Hunter (84),Low
BANGBANG-1,0,PHI,ELIMINATED,ELIMINATED,ELIMINATED,ELIMINATED,ELIMINATED,ELIMINATED,ELIMINATED,ELIMINATED,ELIMINATED,ELIMINATED,ELIMINATED,ELIMINATED,ELIMINATED,ELIMINATED,ELIMINATED,ELIMINATED,ELIMINATED,54.3,15.6,81.2,78.1,53.7,43.8,1,EV Hunter,EV Hunter (81) / Sprinter (78),Low
BANJO BOSTON-1,0,SF,ELIMINATED,ELIMINATED,ELIMINATED,ELIMINATED,ELIMINATED,ELIMINATED,ELIMINATED,ELIMINATED,ELIMINATED,ELIMINATED,ELIMINATED,ELIMINATED,ELIMINATED,ELIMINATED,ELIMINATED,ELIMINATED,ELIMINATED,59.9,21.9,93.8,87.5,45.1,44.5,1,EV Hunter,EV Hunter (94) / Sprinter (88),Low
BARNES LAW-1,0,PHI,ELIMINATED,ELIMINATED,ELIMINATED,ELIMINATED,ELIMINATED,ELIMINATED,ELIMINATED,ELIMINATED,ELIMINATED,ELIMINATED,ELIMINATED,ELIMINATED,ELIMINATED,ELIMINATED,ELIMINATED,ELIMINATED,ELIMINATED,54.3,15.6,81.2,78.1,53.7,43.8,1,EV Hunter,EV Hunter (81) / Sprinter (78),Low
Barry Lb-1,0,IND,ELIMINATED,ELIMINATED,ELIMINATED,ELIMINATED,ELIMINATED,ELIMINATED,ELIMINATED,ELIMINATED,ELIMINATED,ELIMINATED,ELIMINATED,ELIMINATED,ELIMINATED,ELIMINATED,ELIMINATED,ELIMINATED,ELIMINATED,85.9,0.0,84.4,93.8,22.0,22.7,1,Sprinter,Sprinter (94) / Planner (86) / EV Hunter (84),Low
BBC BOYZ-1,0,IND,ELIMINATED,ELIMINATED,ELIMINATED,ELIMINATED,ELIMINATED,ELIMINATED,ELIMINATED,ELIMINATED,ELIMINATED,ELIMINATED,ELIMINATED,ELIMINATED,ELIMINATED,ELIMINATED,ELIMINATED,ELIMINATED,ELIMINATED,85.9,0.0,84.4,93.8,22.0,22.7,1,Sprinter,Sprinter (94) / Planner (86) / EV Hunter (84),Low
BBOSSE22-4,0,DAL,ELIMINATED,ELIMINATED,ELIMINATED,ELIMINATED,ELIMINATED,ELIMINATED,ELIMINATED,ELIMINATED,ELIMINATED,ELIMINATED,ELIMINATED,ELIMINATED,ELIMINATED,ELIMINATED,ELIMINATED,ELIMINATED,ELIMINATED,84.1,43.8,50.0,45.3,31.2,85.2,1,Tourist,Tourist (85) / Planner (84),Low
BEANS-2,0,IND,ELIMINATED,ELIMINATED,ELIMINATED,ELIMINATED,ELIMINATED,ELIMINATED,ELIMINATED,ELIMINATED,ELIMINATED,ELIMINATED,ELIMINATED,ELIMINATED,ELIMINATED,ELIMINATED,ELIMINATED,ELIMINATED,ELIMINATED,85.9,0.0,84.4,93.8,22.0,22.7,1,Sprinter,Sprinter (94) / Planner (86) / EV Hunter (84),Low
Bear14-1,0,IND,ELIMINATED,ELIMINATED,ELIMINATED,ELIMINATED,ELIMINATED,ELIMINATED,ELIMINATED,ELIMINATED,ELIMINATED,ELIMINATED,ELIMINATED,ELIMINATED,ELIMINATED,ELIMINATED,ELIMINATED,ELIMINATED,ELIMINATED,85.9,0.0,84.4,93.8,22.0,22.7,1,Sprinter,Sprinter (94) / Planner (86) / EV Hunter (84),Low
beefaroni-1,0,IND,ELIMINATED,ELIMINATED,ELIMINATED,ELIMINATED,ELIMINATED,ELIMINATED,ELIMINATED,ELIMINATED,ELIMINATED,ELIMINATED,ELIMINATED,ELIMINATED,ELIMINATED,ELIMINATED,ELIMINATED,ELIMINATED,ELIMINATED,85.9,0.0,84.4,93.8,22.0,22.7,1,Sprinter,Sprinter (94) / Planner (86) / EV Hunter (84),Low
beefaroni-2,0,IND,ELIMINATED,ELIMINATED,ELIMINATED,ELIMINATED,ELIMINATED,ELIMINATED,ELIMINATED,ELIMINATED,ELIMINATED,ELIMINATED,ELIMINATED,ELIMINATED,ELIMINATED,ELIMINATED,ELIMINATED,ELIMINATED,ELIMINATED,85.9,0.0,84.4,93.8,22.0,22.7,1,Sprinter,Sprinter (94) / Planner (86) / EV Hunter (84),Low
beefaroni-3,0,IND,ELIMINATED,ELIMINATED,ELIMINATED,ELIMINATED,ELIMINATED,ELIMINATED,ELIMINATED,ELIMINATED,ELIMINATED,ELIMINATED,ELIMINATED,ELIMINATED,ELIMINATED,ELIMINATED,ELIMINATED,ELIMINATED,ELIMINATED,85.9,0.0,84.4,93.8,22.0,22.7,1,Sprinter,Sprinter (94) / Planner (86) / EV Hunter (84),Low
Bella 0923-1,0,SF,ELIMINATED,ELIMINATED,ELIMINATED,ELIMINATED,ELIMINATED,ELIMINATED,ELIMINATED,ELIMINATED,ELIMINATED,ELIMINATED,ELIMINATED,ELIMINATED,ELIMINATED,ELIMINATED,ELIMINATED,ELIMINATED,ELIMINATED,59.9,21.9,93.8,87.5,45.1,44.5,1,EV Hunter,EV Hunter (94) / Sprinter (88),Low
BENSON-1,0,IND,ELIMINATED,ELIMINATED,ELIMINATED,ELIMINATED,ELIMINATED,ELIMINATED,ELIMINATED,ELIMINATED,ELIMINATED,ELIMINATED,ELIMINATED,ELIMINATED,ELIMINATED,ELIMINATED,ELIMINATED,ELIMINATED,ELIMINATED,85.9,0.0,84.4,93.8,22.0,22.7,1,Sprinter,Sprinter (94) / Planner (86) / EV Hunter (84),Low
berzerk bettor-1,0,PHI,ELIMINATED,ELIMINATED,ELIMINATED,ELIMINATED,ELIMINATED,ELIMINATED,ELIMINATED,ELIMINATED,ELIMINATED,ELIMINATED,ELIMINATED,ELIMINATED,ELIMINATED,ELIMINATED,ELIMINATED,ELIMINATED,ELIMINATED,54.3,15.6,81.2,78.1,53.7,43.8,1,EV Hunter,EV Hunter (81) / Sprinter (78),Low
Bet the Board-1,0,IND,ELIMINATED,ELIMINATED,ELIMINATED,ELIMINATED,ELIMINATED,ELIMINATED,ELIMINATED,ELIMINATED,ELIMINATED,ELIMINATED,ELIMINATED,ELIMINATED,ELIMINATED,ELIMINATED,ELIMINATED,ELIMINATED,ELIMINATED,85.9,0.0,84.4,93.8,22.0,22.7,1,Sprinter,Sprinter (94) / Planner (86) / EV Hunter (84),Low
Bet the Board-2,0,SF,ELIMINATED,ELIMINATED,ELIMINATED,ELIMINATED,ELIMINATED,ELIMINATED,ELIMINATED,ELIMINATED,ELIMINATED,ELIMINATED,ELIMINATED,ELIMINATED,ELIMINATED,ELIMINATED,ELIMINATED,ELIMINATED,ELIMINATED,59.9,21.9,93.8,87.5,45.1,44.5,1,EV Hunter,EV Hunter (94) / Sprinter (88),Low
Bgrigg1-1,0,PHI,ELIMINATED,ELIMINATED,ELIMINATED,ELIMINATED,ELIMINATED,ELIMINATED,ELIMINATED,ELIMINATED,ELIMINATED,ELIMINATED,ELIMINATED,ELIMINATED,ELIMINATED,ELIMINATED,ELIMINATED,ELIMINATED,ELIMINATED,54.3,15.6,81.2,78.1,53.7,43.8,1,EV Hunter,EV Hunter (81) / Sprinter (78),Low
BIG DEAL-1,0,IND,ELIMINATED,ELIMINATED,ELIMINATED,ELIMINATED,ELIMINATED,ELIMINATED,ELIMINATED,ELIMINATED,ELIMINATED,ELIMINATED,ELIMINATED,ELIMINATED,ELIMINATED,ELIMINATED,ELIMINATED,ELIMINATED,ELIMINATED,85.9,0.0,84.4,93.8,22.0,22.7,1,Sprinter,Sprinter (94) / Planner (86) / EV Hunter (84),Low
Big Johnsons-2,0,IND,ELIMINATED,ELIMINATED,ELIMINATED,ELIMINATED,ELIMINATED,ELIMINATED,ELIMINATED,ELIMINATED,ELIMINATED,ELIMINATED,ELIMINATED,ELIMINATED,ELIMINATED,ELIMINATED,ELIMINATED,ELIMINATED,ELIMINATED,85.9,0.0,84.4,93.8,22.0,22.7,1,Sprinter,Sprinter (94) / Planner (86) / EV Hunter (84),Low
BIG SLEEP-1,0,PHI,ELIMINATED,ELIMINATED,ELIMINATED,ELIMINATED,ELIMINATED,ELIMINATED,ELIMINATED,ELIMINATED,ELIMINATED,ELIMINATED,ELIMINATED,ELIMINATED,ELIMINATED,ELIMINATED,ELIMINATED,ELIMINATED,ELIMINATED,54.3,15.6,81.2,78.1,53.7,43.8,1,EV Hunter,EV Hunter (81) / Sprinter (78),Low
BillyVegas-1,0,IND,ELIMINATED,ELIMINATED,ELIMINATED,ELIMINATED,ELIMINATED,ELIMINATED,ELIMINATED,ELIMINATED,ELIMINATED,ELIMINATED,ELIMINATED,ELIMINATED,ELIMINATED,ELIMINATED,ELIMINATED,ELIMINATED,ELIMINATED,85.9,0.0,84.4,93.8,22.0,22.7,1,Sprinter,Sprinter (94) / Planner (86) / EV Hunter (84),Low
BISHOP1971-1,0,IND,ELIMINATED,ELIMINATED,ELIMINATED,ELIMINATED,ELIMINATED,ELIMINATED,ELIMINATED,ELIMINATED,ELIMINATED,ELIMINATED,ELIMINATED,ELIMINATED,ELIMINATED,ELIMINATED,ELIMINATED,ELIMINATED,ELIMINATED,85.9,0.0,84.4,93.8,22.0,22.7,1,Sprinter,Sprinter (94) / Planner (86) / EV Hunter (84),Low
BISHOP1971-2,0,IND,ELIMINATED,ELIMINATED,ELIMINATED,ELIMINATED,ELIMINATED,ELIMINATED,ELIMINATED,ELIMINATED,ELIMINATED,ELIMINATED,ELIMINATED,ELIMINATED,ELIMINATED,ELIMINATED,ELIMINATED,ELIMINATED,ELIMINATED,85.9,0.0,84.4,93.8,22.0,22.7,1,Sprinter,Sprinter (94) / Planner (86) / EV Hunter (84),Low
Bison Sports-1,0,IND,ELIMINATED,ELIMINATED,ELIMINATED,ELIMINATED,ELIMINATED,ELIMINATED,ELIMINATED,ELIMINATED,ELIMINATED,ELIMINATED,ELIMINATED,ELIMINATED,ELIMINATED,ELIMINATED,ELIMINATED,ELIMINATED,ELIMINATED,85.9,0.0,84.4,93.8,22.0,22.7,1,Sprinter,Sprinter (94) / Planner (86) / EV Hunter (84),Low
Bitcoin1-2,0,SF,ELIMINATED,ELIMINATED,ELIMINATED,ELIMINATED,ELIMINATED,ELIMINATED,ELIMINATED,ELIMINATED,ELIMINATED,ELIMINATED,ELIMINATED,ELIMINATED,ELIMINATED,ELIMINATED,ELIMINATED,ELIMINATED,ELIMINATED,59.9,21.9,93.8,87.5,45.1,44.5,1,EV Hunter,EV Hunter (94) / Sprinter (88),Low
BizzyBettor-1,0,IND,ELIMINATED,ELIMINATED,ELIMINATED,ELIMINATED,ELIMINATED,ELIMINATED,ELIMINATED,ELIMINATED,ELIMINATED,ELIMINATED,ELIMINATED,ELIMINATED,ELIMINATED,ELIMINATED,ELIMINATED,ELIMINATED,ELIMINATED,85.9,0.0,84.4,93.8,22.0,22.7,1,Sprinter,Sprinter (94) / Planner (86) / EV Hunter (84),Low
BJGOLF-1,0,IND,ELIMINATED,ELIMINATED,ELIMINATED,ELIMINATED,ELIMINATED,ELIMINATED,ELIMINATED,ELIMINATED,ELIMINATED,ELIMINATED,ELIMINATED,ELIMINATED,ELIMINATED,ELIMINATED,ELIMINATED,ELIMINATED,ELIMINATED,85.9,0.0,84.4,93.8,22.0,22.7,1,Sprinter,Sprinter (94) / Planner (86) / EV Hunter (84),Low
Bjorn-1,0,IND,ELIMINATED,ELIMINATED,ELIMINATED,ELIMINATED,ELIMINATED,ELIMINATED,ELIMINATED,ELIMINATED,ELIMINATED,ELIMINATED,ELIMINATED,ELIMINATED,ELIMINATED,ELIMINATED,ELIMINATED,ELIMINATED,ELIMINATED,85.9,0.0,84.4,93.8,22.0,22.7,1,Sprinter,Sprinter (94) / Planner (86) / EV Hunter (84),Low
Bjorn-2,0,IND,ELIMINATED,ELIMINATED,ELIMINATED,ELIMINATED,ELIMINATED,ELIMINATED,ELIMINATED,ELIMINATED,ELIMINATED,ELIMINATED,ELIMINATED,ELIMINATED,ELIMINATED,ELIMINATED,ELIMINATED,ELIMINATED,ELIMINATED,85.9,0.0,84.4,93.8,22.0,22.7,1,Sprinter,Sprinter (94) / Planner (86) / EV Hunter (84),Low
Bjorn-3,0,IND,ELIMINATED,ELIMINATED,ELIMINATED,ELIMINATED,ELIMINATED,ELIMINATED,ELIMINATED,ELIMINATED,ELIMINATED,ELIMINATED,ELIMINATED,ELIMINATED,ELIMINATED,ELIMINATED,ELIMINATED,ELIMINATED,ELIMINATED,85.9,0.0,84.4,93.8,22.0,22.7,1,Sprinter,Sprinter (94) / Planner (86) / EV Hunter (84),Low
Bjorn-4,0,IND,ELIMINATED,ELIMINATED,ELIMINATED,ELIMINATED,ELIMINATED,ELIMINATED,ELIMINATED,ELIMINATED,ELIMINATED,ELIMINATED,ELIMINATED,ELIMINATED,ELIMINATED,ELIMINATED,ELIMINATED,ELIMINATED,ELIMINATED,85.9,0.0,84.4,93.8,22.0,22.7,1,Sprinter,Sprinter (94) / Planner (86) / EV Hunter (84),Low
Bjorn-5,0,IND,ELIMINATED,ELIMINATED,ELIMINATED,ELIMINATED,ELIMINATED,ELIMINATED,ELIMINATED,ELIMINATED,ELIMINATED,ELIMINATED,ELIMINATED,ELIMINATED,ELIMINATED,ELIMINATED,ELIMINATED,ELIMINATED,ELIMINATED,85.9,0.0,84.4,93.8,22.0,22.7,1,Sprinter,Sprinter (94) / Planner (86) / EV Hunter (84),Low
Black Devil-1,0,IND,ELIMINATED,ELIMINATED,ELIMINATED,ELIMINATED,ELIMINATED,ELIMINATED,ELIMINATED,ELIMINATED,ELIMINATED,ELIMINATED,ELIMINATED,ELIMINATED,ELIMINATED,ELIMINATED,ELIMINATED,ELIMINATED,ELIMINATED,85.9,0.0,84.4,93.8,22.0,22.7,1,Sprinter,Sprinter (94) / Planner (86) / EV Hunter (84),Low
Black Devil-2,0,PHI,ELIMINATED,ELIMINATED,ELIMINATED,ELIMINATED,ELIMINATED,ELIMINATED,ELIMINATED,ELIMINATED,ELIMINATED,ELIMINATED,ELIMINATED,ELIMINATED,ELIMINATED,ELIMINATED,ELIMINATED,ELIMINATED,ELIMINATED,54.3,15.6,81.2,78.1,53.7,43.8,1,EV Hunter,EV Hunter (81) / Sprinter (78),Low
Black Devil-4,0,IND,ELIMINATED,ELIMINATED,ELIMINATED,ELIMINATED,ELIMINATED,ELIMINATED,ELIMINATED,ELIMINATED,ELIMINATED,ELIMINATED,ELIMINATED,ELIMINATED,ELIMINATED,ELIMINATED,ELIMINATED,ELIMINATED,ELIMINATED,85.9,0.0,84.4,93.8,22.0,22.7,1,Sprinter,Sprinter (94) / Planner (86) / EV Hunter (84),Low
Black Devil-5,0,PHI,ELIMINATED,ELIMINATED,ELIMINATED,ELIMINATED,ELIMINATED,ELIMINATED,ELIMINATED,ELIMINATED,ELIMINATED,ELIMINATED,ELIMINATED,ELIMINATED,ELIMINATED,ELIMINATED,ELIMINATED,ELIMINATED,ELIMINATED,54.3,15.6,81.2,78.1,53.7,43.8,1,EV Hunter,EV Hunter (81) / Sprinter (78),Low
Blakmagk-1,0,IND,ELIMINATED,ELIMINATED,ELIMINATED,ELIMINATED,ELIMINATED,ELIMINATED,ELIMINATED,ELIMINATED,ELIMINATED,ELIMINATED,ELIMINATED,ELIMINATED,ELIMINATED,ELIMINATED,ELIMINATED,ELIMINATED,ELIMINATED,85.9,0.0,84.4,93.8,22.0,22.7,1,Sprinter,Sprinter (94) / Planner (86) / EV Hunter (84),Low
BLIND BOZO-1,0,IND,ELIMINATED,ELIMINATED,ELIMINATED,ELIMINATED,ELIMINATED,ELIMINATED,ELIMINATED,ELIMINATED,ELIMINATED,ELIMINATED,ELIMINATED,ELIMINATED,ELIMINATED,ELIMINATED,ELIMINATED,ELIMINATED,ELIMINATED,85.9,0.0,84.4,93.8,22.0,22.7,1,Sprinter,Sprinter (94) / Planner (86) / EV Hunter (84),Low
BLIND BOZO-3,0,IND,ELIMINATED,ELIMINATED,ELIMINATED,ELIMINATED,ELIMINATED,ELIMINATED,ELIMINATED,ELIMINATED,ELIMINATED,ELIMINATED,ELIMINATED,ELIMINATED,ELIMINATED,ELIMINATED,ELIMINATED,ELIMINATED,ELIMINATED,85.9,0.0,84.4,93.8,22.0,22.7,1,Sprinter,Sprinter (94) / Planner (86) / EV Hunter (84),Low
BLOW OUT-3,0,IND,ELIMINATED,ELIMINATED,ELIMINATED,ELIMINATED,ELIMINATED,ELIMINATED,ELIMINATED,ELIMINATED,ELIMINATED,ELIMINATED,ELIMINATED,ELIMINATED,ELIMINATED,ELIMINATED,ELIMINATED,ELIMINATED,ELIMINATED,85.9,0.0,84.4,93.8,22.0,22.7,1,Sprinter,Sprinter (94) / Planner (86) / EV Hunter (84),Low
Blue Dream-2,0,IND,ELIMINATED,ELIMINATED,ELIMINATED,ELIMINATED,ELIMINATED,ELIMINATED,ELIMINATED,ELIMINATED,ELIMINATED,ELIMINATED,ELIMINATED,ELIMINATED,ELIMINATED,ELIMINATED,ELIMINATED,ELIMINATED,ELIMINATED,85.9,0.0,84.4,93.8,22.0,22.7,1,Sprinter,Sprinter (94) / Planner (86) / EV Hunter (84),Low
BOAT 502-2,0,PHI,ELIMINATED,ELIMINATED,ELIMINATED,ELIMINATED,ELIMINATED,ELIMINATED,ELIMINATED,ELIMINATED,ELIMINATED,ELIMINATED,ELIMINATED,ELIMINATED,ELIMINATED,ELIMINATED,ELIMINATED,ELIMINATED,ELIMINATED,54.3,15.6,81.2,78.1,53.7,43.8,1,EV Hunter,EV Hunter (81) / Sprinter (78),Low
BOBBY LIGS-1,0,DET,ELIMINATED,ELIMINATED,ELIMINATED,ELIMINATED,ELIMINATED,ELIMINATED,ELIMINATED,ELIMINATED,ELIMINATED,ELIMINATED,ELIMINATED,ELIMINATED,ELIMINATED,ELIMINATED,ELIMINATED,ELIMINATED,ELIMINATED,60.2,35.9,62.5,62.5,49.8,65.6,1,Tourist,Tourist (66) / EV Hunter (62) / Sprinter (62) / Planner (60),Low
Bodhidog-1,0,IND,ELIMINATED,ELIMINATED,ELIMINATED,ELIMINATED,ELIMINATED,ELIMINATED,ELIMINATED,ELIMINATED,ELIMINATED,ELIMINATED,ELIMINATED,ELIMINATED,ELIMINATED,ELIMINATED,ELIMINATED,ELIMINATED,ELIMINATED,85.9,0.0,84.4,93.8,22.0,22.7,1,Sprinter,Sprinter (94) / Planner (86) / EV Hunter (84),Low
Boli's Boys-1,0,IND,ELIMINATED,ELIMINATED,ELIMINATED,ELIMINATED,ELIMINATED,ELIMINATED,ELIMINATED,ELIMINATED,ELIMINATED,ELIMINATED,ELIMINATED,ELIMINATED,ELIMINATED,ELIMINATED,ELIMINATED,ELIMINATED,ELIMINATED,85.9,0.0,84.4,93.8,22.0,22.7,1,Sprinter,Sprinter (94) / Planner (86) / EV Hunter (84),Low
BonkAgainstTheSpread-1,0,IND,ELIMINATED,ELIMINATED,ELIMINATED,ELIMINATED,ELIMINATED,ELIMINATED,ELIMINATED,ELIMINATED,ELIMINATED,ELIMINATED,ELIMINATED,ELIMINATED,ELIMINATED,ELIMINATED,ELIMINATED,ELIMINATED,ELIMINATED,85.9,0.0,84.4,93.8,22.0,22.7,1,Sprinter,Sprinter (94) / Planner (86) / EV Hunter (84),Low
Borg-5,0,IND,ELIMINATED,ELIMINATED,ELIMINATED,ELIMINATED,ELIMINATED,ELIMINATED,ELIMINATED,ELIMINATED,ELIMINATED,ELIMINATED,ELIMINATED,ELIMINATED,ELIMINATED,ELIMINATED,ELIMINATED,ELIMINATED,ELIMINATED,85.9,0.0,84.4,93.8,22.0,22.7,1,Sprinter,Sprinter (94) / Planner (86) / EV Hunter (84),Low
BRANDO-1,0,SF,ELIMINATED,ELIMINATED,ELIMINATED,ELIMINATED,ELIMINATED,ELIMINATED,ELIMINATED,ELIMINATED,ELIMINATED,ELIMINATED,ELIMINATED,ELIMINATED,ELIMINATED,ELIMINATED,ELIMINATED,ELIMINATED,ELIMINATED,59.9,21.9,93.8,87.5,45.1,44.5,1,EV Hunter,EV Hunter (94) / Sprinter (88),Low
BRETTERS16-1,0,IND,ELIMINATED,ELIMINATED,ELIMINATED,ELIMINATED,ELIMINATED,ELIMINATED,ELIMINATED,ELIMINATED,ELIMINATED,ELIMINATED,ELIMINATED,ELIMINATED,ELIMINATED,ELIMINATED,ELIMINATED,ELIMINATED,ELIMINATED,85.9,0.0,84.4,93.8,22.0,22.7,1,Sprinter,Sprinter (94) / Planner (86) / EV Hunter (84),Low
BRONKMANCH-2,0,IND,ELIMINATED,ELIMINATED,ELIMINATED,ELIMINATED,ELIMINATED,ELIMINATED,ELIMINATED,ELIMINATED,ELIMINATED,ELIMINATED,ELIMINATED,ELIMINATED,ELIMINATED,ELIMINATED,ELIMINATED,ELIMINATED,ELIMINATED,85.9,0.0,84.4,93.8,22.0,22.7,1,Sprinter,Sprinter (94) / Planner (86) / EV Hunter (84),Low
brooksboomers-1,0,IND,ELIMINATED,ELIMINATED,ELIMINATED,ELIMINATED,ELIMINATED,ELIMINATED,ELIMINATED,ELIMINATED,ELIMINATED,ELIMINATED,ELIMINATED,ELIMINATED,ELIMINATED,ELIMINATED,ELIMINATED,ELIMINATED,ELIMINATED,85.9,0.0,84.4,93.8,22.0,22.7,1,Sprinter,Sprinter (94) / Planner (86) / EV Hunter (84),Low
Brother Joseph-1,0,IND,ELIMINATED,ELIMINATED,ELIMINATED,ELIMINATED,ELIMINATED,ELIMINATED,ELIMINATED,ELIMINATED,ELIMINATED,ELIMINATED,ELIMINATED,ELIMINATED,ELIMINATED,ELIMINATED,ELIMINATED,ELIMINATED,ELIMINATED,85.9,0.0,84.4,93.8,22.0,22.7,1,Sprinter,Sprinter (94) / Planner (86) / EV Hunter (84),Low
Brother Joseph-2,0,IND,ELIMINATED,ELIMINATED,ELIMINATED,ELIMINATED,ELIMINATED,ELIMINATED,ELIMINATED,ELIMINATED,ELIMINATED,ELIMINATED,ELIMINATED,ELIMINATED,ELIMINATED,ELIMINATED,ELIMINATED,ELIMINATED,ELIMINATED,85.9,0.0,84.4,93.8,22.0,22.7,1,Sprinter,Sprinter (94) / Planner (86) / EV Hunter (84),Low
BRUCEWAYNE-2,0,PHI,ELIMINATED,ELIMINATED,ELIMINATED,ELIMINATED,ELIMINATED,ELIMINATED,ELIMINATED,ELIMINATED,ELIMINATED,ELIMINATED,ELIMINATED,ELIMINATED,ELIMINATED,ELIMINATED,ELIMINATED,ELIMINATED,ELIMINATED,54.3,15.6,81.2,78.1,53.7,43.8,1,EV Hunter,EV Hunter (81) / Sprinter (78),Low
Buckhell'sBubbleBoys-1,0,IND,ELIMINATED,ELIMINATED,ELIMINATED,ELIMINATED,ELIMINATED,ELIMINATED,ELIMINATED,ELIMINATED,ELIMINATED,ELIMINATED,ELIMINATED,ELIMINATED,ELIMINATED,ELIMINATED,ELIMINATED,ELIMINATED,ELIMINATED,85.9,0.0,84.4,93.8,22.0,22.7,1,Sprinter,Sprinter (94) / Planner (86) / EV Hunter (84),Low
buffalo1-1,0,IND,ELIMINATED,ELIMINATED,ELIMINATED,ELIMINATED,ELIMINATED,ELIMINATED,ELIMINATED,ELIMINATED,ELIMINATED,ELIMINATED,ELIMINATED,ELIMINATED,ELIMINATED,ELIMINATED,ELIMINATED,ELIMINATED,ELIMINATED,85.9,0.0,84.4,93.8,22.0,22.7,1,Sprinter,Sprinter (94) / Planner (86) / EV Hunter (84),Low
buffalo1-2,0,IND,ELIMINATED,ELIMINATED,ELIMINATED,ELIMINATED,ELIMINATED,ELIMINATED,ELIMINATED,ELIMINATED,ELIMINATED,ELIMINATED,ELIMINATED,ELIMINATED,ELIMINATED,ELIMINATED,ELIMINATED,ELIMINATED,ELIMINATED,85.9,0.0,84.4,93.8,22.0,22.7,1,Sprinter,Sprinter (94) / Planner (86) / EV Hunter (84),Low
buffalo1-5,0,SF,ELIMINATED,ELIMINATED,ELIMINATED,ELIMINATED,ELIMINATED,ELIMINATED,ELIMINATED,ELIMINATED,ELIMINATED,ELIMINATED,ELIMINATED,ELIMINATED,ELIMINATED,ELIMINATED,ELIMINATED,ELIMINATED,ELIMINATED,59.9,21.9,93.8,87.5,45.1,44.5,1,EV Hunter,EV Hunter (94) / Sprinter (88),Low
BUY LOW-2,0,IND,ELIMINATED,ELIMINATED,ELIMINATED,ELIMINATED,ELIMINATED,ELIMINATED,ELIMINATED,ELIMINATED,ELIMINATED,ELIMINATED,ELIMINATED,ELIMINATED,ELIMINATED,ELIMINATED,ELIMINATED,ELIMINATED,ELIMINATED,85.9,0.0,84.4,93.8,22.0,22.7,1,Sprinter,Sprinter (94) / Planner (86) / EV Hunter (84),Low
C OB-1,0,IND,ELIMINATED,ELIMINATED,ELIMINATED,ELIMINATED,ELIMINATED,ELIMINATED,ELIMINATED,ELIMINATED,ELIMINATED,ELIMINATED,ELIMINATED,ELIMINATED,ELIMINATED,ELIMINATED,ELIMINATED,ELIMINATED,ELIMINATED,85.9,0.0,84.4,93.8,22.0,22.7,1,Sprinter,Sprinter (94) / Planner (86) / EV Hunter (84),Low
C.A.G.E-4,0,IND,ELIMINATED,ELIMINATED,ELIMINATED,ELIMINATED,ELIMINATED,ELIMINATED,ELIMINATED,ELIMINATED,ELIMINATED,ELIMINATED,ELIMINATED,ELIMINATED,ELIMINATED,ELIMINATED,ELIMINATED,ELIMINATED,ELIMINATED,85.9,0.0,84.4,93.8,22.0,22.7,1,Sprinter,Sprinter (94) / Planner (86) / EV Hunter (84),Low
C.A.G.E-5,0,IND,ELIMINATED,ELIMINATED,ELIMINATED,ELIMINATED,ELIMINATED,ELIMINATED,ELIMINATED,ELIMINATED,ELIMINATED,ELIMINATED,ELIMINATED,ELIMINATED,ELIMINATED,ELIMINATED,ELIMINATED,ELIMINATED,ELIMINATED,85.9,0.0,84.4,93.8,22.0,22.7,1,Sprinter,Sprinter (94) / Planner (86) / EV Hunter (84),Low
CAJUNWOLF-2,0,IND,ELIMINATED,ELIMINATED,ELIMINATED,ELIMINATED,ELIMINATED,ELIMINATED,ELIMINATED,ELIMINATED,ELIMINATED,ELIMINATED,ELIMINATED,ELIMINATED,ELIMINATED,ELIMINATED,ELIMINATED,ELIMINATED,ELIMINATED,85.9,0.0,84.4,93.8,22.0,22.7,1,Sprinter,Sprinter (94) / Planner (86) / EV Hunter (84),Low
CAJUNWOLF-3,0,DET,ELIMINATED,ELIMINATED,ELIMINATED,ELIMINATED,ELIMINATED,ELIMINATED,ELIMINATED,ELIMINATED,ELIMINATED,ELIMINATED,ELIMINATED,ELIMINATED,ELIMINATED,ELIMINATED,ELIMINATED,ELIMINATED,ELIMINATED,60.2,35.9,62.5,62.5,49.8,65.6,1,Tourist,Tourist (66) / EV Hunter (62) / Sprinter (62) / Planner (60),Low
CAMPTEK 14-1,0,PHI,ELIMINATED,ELIMINATED,ELIMINATED,ELIMINATED,ELIMINATED,ELIMINATED,ELIMINATED,ELIMINATED,ELIMINATED,ELIMINATED,ELIMINATED,ELIMINATED,ELIMINATED,ELIMINATED,ELIMINATED,ELIMINATED,ELIMINATED,54.3,15.6,81.2,78.1,53.7,43.8,1,EV Hunter,EV Hunter (81) / Sprinter (78),Low
Captain 1-1,0,IND,ELIMINATED,ELIMINATED,ELIMINATED,ELIMINATED,ELIMINATED,ELIMINATED,ELIMINATED,ELIMINATED,ELIMINATED,ELIMINATED,ELIMINATED,ELIMINATED,ELIMINATED,ELIMINATED,ELIMINATED,ELIMINATED,ELIMINATED,85.9,0.0,84.4,93.8,22.0,22.7,1,Sprinter,Sprinter (94) / Planner (86) / EV Hunter (84),Low
Chaddie & Maddie-1,0,IND,ELIMINATED,ELIMINATED,ELIMINATED,ELIMINATED,ELIMINATED,ELIMINATED,ELIMINATED,ELIMINATED,ELIMINATED,ELIMINATED,ELIMINATED,ELIMINATED,ELIMINATED,ELIMINATED,ELIMINATED,ELIMINATED,ELIMINATED,85.9,0.0,84.4,93.8,22.0,22.7,1,Sprinter,Sprinter (94) / Planner (86) / EV Hunter (84),Low
Chaddie & Maddie-2,0,DAL,ELIMINATED,ELIMINATED,ELIMINATED,ELIMINATED,ELIMINATED,ELIMINATED,ELIMINATED,ELIMINATED,ELIMINATED,ELIMINATED,ELIMINATED,ELIMINATED,ELIMINATED,ELIMINATED,ELIMINATED,ELIMINATED,ELIMINATED,84.1,43.8,50.0,45.3,31.2,85.2,1,Tourist,Tourist (85) / Planner (84),Low
Chaddie & Maddie-3,0,IND,ELIMINATED,ELIMINATED,ELIMINATED,ELIMINATED,ELIMINATED,ELIMINATED,ELIMINATED,ELIMINATED,ELIMINATED,ELIMINATED,ELIMINATED,ELIMINATED,ELIMINATED,ELIMINATED,ELIMINATED,ELIMINATED,ELIMINATED,85.9,0.0,84.4,93.8,22.0,22.7,1,Sprinter,Sprinter (94) / Planner (86) / EV Hunter (84),Low
Chard-1,0,IND,ELIMINATED,ELIMINATED,ELIMINATED,ELIMINATED,ELIMINATED,ELIMINATED,ELIMINATED,ELIMINATED,ELIMINATED,ELIMINATED,ELIMINATED,ELIMINATED,ELIMINATED,ELIMINATED,ELIMINATED,ELIMINATED,ELIMINATED,85.9,0.0,84.4,93.8,22.0,22.7,1,Sprinter,Sprinter (94) / Planner (86) / EV Hunter (84),Low
Chicken Dinner-1,0,IND,ELIMINATED,ELIMINATED,ELIMINATED,ELIMINATED,ELIMINATED,ELIMINATED,ELIMINATED,ELIMINATED,ELIMINATED,ELIMINATED,ELIMINATED,ELIMINATED,ELIMINATED,ELIMINATED,ELIMINATED,ELIMINATED,ELIMINATED,85.9,0.0,84.4,93.8,22.0,22.7,1,Sprinter,Sprinter (94) / Planner (86) / EV Hunter (84),Low
CHIRDNATION-1,0,IND,ELIMINATED,ELIMINATED,ELIMINATED,ELIMINATED,ELIMINATED,ELIMINATED,ELIMINATED,ELIMINATED,ELIMINATED,ELIMINATED,ELIMINATED,ELIMINATED,ELIMINATED,ELIMINATED,ELIMINATED,ELIMINATED,ELIMINATED,85.9,0.0,84.4,93.8,22.0,22.7,1,Sprinter,Sprinter (94) / Planner (86) / EV Hunter (84),Low
chowsHeroes-2,0,SF,ELIMINATED,ELIMINATED,ELIMINATED,ELIMINATED,ELIMINATED,ELIMINATED,ELIMINATED,ELIMINATED,ELIMINATED,ELIMINATED,ELIMINATED,ELIMINATED,ELIMINATED,ELIMINATED,ELIMINATED,ELIMINATED,ELIMINATED,59.9,21.9,93.8,87.5,45.1,44.5,1,EV Hunter,EV Hunter (94) / Sprinter (88),Low
CHUMS BUMS REDUX-1,0,IND,ELIMINATED,ELIMINATED,ELIMINATED,ELIMINATED,ELIMINATED,ELIMINATED,ELIMINATED,ELIMINATED,ELIMINATED,ELIMINATED,ELIMINATED,ELIMINATED,ELIMINATED,ELIMINATED,ELIMINATED,ELIMINATED,ELIMINATED,85.9,0.0,84.4,93.8,22.0,22.7,1,Sprinter,Sprinter (94) / Planner (86) / EV Hunter (84),Low
CLAIM KING SN-1,0,IND,ELIMINATED,ELIMINATED,ELIMINATED,ELIMINATED,ELIMINATED,ELIMINATED,ELIMINATED,ELIMINATED,ELIMINATED,ELIMINATED,ELIMINATED,ELIMINATED,ELIMINATED,ELIMINATED,ELIMINATED,ELIMINATED,ELIMINATED,85.9,0.0,84.4,93.8,22.0,22.7,1,Sprinter,Sprinter (94) / Planner (86) / EV Hunter (84),Low
CLARKGRIZWOLD-4,0,IND,ELIMINATED,ELIMINATED,ELIMINATED,ELIMINATED,ELIMINATED,ELIMINATED,ELIMINATED,ELIMINATED,ELIMINATED,ELIMINATED,ELIMINATED,ELIMINATED,ELIMINATED,ELIMINATED,ELIMINATED,ELIMINATED,ELIMINATED,85.9,0.0,84.4,93.8,22.0,22.7,1,Sprinter,Sprinter (94) / Planner (86) / EV Hunter (84),Low
CLARKGRIZWOLD-5,0,IND,ELIMINATED,ELIMINATED,ELIMINATED,ELIMINATED,ELIMINATED,ELIMINATED,ELIMINATED,ELIMINATED,ELIMINATED,ELIMINATED,ELIMINATED,ELIMINATED,ELIMINATED,ELIMINATED,ELIMINATED,ELIMINATED,ELIMINATED,85.9,0.0,84.4,93.8,22.0,22.7,1,Sprinter,Sprinter (94) / Planner (86) / EV Hunter (84),Low
CMOJB-1,0,IND,ELIMINATED,ELIMINATED,ELIMINATED,ELIMINATED,ELIMINATED,ELIMINATED,ELIMINATED,ELIMINATED,ELIMINATED,ELIMINATED,ELIMINATED,ELIMINATED,ELIMINATED,ELIMINATED,ELIMINATED,ELIMINATED,ELIMINATED,85.9,0.0,84.4,93.8,22.0,22.7,1,Sprinter,Sprinter (94) / Planner (86) / EV Hunter (84),Low
CNOTE-1,0,IND,ELIMINATED,ELIMINATED,ELIMINATED,ELIMINATED,ELIMINATED,ELIMINATED,ELIMINATED,ELIMINATED,ELIMINATED,ELIMINATED,ELIMINATED,ELIMINATED,ELIMINATED,ELIMINATED,ELIMINATED,ELIMINATED,ELIMINATED,85.9,0.0,84.4,93.8,22.0,22.7,1,Sprinter,Sprinter (94) / Planner (86) / EV Hunter (84),Low
CNT WALK-2,0,PHI,ELIMINATED,ELIMINATED,ELIMINATED,ELIMINATED,ELIMINATED,ELIMINATED,ELIMINATED,ELIMINATED,ELIMINATED,ELIMINATED,ELIMINATED,ELIMINATED,ELIMINATED,ELIMINATED,ELIMINATED,ELIMINATED,ELIMINATED,54.3,15.6,81.2,78.1,53.7,43.8,1,EV Hunter,EV Hunter (81) / Sprinter (78),Low
COLTS45-1,0,IND,ELIMINATED,ELIMINATED,ELIMINATED,ELIMINATED,ELIMINATED,ELIMINATED,ELIMINATED,ELIMINATED,ELIMINATED,ELIMINATED,ELIMINATED,ELIMINATED,ELIMINATED,ELIMINATED,ELIMINATED,ELIMINATED,ELIMINATED,85.9,0.0,84.4,93.8,22.0,22.7,1,Sprinter,Sprinter (94) / Planner (86) / EV Hunter (84),Low
ConcreteMike-1,0,IND,ELIMINATED,ELIMINATED,ELIMINATED,ELIMINATED,ELIMINATED,ELIMINATED,ELIMINATED,ELIMINATED,ELIMINATED,ELIMINATED,ELIMINATED,ELIMINATED,ELIMINATED,ELIMINATED,ELIMINATED,ELIMINATED,ELIMINATED,85.9,0.0,84.4,93.8,22.0,22.7,1,Sprinter,Sprinter (94) / Planner (86) / EV Hunter (84),Low
COOLCATSANDKITTENS-3,0,IND,ELIMINATED,ELIMINATED,ELIMINATED,ELIMINATED,ELIMINATED,ELIMINATED,ELIMINATED,ELIMINATED,ELIMINATED,ELIMINATED,ELIMINATED,ELIMINATED,ELIMINATED,ELIMINATED,ELIMINATED,ELIMINATED,ELIMINATED,85.9,0.0,84.4,93.8,22.0,22.7,1,Sprinter,Sprinter (94) / Planner (86) / EV Hunter (84),Low
COOLCATSANDKITTENS-5,0,SF,ELIMINATED,ELIMINATED,ELIMINATED,ELIMINATED,ELIMINATED,ELIMINATED,ELIMINATED,ELIMINATED,ELIMINATED,ELIMINATED,ELIMINATED,ELIMINATED,ELIMINATED,ELIMINATED,ELIMINATED,ELIMINATED,ELIMINATED,59.9,21.9,93.8,87.5,45.1,44.5,1,EV Hunter,EV Hunter (94) / Sprinter (88),Low
CORNELIOROGERB-1,0,IND,ELIMINATED,ELIMINATED,ELIMINATED,ELIMINATED,ELIMINATED,ELIMINATED,ELIMINATED,ELIMINATED,ELIMINATED,ELIMINATED,ELIMINATED,ELIMINATED,ELIMINATED,ELIMINATED,ELIMINATED,ELIMINATED,ELIMINATED,85.9,0.0,84.4,93.8,22.0,22.7,1,Sprinter,Sprinter (94) / Planner (86) / EV Hunter (84),Low
CRISPR-1,0,IND,ELIMINATED,ELIMINATED,ELIMINATED,ELIMINATED,ELIMINATED,ELIMINATED,ELIMINATED,ELIMINATED,ELIMINATED,ELIMINATED,ELIMINATED,ELIMINATED,ELIMINATED,ELIMINATED,ELIMINATED,ELIMINATED,ELIMINATED,85.9,0.0,84.4,93.8,22.0,22.7,1,Sprinter,Sprinter (94) / Planner (86) / EV Hunter (84),Low
CRISPR-2,0,IND,ELIMINATED,ELIMINATED,ELIMINATED,ELIMINATED,ELIMINATED,ELIMINATED,ELIMINATED,ELIMINATED,ELIMINATED,ELIMINATED,ELIMINATED,ELIMINATED,ELIMINATED,ELIMINATED,ELIMINATED,ELIMINATED,ELIMINATED,85.9,0.0,84.4,93.8,22.0,22.7,1,Sprinter,Sprinter (94) / Planner (86) / EV Hunter (84),Low
CRISPR-3,0,IND,ELIMINATED,ELIMINATED,ELIMINATED,ELIMINATED,ELIMINATED,ELIMINATED,ELIMINATED,ELIMINATED,ELIMINATED,ELIMINATED,ELIMINATED,ELIMINATED,ELIMINATED,ELIMINATED,ELIMINATED,ELIMINATED,ELIMINATED,85.9,0.0,84.4,93.8,22.0,22.7,1,Sprinter,Sprinter (94) / Planner (86) / EV Hunter (84),Low
CRISPR-4,0,IND,ELIMINATED,ELIMINATED,ELIMINATED,ELIMINATED,ELIMINATED,ELIMINATED,ELIMINATED,ELIMINATED,ELIMINATED,ELIMINATED,ELIMINATED,ELIMINATED,ELIMINATED,ELIMINATED,ELIMINATED,ELIMINATED,ELIMINATED,85.9,0.0,84.4,93.8,22.0,22.7,1,Sprinter,Sprinter (94) / Planner (86) / EV Hunter (84),Low
CRISPR-5,0,IND,ELIMINATED,ELIMINATED,ELIMINATED,ELIMINATED,ELIMINATED,ELIMINATED,ELIMINATED,ELIMINATED,ELIMINATED,ELIMINATED,ELIMINATED,ELIMINATED,ELIMINATED,ELIMINATED,ELIMINATED,ELIMINATED,ELIMINATED,85.9,0.0,84.4,93.8,22.0,22.7,1,Sprinter,Sprinter (94) / Planner (86) / EV Hunter (84),Low
CRUSHEMSPORTS.COM-1,0,PHI,ELIMINATED,ELIMINATED,ELIMINATED,ELIMINATED,ELIMINATED,ELIMINATED,ELIMINATED,ELIMINATED,ELIMINATED,ELIMINATED,ELIMINATED,ELIMINATED,ELIMINATED,ELIMINATED,ELIMINATED,ELIMINATED,ELIMINATED,54.3,15.6,81.2,78.1,53.7,43.8,1,EV Hunter,EV Hunter (81) / Sprinter (78),Low
Cuddy120-2,0,IND,ELIMINATED,ELIMINATED,ELIMINATED,ELIMINATED,ELIMINATED,ELIMINATED,ELIMINATED,ELIMINATED,ELIMINATED,ELIMINATED,ELIMINATED,ELIMINATED,ELIMINATED,ELIMINATED,ELIMINATED,ELIMINATED,ELIMINATED,85.9,0.0,84.4,93.8,22.0,22.7,1,Sprinter,Sprinter (94) / Planner (86) / EV Hunter (84),Low
Cuddy120-5,0,IND,ELIMINATED,ELIMINATED,ELIMINATED,ELIMINATED,ELIMINATED,ELIMINATED,ELIMINATED,ELIMINATED,ELIMINATED,ELIMINATED,ELIMINATED,ELIMINATED,ELIMINATED,ELIMINATED,ELIMINATED,ELIMINATED,ELIMINATED,85.9,0.0,84.4,93.8,22.0,22.7,1,Sprinter,Sprinter (94) / Planner (86) / EV Hunter (84),Low
cyboldbox-1,0,PHI,ELIMINATED,ELIMINATED,ELIMINATED,ELIMINATED,ELIMINATED,ELIMINATED,ELIMINATED,ELIMINATED,ELIMINATED,ELIMINATED,ELIMINATED,ELIMINATED,ELIMINATED,ELIMINATED,ELIMINATED,ELIMINATED,ELIMINATED,54.3,15.6,81.2,78.1,53.7,43.8,1,EV Hunter,EV Hunter (81) / Sprinter (78),Low
D7BOYS-1,0,DET,ELIMINATED,ELIMINATED,ELIMINATED,ELIMINATED,ELIMINATED,ELIMINATED,ELIMINATED,ELIMINATED,ELIMINATED,ELIMINATED,ELIMINATED,ELIMINATED,ELIMINATED,ELIMINATED,ELIMINATED,ELIMINATED,ELIMINATED,60.2,35.9,62.5,62.5,49.8,65.6,1,Tourist,Tourist (66) / EV Hunter (62) / Sprinter (62) / Planner (60),Low
DaliBones-4,0,IND,ELIMINATED,ELIMINATED,ELIMINATED,ELIMINATED,ELIMINATED,ELIMINATED,ELIMINATED,ELIMINATED,ELIMINATED,ELIMINATED,ELIMINATED,ELIMINATED,ELIMINATED,ELIMINATED,ELIMINATED,ELIMINATED,ELIMINATED,85.9,0.0,84.4,93.8,22.0,22.7,1,Sprinter,Sprinter (94) / Planner (86) / EV Hunter (84),Low
DaliBones-5,0,IND,ELIMINATED,ELIMINATED,ELIMINATED,ELIMINATED,ELIMINATED,ELIMINATED,ELIMINATED,ELIMINATED,ELIMINATED,ELIMINATED,ELIMINATED,ELIMINATED,ELIMINATED,ELIMINATED,ELIMINATED,ELIMINATED,ELIMINATED,85.9,0.0,84.4,93.8,22.0,22.7,1,Sprinter,Sprinter (94) / Planner (86) / EV Hunter (84),Low
Danty @ 1230-1,0,IND,ELIMINATED,ELIMINATED,ELIMINATED,ELIMINATED,ELIMINATED,ELIMINATED,ELIMINATED,ELIMINATED,ELIMINATED,ELIMINATED,ELIMINATED,ELIMINATED,ELIMINATED,ELIMINATED,ELIMINATED,ELIMINATED,ELIMINATED,85.9,0.0,84.4,93.8,22.0,22.7,1,Sprinter,Sprinter (94) / Planner (86) / EV Hunter (84),Low
Dawgpicks-1,0,DET,ELIMINATED,ELIMINATED,ELIMINATED,ELIMINATED,ELIMINATED,ELIMINATED,ELIMINATED,ELIMINATED,ELIMINATED,ELIMINATED,ELIMINATED,ELIMINATED,ELIMINATED,ELIMINATED,ELIMINATED,ELIMINATED,ELIMINATED,60.2,35.9,62.5,62.5,49.8,65.6,1,Tourist,Tourist (66) / EV Hunter (62) / Sprinter (62) / Planner (60),Low
DeserBo-2,0,IND,ELIMINATED,ELIMINATED,ELIMINATED,ELIMINATED,ELIMINATED,ELIMINATED,ELIMINATED,ELIMINATED,ELIMINATED,ELIMINATED,ELIMINATED,ELIMINATED,ELIMINATED,ELIMINATED,ELIMINATED,ELIMINATED,ELIMINATED,85.9,0.0,84.4,93.8,22.0,22.7,1,Sprinter,Sprinter (94) / Planner (86) / EV Hunter (84),Low
DeserBo-3,0,IND,ELIMINATED,ELIMINATED,ELIMINATED,ELIMINATED,ELIMINATED,ELIMINATED,ELIMINATED,ELIMINATED,ELIMINATED,ELIMINATED,ELIMINATED,ELIMINATED,ELIMINATED,ELIMINATED,ELIMINATED,ELIMINATED,ELIMINATED,85.9,0.0,84.4,93.8,22.0,22.7,1,Sprinter,Sprinter (94) / Planner (86) / EV Hunter (84),Low
DESERT DOGG-1,0,IND,ELIMINATED,ELIMINATED,ELIMINATED,ELIMINATED,ELIMINATED,ELIMINATED,ELIMINATED,ELIMINATED,ELIMINATED,ELIMINATED,ELIMINATED,ELIMINATED,ELIMINATED,ELIMINATED,ELIMINATED,ELIMINATED,ELIMINATED,85.9,0.0,84.4,93.8,22.0,22.7,1,Sprinter,Sprinter (94) / Planner (86) / EV Hunter (84),Low
DESERT DOGG-4,0,PHI,ELIMINATED,ELIMINATED,ELIMINATED,ELIMINATED,ELIMINATED,ELIMINATED,ELIMINATED,ELIMINATED,ELIMINATED,ELIMINATED,ELIMINATED,ELIMINATED,ELIMINATED,ELIMINATED,ELIMINATED,ELIMINATED,ELIMINATED,54.3,15.6,81.2,78.1,53.7,43.8,1,EV Hunter,EV Hunter (81) / Sprinter (78),Low
DESERT DOGG-5,0,SF,ELIMINATED,ELIMINATED,ELIMINATED,ELIMINATED,ELIMINATED,ELIMINATED,ELIMINATED,ELIMINATED,ELIMINATED,ELIMINATED,ELIMINATED,ELIMINATED,ELIMINATED,ELIMINATED,ELIMINATED,ELIMINATED,ELIMINATED,59.9,21.9,93.8,87.5,45.1,44.5,1,EV Hunter,EV Hunter (94) / Sprinter (88),Low
DIGGS ALLEN '22-3,0,IND,ELIMINATED,ELIMINATED,ELIMINATED,ELIMINATED,ELIMINATED,ELIMINATED,ELIMINATED,ELIMINATED,ELIMINATED,ELIMINATED,ELIMINATED,ELIMINATED,ELIMINATED,ELIMINATED,ELIMINATED,ELIMINATED,ELIMINATED,85.9,0.0,84.4,93.8,22.0,22.7,1,Sprinter,Sprinter (94) / Planner (86) / EV Hunter (84),Low
DIGGS ALLEN '22-4,0,IND,ELIMINATED,ELIMINATED,ELIMINATED,ELIMINATED,ELIMINATED,ELIMINATED,ELIMINATED,ELIMINATED,ELIMINATED,ELIMINATED,ELIMINATED,ELIMINATED,ELIMINATED,ELIMINATED,ELIMINATED,ELIMINATED,ELIMINATED,85.9,0.0,84.4,93.8,22.0,22.7,1,Sprinter,Sprinter (94) / Planner (86) / EV Hunter (84),Low
DinoTheDog-1,0,IND,ELIMINATED,ELIMINATED,ELIMINATED,ELIMINATED,ELIMINATED,ELIMINATED,ELIMINATED,ELIMINATED,ELIMINATED,ELIMINATED,ELIMINATED,ELIMINATED,ELIMINATED,ELIMINATED,ELIMINATED,ELIMINATED,ELIMINATED,85.9,0.0,84.4,93.8,22.0,22.7,1,Sprinter,Sprinter (94) / Planner (86) / EV Hunter (84),Low
DinoTheDog-2,0,IND,ELIMINATED,ELIMINATED,ELIMINATED,ELIMINATED,ELIMINATED,ELIMINATED,ELIMINATED,ELIMINATED,ELIMINATED,ELIMINATED,ELIMINATED,ELIMINATED,ELIMINATED,ELIMINATED,ELIMINATED,ELIMINATED,ELIMINATED,85.9,0.0,84.4,93.8,22.0,22.7,1,Sprinter,Sprinter (94) / Planner (86) / EV Hunter (84),Low
DinoTheDog-3,0,IND,ELIMINATED,ELIMINATED,ELIMINATED,ELIMINATED,ELIMINATED,ELIMINATED,ELIMINATED,ELIMINATED,ELIMINATED,ELIMINATED,ELIMINATED,ELIMINATED,ELIMINATED,ELIMINATED,ELIMINATED,ELIMINATED,ELIMINATED,85.9,0.0,84.4,93.8,22.0,22.7,1,Sprinter,Sprinter (94) / Planner (86) / EV Hunter (84),Low
DinoTheDog-4,0,IND,ELIMINATED,ELIMINATED,ELIMINATED,ELIMINATED,ELIMINATED,ELIMINATED,ELIMINATED,ELIMINATED,ELIMINATED,ELIMINATED,ELIMINATED,ELIMINATED,ELIMINATED,ELIMINATED,ELIMINATED,ELIMINATED,ELIMINATED,85.9,0.0,84.4,93.8,22.0,22.7,1,Sprinter,Sprinter (94) / Planner (86) / EV Hunter (84),Low
DISCO KRYPTONITE-1,0,IND,ELIMINATED,ELIMINATED,ELIMINATED,ELIMINATED,ELIMINATED,ELIMINATED,ELIMINATED,ELIMINATED,ELIMINATED,ELIMINATED,ELIMINATED,ELIMINATED,ELIMINATED,ELIMINATED,ELIMINATED,ELIMINATED,ELIMINATED,85.9,0.0,84.4,93.8,22.0,22.7,1,Sprinter,Sprinter (94) / Planner (86) / EV Hunter (84),Low
DIVORCED ON SUNDAYS-1,0,IND,ELIMINATED,ELIMINATED,ELIMINATED,ELIMINATED,ELIMINATED,ELIMINATED,ELIMINATED,ELIMINATED,ELIMINATED,ELIMINATED,ELIMINATED,ELIMINATED,ELIMINATED,ELIMINATED,ELIMINATED,ELIMINATED,ELIMINATED,85.9,0.0,84.4,93.8,22.0,22.7,1,Sprinter,Sprinter (94) / Planner (86) / EV Hunter (84),Low
DLITTBOMEME-1,0,IND,ELIMINATED,ELIMINATED,ELIMINATED,ELIMINATED,ELIMINATED,ELIMINATED,ELIMINATED,ELIMINATED,ELIMINATED,ELIMINATED,ELIMINATED,ELIMINATED,ELIMINATED,ELIMINATED,ELIMINATED,ELIMINATED,ELIMINATED,85.9,0.0,84.4,93.8,22.0,22.7,1,Sprinter,Sprinter (94) / Planner (86) / EV Hunter (84),Low
DOG OR PASS-1,0,IND,ELIMINATED,ELIMINATED,ELIMINATED,ELIMINATED,ELIMINATED,ELIMINATED,ELIMINATED,ELIMINATED,ELIMINATED,ELIMINATED,ELIMINATED,ELIMINATED,ELIMINATED,ELIMINATED,ELIMINATED,ELIMINATED,ELIMINATED,85.9,0.0,84.4,93.8,22.0,22.7,1,Sprinter,Sprinter (94) / Planner (86) / EV Hunter (84),Low
DOMEDOC-1,0,IND,ELIMINATED,ELIMINATED,ELIMINATED,ELIMINATED,ELIMINATED,ELIMINATED,ELIMINATED,ELIMINATED,ELIMINATED,ELIMINATED,ELIMINATED,ELIMINATED,ELIMINATED,ELIMINATED,ELIMINATED,ELIMINATED,ELIMINATED,85.9,0.0,84.4,93.8,22.0,22.7,1,Sprinter,Sprinter (94) / Planner (86) / EV Hunter (84),Low
DOMEDOC-2,0,PHI,ELIMINATED,ELIMINATED,ELIMINATED,ELIMINATED,ELIMINATED,ELIMINATED,ELIMINATED,ELIMINATED,ELIMINATED,ELIMINATED,ELIMINATED,ELIMINATED,ELIMINATED,ELIMINATED,ELIMINATED,ELIMINATED,ELIMINATED,54.3,15.6,81.2,78.1,53.7,43.8,1,EV Hunter,EV Hunter (81) / Sprinter (78),Low
DonnieMC-1,0,IND,ELIMINATED,ELIMINATED,ELIMINATED,ELIMINATED,ELIMINATED,ELIMINATED,ELIMINATED,ELIMINATED,ELIMINATED,ELIMINATED,ELIMINATED,ELIMINATED,ELIMINATED,ELIMINATED,ELIMINATED,ELIMINATED,ELIMINATED,85.9,0.0,84.4,93.8,22.0,22.7,1,Sprinter,Sprinter (94) / Planner (86) / EV Hunter (84),Low
DragonFly2713-1,0,IND,ELIMINATED,ELIMINATED,ELIMINATED,ELIMINATED,ELIMINATED,ELIMINATED,ELIMINATED,ELIMINATED,ELIMINATED,ELIMINATED,ELIMINATED,ELIMINATED,ELIMINATED,ELIMINATED,ELIMINATED,ELIMINATED,ELIMINATED,85.9,0.0,84.4,93.8,22.0,22.7,1,Sprinter,Sprinter (94) / Planner (86) / EV Hunter (84),Low
DREWSLOCK2020-1,0,PHI,ELIMINATED,ELIMINATED,ELIMINATED,ELIMINATED,ELIMINATED,ELIMINATED,ELIMINATED,ELIMINATED,ELIMINATED,ELIMINATED,ELIMINATED,ELIMINATED,ELIMINATED,ELIMINATED,ELIMINATED,ELIMINATED,ELIMINATED,54.3,15.6,81.2,78.1,53.7,43.8,1,EV Hunter,EV Hunter (81) / Sprinter (78),Low
DRYDIN-1,0,IND,ELIMINATED,ELIMINATED,ELIMINATED,ELIMINATED,ELIMINATED,ELIMINATED,ELIMINATED,ELIMINATED,ELIMINATED,ELIMINATED,ELIMINATED,ELIMINATED,ELIMINATED,ELIMINATED,ELIMINATED,ELIMINATED,ELIMINATED,85.9,0.0,84.4,93.8,22.0,22.7,1,Sprinter,Sprinter (94) / Planner (86) / EV Hunter (84),Low
DRYDIN-2,0,IND,ELIMINATED,ELIMINATED,ELIMINATED,ELIMINATED,ELIMINATED,ELIMINATED,ELIMINATED,ELIMINATED,ELIMINATED,ELIMINATED,ELIMINATED,ELIMINATED,ELIMINATED,ELIMINATED,ELIMINATED,ELIMINATED,ELIMINATED,85.9,0.0,84.4,93.8,22.0,22.7,1,Sprinter,Sprinter (94) / Planner (86) / EV Hunter (84),Low
DYHEW & MADDOG-1,0,IND,ELIMINATED,ELIMINATED,ELIMINATED,ELIMINATED,ELIMINATED,ELIMINATED,ELIMINATED,ELIMINATED,ELIMINATED,ELIMINATED,ELIMINATED,ELIMINATED,ELIMINATED,ELIMINATED,ELIMINATED,ELIMINATED,ELIMINATED,85.9,0.0,84.4,93.8,22.0,22.7,1,Sprinter,Sprinter (94) / Planner (86) / EV Hunter (84),Low
dylan-5,0,IND,ELIMINATED,ELIMINATED,ELIMINATED,ELIMINATED,ELIMINATED,ELIMINATED,ELIMINATED,ELIMINATED,ELIMINATED,ELIMINATED,ELIMINATED,ELIMINATED,ELIMINATED,ELIMINATED,ELIMINATED,ELIMINATED,ELIMINATED,85.9,0.0,84.4,93.8,22.0,22.7,1,Sprinter,Sprinter (94) / Planner (86) / EV Hunter (84),Low
Easymoney07-1,0,IND,ELIMINATED,ELIMINATED,ELIMINATED,ELIMINATED,ELIMINATED,ELIMINATED,ELIMINATED,ELIMINATED,ELIMINATED,ELIMINATED,ELIMINATED,ELIMINATED,ELIMINATED,ELIMINATED,ELIMINATED,ELIMINATED,ELIMINATED,85.9,0.0,84.4,93.8,22.0,22.7,1,Sprinter,Sprinter (94) / Planner (86) / EV Hunter (84),Low
Edgedadon-1,0,PHI,ELIMINATED,ELIMINATED,ELIMINATED,ELIMINATED,ELIMINATED,ELIMINATED,ELIMINATED,ELIMINATED,ELIMINATED,ELIMINATED,ELIMINATED,ELIMINATED,ELIMINATED,ELIMINATED,ELIMINATED,ELIMINATED,ELIMINATED,54.3,15.6,81.2,78.1,53.7,43.8,1,EV Hunter,EV Hunter (81) / Sprinter (78),Low
EIGHTOCHO8-1,0,IND,ELIMINATED,ELIMINATED,ELIMINATED,ELIMINATED,ELIMINATED,ELIMINATED,ELIMINATED,ELIMINATED,ELIMINATED,ELIMINATED,ELIMINATED,ELIMINATED,ELIMINATED,ELIMINATED,ELIMINATED,ELIMINATED,ELIMINATED,85.9,0.0,84.4,93.8,22.0,22.7,1,Sprinter,Sprinter (94) / Planner (86) / EV Hunter (84),Low
EL LOCO IS-1,0,IND,ELIMINATED,ELIMINATED,ELIMINATED,ELIMINATED,ELIMINATED,ELIMINATED,ELIMINATED,ELIMINATED,ELIMINATED,ELIMINATED,ELIMINATED,ELIMINATED,ELIMINATED,ELIMINATED,ELIMINATED,ELIMINATED,ELIMINATED,85.9,0.0,84.4,93.8,22.0,22.7,1,Sprinter,Sprinter (94) / Planner (86) / EV Hunter (84),Low
EL PADRE-1,0,IND,ELIMINATED,ELIMINATED,ELIMINATED,ELIMINATED,ELIMINATED,ELIMINATED,ELIMINATED,ELIMINATED,ELIMINATED,ELIMINATED,ELIMINATED,ELIMINATED,ELIMINATED,ELIMINATED,ELIMINATED,ELIMINATED,ELIMINATED,85.9,0.0,84.4,93.8,22.0,22.7,1,Sprinter,Sprinter (94) / Planner (86) / EV Hunter (84),Low
EL PADRE-2,0,PHI,ELIMINATED,ELIMINATED,ELIMINATED,ELIMINATED,ELIMINATED,ELIMINATED,ELIMINATED,ELIMINATED,ELIMINATED,ELIMINATED,ELIMINATED,ELIMINATED,ELIMINATED,ELIMINATED,ELIMINATED,ELIMINATED,ELIMINATED,54.3,15.6,81.2,78.1,53.7,43.8,1,EV Hunter,EV Hunter (81) / Sprinter (78),Low
EROQ-2,0,IND,ELIMINATED,ELIMINATED,ELIMINATED,ELIMINATED,ELIMINATED,ELIMINATED,ELIMINATED,ELIMINATED,ELIMINATED,ELIMINATED,ELIMINATED,ELIMINATED,ELIMINATED,ELIMINATED,ELIMINATED,ELIMINATED,ELIMINATED,85.9,0.0,84.4,93.8,22.0,22.7,1,Sprinter,Sprinter (94) / Planner (86) / EV Hunter (84),Low
EROQ-3,0,IND,ELIMINATED,ELIMINATED,ELIMINATED,ELIMINATED,ELIMINATED,ELIMINATED,ELIMINATED,ELIMINATED,ELIMINATED,ELIMINATED,ELIMINATED,ELIMINATED,ELIMINATED,ELIMINATED,ELIMINATED,ELIMINATED,ELIMINATED,85.9,0.0,84.4,93.8,22.0,22.7,1,Sprinter,Sprinter (94) / Planner (86) / EV Hunter (84),Low
EX-FINANCE-3,0,IND,ELIMINATED,ELIMINATED,ELIMINATED,ELIMINATED,ELIMINATED,ELIMINATED,ELIMINATED,ELIMINATED,ELIMINATED,ELIMINATED,ELIMINATED,ELIMINATED,ELIMINATED,ELIMINATED,ELIMINATED,ELIMINATED,ELIMINATED,85.9,0.0,84.4,93.8,22.0,22.7,1,Sprinter,Sprinter (94) / Planner (86) / EV Hunter (84),Low
EX-FINANCE-5,0,SF,ELIMINATED,ELIMINATED,ELIMINATED,ELIMINATED,ELIMINATED,ELIMINATED,ELIMINATED,ELIMINATED,ELIMINATED,ELIMINATED,ELIMINATED,ELIMINATED,ELIMINATED,ELIMINATED,ELIMINATED,ELIMINATED,ELIMINATED,59.9,21.9,93.8,87.5,45.1,44.5,1,EV Hunter,EV Hunter (94) / Sprinter (88),Low
Exodus 20-1,0,IND,ELIMINATED,ELIMINATED,ELIMINATED,ELIMINATED,ELIMINATED,ELIMINATED,ELIMINATED,ELIMINATED,ELIMINATED,ELIMINATED,ELIMINATED,ELIMINATED,ELIMINATED,ELIMINATED,ELIMINATED,ELIMINATED,ELIMINATED,85.9,0.0,84.4,93.8,22.0,22.7,1,Sprinter,Sprinter (94) / Planner (86) / EV Hunter (84),Low
Fat Heads-1,0,IND,ELIMINATED,ELIMINATED,ELIMINATED,ELIMINATED,ELIMINATED,ELIMINATED,ELIMINATED,ELIMINATED,ELIMINATED,ELIMINATED,ELIMINATED,ELIMINATED,ELIMINATED,ELIMINATED,ELIMINATED,ELIMINATED,ELIMINATED,85.9,0.0,84.4,93.8,22.0,22.7,1,Sprinter,Sprinter (94) / Planner (86) / EV Hunter (84),Low
FEENOM-1,0,IND,ELIMINATED,ELIMINATED,ELIMINATED,ELIMINATED,ELIMINATED,ELIMINATED,ELIMINATED,ELIMINATED,ELIMINATED,ELIMINATED,ELIMINATED,ELIMINATED,ELIMINATED,ELIMINATED,ELIMINATED,ELIMINATED,ELIMINATED,85.9,0.0,84.4,93.8,22.0,22.7,1,Sprinter,Sprinter (94) / Planner (86) / EV Hunter (84),Low
FELIX FELICIS-1,0,IND,ELIMINATED,ELIMINATED,ELIMINATED,ELIMINATED,ELIMINATED,ELIMINATED,ELIMINATED,ELIMINATED,ELIMINATED,ELIMINATED,ELIMINATED,ELIMINATED,ELIMINATED,ELIMINATED,ELIMINATED,ELIMINATED,ELIMINATED,85.9,0.0,84.4,93.8,22.0,22.7,1,Sprinter,Sprinter (94) / Planner (86) / EV Hunter (84),Low
FILESTXCAN-2,0,IND,ELIMINATED,ELIMINATED,ELIMINATED,ELIMINATED,ELIMINATED,ELIMINATED,ELIMINATED,ELIMINATED,ELIMINATED,ELIMINATED,ELIMINATED,ELIMINATED,ELIMINATED,ELIMINATED,ELIMINATED,ELIMINATED,ELIMINATED,85.9,0.0,84.4,93.8,22.0,22.7,1,Sprinter,Sprinter (94) / Planner (86) / EV Hunter (84),Low
FIRE DARRELL BEVELL-1,0,IND,ELIMINATED,ELIMINATED,ELIMINATED,ELIMINATED,ELIMINATED,ELIMINATED,ELIMINATED,ELIMINATED,ELIMINATED,ELIMINATED,ELIMINATED,ELIMINATED,ELIMINATED,ELIMINATED,ELIMINATED,ELIMINATED,ELIMINATED,85.9,0.0,84.4,93.8,22.0,22.7,1,Sprinter,Sprinter (94) / Planner (86) / EV Hunter (84),Low
Fish Squad-1,0,PHI,ELIMINATED,ELIMINATED,ELIMINATED,ELIMINATED,ELIMINATED,ELIMINATED,ELIMINATED,ELIMINATED,ELIMINATED,ELIMINATED,ELIMINATED,ELIMINATED,ELIMINATED,ELIMINATED,ELIMINATED,ELIMINATED,ELIMINATED,54.3,15.6,81.2,78.1,53.7,43.8,1,EV Hunter,EV Hunter (81) / Sprinter (78),Low
Fish Squad-2,0,PHI,ELIMINATED,ELIMINATED,ELIMINATED,ELIMINATED,ELIMINATED,ELIMINATED,ELIMINATED,ELIMINATED,ELIMINATED,ELIMINATED,ELIMINATED,ELIMINATED,ELIMINATED,ELIMINATED,ELIMINATED,ELIMINATED,ELIMINATED,54.3,15.6,81.2,78.1,53.7,43.8,1,EV Hunter,EV Hunter (81) / Sprinter (78),Low
FJIZZLE-1,0,IND,ELIMINATED,ELIMINATED,ELIMINATED,ELIMINATED,ELIMINATED,ELIMINATED,ELIMINATED,ELIMINATED,ELIMINATED,ELIMINATED,ELIMINATED,ELIMINATED,ELIMINATED,ELIMINATED,ELIMINATED,ELIMINATED,ELIMINATED,85.9,0.0,84.4,93.8,22.0,22.7,1,Sprinter,Sprinter (94) / Planner (86) / EV Hunter (84),Low
FJIZZLE-3,0,IND,ELIMINATED,ELIMINATED,ELIMINATED,ELIMINATED,ELIMINATED,ELIMINATED,ELIMINATED,ELIMINATED,ELIMINATED,ELIMINATED,ELIMINATED,ELIMINATED,ELIMINATED,ELIMINATED,ELIMINATED,ELIMINATED,ELIMINATED,85.9,0.0,84.4,93.8,22.0,22.7,1,Sprinter,Sprinter (94) / Planner (86) / EV Hunter (84),Low
FLEECERS-1,0,IND,ELIMINATED,ELIMINATED,ELIMINATED,ELIMINATED,ELIMINATED,ELIMINATED,ELIMINATED,ELIMINATED,ELIMINATED,ELIMINATED,ELIMINATED,ELIMINATED,ELIMINATED,ELIMINATED,ELIMINATED,ELIMINATED,ELIMINATED,85.9,0.0,84.4,93.8,22.0,22.7,1,Sprinter,Sprinter (94) / Planner (86) / EV Hunter (84),Low
Follow Proto-3,0,PHI,ELIMINATED,ELIMINATED,ELIMINATED,ELIMINATED,ELIMINATED,ELIMINATED,ELIMINATED,ELIMINATED,ELIMINATED,ELIMINATED,ELIMINATED,ELIMINATED,ELIMINATED,ELIMINATED,ELIMINATED,ELIMINATED,ELIMINATED,54.3,15.6,81.2,78.1,53.7,43.8,1,EV Hunter,EV Hunter (81) / Sprinter (78),Low
FollowTheMoney-1,0,IND,ELIMINATED,ELIMINATED,ELIMINATED,ELIMINATED,ELIMINATED,ELIMINATED,ELIMINATED,ELIMINATED,ELIMINATED,ELIMINATED,ELIMINATED,ELIMINATED,ELIMINATED,ELIMINATED,ELIMINATED,ELIMINATED,ELIMINATED,85.9,0.0,84.4,93.8,22.0,22.7,1,Sprinter,Sprinter (94) / Planner (86) / EV Hunter (84),Low
Football Junkies-2,0,SF,ELIMINATED,ELIMINATED,ELIMINATED,ELIMINATED,ELIMINATED,ELIMINATED,ELIMINATED,ELIMINATED,ELIMINATED,ELIMINATED,ELIMINATED,ELIMINATED,ELIMINATED,ELIMINATED,ELIMINATED,ELIMINATED,ELIMINATED,59.9,21.9,93.8,87.5,45.1,44.5,1,EV Hunter,EV Hunter (94) / Sprinter (88),Low
Football Junkies-3,0,IND,ELIMINATED,ELIMINATED,ELIMINATED,ELIMINATED,ELIMINATED,ELIMINATED,ELIMINATED,ELIMINATED,ELIMINATED,ELIMINATED,ELIMINATED,ELIMINATED,ELIMINATED,ELIMINATED,ELIMINATED,ELIMINATED,ELIMINATED,85.9,0.0,84.4,93.8,22.0,22.7,1,Sprinter,Sprinter (94) / Planner (86) / EV Hunter (84),Low
Fresh Prince-1,0,SF,ELIMINATED,ELIMINATED,ELIMINATED,ELIMINATED,ELIMINATED,ELIMINATED,ELIMINATED,ELIMINATED,ELIMINATED,ELIMINATED,ELIMINATED,ELIMINATED,ELIMINATED,ELIMINATED,ELIMINATED,ELIMINATED,ELIMINATED,59.9,21.9,93.8,87.5,45.1,44.5,1,EV Hunter,EV Hunter (94) / Sprinter (88),Low
Fresh Prince-2,0,SF,ELIMINATED,ELIMINATED,ELIMINATED,ELIMINATED,ELIMINATED,ELIMINATED,ELIMINATED,ELIMINATED,ELIMINATED,ELIMINATED,ELIMINATED,ELIMINATED,ELIMINATED,ELIMINATED,ELIMINATED,ELIMINATED,ELIMINATED,59.9,21.9,93.8,87.5,45.1,44.5,1,EV Hunter,EV Hunter (94) / Sprinter (88),Low
Fresh Prince-5,0,PHI,ELIMINATED,ELIMINATED,ELIMINATED,ELIMINATED,ELIMINATED,ELIMINATED,ELIMINATED,ELIMINATED,ELIMINATED,ELIMINATED,ELIMINATED,ELIMINATED,ELIMINATED,ELIMINATED,ELIMINATED,ELIMINATED,ELIMINATED,54.3,15.6,81.2,78.1,53.7,43.8,1,EV Hunter,EV Hunter (81) / Sprinter (78),Low
FRISBEE DAWGS-1,0,IND,ELIMINATED,ELIMINATED,ELIMINATED,ELIMINATED,ELIMINATED,ELIMINATED,ELIMINATED,ELIMINATED,ELIMINATED,ELIMINATED,ELIMINATED,ELIMINATED,ELIMINATED,ELIMINATED,ELIMINATED,ELIMINATED,ELIMINATED,85.9,0.0,84.4,93.8,22.0,22.7,1,Sprinter,Sprinter (94) / Planner (86) / EV Hunter (84),Low
FRISBEE DAWGS-2,0,IND,ELIMINATED,ELIMINATED,ELIMINATED,ELIMINATED,ELIMINATED,ELIMINATED,ELIMINATED,ELIMINATED,ELIMINATED,ELIMINATED,ELIMINATED,ELIMINATED,ELIMINATED,ELIMINATED,ELIMINATED,ELIMINATED,ELIMINATED,85.9,0.0,84.4,93.8,22.0,22.7,1,Sprinter,Sprinter (94) / Planner (86) / EV Hunter (84),Low
FTGB-3,0,IND,ELIMINATED,ELIMINATED,ELIMINATED,ELIMINATED,ELIMINATED,ELIMINATED,ELIMINATED,ELIMINATED,ELIMINATED,ELIMINATED,ELIMINATED,ELIMINATED,ELIMINATED,ELIMINATED,ELIMINATED,ELIMINATED,ELIMINATED,85.9,0.0,84.4,93.8,22.0,22.7,1,Sprinter,Sprinter (94) / Planner (86) / EV Hunter (84),Low
FTGB-5,0,IND,ELIMINATED,ELIMINATED,ELIMINATED,ELIMINATED,ELIMINATED,ELIMINATED,ELIMINATED,ELIMINATED,ELIMINATED,ELIMINATED,ELIMINATED,ELIMINATED,ELIMINATED,ELIMINATED,ELIMINATED,ELIMINATED,ELIMINATED,85.9,0.0,84.4,93.8,22.0,22.7,1,Sprinter,Sprinter (94) / Planner (86) / EV Hunter (84),Low
FYPM-1,0,IND,ELIMINATED,ELIMINATED,ELIMINATED,ELIMINATED,ELIMINATED,ELIMINATED,ELIMINATED,ELIMINATED,ELIMINATED,ELIMINATED,ELIMINATED,ELIMINATED,ELIMINATED,ELIMINATED,ELIMINATED,ELIMINATED,ELIMINATED,85.9,0.0,84.4,93.8,22.0,22.7,1,Sprinter,Sprinter (94) / Planner (86) / EV Hunter (84),Low
FYPM-2,0,PHI,ELIMINATED,ELIMINATED,ELIMINATED,ELIMINATED,ELIMINATED,ELIMINATED,ELIMINATED,ELIMINATED,ELIMINATED,ELIMINATED,ELIMINATED,ELIMINATED,ELIMINATED,ELIMINATED,ELIMINATED,ELIMINATED,ELIMINATED,54.3,15.6,81.2,78.1,53.7,43.8,1,EV Hunter,EV Hunter (81) / Sprinter (78),Low
Gamblenomics-3,0,IND,ELIMINATED,ELIMINATED,ELIMINATED,ELIMINATED,ELIMINATED,ELIMINATED,ELIMINATED,ELIMINATED,ELIMINATED,ELIMINATED,ELIMINATED,ELIMINATED,ELIMINATED,ELIMINATED,ELIMINATED,ELIMINATED,ELIMINATED,85.9,0.0,84.4,93.8,22.0,22.7,1,Sprinter,Sprinter (94) / Planner (86) / EV Hunter (84),Low
Gamblenomics-4,0,PHI,ELIMINATED,ELIMINATED,ELIMINATED,ELIMINATED,ELIMINATED,ELIMINATED,ELIMINATED,ELIMINATED,ELIMINATED,ELIMINATED,ELIMINATED,ELIMINATED,ELIMINATED,ELIMINATED,ELIMINATED,ELIMINATED,ELIMINATED,54.3,15.6,81.2,78.1,53.7,43.8,1,EV Hunter,EV Hunter (81) / Sprinter (78),Low
GAMBLEONGOLD-5,0,IND,ELIMINATED,ELIMINATED,ELIMINATED,ELIMINATED,ELIMINATED,ELIMINATED,ELIMINATED,ELIMINATED,ELIMINATED,ELIMINATED,ELIMINATED,ELIMINATED,ELIMINATED,ELIMINATED,ELIMINATED,ELIMINATED,ELIMINATED,85.9,0.0,84.4,93.8,22.0,22.7,1,Sprinter,Sprinter (94) / Planner (86) / EV Hunter (84),Low
GAMBLER AND A GIVER-1,0,PHI,ELIMINATED,ELIMINATED,ELIMINATED,ELIMINATED,ELIMINATED,ELIMINATED,ELIMINATED,ELIMINATED,ELIMINATED,ELIMINATED,ELIMINATED,ELIMINATED,ELIMINATED,ELIMINATED,ELIMINATED,ELIMINATED,ELIMINATED,54.3,15.6,81.2,78.1,53.7,43.8,1,EV Hunter,EV Hunter (81) / Sprinter (78),Low
Gamblers Anonymous-2,0,IND,ELIMINATED,ELIMINATED,ELIMINATED,ELIMINATED,ELIMINATED,ELIMINATED,ELIMINATED,ELIMINATED,ELIMINATED,ELIMINATED,ELIMINATED,ELIMINATED,ELIMINATED,ELIMINATED,ELIMINATED,ELIMINATED,ELIMINATED,85.9,0.0,84.4,93.8,22.0,22.7,1,Sprinter,Sprinter (94) / Planner (86) / EV Hunter (84),Low
Gamblinsteve-4,0,IND,ELIMINATED,ELIMINATED,ELIMINATED,ELIMINATED,ELIMINATED,ELIMINATED,ELIMINATED,ELIMINATED,ELIMINATED,ELIMINATED,ELIMINATED,ELIMINATED,ELIMINATED,ELIMINATED,ELIMINATED,ELIMINATED,ELIMINATED,85.9,0.0,84.4,93.8,22.0,22.7,1,Sprinter,Sprinter (94) / Planner (86) / EV Hunter (84),Low
Gamblinsteve-5,0,IND,ELIMINATED,ELIMINATED,ELIMINATED,ELIMINATED,ELIMINATED,ELIMINATED,ELIMINATED,ELIMINATED,ELIMINATED,ELIMINATED,ELIMINATED,ELIMINATED,ELIMINATED,ELIMINATED,ELIMINATED,ELIMINATED,ELIMINATED,85.9,0.0,84.4,93.8,22.0,22.7,1,Sprinter,Sprinter (94) / Planner (86) / EV Hunter (84),Low
GANSWER-1,0,IND,ELIMINATED,ELIMINATED,ELIMINATED,ELIMINATED,ELIMINATED,ELIMINATED,ELIMINATED,ELIMINATED,ELIMINATED,ELIMINATED,ELIMINATED,ELIMINATED,ELIMINATED,ELIMINATED,ELIMINATED,ELIMINATED,ELIMINATED,85.9,0.0,84.4,93.8,22.0,22.7,1,Sprinter,Sprinter (94) / Planner (86) / EV Hunter (84),Low
GARTH VADER-1,0,IND,ELIMINATED,ELIMINATED,ELIMINATED,ELIMINATED,ELIMINATED,ELIMINATED,ELIMINATED,ELIMINATED,ELIMINATED,ELIMINATED,ELIMINATED,ELIMINATED,ELIMINATED,ELIMINATED,ELIMINATED,ELIMINATED,ELIMINATED,85.9,0.0,84.4,93.8,22.0,22.7,1,Sprinter,Sprinter (94) / Planner (86) / EV Hunter (84),Low
GATOR-1,0,IND,ELIMINATED,ELIMINATED,ELIMINATED,ELIMINATED,ELIMINATED,ELIMINATED,ELIMINATED,ELIMINATED,ELIMINATED,ELIMINATED,ELIMINATED,ELIMINATED,ELIMINATED,ELIMINATED,ELIMINATED,ELIMINATED,ELIMINATED,85.9,0.0,84.4,93.8,22.0,22.7,1,Sprinter,Sprinter (94) / Planner (86) / EV Hunter (84),Low
Gator28-2,0,IND,ELIMINATED,ELIMINATED,ELIMINATED,ELIMINATED,ELIMINATED,ELIMINATED,ELIMINATED,ELIMINATED,ELIMINATED,ELIMINATED,ELIMINATED,ELIMINATED,ELIMINATED,ELIMINATED,ELIMINATED,ELIMINATED,ELIMINATED,85.9,0.0,84.4,93.8,22.0,22.7,1,Sprinter,Sprinter (94) / Planner (86) / EV Hunter (84),Low
Gator28-3,0,MIN,ELIMINATED,ELIMINATED,ELIMINATED,ELIMINATED,ELIMINATED,ELIMINATED,ELIMINATED,ELIMINATED,ELIMINATED,ELIMINATED,ELIMINATED,ELIMINATED,ELIMINATED,ELIMINATED,ELIMINATED,ELIMINATED,ELIMINATED,91.8,43.8,56.2,57.8,29.8,89.1,1,Planner,Planner (92) / Tourist (89),Low
Gator28-4,0,IND,ELIMINATED,ELIMINATED,ELIMINATED,ELIMINATED,ELIMINATED,ELIMINATED,ELIMINATED,ELIMINATED,ELIMINATED,ELIMINATED,ELIMINATED,ELIMINATED,ELIMINATED,ELIMINATED,ELIMINATED,ELIMINATED,ELIMINATED,85.9,0.0,84.4,93.8,22.0,22.7,1,Sprinter,Sprinter (94) / Planner (86) / EV Hunter (84),Low
GAVIN45-1,0,PHI,ELIMINATED,ELIMINATED,ELIMINATED,ELIMINATED,ELIMINATED,ELIMINATED,ELIMINATED,ELIMINATED,ELIMINATED,ELIMINATED,ELIMINATED,ELIMINATED,ELIMINATED,ELIMINATED,ELIMINATED,ELIMINATED,ELIMINATED,54.3,15.6,81.2,78.1,53.7,43.8,1,EV Hunter,EV Hunter (81) / Sprinter (78),Low
Go For Two-1,0,SF,ELIMINATED,ELIMINATED,ELIMINATED,ELIMINATED,ELIMINATED,ELIMINATED,ELIMINATED,ELIMINATED,ELIMINATED,ELIMINATED,ELIMINATED,ELIMINATED,ELIMINATED,ELIMINATED,ELIMINATED,ELIMINATED,ELIMINATED,59.9,21.9,93.8,87.5,45.1,44.5,1,EV Hunter,EV Hunter (94) / Sprinter (88),Low
Golf Partners-1,0,IND,ELIMINATED,ELIMINATED,ELIMINATED,ELIMINATED,ELIMINATED,ELIMINATED,ELIMINATED,ELIMINATED,ELIMINATED,ELIMINATED,ELIMINATED,ELIMINATED,ELIMINATED,ELIMINATED,ELIMINATED,ELIMINATED,ELIMINATED,85.9,0.0,84.4,93.8,22.0,22.7,1,Sprinter,Sprinter (94) / Planner (86) / EV Hunter (84),Low
Golf Partners-2,0,IND,ELIMINATED,ELIMINATED,ELIMINATED,ELIMINATED,ELIMINATED,ELIMINATED,ELIMINATED,ELIMINATED,ELIMINATED,ELIMINATED,ELIMINATED,ELIMINATED,ELIMINATED,ELIMINATED,ELIMINATED,ELIMINATED,ELIMINATED,85.9,0.0,84.4,93.8,22.0,22.7,1,Sprinter,Sprinter (94) / Planner (86) / EV Hunter (84),Low
GOLFANS-1,0,IND,ELIMINATED,ELIMINATED,ELIMINATED,ELIMINATED,ELIMINATED,ELIMINATED,ELIMINATED,ELIMINATED,ELIMINATED,ELIMINATED,ELIMINATED,ELIMINATED,ELIMINATED,ELIMINATED,ELIMINATED,ELIMINATED,ELIMINATED,85.9,0.0,84.4,93.8,22.0,22.7,1,Sprinter,Sprinter (94) / Planner (86) / EV Hunter (84),Low
Golfing in Hell-1,0,IND,ELIMINATED,ELIMINATED,ELIMINATED,ELIMINATED,ELIMINATED,ELIMINATED,ELIMINATED,ELIMINATED,ELIMINATED,ELIMINATED,ELIMINATED,ELIMINATED,ELIMINATED,ELIMINATED,ELIMINATED,ELIMINATED,ELIMINATED,85.9,0.0,84.4,93.8,22.0,22.7,1,Sprinter,Sprinter (94) / Planner (86) / EV Hunter (84),Low
GOOD TALK RUSS-1,0,SF,ELIMINATED,ELIMINATED,ELIMINATED,ELIMINATED,ELIMINATED,ELIMINATED,ELIMINATED,ELIMINATED,ELIMINATED,ELIMINATED,ELIMINATED,ELIMINATED,ELIMINATED,ELIMINATED,ELIMINATED,ELIMINATED,ELIMINATED,59.9,21.9,93.8,87.5,45.1,44.5,1,EV Hunter,EV Hunter (94) / Sprinter (88),Low
GOOD TALK RUSS-3,0,IND,ELIMINATED,ELIMINATED,ELIMINATED,ELIMINATED,ELIMINATED,ELIMINATED,ELIMINATED,ELIMINATED,ELIMINATED,ELIMINATED,ELIMINATED,ELIMINATED,ELIMINATED,ELIMINATED,ELIMINATED,ELIMINATED,ELIMINATED,85.9,0.0,84.4,93.8,22.0,22.7,1,Sprinter,Sprinter (94) / Planner (86) / EV Hunter (84),Low
Gopeter-2,0,SF,ELIMINATED,ELIMINATED,ELIMINATED,ELIMINATED,ELIMINATED,ELIMINATED,ELIMINATED,ELIMINATED,ELIMINATED,ELIMINATED,ELIMINATED,ELIMINATED,ELIMINATED,ELIMINATED,ELIMINATED,ELIMINATED,ELIMINATED,59.9,21.9,93.8,87.5,45.1,44.5,1,EV Hunter,EV Hunter (94) / Sprinter (88),Low
Gopeter-3,0,SF,ELIMINATED,ELIMINATED,ELIMINATED,ELIMINATED,ELIMINATED,ELIMINATED,ELIMINATED,ELIMINATED,ELIMINATED,ELIMINATED,ELIMINATED,ELIMINATED,ELIMINATED,ELIMINATED,ELIMINATED,ELIMINATED,ELIMINATED,59.9,21.9,93.8,87.5,45.1,44.5,1,EV Hunter,EV Hunter (94) / Sprinter (88),Low
GRAY GHOST-1,0,IND,ELIMINATED,ELIMINATED,ELIMINATED,ELIMINATED,ELIMINATED,ELIMINATED,ELIMINATED,ELIMINATED,ELIMINATED,ELIMINATED,ELIMINATED,ELIMINATED,ELIMINATED,ELIMINATED,ELIMINATED,ELIMINATED,ELIMINATED,85.9,0.0,84.4,93.8,22.0,22.7,1,Sprinter,Sprinter (94) / Planner (86) / EV Hunter (84),Low
GRAYSALMANAC-2,0,IND,ELIMINATED,ELIMINATED,ELIMINATED,ELIMINATED,ELIMINATED,ELIMINATED,ELIMINATED,ELIMINATED,ELIMINATED,ELIMINATED,ELIMINATED,ELIMINATED,ELIMINATED,ELIMINATED,ELIMINATED,ELIMINATED,ELIMINATED,85.9,0.0,84.4,93.8,22.0,22.7,1,Sprinter,Sprinter (94) / Planner (86) / EV Hunter (84),Low
gydo-1,0,PHI,ELIMINATED,ELIMINATED,ELIMINATED,ELIMINATED,ELIMINATED,ELIMINATED,ELIMINATED,ELIMINATED,ELIMINATED,ELIMINATED,ELIMINATED,ELIMINATED,ELIMINATED,ELIMINATED,ELIMINATED,ELIMINATED,ELIMINATED,54.3,15.6,81.2,78.1,53.7,43.8,1,EV Hunter,EV Hunter (81) / Sprinter (78),Low
gydo-2,0,IND,ELIMINATED,ELIMINATED,ELIMINATED,ELIMINATED,ELIMINATED,ELIMINATED,ELIMINATED,ELIMINATED,ELIMINATED,ELIMINATED,ELIMINATED,ELIMINATED,ELIMINATED,ELIMINATED,ELIMINATED,ELIMINATED,ELIMINATED,85.9,0.0,84.4,93.8,22.0,22.7,1,Sprinter,Sprinter (94) / Planner (86) / EV Hunter (84),Low
H2M2-1,0,IND,ELIMINATED,ELIMINATED,ELIMINATED,ELIMINATED,ELIMINATED,ELIMINATED,ELIMINATED,ELIMINATED,ELIMINATED,ELIMINATED,ELIMINATED,ELIMINATED,ELIMINATED,ELIMINATED,ELIMINATED,ELIMINATED,ELIMINATED,85.9,0.0,84.4,93.8,22.0,22.7,1,Sprinter,Sprinter (94) / Planner (86) / EV Hunter (84),Low
HAD IT FROM HELLO-1,0,IND,ELIMINATED,ELIMINATED,ELIMINATED,ELIMINATED,ELIMINATED,ELIMINATED,ELIMINATED,ELIMINATED,ELIMINATED,ELIMINATED,ELIMINATED,ELIMINATED,ELIMINATED,ELIMINATED,ELIMINATED,ELIMINATED,ELIMINATED,85.9,0.0,84.4,93.8,22.0,22.7,1,Sprinter,Sprinter (94) / Planner (86) / EV Hunter (84),Low
Handicaps and 6packs-1,0,PHI,ELIMINATED,ELIMINATED,ELIMINATED,ELIMINATED,ELIMINATED,ELIMINATED,ELIMINATED,ELIMINATED,ELIMINATED,ELIMINATED,ELIMINATED,ELIMINATED,ELIMINATED,ELIMINATED,ELIMINATED,ELIMINATED,ELIMINATED,54.3,15.6,81.2,78.1,53.7,43.8,1,EV Hunter,EV Hunter (81) / Sprinter (78),Low
handskatersofamerica-1,0,SF,ELIMINATED,ELIMINATED,ELIMINATED,ELIMINATED,ELIMINATED,ELIMINATED,ELIMINATED,ELIMINATED,ELIMINATED,ELIMINATED,ELIMINATED,ELIMINATED,ELIMINATED,ELIMINATED,ELIMINATED,ELIMINATED,ELIMINATED,59.9,21.9,93.8,87.5,45.1,44.5,1,EV Hunter,EV Hunter (94) / Sprinter (88),Low
HANS GRUBER-2,0,IND,ELIMINATED,ELIMINATED,ELIMINATED,ELIMINATED,ELIMINATED,ELIMINATED,ELIMINATED,ELIMINATED,ELIMINATED,ELIMINATED,ELIMINATED,ELIMINATED,ELIMINATED,ELIMINATED,ELIMINATED,ELIMINATED,ELIMINATED,85.9,0.0,84.4,93.8,22.0,22.7,1,Sprinter,Sprinter (94) / Planner (86) / EV Hunter (84),Low
HARDEN DINING HALL-2,0,IND,ELIMINATED,ELIMINATED,ELIMINATED,ELIMINATED,ELIMINATED,ELIMINATED,ELIMINATED,ELIMINATED,ELIMINATED,ELIMINATED,ELIMINATED,ELIMINATED,ELIMINATED,ELIMINATED,ELIMINATED,ELIMINATED,ELIMINATED,85.9,0.0,84.4,93.8,22.0,22.7,1,Sprinter,Sprinter (94) / Planner (86) / EV Hunter (84),Low
He Is The One-1,0,PHI,ELIMINATED,ELIMINATED,ELIMINATED,ELIMINATED,ELIMINATED,ELIMINATED,ELIMINATED,ELIMINATED,ELIMINATED,ELIMINATED,ELIMINATED,ELIMINATED,ELIMINATED,ELIMINATED,ELIMINATED,ELIMINATED,ELIMINATED,54.3,15.6,81.2,78.1,53.7,43.8,1,EV Hunter,EV Hunter (81) / Sprinter (78),Low
He Is The One-2,0,CAR,ELIMINATED,ELIMINATED,ELIMINATED,ELIMINATED,ELIMINATED,ELIMINATED,ELIMINATED,ELIMINATED,ELIMINATED,ELIMINATED,ELIMINATED,ELIMINATED,ELIMINATED,ELIMINATED,ELIMINATED,ELIMINATED,ELIMINATED,86.7,43.8,34.4,34.4,27.4,66.4,1,Planner,Planner (87),Low
Heater City-2,0,IND,ELIMINATED,ELIMINATED,ELIMINATED,ELIMINATED,ELIMINATED,ELIMINATED,ELIMINATED,ELIMINATED,ELIMINATED,ELIMINATED,ELIMINATED,ELIMINATED,ELIMINATED,ELIMINATED,ELIMINATED,ELIMINATED,ELIMINATED,85.9,0.0,84.4,93.8,22.0,22.7,1,Sprinter,Sprinter (94) / Planner (86) / EV Hunter (84),Low
HeatStroke-2,0,IND,ELIMINATED,ELIMINATED,ELIMINATED,ELIMINATED,ELIMINATED,ELIMINATED,ELIMINATED,ELIMINATED,ELIMINATED,ELIMINATED,ELIMINATED,ELIMINATED,ELIMINATED,ELIMINATED,ELIMINATED,ELIMINATED,ELIMINATED,85.9,0.0,84.4,93.8,22.0,22.7,1,Sprinter,Sprinter (94) / Planner (86) / EV Hunter (84),Low
Heavy Weight Heads-1,0,IND,ELIMINATED,ELIMINATED,ELIMINATED,ELIMINATED,ELIMINATED,ELIMINATED,ELIMINATED,ELIMINATED,ELIMINATED,ELIMINATED,ELIMINATED,ELIMINATED,ELIMINATED,ELIMINATED,ELIMINATED,ELIMINATED,ELIMINATED,85.9,0.0,84.4,93.8,22.0,22.7,1,Sprinter,Sprinter (94) / Planner (86) / EV Hunter (84),Low
Heavy Weight Heads-3,0,IND,ELIMINATED,ELIMINATED,ELIMINATED,ELIMINATED,ELIMINATED,ELIMINATED,ELIMINATED,ELIMINATED,ELIMINATED,ELIMINATED,ELIMINATED,ELIMINATED,ELIMINATED,ELIMINATED,ELIMINATED,ELIMINATED,ELIMINATED,85.9,0.0,84.4,93.8,22.0,22.7,1,Sprinter,Sprinter (94) / Planner (86) / EV Hunter (84),Low
Heavy Weight Heads-4,0,IND,ELIMINATED,ELIMINATED,ELIMINATED,ELIMINATED,ELIMINATED,ELIMINATED,ELIMINATED,ELIMINATED,ELIMINATED,ELIMINATED,ELIMINATED,ELIMINATED,ELIMINATED,ELIMINATED,ELIMINATED,ELIMINATED,ELIMINATED,85.9,0.0,84.4,93.8,22.0,22.7,1,Sprinter,Sprinter (94) / Planner (86) / EV Hunter (84),Low
Heavy Weight Heads-5,0,IND,ELIMINATED,ELIMINATED,ELIMINATED,ELIMINATED,ELIMINATED,ELIMINATED,ELIMINATED,ELIMINATED,ELIMINATED,ELIMINATED,ELIMINATED,ELIMINATED,ELIMINATED,ELIMINATED,ELIMINATED,ELIMINATED,ELIMINATED,85.9,0.0,84.4,93.8,22.0,22.7,1,Sprinter,Sprinter (94) / Planner (86) / EV Hunter (84),Low
hoffytime.-4,0,IND,ELIMINATED,ELIMINATED,ELIMINATED,ELIMINATED,ELIMINATED,ELIMINATED,ELIMINATED,ELIMINATED,ELIMINATED,ELIMINATED,ELIMINATED,ELIMINATED,ELIMINATED,ELIMINATED,ELIMINATED,ELIMINATED,ELIMINATED,85.9,0.0,84.4,93.8,22.0,22.7,1,Sprinter,Sprinter (94) / Planner (86) / EV Hunter (84),Low
Hollywizzle-1,0,PHI,ELIMINATED,ELIMINATED,ELIMINATED,ELIMINATED,ELIMINATED,ELIMINATED,ELIMINATED,ELIMINATED,ELIMINATED,ELIMINATED,ELIMINATED,ELIMINATED,ELIMINATED,ELIMINATED,ELIMINATED,ELIMINATED,ELIMINATED,54.3,15.6,81.2,78.1,53.7,43.8,1,EV Hunter,EV Hunter (81) / Sprinter (78),Low
Hooter & Jersey-1,0,IND,ELIMINATED,ELIMINATED,ELIMINATED,ELIMINATED,ELIMINATED,ELIMINATED,ELIMINATED,ELIMINATED,ELIMINATED,ELIMINATED,ELIMINATED,ELIMINATED,ELIMINATED,ELIMINATED,ELIMINATED,ELIMINATED,ELIMINATED,85.9,0.0,84.4,93.8,22.0,22.7,1,Sprinter,Sprinter (94) / Planner (86) / EV Hunter (84),Low
Iced Tea-1,0,DET,ELIMINATED,ELIMINATED,ELIMINATED,ELIMINATED,ELIMINATED,ELIMINATED,ELIMINATED,ELIMINATED,ELIMINATED,ELIMINATED,ELIMINATED,ELIMINATED,ELIMINATED,ELIMINATED,ELIMINATED,ELIMINATED,ELIMINATED,60.2,35.9,62.5,62.5,49.8,65.6,1,Tourist,Tourist (66) / EV Hunter (62) / Sprinter (62) / Planner (60),Low
IMAWHALE SPORTS-4,0,SF,ELIMINATED,ELIMINATED,ELIMINATED,ELIMINATED,ELIMINATED,ELIMINATED,ELIMINATED,ELIMINATED,ELIMINATED,ELIMINATED,ELIMINATED,ELIMINATED,ELIMINATED,ELIMINATED,ELIMINATED,ELIMINATED,ELIMINATED,59.9,21.9,93.8,87.5,45.1,44.5,1,EV Hunter,EV Hunter (94) / Sprinter (88),Low
IMAWHALE SPORTS-5,0,IND,ELIMINATED,ELIMINATED,ELIMINATED,ELIMINATED,ELIMINATED,ELIMINATED,ELIMINATED,ELIMINATED,ELIMINATED,ELIMINATED,ELIMINATED,ELIMINATED,ELIMINATED,ELIMINATED,ELIMINATED,ELIMINATED,ELIMINATED,85.9,0.0,84.4,93.8,22.0,22.7,1,Sprinter,Sprinter (94) / Planner (86) / EV Hunter (84),Low
Iron Mountain-1,0,IND,ELIMINATED,ELIMINATED,ELIMINATED,ELIMINATED,ELIMINATED,ELIMINATED,ELIMINATED,ELIMINATED,ELIMINATED,ELIMINATED,ELIMINATED,ELIMINATED,ELIMINATED,ELIMINATED,ELIMINATED,ELIMINATED,ELIMINATED,85.9,0.0,84.4,93.8,22.0,22.7,1,Sprinter,Sprinter (94) / Planner (86) / EV Hunter (84),Low
Iron Mountain-3,0,PHI,ELIMINATED,ELIMINATED,ELIMINATED,ELIMINATED,ELIMINATED,ELIMINATED,ELIMINATED,ELIMINATED,ELIMINATED,ELIMINATED,ELIMINATED,ELIMINATED,ELIMINATED,ELIMINATED,ELIMINATED,ELIMINATED,ELIMINATED,54.3,15.6,81.2,78.1,53.7,43.8,1,EV Hunter,EV Hunter (81) / Sprinter (78),Low
JAMAL28-1,0,IND,ELIMINATED,ELIMINATED,ELIMINATED,ELIMINATED,ELIMINATED,ELIMINATED,ELIMINATED,ELIMINATED,ELIMINATED,ELIMINATED,ELIMINATED,ELIMINATED,ELIMINATED,ELIMINATED,ELIMINATED,ELIMINATED,ELIMINATED,85.9,0.0,84.4,93.8,22.0,22.7,1,Sprinter,Sprinter (94) / Planner (86) / EV Hunter (84),Low
Jamie 2X-1,0,IND,ELIMINATED,ELIMINATED,ELIMINATED,ELIMINATED,ELIMINATED,ELIMINATED,ELIMINATED,ELIMINATED,ELIMINATED,ELIMINATED,ELIMINATED,ELIMINATED,ELIMINATED,ELIMINATED,ELIMINATED,ELIMINATED,ELIMINATED,85.9,0.0,84.4,93.8,22.0,22.7,1,Sprinter,Sprinter (94) / Planner (86) / EV Hunter (84),Low
JARVISRED-1,0,IND,ELIMINATED,ELIMINATED,ELIMINATED,ELIMINATED,ELIMINATED,ELIMINATED,ELIMINATED,ELIMINATED,ELIMINATED,ELIMINATED,ELIMINATED,ELIMINATED,ELIMINATED,ELIMINATED,ELIMINATED,ELIMINATED,ELIMINATED,85.9,0.0,84.4,93.8,22.0,22.7,1,Sprinter,Sprinter (94) / Planner (86) / EV Hunter (84),Low
Jax 2 Win-1,0,IND,ELIMINATED,ELIMINATED,ELIMINATED,ELIMINATED,ELIMINATED,ELIMINATED,ELIMINATED,ELIMINATED,ELIMINATED,ELIMINATED,ELIMINATED,ELIMINATED,ELIMINATED,ELIMINATED,ELIMINATED,ELIMINATED,ELIMINATED,85.9,0.0,84.4,93.8,22.0,22.7,1,Sprinter,Sprinter (94) / Planner (86) / EV Hunter (84),Low
Jax 2 Win-2,0,CAR,ELIMINATED,ELIMINATED,ELIMINATED,ELIMINATED,ELIMINATED,ELIMINATED,ELIMINATED,ELIMINATED,ELIMINATED,ELIMINATED,ELIMINATED,ELIMINATED,ELIMINATED,ELIMINATED,ELIMINATED,ELIMINATED,ELIMINATED,86.7,43.8,34.4,34.4,27.4,66.4,1,Planner,Planner (87),Low
JBJB-1,0,IND,ELIMINATED,ELIMINATED,ELIMINATED,ELIMINATED,ELIMINATED,ELIMINATED,ELIMINATED,ELIMINATED,ELIMINATED,ELIMINATED,ELIMINATED,ELIMINATED,ELIMINATED,ELIMINATED,ELIMINATED,ELIMINATED,ELIMINATED,85.9,0.0,84.4,93.8,22.0,22.7,1,Sprinter,Sprinter (94) / Planner (86) / EV Hunter (84),Low
JC16-1,0,PHI,ELIMINATED,ELIMINATED,ELIMINATED,ELIMINATED,ELIMINATED,ELIMINATED,ELIMINATED,ELIMINATED,ELIMINATED,ELIMINATED,ELIMINATED,ELIMINATED,ELIMINATED,ELIMINATED,ELIMINATED,ELIMINATED,ELIMINATED,54.3,15.6,81.2,78.1,53.7,43.8,1,EV Hunter,EV Hunter (81) / Sprinter (78),Low
JD ON THE ROCKS-1,0,SF,ELIMINATED,ELIMINATED,ELIMINATED,ELIMINATED,ELIMINATED,ELIMINATED,ELIMINATED,ELIMINATED,ELIMINATED,ELIMINATED,ELIMINATED,ELIMINATED,ELIMINATED,ELIMINATED,ELIMINATED,ELIMINATED,ELIMINATED,59.9,21.9,93.8,87.5,45.1,44.5,1,EV Hunter,EV Hunter (94) / Sprinter (88),Low
JERSEY STRONG 16-1,0,IND,ELIMINATED,ELIMINATED,ELIMINATED,ELIMINATED,ELIMINATED,ELIMINATED,ELIMINATED,ELIMINATED,ELIMINATED,ELIMINATED,ELIMINATED,ELIMINATED,ELIMINATED,ELIMINATED,ELIMINATED,ELIMINATED,ELIMINATED,85.9,0.0,84.4,93.8,22.0,22.7,1,Sprinter,Sprinter (94) / Planner (86) / EV Hunter (84),Low
Jimmy P-1,0,SF,ELIMINATED,ELIMINATED,ELIMINATED,ELIMINATED,ELIMINATED,ELIMINATED,ELIMINATED,ELIMINATED,ELIMINATED,ELIMINATED,ELIMINATED,ELIMINATED,ELIMINATED,ELIMINATED,ELIMINATED,ELIMINATED,ELIMINATED,59.9,21.9,93.8,87.5,45.1,44.5,1,EV Hunter,EV Hunter (94) / Sprinter (88),Low
Jimmy P-2,0,IND,ELIMINATED,ELIMINATED,ELIMINATED,ELIMINATED,ELIMINATED,ELIMINATED,ELIMINATED,ELIMINATED,ELIMINATED,ELIMINATED,ELIMINATED,ELIMINATED,ELIMINATED,ELIMINATED,ELIMINATED,ELIMINATED,ELIMINATED,85.9,0.0,84.4,93.8,22.0,22.7,1,Sprinter,Sprinter (94) / Planner (86) / EV Hunter (84),Low
Jimmy Wiseguy-2,0,PHI,ELIMINATED,ELIMINATED,ELIMINATED,ELIMINATED,ELIMINATED,ELIMINATED,ELIMINATED,ELIMINATED,ELIMINATED,ELIMINATED,ELIMINATED,ELIMINATED,ELIMINATED,ELIMINATED,ELIMINATED,ELIMINATED,ELIMINATED,54.3,15.6,81.2,78.1,53.7,43.8,1,EV Hunter,EV Hunter (81) / Sprinter (78),Low
Jimmy Wiseguy-3,0,SF,ELIMINATED,ELIMINATED,ELIMINATED,ELIMINATED,ELIMINATED,ELIMINATED,ELIMINATED,ELIMINATED,ELIMINATED,ELIMINATED,ELIMINATED,ELIMINATED,ELIMINATED,ELIMINATED,ELIMINATED,ELIMINATED,ELIMINATED,59.9,21.9,93.8,87.5,45.1,44.5,1,EV Hunter,EV Hunter (94) / Sprinter (88),Low
JOE D-4,0,IND,ELIMINATED,ELIMINATED,ELIMINATED,ELIMINATED,ELIMINATED,ELIMINATED,ELIMINATED,ELIMINATED,ELIMINATED,ELIMINATED,ELIMINATED,ELIMINATED,ELIMINATED,ELIMINATED,ELIMINATED,ELIMINATED,ELIMINATED,85.9,0.0,84.4,93.8,22.0,22.7,1,Sprinter,Sprinter (94) / Planner (86) / EV Hunter (84),Low
JOE D-5,0,IND,ELIMINATED,ELIMINATED,ELIMINATED,ELIMINATED,ELIMINATED,ELIMINATED,ELIMINATED,ELIMINATED,ELIMINATED,ELIMINATED,ELIMINATED,ELIMINATED,ELIMINATED,ELIMINATED,ELIMINATED,ELIMINATED,ELIMINATED,85.9,0.0,84.4,93.8,22.0,22.7,1,Sprinter,Sprinter (94) / Planner (86) / EV Hunter (84),Low
Jrod-2,0,IND,ELIMINATED,ELIMINATED,ELIMINATED,ELIMINATED,ELIMINATED,ELIMINATED,ELIMINATED,ELIMINATED,ELIMINATED,ELIMINATED,ELIMINATED,ELIMINATED,ELIMINATED,ELIMINATED,ELIMINATED,ELIMINATED,ELIMINATED,85.9,0.0,84.4,93.8,22.0,22.7,1,Sprinter,Sprinter (94) / Planner (86) / EV Hunter (84),Low
Juice Box-1,0,IND,ELIMINATED,ELIMINATED,ELIMINATED,ELIMINATED,ELIMINATED,ELIMINATED,ELIMINATED,ELIMINATED,ELIMINATED,ELIMINATED,ELIMINATED,ELIMINATED,ELIMINATED,ELIMINATED,ELIMINATED,ELIMINATED,ELIMINATED,85.9,0.0,84.4,93.8,22.0,22.7,1,Sprinter,Sprinter (94) / Planner (86) / EV Hunter (84),Low
JUST TALK DIRTY-2,0,IND,ELIMINATED,ELIMINATED,ELIMINATED,ELIMINATED,ELIMINATED,ELIMINATED,ELIMINATED,ELIMINATED,ELIMINATED,ELIMINATED,ELIMINATED,ELIMINATED,ELIMINATED,ELIMINATED,ELIMINATED,ELIMINATED,ELIMINATED,85.9,0.0,84.4,93.8,22.0,22.7,1,Sprinter,Sprinter (94) / Planner (86) / EV Hunter (84),Low
Kamara and Friends-2,0,IND,ELIMINATED,ELIMINATED,ELIMINATED,ELIMINATED,ELIMINATED,ELIMINATED,ELIMINATED,ELIMINATED,ELIMINATED,ELIMINATED,ELIMINATED,ELIMINATED,ELIMINATED,ELIMINATED,ELIMINATED,ELIMINATED,ELIMINATED,85.9,0.0,84.4,93.8,22.0,22.7,1,Sprinter,Sprinter (94) / Planner (86) / EV Hunter (84),Low
KAPITAL GAINS-1,0,PHI,ELIMINATED,ELIMINATED,ELIMINATED,ELIMINATED,ELIMINATED,ELIMINATED,ELIMINATED,ELIMINATED,ELIMINATED,ELIMINATED,ELIMINATED,ELIMINATED,ELIMINATED,ELIMINATED,ELIMINATED,ELIMINATED,ELIMINATED,54.3,15.6,81.2,78.1,53.7,43.8,1,EV Hunter,EV Hunter (81) / Sprinter (78),Low
KB512-1,0,IND,ELIMINATED,ELIMINATED,ELIMINATED,ELIMINATED,ELIMINATED,ELIMINATED,ELIMINATED,ELIMINATED,ELIMINATED,ELIMINATED,ELIMINATED,ELIMINATED,ELIMINATED,ELIMINATED,ELIMINATED,ELIMINATED,ELIMINATED,85.9,0.0,84.4,93.8,22.0,22.7,1,Sprinter,Sprinter (94) / Planner (86) / EV Hunter (84),Low
KB512-2,0,IND,ELIMINATED,ELIMINATED,ELIMINATED,ELIMINATED,ELIMINATED,ELIMINATED,ELIMINATED,ELIMINATED,ELIMINATED,ELIMINATED,ELIMINATED,ELIMINATED,ELIMINATED,ELIMINATED,ELIMINATED,ELIMINATED,ELIMINATED,85.9,0.0,84.4,93.8,22.0,22.7,1,Sprinter,Sprinter (94) / Planner (86) / EV Hunter (84),Low
KCB-1,0,SF,ELIMINATED,ELIMINATED,ELIMINATED,ELIMINATED,ELIMINATED,ELIMINATED,ELIMINATED,ELIMINATED,ELIMINATED,ELIMINATED,ELIMINATED,ELIMINATED,ELIMINATED,ELIMINATED,ELIMINATED,ELIMINATED,ELIMINATED,59.9,21.9,93.8,87.5,45.1,44.5,1,EV Hunter,EV Hunter (94) / Sprinter (88),Low
KDWSPORTS-1,0,IND,ELIMINATED,ELIMINATED,ELIMINATED,ELIMINATED,ELIMINATED,ELIMINATED,ELIMINATED,ELIMINATED,ELIMINATED,ELIMINATED,ELIMINATED,ELIMINATED,ELIMINATED,ELIMINATED,ELIMINATED,ELIMINATED,ELIMINATED,85.9,0.0,84.4,93.8,22.0,22.7,1,Sprinter,Sprinter (94) / Planner (86) / EV Hunter (84),Low
KearneyOmallys-1,0,IND,ELIMINATED,ELIMINATED,ELIMINATED,ELIMINATED,ELIMINATED,ELIMINATED,ELIMINATED,ELIMINATED,ELIMINATED,ELIMINATED,ELIMINATED,ELIMINATED,ELIMINATED,ELIMINATED,ELIMINATED,ELIMINATED,ELIMINATED,85.9,0.0,84.4,93.8,22.0,22.7,1,Sprinter,Sprinter (94) / Planner (86) / EV Hunter (84),Low
KearneyOmallys-2,0,IND,ELIMINATED,ELIMINATED,ELIMINATED,ELIMINATED,ELIMINATED,ELIMINATED,ELIMINATED,ELIMINATED,ELIMINATED,ELIMINATED,ELIMINATED,ELIMINATED,ELIMINATED,ELIMINATED,ELIMINATED,ELIMINATED,ELIMINATED,85.9,0.0,84.4,93.8,22.0,22.7,1,Sprinter,Sprinter (94) / Planner (86) / EV Hunter (84),Low
KearneyOmallys-3,0,PHI,ELIMINATED,ELIMINATED,ELIMINATED,ELIMINATED,ELIMINATED,ELIMINATED,ELIMINATED,ELIMINATED,ELIMINATED,ELIMINATED,ELIMINATED,ELIMINATED,ELIMINATED,ELIMINATED,ELIMINATED,ELIMINATED,ELIMINATED,54.3,15.6,81.2,78.1,53.7,43.8,1,EV Hunter,EV Hunter (81) / Sprinter (78),Low
KEEBS-1,0,IND,ELIMINATED,ELIMINATED,ELIMINATED,ELIMINATED,ELIMINATED,ELIMINATED,ELIMINATED,ELIMINATED,ELIMINATED,ELIMINATED,ELIMINATED,ELIMINATED,ELIMINATED,ELIMINATED,ELIMINATED,ELIMINATED,ELIMINATED,85.9,0.0,84.4,93.8,22.0,22.7,1,Sprinter,Sprinter (94) / Planner (86) / EV Hunter (84),Low
Kobra-1,0,PHI,ELIMINATED,ELIMINATED,ELIMINATED,ELIMINATED,ELIMINATED,ELIMINATED,ELIMINATED,ELIMINATED,ELIMINATED,ELIMINATED,ELIMINATED,ELIMINATED,ELIMINATED,ELIMINATED,ELIMINATED,ELIMINATED,ELIMINATED,54.3,15.6,81.2,78.1,53.7,43.8,1,EV Hunter,EV Hunter (81) / Sprinter (78),Low
konajoe-1,0,SF,ELIMINATED,ELIMINATED,ELIMINATED,ELIMINATED,ELIMINATED,ELIMINATED,ELIMINATED,ELIMINATED,ELIMINATED,ELIMINATED,ELIMINATED,ELIMINATED,ELIMINATED,ELIMINATED,ELIMINATED,ELIMINATED,ELIMINATED,59.9,21.9,93.8,87.5,45.1,44.5,1,EV Hunter,EV Hunter (94) / Sprinter (88),Low
Kravity-2,0,IND,ELIMINATED,ELIMINATED,ELIMINATED,ELIMINATED,ELIMINATED,ELIMINATED,ELIMINATED,ELIMINATED,ELIMINATED,ELIMINATED,ELIMINATED,ELIMINATED,ELIMINATED,ELIMINATED,ELIMINATED,ELIMINATED,ELIMINATED,85.9,0.0,84.4,93.8,22.0,22.7,1,Sprinter,Sprinter (94) / Planner (86) / EV Hunter (84),Low
LAJONESER-1,0,IND,ELIMINATED,ELIMINATED,ELIMINATED,ELIMINATED,ELIMINATED,ELIMINATED,ELIMINATED,ELIMINATED,ELIMINATED,ELIMINATED,ELIMINATED,ELIMINATED,ELIMINATED,ELIMINATED,ELIMINATED,ELIMINATED,ELIMINATED,85.9,0.0,84.4,93.8,22.0,22.7,1,Sprinter,Sprinter (94) / Planner (86) / EV Hunter (84),Low
LANASBLUNTED-1,0,IND,ELIMINATED,ELIMINATED,ELIMINATED,ELIMINATED,ELIMINATED,ELIMINATED,ELIMINATED,ELIMINATED,ELIMINATED,ELIMINATED,ELIMINATED,ELIMINATED,ELIMINATED,ELIMINATED,ELIMINATED,ELIMINATED,ELIMINATED,85.9,0.0,84.4,93.8,22.0,22.7,1,Sprinter,Sprinter (94) / Planner (86) / EV Hunter (84),Low
Lehrjet-2,0,IND,ELIMINATED,ELIMINATED,ELIMINATED,ELIMINATED,ELIMINATED,ELIMINATED,ELIMINATED,ELIMINATED,ELIMINATED,ELIMINATED,ELIMINATED,ELIMINATED,ELIMINATED,ELIMINATED,ELIMINATED,ELIMINATED,ELIMINATED,85.9,0.0,84.4,93.8,22.0,22.7,1,Sprinter,Sprinter (94) / Planner (86) / EV Hunter (84),Low
Lehrjet-3,0,IND,ELIMINATED,ELIMINATED,ELIMINATED,ELIMINATED,ELIMINATED,ELIMINATED,ELIMINATED,ELIMINATED,ELIMINATED,ELIMINATED,ELIMINATED,ELIMINATED,ELIMINATED,ELIMINATED,ELIMINATED,ELIMINATED,ELIMINATED,85.9,0.0,84.4,93.8,22.0,22.7,1,Sprinter,Sprinter (94) / Planner (86) / EV Hunter (84),Low
Lightning-1,0,IND,ELIMINATED,ELIMINATED,ELIMINATED,ELIMINATED,ELIMINATED,ELIMINATED,ELIMINATED,ELIMINATED,ELIMINATED,ELIMINATED,ELIMINATED,ELIMINATED,ELIMINATED,ELIMINATED,ELIMINATED,ELIMINATED,ELIMINATED,85.9,0.0,84.4,93.8,22.0,22.7,1,Sprinter,Sprinter (94) / Planner (86) / EV Hunter (84),Low
Lightning-2,0,IND,ELIMINATED,ELIMINATED,ELIMINATED,ELIMINATED,ELIMINATED,ELIMINATED,ELIMINATED,ELIMINATED,ELIMINATED,ELIMINATED,ELIMINATED,ELIMINATED,ELIMINATED,ELIMINATED,ELIMINATED,ELIMINATED,ELIMINATED,85.9,0.0,84.4,93.8,22.0,22.7,1,Sprinter,Sprinter (94) / Planner (86) / EV Hunter (84),Low
Lightning-3,0,IND,ELIMINATED,ELIMINATED,ELIMINATED,ELIMINATED,ELIMINATED,ELIMINATED,ELIMINATED,ELIMINATED,ELIMINATED,ELIMINATED,ELIMINATED,ELIMINATED,ELIMINATED,ELIMINATED,ELIMINATED,ELIMINATED,ELIMINATED,85.9,0.0,84.4,93.8,22.0,22.7,1,Sprinter,Sprinter (94) / Planner (86) / EV Hunter (84),Low
Lightning-4,0,IND,ELIMINATED,ELIMINATED,ELIMINATED,ELIMINATED,ELIMINATED,ELIMINATED,ELIMINATED,ELIMINATED,ELIMINATED,ELIMINATED,ELIMINATED,ELIMINATED,ELIMINATED,ELIMINATED,ELIMINATED,ELIMINATED,ELIMINATED,85.9,0.0,84.4,93.8,22.0,22.7,1,Sprinter,Sprinter (94) / Planner (86) / EV Hunter (84),Low
LIL CHUYS-1,0,IND,ELIMINATED,ELIMINATED,ELIMINATED,ELIMINATED,ELIMINATED,ELIMINATED,ELIMINATED,ELIMINATED,ELIMINATED,ELIMINATED,ELIMINATED,ELIMINATED,ELIMINATED,ELIMINATED,ELIMINATED,ELIMINATED,ELIMINATED,85.9,0.0,84.4,93.8,22.0,22.7,1,Sprinter,Sprinter (94) / Planner (86) / EV Hunter (84),Low
Live Healthy Rich-2,0,IND,ELIMINATED,ELIMINATED,ELIMINATED,ELIMINATED,ELIMINATED,ELIMINATED,ELIMINATED,ELIMINATED,ELIMINATED,ELIMINATED,ELIMINATED,ELIMINATED,ELIMINATED,ELIMINATED,ELIMINATED,ELIMINATED,ELIMINATED,85.9,0.0,84.4,93.8,22.0,22.7,1,Sprinter,Sprinter (94) / Planner (86) / EV Hunter (84),Low
LIZ-2,0,IND,ELIMINATED,ELIMINATED,ELIMINATED,ELIMINATED,ELIMINATED,ELIMINATED,ELIMINATED,ELIMINATED,ELIMINATED,ELIMINATED,ELIMINATED,ELIMINATED,ELIMINATED,ELIMINATED,ELIMINATED,ELIMINATED,ELIMINATED,85.9,0.0,84.4,93.8,22.0,22.7,1,Sprinter,Sprinter (94) / Planner (86) / EV Hunter (84),Low
LIZ-3,0,IND,ELIMINATED,ELIMINATED,ELIMINATED,ELIMINATED,ELIMINATED,ELIMINATED,ELIMINATED,ELIMINATED,ELIMINATED,ELIMINATED,ELIMINATED,ELIMINATED,ELIMINATED,ELIMINATED,ELIMINATED,ELIMINATED,ELIMINATED,85.9,0.0,84.4,93.8,22.0,22.7,1,Sprinter,Sprinter (94) / Planner (86) / EV Hunter (84),Low
LIZ-4,0,IND,ELIMINATED,ELIMINATED,ELIMINATED,ELIMINATED,ELIMINATED,ELIMINATED,ELIMINATED,ELIMINATED,ELIMINATED,ELIMINATED,ELIMINATED,ELIMINATED,ELIMINATED,ELIMINATED,ELIMINATED,ELIMINATED,ELIMINATED,85.9,0.0,84.4,93.8,22.0,22.7,1,Sprinter,Sprinter (94) / Planner (86) / EV Hunter (84),Low
LIZ-5,0,IND,ELIMINATED,ELIMINATED,ELIMINATED,ELIMINATED,ELIMINATED,ELIMINATED,ELIMINATED,ELIMINATED,ELIMINATED,ELIMINATED,ELIMINATED,ELIMINATED,ELIMINATED,ELIMINATED,ELIMINATED,ELIMINATED,ELIMINATED,85.9,0.0,84.4,93.8,22.0,22.7,1,Sprinter,Sprinter (94) / Planner (86) / EV Hunter (84),Low
LOCKS ANONYMOUS-1,0,IND,ELIMINATED,ELIMINATED,ELIMINATED,ELIMINATED,ELIMINATED,ELIMINATED,ELIMINATED,ELIMINATED,ELIMINATED,ELIMINATED,ELIMINATED,ELIMINATED,ELIMINATED,ELIMINATED,ELIMINATED,ELIMINATED,ELIMINATED,85.9,0.0,84.4,93.8,22.0,22.7,1,Sprinter,Sprinter (94) / Planner (86) / EV Hunter (84),Low
Locksmith-3,0,MIN,ELIMINATED,ELIMINATED,ELIMINATED,ELIMINATED,ELIMINATED,ELIMINATED,ELIMINATED,ELIMINATED,ELIMINATED,ELIMINATED,ELIMINATED,ELIMINATED,ELIMINATED,ELIMINATED,ELIMINATED,ELIMINATED,ELIMINATED,91.8,43.8,56.2,57.8,29.8,89.1,1,Planner,Planner (92) / Tourist (89),Low
LOLawyers-1,0,IND,ELIMINATED,ELIMINATED,ELIMINATED,ELIMINATED,ELIMINATED,ELIMINATED,ELIMINATED,ELIMINATED,ELIMINATED,ELIMINATED,ELIMINATED,ELIMINATED,ELIMINATED,ELIMINATED,ELIMINATED,ELIMINATED,ELIMINATED,85.9,0.0,84.4,93.8,22.0,22.7,1,Sprinter,Sprinter (94) / Planner (86) / EV Hunter (84),Low
LORD OF LAS VEGAS-1,0,IND,ELIMINATED,ELIMINATED,ELIMINATED,ELIMINATED,ELIMINATED,ELIMINATED,ELIMINATED,ELIMINATED,ELIMINATED,ELIMINATED,ELIMINATED,ELIMINATED,ELIMINATED,ELIMINATED,ELIMINATED,ELIMINATED,ELIMINATED,85.9,0.0,84.4,93.8,22.0,22.7,1,Sprinter,Sprinter (94) / Planner (86) / EV Hunter (84),Low
Lord Smith-2,0,SF,ELIMINATED,ELIMINATED,ELIMINATED,ELIMINATED,ELIMINATED,ELIMINATED,ELIMINATED,ELIMINATED,ELIMINATED,ELIMINATED,ELIMINATED,ELIMINATED,ELIMINATED,ELIMINATED,ELIMINATED,ELIMINATED,ELIMINATED,59.9,21.9,93.8,87.5,45.1,44.5,1,EV Hunter,EV Hunter (94) / Sprinter (88),Low
LOS GUAPOS-2,0,PHI,ELIMINATED,ELIMINATED,ELIMINATED,ELIMINATED,ELIMINATED,ELIMINATED,ELIMINATED,ELIMINATED,ELIMINATED,ELIMINATED,ELIMINATED,ELIMINATED,ELIMINATED,ELIMINATED,ELIMINATED,ELIMINATED,ELIMINATED,54.3,15.6,81.2,78.1,53.7,43.8,1,EV Hunter,EV Hunter (81) / Sprinter (78),Low
LOS GUAPOS-3,0,IND,ELIMINATED,ELIMINATED,ELIMINATED,ELIMINATED,ELIMINATED,ELIMINATED,ELIMINATED,ELIMINATED,ELIMINATED,ELIMINATED,ELIMINATED,ELIMINATED,ELIMINATED,ELIMINATED,ELIMINATED,ELIMINATED,ELIMINATED,85.9,0.0,84.4,93.8,22.0,22.7,1,Sprinter,Sprinter (94) / Planner (86) / EV Hunter (84),Low
Luck Box-1,0,PHI,ELIMINATED,ELIMINATED,ELIMINATED,ELIMINATED,ELIMINATED,ELIMINATED,ELIMINATED,ELIMINATED,ELIMINATED,ELIMINATED,ELIMINATED,ELIMINATED,ELIMINATED,ELIMINATED,ELIMINATED,ELIMINATED,ELIMINATED,54.3,15.6,81.2,78.1,53.7,43.8,1,EV Hunter,EV Hunter (81) / Sprinter (78),Low
Luckydog-1,0,PHI,ELIMINATED,ELIMINATED,ELIMINATED,ELIMINATED,ELIMINATED,ELIMINATED,ELIMINATED,ELIMINATED,ELIMINATED,ELIMINATED,ELIMINATED,ELIMINATED,ELIMINATED,ELIMINATED,ELIMINATED,ELIMINATED,ELIMINATED,54.3,15.6,81.2,78.1,53.7,43.8,1,EV Hunter,EV Hunter (81) / Sprinter (78),Low
LUNCHMEAT-1,0,IND,ELIMINATED,ELIMINATED,ELIMINATED,ELIMINATED,ELIMINATED,ELIMINATED,ELIMINATED,ELIMINATED,ELIMINATED,ELIMINATED,ELIMINATED,ELIMINATED,ELIMINATED,ELIMINATED,ELIMINATED,ELIMINATED,ELIMINATED,85.9,0.0,84.4,93.8,22.0,22.7,1,Sprinter,Sprinter (94) / Planner (86) / EV Hunter (84),Low
Luther41-2,0,IND,ELIMINATED,ELIMINATED,ELIMINATED,ELIMINATED,ELIMINATED,ELIMINATED,ELIMINATED,ELIMINATED,ELIMINATED,ELIMINATED,ELIMINATED,ELIMINATED,ELIMINATED,ELIMINATED,ELIMINATED,ELIMINATED,ELIMINATED,85.9,0.0,84.4,93.8,22.0,22.7,1,Sprinter,Sprinter (94) / Planner (86) / EV Hunter (84),Low
Luther41-4,0,IND,ELIMINATED,ELIMINATED,ELIMINATED,ELIMINATED,ELIMINATED,ELIMINATED,ELIMINATED,ELIMINATED,ELIMINATED,ELIMINATED,ELIMINATED,ELIMINATED,ELIMINATED,ELIMINATED,ELIMINATED,ELIMINATED,ELIMINATED,85.9,0.0,84.4,93.8,22.0,22.7,1,Sprinter,Sprinter (94) / Planner (86) / EV Hunter (84),Low
MALM20-2,0,IND,ELIMINATED,ELIMINATED,ELIMINATED,ELIMINATED,ELIMINATED,ELIMINATED,ELIMINATED,ELIMINATED,ELIMINATED,ELIMINATED,ELIMINATED,ELIMINATED,ELIMINATED,ELIMINATED,ELIMINATED,ELIMINATED,ELIMINATED,85.9,0.0,84.4,93.8,22.0,22.7,1,Sprinter,Sprinter (94) / Planner (86) / EV Hunter (84),Low
MALM20-5,0,SF,ELIMINATED,ELIMINATED,ELIMINATED,ELIMINATED,ELIMINATED,ELIMINATED,ELIMINATED,ELIMINATED,ELIMINATED,ELIMINATED,ELIMINATED,ELIMINATED,ELIMINATED,ELIMINATED,ELIMINATED,ELIMINATED,ELIMINATED,59.9,21.9,93.8,87.5,45.1,44.5,1,EV Hunter,EV Hunter (94) / Sprinter (88),Low
Mamba Forever-1,0,IND,ELIMINATED,ELIMINATED,ELIMINATED,ELIMINATED,ELIMINATED,ELIMINATED,ELIMINATED,ELIMINATED,ELIMINATED,ELIMINATED,ELIMINATED,ELIMINATED,ELIMINATED,ELIMINATED,ELIMINATED,ELIMINATED,ELIMINATED,85.9,0.0,84.4,93.8,22.0,22.7,1,Sprinter,Sprinter (94) / Planner (86) / EV Hunter (84),Low
Mare's Nest-1,0,IND,ELIMINATED,ELIMINATED,ELIMINATED,ELIMINATED,ELIMINATED,ELIMINATED,ELIMINATED,ELIMINATED,ELIMINATED,ELIMINATED,ELIMINATED,ELIMINATED,ELIMINATED,ELIMINATED,ELIMINATED,ELIMINATED,ELIMINATED,85.9,0.0,84.4,93.8,22.0,22.7,1,Sprinter,Sprinter (94) / Planner (86) / EV Hunter (84),Low
Marginal Phophet's-1,0,IND,ELIMINATED,ELIMINATED,ELIMINATED,ELIMINATED,ELIMINATED,ELIMINATED,ELIMINATED,ELIMINATED,ELIMINATED,ELIMINATED,ELIMINATED,ELIMINATED,ELIMINATED,ELIMINATED,ELIMINATED,ELIMINATED,ELIMINATED,85.9,0.0,84.4,93.8,22.0,22.7,1,Sprinter,Sprinter (94) / Planner (86) / EV Hunter (84),Low
MATTISPRO-1,0,IND,ELIMINATED,ELIMINATED,ELIMINATED,ELIMINATED,ELIMINATED,ELIMINATED,ELIMINATED,ELIMINATED,ELIMINATED,ELIMINATED,ELIMINATED,ELIMINATED,ELIMINATED,ELIMINATED,ELIMINATED,ELIMINATED,ELIMINATED,85.9,0.0,84.4,93.8,22.0,22.7,1,Sprinter,Sprinter (94) / Planner (86) / EV Hunter (84),Low
MBEASY-1,0,SF,ELIMINATED,ELIMINATED,ELIMINATED,ELIMINATED,ELIMINATED,ELIMINATED,ELIMINATED,ELIMINATED,ELIMINATED,ELIMINATED,ELIMINATED,ELIMINATED,ELIMINATED,ELIMINATED,ELIMINATED,ELIMINATED,ELIMINATED,59.9,21.9,93.8,87.5,45.1,44.5,1,EV Hunter,EV Hunter (94) / Sprinter (88),Low
MBEASY-2,0,SF,ELIMINATED,ELIMINATED,ELIMINATED,ELIMINATED,ELIMINATED,ELIMINATED,ELIMINATED,ELIMINATED,ELIMINATED,ELIMINATED,ELIMINATED,ELIMINATED,ELIMINATED,ELIMINATED,ELIMINATED,ELIMINATED,ELIMINATED,59.9,21.9,93.8,87.5,45.1,44.5,1,EV Hunter,EV Hunter (94) / Sprinter (88),Low
MBEASY-3,0,PHI,ELIMINATED,ELIMINATED,ELIMINATED,ELIMINATED,ELIMINATED,ELIMINATED,ELIMINATED,ELIMINATED,ELIMINATED,ELIMINATED,ELIMINATED,ELIMINATED,ELIMINATED,ELIMINATED,ELIMINATED,ELIMINATED,ELIMINATED,54.3,15.6,81.2,78.1,53.7,43.8,1,EV Hunter,EV Hunter (81) / Sprinter (78),Low
Mcduffys-1,0,IND,ELIMINATED,ELIMINATED,ELIMINATED,ELIMINATED,ELIMINATED,ELIMINATED,ELIMINATED,ELIMINATED,ELIMINATED,ELIMINATED,ELIMINATED,ELIMINATED,ELIMINATED,ELIMINATED,ELIMINATED,ELIMINATED,ELIMINATED,85.9,0.0,84.4,93.8,22.0,22.7,1,Sprinter,Sprinter (94) / Planner (86) / EV Hunter (84),Low
MCM3312-1,0,IND,ELIMINATED,ELIMINATED,ELIMINATED,ELIMINATED,ELIMINATED,ELIMINATED,ELIMINATED,ELIMINATED,ELIMINATED,ELIMINATED,ELIMINATED,ELIMINATED,ELIMINATED,ELIMINATED,ELIMINATED,ELIMINATED,ELIMINATED,85.9,0.0,84.4,93.8,22.0,22.7,1,Sprinter,Sprinter (94) / Planner (86) / EV Hunter (84),Low
MCM3312-2,0,IND,ELIMINATED,ELIMINATED,ELIMINATED,ELIMINATED,ELIMINATED,ELIMINATED,ELIMINATED,ELIMINATED,ELIMINATED,ELIMINATED,ELIMINATED,ELIMINATED,ELIMINATED,ELIMINATED,ELIMINATED,ELIMINATED,ELIMINATED,85.9,0.0,84.4,93.8,22.0,22.7,1,Sprinter,Sprinter (94) / Planner (86) / EV Hunter (84),Low
MCPREDICTS-1,0,IND,ELIMINATED,ELIMINATED,ELIMINATED,ELIMINATED,ELIMINATED,ELIMINATED,ELIMINATED,ELIMINATED,ELIMINATED,ELIMINATED,ELIMINATED,ELIMINATED,ELIMINATED,ELIMINATED,ELIMINATED,ELIMINATED,ELIMINATED,85.9,0.0,84.4,93.8,22.0,22.7,1,Sprinter,Sprinter (94) / Planner (86) / EV Hunter (84),Low
McQuarters-1,0,PHI,ELIMINATED,ELIMINATED,ELIMINATED,ELIMINATED,ELIMINATED,ELIMINATED,ELIMINATED,ELIMINATED,ELIMINATED,ELIMINATED,ELIMINATED,ELIMINATED,ELIMINATED,ELIMINATED,ELIMINATED,ELIMINATED,ELIMINATED,54.3,15.6,81.2,78.1,53.7,43.8,1,EV Hunter,EV Hunter (81) / Sprinter (78),Low
Mean Machine-2,0,IND,ELIMINATED,ELIMINATED,ELIMINATED,ELIMINATED,ELIMINATED,ELIMINATED,ELIMINATED,ELIMINATED,ELIMINATED,ELIMINATED,ELIMINATED,ELIMINATED,ELIMINATED,ELIMINATED,ELIMINATED,ELIMINATED,ELIMINATED,85.9,0.0,84.4,93.8,22.0,22.7,1,Sprinter,Sprinter (94) / Planner (86) / EV Hunter (84),Low
MeAndTonyG-1,0,IND,ELIMINATED,ELIMINATED,ELIMINATED,ELIMINATED,ELIMINATED,ELIMINATED,ELIMINATED,ELIMINATED,ELIMINATED,ELIMINATED,ELIMINATED,ELIMINATED,ELIMINATED,ELIMINATED,ELIMINATED,ELIMINATED,ELIMINATED,85.9,0.0,84.4,93.8,22.0,22.7,1,Sprinter,Sprinter (94) / Planner (86) / EV Hunter (84),Low
Meegs Mafia-1,0,IND,ELIMINATED,ELIMINATED,ELIMINATED,ELIMINATED,ELIMINATED,ELIMINATED,ELIMINATED,ELIMINATED,ELIMINATED,ELIMINATED,ELIMINATED,ELIMINATED,ELIMINATED,ELIMINATED,ELIMINATED,ELIMINATED,ELIMINATED,85.9,0.0,84.4,93.8,22.0,22.7,1,Sprinter,Sprinter (94) / Planner (86) / EV Hunter (84),Low
MEXIMELT-1,0,IND,ELIMINATED,ELIMINATED,ELIMINATED,ELIMINATED,ELIMINATED,ELIMINATED,ELIMINATED,ELIMINATED,ELIMINATED,ELIMINATED,ELIMINATED,ELIMINATED,ELIMINATED,ELIMINATED,ELIMINATED,ELIMINATED,ELIMINATED,85.9,0.0,84.4,93.8,22.0,22.7,1,Sprinter,Sprinter (94) / Planner (86) / EV Hunter (84),Low
MEXIMELT-2,0,IND,ELIMINATED,ELIMINATED,ELIMINATED,ELIMINATED,ELIMINATED,ELIMINATED,ELIMINATED,ELIMINATED,ELIMINATED,ELIMINATED,ELIMINATED,ELIMINATED,ELIMINATED,ELIMINATED,ELIMINATED,ELIMINATED,ELIMINATED,85.9,0.0,84.4,93.8,22.0,22.7,1,Sprinter,Sprinter (94) / Planner (86) / EV Hunter (84),Low
MEXIMELT-3,0,IND,ELIMINATED,ELIMINATED,ELIMINATED,ELIMINATED,ELIMINATED,ELIMINATED,ELIMINATED,ELIMINATED,ELIMINATED,ELIMINATED,ELIMINATED,ELIMINATED,ELIMINATED,ELIMINATED,ELIMINATED,ELIMINATED,ELIMINATED,85.9,0.0,84.4,93.8,22.0,22.7,1,Sprinter,Sprinter (94) / Planner (86) / EV Hunter (84),Low
MEXIMELT-4,0,IND,ELIMINATED,ELIMINATED,ELIMINATED,ELIMINATED,ELIMINATED,ELIMINATED,ELIMINATED,ELIMINATED,ELIMINATED,ELIMINATED,ELIMINATED,ELIMINATED,ELIMINATED,ELIMINATED,ELIMINATED,ELIMINATED,ELIMINATED,85.9,0.0,84.4,93.8,22.0,22.7,1,Sprinter,Sprinter (94) / Planner (86) / EV Hunter (84),Low
MEXIMELT-5,0,IND,ELIMINATED,ELIMINATED,ELIMINATED,ELIMINATED,ELIMINATED,ELIMINATED,ELIMINATED,ELIMINATED,ELIMINATED,ELIMINATED,ELIMINATED,ELIMINATED,ELIMINATED,ELIMINATED,ELIMINATED,ELIMINATED,ELIMINATED,85.9,0.0,84.4,93.8,22.0,22.7,1,Sprinter,Sprinter (94) / Planner (86) / EV Hunter (84),Low
MICHCONN-1,0,IND,ELIMINATED,ELIMINATED,ELIMINATED,ELIMINATED,ELIMINATED,ELIMINATED,ELIMINATED,ELIMINATED,ELIMINATED,ELIMINATED,ELIMINATED,ELIMINATED,ELIMINATED,ELIMINATED,ELIMINATED,ELIMINATED,ELIMINATED,85.9,0.0,84.4,93.8,22.0,22.7,1,Sprinter,Sprinter (94) / Planner (86) / EV Hunter (84),Low
Midnight Cat-2,0,IND,ELIMINATED,ELIMINATED,ELIMINATED,ELIMINATED,ELIMINATED,ELIMINATED,ELIMINATED,ELIMINATED,ELIMINATED,ELIMINATED,ELIMINATED,ELIMINATED,ELIMINATED,ELIMINATED,ELIMINATED,ELIMINATED,ELIMINATED,85.9,0.0,84.4,93.8,22.0,22.7,1,Sprinter,Sprinter (94) / Planner (86) / EV Hunter (84),Low
Midnight Cat-3,0,IND,ELIMINATED,ELIMINATED,ELIMINATED,ELIMINATED,ELIMINATED,ELIMINATED,ELIMINATED,ELIMINATED,ELIMINATED,ELIMINATED,ELIMINATED,ELIMINATED,ELIMINATED,ELIMINATED,ELIMINATED,ELIMINATED,ELIMINATED,85.9,0.0,84.4,93.8,22.0,22.7,1,Sprinter,Sprinter (94) / Planner (86) / EV Hunter (84),Low
Midnight Cat-5,0,PHI,ELIMINATED,ELIMINATED,ELIMINATED,ELIMINATED,ELIMINATED,ELIMINATED,ELIMINATED,ELIMINATED,ELIMINATED,ELIMINATED,ELIMINATED,ELIMINATED,ELIMINATED,ELIMINATED,ELIMINATED,ELIMINATED,ELIMINATED,54.3,15.6,81.2,78.1,53.7,43.8,1,EV Hunter,EV Hunter (81) / Sprinter (78),Low
Mikex2nRH-1,0,IND,ELIMINATED,ELIMINATED,ELIMINATED,ELIMINATED,ELIMINATED,ELIMINATED,ELIMINATED,ELIMINATED,ELIMINATED,ELIMINATED,ELIMINATED,ELIMINATED,ELIMINATED,ELIMINATED,ELIMINATED,ELIMINATED,ELIMINATED,85.9,0.0,84.4,93.8,22.0,22.7,1,Sprinter,Sprinter (94) / Planner (86) / EV Hunter (84),Low
Mikey D-1,0,SF,ELIMINATED,ELIMINATED,ELIMINATED,ELIMINATED,ELIMINATED,ELIMINATED,ELIMINATED,ELIMINATED,ELIMINATED,ELIMINATED,ELIMINATED,ELIMINATED,ELIMINATED,ELIMINATED,ELIMINATED,ELIMINATED,ELIMINATED,59.9,21.9,93.8,87.5,45.1,44.5,1,EV Hunter,EV Hunter (94) / Sprinter (88),Low
Mikey D-2,0,IND,ELIMINATED,ELIMINATED,ELIMINATED,ELIMINATED,ELIMINATED,ELIMINATED,ELIMINATED,ELIMINATED,ELIMINATED,ELIMINATED,ELIMINATED,ELIMINATED,ELIMINATED,ELIMINATED,ELIMINATED,ELIMINATED,ELIMINATED,85.9,0.0,84.4,93.8,22.0,22.7,1,Sprinter,Sprinter (94) / Planner (86) / EV Hunter (84),Low
Mikey D-3,0,PHI,ELIMINATED,ELIMINATED,ELIMINATED,ELIMINATED,ELIMINATED,ELIMINATED,ELIMINATED,ELIMINATED,ELIMINATED,ELIMINATED,ELIMINATED,ELIMINATED,ELIMINATED,ELIMINATED,ELIMINATED,ELIMINATED,ELIMINATED,54.3,15.6,81.2,78.1,53.7,43.8,1,EV Hunter,EV Hunter (81) / Sprinter (78),Low
MIKEYBARTS-1,0,IND,ELIMINATED,ELIMINATED,ELIMINATED,ELIMINATED,ELIMINATED,ELIMINATED,ELIMINATED,ELIMINATED,ELIMINATED,ELIMINATED,ELIMINATED,ELIMINATED,ELIMINATED,ELIMINATED,ELIMINATED,ELIMINATED,ELIMINATED,85.9,0.0,84.4,93.8,22.0,22.7,1,Sprinter,Sprinter (94) / Planner (86) / EV Hunter (84),Low
millertiming-1,0,IND,ELIMINATED,ELIMINATED,ELIMINATED,ELIMINATED,ELIMINATED,ELIMINATED,ELIMINATED,ELIMINATED,ELIMINATED,ELIMINATED,ELIMINATED,ELIMINATED,ELIMINATED,ELIMINATED,ELIMINATED,ELIMINATED,ELIMINATED,85.9,0.0,84.4,93.8,22.0,22.7,1,Sprinter,Sprinter (94) / Planner (86) / EV Hunter (84),Low
MINTF-1,0,IND,ELIMINATED,ELIMINATED,ELIMINATED,ELIMINATED,ELIMINATED,ELIMINATED,ELIMINATED,ELIMINATED,ELIMINATED,ELIMINATED,ELIMINATED,ELIMINATED,ELIMINATED,ELIMINATED,ELIMINATED,ELIMINATED,ELIMINATED,85.9,0.0,84.4,93.8,22.0,22.7,1,Sprinter,Sprinter (94) / Planner (86) / EV Hunter (84),Low
MINTF-4,0,IND,ELIMINATED,ELIMINATED,ELIMINATED,ELIMINATED,ELIMINATED,ELIMINATED,ELIMINATED,ELIMINATED,ELIMINATED,ELIMINATED,ELIMINATED,ELIMINATED,ELIMINATED,ELIMINATED,ELIMINATED,ELIMINATED,ELIMINATED,85.9,0.0,84.4,93.8,22.0,22.7,1,Sprinter,Sprinter (94) / Planner (86) / EV Hunter (84),Low
mlbpitcherPSYCHIC-3,0,IND,ELIMINATED,ELIMINATED,ELIMINATED,ELIMINATED,ELIMINATED,ELIMINATED,ELIMINATED,ELIMINATED,ELIMINATED,ELIMINATED,ELIMINATED,ELIMINATED,ELIMINATED,ELIMINATED,ELIMINATED,ELIMINATED,ELIMINATED,85.9,0.0,84.4,93.8,22.0,22.7,1,Sprinter,Sprinter (94) / Planner (86) / EV Hunter (84),Low
MONEY OBSCENE-1,0,IND,ELIMINATED,ELIMINATED,ELIMINATED,ELIMINATED,ELIMINATED,ELIMINATED,ELIMINATED,ELIMINATED,ELIMINATED,ELIMINATED,ELIMINATED,ELIMINATED,ELIMINATED,ELIMINATED,ELIMINATED,ELIMINATED,ELIMINATED,85.9,0.0,84.4,93.8,22.0,22.7,1,Sprinter,Sprinter (94) / Planner (86) / EV Hunter (84),Low
MoneyMikes64-1,0,IND,ELIMINATED,ELIMINATED,ELIMINATED,ELIMINATED,ELIMINATED,ELIMINATED,ELIMINATED,ELIMINATED,ELIMINATED,ELIMINATED,ELIMINATED,ELIMINATED,ELIMINATED,ELIMINATED,ELIMINATED,ELIMINATED,ELIMINATED,85.9,0.0,84.4,93.8,22.0,22.7,1,Sprinter,Sprinter (94) / Planner (86) / EV Hunter (84),Low
MonsterLoc-1,0,IND,ELIMINATED,ELIMINATED,ELIMINATED,ELIMINATED,ELIMINATED,ELIMINATED,ELIMINATED,ELIMINATED,ELIMINATED,ELIMINATED,ELIMINATED,ELIMINATED,ELIMINATED,ELIMINATED,ELIMINATED,ELIMINATED,ELIMINATED,85.9,0.0,84.4,93.8,22.0,22.7,1,Sprinter,Sprinter (94) / Planner (86) / EV Hunter (84),Low
MonsterLoc-3,0,IND,ELIMINATED,ELIMINATED,ELIMINATED,ELIMINATED,ELIMINATED,ELIMINATED,ELIMINATED,ELIMINATED,ELIMINATED,ELIMINATED,ELIMINATED,ELIMINATED,ELIMINATED,ELIMINATED,ELIMINATED,ELIMINATED,ELIMINATED,85.9,0.0,84.4,93.8,22.0,22.7,1,Sprinter,Sprinter (94) / Planner (86) / EV Hunter (84),Low
MONTANA-1,0,IND,ELIMINATED,ELIMINATED,ELIMINATED,ELIMINATED,ELIMINATED,ELIMINATED,ELIMINATED,ELIMINATED,ELIMINATED,ELIMINATED,ELIMINATED,ELIMINATED,ELIMINATED,ELIMINATED,ELIMINATED,ELIMINATED,ELIMINATED,85.9,0.0,84.4,93.8,22.0,22.7,1,Sprinter,Sprinter (94) / Planner (86) / EV Hunter (84),Low
Moose-1,0,IND,ELIMINATED,ELIMINATED,ELIMINATED,ELIMINATED,ELIMINATED,ELIMINATED,ELIMINATED,ELIMINATED,ELIMINATED,ELIMINATED,ELIMINATED,ELIMINATED,ELIMINATED,ELIMINATED,ELIMINATED,ELIMINATED,ELIMINATED,85.9,0.0,84.4,93.8,22.0,22.7,1,Sprinter,Sprinter (94) / Planner (86) / EV Hunter (84),Low
MOXIE-1,0,IND,ELIMINATED,ELIMINATED,ELIMINATED,ELIMINATED,ELIMINATED,ELIMINATED,ELIMINATED,ELIMINATED,ELIMINATED,ELIMINATED,ELIMINATED,ELIMINATED,ELIMINATED,ELIMINATED,ELIMINATED,ELIMINATED,ELIMINATED,85.9,0.0,84.4,93.8,22.0,22.7,1,Sprinter,Sprinter (94) / Planner (86) / EV Hunter (84),Low
MR. PICKLES-2,0,IND,ELIMINATED,ELIMINATED,ELIMINATED,ELIMINATED,ELIMINATED,ELIMINATED,ELIMINATED,ELIMINATED,ELIMINATED,ELIMINATED,ELIMINATED,ELIMINATED,ELIMINATED,ELIMINATED,ELIMINATED,ELIMINATED,ELIMINATED,85.9,0.0,84.4,93.8,22.0,22.7,1,Sprinter,Sprinter (94) / Planner (86) / EV Hunter (84),Low
Mucked Nuts.-3,0,IND,ELIMINATED,ELIMINATED,ELIMINATED,ELIMINATED,ELIMINATED,ELIMINATED,ELIMINATED,ELIMINATED,ELIMINATED,ELIMINATED,ELIMINATED,ELIMINATED,ELIMINATED,ELIMINATED,ELIMINATED,ELIMINATED,ELIMINATED,85.9,0.0,84.4,93.8,22.0,22.7,1,Sprinter,Sprinter (94) / Planner (86) / EV Hunter (84),Low
MuddySlope-1,0,IND,ELIMINATED,ELIMINATED,ELIMINATED,ELIMINATED,ELIMINATED,ELIMINATED,ELIMINATED,ELIMINATED,ELIMINATED,ELIMINATED,ELIMINATED,ELIMINATED,ELIMINATED,ELIMINATED,ELIMINATED,ELIMINATED,ELIMINATED,85.9,0.0,84.4,93.8,22.0,22.7,1,Sprinter,Sprinter (94) / Planner (86) / EV Hunter (84),Low
Muffed Picks-1,0,IND,ELIMINATED,ELIMINATED,ELIMINATED,ELIMINATED,ELIMINATED,ELIMINATED,ELIMINATED,ELIMINATED,ELIMINATED,ELIMINATED,ELIMINATED,ELIMINATED,ELIMINATED,ELIMINATED,ELIMINATED,ELIMINATED,ELIMINATED,85.9,0.0,84.4,93.8,22.0,22.7,1,Sprinter,Sprinter (94) / Planner (86) / EV Hunter (84),Low
MUSS BRENTBURGER-1,0,IND,ELIMINATED,ELIMINATED,ELIMINATED,ELIMINATED,ELIMINATED,ELIMINATED,ELIMINATED,ELIMINATED,ELIMINATED,ELIMINATED,ELIMINATED,ELIMINATED,ELIMINATED,ELIMINATED,ELIMINATED,ELIMINATED,ELIMINATED,85.9,0.0,84.4,93.8,22.0,22.7,1,Sprinter,Sprinter (94) / Planner (86) / EV Hunter (84),Low
M_EHRMANTRAUT-1,0,SF,ELIMINATED,ELIMINATED,ELIMINATED,ELIMINATED,ELIMINATED,ELIMINATED,ELIMINATED,ELIMINATED,ELIMINATED,ELIMINATED,ELIMINATED,ELIMINATED,ELIMINATED,ELIMINATED,ELIMINATED,ELIMINATED,ELIMINATED,59.9,21.9,93.8,87.5,45.1,44.5,1,EV Hunter,EV Hunter (94) / Sprinter (88),Low
M_EHRMANTRAUT-2,0,SF,ELIMINATED,ELIMINATED,ELIMINATED,ELIMINATED,ELIMINATED,ELIMINATED,ELIMINATED,ELIMINATED,ELIMINATED,ELIMINATED,ELIMINATED,ELIMINATED,ELIMINATED,ELIMINATED,ELIMINATED,ELIMINATED,ELIMINATED,59.9,21.9,93.8,87.5,45.1,44.5,1,EV Hunter,EV Hunter (94) / Sprinter (88),Low
M_EHRMANTRAUT-3,0,SF,ELIMINATED,ELIMINATED,ELIMINATED,ELIMINATED,ELIMINATED,ELIMINATED,ELIMINATED,ELIMINATED,ELIMINATED,ELIMINATED,ELIMINATED,ELIMINATED,ELIMINATED,ELIMINATED,ELIMINATED,ELIMINATED,ELIMINATED,59.9,21.9,93.8,87.5,45.1,44.5,1,EV Hunter,EV Hunter (94) / Sprinter (88),Low
Nash-1,0,IND,ELIMINATED,ELIMINATED,ELIMINATED,ELIMINATED,ELIMINATED,ELIMINATED,ELIMINATED,ELIMINATED,ELIMINATED,ELIMINATED,ELIMINATED,ELIMINATED,ELIMINATED,ELIMINATED,ELIMINATED,ELIMINATED,ELIMINATED,85.9,0.0,84.4,93.8,22.0,22.7,1,Sprinter,Sprinter (94) / Planner (86) / EV Hunter (84),Low
Ned Landers-1,0,PHI,ELIMINATED,ELIMINATED,ELIMINATED,ELIMINATED,ELIMINATED,ELIMINATED,ELIMINATED,ELIMINATED,ELIMINATED,ELIMINATED,ELIMINATED,ELIMINATED,ELIMINATED,ELIMINATED,ELIMINATED,ELIMINATED,ELIMINATED,54.3,15.6,81.2,78.1,53.7,43.8,1,EV Hunter,EV Hunter (81) / Sprinter (78),Low
Ned Landers-2,0,IND,ELIMINATED,ELIMINATED,ELIMINATED,ELIMINATED,ELIMINATED,ELIMINATED,ELIMINATED,ELIMINATED,ELIMINATED,ELIMINATED,ELIMINATED,ELIMINATED,ELIMINATED,ELIMINATED,ELIMINATED,ELIMINATED,ELIMINATED,85.9,0.0,84.4,93.8,22.0,22.7,1,Sprinter,Sprinter (94) / Planner (86) / EV Hunter (84),Low
Ned Landers-5,0,IND,ELIMINATED,ELIMINATED,ELIMINATED,ELIMINATED,ELIMINATED,ELIMINATED,ELIMINATED,ELIMINATED,ELIMINATED,ELIMINATED,ELIMINATED,ELIMINATED,ELIMINATED,ELIMINATED,ELIMINATED,ELIMINATED,ELIMINATED,85.9,0.0,84.4,93.8,22.0,22.7,1,Sprinter,Sprinter (94) / Planner (86) / EV Hunter (84),Low
NFL-MERICA-MONEY-4ME-1,0,SF,ELIMINATED,ELIMINATED,ELIMINATED,ELIMINATED,ELIMINATED,ELIMINATED,ELIMINATED,ELIMINATED,ELIMINATED,ELIMINATED,ELIMINATED,ELIMINATED,ELIMINATED,ELIMINATED,ELIMINATED,ELIMINATED,ELIMINATED,59.9,21.9,93.8,87.5,45.1,44.5,1,EV Hunter,EV Hunter (94) / Sprinter (88),Low
Niche-1,0,IND,ELIMINATED,ELIMINATED,ELIMINATED,ELIMINATED,ELIMINATED,ELIMINATED,ELIMINATED,ELIMINATED,ELIMINATED,ELIMINATED,ELIMINATED,ELIMINATED,ELIMINATED,ELIMINATED,ELIMINATED,ELIMINATED,ELIMINATED,85.9,0.0,84.4,93.8,22.0,22.7,1,Sprinter,Sprinter (94) / Planner (86) / EV Hunter (84),Low
Niche-2,0,IND,ELIMINATED,ELIMINATED,ELIMINATED,ELIMINATED,ELIMINATED,ELIMINATED,ELIMINATED,ELIMINATED,ELIMINATED,ELIMINATED,ELIMINATED,ELIMINATED,ELIMINATED,ELIMINATED,ELIMINATED,ELIMINATED,ELIMINATED,85.9,0.0,84.4,93.8,22.0,22.7,1,Sprinter,Sprinter (94) / Planner (86) / EV Hunter (84),Low
Niche-3,0,IND,ELIMINATED,ELIMINATED,ELIMINATED,ELIMINATED,ELIMINATED,ELIMINATED,ELIMINATED,ELIMINATED,ELIMINATED,ELIMINATED,ELIMINATED,ELIMINATED,ELIMINATED,ELIMINATED,ELIMINATED,ELIMINATED,ELIMINATED,85.9,0.0,84.4,93.8,22.0,22.7,1,Sprinter,Sprinter (94) / Planner (86) / EV Hunter (84),Low
Niche-4,0,IND,ELIMINATED,ELIMINATED,ELIMINATED,ELIMINATED,ELIMINATED,ELIMINATED,ELIMINATED,ELIMINATED,ELIMINATED,ELIMINATED,ELIMINATED,ELIMINATED,ELIMINATED,ELIMINATED,ELIMINATED,ELIMINATED,ELIMINATED,85.9,0.0,84.4,93.8,22.0,22.7,1,Sprinter,Sprinter (94) / Planner (86) / EV Hunter (84),Low
NO MATTER WHAT-1,0,IND,ELIMINATED,ELIMINATED,ELIMINATED,ELIMINATED,ELIMINATED,ELIMINATED,ELIMINATED,ELIMINATED,ELIMINATED,ELIMINATED,ELIMINATED,ELIMINATED,ELIMINATED,ELIMINATED,ELIMINATED,ELIMINATED,ELIMINATED,85.9,0.0,84.4,93.8,22.0,22.7,1,Sprinter,Sprinter (94) / Planner (86) / EV Hunter (84),Low
No Regrets-2,0,PHI,ELIMINATED,ELIMINATED,ELIMINATED,ELIMINATED,ELIMINATED,ELIMINATED,ELIMINATED,ELIMINATED,ELIMINATED,ELIMINATED,ELIMINATED,ELIMINATED,ELIMINATED,ELIMINATED,ELIMINATED,ELIMINATED,ELIMINATED,54.3,15.6,81.2,78.1,53.7,43.8,1,EV Hunter,EV Hunter (81) / Sprinter (78),Low
No Regrets-3,0,DET,ELIMINATED,ELIMINATED,ELIMINATED,ELIMINATED,ELIMINATED,ELIMINATED,ELIMINATED,ELIMINATED,ELIMINATED,ELIMINATED,ELIMINATED,ELIMINATED,ELIMINATED,ELIMINATED,ELIMINATED,ELIMINATED,ELIMINATED,60.2,35.9,62.5,62.5,49.8,65.6,1,Tourist,Tourist (66) / EV Hunter (62) / Sprinter (62) / Planner (60),Low
No Regrets-4,0,IND,ELIMINATED,ELIMINATED,ELIMINATED,ELIMINATED,ELIMINATED,ELIMINATED,ELIMINATED,ELIMINATED,ELIMINATED,ELIMINATED,ELIMINATED,ELIMINATED,ELIMINATED,ELIMINATED,ELIMINATED,ELIMINATED,ELIMINATED,85.9,0.0,84.4,93.8,22.0,22.7,1,Sprinter,Sprinter (94) / Planner (86) / EV Hunter (84),Low
NORTH OF THE BORDER-1,0,IND,ELIMINATED,ELIMINATED,ELIMINATED,ELIMINATED,ELIMINATED,ELIMINATED,ELIMINATED,ELIMINATED,ELIMINATED,ELIMINATED,ELIMINATED,ELIMINATED,ELIMINATED,ELIMINATED,ELIMINATED,ELIMINATED,ELIMINATED,85.9,0.0,84.4,93.8,22.0,22.7,1,Sprinter,Sprinter (94) / Planner (86) / EV Hunter (84),Low
NOTGambling-1,0,IND,ELIMINATED,ELIMINATED,ELIMINATED,ELIMINATED,ELIMINATED,ELIMINATED,ELIMINATED,ELIMINATED,ELIMINATED,ELIMINATED,ELIMINATED,ELIMINATED,ELIMINATED,ELIMINATED,ELIMINATED,ELIMINATED,ELIMINATED,85.9,0.0,84.4,93.8,22.0,22.7,1,Sprinter,Sprinter (94) / Planner (86) / EV Hunter (84),Low
NOTJOE'SAVGJALAPENOS-5,0,NYJ,ELIMINATED,ELIMINATED,ELIMINATED,ELIMINATED,ELIMINATED,ELIMINATED,ELIMINATED,ELIMINATED,ELIMINATED,ELIMINATED,ELIMINATED,ELIMINATED,ELIMINATED,ELIMINATED,ELIMINATED,ELIMINATED,ELIMINATED,77.0,57.8,31.2,18.8,18.2,47.7,1,Planner,Planner (77),Low
O.T.S.S-1,0,IND,ELIMINATED,ELIMINATED,ELIMINATED,ELIMINATED,ELIMINATED,ELIMINATED,ELIMINATED,ELIMINATED,ELIMINATED,ELIMINATED,ELIMINATED,ELIMINATED,ELIMINATED,ELIMINATED,ELIMINATED,ELIMINATED,ELIMINATED,85.9,0.0,84.4,93.8,22.0,22.7,1,Sprinter,Sprinter (94) / Planner (86) / EV Hunter (84),Low
ODBMG-4,0,IND,ELIMINATED,ELIMINATED,ELIMINATED,ELIMINATED,ELIMINATED,ELIMINATED,ELIMINATED,ELIMINATED,ELIMINATED,ELIMINATED,ELIMINATED,ELIMINATED,ELIMINATED,ELIMINATED,ELIMINATED,ELIMINATED,ELIMINATED,85.9,0.0,84.4,93.8,22.0,22.7,1,Sprinter,Sprinter (94) / Planner (86) / EV Hunter (84),Low
Olive's 1st Year-1,0,IND,ELIMINATED,ELIMINATED,ELIMINATED,ELIMINATED,ELIMINATED,ELIMINATED,ELIMINATED,ELIMINATED,ELIMINATED,ELIMINATED,ELIMINATED,ELIMINATED,ELIMINATED,ELIMINATED,ELIMINATED,ELIMINATED,ELIMINATED,85.9,0.0,84.4,93.8,22.0,22.7,1,Sprinter,Sprinter (94) / Planner (86) / EV Hunter (84),Low
On My Way-1,0,IND,ELIMINATED,ELIMINATED,ELIMINATED,ELIMINATED,ELIMINATED,ELIMINATED,ELIMINATED,ELIMINATED,ELIMINATED,ELIMINATED,ELIMINATED,ELIMINATED,ELIMINATED,ELIMINATED,ELIMINATED,ELIMINATED,ELIMINATED,85.9,0.0,84.4,93.8,22.0,22.7,1,Sprinter,Sprinter (94) / Planner (86) / EV Hunter (84),Low
One Man Gang-3,0,IND,ELIMINATED,ELIMINATED,ELIMINATED,ELIMINATED,ELIMINATED,ELIMINATED,ELIMINATED,ELIMINATED,ELIMINATED,ELIMINATED,ELIMINATED,ELIMINATED,ELIMINATED,ELIMINATED,ELIMINATED,ELIMINATED,ELIMINATED,85.9,0.0,84.4,93.8,22.0,22.7,1,Sprinter,Sprinter (94) / Planner (86) / EV Hunter (84),Low
OPERATIONHIGHSTAKES-1,0,IND,ELIMINATED,ELIMINATED,ELIMINATED,ELIMINATED,ELIMINATED,ELIMINATED,ELIMINATED,ELIMINATED,ELIMINATED,ELIMINATED,ELIMINATED,ELIMINATED,ELIMINATED,ELIMINATED,ELIMINATED,ELIMINATED,ELIMINATED,85.9,0.0,84.4,93.8,22.0,22.7,1,Sprinter,Sprinter (94) / Planner (86) / EV Hunter (84),Low
ORDER UP-4,0,SF,ELIMINATED,ELIMINATED,ELIMINATED,ELIMINATED,ELIMINATED,ELIMINATED,ELIMINATED,ELIMINATED,ELIMINATED,ELIMINATED,ELIMINATED,ELIMINATED,ELIMINATED,ELIMINATED,ELIMINATED,ELIMINATED,ELIMINATED,59.9,21.9,93.8,87.5,45.1,44.5,1,EV Hunter,EV Hunter (94) / Sprinter (88),Low
Oxynites-1,0,SF,ELIMINATED,ELIMINATED,ELIMINATED,ELIMINATED,ELIMINATED,ELIMINATED,ELIMINATED,ELIMINATED,ELIMINATED,ELIMINATED,ELIMINATED,ELIMINATED,ELIMINATED,ELIMINATED,ELIMINATED,ELIMINATED,ELIMINATED,59.9,21.9,93.8,87.5,45.1,44.5,1,EV Hunter,EV Hunter (94) / Sprinter (88),Low
P1-P2-1,0,IND,ELIMINATED,ELIMINATED,ELIMINATED,ELIMINATED,ELIMINATED,ELIMINATED,ELIMINATED,ELIMINATED,ELIMINATED,ELIMINATED,ELIMINATED,ELIMINATED,ELIMINATED,ELIMINATED,ELIMINATED,ELIMINATED,ELIMINATED,85.9,0.0,84.4,93.8,22.0,22.7,1,Sprinter,Sprinter (94) / Planner (86) / EV Hunter (84),Low
PARLAY G-3,0,IND,ELIMINATED,ELIMINATED,ELIMINATED,ELIMINATED,ELIMINATED,ELIMINATED,ELIMINATED,ELIMINATED,ELIMINATED,ELIMINATED,ELIMINATED,ELIMINATED,ELIMINATED,ELIMINATED,ELIMINATED,ELIMINATED,ELIMINATED,85.9,0.0,84.4,93.8,22.0,22.7,1,Sprinter,Sprinter (94) / Planner (86) / EV Hunter (84),Low
PARLAY G-4,0,PHI,ELIMINATED,ELIMINATED,ELIMINATED,ELIMINATED,ELIMINATED,ELIMINATED,ELIMINATED,ELIMINATED,ELIMINATED,ELIMINATED,ELIMINATED,ELIMINATED,ELIMINATED,ELIMINATED,ELIMINATED,ELIMINATED,ELIMINATED,54.3,15.6,81.2,78.1,53.7,43.8,1,EV Hunter,EV Hunter (81) / Sprinter (78),Low
Pauline Park-2,0,IND,ELIMINATED,ELIMINATED,ELIMINATED,ELIMINATED,ELIMINATED,ELIMINATED,ELIMINATED,ELIMINATED,ELIMINATED,ELIMINATED,ELIMINATED,ELIMINATED,ELIMINATED,ELIMINATED,ELIMINATED,ELIMINATED,ELIMINATED,85.9,0.0,84.4,93.8,22.0,22.7,1,Sprinter,Sprinter (94) / Planner (86) / EV Hunter (84),Low
Pauline Park-3,0,IND,ELIMINATED,ELIMINATED,ELIMINATED,ELIMINATED,ELIMINATED,ELIMINATED,ELIMINATED,ELIMINATED,ELIMINATED,ELIMINATED,ELIMINATED,ELIMINATED,ELIMINATED,ELIMINATED,ELIMINATED,ELIMINATED,ELIMINATED,85.9,0.0,84.4,93.8,22.0,22.7,1,Sprinter,Sprinter (94) / Planner (86) / EV Hunter (84),Low
Pauline Park-5,0,IND,ELIMINATED,ELIMINATED,ELIMINATED,ELIMINATED,ELIMINATED,ELIMINATED,ELIMINATED,ELIMINATED,ELIMINATED,ELIMINATED,ELIMINATED,ELIMINATED,ELIMINATED,ELIMINATED,ELIMINATED,ELIMINATED,ELIMINATED,85.9,0.0,84.4,93.8,22.0,22.7,1,Sprinter,Sprinter (94) / Planner (86) / EV Hunter (84),Low
PHOENIX 2 VEGAS-2,0,IND,ELIMINATED,ELIMINATED,ELIMINATED,ELIMINATED,ELIMINATED,ELIMINATED,ELIMINATED,ELIMINATED,ELIMINATED,ELIMINATED,ELIMINATED,ELIMINATED,ELIMINATED,ELIMINATED,ELIMINATED,ELIMINATED,ELIMINATED,85.9,0.0,84.4,93.8,22.0,22.7,1,Sprinter,Sprinter (94) / Planner (86) / EV Hunter (84),Low
PIKEGOD-1,0,IND,ELIMINATED,ELIMINATED,ELIMINATED,ELIMINATED,ELIMINATED,ELIMINATED,ELIMINATED,ELIMINATED,ELIMINATED,ELIMINATED,ELIMINATED,ELIMINATED,ELIMINATED,ELIMINATED,ELIMINATED,ELIMINATED,ELIMINATED,85.9,0.0,84.4,93.8,22.0,22.7,1,Sprinter,Sprinter (94) / Planner (86) / EV Hunter (84),Low
PISANOWINZ-4,0,IND,ELIMINATED,ELIMINATED,ELIMINATED,ELIMINATED,ELIMINATED,ELIMINATED,ELIMINATED,ELIMINATED,ELIMINATED,ELIMINATED,ELIMINATED,ELIMINATED,ELIMINATED,ELIMINATED,ELIMINATED,ELIMINATED,ELIMINATED,85.9,0.0,84.4,93.8,22.0,22.7,1,Sprinter,Sprinter (94) / Planner (86) / EV Hunter (84),Low
PISANOWINZ-5,0,IND,ELIMINATED,ELIMINATED,ELIMINATED,ELIMINATED,ELIMINATED,ELIMINATED,ELIMINATED,ELIMINATED,ELIMINATED,ELIMINATED,ELIMINATED,ELIMINATED,ELIMINATED,ELIMINATED,ELIMINATED,ELIMINATED,ELIMINATED,85.9,0.0,84.4,93.8,22.0,22.7,1,Sprinter,Sprinter (94) / Planner (86) / EV Hunter (84),Low
PISO MOJADO-2,0,SF,ELIMINATED,ELIMINATED,ELIMINATED,ELIMINATED,ELIMINATED,ELIMINATED,ELIMINATED,ELIMINATED,ELIMINATED,ELIMINATED,ELIMINATED,ELIMINATED,ELIMINATED,ELIMINATED,ELIMINATED,ELIMINATED,ELIMINATED,59.9,21.9,93.8,87.5,45.1,44.5,1,EV Hunter,EV Hunter (94) / Sprinter (88),Low
PLUME43-1,0,IND,ELIMINATED,ELIMINATED,ELIMINATED,ELIMINATED,ELIMINATED,ELIMINATED,ELIMINATED,ELIMINATED,ELIMINATED,ELIMINATED,ELIMINATED,ELIMINATED,ELIMINATED,ELIMINATED,ELIMINATED,ELIMINATED,ELIMINATED,85.9,0.0,84.4,93.8,22.0,22.7,1,Sprinter,Sprinter (94) / Planner (86) / EV Hunter (84),Low
PLYTKR.-1,0,PHI,ELIMINATED,ELIMINATED,ELIMINATED,ELIMINATED,ELIMINATED,ELIMINATED,ELIMINATED,ELIMINATED,ELIMINATED,ELIMINATED,ELIMINATED,ELIMINATED,ELIMINATED,ELIMINATED,ELIMINATED,ELIMINATED,ELIMINATED,54.3,15.6,81.2,78.1,53.7,43.8,1,EV Hunter,EV Hunter (81) / Sprinter (78),Low
PMAX-1,0,IND,ELIMINATED,ELIMINATED,ELIMINATED,ELIMINATED,ELIMINATED,ELIMINATED,ELIMINATED,ELIMINATED,ELIMINATED,ELIMINATED,ELIMINATED,ELIMINATED,ELIMINATED,ELIMINATED,ELIMINATED,ELIMINATED,ELIMINATED,85.9,0.0,84.4,93.8,22.0,22.7,1,Sprinter,Sprinter (94) / Planner (86) / EV Hunter (84),Low
Poker Boomers-1,0,IND,ELIMINATED,ELIMINATED,ELIMINATED,ELIMINATED,ELIMINATED,ELIMINATED,ELIMINATED,ELIMINATED,ELIMINATED,ELIMINATED,ELIMINATED,ELIMINATED,ELIMINATED,ELIMINATED,ELIMINATED,ELIMINATED,ELIMINATED,85.9,0.0,84.4,93.8,22.0,22.7,1,Sprinter,Sprinter (94) / Planner (86) / EV Hunter (84),Low
Power Tripper-1,0,IND,ELIMINATED,ELIMINATED,ELIMINATED,ELIMINATED,ELIMINATED,ELIMINATED,ELIMINATED,ELIMINATED,ELIMINATED,ELIMINATED,ELIMINATED,ELIMINATED,ELIMINATED,ELIMINATED,ELIMINATED,ELIMINATED,ELIMINATED,85.9,0.0,84.4,93.8,22.0,22.7,1,Sprinter,Sprinter (94) / Planner (86) / EV Hunter (84),Low
PRAY4DUBB-1,0,IND,ELIMINATED,ELIMINATED,ELIMINATED,ELIMINATED,ELIMINATED,ELIMINATED,ELIMINATED,ELIMINATED,ELIMINATED,ELIMINATED,ELIMINATED,ELIMINATED,ELIMINATED,ELIMINATED,ELIMINATED,ELIMINATED,ELIMINATED,85.9,0.0,84.4,93.8,22.0,22.7,1,Sprinter,Sprinter (94) / Planner (86) / EV Hunter (84),Low
PRAY4DUBB-5,0,IND,ELIMINATED,ELIMINATED,ELIMINATED,ELIMINATED,ELIMINATED,ELIMINATED,ELIMINATED,ELIMINATED,ELIMINATED,ELIMINATED,ELIMINATED,ELIMINATED,ELIMINATED,ELIMINATED,ELIMINATED,ELIMINATED,ELIMINATED,85.9,0.0,84.4,93.8,22.0,22.7,1,Sprinter,Sprinter (94) / Planner (86) / EV Hunter (84),Low
PRO'S AND CON'S-1,0,PHI,ELIMINATED,ELIMINATED,ELIMINATED,ELIMINATED,ELIMINATED,ELIMINATED,ELIMINATED,ELIMINATED,ELIMINATED,ELIMINATED,ELIMINATED,ELIMINATED,ELIMINATED,ELIMINATED,ELIMINATED,ELIMINATED,ELIMINATED,54.3,15.6,81.2,78.1,53.7,43.8,1,EV Hunter,EV Hunter (81) / Sprinter (78),Low
PROBST-1,0,IND,ELIMINATED,ELIMINATED,ELIMINATED,ELIMINATED,ELIMINATED,ELIMINATED,ELIMINATED,ELIMINATED,ELIMINATED,ELIMINATED,ELIMINATED,ELIMINATED,ELIMINATED,ELIMINATED,ELIMINATED,ELIMINATED,ELIMINATED,85.9,0.0,84.4,93.8,22.0,22.7,1,Sprinter,Sprinter (94) / Planner (86) / EV Hunter (84),Low
PROBST-3,0,IND,ELIMINATED,ELIMINATED,ELIMINATED,ELIMINATED,ELIMINATED,ELIMINATED,ELIMINATED,ELIMINATED,ELIMINATED,ELIMINATED,ELIMINATED,ELIMINATED,ELIMINATED,ELIMINATED,ELIMINATED,ELIMINATED,ELIMINATED,85.9,0.0,84.4,93.8,22.0,22.7,1,Sprinter,Sprinter (94) / Planner (86) / EV Hunter (84),Low
PROBST-4,0,IND,ELIMINATED,ELIMINATED,ELIMINATED,ELIMINATED,ELIMINATED,ELIMINATED,ELIMINATED,ELIMINATED,ELIMINATED,ELIMINATED,ELIMINATED,ELIMINATED,ELIMINATED,ELIMINATED,ELIMINATED,ELIMINATED,ELIMINATED,85.9,0.0,84.4,93.8,22.0,22.7,1,Sprinter,Sprinter (94) / Planner (86) / EV Hunter (84),Low
PUFFALUPPS-1,0,IND,ELIMINATED,ELIMINATED,ELIMINATED,ELIMINATED,ELIMINATED,ELIMINATED,ELIMINATED,ELIMINATED,ELIMINATED,ELIMINATED,ELIMINATED,ELIMINATED,ELIMINATED,ELIMINATED,ELIMINATED,ELIMINATED,ELIMINATED,85.9,0.0,84.4,93.8,22.0,22.7,1,Sprinter,Sprinter (94) / Planner (86) / EV Hunter (84),Low
QUESERASERA-1,0,IND,ELIMINATED,ELIMINATED,ELIMINATED,ELIMINATED,ELIMINATED,ELIMINATED,ELIMINATED,ELIMINATED,ELIMINATED,ELIMINATED,ELIMINATED,ELIMINATED,ELIMINATED,ELIMINATED,ELIMINATED,ELIMINATED,ELIMINATED,85.9,0.0,84.4,93.8,22.0,22.7,1,Sprinter,Sprinter (94) / Planner (86) / EV Hunter (84),Low
Ramblin' and Gamblin-1,0,IND,ELIMINATED,ELIMINATED,ELIMINATED,ELIMINATED,ELIMINATED,ELIMINATED,ELIMINATED,ELIMINATED,ELIMINATED,ELIMINATED,ELIMINATED,ELIMINATED,ELIMINATED,ELIMINATED,ELIMINATED,ELIMINATED,ELIMINATED,85.9,0.0,84.4,93.8,22.0,22.7,1,Sprinter,Sprinter (94) / Planner (86) / EV Hunter (84),Low
RAMS AD-1,0,IND,ELIMINATED,ELIMINATED,ELIMINATED,ELIMINATED,ELIMINATED,ELIMINATED,ELIMINATED,ELIMINATED,ELIMINATED,ELIMINATED,ELIMINATED,ELIMINATED,ELIMINATED,ELIMINATED,ELIMINATED,ELIMINATED,ELIMINATED,85.9,0.0,84.4,93.8,22.0,22.7,1,Sprinter,Sprinter (94) / Planner (86) / EV Hunter (84),Low
RED EYE-1,0,IND,ELIMINATED,ELIMINATED,ELIMINATED,ELIMINATED,ELIMINATED,ELIMINATED,ELIMINATED,ELIMINATED,ELIMINATED,ELIMINATED,ELIMINATED,ELIMINATED,ELIMINATED,ELIMINATED,ELIMINATED,ELIMINATED,ELIMINATED,85.9,0.0,84.4,93.8,22.0,22.7,1,Sprinter,Sprinter (94) / Planner (86) / EV Hunter (84),Low
REYMAX-1,0,IND,ELIMINATED,ELIMINATED,ELIMINATED,ELIMINATED,ELIMINATED,ELIMINATED,ELIMINATED,ELIMINATED,ELIMINATED,ELIMINATED,ELIMINATED,ELIMINATED,ELIMINATED,ELIMINATED,ELIMINATED,ELIMINATED,ELIMINATED,85.9,0.0,84.4,93.8,22.0,22.7,1,Sprinter,Sprinter (94) / Planner (86) / EV Hunter (84),Low
RGOLD79-1,0,PHI,ELIMINATED,ELIMINATED,ELIMINATED,ELIMINATED,ELIMINATED,ELIMINATED,ELIMINATED,ELIMINATED,ELIMINATED,ELIMINATED,ELIMINATED,ELIMINATED,ELIMINATED,ELIMINATED,ELIMINATED,ELIMINATED,ELIMINATED,54.3,15.6,81.2,78.1,53.7,43.8,1,EV Hunter,EV Hunter (81) / Sprinter (78),Low
RHINOSANDTIGERS-1,0,SF,ELIMINATED,ELIMINATED,ELIMINATED,ELIMINATED,ELIMINATED,ELIMINATED,ELIMINATED,ELIMINATED,ELIMINATED,ELIMINATED,ELIMINATED,ELIMINATED,ELIMINATED,ELIMINATED,ELIMINATED,ELIMINATED,ELIMINATED,59.9,21.9,93.8,87.5,45.1,44.5,1,EV Hunter,EV Hunter (94) / Sprinter (88),Low
RICH RICH-1,0,IND,ELIMINATED,ELIMINATED,ELIMINATED,ELIMINATED,ELIMINATED,ELIMINATED,ELIMINATED,ELIMINATED,ELIMINATED,ELIMINATED,ELIMINATED,ELIMINATED,ELIMINATED,ELIMINATED,ELIMINATED,ELIMINATED,ELIMINATED,85.9,0.0,84.4,93.8,22.0,22.7,1,Sprinter,Sprinter (94) / Planner (86) / EV Hunter (84),Low
RICKSKINS-2,0,IND,ELIMINATED,ELIMINATED,ELIMINATED,ELIMINATED,ELIMINATED,ELIMINATED,ELIMINATED,ELIMINATED,ELIMINATED,ELIMINATED,ELIMINATED,ELIMINATED,ELIMINATED,ELIMINATED,ELIMINATED,ELIMINATED,ELIMINATED,85.9,0.0,84.4,93.8,22.0,22.7,1,Sprinter,Sprinter (94) / Planner (86) / EV Hunter (84),Low
RICKSKINS-3,0,IND,ELIMINATED,ELIMINATED,ELIMINATED,ELIMINATED,ELIMINATED,ELIMINATED,ELIMINATED,ELIMINATED,ELIMINATED,ELIMINATED,ELIMINATED,ELIMINATED,ELIMINATED,ELIMINATED,ELIMINATED,ELIMINATED,ELIMINATED,85.9,0.0,84.4,93.8,22.0,22.7,1,Sprinter,Sprinter (94) / Planner (86) / EV Hunter (84),Low
RIGHTANGLESPORTS-2,0,IND,ELIMINATED,ELIMINATED,ELIMINATED,ELIMINATED,ELIMINATED,ELIMINATED,ELIMINATED,ELIMINATED,ELIMINATED,ELIMINATED,ELIMINATED,ELIMINATED,ELIMINATED,ELIMINATED,ELIMINATED,ELIMINATED,ELIMINATED,85.9,0.0,84.4,93.8,22.0,22.7,1,Sprinter,Sprinter (94) / Planner (86) / EV Hunter (84),Low
Road to a Million-1,0,IND,ELIMINATED,ELIMINATED,ELIMINATED,ELIMINATED,ELIMINATED,ELIMINATED,ELIMINATED,ELIMINATED,ELIMINATED,ELIMINATED,ELIMINATED,ELIMINATED,ELIMINATED,ELIMINATED,ELIMINATED,ELIMINATED,ELIMINATED,85.9,0.0,84.4,93.8,22.0,22.7,1,Sprinter,Sprinter (94) / Planner (86) / EV Hunter (84),Low
ROBERT07-1,0,IND,ELIMINATED,ELIMINATED,ELIMINATED,ELIMINATED,ELIMINATED,ELIMINATED,ELIMINATED,ELIMINATED,ELIMINATED,ELIMINATED,ELIMINATED,ELIMINATED,ELIMINATED,ELIMINATED,ELIMINATED,ELIMINATED,ELIMINATED,85.9,0.0,84.4,93.8,22.0,22.7,1,Sprinter,Sprinter (94) / Planner (86) / EV Hunter (84),Low
ROBERT07-3,0,IND,ELIMINATED,ELIMINATED,ELIMINATED,ELIMINATED,ELIMINATED,ELIMINATED,ELIMINATED,ELIMINATED,ELIMINATED,ELIMINATED,ELIMINATED,ELIMINATED,ELIMINATED,ELIMINATED,ELIMINATED,ELIMINATED,ELIMINATED,85.9,0.0,84.4,93.8,22.0,22.7,1,Sprinter,Sprinter (94) / Planner (86) / EV Hunter (84),Low
ROBERTRUTTER-2,0,IND,ELIMINATED,ELIMINATED,ELIMINATED,ELIMINATED,ELIMINATED,ELIMINATED,ELIMINATED,ELIMINATED,ELIMINATED,ELIMINATED,ELIMINATED,ELIMINATED,ELIMINATED,ELIMINATED,ELIMINATED,ELIMINATED,ELIMINATED,85.9,0.0,84.4,93.8,22.0,22.7,1,Sprinter,Sprinter (94) / Planner (86) / EV Hunter (84),Low
Rocking Chair-1,0,IND,ELIMINATED,ELIMINATED,ELIMINATED,ELIMINATED,ELIMINATED,ELIMINATED,ELIMINATED,ELIMINATED,ELIMINATED,ELIMINATED,ELIMINATED,ELIMINATED,ELIMINATED,ELIMINATED,ELIMINATED,ELIMINATED,ELIMINATED,85.9,0.0,84.4,93.8,22.0,22.7,1,Sprinter,Sprinter (94) / Planner (86) / EV Hunter (84),Low
ROWDY RASCAL-1,0,PHI,ELIMINATED,ELIMINATED,ELIMINATED,ELIMINATED,ELIMINATED,ELIMINATED,ELIMINATED,ELIMINATED,ELIMINATED,ELIMINATED,ELIMINATED,ELIMINATED,ELIMINATED,ELIMINATED,ELIMINATED,ELIMINATED,ELIMINATED,54.3,15.6,81.2,78.1,53.7,43.8,1,EV Hunter,EV Hunter (81) / Sprinter (78),Low
RUSH 2112 YYZ-1,0,IND,ELIMINATED,ELIMINATED,ELIMINATED,ELIMINATED,ELIMINATED,ELIMINATED,ELIMINATED,ELIMINATED,ELIMINATED,ELIMINATED,ELIMINATED,ELIMINATED,ELIMINATED,ELIMINATED,ELIMINATED,ELIMINATED,ELIMINATED,85.9,0.0,84.4,93.8,22.0,22.7,1,Sprinter,Sprinter (94) / Planner (86) / EV Hunter (84),Low
RUSH 2112 YYZ-3,0,IND,ELIMINATED,ELIMINATED,ELIMINATED,ELIMINATED,ELIMINATED,ELIMINATED,ELIMINATED,ELIMINATED,ELIMINATED,ELIMINATED,ELIMINATED,ELIMINATED,ELIMINATED,ELIMINATED,ELIMINATED,ELIMINATED,ELIMINATED,85.9,0.0,84.4,93.8,22.0,22.7,1,Sprinter,Sprinter (94) / Planner (86) / EV Hunter (84),Low
RUSH 2112 YYZ-4,0,IND,ELIMINATED,ELIMINATED,ELIMINATED,ELIMINATED,ELIMINATED,ELIMINATED,ELIMINATED,ELIMINATED,ELIMINATED,ELIMINATED,ELIMINATED,ELIMINATED,ELIMINATED,ELIMINATED,ELIMINATED,ELIMINATED,ELIMINATED,85.9,0.0,84.4,93.8,22.0,22.7,1,Sprinter,Sprinter (94) / Planner (86) / EV Hunter (84),Low
RYAN HOJO-2,0,IND,ELIMINATED,ELIMINATED,ELIMINATED,ELIMINATED,ELIMINATED,ELIMINATED,ELIMINATED,ELIMINATED,ELIMINATED,ELIMINATED,ELIMINATED,ELIMINATED,ELIMINATED,ELIMINATED,ELIMINATED,ELIMINATED,ELIMINATED,85.9,0.0,84.4,93.8,22.0,22.7,1,Sprinter,Sprinter (94) / Planner (86) / EV Hunter (84),Low
SAM ROTHSTEIN-1,0,IND,ELIMINATED,ELIMINATED,ELIMINATED,ELIMINATED,ELIMINATED,ELIMINATED,ELIMINATED,ELIMINATED,ELIMINATED,ELIMINATED,ELIMINATED,ELIMINATED,ELIMINATED,ELIMINATED,ELIMINATED,ELIMINATED,ELIMINATED,85.9,0.0,84.4,93.8,22.0,22.7,1,Sprinter,Sprinter (94) / Planner (86) / EV Hunter (84),Low
Sand Bagger-3,0,IND,ELIMINATED,ELIMINATED,ELIMINATED,ELIMINATED,ELIMINATED,ELIMINATED,ELIMINATED,ELIMINATED,ELIMINATED,ELIMINATED,ELIMINATED,ELIMINATED,ELIMINATED,ELIMINATED,ELIMINATED,ELIMINATED,ELIMINATED,85.9,0.0,84.4,93.8,22.0,22.7,1,Sprinter,Sprinter (94) / Planner (86) / EV Hunter (84),Low
Scheck-1,0,DET,ELIMINATED,ELIMINATED,ELIMINATED,ELIMINATED,ELIMINATED,ELIMINATED,ELIMINATED,ELIMINATED,ELIMINATED,ELIMINATED,ELIMINATED,ELIMINATED,ELIMINATED,ELIMINATED,ELIMINATED,ELIMINATED,ELIMINATED,60.2,35.9,62.5,62.5,49.8,65.6,1,Tourist,Tourist (66) / EV Hunter (62) / Sprinter (62) / Planner (60),Low
Schematic Advantage-4,0,IND,ELIMINATED,ELIMINATED,ELIMINATED,ELIMINATED,ELIMINATED,ELIMINATED,ELIMINATED,ELIMINATED,ELIMINATED,ELIMINATED,ELIMINATED,ELIMINATED,ELIMINATED,ELIMINATED,ELIMINATED,ELIMINATED,ELIMINATED,85.9,0.0,84.4,93.8,22.0,22.7,1,Sprinter,Sprinter (94) / Planner (86) / EV Hunter (84),Low
SCHOOLY & KIDS-1,0,IND,ELIMINATED,ELIMINATED,ELIMINATED,ELIMINATED,ELIMINATED,ELIMINATED,ELIMINATED,ELIMINATED,ELIMINATED,ELIMINATED,ELIMINATED,ELIMINATED,ELIMINATED,ELIMINATED,ELIMINATED,ELIMINATED,ELIMINATED,85.9,0.0,84.4,93.8,22.0,22.7,1,Sprinter,Sprinter (94) / Planner (86) / EV Hunter (84),Low
scourrge-1,0,IND,ELIMINATED,ELIMINATED,ELIMINATED,ELIMINATED,ELIMINATED,ELIMINATED,ELIMINATED,ELIMINATED,ELIMINATED,ELIMINATED,ELIMINATED,ELIMINATED,ELIMINATED,ELIMINATED,ELIMINATED,ELIMINATED,ELIMINATED,85.9,0.0,84.4,93.8,22.0,22.7,1,Sprinter,Sprinter (94) / Planner (86) / EV Hunter (84),Low
scourrge-2,0,IND,ELIMINATED,ELIMINATED,ELIMINATED,ELIMINATED,ELIMINATED,ELIMINATED,ELIMINATED,ELIMINATED,ELIMINATED,ELIMINATED,ELIMINATED,ELIMINATED,ELIMINATED,ELIMINATED,ELIMINATED,ELIMINATED,ELIMINATED,85.9,0.0,84.4,93.8,22.0,22.7,1,Sprinter,Sprinter (94) / Planner (86) / EV Hunter (84),Low
Scrlou41-3,0,IND,ELIMINATED,ELIMINATED,ELIMINATED,ELIMINATED,ELIMINATED,ELIMINATED,ELIMINATED,ELIMINATED,ELIMINATED,ELIMINATED,ELIMINATED,ELIMINATED,ELIMINATED,ELIMINATED,ELIMINATED,ELIMINATED,ELIMINATED,85.9,0.0,84.4,93.8,22.0,22.7,1,Sprinter,Sprinter (94) / Planner (86) / EV Hunter (84),Low
SDQLMASTER-1,0,IND,ELIMINATED,ELIMINATED,ELIMINATED,ELIMINATED,ELIMINATED,ELIMINATED,ELIMINATED,ELIMINATED,ELIMINATED,ELIMINATED,ELIMINATED,ELIMINATED,ELIMINATED,ELIMINATED,ELIMINATED,ELIMINATED,ELIMINATED,85.9,0.0,84.4,93.8,22.0,22.7,1,Sprinter,Sprinter (94) / Planner (86) / EV Hunter (84),Low
SDQLMASTER-2,0,IND,ELIMINATED,ELIMINATED,ELIMINATED,ELIMINATED,ELIMINATED,ELIMINATED,ELIMINATED,ELIMINATED,ELIMINATED,ELIMINATED,ELIMINATED,ELIMINATED,ELIMINATED,ELIMINATED,ELIMINATED,ELIMINATED,ELIMINATED,85.9,0.0,84.4,93.8,22.0,22.7,1,Sprinter,Sprinter (94) / Planner (86) / EV Hunter (84),Low
SDQLMASTER-3,0,IND,ELIMINATED,ELIMINATED,ELIMINATED,ELIMINATED,ELIMINATED,ELIMINATED,ELIMINATED,ELIMINATED,ELIMINATED,ELIMINATED,ELIMINATED,ELIMINATED,ELIMINATED,ELIMINATED,ELIMINATED,ELIMINATED,ELIMINATED,85.9,0.0,84.4,93.8,22.0,22.7,1,Sprinter,Sprinter (94) / Planner (86) / EV Hunter (84),Low
SDQLMASTER-4,0,IND,ELIMINATED,ELIMINATED,ELIMINATED,ELIMINATED,ELIMINATED,ELIMINATED,ELIMINATED,ELIMINATED,ELIMINATED,ELIMINATED,ELIMINATED,ELIMINATED,ELIMINATED,ELIMINATED,ELIMINATED,ELIMINATED,ELIMINATED,85.9,0.0,84.4,93.8,22.0,22.7,1,Sprinter,Sprinter (94) / Planner (86) / EV Hunter (84),Low
Seanny Wilson-1,0,IND,ELIMINATED,ELIMINATED,ELIMINATED,ELIMINATED,ELIMINATED,ELIMINATED,ELIMINATED,ELIMINATED,ELIMINATED,ELIMINATED,ELIMINATED,ELIMINATED,ELIMINATED,ELIMINATED,ELIMINATED,ELIMINATED,ELIMINATED,85.9,0.0,84.4,93.8,22.0,22.7,1,Sprinter,Sprinter (94) / Planner (86) / EV Hunter (84),Low
SFisher-1,0,IND,ELIMINATED,ELIMINATED,ELIMINATED,ELIMINATED,ELIMINATED,ELIMINATED,ELIMINATED,ELIMINATED,ELIMINATED,ELIMINATED,ELIMINATED,ELIMINATED,ELIMINATED,ELIMINATED,ELIMINATED,ELIMINATED,ELIMINATED,85.9,0.0,84.4,93.8,22.0,22.7,1,Sprinter,Sprinter (94) / Planner (86) / EV Hunter (84),Low
SHAMWOW.-2,0,IND,ELIMINATED,ELIMINATED,ELIMINATED,ELIMINATED,ELIMINATED,ELIMINATED,ELIMINATED,ELIMINATED,ELIMINATED,ELIMINATED,ELIMINATED,ELIMINATED,ELIMINATED,ELIMINATED,ELIMINATED,ELIMINATED,ELIMINATED,85.9,0.0,84.4,93.8,22.0,22.7,1,Sprinter,Sprinter (94) / Planner (86) / EV Hunter (84),Low
Shamy-2,0,PHI,ELIMINATED,ELIMINATED,ELIMINATED,ELIMINATED,ELIMINATED,ELIMINATED,ELIMINATED,ELIMINATED,ELIMINATED,ELIMINATED,ELIMINATED,ELIMINATED,ELIMINATED,ELIMINATED,ELIMINATED,ELIMINATED,ELIMINATED,54.3,15.6,81.2,78.1,53.7,43.8,1,EV Hunter,EV Hunter (81) / Sprinter (78),Low
Shamy-3,0,PHI,ELIMINATED,ELIMINATED,ELIMINATED,ELIMINATED,ELIMINATED,ELIMINATED,ELIMINATED,ELIMINATED,ELIMINATED,ELIMINATED,ELIMINATED,ELIMINATED,ELIMINATED,ELIMINATED,ELIMINATED,ELIMINATED,ELIMINATED,54.3,15.6,81.2,78.1,53.7,43.8,1,EV Hunter,EV Hunter (81) / Sprinter (78),Low
SharpSyndicateSports-2,0,IND,ELIMINATED,ELIMINATED,ELIMINATED,ELIMINATED,ELIMINATED,ELIMINATED,ELIMINATED,ELIMINATED,ELIMINATED,ELIMINATED,ELIMINATED,ELIMINATED,ELIMINATED,ELIMINATED,ELIMINATED,ELIMINATED,ELIMINATED,85.9,0.0,84.4,93.8,22.0,22.7,1,Sprinter,Sprinter (94) / Planner (86) / EV Hunter (84),Low
Shoe 4942-1,0,IND,ELIMINATED,ELIMINATED,ELIMINATED,ELIMINATED,ELIMINATED,ELIMINATED,ELIMINATED,ELIMINATED,ELIMINATED,ELIMINATED,ELIMINATED,ELIMINATED,ELIMINATED,ELIMINATED,ELIMINATED,ELIMINATED,ELIMINATED,85.9,0.0,84.4,93.8,22.0,22.7,1,Sprinter,Sprinter (94) / Planner (86) / EV Hunter (84),Low
SHOWMEBOYS-1,0,IND,ELIMINATED,ELIMINATED,ELIMINATED,ELIMINATED,ELIMINATED,ELIMINATED,ELIMINATED,ELIMINATED,ELIMINATED,ELIMINATED,ELIMINATED,ELIMINATED,ELIMINATED,ELIMINATED,ELIMINATED,ELIMINATED,ELIMINATED,85.9,0.0,84.4,93.8,22.0,22.7,1,Sprinter,Sprinter (94) / Planner (86) / EV Hunter (84),Low
Shustine-1,0,IND,ELIMINATED,ELIMINATED,ELIMINATED,ELIMINATED,ELIMINATED,ELIMINATED,ELIMINATED,ELIMINATED,ELIMINATED,ELIMINATED,ELIMINATED,ELIMINATED,ELIMINATED,ELIMINATED,ELIMINATED,ELIMINATED,ELIMINATED,85.9,0.0,84.4,93.8,22.0,22.7,1,Sprinter,Sprinter (94) / Planner (86) / EV Hunter (84),Low
Shustine-2,0,IND,ELIMINATED,ELIMINATED,ELIMINATED,ELIMINATED,ELIMINATED,ELIMINATED,ELIMINATED,ELIMINATED,ELIMINATED,ELIMINATED,ELIMINATED,ELIMINATED,ELIMINATED,ELIMINATED,ELIMINATED,ELIMINATED,ELIMINATED,85.9,0.0,84.4,93.8,22.0,22.7,1,Sprinter,Sprinter (94) / Planner (86) / EV Hunter (84),Low
SIMP Gaming-1,0,IND,ELIMINATED,ELIMINATED,ELIMINATED,ELIMINATED,ELIMINATED,ELIMINATED,ELIMINATED,ELIMINATED,ELIMINATED,ELIMINATED,ELIMINATED,ELIMINATED,ELIMINATED,ELIMINATED,ELIMINATED,ELIMINATED,ELIMINATED,85.9,0.0,84.4,93.8,22.0,22.7,1,Sprinter,Sprinter (94) / Planner (86) / EV Hunter (84),Low
Slater-2,0,PHI,ELIMINATED,ELIMINATED,ELIMINATED,ELIMINATED,ELIMINATED,ELIMINATED,ELIMINATED,ELIMINATED,ELIMINATED,ELIMINATED,ELIMINATED,ELIMINATED,ELIMINATED,ELIMINATED,ELIMINATED,ELIMINATED,ELIMINATED,54.3,15.6,81.2,78.1,53.7,43.8,1,EV Hunter,EV Hunter (81) / Sprinter (78),Low
Slater-3,0,IND,ELIMINATED,ELIMINATED,ELIMINATED,ELIMINATED,ELIMINATED,ELIMINATED,ELIMINATED,ELIMINATED,ELIMINATED,ELIMINATED,ELIMINATED,ELIMINATED,ELIMINATED,ELIMINATED,ELIMINATED,ELIMINATED,ELIMINATED,85.9,0.0,84.4,93.8,22.0,22.7,1,Sprinter,Sprinter (94) / Planner (86) / EV Hunter (84),Low
Slater-4,0,DEN,ELIMINATED,ELIMINATED,ELIMINATED,ELIMINATED,ELIMINATED,ELIMINATED,ELIMINATED,ELIMINATED,ELIMINATED,ELIMINATED,ELIMINATED,ELIMINATED,ELIMINATED,ELIMINATED,ELIMINATED,ELIMINATED,ELIMINATED,85.0,57.8,28.1,31.2,26.9,57.8,1,Planner,Planner (85),Low
SLIPSPORTS-2,0,IND,ELIMINATED,ELIMINATED,ELIMINATED,ELIMINATED,ELIMINATED,ELIMINATED,ELIMINATED,ELIMINATED,ELIMINATED,ELIMINATED,ELIMINATED,ELIMINATED,ELIMINATED,ELIMINATED,ELIMINATED,ELIMINATED,ELIMINATED,85.9,0.0,84.4,93.8,22.0,22.7,1,Sprinter,Sprinter (94) / Planner (86) / EV Hunter (84),Low
SMOOTH TASTE FOOL YA-3,0,IND,ELIMINATED,ELIMINATED,ELIMINATED,ELIMINATED,ELIMINATED,ELIMINATED,ELIMINATED,ELIMINATED,ELIMINATED,ELIMINATED,ELIMINATED,ELIMINATED,ELIMINATED,ELIMINATED,ELIMINATED,ELIMINATED,ELIMINATED,85.9,0.0,84.4,93.8,22.0,22.7,1,Sprinter,Sprinter (94) / Planner (86) / EV Hunter (84),Low
SMOOTH TASTE FOOL YA-4,0,IND,ELIMINATED,ELIMINATED,ELIMINATED,ELIMINATED,ELIMINATED,ELIMINATED,ELIMINATED,ELIMINATED,ELIMINATED,ELIMINATED,ELIMINATED,ELIMINATED,ELIMINATED,ELIMINATED,ELIMINATED,ELIMINATED,ELIMINATED,85.9,0.0,84.4,93.8,22.0,22.7,1,Sprinter,Sprinter (94) / Planner (86) / EV Hunter (84),Low
Snapmare-1,0,IND,ELIMINATED,ELIMINATED,ELIMINATED,ELIMINATED,ELIMINATED,ELIMINATED,ELIMINATED,ELIMINATED,ELIMINATED,ELIMINATED,ELIMINATED,ELIMINATED,ELIMINATED,ELIMINATED,ELIMINATED,ELIMINATED,ELIMINATED,85.9,0.0,84.4,93.8,22.0,22.7,1,Sprinter,Sprinter (94) / Planner (86) / EV Hunter (84),Low
SNOWMAN-1,0,IND,ELIMINATED,ELIMINATED,ELIMINATED,ELIMINATED,ELIMINATED,ELIMINATED,ELIMINATED,ELIMINATED,ELIMINATED,ELIMINATED,ELIMINATED,ELIMINATED,ELIMINATED,ELIMINATED,ELIMINATED,ELIMINATED,ELIMINATED,85.9,0.0,84.4,93.8,22.0,22.7,1,Sprinter,Sprinter (94) / Planner (86) / EV Hunter (84),Low
SOFAKINGZ-2,0,IND,ELIMINATED,ELIMINATED,ELIMINATED,ELIMINATED,ELIMINATED,ELIMINATED,ELIMINATED,ELIMINATED,ELIMINATED,ELIMINATED,ELIMINATED,ELIMINATED,ELIMINATED,ELIMINATED,ELIMINATED,ELIMINATED,ELIMINATED,85.9,0.0,84.4,93.8,22.0,22.7,1,Sprinter,Sprinter (94) / Planner (86) / EV Hunter (84),Low
SonnyLubickRules-1,0,IND,ELIMINATED,ELIMINATED,ELIMINATED,ELIMINATED,ELIMINATED,ELIMINATED,ELIMINATED,ELIMINATED,ELIMINATED,ELIMINATED,ELIMINATED,ELIMINATED,ELIMINATED,ELIMINATED,ELIMINATED,ELIMINATED,ELIMINATED,85.9,0.0,84.4,93.8,22.0,22.7,1,Sprinter,Sprinter (94) / Planner (86) / EV Hunter (84),Low
SPASMUS-2,0,PHI,ELIMINATED,ELIMINATED,ELIMINATED,ELIMINATED,ELIMINATED,ELIMINATED,ELIMINATED,ELIMINATED,ELIMINATED,ELIMINATED,ELIMINATED,ELIMINATED,ELIMINATED,ELIMINATED,ELIMINATED,ELIMINATED,ELIMINATED,54.3,15.6,81.2,78.1,53.7,43.8,1,EV Hunter,EV Hunter (81) / Sprinter (78),Low
Spiceman-1,0,IND,ELIMINATED,ELIMINATED,ELIMINATED,ELIMINATED,ELIMINATED,ELIMINATED,ELIMINATED,ELIMINATED,ELIMINATED,ELIMINATED,ELIMINATED,ELIMINATED,ELIMINATED,ELIMINATED,ELIMINATED,ELIMINATED,ELIMINATED,85.9,0.0,84.4,93.8,22.0,22.7,1,Sprinter,Sprinter (94) / Planner (86) / EV Hunter (84),Low
Spider 2-2,0,IND,ELIMINATED,ELIMINATED,ELIMINATED,ELIMINATED,ELIMINATED,ELIMINATED,ELIMINATED,ELIMINATED,ELIMINATED,ELIMINATED,ELIMINATED,ELIMINATED,ELIMINATED,ELIMINATED,ELIMINATED,ELIMINATED,ELIMINATED,85.9,0.0,84.4,93.8,22.0,22.7,1,Sprinter,Sprinter (94) / Planner (86) / EV Hunter (84),Low
Spider 2-3,0,IND,ELIMINATED,ELIMINATED,ELIMINATED,ELIMINATED,ELIMINATED,ELIMINATED,ELIMINATED,ELIMINATED,ELIMINATED,ELIMINATED,ELIMINATED,ELIMINATED,ELIMINATED,ELIMINATED,ELIMINATED,ELIMINATED,ELIMINATED,85.9,0.0,84.4,93.8,22.0,22.7,1,Sprinter,Sprinter (94) / Planner (86) / EV Hunter (84),Low
Spider 2-4,0,IND,ELIMINATED,ELIMINATED,ELIMINATED,ELIMINATED,ELIMINATED,ELIMINATED,ELIMINATED,ELIMINATED,ELIMINATED,ELIMINATED,ELIMINATED,ELIMINATED,ELIMINATED,ELIMINATED,ELIMINATED,ELIMINATED,ELIMINATED,85.9,0.0,84.4,93.8,22.0,22.7,1,Sprinter,Sprinter (94) / Planner (86) / EV Hunter (84),Low
Squid-1,0,IND,ELIMINATED,ELIMINATED,ELIMINATED,ELIMINATED,ELIMINATED,ELIMINATED,ELIMINATED,ELIMINATED,ELIMINATED,ELIMINATED,ELIMINATED,ELIMINATED,ELIMINATED,ELIMINATED,ELIMINATED,ELIMINATED,ELIMINATED,85.9,0.0,84.4,93.8,22.0,22.7,1,Sprinter,Sprinter (94) / Planner (86) / EV Hunter (84),Low
Squid-2,0,IND,ELIMINATED,ELIMINATED,ELIMINATED,ELIMINATED,ELIMINATED,ELIMINATED,ELIMINATED,ELIMINATED,ELIMINATED,ELIMINATED,ELIMINATED,ELIMINATED,ELIMINATED,ELIMINATED,ELIMINATED,ELIMINATED,ELIMINATED,85.9,0.0,84.4,93.8,22.0,22.7,1,Sprinter,Sprinter (94) / Planner (86) / EV Hunter (84),Low
Squid-4,0,SF,ELIMINATED,ELIMINATED,ELIMINATED,ELIMINATED,ELIMINATED,ELIMINATED,ELIMINATED,ELIMINATED,ELIMINATED,ELIMINATED,ELIMINATED,ELIMINATED,ELIMINATED,ELIMINATED,ELIMINATED,ELIMINATED,ELIMINATED,59.9,21.9,93.8,87.5,45.1,44.5,1,EV Hunter,EV Hunter (94) / Sprinter (88),Low
SSKERS82-2,0,IND,ELIMINATED,ELIMINATED,ELIMINATED,ELIMINATED,ELIMINATED,ELIMINATED,ELIMINATED,ELIMINATED,ELIMINATED,ELIMINATED,ELIMINATED,ELIMINATED,ELIMINATED,ELIMINATED,ELIMINATED,ELIMINATED,ELIMINATED,85.9,0.0,84.4,93.8,22.0,22.7,1,Sprinter,Sprinter (94) / Planner (86) / EV Hunter (84),Low
ST. CLOUD CONNECTION-1,0,SF,ELIMINATED,ELIMINATED,ELIMINATED,ELIMINATED,ELIMINATED,ELIMINATED,ELIMINATED,ELIMINATED,ELIMINATED,ELIMINATED,ELIMINATED,ELIMINATED,ELIMINATED,ELIMINATED,ELIMINATED,ELIMINATED,ELIMINATED,59.9,21.9,93.8,87.5,45.1,44.5,1,EV Hunter,EV Hunter (94) / Sprinter (88),Low
Statman27-1,0,PHI,ELIMINATED,ELIMINATED,ELIMINATED,ELIMINATED,ELIMINATED,ELIMINATED,ELIMINATED,ELIMINATED,ELIMINATED,ELIMINATED,ELIMINATED,ELIMINATED,ELIMINATED,ELIMINATED,ELIMINATED,ELIMINATED,ELIMINATED,54.3,15.6,81.2,78.1,53.7,43.8,1,EV Hunter,EV Hunter (81) / Sprinter (78),Low
Staying Alive-1,0,IND,ELIMINATED,ELIMINATED,ELIMINATED,ELIMINATED,ELIMINATED,ELIMINATED,ELIMINATED,ELIMINATED,ELIMINATED,ELIMINATED,ELIMINATED,ELIMINATED,ELIMINATED,ELIMINATED,ELIMINATED,ELIMINATED,ELIMINATED,85.9,0.0,84.4,93.8,22.0,22.7,1,Sprinter,Sprinter (94) / Planner (86) / EV Hunter (84),Low
Steven With A W-1,0,IND,ELIMINATED,ELIMINATED,ELIMINATED,ELIMINATED,ELIMINATED,ELIMINATED,ELIMINATED,ELIMINATED,ELIMINATED,ELIMINATED,ELIMINATED,ELIMINATED,ELIMINATED,ELIMINATED,ELIMINATED,ELIMINATED,ELIMINATED,85.9,0.0,84.4,93.8,22.0,22.7,1,Sprinter,Sprinter (94) / Planner (86) / EV Hunter (84),Low
Sting-1,0,IND,ELIMINATED,ELIMINATED,ELIMINATED,ELIMINATED,ELIMINATED,ELIMINATED,ELIMINATED,ELIMINATED,ELIMINATED,ELIMINATED,ELIMINATED,ELIMINATED,ELIMINATED,ELIMINATED,ELIMINATED,ELIMINATED,ELIMINATED,85.9,0.0,84.4,93.8,22.0,22.7,1,Sprinter,Sprinter (94) / Planner (86) / EV Hunter (84),Low
STY AND THE GUYS-1,0,IND,ELIMINATED,ELIMINATED,ELIMINATED,ELIMINATED,ELIMINATED,ELIMINATED,ELIMINATED,ELIMINATED,ELIMINATED,ELIMINATED,ELIMINATED,ELIMINATED,ELIMINATED,ELIMINATED,ELIMINATED,ELIMINATED,ELIMINATED,85.9,0.0,84.4,93.8,22.0,22.7,1,Sprinter,Sprinter (94) / Planner (86) / EV Hunter (84),Low
SUBIIME-1,0,PHI,ELIMINATED,ELIMINATED,ELIMINATED,ELIMINATED,ELIMINATED,ELIMINATED,ELIMINATED,ELIMINATED,ELIMINATED,ELIMINATED,ELIMINATED,ELIMINATED,ELIMINATED,ELIMINATED,ELIMINATED,ELIMINATED,ELIMINATED,54.3,15.6,81.2,78.1,53.7,43.8,1,EV Hunter,EV Hunter (81) / Sprinter (78),Low
SUBIIME-2,0,PHI,ELIMINATED,ELIMINATED,ELIMINATED,ELIMINATED,ELIMINATED,ELIMINATED,ELIMINATED,ELIMINATED,ELIMINATED,ELIMINATED,ELIMINATED,ELIMINATED,ELIMINATED,ELIMINATED,ELIMINATED,ELIMINATED,ELIMINATED,54.3,15.6,81.2,78.1,53.7,43.8,1,EV Hunter,EV Hunter (81) / Sprinter (78),Low
SUBIIME-3,0,PHI,ELIMINATED,ELIMINATED,ELIMINATED,ELIMINATED,ELIMINATED,ELIMINATED,ELIMINATED,ELIMINATED,ELIMINATED,ELIMINATED,ELIMINATED,ELIMINATED,ELIMINATED,ELIMINATED,ELIMINATED,ELIMINATED,ELIMINATED,54.3,15.6,81.2,78.1,53.7,43.8,1,EV Hunter,EV Hunter (81) / Sprinter (78),Low
SUBIIME-4,0,SF,ELIMINATED,ELIMINATED,ELIMINATED,ELIMINATED,ELIMINATED,ELIMINATED,ELIMINATED,ELIMINATED,ELIMINATED,ELIMINATED,ELIMINATED,ELIMINATED,ELIMINATED,ELIMINATED,ELIMINATED,ELIMINATED,ELIMINATED,59.9,21.9,93.8,87.5,45.1,44.5,1,EV Hunter,EV Hunter (94) / Sprinter (88),Low
SUBIIME-5,0,SF,ELIMINATED,ELIMINATED,ELIMINATED,ELIMINATED,ELIMINATED,ELIMINATED,ELIMINATED,ELIMINATED,ELIMINATED,ELIMINATED,ELIMINATED,ELIMINATED,ELIMINATED,ELIMINATED,ELIMINATED,ELIMINATED,ELIMINATED,59.9,21.9,93.8,87.5,45.1,44.5,1,EV Hunter,EV Hunter (94) / Sprinter (88),Low
SUGARBEARS-2,0,IND,ELIMINATED,ELIMINATED,ELIMINATED,ELIMINATED,ELIMINATED,ELIMINATED,ELIMINATED,ELIMINATED,ELIMINATED,ELIMINATED,ELIMINATED,ELIMINATED,ELIMINATED,ELIMINATED,ELIMINATED,ELIMINATED,ELIMINATED,85.9,0.0,84.4,93.8,22.0,22.7,1,Sprinter,Sprinter (94) / Planner (86) / EV Hunter (84),Low
Super Poodle-1,0,IND,ELIMINATED,ELIMINATED,ELIMINATED,ELIMINATED,ELIMINATED,ELIMINATED,ELIMINATED,ELIMINATED,ELIMINATED,ELIMINATED,ELIMINATED,ELIMINATED,ELIMINATED,ELIMINATED,ELIMINATED,ELIMINATED,ELIMINATED,85.9,0.0,84.4,93.8,22.0,22.7,1,Sprinter,Sprinter (94) / Planner (86) / EV Hunter (84),Low
SUPERBOWL3-1,0,IND,ELIMINATED,ELIMINATED,ELIMINATED,ELIMINATED,ELIMINATED,ELIMINATED,ELIMINATED,ELIMINATED,ELIMINATED,ELIMINATED,ELIMINATED,ELIMINATED,ELIMINATED,ELIMINATED,ELIMINATED,ELIMINATED,ELIMINATED,85.9,0.0,84.4,93.8,22.0,22.7,1,Sprinter,Sprinter (94) / Planner (86) / EV Hunter (84),Low
SUSAN7UP-2,0,IND,ELIMINATED,ELIMINATED,ELIMINATED,ELIMINATED,ELIMINATED,ELIMINATED,ELIMINATED,ELIMINATED,ELIMINATED,ELIMINATED,ELIMINATED,ELIMINATED,ELIMINATED,ELIMINATED,ELIMINATED,ELIMINATED,ELIMINATED,85.9,0.0,84.4,93.8,22.0,22.7,1,Sprinter,Sprinter (94) / Planner (86) / EV Hunter (84),Low
SWIFT-1,0,PHI,ELIMINATED,ELIMINATED,ELIMINATED,ELIMINATED,ELIMINATED,ELIMINATED,ELIMINATED,ELIMINATED,ELIMINATED,ELIMINATED,ELIMINATED,ELIMINATED,ELIMINATED,ELIMINATED,ELIMINATED,ELIMINATED,ELIMINATED,54.3,15.6,81.2,78.1,53.7,43.8,1,EV Hunter,EV Hunter (81) / Sprinter (78),Low
Swoollinator-1,0,IND,ELIMINATED,ELIMINATED,ELIMINATED,ELIMINATED,ELIMINATED,ELIMINATED,ELIMINATED,ELIMINATED,ELIMINATED,ELIMINATED,ELIMINATED,ELIMINATED,ELIMINATED,ELIMINATED,ELIMINATED,ELIMINATED,ELIMINATED,85.9,0.0,84.4,93.8,22.0,22.7,1,Sprinter,Sprinter (94) / Planner (86) / EV Hunter (84),Low
TAHOE-1,0,IND,ELIMINATED,ELIMINATED,ELIMINATED,ELIMINATED,ELIMINATED,ELIMINATED,ELIMINATED,ELIMINATED,ELIMINATED,ELIMINATED,ELIMINATED,ELIMINATED,ELIMINATED,ELIMINATED,ELIMINATED,ELIMINATED,ELIMINATED,85.9,0.0,84.4,93.8,22.0,22.7,1,Sprinter,Sprinter (94) / Planner (86) / EV Hunter (84),Low
TAHOE-4,0,IND,ELIMINATED,ELIMINATED,ELIMINATED,ELIMINATED,ELIMINATED,ELIMINATED,ELIMINATED,ELIMINATED,ELIMINATED,ELIMINATED,ELIMINATED,ELIMINATED,ELIMINATED,ELIMINATED,ELIMINATED,ELIMINATED,ELIMINATED,85.9,0.0,84.4,93.8,22.0,22.7,1,Sprinter,Sprinter (94) / Planner (86) / EV Hunter (84),Low
Tampa Daven-1,0,PHI,ELIMINATED,ELIMINATED,ELIMINATED,ELIMINATED,ELIMINATED,ELIMINATED,ELIMINATED,ELIMINATED,ELIMINATED,ELIMINATED,ELIMINATED,ELIMINATED,ELIMINATED,ELIMINATED,ELIMINATED,ELIMINATED,ELIMINATED,54.3,15.6,81.2,78.1,53.7,43.8,1,EV Hunter,EV Hunter (81) / Sprinter (78),Low
Tampa Daven-2,0,PHI,ELIMINATED,ELIMINATED,ELIMINATED,ELIMINATED,ELIMINATED,ELIMINATED,ELIMINATED,ELIMINATED,ELIMINATED,ELIMINATED,ELIMINATED,ELIMINATED,ELIMINATED,ELIMINATED,ELIMINATED,ELIMINATED,ELIMINATED,54.3,15.6,81.2,78.1,53.7,43.8,1,EV Hunter,EV Hunter (81) / Sprinter (78),Low
TBONES PANCAKES-1,0,ATL,ELIMINATED,ELIMINATED,ELIMINATED,ELIMINATED,ELIMINATED,ELIMINATED,ELIMINATED,ELIMINATED,ELIMINATED,ELIMINATED,ELIMINATED,ELIMINATED,ELIMINATED,ELIMINATED,ELIMINATED,ELIMINATED,ELIMINATED,75.9,57.8,59.4,53.1,36.5,80.5,1,Tourist,Tourist (80) / Planner (76),Low
TBONES PANCAKES-2,0,PHI,ELIMINATED,ELIMINATED,ELIMINATED,ELIMINATED,ELIMINATED,ELIMINATED,ELIMINATED,ELIMINATED,ELIMINATED,ELIMINATED,ELIMINATED,ELIMINATED,ELIMINATED,ELIMINATED,ELIMINATED,ELIMINATED,ELIMINATED,54.3,15.6,81.2,78.1,53.7,43.8,1,EV Hunter,EV Hunter (81) / Sprinter (78),Low
TCJ-1,0,IND,ELIMINATED,ELIMINATED,ELIMINATED,ELIMINATED,ELIMINATED,ELIMINATED,ELIMINATED,ELIMINATED,ELIMINATED,ELIMINATED,ELIMINATED,ELIMINATED,ELIMINATED,ELIMINATED,ELIMINATED,ELIMINATED,ELIMINATED,85.9,0.0,84.4,93.8,22.0,22.7,1,Sprinter,Sprinter (94) / Planner (86) / EV Hunter (84),Low
TEAM B&B-1,0,IND,ELIMINATED,ELIMINATED,ELIMINATED,ELIMINATED,ELIMINATED,ELIMINATED,ELIMINATED,ELIMINATED,ELIMINATED,ELIMINATED,ELIMINATED,ELIMINATED,ELIMINATED,ELIMINATED,ELIMINATED,ELIMINATED,ELIMINATED,85.9,0.0,84.4,93.8,22.0,22.7,1,Sprinter,Sprinter (94) / Planner (86) / EV Hunter (84),Low
TEAM BETTER EDGE-1,0,IND,ELIMINATED,ELIMINATED,ELIMINATED,ELIMINATED,ELIMINATED,ELIMINATED,ELIMINATED,ELIMINATED,ELIMINATED,ELIMINATED,ELIMINATED,ELIMINATED,ELIMINATED,ELIMINATED,ELIMINATED,ELIMINATED,ELIMINATED,85.9,0.0,84.4,93.8,22.0,22.7,1,Sprinter,Sprinter (94) / Planner (86) / EV Hunter (84),Low
TEAM DUCKHEAD 5-1,0,IND,ELIMINATED,ELIMINATED,ELIMINATED,ELIMINATED,ELIMINATED,ELIMINATED,ELIMINATED,ELIMINATED,ELIMINATED,ELIMINATED,ELIMINATED,ELIMINATED,ELIMINATED,ELIMINATED,ELIMINATED,ELIMINATED,ELIMINATED,85.9,0.0,84.4,93.8,22.0,22.7,1,Sprinter,Sprinter (94) / Planner (86) / EV Hunter (84),Low
TEAM KIKI-1,0,PHI,ELIMINATED,ELIMINATED,ELIMINATED,ELIMINATED,ELIMINATED,ELIMINATED,ELIMINATED,ELIMINATED,ELIMINATED,ELIMINATED,ELIMINATED,ELIMINATED,ELIMINATED,ELIMINATED,ELIMINATED,ELIMINATED,ELIMINATED,54.3,15.6,81.2,78.1,53.7,43.8,1,EV Hunter,EV Hunter (81) / Sprinter (78),Low
TEAM MOIST-5,0,PHI,ELIMINATED,ELIMINATED,ELIMINATED,ELIMINATED,ELIMINATED,ELIMINATED,ELIMINATED,ELIMINATED,ELIMINATED,ELIMINATED,ELIMINATED,ELIMINATED,ELIMINATED,ELIMINATED,ELIMINATED,ELIMINATED,ELIMINATED,54.3,15.6,81.2,78.1,53.7,43.8,1,EV Hunter,EV Hunter (81) / Sprinter (78),Low
TEAM MONEY-1,0,SF,ELIMINATED,ELIMINATED,ELIMINATED,ELIMINATED,ELIMINATED,ELIMINATED,ELIMINATED,ELIMINATED,ELIMINATED,ELIMINATED,ELIMINATED,ELIMINATED,ELIMINATED,ELIMINATED,ELIMINATED,ELIMINATED,ELIMINATED,59.9,21.9,93.8,87.5,45.1,44.5,1,EV Hunter,EV Hunter (94) / Sprinter (88),Low
TEAM MONEY-2,0,IND,ELIMINATED,ELIMINATED,ELIMINATED,ELIMINATED,ELIMINATED,ELIMINATED,ELIMINATED,ELIMINATED,ELIMINATED,ELIMINATED,ELIMINATED,ELIMINATED,ELIMINATED,ELIMINATED,ELIMINATED,ELIMINATED,ELIMINATED,85.9,0.0,84.4,93.8,22.0,22.7,1,Sprinter,Sprinter (94) / Planner (86) / EV Hunter (84),Low
TEAM MONEY-3,0,SF,ELIMINATED,ELIMINATED,ELIMINATED,ELIMINATED,ELIMINATED,ELIMINATED,ELIMINATED,ELIMINATED,ELIMINATED,ELIMINATED,ELIMINATED,ELIMINATED,ELIMINATED,ELIMINATED,ELIMINATED,ELIMINATED,ELIMINATED,59.9,21.9,93.8,87.5,45.1,44.5,1,EV Hunter,EV Hunter (94) / Sprinter (88),Low
TEAM MONEY-5,0,SF,ELIMINATED,ELIMINATED,ELIMINATED,ELIMINATED,ELIMINATED,ELIMINATED,ELIMINATED,ELIMINATED,ELIMINATED,ELIMINATED,ELIMINATED,ELIMINATED,ELIMINATED,ELIMINATED,ELIMINATED,ELIMINATED,ELIMINATED,59.9,21.9,93.8,87.5,45.1,44.5,1,EV Hunter,EV Hunter (94) / Sprinter (88),Low
TEAM RED RAIDER-2,0,IND,ELIMINATED,ELIMINATED,ELIMINATED,ELIMINATED,ELIMINATED,ELIMINATED,ELIMINATED,ELIMINATED,ELIMINATED,ELIMINATED,ELIMINATED,ELIMINATED,ELIMINATED,ELIMINATED,ELIMINATED,ELIMINATED,ELIMINATED,85.9,0.0,84.4,93.8,22.0,22.7,1,Sprinter,Sprinter (94) / Planner (86) / EV Hunter (84),Low
TeamBird-1,0,IND,ELIMINATED,ELIMINATED,ELIMINATED,ELIMINATED,ELIMINATED,ELIMINATED,ELIMINATED,ELIMINATED,ELIMINATED,ELIMINATED,ELIMINATED,ELIMINATED,ELIMINATED,ELIMINATED,ELIMINATED,ELIMINATED,ELIMINATED,85.9,0.0,84.4,93.8,22.0,22.7,1,Sprinter,Sprinter (94) / Planner (86) / EV Hunter (84),Low
Tha Good Playa-1,0,IND,ELIMINATED,ELIMINATED,ELIMINATED,ELIMINATED,ELIMINATED,ELIMINATED,ELIMINATED,ELIMINATED,ELIMINATED,ELIMINATED,ELIMINATED,ELIMINATED,ELIMINATED,ELIMINATED,ELIMINATED,ELIMINATED,ELIMINATED,85.9,0.0,84.4,93.8,22.0,22.7,1,Sprinter,Sprinter (94) / Planner (86) / EV Hunter (84),Low
Tha Good Playa-2,0,IND,ELIMINATED,ELIMINATED,ELIMINATED,ELIMINATED,ELIMINATED,ELIMINATED,ELIMINATED,ELIMINATED,ELIMINATED,ELIMINATED,ELIMINATED,ELIMINATED,ELIMINATED,ELIMINATED,ELIMINATED,ELIMINATED,ELIMINATED,85.9,0.0,84.4,93.8,22.0,22.7,1,Sprinter,Sprinter (94) / Planner (86) / EV Hunter (84),Low
Tha Good Playa-3,0,IND,ELIMINATED,ELIMINATED,ELIMINATED,ELIMINATED,ELIMINATED,ELIMINATED,ELIMINATED,ELIMINATED,ELIMINATED,ELIMINATED,ELIMINATED,ELIMINATED,ELIMINATED,ELIMINATED,ELIMINATED,ELIMINATED,ELIMINATED,85.9,0.0,84.4,93.8,22.0,22.7,1,Sprinter,Sprinter (94) / Planner (86) / EV Hunter (84),Low
Tha Good Playa-4,0,IND,ELIMINATED,ELIMINATED,ELIMINATED,ELIMINATED,ELIMINATED,ELIMINATED,ELIMINATED,ELIMINATED,ELIMINATED,ELIMINATED,ELIMINATED,ELIMINATED,ELIMINATED,ELIMINATED,ELIMINATED,ELIMINATED,ELIMINATED,85.9,0.0,84.4,93.8,22.0,22.7,1,Sprinter,Sprinter (94) / Planner (86) / EV Hunter (84),Low
Tha Good Playa-5,0,IND,ELIMINATED,ELIMINATED,ELIMINATED,ELIMINATED,ELIMINATED,ELIMINATED,ELIMINATED,ELIMINATED,ELIMINATED,ELIMINATED,ELIMINATED,ELIMINATED,ELIMINATED,ELIMINATED,ELIMINATED,ELIMINATED,ELIMINATED,85.9,0.0,84.4,93.8,22.0,22.7,1,Sprinter,Sprinter (94) / Planner (86) / EV Hunter (84),Low
The ATS ATM-1,0,PHI,ELIMINATED,ELIMINATED,ELIMINATED,ELIMINATED,ELIMINATED,ELIMINATED,ELIMINATED,ELIMINATED,ELIMINATED,ELIMINATED,ELIMINATED,ELIMINATED,ELIMINATED,ELIMINATED,ELIMINATED,ELIMINATED,ELIMINATED,54.3,15.6,81.2,78.1,53.7,43.8,1,EV Hunter,EV Hunter (81) / Sprinter (78),Low
THE GREATEST DANCER-1,0,IND,ELIMINATED,ELIMINATED,ELIMINATED,ELIMINATED,ELIMINATED,ELIMINATED,ELIMINATED,ELIMINATED,ELIMINATED,ELIMINATED,ELIMINATED,ELIMINATED,ELIMINATED,ELIMINATED,ELIMINATED,ELIMINATED,ELIMINATED,85.9,0.0,84.4,93.8,22.0,22.7,1,Sprinter,Sprinter (94) / Planner (86) / EV Hunter (84),Low
THE INTANGIBLES-4,0,IND,ELIMINATED,ELIMINATED,ELIMINATED,ELIMINATED,ELIMINATED,ELIMINATED,ELIMINATED,ELIMINATED,ELIMINATED,ELIMINATED,ELIMINATED,ELIMINATED,ELIMINATED,ELIMINATED,ELIMINATED,ELIMINATED,ELIMINATED,85.9,0.0,84.4,93.8,22.0,22.7,1,Sprinter,Sprinter (94) / Planner (86) / EV Hunter (84),Low
THE INTANGIBLES-5,0,IND,ELIMINATED,ELIMINATED,ELIMINATED,ELIMINATED,ELIMINATED,ELIMINATED,ELIMINATED,ELIMINATED,ELIMINATED,ELIMINATED,ELIMINATED,ELIMINATED,ELIMINATED,ELIMINATED,ELIMINATED,ELIMINATED,ELIMINATED,85.9,0.0,84.4,93.8,22.0,22.7,1,Sprinter,Sprinter (94) / Planner (86) / EV Hunter (84),Low
The Mad Russian-1,0,IND,ELIMINATED,ELIMINATED,ELIMINATED,ELIMINATED,ELIMINATED,ELIMINATED,ELIMINATED,ELIMINATED,ELIMINATED,ELIMINATED,ELIMINATED,ELIMINATED,ELIMINATED,ELIMINATED,ELIMINATED,ELIMINATED,ELIMINATED,85.9,0.0,84.4,93.8,22.0,22.7,1,Sprinter,Sprinter (94) / Planner (86) / EV Hunter (84),Low
The Mad Russian-2,0,PHI,ELIMINATED,ELIMINATED,ELIMINATED,ELIMINATED,ELIMINATED,ELIMINATED,ELIMINATED,ELIMINATED,ELIMINATED,ELIMINATED,ELIMINATED,ELIMINATED,ELIMINATED,ELIMINATED,ELIMINATED,ELIMINATED,ELIMINATED,54.3,15.6,81.2,78.1,53.7,43.8,1,EV Hunter,EV Hunter (81) / Sprinter (78),Low
The Mad Russian-3,0,IND,ELIMINATED,ELIMINATED,ELIMINATED,ELIMINATED,ELIMINATED,ELIMINATED,ELIMINATED,ELIMINATED,ELIMINATED,ELIMINATED,ELIMINATED,ELIMINATED,ELIMINATED,ELIMINATED,ELIMINATED,ELIMINATED,ELIMINATED,85.9,0.0,84.4,93.8,22.0,22.7,1,Sprinter,Sprinter (94) / Planner (86) / EV Hunter (84),Low
The Masons-1,0,PHI,ELIMINATED,ELIMINATED,ELIMINATED,ELIMINATED,ELIMINATED,ELIMINATED,ELIMINATED,ELIMINATED,ELIMINATED,ELIMINATED,ELIMINATED,ELIMINATED,ELIMINATED,ELIMINATED,ELIMINATED,ELIMINATED,ELIMINATED,54.3,15.6,81.2,78.1,53.7,43.8,1,EV Hunter,EV Hunter (81) / Sprinter (78),Low
THE RUCKUS WON-1,0,PHI,ELIMINATED,ELIMINATED,ELIMINATED,ELIMINATED,ELIMINATED,ELIMINATED,ELIMINATED,ELIMINATED,ELIMINATED,ELIMINATED,ELIMINATED,ELIMINATED,ELIMINATED,ELIMINATED,ELIMINATED,ELIMINATED,ELIMINATED,54.3,15.6,81.2,78.1,53.7,43.8,1,EV Hunter,EV Hunter (81) / Sprinter (78),Low
THE WOLFPACK-1,0,IND,ELIMINATED,ELIMINATED,ELIMINATED,ELIMINATED,ELIMINATED,ELIMINATED,ELIMINATED,ELIMINATED,ELIMINATED,ELIMINATED,ELIMINATED,ELIMINATED,ELIMINATED,ELIMINATED,ELIMINATED,ELIMINATED,ELIMINATED,85.9,0.0,84.4,93.8,22.0,22.7,1,Sprinter,Sprinter (94) / Planner (86) / EV Hunter (84),Low
THE801CREW-1,0,IND,ELIMINATED,ELIMINATED,ELIMINATED,ELIMINATED,ELIMINATED,ELIMINATED,ELIMINATED,ELIMINATED,ELIMINATED,ELIMINATED,ELIMINATED,ELIMINATED,ELIMINATED,ELIMINATED,ELIMINATED,ELIMINATED,ELIMINATED,85.9,0.0,84.4,93.8,22.0,22.7,1,Sprinter,Sprinter (94) / Planner (86) / EV Hunter (84),Low
TheDogs of Blueberry-1,0,IND,ELIMINATED,ELIMINATED,ELIMINATED,ELIMINATED,ELIMINATED,ELIMINATED,ELIMINATED,ELIMINATED,ELIMINATED,ELIMINATED,ELIMINATED,ELIMINATED,ELIMINATED,ELIMINATED,ELIMINATED,ELIMINATED,ELIMINATED,85.9,0.0,84.4,93.8,22.0,22.7,1,Sprinter,Sprinter (94) / Planner (86) / EV Hunter (84),Low
TheDogs of Blueberry-2,0,IND,ELIMINATED,ELIMINATED,ELIMINATED,ELIMINATED,ELIMINATED,ELIMINATED,ELIMINATED,ELIMINATED,ELIMINATED,ELIMINATED,ELIMINATED,ELIMINATED,ELIMINATED,ELIMINATED,ELIMINATED,ELIMINATED,ELIMINATED,85.9,0.0,84.4,93.8,22.0,22.7,1,Sprinter,Sprinter (94) / Planner (86) / EV Hunter (84),Low
TheDogs of Blueberry-3,0,IND,ELIMINATED,ELIMINATED,ELIMINATED,ELIMINATED,ELIMINATED,ELIMINATED,ELIMINATED,ELIMINATED,ELIMINATED,ELIMINATED,ELIMINATED,ELIMINATED,ELIMINATED,ELIMINATED,ELIMINATED,ELIMINATED,ELIMINATED,85.9,0.0,84.4,93.8,22.0,22.7,1,Sprinter,Sprinter (94) / Planner (86) / EV Hunter (84),Low
TheDogs of Blueberry-4,0,IND,ELIMINATED,ELIMINATED,ELIMINATED,ELIMINATED,ELIMINATED,ELIMINATED,ELIMINATED,ELIMINATED,ELIMINATED,ELIMINATED,ELIMINATED,ELIMINATED,ELIMINATED,ELIMINATED,ELIMINATED,ELIMINATED,ELIMINATED,85.9,0.0,84.4,93.8,22.0,22.7,1,Sprinter,Sprinter (94) / Planner (86) / EV Hunter (84),Low
TheDogs of Blueberry-5,0,IND,ELIMINATED,ELIMINATED,ELIMINATED,ELIMINATED,ELIMINATED,ELIMINATED,ELIMINATED,ELIMINATED,ELIMINATED,ELIMINATED,ELIMINATED,ELIMINATED,ELIMINATED,ELIMINATED,ELIMINATED,ELIMINATED,ELIMINATED,85.9,0.0,84.4,93.8,22.0,22.7,1,Sprinter,Sprinter (94) / Planner (86) / EV Hunter (84),Low
THERANKOUTSIDER-1,0,IND,ELIMINATED,ELIMINATED,ELIMINATED,ELIMINATED,ELIMINATED,ELIMINATED,ELIMINATED,ELIMINATED,ELIMINATED,ELIMINATED,ELIMINATED,ELIMINATED,ELIMINATED,ELIMINATED,ELIMINATED,ELIMINATED,ELIMINATED,85.9,0.0,84.4,93.8,22.0,22.7,1,Sprinter,Sprinter (94) / Planner (86) / EV Hunter (84),Low
THE_BLENDER-1,0,IND,ELIMINATED,ELIMINATED,ELIMINATED,ELIMINATED,ELIMINATED,ELIMINATED,ELIMINATED,ELIMINATED,ELIMINATED,ELIMINATED,ELIMINATED,ELIMINATED,ELIMINATED,ELIMINATED,ELIMINATED,ELIMINATED,ELIMINATED,85.9,0.0,84.4,93.8,22.0,22.7,1,Sprinter,Sprinter (94) / Planner (86) / EV Hunter (84),Low
THOMAS HALL-1,0,IND,ELIMINATED,ELIMINATED,ELIMINATED,ELIMINATED,ELIMINATED,ELIMINATED,ELIMINATED,ELIMINATED,ELIMINATED,ELIMINATED,ELIMINATED,ELIMINATED,ELIMINATED,ELIMINATED,ELIMINATED,ELIMINATED,ELIMINATED,85.9,0.0,84.4,93.8,22.0,22.7,1,Sprinter,Sprinter (94) / Planner (86) / EV Hunter (84),Low
Three Kings-1,0,IND,ELIMINATED,ELIMINATED,ELIMINATED,ELIMINATED,ELIMINATED,ELIMINATED,ELIMINATED,ELIMINATED,ELIMINATED,ELIMINATED,ELIMINATED,ELIMINATED,ELIMINATED,ELIMINATED,ELIMINATED,ELIMINATED,ELIMINATED,85.9,0.0,84.4,93.8,22.0,22.7,1,Sprinter,Sprinter (94) / Planner (86) / EV Hunter (84),Low
THROWIN' DARTS-1,0,IND,ELIMINATED,ELIMINATED,ELIMINATED,ELIMINATED,ELIMINATED,ELIMINATED,ELIMINATED,ELIMINATED,ELIMINATED,ELIMINATED,ELIMINATED,ELIMINATED,ELIMINATED,ELIMINATED,ELIMINATED,ELIMINATED,ELIMINATED,85.9,0.0,84.4,93.8,22.0,22.7,1,Sprinter,Sprinter (94) / Planner (86) / EV Hunter (84),Low
Thunder-1,0,PHI,ELIMINATED,ELIMINATED,ELIMINATED,ELIMINATED,ELIMINATED,ELIMINATED,ELIMINATED,ELIMINATED,ELIMINATED,ELIMINATED,ELIMINATED,ELIMINATED,ELIMINATED,ELIMINATED,ELIMINATED,ELIMINATED,ELIMINATED,54.3,15.6,81.2,78.1,53.7,43.8,1,EV Hunter,EV Hunter (81) / Sprinter (78),Low
Thunder-2,0,PHI,ELIMINATED,ELIMINATED,ELIMINATED,ELIMINATED,ELIMINATED,ELIMINATED,ELIMINATED,ELIMINATED,ELIMINATED,ELIMINATED,ELIMINATED,ELIMINATED,ELIMINATED,ELIMINATED,ELIMINATED,ELIMINATED,ELIMINATED,54.3,15.6,81.2,78.1,53.7,43.8,1,EV Hunter,EV Hunter (81) / Sprinter (78),Low
Tigerbait-1,0,IND,ELIMINATED,ELIMINATED,ELIMINATED,ELIMINATED,ELIMINATED,ELIMINATED,ELIMINATED,ELIMINATED,ELIMINATED,ELIMINATED,ELIMINATED,ELIMINATED,ELIMINATED,ELIMINATED,ELIMINATED,ELIMINATED,ELIMINATED,85.9,0.0,84.4,93.8,22.0,22.7,1,Sprinter,Sprinter (94) / Planner (86) / EV Hunter (84),Low
TKASPRO27-1,0,IND,ELIMINATED,ELIMINATED,ELIMINATED,ELIMINATED,ELIMINATED,ELIMINATED,ELIMINATED,ELIMINATED,ELIMINATED,ELIMINATED,ELIMINATED,ELIMINATED,ELIMINATED,ELIMINATED,ELIMINATED,ELIMINATED,ELIMINATED,85.9,0.0,84.4,93.8,22.0,22.7,1,Sprinter,Sprinter (94) / Planner (86) / EV Hunter (84),Low
TKASPRO27-2,0,IND,ELIMINATED,ELIMINATED,ELIMINATED,ELIMINATED,ELIMINATED,ELIMINATED,ELIMINATED,ELIMINATED,ELIMINATED,ELIMINATED,ELIMINATED,ELIMINATED,ELIMINATED,ELIMINATED,ELIMINATED,ELIMINATED,ELIMINATED,85.9,0.0,84.4,93.8,22.0,22.7,1,Sprinter,Sprinter (94) / Planner (86) / EV Hunter (84),Low
TKASPRO27-3,0,IND,ELIMINATED,ELIMINATED,ELIMINATED,ELIMINATED,ELIMINATED,ELIMINATED,ELIMINATED,ELIMINATED,ELIMINATED,ELIMINATED,ELIMINATED,ELIMINATED,ELIMINATED,ELIMINATED,ELIMINATED,ELIMINATED,ELIMINATED,85.9,0.0,84.4,93.8,22.0,22.7,1,Sprinter,Sprinter (94) / Planner (86) / EV Hunter (84),Low
TKASPRO27-4,0,IND,ELIMINATED,ELIMINATED,ELIMINATED,ELIMINATED,ELIMINATED,ELIMINATED,ELIMINATED,ELIMINATED,ELIMINATED,ELIMINATED,ELIMINATED,ELIMINATED,ELIMINATED,ELIMINATED,ELIMINATED,ELIMINATED,ELIMINATED,85.9,0.0,84.4,93.8,22.0,22.7,1,Sprinter,Sprinter (94) / Planner (86) / EV Hunter (84),Low
TKASPRO27-5,0,IND,ELIMINATED,ELIMINATED,ELIMINATED,ELIMINATED,ELIMINATED,ELIMINATED,ELIMINATED,ELIMINATED,ELIMINATED,ELIMINATED,ELIMINATED,ELIMINATED,ELIMINATED,ELIMINATED,ELIMINATED,ELIMINATED,ELIMINATED,85.9,0.0,84.4,93.8,22.0,22.7,1,Sprinter,Sprinter (94) / Planner (86) / EV Hunter (84),Low
TOMPAPAGEORGIO-5,0,IND,ELIMINATED,ELIMINATED,ELIMINATED,ELIMINATED,ELIMINATED,ELIMINATED,ELIMINATED,ELIMINATED,ELIMINATED,ELIMINATED,ELIMINATED,ELIMINATED,ELIMINATED,ELIMINATED,ELIMINATED,ELIMINATED,ELIMINATED,85.9,0.0,84.4,93.8,22.0,22.7,1,Sprinter,Sprinter (94) / Planner (86) / EV Hunter (84),Low
Toothpick Factory-1,0,IND,ELIMINATED,ELIMINATED,ELIMINATED,ELIMINATED,ELIMINATED,ELIMINATED,ELIMINATED,ELIMINATED,ELIMINATED,ELIMINATED,ELIMINATED,ELIMINATED,ELIMINATED,ELIMINATED,ELIMINATED,ELIMINATED,ELIMINATED,85.9,0.0,84.4,93.8,22.0,22.7,1,Sprinter,Sprinter (94) / Planner (86) / EV Hunter (84),Low
Toothpick Factory-2,0,IND,ELIMINATED,ELIMINATED,ELIMINATED,ELIMINATED,ELIMINATED,ELIMINATED,ELIMINATED,ELIMINATED,ELIMINATED,ELIMINATED,ELIMINATED,ELIMINATED,ELIMINATED,ELIMINATED,ELIMINATED,ELIMINATED,ELIMINATED,85.9,0.0,84.4,93.8,22.0,22.7,1,Sprinter,Sprinter (94) / Planner (86) / EV Hunter (84),Low
Toothpick Factory-3,0,IND,ELIMINATED,ELIMINATED,ELIMINATED,ELIMINATED,ELIMINATED,ELIMINATED,ELIMINATED,ELIMINATED,ELIMINATED,ELIMINATED,ELIMINATED,ELIMINATED,ELIMINATED,ELIMINATED,ELIMINATED,ELIMINATED,ELIMINATED,85.9,0.0,84.4,93.8,22.0,22.7,1,Sprinter,Sprinter (94) / Planner (86) / EV Hunter (84),Low
TS3521-1,0,IND,ELIMINATED,ELIMINATED,ELIMINATED,ELIMINATED,ELIMINATED,ELIMINATED,ELIMINATED,ELIMINATED,ELIMINATED,ELIMINATED,ELIMINATED,ELIMINATED,ELIMINATED,ELIMINATED,ELIMINATED,ELIMINATED,ELIMINATED,85.9,0.0,84.4,93.8,22.0,22.7,1,Sprinter,Sprinter (94) / Planner (86) / EV Hunter (84),Low
TS3521-2,0,IND,ELIMINATED,ELIMINATED,ELIMINATED,ELIMINATED,ELIMINATED,ELIMINATED,ELIMINATED,ELIMINATED,ELIMINATED,ELIMINATED,ELIMINATED,ELIMINATED,ELIMINATED,ELIMINATED,ELIMINATED,ELIMINATED,ELIMINATED,85.9,0.0,84.4,93.8,22.0,22.7,1,Sprinter,Sprinter (94) / Planner (86) / EV Hunter (84),Low
Tycoons R Us-1,0,IND,ELIMINATED,ELIMINATED,ELIMINATED,ELIMINATED,ELIMINATED,ELIMINATED,ELIMINATED,ELIMINATED,ELIMINATED,ELIMINATED,ELIMINATED,ELIMINATED,ELIMINATED,ELIMINATED,ELIMINATED,ELIMINATED,ELIMINATED,85.9,0.0,84.4,93.8,22.0,22.7,1,Sprinter,Sprinter (94) / Planner (86) / EV Hunter (84),Low
Uncle Nephew-1,0,IND,ELIMINATED,ELIMINATED,ELIMINATED,ELIMINATED,ELIMINATED,ELIMINATED,ELIMINATED,ELIMINATED,ELIMINATED,ELIMINATED,ELIMINATED,ELIMINATED,ELIMINATED,ELIMINATED,ELIMINATED,ELIMINATED,ELIMINATED,85.9,0.0,84.4,93.8,22.0,22.7,1,Sprinter,Sprinter (94) / Planner (86) / EV Hunter (84),Low
UNITAS 19-1,0,IND,ELIMINATED,ELIMINATED,ELIMINATED,ELIMINATED,ELIMINATED,ELIMINATED,ELIMINATED,ELIMINATED,ELIMINATED,ELIMINATED,ELIMINATED,ELIMINATED,ELIMINATED,ELIMINATED,ELIMINATED,ELIMINATED,ELIMINATED,85.9,0.0,84.4,93.8,22.0,22.7,1,Sprinter,Sprinter (94) / Planner (86) / EV Hunter (84),Low
VALLEY BOYS-1,0,SF,ELIMINATED,ELIMINATED,ELIMINATED,ELIMINATED,ELIMINATED,ELIMINATED,ELIMINATED,ELIMINATED,ELIMINATED,ELIMINATED,ELIMINATED,ELIMINATED,ELIMINATED,ELIMINATED,ELIMINATED,ELIMINATED,ELIMINATED,59.9,21.9,93.8,87.5,45.1,44.5,1,EV Hunter,EV Hunter (94) / Sprinter (88),Low
Vegas Mikey G-1,0,PHI,ELIMINATED,ELIMINATED,ELIMINATED,ELIMINATED,ELIMINATED,ELIMINATED,ELIMINATED,ELIMINATED,ELIMINATED,ELIMINATED,ELIMINATED,ELIMINATED,ELIMINATED,ELIMINATED,ELIMINATED,ELIMINATED,ELIMINATED,54.3,15.6,81.2,78.1,53.7,43.8,1,EV Hunter,EV Hunter (81) / Sprinter (78),Low
Victory and Coney-1,0,IND,ELIMINATED,ELIMINATED,ELIMINATED,ELIMINATED,ELIMINATED,ELIMINATED,ELIMINATED,ELIMINATED,ELIMINATED,ELIMINATED,ELIMINATED,ELIMINATED,ELIMINATED,ELIMINATED,ELIMINATED,ELIMINATED,ELIMINATED,85.9,0.0,84.4,93.8,22.0,22.7,1,Sprinter,Sprinter (94) / Planner (86) / EV Hunter (84),Low
WARDOG-5,0,IND,ELIMINATED,ELIMINATED,ELIMINATED,ELIMINATED,ELIMINATED,ELIMINATED,ELIMINATED,ELIMINATED,ELIMINATED,ELIMINATED,ELIMINATED,ELIMINATED,ELIMINATED,ELIMINATED,ELIMINATED,ELIMINATED,ELIMINATED,85.9,0.0,84.4,93.8,22.0,22.7,1,Sprinter,Sprinter (94) / Planner (86) / EV Hunter (84),Low
Warriors Club-1,0,IND,ELIMINATED,ELIMINATED,ELIMINATED,ELIMINATED,ELIMINATED,ELIMINATED,ELIMINATED,ELIMINATED,ELIMINATED,ELIMINATED,ELIMINATED,ELIMINATED,ELIMINATED,ELIMINATED,ELIMINATED,ELIMINATED,ELIMINATED,85.9,0.0,84.4,93.8,22.0,22.7,1,Sprinter,Sprinter (94) / Planner (86) / EV Hunter (84),Low
Warriors Club-2,0,IND,ELIMINATED,ELIMINATED,ELIMINATED,ELIMINATED,ELIMINATED,ELIMINATED,ELIMINATED,ELIMINATED,ELIMINATED,ELIMINATED,ELIMINATED,ELIMINATED,ELIMINATED,ELIMINATED,ELIMINATED,ELIMINATED,ELIMINATED,85.9,0.0,84.4,93.8,22.0,22.7,1,Sprinter,Sprinter (94) / Planner (86) / EV Hunter (84),Low
Westover Winner-1,0,PHI,ELIMINATED,ELIMINATED,ELIMINATED,ELIMINATED,ELIMINATED,ELIMINATED,ELIMINATED,ELIMINATED,ELIMINATED,ELIMINATED,ELIMINATED,ELIMINATED,ELIMINATED,ELIMINATED,ELIMINATED,ELIMINATED,ELIMINATED,54.3,15.6,81.2,78.1,53.7,43.8,1,EV Hunter,EV Hunter (81) / Sprinter (78),Low
Who Dat-2,0,PHI,ELIMINATED,ELIMINATED,ELIMINATED,ELIMINATED,ELIMINATED,ELIMINATED,ELIMINATED,ELIMINATED,ELIMINATED,ELIMINATED,ELIMINATED,ELIMINATED,ELIMINATED,ELIMINATED,ELIMINATED,ELIMINATED,ELIMINATED,54.3,15.6,81.2,78.1,53.7,43.8,1,EV Hunter,EV Hunter (81) / Sprinter (78),Low
Wicked Awesome-1,0,IND,ELIMINATED,ELIMINATED,ELIMINATED,ELIMINATED,ELIMINATED,ELIMINATED,ELIMINATED,ELIMINATED,ELIMINATED,ELIMINATED,ELIMINATED,ELIMINATED,ELIMINATED,ELIMINATED,ELIMINATED,ELIMINATED,ELIMINATED,85.9,0.0,84.4,93.8,22.0,22.7,1,Sprinter,Sprinter (94) / Planner (86) / EV Hunter (84),Low
WILDMAN 22222-1,0,SF,ELIMINATED,ELIMINATED,ELIMINATED,ELIMINATED,ELIMINATED,ELIMINATED,ELIMINATED,ELIMINATED,ELIMINATED,ELIMINATED,ELIMINATED,ELIMINATED,ELIMINATED,ELIMINATED,ELIMINATED,ELIMINATED,ELIMINATED,59.9,21.9,93.8,87.5,45.1,44.5,1,EV Hunter,EV Hunter (94) / Sprinter (88),Low
WINALL-1,0,IND,ELIMINATED,ELIMINATED,ELIMINATED,ELIMINATED,ELIMINATED,ELIMINATED,ELIMINATED,ELIMINATED,ELIMINATED,ELIMINATED,ELIMINATED,ELIMINATED,ELIMINATED,ELIMINATED,ELIMINATED,ELIMINATED,ELIMINATED,85.9,0.0,84.4,93.8,22.0,22.7,1,Sprinter,Sprinter (94) / Planner (86) / EV Hunter (84),Low
WiseGuy_Vegas-1,0,IND,ELIMINATED,ELIMINATED,ELIMINATED,ELIMINATED,ELIMINATED,ELIMINATED,ELIMINATED,ELIMINATED,ELIMINATED,ELIMINATED,ELIMINATED,ELIMINATED,ELIMINATED,ELIMINATED,ELIMINATED,ELIMINATED,ELIMINATED,85.9,0.0,84.4,93.8,22.0,22.7,1,Sprinter,Sprinter (94) / Planner (86) / EV Hunter (84),Low
XXYYZZ-5,0,IND,ELIMINATED,ELIMINATED,ELIMINATED,ELIMINATED,ELIMINATED,ELIMINATED,ELIMINATED,ELIMINATED,ELIMINATED,ELIMINATED,ELIMINATED,ELIMINATED,ELIMINATED,ELIMINATED,ELIMINATED,ELIMINATED,ELIMINATED,85.9,0.0,84.4,93.8,22.0,22.7,1,Sprinter,Sprinter (94) / Planner (86) / EV Hunter (84),Low
Yada Yada Yada-1,0,IND,ELIMINATED,ELIMINATED,ELIMINATED,ELIMINATED,ELIMINATED,ELIMINATED,ELIMINATED,ELIMINATED,ELIMINATED,ELIMINATED,ELIMINATED,ELIMINATED,ELIMINATED,ELIMINATED,ELIMINATED,ELIMINATED,ELIMINATED,85.9,0.0,84.4,93.8,22.0,22.7,1,Sprinter,Sprinter (94) / Planner (86) / EV Hunter (84),Low
YEEGONE-1,0,IND,ELIMINATED,ELIMINATED,ELIMINATED,ELIMINATED,ELIMINATED,ELIMINATED,ELIMINATED,ELIMINATED,ELIMINATED,ELIMINATED,ELIMINATED,ELIMINATED,ELIMINATED,ELIMINATED,ELIMINATED,ELIMINATED,ELIMINATED,85.9,0.0,84.4,93.8,22.0,22.7,1,Sprinter,Sprinter (94) / Planner (86) / EV Hunter (84),Low
YEEGONE-2,0,IND,ELIMINATED,ELIMINATED,ELIMINATED,ELIMINATED,ELIMINATED,ELIMINATED,ELIMINATED,ELIMINATED,ELIMINATED,ELIMINATED,ELIMINATED,ELIMINATED,ELIMINATED,ELIMINATED,ELIMINATED,ELIMINATED,ELIMINATED,85.9,0.0,84.4,93.8,22.0,22.7,1,Sprinter,Sprinter (94) / Planner (86) / EV Hunter (84),Low
YEEGONE-3,0,IND,ELIMINATED,ELIMINATED,ELIMINATED,ELIMINATED,ELIMINATED,ELIMINATED,ELIMINATED,ELIMINATED,ELIMINATED,ELIMINATED,ELIMINATED,ELIMINATED,ELIMINATED,ELIMINATED,ELIMINATED,ELIMINATED,ELIMINATED,85.9,0.0,84.4,93.8,22.0,22.7,1,Sprinter,Sprinter (94) / Planner (86) / EV Hunter (84),Low
YEEGONE-5,0,SF,ELIMINATED,ELIMINATED,ELIMINATED,ELIMINATED,ELIMINATED,ELIMINATED,ELIMINATED,ELIMINATED,ELIMINATED,ELIMINATED,ELIMINATED,ELIMINATED,ELIMINATED,ELIMINATED,ELIMINATED,ELIMINATED,ELIMINATED,59.9,21.9,93.8,87.5,45.1,44.5,1,EV Hunter,EV Hunter (94) / Sprinter (88),Low
YEEGONE2-1,0,SF,ELIMINATED,ELIMINATED,ELIMINATED,ELIMINATED,ELIMINATED,ELIMINATED,ELIMINATED,ELIMINATED,ELIMINATED,ELIMINATED,ELIMINATED,ELIMINATED,ELIMINATED,ELIMINATED,ELIMINATED,ELIMINATED,ELIMINATED,59.9,21.9,93.8,87.5,45.1,44.5,1,EV Hunter,EV Hunter (94) / Sprinter (88),Low
YEEGONE2-4,0,PHI,ELIMINATED,ELIMINATED,ELIMINATED,ELIMINATED,ELIMINATED,ELIMINATED,ELIMINATED,ELIMINATED,ELIMINATED,ELIMINATED,ELIMINATED,ELIMINATED,ELIMINATED,ELIMINATED,ELIMINATED,ELIMINATED,ELIMINATED,54.3,15.6,81.2,78.1,53.7,43.8,1,EV Hunter,EV Hunter (81) / Sprinter (78),Low
YEEGONE2-5,0,PHI,ELIMINATED,ELIMINATED,ELIMINATED,ELIMINATED,ELIMINATED,ELIMINATED,ELIMINATED,ELIMINATED,ELIMINATED,ELIMINATED,ELIMINATED,ELIMINATED,ELIMINATED,ELIMINATED,ELIMINATED,ELIMINATED,ELIMINATED,54.3,15.6,81.2,78.1,53.7,43.8,1,EV Hunter,EV Hunter (81) / Sprinter (78),Low
YEEGONE3-1,0,IND,ELIMINATED,ELIMINATED,ELIMINATED,ELIMINATED,ELIMINATED,ELIMINATED,ELIMINATED,ELIMINATED,ELIMINATED,ELIMINATED,ELIMINATED,ELIMINATED,ELIMINATED,ELIMINATED,ELIMINATED,ELIMINATED,ELIMINATED,85.9,0.0,84.4,93.8,22.0,22.7,1,Sprinter,Sprinter (94) / Planner (86) / EV Hunter (84),Low
YEEGONE3-2,0,IND,ELIMINATED,ELIMINATED,ELIMINATED,ELIMINATED,ELIMINATED,ELIMINATED,ELIMINATED,ELIMINATED,ELIMINATED,ELIMINATED,ELIMINATED,ELIMINATED,ELIMINATED,ELIMINATED,ELIMINATED,ELIMINATED,ELIMINATED,85.9,0.0,84.4,93.8,22.0,22.7,1,Sprinter,Sprinter (94) / Planner (86) / EV Hunter (84),Low
YEEGONE3-5,0,PHI,ELIMINATED,ELIMINATED,ELIMINATED,ELIMINATED,ELIMINATED,ELIMINATED,ELIMINATED,ELIMINATED,ELIMINATED,ELIMINATED,ELIMINATED,ELIMINATED,ELIMINATED,ELIMINATED,ELIMINATED,ELIMINATED,ELIMINATED,54.3,15.6,81.2,78.1,53.7,43.8,1,EV Hunter,EV Hunter (81) / Sprinter (78),Low
ZAK-1,0,IND,ELIMINATED,ELIMINATED,ELIMINATED,ELIMINATED,ELIMINATED,ELIMINATED,ELIMINATED,ELIMINATED,ELIMINATED,ELIMINATED,ELIMINATED,ELIMINATED,ELIMINATED,ELIMINATED,ELIMINATED,ELIMINATED,ELIMINATED,85.9,0.0,84.4,93.8,22.0,22.7,1,Sprinter,Sprinter (94) / Planner (86) / EV Hunter (84),Low
ZENDAYA-1,0,IND,ELIMINATED,ELIMINATED,ELIMINATED,ELIMINATED,ELIMINATED,ELIMINATED,ELIMINATED,ELIMINATED,ELIMINATED,ELIMINATED,ELIMINATED,ELIMINATED,ELIMINATED,ELIMINATED,ELIMINATED,ELIMINATED,ELIMINATED,85.9,0.0,84.4,93.8,22.0,22.7,1,Sprinter,Sprinter (94) / Planner (86) / EV Hunter (84),Low
Zenyatta-2,0,IND,ELIMINATED,ELIMINATED,ELIMINATED,ELIMINATED,ELIMINATED,ELIMINATED,ELIMINATED,ELIMINATED,ELIMINATED,ELIMINATED,ELIMINATED,ELIMINATED,ELIMINATED,ELIMINATED,ELIMINATED,ELIMINATED,ELIMINATED,85.9,0.0,84.4,93.8,22.0,22.7,1,Sprinter,Sprinter (94) / Planner (86) / EV Hunter (84),Low
