Year,Week,EntryName,Primary_Archetype_AsOf,Picks_Used_So_Far,Team,Estimated_Pick_Pct,Entry_Alive_Prob_Entering_Week,Is_Upcoming_Week
2024,11,2 make the cut-1,Sprinter,10,DET,0.4688243660623529,1.0,True
2024,11,2 make the cut-1,Sprinter,10,MIA,0.46876365660098396,1.0,True
2024,11,2 make the cut-1,Sprinter,10,MIN,0.05487731703536969,1.0,True
2024,11,2 make the cut-1,Sprinter,10,BAL,0.0011796531033674343,1.0,True
2024,11,2 make the cut-1,Sprinter,10,DEN,0.0008283092910136089,1.0,True
2024,11,2 make the cut-1,Sprinter,10,CLE,0.000764691221621862,1.0,True
2024,11,2 make the cut-1,Sprinter,10,BUF,0.0007085004384415101,1.0,True
2024,11,2 make the cut-1,Sprinter,10,NO,0.0006640437684509861,1.0,True
2024,11,2 make the cut-1,Sprinter,10,CIN,0.00047873634265728694,1.0,True
2024,11,2 make the cut-1,Sprinter,10,ATL,0.0003482857298005101,1.0,True
2024,11,2 make the cut-1,Sprinter,10,KC,0.0003444113476968328,1.0,True
2024,11,2 make the cut-1,Sprinter,10,NE,0.0003180529017210907,1.0,True
2024,11,2 make the cut-1,Sprinter,10,DAL,0.0003180529017210907,1.0,True
2024,11,2 make the cut-1,Sprinter,10,IND,0.0003180529017210907,1.0,True
2024,11,2 make the cut-1,Sprinter,10,TEN,0.0003159675882700546,1.0,True
2024,11,2 make the cut-1,Sprinter,10,WAS,0.0003159675882700546,1.0,True
2024,11,2 make the cut-1,Sprinter,10,JAC,0.0003159675882700546,1.0,True
2024,11,2 make the cut-1,Sprinter,10,LV,0.0003159675882700546,1.0,True
2024,11,737 KEVIN-1,Sprinter,10,MIA,0.8276153480033847,1.0,True
2024,11,737 KEVIN-1,Sprinter,10,MIN,0.09307255359599542,1.0,True
2024,11,737 KEVIN-1,Sprinter,10,GB,0.06184140220353125,1.0,True
2024,11,737 KEVIN-1,Sprinter,10,PHI,0.0062717998342440755,1.0,True
2024,11,737 KEVIN-1,Sprinter,10,BAL,0.0018958656994835328,1.0,True
2024,11,737 KEVIN-1,Sprinter,10,CLE,0.0012962053813316073,1.0,True
2024,11,737 KEVIN-1,Sprinter,10,BUF,0.001138658200004685,1.0,True
2024,11,737 KEVIN-1,Sprinter,10,NO,0.001037836077989762,1.0,True
2024,11,737 KEVIN-1,Sprinter,10,KC,0.0005720330067299355,1.0,True
2024,11,737 KEVIN-1,Sprinter,10,NE,0.0005282542485529412,1.0,True
2024,11,737 KEVIN-1,Sprinter,10,DAL,0.0005282542485529412,1.0,True
2024,11,737 KEVIN-1,Sprinter,10,IND,0.0005282542485529412,1.0,True
2024,11,737 KEVIN-1,Sprinter,10,CHI,0.0005247907502351662,1.0,True
2024,11,737 KEVIN-1,Sprinter,10,PIT,0.0005247907502351662,1.0,True
2024,11,737 KEVIN-1,Sprinter,10,TEN,0.0005247907502351662,1.0,True
2024,11,737 KEVIN-1,Sprinter,10,WAS,0.0005247907502351662,1.0,True
2024,11,737 KEVIN-1,Sprinter,10,JAC,0.0005247907502351662,1.0,True
2024,11,737 KEVIN-1,Sprinter,10,LV,0.0005247907502351662,1.0,True
2024,11,737 KEVIN-1,Sprinter,10,SEA,0.0005247907502351662,1.0,True
2024,11,ALLISON'S BOYFRIEND-6,Sprinter,10,DET,0.40952486105007085,1.0,True
2024,11,ALLISON'S BOYFRIEND-6,Sprinter,10,MIA,0.3269440442577724,1.0,True
2024,11,ALLISON'S BOYFRIEND-6,Sprinter,10,HOU,0.212901431882511,1.0,True
2024,11,ALLISON'S BOYFRIEND-6,Sprinter,10,GB,0.03197422796663956,1.0,True
2024,11,ALLISON'S BOYFRIEND-6,Sprinter,10,LA,0.013162585588542532,1.0,True
2024,11,ALLISON'S BOYFRIEND-6,Sprinter,10,BAL,0.001466139392708744,1.0,True
2024,11,ALLISON'S BOYFRIEND-6,Sprinter,10,CLE,0.0009417872923710989,1.0,True
2024,11,ALLISON'S BOYFRIEND-6,Sprinter,10,CIN,0.0004990023030235491,1.0,True
2024,11,ALLISON'S BOYFRIEND-6,Sprinter,10,ATL,0.0003001782077114765,1.0,True
2024,11,ALLISON'S BOYFRIEND-6,Sprinter,10,NE,0.0002550863219497098,1.0,True
2024,11,ALLISON'S BOYFRIEND-6,Sprinter,10,DAL,0.0002550863219497098,1.0,True
2024,11,ALLISON'S BOYFRIEND-6,Sprinter,10,IND,0.0002550863219497098,1.0,True
2024,11,ALLISON'S BOYFRIEND-6,Sprinter,10,CHI,0.00025341384879993325,1.0,True
2024,11,ALLISON'S BOYFRIEND-6,Sprinter,10,PIT,0.00025341384879993325,1.0,True
2024,11,ALLISON'S BOYFRIEND-6,Sprinter,10,TEN,0.00025341384879993325,1.0,True
2024,11,ALLISON'S BOYFRIEND-6,Sprinter,10,WAS,0.00025341384879993325,1.0,True
2024,11,ALLISON'S BOYFRIEND-6,Sprinter,10,JAC,0.00025341384879993325,1.0,True
2024,11,ALLISON'S BOYFRIEND-6,Sprinter,10,LV,0.00025341384879993325,1.0,True
2024,11,ALPHAJC-1,Sprinter,10,DET,0.4554760122479779,1.0,True
2024,11,ALPHAJC-1,Sprinter,10,MIA,0.4395316300724683,1.0,True
2024,11,ALPHAJC-1,Sprinter,10,MIN,0.04682429054653221,1.0,True
2024,11,ALPHAJC-1,Sprinter,10,SF,0.04066697828570768,1.0,True
2024,11,ALPHAJC-1,Sprinter,10,LA,0.009395645241595797,1.0,True
2024,11,ALPHAJC-1,Sprinter,10,PHI,0.0031540498884619107,1.0,True
2024,11,ALPHAJC-1,Sprinter,10,BAL,0.0009624023813571392,1.0,True
2024,11,ALPHAJC-1,Sprinter,10,CLE,0.0006563479208608298,1.0,True
2024,11,ALPHAJC-1,Sprinter,10,BUF,0.0005837726642556698,1.0,True
2024,11,ALPHAJC-1,Sprinter,10,NO,0.0005411619067625007,1.0,True
2024,11,ALPHAJC-1,Sprinter,10,ATL,0.0002965716912711115,1.0,True
2024,11,ALPHAJC-1,Sprinter,10,KC,0.0002932725838004258,1.0,True
2024,11,ALPHAJC-1,Sprinter,10,NE,0.00027082788327599836,1.0,True
2024,11,ALPHAJC-1,Sprinter,10,IND,0.00027082788327599836,1.0,True
2024,11,ALPHAJC-1,Sprinter,10,PIT,0.00026905220059913874,1.0,True
2024,11,ALPHAJC-1,Sprinter,10,TEN,0.00026905220059913874,1.0,True
2024,11,ALPHAJC-1,Sprinter,10,JAC,0.00026905220059913874,1.0,True
2024,11,ALPHAJC-1,Sprinter,10,LV,0.00026905220059913874,1.0,True
2024,11,ANGRY IRISH J3W-5,Sprinter,10,MIA,0.5256889616323807,1.0,True
2024,11,ANGRY IRISH J3W-5,Sprinter,10,HOU,0.33292698126995,1.0,True
2024,11,ANGRY IRISH J3W-5,Sprinter,10,SF,0.058104443136484475,1.0,True
2024,11,ANGRY IRISH J3W-5,Sprinter,10,GB,0.05000005449115523,1.0,True
2024,11,ANGRY IRISH J3W-5,Sprinter,10,LA,0.01647148202656722,1.0,True
2024,11,ANGRY IRISH J3W-5,Sprinter,10,PHI,0.0054118762919790194,1.0,True
2024,11,ANGRY IRISH J3W-5,Sprinter,10,BAL,0.003091350410655887,1.0,True
2024,11,ANGRY IRISH J3W-5,Sprinter,10,DEN,0.0021772551289597065,1.0,True
2024,11,ANGRY IRISH J3W-5,Sprinter,10,CLE,0.0017329351177537311,1.0,True
2024,11,ANGRY IRISH J3W-5,Sprinter,10,NO,0.001178626666837891,1.0,True
2024,11,ANGRY IRISH J3W-5,Sprinter,10,KC,0.00043423671616705346,1.0,True
2024,11,ANGRY IRISH J3W-5,Sprinter,10,NE,0.0003988940721490174,1.0,True
2024,11,ANGRY IRISH J3W-5,Sprinter,10,DAL,0.0003988940721490174,1.0,True
2024,11,ANGRY IRISH J3W-5,Sprinter,10,IND,0.0003988940721490174,1.0,True
2024,11,ANGRY IRISH J3W-5,Sprinter,10,TEN,0.00039627872366551143,1.0,True
2024,11,ANGRY IRISH J3W-5,Sprinter,10,WAS,0.00039627872366551143,1.0,True
2024,11,ANGRY IRISH J3W-5,Sprinter,10,JAC,0.00039627872366551143,1.0,True
2024,11,ANGRY IRISH J3W-5,Sprinter,10,LV,0.00039627872366551143,1.0,True
2024,11,ATTACKOFTHESURVIVOR-10,EV Hunter,10,DET,0.4804265392528341,1.0,True
2024,11,ATTACKOFTHESURVIVOR-10,EV Hunter,10,MIA,0.4097771728756655,1.0,True
2024,11,ATTACKOFTHESURVIVOR-10,EV Hunter,10,MIN,0.055724297193459255,1.0,True
2024,11,ATTACKOFTHESURVIVOR-10,EV Hunter,10,GB,0.0402979784606629,1.0,True
2024,11,ATTACKOFTHESURVIVOR-10,EV Hunter,10,PHI,0.005022786084383178,1.0,True
2024,11,ATTACKOFTHESURVIVOR-10,EV Hunter,10,DEN,0.0026501806619218062,1.0,True
2024,11,ATTACKOFTHESURVIVOR-10,EV Hunter,10,CLE,0.0015694521325408798,1.0,True
2024,11,ATTACKOFTHESURVIVOR-10,EV Hunter,10,BUF,0.0010674069776245413,1.0,True
2024,11,ATTACKOFTHESURVIVOR-10,EV Hunter,10,ATL,0.0004236653571266294,1.0,True
2024,11,ATTACKOFTHESURVIVOR-10,EV Hunter,10,KC,0.00039192225417441747,1.0,True
2024,11,ATTACKOFTHESURVIVOR-10,EV Hunter,10,NE,0.0003361255952320507,1.0,True
2024,11,ATTACKOFTHESURVIVOR-10,EV Hunter,10,IND,0.0003361255952320507,1.0,True
2024,11,ATTACKOFTHESURVIVOR-10,EV Hunter,10,CHI,0.00032973151610545567,1.0,True
2024,11,ATTACKOFTHESURVIVOR-10,EV Hunter,10,TEN,0.00032973151610545567,1.0,True
2024,11,ATTACKOFTHESURVIVOR-10,EV Hunter,10,WAS,0.00032973151610545567,1.0,True
2024,11,ATTACKOFTHESURVIVOR-10,EV Hunter,10,LV,0.00032973151610545567,1.0,True
2024,11,ATTACKOFTHESURVIVOR-10,EV Hunter,10,SEA,0.00032973151610545567,1.0,True
2024,11,ATTACKOFTHESURVIVOR-10,EV Hunter,10,PIT,0.0003276899786154668,1.0,True
2024,11,ATTACKOFTHESURVIVOR-8,Sprinter,10,DET,0.4680542829445164,1.0,True
2024,11,ATTACKOFTHESURVIVOR-8,Sprinter,10,MIA,0.40023895537866594,1.0,True
2024,11,ATTACKOFTHESURVIVOR-8,Sprinter,10,MIN,0.04508048414769744,1.0,True
2024,11,ATTACKOFTHESURVIVOR-8,Sprinter,10,SF,0.038514038491077214,1.0,True
2024,11,ATTACKOFTHESURVIVOR-8,Sprinter,10,GB,0.03144035380797556,1.0,True
2024,11,ATTACKOFTHESURVIVOR-8,Sprinter,10,LA,0.010199774486498994,1.0,True
2024,11,ATTACKOFTHESURVIVOR-8,Sprinter,10,PHI,0.0031966334551024192,1.0,True
2024,11,ATTACKOFTHESURVIVOR-8,Sprinter,10,CLE,0.0006416111338725612,1.0,True
2024,11,ATTACKOFTHESURVIVOR-8,Sprinter,10,KC,0.00028397831392519015,1.0,True
2024,11,ATTACKOFTHESURVIVOR-8,Sprinter,10,NE,0.000262244921294735,1.0,True
2024,11,ATTACKOFTHESURVIVOR-8,Sprinter,10,DAL,0.000262244921294735,1.0,True
2024,11,ATTACKOFTHESURVIVOR-8,Sprinter,10,IND,0.000262244921294735,1.0,True
2024,11,ATTACKOFTHESURVIVOR-8,Sprinter,10,PIT,0.00026052551279733547,1.0,True
2024,11,ATTACKOFTHESURVIVOR-8,Sprinter,10,TEN,0.00026052551279733547,1.0,True
2024,11,ATTACKOFTHESURVIVOR-8,Sprinter,10,WAS,0.00026052551279733547,1.0,True
2024,11,ATTACKOFTHESURVIVOR-8,Sprinter,10,JAC,0.00026052551279733547,1.0,True
2024,11,ATTACKOFTHESURVIVOR-8,Sprinter,10,LV,0.00026052551279733547,1.0,True
2024,11,ATTACKOFTHESURVIVOR-8,Sprinter,10,SEA,0.00026052551279733547,1.0,True
2024,11,Abes Warriors-3,EV Hunter,10,DET,0.43141556226389965,1.0,True
2024,11,Abes Warriors-3,EV Hunter,10,MIA,0.3223474751178589,1.0,True
2024,11,Abes Warriors-3,EV Hunter,10,HOU,0.23627930104087852,1.0,True
2024,11,Abes Warriors-3,EV Hunter,10,BAL,0.002241080688582693,1.0,True
2024,11,Abes Warriors-3,EV Hunter,10,DEN,0.0016485940947716083,1.0,True
2024,11,Abes Warriors-3,EV Hunter,10,CLE,0.0014635653250115374,1.0,True
2024,11,Abes Warriors-3,EV Hunter,10,NO,0.0010726381769519215,1.0,True
2024,11,Abes Warriors-3,EV Hunter,10,CIN,0.0006674841155971369,1.0,True
2024,11,Abes Warriors-3,EV Hunter,10,ATL,0.00032940090365126263,1.0,True
2024,11,Abes Warriors-3,EV Hunter,10,KC,0.0003047205595512176,1.0,True
2024,11,Abes Warriors-3,EV Hunter,10,NE,0.0002799192706223185,1.0,True
2024,11,Abes Warriors-3,EV Hunter,10,DAL,0.0002799192706223185,1.0,True
2024,11,Abes Warriors-3,EV Hunter,10,IND,0.0002799192706223185,1.0,True
2024,11,Abes Warriors-3,EV Hunter,10,PIT,0.00027808398027573075,1.0,True
2024,11,Abes Warriors-3,EV Hunter,10,TEN,0.00027808398027573075,1.0,True
2024,11,Abes Warriors-3,EV Hunter,10,WAS,0.00027808398027573075,1.0,True
2024,11,Abes Warriors-3,EV Hunter,10,JAC,0.00027808398027573075,1.0,True
2024,11,Abes Warriors-3,EV Hunter,10,LV,0.00027808398027573075,1.0,True
2024,11,BADBOYS 305-1,Sprinter,10,MIA,0.4612920955990885,1.0,True
2024,11,BADBOYS 305-1,Sprinter,10,DET,0.4483150025578561,1.0,True
2024,11,BADBOYS 305-1,Sprinter,10,MIN,0.04846613880742199,1.0,True
2024,11,BADBOYS 305-1,Sprinter,10,GB,0.03333446522310275,1.0,True
2024,11,BADBOYS 305-1,Sprinter,10,NYJ,0.0033801053400053117,1.0,True
2024,11,BADBOYS 305-1,Sprinter,10,BAL,0.0010227338785892728,1.0,True
2024,11,BADBOYS 305-1,Sprinter,10,CLE,0.0006974933435424443,1.0,True
2024,11,BADBOYS 305-1,Sprinter,10,NO,0.0005721342779965367,1.0,True
2024,11,BADBOYS 305-1,Sprinter,10,ATL,0.0003151633058781128,1.0,True
2024,11,BADBOYS 305-1,Sprinter,10,KC,0.00031165738252969045,1.0,True
2024,11,BADBOYS 305-1,Sprinter,10,NE,0.00028780565889954715,1.0,True
2024,11,BADBOYS 305-1,Sprinter,10,DAL,0.00028780565889954715,1.0,True
2024,11,BADBOYS 305-1,Sprinter,10,IND,0.00028780565889954715,1.0,True
2024,11,BADBOYS 305-1,Sprinter,10,PIT,0.0002859186614581157,1.0,True
2024,11,BADBOYS 305-1,Sprinter,10,TEN,0.0002859186614581157,1.0,True
2024,11,BADBOYS 305-1,Sprinter,10,WAS,0.0002859186614581157,1.0,True
2024,11,BADBOYS 305-1,Sprinter,10,JAC,0.0002859186614581157,1.0,True
2024,11,BADBOYS 305-1,Sprinter,10,LV,0.0002859186614581157,1.0,True
2024,11,BIG FLAT IRON-1,Sprinter,10,MIA,0.4636064440464852,1.0,True
2024,11,BIG FLAT IRON-1,Sprinter,10,DET,0.44557322067948174,1.0,True
2024,11,BIG FLAT IRON-1,Sprinter,10,SF,0.04432397919950164,1.0,True
2024,11,BIG FLAT IRON-1,Sprinter,10,GB,0.03553125829358544,1.0,True
2024,11,BIG FLAT IRON-1,Sprinter,10,PHI,0.003884948372655355,1.0,True
2024,11,BIG FLAT IRON-1,Sprinter,10,BAL,0.0014153047274045997,1.0,True
2024,11,BIG FLAT IRON-1,Sprinter,10,CLE,0.0009652675198948419,1.0,True
2024,11,BIG FLAT IRON-1,Sprinter,10,BUF,0.0008142329238580974,1.0,True
2024,11,BIG FLAT IRON-1,Sprinter,10,NO,0.0008134437069137809,1.0,True
2024,11,BIG FLAT IRON-1,Sprinter,10,ATL,0.0003345264222276471,1.0,True
2024,11,BIG FLAT IRON-1,Sprinter,10,NE,0.0003054879663109358,1.0,True
2024,11,BIG FLAT IRON-1,Sprinter,10,DAL,0.0003054879663109358,1.0,True
2024,11,BIG FLAT IRON-1,Sprinter,10,IND,0.0003054879663109358,1.0,True
2024,11,BIG FLAT IRON-1,Sprinter,10,PIT,0.00030348503484314967,1.0,True
2024,11,BIG FLAT IRON-1,Sprinter,10,TEN,0.00030348503484314967,1.0,True
2024,11,BIG FLAT IRON-1,Sprinter,10,WAS,0.00030348503484314967,1.0,True
2024,11,BIG FLAT IRON-1,Sprinter,10,JAC,0.00030348503484314967,1.0,True
2024,11,BIG FLAT IRON-1,Sprinter,10,LV,0.00030348503484314967,1.0,True
2024,11,BIG FLAT IRON-1,Sprinter,10,SEA,0.00030348503484314967,1.0,True
2024,11,BIG HOUSE-2,Sprinter,10,MIA,0.7482048752197158,1.0,True
2024,11,BIG HOUSE-2,Sprinter,10,MIN,0.08529513865532322,1.0,True
2024,11,BIG HOUSE-2,Sprinter,10,SF,0.07226628517944798,1.0,True
2024,11,BIG HOUSE-2,Sprinter,10,GB,0.059773549058924055,1.0,True
2024,11,BIG HOUSE-2,Sprinter,10,LA,0.023696423574583923,1.0,True
2024,11,BIG HOUSE-2,Sprinter,10,BAL,0.0023573025701185144,1.0,True
2024,11,BIG HOUSE-2,Sprinter,10,CLE,0.0016169434892710994,1.0,True
2024,11,BIG HOUSE-2,Sprinter,10,NO,0.0013409626970985191,1.0,True
2024,11,BIG HOUSE-2,Sprinter,10,CIN,0.0009178282394323514,1.0,True
2024,11,BIG HOUSE-2,Sprinter,10,ATL,0.0005590055413032952,1.0,True
2024,11,BIG HOUSE-2,Sprinter,10,KC,0.0005367031402447276,1.0,True
2024,11,BIG HOUSE-2,Sprinter,10,NE,0.0004930207262000013,1.0,True
2024,11,BIG HOUSE-2,Sprinter,10,IND,0.0004930207262000013,1.0,True
2024,11,BIG HOUSE-2,Sprinter,10,CHI,0.0004897882364273218,1.0,True
2024,11,BIG HOUSE-2,Sprinter,10,PIT,0.0004897882364273218,1.0,True
2024,11,BIG HOUSE-2,Sprinter,10,TEN,0.0004897882364273218,1.0,True
2024,11,BIG HOUSE-2,Sprinter,10,LV,0.0004897882364273218,1.0,True
2024,11,BIG HOUSE-2,Sprinter,10,SEA,0.0004897882364273218,1.0,True
2024,11,BUBBA-4,Sprinter,10,MIA,0.47746516202149375,1.0,True
2024,11,BUBBA-4,Sprinter,10,DET,0.43076616331453066,1.0,True
2024,11,BUBBA-4,Sprinter,10,MIN,0.04668106271921534,1.0,True
2024,11,BUBBA-4,Sprinter,10,GB,0.030571557762686018,1.0,True
2024,11,BUBBA-4,Sprinter,10,LA,0.00941968425448855,1.0,True
2024,11,BUBBA-4,Sprinter,10,BAL,0.0009756547862575547,1.0,True
2024,11,BUBBA-4,Sprinter,10,CLE,0.0006742263959235965,1.0,True
2024,11,BUBBA-4,Sprinter,10,NO,0.0006393157991954283,1.0,True
2024,11,BUBBA-4,Sprinter,10,ATL,0.000303003123900874,1.0,True
2024,11,BUBBA-4,Sprinter,10,KC,0.000299632472219933,1.0,True
2024,11,BUBBA-4,Sprinter,10,NE,0.00027670103751430527,1.0,True
2024,11,BUBBA-4,Sprinter,10,DAL,0.00027670103751430527,1.0,True
2024,11,BUBBA-4,Sprinter,10,IND,0.00027670103751430527,1.0,True
2024,11,BUBBA-4,Sprinter,10,PIT,0.0002748868475090519,1.0,True
2024,11,BUBBA-4,Sprinter,10,TEN,0.0002748868475090519,1.0,True
2024,11,BUBBA-4,Sprinter,10,WAS,0.0002748868475090519,1.0,True
2024,11,BUBBA-4,Sprinter,10,JAC,0.0002748868475090519,1.0,True
2024,11,BUBBA-4,Sprinter,10,LV,0.0002748868475090519,1.0,True
2024,11,BURCULES-4,Sprinter,10,DET,0.3901803759475933,1.0,True
2024,11,BURCULES-4,Sprinter,10,MIA,0.38888437808961257,1.0,True
2024,11,BURCULES-4,Sprinter,10,HOU,0.17894173691664317,1.0,True
2024,11,BURCULES-4,Sprinter,10,GB,0.029277778003911983,1.0,True
2024,11,BURCULES-4,Sprinter,10,LA,0.008025317900852723,1.0,True
2024,11,BURCULES-4,Sprinter,10,BAL,0.0008459084594782146,1.0,True
2024,11,BURCULES-4,Sprinter,10,CLE,0.0005845651760731698,1.0,True
2024,11,BURCULES-4,Sprinter,10,BUF,0.000502336490679482,1.0,True
2024,11,BURCULES-4,Sprinter,10,NO,0.00046443148276484867,1.0,True
2024,11,BURCULES-4,Sprinter,10,CIN,0.000357424774084108,1.0,True
2024,11,BURCULES-4,Sprinter,10,ATL,0.0002627086028442986,1.0,True
2024,11,BURCULES-4,Sprinter,10,NE,0.00023990426908843267,1.0,True
2024,11,BURCULES-4,Sprinter,10,DAL,0.00023990426908843267,1.0,True
2024,11,BURCULES-4,Sprinter,10,IND,0.00023990426908843267,1.0,True
2024,11,BURCULES-4,Sprinter,10,PIT,0.00023833133704919033,1.0,True
2024,11,BURCULES-4,Sprinter,10,TEN,0.00023833133704919033,1.0,True
2024,11,BURCULES-4,Sprinter,10,JAC,0.00023833133704919033,1.0,True
2024,11,BURCULES-4,Sprinter,10,LV,0.00023833133704919033,1.0,True
2024,11,Browna-6,Sprinter,10,MIA,0.9192246829602662,1.0,True
2024,11,Browna-6,Sprinter,10,GB,0.06693757618041332,1.0,True
2024,11,Browna-6,Sprinter,10,BAL,0.0020411242697762895,1.0,True
2024,11,Browna-6,Sprinter,10,DEN,0.0014492194469340862,1.0,True
2024,11,Browna-6,Sprinter,10,CLE,0.0013783058976121504,1.0,True
2024,11,Browna-6,Sprinter,10,BUF,0.0012186344932255024,1.0,True
2024,11,Browna-6,Sprinter,10,NO,0.0010830564873373406,1.0,True
2024,11,Browna-6,Sprinter,10,LAC,0.0008975670659616273,1.0,True
2024,11,Browna-6,Sprinter,10,ATL,0.000622789374586069,1.0,True
2024,11,Browna-6,Sprinter,10,KC,0.0006158613732331605,1.0,True
2024,11,Browna-6,Sprinter,10,NE,0.0005687283480193636,1.0,True
2024,11,Browna-6,Sprinter,10,DAL,0.0005687283480193636,1.0,True
2024,11,Browna-6,Sprinter,10,IND,0.0005687283480193636,1.0,True
2024,11,Browna-6,Sprinter,10,CHI,0.0005649994813192246,1.0,True
2024,11,Browna-6,Sprinter,10,PIT,0.0005649994813192246,1.0,True
2024,11,Browna-6,Sprinter,10,TEN,0.0005649994813192246,1.0,True
2024,11,Browna-6,Sprinter,10,WAS,0.0005649994813192246,1.0,True
2024,11,Browna-6,Sprinter,10,LV,0.0005649994813192246,1.0,True
2024,11,C3 Picks-7,Sprinter,10,MIA,0.7809313038571544,1.0,True
2024,11,C3 Picks-7,Sprinter,10,MIN,0.07868560002267291,1.0,True
2024,11,C3 Picks-7,Sprinter,10,SF,0.0666941532278948,1.0,True
2024,11,C3 Picks-7,Sprinter,10,GB,0.05164831449601248,1.0,True
2024,11,C3 Picks-7,Sprinter,10,LA,0.014690534187452841,1.0,True
2024,11,C3 Picks-7,Sprinter,10,CLE,0.0011115425207347842,1.0,True
2024,11,C3 Picks-7,Sprinter,10,BUF,0.0009708970148894047,1.0,True
2024,11,C3 Picks-7,Sprinter,10,CIN,0.0006749038946065003,1.0,True
2024,11,C3 Picks-7,Sprinter,10,ATL,0.0004960569945398555,1.0,True
2024,11,C3 Picks-7,Sprinter,10,KC,0.0004905387829750291,1.0,True
2024,11,C3 Picks-7,Sprinter,10,NE,0.0004529969304881155,1.0,True
2024,11,C3 Picks-7,Sprinter,10,IND,0.0004529969304881155,1.0,True
2024,11,C3 Picks-7,Sprinter,10,CHI,0.0004500268566817985,1.0,True
2024,11,C3 Picks-7,Sprinter,10,PIT,0.0004500268566817985,1.0,True
2024,11,C3 Picks-7,Sprinter,10,TEN,0.0004500268566817985,1.0,True
2024,11,C3 Picks-7,Sprinter,10,JAC,0.0004500268566817985,1.0,True
2024,11,C3 Picks-7,Sprinter,10,LV,0.0004500268566817985,1.0,True
2024,11,C3 Picks-7,Sprinter,10,SEA,0.0004500268566817985,1.0,True
2024,11,C3 Picks-9,Sprinter,10,DET,0.5136300769311087,1.0,True
2024,11,C3 Picks-9,Sprinter,10,MIA,0.4106146273766477,1.0,True
2024,11,C3 Picks-9,Sprinter,10,SF,0.06356610732775174,1.0,True
2024,11,C3 Picks-9,Sprinter,10,PHI,0.004898026758803786,1.0,True
2024,11,C3 Picks-9,Sprinter,10,CLE,0.0015909099401753305,1.0,True
2024,11,C3 Picks-9,Sprinter,10,BUF,0.0010317790781168823,1.0,True
2024,11,C3 Picks-9,Sprinter,10,NO,0.0009969523268360209,1.0,True
2024,11,C3 Picks-9,Sprinter,10,ATL,0.00038942881647677013,1.0,True
2024,11,C3 Picks-9,Sprinter,10,KC,0.00036025088439891706,1.0,True
2024,11,C3 Picks-9,Sprinter,10,NE,0.0003293412537632284,1.0,True
2024,11,C3 Picks-9,Sprinter,10,IND,0.0003293412537632284,1.0,True
2024,11,C3 Picks-9,Sprinter,10,DAL,0.00032670254414363163,1.0,True
2024,11,C3 Picks-9,Sprinter,10,CHI,0.0003230762323959616,1.0,True
2024,11,C3 Picks-9,Sprinter,10,TEN,0.0003230762323959616,1.0,True
2024,11,C3 Picks-9,Sprinter,10,WAS,0.0003230762323959616,1.0,True
2024,11,C3 Picks-9,Sprinter,10,LV,0.0003230762323959616,1.0,True
2024,11,C3 Picks-9,Sprinter,10,SEA,0.0003230762323959616,1.0,True
2024,11,C3 Picks-9,Sprinter,10,PIT,0.000321074346034142,1.0,True
2024,11,CAGNEY & LACEY-1,Sprinter,10,DET,0.4383032045869447,1.0,True
2024,11,CAGNEY & LACEY-1,Sprinter,10,MIA,0.359050761855968,1.0,True
2024,11,CAGNEY & LACEY-1,Sprinter,10,HOU,0.168757534067724,1.0,True
2024,11,CAGNEY & LACEY-1,Sprinter,10,GB,0.02391653342128458,1.0,True
2024,11,CAGNEY & LACEY-1,Sprinter,10,LA,0.006628096110396139,1.0,True
2024,11,CAGNEY & LACEY-1,Sprinter,10,CLE,0.0005233980701831643,1.0,True
2024,11,CAGNEY & LACEY-1,Sprinter,10,NO,0.00040568039648076966,1.0,True
2024,11,CAGNEY & LACEY-1,Sprinter,10,CIN,0.0003092142317436568,1.0,True
2024,11,CAGNEY & LACEY-1,Sprinter,10,ATL,0.00022727366621160317,1.0,True
2024,11,CAGNEY & LACEY-1,Sprinter,10,KC,0.00022474544024750261,1.0,True
2024,11,CAGNEY & LACEY-1,Sprinter,10,NE,0.00020754525046086204,1.0,True
2024,11,CAGNEY & LACEY-1,Sprinter,10,DAL,0.00020754525046086204,1.0,True
2024,11,CAGNEY & LACEY-1,Sprinter,10,IND,0.00020754525046086204,1.0,True
2024,11,CAGNEY & LACEY-1,Sprinter,10,CHI,0.0002061844802866467,1.0,True
2024,11,CAGNEY & LACEY-1,Sprinter,10,PIT,0.0002061844802866467,1.0,True
2024,11,CAGNEY & LACEY-1,Sprinter,10,TEN,0.0002061844802866467,1.0,True
2024,11,CAGNEY & LACEY-1,Sprinter,10,JAC,0.0002061844802866467,1.0,True
2024,11,CAGNEY & LACEY-1,Sprinter,10,LV,0.0002061844802866467,1.0,True
2024,11,CB BBQ-1,Sprinter,10,DET,0.4687066095937486,1.0,True
2024,11,CB BBQ-1,Sprinter,10,MIA,0.4512484242685955,1.0,True
2024,11,CB BBQ-1,Sprinter,10,SF,0.03996819415268552,1.0,True
2024,11,CB BBQ-1,Sprinter,10,GB,0.03168710128317634,1.0,True
2024,11,CB BBQ-1,Sprinter,10,PHI,0.0031553169118679067,1.0,True
2024,11,CB BBQ-1,Sprinter,10,BAL,0.0009495521214533563,1.0,True
2024,11,CB BBQ-1,Sprinter,10,CLE,0.0006706586866955445,1.0,True
2024,11,CB BBQ-1,Sprinter,10,BUF,0.0005891435292652056,1.0,True
2024,11,CB BBQ-1,Sprinter,10,NO,0.0005514322002397482,1.0,True
2024,11,CB BBQ-1,Sprinter,10,KC,0.00029597077019220927,1.0,True
2024,11,CB BBQ-1,Sprinter,10,NE,0.00027331957240595846,1.0,True
2024,11,CB BBQ-1,Sprinter,10,DAL,0.00027331957240595846,1.0,True
2024,11,CB BBQ-1,Sprinter,10,IND,0.00027331957240595846,1.0,True
2024,11,CB BBQ-1,Sprinter,10,PIT,0.0002715275529724449,1.0,True
2024,11,CB BBQ-1,Sprinter,10,TEN,0.0002715275529724449,1.0,True
2024,11,CB BBQ-1,Sprinter,10,WAS,0.0002715275529724449,1.0,True
2024,11,CB BBQ-1,Sprinter,10,JAC,0.0002715275529724449,1.0,True
2024,11,CB BBQ-1,Sprinter,10,LV,0.0002715275529724449,1.0,True
2024,11,COACHD-4,Sprinter,10,MIA,0.3585144689861074,1.0,True
2024,11,COACHD-4,Sprinter,10,DET,0.318248905532226,1.0,True
2024,11,COACHD-4,Sprinter,10,HOU,0.21109183129330444,1.0,True
2024,11,COACHD-4,Sprinter,10,MIN,0.05043165681254358,1.0,True
2024,11,COACHD-4,Sprinter,10,GB,0.034325414672795186,1.0,True
2024,11,COACHD-4,Sprinter,10,LA,0.017199673876194924,1.0,True
2024,11,COACHD-4,Sprinter,10,PHI,0.004088144674220406,1.0,True
2024,11,COACHD-4,Sprinter,10,CLE,0.0013233427053652132,1.0,True
2024,11,COACHD-4,Sprinter,10,NO,0.0008898808008739034,1.0,True
2024,11,COACHD-4,Sprinter,10,BUF,0.0008820320317193019,1.0,True
2024,11,COACHD-4,Sprinter,10,CIN,0.0006497898213882188,1.0,True
2024,11,COACHD-4,Sprinter,10,ATL,0.0003678375987550651,1.0,True
2024,11,COACHD-4,Sprinter,10,KC,0.00034027738744544286,1.0,True
2024,11,COACHD-4,Sprinter,10,NE,0.00027775117447252575,1.0,True
2024,11,COACHD-4,Sprinter,10,IND,0.00027775117447252575,1.0,True
2024,11,COACHD-4,Sprinter,10,DAL,0.0002755258088751085,1.0,True
2024,11,COACHD-4,Sprinter,10,WAS,0.0002724675453402192,1.0,True
2024,11,COACHD-4,Sprinter,10,LV,0.0002724675453402192,1.0,True
2024,11,COACHD-4,Sprinter,10,PIT,0.00027078055856022485,1.0,True
2024,11,COUNTRY SOUDED-9,EV Hunter,10,DET,0.49741226971917357,1.0,True
2024,11,COUNTRY SOUDED-9,EV Hunter,10,MIA,0.3938297665240065,1.0,True
2024,11,COUNTRY SOUDED-9,EV Hunter,10,SF,0.05409154511193831,1.0,True
2024,11,COUNTRY SOUDED-9,EV Hunter,10,GB,0.04174010453232213,1.0,True
2024,11,COUNTRY SOUDED-9,EV Hunter,10,NYJ,0.00495269858320272,1.0,True
2024,11,COUNTRY SOUDED-9,EV Hunter,10,BAL,0.002556915327836878,1.0,True
2024,11,COUNTRY SOUDED-9,EV Hunter,10,CLE,0.0014919580479133404,1.0,True
2024,11,COUNTRY SOUDED-9,EV Hunter,10,CIN,0.0006871688583189469,1.0,True
2024,11,COUNTRY SOUDED-9,EV Hunter,10,ATL,0.00037582324627583535,1.0,True
2024,11,COUNTRY SOUDED-9,EV Hunter,10,NE,0.0003193681857406786,1.0,True
2024,11,COUNTRY SOUDED-9,EV Hunter,10,DAL,0.0003193681857406786,1.0,True
2024,11,COUNTRY SOUDED-9,EV Hunter,10,IND,0.0003193681857406786,1.0,True
2024,11,COUNTRY SOUDED-9,EV Hunter,10,CHI,0.0003172742486316185,1.0,True
2024,11,COUNTRY SOUDED-9,EV Hunter,10,PIT,0.0003172742486316185,1.0,True
2024,11,COUNTRY SOUDED-9,EV Hunter,10,TEN,0.0003172742486316185,1.0,True
2024,11,COUNTRY SOUDED-9,EV Hunter,10,WAS,0.0003172742486316185,1.0,True
2024,11,COUNTRY SOUDED-9,EV Hunter,10,LV,0.0003172742486316185,1.0,True
2024,11,COUNTRY SOUDED-9,EV Hunter,10,SEA,0.0003172742486316185,1.0,True
2024,11,DALLAS-3,Sprinter,10,DET,0.5031812173553772,1.0,True
2024,11,DALLAS-3,Sprinter,10,MIA,0.44805038358362825,1.0,True
2024,11,DALLAS-3,Sprinter,10,GB,0.033366912744094125,1.0,True
2024,11,DALLAS-3,Sprinter,10,LA,0.009849178692517845,1.0,True
2024,11,DALLAS-3,Sprinter,10,BAL,0.0010066565163479222,1.0,True
2024,11,DALLAS-3,Sprinter,10,CLE,0.0006865287579549101,1.0,True
2024,11,DALLAS-3,Sprinter,10,NO,0.0005631403351629112,1.0,True
2024,11,DALLAS-3,Sprinter,10,CIN,0.00042205074449450916,1.0,True
2024,11,DALLAS-3,Sprinter,10,ATL,0.0003102089431256309,1.0,True
2024,11,DALLAS-3,Sprinter,10,KC,0.0003067581328431224,1.0,True
2024,11,DALLAS-3,Sprinter,10,NE,0.0002832813579742456,1.0,True
2024,11,DALLAS-3,Sprinter,10,DAL,0.0002832813579742456,1.0,True
2024,11,DALLAS-3,Sprinter,10,IND,0.0002832813579742456,1.0,True
2024,11,DALLAS-3,Sprinter,10,CHI,0.00028142402410615377,1.0,True
2024,11,DALLAS-3,Sprinter,10,PIT,0.00028142402410615377,1.0,True
2024,11,DALLAS-3,Sprinter,10,TEN,0.00028142402410615377,1.0,True
2024,11,DALLAS-3,Sprinter,10,JAC,0.00028142402410615377,1.0,True
2024,11,DALLAS-3,Sprinter,10,LV,0.00028142402410615377,1.0,True
2024,11,DOG @ JOE FUND 1-1,Sprinter,10,DET,0.40399870869258864,1.0,True
2024,11,DOG @ JOE FUND 1-1,Sprinter,10,MIA,0.3629948740373574,1.0,True
2024,11,DOG @ JOE FUND 1-1,Sprinter,10,HOU,0.1795825957984197,1.0,True
2024,11,DOG @ JOE FUND 1-1,Sprinter,10,MIN,0.040277190574430584,1.0,True
2024,11,DOG @ JOE FUND 1-1,Sprinter,10,LA,0.008477779605951833,1.0,True
2024,11,DOG @ JOE FUND 1-1,Sprinter,10,BAL,0.000855151241485096,1.0,True
2024,11,DOG @ JOE FUND 1-1,Sprinter,10,CLE,0.0005774562661088945,1.0,True
2024,11,DOG @ JOE FUND 1-1,Sprinter,10,BUF,0.0005105601923554448,1.0,True
2024,11,DOG @ JOE FUND 1-1,Sprinter,10,NO,0.00044808636433416184,1.0,True
2024,11,DOG @ JOE FUND 1-1,Sprinter,10,CIN,0.0003549972877323882,1.0,True
2024,11,DOG @ JOE FUND 1-1,Sprinter,10,ATL,0.0002609243909090233,1.0,True
2024,11,DOG @ JOE FUND 1-1,Sprinter,10,NE,0.0002382749350826302,1.0,True
2024,11,DOG @ JOE FUND 1-1,Sprinter,10,DAL,0.0002382749350826302,1.0,True
2024,11,DOG @ JOE FUND 1-1,Sprinter,10,IND,0.0002382749350826302,1.0,True
2024,11,DOG @ JOE FUND 1-1,Sprinter,10,PIT,0.00023671268576975243,1.0,True
2024,11,DOG @ JOE FUND 1-1,Sprinter,10,TEN,0.00023671268576975243,1.0,True
2024,11,DOG @ JOE FUND 1-1,Sprinter,10,JAC,0.00023671268576975243,1.0,True
2024,11,DOG @ JOE FUND 1-1,Sprinter,10,LV,0.00023671268576975243,1.0,True
2024,11,DR STRANGE-2,Sprinter,10,DET,0.4976812550679772,1.0,True
2024,11,DR STRANGE-2,Sprinter,10,MIA,0.43650525001452745,1.0,True
2024,11,DR STRANGE-2,Sprinter,10,MIN,0.048643203325725,1.0,True
2024,11,DR STRANGE-2,Sprinter,10,LA,0.012469107210443737,1.0,True
2024,11,DR STRANGE-2,Sprinter,10,CLE,0.0006725225022727955,1.0,True
2024,11,DR STRANGE-2,Sprinter,10,NO,0.0005431858779848086,1.0,True
2024,11,DR STRANGE-2,Sprinter,10,CIN,0.0004112051372202253,1.0,True
2024,11,DR STRANGE-2,Sprinter,10,ATL,0.0003022373794831101,1.0,True
2024,11,DR STRANGE-2,Sprinter,10,KC,0.0002988752460566204,1.0,True
2024,11,DR STRANGE-2,Sprinter,10,NE,0.00027600176328855384,1.0,True
2024,11,DR STRANGE-2,Sprinter,10,DAL,0.00027600176328855384,1.0,True
2024,11,DR STRANGE-2,Sprinter,10,IND,0.00027600176328855384,1.0,True
2024,11,DR STRANGE-2,Sprinter,10,CHI,0.00027419215807388393,1.0,True
2024,11,DR STRANGE-2,Sprinter,10,PIT,0.00027419215807388393,1.0,True
2024,11,DR STRANGE-2,Sprinter,10,TEN,0.00027419215807388393,1.0,True
2024,11,DR STRANGE-2,Sprinter,10,WAS,0.00027419215807388393,1.0,True
2024,11,DR STRANGE-2,Sprinter,10,JAC,0.00027419215807388393,1.0,True
2024,11,DR STRANGE-2,Sprinter,10,LV,0.00027419215807388393,1.0,True
2024,11,DR STRANGE-3,Sprinter,10,DET,0.4025749995835889,1.0,True
2024,11,DR STRANGE-3,Sprinter,10,MIA,0.3484282359824643,1.0,True
2024,11,DR STRANGE-3,Sprinter,10,HOU,0.1936980854362688,1.0,True
2024,11,DR STRANGE-3,Sprinter,10,MIN,0.04008918021571166,1.0,True
2024,11,DR STRANGE-3,Sprinter,10,LA,0.01111004251843492,1.0,True
2024,11,DR STRANGE-3,Sprinter,10,CLE,0.0007229568588048421,1.0,True
2024,11,DR STRANGE-3,Sprinter,10,NO,0.000622899897751642,1.0,True
2024,11,DR STRANGE-3,Sprinter,10,CIN,0.00041974244872639433,1.0,True
2024,11,DR STRANGE-3,Sprinter,10,ATL,0.00025191393367567176,1.0,True
2024,11,DR STRANGE-3,Sprinter,10,KC,0.0002491116057225311,1.0,True
2024,11,DR STRANGE-3,Sprinter,10,NE,0.00023004662762213588,1.0,True
2024,11,DR STRANGE-3,Sprinter,10,DAL,0.00023004662762213588,1.0,True
2024,11,DR STRANGE-3,Sprinter,10,IND,0.00023004662762213588,1.0,True
2024,11,DR STRANGE-3,Sprinter,10,CHI,0.00022853832719679776,1.0,True
2024,11,DR STRANGE-3,Sprinter,10,PIT,0.00022853832719679776,1.0,True
2024,11,DR STRANGE-3,Sprinter,10,TEN,0.00022853832719679776,1.0,True
2024,11,DR STRANGE-3,Sprinter,10,JAC,0.00022853832719679776,1.0,True
2024,11,DR STRANGE-3,Sprinter,10,LV,0.00022853832719679776,1.0,True
2024,11,DRAKEMAY-9,Sprinter,10,MIA,0.5203394705210959,1.0,True
2024,11,DRAKEMAY-9,Sprinter,10,HOU,0.3158067281652004,1.0,True
2024,11,DRAKEMAY-9,Sprinter,10,MIN,0.0763848849202296,1.0,True
2024,11,DRAKEMAY-9,Sprinter,10,GB,0.051990020065501394,1.0,True
2024,11,DRAKEMAY-9,Sprinter,10,LA,0.020335473720233067,1.0,True
2024,11,DRAKEMAY-9,Sprinter,10,PHI,0.005708577140243156,1.0,True
2024,11,DRAKEMAY-9,Sprinter,10,DEN,0.0026091477712791656,1.0,True
2024,11,DRAKEMAY-9,Sprinter,10,CLE,0.0016669815680412428,1.0,True
2024,11,DRAKEMAY-9,Sprinter,10,BUF,0.0013580612454401836,1.0,True
2024,11,DRAKEMAY-9,Sprinter,10,ATL,0.0004970727686951688,1.0,True
2024,11,DRAKEMAY-9,Sprinter,10,KC,0.0004598296195775606,1.0,True
2024,11,DRAKEMAY-9,Sprinter,10,NE,0.00040884353060969864,1.0,True
2024,11,DRAKEMAY-9,Sprinter,10,DAL,0.00040884353060969864,1.0,True
2024,11,DRAKEMAY-9,Sprinter,10,IND,0.00040884353060969864,1.0,True
2024,11,DRAKEMAY-9,Sprinter,10,PIT,0.00040430547565853474,1.0,True
2024,11,DRAKEMAY-9,Sprinter,10,TEN,0.00040430547565853474,1.0,True
2024,11,DRAKEMAY-9,Sprinter,10,WAS,0.00040430547565853474,1.0,True
2024,11,DRAKEMAY-9,Sprinter,10,LV,0.00040430547565853474,1.0,True
2024,11,DREAM STAKES-1,Sprinter,10,MIA,0.4729712781032347,1.0,True
2024,11,DREAM STAKES-1,Sprinter,10,DET,0.4422204947493377,1.0,True
2024,11,DREAM STAKES-1,Sprinter,10,MIN,0.04411494009547195,1.0,True
2024,11,DREAM STAKES-1,Sprinter,10,GB,0.02763435981707897,1.0,True
2024,11,DREAM STAKES-1,Sprinter,10,LA,0.00812488698311631,1.0,True
2024,11,DREAM STAKES-1,Sprinter,10,BAL,0.0008722709590169792,1.0,True
2024,11,DREAM STAKES-1,Sprinter,10,CLE,0.000625931540594072,1.0,True
2024,11,DREAM STAKES-1,Sprinter,10,NO,0.0005903009145908989,1.0,True
2024,11,DREAM STAKES-1,Sprinter,10,BUF,0.0005298317874934396,1.0,True
2024,11,DREAM STAKES-1,Sprinter,10,ATL,0.00027708791062863573,1.0,True
2024,11,DREAM STAKES-1,Sprinter,10,KC,0.00027400554362295965,1.0,True
2024,11,DREAM STAKES-1,Sprinter,10,NE,0.0002530353857958804,1.0,True
2024,11,DREAM STAKES-1,Sprinter,10,DAL,0.0002530353857958804,1.0,True
2024,11,DREAM STAKES-1,Sprinter,10,IND,0.0002530353857958804,1.0,True
2024,11,DREAM STAKES-1,Sprinter,10,PIT,0.00025137635960642286,1.0,True
2024,11,DREAM STAKES-1,Sprinter,10,TEN,0.00025137635960642286,1.0,True
2024,11,DREAM STAKES-1,Sprinter,10,JAC,0.00025137635960642286,1.0,True
2024,11,DREAM STAKES-1,Sprinter,10,LV,0.00025137635960642286,1.0,True
2024,11,DRGUESSEDIT-2,Sprinter,10,MIA,0.8114978954665848,1.0,True
2024,11,DRGUESSEDIT-2,Sprinter,10,GB,0.10539945329051334,1.0,True
2024,11,DRGUESSEDIT-2,Sprinter,10,LA,0.04423370837746775,1.0,True
2024,11,DRGUESSEDIT-2,Sprinter,10,NYJ,0.01247983656279691,1.0,True
2024,11,DRGUESSEDIT-2,Sprinter,10,DEN,0.005502848875672336,1.0,True
2024,11,DRGUESSEDIT-2,Sprinter,10,BAL,0.00492439513709217,1.0,True
2024,11,DRGUESSEDIT-2,Sprinter,10,CLE,0.004856278364507451,1.0,True
2024,11,DRGUESSEDIT-2,Sprinter,10,CIN,0.0019797855818539135,1.0,True
2024,11,DRGUESSEDIT-2,Sprinter,10,ATL,0.0016287274984620266,1.0,True
2024,11,DRGUESSEDIT-2,Sprinter,10,KC,0.001506695182637521,1.0,True
2024,11,DRGUESSEDIT-2,Sprinter,10,NE,0.0007585756154539836,1.0,True
2024,11,DRGUESSEDIT-2,Sprinter,10,IND,0.0007585756154539836,1.0,True
2024,11,DRGUESSEDIT-2,Sprinter,10,DAL,0.0007524978442946832,1.0,True
2024,11,DRGUESSEDIT-2,Sprinter,10,CHI,0.0007441453174418083,1.0,True
2024,11,DRGUESSEDIT-2,Sprinter,10,TEN,0.0007441453174418083,1.0,True
2024,11,DRGUESSEDIT-2,Sprinter,10,JAC,0.0007441453174418083,1.0,True
2024,11,DRGUESSEDIT-2,Sprinter,10,LV,0.0007441453174418083,1.0,True
2024,11,DRGUESSEDIT-2,Sprinter,10,SEA,0.0007441453174418083,1.0,True
2024,11,DURBIFY-1,Sprinter,10,MIA,0.4679377156892007,1.0,True
2024,11,DURBIFY-1,Sprinter,10,DET,0.45046900273804796,1.0,True
2024,11,DURBIFY-1,Sprinter,10,MIN,0.04612666673122938,1.0,True
2024,11,DURBIFY-1,Sprinter,10,GB,0.029956555450498166,1.0,True
2024,11,DURBIFY-1,Sprinter,10,BAL,0.0009413509498276953,1.0,True
2024,11,DURBIFY-1,Sprinter,10,CLE,0.0006886534520124228,1.0,True
2024,11,DURBIFY-1,Sprinter,10,BUF,0.0005786441076197973,1.0,True
2024,11,DURBIFY-1,Sprinter,10,NO,0.000531028011082282,1.0,True
2024,11,DURBIFY-1,Sprinter,10,ATL,0.0002990320440680411,1.0,True
2024,11,DURBIFY-1,Sprinter,10,KC,0.00029570556726801013,1.0,True
2024,11,DURBIFY-1,Sprinter,10,NE,0.000273074665958623,1.0,True
2024,11,DURBIFY-1,Sprinter,10,DAL,0.000273074665958623,1.0,True
2024,11,DURBIFY-1,Sprinter,10,IND,0.000273074665958623,1.0,True
2024,11,DURBIFY-1,Sprinter,10,PIT,0.000271284252253924,1.0,True
2024,11,DURBIFY-1,Sprinter,10,TEN,0.000271284252253924,1.0,True
2024,11,DURBIFY-1,Sprinter,10,WAS,0.000271284252253924,1.0,True
2024,11,DURBIFY-1,Sprinter,10,JAC,0.000271284252253924,1.0,True
2024,11,DURBIFY-1,Sprinter,10,LV,0.000271284252253924,1.0,True
2024,11,EL LOCO IS-5,EV Hunter,10,DET,0.4934195556212368,1.0,True
2024,11,EL LOCO IS-5,EV Hunter,10,MIA,0.41357160974451107,1.0,True
2024,11,EL LOCO IS-5,EV Hunter,10,MIN,0.06446222678155428,1.0,True
2024,11,EL LOCO IS-5,EV Hunter,10,LA,0.020980372863215187,1.0,True
2024,11,EL LOCO IS-5,EV Hunter,10,CLE,0.001645948372032405,1.0,True
2024,11,EL LOCO IS-5,EV Hunter,10,NO,0.0010207734872465586,1.0,True
2024,11,EL LOCO IS-5,EV Hunter,10,LAC,0.00084913728395774,1.0,True
2024,11,EL LOCO IS-5,EV Hunter,10,CIN,0.0007466337937673506,1.0,True
2024,11,EL LOCO IS-5,EV Hunter,10,ATL,0.00039358002732468856,1.0,True
2024,11,EL LOCO IS-5,EV Hunter,10,NE,0.0003280248837814502,1.0,True
2024,11,EL LOCO IS-5,EV Hunter,10,IND,0.0003280248837814502,1.0,True
2024,11,EL LOCO IS-5,EV Hunter,10,DAL,0.00032539672102804205,1.0,True
2024,11,EL LOCO IS-5,EV Hunter,10,CHI,0.0003217849035712471,1.0,True
2024,11,EL LOCO IS-5,EV Hunter,10,TEN,0.0003217849035712471,1.0,True
2024,11,EL LOCO IS-5,EV Hunter,10,JAC,0.0003217849035712471,1.0,True
2024,11,EL LOCO IS-5,EV Hunter,10,LV,0.0003217849035712471,1.0,True
2024,11,EL LOCO IS-5,EV Hunter,10,SEA,0.0003217849035712471,1.0,True
2024,11,EL LOCO IS-5,EV Hunter,10,PIT,0.0003197910187066088,1.0,True
2024,11,FLOWMASTER-5,Sprinter,10,MIA,0.8448083617411581,1.0,True
2024,11,FLOWMASTER-5,Sprinter,10,MIN,0.07913243560293633,1.0,True
2024,11,FLOWMASTER-5,Sprinter,10,GB,0.051959323996394226,1.0,True
2024,11,FLOWMASTER-5,Sprinter,10,LA,0.014587328716657258,1.0,True
2024,11,FLOWMASTER-5,Sprinter,10,BAL,0.0015944654489676196,1.0,True
2024,11,FLOWMASTER-5,Sprinter,10,CLE,0.0011664450285486757,1.0,True
2024,11,FLOWMASTER-5,Sprinter,10,NO,0.00107903903377672,1.0,True
2024,11,FLOWMASTER-5,Sprinter,10,BUF,0.0009801105921413743,1.0,True
2024,11,FLOWMASTER-5,Sprinter,10,ATL,0.0005065021313123728,1.0,True
2024,11,FLOWMASTER-5,Sprinter,10,KC,0.0005008677264972372,1.0,True
2024,11,FLOWMASTER-5,Sprinter,10,NE,0.00046253538060284067,1.0,True
2024,11,FLOWMASTER-5,Sprinter,10,DAL,0.00046253538060284067,1.0,True
2024,11,FLOWMASTER-5,Sprinter,10,IND,0.00046253538060284067,1.0,True
2024,11,FLOWMASTER-5,Sprinter,10,CHI,0.0004595027679603155,1.0,True
2024,11,FLOWMASTER-5,Sprinter,10,PIT,0.0004595027679603155,1.0,True
2024,11,FLOWMASTER-5,Sprinter,10,TEN,0.0004595027679603155,1.0,True
2024,11,FLOWMASTER-5,Sprinter,10,JAC,0.0004595027679603155,1.0,True
2024,11,FLOWMASTER-5,Sprinter,10,LV,0.0004595027679603155,1.0,True
2024,11,Gilkey-2,Sprinter,10,DET,0.5075964553010077,1.0,True
2024,11,Gilkey-2,Sprinter,10,MIA,0.4435529439184027,1.0,True
2024,11,Gilkey-2,Sprinter,10,GB,0.03365147994990333,1.0,True
2024,11,Gilkey-2,Sprinter,10,LA,0.009452229782027102,1.0,True
2024,11,Gilkey-2,Sprinter,10,BAL,0.0010160720367360847,1.0,True
2024,11,Gilkey-2,Sprinter,10,CLE,0.0006861209292198694,1.0,True
2024,11,Gilkey-2,Sprinter,10,BUF,0.0006102535410288715,1.0,True
2024,11,Gilkey-2,Sprinter,10,NO,0.0005622205147447924,1.0,True
2024,11,Gilkey-2,Sprinter,10,ATL,0.0003100246651628983,1.0,True
2024,11,Gilkey-2,Sprinter,10,KC,0.0003065759048157727,1.0,True
2024,11,Gilkey-2,Sprinter,10,NE,0.0002831130761993824,1.0,True
2024,11,Gilkey-2,Sprinter,10,DAL,0.0002831130761993824,1.0,True
2024,11,Gilkey-2,Sprinter,10,IND,0.0002831130761993824,1.0,True
2024,11,Gilkey-2,Sprinter,10,CHI,0.0002812568456705363,1.0,True
2024,11,Gilkey-2,Sprinter,10,PIT,0.0002812568456705363,1.0,True
2024,11,Gilkey-2,Sprinter,10,TEN,0.0002812568456705363,1.0,True
2024,11,Gilkey-2,Sprinter,10,JAC,0.0002812568456705363,1.0,True
2024,11,Gilkey-2,Sprinter,10,LV,0.0002812568456705363,1.0,True
2024,11,Greatestdancer1-7,Sprinter,10,MIA,0.8122077721928338,1.0,True
2024,11,Greatestdancer1-7,Sprinter,10,MIN,0.09367842956155147,1.0,True
2024,11,Greatestdancer1-7,Sprinter,10,GB,0.05860602793232215,1.0,True
2024,11,Greatestdancer1-7,Sprinter,10,LA,0.018480016572656143,1.0,True
2024,11,Greatestdancer1-7,Sprinter,10,NYJ,0.007059172881203144,1.0,True
2024,11,Greatestdancer1-7,Sprinter,10,DEN,0.0016512343836070232,1.0,True
2024,11,Greatestdancer1-7,Sprinter,10,CLE,0.0015560661942238833,1.0,True
2024,11,Greatestdancer1-7,Sprinter,10,NO,0.0012398607679162397,1.0,True
2024,11,Greatestdancer1-7,Sprinter,10,CIN,0.0009175020186136584,1.0,True
2024,11,Greatestdancer1-7,Sprinter,10,ATL,0.0005563225789012394,1.0,True
2024,11,Greatestdancer1-7,Sprinter,10,NE,0.0005080311806454047,1.0,True
2024,11,Greatestdancer1-7,Sprinter,10,DAL,0.0005080311806454047,1.0,True
2024,11,Greatestdancer1-7,Sprinter,10,IND,0.0005080311806454047,1.0,True
2024,11,Greatestdancer1-7,Sprinter,10,CHI,0.0005047002748469894,1.0,True
2024,11,Greatestdancer1-7,Sprinter,10,PIT,0.0005047002748469894,1.0,True
2024,11,Greatestdancer1-7,Sprinter,10,TEN,0.0005047002748469894,1.0,True
2024,11,Greatestdancer1-7,Sprinter,10,JAC,0.0005047002748469894,1.0,True
2024,11,Greatestdancer1-7,Sprinter,10,LV,0.0005047002748469894,1.0,True
2024,11,H TOWN PKR-9,Sprinter,10,DET,0.4019359653721546,1.0,True
2024,11,H TOWN PKR-9,Sprinter,10,MIA,0.3478128823898614,1.0,True
2024,11,H TOWN PKR-9,Sprinter,10,HOU,0.204927630848466,1.0,True
2024,11,H TOWN PKR-9,Sprinter,10,GB,0.028451549431207552,1.0,True
2024,11,H TOWN PKR-9,Sprinter,10,LA,0.009016707997190709,1.0,True
2024,11,H TOWN PKR-9,Sprinter,10,NYJ,0.0030894302674478024,1.0,True
2024,11,H TOWN PKR-9,Sprinter,10,BAL,0.0010726416845798087,1.0,True
2024,11,H TOWN PKR-9,Sprinter,10,CLE,0.000745318673399161,1.0,True
2024,11,H TOWN PKR-9,Sprinter,10,NO,0.0006047608508685674,1.0,True
2024,11,H TOWN PKR-9,Sprinter,10,CIN,0.00043113012037374987,1.0,True
2024,11,H TOWN PKR-9,Sprinter,10,ATL,0.0002594834337045301,1.0,True
2024,11,H TOWN PKR-9,Sprinter,10,NE,0.00023695905969374338,1.0,True
2024,11,H TOWN PKR-9,Sprinter,10,DAL,0.00023695905969374338,1.0,True
2024,11,H TOWN PKR-9,Sprinter,10,IND,0.00023695905969374338,1.0,True
2024,11,H TOWN PKR-9,Sprinter,10,PIT,0.00023540543791620165,1.0,True
2024,11,H TOWN PKR-9,Sprinter,10,TEN,0.00023540543791620165,1.0,True
2024,11,H TOWN PKR-9,Sprinter,10,JAC,0.00023540543791620165,1.0,True
2024,11,H TOWN PKR-9,Sprinter,10,LV,0.00023540543791620165,1.0,True
2024,11,HOFF_66-1,EV Hunter,10,DET,0.4627047750735358,1.0,True
2024,11,HOFF_66-1,EV Hunter,10,MIA,0.4040179906545092,1.0,True
2024,11,HOFF_66-1,EV Hunter,10,MIN,0.06924290655712279,1.0,True
2024,11,HOFF_66-1,EV Hunter,10,GB,0.04776248422196978,1.0,True
2024,11,HOFF_66-1,EV Hunter,10,PHI,0.0055480301746875516,1.0,True
2024,11,HOFF_66-1,EV Hunter,10,BAL,0.0029306156011535936,1.0,True
2024,11,HOFF_66-1,EV Hunter,10,CLE,0.0017697667221913793,1.0,True
2024,11,HOFF_66-1,EV Hunter,10,NO,0.0011299293065261307,1.0,True
2024,11,HOFF_66-1,EV Hunter,10,LAC,0.0008829719696008616,1.0,True
2024,11,HOFF_66-1,EV Hunter,10,CIN,0.0008046025835885573,1.0,True
2024,11,HOFF_66-1,EV Hunter,10,NE,0.0003613626550061533,1.0,True
2024,11,HOFF_66-1,EV Hunter,10,IND,0.0003613626550061533,1.0,True
2024,11,HOFF_66-1,EV Hunter,10,DAL,0.0003584673872465507,1.0,True
2024,11,HOFF_66-1,EV Hunter,10,CHI,0.000354488494149969,1.0,True
2024,11,HOFF_66-1,EV Hunter,10,TEN,0.000354488494149969,1.0,True
2024,11,HOFF_66-1,EV Hunter,10,JAC,0.000354488494149969,1.0,True
2024,11,HOFF_66-1,EV Hunter,10,LV,0.000354488494149969,1.0,True
2024,11,HOFF_66-1,EV Hunter,10,SEA,0.000354488494149969,1.0,True
2024,11,HOFF_66-1,EV Hunter,10,PIT,0.00035229196710556855,1.0,True
2024,11,HUESOS-5,Sprinter,10,MIA,0.8392853120586069,1.0,True
2024,11,HUESOS-5,Sprinter,10,MIN,0.08791760944226652,1.0,True
2024,11,HUESOS-5,Sprinter,10,GB,0.06132322931846524,1.0,True
2024,11,HUESOS-5,Sprinter,10,BAL,0.0018452539125979703,1.0,True
2024,11,HUESOS-5,Sprinter,10,DEN,0.0013231896600562146,1.0,True
2024,11,HUESOS-5,Sprinter,10,CLE,0.0012584430301243715,1.0,True
2024,11,HUESOS-5,Sprinter,10,NO,0.0010052555903369773,1.0,True
2024,11,HUESOS-5,Sprinter,10,CIN,0.0007736410334070816,1.0,True
2024,11,HUESOS-5,Sprinter,10,ATL,0.0005686291766154058,1.0,True
2024,11,HUESOS-5,Sprinter,10,KC,0.000562303661335841,1.0,True
2024,11,HUESOS-5,Sprinter,10,NE,0.0005192695081977472,1.0,True
2024,11,HUESOS-5,Sprinter,10,DAL,0.0005192695081977472,1.0,True
2024,11,HUESOS-5,Sprinter,10,IND,0.0005192695081977472,1.0,True
2024,11,HUESOS-5,Sprinter,10,PIT,0.0005158649183188369,1.0,True
2024,11,HUESOS-5,Sprinter,10,TEN,0.0005158649183188369,1.0,True
2024,11,HUESOS-5,Sprinter,10,WAS,0.0005158649183188369,1.0,True
2024,11,HUESOS-5,Sprinter,10,JAC,0.0005158649183188369,1.0,True
2024,11,HUESOS-5,Sprinter,10,LV,0.0005158649183188369,1.0,True
2024,11,He1ter Ske1ter-1,Sprinter,10,DET,0.5206822978988919,1.0,True
2024,11,He1ter Ske1ter-1,Sprinter,10,MIA,0.42381393749049134,1.0,True
2024,11,He1ter Ske1ter-1,Sprinter,10,GB,0.04555547321240045,1.0,True
2024,11,He1ter Ske1ter-1,Sprinter,10,BAL,0.0021310773128089514,1.0,True
2024,11,He1ter Ske1ter-1,Sprinter,10,CLE,0.001428284291299822,1.0,True
2024,11,He1ter Ske1ter-1,Sprinter,10,BUF,0.0011521928699249537,1.0,True
2024,11,He1ter Ske1ter-1,Sprinter,10,NO,0.0009969976082830447,1.0,True
2024,11,He1ter Ske1ter-1,Sprinter,10,CIN,0.000719315744002797,1.0,True
2024,11,He1ter Ske1ter-1,Sprinter,10,ATL,0.0004217215547880495,1.0,True
2024,11,He1ter Ske1ter-1,Sprinter,10,NE,0.0003468669785439272,1.0,True
2024,11,He1ter Ske1ter-1,Sprinter,10,DAL,0.0003468669785439272,1.0,True
2024,11,He1ter Ske1ter-1,Sprinter,10,IND,0.0003468669785439272,1.0,True
2024,11,He1ter Ske1ter-1,Sprinter,10,CHI,0.00034301684691281367,1.0,True
2024,11,He1ter Ske1ter-1,Sprinter,10,PIT,0.00034301684691281367,1.0,True
2024,11,He1ter Ske1ter-1,Sprinter,10,TEN,0.00034301684691281367,1.0,True
2024,11,He1ter Ske1ter-1,Sprinter,10,WAS,0.00034301684691281367,1.0,True
2024,11,He1ter Ske1ter-1,Sprinter,10,LV,0.00034301684691281367,1.0,True
2024,11,He1ter Ske1ter-1,Sprinter,10,SEA,0.00034301684691281367,1.0,True
2024,11,IRONGATE-1,Sprinter,10,MIA,0.813125139527773,1.0,True
2024,11,IRONGATE-1,Sprinter,10,MIN,0.09031021745647462,1.0,True
2024,11,IRONGATE-1,Sprinter,10,GB,0.06202706313185867,1.0,True
2024,11,IRONGATE-1,Sprinter,10,LA,0.01808654642387082,1.0,True
2024,11,IRONGATE-1,Sprinter,10,NYJ,0.00617585960831316,1.0,True
2024,11,IRONGATE-1,Sprinter,10,BAL,0.0018543866500949225,1.0,True
2024,11,IRONGATE-1,Sprinter,10,DEN,0.0013376670965323722,1.0,True
2024,11,IRONGATE-1,Sprinter,10,CLE,0.0012646714574267223,1.0,True
2024,11,IRONGATE-1,Sprinter,10,NO,0.0010427274857998253,1.0,True
2024,11,IRONGATE-1,Sprinter,10,ATL,0.0005714434998734039,1.0,True
2024,11,IRONGATE-1,Sprinter,10,KC,0.0005650866776445967,1.0,True
2024,11,IRONGATE-1,Sprinter,10,NE,0.0005218395350521353,1.0,True
2024,11,IRONGATE-1,Sprinter,10,DAL,0.0005218395350521353,1.0,True
2024,11,IRONGATE-1,Sprinter,10,IND,0.0005218395350521353,1.0,True
2024,11,IRONGATE-1,Sprinter,10,PIT,0.0005184180947953791,1.0,True
2024,11,IRONGATE-1,Sprinter,10,TEN,0.0005184180947953791,1.0,True
2024,11,IRONGATE-1,Sprinter,10,JAC,0.0005184180947953791,1.0,True
2024,11,IRONGATE-1,Sprinter,10,LV,0.0005184180947953791,1.0,True
2024,11,JAX JAGS-6,Sprinter,10,DET,0.46772629580009567,1.0,True
2024,11,JAX JAGS-6,Sprinter,10,MIA,0.4528315558358451,1.0,True
2024,11,JAX JAGS-6,Sprinter,10,MIN,0.04659525427862169,1.0,True
2024,11,JAX JAGS-6,Sprinter,10,GB,0.02816434809913241,1.0,True
2024,11,JAX JAGS-6,Sprinter,10,CLE,0.0006379360300802913,1.0,True
2024,11,JAX JAGS-6,Sprinter,10,BUF,0.0005399932184326652,1.0,True
2024,11,JAX JAGS-6,Sprinter,10,NO,0.0005040838428498473,1.0,True
2024,11,JAX JAGS-6,Sprinter,10,CIN,0.00038421846249747107,1.0,True
2024,11,JAX JAGS-6,Sprinter,10,ATL,0.00028240206831869706,1.0,True
2024,11,JAX JAGS-6,Sprinter,10,KC,0.00027926058583486947,1.0,True
2024,11,JAX JAGS-6,Sprinter,10,NE,0.00025788824977769083,1.0,True
2024,11,JAX JAGS-6,Sprinter,10,DAL,0.00025788824977769083,1.0,True
2024,11,JAX JAGS-6,Sprinter,10,IND,0.00025788824977769083,1.0,True
2024,11,JAX JAGS-6,Sprinter,10,PIT,0.00025619740579162594,1.0,True
2024,11,JAX JAGS-6,Sprinter,10,TEN,0.00025619740579162594,1.0,True
2024,11,JAX JAGS-6,Sprinter,10,WAS,0.00025619740579162594,1.0,True
2024,11,JAX JAGS-6,Sprinter,10,JAC,0.00025619740579162594,1.0,True
2024,11,JAX JAGS-6,Sprinter,10,LV,0.00025619740579162594,1.0,True
2024,11,JAX JAGS-7,Sprinter,10,DET,0.46772629580009567,1.0,True
2024,11,JAX JAGS-7,Sprinter,10,MIA,0.4528315558358451,1.0,True
2024,11,JAX JAGS-7,Sprinter,10,MIN,0.04659525427862169,1.0,True
2024,11,JAX JAGS-7,Sprinter,10,GB,0.02816434809913241,1.0,True
2024,11,JAX JAGS-7,Sprinter,10,CLE,0.0006379360300802913,1.0,True
2024,11,JAX JAGS-7,Sprinter,10,BUF,0.0005399932184326652,1.0,True
2024,11,JAX JAGS-7,Sprinter,10,NO,0.0005040838428498473,1.0,True
2024,11,JAX JAGS-7,Sprinter,10,CIN,0.00038421846249747107,1.0,True
2024,11,JAX JAGS-7,Sprinter,10,ATL,0.00028240206831869706,1.0,True
2024,11,JAX JAGS-7,Sprinter,10,KC,0.00027926058583486947,1.0,True
2024,11,JAX JAGS-7,Sprinter,10,NE,0.00025788824977769083,1.0,True
2024,11,JAX JAGS-7,Sprinter,10,DAL,0.00025788824977769083,1.0,True
2024,11,JAX JAGS-7,Sprinter,10,IND,0.00025788824977769083,1.0,True
2024,11,JAX JAGS-7,Sprinter,10,PIT,0.00025619740579162594,1.0,True
2024,11,JAX JAGS-7,Sprinter,10,TEN,0.00025619740579162594,1.0,True
2024,11,JAX JAGS-7,Sprinter,10,WAS,0.00025619740579162594,1.0,True
2024,11,JAX JAGS-7,Sprinter,10,JAC,0.00025619740579162594,1.0,True
2024,11,JAX JAGS-7,Sprinter,10,LV,0.00025619740579162594,1.0,True
2024,11,JJarvis117-5,Sprinter,10,DET,0.47657602839887425,1.0,True
2024,11,JJarvis117-5,Sprinter,10,MIA,0.4692472056558185,1.0,True
2024,11,JJarvis117-5,Sprinter,10,MIN,0.047796828718106144,1.0,True
2024,11,JJarvis117-5,Sprinter,10,BAL,0.0010475935790772567,1.0,True
2024,11,JJarvis117-5,Sprinter,10,CLE,0.0007074064179840739,1.0,True
2024,11,JJarvis117-5,Sprinter,10,BUF,0.0006291854003232024,1.0,True
2024,11,JJarvis117-5,Sprinter,10,NO,0.0005737525867594188,1.0,True
2024,11,JJarvis117-5,Sprinter,10,LAC,0.0004606703810325424,1.0,True
2024,11,JJarvis117-5,Sprinter,10,ATL,0.0003196425419043269,1.0,True
2024,11,JJarvis117-5,Sprinter,10,KC,0.0003160867908701477,1.0,True
2024,11,JJarvis117-5,Sprinter,10,NE,0.00029189607631758787,1.0,True
2024,11,JJarvis117-5,Sprinter,10,DAL,0.00029189607631758787,1.0,True
2024,11,JJarvis117-5,Sprinter,10,IND,0.00029189607631758787,1.0,True
2024,11,JJarvis117-5,Sprinter,10,PIT,0.00028998226005948777,1.0,True
2024,11,JJarvis117-5,Sprinter,10,TEN,0.00028998226005948777,1.0,True
2024,11,JJarvis117-5,Sprinter,10,WAS,0.00028998226005948777,1.0,True
2024,11,JJarvis117-5,Sprinter,10,JAC,0.00028998226005948777,1.0,True
2024,11,JJarvis117-5,Sprinter,10,LV,0.00028998226005948777,1.0,True
2024,11,JOEMALC-6,EV Hunter,10,MIA,0.6899428833157233,1.0,True
2024,11,JOEMALC-6,EV Hunter,10,MIN,0.1416346621283942,1.0,True
2024,11,JOEMALC-6,EV Hunter,10,GB,0.09736389668278493,1.0,True
2024,11,JOEMALC-6,EV Hunter,10,LA,0.03875666889318246,1.0,True
2024,11,JOEMALC-6,EV Hunter,10,PHI,0.012439529155249499,1.0,True
2024,11,JOEMALC-6,EV Hunter,10,CLE,0.004155254838171527,1.0,True
2024,11,JOEMALC-6,EV Hunter,10,DEN,0.004148948477210286,1.0,True
2024,11,JOEMALC-6,EV Hunter,10,NO,0.002418752129418955,1.0,True
2024,11,JOEMALC-6,EV Hunter,10,BUF,0.0023753582661224792,1.0,True
2024,11,JOEMALC-6,EV Hunter,10,ATL,0.0008802621846132316,1.0,True
2024,11,JOEMALC-6,EV Hunter,10,KC,0.0008143085901522025,1.0,True
2024,11,JOEMALC-6,EV Hunter,10,NE,0.0007336656016273012,1.0,True
2024,11,JOEMALC-6,EV Hunter,10,IND,0.0007336656016273012,1.0,True
2024,11,JOEMALC-6,EV Hunter,10,DAL,0.0007277874115783465,1.0,True
2024,11,JOEMALC-6,EV Hunter,10,CHI,0.0007197091639867004,1.0,True
2024,11,JOEMALC-6,EV Hunter,10,TEN,0.0007197091639867004,1.0,True
2024,11,JOEMALC-6,EV Hunter,10,LV,0.0007197091639867004,1.0,True
2024,11,JOEMALC-6,EV Hunter,10,PIT,0.0007152292321839378,1.0,True
2024,11,Just Say Yes-2,Sprinter,10,DET,0.4602894050997301,1.0,True
2024,11,Just Say Yes-2,Sprinter,10,MIA,0.44797039455953036,1.0,True
2024,11,Just Say Yes-2,Sprinter,10,MIN,0.049483873200420234,1.0,True
2024,11,Just Say Yes-2,Sprinter,10,GB,0.03398662314693945,1.0,True
2024,11,Just Say Yes-2,Sprinter,10,NYJ,0.003383952141502185,1.0,True
2024,11,Just Say Yes-2,Sprinter,10,BAL,0.001016078096612649,1.0,True
2024,11,Just Say Yes-2,Sprinter,10,CLE,0.0006847866068337375,1.0,True
2024,11,Just Say Yes-2,Sprinter,10,ATL,0.00031311227550269373,1.0,True
2024,11,Just Say Yes-2,Sprinter,10,KC,0.00030962916812030355,1.0,True
2024,11,Just Say Yes-2,Sprinter,10,NE,0.0002859326675404301,1.0,True
2024,11,Just Say Yes-2,Sprinter,10,DAL,0.0002859326675404301,1.0,True
2024,11,Just Say Yes-2,Sprinter,10,IND,0.0002859326675404301,1.0,True
2024,11,Just Say Yes-2,Sprinter,10,CHI,0.00028405795036449445,1.0,True
2024,11,Just Say Yes-2,Sprinter,10,PIT,0.00028405795036449445,1.0,True
2024,11,Just Say Yes-2,Sprinter,10,TEN,0.00028405795036449445,1.0,True
2024,11,Just Say Yes-2,Sprinter,10,JAC,0.00028405795036449445,1.0,True
2024,11,Just Say Yes-2,Sprinter,10,LV,0.00028405795036449445,1.0,True
2024,11,Just Say Yes-2,Sprinter,10,SEA,0.00028405795036449445,1.0,True
2024,11,KC ICE CREAM-6,Sprinter,10,MIA,0.4896649530413827,1.0,True
2024,11,KC ICE CREAM-6,Sprinter,10,DET,0.4649771972869238,1.0,True
2024,11,KC ICE CREAM-6,Sprinter,10,GB,0.03688763836444465,1.0,True
2024,11,KC ICE CREAM-6,Sprinter,10,BAL,0.0014496843916222103,1.0,True
2024,11,KC ICE CREAM-6,Sprinter,10,CLE,0.0009641094246071756,1.0,True
2024,11,KC ICE CREAM-6,Sprinter,10,BUF,0.0008264426421118582,1.0,True
2024,11,KC ICE CREAM-6,Sprinter,10,NO,0.0008132908300782772,1.0,True
2024,11,KC ICE CREAM-6,Sprinter,10,LAC,0.000615888516027224,1.0,True
2024,11,KC ICE CREAM-6,Sprinter,10,CIN,0.0005843312745026019,1.0,True
2024,11,KC ICE CREAM-6,Sprinter,10,KC,0.000346792902426032,1.0,True
2024,11,KC ICE CREAM-6,Sprinter,10,NE,0.0003202521916030726,1.0,True
2024,11,KC ICE CREAM-6,Sprinter,10,DAL,0.0003202521916030726,1.0,True
2024,11,KC ICE CREAM-6,Sprinter,10,IND,0.0003202521916030726,1.0,True
2024,11,KC ICE CREAM-6,Sprinter,10,PIT,0.00031815245851068497,1.0,True
2024,11,KC ICE CREAM-6,Sprinter,10,TEN,0.00031815245851068497,1.0,True
2024,11,KC ICE CREAM-6,Sprinter,10,WAS,0.00031815245851068497,1.0,True
2024,11,KC ICE CREAM-6,Sprinter,10,JAC,0.00031815245851068497,1.0,True
2024,11,KC ICE CREAM-6,Sprinter,10,LV,0.00031815245851068497,1.0,True
2024,11,KC ICE CREAM-6,Sprinter,10,SEA,0.00031815245851068497,1.0,True
2024,11,KP1133-8,Sprinter,10,DET,0.49139695930676436,1.0,True
2024,11,KP1133-8,Sprinter,10,MIA,0.3540862092440105,1.0,True
2024,11,KP1133-8,Sprinter,10,MIN,0.05235956491395881,1.0,True
2024,11,KP1133-8,Sprinter,10,SF,0.051232445523209096,1.0,True
2024,11,KP1133-8,Sprinter,10,GB,0.03400615848313173,1.0,True
2024,11,KP1133-8,Sprinter,10,LA,0.011225118350725989,1.0,True
2024,11,KP1133-8,Sprinter,10,DEN,0.0013862083345131024,1.0,True
2024,11,KP1133-8,Sprinter,10,CLE,0.0009953907864956497,1.0,True
2024,11,KP1133-8,Sprinter,10,NO,0.000812309752922265,1.0,True
2024,11,KP1133-8,Sprinter,10,ATL,0.00032168659426562164,1.0,True
2024,11,KP1133-8,Sprinter,10,NE,0.00027336378205914904,1.0,True
2024,11,KP1133-8,Sprinter,10,DAL,0.00027336378205914904,1.0,True
2024,11,KP1133-8,Sprinter,10,IND,0.00027336378205914904,1.0,True
2024,11,KP1133-8,Sprinter,10,CHI,0.00027157147276509977,1.0,True
2024,11,KP1133-8,Sprinter,10,TEN,0.00027157147276509977,1.0,True
2024,11,KP1133-8,Sprinter,10,JAC,0.00027157147276509977,1.0,True
2024,11,KP1133-8,Sprinter,10,LV,0.00027157147276509977,1.0,True
2024,11,KP1133-8,Sprinter,10,SEA,0.00027157147276509977,1.0,True
2024,11,MEATBALL BROTHERS-2,Sprinter,10,MIA,0.8669672740062211,1.0,True
2024,11,MEATBALL BROTHERS-2,Sprinter,10,MIN,0.10155795093501184,1.0,True
2024,11,MEATBALL BROTHERS-2,Sprinter,10,LA,0.01985282350349655,1.0,True
2024,11,MEATBALL BROTHERS-2,Sprinter,10,DEN,0.0016880810283390363,1.0,True
2024,11,MEATBALL BROTHERS-2,Sprinter,10,CLE,0.0015907891983033022,1.0,True
2024,11,MEATBALL BROTHERS-2,Sprinter,10,NO,0.0013234528736477,1.0,True
2024,11,MEATBALL BROTHERS-2,Sprinter,10,CIN,0.0009793605173527382,1.0,True
2024,11,MEATBALL BROTHERS-2,Sprinter,10,ATL,0.0005938301580098741,1.0,True
2024,11,MEATBALL BROTHERS-2,Sprinter,10,KC,0.0005872243032763623,1.0,True
2024,11,MEATBALL BROTHERS-2,Sprinter,10,NE,0.0005422829267013443,1.0,True
2024,11,MEATBALL BROTHERS-2,Sprinter,10,DAL,0.0005422829267013443,1.0,True
2024,11,MEATBALL BROTHERS-2,Sprinter,10,IND,0.0005422829267013443,1.0,True
2024,11,MEATBALL BROTHERS-2,Sprinter,10,CHI,0.0005387274493728928,1.0,True
2024,11,MEATBALL BROTHERS-2,Sprinter,10,PIT,0.0005387274493728928,1.0,True
2024,11,MEATBALL BROTHERS-2,Sprinter,10,TEN,0.0005387274493728928,1.0,True
2024,11,MEATBALL BROTHERS-2,Sprinter,10,JAC,0.0005387274493728928,1.0,True
2024,11,MEATBALL BROTHERS-2,Sprinter,10,LV,0.0005387274493728928,1.0,True
2024,11,MEATBALL BROTHERS-2,Sprinter,10,SEA,0.0005387274493728928,1.0,True
2024,11,MENTAL HANDICAPPED-2,Sprinter,10,MIA,0.43797082410796984,1.0,True
2024,11,MENTAL HANDICAPPED-2,Sprinter,10,DET,0.42934934261324853,1.0,True
2024,11,MENTAL HANDICAPPED-2,Sprinter,10,MIN,0.047741023601275,1.0,True
2024,11,MENTAL HANDICAPPED-2,Sprinter,10,SF,0.04459509727422022,1.0,True
2024,11,MENTAL HANDICAPPED-2,Sprinter,10,GB,0.03534421993843804,1.0,True
2024,11,MENTAL HANDICAPPED-2,Sprinter,10,BAL,0.00099004831181446,1.0,True
2024,11,MENTAL HANDICAPPED-2,Sprinter,10,CLE,0.0006685479406133291,1.0,True
2024,11,MENTAL HANDICAPPED-2,Sprinter,10,NO,0.0005422358357910962,1.0,True
2024,11,MENTAL HANDICAPPED-2,Sprinter,10,ATL,0.0003020842866135242,1.0,True
2024,11,MENTAL HANDICAPPED-2,Sprinter,10,KC,0.000298723856214817,1.0,True
2024,11,MENTAL HANDICAPPED-2,Sprinter,10,NE,0.00027586195959509644,1.0,True
2024,11,MENTAL HANDICAPPED-2,Sprinter,10,DAL,0.00027586195959509644,1.0,True
2024,11,MENTAL HANDICAPPED-2,Sprinter,10,IND,0.00027586195959509644,1.0,True
2024,11,MENTAL HANDICAPPED-2,Sprinter,10,PIT,0.0002740532710031675,1.0,True
2024,11,MENTAL HANDICAPPED-2,Sprinter,10,TEN,0.0002740532710031675,1.0,True
2024,11,MENTAL HANDICAPPED-2,Sprinter,10,WAS,0.0002740532710031675,1.0,True
2024,11,MENTAL HANDICAPPED-2,Sprinter,10,JAC,0.0002740532710031675,1.0,True
2024,11,MENTAL HANDICAPPED-2,Sprinter,10,LV,0.0002740532710031675,1.0,True
2024,11,MUSTwIN-1,Sprinter,10,MIA,0.3862952986733029,1.0,True
2024,11,MUSTwIN-1,Sprinter,10,DET,0.337182375422211,1.0,True
2024,11,MUSTwIN-1,Sprinter,10,HOU,0.19831550859335853,1.0,True
2024,11,MUSTwIN-1,Sprinter,10,SF,0.03657843481859828,1.0,True
2024,11,MUSTwIN-1,Sprinter,10,GB,0.028783809617210762,1.0,True
2024,11,MUSTwIN-1,Sprinter,10,LA,0.008458350287512682,1.0,True
2024,11,MUSTwIN-1,Sprinter,10,BAL,0.0008605326384639683,1.0,True
2024,11,MUSTwIN-1,Sprinter,10,CLE,0.0005868738679680325,1.0,True
2024,11,MUSTwIN-1,Sprinter,10,NO,0.00048364560132460794,1.0,True
2024,11,MUSTwIN-1,Sprinter,10,ATL,0.0002651797469820941,1.0,True
2024,11,MUSTwIN-1,Sprinter,10,KC,0.00026222984815461826,1.0,True
2024,11,MUSTwIN-1,Sprinter,10,NE,0.00024216090637313312,1.0,True
2024,11,MUSTwIN-1,Sprinter,10,IND,0.00024216090637313312,1.0,True
2024,11,MUSTwIN-1,Sprinter,10,PIT,0.0002405731786943653,1.0,True
2024,11,MUSTwIN-1,Sprinter,10,TEN,0.0002405731786943653,1.0,True
2024,11,MUSTwIN-1,Sprinter,10,WAS,0.0002405731786943653,1.0,True
2024,11,MUSTwIN-1,Sprinter,10,JAC,0.0002405731786943653,1.0,True
2024,11,MUSTwIN-1,Sprinter,10,LV,0.0002405731786943653,1.0,True
2024,11,MUSTwIN-1,Sprinter,10,SEA,0.0002405731786943653,1.0,True
2024,11,My 3 Sunz-2,Sprinter,10,DET,0.4185574617815533,1.0,True
2024,11,My 3 Sunz-2,Sprinter,10,MIA,0.381585076061085,1.0,True
2024,11,My 3 Sunz-2,Sprinter,10,HOU,0.1701675161668284,1.0,True
2024,11,My 3 Sunz-2,Sprinter,10,GB,0.02514596576240979,1.0,True
2024,11,My 3 Sunz-2,Sprinter,10,BAL,0.0007776362756492052,1.0,True
2024,11,My 3 Sunz-2,Sprinter,10,CLE,0.0005614273021123526,1.0,True
2024,11,My 3 Sunz-2,Sprinter,10,BUF,0.0004824794443294051,1.0,True
2024,11,My 3 Sunz-2,Sprinter,10,NO,0.00045159572895393584,1.0,True
2024,11,My 3 Sunz-2,Sprinter,10,ATL,0.00024511210196997166,1.0,True
2024,11,My 3 Sunz-2,Sprinter,10,KC,0.00024238543860133138,1.0,True
2024,11,My 3 Sunz-2,Sprinter,10,NE,0.00022383522667769997,1.0,True
2024,11,My 3 Sunz-2,Sprinter,10,DAL,0.00022383522667769997,1.0,True
2024,11,My 3 Sunz-2,Sprinter,10,IND,0.00022383522667769997,1.0,True
2024,11,My 3 Sunz-2,Sprinter,10,CHI,0.00022236765129485987,1.0,True
2024,11,My 3 Sunz-2,Sprinter,10,PIT,0.00022236765129485987,1.0,True
2024,11,My 3 Sunz-2,Sprinter,10,TEN,0.00022236765129485987,1.0,True
2024,11,My 3 Sunz-2,Sprinter,10,JAC,0.00022236765129485987,1.0,True
2024,11,My 3 Sunz-2,Sprinter,10,LV,0.00022236765129485987,1.0,True
2024,11,NELLIELEE25-2,EV Hunter,10,DET,0.4707514684936848,1.0,True
2024,11,NELLIELEE25-2,EV Hunter,10,MIA,0.38269911421927877,1.0,True
2024,11,NELLIELEE25-2,EV Hunter,10,MIN,0.0470747917233651,1.0,True
2024,11,NELLIELEE25-2,EV Hunter,10,SF,0.04630293645757041,1.0,True
2024,11,NELLIELEE25-2,EV Hunter,10,GB,0.03456961695701899,1.0,True
2024,11,NELLIELEE25-2,EV Hunter,10,LA,0.01248070623063755,1.0,True
2024,11,NELLIELEE25-2,EV Hunter,10,DEN,0.001472339075125859,1.0,True
2024,11,NELLIELEE25-2,EV Hunter,10,CLE,0.0010690518353647707,1.0,True
2024,11,NELLIELEE25-2,EV Hunter,10,NO,0.0007699414354602405,1.0,True
2024,11,NELLIELEE25-2,EV Hunter,10,ATL,0.00033262558220542983,1.0,True
2024,11,NELLIELEE25-2,EV Hunter,10,NE,0.00027731967109686926,1.0,True
2024,11,NELLIELEE25-2,EV Hunter,10,DAL,0.00027731967109686926,1.0,True
2024,11,NELLIELEE25-2,EV Hunter,10,IND,0.00027731967109686926,1.0,True
2024,11,NELLIELEE25-2,EV Hunter,10,CHI,0.00027424149616623125,1.0,True
2024,11,NELLIELEE25-2,EV Hunter,10,PIT,0.00027424149616623125,1.0,True
2024,11,NELLIELEE25-2,EV Hunter,10,TEN,0.00027424149616623125,1.0,True
2024,11,NELLIELEE25-2,EV Hunter,10,WAS,0.00027424149616623125,1.0,True
2024,11,NELLIELEE25-2,EV Hunter,10,LV,0.00027424149616623125,1.0,True
2024,11,NELLIELEE25-2,EV Hunter,10,SEA,0.00027424149616623125,1.0,True
2024,11,NFL WISEGUYS-10,Sprinter,10,DET,0.49184979194741413,1.0,True
2024,11,NFL WISEGUYS-10,Sprinter,10,MIA,0.43753523973053726,1.0,True
2024,11,NFL WISEGUYS-10,Sprinter,10,SF,0.03704711013412465,1.0,True
2024,11,NFL WISEGUYS-10,Sprinter,10,GB,0.028890268317489996,1.0,True
2024,11,NFL WISEGUYS-10,Sprinter,10,CLE,0.0006369962670916378,1.0,True
2024,11,NFL WISEGUYS-10,Sprinter,10,BUF,0.0005474219081080143,1.0,True
2024,11,NFL WISEGUYS-10,Sprinter,10,NO,0.0005040292509299301,1.0,True
2024,11,NFL WISEGUYS-10,Sprinter,10,LAC,0.0004126422658957175,1.0,True
2024,11,NFL WISEGUYS-10,Sprinter,10,ATL,0.00027810456204463505,1.0,True
2024,11,NFL WISEGUYS-10,Sprinter,10,KC,0.00027501088565785365,1.0,True
2024,11,NFL WISEGUYS-10,Sprinter,10,NE,0.000253963787120513,1.0,True
2024,11,NFL WISEGUYS-10,Sprinter,10,DAL,0.000253963787120513,1.0,True
2024,11,NFL WISEGUYS-10,Sprinter,10,IND,0.000253963787120513,1.0,True
2024,11,NFL WISEGUYS-10,Sprinter,10,PIT,0.00025229867386893545,1.0,True
2024,11,NFL WISEGUYS-10,Sprinter,10,TEN,0.00025229867386893545,1.0,True
2024,11,NFL WISEGUYS-10,Sprinter,10,WAS,0.00025229867386893545,1.0,True
2024,11,NFL WISEGUYS-10,Sprinter,10,JAC,0.00025229867386893545,1.0,True
2024,11,NFL WISEGUYS-10,Sprinter,10,LV,0.00025229867386893545,1.0,True
2024,11,NFL WISEGUYS-5,Sprinter,10,DET,0.5028087745848788,1.0,True
2024,11,NFL WISEGUYS-5,Sprinter,10,MIA,0.42393726776676,1.0,True
2024,11,NFL WISEGUYS-5,Sprinter,10,SF,0.037164932658967836,1.0,True
2024,11,NFL WISEGUYS-5,Sprinter,10,GB,0.03030605496071991,1.0,True
2024,11,NFL WISEGUYS-5,Sprinter,10,DEN,0.0008666602720326338,1.0,True
2024,11,NFL WISEGUYS-5,Sprinter,10,CLE,0.0008283202550852743,1.0,True
2024,11,NFL WISEGUYS-5,Sprinter,10,NO,0.0007163192678157084,1.0,True
2024,11,NFL WISEGUYS-5,Sprinter,10,BUF,0.0006999684581017405,1.0,True
2024,11,NFL WISEGUYS-5,Sprinter,10,ATL,0.00028838051650616425,1.0,True
2024,11,NFL WISEGUYS-5,Sprinter,10,KC,0.0002851725288781881,1.0,True
2024,11,NFL WISEGUYS-5,Sprinter,10,NE,0.00026334774073904105,1.0,True
2024,11,NFL WISEGUYS-5,Sprinter,10,DAL,0.00026334774073904105,1.0,True
2024,11,NFL WISEGUYS-5,Sprinter,10,IND,0.00026334774073904105,1.0,True
2024,11,NFL WISEGUYS-5,Sprinter,10,PIT,0.0002616211016073387,1.0,True
2024,11,NFL WISEGUYS-5,Sprinter,10,TEN,0.0002616211016073387,1.0,True
2024,11,NFL WISEGUYS-5,Sprinter,10,WAS,0.0002616211016073387,1.0,True
2024,11,NFL WISEGUYS-5,Sprinter,10,JAC,0.0002616211016073387,1.0,True
2024,11,NFL WISEGUYS-5,Sprinter,10,LV,0.0002616211016073387,1.0,True
2024,11,NFL WISEGUYS-6,Sprinter,10,DET,0.5028087745848788,1.0,True
2024,11,NFL WISEGUYS-6,Sprinter,10,MIA,0.42393726776676,1.0,True
2024,11,NFL WISEGUYS-6,Sprinter,10,SF,0.037164932658967836,1.0,True
2024,11,NFL WISEGUYS-6,Sprinter,10,GB,0.03030605496071991,1.0,True
2024,11,NFL WISEGUYS-6,Sprinter,10,DEN,0.0008666602720326338,1.0,True
2024,11,NFL WISEGUYS-6,Sprinter,10,CLE,0.0008283202550852743,1.0,True
2024,11,NFL WISEGUYS-6,Sprinter,10,NO,0.0007163192678157084,1.0,True
2024,11,NFL WISEGUYS-6,Sprinter,10,BUF,0.0006999684581017405,1.0,True
2024,11,NFL WISEGUYS-6,Sprinter,10,ATL,0.00028838051650616425,1.0,True
2024,11,NFL WISEGUYS-6,Sprinter,10,KC,0.0002851725288781881,1.0,True
2024,11,NFL WISEGUYS-6,Sprinter,10,NE,0.00026334774073904105,1.0,True
2024,11,NFL WISEGUYS-6,Sprinter,10,DAL,0.00026334774073904105,1.0,True
2024,11,NFL WISEGUYS-6,Sprinter,10,IND,0.00026334774073904105,1.0,True
2024,11,NFL WISEGUYS-6,Sprinter,10,PIT,0.0002616211016073387,1.0,True
2024,11,NFL WISEGUYS-6,Sprinter,10,TEN,0.0002616211016073387,1.0,True
2024,11,NFL WISEGUYS-6,Sprinter,10,WAS,0.0002616211016073387,1.0,True
2024,11,NFL WISEGUYS-6,Sprinter,10,JAC,0.0002616211016073387,1.0,True
2024,11,NFL WISEGUYS-6,Sprinter,10,LV,0.0002616211016073387,1.0,True
2024,11,NFL WISEGUYS-7,Sprinter,10,DET,0.47523529674116033,1.0,True
2024,11,NFL WISEGUYS-7,Sprinter,10,MIA,0.4410637393627215,1.0,True
2024,11,NFL WISEGUYS-7,Sprinter,10,SF,0.04239656212575428,1.0,True
2024,11,NFL WISEGUYS-7,Sprinter,10,GB,0.034537909222633216,1.0,True
2024,11,NFL WISEGUYS-7,Sprinter,10,DEN,0.001158110012223881,1.0,True
2024,11,NFL WISEGUYS-7,Sprinter,10,CLE,0.0010638898501288516,1.0,True
2024,11,NFL WISEGUYS-7,Sprinter,10,NO,0.0008233516366771992,1.0,True
2024,11,NFL WISEGUYS-7,Sprinter,10,BUF,0.0007726189934744066,1.0,True
2024,11,NFL WISEGUYS-7,Sprinter,10,ATL,0.0003182601894303357,1.0,True
2024,11,NFL WISEGUYS-7,Sprinter,10,KC,0.0003147198158900586,1.0,True
2024,11,NFL WISEGUYS-7,Sprinter,10,NE,0.0002906337184948713,1.0,True
2024,11,NFL WISEGUYS-7,Sprinter,10,DAL,0.0002906337184948713,1.0,True
2024,11,NFL WISEGUYS-7,Sprinter,10,IND,0.0002906337184948713,1.0,True
2024,11,NFL WISEGUYS-7,Sprinter,10,PIT,0.00028872817888425184,1.0,True
2024,11,NFL WISEGUYS-7,Sprinter,10,TEN,0.00028872817888425184,1.0,True
2024,11,NFL WISEGUYS-7,Sprinter,10,WAS,0.00028872817888425184,1.0,True
2024,11,NFL WISEGUYS-7,Sprinter,10,JAC,0.00028872817888425184,1.0,True
2024,11,NFL WISEGUYS-7,Sprinter,10,LV,0.00028872817888425184,1.0,True
2024,11,NFL WISEGUYS-8,Sprinter,10,DET,0.47523529674116033,1.0,True
2024,11,NFL WISEGUYS-8,Sprinter,10,MIA,0.4410637393627215,1.0,True
2024,11,NFL WISEGUYS-8,Sprinter,10,SF,0.04239656212575428,1.0,True
2024,11,NFL WISEGUYS-8,Sprinter,10,GB,0.034537909222633216,1.0,True
2024,11,NFL WISEGUYS-8,Sprinter,10,DEN,0.001158110012223881,1.0,True
2024,11,NFL WISEGUYS-8,Sprinter,10,CLE,0.0010638898501288516,1.0,True
2024,11,NFL WISEGUYS-8,Sprinter,10,NO,0.0008233516366771992,1.0,True
2024,11,NFL WISEGUYS-8,Sprinter,10,BUF,0.0007726189934744066,1.0,True
2024,11,NFL WISEGUYS-8,Sprinter,10,ATL,0.0003182601894303357,1.0,True
2024,11,NFL WISEGUYS-8,Sprinter,10,KC,0.0003147198158900586,1.0,True
2024,11,NFL WISEGUYS-8,Sprinter,10,NE,0.0002906337184948713,1.0,True
2024,11,NFL WISEGUYS-8,Sprinter,10,DAL,0.0002906337184948713,1.0,True
2024,11,NFL WISEGUYS-8,Sprinter,10,IND,0.0002906337184948713,1.0,True
2024,11,NFL WISEGUYS-8,Sprinter,10,PIT,0.00028872817888425184,1.0,True
2024,11,NFL WISEGUYS-8,Sprinter,10,TEN,0.00028872817888425184,1.0,True
2024,11,NFL WISEGUYS-8,Sprinter,10,WAS,0.00028872817888425184,1.0,True
2024,11,NFL WISEGUYS-8,Sprinter,10,JAC,0.00028872817888425184,1.0,True
2024,11,NFL WISEGUYS-8,Sprinter,10,LV,0.00028872817888425184,1.0,True
2024,11,NFL WISEGUYS-9,Sprinter,10,DET,0.49184979194741413,1.0,True
2024,11,NFL WISEGUYS-9,Sprinter,10,MIA,0.43753523973053726,1.0,True
2024,11,NFL WISEGUYS-9,Sprinter,10,SF,0.03704711013412465,1.0,True
2024,11,NFL WISEGUYS-9,Sprinter,10,GB,0.028890268317489996,1.0,True
2024,11,NFL WISEGUYS-9,Sprinter,10,CLE,0.0006369962670916378,1.0,True
2024,11,NFL WISEGUYS-9,Sprinter,10,BUF,0.0005474219081080143,1.0,True
2024,11,NFL WISEGUYS-9,Sprinter,10,NO,0.0005040292509299301,1.0,True
2024,11,NFL WISEGUYS-9,Sprinter,10,LAC,0.0004126422658957175,1.0,True
2024,11,NFL WISEGUYS-9,Sprinter,10,ATL,0.00027810456204463505,1.0,True
2024,11,NFL WISEGUYS-9,Sprinter,10,KC,0.00027501088565785365,1.0,True
2024,11,NFL WISEGUYS-9,Sprinter,10,NE,0.000253963787120513,1.0,True
2024,11,NFL WISEGUYS-9,Sprinter,10,DAL,0.000253963787120513,1.0,True
2024,11,NFL WISEGUYS-9,Sprinter,10,IND,0.000253963787120513,1.0,True
2024,11,NFL WISEGUYS-9,Sprinter,10,PIT,0.00025229867386893545,1.0,True
2024,11,NFL WISEGUYS-9,Sprinter,10,TEN,0.00025229867386893545,1.0,True
2024,11,NFL WISEGUYS-9,Sprinter,10,WAS,0.00025229867386893545,1.0,True
2024,11,NFL WISEGUYS-9,Sprinter,10,JAC,0.00025229867386893545,1.0,True
2024,11,NFL WISEGUYS-9,Sprinter,10,LV,0.00025229867386893545,1.0,True
2024,11,NICKEL AND DIMING-4,Sprinter,10,DET,0.45663613324676444,1.0,True
2024,11,NICKEL AND DIMING-4,Sprinter,10,MIA,0.4509812148117555,1.0,True
2024,11,NICKEL AND DIMING-4,Sprinter,10,MIN,0.04729400595183711,1.0,True
2024,11,NICKEL AND DIMING-4,Sprinter,10,GB,0.031125949513436637,1.0,True
2024,11,NICKEL AND DIMING-4,Sprinter,10,LA,0.009203034763962184,1.0,True
2024,11,NICKEL AND DIMING-4,Sprinter,10,CLE,0.0006779082115285608,1.0,True
2024,11,NICKEL AND DIMING-4,Sprinter,10,BUF,0.0005825492963327603,1.0,True
2024,11,NICKEL AND DIMING-4,Sprinter,10,NO,0.000538591638273142,1.0,True
2024,11,NICKEL AND DIMING-4,Sprinter,10,CIN,0.00041449815909839425,1.0,True
2024,11,NICKEL AND DIMING-4,Sprinter,10,ATL,0.0003046577634057587,1.0,True
2024,11,NICKEL AND DIMING-4,Sprinter,10,KC,0.000301268705269608,1.0,True
2024,11,NICKEL AND DIMING-4,Sprinter,10,NE,0.000278212046581867,1.0,True
2024,11,NICKEL AND DIMING-4,Sprinter,10,DAL,0.000278212046581867,1.0,True
2024,11,NICKEL AND DIMING-4,Sprinter,10,IND,0.000278212046581867,1.0,True
2024,11,NICKEL AND DIMING-4,Sprinter,10,CHI,0.00027638794964755824,1.0,True
2024,11,NICKEL AND DIMING-4,Sprinter,10,PIT,0.00027638794964755824,1.0,True
2024,11,NICKEL AND DIMING-4,Sprinter,10,TEN,0.00027638794964755824,1.0,True
2024,11,NICKEL AND DIMING-4,Sprinter,10,LV,0.00027638794964755824,1.0,True
2024,11,NIKKO ITALIAN PONY-4,Sprinter,10,DET,0.4561633152216065,1.0,True
2024,11,NIKKO ITALIAN PONY-4,Sprinter,10,MIA,0.386120829135886,1.0,True
2024,11,NIKKO ITALIAN PONY-4,Sprinter,10,SF,0.0652028306692247,1.0,True
2024,11,NIKKO ITALIAN PONY-4,Sprinter,10,MIN,0.06427065469842906,1.0,True
2024,11,NIKKO ITALIAN PONY-4,Sprinter,10,LA,0.01789075661058273,1.0,True
2024,11,NIKKO ITALIAN PONY-4,Sprinter,10,BAL,0.002609653900329585,1.0,True
2024,11,NIKKO ITALIAN PONY-4,Sprinter,10,DEN,0.0018127786361094016,1.0,True
2024,11,NIKKO ITALIAN PONY-4,Sprinter,10,CLE,0.0015585267713422479,1.0,True
2024,11,NIKKO ITALIAN PONY-4,Sprinter,10,NO,0.0010318863530786526,1.0,True
2024,11,NIKKO ITALIAN PONY-4,Sprinter,10,CIN,0.0007107929149630822,1.0,True
2024,11,NIKKO ITALIAN PONY-4,Sprinter,10,KC,0.0003548355937359666,1.0,True
2024,11,NIKKO ITALIAN PONY-4,Sprinter,10,NE,0.0003259554285923213,1.0,True
2024,11,NIKKO ITALIAN PONY-4,Sprinter,10,DAL,0.0003259554285923213,1.0,True
2024,11,NIKKO ITALIAN PONY-4,Sprinter,10,IND,0.0003259554285923213,1.0,True
2024,11,NIKKO ITALIAN PONY-4,Sprinter,10,CHI,0.0003238183022337702,1.0,True
2024,11,NIKKO ITALIAN PONY-4,Sprinter,10,TEN,0.0003238183022337702,1.0,True
2024,11,NIKKO ITALIAN PONY-4,Sprinter,10,JAC,0.0003238183022337702,1.0,True
2024,11,NIKKO ITALIAN PONY-4,Sprinter,10,LV,0.0003238183022337702,1.0,True
2024,11,OMG ITS KANG-4,Sprinter,10,MIA,0.6417379377581447,1.0,True
2024,11,OMG ITS KANG-4,Sprinter,10,HOU,0.30710219270121786,1.0,True
2024,11,OMG ITS KANG-4,Sprinter,10,GB,0.04319189175093629,1.0,True
2024,11,OMG ITS KANG-4,Sprinter,10,DEN,0.000988242421618738,1.0,True
2024,11,OMG ITS KANG-4,Sprinter,10,CLE,0.0009398855093127739,1.0,True
2024,11,OMG ITS KANG-4,Sprinter,10,BUF,0.000817353853175149,1.0,True
2024,11,OMG ITS KANG-4,Sprinter,10,NO,0.0007345582189462403,1.0,True
2024,11,OMG ITS KANG-4,Sprinter,10,CIN,0.000574680770564745,1.0,True
2024,11,OMG ITS KANG-4,Sprinter,10,ATL,0.0004223926075169665,1.0,True
2024,11,OMG ITS KANG-4,Sprinter,10,KC,0.0004176938495166698,1.0,True
2024,11,OMG ITS KANG-4,Sprinter,10,NE,0.0003857269563219187,1.0,True
2024,11,OMG ITS KANG-4,Sprinter,10,DAL,0.0003857269563219187,1.0,True
2024,11,OMG ITS KANG-4,Sprinter,10,IND,0.0003857269563219187,1.0,True
2024,11,OMG ITS KANG-4,Sprinter,10,CHI,0.00038319793801681087,1.0,True
2024,11,OMG ITS KANG-4,Sprinter,10,PIT,0.00038319793801681087,1.0,True
2024,11,OMG ITS KANG-4,Sprinter,10,TEN,0.00038319793801681087,1.0,True
2024,11,OMG ITS KANG-4,Sprinter,10,WAS,0.00038319793801681087,1.0,True
2024,11,OMG ITS KANG-4,Sprinter,10,LV,0.00038319793801681087,1.0,True
2024,11,ONLY FRIENDS-8,Sprinter,10,MIA,0.8111676088955588,1.0,True
2024,11,ONLY FRIENDS-8,Sprinter,10,MIN,0.08954176979309411,1.0,True
2024,11,ONLY FRIENDS-8,Sprinter,10,GB,0.061479976585332,1.0,True
2024,11,ONLY FRIENDS-8,Sprinter,10,LA,0.0200119720659712,1.0,True
2024,11,ONLY FRIENDS-8,Sprinter,10,PHI,0.007461472525907213,1.0,True
2024,11,ONLY FRIENDS-8,Sprinter,10,DEN,0.0024915401636124196,1.0,True
2024,11,ONLY FRIENDS-8,Sprinter,10,CLE,0.0018287154885775877,1.0,True
2024,11,ONLY FRIENDS-8,Sprinter,10,ATL,0.000636119434076645,1.0,True
2024,11,ONLY FRIENDS-8,Sprinter,10,NE,0.0005405634472816479,1.0,True
2024,11,ONLY FRIENDS-8,Sprinter,10,DAL,0.0005405634472816479,1.0,True
2024,11,ONLY FRIENDS-8,Sprinter,10,IND,0.0005405634472816479,1.0,True
2024,11,ONLY FRIENDS-8,Sprinter,10,CHI,0.000537019243717854,1.0,True
2024,11,ONLY FRIENDS-8,Sprinter,10,PIT,0.000537019243717854,1.0,True
2024,11,ONLY FRIENDS-8,Sprinter,10,TEN,0.000537019243717854,1.0,True
2024,11,ONLY FRIENDS-8,Sprinter,10,WAS,0.000537019243717854,1.0,True
2024,11,ONLY FRIENDS-8,Sprinter,10,JAC,0.000537019243717854,1.0,True
2024,11,ONLY FRIENDS-8,Sprinter,10,LV,0.000537019243717854,1.0,True
2024,11,ONLY FRIENDS-8,Sprinter,10,SEA,0.000537019243717854,1.0,True
2024,11,PACKDAGGER-4,Sprinter,10,MIA,0.8892662793977171,1.0,True
2024,11,PACKDAGGER-4,Sprinter,10,MIN,0.09700386619735331,1.0,True
2024,11,PACKDAGGER-4,Sprinter,10,DEN,0.0018581081520742612,1.0,True
2024,11,PACKDAGGER-4,Sprinter,10,CLE,0.0017302822798306483,1.0,True
2024,11,PACKDAGGER-4,Sprinter,10,BUF,0.0014760731433757198,1.0,True
2024,11,PACKDAGGER-4,Sprinter,10,NO,0.0013528642944770834,1.0,True
2024,11,PACKDAGGER-4,Sprinter,10,CIN,0.0010202249045760399,1.0,True
2024,11,PACKDAGGER-4,Sprinter,10,ATL,0.0006186080667491231,1.0,True
2024,11,PACKDAGGER-4,Sprinter,10,KC,0.0006117265788846161,1.0,True
2024,11,PACKDAGGER-4,Sprinter,10,NE,0.000564909997232234,1.0,True
2024,11,PACKDAGGER-4,Sprinter,10,DAL,0.000564909997232234,1.0,True
2024,11,PACKDAGGER-4,Sprinter,10,IND,0.000564909997232234,1.0,True
2024,11,PACKDAGGER-4,Sprinter,10,CHI,0.0005612061655442395,1.0,True
2024,11,PACKDAGGER-4,Sprinter,10,PIT,0.0005612061655442395,1.0,True
2024,11,PACKDAGGER-4,Sprinter,10,TEN,0.0005612061655442395,1.0,True
2024,11,PACKDAGGER-4,Sprinter,10,WAS,0.0005612061655442395,1.0,True
2024,11,PACKDAGGER-4,Sprinter,10,JAC,0.0005612061655442395,1.0,True
2024,11,PACKDAGGER-4,Sprinter,10,LV,0.0005612061655442395,1.0,True
2024,11,PAPAJOE-1,Sprinter,10,DET,0.4690295214669221,1.0,True
2024,11,PAPAJOE-1,Sprinter,10,MIA,0.4432267904495801,1.0,True
2024,11,PAPAJOE-1,Sprinter,10,MIN,0.0488752463249489,1.0,True
2024,11,PAPAJOE-1,Sprinter,10,GB,0.032623144557070986,1.0,True
2024,11,PAPAJOE-1,Sprinter,10,CLE,0.0009628943614211741,1.0,True
2024,11,PAPAJOE-1,Sprinter,10,BUF,0.0008046330393620355,1.0,True
2024,11,PAPAJOE-1,Sprinter,10,NO,0.0007569165240555133,1.0,True
2024,11,PAPAJOE-1,Sprinter,10,CIN,0.0005526830769342105,1.0,True
2024,11,PAPAJOE-1,Sprinter,10,ATL,0.00033494319925034206,1.0,True
2024,11,PAPAJOE-1,Sprinter,10,NE,0.00028462901890919653,1.0,True
2024,11,PAPAJOE-1,Sprinter,10,DAL,0.00028462901890919653,1.0,True
2024,11,PAPAJOE-1,Sprinter,10,IND,0.00028462901890919653,1.0,True
2024,11,PAPAJOE-1,Sprinter,10,CHI,0.00028276284910387574,1.0,True
2024,11,PAPAJOE-1,Sprinter,10,PIT,0.00028276284910387574,1.0,True
2024,11,PAPAJOE-1,Sprinter,10,TEN,0.00028276284910387574,1.0,True
2024,11,PAPAJOE-1,Sprinter,10,WAS,0.00028276284910387574,1.0,True
2024,11,PAPAJOE-1,Sprinter,10,JAC,0.00028276284910387574,1.0,True
2024,11,PAPAJOE-1,Sprinter,10,LV,0.00028276284910387574,1.0,True
2024,11,PAPAJOE-1,Sprinter,10,SEA,0.00028276284910387574,1.0,True
2024,11,PAYDATMANHISMONEY-3,Sprinter,10,MIA,0.9489560502029516,1.0,True
2024,11,PAYDATMANHISMONEY-3,Sprinter,10,LA,0.02505573316989865,1.0,True
2024,11,PAYDATMANHISMONEY-3,Sprinter,10,PHI,0.009478271443718411,1.0,True
2024,11,PAYDATMANHISMONEY-3,Sprinter,10,BAL,0.0025579508685681144,1.0,True
2024,11,PAYDATMANHISMONEY-3,Sprinter,10,DEN,0.0017179460886755666,1.0,True
2024,11,PAYDATMANHISMONEY-3,Sprinter,10,CLE,0.0016241988678483482,1.0,True
2024,11,PAYDATMANHISMONEY-3,Sprinter,10,BUF,0.0014871129840017942,1.0,True
2024,11,PAYDATMANHISMONEY-3,Sprinter,10,NO,0.0013554370458472296,1.0,True
2024,11,PAYDATMANHISMONEY-3,Sprinter,10,CIN,0.00099460326223408,1.0,True
2024,11,PAYDATMANHISMONEY-3,Sprinter,10,ATL,0.0007310372765162905,1.0,True
2024,11,PAYDATMANHISMONEY-3,Sprinter,10,KC,0.0007229051094508239,1.0,True
2024,11,PAYDATMANHISMONEY-3,Sprinter,10,NE,0.0006675798264702517,1.0,True
2024,11,PAYDATMANHISMONEY-3,Sprinter,10,DAL,0.0006675798264702517,1.0,True
2024,11,PAYDATMANHISMONEY-3,Sprinter,10,IND,0.0006675798264702517,1.0,True
2024,11,PAYDATMANHISMONEY-3,Sprinter,10,PIT,0.00066320284017569,1.0,True
2024,11,PAYDATMANHISMONEY-3,Sprinter,10,TEN,0.00066320284017569,1.0,True
2024,11,PAYDATMANHISMONEY-3,Sprinter,10,JAC,0.00066320284017569,1.0,True
2024,11,PAYDATMANHISMONEY-3,Sprinter,10,LV,0.00066320284017569,1.0,True
2024,11,PAYDATMANHISMONEY-3,Sprinter,10,SEA,0.00066320284017569,1.0,True
2024,11,PISTONS87-7,Sprinter,10,DET,0.4886480614528232,1.0,True
2024,11,PISTONS87-7,Sprinter,10,MIA,0.43988064125834153,1.0,True
2024,11,PISTONS87-7,Sprinter,10,MIN,0.04981683945202154,1.0,True
2024,11,PISTONS87-7,Sprinter,10,LA,0.011436170956040671,1.0,True
2024,11,PISTONS87-7,Sprinter,10,PHI,0.0038119123258861924,1.0,True
2024,11,PISTONS87-7,Sprinter,10,BAL,0.0013991672503818487,1.0,True
2024,11,PISTONS87-7,Sprinter,10,NO,0.0009618371738347731,1.0,True
2024,11,PISTONS87-7,Sprinter,10,CLE,0.0008894208993490362,1.0,True
2024,11,PISTONS87-7,Sprinter,10,CIN,0.000524428506691474,1.0,True
2024,11,PISTONS87-7,Sprinter,10,ATL,0.0003179844985330515,1.0,True
2024,11,PISTONS87-7,Sprinter,10,NE,0.0002903819588551365,1.0,True
2024,11,PISTONS87-7,Sprinter,10,DAL,0.0002903819588551365,1.0,True
2024,11,PISTONS87-7,Sprinter,10,IND,0.0002903819588551365,1.0,True
2024,11,PISTONS87-7,Sprinter,10,CHI,0.0002884780699062791,1.0,True
2024,11,PISTONS87-7,Sprinter,10,PIT,0.0002884780699062791,1.0,True
2024,11,PISTONS87-7,Sprinter,10,TEN,0.0002884780699062791,1.0,True
2024,11,PISTONS87-7,Sprinter,10,WAS,0.0002884780699062791,1.0,True
2024,11,PISTONS87-7,Sprinter,10,LV,0.0002884780699062791,1.0,True
2024,11,PONDEROSA-2,EV Hunter,10,HOU,0.7498521171815308,1.0,True
2024,11,PONDEROSA-2,EV Hunter,10,MIN,0.2091610590661287,1.0,True
2024,11,PONDEROSA-2,EV Hunter,10,BAL,0.007061447053568783,1.0,True
2024,11,PONDEROSA-2,EV Hunter,10,CLE,0.006906601389266003,1.0,True
2024,11,PONDEROSA-2,EV Hunter,10,BUF,0.004267794004196845,1.0,True
2024,11,PONDEROSA-2,EV Hunter,10,NO,0.003922379835812021,1.0,True
2024,11,PONDEROSA-2,EV Hunter,10,LAC,0.0035015584336671136,1.0,True
2024,11,PONDEROSA-2,EV Hunter,10,ATL,0.0023944436137716537,1.0,True
2024,11,PONDEROSA-2,EV Hunter,10,KC,0.002215040061258621,1.0,True
2024,11,PONDEROSA-2,EV Hunter,10,NE,0.0010877765482929398,1.0,True
2024,11,PONDEROSA-2,EV Hunter,10,IND,0.0010877765482929398,1.0,True
2024,11,PONDEROSA-2,EV Hunter,10,DAL,0.0010790611917770021,1.0,True
2024,11,PONDEROSA-2,EV Hunter,10,CHI,0.0010670838982225464,1.0,True
2024,11,PONDEROSA-2,EV Hunter,10,TEN,0.0010670838982225464,1.0,True
2024,11,PONDEROSA-2,EV Hunter,10,WAS,0.0010670838982225464,1.0,True
2024,11,PONDEROSA-2,EV Hunter,10,JAC,0.0010670838982225464,1.0,True
2024,11,PONDEROSA-2,EV Hunter,10,LV,0.0010670838982225464,1.0,True
2024,11,PONDEROSA-2,EV Hunter,10,SEA,0.0010670838982225464,1.0,True
2024,11,PONDEROSA-2,EV Hunter,10,PIT,0.0010604416831013958,1.0,True
2024,11,PUMBAPACK9-3,Sprinter,10,DET,0.9598587968347996,1.0,True
2024,11,PUMBAPACK9-3,Sprinter,10,LA,0.026730209618083044,1.0,True
2024,11,PUMBAPACK9-3,Sprinter,10,CLE,0.0018622919123597202,1.0,True
2024,11,PUMBAPACK9-3,Sprinter,10,BUF,0.0015916275782650185,1.0,True
2024,11,PUMBAPACK9-3,Sprinter,10,NO,0.0015199598861653214,1.0,True
2024,11,PUMBAPACK9-3,Sprinter,10,LAC,0.0011489903931392435,1.0,True
2024,11,PUMBAPACK9-3,Sprinter,10,CIN,0.0010747303305903885,1.0,True
2024,11,PUMBAPACK9-3,Sprinter,10,ATL,0.0006513201331514127,1.0,True
2024,11,PUMBAPACK9-3,Sprinter,10,KC,0.0006025200089644965,1.0,True
2024,11,PUMBAPACK9-3,Sprinter,10,NE,0.0005534807421366222,1.0,True
2024,11,PUMBAPACK9-3,Sprinter,10,DAL,0.0005534807421366222,1.0,True
2024,11,PUMBAPACK9-3,Sprinter,10,IND,0.0005534807421366222,1.0,True
2024,11,PUMBAPACK9-3,Sprinter,10,CHI,0.0005498518463453205,1.0,True
2024,11,PUMBAPACK9-3,Sprinter,10,PIT,0.0005498518463453205,1.0,True
2024,11,PUMBAPACK9-3,Sprinter,10,TEN,0.0005498518463453205,1.0,True
2024,11,PUMBAPACK9-3,Sprinter,10,JAC,0.0005498518463453205,1.0,True
2024,11,PUMBAPACK9-3,Sprinter,10,LV,0.0005498518463453205,1.0,True
2024,11,PUMBAPACK9-3,Sprinter,10,SEA,0.0005498518463453205,1.0,True
2024,11,RISKY 11-1,Sprinter,10,DET,0.48591368217098646,1.0,True
2024,11,RISKY 11-1,Sprinter,10,MIA,0.4463518967773891,1.0,True
2024,11,RISKY 11-1,Sprinter,10,MIN,0.05711665366557374,1.0,True
2024,11,RISKY 11-1,Sprinter,10,BAL,0.0024188588993871653,1.0,True
2024,11,RISKY 11-1,Sprinter,10,DEN,0.0014279562520574198,1.0,True
2024,11,RISKY 11-1,Sprinter,10,BUF,0.0011341921981695017,1.0,True
2024,11,RISKY 11-1,Sprinter,10,CLE,0.0011221984021849158,1.0,True
2024,11,RISKY 11-1,Sprinter,10,NO,0.0009428641786689827,1.0,True
2024,11,RISKY 11-1,Sprinter,10,CIN,0.0006294472070958648,1.0,True
2024,11,RISKY 11-1,Sprinter,10,ATL,0.00037864822132116385,1.0,True
2024,11,RISKY 11-1,Sprinter,10,NE,0.0003217688013596685,1.0,True
2024,11,RISKY 11-1,Sprinter,10,DAL,0.0003217688013596685,1.0,True
2024,11,RISKY 11-1,Sprinter,10,IND,0.0003217688013596685,1.0,True
2024,11,RISKY 11-1,Sprinter,10,CHI,0.00031965912461731476,1.0,True
2024,11,RISKY 11-1,Sprinter,10,TEN,0.00031965912461731476,1.0,True
2024,11,RISKY 11-1,Sprinter,10,WAS,0.00031965912461731476,1.0,True
2024,11,RISKY 11-1,Sprinter,10,JAC,0.00031965912461731476,1.0,True
2024,11,RISKY 11-1,Sprinter,10,LV,0.00031965912461731476,1.0,True
2024,11,RMVD-1,Sprinter,10,MIA,0.7597022624650622,1.0,True
2024,11,RMVD-1,Sprinter,10,SF,0.12836473922676536,1.0,True
2024,11,RMVD-1,Sprinter,10,GB,0.08499696410589608,1.0,True
2024,11,RMVD-1,Sprinter,10,PHI,0.011195918399164083,1.0,True
2024,11,RMVD-1,Sprinter,10,CLE,0.003317272622251676,1.0,True
2024,11,RMVD-1,Sprinter,10,NO,0.002276649879021961,1.0,True
2024,11,RMVD-1,Sprinter,10,BUF,0.0020779627777931364,1.0,True
2024,11,RMVD-1,Sprinter,10,CIN,0.0015331132243688087,1.0,True
2024,11,RMVD-1,Sprinter,10,NE,0.0006632804260392132,1.0,True
2024,11,RMVD-1,Sprinter,10,IND,0.0006632804260392132,1.0,True
2024,11,RMVD-1,Sprinter,10,DAL,0.0006579661678930466,1.0,True
2024,11,RMVD-1,Sprinter,10,CHI,0.0006506629176215978,1.0,True
2024,11,RMVD-1,Sprinter,10,TEN,0.0006506629176215978,1.0,True
2024,11,RMVD-1,Sprinter,10,WAS,0.0006506629176215978,1.0,True
2024,11,RMVD-1,Sprinter,10,JAC,0.0006506629176215978,1.0,True
2024,11,RMVD-1,Sprinter,10,LV,0.0006506629176215978,1.0,True
2024,11,RMVD-1,Sprinter,10,SEA,0.0006506629176215978,1.0,True
2024,11,RMVD-1,Sprinter,10,PIT,0.0006466127739755387,1.0,True
2024,11,RUBBERINWALL-3,Sprinter,10,MIA,0.4729712781032347,1.0,True
2024,11,RUBBERINWALL-3,Sprinter,10,DET,0.4422204947493377,1.0,True
2024,11,RUBBERINWALL-3,Sprinter,10,MIN,0.04411494009547195,1.0,True
2024,11,RUBBERINWALL-3,Sprinter,10,GB,0.02763435981707897,1.0,True
2024,11,RUBBERINWALL-3,Sprinter,10,LA,0.00812488698311631,1.0,True
2024,11,RUBBERINWALL-3,Sprinter,10,BAL,0.0008722709590169792,1.0,True
2024,11,RUBBERINWALL-3,Sprinter,10,CLE,0.000625931540594072,1.0,True
2024,11,RUBBERINWALL-3,Sprinter,10,NO,0.0005903009145908989,1.0,True
2024,11,RUBBERINWALL-3,Sprinter,10,BUF,0.0005298317874934396,1.0,True
2024,11,RUBBERINWALL-3,Sprinter,10,ATL,0.00027708791062863573,1.0,True
2024,11,RUBBERINWALL-3,Sprinter,10,KC,0.00027400554362295965,1.0,True
2024,11,RUBBERINWALL-3,Sprinter,10,NE,0.0002530353857958804,1.0,True
2024,11,RUBBERINWALL-3,Sprinter,10,DAL,0.0002530353857958804,1.0,True
2024,11,RUBBERINWALL-3,Sprinter,10,IND,0.0002530353857958804,1.0,True
2024,11,RUBBERINWALL-3,Sprinter,10,PIT,0.00025137635960642286,1.0,True
2024,11,RUBBERINWALL-3,Sprinter,10,TEN,0.00025137635960642286,1.0,True
2024,11,RUBBERINWALL-3,Sprinter,10,JAC,0.00025137635960642286,1.0,True
2024,11,RUBBERINWALL-3,Sprinter,10,LV,0.00025137635960642286,1.0,True
2024,11,Ryan Hojo-10,Sprinter,10,DET,0.4749948462958221,1.0,True
2024,11,Ryan Hojo-10,Sprinter,10,MIA,0.42135172198573123,1.0,True
2024,11,Ryan Hojo-10,Sprinter,10,MIN,0.05242919552630541,1.0,True
2024,11,Ryan Hojo-10,Sprinter,10,GB,0.03410753514054251,1.0,True
2024,11,Ryan Hojo-10,Sprinter,10,LA,0.011669332081801192,1.0,True
2024,11,Ryan Hojo-10,Sprinter,10,CLE,0.0009370215909985047,1.0,True
2024,11,Ryan Hojo-10,Sprinter,10,NO,0.0007353441302596052,1.0,True
2024,11,Ryan Hojo-10,Sprinter,10,CIN,0.0005345436175659452,1.0,True
2024,11,Ryan Hojo-10,Sprinter,10,ATL,0.00033136496841389373,1.0,True
2024,11,Ryan Hojo-10,Sprinter,10,NE,0.000292250765500051,1.0,True
2024,11,Ryan Hojo-10,Sprinter,10,DAL,0.000292250765500051,1.0,True
2024,11,Ryan Hojo-10,Sprinter,10,IND,0.000292250765500051,1.0,True
2024,11,Ryan Hojo-10,Sprinter,10,CHI,0.00029033462372277113,1.0,True
2024,11,Ryan Hojo-10,Sprinter,10,PIT,0.00029033462372277113,1.0,True
2024,11,Ryan Hojo-10,Sprinter,10,TEN,0.00029033462372277113,1.0,True
2024,11,Ryan Hojo-10,Sprinter,10,WAS,0.00029033462372277113,1.0,True
2024,11,Ryan Hojo-10,Sprinter,10,JAC,0.00029033462372277113,1.0,True
2024,11,Ryan Hojo-10,Sprinter,10,LV,0.00029033462372277113,1.0,True
2024,11,Ryan Hojo-10,Sprinter,10,SEA,0.00029033462372277113,1.0,True
2024,11,SEANS DOLPHINS-7,Sprinter,10,MIA,0.9227867704041034,1.0,True
2024,11,SEANS DOLPHINS-7,Sprinter,10,GB,0.06616912731689004,1.0,True
2024,11,SEANS DOLPHINS-7,Sprinter,10,CLE,0.001395881173867326,1.0,True
2024,11,SEANS DOLPHINS-7,Sprinter,10,NO,0.0011492437040071552,1.0,True
2024,11,SEANS DOLPHINS-7,Sprinter,10,LAC,0.0009180730863781747,1.0,True
2024,11,SEANS DOLPHINS-7,Sprinter,10,CIN,0.0008291441337505064,1.0,True
2024,11,SEANS DOLPHINS-7,Sprinter,10,ATL,0.0006094241718199542,1.0,True
2024,11,SEANS DOLPHINS-7,Sprinter,10,KC,0.0006026448469644684,1.0,True
2024,11,SEANS DOLPHINS-7,Sprinter,10,NE,0.000556523307277992,1.0,True
2024,11,SEANS DOLPHINS-7,Sprinter,10,DAL,0.000556523307277992,1.0,True
2024,11,SEANS DOLPHINS-7,Sprinter,10,IND,0.000556523307277992,1.0,True
2024,11,SEANS DOLPHINS-7,Sprinter,10,CHI,0.0005528744629121588,1.0,True
2024,11,SEANS DOLPHINS-7,Sprinter,10,PIT,0.0005528744629121588,1.0,True
2024,11,SEANS DOLPHINS-7,Sprinter,10,TEN,0.0005528744629121588,1.0,True
2024,11,SEANS DOLPHINS-7,Sprinter,10,WAS,0.0005528744629121588,1.0,True
2024,11,SEANS DOLPHINS-7,Sprinter,10,JAC,0.0005528744629121588,1.0,True
2024,11,SEANS DOLPHINS-7,Sprinter,10,LV,0.0005528744629121588,1.0,True
2024,11,SEANS DOLPHINS-7,Sprinter,10,SEA,0.0005528744629121588,1.0,True
2024,11,SENIOR JIBBLES-5,Sprinter,10,DET,0.48510987936082683,1.0,True
2024,11,SENIOR JIBBLES-5,Sprinter,10,MIA,0.40897333303834416,1.0,True
2024,11,SENIOR JIBBLES-5,Sprinter,10,MIN,0.05100332060763084,1.0,True
2024,11,SENIOR JIBBLES-5,Sprinter,10,GB,0.03544373465009555,1.0,True
2024,11,SENIOR JIBBLES-5,Sprinter,10,LA,0.014254539787420051,1.0,True
2024,11,SENIOR JIBBLES-5,Sprinter,10,CLE,0.0009870586169576589,1.0,True
2024,11,SENIOR JIBBLES-5,Sprinter,10,BUF,0.0008170552644857446,1.0,True
2024,11,SENIOR JIBBLES-5,Sprinter,10,CIN,0.0005558119370538147,1.0,True
2024,11,SENIOR JIBBLES-5,Sprinter,10,KC,0.0003093010902833637,1.0,True
2024,11,SENIOR JIBBLES-5,Sprinter,10,NE,0.0002841269907167348,1.0,True
2024,11,SENIOR JIBBLES-5,Sprinter,10,DAL,0.0002841269907167348,1.0,True
2024,11,SENIOR JIBBLES-5,Sprinter,10,IND,0.0002841269907167348,1.0,True
2024,11,SENIOR JIBBLES-5,Sprinter,10,CHI,0.0002822641124586279,1.0,True
2024,11,SENIOR JIBBLES-5,Sprinter,10,PIT,0.0002822641124586279,1.0,True
2024,11,SENIOR JIBBLES-5,Sprinter,10,TEN,0.0002822641124586279,1.0,True
2024,11,SENIOR JIBBLES-5,Sprinter,10,JAC,0.0002822641124586279,1.0,True
2024,11,SENIOR JIBBLES-5,Sprinter,10,LV,0.0002822641124586279,1.0,True
2024,11,SENIOR JIBBLES-5,Sprinter,10,SEA,0.0002822641124586279,1.0,True
2024,11,SHEENA'S POMPOMS-7,Sprinter,10,MIA,0.8453738794186371,1.0,True
2024,11,SHEENA'S POMPOMS-7,Sprinter,10,MIN,0.08020363220597977,1.0,True
2024,11,SHEENA'S POMPOMS-7,Sprinter,10,GB,0.050364332011356754,1.0,True
2024,11,SHEENA'S POMPOMS-7,Sprinter,10,LA,0.01454379944705019,1.0,True
2024,11,SHEENA'S POMPOMS-7,Sprinter,10,DEN,0.0012397845365013887,1.0,True
2024,11,SHEENA'S POMPOMS-7,Sprinter,10,CLE,0.0011932489186480453,1.0,True
2024,11,SHEENA'S POMPOMS-7,Sprinter,10,BUF,0.0010100484901142163,1.0,True
2024,11,SHEENA'S POMPOMS-7,Sprinter,10,NO,0.0009380402891938501,1.0,True
2024,11,SHEENA'S POMPOMS-7,Sprinter,10,CIN,0.0007186743549224184,1.0,True
2024,11,SHEENA'S POMPOMS-7,Sprinter,10,ATL,0.0005282284535689958,1.0,True
2024,11,SHEENA'S POMPOMS-7,Sprinter,10,KC,0.0005223523619234006,1.0,True
2024,11,SHEENA'S POMPOMS-7,Sprinter,10,NE,0.00048237575661079377,1.0,True
2024,11,SHEENA'S POMPOMS-7,Sprinter,10,DAL,0.00048237575661079377,1.0,True
2024,11,SHEENA'S POMPOMS-7,Sprinter,10,IND,0.00048237575661079377,1.0,True
2024,11,SHEENA'S POMPOMS-7,Sprinter,10,PIT,0.0004792130605678684,1.0,True
2024,11,SHEENA'S POMPOMS-7,Sprinter,10,TEN,0.0004792130605678684,1.0,True
2024,11,SHEENA'S POMPOMS-7,Sprinter,10,JAC,0.0004792130605678684,1.0,True
2024,11,SHEENA'S POMPOMS-7,Sprinter,10,LV,0.0004792130605678684,1.0,True
2024,11,SLOPPY BRI-3,Sprinter,10,MIA,0.7698192793438763,1.0,True
2024,11,SLOPPY BRI-3,Sprinter,10,MIN,0.08390576718100903,1.0,True
2024,11,SLOPPY BRI-3,Sprinter,10,SF,0.07294644895114226,1.0,True
2024,11,SLOPPY BRI-3,Sprinter,10,GB,0.06159863878376931,1.0,True
2024,11,SLOPPY BRI-3,Sprinter,10,NO,0.0016425841205149666,1.0,True
2024,11,SLOPPY BRI-3,Sprinter,10,DEN,0.0015701487968997347,1.0,True
2024,11,SLOPPY BRI-3,Sprinter,10,CLE,0.0015096351252764583,1.0,True
2024,11,SLOPPY BRI-3,Sprinter,10,BUF,0.0012681493173542213,1.0,True
2024,11,SLOPPY BRI-3,Sprinter,10,CIN,0.0008732495193130807,1.0,True
2024,11,SLOPPY BRI-3,Sprinter,10,ATL,0.000525580962786253,1.0,True
2024,11,SLOPPY BRI-3,Sprinter,10,KC,0.0005197343222207067,1.0,True
2024,11,SLOPPY BRI-3,Sprinter,10,NE,0.0004799580803935869,1.0,True
2024,11,SLOPPY BRI-3,Sprinter,10,IND,0.0004799580803935869,1.0,True
2024,11,SLOPPY BRI-3,Sprinter,10,PIT,0.00047681123584174587,1.0,True
2024,11,SLOPPY BRI-3,Sprinter,10,TEN,0.00047681123584174587,1.0,True
2024,11,SLOPPY BRI-3,Sprinter,10,WAS,0.00047681123584174587,1.0,True
2024,11,SLOPPY BRI-3,Sprinter,10,JAC,0.00047681123584174587,1.0,True
2024,11,SLOPPY BRI-3,Sprinter,10,LV,0.00047681123584174587,1.0,True
2024,11,SLOPPY BRI-3,Sprinter,10,SEA,0.00047681123584174587,1.0,True
2024,11,SORRYBOOKIES-9,Sprinter,10,MIA,0.8892662793977171,1.0,True
2024,11,SORRYBOOKIES-9,Sprinter,10,MIN,0.09700386619735331,1.0,True
2024,11,SORRYBOOKIES-9,Sprinter,10,DEN,0.0018581081520742612,1.0,True
2024,11,SORRYBOOKIES-9,Sprinter,10,CLE,0.0017302822798306483,1.0,True
2024,11,SORRYBOOKIES-9,Sprinter,10,BUF,0.0014760731433757198,1.0,True
2024,11,SORRYBOOKIES-9,Sprinter,10,NO,0.0013528642944770834,1.0,True
2024,11,SORRYBOOKIES-9,Sprinter,10,CIN,0.0010202249045760399,1.0,True
2024,11,SORRYBOOKIES-9,Sprinter,10,ATL,0.0006186080667491231,1.0,True
2024,11,SORRYBOOKIES-9,Sprinter,10,KC,0.0006117265788846161,1.0,True
2024,11,SORRYBOOKIES-9,Sprinter,10,NE,0.000564909997232234,1.0,True
2024,11,SORRYBOOKIES-9,Sprinter,10,DAL,0.000564909997232234,1.0,True
2024,11,SORRYBOOKIES-9,Sprinter,10,IND,0.000564909997232234,1.0,True
2024,11,SORRYBOOKIES-9,Sprinter,10,CHI,0.0005612061655442395,1.0,True
2024,11,SORRYBOOKIES-9,Sprinter,10,PIT,0.0005612061655442395,1.0,True
2024,11,SORRYBOOKIES-9,Sprinter,10,TEN,0.0005612061655442395,1.0,True
2024,11,SORRYBOOKIES-9,Sprinter,10,WAS,0.0005612061655442395,1.0,True
2024,11,SORRYBOOKIES-9,Sprinter,10,JAC,0.0005612061655442395,1.0,True
2024,11,SORRYBOOKIES-9,Sprinter,10,LV,0.0005612061655442395,1.0,True
2024,11,SQUID-2,Sprinter,10,MIA,0.5678711965151934,1.0,True
2024,11,SQUID-2,Sprinter,10,HOU,0.29887728430700067,1.0,True
2024,11,SQUID-2,Sprinter,10,MIN,0.06668989171923265,1.0,True
2024,11,SQUID-2,Sprinter,10,GB,0.04396961413055137,1.0,True
2024,11,SQUID-2,Sprinter,10,LA,0.01465031058131609,1.0,True
2024,11,SQUID-2,Sprinter,10,DEN,0.0016862266151022065,1.0,True
2024,11,SQUID-2,Sprinter,10,CLE,0.0012524706676227098,1.0,True
2024,11,SQUID-2,Sprinter,10,NO,0.0010842600368667094,1.0,True
2024,11,SQUID-2,Sprinter,10,ATL,0.0004548949146233305,1.0,True
2024,11,SQUID-2,Sprinter,10,NE,0.00038656194108675887,1.0,True
2024,11,SQUID-2,Sprinter,10,DAL,0.00038656194108675887,1.0,True
2024,11,SQUID-2,Sprinter,10,IND,0.00038656194108675887,1.0,True
2024,11,SQUID-2,Sprinter,10,CHI,0.000384027448205088,1.0,True
2024,11,SQUID-2,Sprinter,10,PIT,0.000384027448205088,1.0,True
2024,11,SQUID-2,Sprinter,10,TEN,0.000384027448205088,1.0,True
2024,11,SQUID-2,Sprinter,10,WAS,0.000384027448205088,1.0,True
2024,11,SQUID-2,Sprinter,10,JAC,0.000384027448205088,1.0,True
2024,11,SQUID-2,Sprinter,10,LV,0.000384027448205088,1.0,True
2024,11,Sula-locke-2,Sprinter,10,MIA,0.4767124315586047,1.0,True
2024,11,Sula-locke-2,Sprinter,10,DET,0.47169628877752806,1.0,True
2024,11,Sula-locke-2,Sprinter,10,GB,0.035182601689497724,1.0,True
2024,11,Sula-locke-2,Sprinter,10,LA,0.010402151096403234,1.0,True
2024,11,Sula-locke-2,Sprinter,10,BAL,0.0010569224115285674,1.0,True
2024,11,Sula-locke-2,Sprinter,10,CLE,0.0007208095498888423,1.0,True
2024,11,Sula-locke-2,Sprinter,10,NO,0.000594310819052897,1.0,True
2024,11,Sula-locke-2,Sprinter,10,LAC,0.0004693986392510565,1.0,True
2024,11,Sula-locke-2,Sprinter,10,CIN,0.0004431252203848952,1.0,True
2024,11,Sula-locke-2,Sprinter,10,ATL,0.0003256987650917388,1.0,True
2024,11,Sula-locke-2,Sprinter,10,KC,0.00032207564373277873,1.0,True
2024,11,Sula-locke-2,Sprinter,10,NE,0.0002974265910456251,1.0,True
2024,11,Sula-locke-2,Sprinter,10,DAL,0.0002974265910456251,1.0,True
2024,11,Sula-locke-2,Sprinter,10,IND,0.0002974265910456251,1.0,True
2024,11,Sula-locke-2,Sprinter,10,PIT,0.0002954765139746504,1.0,True
2024,11,Sula-locke-2,Sprinter,10,TEN,0.0002954765139746504,1.0,True
2024,11,Sula-locke-2,Sprinter,10,JAC,0.0002954765139746504,1.0,True
2024,11,Sula-locke-2,Sprinter,10,LV,0.0002954765139746504,1.0,True
2024,11,TDBOW2 3-1,Sprinter,10,MIA,0.8081839532163735,1.0,True
2024,11,TDBOW2 3-1,Sprinter,10,MIN,0.09262313743397012,1.0,True
2024,11,TDBOW2 3-1,Sprinter,10,GB,0.06637449804106921,1.0,True
2024,11,TDBOW2 3-1,Sprinter,10,LA,0.02025128961324055,1.0,True
2024,11,TDBOW2 3-1,Sprinter,10,DEN,0.0024342578964025945,1.0,True
2024,11,TDBOW2 3-1,Sprinter,10,CLE,0.0018638798360955332,1.0,True
2024,11,TDBOW2 3-1,Sprinter,10,NO,0.001524966497771138,1.0,True
2024,11,TDBOW2 3-1,Sprinter,10,CIN,0.001075646722800555,1.0,True
2024,11,TDBOW2 3-1,Sprinter,10,ATL,0.0006518754954403106,1.0,True
2024,11,TDBOW2 3-1,Sprinter,10,KC,0.0006030337607652682,1.0,True
2024,11,TDBOW2 3-1,Sprinter,10,NE,0.0005539526795390892,1.0,True
2024,11,TDBOW2 3-1,Sprinter,10,DAL,0.0005539526795390892,1.0,True
2024,11,TDBOW2 3-1,Sprinter,10,IND,0.0005539526795390892,1.0,True
2024,11,TDBOW2 3-1,Sprinter,10,PIT,0.0005503206894908004,1.0,True
2024,11,TDBOW2 3-1,Sprinter,10,TEN,0.0005503206894908004,1.0,True
2024,11,TDBOW2 3-1,Sprinter,10,WAS,0.0005503206894908004,1.0,True
2024,11,TDBOW2 3-1,Sprinter,10,LV,0.0005503206894908004,1.0,True
2024,11,TDBOW2 3-1,Sprinter,10,SEA,0.0005503206894908004,1.0,True
2024,11,TEAM YOGI-2,Sprinter,10,MIA,0.905131440290964,1.0,True
2024,11,TEAM YOGI-2,Sprinter,10,GB,0.06445939912856383,1.0,True
2024,11,TEAM YOGI-2,Sprinter,10,LA,0.018968357290035133,1.0,True
2024,11,TEAM YOGI-2,Sprinter,10,DEN,0.0014403638484478862,1.0,True
2024,11,TEAM YOGI-2,Sprinter,10,CLE,0.0013862994367314018,1.0,True
2024,11,TEAM YOGI-2,Sprinter,10,NO,0.0011014017415171002,1.0,True
2024,11,TEAM YOGI-2,Sprinter,10,LAC,0.0008931813452973396,1.0,True
2024,11,TEAM YOGI-2,Sprinter,10,CIN,0.0008476347604473556,1.0,True
2024,11,TEAM YOGI-2,Sprinter,10,ATL,0.0006230148545522643,1.0,True
2024,11,TEAM YOGI-2,Sprinter,10,KC,0.0006160843449267768,1.0,True
2024,11,TEAM YOGI-2,Sprinter,10,NE,0.0005689342552713472,1.0,True
2024,11,TEAM YOGI-2,Sprinter,10,DAL,0.0005689342552713472,1.0,True
2024,11,TEAM YOGI-2,Sprinter,10,IND,0.0005689342552713472,1.0,True
2024,11,TEAM YOGI-2,Sprinter,10,PIT,0.0005652040385405691,1.0,True
2024,11,TEAM YOGI-2,Sprinter,10,TEN,0.0005652040385405691,1.0,True
2024,11,TEAM YOGI-2,Sprinter,10,WAS,0.0005652040385405691,1.0,True
2024,11,TEAM YOGI-2,Sprinter,10,JAC,0.0005652040385405691,1.0,True
2024,11,TEAM YOGI-2,Sprinter,10,LV,0.0005652040385405691,1.0,True
2024,11,THE NIGHTMAN COMETH-10,Sprinter,10,MIA,0.48374818813582343,1.0,True
2024,11,THE NIGHTMAN COMETH-10,Sprinter,10,DET,0.4738230595958566,1.0,True
2024,11,THE NIGHTMAN COMETH-10,Sprinter,10,GB,0.03569450554735237,1.0,True
2024,11,THE NIGHTMAN COMETH-10,Sprinter,10,BAL,0.0011081495761123363,1.0,True
2024,11,THE NIGHTMAN COMETH-10,Sprinter,10,CLE,0.0007394780644850802,1.0,True
2024,11,THE NIGHTMAN COMETH-10,Sprinter,10,BUF,0.0006655553724168147,1.0,True
2024,11,THE NIGHTMAN COMETH-10,Sprinter,10,NO,0.0006237934003042212,1.0,True
2024,11,THE NIGHTMAN COMETH-10,Sprinter,10,CIN,0.0004647622542184871,1.0,True
2024,11,THE NIGHTMAN COMETH-10,Sprinter,10,ATL,0.00033811943333095554,1.0,True
2024,11,THE NIGHTMAN COMETH-10,Sprinter,10,KC,0.00033435814261670977,1.0,True
2024,11,THE NIGHTMAN COMETH-10,Sprinter,10,NE,0.00030876908726865603,1.0,True
2024,11,THE NIGHTMAN COMETH-10,Sprinter,10,DAL,0.00030876908726865603,1.0,True
2024,11,THE NIGHTMAN COMETH-10,Sprinter,10,IND,0.00030876908726865603,1.0,True
2024,11,THE NIGHTMAN COMETH-10,Sprinter,10,PIT,0.0003067446431354278,1.0,True
2024,11,THE NIGHTMAN COMETH-10,Sprinter,10,TEN,0.0003067446431354278,1.0,True
2024,11,THE NIGHTMAN COMETH-10,Sprinter,10,JAC,0.0003067446431354278,1.0,True
2024,11,THE NIGHTMAN COMETH-10,Sprinter,10,LV,0.0003067446431354278,1.0,True
2024,11,THE NIGHTMAN COMETH-10,Sprinter,10,SEA,0.0003067446431354278,1.0,True
2024,11,THE RAZOR SQUAD-1,Sprinter,10,DET,0.4883558908418435,1.0,True
2024,11,THE RAZOR SQUAD-1,Sprinter,10,MIA,0.45283674877187724,1.0,True
2024,11,THE RAZOR SQUAD-1,Sprinter,10,MIN,0.049269495246984485,1.0,True
2024,11,THE RAZOR SQUAD-1,Sprinter,10,PHI,0.0035835300530111846,1.0,True
2024,11,THE RAZOR SQUAD-1,Sprinter,10,NO,0.0009155382943567615,1.0,True
2024,11,THE RAZOR SQUAD-1,Sprinter,10,CLE,0.0008701987258773723,1.0,True
2024,11,THE RAZOR SQUAD-1,Sprinter,10,BUF,0.0007547481430473142,1.0,True
2024,11,THE RAZOR SQUAD-1,Sprinter,10,CIN,0.0005158834896356395,1.0,True
2024,11,THE RAZOR SQUAD-1,Sprinter,10,ATL,0.00031280327186671686,1.0,True
2024,11,THE RAZOR SQUAD-1,Sprinter,10,KC,0.00030932360188659375,1.0,True
2024,11,THE RAZOR SQUAD-1,Sprinter,10,NE,0.00028565048686331445,1.0,True
2024,11,THE RAZOR SQUAD-1,Sprinter,10,DAL,0.00028565048686331445,1.0,True
2024,11,THE RAZOR SQUAD-1,Sprinter,10,IND,0.00028565048686331445,1.0,True
2024,11,THE RAZOR SQUAD-1,Sprinter,10,CHI,0.00028377761980463424,1.0,True
2024,11,THE RAZOR SQUAD-1,Sprinter,10,PIT,0.00028377761980463424,1.0,True
2024,11,THE RAZOR SQUAD-1,Sprinter,10,TEN,0.00028377761980463424,1.0,True
2024,11,THE RAZOR SQUAD-1,Sprinter,10,WAS,0.00028377761980463424,1.0,True
2024,11,THE RAZOR SQUAD-1,Sprinter,10,LV,0.00028377761980463424,1.0,True
2024,11,THE WATER BOYS-1,Sprinter,10,DET,0.41003822565310427,1.0,True
2024,11,THE WATER BOYS-1,Sprinter,10,MIA,0.38677078759032296,1.0,True
2024,11,THE WATER BOYS-1,Sprinter,10,HOU,0.19798916300582678,1.0,True
2024,11,THE WATER BOYS-1,Sprinter,10,BAL,0.0008776257913870877,1.0,True
2024,11,THE WATER BOYS-1,Sprinter,10,CLE,0.0005926326104083471,1.0,True
2024,11,THE WATER BOYS-1,Sprinter,10,BUF,0.0005271026339949816,1.0,True
2024,11,THE WATER BOYS-1,Sprinter,10,NO,0.0004806635684600632,1.0,True
2024,11,THE WATER BOYS-1,Sprinter,10,ATL,0.0002677818425031386,1.0,True
2024,11,THE WATER BOYS-1,Sprinter,10,KC,0.0002648029975792362,1.0,True
2024,11,THE WATER BOYS-1,Sprinter,10,NE,0.0002445371278493839,1.0,True
2024,11,THE WATER BOYS-1,Sprinter,10,DAL,0.0002445371278493839,1.0,True
2024,11,THE WATER BOYS-1,Sprinter,10,IND,0.0002445371278493839,1.0,True
2024,11,THE WATER BOYS-1,Sprinter,10,CHI,0.0002429338204774888,1.0,True
2024,11,THE WATER BOYS-1,Sprinter,10,PIT,0.0002429338204774888,1.0,True
2024,11,THE WATER BOYS-1,Sprinter,10,TEN,0.0002429338204774888,1.0,True
2024,11,THE WATER BOYS-1,Sprinter,10,WAS,0.0002429338204774888,1.0,True
2024,11,THE WATER BOYS-1,Sprinter,10,JAC,0.0002429338204774888,1.0,True
2024,11,THE WATER BOYS-1,Sprinter,10,LV,0.0002429338204774888,1.0,True
2024,11,THEBIGHORSE-2,Sprinter,10,DET,0.41204977416851857,1.0,True
2024,11,THEBIGHORSE-2,Sprinter,10,MIA,0.3303000990829876,1.0,True
2024,11,THEBIGHORSE-2,Sprinter,10,HOU,0.2018357937810655,1.0,True
2024,11,THEBIGHORSE-2,Sprinter,10,MIN,0.04152338899081935,1.0,True
2024,11,THEBIGHORSE-2,Sprinter,10,LA,0.00915885636868438,1.0,True
2024,11,THEBIGHORSE-2,Sprinter,10,BAL,0.0012899042409762976,1.0,True
2024,11,THEBIGHORSE-2,Sprinter,10,CLE,0.0007910049118563749,1.0,True
2024,11,THEBIGHORSE-2,Sprinter,10,NO,0.0006456000414338858,1.0,True
2024,11,THEBIGHORSE-2,Sprinter,10,ATL,0.0002766469752107263,1.0,True
2024,11,THEBIGHORSE-2,Sprinter,10,KC,0.0002559192162193123,1.0,True
2024,11,THEBIGHORSE-2,Sprinter,10,NE,0.00023508988185060283,1.0,True
2024,11,THEBIGHORSE-2,Sprinter,10,DAL,0.00023508988185060283,1.0,True
2024,11,THEBIGHORSE-2,Sprinter,10,IND,0.00023508988185060283,1.0,True
2024,11,THEBIGHORSE-2,Sprinter,10,CHI,0.00023354851533524416,1.0,True
2024,11,THEBIGHORSE-2,Sprinter,10,PIT,0.00023354851533524416,1.0,True
2024,11,THEBIGHORSE-2,Sprinter,10,TEN,0.00023354851533524416,1.0,True
2024,11,THEBIGHORSE-2,Sprinter,10,JAC,0.00023354851533524416,1.0,True
2024,11,THEBIGHORSE-2,Sprinter,10,LV,0.00023354851533524416,1.0,True
2024,11,TOM0JOKER1-3,Sprinter,10,DET,0.4650764128210733,1.0,True
2024,11,TOM0JOKER1-3,Sprinter,10,MIA,0.4319061240357155,1.0,True
2024,11,TOM0JOKER1-3,Sprinter,10,MIN,0.05121488631265431,1.0,True
2024,11,TOM0JOKER1-3,Sprinter,10,GB,0.03445855551353346,1.0,True
2024,11,TOM0JOKER1-3,Sprinter,10,LA,0.01194608444649287,1.0,True
2024,11,TOM0JOKER1-3,Sprinter,10,BAL,0.001058805988720714,1.0,True
2024,11,TOM0JOKER1-3,Sprinter,10,CLE,0.0007014531872683858,1.0,True
2024,11,TOM0JOKER1-3,Sprinter,10,NO,0.0005953699604729327,1.0,True
2024,11,TOM0JOKER1-3,Sprinter,10,CIN,0.0004295456930627359,1.0,True
2024,11,TOM0JOKER1-3,Sprinter,10,ATL,0.000315717759552232,1.0,True
2024,11,TOM0JOKER1-3,Sprinter,10,NE,0.00028831198340507463,1.0,True
2024,11,TOM0JOKER1-3,Sprinter,10,DAL,0.00028831198340507463,1.0,True
2024,11,TOM0JOKER1-3,Sprinter,10,IND,0.00028831198340507463,1.0,True
2024,11,TOM0JOKER1-3,Sprinter,10,CHI,0.0002864216662476581,1.0,True
2024,11,TOM0JOKER1-3,Sprinter,10,TEN,0.0002864216662476581,1.0,True
2024,11,TOM0JOKER1-3,Sprinter,10,WAS,0.0002864216662476581,1.0,True
2024,11,TOM0JOKER1-3,Sprinter,10,JAC,0.0002864216662476581,1.0,True
2024,11,TOM0JOKER1-3,Sprinter,10,LV,0.0002864216662476581,1.0,True
2024,11,TRAINWRECK-3,EV Hunter,10,DET,0.3950649807603804,1.0,True
2024,11,TRAINWRECK-3,EV Hunter,10,MIA,0.3044338935223616,1.0,True
2024,11,TRAINWRECK-3,EV Hunter,10,HOU,0.21715433570814813,1.0,True
2024,11,TRAINWRECK-3,EV Hunter,10,SF,0.05242344145604197,1.0,True
2024,11,TRAINWRECK-3,EV Hunter,10,LA,0.01726578796281184,1.0,True
2024,11,TRAINWRECK-3,EV Hunter,10,PHI,0.004897405476395144,1.0,True
2024,11,TRAINWRECK-3,EV Hunter,10,DEN,0.0019009908965296504,1.0,True
2024,11,TRAINWRECK-3,EV Hunter,10,CLE,0.0017533935276588285,1.0,True
2024,11,TRAINWRECK-3,EV Hunter,10,BUF,0.0010952512602093371,1.0,True
2024,11,TRAINWRECK-3,EV Hunter,10,NO,0.0009618333507693013,1.0,True
2024,11,TRAINWRECK-3,EV Hunter,10,CIN,0.000680750096254408,1.0,True
2024,11,TRAINWRECK-3,EV Hunter,10,KC,0.0005929224284347775,1.0,True
2024,11,TRAINWRECK-3,EV Hunter,10,NE,0.00029907964663818034,1.0,True
2024,11,TRAINWRECK-3,EV Hunter,10,IND,0.00029907964663818034,1.0,True
2024,11,TRAINWRECK-3,EV Hunter,10,DAL,0.00029668339554120375,1.0,True
2024,11,TRAINWRECK-3,EV Hunter,10,TEN,0.0002933902883956509,1.0,True
2024,11,TRAINWRECK-3,EV Hunter,10,LV,0.0002933902883956509,1.0,True
2024,11,TRAINWRECK-3,EV Hunter,10,SEA,0.0002933902883956509,1.0,True
2024,11,TY1823-8,Sprinter,10,MIA,0.8448083617411581,1.0,True
2024,11,TY1823-8,Sprinter,10,MIN,0.07913243560293633,1.0,True
2024,11,TY1823-8,Sprinter,10,GB,0.051959323996394226,1.0,True
2024,11,TY1823-8,Sprinter,10,LA,0.014587328716657258,1.0,True
2024,11,TY1823-8,Sprinter,10,BAL,0.0015944654489676196,1.0,True
2024,11,TY1823-8,Sprinter,10,CLE,0.0011664450285486757,1.0,True
2024,11,TY1823-8,Sprinter,10,NO,0.00107903903377672,1.0,True
2024,11,TY1823-8,Sprinter,10,BUF,0.0009801105921413743,1.0,True
2024,11,TY1823-8,Sprinter,10,ATL,0.0005065021313123728,1.0,True
2024,11,TY1823-8,Sprinter,10,KC,0.0005008677264972372,1.0,True
2024,11,TY1823-8,Sprinter,10,NE,0.00046253538060284067,1.0,True
2024,11,TY1823-8,Sprinter,10,DAL,0.00046253538060284067,1.0,True
2024,11,TY1823-8,Sprinter,10,IND,0.00046253538060284067,1.0,True
2024,11,TY1823-8,Sprinter,10,CHI,0.0004595027679603155,1.0,True
2024,11,TY1823-8,Sprinter,10,PIT,0.0004595027679603155,1.0,True
2024,11,TY1823-8,Sprinter,10,TEN,0.0004595027679603155,1.0,True
2024,11,TY1823-8,Sprinter,10,JAC,0.0004595027679603155,1.0,True
2024,11,TY1823-8,Sprinter,10,LV,0.0004595027679603155,1.0,True
2024,11,TY1823-9,Sprinter,10,DET,0.49696456396274996,1.0,True
2024,11,TY1823-9,Sprinter,10,MIA,0.45442916533211786,1.0,True
2024,11,TY1823-9,Sprinter,10,GB,0.033656225873122524,1.0,True
2024,11,TY1823-9,Sprinter,10,LA,0.00981091489076242,1.0,True
2024,11,TY1823-9,Sprinter,10,CLE,0.0006838616116766387,1.0,True
2024,11,TY1823-9,Sprinter,10,BUF,0.0006082440460953286,1.0,True
2024,11,TY1823-9,Sprinter,10,NO,0.000563847072527068,1.0,True
2024,11,TY1823-9,Sprinter,10,CIN,0.00042041108838487514,1.0,True
2024,11,TY1823-9,Sprinter,10,ATL,0.0003090037894906853,1.0,True
2024,11,TY1823-9,Sprinter,10,KC,0.00030556638551591754,1.0,True
2024,11,TY1823-9,Sprinter,10,NE,0.0002821808173037056,1.0,True
2024,11,TY1823-9,Sprinter,10,DAL,0.0002821808173037056,1.0,True
2024,11,TY1823-9,Sprinter,10,IND,0.0002821808173037056,1.0,True
2024,11,TY1823-9,Sprinter,10,CHI,0.00028033069912913915,1.0,True
2024,11,TY1823-9,Sprinter,10,PIT,0.00028033069912913915,1.0,True
2024,11,TY1823-9,Sprinter,10,TEN,0.00028033069912913915,1.0,True
2024,11,TY1823-9,Sprinter,10,JAC,0.00028033069912913915,1.0,True
2024,11,TY1823-9,Sprinter,10,LV,0.00028033069912913915,1.0,True
2024,11,Tam Tam-2,Sprinter,10,DET,0.442240374929063,1.0,True
2024,11,Tam Tam-2,Sprinter,10,MIA,0.417722749044309,1.0,True
2024,11,Tam Tam-2,Sprinter,10,MIN,0.052524706555640774,1.0,True
2024,11,Tam Tam-2,Sprinter,10,SF,0.04337259088864374,1.0,True
2024,11,Tam Tam-2,Sprinter,10,GB,0.03587473304954503,1.0,True
2024,11,Tam Tam-2,Sprinter,10,PHI,0.003857605040353765,1.0,True
2024,11,Tam Tam-2,Sprinter,10,CLE,0.0010981622499532287,1.0,True
2024,11,Tam Tam-2,Sprinter,10,ATL,0.00033550249036915923,1.0,True
2024,11,Tam Tam-2,Sprinter,10,KC,0.0003221170933676983,1.0,True
2024,11,Tam Tam-2,Sprinter,10,NE,0.0002958998958365725,1.0,True
2024,11,Tam Tam-2,Sprinter,10,DAL,0.0002958998958365725,1.0,True
2024,11,Tam Tam-2,Sprinter,10,IND,0.0002958998958365725,1.0,True
2024,11,Tam Tam-2,Sprinter,10,PIT,0.0002939598285408202,1.0,True
2024,11,Tam Tam-2,Sprinter,10,TEN,0.0002939598285408202,1.0,True
2024,11,Tam Tam-2,Sprinter,10,WAS,0.0002939598285408202,1.0,True
2024,11,Tam Tam-2,Sprinter,10,JAC,0.0002939598285408202,1.0,True
2024,11,Tam Tam-2,Sprinter,10,LV,0.0002939598285408202,1.0,True
2024,11,Tam Tam-2,Sprinter,10,SEA,0.0002939598285408202,1.0,True
2024,11,Tapout59-1,Sprinter,10,MIA,0.4767124315586047,1.0,True
2024,11,Tapout59-1,Sprinter,10,DET,0.47169628877752806,1.0,True
2024,11,Tapout59-1,Sprinter,10,GB,0.035182601689497724,1.0,True
2024,11,Tapout59-1,Sprinter,10,LA,0.010402151096403234,1.0,True
2024,11,Tapout59-1,Sprinter,10,BAL,0.0010569224115285674,1.0,True
2024,11,Tapout59-1,Sprinter,10,CLE,0.0007208095498888423,1.0,True
2024,11,Tapout59-1,Sprinter,10,NO,0.000594310819052897,1.0,True
2024,11,Tapout59-1,Sprinter,10,LAC,0.0004693986392510565,1.0,True
2024,11,Tapout59-1,Sprinter,10,CIN,0.0004431252203848952,1.0,True
2024,11,Tapout59-1,Sprinter,10,ATL,0.0003256987650917388,1.0,True
2024,11,Tapout59-1,Sprinter,10,KC,0.00032207564373277873,1.0,True
2024,11,Tapout59-1,Sprinter,10,NE,0.0002974265910456251,1.0,True
2024,11,Tapout59-1,Sprinter,10,DAL,0.0002974265910456251,1.0,True
2024,11,Tapout59-1,Sprinter,10,IND,0.0002974265910456251,1.0,True
2024,11,Tapout59-1,Sprinter,10,PIT,0.0002954765139746504,1.0,True
2024,11,Tapout59-1,Sprinter,10,TEN,0.0002954765139746504,1.0,True
2024,11,Tapout59-1,Sprinter,10,JAC,0.0002954765139746504,1.0,True
2024,11,Tapout59-1,Sprinter,10,LV,0.0002954765139746504,1.0,True
2024,11,Tarz-2,EV Hunter,10,MIA,0.6967988744955153,1.0,True
2024,11,Tarz-2,EV Hunter,10,SF,0.12399192891326438,1.0,True
2024,11,Tarz-2,EV Hunter,10,MIN,0.11966919124816844,1.0,True
2024,11,Tarz-2,EV Hunter,10,LA,0.03241603988290239,1.0,True
2024,11,Tarz-2,EV Hunter,10,PHI,0.010629310640970153,1.0,True
2024,11,Tarz-2,EV Hunter,10,DEN,0.0036129403491448075,1.0,True
2024,11,Tarz-2,EV Hunter,10,CLE,0.003132867332848659,1.0,True
2024,11,Tarz-2,EV Hunter,10,BUF,0.0020296926498666722,1.0,True
2024,11,Tarz-2,EV Hunter,10,NO,0.002020216614362062,1.0,True
2024,11,Tarz-2,EV Hunter,10,ATL,0.0007521865713537078,1.0,True
2024,11,Tarz-2,EV Hunter,10,NE,0.0006269015080044186,1.0,True
2024,11,Tarz-2,EV Hunter,10,IND,0.0006269015080044186,1.0,True
2024,11,Tarz-2,EV Hunter,10,DAL,0.0006218787207865735,1.0,True
2024,11,Tarz-2,EV Hunter,10,TEN,0.0006149760316240951,1.0,True
2024,11,Tarz-2,EV Hunter,10,WAS,0.0006149760316240951,1.0,True
2024,11,Tarz-2,EV Hunter,10,LV,0.0006149760316240951,1.0,True
2024,11,Tarz-2,EV Hunter,10,SEA,0.0006149760316240951,1.0,True
2024,11,Tarz-2,EV Hunter,10,PIT,0.0006111654383117238,1.0,True
2024,11,Thanks Derek-9,Sprinter,10,MIA,0.8553474866560415,1.0,True
2024,11,Thanks Derek-9,Sprinter,10,MIN,0.08224563933997946,1.0,True
2024,11,Thanks Derek-9,Sprinter,10,GB,0.05152008788832025,1.0,True
2024,11,Thanks Derek-9,Sprinter,10,BAL,0.0016438963527644647,1.0,True
2024,11,Thanks Derek-9,Sprinter,10,DEN,0.0012644804940651474,1.0,True
2024,11,Thanks Derek-9,Sprinter,10,CLE,0.001202606634952772,1.0,True
2024,11,Thanks Derek-9,Sprinter,10,BUF,0.0010104955417944246,1.0,True
2024,11,Thanks Derek-9,Sprinter,10,NO,0.0009273427841058817,1.0,True
2024,11,Thanks Derek-9,Sprinter,10,ATL,0.0005222044835596478,1.0,True
2024,11,Thanks Derek-9,Sprinter,10,KC,0.0005163954034496978,1.0,True
2024,11,Thanks Derek-9,Sprinter,10,NE,0.00047687469533432,1.0,True
2024,11,Thanks Derek-9,Sprinter,10,DAL,0.00047687469533432,1.0,True
2024,11,Thanks Derek-9,Sprinter,10,IND,0.00047687469533432,1.0,True
2024,11,Thanks Derek-9,Sprinter,10,PIT,0.00047374806699275105,1.0,True
2024,11,Thanks Derek-9,Sprinter,10,TEN,0.00047374806699275105,1.0,True
2024,11,Thanks Derek-9,Sprinter,10,WAS,0.00047374806699275105,1.0,True
2024,11,Thanks Derek-9,Sprinter,10,JAC,0.00047374806699275105,1.0,True
2024,11,Thanks Derek-9,Sprinter,10,LV,0.00047374806699275105,1.0,True
2024,11,The Docs Picks-2,Sprinter,10,MIA,0.7990990103895497,1.0,True
2024,11,The Docs Picks-2,Sprinter,10,MIN,0.10653522102787072,1.0,True
2024,11,The Docs Picks-2,Sprinter,10,GB,0.07276428304650265,1.0,True
2024,11,The Docs Picks-2,Sprinter,10,NYJ,0.007241668849630504,1.0,True
2024,11,The Docs Picks-2,Sprinter,10,BAL,0.002962527941238297,1.0,True
2024,11,The Docs Picks-2,Sprinter,10,DEN,0.00204757006884267,1.0,True
2024,11,The Docs Picks-2,Sprinter,10,CLE,0.0018288510576449047,1.0,True
2024,11,The Docs Picks-2,Sprinter,10,NO,0.0016073289692955927,1.0,True
2024,11,The Docs Picks-2,Sprinter,10,ATL,0.000658019577140494,1.0,True
2024,11,The Docs Picks-2,Sprinter,10,KC,0.0006317668561396228,1.0,True
2024,11,The Docs Picks-2,Sprinter,10,NE,0.0005803471804935251,1.0,True
2024,11,The Docs Picks-2,Sprinter,10,DAL,0.0005803471804935251,1.0,True
2024,11,The Docs Picks-2,Sprinter,10,IND,0.0005803471804935251,1.0,True
2024,11,The Docs Picks-2,Sprinter,10,CHI,0.0005765421349328488,1.0,True
2024,11,The Docs Picks-2,Sprinter,10,TEN,0.0005765421349328488,1.0,True
2024,11,The Docs Picks-2,Sprinter,10,WAS,0.0005765421349328488,1.0,True
2024,11,The Docs Picks-2,Sprinter,10,LV,0.0005765421349328488,1.0,True
2024,11,The Docs Picks-2,Sprinter,10,SEA,0.0005765421349328488,1.0,True
2024,11,Tommy Dawg-7,Sprinter,10,DET,0.46695624327556634,1.0,True
2024,11,Tommy Dawg-7,Sprinter,10,MIA,0.4353085549862479,1.0,True
2024,11,Tommy Dawg-7,Sprinter,10,MIN,0.05260852858256852,1.0,True
2024,11,Tommy Dawg-7,Sprinter,10,GB,0.03578288547200349,1.0,True
2024,11,Tommy Dawg-7,Sprinter,10,PHI,0.0040530036764052655,1.0,True
2024,11,Tommy Dawg-7,Sprinter,10,CLE,0.0009424349451728602,1.0,True
2024,11,Tommy Dawg-7,Sprinter,10,NO,0.0007963756942740654,1.0,True
2024,11,Tommy Dawg-7,Sprinter,10,CIN,0.0005405540887704478,1.0,True
2024,11,Tommy Dawg-7,Sprinter,10,ATL,0.0003350908750291512,1.0,True
2024,11,Tommy Dawg-7,Sprinter,10,KC,0.00032172190006596427,1.0,True
2024,11,Tommy Dawg-7,Sprinter,10,NE,0.00029553686742477404,1.0,True
2024,11,Tommy Dawg-7,Sprinter,10,DAL,0.00029553686742477404,1.0,True
2024,11,Tommy Dawg-7,Sprinter,10,IND,0.00029553686742477404,1.0,True
2024,11,Tommy Dawg-7,Sprinter,10,CHI,0.00029359918032434825,1.0,True
2024,11,Tommy Dawg-7,Sprinter,10,PIT,0.00029359918032434825,1.0,True
2024,11,Tommy Dawg-7,Sprinter,10,TEN,0.00029359918032434825,1.0,True
2024,11,Tommy Dawg-7,Sprinter,10,WAS,0.00029359918032434825,1.0,True
2024,11,Tommy Dawg-7,Sprinter,10,LV,0.00029359918032434825,1.0,True
2024,11,UNCJERSEYMIKE-2,Sprinter,10,DET,0.4879734716758188,1.0,True
2024,11,UNCJERSEYMIKE-2,Sprinter,10,MIA,0.44137139159985944,1.0,True
2024,11,UNCJERSEYMIKE-2,Sprinter,10,MIN,0.0537762251696898,1.0,True
2024,11,UNCJERSEYMIKE-2,Sprinter,10,LA,0.010879918566804266,1.0,True
2024,11,UNCJERSEYMIKE-2,Sprinter,10,BAL,0.0011232738188437393,1.0,True
2024,11,UNCJERSEYMIKE-2,Sprinter,10,CLE,0.0007368289538957432,1.0,True
2024,11,UNCJERSEYMIKE-2,Sprinter,10,NO,0.0006152016126028563,1.0,True
2024,11,UNCJERSEYMIKE-2,Sprinter,10,CIN,0.00045120859013039137,1.0,True
2024,11,UNCJERSEYMIKE-2,Sprinter,10,ATL,0.0003316400733783699,1.0,True
2024,11,UNCJERSEYMIKE-2,Sprinter,10,KC,0.0003279508600250254,1.0,True
2024,11,UNCJERSEYMIKE-2,Sprinter,10,NE,0.0003028521660230005,1.0,True
2024,11,UNCJERSEYMIKE-2,Sprinter,10,DAL,0.0003028521660230005,1.0,True
2024,11,UNCJERSEYMIKE-2,Sprinter,10,IND,0.0003028521660230005,1.0,True
2024,11,UNCJERSEYMIKE-2,Sprinter,10,CHI,0.0003008665161764948,1.0,True
2024,11,UNCJERSEYMIKE-2,Sprinter,10,PIT,0.0003008665161764948,1.0,True
2024,11,UNCJERSEYMIKE-2,Sprinter,10,TEN,0.0003008665161764948,1.0,True
2024,11,UNCJERSEYMIKE-2,Sprinter,10,JAC,0.0003008665161764948,1.0,True
2024,11,UNCJERSEYMIKE-2,Sprinter,10,LV,0.0003008665161764948,1.0,True
2024,11,VODKA JOHNNY-7,Sprinter,10,DET,0.5152629128696058,1.0,True
2024,11,VODKA JOHNNY-7,Sprinter,10,MIA,0.4213134580361757,1.0,True
2024,11,VODKA JOHNNY-7,Sprinter,10,MIN,0.045302092893200196,1.0,True
2024,11,VODKA JOHNNY-7,Sprinter,10,LA,0.01005366969381784,1.0,True
2024,11,VODKA JOHNNY-7,Sprinter,10,PHI,0.003565107922013576,1.0,True
2024,11,VODKA JOHNNY-7,Sprinter,10,CLE,0.0008273378301913305,1.0,True
2024,11,VODKA JOHNNY-7,Sprinter,10,NO,0.0006503907901208645,1.0,True
2024,11,VODKA JOHNNY-7,Sprinter,10,ATL,0.00029739641363187594,1.0,True
2024,11,VODKA JOHNNY-7,Sprinter,10,KC,0.0002940881318273555,1.0,True
2024,11,VODKA JOHNNY-7,Sprinter,10,NE,0.00027158101588383056,1.0,True
2024,11,VODKA JOHNNY-7,Sprinter,10,DAL,0.00027158101588383056,1.0,True
2024,11,VODKA JOHNNY-7,Sprinter,10,IND,0.00027158101588383056,1.0,True
2024,11,VODKA JOHNNY-7,Sprinter,10,CHI,0.00026980039529397274,1.0,True
2024,11,VODKA JOHNNY-7,Sprinter,10,PIT,0.00026980039529397274,1.0,True
2024,11,VODKA JOHNNY-7,Sprinter,10,TEN,0.00026980039529397274,1.0,True
2024,11,VODKA JOHNNY-7,Sprinter,10,JAC,0.00026980039529397274,1.0,True
2024,11,VODKA JOHNNY-7,Sprinter,10,LV,0.00026980039529397274,1.0,True
2024,11,VODKA JOHNNY-7,Sprinter,10,SEA,0.00026980039529397274,1.0,True
2024,11,WHATEVERYALLWANT-6,Sprinter,10,MIA,0.4390909415182368,1.0,True
2024,11,WHATEVERYALLWANT-6,Sprinter,10,DET,0.43350060448584893,1.0,True
2024,11,WHATEVERYALLWANT-6,Sprinter,10,MIN,0.04790944444109191,1.0,True
2024,11,WHATEVERYALLWANT-6,Sprinter,10,SF,0.04080407637353072,1.0,True
2024,11,WHATEVERYALLWANT-6,Sprinter,10,GB,0.03361553799904673,1.0,True
2024,11,WHATEVERYALLWANT-6,Sprinter,10,CLE,0.0009140003327839561,1.0,True
2024,11,WHATEVERYALLWANT-6,Sprinter,10,BUF,0.0007574902146525427,1.0,True
2024,11,WHATEVERYALLWANT-6,Sprinter,10,CIN,0.0005185172404762496,1.0,True
2024,11,WHATEVERYALLWANT-6,Sprinter,10,ATL,0.0003120789470175161,1.0,True
2024,11,WHATEVERYALLWANT-6,Sprinter,10,KC,0.00030860733453442167,1.0,True
2024,11,WHATEVERYALLWANT-6,Sprinter,10,NE,0.00028498903679411716,1.0,True
2024,11,WHATEVERYALLWANT-6,Sprinter,10,IND,0.00028498903679411716,1.0,True
2024,11,WHATEVERYALLWANT-6,Sprinter,10,CHI,0.0002831205065319856,1.0,True
2024,11,WHATEVERYALLWANT-6,Sprinter,10,PIT,0.0002831205065319856,1.0,True
2024,11,WHATEVERYALLWANT-6,Sprinter,10,TEN,0.0002831205065319856,1.0,True
2024,11,WHATEVERYALLWANT-6,Sprinter,10,WAS,0.0002831205065319856,1.0,True
2024,11,WHATEVERYALLWANT-6,Sprinter,10,LV,0.0002831205065319856,1.0,True
2024,11,WHATEVERYALLWANT-6,Sprinter,10,SEA,0.0002831205065319856,1.0,True
2024,11,Whiskey Business-1,Sprinter,10,DET,0.4854757030904021,1.0,True
2024,11,Whiskey Business-1,Sprinter,10,MIA,0.4496561926276184,1.0,True
2024,11,Whiskey Business-1,Sprinter,10,MIN,0.046935318161759845,1.0,True
2024,11,Whiskey Business-1,Sprinter,10,LA,0.009379203689398107,1.0,True
2024,11,Whiskey Business-1,Sprinter,10,PHI,0.0035325080501954803,1.0,True
2024,11,Whiskey Business-1,Sprinter,10,BAL,0.0009886147616891452,1.0,True
2024,11,Whiskey Business-1,Sprinter,10,CLE,0.0006742244781771827,1.0,True
2024,11,Whiskey Business-1,Sprinter,10,NO,0.0005358117700482149,1.0,True
2024,11,Whiskey Business-1,Sprinter,10,ATL,0.00030464923775051886,1.0,True
2024,11,Whiskey Business-1,Sprinter,10,KC,0.00030126027445502124,1.0,True
2024,11,Whiskey Business-1,Sprinter,10,NE,0.00027820426099332265,1.0,True
2024,11,Whiskey Business-1,Sprinter,10,DAL,0.00027820426099332265,1.0,True
2024,11,Whiskey Business-1,Sprinter,10,IND,0.00027820426099332265,1.0,True
2024,11,Whiskey Business-1,Sprinter,10,PIT,0.00027638021510521533,1.0,True
2024,11,Whiskey Business-1,Sprinter,10,TEN,0.00027638021510521533,1.0,True
2024,11,Whiskey Business-1,Sprinter,10,WAS,0.00027638021510521533,1.0,True
2024,11,Whiskey Business-1,Sprinter,10,JAC,0.00027638021510521533,1.0,True
2024,11,Whiskey Business-1,Sprinter,10,LV,0.00027638021510521533,1.0,True
2024,11,White Lotus-1,Sprinter,10,DET,0.4851145351188138,1.0,True
2024,11,White Lotus-1,Sprinter,10,MIA,0.45251343509561887,1.0,True
2024,11,White Lotus-1,Sprinter,10,MIN,0.04539987916553441,1.0,True
2024,11,White Lotus-1,Sprinter,10,LA,0.009057851756233937,1.0,True
2024,11,White Lotus-1,Sprinter,10,PHI,0.00324069584343193,1.0,True
2024,11,White Lotus-1,Sprinter,10,CLE,0.0006659026499421706,1.0,True
2024,11,White Lotus-1,Sprinter,10,BUF,0.0005790897842097184,1.0,True
2024,11,White Lotus-1,Sprinter,10,NO,0.0005204296264666911,1.0,True
2024,11,White Lotus-1,Sprinter,10,CIN,0.0004071575146101375,1.0,True
2024,11,White Lotus-1,Sprinter,10,ATL,0.0002992623610796937,1.0,True
2024,11,White Lotus-1,Sprinter,10,KC,0.0002959333221990727,1.0,True
2024,11,White Lotus-1,Sprinter,10,NE,0.0002732849903779261,1.0,True
2024,11,White Lotus-1,Sprinter,10,DAL,0.0002732849903779261,1.0,True
2024,11,White Lotus-1,Sprinter,10,IND,0.0002732849903779261,1.0,True
2024,11,White Lotus-1,Sprinter,10,CHI,0.00027149319768143593,1.0,True
2024,11,White Lotus-1,Sprinter,10,PIT,0.00027149319768143593,1.0,True
2024,11,White Lotus-1,Sprinter,10,TEN,0.00027149319768143593,1.0,True
2024,11,White Lotus-1,Sprinter,10,LV,0.00027149319768143593,1.0,True
2024,11,White Lotus-4,Sprinter,10,DET,0.5364680995337849,1.0,True
2024,11,White Lotus-4,Sprinter,10,MIA,0.43922913046237466,1.0,True
2024,11,White Lotus-4,Sprinter,10,LA,0.012273286654056446,1.0,True
2024,11,White Lotus-4,Sprinter,10,PHI,0.004456894314817618,1.0,True
2024,11,White Lotus-4,Sprinter,10,CLE,0.0013795018749037373,1.0,True
2024,11,White Lotus-4,Sprinter,10,BUF,0.0009168584350572871,1.0,True
2024,11,White Lotus-4,Sprinter,10,NO,0.0009114254140555647,1.0,True
2024,11,White Lotus-4,Sprinter,10,LAC,0.0007467372403596218,1.0,True
2024,11,White Lotus-4,Sprinter,10,CIN,0.0006727988982236236,1.0,True
2024,11,White Lotus-4,Sprinter,10,ATL,0.0003751326144505559,1.0,True
2024,11,White Lotus-4,Sprinter,10,KC,0.0003470258245020039,1.0,True
2024,11,White Lotus-4,Sprinter,10,NE,0.000318781298592957,1.0,True
2024,11,White Lotus-4,Sprinter,10,DAL,0.000318781298592957,1.0,True
2024,11,White Lotus-4,Sprinter,10,IND,0.000318781298592957,1.0,True
2024,11,White Lotus-4,Sprinter,10,CHI,0.00031669120940874454,1.0,True
2024,11,White Lotus-4,Sprinter,10,PIT,0.00031669120940874454,1.0,True
2024,11,White Lotus-4,Sprinter,10,JAC,0.00031669120940874454,1.0,True
2024,11,White Lotus-4,Sprinter,10,LV,0.00031669120940874454,1.0,True
2024,11,ZURLINSKY-1,Sprinter,10,MIA,0.8262710210325385,1.0,True
2024,11,ZURLINSKY-1,Sprinter,10,MIN,0.08666610105466228,1.0,True
2024,11,ZURLINSKY-1,Sprinter,10,GB,0.05988477969987704,1.0,True
2024,11,ZURLINSKY-1,Sprinter,10,LA,0.017503885825763704,1.0,True
2024,11,ZURLINSKY-1,Sprinter,10,BAL,0.0017927724460115352,1.0,True
2024,11,ZURLINSKY-1,Sprinter,10,CLE,0.0012388956852474296,1.0,True
2024,11,ZURLINSKY-1,Sprinter,10,NO,0.0009792379789607885,1.0,True
2024,11,ZURLINSKY-1,Sprinter,10,ATL,0.000556770344630388,1.0,True
2024,11,ZURLINSKY-1,Sprinter,10,KC,0.0005505767487563057,1.0,True
2024,11,ZURLINSKY-1,Sprinter,10,NE,0.0005084400782178908,1.0,True
2024,11,ZURLINSKY-1,Sprinter,10,DAL,0.0005084400782178908,1.0,True
2024,11,ZURLINSKY-1,Sprinter,10,IND,0.0005084400782178908,1.0,True
2024,11,ZURLINSKY-1,Sprinter,10,CHI,0.0005051064914830545,1.0,True
2024,11,ZURLINSKY-1,Sprinter,10,PIT,0.0005051064914830545,1.0,True
2024,11,ZURLINSKY-1,Sprinter,10,TEN,0.0005051064914830545,1.0,True
2024,11,ZURLINSKY-1,Sprinter,10,WAS,0.0005051064914830545,1.0,True
2024,11,ZURLINSKY-1,Sprinter,10,JAC,0.0005051064914830545,1.0,True
2024,11,ZURLINSKY-1,Sprinter,10,LV,0.0005051064914830545,1.0,True
2024,11,detroit six mile-3,Sprinter,10,DET,0.4850395707372737,1.0,True
2024,11,detroit six mile-3,Sprinter,10,MIA,0.3956463269165637,1.0,True
2024,11,detroit six mile-3,Sprinter,10,SF,0.0532488355505442,1.0,True
2024,11,detroit six mile-3,Sprinter,10,GB,0.037694365559501064,1.0,True
2024,11,detroit six mile-3,Sprinter,10,LA,0.021925843223025137,1.0,True
2024,11,detroit six mile-3,Sprinter,10,CLE,0.0014554604891295491,1.0,True
2024,11,detroit six mile-3,Sprinter,10,NO,0.0010121911925320185,1.0,True
2024,11,detroit six mile-3,Sprinter,10,BUF,0.0009545690070618226,1.0,True
2024,11,detroit six mile-3,Sprinter,10,KC,0.000333967949006819,1.0,True
2024,11,detroit six mile-3,Sprinter,10,NE,0.0003009905408075805,1.0,True
2024,11,detroit six mile-3,Sprinter,10,DAL,0.0003009905408075805,1.0,True
2024,11,detroit six mile-3,Sprinter,10,IND,0.0003009905408075805,1.0,True
2024,11,detroit six mile-3,Sprinter,10,CHI,0.0002976496254898589,1.0,True
2024,11,detroit six mile-3,Sprinter,10,PIT,0.0002976496254898589,1.0,True
2024,11,detroit six mile-3,Sprinter,10,TEN,0.0002976496254898589,1.0,True
2024,11,detroit six mile-3,Sprinter,10,JAC,0.0002976496254898589,1.0,True
2024,11,detroit six mile-3,Sprinter,10,LV,0.0002976496254898589,1.0,True
2024,11,detroit six mile-3,Sprinter,10,SEA,0.0002976496254898589,1.0,True
2024,11,drib1364-4,Sprinter,10,DET,0.48236487984884785,1.0,True
2024,11,drib1364-4,Sprinter,10,MIA,0.4800377309889977,1.0,True
2024,11,drib1364-4,Sprinter,10,GB,0.03139345278052981,1.0,True
2024,11,drib1364-4,Sprinter,10,BAL,0.0009865038269221684,1.0,True
2024,11,drib1364-4,Sprinter,10,CLE,0.0007122226668374561,1.0,True
2024,11,drib1364-4,Sprinter,10,BUF,0.0006084421455781768,1.0,True
2024,11,drib1364-4,Sprinter,10,NO,0.0005521876862657844,1.0,True
2024,11,drib1364-4,Sprinter,10,LAC,0.00046380677213393766,1.0,True
2024,11,drib1364-4,Sprinter,10,ATL,0.00031094746244501653,1.0,True
2024,11,drib1364-4,Sprinter,10,KC,0.00030748843676408813,1.0,True
2024,11,drib1364-4,Sprinter,10,NE,0.00028395577036731786,1.0,True
2024,11,drib1364-4,Sprinter,10,DAL,0.00028395577036731786,1.0,True
2024,11,drib1364-4,Sprinter,10,IND,0.00028395577036731786,1.0,True
2024,11,drib1364-4,Sprinter,10,PIT,0.0002820940147152171,1.0,True
2024,11,drib1364-4,Sprinter,10,TEN,0.0002820940147152171,1.0,True
2024,11,drib1364-4,Sprinter,10,WAS,0.0002820940147152171,1.0,True
2024,11,drib1364-4,Sprinter,10,JAC,0.0002820940147152171,1.0,True
2024,11,drib1364-4,Sprinter,10,LV,0.0002820940147152171,1.0,True
2024,11,hotlanta-3,Sprinter,10,DET,0.42344286311973584,1.0,True
2024,11,hotlanta-3,Sprinter,10,MIA,0.34403344419340154,1.0,True
2024,11,hotlanta-3,Sprinter,10,HOU,0.19138820898631156,1.0,True
2024,11,hotlanta-3,Sprinter,10,GB,0.027954653456616515,1.0,True
2024,11,hotlanta-3,Sprinter,10,LA,0.008341953752412302,1.0,True
2024,11,hotlanta-3,Sprinter,10,DEN,0.0009623441991265312,1.0,True
2024,11,hotlanta-3,Sprinter,10,CLE,0.0007324870761777534,1.0,True
2024,11,hotlanta-3,Sprinter,10,NO,0.0006242166278934816,1.0,True
2024,11,hotlanta-3,Sprinter,10,CIN,0.00044136989993103756,1.0,True
2024,11,hotlanta-3,Sprinter,10,ATL,0.0002674839388167166,1.0,True
2024,11,hotlanta-3,Sprinter,10,NE,0.0002273032897809817,1.0,True
2024,11,hotlanta-3,Sprinter,10,DAL,0.0002273032897809817,1.0,True
2024,11,hotlanta-3,Sprinter,10,IND,0.0002273032897809817,1.0,True
2024,11,hotlanta-3,Sprinter,10,CHI,0.00022581297604675675,1.0,True
2024,11,hotlanta-3,Sprinter,10,PIT,0.00022581297604675675,1.0,True
2024,11,hotlanta-3,Sprinter,10,TEN,0.00022581297604675675,1.0,True
2024,11,hotlanta-3,Sprinter,10,JAC,0.00022581297604675675,1.0,True
2024,11,hotlanta-3,Sprinter,10,LV,0.00022581297604675675,1.0,True
2024,11,mill dog-8,EV Hunter,10,DET,0.5333613914508137,1.0,True
2024,11,mill dog-8,EV Hunter,10,MIA,0.42080059141126036,1.0,True
2024,11,mill dog-8,EV Hunter,10,GB,0.03798358293613046,1.0,True
2024,11,mill dog-8,EV Hunter,10,BAL,0.0015278069992262226,1.0,True
2024,11,mill dog-8,EV Hunter,10,DEN,0.001055953545294282,1.0,True
2024,11,mill dog-8,EV Hunter,10,CLE,0.0009797991717593651,1.0,True
2024,11,mill dog-8,EV Hunter,10,NO,0.0008503987905081959,1.0,True
2024,11,mill dog-8,EV Hunter,10,ATL,0.00033823966861937097,1.0,True
2024,11,mill dog-8,EV Hunter,10,KC,0.00033447704038994786,1.0,True
2024,11,mill dog-8,EV Hunter,10,NE,0.0003088788855724559,1.0,True
2024,11,mill dog-8,EV Hunter,10,DAL,0.0003088788855724559,1.0,True
2024,11,mill dog-8,EV Hunter,10,IND,0.0003088788855724559,1.0,True
2024,11,mill dog-8,EV Hunter,10,PIT,0.0003068537215467866,1.0,True
2024,11,mill dog-8,EV Hunter,10,TEN,0.0003068537215467866,1.0,True
2024,11,mill dog-8,EV Hunter,10,WAS,0.0003068537215467866,1.0,True
2024,11,mill dog-8,EV Hunter,10,JAC,0.0003068537215467866,1.0,True
2024,11,mill dog-8,EV Hunter,10,LV,0.0003068537215467866,1.0,True
2024,11,mill dog-8,EV Hunter,10,SEA,0.0003068537215467866,1.0,True
2024,11,njtocal11-4,Sprinter,10,MIA,0.8507220247396509,1.0,True
2024,11,njtocal11-4,Sprinter,10,MIN,0.08548176769902883,1.0,True
2024,11,njtocal11-4,Sprinter,10,GB,0.053442465402298835,1.0,True
2024,11,njtocal11-4,Sprinter,10,DEN,0.0013147121252519473,1.0,True
2024,11,njtocal11-4,Sprinter,10,CLE,0.0012503803200616176,1.0,True
2024,11,njtocal11-4,Sprinter,10,BUF,0.0010506375919166371,1.0,True
2024,11,njtocal11-4,Sprinter,10,NO,0.0009691567716648895,1.0,True
2024,11,njtocal11-4,Sprinter,10,CIN,0.0007387023607479808,1.0,True
2024,11,njtocal11-4,Sprinter,10,ATL,0.0005429491159564129,1.0,True
2024,11,njtocal11-4,Sprinter,10,KC,0.0005369092694795739,1.0,True
2024,11,njtocal11-4,Sprinter,10,NE,0.0004958185967474144,1.0,True
2024,11,njtocal11-4,Sprinter,10,DAL,0.0004958185967474144,1.0,True
2024,11,njtocal11-4,Sprinter,10,IND,0.0004958185967474144,1.0,True
2024,11,njtocal11-4,Sprinter,10,CHI,0.0004925677627400017,1.0,True
2024,11,njtocal11-4,Sprinter,10,PIT,0.0004925677627400017,1.0,True
2024,11,njtocal11-4,Sprinter,10,TEN,0.0004925677627400017,1.0,True
2024,11,njtocal11-4,Sprinter,10,JAC,0.0004925677627400017,1.0,True
2024,11,njtocal11-4,Sprinter,10,LV,0.0004925677627400017,1.0,True
2024,11,rock-2,Sprinter,10,DET,0.48912200769434266,1.0,True
2024,11,rock-2,Sprinter,10,MIA,0.41887447887725704,1.0,True
2024,11,rock-2,Sprinter,10,MIN,0.04626986928463155,1.0,True
2024,11,rock-2,Sprinter,10,GB,0.03177917387480426,1.0,True
2024,11,rock-2,Sprinter,10,LA,0.009004230531754228,1.0,True
2024,11,rock-2,Sprinter,10,BAL,0.0009500832831502216,1.0,True
2024,11,rock-2,Sprinter,10,CLE,0.0006479464303287836,1.0,True
2024,11,rock-2,Sprinter,10,NO,0.0005342348388287648,1.0,True
2024,11,rock-2,Sprinter,10,CIN,0.0003983318544840673,1.0,True
2024,11,rock-2,Sprinter,10,KC,0.00028951858876548076,1.0,True
2024,11,rock-2,Sprinter,10,NE,0.00026736118851725945,1.0,True
2024,11,rock-2,Sprinter,10,DAL,0.00026736118851725945,1.0,True
2024,11,rock-2,Sprinter,10,IND,0.00026736118851725945,1.0,True
2024,11,rock-2,Sprinter,10,CHI,0.0002656082352202354,1.0,True
2024,11,rock-2,Sprinter,10,PIT,0.0002656082352202354,1.0,True
2024,11,rock-2,Sprinter,10,TEN,0.0002656082352202354,1.0,True
2024,11,rock-2,Sprinter,10,JAC,0.0002656082352202354,1.0,True
2024,11,rock-2,Sprinter,10,LV,0.0002656082352202354,1.0,True
