Game ID,Season,Week_x,Date_x,Time,Away Team,Home Team,Location,Away QB,Home QB,Away QB ID,Home QB ID,Away Team Weekly Rest,Home Team Weekly Rest,Weekly Away Rest Advantage,Weekly Home Rest Advantage,Away Cumulative Rest Advantage,Home Cumulative Rest Advantage,Actual Stadium,Actual Stadium Latitude,Actual Stadium Longitude,Actual Stadium TimeZone,International Game,Back to Back Away Games,Circa Week,Away Team Current Week Cumulative Rest Advantage,Home Team Current Week Cumulative Rest Advantage,Away Team Division,Away Stadium,Away Stadium Latitude,Away Stadium Longitude,Away Stadium TimeZone,Home Team Division,Home Stadium,Home Stadium Latitude,Home Stadium Longitude,Home Stadium TimeZone,Away Team Previous Opponent,Home Team Previous Opponent,Away Team Previous Location,Home Team Previous Location,Away Team Next Opponent,Home Team Next Opponent,Away Team Next Location,Home Team Next Location,Away Travel Distance,Home Travel Distance,Away Travel Advantage,Home Travel Advantage,Away Timezone Change,Home Timezone Change,Away Previous Game Actual Stadium TimeZone,Home Previous Game Actual Stadium TimeZone,Away Weekly Timezone Difference,Home Weekly Timezone Difference,Adjusted Away Timezone Change,Adjusted Home Timezone Change,Away Timezone Advantage,Home Timezone Advantage,Away Team Massey-Peabody Preseason Rank,Home Team Massey-Peabody Preseason Rank,Away Team Generic Sports Fan Preseason Rank,Home Team Generic Sports Fan Preseason Rank,Massey-Peabody Preseason Winner,Massey-Peabody Preseason Difference,Generic Sports Fan Preseason Winner,Generic Sports Fan Preseason Difference,Away Team MP + GSF Average Preseason Rank,Home Team MP + GSF Average Preseason Rank,MP + GSF Average Preseason Winner,MP + GSF Average Preseason Difference,Away NonLinear TZ,Home NonLinear TZ,Home Team 3 games in 10 days,Away Team 3 games in 10 days,Home Team 4 games in 17 days,Away Team 4 games in 17 days,Away Team Short Rest,Divisional Matchup?,Home Team Short Rest,Away Team Massey-Peabody Current Rank,Home Team Massey-Peabody Current Rank,Away Team Generic Sports Fan Current Rank,Home Team Generic Sports Fan Current Rank,Away Team Adjusted Massey-Peabody Preseason Rank,Home Team Adjusted Massey-Peabody Preseason Rank,Away Team Adjusted Generic Sports Fan Preseason Rank,Home Team Adjusted Generic Sports Fan Preseason Rank,Away Team Adjusted Massey-Peabody Current Rank,Home Team Adjusted Massey-Peabody Current Rank,Away Team Adjusted Generic Sports Fan Current Rank,Home Team Adjusted Generic Sports Fan Current Rank,Adjusted Massey-Peabody Preseason Winner,Adjusted Massey-Peabody Preseason Difference,Adjusted Generic Sports Fan Preseason Winner,Adjusted Generic Sports Fan Preseason Difference,Away Team Adjusted MP + GSF Average Preseason Rank,Home Team Adjusted MP + GSF Average Preseason Rank,Adjusted MP + GSF Average Preseason Winner,Adjusted MP + GSF Average Preseason Difference,Massey-Peabody Current Winner,Massey-Peabody Current Difference,Generic Sports Fan Current Winner,Generic Sports Fan Current Difference,Away Team MP + GSF Average Current Rank,Home Team MP + GSF Average Current Rank,MP + GSF Average Current Winner,MP + GSF Average Current Difference,Adjusted Massey-Peabody Current Winner,Adjusted Massey-Peabody Current Difference,Adjusted Generic Sports Fan Current Winner,Adjusted Generic Sports Fan Current Difference,Away Team Adjusted MP + GSF Average Current Rank,Home Team Adjusted MP + GSF Average Current Rank,Adjusted MP + GSF Average Current Winner,Adjusted MP + GSF Average Current Difference,Massey-Peabody Bayesian Same Winner Across All Metrics,Generic Sports Fan Bayesian Same Adjusted Winner Across All Metrics,Massey-Peabody Bayesian Same Current and Preseason Adjusted Winner,Generic Sports Fan Bayesian Current and Preseason Adjusted Winner,Massey-Peabody Bayesian Same Current and Adjusted Current Winner,Generic Sports Fan Bayesian Same Current and Adjusted Current Winner,Thursday Night Game,Masey-Peabody Home Team Winner?,Generic Sports Fan Home Team Winner?,Total Line,Home Team Sportsbook Moneyline,Away Team Sportsbook Moneyline,Sportsbook Favorite,Sportsbook Underdog,Home Team Sportsbook Spread,Away Team Sportsbook Spread,Massey-Peabody Home Team Moneyline,Massey-Peabody Away Team Moneyline,Generic Sports Fan Home Team Moneyline,Generic Sports Fan Away Team Moneyline,Massey-Peabody Home Team Spread,Massey-Peabody Away Team Spread,Generic Sports Fan Home Team Spread,Generic Sports Fan Away Team Spread,Away Team Sportsbook Implied Odds to Win,Home Team Sportsbook Implied Odds to Win,Away Team Massey-Peabody Implied Odds to Win,Home Team Massey-Peabody Implied Odds to Win,Away Team Generic Sports Fan Implied Odds to Win,Home Team Generic Sports Fan Implied Odds to Win,Away Team Sportsbook Fair Odds,Home Team Sportsbook Fair Odds,Away Team Massey-Peabody Fair Odds,Home Team Massey-Peabody Fair Odds,Away Team Generic Sports Fan Fair Odds,Home Team Generic Sports Fan Fair Odds,Away Team Fair Odds,Home Team Fair Odds,Away Team Expected Win Advantage,Home Team Expected Win Advantage,Away Team Cumulative Win Percentage,Home Team Cumulative Win Percentage,Favorite,Underdog,Away Team Thanksgiving Favorite,Home Team Thanksgiving Favorite,Away Team Thanksgiving Underdog,Home Team Thanksgiving Underdog,Away Team Christmas Favorite,Home Team Christmas Favorite,Away Team Christmas Underdog,Home Team Christmas Underdog,Away Team Pre Thanksgiving,Home Team Pre Thanksgiving,Away Team Pre Christmas,Home Team Pre Christmas,Divisional Matchup Boolean,Away Team Star Rating,Home Team Star Rating,Away Team Public Pick %,Home Team Public Pick %,temp,wind,Matchup_ID,Week_y,Date_y,Matchup,Wind,Temperature,Precipitation,Sim_Weather_Source,Dome,Away_Starting_QB,Home_Starting_QB,Sim_Spread_Mean,Sim_Spread_Median,Sim_Spread_Std,Sim_Spread_Variance,Sim_Spread_Variance_Label,Sim_Spread_25th,Sim_Spread_75th,Sim_Total_Mean,Sim_Total_Median,Sim_Total_Std,Sim_Total_10th_Floor,Sim_Total_90th_Ceiling,Sim_Home_Win_Pct,Sim_Away_Win_Pct,Sim_Prob_Land_3,Sim_Prob_Land_7,Sim_Home_Cover_Prob,Sim_Away_Cover_Prob,Sim_Prob_Over,Sim_Prob_Under,Consensus Home Win Pct,Consensus Away Win Pct,Consensus Home Team Odds,Consensus Away Team Odds,Market Home Team Implied Odds,Market Away Team Implied Odds,Monte Carlo Home Team Spread,Monte Carlo Away Team Spread,Monte Carlo Total,Consensus Home Team Spread,Consensus Away Team Spread,GSF Spread Bet,GSF Spread Edge,Massey-Peabody Spread Bet,Massey-Peabody Spread Edge,Monte Carlo Spread Bet,Monte Carlo Spread Edge,Consensus Spread Bet,Consensus Spread Edge,GSF Moneyline Bet,GSF Moneyline Edge,Massey-Peabody Moneyline Bet,Massey-Peabody Moneyline Edge,Monte Carlo Moneyline Bet,Monte Carlo Moneyline Edge,Consensus Moneyline Bet,Consensus Moneyline Edge,Monte Carlo Total Bet,Monte Carlo Total Edge,MC ML Unit Wager,MC ML Unit to Win,MC ML Kelly Wager,MC ML Kelly To Win,MC Spread Unit Wager,MC Spread Unit to Win,MC Spread Kelly Wager,MC Spread Kelly To Win,MC Total Unit Wager,MC Total Unit to Win,MC Total Kelly Wager,MC Total Kelly To Win,MC Bet Direction,Home Team Offensive Pressure Allowed Rate,Away Team Offensive Pressure Allowed Rate,Home Team Defensive Pressure Generated Rate,Away Team Defensive Pressure Generated Rate,Home Team Zone Rate,Away Team Zone Rate,Home Team Man Rate,Away Team Man Rate,Home Team Offensive EPA vs Pressure,Away Team Offensive EPA vs Pressure,Home Team Offensive EPA vs Zone,Away Team Offensive EPA vs Zone,Home Team Offensive EPA vs Man,Away Team Offensive EPA vs Man,Week,Total Remaining Entries at Start of Week,Home Team Expected Availability,Away Team Expected Availability,Home Pick %,Away Pick %,Expected Home Team Survivors,Expected Away Team Survivors,Expected Home Team Eliminations,Expected Away Team Eliminations,Home Expected Survival Rate,Home Expected Elimination Percent,Away Expected Survival Rate,Away Expected Elimination Percent,Expected Eliminated Entry Percent From Game,Expected Away Team Picks,Expected Home Team Picks,Home Predicted_Pick_Pct,Away Predicted_Pick_Pct,Avg Survivors,Avg Eliminations,Away_Odds_Imputed,Home_Odds_Imputed,sportsbook_Home_EV,sportsbook_Away_EV,mp_Home_EV,mp_Away_EV,gsf_Home_EV,gsf_Away_EV,sim_Home_EV,sim_Away_EV,consensus_Home_EV,consensus_Away_EV,Home Team Points,Away Team Points,Actual Home Team Win %,Actual Away Team Win %,Actual Away Team EV,Actual Home Team EV,GSF Spread Win/Loss,GSF Spread P/L,MP Spread Win/Loss,MP Spread P/L,Sim Spread Win/Loss,Sim Spread P/L,Sim Spread (Kelly) Win/Loss,Sim Spread (Kelly) P/L,Consensus Spread Win/Loss,Consensus Spread P/L,GSF Moneyline Win/Loss,GSF Moneyline P/L,MP Moneyline Win/Loss,MP Moneyline P/L,Sim Moneyline Win/Loss,Sim Moneyline P/L,Sim Moneyline (Kelly) Win/Loss,Sim Moneyline (Kelly) P/L,Consensus Moneyline Win/Loss,Consensus Moneyline P/L,Sim Total Win/Loss,Sim Total P/L,Sim Total (Kelly) Win/Loss,Sim Total (Kelly) P/L,Data_Type,Week_Final,Year_Final,Home Actual Pick %,Away Actual Pick %,Home Actual EV,Away Actual EV,Preseason Away Team Sportsbook Fair Odds,Preseason Home Team Sportsbook Fair Odds,Preseason Consensus Away Win Pct,Preseason Consensus Home Win Pct,Preseason Sim_Away_Win_Pct,Preseason Sim_Home_Win_Pct,Preseason Sportsbook Favorite,Preseason Sim Favorite,Preseason Consensus Favorite,Sim Favorite,Consensus Favorite,Sportsbook Bayesian Same Current and Preseason Adjusted Winner,Sim Bayesian Same Current and Preseason Adjusted Winner,Consensus Bayesian Same Current and Preseason Adjusted Winner
2021_01_DAL_TB,2021,1,2021-09-09,20:20,Dallas Cowboys,Tampa Bay Buccaneers,Home,Dak Prescott,Tom Brady,00-0033077,00-0019596,0,0,0,0,0,0,Raymond James Stadium,27.9759,-82.5033,America/New_York,False,False,1,0,0,NFC East,AT&T Stadium,32.7369,-97.0826,America/Chicago,NFC South,Raymond James Stadium,27.9759,-82.5033,America/New_York,Preseason,Preseason,Preseason,Preseason,Los Angeles Chargers,Atlanta Falcons,SoFi Stadium,Raymond James Stadium,928,0,-928,928,-1.0,0.0,,,,,-1.0,0.0,-1.0,0,-0.615,1.025,-0.615,1.025,Tampa Bay Buccaneers,1.64,Tampa Bay Buccaneers,1.64,-0.615,1.025,Tampa Bay Buccaneers,1.64,0.0,0,No,No,No,No,No,0,No,0.0,0.0,-1.97,6.115,-0.6799999999999999,-0.8415000000000001,-0.6799999999999999,-0.8415000000000001,-0.065,-1.8665,-2.035,4.2485,Dallas Cowboys,0.1615000000000002,Dallas Cowboys,0.1615000000000002,-0.6799999999999999,-0.8415000000000001,Dallas Cowboys,0.1615000000000002,Tie,0.0,Tampa Bay Buccaneers,8.085,-0.985,3.0575,Tampa Bay Buccaneers,4.0425,Dallas Cowboys,1.8015,Tampa Bay Buccaneers,6.2835,-1.05,1.1909999999999998,Tampa Bay Buccaneers,2.241,Different,Different,Same,Different,Different,Same,True,Away Team,Home Team,52.5,-425.0,351.0,Tampa Bay Buccaneers,Dallas Cowboys,10.0,-10.0,108,-131,-282,224,1.8015,-1.8015,-6.2835,6.2835,0.2217,0.8095,0.5671,0.4808,0.3086,0.7382,0.215,0.785,0.5412,0.4588,0.2948,0.7052,0.215,0.785,-0.285,0.285,0.1382,0.24808125,Tampa Bay Buccaneers,Dallas Cowboys,1,0,0,0,0,0,0,0,1,0,0,0,0,4.0,5.0,0.001,0.106,82.0,9.0,0,1,2021-09-09,DAL @ TB,9.0,82.0,0.0,nfl_read_py Fallback,False,D.Prescott,B.Mayfield,3.88,4.0,14.33,205.38,High,-7.0,13.0,62.05,62.0,15.045801433893695,43.0,82.0,0.3896,0.6102,0.0894,0.0816,0.1596,0.8136,0.7344,0.2656,0.5846,0.4153,-141,141,0.8095238095238095,0.2217294900221729,3.94,-3.94,62.025,-0.1806666666666667,0.1806666666666667,Dallas Cowboys,3.7165,Dallas Cowboys,11.8015,Dallas Cowboys,13.94,Dallas Cowboys,9.819333333333333,Dallas Cowboys,0.073070509977827,Dallas Cowboys,0.319470509977827,Dallas Cowboys,0.388470509977827,Dallas Cowboys,0.193570509977827,Over,9.525,100.0,351.0,1247.86,4380.0,110.0,100.0,1521.4,1383.09,110.0,100.0,1105.6,1005.09,Dallas Cowboys,,,,,,,,,,,,,,,1,4073.0,1.0,1.0,0.1225003493834863,6.180317962899986e-05,391.6709795855677,0.054120735385217,107.27294345337202,0.1976036152436994,0.0961627742660367,0.0263375751174495,1.328768362023497e-05,4.851549600876489e-05,0.0263860906134583,0.2517243506289164,498.9439230389397,,,2690.0,1383.0,False,False,1.105236522275482,0.3027080920881893,0.9177926028384908,1.082627194106781,1.0746236029440337,0.4492328958421741,0.6331752501976357,0.9916928584974262,0.9422699426062336,0.6693888251186603,31.0,29.0,1.0,0.0,0.3027,1.1052,Loss,-110.0,Loss,-110.0,Loss,-110.0,Loss,-1521.4,Loss,-110.0,Loss,-110.0,Loss,-110.0,Loss,-100.0,Loss,-1247.86,Loss,-110.0,Win,100.0,Win,1005.09,Final,1,2021,0.1156963890935888,0.0,0.9146912403884476,0.0,,,,,,,,,,,,,,
2021_01_PHI_ATL,2021,1,2021-09-12,13:00,Philadelphia Eagles,Atlanta Falcons,Home,Jalen Hurts,Matt Ryan,00-0036389,00-0026143,0,0,0,0,0,0,Mercedes-Benz Stadium,33.7489,-84.388,America/New_York,False,False,1,0,0,NFC East,Lincoln Financial Field,39.9008,-75.1675,America/New_York,NFC South,Mercedes-Benz Stadium,33.7489,-84.388,America/New_York,Preseason,Preseason,Preseason,Preseason,San Francisco 49ers,Tampa Bay Buccaneers,Lincoln Financial Field,Raymond James Stadium,663,0,-663,663,0.0,0.0,,,,,0.0,0.0,0.0,0,4.905,-0.71,4.905,-0.71,Philadelphia Eagles,5.615,Philadelphia Eagles,5.615,4.905,-0.71,Philadelphia Eagles,5.615,0.0,0,No,No,No,No,No,0,No,0.0,0.0,-6.881,-1.864,3.5330000000000004,-1.404,3.5330000000000004,-1.404,-1.372,-0.694,-8.253,-2.558,Philadelphia Eagles,4.937,Philadelphia Eagles,4.937,3.5330000000000004,-1.404,Philadelphia Eagles,4.937,Tie,0.0,Atlanta Falcons,5.017,-3.4405,-0.932,Atlanta Falcons,2.5085,Atlanta Falcons,0.6780000000000002,Atlanta Falcons,5.695,-4.8125,-1.626,Atlanta Falcons,3.1865,Different,Different,Different,Different,Different,Same,False,Home Team,Home Team,49.0,-180.0,161.0,Atlanta Falcons,Philadelphia Eagles,3.5,-3.5,-116,-104,-244,195,-0.6780000000000002,0.6780000000000002,-5.695,5.695,0.3831,0.6429,0.5098,0.537,0.339,0.7093,0.3734,0.6266,0.487,0.513,0.3234,0.6766,0.3734,0.6266,-0.1266,0.1266,0.00885625,-0.1086375,Atlanta Falcons,Philadelphia Eagles,0,0,0,0,0,0,0,0,0,0,0,0,0,2.5,1.5,0.003,0.0139999999999999,,,1,1,2021-09-12,PHI @ ATL,0.0,70.0,0.0,Dome,True,J.Hurts,M.Penix,6.18,7.0,13.52,182.88,Med-High,-4.0,16.0,47.23,47.0,13.15956465801197,31.0,64.0,0.3248,0.6748,0.0784,0.083,0.257,0.743,0.4106,0.558,0.5352,0.4646,-115,115,0.6428571428571429,0.3831417624521073,6.59,-6.59,47.115,0.0723333333333332,-0.0723333333333332,Atlanta Falcons,2.1950000000000003,Philadelphia Eagles,2.822,Philadelphia Eagles,10.09,Philadelphia Eagles,3.5723333333333334,Atlanta Falcons,0.033742857142857,Philadelphia Eagles,0.1038582375478927,Philadelphia Eagles,0.2916582375478926,Philadelphia Eagles,0.0814582375478927,Under,1.885000000000005,100.0,161.0,1182.03,1903.07,110.0,100.0,1150.75,1046.14,110.0,100.0,179.5,163.18,Philadelphia Eagles,,,,,,,,,,,,,,,1,4073.0,1.0,1.0,0.0434607051826934,0.0001351880569298,110.91788235422858,0.2056018649238814,66.09756985488183,0.3450190909515375,0.0272324778674757,0.0162282273152177,5.047922045761882e-05,8.470883647226552e-05,0.0163129361516899,0.5506209558754189,177.0154522091104,,,2690.0,1383.0,False,False,0.8822180953602766,0.525726519003395,1.0262153558329246,0.9742044411123476,1.031041307078748,0.4928151917074596,0.5278627342510063,1.096680335814591,0.8626460370900721,0.7488515486398496,6.0,32.0,0.0,1.0,0.5257,0.8822,Loss,-110.0,Win,100.0,Win,100.0,Win,1046.14,Win,100.0,Loss,-110.0,Win,177.1,Win,161.0,Win,1903.07,Win,177.1,Win,100.0,Win,163.18,Final,1,2021,0.0400393023827069,0.0004912797838368,0.8373977965376278,0.7269338869046746,,,,,,,,,,,,,,
2021_01_PIT_BUF,2021,1,2021-09-12,13:00,Pittsburgh Steelers,Buffalo Bills,Home,Ben Roethlisberger,Josh Allen,00-0022924,00-0034857,0,0,0,0,0,0,Highmark Stadium,42.7725,-78.7877,America/New_York,False,False,1,0,0,AFC North,Acrisure Stadium,40.4468,-80.0158,America/New_York,AFC East,Highmark Stadium,42.7725,-78.7877,America/New_York,Preseason,Preseason,Preseason,Preseason,Las Vegas Raiders,Miami Dolphins,Acrisure Stadium,Hard Rock Stadium,173,0,-173,173,0.0,0.0,,,,,0.0,0.0,0.0,0,-0.565,4.795,-0.565,4.795,Buffalo Bills,5.359999999999999,Buffalo Bills,5.359999999999999,-0.565,4.795,Buffalo Bills,5.359999999999999,0.0,0,No,No,No,No,No,0,No,0.0,0.0,1.272,7.696,-1.774,4.3925,-1.774,4.3925,-1.209,-0.4025,0.0629999999999999,7.2935,Buffalo Bills,6.1665,Buffalo Bills,6.1665,-1.774,4.3925,Buffalo Bills,6.1665,Tie,0.0,Buffalo Bills,6.424,0.636,3.848,Buffalo Bills,3.212,Buffalo Bills,0.8065,Buffalo Bills,7.2305,-0.5730000000000001,3.4455,Buffalo Bills,4.0185,Different,Same,Same,Same,Different,Same,False,Home Team,Home Team,48.0,-267.0,232.0,Buffalo Bills,Pittsburgh Steelers,6.5,-6.5,-122,101,-319,249,-0.8065,0.8065,-7.2305,7.2305,0.3012,0.7275,0.4975,0.5495,0.2865,0.7613,0.2928,0.7072,0.4752,0.5248,0.2734,0.7266,0.2928,0.7072,-0.2072,0.2072,-0.0165999999999999,0.22099375,Buffalo Bills,Pittsburgh Steelers,0,1,0,0,0,0,0,0,0,1,0,0,0,2.5,4.5,0.001,0.042,73.0,17.0,2,1,2021-09-12,PIT @ BUF,17.0,73.0,0.0,nfl_read_py Fallback,False,A.Rodgers,J.Allen,-10.2,-11.0,14.11,199.08,High,-20.0,-1.0,41.3,40.0,12.116088236672418,26.0,57.0,0.7614,0.2376,0.0618,0.0624,0.6446,0.3554,0.2594,0.722,0.68,0.3198,-213,213,0.7275204359673024,0.3012048192771084,-10.6,10.6,40.65,-6.2123333333333335,6.2123333333333335,Buffalo Bills,0.7305000000000001,Pittsburgh Steelers,5.6935,Buffalo Bills,4.1,Pittsburgh Steelers,0.2876666666666665,No Bet,0.0,Pittsburgh Steelers,0.1739951807228915,Buffalo Bills,0.0338795640326975,Pittsburgh Steelers,0.0185951807228915,Under,7.350000000000001,267.0,100.0,310.84,116.42,110.0,100.0,634.15,576.5,110.0,100.0,1040.5,945.91,Buffalo Bills,,,,,,,,,,,,,,,1,4073.0,1.0,1.0,0.0672205365525772,0.0001242008131455,193.6237543317792,0.1481187102165548,80.1654910468678,0.3577512017252306,0.0475383634499826,0.0196821731025946,3.636599808901419e-05,8.783481505652605e-05,0.0197700079176511,0.5058699119417854,273.78924537864697,,,2690.0,1383.0,False,False,0.9956984312779884,0.412246183085683,1.0498203094368788,0.9505994875083932,1.1072341320180583,0.4166223667681492,1.2374220623728946,0.3861458918043076,1.0960375658095087,0.515460019920413,16.0,23.0,0.0,1.0,0.4122,0.9957,Loss,-110.0,Win,100.0,Loss,-110.0,Loss,-634.15,Win,100.0,No Bet,0.0,Win,255.2,Loss,-267.0,Loss,-310.84,Win,255.2,Win,100.0,Win,945.91,Final,1,2021,0.0248096290837632,0.0,1.0639583364080474,0.0,,,,,,,,,,,,,,
2021_01_NYJ_CAR,2021,1,2021-09-12,13:00,New York Jets,Carolina Panthers,Home,Zach Wilson,Sam Darnold,00-0037013,00-0034869,0,0,0,0,0,0,Bank of America Stadium,35.2258,-80.8528,America/New_York,False,False,1,0,0,AFC East,MetLife Stadium,40.8136,-74.0744,America/New_York,NFC South,Bank of America Stadium,35.2258,-80.8528,America/New_York,Preseason,Preseason,Preseason,Preseason,New England Patriots,New Orleans Saints,MetLife Stadium,Bank of America Stadium,533,0,-533,533,0.0,0.0,,,,,0.0,0.0,0.0,0,-3.725,-5.25,-3.725,-5.25,New York Jets,1.525,New York Jets,1.525,-3.725,-5.25,New York Jets,1.525,0.0,0,No,No,No,No,No,0,No,0.0,0.0,-7.536,-1.448,-4.617,-6.8535,-4.617,-6.8535,-0.892,-1.6035,-8.427999999999999,-3.0515,New York Jets,2.2365000000000004,New York Jets,2.2365000000000004,-4.617,-6.8535,New York Jets,2.2365000000000004,Tie,0.0,Carolina Panthers,6.087999999999999,-3.768,-0.724,Carolina Panthers,3.044,New York Jets,0.7114999999999999,Carolina Panthers,5.376499999999999,-4.659999999999999,-2.3275,Carolina Panthers,2.3325,Different,Different,Same,Different,Different,Same,False,Away Team,Home Team,44.5,-184.0,164.0,Carolina Panthers,New York Jets,3.5,-3.5,-104,-116,-244,195,0.7114999999999999,-0.7114999999999999,-5.376499999999999,5.376499999999999,0.3788,0.6479,0.537,0.5098,0.339,0.7093,0.3689,0.6311,0.513,0.487,0.3234,0.6766,0.3689,0.6311,-0.1311,0.1311,-0.216825,-0.07515625,Carolina Panthers,New York Jets,0,0,0,0,0,0,0,0,0,0,0,0,0,0.0,1.5,0.001,0.1,81.0,0.0,3,1,2021-09-12,NYJ @ CAR,0.0,81.0,0.0,nfl_read_py Fallback,False,J.Fields,B.Young,-2.72,-3.0,13.59,184.63,Med-High,-12.0,7.0,43.63,43.0,12.567659399130552,28.0,60.0,0.5838,0.4154,0.0892,0.076,0.4976,0.5024,0.4466,0.5534,0.5946,0.4052,-147,147,0.647887323943662,0.3787878787878788,-2.8600000000000003,2.8600000000000003,43.315,-2.5083333333333333,2.5083333333333333,Carolina Panthers,1.8764999999999992,New York Jets,4.2115,New York Jets,0.6399999999999997,New York Jets,0.9916666666666668,Carolina Panthers,0.0287126760563379,New York Jets,0.1342121212121212,New York Jets,0.0366121212121212,New York Jets,0.0264121212121212,Under,1.1850000000000025,100.0,164.0,147.34,241.64,110.0,100.0,0.0,0.0,110.0,100.0,155.35,141.23,New York Jets,,,,,,,,,,,,,,,1,4073.0,1.0,1.0,0.1126038686817025,0.0003050329619899,289.44490011141664,0.4583210848688747,169.19065702915796,0.7840781693162018,0.0710643015250225,0.04153956715668,0.000112526659678,0.0001925063023118,0.0417320734589919,1.2423992541850766,458.6355571405746,,,2690.0,1383.0,False,False,0.8885538461249131,0.5193907682387584,0.9742044411123476,1.0262153558329246,1.031041307078748,0.4928151917074596,0.9487877594080588,0.6751052333986084,0.9583881421034322,0.6531094436264896,19.0,14.0,1.0,0.0,0.5194,0.8886,Win,100.0,Loss,-110.0,Loss,-110.0,Loss,-0.0,Loss,-110.0,Win,59.78,Loss,-110.0,Loss,-100.0,Loss,-147.34,Loss,-110.0,Win,100.0,Win,141.23,Final,1,2021,0.1419798575288627,0.0004912797838368,0.9303376865120956,0.633993996930207,,,,,,,,,,,,,,
2021_01_MIN_CIN,2021,1,2021-09-12,13:00,Minnesota Vikings,Cincinnati Bengals,Home,Kirk Cousins,Joe Burrow,00-0029604,00-0036442,0,0,0,0,0,0,Paycor Stadium,39.0955,-84.5165,America/New_York,False,False,1,0,0,NFC North,U.S. Bank Stadium,44.9738,-93.2575,America/Chicago,AFC North,Paycor Stadium,39.0955,-84.5165,America/New_York,Preseason,Preseason,Preseason,Preseason,Arizona Cardinals,Chicago Bears,State Farm Stadium,Soldier Field,604,0,-604,604,-1.0,0.0,,,,,-1.0,0.0,-1.0,0,0.27,1.31,0.27,1.31,Cincinnati Bengals,1.04,Cincinnati Bengals,1.04,0.27,1.31,Cincinnati Bengals,1.04,0.0,0,No,No,No,No,No,0,No,0.0,0.0,-2.826,-4.216,1.605,2.8985000000000003,1.605,2.8985000000000003,1.335,1.5885,-1.4910000000000003,-2.6275000000000004,Cincinnati Bengals,1.2935000000000003,Cincinnati Bengals,1.2935000000000003,1.605,2.8985000000000003,Cincinnati Bengals,1.2935000000000003,Tie,0.0,Minnesota Vikings,1.39,-1.413,-2.108,Minnesota Vikings,0.6950000000000001,Cincinnati Bengals,0.2535,Minnesota Vikings,1.1365,-0.0780000000000001,-0.5195000000000002,Minnesota Vikings,0.4415,Different,Different,Same,Different,Different,Same,False,Home Team,Away Team,47.0,122.0,-135.0,Minnesota Vikings,Cincinnati Bengals,-3.0,3.0,-116,-104,101,-122,-0.2535,0.2535,1.1365,-1.1365,0.5745,0.4505,0.5098,0.537,0.5495,0.4975,0.5605,0.4395,0.487,0.513,0.5248,0.4752,0.5605,0.4395,0.0605,-0.0605,-0.01695,0.01808125,Minnesota Vikings,Cincinnati Bengals,0,0,0,0,0,0,0,0,0,0,0,0,0,2.5,2.5,0.027,0.001,81.0,15.0,4,1,2021-09-12,MIN @ CIN,15.0,81.0,0.0,nfl_read_py Fallback,False,J.McCarthy,J.Burrow,-0.92,-2.0,13.73,188.62,Med-High,-10.0,9.0,54.0,54.0,14.056255369870192,36.0,72.0,0.5282,0.4716,0.092,0.0874,0.5598,0.3942,0.6634,0.294,0.489,0.511,104,-104,0.4504504504504504,0.574468085106383,-1.46,1.46,54.0,-0.1923333333333333,0.1923333333333333,Cincinnati Bengals,1.8635,Cincinnati Bengals,3.2535,Cincinnati Bengals,4.46,Cincinnati Bengals,3.192333333333333,Cincinnati Bengals,0.0247495495495495,Cincinnati Bengals,0.0625495495495495,Cincinnati Bengals,0.0777495495495495,Cincinnati Bengals,0.0385495495495495,Over,7.0,100.0,122.0,353.7,431.51,110.0,100.0,188.95,171.77,110.0,100.0,732.85,666.23,Cincinnati Bengals,,,,,,,,,,,,,,,1,4073.0,1.0,1.0,0.0004001601479335,0.0267353657484137,0.7163200781733287,61.03460760058858,0.9135322043598424,47.85853709270059,0.0001758703850167,0.0002242897629167,0.0149851725019859,0.0117501932464278,0.0119744830093445,108.89314469328916,1.629852282533171,,,2690.0,1383.0,False,False,0.6187916580128336,0.7891529563508378,1.0262153558329246,0.9742044411123476,0.7241366082232059,0.7997198905630019,0.8584270204168151,0.7664410882782469,0.7881799554130143,0.8236399943068514,27.0,24.0,1.0,0.0,0.7892,0.6188,Push,0.0,Push,0.0,Push,0.0,Push,0.0,Push,0.0,Win,134.2,Win,134.2,Win,122.0,Win,431.51,Win,134.2,Win,100.0,Win,666.23,Final,1,2021,0.0012281994595922,0.0184229918938835,0.7651112154463752,0.7995333969184003,,,,,,,,,,,,,,
2021_01_SF_DET,2021,1,2021-09-12,13:00,San Francisco 49ers,Detroit Lions,Home,Jimmy Garoppolo,Jared Goff,00-0031345,00-0033106,0,0,0,0,0,0,Ford Field,42.3395,-83.045,America/Detroit,False,False,1,0,0,NFC West,Levi's Stadium,37.4031,-121.9702,America/Los_Angeles,NFC North,Ford Field,42.3395,-83.045,America/Detroit,Preseason,Preseason,Preseason,Preseason,Philadelphia Eagles,Green Bay Packers,Lincoln Financial Field,Lambeau Field,2072,0,-2072,2072,-3.0,0.0,,,,,-3.0,0.0,-3.0,0,3.325,4.305,3.325,4.305,Detroit Lions,0.9799999999999996,Detroit Lions,0.9799999999999996,3.325,4.305,Detroit Lions,0.9799999999999996,-0.4499999999999999,0,No,No,No,No,No,0,No,0.0,0.0,0.854,-7.519,4.3095,3.471,4.3095,3.471,0.9845,-0.834,1.8385,-8.353,San Francisco 49ers,0.8385000000000002,San Francisco 49ers,0.8385000000000002,4.3095,3.471,San Francisco 49ers,0.8385000000000002,Tie,0.0,San Francisco 49ers,8.373,0.427,-3.7595,San Francisco 49ers,4.1865,San Francisco 49ers,1.8185,San Francisco 49ers,10.1915,1.4115,-4.5935,San Francisco 49ers,6.005,Different,Different,Same,Same,Different,Same,False,Away Team,Away Team,46.0,344.0,-415.0,San Francisco 49ers,Detroit Lions,-9.5,9.5,108,-131,356,-483,1.8185,-1.8185,10.1915,-10.1915,0.8058,0.2252,0.5671,0.4808,0.8285,0.2193,0.7816,0.2184,0.5412,0.4588,0.7907,0.2093,0.7816,0.2184,0.2816,-0.2816,0.08580625,-0.2364875,San Francisco 49ers,Detroit Lions,0,0,0,1,1,0,0,0,0,1,1,0,0,3.5,0.0,0.276,0.001,,,5,1,2021-09-12,SF @ DET,0.0,70.0,0.0,Dome,True,B.Purdy,J.Goff,5.51,7.0,13.31,177.2,Medium,-4.0,14.0,53.55,53.0,14.049715959538426,36.0,72.0,0.3256,0.6732,0.0878,0.082,0.5952,0.4048,0.685,0.2918,0.303,0.6967,230,-230,0.2252252252252252,0.8058252427184466,6.255,-6.255,53.275,6.088333333333334,-6.088333333333334,San Francisco 49ers,0.6914999999999996,Detroit Lions,7.6815,Detroit Lions,3.245,Detroit Lions,3.411666666666666,No Bet,0.0,Detroit Lions,0.2335747747747747,Detroit Lions,0.1003747747747747,Detroit Lions,0.0777747747747747,Over,7.274999999999999,100.0,344.0,323.88,1114.16,110.0,100.0,374.8,340.73,110.0,100.0,846.25,769.32,Detroit Lions,,,,,,,,,,,,,,,1,4073.0,1.0,1.0,0.0003114441427003,0.1969782256327921,0.2770430193189704,627.0716718426463,0.9914689738997586,175.22064115971594,6.801940076576736e-05,0.0002434247419346,0.1539581811545903,0.0430200444782017,0.0432634692201364,802.2923130023622,1.268511993218729,,,2690.0,1383.0,False,False,0.3074951037770259,1.1004495105866456,0.9177926028384908,1.082627194106781,0.3189431651959533,1.2049133335902544,0.529162888768866,1.0940800267788715,0.4883814447651193,1.1229549589698304,33.0,41.0,0.0,1.0,1.1004,0.3075,Win,100.0,Loss,-110.0,Loss,-110.0,Loss,-374.8,Loss,-110.0,No Bet,0.0,Loss,-110.0,Loss,-100.0,Loss,-323.88,Loss,-110.0,Win,100.0,Win,769.32,Final,1,2021,0.0002456398919184,0.2296732989437484,0.4740873175465269,1.090087901434539,,,,,,,,,,,,,,
2021_01_JAX_HOU,2021,1,2021-09-12,13:00,Jacksonville Jaguars,Houston Texans,Home,Trevor Lawrence,Tyrod Taylor,00-0036971,00-0028118,0,0,0,0,0,0,NRG Stadium,29.6847,-95.4093,America/Chicago,False,False,1,0,0,AFC South,TIAA Bank Field,30.3239,-81.6554,America/New_York,AFC South,NRG Stadium,29.6847,-95.4093,America/Chicago,Preseason,Preseason,Preseason,Preseason,Denver Broncos,Cleveland Browns,TIAA Bank Field,FirstEnergy Stadium,823,0,-823,823,1.0,0.0,,,,,1.0,0.0,1.0,0,-1.825,0.035,-1.825,0.035,Houston Texans,1.86,Houston Texans,1.86,-1.825,0.035,Houston Texans,1.86,0.0,0,No,No,No,No,No,1,No,0.0,0.0,-10.43,-5.383,-0.886155,-0.2153449999999999,-0.886155,-0.2153449999999999,0.920245,-0.231745,-9.459285,-5.665215,Houston Texans,0.67081,Houston Texans,0.67081,-0.886155,-0.2153449999999999,Houston Texans,0.67081,Tie,0.0,Houston Texans,5.047,-5.215,-2.6915,Houston Texans,2.5235,Jacksonville Jaguars,1.15199,Houston Texans,3.7940700000000014,-4.269520000000001,-2.94848,Houston Texans,1.3210400000000009,Different,Same,Different,Same,Different,Same,False,Away Team,Home Team,45.5,154.0,-172.0,Jacksonville Jaguars,Houston Texans,-3.5,3.5,101,-122,-211,171,1.15199,-1.15199,-3.7940700000000014,3.7940700000000014,0.6324,0.3937,0.5495,0.4975,0.369,0.6785,0.6163,0.3837,0.5248,0.4752,0.3523,0.6477,0.6163,0.3837,0.1163,-0.1163,-0.1850125,-0.2324875,Jacksonville Jaguars,Houston Texans,0,0,0,0,0,0,0,0,0,0,0,0,1,0.5,0.0,0.036,0.003,,,6,1,2021-09-12,JAX @ HOU,0.0,70.0,0.0,Dome,True,T.Lawrence,C.Stroud,-3.58,-4.0,13.33,177.73,Medium,-13.0,7.0,50.19,49.0,13.187884205510889,33.0,68.0,0.6104,0.3888,0.094,0.0832,0.6842,0.3158,0.6246,0.3754,0.5292,0.4706,-112,112,0.3937007874015748,0.6323529411764706,-3.79,3.79,49.595,-2.144026666666667,2.144026666666667,Houston Texans,7.294070000000001,Houston Texans,2.34801,Houston Texans,7.29,Houston Texans,5.644026666666667,Houston Texans,0.2539992125984252,Houston Texans,0.0814992125984251,Houston Texans,0.2166992125984252,Houston Texans,0.1354992125984251,Over,4.094999999999999,100.0,154.0,893.53,1376.04,110.0,100.0,842.05,765.5,110.0,100.0,529.15,481.05,Houston Texans,,,,,,,,,,,,,,,1,4073.0,1.0,1.0,0.0007262921437788,0.0868565713091962,1.1350566978481704,218.02648804897413,1.8231312037629075,135.7403268933821,0.0002786782955679,0.0004476138482108,0.0535297048978576,0.0333268664113386,0.0337744802595494,353.76681494235623,2.958187901611077,,,2690.0,1383.0,False,False,0.5402283485313407,0.8677162658323306,0.9505994875083932,1.0498203094368788,0.9870018542638268,0.536854644522381,0.9920178971268911,0.631875095679776,0.8529751173917529,0.7585224683381688,37.0,21.0,1.0,0.0,0.8677,0.5402,Win,100.0,Win,100.0,Win,100.0,Win,765.5,Win,100.0,Win,169.4,Win,169.4,Win,154.0,Win,1376.04,Win,169.4,Win,100.0,Win,481.05,Final,1,2021,0.0036845983787767,0.0439695406534021,0.8280099288634392,0.7363217545788634,,,,,,,,,,,,,,
2021_01_SEA_IND,2021,1,2021-09-12,13:00,Seattle Seahawks,Indianapolis Colts,Home,Russell Wilson,Carson Wentz,00-0029263,00-0032950,0,0,0,0,0,0,Lucas Oil Stadium,39.7601,-86.1638,America/Indiana/Indianapolis,False,False,1,0,0,NFC West,Lumen Field,47.5952,-122.3316,America/Los_Angeles,AFC South,Lucas Oil Stadium,39.7601,-86.1638,America/Indiana/Indianapolis,Preseason,Preseason,Preseason,Preseason,Tennessee Titans,Los Angeles Rams,Lumen Field,Lucas Oil Stadium,1866,0,-1866,1866,-3.0,0.0,,,,,-3.0,0.0,-3.0,0,-0.13,-2.265,-0.13,-2.265,Seattle Seahawks,2.135,Seattle Seahawks,2.135,-0.13,-2.265,Seattle Seahawks,2.135,-0.4499999999999999,0,No,No,No,No,No,0,No,0.0,0.0,2.002,-0.059,-0.833,-2.9265,-0.833,-2.9265,-0.703,-0.6615,1.299,-0.7204999999999999,Seattle Seahawks,2.0935,Seattle Seahawks,2.0935,-0.833,-2.9265,Seattle Seahawks,2.0935,Tie,0.0,Seattle Seahawks,2.061,1.001,-0.0295,Seattle Seahawks,1.0305,Indianapolis Colts,0.0414999999999999,Seattle Seahawks,2.0195,0.298,-0.691,Seattle Seahawks,0.989,Different,Same,Different,Same,Different,Same,False,Home Team,Away Team,49.0,132.0,-146.0,Seattle Seahawks,Indianapolis Colts,-3.0,3.0,-110,-110,108,-131,-0.0414999999999999,0.0414999999999999,2.0195,-2.0195,0.5935,0.431,0.5238,0.5238,0.5671,0.4808,0.5793,0.4207,0.5,0.5,0.5412,0.4588,0.5793,0.4207,0.0793,-0.0793,0.0636125,0.0260187499999999,Seattle Seahawks,Indianapolis Colts,0,0,0,0,0,0,0,1,0,0,0,1,0,3.0,2.5,0.021,0.0,,,7,1,2021-09-12,SEA @ IND,0.0,70.0,0.0,Dome,True,S.Darnold,D.Jones,-1.45,-3.0,13.79,190.19,Med-High,-11.0,9.0,44.96,44.0,13.383079152479086,29.0,63.0,0.544,0.4554,0.0942,0.089,0.5724,0.383,0.3588,0.6214,0.4809,0.519,108,-108,0.4310344827586206,0.5934959349593496,-2.225,2.225,44.48,-0.0823333333333334,0.0823333333333334,Indianapolis Colts,0.9805,Indianapolis Colts,3.0415,Indianapolis Colts,5.225,Indianapolis Colts,3.0823333333333336,Indianapolis Colts,0.0277655172413793,Indianapolis Colts,0.0689655172413793,Indianapolis Colts,0.1129655172413793,Indianapolis Colts,0.0498655172413793,Under,4.519999999999996,100.0,132.0,496.36,655.2,110.0,100.0,255.1,231.91,110.0,100.0,512.35,465.77,Indianapolis Colts,,,,,,,,,,,,,,,1,4073.0,1.0,1.0,0.0002962302165087,0.0074337756191547,0.5075937641431322,17.53991105848615,0.6989519076969727,12.737857038330954,0.0001246240520852,0.0001716061644235,0.0043063862161763,0.0031273894029783,0.0032989955674018,30.277768096817105,1.2065456718401049,,,2690.0,1383.0,False,False,0.5923222992627966,0.8156223151008749,1.000209898472636,1.000209898472636,0.699145361643112,0.8247111371430956,0.8841050721445427,0.7401129592915896,0.7751242138202834,0.8365345539046104,16.0,28.0,0.0,1.0,0.8156,0.5923,Loss,-110.0,Loss,-110.0,Loss,-110.0,Loss,-255.1,Loss,-110.0,Loss,-110.0,Loss,-110.0,Loss,-100.0,Loss,-496.36,Loss,-110.0,Win,100.0,Win,465.77,Final,1,2021,0.0,0.002210759027266,0.0,0.8120505538173185,,,,,,,,,,,,,,
2021_01_ARI_TEN,2021,1,2021-09-12,13:00,Arizona Cardinals,Tennessee Titans,Home,Kyler Murray,Ryan Tannehill,00-0035228,00-0029701,0,0,0,0,0,0,Nissan Stadium,36.1664,-86.7716,America/Chicago,False,False,1,0,0,NFC West,State Farm Stadium,33.5277,-112.262608,America/Denver,AFC South,Nissan Stadium,36.1664,-86.7716,America/Chicago,Preseason,Preseason,Preseason,Preseason,Minnesota Vikings,Seattle Seahawks,State Farm Stadium,Lumen Field,1452,0,-1452,1452,-1.0,0.0,,,,,-1.0,0.0,-1.0,0,0.075,-4.36,0.075,-4.36,Arizona Cardinals,4.4350000000000005,Arizona Cardinals,4.4350000000000005,0.075,-4.36,Arizona Cardinals,4.4350000000000005,0.0,0,No,No,No,No,No,0,No,0.0,0.0,-0.019,-0.926,0.9175,-6.026,0.9175,-6.026,0.8425,-1.666,0.8235,-2.592,Arizona Cardinals,6.9435,Arizona Cardinals,6.9435,0.9175,-6.026,Arizona Cardinals,6.9435,Tie,0.0,Arizona Cardinals,0.907,-0.0095,-0.463,Arizona Cardinals,0.4535,Arizona Cardinals,2.5085,Arizona Cardinals,3.4155,0.833,-2.129,Arizona Cardinals,2.962,Different,Same,Same,Same,Different,Same,False,Away Team,Away Team,54.0,-146.0,131.0,Tennessee Titans,Arizona Cardinals,2.5,-2.5,117,-142,156,-191,2.5085,-2.5085,3.4155,-3.4155,0.4329,0.5935,0.5868,0.4608,0.6564,0.3906,0.4218,0.5782,0.5601,0.4399,0.6269,0.3731,0.4218,0.5782,-0.0782,0.0782,0.07265625,-0.0118,Tennessee Titans,Arizona Cardinals,0,0,0,0,1,0,0,1,0,0,1,1,0,3.0,2.5,0.001,0.0139999999999999,82.0,8.0,8,1,2021-09-12,ARI @ TEN,8.0,82.0,0.0,nfl_read_py Fallback,False,K.Murray,C.Ward,6.96,8.0,14.11,199.16,High,-3.0,17.0,52.7,52.0,13.98244536966632,35.0,71.0,0.3076,0.6914,0.0734,0.0694,0.277,0.723,0.4268,0.543,0.4247,0.5751,135,-135,0.5934959349593496,0.4329004329004329,7.48,-7.48,52.35,4.468,-4.468,Arizona Cardinals,5.9155,Arizona Cardinals,5.0085,Arizona Cardinals,9.98,Arizona Cardinals,6.968,Arizona Cardinals,0.1939995670995671,Arizona Cardinals,0.1271995670995671,Arizona Cardinals,0.2584995670995671,Arizona Cardinals,0.142199567099567,Under,1.6499999999999986,100.0,131.0,1139.57,1492.84,110.0,100.0,1045.75,950.68,110.0,100.0,100.75,91.59,Arizona Cardinals,,,,,,,,,,,,,,,1,4073.0,1.0,1.0,0.0210530791615752,9.452453986749552e-05,49.58018248199049,0.1623923465813144,36.16900894310547,0.2226061042989948,0.0121728903712228,0.0088801887903524,3.9870450916109616e-05,5.465408895138592e-05,0.0089348428793038,0.3849984508803093,85.74919142509596,,,2690.0,1383.0,False,False,0.8140735760250749,0.5938710383385967,0.8799846686762252,1.120435128269047,0.568550859697134,0.9553056390890736,0.4999094121170244,1.123658542060178,0.684539932646027,0.9269576530838948,13.0,38.0,0.0,1.0,0.5939,0.8141,Win,100.0,Win,100.0,Win,100.0,Win,950.68,Win,100.0,Win,144.1,Win,144.1,Win,131.0,Win,1492.84,Win,144.1,Win,100.0,Win,91.59,Final,1,2021,0.0054040776222058,0.0002456398919184,0.6645045668713202,0.8998271165709822,,,,,,,,,,,,,,
2021_01_LAC_WAS,2021,1,2021-09-12,13:00,Los Angeles Chargers,Washington Commanders,Home,Justin Herbert,Ryan Fitzpatrick,00-0036355,00-0023682,0,0,0,0,0,0,FedExField,38.9077,-76.8645,America/New_York,False,False,1,0,0,AFC West,SoFi Stadium,33.9535,-118.3395,America/Los_Angeles,NFC East,FedExField,38.9077,-76.8645,America/New_York,Preseason,Preseason,Preseason,Preseason,Dallas Cowboys,New York Giants,SoFi Stadium,FedExField,2309,0,-2309,2309,-3.0,0.0,,,,,-3.0,0.0,-3.0,0,0.935,1.45,0.935,1.45,Washington Commanders,0.5149999999999999,Washington Commanders,0.5149999999999999,0.935,1.45,Washington Commanders,0.5149999999999999,-0.4499999999999999,0,No,No,No,No,No,0,No,0.0,0.0,-1.934,-4.104,0.2695000000000001,0.8969999999999999,0.2695000000000001,0.8969999999999999,-0.6655,-0.553,-2.5995,-4.657,Washington Commanders,0.6274999999999997,Washington Commanders,0.6274999999999997,0.2695000000000001,0.8969999999999999,Washington Commanders,0.6274999999999997,Tie,0.0,Los Angeles Chargers,2.17,-0.967,-2.052,Los Angeles Chargers,1.085,Washington Commanders,0.1124999999999999,Los Angeles Chargers,2.0575,-1.6324999999999998,-2.605,Los Angeles Chargers,0.9725,Different,Different,Same,Different,Different,Same,False,Home Team,Away Team,45.5,-129.0,117.0,Washington Commanders,Los Angeles Chargers,2.5,-2.5,-110,-110,108,-131,-0.1124999999999999,0.1124999999999999,2.0575,-2.0575,0.4608,0.5633,0.5238,0.5238,0.5671,0.4808,0.45,0.55,0.5,0.5,0.5412,0.4588,0.45,0.55,-0.05,0.05,0.0765625,-0.1212499999999999,Washington Commanders,Los Angeles Chargers,0,0,0,0,0,0,0,0,0,0,0,0,0,3.0,1.0,0.0069999999999999,0.004,81.0,4.0,9,1,2021-09-12,LAC @ WAS,4.0,81.0,0.0,nfl_read_py Fallback,False,J.Herbert,J.Daniels,4.12,5.0,13.84,191.66,Med-High,-6.0,14.0,51.77,51.0,13.355270977879051,35.0,69.0,0.3936,0.6052,0.09,0.0846,0.3598,0.6402,0.67,0.33,0.4756,0.5241,110,-110,0.5633187772925764,0.4608294930875576,4.5600000000000005,-4.5600000000000005,51.385000000000005,2.168333333333333,-2.168333333333333,Los Angeles Chargers,4.5575,Los Angeles Chargers,2.3875,Los Angeles Chargers,7.0600000000000005,Los Angeles Chargers,4.668333333333333,Los Angeles Chargers,0.0803705069124424,Los Angeles Chargers,0.0391705069124423,Los Angeles Chargers,0.1443705069124423,Los Angeles Chargers,0.0632705069124424,Over,5.885000000000005,100.0,117.0,669.41,783.21,110.0,100.0,611.05,555.5,110.0,100.0,767.5,697.73,Los Angeles Chargers,,,,,,,,,,,,,,,1,4073.0,1.0,1.0,0.0026779370865489,0.0004151701941104,5.998980764432538,0.7609446902753726,4.908256989081167,0.9300435103365666,0.0014728653976018,0.001205071688947,0.0001868265873497,0.0002283436067607,0.0014334152957077,1.690988200611939,10.907237753513703,,,2690.0,1383.0,False,False,0.7743695379000194,0.6335750764636522,1.000209898472636,1.000209898472636,0.699145361643112,0.8247111371430956,0.6396760227869338,0.9835668927608036,0.7665815680867681,0.8447548356481817,16.0,20.0,0.0,1.0,0.6336,0.7744,Win,100.0,Win,100.0,Win,100.0,Win,555.5,Win,100.0,Win,128.7,Win,128.7,Win,117.0,Win,783.21,Win,128.7,Loss,-110.0,Loss,-767.5,Final,1,2021,0.0,0.0004912797838368,0.0,0.8200302413403788,,,,,,,,,,,,,,
2021_01_CLE_KC,2021,1,2021-09-12,16:25,Cleveland Browns,Kansas City Chiefs,Home,Baker Mayfield,Patrick Mahomes,00-0034855,00-0033873,0,0,0,0,0,0,GEHA Field at Arrowhead Stadium,39.0489,-94.4839,America/Chicago,False,False,1,0,0,AFC North,FirstEnergy Stadium,41.5061,-81.6994,America/New_York,AFC West,GEHA Field at Arrowhead Stadium,39.0489,-94.4839,America/Chicago,Preseason,Preseason,Preseason,Preseason,Houston Texans,Baltimore Ravens,FirstEnergy Stadium,M&T Bank Stadium,694,0,-694,694,1.0,0.0,,,,,1.0,0.0,1.0,0,-4.705,4.395,-4.705,4.395,Kansas City Chiefs,9.1,Kansas City Chiefs,9.1,-4.705,4.395,Kansas City Chiefs,9.1,0.0,0,No,No,No,No,No,0,No,0.0,0.0,0.945,7.264,-4.7735,2.2065,-4.7735,2.2065,-0.0684999999999999,-2.1885,0.8765000000000001,5.0755,Kansas City Chiefs,6.98,Kansas City Chiefs,6.98,-4.7735,2.2065,Kansas City Chiefs,6.98,Tie,0.0,Kansas City Chiefs,6.319,0.4725,3.632,Kansas City Chiefs,3.1595,Cleveland Browns,2.12,Kansas City Chiefs,4.199,0.404,1.4435,Kansas City Chiefs,1.0395,Different,Same,Different,Same,Different,Same,False,Away Team,Home Team,54.5,-241.0,211.0,Kansas City Chiefs,Cleveland Browns,5.5,-5.5,108,-131,-211,171,2.12,-2.12,-4.199,4.199,0.3215,0.7067,0.5671,0.4808,0.369,0.6785,0.3127,0.6873,0.5412,0.4588,0.3523,0.6477,0.3127,0.6873,-0.1873,0.1873,0.04059375,0.18798125,Kansas City Chiefs,Cleveland Browns,0,0,0,0,0,0,1,0,0,0,1,0,0,3.0,4.5,0.0,0.045,88.0,8.0,10,1,2021-09-12,CLE @ KC,8.0,88.0,0.0,nfl_read_py Fallback,False,J.Flacco,P.Mahomes,-1.31,-3.0,15.4,237.11,High,-12.0,10.0,59.44,59.0,14.367375882113882,42.0,78.0,0.5354,0.4644,0.0832,0.0746,0.421,0.579,0.6184,0.3816,0.5823,0.4176,-139,139,0.7067448680351907,0.3215434083601286,-2.155,2.155,59.22,-1.411333333333333,1.411333333333333,Cleveland Browns,1.3010000000000002,Cleveland Browns,7.62,Cleveland Browns,3.345,Cleveland Browns,4.088666666666667,Cleveland Browns,0.0307565916398713,Cleveland Browns,0.2196565916398714,Cleveland Browns,0.1428565916398713,Cleveland Browns,0.0960565916398714,Over,4.719999999999999,100.0,211.0,526.4,1110.71,110.0,100.0,289.75,263.41,110.0,100.0,496.6,451.45,Cleveland Browns,,,,,,,,,,,,,,,1,4073.0,1.0,1.0,0.0551704430034889,1.594806130789064e-05,154.44264302496148,0.0203118830741909,70.26657132824887,0.0446445706328476,0.0379186454762979,0.0172517975271909,4.986958770977402e-06,1.0961102536913238e-05,0.0172627586297278,0.0649564537070385,224.7092143532104,,,2690.0,1383.0,False,False,0.9676803334521514,0.44026428091152,0.9177926028384908,1.082627194106781,0.9870018542638268,0.536854644522381,0.8701284110775517,0.7547396976175103,0.9385627567218778,0.673096011003016,33.0,29.0,1.0,0.0,0.4403,0.9677,Loss,-110.0,Loss,-110.0,Loss,-110.0,Loss,-289.75,Loss,-110.0,Loss,-110.0,Loss,-110.0,Loss,-100.0,Loss,-526.4,Loss,-110.0,Win,100.0,Win,451.45,Final,1,2021,0.0127732743797592,0.0,0.9110925577800087,0.0,,,,,,,,,,,,,,
2021_01_MIA_NE,2021,1,2021-09-12,16:25,Miami Dolphins,New England Patriots,Home,Tua Tagovailoa,Mac Jones,00-0036212,00-0036972,0,0,0,0,0,0,Gillette Stadium,42.0628,-71.2687,America/New_York,False,False,1,0,0,AFC East,Hard Rock Stadium,25.9602,-80.2384,America/New_York,AFC East,Gillette Stadium,42.0628,-71.2687,America/New_York,Preseason,Preseason,Preseason,Preseason,Buffalo Bills,New York Jets,Hard Rock Stadium,MetLife Stadium,1223,0,-1223,1223,0.0,0.0,,,,,0.0,0.0,0.0,0,0.66,-1.995,0.66,-1.995,Miami Dolphins,2.655,Miami Dolphins,2.655,0.66,-1.995,Miami Dolphins,2.655,0.0,0,No,No,No,No,No,1,No,0.0,0.0,0.423,-0.653,-0.5096,-1.9894000000000005,-0.5096,-1.9894000000000005,-1.14305,-0.02095,-0.7308100000000001,-0.66319,Miami Dolphins,1.4798000000000002,Miami Dolphins,1.4798000000000002,-0.5096,-1.9894000000000005,Miami Dolphins,1.4798000000000002,Tie,0.0,Miami Dolphins,1.076,0.2115,-0.3265,Miami Dolphins,0.538,New England Patriots,1.1221,New England Patriots,0.0676200000000001,-0.93693,-0.34207,New England Patriots,0.59486,Different,Different,Different,Different,Different,Different,False,Home Team,Home Team,43.5,-173.0,155.0,New England Patriots,Miami Dolphins,3.5,-3.5,-122,101,-110,-110,-1.1221,1.1221,-0.0676200000000001,0.0676200000000001,0.3922,0.6337,0.4975,0.5495,0.5238,0.5238,0.3823,0.6177,0.4752,0.5248,0.5,0.5,0.3823,0.6177,-0.1177,0.1177,-0.0379687499999999,0.0875,New England Patriots,Miami Dolphins,0,0,0,0,0,0,0,0,0,0,0,0,1,2.0,3.5,0.002,0.01,81.0,15.0,11,1,2021-09-12,MIA @ NE,15.0,81.0,0.0,nfl_read_py Fallback,False,T.Tagovailoa,D.Maye,-7.68,-8.0,14.13,199.7,High,-17.0,3.0,46.35,46.0,13.398630365045966,30.0,64.0,0.7092,0.2894,0.0762,0.0838,0.6332,0.3668,0.5568,0.4432,0.5879,0.4117,-143,143,0.6336996336996337,0.392156862745098,-7.84,7.84,46.175,-3.009906666666667,3.009906666666667,Miami Dolphins,3.43238,Miami Dolphins,2.3779,New England Patriots,4.34,Miami Dolphins,0.4900933333333328,Miami Dolphins,0.1078431372549019,Miami Dolphins,0.0830431372549019,New England Patriots,0.0755003663003663,Miami Dolphins,0.0195431372549019,Over,2.674999999999997,173.0,100.0,515.29,297.86,110.0,100.0,574.3,522.09,110.0,100.0,173.2,157.45,New England Patriots,,,,,,,,,,,,,,,1,4073.0,1.0,1.0,0.0034488223151039,0.0002058547168546,8.676864816873719,0.3205380058665875,5.370188472544637,0.5179082558822682,0.0021303375440397,0.0013184847710642,7.869825825352013e-05,0.000127156458601,0.0014456412296653,0.8384462617488556,14.047053289418358,,,2690.0,1383.0,False,False,0.8696873882924399,0.5382572260712315,1.0498203094368788,0.9505994875083932,0.7619282493931039,0.7619282493931039,1.1525869800825546,0.470330896835718,0.947588948440309,0.6635862732996688,16.0,17.0,0.0,1.0,0.5383,0.8697,Loss,-110.0,Loss,-110.0,Win,100.0,Win,522.09,Loss,-110.0,Win,170.5,Win,170.5,Loss,-173.0,Loss,-515.29,Win,170.5,Loss,-110.0,Loss,-173.2,Final,1,2021,0.0152296732989437,0.0002456398919184,0.9198545676092514,0.6441641869105781,,,,,,,,,,,,,,
2021_01_GB_NO,2021,1,2021-09-12,16:25,Green Bay Packers,New Orleans Saints,Neutral,Aaron Rodgers,Jameis Winston,00-0023459,00-0031503,0,0,0,0,0,0,Caesars Superdome,29.9507,-90.0813,America/Chicago,False,False,1,0,0,NFC North,Lambeau Field,44.5013,-88.0622,America/Chicago,NFC South,Caesars Superdome,29.9507,-90.0813,America/Chicago,Preseason,Preseason,Preseason,Preseason,Detroit Lions,Carolina Panthers,Lambeau Field,Bank of America Stadium,1011,0,-1011,1011,0.0,0.0,,,,,0.0,0.0,0.0,0,3.535,-6.145,3.535,-6.145,Green Bay Packers,9.68,Green Bay Packers,9.68,3.535,-6.145,Green Bay Packers,9.68,0.0,0,No,No,No,No,No,0,No,0.0,0.0,4.556,6.38,3.2455000000000003,-7.124,3.2455000000000003,-7.124,-0.2895,-0.979,4.2665,5.401,Green Bay Packers,10.3695,Green Bay Packers,10.3695,3.2455000000000003,-7.124,Green Bay Packers,10.3695,Tie,0.0,New Orleans Saints,1.824,2.278,3.19,New Orleans Saints,0.912,Green Bay Packers,0.6895,New Orleans Saints,1.1345,1.9885,2.211,New Orleans Saints,0.2224999999999999,Different,Different,Same,Different,Different,Same,False,Away Team,Home Team,49.0,162.0,-181.0,Green Bay Packers,New Orleans Saints,-4.0,4.0,-104,-116,-122,101,0.6895,-0.6895,-1.1345,1.1345,0.6441,0.3817,0.537,0.5098,0.4975,0.5495,0.6279,0.3721,0.513,0.487,0.4752,0.5248,0.6279,0.3721,0.1279,-0.1279,0.11756875,-0.0036875,Green Bay Packers,New Orleans Saints,0,0,0,1,1,0,0,0,0,1,1,0,0,3.5,2.5,0.026,0.0,86.0,9.0,12,1,2021-09-12,GB @ NO,0.0,70.0,0.0,Dome,True,J.Love,S.Rattler,5.16,6.0,13.39,179.21,Medium,-5.0,14.0,42.18,41.0,12.742655730067066,27.0,59.0,0.345,0.6542,0.0848,0.0878,0.4274,0.5452,0.2748,0.706,0.4322,0.5676,131,-131,0.3816793893129771,0.6441281138790036,5.58,-5.58,41.59,1.711666666666667,-1.711666666666667,New Orleans Saints,5.1345,New Orleans Saints,3.3105,Green Bay Packers,1.58,New Orleans Saints,2.288333333333333,New Orleans Saints,0.1431206106870229,New Orleans Saints,0.1053206106870228,Green Bay Packers,0.0100718861209964,New Orleans Saints,0.0505206106870228,Under,7.409999999999997,181.0,100.0,70.76,39.09,110.0,100.0,112.3,102.09,110.0,100.0,956.5,869.55,Green Bay Packers,,,,,,,,,,,,,,,1,4073.0,1.0,1.0,8.030399551896103e-05,0.0186066441889226,0.1217057884519017,47.58531471259239,0.2053723852968264,28.199547068889355,2.98811167326054e-05,5.042287878635563e-05,0.0116831118862245,0.006923532302698,0.0069739551814844,75.78486178148174,0.3270781737487283,,,2690.0,1383.0,False,False,0.5238961910047222,0.8840484233589493,0.9742044411123476,1.0262153558329246,0.7997198905630019,0.7241366082232059,0.5606916358269617,1.0632013569797054,0.6966285822689259,0.9148690034609958,38.0,3.0,1.0,0.0,0.884,0.5239,Win,100.0,Win,100.0,Loss,-110.0,Loss,-112.3,Win,100.0,Win,178.2,Win,178.2,Loss,-181.0,Loss,-70.76,Win,178.2,Win,100.0,Win,869.55,Final,1,2021,0.0004912797838368,0.0071235568656349,0.6762394014640559,0.8880922819782465,,,,,,,,,,,,,,
2021_01_DEN_NYG,2021,1,2021-09-12,16:25,Denver Broncos,New York Giants,Home,Teddy Bridgewater,Daniel Jones,00-0031237,00-0035710,0,0,0,0,0,0,MetLife Stadium,40.8136,-74.0744,America/New_York,False,False,1,0,0,AFC West,Empower Field at Mile High,39.7648,-105.0076,America/Denver,NFC East,MetLife Stadium,40.8136,-74.0744,America/New_York,Preseason,Preseason,Preseason,Preseason,Jacksonville Jaguars,Washington Commanders,TIAA Bank Field,FedExField,1622,0,-1622,1622,-2.0,0.0,,,,,-2.0,0.0,-2.0,0,2.05,-2.84,2.05,-2.84,Denver Broncos,4.89,Denver Broncos,4.89,2.05,-2.84,Denver Broncos,4.89,-0.3,0,No,No,No,No,No,0,No,0.0,0.0,-4.629,-4.213,2.1805,-3.882,2.1805,-3.882,0.1305,-1.042,-4.4985,-5.255,Denver Broncos,6.0625,Denver Broncos,6.0625,2.1805,-3.882,Denver Broncos,6.0625,Tie,0.0,New York Giants,0.4159999999999995,-2.3145,-2.1065,New York Giants,0.2079999999999997,Denver Broncos,1.1725,Denver Broncos,0.7565,-2.184,-3.1485,Denver Broncos,0.9644999999999996,Different,Different,Same,Same,Different,Different,False,Away Team,Away Team,41.5,125.0,-139.0,Denver Broncos,New York Giants,-3.0,3.0,101,-122,101,-122,1.1725,-1.1725,0.7565,-0.7565,0.5816,0.4444,0.5495,0.4975,0.5495,0.4975,0.5668,0.4332,0.5248,0.4752,0.5248,0.4752,0.5668,0.4332,0.0668,-0.0668,0.0289062499999999,-0.1836812499999999,Denver Broncos,New York Giants,0,0,0,0,0,0,0,0,0,0,0,0,0,2.5,0.5,0.015,0.003,82.0,19.0,13,1,2021-09-12,DEN @ NYG,19.0,82.0,0.0,nfl_read_py Fallback,False,B.Nix,R.Wilson,-0.28,-1.0,12.89,166.24,Med-Low,-10.0,9.0,36.21,36.0,12.079704584656469,21.0,52.0,0.507,0.4908,0.103,0.0872,0.5438,0.4064,0.3216,0.6784,0.4726,0.5268,112,-111,0.4444444444444444,0.5815899581589958,-0.64,0.64,36.105,0.4296666666666667,-0.4296666666666667,New York Giants,2.2435,New York Giants,1.8275,New York Giants,3.64,New York Giants,2.570333333333333,New York Giants,0.0307555555555555,New York Giants,0.0307555555555555,New York Giants,0.0625555555555555,New York Giants,0.0281555555555556,Under,5.394999999999996,100.0,125.0,281.5,351.88,110.0,100.0,104.95,95.41,110.0,100.0,811.6,737.82,New York Giants,,,,,,,,,,,,,,,1,4073.0,1.0,1.0,0.000890824037583,0.0104573807537531,1.5717909553588811,24.141662413928707,2.0565353497170213,18.45124939610784,0.0003859049730809,0.000504919064502,0.0059272434112272,0.0045301373425258,0.0050350564070279,42.59291181003654,3.628326305075903,,,2690.0,1383.0,False,False,0.6099216069423424,0.7980230074213289,0.9505994875083932,1.0498203094368788,0.7241366082232059,0.7997198905630019,0.8239729256935351,0.7976447967068778,0.7617461082376086,0.8491067495124254,13.0,27.0,0.0,1.0,0.798,0.6099,Loss,-110.0,Loss,-110.0,Loss,-110.0,Loss,-104.95,Loss,-110.0,Loss,-110.0,Loss,-110.0,Loss,-100.0,Loss,-281.5,Loss,-110.0,Win,100.0,Win,737.82,Final,1,2021,0.0004912797838368,0.0083517563252272,0.739451043803593,0.8242547817937638,,,,,,,,,,,,,,
2021_01_CHI_LA,2021,1,2021-09-12,20:20,Chicago Bears,Los Angeles Rams,Home,Andy Dalton,Matthew Stafford,00-0027973,00-0026498,0,0,0,0,0,0,SoFi Stadium,33.9535,-118.3395,America/Los_Angeles,False,False,1,0,0,NFC North,Soldier Field,41.8623,-87.6167,America/Chicago,NFC West,SoFi Stadium,33.9535,-118.3395,America/Los_Angeles,Preseason,Preseason,Preseason,Preseason,Cincinnati Bengals,Indianapolis Colts,Soldier Field,Lucas Oil Stadium,1750,0,-1750,1750,2.0,0.0,,,,,2.0,0.0,2.0,0,-1.575,1.29,-1.575,1.29,Los Angeles Rams,2.865,Los Angeles Rams,2.865,-1.575,1.29,Los Angeles Rams,2.865,-0.15,0,No,No,No,No,No,0,No,0.0,0.0,-2.143,3.572,-1.7635,0.5780000000000001,-1.7635,0.5780000000000001,-0.1885,-0.712,-2.3315,2.8600000000000003,Los Angeles Rams,2.3415,Los Angeles Rams,2.3415,-1.7635,0.5780000000000001,Los Angeles Rams,2.3415,Tie,0.0,Los Angeles Rams,5.715,-1.0715,1.786,Los Angeles Rams,2.8575,Chicago Bears,0.5235,Los Angeles Rams,5.1915,-1.2599999999999998,1.0740000000000005,Los Angeles Rams,2.334,Different,Same,Different,Same,Different,Same,False,Away Team,Home Team,46.0,-387.0,324.0,Los Angeles Rams,Chicago Bears,9.5,-9.5,-104,-116,-234,188,0.5235,-0.5235,-5.1915,5.1915,0.2358,0.7947,0.537,0.5098,0.3472,0.7006,0.2289,0.7711,0.513,0.487,0.3314,0.6686,0.2289,0.7711,-0.2711,0.2711,-0.1249624999999999,0.1734875,Los Angeles Rams,Chicago Bears,1,0,0,0,0,0,0,0,1,0,0,0,0,1.0,4.0,0.0,0.218,,,14,1,2021-09-12,CHI @ LA,0.0,70.0,0.0,Dome,True,C.Williams,M.Stafford,-15.51,-16.0,12.45,155.05,Low,-24.0,-7.0,45.88,46.0,12.719495159455908,30.0,62.0,0.8926,0.1058,0.0482,0.0452,0.6986,0.3014,0.4748,0.4986,0.7048,0.2948,-239,239,0.7946611909650924,0.2358490566037736,-15.755,15.755,45.94,-6.807666666666666,6.807666666666666,Chicago Bears,4.3085,Chicago Bears,10.0235,Los Angeles Rams,6.254999999999999,Chicago Bears,2.692333333333334,Chicago Bears,0.0955509433962263,Chicago Bears,0.2771509433962264,Los Angeles Rams,0.0979388090349075,Chicago Bears,0.0589509433962264,Under,0.0600000000000022,387.0,100.0,1192.4,308.11,110.0,100.0,917.65,834.23,110.0,100.0,0.0,0.0,Los Angeles Rams,,,,,,,,,,,,,,,1,4073.0,1.0,1.0,0.2117124458796565,0.0001213657034363,664.9232251635124,0.1131504225610368,197.38156690432885,0.3811720875352359,0.1632514670178032,0.0484609788618533,2.77806095165816e-05,9.358509391977311e-05,0.0485545639557731,0.4943225100962728,862.3047920678412,,,2690.0,1383.0,False,False,1.085666092135827,0.3222785222278443,0.9742044411123476,1.0262153558329246,1.0188504550884585,0.5050060436977492,1.4506474033018726,0.1719454349869349,1.1360107005625613,0.4751645211774164,34.0,14.0,1.0,0.0,0.3223,1.0857,Loss,-110.0,Loss,-110.0,Win,100.0,Win,834.23,Loss,-110.0,Loss,-110.0,Loss,-110.0,Win,100.0,Win,308.11,Loss,-110.0,Loss,-110.0,Loss,-0.0,Final,1,2021,0.3163841807909605,0.0002456398919184,1.1027615227946936,0.4612572317251358,,,,,,,,,,,,,,
2021_01_BAL_LV,2021,1,2021-09-13,20:15,Baltimore Ravens,Las Vegas Raiders,Home,Lamar Jackson,Derek Carr,00-0034796,00-0031280,0,0,0,0,0,0,Allegiant Stadium,36.108,-115.1578,America/Los_Angeles,False,False,1,0,0,AFC North,M&T Bank Stadium,39.2789,-76.6228,America/New_York,AFC West,Allegiant Stadium,36.108,-115.1578,America/Los_Angeles,Preseason,Preseason,Preseason,Preseason,Kansas City Chiefs,Pittsburgh Steelers,M&T Bank Stadium,Acrisure Stadium,2101,0,-2101,2101,3.0,0.0,,,,,3.0,0.0,3.0,0,6.69,-2.35,6.69,-2.35,Baltimore Ravens,9.04,Baltimore Ravens,9.04,6.69,-2.35,Baltimore Ravens,9.04,-0.2249999999999999,0,No,No,No,No,No,0,No,0.0,0.0,7.26,-2.389,6.5185,-2.3215,6.5185,-2.3215,-0.1715,0.0285,7.0885,-2.3605,Baltimore Ravens,8.84,Baltimore Ravens,8.84,6.5185,-2.3215,Baltimore Ravens,8.84,Tie,0.0,Baltimore Ravens,9.649,3.63,-1.1945,Baltimore Ravens,4.8245,Las Vegas Raiders,0.2,Baltimore Ravens,9.449,3.4585,-1.1659999999999997,Baltimore Ravens,4.624499999999999,Different,Same,Different,Same,Different,Same,False,Home Team,Away Team,50.5,149.0,-167.0,Baltimore Ravens,Las Vegas Raiders,-3.0,3.0,-110,-110,327,-436,-0.2,0.2,9.449,-9.449,0.6255,0.4016,0.5238,0.5238,0.8134,0.2342,0.609,0.391,0.5,0.5,0.7765,0.2235,0.609,0.391,0.109,-0.109,0.0533375,-0.0767375,Baltimore Ravens,Las Vegas Raiders,0,0,0,1,0,0,0,0,0,1,0,0,0,3.0,1.5,0.018,0.002,,,15,1,2021-09-13,BAL @ LV,0.0,70.0,0.0,Dome,True,L.Jackson,G.Smith,8.22,9.0,13.29,176.55,Medium,-1.0,17.0,52.12,51.0,13.48371139911482,36.0,70.0,0.2636,0.7362,0.0746,0.0744,0.2988,0.6588,0.5202,0.4798,0.3445,0.6554,190,-190,0.4016064257028112,0.6254681647940075,8.61,-8.61,51.56,5.953,-5.953,Baltimore Ravens,6.449,Las Vegas Raiders,3.2,Baltimore Ravens,5.609999999999999,Baltimore Ravens,2.9530000000000003,Baltimore Ravens,0.1510318352059925,Las Vegas Raiders,0.0983935742971887,Baltimore Ravens,0.1107318352059925,Baltimore Ravens,0.0299318352059925,Over,1.0600000000000025,167.0,100.0,739.13,442.6,110.0,100.0,708.7,644.27,110.0,100.0,0.0,0.0,Baltimore Ravens,,,,,,,,,,,,,,,1,4073.0,1.0,1.0,0.0005151905672458,0.0083843160223938,0.8204631315333749,20.79693536795887,1.2779080488588883,13.352383791251098,0.0002014395117931,0.0003137510554527,0.0051060484576378,0.0032782675647559,0.0035920186202086,34.149319159209966,2.098371180392263,,,2690.0,1383.0,False,False,0.5505063442161956,0.8574382701474759,1.000209898472636,1.000209898472636,0.3405819274787174,1.18327457130749,0.4284009136347452,1.1964671950603163,0.5552719726784937,1.0563867950464,33.0,27.0,1.0,0.0,0.8574,0.5505,Loss,-110.0,Win,100.0,Loss,-110.0,Loss,-708.7,Loss,-110.0,Loss,-110.0,Win,163.9,Loss,-167.0,Loss,-739.13,Loss,-110.0,Win,100.0,Win,0.0,Final,1,2021,0.0007369196757553,0.0046671579464505,0.5390200689596651,1.0254680789438737,,,,,,,,,,,,,,
2021_02_NYG_WAS,2021,2,2021-09-16,20:20,New York Giants,Washington Commanders,Home,Daniel Jones,Taylor Heinicke,00-0035710,00-0031800,4,4,0,0,0,0,FedExField,38.9077,-76.8645,America/New_York,False,False,2,0,0,NFC East,MetLife Stadium,40.8136,-74.0744,America/New_York,NFC East,FedExField,38.9077,-76.8645,America/New_York,Denver Broncos,Los Angeles Chargers,MetLife Stadium,FedExField,Atlanta Falcons,Buffalo Bills,MetLife Stadium,Highmark Stadium,198,0,-198,198,0.0,0.0,America/New_York,America/New_York,0.0,0.0,0.0,0.0,0.0,0,-2.84,1.45,-2.84,1.45,Washington Commanders,4.29,Washington Commanders,4.29,-2.84,1.45,Washington Commanders,4.29,0.0,0,No,No,No,No,No,1,No,0.0,0.0,-5.259,-4.289,-1.7710499999999998,0.8700499999999999,-1.7710499999999998,0.8700499999999999,1.02605,-0.53705,-4.22325,-4.83575,Washington Commanders,2.6411,Washington Commanders,2.6411,-1.7710499999999998,0.8700499999999999,Washington Commanders,2.6411,Tie,0.0,Washington Commanders,0.9700000000000006,-2.6295,-2.1445,Washington Commanders,0.4850000000000003,New York Giants,1.5631000000000002,New York Giants,0.6124999999999998,-1.5986,-2.6864,New York Giants,1.0878,Different,Different,Different,Different,Different,Different,True,Away Team,Away Team,48.5,-198.0,176.0,Washington Commanders,New York Giants,4.0,-4.0,105,-128,-104,-116,1.5631000000000002,-1.5631000000000002,0.6124999999999998,-0.6124999999999998,0.4673,0.5745,0.5614,0.4878,0.537,0.5098,0.3529,0.6471,0.5351,0.4649,0.513,0.487,0.4486,0.5514,-0.0514,0.0514,-0.1924999999999999,-0.13276,Washington Commanders,New York Giants,0,0,0,0,0,0,0,0,0,0,0,0,1,0.5,1.0,0.002,0.016,71.0,0.0,0,2,2021-09-16,NYG @ WAS,0.0,71.0,0.0,nfl_read_py Fallback,False,R.Wilson,J.Daniels,4.13,5.0,13.03,169.73,Med-Low,-5.0,13.0,44.95,44.0,12.895190622407938,29.0,62.0,0.373,0.6258,0.0922,0.085,0.3422,0.6578,0.3732,0.6268,0.4691,0.5306,113,-113,0.574468085106383,0.4672897196261682,4.565,-4.565,44.475,2.2468666666666666,-2.2468666666666666,New York Giants,3.1125,New York Giants,4.0631,New York Giants,7.065,New York Giants,4.746866666666667,New York Giants,0.0457102803738317,New York Giants,0.0678102803738318,New York Giants,0.1585102803738318,New York Giants,0.0633102803738317,Under,4.024999999999999,100.0,114.0,743.89,848.03,110.0,100.0,703.45,639.5,110.0,100.0,540.7,491.55,New York Giants,,,,,,,,,,,,,,,2,3398.0,1.0,1.0,0.0505144313486646,0.0025867696741502,94.64672800033132,3.943123728049317,77.00130972243132,4.846719624713316,0.0278536574456537,0.0226607739030109,0.0011604248758238,0.0014263447983264,0.0240871187013374,8.789843352762633,171.64803772276264,,,2866.0,532.0,False,False,0.6994388644382681,0.5690393082825663,0.9485789240197656,1.0918145455860973,0.6674625351351794,0.7030970852655997,0.5080287297077767,0.8523441797617336,0.6842406417950658,0.7739460339724192,30.0,29.0,1.0,0.0,0.4451,0.8161,Loss,-110.0,Loss,-110.0,Loss,-110.0,Loss,-703.45,Loss,-110.0,Loss,-110.0,Loss,-110.0,Loss,-100.0,Loss,-743.89,Loss,-110.0,Loss,-110.0,Loss,-540.7,Final,2,2021,0.0,0.0,0.0,0.0,0.4486,0.5514,0.5385,0.4612,0.635,0.3638,Washington Commanders,New York Giants,New York Giants,New York Giants,New York Giants,Same,Same,Same
2021_02_NO_CAR,2021,2,2021-09-19,13:00,New Orleans Saints,Carolina Panthers,Home,Jameis Winston,Sam Darnold,00-0031503,00-0034869,7,7,0,0,0,0,Bank of America Stadium,35.2258,-80.8528,America/New_York,False,False,2,0,0,NFC South,Caesars Superdome,29.9507,-90.0813,America/Chicago,NFC South,Bank of America Stadium,35.2258,-80.8528,America/New_York,Green Bay Packers,New York Jets,Caesars Superdome,Bank of America Stadium,New England Patriots,Houston Texans,Gillette Stadium,NRG Stadium,648,0,-648,648,-1.0,0.0,America/Chicago,America/New_York,-1.0,0.0,-1.0,0.0,-1.0,0,-6.145,-5.25,-6.145,-5.25,Carolina Panthers,0.8949999999999996,Carolina Panthers,0.8949999999999996,-6.145,-5.25,Carolina Panthers,0.8949999999999996,0.0,0,No,No,No,No,No,1,No,0.0,0.0,8.578,0.151,-5.257124999999999,-6.837375000000001,-5.257124999999999,-6.837375000000001,0.8789250000000001,-1.578425,9.372655,-1.343155,New Orleans Saints,1.5802500000000013,New Orleans Saints,1.5802500000000013,-5.257124999999999,-6.837375000000001,New Orleans Saints,1.5802500000000013,Tie,0.0,New Orleans Saints,8.427,4.289,0.0755,New Orleans Saints,4.2135,New Orleans Saints,2.45735,New Orleans Saints,10.71581,5.12579,-1.4607899999999998,New Orleans Saints,6.58658,Different,Different,Same,Same,Different,Same,False,Away Team,Away Team,45.0,131.0,-145.0,New Orleans Saints,Carolina Panthers,-3.0,3.0,117,-142,389,-538,2.45735,-2.45735,10.71581,-10.71581,0.5918,0.4329,0.5868,0.4608,0.8433,0.2045,0.5775,0.4225,0.5601,0.4399,0.8048,0.1952,0.5775,0.4225,0.0775,-0.0775,-0.0090999999999999,-0.075,New Orleans Saints,Carolina Panthers,0,0,1,0,0,0,0,0,1,0,0,0,1,2.5,1.5,0.01,0.0,83.0,4.0,1,2,2021-09-19,NO @ CAR,4.0,83.0,0.0,nfl_read_py Fallback,False,S.Rattler,B.Young,7.96,9.0,13.25,175.55,Medium,-2.0,17.0,40.42,40.0,12.334945197065244,25.0,57.0,0.2692,0.73,0.0768,0.0768,0.3,0.6558,0.328,0.6546,0.3317,0.6681,201,-201,0.4329004329004329,0.5918367346938775,8.48,-8.48,40.21,7.21772,-7.21772,New Orleans Saints,7.715809999999999,Carolina Panthers,0.5426500000000001,New Orleans Saints,5.48,New Orleans Saints,4.21772,New Orleans Saints,0.2129632653061224,Carolina Panthers,0.0069995670995671,New Orleans Saints,0.1381632653061224,New Orleans Saints,0.0762632653061224,Under,4.789999999999999,145.0,100.0,846.25,583.62,110.0,100.0,692.95,629.95,110.0,100.0,686.65,624.23,New Orleans Saints,,,,,,,,,,,,,,,2,3398.0,0.8298999411418482,0.9994114184814596,0.000187280443862,0.0019497032712582,0.2688701056327578,3.825990465837279,0.3675088426104559,2.7991012498982686,7.912598753171214e-05,0.0001081544563303,0.0011259536391516,0.0008237496321066,0.0009319040884369,6.625091715735548,0.6363789482432138,,,2866.0,532.0,False,False,0.5359320279745525,0.7325461447462819,0.897569087279619,1.1428243823262438,0.2675332379022321,1.103026382498547,0.36665237007328,0.9942653423235308,0.4838256680524905,0.9745068701412992,26.0,7.0,1.0,0.0,0.7283,0.5328,Loss,-110.0,Win,100.0,Loss,-110.0,Loss,-692.95,Loss,-110.0,Loss,-110.0,Win,144.1,Loss,-145.0,Loss,-846.25,Loss,-110.0,Win,100.0,Win,624.23,Final,2,2021,0.0,0.0002942907592701,0.0,0.9799788861567064,0.5775,0.4225,0.663,0.337,0.7236,0.2762,New Orleans Saints,New Orleans Saints,New Orleans Saints,New Orleans Saints,New Orleans Saints,Same,Same,Same
2021_02_CIN_CHI,2021,2,2021-09-19,13:00,Cincinnati Bengals,Chicago Bears,Home,Joe Burrow,Andy Dalton,00-0036442,00-0027973,7,7,0,0,0,0,Soldier Field,41.8623,-87.6167,America/Chicago,False,False,2,0,0,AFC North,Paycor Stadium,39.0955,-84.5165,America/New_York,NFC North,Soldier Field,41.8623,-87.6167,America/Chicago,Minnesota Vikings,Los Angeles Rams,Paycor Stadium,SoFi Stadium,Pittsburgh Steelers,Cleveland Browns,Acrisure Stadium,FirstEnergy Stadium,251,0,-251,251,1.0,0.0,America/New_York,America/Los_Angeles,1.0,-2.0,1.0,0.0,1.0,0,1.31,-1.575,1.31,-1.575,Cincinnati Bengals,2.885,Cincinnati Bengals,2.885,1.31,-1.575,Cincinnati Bengals,2.885,0.0,0,No,No,No,No,No,0,No,0.0,0.0,-5.572,-2.308,-0.2035,-1.3864999999999998,-0.2035,-1.3864999999999998,-1.5135,0.1885,-7.0855,-2.1195,Cincinnati Bengals,1.1829999999999998,Cincinnati Bengals,1.1829999999999998,-0.2035,-1.3864999999999998,Cincinnati Bengals,1.1829999999999998,Tie,0.0,Chicago Bears,3.264,-2.786,-1.154,Chicago Bears,1.632,Chicago Bears,1.702,Chicago Bears,4.965999999999999,-4.2995,-0.9655,Chicago Bears,3.334,Different,Different,Different,Different,Different,Same,False,Home Team,Home Team,44.5,-126.0,114.0,Chicago Bears,Cincinnati Bengals,2.0,-2.0,-128,105,-234,188,-1.702,1.702,-4.965999999999999,4.965999999999999,0.4673,0.5575,0.4878,0.5614,0.3472,0.7006,0.456,0.544,0.4649,0.5351,0.3314,0.6686,0.456,0.544,-0.044,0.044,0.02222,-0.1362266666666666,Chicago Bears,Cincinnati Bengals,0,1,0,0,0,0,0,0,0,1,0,0,0,2.5,1.0,0.004,0.004,80.0,0.0,2,2,2021-09-19,CIN @ CHI,0.0,80.0,0.0,nfl_read_py Fallback,False,J.Browning,C.Williams,3.15,4.0,13.22,174.72,Medium,-7.0,13.0,43.07,43.0,12.746243852463724,27.0,60.0,0.395,0.6034,0.0918,0.0916,0.365,0.6238,0.4282,0.5718,0.5357,0.4639,-115,116,0.5575221238938053,0.4672897196261682,3.575,-3.575,43.035,-1.0309999999999997,1.0309999999999997,Chicago Bears,2.966,Cincinnati Bengals,0.298,Cincinnati Bengals,5.575,Cincinnati Bengals,0.9690000000000004,Chicago Bears,0.1110778761061946,No Bet,0.0,Cincinnati Bengals,0.1361102803738318,No Bet,0.0,Under,1.4650000000000034,100.0,114.0,638.76,728.19,110.0,100.0,524.95,477.23,110.0,100.0,251.95,229.05,Cincinnati Bengals,,,,,,,,,,,,,,,2,3398.0,1.0,0.9985285462036492,0.0005025971595542,0.0003227247123204,0.9290568806020338,0.500058069043927,0.7787682675634695,0.5965605034208253,0.0002734128547975,0.0002291843047567,0.0001471624688181,0.0001755622435023,0.000404746548259,1.096618572464752,1.7078251481655031,,,2866.0,532.0,False,False,0.6900521259601339,0.5784260467607005,1.0918145455860973,0.9485789240197656,0.9163561621999609,0.4542034582008181,0.5379928907093078,0.821835215832902,0.7813850177139559,0.6766557956272244,20.0,17.0,1.0,0.0,0.5751,0.6861,Win,100.0,Loss,-110.0,Loss,-110.0,Loss,-524.95,Loss,-110.0,Win,87.3,No Bet,0.0,Loss,-100.0,Loss,-638.76,No Bet,0.0,Win,100.0,Win,229.05,Final,2,2021,0.0011771630370806,0.0,0.7857726228321321,0.0,0.456,0.544,0.496,0.5039,0.7106,0.2888,Chicago Bears,Cincinnati Bengals,Chicago Bears,Cincinnati Bengals,Chicago Bears,Same,Same,Same
2021_02_HOU_CLE,2021,2,2021-09-19,13:00,Houston Texans,Cleveland Browns,Home,Tyrod Taylor,Baker Mayfield,00-0028118,00-0034855,7,7,0,0,0,0,FirstEnergy Stadium,41.5061,-81.6994,America/New_York,False,False,2,0,0,AFC South,NRG Stadium,29.6847,-95.4093,America/Chicago,AFC North,FirstEnergy Stadium,41.5061,-81.6994,America/New_York,Jacksonville Jaguars,Kansas City Chiefs,NRG Stadium,GEHA Field at Arrowhead Stadium,Carolina Panthers,Chicago Bears,NRG Stadium,FirstEnergy Stadium,1119,0,-1119,1119,-1.0,0.0,America/Chicago,America/Chicago,-1.0,-1.0,-1.0,0.0,-1.0,0,0.035,-4.705,0.035,-4.705,Houston Texans,4.74,Houston Texans,4.74,0.035,-4.705,Houston Texans,4.74,0.0,0,No,No,No,No,No,0,No,0.0,0.0,-4.548,1.948,0.2035,-4.5615,0.2035,-4.5615,0.1684999999999999,0.1435,-4.3795,2.0915,Houston Texans,4.765,Houston Texans,4.765,0.2035,-4.5615,Houston Texans,4.765,Tie,0.0,Cleveland Browns,6.496,-2.274,0.974,Cleveland Browns,3.248,Houston Texans,0.0249999999999999,Cleveland Browns,6.471,-2.1055,1.1175,Cleveland Browns,3.223,Different,Different,Same,Different,Different,Same,False,Away Team,Home Team,48.5,-675.0,521.0,Cleveland Browns,Houston Texans,13.5,-13.5,-110,-110,-282,224,0.0249999999999999,-0.0249999999999999,-6.471,6.471,0.161,0.871,0.5238,0.5238,0.3086,0.7382,0.156,0.844,0.5,0.5,0.2948,0.7052,0.156,0.844,-0.344,0.344,-0.2250533333333333,0.0203666666666666,Cleveland Browns,Houston Texans,0,0,0,0,0,0,0,1,0,0,0,1,0,0.0,2.5,0.001,0.3329999999999999,75.0,12.0,3,2,2021-09-19,HOU @ CLE,12.0,75.0,0.0,nfl_read_py Fallback,False,C.Stroud,J.Flacco,-10.42,-11.0,14.49,210.01,High,-20.0,-1.0,52.13,52.0,13.793800202438954,35.0,70.0,0.7608,0.2384,0.0634,0.0696,0.4278,0.5722,0.5988,0.4012,0.7025,0.2973,-236,236,0.8709677419354839,0.1610305958132045,-10.71,10.71,52.065,-5.718666666666667,5.718666666666667,Houston Texans,7.029,Houston Texans,13.525,Houston Texans,2.789999999999999,Houston Texans,7.781333333333333,Houston Texans,0.1337694041867955,Houston Texans,0.3389694041867955,Houston Texans,0.0773694041867955,Houston Texans,0.1362694041867955,Over,3.5649999999999977,100.0,521.0,230.55,1201.16,110.0,100.0,254.05,230.95,110.0,100.0,393.7,357.91,Houston Texans,,,,,,,,,,,,,,,2,3398.0,1.0,0.9955856386109476,0.3689075371602541,0.0002474153179153,1057.9943527123387,0.1311518910430979,195.55345855820485,0.7095653592331708,0.3113579613632545,0.0575495757969996,3.859678959479044e-05,0.0002088185283205,0.0577583943253201,0.8407172502762686,1253.5478112705437,,,2866.0,532.0,False,False,1.070595577776384,0.1978825949444501,1.0201967348029313,1.0201967348029313,0.9665186443066296,0.4040409760941497,1.036215167725674,0.3247025446711366,1.0246835447900953,0.4336489934036944,31.0,21.0,1.0,0.0,0.1967,1.0644,Loss,-110.0,Loss,-110.0,Loss,-110.0,Loss,-254.05,Loss,-110.0,Loss,-110.0,Loss,-110.0,Loss,-100.0,Loss,-230.55,Loss,-110.0,Win,100.0,Win,357.91,Final,2,2021,0.3472630959387875,0.0008828722778104,1.0304373110688312,0.4360840036736847,0.156,0.844,0.2942,0.7056,0.2262,0.7732,Cleveland Browns,Cleveland Browns,Cleveland Browns,Cleveland Browns,Cleveland Browns,Same,Same,Same
2021_02_LA_IND,2021,2,2021-09-19,13:00,Los Angeles Rams,Indianapolis Colts,Home,Matthew Stafford,Carson Wentz,00-0026498,00-0032950,7,7,0,0,0,0,Lucas Oil Stadium,39.7601,-86.1638,America/Indiana/Indianapolis,False,False,2,0,0,NFC West,SoFi Stadium,33.9535,-118.3395,America/Los_Angeles,AFC South,Lucas Oil Stadium,39.7601,-86.1638,America/Indiana/Indianapolis,Chicago Bears,Seattle Seahawks,SoFi Stadium,Lucas Oil Stadium,Tampa Bay Buccaneers,Tennessee Titans,SoFi Stadium,Nissan Stadium,1812,0,-1812,1812,-3.0,0.0,America/Los_Angeles,America/Indiana/Indianapolis,-3.0,0.0,-3.0,0.0,-3.0,0,1.29,-2.265,1.29,-2.265,Los Angeles Rams,3.555,Los Angeles Rams,3.555,1.29,-2.265,Los Angeles Rams,3.555,-0.4499999999999999,0,No,No,No,No,No,0,No,0.0,0.0,3.776,-0.851,1.327,-2.9265,1.327,-2.9265,0.037,-0.6615,3.813,-1.5125,Los Angeles Rams,4.2535,Los Angeles Rams,4.2535,1.327,-2.9265,Los Angeles Rams,4.2535,Tie,0.0,Los Angeles Rams,4.627,1.888,-0.4255,Los Angeles Rams,2.3135,Los Angeles Rams,0.6985,Los Angeles Rams,5.3255,1.925,-1.087,Los Angeles Rams,3.012,Different,Same,Same,Same,Different,Same,False,Away Team,Away Team,48.0,182.0,-205.0,Los Angeles Rams,Indianapolis Colts,-4.0,4.0,-104,-116,195,-244,0.6985,-0.6985,5.3255,-5.3255,0.6721,0.3546,0.537,0.5098,0.7093,0.339,0.6546,0.3454,0.513,0.487,0.6766,0.3234,0.6546,0.3454,0.1546,-0.1546,0.1747466666666666,0.03806,Los Angeles Rams,Indianapolis Colts,0,0,0,0,0,0,0,1,0,0,0,1,0,4.5,3.0,0.019,0.0,,,4,2,2021-09-19,LA @ IND,0.0,70.0,0.0,Dome,True,M.Stafford,D.Jones,7.69,8.0,13.48,181.76,Med-High,-2.0,17.0,48.37,48.0,13.427688279167956,31.0,66.0,0.2774,0.722,0.0794,0.0816,0.3556,0.619,0.4782,0.4984,0.3583,0.6415,179,-179,0.3546099290780142,0.6721311475409836,7.845000000000001,-7.845000000000001,48.185,4.623,-4.623,Los Angeles Rams,1.3255,Indianapolis Colts,3.3015,Los Angeles Rams,3.8450000000000006,Los Angeles Rams,0.6230000000000002,Los Angeles Rams,0.0044688524590164,Indianapolis Colts,0.1323900709219858,Los Angeles Rams,0.0498688524590164,Indianapolis Colts,0.0036900709219858,Over,0.1850000000000022,205.0,100.0,380.25,185.49,110.0,100.0,499.75,454.32,110.0,100.0,0.0,0.0,Los Angeles Rams,,,,,,,,,,,,,,,2,3398.0,1.0,0.6209535020600353,4.878330480741573e-05,0.0060741714328889,0.0572554623266757,13.510966602654936,0.1085102074089228,7.129067926301581,1.6849753480481395e-05,3.1933551326934336e-05,0.003976152619969,0.0020980188129198,0.0021299523642467,20.64003452895652,0.1657656697355986,,,2866.0,532.0,False,False,0.4381323608577762,0.8303458118630581,0.9936716196980552,1.0467218499078077,0.4432389812376119,0.9273206391631672,0.3778208300829416,0.9833692837775192,0.5226250734495248,0.9357074647442648,24.0,27.0,0.0,1.0,0.8255,0.4356,Win,100.0,Loss,-110.0,Win,100.0,Win,454.32,Win,100.0,Win,53.66,Loss,-110.0,Win,100.0,Win,185.49,Loss,-110.0,Win,100.0,Win,0.0,Final,2,2021,0.0,0.0035314891112419,0.0,0.94096161573047,0.6546,0.3454,0.6362,0.3635,0.7172,0.2816,Los Angeles Rams,Los Angeles Rams,Los Angeles Rams,Los Angeles Rams,Los Angeles Rams,Same,Same,Same
2021_02_DEN_JAX,2021,2,2021-09-19,13:00,Denver Broncos,Jacksonville Jaguars,Home,Teddy Bridgewater,Trevor Lawrence,00-0031237,00-0036971,7,7,0,0,0,0,TIAA Bank Field,30.3239,-81.6554,America/New_York,False,True,2,0,0,AFC West,Empower Field at Mile High,39.7648,-105.0076,America/Denver,AFC South,TIAA Bank Field,30.3239,-81.6554,America/New_York,New York Giants,Houston Texans,MetLife Stadium,NRG Stadium,New York Jets,Arizona Cardinals,Empower Field at Mile High,TIAA Bank Field,1466,0,-1466,1466,-2.0,0.0,America/New_York,America/Chicago,0.0,-1.0,0.0,0.0,0.0,0,2.05,-1.825,2.05,-1.825,Denver Broncos,3.875,Denver Broncos,3.875,2.05,-1.825,Denver Broncos,3.875,0.0,0,No,No,No,No,No,0,No,0.0,0.0,-2.623,-12.056,2.6305,-2.682,2.6305,-2.682,0.5805,-0.857,-2.0425000000000004,-12.912999999999998,Denver Broncos,5.3125,Denver Broncos,5.3125,2.6305,-2.682,Denver Broncos,5.3125,Tie,0.0,Denver Broncos,9.433,-1.3115,-6.028,Denver Broncos,4.7165,Denver Broncos,1.4375,Denver Broncos,10.870499999999998,-0.7310000000000002,-6.884999999999999,Denver Broncos,6.153999999999999,Different,Same,Same,Same,Different,Same,False,Away Team,Away Team,45.0,211.0,-241.0,Denver Broncos,Jacksonville Jaguars,-6.0,6.0,105,-128,406,-567,1.4375,-1.4375,10.870499999999998,-10.870499999999998,0.7067,0.3215,0.5614,0.4878,0.8501,0.1976,0.6873,0.3127,0.5351,0.4649,0.8114,0.1886,0.6873,0.3127,0.1873,-0.1873,0.0183466666666666,-0.18486,Denver Broncos,Jacksonville Jaguars,0,0,0,0,0,0,0,0,0,0,0,0,0,2.5,0.5,0.069,0.0,80.0,7.0,5,2,2021-09-19,DEN @ JAX,7.0,80.0,0.0,nfl_read_py Fallback,False,B.Nix,T.Lawrence,9.2,10.0,12.9,166.36,Med-Low,1.0,18.0,45.53,45.0,12.933257578441635,29.0,63.0,0.2356,0.7638,0.0756,0.0732,0.3558,0.6144,0.4904,0.4876,0.3004,0.6994,233,-233,0.3215434083601286,0.7067448680351907,9.6,-9.6,45.265,7.302666666666666,-7.302666666666666,Denver Broncos,4.870499999999998,Jacksonville Jaguars,4.5625,Denver Broncos,3.6,Denver Broncos,1.3026666666666662,Denver Broncos,0.1046551319648093,Jacksonville Jaguars,0.1433565916398713,Denver Broncos,0.0570551319648093,No Bet,0.0,Over,0.2650000000000005,241.0,100.0,486.4,201.82,110.0,100.0,475.6,432.36,110.0,100.0,0.0,0.0,Denver Broncos,,,,,,,,,,,,,,,2,3398.0,1.0,0.9899941141848146,0.0002570360232663,0.0400474442117556,0.2731148088873478,93.52861936610132,0.6002935981716476,42.55259606544431,8.037516447538195e-05,0.0001766608587909,0.0275246084067396,0.0125228358050159,0.0126994966638069,136.08121543154562,0.8734084070589956,,,2866.0,532.0,False,False,0.3966531246098048,0.8718250481110295,0.9485789240197656,1.0918145455860973,0.2584875444075869,1.112072075993192,0.3208889241800327,1.0403011896804284,0.4381707286191382,1.0201618095746514,13.0,23.0,0.0,1.0,0.8668,0.3944,Win,100.0,Loss,-110.0,Win,100.0,Win,432.36,Win,100.0,Win,45.64,Loss,-110.0,Win,100.0,Win,201.83,No Bet,0.0,Loss,-110.0,Loss,-0.0,Final,2,2021,0.0,0.0488522660388463,0.0,1.0258901855680294,0.6873,0.3127,0.6838,0.316,0.786,0.213,Denver Broncos,Denver Broncos,Denver Broncos,Denver Broncos,Denver Broncos,Same,Same,Same
2021_02_BUF_MIA,2021,2,2021-09-19,13:00,Buffalo Bills,Miami Dolphins,Home,Josh Allen,Tua Tagovailoa,00-0034857,00-0036212,7,7,0,0,0,0,Hard Rock Stadium,25.9602,-80.2384,America/New_York,False,False,2,0,0,AFC East,Highmark Stadium,42.7725,-78.7877,America/New_York,AFC East,Hard Rock Stadium,25.9602,-80.2384,America/New_York,Pittsburgh Steelers,New England Patriots,Highmark Stadium,Gillette Stadium,Washington Commanders,Las Vegas Raiders,Highmark Stadium,Allegiant Stadium,1164,0,-1164,1164,0.0,0.0,America/New_York,America/New_York,0.0,0.0,0.0,0.0,0.0,0,4.795,0.66,4.795,0.66,Buffalo Bills,4.135,Buffalo Bills,4.135,4.795,0.66,Buffalo Bills,4.135,0.0,0,No,No,No,No,No,1,No,0.0,0.0,6.142,0.394,5.16367,1.8483300000000005,5.16367,1.8483300000000005,0.41002,1.14698,6.494540000000001,1.5984600000000002,Buffalo Bills,3.3153399999999995,Buffalo Bills,3.3153399999999995,5.16367,1.8483300000000005,Buffalo Bills,3.3153399999999995,Tie,0.0,Buffalo Bills,5.748,3.071,0.197,Buffalo Bills,2.874,Miami Dolphins,0.7369600000000001,Buffalo Bills,4.89608,3.4522800000000005,1.3727200000000002,Buffalo Bills,2.0795600000000003,Different,Same,Different,Same,Different,Same,False,Home Team,Away Team,48.0,160.0,-179.0,Buffalo Bills,Miami Dolphins,-3.5,3.5,-116,-104,188,-234,-0.7369600000000001,0.7369600000000001,4.89608,-4.89608,0.6416,0.3846,0.5098,0.537,0.7006,0.3472,0.6252,0.3748,0.487,0.513,0.6686,0.3314,0.6252,0.3748,0.1252,-0.1252,0.22738,-0.0321533333333333,Buffalo Bills,Miami Dolphins,1,0,0,0,0,0,0,0,1,0,0,0,1,5.0,2.0,0.0139999999999999,0.0,89.0,7.0,6,2,2021-09-19,BUF @ MIA,7.0,89.0,0.0,nfl_read_py Fallback,False,J.Allen,T.Tagovailoa,13.2,14.0,13.13,172.36,Medium,6.0,22.0,44.38,44.0,12.812140740331806,29.0,61.0,0.1596,0.8396,0.0496,0.0544,0.2098,0.7902,0.3572,0.6226,0.3447,0.6551,190,-190,0.3846153846153846,0.6415770609318996,13.6,-13.6,44.19,5.9197066666666665,-5.9197066666666665,Buffalo Bills,1.3960800000000004,Miami Dolphins,4.23696,Buffalo Bills,10.1,Buffalo Bills,2.4197066666666665,Buffalo Bills,0.0270229390681003,Miami Dolphins,0.1283846153846153,Buffalo Bills,0.1980229390681004,Buffalo Bills,0.0135229390681004,Under,3.8100000000000014,179.0,100.0,1381.21,771.63,110.0,100.0,1398.55,1271.41,110.0,100.0,518.65,471.5,Buffalo Bills,,,,,,,,,,,,,,,2,3398.0,0.99970570924073,1.0,9.2959479363628e-06,0.0117947001191022,0.0118390441316927,25.05701005614444,0.019748586956068,15.021380948565156,3.484121286548777e-06,5.811826649814022e-06,0.0073740465144627,0.0044206536046395,0.0044264654312893,40.0783910047096,0.0315876310877607,,,2866.0,532.0,False,False,0.4754256191357687,0.7930525535850655,1.0467218499078077,0.9936716196980552,0.4542034582008181,0.9163561621999609,0.2173763679929253,1.1435413444038856,0.5027877834720937,0.955544754721696,0.0,35.0,0.0,1.0,0.7885,0.4727,Win,100.0,Loss,-110.0,Win,100.0,Win,1271.41,Win,100.0,Win,61.45,Loss,-110.0,Win,100.0,Win,771.63,Win,61.45,Win,100.0,Win,471.5,Final,2,2021,0.0,0.0008828722778104,0.0,0.9609102953468917,0.6252,0.3748,0.6652,0.3345,0.8436,0.1554,Buffalo Bills,Buffalo Bills,Buffalo Bills,Buffalo Bills,Buffalo Bills,Same,Same,Same
2021_02_NE_NYJ,2021,2,2021-09-19,13:00,New England Patriots,New York Jets,Home,Mac Jones,Zach Wilson,00-0036972,00-0037013,7,7,0,0,0,0,MetLife Stadium,40.8136,-74.0744,America/New_York,False,False,2,0,0,AFC East,Gillette Stadium,42.0628,-71.2687,America/New_York,AFC East,MetLife Stadium,40.8136,-74.0744,America/New_York,Miami Dolphins,Carolina Panthers,Gillette Stadium,Bank of America Stadium,New Orleans Saints,Denver Broncos,Gillette Stadium,Empower Field at Mile High,169,0,-169,169,0.0,0.0,America/New_York,America/New_York,0.0,0.0,0.0,0.0,0.0,0,-1.995,-3.725,-1.995,-3.725,New England Patriots,1.73,New England Patriots,1.73,-1.995,-3.725,New England Patriots,1.73,0.0,0,No,No,No,No,No,1,No,0.0,0.0,-0.222,-9.39,-1.993975,-2.8245250000000004,-1.993975,-2.8245250000000004,0.018325,0.883175,-0.295355,-8.415145,New England Patriots,0.8305500000000003,New England Patriots,0.8305500000000003,-1.993975,-2.8245250000000004,New England Patriots,0.8305500000000003,Tie,0.0,New England Patriots,9.168,-0.111,-4.695,New England Patriots,4.5840000000000005,New York Jets,0.86485,New England Patriots,8.11979,-0.138515,-3.7659850000000006,New England Patriots,3.6274700000000006,Different,Same,Different,Same,Different,Same,False,Home Team,Away Team,43.0,207.0,-235.0,New England Patriots,New York Jets,-5.5,5.5,-122,101,282,-366,-0.86485,0.86485,8.11979,-8.11979,0.7015,0.3257,0.4975,0.5495,0.7854,0.2618,0.6829,0.3171,0.4752,0.5248,0.75,0.25,0.6829,0.3171,0.1829,-0.1829,0.0811399999999999,-0.2190866666666666,New England Patriots,New York Jets,0,0,0,0,0,0,0,0,0,0,0,0,1,3.5,0.0,0.069,0.0,72.0,13.0,7,2,2021-09-19,NE @ NYJ,13.0,72.0,0.0,nfl_read_py Fallback,False,D.Maye,T.Taylor,11.62,12.0,13.96,194.8,Med-High,3.0,21.0,45.97,45.0,12.788007883526104,30.0,63.0,0.199,0.8002,0.058,0.0636,0.2976,0.7024,0.5506,0.4002,0.3227,0.6771,210,-210,0.3257328990228013,0.7014925373134329,11.81,-11.81,45.485,6.35498,-6.35498,New England Patriots,2.61979,New York Jets,6.36485,New England Patriots,6.309999999999999,New England Patriots,0.8549800000000003,New England Patriots,0.0485074626865671,New York Jets,0.1990671009771987,New England Patriots,0.0987074626865671,No Bet,0.0,Over,2.4849999999999994,235.0,100.0,826.68,351.78,110.0,100.0,937.6,852.36,110.0,100.0,140.65,127.86,New England Patriots,,,,,,,,,,,,,,,2,3398.0,1.0,1.0,0.0002400599357377,0.0277067372248528,0.2586659731050146,64.29332303119519,0.5570576885317393,29.85417005885488,7.612300562242926e-05,0.0001639369301152,0.018920930850852,0.0087858063740008,0.0089497433041161,94.14749309005006,0.8157236616367538,,,2866.0,532.0,False,False,0.4022344285697765,0.8662437441510576,1.0707984928491567,0.969594976756706,0.3426399051001947,1.0279197153005843,0.2710394563320309,1.0898782560647795,0.4706980496850729,0.9876344885087168,6.0,25.0,0.0,1.0,0.8612,0.3999,Win,100.0,Loss,-110.0,Win,100.0,Win,852.36,Win,100.0,Win,46.81,Loss,-110.0,Win,100.0,Win,351.78,No Bet,0.0,Loss,-110.0,Loss,-140.65,Final,2,2021,0.0,0.0662154208357857,0.0,0.9931802182558088,0.6829,0.3171,0.6646,0.3352,0.8102,0.1888,New England Patriots,New England Patriots,New England Patriots,New England Patriots,New England Patriots,Same,Same,Same
2021_02_SF_PHI,2021,2,2021-09-19,13:00,San Francisco 49ers,Philadelphia Eagles,Home,Jimmy Garoppolo,Jalen Hurts,00-0031345,00-0036389,7,7,0,0,0,0,Lincoln Financial Field,39.9008,-75.1675,America/New_York,False,True,2,0,0,NFC West,Levi's Stadium,37.4031,-121.9702,America/Los_Angeles,NFC East,Lincoln Financial Field,39.9008,-75.1675,America/New_York,Detroit Lions,Atlanta Falcons,Ford Field,Mercedes-Benz Stadium,Green Bay Packers,Dallas Cowboys,Levi's Stadium,AT&T Stadium,2501,0,-2501,2501,-3.0,0.0,America/Detroit,America/New_York,0.0,0.0,-3.0,0.0,-3.0,0,3.325,4.905,3.325,4.905,Philadelphia Eagles,1.58,Philadelphia Eagles,1.58,3.325,4.905,Philadelphia Eagles,1.58,-0.4499999999999999,0,No,No,No,No,No,0,No,0.0,0.0,5.054,-1.976,4.3095,6.277,4.3095,6.277,0.9845,1.372,6.038500000000001,-0.6039999999999999,Philadelphia Eagles,1.9675,Philadelphia Eagles,1.9675,4.3095,6.277,Philadelphia Eagles,1.9675,Tie,0.0,San Francisco 49ers,7.03,2.527,-0.988,San Francisco 49ers,3.515,Philadelphia Eagles,0.3875,San Francisco 49ers,6.642500000000001,3.5115000000000003,0.3840000000000001,San Francisco 49ers,3.1275000000000004,Different,Different,Same,Different,Different,Same,False,Home Team,Away Team,49.0,130.0,-144.0,San Francisco 49ers,Philadelphia Eagles,-3.0,3.0,-116,-104,224,-282,-0.3875,0.3875,6.642500000000001,-6.642500000000001,0.5902,0.4348,0.5098,0.537,0.7382,0.3086,0.5758,0.4242,0.487,0.513,0.7052,0.2948,0.5758,0.4242,0.0758,-0.0758,0.0864733333333333,0.0145,San Francisco 49ers,Philadelphia Eagles,0,0,0,0,1,0,0,0,0,0,1,0,0,3.5,2.5,0.004,0.001,76.0,13.0,8,2,2021-09-19,SF @ PHI,13.0,76.0,0.0,nfl_read_py Fallback,False,M.Jones,J.Hurts,6.35,7.0,13.67,186.77,Med-High,-3.0,16.0,50.99,50.0,13.546219456819474,34.0,68.10000000000036,0.308,0.6916,0.0716,0.0826,0.3492,0.6096,0.5344,0.4432,0.385,0.6149,160,-160,0.4347826086956521,0.5901639344262295,6.675,-6.675,50.495000000000005,4.31,-4.31,San Francisco 49ers,3.642500000000001,Philadelphia Eagles,3.3875,San Francisco 49ers,3.675,San Francisco 49ers,1.3099999999999996,San Francisco 49ers,0.1150360655737705,Philadelphia Eagles,0.0782173913043478,San Francisco 49ers,0.1014360655737705,San Francisco 49ers,0.0247360655737705,Over,1.4950000000000043,144.0,100.0,618.76,429.69,110.0,100.0,450.4,409.45,110.0,100.0,55.6,50.55,San Francisco 49ers,,,,,,,,,,,,,,,2,3398.0,0.9994114184814596,0.7248381400824014,0.0002908841390779,0.00064563859815,0.4192895900057913,1.2632360789607096,0.5691347145811756,0.9306438775532008,0.0001233930517968,0.000167491087281,0.0003717587048148,0.0002738798933352,0.0004413709806163,2.19387995651391,0.988424304586967,,,2866.0,532.0,False,False,0.538088440868178,0.7303897318526564,1.0467218499078077,0.9936716196980552,0.4040409760941497,0.9665186443066296,0.4194982540214348,0.9419642613026764,0.5615703412728636,0.8969080593472307,11.0,17.0,0.0,1.0,0.7262,0.535,Win,100.0,Loss,-110.0,Win,100.0,Win,409.45,Win,100.0,Win,76.39,Loss,-110.0,Win,100.0,Win,429.69,Win,76.39,Loss,-110.0,Loss,-55.6,Final,2,2021,0.0002942907592701,0.0005885815185403,0.5647236509060498,0.901944345304234,0.5758,0.4242,0.6058,0.3941,0.62,0.3798,San Francisco 49ers,San Francisco 49ers,San Francisco 49ers,San Francisco 49ers,San Francisco 49ers,Same,Same,Same
2021_02_LV_PIT,2021,2,2021-09-19,13:00,Las Vegas Raiders,Pittsburgh Steelers,Home,Derek Carr,Ben Roethlisberger,00-0031280,00-0022924,6,7,-1,1,-1,1,Acrisure Stadium,40.4468,-80.0158,America/New_York,False,False,2,-1,1,AFC West,Allegiant Stadium,36.108,-115.1578,America/Los_Angeles,AFC North,Acrisure Stadium,40.4468,-80.0158,America/New_York,Baltimore Ravens,Buffalo Bills,Allegiant Stadium,Highmark Stadium,Miami Dolphins,Cincinnati Bengals,Allegiant Stadium,Acrisure Stadium,1915,0,-1915,1915,-3.0,0.0,America/Los_Angeles,America/New_York,-3.0,0.0,-3.0,0.0,-3.0,0,-2.35,-0.565,-2.35,-0.565,Pittsburgh Steelers,1.785,Pittsburgh Steelers,1.785,-2.35,-0.565,Pittsburgh Steelers,1.785,-0.4499999999999999,0,No,No,No,No,Yes,0,No,0.0,0.0,-1.118,3.093,-3.2285,0.7690000000000001,-3.2285,0.7690000000000001,-0.8785,1.334,-1.9965,4.427,Pittsburgh Steelers,3.9975,Pittsburgh Steelers,3.9975,-3.2285,0.7690000000000001,Pittsburgh Steelers,3.9975,Tie,0.0,Pittsburgh Steelers,4.211,-0.559,1.5465,Pittsburgh Steelers,2.1055,Pittsburgh Steelers,2.2125,Pittsburgh Steelers,6.4235,-1.4375,2.8805,Pittsburgh Steelers,4.318,Different,Same,Same,Same,Different,Same,False,Home Team,Home Team,46.5,-228.0,201.0,Pittsburgh Steelers,Las Vegas Raiders,5.5,-5.5,-131,108,-282,224,-2.2125,2.2125,-6.4235,6.4235,0.3322,0.6951,0.4808,0.5671,0.3086,0.7382,0.3234,0.6766,0.4588,0.5412,0.2948,0.7052,0.3234,0.6766,-0.1766,0.1766,-0.0700799999999999,-0.02948,Pittsburgh Steelers,Las Vegas Raiders,0,0,1,0,0,0,0,0,1,0,0,0,0,1.5,2.0,0.0,0.024,77.0,4.0,9,2,2021-09-19,LV @ PIT,4.0,77.0,0.0,nfl_read_py Fallback,False,G.Smith,A.Rodgers,-4.46,-6.0,13.26,175.82,Medium,-13.0,5.0,43.94,43.0,12.66168609068049,29.0,61.0,0.6358,0.3628,0.0918,0.0788,0.5002,0.4998,0.4002,0.5998,0.6397,0.36,-178,178,0.6951219512195121,0.3322259136212624,-5.23,5.23,43.47,-4.622,4.622,Pittsburgh Steelers,0.9234999999999998,Las Vegas Raiders,3.2875,Las Vegas Raiders,0.2699999999999996,Las Vegas Raiders,0.8780000000000001,Pittsburgh Steelers,0.0100780487804879,Las Vegas Raiders,0.1265740863787375,Las Vegas Raiders,0.0305740863787375,Las Vegas Raiders,0.0277740863787375,Under,3.030000000000001,100.0,201.0,114.46,230.07,110.0,100.0,0.0,0.0,110.0,100.0,398.95,362.68,Las Vegas Raiders,,,,,,,,,,,,,,,2,3398.0,1.0,0.9991171277221896,0.063559376005173,4.652749850434258e-06,146.12852238973005,0.0051129682269402,69.84623727584793,0.0106970757648353,0.0430042738051,0.0205551022000729,1.5046993016304393e-06,3.148050548803819e-06,0.0205582502506217,0.0158100439917756,215.97475966557795,,,2866.0,532.0,False,False,0.8582523316629165,0.4102258410579179,1.104260945750693,0.9361325238551698,0.9665186443066296,0.4040409760941497,0.8659642529442477,0.4941362550616122,0.9330819410707816,0.5251047346967036,17.0,26.0,0.0,1.0,0.4079,0.8533,Loss,-110.0,Win,100.0,Win,100.0,Win,0.0,Win,100.0,Loss,-110.0,Win,221.1,Win,201.0,Win,230.06,Win,221.1,Win,100.0,Win,362.68,Final,2,2021,0.07416127133608,0.0,0.9383213493106496,0.0,0.3234,0.6766,0.3626,0.637,0.3584,0.6402,Pittsburgh Steelers,Pittsburgh Steelers,Pittsburgh Steelers,Pittsburgh Steelers,Pittsburgh Steelers,Same,Same,Same
2021_02_MIN_ARI,2021,2,2021-09-19,16:05,Minnesota Vikings,Arizona Cardinals,Home,Kirk Cousins,Kyler Murray,00-0029604,00-0035228,7,7,0,0,0,0,State Farm Stadium,33.5277,-112.262608,America/Denver,False,True,2,0,0,NFC North,U.S. Bank Stadium,44.9738,-93.2575,America/Chicago,NFC West,State Farm Stadium,33.5277,-112.262608,America/Denver,Cincinnati Bengals,Tennessee Titans,Paycor Stadium,Nissan Stadium,Seattle Seahawks,Jacksonville Jaguars,U.S. Bank Stadium,TIAA Bank Field,1282,0,-1282,1282,1.0,0.0,America/New_York,America/Chicago,2.0,1.0,1.0,0.0,1.0,0,0.27,0.075,0.27,0.075,Minnesota Vikings,0.195,Minnesota Vikings,0.195,0.27,0.075,Minnesota Vikings,0.195,0.0,0,No,No,No,No,No,0,No,0.0,0.0,-2.975,2.67,1.755,-0.8425,1.755,-0.8425,1.485,-0.9175,-1.49,1.7525,Minnesota Vikings,2.5975,Minnesota Vikings,2.5975,1.755,-0.8425,Minnesota Vikings,2.5975,Tie,0.0,Arizona Cardinals,5.645,-1.4875,1.335,Arizona Cardinals,2.8225,Minnesota Vikings,2.4025,Arizona Cardinals,3.2425,-0.0025,0.4175,Arizona Cardinals,0.42,Different,Different,Same,Different,Different,Same,False,Away Team,Home Team,51.0,-191.0,170.0,Arizona Cardinals,Minnesota Vikings,4.0,-4.0,117,-142,-164,135,2.4025,-2.4025,-3.2425,3.2425,0.3704,0.6564,0.5868,0.4608,0.4255,0.6212,0.3607,0.6393,0.5601,0.4399,0.4065,0.5935,0.3607,0.6393,-0.1393,0.1393,-0.0087933333333333,0.0682133333333333,Arizona Cardinals,Minnesota Vikings,0,0,0,0,0,1,0,0,0,0,0,1,0,2.5,3.0,0.0,0.027,,,10,2,2021-09-19,MIN @ ARI,0.0,70.0,0.0,Dome,True,J.McCarthy,K.Murray,-1.28,-2.0,13.91,193.56,Med-High,-10.0,9.0,57.97,57.0,14.577966465225948,40.0,77.0,0.5418,0.4578,0.0886,0.0824,0.4328,0.5472,0.6582,0.3184,0.5536,0.4463,-124,124,0.6563573883161512,0.3703703703703703,-1.64,1.64,57.485,-0.8266666666666667,0.8266666666666667,Minnesota Vikings,0.7575000000000003,Minnesota Vikings,6.4025,Minnesota Vikings,2.36,Minnesota Vikings,3.1733333333333333,Minnesota Vikings,0.0361296296296296,Minnesota Vikings,0.1897296296296297,Minnesota Vikings,0.0874296296296296,Minnesota Vikings,0.0759296296296296,Over,6.484999999999999,100.0,170.0,347.15,590.15,110.0,100.0,122.8,111.64,110.0,100.0,705.55,641.41,Minnesota Vikings,,,,,,,,,,,,,,,2,3398.0,0.99970570924073,1.0,0.0114352156157916,5.328173109196423e-06,24.841192300110585,0.0065305211935753,14.015670362349272,0.0115746110314741,0.0073105333431755,0.004124682272616,1.92187204048715e-06,3.4063010687092727e-06,0.0041280885736847,0.0181051322250494,38.85686266245986,,,2866.0,532.0,False,False,0.8109380958204294,0.457540076900405,0.897569087279619,1.1428243823262438,0.8134271347078624,0.5571324856929166,0.7379355650286149,0.6235269502954963,0.8074943920224864,0.6509840085976079,34.0,33.0,1.0,0.0,0.4549,0.8062,Loss,-110.0,Loss,-110.0,Loss,-110.0,Loss,-122.8,Loss,-110.0,Loss,-110.0,Loss,-110.0,Loss,-100.0,Loss,-347.15,Loss,-110.0,Win,100.0,Win,641.41,Final,2,2021,0.0064743967039434,0.0,0.8120286055625693,0.0,0.3607,0.6393,0.4723,0.5276,0.4814,0.5182,Arizona Cardinals,Arizona Cardinals,Arizona Cardinals,Arizona Cardinals,Arizona Cardinals,Same,Same,Same
2021_02_ATL_TB,2021,2,2021-09-19,16:05,Atlanta Falcons,Tampa Bay Buccaneers,Home,Matt Ryan,Tom Brady,00-0026143,00-0019596,7,10,-3,3,-3,3,Raymond James Stadium,27.9759,-82.5033,America/New_York,False,False,2,-3,3,NFC South,Mercedes-Benz Stadium,33.7489,-84.388,America/New_York,NFC South,Raymond James Stadium,27.9759,-82.5033,America/New_York,Philadelphia Eagles,Dallas Cowboys,Mercedes-Benz Stadium,Raymond James Stadium,New York Giants,Los Angeles Rams,MetLife Stadium,SoFi Stadium,414,0,-414,414,0.0,0.0,America/New_York,America/New_York,0.0,0.0,0.0,0.0,0.0,0,-0.71,1.025,-0.71,1.025,Tampa Bay Buccaneers,1.735,Tampa Bay Buccaneers,1.735,-0.71,1.025,Tampa Bay Buccaneers,1.735,0.0,0,No,No,No,No,No,1,No,0.0,0.0,-5.546,4.917,-0.391755,-0.4657450000000001,-0.391755,-0.4657450000000001,0.3008949999999999,-1.473395,-5.140475,3.338975,Atlanta Falcons,0.0739900000000001,Atlanta Falcons,0.0739900000000001,-0.391755,-0.4657450000000001,Atlanta Falcons,0.0739900000000001,Tie,0.0,Tampa Bay Buccaneers,10.463,-2.773,2.4585,Tampa Bay Buccaneers,5.2315000000000005,Atlanta Falcons,1.77429,Tampa Bay Buccaneers,8.47945,-2.4197900000000003,0.9327899999999998,Tampa Bay Buccaneers,3.35258,Different,Different,Same,Different,Different,Same,False,Away Team,Home Team,52.0,-772.0,582.0,Tampa Bay Buccaneers,Atlanta Falcons,13.5,-13.5,108,-131,-397,302,1.77429,-1.77429,-8.47945,8.47945,0.1466,0.8853,0.5671,0.4808,0.2488,0.7988,0.1421,0.8579,0.5412,0.4588,0.2375,0.7625,0.1421,0.8579,-0.3579,0.3579,-0.09202,0.24076,Tampa Bay Buccaneers,Atlanta Falcons,0,0,0,0,0,0,0,0,0,0,0,0,1,1.5,5.0,0.0,0.1969999999999999,85.0,0.0,11,2,2021-09-19,ATL @ TB,0.0,85.0,0.0,nfl_read_py Fallback,False,M.Penix,B.Mayfield,-11.75,-12.0,13.59,184.55,Med-High,-21.0,-3.0,51.57,51.0,13.650530810128949,35.0,70.0,0.8054,0.194,0.0684,0.065,0.4596,0.5404,0.4602,0.5216,0.7212,0.2787,-259,259,0.8853211009174312,0.1466275659824047,-11.875,11.875,51.285,-6.193386666666666,6.193386666666666,Atlanta Falcons,5.02055,Atlanta Falcons,15.27429,Atlanta Falcons,1.625,Atlanta Falcons,7.306613333333334,Atlanta Falcons,0.0908724340175952,Atlanta Falcons,0.3945724340175953,Atlanta Falcons,0.0473724340175953,Atlanta Falcons,0.1320724340175953,Under,0.7150000000000034,100.0,582.0,138.78,807.7,110.0,100.0,87.1,79.18,110.0,100.0,0.0,0.0,Atlanta Falcons,,,,,,,,,,,,,,,2,3398.0,0.8613890523837552,1.0,0.1713346225471455,4.652749850434258e-06,499.4651311775007,0.0022466072512313,82.72991623770001,0.0135634367405442,0.1469879726831962,0.0243466498639493,6.611557537467082e-07,3.99159409668755e-06,0.024350641458046,0.0158100439917756,582.1950474152006,,,2866.0,532.0,False,False,1.088227424377204,0.1802507483436305,0.9361325238551698,1.104260945750693,1.045051710555594,0.325507909845185,1.0969606941196872,0.2642294197407739,1.0519598185090628,0.4065185821110314,48.0,25.0,1.0,0.0,0.1792,1.0819,Loss,-110.0,Loss,-110.0,Loss,-110.0,Loss,-87.1,Loss,-110.0,Loss,-110.0,Loss,-110.0,Loss,-100.0,Loss,-138.78,Loss,-110.0,Loss,-110.0,Loss,-0.0,Final,2,2021,0.1565626839317245,0.0,1.0578667455414108,0.0,0.1421,0.8579,0.2928,0.707,0.1782,0.8212,Tampa Bay Buccaneers,Tampa Bay Buccaneers,Tampa Bay Buccaneers,Tampa Bay Buccaneers,Tampa Bay Buccaneers,Same,Same,Same
2021_02_DAL_LAC,2021,2,2021-09-19,16:25,Dallas Cowboys,Los Angeles Chargers,Home,Dak Prescott,Justin Herbert,00-0033077,00-0036355,10,7,3,-3,3,-3,SoFi Stadium,33.9535,-118.3395,America/Los_Angeles,False,True,2,3,-3,NFC East,AT&T Stadium,32.7369,-97.0826,America/Chicago,AFC West,SoFi Stadium,33.9535,-118.3395,America/Los_Angeles,Tampa Bay Buccaneers,Washington Commanders,Raymond James Stadium,FedExField,Philadelphia Eagles,Kansas City Chiefs,AT&T Stadium,GEHA Field at Arrowhead Stadium,1227,0,-1227,1227,2.0,0.0,America/New_York,America/New_York,3.0,3.0,2.0,0.0,2.0,0,-0.615,0.935,-0.615,0.935,Los Angeles Chargers,1.55,Los Angeles Chargers,1.55,-0.615,0.935,Los Angeles Chargers,1.55,-0.15,0,No,No,No,No,No,0,No,0.0,0.0,-0.577,-0.93,-0.2299999999999999,0.5505000000000001,-0.2299999999999999,0.5505000000000001,0.385,-0.3845,-0.1919999999999999,-1.3145000000000002,Los Angeles Chargers,0.7805000000000001,Los Angeles Chargers,0.7805000000000001,-0.2299999999999999,0.5505000000000001,Los Angeles Chargers,0.7805000000000001,Tie,0.0,Dallas Cowboys,0.3530000000000001,-0.2885,-0.465,Dallas Cowboys,0.1765,Dallas Cowboys,0.7695000000000001,Dallas Cowboys,1.1225000000000005,0.0965,-0.8495000000000001,Dallas Cowboys,0.9460000000000002,Different,Different,Different,Different,Different,Same,False,Away Team,Away Team,55.0,-150.0,135.0,Los Angeles Chargers,Dallas Cowboys,3.0,-3.0,101,-122,101,-122,0.7695000000000001,-0.7695000000000001,1.1225000000000005,-1.1225000000000005,0.4255,0.6,0.5495,0.4975,0.5495,0.4975,0.4149,0.5851,0.5248,0.4752,0.5248,0.4752,0.4149,0.5851,-0.0851,0.0851,0.1530866666666666,0.0759933333333333,Los Angeles Chargers,Dallas Cowboys,1,0,0,0,0,0,0,0,1,0,0,0,0,4.0,3.5,0.003,0.003,,,12,2,2021-09-19,DAL @ LAC,0.0,70.0,0.0,Dome,True,D.Prescott,J.Herbert,4.16,5.0,14.12,199.45,High,-6.0,14.0,60.91,60.0,14.660847885853888,43.0,81.0,0.3818,0.6174,0.083,0.081,0.3092,0.6562,0.6404,0.3366,0.4793,0.5205,109,-109,0.6,0.425531914893617,4.58,-4.58,60.455,2.1573333333333333,-2.1573333333333333,Dallas Cowboys,4.1225000000000005,Dallas Cowboys,3.7695,Dallas Cowboys,7.58,Dallas Cowboys,5.157333333333334,Dallas Cowboys,0.099268085106383,Dallas Cowboys,0.099268085106383,Dallas Cowboys,0.1918680851063829,Dallas Cowboys,0.0949680851063829,Over,5.454999999999998,100.0,135.0,834.98,1127.22,110.0,100.0,695.05,631.86,110.0,100.0,612.1,556.45,Dallas Cowboys,,,,,,,,,,,,,,,2,3398.0,0.9994114184814596,1.0,0.0009895453475683,0.0002102042587837,1.9673841757659365,0.2963523122019106,1.3950909152713848,0.4179217591451865,0.0005789829828622,0.0004105623647061,8.721374696936746e-05,0.0001229905118143,0.0005335528765204,0.7142740713470972,3.362475091037321,,,2866.0,532.0,False,False,0.7421865788589601,0.5262915938618742,0.969594976756706,1.0707984928491567,0.6512899316144503,0.7192696887863289,0.520014394108389,0.8409033182884217,0.6991186092781391,0.7592139289156506,17.0,20.0,0.0,1.0,0.5232,0.7379,Push,0.0,Push,0.0,Push,0.0,Push,0.0,Push,0.0,Win,148.5,Win,148.5,Win,135.0,Win,1127.22,Win,148.5,Loss,-110.0,Loss,-612.1,Final,2,2021,0.0029429075927015,0.0,0.7030442750110901,0.0,0.4149,0.5851,0.5156,0.4843,0.6096,0.3898,Los Angeles Chargers,Dallas Cowboys,Dallas Cowboys,Dallas Cowboys,Dallas Cowboys,Same,Same,Same
2021_02_TEN_SEA,2021,2,2021-09-19,16:25,Tennessee Titans,Seattle Seahawks,Home,Ryan Tannehill,Russell Wilson,00-0029701,00-0029263,7,7,0,0,0,0,Lumen Field,47.5952,-122.3316,America/Los_Angeles,False,False,2,0,0,AFC South,Nissan Stadium,36.1664,-86.7716,America/Chicago,NFC West,Lumen Field,47.5952,-122.3316,America/Los_Angeles,Arizona Cardinals,Indianapolis Colts,Nissan Stadium,Lucas Oil Stadium,Indianapolis Colts,Minnesota Vikings,Nissan Stadium,U.S. Bank Stadium,1969,0,-1969,1969,2.0,0.0,America/Chicago,America/Indiana/Indianapolis,2.0,3.0,2.0,0.0,2.0,0,-4.36,-0.13,-4.36,-0.13,Seattle Seahawks,4.23,Seattle Seahawks,4.23,-4.36,-0.13,Seattle Seahawks,4.23,-0.15,0,No,No,No,No,No,0,No,0.0,0.0,-3.252,2.975,-2.6940000000000004,-0.102,-2.6940000000000004,-0.102,1.666,0.028,-1.586,3.003,Seattle Seahawks,2.5920000000000005,Seattle Seahawks,2.5920000000000005,-2.6940000000000004,-0.102,Seattle Seahawks,2.5920000000000005,Tie,0.0,Seattle Seahawks,6.227,-1.626,1.4875,Seattle Seahawks,3.1135,Tennessee Titans,1.638,Seattle Seahawks,4.589,0.04,1.5155,Seattle Seahawks,1.4755,Different,Same,Different,Same,Different,Same,False,Away Team,Home Team,53.5,-286.0,247.0,Seattle Seahawks,Tennessee Titans,6.5,-6.5,105,-128,-224,181,1.638,-1.638,-4.589,4.589,0.2882,0.7409,0.5614,0.4878,0.3559,0.6914,0.28,0.72,0.5351,0.4649,0.3398,0.6602,0.28,0.72,-0.22,0.22,0.00208,0.0531866666666666,Seattle Seahawks,Tennessee Titans,0,0,0,0,0,0,1,0,0,0,1,0,0,2.5,3.0,0.0,0.032,62.0,14.0,13,2,2021-09-19,TEN @ SEA,14.0,62.0,0.0,nfl_read_py Fallback,False,C.Ward,S.Darnold,-3.48,-5.0,13.8,190.45,Med-High,-13.0,7.0,44.74,44.0,13.374414940288004,28.0,62.0,0.6024,0.3972,0.0862,0.0844,0.4432,0.5568,0.2516,0.7484,0.6119,0.388,-158,158,0.7409326424870466,0.2881844380403458,-4.24,4.24,44.370000000000005,-2.397,2.397,Tennessee Titans,1.911,Tennessee Titans,8.138,Tennessee Titans,2.26,Tennessee Titans,4.103,Tennessee Titans,0.0516155619596541,Tennessee Titans,0.2469155619596542,Tennessee Titans,0.1090155619596541,Tennessee Titans,0.0998155619596541,Under,9.129999999999995,100.0,247.0,382.88,945.71,110.0,100.0,173.2,157.45,110.0,100.0,1179.1,1071.91,Tennessee Titans,,,,,,,,,,,,,,,2,3398.0,0.9973513831665686,1.0,0.0366804015496005,2.4945692919443256e-06,89.74080321519072,0.0023734330071275,34.89920125035195,0.0061031134468993,0.0264098891157123,0.0102705124338881,6.984794017444112e-07,1.7960898901999144e-06,0.0102723085237783,0.0084765464540268,124.64000446554267,,,2866.0,532.0,False,False,0.9133042843590008,0.3551738883618336,0.9485789240197656,1.0918145455860973,0.9048434613885944,0.4657161590121847,0.8204732085146506,0.5409893068094608,0.8925321865580915,0.5659462140620029,30.0,33.0,0.0,1.0,0.3531,0.908,Loss,-110.0,Loss,-110.0,Loss,-110.0,Loss,-173.2,Loss,-110.0,Win,271.7,Win,271.7,Win,247.0,Win,945.71,Win,271.7,Loss,-110.0,Loss,-1179.1,Final,2,2021,0.03708063566804,0.0,0.8975439012711998,0.0,0.28,0.72,0.4146,0.5852,0.3782,0.6208,Seattle Seahawks,Seattle Seahawks,Seattle Seahawks,Seattle Seahawks,Seattle Seahawks,Same,Same,Same
2021_02_KC_BAL,2021,2,2021-09-19,20:20,Kansas City Chiefs,Baltimore Ravens,Home,Patrick Mahomes,Lamar Jackson,00-0033873,00-0034796,7,6,1,-1,1,-1,M&T Bank Stadium,39.2789,-76.6228,America/New_York,False,False,2,1,-1,AFC West,GEHA Field at Arrowhead Stadium,39.0489,-94.4839,America/Chicago,AFC North,M&T Bank Stadium,39.2789,-76.6228,America/New_York,Cleveland Browns,Las Vegas Raiders,GEHA Field at Arrowhead Stadium,Allegiant Stadium,Los Angeles Chargers,Detroit Lions,GEHA Field at Arrowhead Stadium,Ford Field,955,0,-955,955,-1.0,0.0,America/Chicago,America/Los_Angeles,-1.0,-3.0,-1.0,0.0,-1.0,0,4.395,6.69,4.395,6.69,Baltimore Ravens,2.295000000000001,Baltimore Ravens,2.295000000000001,4.395,6.69,Baltimore Ravens,2.295000000000001,0.0,0,No,No,No,No,No,0,Yes,0.0,0.0,6.279,5.91,6.6335,6.7115,6.6335,6.7115,2.2385,0.0214999999999999,8.5175,5.9315,Baltimore Ravens,0.0780000000000002,Baltimore Ravens,0.0780000000000002,6.6335,6.7115,Baltimore Ravens,0.0780000000000002,Tie,0.0,Kansas City Chiefs,0.3689999999999998,3.1395,2.955,Kansas City Chiefs,0.1844999999999999,Kansas City Chiefs,2.217,Kansas City Chiefs,2.5860000000000003,5.378,2.9765,Kansas City Chiefs,2.4015000000000004,Different,Different,Different,Different,Different,Same,False,Away Team,Away Team,53.5,153.0,-171.0,Kansas City Chiefs,Baltimore Ravens,-3.5,3.5,108,-131,117,-142,2.217,-2.217,2.5860000000000003,-2.5860000000000003,0.631,0.3953,0.5671,0.4808,0.5868,0.4608,0.6149,0.3851,0.5412,0.4588,0.5601,0.4399,0.6149,0.3851,0.1149,-0.1149,0.1928533333333333,0.0645533333333333,Kansas City Chiefs,Baltimore Ravens,0,0,0,0,0,0,0,0,0,0,0,0,0,4.5,3.0,0.006,0.0,82.0,8.0,14,2,2021-09-19,KC @ BAL,8.0,82.0,0.0,nfl_read_py Fallback,False,P.Mahomes,L.Jackson,1.78,3.0,14.19,201.28,High,-8.0,11.0,64.25,64.0,14.170580083679765,46.0,82.0,0.4464,0.5534,0.0804,0.0832,0.5256,0.4744,0.7696,0.2304,0.4326,0.5674,131,-131,0.3952569169960474,0.6309963099630996,2.39,-2.39,64.125,2.3976666666666664,-2.3976666666666664,Baltimore Ravens,0.9139999999999996,Baltimore Ravens,1.2830000000000004,Baltimore Ravens,1.11,Baltimore Ravens,1.1023333333333336,Baltimore Ravens,0.0446430830039525,Baltimore Ravens,0.0635430830039525,Baltimore Ravens,0.0511430830039525,Baltimore Ravens,0.0373430830039525,Over,10.625,100.0,153.0,211.42,323.48,110.0,100.0,9.4,8.55,110.0,100.0,1290.4,1173.09,Baltimore Ravens,,,,,,,,,,,,,,,2,3398.0,1.0,0.9846968805179518,7.110008317728083e-06,0.0019952489338726,0.0093039421623277,4.16893337895139,0.0148558661013122,2.610922498347992,2.7380642031570847e-06,4.371944114570999e-06,0.0012268785694383,0.0007683703644343,0.0007727423085489,6.779855877299383,0.02415980826364,,,2866.0,532.0,False,False,0.4884909443147933,0.7799872284060411,0.9361325238551698,1.104260945750693,0.6029091770143027,0.7676504433864764,0.6080000668674304,0.7537348499203314,0.6310008561938721,0.8276234068525268,36.0,35.0,1.0,0.0,0.7755,0.4857,Loss,-110.0,Loss,-110.0,Loss,-110.0,Loss,-9.4,Loss,-110.0,Win,168.3,Win,168.3,Win,153.0,Win,323.47,Win,168.3,Win,100.0,Win,1173.09,Final,2,2021,0.0002942907592701,0.0008828722778104,0.6345440295635251,0.8322706481145264,0.6149,0.3851,0.5616,0.4383,0.549,0.4506,Kansas City Chiefs,Kansas City Chiefs,Kansas City Chiefs,Kansas City Chiefs,Kansas City Chiefs,Same,Same,Same
2021_02_DET_GB,2021,2,2021-09-20,20:15,Detroit Lions,Green Bay Packers,Home,Jared Goff,Aaron Rodgers,00-0033106,00-0023459,8,8,0,0,0,0,Lambeau Field,44.5013,-88.0622,America/Chicago,False,False,2,0,0,NFC North,Ford Field,42.3395,-83.045,America/Detroit,NFC North,Lambeau Field,44.5013,-88.0622,America/Chicago,San Francisco 49ers,New Orleans Saints,Ford Field,Caesars Superdome,Baltimore Ravens,San Francisco 49ers,Ford Field,Levi's Stadium,292,0,-292,292,1.0,0.0,America/Detroit,America/Chicago,1.0,0.0,1.0,0.0,1.0,0,4.305,3.535,4.305,3.535,Detroit Lions,0.7699999999999996,Detroit Lions,0.7699999999999996,4.305,3.535,Detroit Lions,0.7699999999999996,0.0,0,No,No,No,No,No,1,No,0.0,0.0,-11.059,2.18,5.200105,3.838395,5.200105,3.838395,0.902805,0.295695,-10.023805,2.343305,Detroit Lions,1.3617099999999995,Detroit Lions,1.3617099999999995,5.200105,3.838395,Detroit Lions,1.3617099999999995,Tie,0.0,Green Bay Packers,13.239,-5.5295,1.09,Green Bay Packers,6.6195,Detroit Lions,0.60711,Green Bay Packers,12.36711,-4.5605,1.3195,Green Bay Packers,5.88,Different,Different,Same,Different,Different,Same,False,Away Team,Home Team,49.5,-494.0,400.0,Green Bay Packers,Detroit Lions,11.5,-11.5,-104,-116,-675,466,0.60711,-0.60711,-12.36711,12.36711,0.2,0.8316,0.537,0.5098,0.1767,0.871,0.1939,0.8061,0.513,0.487,0.1686,0.8314,0.1939,0.8061,-0.3061,0.3061,-0.2318466666666666,0.1049999999999999,Green Bay Packers,Detroit Lions,0,0,1,0,0,1,0,0,1,0,0,1,1,0.0,3.5,0.0,0.161,73.0,12.0,15,2,2021-09-20,DET @ GB,12.0,73.0,0.0,nfl_read_py Fallback,False,J.Goff,J.Love,-9.43,-10.0,13.34,177.87,Medium,-18.0,-1.0,50.23,50.0,13.80737207236442,33.0,68.0,0.7708,0.2278,0.0776,0.0786,0.4348,0.5652,0.5102,0.4898,0.7238,0.2758,-262,263,0.8316498316498316,0.2,-9.715,9.715,50.115,-7.158333333333334,7.158333333333334,Green Bay Packers,0.8671100000000003,Detroit Lions,12.10711,Detroit Lions,1.785,Detroit Lions,4.341666666666666,No Bet,0.0,Detroit Lions,0.313,Detroit Lions,0.0277999999999999,Detroit Lions,0.0757999999999999,Over,0.6149999999999949,100.0,400.0,86.88,347.5,110.0,100.0,217.3,197.55,110.0,100.0,0.0,0.0,Detroit Lions,,,,,,,,,,,,,,,2,3398.0,1.0,1.0,0.2011926484438885,0.000245289022201,551.092376508282,0.1616141176934781,132.56024290405142,0.6718779797458111,0.1621813939106186,0.0390112545332699,4.7561541404790514e-05,0.0001977274807962,0.0392089820140662,0.8334920974392892,683.6526194123334,,,2866.0,532.0,False,False,1.0225202550302646,0.2459579176905697,0.9936716196980552,1.0467218499078077,1.1394832684012075,0.2310763519995713,1.0498352409081884,0.3102652670976716,1.0557522415929836,0.4022885717481968,35.0,17.0,1.0,0.0,0.2445,1.0166,Win,100.0,Loss,-110.0,Loss,-110.0,Loss,-217.3,Loss,-110.0,No Bet,0.0,Loss,-110.0,Loss,-100.0,Loss,-86.88,Loss,-110.0,Win,100.0,Win,0.0,Final,2,2021,0.2289582107121836,0.0,1.0616804637033737,0.0,0.1939,0.8061,0.2885,0.7115,0.2584,0.7414,Green Bay Packers,Green Bay Packers,Green Bay Packers,Green Bay Packers,Green Bay Packers,Same,Same,Same
2021_03_CAR_HOU,2021,3,2021-09-23,20:20,Carolina Panthers,Houston Texans,Home,Sam Darnold,Davis Mills,00-0034869,00-0036898,4,4,0,0,0,0,NRG Stadium,29.6847,-95.4093,America/Chicago,False,False,3,0,0,NFC South,Bank of America Stadium,35.2258,-80.8528,America/New_York,AFC South,NRG Stadium,29.6847,-95.4093,America/Chicago,New Orleans Saints,Cleveland Browns,Bank of America Stadium,FirstEnergy Stadium,Dallas Cowboys,Buffalo Bills,AT&T Stadium,Highmark Stadium,929,0,-929,929,1.0,0.0,America/New_York,America/New_York,1.0,1.0,1.0,0.0,1.0,0,-5.25,0.035,-5.25,0.035,Houston Texans,5.285,Houston Texans,5.285,-5.25,0.035,Houston Texans,5.285,0.0,0,No,No,No,No,No,0,No,0.0,0.0,3.848,-6.178,-3.5715,-0.2085,-3.5715,-0.2085,1.6785,-0.2435,5.5265,-6.4215,Houston Texans,3.363,Houston Texans,3.363,-3.5715,-0.2085,Houston Texans,3.363,Tie,0.0,Carolina Panthers,10.026,1.924,-3.089,Carolina Panthers,5.013,Carolina Panthers,1.922,Carolina Panthers,11.948,3.6025,-3.3325,Carolina Panthers,6.9350000000000005,Different,Different,Different,Different,Different,Same,True,Away Team,Away Team,43.0,348.0,-420.0,Carolina Panthers,Houston Texans,-8.0,8.0,108,-131,458,-660,1.922,-1.922,11.948,-11.948,0.8077,0.2232,0.5671,0.4808,0.8684,0.1792,0.7835,0.2165,0.5412,0.4588,0.8289,0.1711,0.7835,0.2165,0.2835,-0.2835,-0.1006071428571428,-0.2208785714285714,Carolina Panthers,Houston Texans,0,0,0,0,0,0,0,0,0,0,0,0,0,1.5,0.0,0.149,0.0,,,0,3,2021-09-23,CAR @ HOU,0.0,70.0,0.0,Dome,True,B.Young,C.Stroud,-0.84,-2.0,13.54,183.32,Med-High,-10.0,9.0,46.66,46.0,12.96617286973213,30.0,64.0,0.5316,0.4674,0.0996,0.0874,0.7246,0.2604,0.5722,0.385,0.3445,0.6552,190,-190,0.2232142857142857,0.8076923076923077,-1.42,1.42,46.33,4.15,-4.15,Carolina Panthers,3.948,Houston Texans,6.078,Houston Texans,9.42,Houston Texans,3.85,Carolina Panthers,0.0212076923076922,Houston Texans,0.2355857142857142,Houston Texans,0.3083857142857142,Houston Texans,0.1212857142857142,Over,3.3299999999999983,100.0,348.0,992.51,3453.92,110.0,100.0,1054.15,958.32,110.0,100.0,254.05,230.95,Houston Texans,,,,,,,,,,,,,,,3,2985.0,0.9963149078726968,0.8355108877721943,0.0001396506749705,0.2103498857127259,0.0902495978263976,491.9552693359234,0.3266076669606585,135.9391395165634,3.0234371131121493e-05,0.0001094163038394,0.1648091354559207,0.0455407502568051,0.0456501665606445,627.8944088524868,0.4168572647870561,,,2788.0,197.0,False,False,0.2798108143572114,1.012617889371248,0.8830667929314379,1.0416646650708243,0.2170274820318646,1.0513973106733638,0.7792162548573884,0.6851122601962817,0.4985832039316435,0.948248810496409,9.0,24.0,0.0,1.0,1.011,0.2794,Win,100.0,Loss,-110.0,Loss,-110.0,Loss,-1054.15,Loss,-110.0,Win,26.19,Loss,-110.0,Loss,-100.0,Loss,-992.51,Loss,-110.0,Loss,-110.0,Loss,-254.05,Final,3,2021,0.0,0.2465661641541038,0.0,0.9477093699406306,0.7835,0.2165,0.6275,0.3724,0.4952,0.5042,Carolina Panthers,Houston Texans,Carolina Panthers,Houston Texans,Carolina Panthers,Same,Same,Same
2021_03_WAS_BUF,2021,3,2021-09-26,13:00,Washington Commanders,Buffalo Bills,Home,Taylor Heinicke,Josh Allen,00-0031800,00-0034857,10,7,3,-3,3,-3,Highmark Stadium,42.7725,-78.7877,America/New_York,False,False,3,3,-3,NFC East,FedExField,38.9077,-76.8645,America/New_York,AFC East,Highmark Stadium,42.7725,-78.7877,America/New_York,New York Giants,Miami Dolphins,FedExField,Hard Rock Stadium,Atlanta Falcons,Houston Texans,Mercedes-Benz Stadium,Highmark Stadium,285,0,-285,285,0.0,0.0,America/New_York,America/New_York,0.0,0.0,0.0,0.0,0.0,0,1.45,4.795,1.45,4.795,Buffalo Bills,3.345,Buffalo Bills,3.345,1.45,4.795,Buffalo Bills,3.345,0.0,0,No,No,No,No,No,0,No,0.0,0.0,-3.308,7.248,2.378,4.0175,2.378,4.0175,0.928,-0.7775000000000001,-2.38,6.4705,Buffalo Bills,1.6395000000000004,Buffalo Bills,1.6395000000000004,2.378,4.0175,Buffalo Bills,1.6395000000000004,Tie,0.0,Buffalo Bills,10.556,-1.654,3.624,Buffalo Bills,5.2780000000000005,Washington Commanders,1.7055000000000002,Buffalo Bills,8.8505,-0.726,2.8465000000000003,Buffalo Bills,3.5725,Different,Same,Different,Same,Different,Same,False,Away Team,Home Team,45.5,-330.0,281.0,Buffalo Bills,Washington Commanders,7.5,-7.5,105,-128,-416,314,1.7055000000000002,-1.7055000000000002,-8.8505,8.8505,0.2625,0.7674,0.5614,0.4878,0.2415,0.8062,0.2548,0.7452,0.5351,0.4649,0.2305,0.7695,0.2548,0.7452,-0.2452,0.2452,-0.1247285714285714,0.2261071428571428,Buffalo Bills,Washington Commanders,0,1,0,0,0,0,0,0,0,1,0,0,0,1.0,4.5,0.0,0.093,67.0,21.0,1,3,2021-09-26,WAS @ BUF,21.0,67.0,0.0,nfl_read_py Fallback,False,M.Mariota,J.Allen,-8.9,-10.0,13.93,194.12,Med-High,-19.0,1.0,40.63,40.0,12.682052944747497,24.0,57.0,0.7416,0.2574,0.0668,0.0702,0.5564,0.4436,0.345,0.655,0.6803,0.3194,-213,213,0.7674418604651163,0.2624671916010498,-9.45,9.45,40.315,-5.531666666666666,5.531666666666666,Buffalo Bills,1.3505000000000005,Washington Commanders,9.2055,Buffalo Bills,1.9499999999999995,Washington Commanders,1.9683333333333333,Buffalo Bills,0.0020581395348836,Washington Commanders,0.2726328083989501,No Bet,0.0,Washington Commanders,0.0569328083989501,Under,5.185000000000002,,0.0,0.0,0.0,110.0,100.0,171.1,155.55,110.0,100.0,688.75,626.14,No Bet,,,,,,,,,,,,,,,3,2985.0,0.9989949748743718,0.9798994974874372,0.0640236686730766,1.8713487970241527e-05,142.4156571171024,0.0142330672534303,48.69499387203126,0.0416266943377406,0.0477104378951766,0.0163132307778999,4.7681967348175415e-06,1.3945291235423986e-05,0.0163271760691353,0.0558597615911709,191.1106509891337,,,2788.0,197.0,False,False,0.9631178700184478,0.3293108337100114,0.8948076548252516,1.0299238031770106,0.9760528779866732,0.2923719147185551,1.0870330598236255,0.3772954552300447,0.984575191972996,0.4622568224550565,43.0,21.0,1.0,0.0,0.3288,0.9616,Win,100.0,Loss,-110.0,Win,100.0,Win,155.55,Loss,-110.0,Win,33.33,Loss,-110.0,No Bet,0.0,No Bet,0.0,Loss,-110.0,Loss,-110.0,Loss,-688.75,Final,3,2021,0.0271356783919597,0.0,0.9840150860357312,0.0,0.2548,0.7452,0.3048,0.6949,0.22,0.7788,Buffalo Bills,Buffalo Bills,Buffalo Bills,Buffalo Bills,Buffalo Bills,Same,Same,Same
2021_03_CHI_CLE,2021,3,2021-09-26,13:00,Chicago Bears,Cleveland Browns,Home,Justin Fields,Baker Mayfield,00-0036945,00-0034855,7,7,0,0,0,0,FirstEnergy Stadium,41.5061,-81.6994,America/New_York,False,False,3,0,0,NFC North,Soldier Field,41.8623,-87.6167,America/Chicago,AFC North,FirstEnergy Stadium,41.5061,-81.6994,America/New_York,Cincinnati Bengals,Houston Texans,Soldier Field,FirstEnergy Stadium,Detroit Lions,Minnesota Vikings,Soldier Field,U.S. Bank Stadium,306,0,-306,306,-1.0,0.0,America/Chicago,America/New_York,-1.0,0.0,-1.0,0.0,-1.0,0,-1.575,-4.705,-1.575,-4.705,Chicago Bears,3.13,Chicago Bears,3.13,-1.575,-4.705,Chicago Bears,3.13,0.0,0,No,No,No,No,No,0,No,0.0,0.0,-2.466,3.286,-1.8385,-4.5615,-1.8385,-4.5615,-0.2635,0.1435,-2.7295000000000003,3.4295,Chicago Bears,2.723,Chicago Bears,2.723,-1.8385,-4.5615,Chicago Bears,2.723,Tie,0.0,Cleveland Browns,5.752000000000001,-1.233,1.643,Cleveland Browns,2.8760000000000003,Cleveland Browns,0.407,Cleveland Browns,6.159000000000001,-1.4965000000000002,1.7865,Cleveland Browns,3.2830000000000004,Different,Different,Different,Different,Different,Same,False,Home Team,Home Team,45.0,-375.0,315.0,Cleveland Browns,Chicago Bears,7.5,-7.5,-116,-104,-261,208,-0.407,0.407,-6.159000000000001,6.159000000000001,0.241,0.7895,0.5098,0.537,0.3247,0.723,0.2338,0.7662,0.487,0.513,0.3099,0.6901,0.2338,0.7662,-0.2662,0.2662,-0.1269428571428571,0.0028071428571428,Cleveland Browns,Chicago Bears,1,0,0,0,0,0,0,1,1,0,0,1,0,1.0,2.5,0.0,0.032,70.0,22.0,2,3,2021-09-26,CHI @ CLE,22.0,70.0,0.0,nfl_read_py Fallback,False,C.Williams,J.Flacco,-7.85,-9.0,13.99,195.8,High,-17.0,3.0,38.88,38.0,12.539920329905454,23.0,55.0,0.7108,0.2878,0.075,0.0754,0.5252,0.4748,0.2826,0.6996,0.67,0.3296,-203,203,0.7894736842105263,0.2409638554216867,-8.425,8.425,38.44,-4.997000000000001,4.997000000000001,Chicago Bears,1.3409999999999993,Chicago Bears,7.093,Cleveland Browns,0.9250000000000008,Chicago Bears,2.5029999999999992,Chicago Bears,0.0689361445783132,Chicago Bears,0.2460361445783132,Chicago Bears,0.0468361445783132,Chicago Bears,0.0886361445783132,Under,6.560000000000002,100.0,315.0,154.26,485.93,110.0,100.0,7.3,6.64,110.0,100.0,922.9,839.0,Chicago Bears,,,,,,,,,,,,,,,3,2985.0,0.6046901172529313,0.9986599664991624,0.062669180680278,1.7265685306556052e-05,143.33112181812868,0.0120496009156483,43.73638251250129,0.0394884697244214,0.048017126237229,0.014652054443049,4.0367172246728055e-06,1.3228968081883248e-05,0.0146652834111308,0.0515380706400698,187.06750433063,,,2788.0,197.0,False,False,0.9902588727967456,0.3021698309317138,0.9873872379551604,0.9373442200471016,0.8753399494458782,0.3930848432593503,1.041886595095244,0.4218556022346809,0.9696683501718468,0.4770189376367771,26.0,6.0,1.0,0.0,0.3017,0.9887,Loss,-110.0,Loss,-110.0,Win,100.0,Win,6.64,Loss,-110.0,Loss,-110.0,Loss,-110.0,Loss,-100.0,Loss,-154.26,Loss,-110.0,Win,100.0,Win,839.0,Final,3,2021,0.0422110552763819,0.0,0.9691167244508893,0.0,0.2338,0.7662,0.3401,0.6596,0.2664,0.7322,Cleveland Browns,Cleveland Browns,Cleveland Browns,Cleveland Browns,Cleveland Browns,Same,Same,Same
2021_03_BAL_DET,2021,3,2021-09-26,13:00,Baltimore Ravens,Detroit Lions,Home,Lamar Jackson,Jared Goff,00-0034796,00-0033106,7,6,1,-1,0,-1,Ford Field,42.3395,-83.045,America/Detroit,False,False,3,0,-1,AFC North,M&T Bank Stadium,39.2789,-76.6228,America/New_York,NFC North,Ford Field,42.3395,-83.045,America/Detroit,Kansas City Chiefs,Green Bay Packers,M&T Bank Stadium,Lambeau Field,Denver Broncos,Chicago Bears,Empower Field at Mile High,Soldier Field,396,0,-396,396,0.0,0.0,America/New_York,America/Chicago,0.0,-1.0,0.0,0.0,0.0,0,6.69,4.305,6.69,4.305,Baltimore Ravens,2.3850000000000007,Baltimore Ravens,2.3850000000000007,6.69,4.305,Baltimore Ravens,2.3850000000000007,0.0,0,No,No,No,No,No,0,Yes,0.0,0.0,6.535,-10.3,6.593500000000001,3.321,6.593500000000001,3.321,-0.0965,-0.984,6.4385,-11.284,Baltimore Ravens,3.2725000000000013,Baltimore Ravens,3.2725000000000013,6.593500000000001,3.321,Baltimore Ravens,3.2725000000000013,Tie,0.0,Baltimore Ravens,16.835,3.2675,-5.15,Baltimore Ravens,8.4175,Baltimore Ravens,0.8875,Baltimore Ravens,17.7225,3.1710000000000003,-6.134,Baltimore Ravens,9.305,Different,Same,Same,Same,Different,Same,False,Away Team,Away Team,51.0,292.0,-344.0,Baltimore Ravens,Detroit Lions,-7.5,7.5,101,-122,906,-1832,0.8875,-0.8875,17.7225,-17.7225,0.7748,0.2551,0.5495,0.4975,0.9482,0.0994,0.7523,0.2477,0.5248,0.4752,0.9051,0.0949,0.7523,0.2477,0.2523,-0.2523,0.0511428571428571,-0.2303857142857142,Baltimore Ravens,Detroit Lions,0,0,0,1,0,0,0,0,0,1,0,0,0,3.0,0.0,0.1,0.0,,,3,3,2021-09-26,BAL @ DET,0.0,70.0,0.0,Dome,True,L.Jackson,J.Goff,7.35,7.0,13.19,173.91,Medium,-3.0,16.0,59.99,60.0,14.258472630978176,42.0,79.0,0.2854,0.7142,0.0848,0.0818,0.5046,0.4954,0.7026,0.2698,0.2758,0.7241,263,-262,0.2551020408163265,0.7747747747747747,7.175,-7.175,59.995000000000005,8.595,-8.595,Baltimore Ravens,10.2225,Detroit Lions,6.6125,Detroit Lions,0.3250000000000002,Baltimore Ravens,1.0950000000000006,Baltimore Ravens,0.1303252252252252,Detroit Lions,0.2200979591836734,Detroit Lions,0.0302979591836734,Detroit Lions,0.0206979591836734,Over,8.995000000000005,100.0,292.0,101.68,296.92,110.0,100.0,0.0,0.0,110.0,100.0,938.65,853.32,Detroit Lions,,,,,,,,,,,,,,,3,2985.0,1.0,0.9996649916247906,0.0001230012580624,0.0967293096397203,0.090945223691911,217.21683703125544,0.2762135316246455,71.52015224330981,3.0467411622080765e-05,9.253384644041729e-05,0.0727694596419616,0.0239598499977587,0.0240523838441991,288.73698927456525,0.3671587553165567,,,2788.0,197.0,False,False,0.3201345899135394,0.97229411381492,0.9146323888426752,1.0100990691595872,0.1203735128277261,1.1480512798775024,0.4183376958922096,1.046870295747078,0.3991560163841721,1.0479654512827377,17.0,19.0,0.0,1.0,0.9708,0.3196,Win,100.0,Loss,-110.0,Loss,-110.0,Loss,-0.0,Win,100.0,Win,31.98,Loss,-110.0,Loss,-100.0,Loss,-101.68,Loss,-110.0,Loss,-110.0,Loss,-938.65,Final,3,2021,0.0,0.1139028475711892,0.0,1.0473692838431174,0.7523,0.2477,0.7154,0.2845,0.7036,0.296,Baltimore Ravens,Baltimore Ravens,Baltimore Ravens,Baltimore Ravens,Baltimore Ravens,Same,Same,Same
2021_03_ARI_JAX,2021,3,2021-09-26,13:00,Arizona Cardinals,Jacksonville Jaguars,Home,Kyler Murray,Trevor Lawrence,00-0035228,00-0036971,7,7,0,0,0,0,TIAA Bank Field,30.3239,-81.6554,America/New_York,False,False,3,0,0,NFC West,State Farm Stadium,33.5277,-112.262608,America/Denver,AFC South,TIAA Bank Field,30.3239,-81.6554,America/New_York,Minnesota Vikings,Denver Broncos,State Farm Stadium,TIAA Bank Field,Los Angeles Rams,Cincinnati Bengals,SoFi Stadium,Paycor Stadium,1801,0,-1801,1801,-2.0,0.0,America/Denver,America/New_York,-2.0,0.0,-2.0,0.0,-2.0,0,0.075,-1.825,0.075,-1.825,Arizona Cardinals,1.9,Arizona Cardinals,1.9,0.075,-1.825,Arizona Cardinals,1.9,-0.3,0,No,No,No,No,No,0,No,0.0,0.0,2.892,-13.158,0.5425,-2.682,0.5425,-2.682,0.4675,-0.857,3.3595,-14.015,Arizona Cardinals,3.2245,Arizona Cardinals,3.2245,0.5425,-2.682,Arizona Cardinals,3.2245,Tie,0.0,Arizona Cardinals,16.05,1.446,-6.579,Arizona Cardinals,8.025,Arizona Cardinals,1.3245,Arizona Cardinals,17.374499999999998,1.9135,-7.435999999999999,Arizona Cardinals,9.3495,Different,Same,Same,Same,Different,Same,False,Away Team,Away Team,51.5,304.0,-360.0,Arizona Cardinals,Jacksonville Jaguars,-8.0,8.0,105,-128,906,-1832,1.3245,-1.3245,17.374499999999998,-17.374499999999998,0.7826,0.2475,0.5614,0.4878,0.9482,0.0994,0.7597,0.2403,0.5351,0.4649,0.9051,0.0949,0.7597,0.2403,0.2597,-0.2597,0.0545357142857142,-0.1795142857142857,Arizona Cardinals,Jacksonville Jaguars,0,0,0,0,1,0,0,0,0,0,1,0,0,3.0,0.5,0.145,0.0,81.0,4.0,4,3,2021-09-26,ARI @ JAX,4.0,81.0,0.0,nfl_read_py Fallback,False,K.Murray,T.Lawrence,14.94,15.0,13.86,192.14,Med-High,7.0,24.0,55.72,55.0,13.884784545983337,38.0,73.0,0.1374,0.8618,0.0512,0.0556,0.2816,0.7002,0.602,0.398,0.2344,0.7654,327,-326,0.2475247524752475,0.782608695652174,14.97,-14.97,55.36,11.223,-11.223,Arizona Cardinals,9.374499999999998,Jacksonville Jaguars,6.6755,Arizona Cardinals,6.969999999999999,Arizona Cardinals,3.222999999999999,Arizona Cardinals,0.122491304347826,Jacksonville Jaguars,0.2173752475247524,Arizona Cardinals,0.079191304347826,No Bet,0.0,Over,3.86,360.0,100.0,910.7,252.97,110.0,100.0,926.05,841.86,110.0,100.0,410.5,373.18,Arizona Cardinals,,,,,,,,,,,,,,,3,2985.0,1.0,0.9922948073701844,0.0001386024780169,0.1651679059076113,0.0994189337704025,374.55200348226697,0.3143094631101739,118.47419565195302,3.330617546747153e-05,0.0001052963025494,0.1254780581180123,0.039689847789599,0.0397951440921484,493.02619913422,0.4137283968805764,,,2788.0,197.0,False,False,0.3105706175059488,0.9818580862225106,0.8948076548252516,1.0299238031770106,0.1203735128277261,1.1480512798775024,0.2014001381064807,1.263221535809062,0.3392391959407177,1.1077375451067637,19.0,31.0,0.0,1.0,0.9803,0.3101,Win,100.0,Loss,-110.0,Win,100.0,Win,841.86,Win,100.0,Win,30.56,Loss,-110.0,Win,100.0,Win,252.97,No Bet,0.0,Loss,-110.0,Loss,-410.5,Final,3,2021,0.0,0.036180904522613,0.0,1.107107374469717,0.7597,0.2403,0.7455,0.2545,0.8606,0.1392,Arizona Cardinals,Arizona Cardinals,Arizona Cardinals,Arizona Cardinals,Arizona Cardinals,Same,Same,Same
2021_03_LAC_KC,2021,3,2021-09-26,13:00,Los Angeles Chargers,Kansas City Chiefs,Home,Justin Herbert,Patrick Mahomes,00-0036355,00-0033873,7,7,0,0,-3,1,GEHA Field at Arrowhead Stadium,39.0489,-94.4839,America/Chicago,False,False,3,-3,1,AFC West,SoFi Stadium,33.9535,-118.3395,America/Los_Angeles,AFC West,GEHA Field at Arrowhead Stadium,39.0489,-94.4839,America/Chicago,Dallas Cowboys,Baltimore Ravens,SoFi Stadium,M&T Bank Stadium,Las Vegas Raiders,Philadelphia Eagles,SoFi Stadium,Lincoln Financial Field,1366,0,-1366,1366,-2.0,0.0,America/Los_Angeles,America/New_York,-2.0,1.0,-2.0,0.0,-2.0,0,0.935,4.395,0.935,4.395,Kansas City Chiefs,3.4599999999999995,Kansas City Chiefs,3.4599999999999995,0.935,4.395,Kansas City Chiefs,3.4599999999999995,-0.3,0,No,No,No,No,No,1,No,0.0,0.0,-1.314,6.278,0.3636199999999999,2.2373799999999995,0.3636199999999999,2.2373799999999995,-0.6059800000000001,-2.12302,-1.84406,4.07906,Kansas City Chiefs,1.87376,Kansas City Chiefs,1.87376,0.3636199999999999,2.2373799999999995,Kansas City Chiefs,1.87376,Tie,0.0,Kansas City Chiefs,7.592,-0.657,3.139,Kansas City Chiefs,3.796,Los Angeles Chargers,1.5170399999999995,Kansas City Chiefs,5.92312,-1.22502,0.97802,Kansas City Chiefs,2.20304,Different,Same,Different,Same,Different,Same,False,Away Team,Home Team,55.0,-273.0,237.0,Kansas City Chiefs,Los Angeles Chargers,6.5,-6.5,105,-128,-261,208,1.5170399999999995,-1.5170399999999995,-5.92312,5.92312,0.2967,0.7319,0.5614,0.4878,0.3247,0.723,0.2885,0.7115,0.5351,0.4649,0.3099,0.6901,0.2885,0.7115,-0.2115,0.2115,0.0965285714285714,0.1915214285714285,Kansas City Chiefs,Los Angeles Chargers,0,0,0,0,0,0,0,0,0,0,0,0,1,3.5,4.5,0.0,0.016,81.0,19.0,5,3,2021-09-26,LAC @ KC,19.0,81.0,0.0,nfl_read_py Fallback,False,J.Herbert,P.Mahomes,-4.11,-5.0,14.37,206.49,High,-14.0,6.0,52.51,52.0,13.685138926788031,35.900000000000034,71.0,0.616,0.3832,0.0822,0.0722,0.4558,0.5442,0.403,0.5782,0.6206,0.3792,-164,164,0.7319034852546917,0.2967359050445103,-4.555,4.555,52.255,-2.9870266666666665,2.9870266666666665,Los Angeles Chargers,0.5768800000000001,Los Angeles Chargers,8.01704,Los Angeles Chargers,1.9450000000000005,Los Angeles Chargers,3.512973333333333,Los Angeles Chargers,0.0131640949554896,Los Angeles Chargers,0.2383640949554896,Los Angeles Chargers,0.0864640949554896,Los Angeles Chargers,0.0824640949554896,Under,2.7450000000000045,100.0,237.0,307.37,728.46,110.0,100.0,107.05,97.32,110.0,100.0,285.55,259.59,Los Angeles Chargers,,,,,,,,,,,,,,,3,2985.0,0.9865996649916248,0.9996649916247906,0.0080509005590067,1.4334300036788268e-05,17.098724006983854,0.012344304998431,6.933214161651217,0.0304435806113819,0.0057282157477332,0.0023226848112734,4.135445560613415e-06,1.0198854476174854e-05,0.0023328836657496,0.0427878856098129,24.031938168635072,,,2788.0,197.0,False,False,0.9195630227027988,0.3728656810256605,0.8948076548252516,1.0299238031770106,0.8753399494458782,0.3930848432593503,0.9029292945676284,0.5616923793479143,0.8981734001741016,0.5488033408733795,24.0,30.0,0.0,1.0,0.3723,0.9181,Loss,-110.0,Loss,-110.0,Loss,-110.0,Loss,-107.05,Loss,-110.0,Win,260.7,Win,260.7,Win,237.0,Win,728.47,Win,260.7,Win,100.0,Win,259.59,Final,3,2021,0.0063651591289782,0.0,0.89766244655854,0.0,0.2885,0.7115,0.3672,0.6325,0.3858,0.613,Kansas City Chiefs,Kansas City Chiefs,Kansas City Chiefs,Kansas City Chiefs,Kansas City Chiefs,Same,Same,Same
2021_03_NO_NE,2021,3,2021-09-26,13:00,New Orleans Saints,New England Patriots,Home,Jameis Winston,Mac Jones,00-0031503,00-0036972,7,7,0,0,0,0,Gillette Stadium,42.0628,-71.2687,America/New_York,False,True,3,0,0,NFC South,Caesars Superdome,29.9507,-90.0813,America/Chicago,AFC East,Gillette Stadium,42.0628,-71.2687,America/New_York,Carolina Panthers,New York Jets,Bank of America Stadium,MetLife Stadium,New York Giants,Tampa Bay Buccaneers,Caesars Superdome,Gillette Stadium,1338,0,-1338,1338,-1.0,0.0,America/New_York,America/New_York,0.0,0.0,0.0,0.0,0.0,0,-6.145,-1.995,-6.145,-1.995,New England Patriots,4.15,New England Patriots,4.15,-6.145,-1.995,New England Patriots,4.15,0.0,0,No,No,No,No,No,0,No,0.0,0.0,5.231,0.212,-5.166,-2.0045,-5.166,-2.0045,0.979,-0.0095,6.21,0.2024999999999999,New England Patriots,3.1615,New England Patriots,3.1615,-5.166,-2.0045,New England Patriots,3.1615,Tie,0.0,New Orleans Saints,5.019,2.6155,0.106,New Orleans Saints,2.5095,New Orleans Saints,0.9885,New Orleans Saints,6.0075,3.5945,0.0964999999999999,New Orleans Saints,3.498,Different,Different,Different,Different,Different,Same,False,Away Team,Away Team,44.0,-144.0,130.0,New England Patriots,New Orleans Saints,3.0,-3.0,101,-122,208,-261,0.9885,-0.9885,6.0075,-6.0075,0.4348,0.5902,0.5495,0.4975,0.723,0.3247,0.4242,0.5758,0.5248,0.4752,0.6901,0.3099,0.4242,0.5758,-0.0758,0.0758,-0.0043357142857142,0.0815214285714285,New England Patriots,New Orleans Saints,0,0,1,0,0,0,0,0,1,0,0,0,0,2.5,3.0,0.0,0.001,73.0,11.0,6,3,2021-09-26,NO @ NE,11.0,73.0,0.0,nfl_read_py Fallback,False,S.Rattler,D.Maye,-0.49,-1.0,14.03,196.75,High,-10.0,10.0,43.53,43.0,13.05496336470121,27.0,61.0,0.5154,0.4842,0.0866,0.0848,0.4368,0.5194,0.448,0.5234,0.4691,0.5308,113,-113,0.5901639344262295,0.4347826086956521,-0.745,0.745,43.265,2.083666666666667,-2.083666666666667,New Orleans Saints,9.0075,New Orleans Saints,3.9885,New Orleans Saints,2.255,New Orleans Saints,5.083666666666667,New Orleans Saints,0.2553173913043479,New Orleans Saints,0.0900173913043478,New Orleans Saints,0.0494173913043478,New Orleans Saints,0.0960173913043478,Under,0.7349999999999994,100.0,130.0,218.58,284.15,110.0,100.0,0.0,0.0,110.0,100.0,0.0,0.0,New Orleans Saints,,,,,,,,,,,,,,,3,2985.0,0.9246231155778896,0.9996649916247906,0.0008446880630976,6.632426448413789e-05,1.451818589393877,0.0839822376876013,1.069575278952558,0.1139956917975502,0.0004863713867316,0.000358316676366,2.813475299417129e-05,3.81895114899666e-05,0.0003965061878559,0.1979779294851516,2.5213938683464354,,,2788.0,197.0,False,False,0.7441804476068469,0.5482482561216124,0.9146323888426752,1.0100990691595872,0.3930848432593503,0.8753399494458782,0.7554703870457072,0.7097376045935807,0.6789125717397214,0.7682088959271886,13.0,28.0,0.0,1.0,0.5474,0.743,Win,100.0,Win,100.0,Win,100.0,Win,0.0,Win,100.0,Win,143.0,Win,143.0,Win,130.0,Win,284.15,Win,143.0,Win,100.0,Win,0.0,Final,3,2021,0.0003350083752093,0.0,0.6785263514028539,0.0,0.4242,0.5758,0.527,0.4726,0.409,0.5892,New England Patriots,New England Patriots,New Orleans Saints,New England Patriots,New Orleans Saints,Same,Same,Same
2021_03_ATL_NYG,2021,3,2021-09-26,13:00,Atlanta Falcons,New York Giants,Home,Matt Ryan,Daniel Jones,00-0026143,00-0035710,7,10,-3,3,-6,3,MetLife Stadium,40.8136,-74.0744,America/New_York,False,True,3,-6,3,NFC South,Mercedes-Benz Stadium,33.7489,-84.388,America/New_York,NFC East,MetLife Stadium,40.8136,-74.0744,America/New_York,Tampa Bay Buccaneers,Washington Commanders,Raymond James Stadium,FedExField,Washington Commanders,New Orleans Saints,Mercedes-Benz Stadium,Caesars Superdome,747,0,-747,747,0.0,0.0,America/New_York,America/New_York,0.0,0.0,0.0,0.0,0.0,0,-0.71,-2.84,-0.71,-2.84,Atlanta Falcons,2.13,Atlanta Falcons,2.13,-0.71,-2.84,Atlanta Falcons,2.13,0.0,0,No,No,No,No,No,0,No,0.0,0.0,-5.248,-5.063,-0.5409999999999999,-3.507,-0.5409999999999999,-3.507,0.1689999999999999,-0.667,-5.079,-5.73,Atlanta Falcons,2.966,Atlanta Falcons,2.966,-0.5409999999999999,-3.507,Atlanta Falcons,2.966,Tie,0.0,New York Giants,0.1850000000000005,-2.624,-2.5315,New York Giants,0.0925000000000002,Atlanta Falcons,0.836,Atlanta Falcons,0.6509999999999998,-2.455,-3.1985,Atlanta Falcons,0.7434999999999996,Different,Different,Same,Same,Different,Different,False,Away Team,Away Team,48.0,-143.0,129.0,New York Giants,Atlanta Falcons,3.0,-3.0,101,-122,-104,-116,0.836,-0.836,0.6509999999999998,-0.6509999999999998,0.4367,0.5885,0.5495,0.4975,0.537,0.5098,0.426,0.574,0.5248,0.4752,0.513,0.487,0.426,0.574,-0.074,0.074,-0.0933071428571428,-0.2115357142857142,New York Giants,Atlanta Falcons,0,0,0,0,0,0,0,0,0,0,0,0,0,1.5,0.0,0.001,0.009,69.0,13.0,7,3,2021-09-26,ATL @ NYG,13.0,69.0,0.0,nfl_read_py Fallback,False,M.Penix,R.Wilson,-7.42,-8.0,13.14,172.62,Medium,-17.0,2.25,45.52,45.0,12.85810053273274,30.0,63.0,0.7218,0.277,0.079,0.07,0.631,0.32,0.3978,0.5812,0.5645,0.4352,-130,130,0.588477366255144,0.4366812227074236,-7.71,7.71,45.260000000000005,-2.0743333333333336,2.0743333333333336,Atlanta Falcons,3.651,Atlanta Falcons,3.836,New York Giants,4.71,Atlanta Falcons,0.9256666666666664,Atlanta Falcons,0.0763187772925764,Atlanta Falcons,0.0881187772925764,New York Giants,0.1333226337448559,No Bet,0.0,Under,2.739999999999995,143.0,100.0,809.93,566.39,110.0,100.0,562.75,511.59,110.0,100.0,301.3,273.91,New York Giants,,,,,,,,,,,,,,,3,2985.0,1.0,1.0,0.0034100323249881,0.0001724456556965,5.842715285311491,0.2192836202402342,4.336231204778216,0.2954666620138367,0.0019573585545432,0.0014526737704449,7.346184932671163e-05,9.898380636979454e-05,0.0015516575768147,0.5147502822540709,10.178946490089707,,,2788.0,197.0,False,False,0.7418540759401355,0.5505746277883237,0.9146323888426752,1.0100990691595872,0.6177228740474463,0.6507019186577823,1.0580103324982373,0.4060250236935602,0.8169817666746381,0.6298502477534145,14.0,17.0,0.0,1.0,0.5497,0.7407,Push,0.0,Push,0.0,Push,0.0,Push,0.0,Push,0.0,Win,141.9,Win,141.9,Loss,-143.0,Loss,-809.93,No Bet,0.0,Win,100.0,Win,273.91,Final,3,2021,0.0093802345058626,0.0,0.8165170014216819,0.0,0.426,0.574,0.4516,0.5478,0.2622,0.7354,New York Giants,New York Giants,New York Giants,New York Giants,New York Giants,Same,Same,Same
2021_03_CIN_PIT,2021,3,2021-09-26,13:00,Cincinnati Bengals,Pittsburgh Steelers,Home,Joe Burrow,Ben Roethlisberger,00-0036442,00-0022924,7,7,0,0,0,1,Acrisure Stadium,40.4468,-80.0158,America/New_York,False,True,3,0,1,AFC North,Paycor Stadium,39.0955,-84.5165,America/New_York,AFC North,Acrisure Stadium,40.4468,-80.0158,America/New_York,Chicago Bears,Las Vegas Raiders,Soldier Field,Acrisure Stadium,Jacksonville Jaguars,Green Bay Packers,Paycor Stadium,Lambeau Field,256,0,-256,256,0.0,0.0,America/Chicago,America/New_York,-1.0,0.0,0.0,0.0,0.0,0,1.31,-0.565,1.31,-0.565,Cincinnati Bengals,1.875,Cincinnati Bengals,1.875,1.31,-0.565,Cincinnati Bengals,1.875,0.0,0,No,No,No,No,No,1,No,0.0,0.0,-5.551,1.609,-0.268775,0.6842750000000002,-0.268775,0.6842750000000002,-1.560025,1.230525,-7.039425,2.7679250000000004,Pittsburgh Steelers,0.9530500000000002,Pittsburgh Steelers,0.9530500000000002,-0.268775,0.6842750000000002,Pittsburgh Steelers,0.9530500000000002,Tie,0.0,Pittsburgh Steelers,7.16,-2.7755,0.8045,Pittsburgh Steelers,3.58,Pittsburgh Steelers,2.79055,Pittsburgh Steelers,9.80735,-4.299725,1.9992250000000005,Pittsburgh Steelers,6.29895,Different,Different,Same,Same,Different,Same,False,Home Team,Home Team,47.5,-140.0,126.0,Cincinnati Bengals,Pittsburgh Steelers,2.5,-2.5,-164,135,-483,356,-2.79055,2.79055,-9.80735,9.80735,0.5283,0.5192,0.4255,0.6212,0.2193,0.8285,0.4313,0.5687,0.4065,0.5935,0.2093,0.7907,0.5043,0.4957,0.0043,-0.0043,0.0235,-0.0312785714285714,Cincinnati Bengals,Pittsburgh Steelers,0,0,0,0,0,0,0,0,0,0,0,0,1,2.5,2.0,0.0,0.005,67.0,9.0,8,3,2021-09-26,CIN @ PIT,9.0,67.0,0.0,nfl_read_py Fallback,False,J.Browning,A.Rodgers,-2.95,-4.0,13.59,184.73,Med-High,-13.0,7.0,45.38,45.0,12.879804704802272,29.0,62.0,0.5874,0.4112,0.0844,0.084,0.609,0.391,0.4126,0.5874,0.6168,0.3828,-161,161,0.5192307692307693,0.5283018867924528,-3.475,3.475,45.19,-5.357633333333333,5.357633333333333,Pittsburgh Steelers,11.30735,Pittsburgh Steelers,4.29055,Pittsburgh Steelers,4.975,Pittsburgh Steelers,6.857633333333333,Pittsburgh Steelers,0.2714692307692307,Pittsburgh Steelers,0.0742692307692307,Pittsburgh Steelers,0.0681692307692307,Pittsburgh Steelers,0.0975692307692307,Under,2.3100000000000023,108.0,100.0,354.48,328.22,110.0,100.0,447.25,406.59,110.0,100.0,333.85,303.5,Pittsburgh Steelers,,,,,,,,,,,,,,,3,2985.0,1.0,0.9989949748743718,0.0004122982815937,0.0004608336763838,0.6100631306852082,0.693709292656143,0.6206472398720002,0.6818792313496929,0.0002043762581859,0.0002079220234077,0.0002323984230003,0.0002284352533834,0.0004363572767911,1.375588524005836,1.2307103705572084,,,2788.0,197.0,False,False,0.6406569084381972,0.651771795290262,1.1423281203243427,0.7824033376779195,1.002943483592024,0.2654813091132043,0.8610075773198458,0.6027346200100793,0.8926737886358136,0.5540134991728103,10.0,24.0,0.0,1.0,0.5566,0.7339,Loss,-110.0,Loss,-110.0,Loss,-110.0,Loss,-447.25,Loss,-110.0,Loss,-110.0,Loss,-110.0,Loss,-108.0,Loss,-354.48,Loss,-110.0,Win,100.0,Win,303.5,Final,3,2021,0.0040201005025125,0.0006700167504187,0.8921659636437439,0.55369833152209,0.5043,0.4957,0.417,0.5829,0.507,0.4924,Cincinnati Bengals,Cincinnati Bengals,Pittsburgh Steelers,Pittsburgh Steelers,Pittsburgh Steelers,Same,Different,Same
2021_03_IND_TEN,2021,3,2021-09-26,13:00,Indianapolis Colts,Tennessee Titans,Home,Carson Wentz,Ryan Tannehill,00-0032950,00-0029701,7,7,0,0,0,0,Nissan Stadium,36.1664,-86.7716,America/Chicago,False,False,3,0,0,AFC South,Lucas Oil Stadium,39.7601,-86.1638,America/Indiana/Indianapolis,AFC South,Nissan Stadium,36.1664,-86.7716,America/Chicago,Los Angeles Rams,Seattle Seahawks,Lucas Oil Stadium,Lumen Field,Miami Dolphins,New York Jets,Hard Rock Stadium,MetLife Stadium,250,0,-250,250,1.0,0.0,America/Indiana/Indianapolis,America/Los_Angeles,1.0,-2.0,1.0,0.0,1.0,0,-2.265,-4.36,-2.265,-4.36,Indianapolis Colts,2.095,Indianapolis Colts,2.095,-2.265,-4.36,Indianapolis Colts,2.095,0.0,0,No,No,No,No,No,1,No,0.0,0.0,-1.061,-1.165,-1.573475,-5.981025,-1.573475,-5.981025,0.712475,-1.641975,-0.349565,-2.805935,Indianapolis Colts,4.40755,Indianapolis Colts,4.40755,-1.573475,-5.981025,Indianapolis Colts,4.40755,Tie,0.0,Indianapolis Colts,0.104,-0.5305,-0.5825,Indianapolis Colts,0.052,Indianapolis Colts,2.35445,Indianapolis Colts,2.45637,0.1814549999999999,-2.223955,Indianapolis Colts,2.4054100000000003,Different,Same,Same,Same,Different,Same,False,Away Team,Away Team,47.0,-196.0,175.0,Tennessee Titans,Indianapolis Colts,4.5,-4.5,117,-142,117,-142,2.35445,-2.35445,2.45637,-2.45637,0.3636,0.6622,0.5868,0.4608,0.5868,0.4608,0.3545,0.6455,0.5601,0.4399,0.5601,0.4399,0.3545,0.6455,-0.1455,0.1455,0.0511714285714285,-0.0081642857142857,Tennessee Titans,Indianapolis Colts,0,0,0,0,0,0,1,1,0,0,1,1,1,3.0,2.5,0.0,0.018,72.0,4.0,9,3,2021-09-26,IND @ TEN,4.0,72.0,0.0,nfl_read_py Fallback,False,D.Jones,C.Ward,7.69,9.0,13.83,191.16,Med-High,-3.0,17.0,44.8,44.0,13.13585875826409,29.0,62.0,0.288,0.7114,0.0686,0.0764,0.215,0.785,0.3886,0.5688,0.4533,0.5465,121,-121,0.6621621621621622,0.3636363636363636,8.345,-8.345,44.4,4.385273333333333,-4.385273333333333,Indianapolis Colts,6.95637,Indianapolis Colts,6.85445,Indianapolis Colts,12.845,Indianapolis Colts,8.885273333333334,Indianapolis Colts,0.1964636363636364,Indianapolis Colts,0.1964636363636364,Indianapolis Colts,0.3477636363636364,Indianapolis Colts,0.1828636363636363,Under,2.6000000000000014,100.0,175.0,1366.21,2390.88,110.0,100.0,1371.25,1246.59,110.0,100.0,236.2,214.73,Indianapolis Colts,,,,,,,,,,,,,,,3,2985.0,1.0,1.0,0.015284801072064,3.6775581823725184e-05,29.45102218967173,0.038915277113184,16.174109010439395,0.0708598346306356,0.0098663390920173,0.0054184619800466,1.3036943756510577e-05,2.373863806721461e-05,0.0054422006181139,0.1097751117438196,45.62513120011112,,,2788.0,197.0,False,False,0.8342627282567204,0.4581659754717388,0.8466893683751952,1.078042089627067,0.55798006631103,0.7104447263941985,0.4221487610965535,1.0427660716808618,0.6560457658699972,0.7909309751774839,25.0,16.0,1.0,0.0,0.4575,0.833,Loss,-110.0,Loss,-110.0,Loss,-110.0,Loss,-1371.25,Loss,-110.0,Loss,-110.0,Loss,-110.0,Loss,-100.0,Loss,-1366.21,Loss,-110.0,Win,100.0,Win,214.73,Final,3,2021,0.009715242881072,0.0,0.6556725540202806,0.0,0.3545,0.6455,0.5523,0.4475,0.7012,0.2982,Tennessee Titans,Indianapolis Colts,Indianapolis Colts,Indianapolis Colts,Indianapolis Colts,Same,Same,Same
2021_03_NYJ_DEN,2021,3,2021-09-26,16:05,New York Jets,Denver Broncos,Home,Zach Wilson,Teddy Bridgewater,00-0037013,00-0031237,7,7,0,0,0,0,Empower Field at Mile High,39.7648,-105.0076,America/Denver,False,False,3,0,0,AFC East,MetLife Stadium,40.8136,-74.0744,America/New_York,AFC West,Empower Field at Mile High,39.7648,-105.0076,America/Denver,New England Patriots,Jacksonville Jaguars,MetLife Stadium,TIAA Bank Field,Tennessee Titans,Baltimore Ravens,MetLife Stadium,Empower Field at Mile High,1622,0,-1622,1622,2.0,0.0,America/New_York,America/New_York,2.0,2.0,2.0,0.0,2.0,0,-3.725,2.05,-3.725,2.05,Denver Broncos,5.775,Denver Broncos,5.775,-3.725,2.05,Denver Broncos,5.775,-0.15,0,No,No,No,No,No,0,No,0.0,0.0,-8.959,-1.481,-4.617,1.4694999999999998,-4.617,1.4694999999999998,-0.892,-0.5805,-9.851,-2.0615,Denver Broncos,6.0865,Denver Broncos,6.0865,-4.617,1.4694999999999998,Denver Broncos,6.0865,Tie,0.0,Denver Broncos,7.478,-4.4795,-0.7405,Denver Broncos,3.739,Denver Broncos,0.3115,Denver Broncos,7.7894999999999985,-5.371499999999999,-1.3210000000000002,Denver Broncos,4.0505,Different,Same,Same,Same,Different,Same,False,Home Team,Home Team,42.0,-597.0,470.0,Denver Broncos,New York Jets,10.5,-10.5,-116,-104,-366,282,-0.3115,0.3115,-7.7894999999999985,7.7894999999999985,0.1754,0.8565,0.5098,0.537,0.2618,0.7854,0.17,0.83,0.487,0.513,0.25,0.75,0.17,0.83,-0.33,0.33,-0.2111642857142857,-0.0039142857142857,Denver Broncos,New York Jets,0,0,0,0,0,0,0,0,0,0,0,0,0,0.0,2.5,0.0,0.368,82.0,6.0,10,3,2021-09-26,NYJ @ DEN,6.0,82.0,0.0,nfl_read_py Fallback,False,T.Taylor,B.Nix,-8.59,-9.0,12.81,164.07,Med-Low,-17.0,-1.0,42.13,41.0,12.298832922609026,27.0,58.0,0.7602,0.2392,0.0746,0.0766,0.4314,0.5686,0.4712,0.5064,0.7133,0.2866,-249,249,0.8565279770444764,0.175438596491228,-8.795,8.795,41.565,-5.632000000000001,5.632000000000001,New York Jets,2.710500000000001,New York Jets,10.1885,New York Jets,1.705,New York Jets,4.867999999999999,New York Jets,0.0745614035087719,New York Jets,0.3115614035087719,New York Jets,0.0637614035087719,New York Jets,0.1111614035087719,Under,0.4350000000000023,100.0,470.0,193.32,908.6,110.0,100.0,235.15,213.77,110.0,100.0,0.0,0.0,New York Jets,,,,,,,,,,,,,,,3,2985.0,0.9343383584589616,1.0,0.313349460498284,0.0001420010037115,776.3389558575237,0.0720584093334142,159.00918372985427,0.351814586745493,0.2600800522135758,0.0532694082847082,2.4140170630959543e-05,0.0001178608330805,0.0533872691177888,0.4238729960789072,935.348139587378,,,2788.0,197.0,False,False,1.072715824094621,0.2197128796338381,0.9873872379551604,0.9373442200471016,0.9513185945289214,0.3171061981763071,1.114296833977778,0.3506179987996375,1.0323349763844452,0.4147864912824646,26.0,0.0,1.0,0.0,0.2194,1.071,Loss,-110.0,Loss,-110.0,Loss,-110.0,Loss,-235.15,Loss,-110.0,Loss,-110.0,Loss,-110.0,Loss,-100.0,Loss,-193.32,Loss,-110.0,Win,100.0,Win,0.0,Final,3,2021,0.4917922948073702,0.0,1.0317477008221183,0.0,0.17,0.83,0.3236,0.6762,0.231,0.7684,Denver Broncos,Denver Broncos,Denver Broncos,Denver Broncos,Denver Broncos,Same,Same,Same
2021_03_MIA_LV,2021,3,2021-09-26,16:05,Miami Dolphins,Las Vegas Raiders,Home,Jacoby Brissett,Derek Carr,00-0033119,00-0031280,7,7,0,0,0,-1,Allegiant Stadium,36.108,-115.1578,America/Los_Angeles,False,False,3,0,-1,AFC East,Hard Rock Stadium,25.9602,-80.2384,America/New_York,AFC West,Allegiant Stadium,36.108,-115.1578,America/Los_Angeles,Buffalo Bills,Pittsburgh Steelers,Hard Rock Stadium,Acrisure Stadium,Indianapolis Colts,Los Angeles Chargers,Hard Rock Stadium,SoFi Stadium,2168,0,-2168,2168,3.0,0.0,America/New_York,America/New_York,3.0,3.0,3.0,0.0,3.0,0,0.66,-2.35,0.66,-2.35,Miami Dolphins,3.01,Miami Dolphins,3.01,0.66,-2.35,Miami Dolphins,3.01,-0.2249999999999999,0,No,No,No,No,No,0,No,0.0,0.0,-1.148,0.962,-0.4945,-2.3715,-0.4945,-2.3715,-1.1545,-0.0215,-2.3025,0.9405,Miami Dolphins,1.877,Miami Dolphins,1.877,-0.4945,-2.3715,Miami Dolphins,1.877,Tie,0.0,Las Vegas Raiders,2.11,-0.574,0.481,Las Vegas Raiders,1.055,Las Vegas Raiders,1.133,Las Vegas Raiders,3.2429999999999994,-1.7285,0.4594999999999999,Las Vegas Raiders,2.188,Different,Different,Different,Different,Different,Same,False,Home Team,Home Team,40.72222222222222,-194.0,173.0,Las Vegas Raiders,Miami Dolphins,4.0,-4.0,-122,101,-164,135,-1.133,1.133,-3.2429999999999994,3.2429999999999994,0.3953,0.6466,0.4975,0.5495,0.4255,0.6212,0.357,0.643,0.4752,0.5248,0.4065,0.5935,0.3794,0.6206,-0.1206,0.1206,-0.0258357142857142,-0.0837,Las Vegas Raiders,Miami Dolphins,0,0,0,1,0,0,0,0,0,1,0,0,0,2.0,1.5,0.0,0.047,,,11,3,2021-09-26,MIA @ LV,0.0,70.0,0.0,Dome,True,T.Tagovailoa,G.Smith,-0.02,1.0,12.93,167.06,Med-Low,-10.0,10.0,42.73,42.0,12.998991303750572,26.0,60.0,0.4978,0.5008,0.093,0.0884,0.4162,0.5838,0.549,0.451,0.5592,0.4405,-127,127,0.6466431095406361,0.3952569169960474,0.49,-0.49,42.365,-1.295333333333333,1.295333333333333,Las Vegas Raiders,0.0207777777777771,Miami Dolphins,2.0892222222222223,Miami Dolphins,3.712222222222223,Miami Dolphins,1.926888888888889,Miami Dolphins,0.0112430830039525,Miami Dolphins,0.0799430830039525,Miami Dolphins,0.1055430830039526,Miami Dolphins,0.0452430830039525,Over,1.6427777777777737,100.0,153.0,436.31,667.56,110.0,100.0,314.95,286.32,110.0,100.0,132.25,120.23,Miami Dolphins,,,,,,,,,,,,,,,3,2985.0,0.9996649916247906,0.9996649916247906,0.0539968257911789,3.739857172170454e-05,100.0286338067268,0.0423542190619758,61.15189117994222,0.0692805175273121,0.0335104300860056,0.0204863957051732,1.4189018111214704e-05,2.320955361048984e-05,0.0205096052587837,0.111634736589288,161.180524986669,,,2788.0,197.0,False,False,0.8020812535338819,0.4903474501945775,1.0100990691595872,0.9146323888426752,0.7528101144705531,0.5156146782346753,0.729672407200918,0.7340697901290071,0.8093112558449205,0.6375207585831321,31.0,28.0,1.0,0.0,0.4607,0.8297,Win,100.0,Loss,-110.0,Loss,-110.0,Loss,-314.95,Loss,-110.0,Loss,-110.0,Loss,-110.0,Loss,-100.0,Loss,-436.31,Loss,-110.0,Win,100.0,Win,120.23,Final,3,2021,0.0083752093802345,0.0003350083752093,0.8088508541984137,0.6371580852546517,0.3794,0.6206,0.4695,0.5302,0.4884,0.5106,Las Vegas Raiders,Las Vegas Raiders,Las Vegas Raiders,Miami Dolphins,Las Vegas Raiders,Same,Different,Same
2021_03_TB_LA,2021,3,2021-09-26,16:25,Tampa Bay Buccaneers,Los Angeles Rams,Home,Tom Brady,Matthew Stafford,00-0019596,00-0026498,7,7,0,0,3,0,SoFi Stadium,33.9535,-118.3395,America/Los_Angeles,False,False,3,3,0,NFC South,Raymond James Stadium,27.9759,-82.5033,America/New_York,NFC West,SoFi Stadium,33.9535,-118.3395,America/Los_Angeles,Atlanta Falcons,Indianapolis Colts,Raymond James Stadium,Lucas Oil Stadium,New England Patriots,Arizona Cardinals,Gillette Stadium,SoFi Stadium,2150,0,-2150,2150,3.0,0.0,America/New_York,America/Indiana/Indianapolis,3.0,3.0,3.0,0.0,3.0,0,1.025,1.29,1.025,1.29,Los Angeles Rams,0.2650000000000001,Los Angeles Rams,0.2650000000000001,1.025,1.29,Los Angeles Rams,0.2650000000000001,-0.2249999999999999,0,No,No,No,No,No,0,No,0.0,0.0,4.734,3.541,3.0415,0.5780000000000001,3.0415,0.5780000000000001,2.0165,-0.712,6.750500000000001,2.829,Tampa Bay Buccaneers,2.4635,Tampa Bay Buccaneers,2.4635,3.0415,0.5780000000000001,Tampa Bay Buccaneers,2.4635,Tie,0.0,Tampa Bay Buccaneers,1.193,2.367,1.7705,Tampa Bay Buccaneers,0.5965,Tampa Bay Buccaneers,2.7285000000000004,Tampa Bay Buccaneers,3.921500000000001,4.383500000000001,1.0585,Tampa Bay Buccaneers,3.3250000000000006,Different,Different,Same,Same,Different,Same,False,Away Team,Away Team,55.0,-104.0,-106.0,Tampa Bay Buccaneers,Los Angeles Rams,-1.0,1.0,117,-142,171,-211,2.7285000000000004,-2.7285000000000004,3.921500000000001,-3.921500000000001,0.5146,0.5098,0.5868,0.4608,0.6785,0.369,0.5023,0.4977,0.5601,0.4399,0.6477,0.3523,0.5023,0.4977,0.0023,-0.0023,0.2577928571428571,0.1873928571428571,Tampa Bay Buccaneers,Los Angeles Rams,0,0,0,0,0,0,0,0,0,0,0,0,0,5.0,4.5,0.001,0.001,,,12,3,2021-09-26,TB @ LA,0.0,70.0,0.0,Dome,True,B.Mayfield,M.Stafford,-5.07,-6.0,13.79,190.07,Med-High,-14.0,5.0,56.52,56.0,14.38583683559257,38.900000000000034,75.0,0.6486,0.351,0.0918,0.0784,0.649,0.3304,0.5126,0.4634,0.4846,0.5153,106,-106,0.5098039215686274,0.5145631067961165,-5.535,5.535,56.260000000000005,0.371666666666667,-0.371666666666667,Tampa Bay Buccaneers,2.921500000000001,Tampa Bay Buccaneers,1.7285000000000004,Los Angeles Rams,6.535,Los Angeles Rams,0.628333333333333,Tampa Bay Buccaneers,0.1331368932038835,Tampa Bay Buccaneers,0.0455368932038835,Los Angeles Rams,0.1387960784313725,Tampa Bay Buccaneers,0.0007368932038834,Over,1.2600000000000051,104.0,100.0,707.86,680.63,110.0,100.0,657.25,597.5,110.0,100.0,0.0,0.0,Los Angeles Rams,,,,,,,,,,,,,,,3,2985.0,0.6137353433835846,0.6814070351758794,0.0001102032317133,0.0001132907029645,0.1637217230448494,0.1698641714958083,0.1652349236195054,0.1683085768534019,5.484814842373516e-05,5.5355083289616585e-05,5.690592009909826e-05,5.63847828654613e-05,0.000111739866155,0.3381727483492103,0.3289566466643549,,,2788.0,197.0,False,False,0.6432417658456542,0.649186937882805,0.8466893683751952,1.078042089627067,0.446866054470052,0.8215587382351766,0.9507141890528632,0.5144938025864246,0.7013451977511596,0.7457762699157502,34.0,24.0,1.0,0.0,0.6482,0.6422,Loss,-110.0,Loss,-110.0,Win,100.0,Win,597.5,Win,100.0,Loss,-110.0,Loss,-110.0,Win,100.0,Win,680.63,Loss,-110.0,Win,100.0,Win,0.0,Final,3,2021,0.0003350083752093,0.0,0.7009462159237325,0.0,0.5023,0.4977,0.5233,0.4767,0.3542,0.6458,Tampa Bay Buccaneers,Los Angeles Rams,Tampa Bay Buccaneers,Los Angeles Rams,Tampa Bay Buccaneers,Same,Same,Same
2021_03_SEA_MIN,2021,3,2021-09-26,16:25,Seattle Seahawks,Minnesota Vikings,Home,Russell Wilson,Kirk Cousins,00-0029263,00-0029604,7,7,0,0,0,0,U.S. Bank Stadium,44.9738,-93.2575,America/Chicago,False,False,3,0,0,NFC West,Lumen Field,47.5952,-122.3316,America/Los_Angeles,NFC North,U.S. Bank Stadium,44.9738,-93.2575,America/Chicago,Tennessee Titans,Arizona Cardinals,Lumen Field,State Farm Stadium,San Francisco 49ers,Cleveland Browns,Levi's Stadium,U.S. Bank Stadium,1391,0,-1391,1391,-2.0,0.0,America/Los_Angeles,America/Denver,-2.0,-1.0,-2.0,0.0,-2.0,0,-0.13,0.27,-0.13,0.27,Minnesota Vikings,0.4,Minnesota Vikings,0.4,-0.13,0.27,Minnesota Vikings,0.4,-0.3,0,No,No,No,No,No,0,No,0.0,0.0,0.729,-2.776,-0.608,-1.14,-0.608,-1.14,-0.478,-1.41,0.251,-4.186,Seattle Seahawks,0.5319999999999999,Seattle Seahawks,0.5319999999999999,-0.608,-1.14,Seattle Seahawks,0.5319999999999999,Tie,0.0,Seattle Seahawks,3.505,0.3645,-1.388,Seattle Seahawks,1.7525,Seattle Seahawks,0.932,Seattle Seahawks,4.437,-0.1134999999999999,-2.798,Seattle Seahawks,2.6845,Different,Different,Same,Same,Different,Same,False,Away Team,Away Team,53.5,109.0,-120.0,Seattle Seahawks,Minnesota Vikings,-2.0,2.0,101,-122,181,-224,0.932,-0.932,4.437,-4.437,0.5455,0.4785,0.5495,0.4975,0.6914,0.3559,0.5327,0.4673,0.5248,0.4752,0.6602,0.3398,0.5327,0.4673,0.0327,-0.0327,0.05465,-0.0070857142857142,Seattle Seahawks,Minnesota Vikings,0,0,0,0,0,0,0,0,0,0,0,0,0,3.0,2.5,0.002,0.0,,,13,3,2021-09-26,SEA @ MIN,0.0,70.0,0.0,Dome,True,S.Darnold,C.Wentz,-1.32,-3.0,13.62,185.5,Med-High,-11.0,8.0,51.68,51.0,13.980437073430602,34.0,70.0,0.544,0.455,0.0924,0.0798,0.5656,0.42,0.4374,0.5626,0.4566,0.5432,119,-119,0.4784688995215311,0.5454545454545454,-2.16,2.16,51.34,1.0696666666666663,-1.0696666666666663,Seattle Seahawks,2.4370000000000003,Minnesota Vikings,1.068,Minnesota Vikings,4.16,Minnesota Vikings,0.9303333333333336,Seattle Seahawks,0.1147454545454546,No Bet,0.0,Minnesota Vikings,0.0655311004784689,No Bet,0.0,Under,2.1599999999999966,100.0,109.0,314.13,342.4,110.0,100.0,219.4,199.45,110.0,100.0,203.65,185.14,Minnesota Vikings,,,,,,,,,,,,,,,3,2985.0,1.0,0.9976549413735344,0.0001754433302633,0.0004713131985669,0.2447242346727457,0.7494395945166951,0.2789741061634316,0.6574303032056537,8.198466823207561e-05,9.34586620313004e-05,0.0002510685408766,0.0002202446576903,0.0003137033197216,1.4068698977223488,0.5236983408361774,,,2788.0,197.0,False,False,0.603951933252309,0.6884767704761502,0.9146323888426752,1.0100990691595872,0.4310107445612366,0.8374140481439919,0.7973921042934902,0.6669364107601802,0.6608217443111422,0.786154996736339,30.0,17.0,1.0,0.0,0.6874,0.603,Loss,-110.0,Win,100.0,Win,100.0,Win,199.45,Win,100.0,Loss,-110.0,No Bet,0.0,Win,109.0,Win,342.4,No Bet,0.0,Win,100.0,Win,185.14,Final,3,2021,0.0,0.0,0.0,0.0,0.5327,0.4673,0.5585,0.4412,0.4862,0.5122,Seattle Seahawks,Minnesota Vikings,Seattle Seahawks,Minnesota Vikings,Seattle Seahawks,Same,Same,Same
2021_03_GB_SF,2021,3,2021-09-26,20:20,Green Bay Packers,San Francisco 49ers,Home,Aaron Rodgers,Jimmy Garoppolo,00-0023459,00-0031345,6,7,-1,1,-1,1,Levi's Stadium,37.4031,-121.9702,America/Los_Angeles,False,False,3,-1,1,NFC North,Lambeau Field,44.5013,-88.0622,America/Chicago,NFC West,Levi's Stadium,37.4031,-121.9702,America/Los_Angeles,Detroit Lions,Philadelphia Eagles,Lambeau Field,Lincoln Financial Field,Pittsburgh Steelers,Seattle Seahawks,Lambeau Field,Levi's Stadium,1820,0,-1820,1820,2.0,0.0,America/Chicago,America/New_York,2.0,3.0,2.0,0.0,2.0,0,3.535,3.325,3.535,3.325,Green Bay Packers,0.2099999999999999,Green Bay Packers,0.2099999999999999,3.535,3.325,Green Bay Packers,0.2099999999999999,-0.15,0,No,No,No,No,Yes,0,No,0.0,0.0,1.165,4.345,3.0705000000000005,1.7905000000000002,3.0705000000000005,1.7905000000000002,-0.4644999999999999,-1.5345,0.7005,2.8105,Green Bay Packers,1.2800000000000002,Green Bay Packers,1.2800000000000002,3.0705000000000005,1.7905000000000002,Green Bay Packers,1.2800000000000002,Tie,0.0,San Francisco 49ers,3.18,0.5825,2.1725,San Francisco 49ers,1.59,Green Bay Packers,1.07,San Francisco 49ers,2.11,0.118,0.6379999999999999,San Francisco 49ers,0.5199999999999999,Different,Different,Same,Different,Different,Same,False,Away Team,Home Team,50.5,-179.0,160.0,San Francisco 49ers,Green Bay Packers,3.5,-3.5,101,-122,-131,108,1.07,-1.07,-2.11,2.11,0.3846,0.6416,0.5495,0.4975,0.4808,0.5671,0.3748,0.6252,0.5248,0.4752,0.4588,0.5412,0.3748,0.6252,-0.1252,0.1252,0.1214428571428571,0.0837071428571428,San Francisco 49ers,Green Bay Packers,0,0,0,0,1,1,0,0,0,0,1,1,0,3.5,3.0,0.0,0.001,69.0,15.0,14,3,2021-09-26,GB @ SF,15.0,69.0,0.0,nfl_read_py Fallback,False,J.Love,M.Jones,1.28,2.0,14.13,199.68,High,-9.0,11.0,48.3,47.0,13.663017806147886,31.0,66.0,0.4604,0.5386,0.093,0.0924,0.3828,0.6172,0.4222,0.5778,0.5255,0.4742,-111,111,0.6415770609318996,0.3846153846153846,1.64,-1.64,47.65,0.2000000000000001,-0.2000000000000001,Green Bay Packers,1.39,Green Bay Packers,4.57,Green Bay Packers,5.140000000000001,Green Bay Packers,3.7,Green Bay Packers,0.0741846153846153,Green Bay Packers,0.1401846153846154,Green Bay Packers,0.1539846153846153,Green Bay Packers,0.0895846153846153,Under,2.8500000000000014,100.0,160.0,625.56,1000.9,110.0,100.0,490.3,445.73,110.0,100.0,283.45,257.68,Green Bay Packers,,,,,,,,,,,,,,,3,2985.0,0.7192629815745394,0.7393634840871022,0.0016650278769952,2.8343652517924296e-05,3.107311654661855,0.0317102548766983,1.862796558169008,0.0528955478893057,0.0010409754286974,0.0006240524482978,1.0623200963718026e-05,1.772045155420627e-05,0.000641772899852,0.084605802766004,4.970108212830863,,,2788.0,197.0,False,False,0.8080264255710328,0.4844022781574266,0.9146323888426752,1.0100990691595872,0.6864714978120697,0.5819532948931588,0.6748517000307405,0.7894768150229297,0.7605383850974707,0.6862936293305817,28.0,30.0,0.0,1.0,0.4836,0.8068,Loss,-110.0,Loss,-110.0,Loss,-110.0,Loss,-490.3,Loss,-110.0,Win,176.0,Win,176.0,Win,160.0,Win,1000.9,Win,176.0,Loss,-110.0,Loss,-283.45,Final,3,2021,0.0006700167504187,0.0,0.7601057294014062,0.0,0.3748,0.6252,0.5436,0.4564,0.6062,0.3938,San Francisco 49ers,Green Bay Packers,Green Bay Packers,Green Bay Packers,San Francisco 49ers,Same,Same,Different
2021_03_PHI_DAL,2021,3,2021-09-27,20:15,Philadelphia Eagles,Dallas Cowboys,Home,Jalen Hurts,Dak Prescott,00-0036389,00-0033077,8,8,0,0,0,3,AT&T Stadium,32.7369,-97.0826,America/Chicago,False,False,3,0,3,NFC East,Lincoln Financial Field,39.9008,-75.1675,America/New_York,NFC East,AT&T Stadium,32.7369,-97.0826,America/Chicago,San Francisco 49ers,Los Angeles Chargers,Lincoln Financial Field,SoFi Stadium,Kansas City Chiefs,Carolina Panthers,Lincoln Financial Field,AT&T Stadium,1311,0,-1311,1311,1.0,0.0,America/New_York,America/Los_Angeles,1.0,-2.0,1.0,0.0,1.0,0,4.905,-0.615,4.905,-0.615,Philadelphia Eagles,5.5200000000000005,Philadelphia Eagles,5.5200000000000005,4.905,-0.615,Philadelphia Eagles,5.5200000000000005,0.0,0,No,No,No,No,No,1,No,0.0,0.0,-1.994,-0.018,3.5671700000000004,-0.4341699999999999,3.5671700000000004,-0.4341699999999999,-1.2826300000000002,0.12563,-3.25687,0.08787,Philadelphia Eagles,4.001340000000001,Philadelphia Eagles,4.001340000000001,3.5671700000000004,-0.4341699999999999,Philadelphia Eagles,4.001340000000001,Tie,0.0,Dallas Cowboys,1.976,-0.997,-0.009,Dallas Cowboys,0.988,Dallas Cowboys,1.4082600000000003,Dallas Cowboys,3.3447400000000003,-2.26975,0.10675,Dallas Cowboys,2.3765,Different,Different,Different,Different,Different,Same,False,Home Team,Home Team,51.5,-189.0,168.0,Dallas Cowboys,Philadelphia Eagles,3.5,-3.5,-128,105,-191,156,-1.4082600000000003,1.4082600000000003,-3.3447400000000003,3.3447400000000003,0.3731,0.654,0.4878,0.5614,0.3906,0.6564,0.3633,0.6367,0.4649,0.5351,0.3731,0.6269,0.3633,0.6367,-0.1367,0.1367,0.0252999999999999,0.1542571428571428,Dallas Cowboys,Philadelphia Eagles,0,1,0,0,0,0,0,0,0,1,0,0,1,2.5,4.0,0.0,0.006,,,15,3,2021-09-27,PHI @ DAL,0.0,70.0,0.0,Dome,True,J.Hurts,D.Prescott,-5.34,-6.0,14.07,198.01,High,-15.0,5.0,57.56,57.0,14.429422410000244,39.0,76.0,0.6602,0.3392,0.0818,0.0766,0.5772,0.4228,0.652,0.348,0.6147,0.3851,-160,160,0.6539792387543253,0.373134328358209,-5.67,5.67,57.28,-3.474333333333333,3.474333333333333,Philadelphia Eagles,0.1552599999999997,Philadelphia Eagles,2.09174,Dallas Cowboys,2.17,Philadelphia Eagles,0.0256666666666665,No Bet,0.0,Philadelphia Eagles,0.091765671641791,Dallas Cowboys,0.0062207612456747,Philadelphia Eagles,0.011965671641791,Over,5.780000000000001,189.0,100.0,44.94,23.78,110.0,100.0,280.3,254.82,110.0,100.0,673.0,611.82,Dallas Cowboys,,,,,,,,,,,,,,,3,2985.0,1.0,0.9993299832495812,0.0017713760738844,8.69809128362977e-06,3.36658791153312,0.0094326494415779,1.9209696690120648,0.0165311530400569,0.0011278351462422,0.0006435409276422,3.1600165633426954e-06,5.538074720287074e-06,0.0006490790023625,0.0259638024816348,5.287557580545185,,,2788.0,197.0,False,False,0.8228893556639101,0.4695393480645493,1.0299238031770106,0.8948076548252516,0.7951755025469078,0.4732492901583207,0.9677174030414746,0.4971974297359409,0.8896345296278123,0.5573422114196689,41.0,21.0,1.0,0.0,0.4688,0.8216,Loss,-110.0,Loss,-110.0,Win,100.0,Win,254.82,Loss,-110.0,No Bet,0.0,Loss,-110.0,Win,100.0,Win,23.78,Loss,-110.0,Win,100.0,Win,611.82,Final,3,2021,0.0003350083752093,0.0,0.8891284336118829,0.0,0.3633,0.6367,0.3644,0.6354,0.3196,0.6796,Dallas Cowboys,Dallas Cowboys,Dallas Cowboys,Dallas Cowboys,Dallas Cowboys,Same,Same,Same
2021_04_JAX_CIN,2021,4,2021-09-30,20:20,Jacksonville Jaguars,Cincinnati Bengals,Home,Trevor Lawrence,Joe Burrow,00-0036971,00-0036442,4,4,0,0,0,0,Paycor Stadium,39.0955,-84.5165,America/New_York,False,False,4,0,0,AFC South,TIAA Bank Field,30.3239,-81.6554,America/New_York,AFC North,Paycor Stadium,39.0955,-84.5165,America/New_York,Arizona Cardinals,Pittsburgh Steelers,TIAA Bank Field,Acrisure Stadium,Tennessee Titans,Green Bay Packers,TIAA Bank Field,Paycor Stadium,627,0,-627,627,0.0,0.0,America/New_York,America/New_York,0.0,0.0,0.0,0.0,0.0,0,-1.825,1.31,-1.825,1.31,Cincinnati Bengals,3.135,Cincinnati Bengals,3.135,-1.825,1.31,Cincinnati Bengals,3.135,0.0,0,No,No,No,No,No,0,No,0.0,0.0,-12.63,-2.188,-0.968,2.8985000000000003,-0.968,2.8985000000000003,0.857,1.5885,-11.773,-0.5995000000000001,Cincinnati Bengals,3.8665,Cincinnati Bengals,3.8665,-0.968,2.8985000000000003,Cincinnati Bengals,3.8665,Tie,0.0,Cincinnati Bengals,10.442,-6.315,-1.094,Cincinnati Bengals,5.221,Cincinnati Bengals,0.7315,Cincinnati Bengals,11.1735,-5.458000000000001,0.4944999999999999,Cincinnati Bengals,5.952500000000001,Different,Same,Same,Same,Different,Same,True,Home Team,Home Team,51.5,-373.0,313.0,Cincinnati Bengals,Jacksonville Jaguars,7.5,-7.5,-116,-104,-567,406,-0.7315,0.7315,-11.1735,11.1735,0.4673,0.5745,0.5098,0.537,0.1976,0.8501,0.2349,0.7651,0.487,0.513,0.1886,0.8114,0.4486,0.5514,-0.0514,0.0514,-0.1893692307692307,0.0213538461538461,Cincinnati Bengals,Jacksonville Jaguars,0,0,0,0,0,0,0,0,0,0,0,0,0,0.5,2.5,0.0,0.187,65.0,0.0,0,4,2021-09-30,JAX @ CIN,0.0,65.0,0.0,nfl_read_py Fallback,False,T.Lawrence,J.Browning,-9.12,-10.0,13.26,175.89,Medium,-18.0,-1.75,48.42,48.0,13.094959778262735,32.0,65.0,0.7618,0.2366,0.0778,0.0748,0.732,0.268,0.3912,0.6088,0.6594,0.3402,-194,194,0.574468085106383,0.4672897196261682,-9.56,9.56,48.21,-7.155,7.155,Cincinnati Bengals,8.6735,Jacksonville Jaguars,1.7685,Cincinnati Bengals,7.059999999999999,Cincinnati Bengals,4.655,Cincinnati Bengals,0.2369319148936169,Jacksonville Jaguars,0.0197102803738317,Cincinnati Bengals,0.187331914893617,Cincinnati Bengals,0.0849319148936169,Under,3.289999999999999,135.0,100.0,1100.58,815.24,110.0,100.0,1093.0,993.64,110.0,100.0,446.2,405.64,Cincinnati Bengals,,,,,,,,,,,,,,,4,2917.0,0.998971546109016,1.0,0.1690796803110424,0.0016344488822313,271.9534727054752,2.138784562915696,221.25195476183563,2.6289028265530865,0.0932305357235088,0.0758491445875336,0.0007332137685689,0.0009012351136623,0.076750379701196,4.767687389468782,493.2054274673108,,,2887.0,30.0,False,False,0.7194125390554248,0.5852892002543771,1.0530265432139878,0.9996567768912517,1.0176830390518552,0.2365479679137045,0.9842182028603276,0.3056786909907501,0.9336849009851156,0.481710044457289,24.0,21.0,1.0,0.0,0.2933,0.9552,Win,100.0,Loss,-110.0,Win,100.0,Win,993.64,Win,100.0,Win,29.49,Loss,-110.0,Win,36.19,Win,295.06,Win,29.49,Win,100.0,Win,405.64,Final,4,2021,0.3229345217689407,0.0,0.947535931929645,0.0,0.4486,0.5514,0.3426,0.6572,0.1616,0.838,Cincinnati Bengals,Cincinnati Bengals,Cincinnati Bengals,Cincinnati Bengals,Cincinnati Bengals,Same,Same,Same
2021_04_WAS_ATL,2021,4,2021-10-03,13:00,Washington Commanders,Atlanta Falcons,Home,Taylor Heinicke,Matt Ryan,00-0031800,00-0026143,7,7,0,0,3,-6,Mercedes-Benz Stadium,33.7489,-84.388,America/New_York,False,True,4,3,-6,NFC East,FedExField,38.9077,-76.8645,America/New_York,NFC South,Mercedes-Benz Stadium,33.7489,-84.388,America/New_York,Buffalo Bills,New York Giants,Highmark Stadium,MetLife Stadium,New Orleans Saints,New York Jets,FedExField,Mercedes-Benz Stadium,549,0,-549,549,0.0,0.0,America/New_York,America/New_York,0.0,0.0,0.0,0.0,0.0,0,1.45,-0.71,1.45,-0.71,Washington Commanders,2.16,Washington Commanders,2.16,1.45,-0.71,Washington Commanders,2.16,0.0,0,No,No,No,No,No,0,No,0.0,0.0,-3.782,-6.004,2.153,-1.704,2.153,-1.704,0.7030000000000001,-0.994,-3.079,-6.997999999999999,Washington Commanders,3.857,Washington Commanders,3.857,2.153,-1.704,Washington Commanders,3.857,Tie,0.0,Washington Commanders,2.2219999999999995,-1.891,-3.002,Washington Commanders,1.1109999999999998,Washington Commanders,1.697,Washington Commanders,3.918999999999999,-1.1880000000000002,-3.996,Washington Commanders,2.8079999999999994,Different,Same,Same,Same,Different,Same,False,Away Team,Away Team,47.5,106.0,-117.0,Washington Commanders,Atlanta Falcons,-1.0,1.0,105,-128,171,-211,1.697,-1.697,3.918999999999999,-3.918999999999999,0.5392,0.4854,0.5614,0.4878,0.6785,0.369,0.5262,0.4738,0.5351,0.4649,0.6477,0.3523,0.5262,0.4738,0.0262,-0.0262,-0.1363384615384615,-0.0984692307692307,Washington Commanders,Atlanta Falcons,0,0,0,0,0,0,0,0,0,0,0,0,0,1.0,1.5,0.003,0.001,,,1,4,2021-10-03,WAS @ ATL,0.0,70.0,0.0,Dome,True,M.Mariota,M.Penix,6.43,7.0,12.96,167.88,Med-Low,-3.0,16.0,45.84,45.0,12.9931905104146,29.0,63.0,0.313,0.6862,0.0918,0.0794,0.3138,0.6672,0.427,0.573,0.401,0.5988,149,-149,0.4854368932038835,0.5391705069124424,6.715,-6.715,45.42,4.110333333333333,-4.110333333333333,Washington Commanders,2.918999999999999,Washington Commanders,0.6970000000000001,Washington Commanders,5.715,Washington Commanders,3.110333333333333,Washington Commanders,0.1085294930875576,No Bet,0.0,Washington Commanders,0.1470294930875576,Washington Commanders,0.0596294930875576,Under,2.0799999999999983,117.0,100.0,797.63,681.74,110.0,100.0,752.8,684.36,110.0,100.0,258.25,234.77,Washington Commanders,,,,,,,,,,,,,,,4,2917.0,1.0,0.98148782996229,0.0002379487286664,0.000303428712081,0.3288628939921248,0.4657404372624176,0.3652335475277672,0.4193611158778667,0.0001127401076421,0.0001252086210242,0.000159664188297,0.0001437645237839,0.0002689731448082,0.8851015531402844,0.694096441519892,,,2887.0,30.0,False,False,0.6181676840849841,0.6865340552248178,0.954292475516926,1.0983908445883137,0.4418655837539667,0.812365423211593,0.4043847433647708,0.886545721715354,0.5678004933197323,0.8478776443886674,30.0,34.0,0.0,1.0,0.657,0.5915,Win,100.0,Win,100.0,Win,100.0,Win,684.36,Win,100.0,Win,94.02,No Bet,0.0,Win,100.0,Win,681.74,Win,94.02,Loss,-110.0,Loss,-258.25,Final,4,2021,0.0,0.0,0.0,0.0,0.5262,0.4738,0.5495,0.4503,0.6496,0.3494,Washington Commanders,Washington Commanders,Washington Commanders,Washington Commanders,Washington Commanders,Same,Same,Same
2021_04_HOU_BUF,2021,4,2021-10-03,13:00,Houston Texans,Buffalo Bills,Home,Davis Mills,Josh Allen,00-0036898,00-0034857,10,7,3,-3,3,-6,Highmark Stadium,42.7725,-78.7877,America/New_York,False,False,4,3,-6,AFC South,NRG Stadium,29.6847,-95.4093,America/Chicago,AFC East,Highmark Stadium,42.7725,-78.7877,America/New_York,Carolina Panthers,Washington Commanders,NRG Stadium,Highmark Stadium,New England Patriots,Kansas City Chiefs,NRG Stadium,GEHA Field at Arrowhead Stadium,1289,0,-1289,1289,-1.0,0.0,America/Chicago,America/New_York,-1.0,0.0,-1.0,0.0,-1.0,0,0.035,4.795,0.035,4.795,Buffalo Bills,4.76,Buffalo Bills,4.76,0.035,4.795,Buffalo Bills,4.76,0.0,0,No,No,No,No,No,0,No,0.0,0.0,-5.763,6.807,0.5785,3.8675000000000006,0.5785,3.8675000000000006,0.5435,-0.9275,-5.2195,5.879500000000001,Buffalo Bills,3.2890000000000006,Buffalo Bills,3.2890000000000006,0.5785,3.8675000000000006,Buffalo Bills,3.2890000000000006,Tie,0.0,Buffalo Bills,12.57,-2.8815,3.4035,Buffalo Bills,6.285,Houston Texans,1.471,Buffalo Bills,11.099,-2.338,2.4760000000000004,Buffalo Bills,4.814,Different,Same,Different,Same,Different,Same,False,Away Team,Home Team,47.5,-1500.0,988.0,Buffalo Bills,Houston Texans,19.0,-19.0,105,-128,-567,406,1.471,-1.471,-11.099,11.099,0.0919,0.9375,0.5614,0.4878,0.1976,0.8501,0.0893,0.9107,0.5351,0.4649,0.1886,0.8114,0.0893,0.9107,-0.4107,0.4107,-0.206276923076923,0.2119076923076922,Buffalo Bills,Houston Texans,0,1,0,0,0,0,0,0,0,1,0,0,0,0.5,4.5,0.0,0.379,67.0,12.0,2,4,2021-10-03,HOU @ BUF,12.0,67.0,0.0,nfl_read_py Fallback,False,C.Stroud,J.Allen,-17.06,-17.0,14.01,196.36,High,-26.0,-9.0,52.41,52.0,13.346546321042757,36.0,70.0,0.8838,0.116,0.0412,0.0454,0.442,0.5362,0.6208,0.3792,0.7677,0.2322,-330,331,0.9375,0.0919117647058823,-17.03,17.03,52.205,-8.886000000000001,8.886000000000001,Houston Texans,7.901,Houston Texans,20.471,Houston Texans,1.9699999999999989,Houston Texans,10.114,Houston Texans,0.0966882352941176,Houston Texans,0.4431882352941176,Houston Texans,0.0240882352941176,Houston Texans,0.1402882352941176,Over,4.704999999999998,100.0,988.0,66.32,655.2,110.0,100.0,65.05,59.14,110.0,100.0,509.2,462.91,Houston Texans,,,,,,,,,,,,,,,4,2917.0,0.9715461090161124,0.9962290023997258,0.4132420985504279,0.0011548371847408,1097.7825523801846,0.3008213440624918,107.64464909141375,3.067838723826553,0.3763395791498747,0.0369025194005532,0.0001031269605973,0.0010517102241434,0.0379542296246967,3.3686600678890453,1205.4272014715982,,,2887.0,30.0,False,False,1.1881918739894366,0.1165098653203653,0.954292475516926,1.0983908445883137,1.0176830390518552,0.2365479679137045,1.1418378152900464,0.1498678282118639,1.0870335130213429,0.3287862208200544,40.0,0.0,1.0,0.0,0.1115,1.137,Loss,-110.0,Loss,-110.0,Loss,-110.0,Loss,-65.05,Loss,-110.0,Loss,-110.0,Loss,-110.0,Loss,-100.0,Loss,-66.32,Loss,-110.0,Loss,-110.0,Loss,-509.2,Final,4,2021,0.3884127528282482,0.0,1.1031594403129945,0.0,0.0893,0.9107,0.2256,0.7743,0.1044,0.895,Buffalo Bills,Buffalo Bills,Buffalo Bills,Buffalo Bills,Buffalo Bills,Same,Same,Same
2021_04_DET_CHI,2021,4,2021-10-03,13:00,Detroit Lions,Chicago Bears,Home,Jared Goff,Justin Fields,00-0033106,00-0036945,7,7,0,0,-1,0,Soldier Field,41.8623,-87.6167,America/Chicago,False,False,4,-1,0,NFC North,Ford Field,42.3395,-83.045,America/Detroit,NFC North,Soldier Field,41.8623,-87.6167,America/Chicago,Baltimore Ravens,Cleveland Browns,Ford Field,FirstEnergy Stadium,Minnesota Vikings,Las Vegas Raiders,U.S. Bank Stadium,Allegiant Stadium,236,0,-236,236,1.0,0.0,America/Detroit,America/New_York,1.0,1.0,1.0,0.0,1.0,0,4.305,-1.575,4.305,-1.575,Detroit Lions,5.88,Detroit Lions,5.88,4.305,-1.575,Detroit Lions,5.88,0.0,0,No,No,No,No,No,1,No,0.0,0.0,-8.91,-2.357,5.098495,-1.320995,5.098495,-1.320995,0.852295,0.195205,-7.992175000000002,-2.2273250000000004,Detroit Lions,6.41949,Detroit Lions,6.41949,5.098495,-1.320995,Detroit Lions,6.41949,Tie,0.0,Chicago Bears,6.553,-4.455,-1.1785,Chicago Bears,3.2765,Detroit Lions,0.6570900000000001,Chicago Bears,5.764850000000002,-3.569940000000001,-1.0160600000000002,Chicago Bears,2.5538800000000013,Different,Different,Same,Different,Different,Same,False,Away Team,Home Team,42.0,-148.0,134.0,Chicago Bears,Detroit Lions,3.0,-3.0,-104,-116,-261,208,0.6570900000000001,-0.6570900000000001,-5.764850000000002,5.764850000000002,0.4274,0.5968,0.537,0.5098,0.3247,0.723,0.4173,0.5827,0.513,0.487,0.3099,0.6901,0.4173,0.5827,-0.0827,0.0827,-0.2417461538461538,-0.1430692307692307,Chicago Bears,Detroit Lions,0,1,1,0,0,0,0,0,1,1,0,0,1,0.0,1.0,0.003,0.003,72.0,4.0,3,4,2021-10-03,DET @ CHI,4.0,72.0,0.0,nfl_read_py Fallback,False,J.Goff,C.Williams,-0.8,-2.0,12.92,166.92,Med-Low,-10.0,8.0,49.89,50.0,13.81595083009012,33.0,68.0,0.5296,0.4694,0.1022,0.0966,0.433,0.5148,0.696,0.283,0.5724,0.4274,-134,134,0.5967741935483871,0.4273504273504273,-1.4,1.4,49.945,-2.1692533333333337,2.1692533333333337,Chicago Bears,2.764850000000002,Detroit Lions,3.65709,Detroit Lions,1.6,Detroit Lions,0.8307466666666663,Chicago Bears,0.0933258064516129,Detroit Lions,0.0856495726495726,Detroit Lions,0.0420495726495726,Detroit Lions,4.957264957267116e-05,Over,7.945,100.0,134.0,183.57,245.99,110.0,100.0,0.0,0.0,110.0,100.0,904.0,821.82,Detroit Lions,,,,,,,,,,,,,,,4,2917.0,0.998971546109016,1.0,0.0013711298374515,0.0018143770560444,2.330558608277633,2.208576054186616,1.6690271275686566,3.08396181829509,0.000798957356283,0.0005721724811685,0.0007571395454873,0.0010572375105571,0.0016294099917256,5.292537872481706,3.9995857358462894,,,2887.0,30.0,False,False,0.7602497034958215,0.5444520358139804,0.9996567768912517,1.0530265432139878,0.8655448179069327,0.3886861890586269,0.6842241536293375,0.6064479186435254,0.8104962652773434,0.6051818724310563,24.0,14.0,1.0,0.0,0.521,0.7275,Win,100.0,Loss,-110.0,Loss,-110.0,Loss,-0.0,Loss,-110.0,Win,74.32,Loss,-110.0,Loss,-100.0,Loss,-183.57,Loss,-110.0,Loss,-110.0,Loss,-904.0,Final,4,2021,0.0010284538909838,0.0,0.8225198171618575,0.0,0.4173,0.5827,0.4577,0.5421,0.5606,0.4384,Chicago Bears,Detroit Lions,Chicago Bears,Chicago Bears,Chicago Bears,Same,Different,Same
2021_04_CAR_DAL,2021,4,2021-10-03,13:00,Carolina Panthers,Dallas Cowboys,Home,Sam Darnold,Dak Prescott,00-0034869,00-0033077,10,6,4,-4,4,-1,AT&T Stadium,32.7369,-97.0826,America/Chicago,False,True,4,4,-1,NFC South,Bank of America Stadium,35.2258,-80.8528,America/New_York,NFC East,AT&T Stadium,32.7369,-97.0826,America/Chicago,Houston Texans,Philadelphia Eagles,NRG Stadium,AT&T Stadium,Philadelphia Eagles,New York Giants,Bank of America Stadium,AT&T Stadium,944,0,-944,944,1.0,0.0,America/Chicago,America/Chicago,0.0,0.0,0.0,0.0,0.0,0,-5.25,-0.615,-5.25,-0.615,Dallas Cowboys,4.635,Dallas Cowboys,4.635,-5.25,-0.615,Dallas Cowboys,4.635,0.0,0,No,No,No,No,No,0,Yes,0.0,0.0,4.415,2.188,-3.1465,-1.0,-3.1465,-1.0,2.1035,-0.385,6.5185,1.803,Dallas Cowboys,2.1465,Dallas Cowboys,2.1465,-3.1465,-1.0,Dallas Cowboys,2.1465,Tie,0.0,Carolina Panthers,2.227,2.2075,1.094,Carolina Panthers,1.1135,Carolina Panthers,2.4885,Carolina Panthers,4.7155,4.311,0.7090000000000001,Carolina Panthers,3.602,Different,Different,Different,Different,Different,Same,False,Away Team,Away Team,51.5,-210.0,186.0,Dallas Cowboys,Carolina Panthers,4.5,-4.5,117,-142,181,-224,2.4885,-2.4885,4.7155,-4.7155,0.3497,0.6774,0.5868,0.4608,0.6914,0.3559,0.3404,0.6596,0.5601,0.4399,0.6602,0.3398,0.3404,0.6596,-0.1596,0.1596,-0.0960692307692307,0.1538461538461538,Dallas Cowboys,Carolina Panthers,0,1,0,0,0,0,0,0,0,1,0,0,0,1.5,4.0,0.0,0.011,,,4,4,2021-10-03,CAR @ DAL,0.0,70.0,0.0,Dome,True,B.Young,D.Prescott,-12.6,-13.0,13.58,184.53,Med-High,-21.0,-4.0,52.1,52.0,13.525532328339354,35.0,70.0,0.8274,0.1726,0.0582,0.064,0.744,0.256,0.5018,0.4982,0.5667,0.4333,-131,131,0.6774193548387096,0.3496503496503496,-12.8,12.8,52.05,-1.8653333333333333,1.8653333333333333,Carolina Panthers,9.2155,Carolina Panthers,6.9885,Dallas Cowboys,8.3,Carolina Panthers,2.634666666666666,Carolina Panthers,0.3105496503496504,Carolina Panthers,0.2104496503496504,Dallas Cowboys,0.1499806451612904,Carolina Panthers,0.0836496503496503,Over,0.5499999999999972,210.0,100.0,1162.35,553.5,110.0,100.0,1156.0,1050.91,110.0,100.0,0.0,0.0,Dallas Cowboys,,,,,,,,,,,,,,,4,2917.0,0.9996571820363388,0.5858758998971546,0.0023393601503926,3.047825076824102e-06,4.50105338331547,0.0030263281569922,2.322860175379906,0.0058641775921036,0.0015430419551989,0.0007963181951936,1.0374796561509242e-06,2.010345420673178e-06,0.0007983285406143,0.0088905057490959,6.823913558695375,,,2887.0,30.0,False,False,0.8605812672487453,0.4441204720610565,0.9029753925142948,1.1497079275909448,0.4261876961668971,0.8280433107986624,1.068971043642209,0.2229929926669631,0.8024252856964893,0.6135360442779052,36.0,28.0,1.0,0.0,0.425,0.8235,Loss,-110.0,Loss,-110.0,Win,100.0,Win,1050.91,Loss,-110.0,Loss,-110.0,Loss,-110.0,Win,100.0,Win,553.5,Loss,-110.0,Win,100.0,Win,0.0,Final,4,2021,0.0013712718546451,0.0,0.8143291061943128,0.0,0.3404,0.6596,0.4211,0.5788,0.1904,0.8094,Dallas Cowboys,Dallas Cowboys,Dallas Cowboys,Dallas Cowboys,Dallas Cowboys,Same,Same,Same
2021_04_IND_MIA,2021,4,2021-10-03,13:00,Indianapolis Colts,Miami Dolphins,Home,Carson Wentz,Jacoby Brissett,00-0032950,00-0033119,7,7,0,0,0,0,Hard Rock Stadium,25.9602,-80.2384,America/New_York,False,True,4,0,0,AFC South,Lucas Oil Stadium,39.7601,-86.1638,America/Indiana/Indianapolis,AFC East,Hard Rock Stadium,25.9602,-80.2384,America/New_York,Tennessee Titans,Las Vegas Raiders,Nissan Stadium,Allegiant Stadium,Baltimore Ravens,Tampa Bay Buccaneers,M&T Bank Stadium,Raymond James Stadium,1012,0,-1012,1012,0.0,0.0,America/Chicago,America/Los_Angeles,-1.0,-3.0,0.0,0.0,0.0,0,-2.265,0.66,-2.265,0.66,Miami Dolphins,2.9250000000000003,Miami Dolphins,2.9250000000000003,-2.265,0.66,Miami Dolphins,2.9250000000000003,0.0,0,No,No,No,No,No,0,No,0.0,0.0,-1.232,-2.704,-1.6035,1.8145,-1.6035,1.8145,0.6615,1.1545,-0.5705,-1.5495,Miami Dolphins,3.418,Miami Dolphins,3.418,-1.6035,1.8145,Miami Dolphins,3.418,Tie,0.0,Indianapolis Colts,1.4720000000000002,-0.616,-1.352,Indianapolis Colts,0.7360000000000001,Miami Dolphins,0.4930000000000001,Indianapolis Colts,0.979,0.0454999999999999,-0.1975,Indianapolis Colts,0.243,Different,Different,Same,Different,Different,Same,False,Home Team,Away Team,41.5,-144.0,130.0,Miami Dolphins,Indianapolis Colts,2.5,-2.5,-116,-104,101,-122,-0.4930000000000001,0.4930000000000001,0.979,-0.979,0.4348,0.5902,0.5098,0.537,0.5495,0.4975,0.4242,0.5758,0.487,0.513,0.5248,0.4752,0.4242,0.5758,-0.0758,0.0758,0.0609384615384615,-0.0336538461538461,Miami Dolphins,Indianapolis Colts,0,0,0,0,0,0,1,0,0,0,1,0,0,3.0,2.0,0.001,0.003,85.0,16.0,5,4,2021-10-03,IND @ MIA,16.0,85.0,0.0,nfl_read_py Fallback,False,D.Jones,T.Tagovailoa,7.55,9.0,12.97,168.23,Med-Low,-3.0,17.0,34.89,34.0,11.797490416017434,20.0,51.0,0.2826,0.7158,0.0798,0.0832,0.253,0.747,0.275,0.725,0.4616,0.5379,117,-116,0.5901639344262295,0.4347826086956521,8.275,-8.275,34.445,2.9203333333333337,-2.9203333333333337,Indianapolis Colts,3.479,Indianapolis Colts,2.007,Indianapolis Colts,10.775,Indianapolis Colts,5.420333333333334,Indianapolis Colts,0.0900173913043478,Indianapolis Colts,0.0522173913043478,Indianapolis Colts,0.2810173913043478,Indianapolis Colts,0.1031173913043478,Under,7.055,100.0,130.0,1242.96,1615.85,110.0,100.0,1171.75,1065.23,110.0,100.0,1056.25,960.23,Indianapolis Colts,,,,,,,,,,,,,,,4,2917.0,1.0,1.0,0.001544021630788,2.553757135553748e-05,2.5933520096576026,0.0315999711722284,1.9105590873510856,0.0428931244718744,0.0008890476550077,0.0006549739757802,1.0833037769019e-05,1.470453358651848e-05,0.0006696785093668,0.0744930956441028,4.503911097008689,,,2887.0,30.0,False,False,0.751247261494584,0.5534544778152181,1.0530265432139878,0.9996567768912517,0.5960105745100339,0.6582204324555258,0.3651090366609721,0.9247878571901056,0.6536077499161805,0.7616455993932268,17.0,27.0,0.0,1.0,0.5296,0.7189,Win,100.0,Win,100.0,Win,100.0,Win,1065.23,Win,100.0,Win,143.0,Win,143.0,Win,130.0,Win,1615.85,Win,143.0,Loss,-110.0,Loss,-1056.25,Final,4,2021,0.0013712718546451,0.0,0.6633038916874797,0.0,0.4242,0.5758,0.5236,0.4762,0.7078,0.2912,Miami Dolphins,Indianapolis Colts,Indianapolis Colts,Indianapolis Colts,Indianapolis Colts,Same,Same,Same
2021_04_CLE_MIN,2021,4,2021-10-03,13:00,Cleveland Browns,Minnesota Vikings,Home,Baker Mayfield,Kirk Cousins,00-0034855,00-0029604,7,7,0,0,0,0,U.S. Bank Stadium,44.9738,-93.2575,America/Chicago,False,False,4,0,0,AFC North,FirstEnergy Stadium,41.5061,-81.6994,America/New_York,NFC North,U.S. Bank Stadium,44.9738,-93.2575,America/Chicago,Chicago Bears,Seattle Seahawks,FirstEnergy Stadium,U.S. Bank Stadium,Los Angeles Chargers,Detroit Lions,SoFi Stadium,U.S. Bank Stadium,628,0,-628,628,1.0,0.0,America/New_York,America/Chicago,1.0,0.0,1.0,0.0,1.0,0,-4.705,0.27,-4.705,0.27,Minnesota Vikings,4.975,Minnesota Vikings,4.975,-4.705,0.27,Minnesota Vikings,4.975,0.0,0,No,No,No,No,No,0,No,0.0,0.0,3.992,-0.848,-4.7735,-1.14,-4.7735,-1.14,-0.0684999999999999,-1.41,3.9235,-2.258,Minnesota Vikings,3.6335000000000006,Minnesota Vikings,3.6335000000000006,-4.7735,-1.14,Minnesota Vikings,3.6335000000000006,Tie,0.0,Cleveland Browns,4.84,1.996,-0.424,Cleveland Browns,2.42,Cleveland Browns,1.3415,Cleveland Browns,6.1815,1.9275,-1.834,Cleveland Browns,3.7615,Different,Different,Different,Different,Different,Same,False,Away Team,Away Team,52.0,-106.0,-105.0,Cleveland Browns,Minnesota Vikings,-1.0,1.0,105,-128,208,-261,1.3415,-1.3415,6.1815,-6.1815,0.5122,0.5146,0.5614,0.4878,0.723,0.3247,0.4988,0.5012,0.5351,0.4649,0.6901,0.3099,0.4988,0.5012,-0.0012,0.0012,0.0031153846153846,-0.0077230769230769,Cleveland Browns,Minnesota Vikings,0,0,0,0,0,0,1,0,0,0,1,0,0,2.5,2.5,0.002,0.0,,,6,4,2021-10-03,CLE @ MIN,0.0,70.0,0.0,Dome,True,J.Flacco,C.Wentz,1.21,3.0,14.15,200.19,High,-9.0,11.0,53.27,53.0,13.897645604586057,36.0,72.0,0.4604,0.5386,0.0856,0.0832,0.4614,0.523,0.5078,0.4782,0.4341,0.5656,130,-130,0.5145631067961165,0.5121951219512195,2.105,-2.105,53.135000000000005,3.2093333333333334,-3.2093333333333334,Cleveland Browns,5.1815,Cleveland Browns,0.3414999999999999,Cleveland Browns,1.105,Cleveland Browns,2.2093333333333334,Cleveland Browns,0.1779048780487805,Cleveland Browns,0.0229048780487804,Cleveland Browns,0.0264048780487804,Cleveland Browns,0.0534048780487804,Over,1.1350000000000051,105.0,100.0,135.32,128.88,110.0,100.0,0.0,0.0,110.0,100.0,0.0,0.0,Cleveland Browns,,,,,,,,,,,,,,,4,2917.0,1.0,0.5601645526225574,0.0003461553836636,7.224631575420536e-05,0.5060793093783724,0.1051183605238424,0.5036559447684201,0.1056241425311745,0.0001734930782922,0.0001726623053714,3.603646229819763e-05,3.620985345600773e-05,0.0002088721588274,0.210742503055017,1.0097352541467923,,,2887.0,30.0,False,False,0.6539165117420727,0.6507852275677293,0.954292475516926,1.0983908445883137,0.3886861890586269,0.8655448179069327,0.5948202423167428,0.69585182995612,0.6146688133418846,0.8008677282335175,7.0,14.0,0.0,1.0,0.6228,0.6258,Win,100.0,Win,100.0,Win,100.0,Win,0.0,Win,100.0,Win,104.76,Win,104.76,Win,100.0,Win,128.88,Win,104.76,Loss,-110.0,Loss,-0.0,Final,4,2021,0.0003428179636612,0.0,0.6237873036861675,0.0,0.4988,0.5012,0.567,0.4329,0.5654,0.434,Minnesota Vikings,Cleveland Browns,Cleveland Browns,Cleveland Browns,Cleveland Browns,Different,Same,Same
2021_04_NYG_NO,2021,4,2021-10-03,13:00,New York Giants,New Orleans Saints,Home,Daniel Jones,Jameis Winston,00-0035710,00-0031503,7,7,0,0,3,0,Caesars Superdome,29.9507,-90.0813,America/Chicago,False,False,4,3,0,NFC East,MetLife Stadium,40.8136,-74.0744,America/New_York,NFC South,Caesars Superdome,29.9507,-90.0813,America/Chicago,Atlanta Falcons,New England Patriots,MetLife Stadium,Gillette Stadium,Dallas Cowboys,Washington Commanders,AT&T Stadium,FedExField,1169,0,-1169,1169,1.0,0.0,America/New_York,America/New_York,1.0,1.0,1.0,0.0,1.0,0,-2.84,-6.145,-2.84,-6.145,New York Giants,3.305,New York Giants,3.305,-2.84,-6.145,New York Giants,3.305,0.0,0,No,No,No,No,No,0,No,0.0,0.0,-5.6,6.118,-1.5729999999999995,-7.124,-1.5729999999999995,-7.124,1.267,-0.979,-4.332999999999999,5.139,New York Giants,5.551,New York Giants,5.551,-1.5729999999999995,-7.124,New York Giants,5.551,Tie,0.0,New Orleans Saints,11.718,-2.8,3.059,New Orleans Saints,5.859,New York Giants,2.246,New Orleans Saints,9.472,-1.5329999999999997,2.08,New Orleans Saints,3.613,Different,Different,Same,Different,Different,Same,False,Away Team,Home Team,43.0,-337.0,286.0,New Orleans Saints,New York Giants,7.5,-7.5,108,-131,-436,327,2.246,-2.246,-9.472,9.472,0.2591,0.7712,0.5671,0.4808,0.2342,0.8134,0.2515,0.7485,0.5412,0.4588,0.2235,0.7765,0.2515,0.7485,-0.2485,0.2485,-0.2086923076923076,-0.0237846153846153,New Orleans Saints,New York Giants,0,0,0,1,0,0,0,0,0,1,0,0,0,0.5,2.0,0.0,0.125,,,7,4,2021-10-03,NYG @ NO,0.0,70.0,0.0,Dome,True,J.Dart,S.Rattler,-4.59,-6.0,12.85,165.06,Med-Low,-14.0,5.0,38.84,38.0,12.115727737602985,23.0,55.0,0.64,0.3594,0.0886,0.084,0.429,0.571,0.3242,0.6326,0.656,0.3439,-191,191,0.7711670480549199,0.2590673575129533,-5.295,5.295,38.42,-4.173666666666667,4.173666666666667,New Orleans Saints,1.9719999999999995,New York Giants,9.746,New York Giants,2.205,New York Giants,3.3263333333333334,New Orleans Saints,0.0053329519450801,New York Giants,0.2821326424870466,New York Giants,0.1003326424870466,New York Giants,0.0848326424870466,Under,4.579999999999998,100.0,286.0,338.53,968.21,110.0,100.0,247.75,225.23,110.0,100.0,571.15,519.23,New York Giants,,,,,,,,,,,,,,,4,2917.0,1.0,1.0,0.13001983782335,5.118770963199312e-05,283.88199839763803,0.0375526090726257,95.38586853307407,0.1117619399238981,0.0973198486107775,0.0326999892125725,1.2873708972446269e-05,3.831400065954685e-05,0.032738303213232,0.1493145489965239,379.2678669307121,,,2887.0,30.0,False,False,0.9765692518733868,0.3281324874364152,0.9417711072642838,1.1109122128409556,0.973910376908757,0.2803206300568026,0.8268569832378703,0.4643318746495165,0.9288706324632028,0.4869491013781942,21.0,27.0,0.0,1.0,0.314,0.9345,Win,100.0,Loss,-110.0,Loss,-110.0,Loss,-247.75,Loss,-110.0,Loss,-110.0,Win,314.6,Win,286.0,Win,968.2,Win,314.6,Loss,-110.0,Loss,-571.15,Final,4,2021,0.14021254713747,0.0,0.9426502446858464,0.0,0.2515,0.7485,0.393,0.6068,0.5416,0.4574,New Orleans Saints,New York Giants,New Orleans Saints,New Orleans Saints,New Orleans Saints,Same,Different,Same
2021_04_TEN_NYJ,2021,4,2021-10-03,13:00,Tennessee Titans,New York Jets,Home,Ryan Tannehill,Zach Wilson,00-0029701,00-0037013,7,7,0,0,0,0,MetLife Stadium,40.8136,-74.0744,America/New_York,False,False,4,0,0,AFC South,Nissan Stadium,36.1664,-86.7716,America/Chicago,AFC East,MetLife Stadium,40.8136,-74.0744,America/New_York,Indianapolis Colts,Denver Broncos,Nissan Stadium,Empower Field at Mile High,Jacksonville Jaguars,Atlanta Falcons,TIAA Bank Field,Mercedes-Benz Stadium,757,0,-757,757,-1.0,0.0,America/Chicago,America/Denver,-1.0,-2.0,-1.0,0.0,-1.0,0,-4.36,-3.725,-4.36,-3.725,New York Jets,0.6350000000000002,New York Jets,0.6350000000000002,-4.36,-3.725,New York Jets,0.6350000000000002,0.0,0,No,No,No,No,No,0,No,0.0,0.0,-0.913,-11.73,-2.769000000000001,-2.833,-2.769000000000001,-2.833,1.591,0.892,0.6779999999999999,-10.838,Tennessee Titans,0.0639999999999996,Tennessee Titans,0.0639999999999996,-2.769000000000001,-2.833,Tennessee Titans,0.0639999999999996,Tie,0.0,Tennessee Titans,10.817,-0.4565,-5.865,Tennessee Titans,5.4085,Tennessee Titans,0.699,Tennessee Titans,11.516000000000002,1.1345,-4.973000000000001,Tennessee Titans,6.107500000000001,Different,Different,Same,Same,Different,Same,False,Away Team,Away Team,44.5,206.0,-234.0,Tennessee Titans,New York Jets,-5.5,5.5,-104,-116,450,-646,0.699,-0.699,11.516000000000002,-11.516000000000002,0.7006,0.3268,0.537,0.5098,0.866,0.1818,0.6819,0.3181,0.513,0.487,0.8265,0.1735,0.6819,0.3181,0.1819,-0.1819,-0.0227846153846153,-0.2134153846153846,Tennessee Titans,New York Jets,0,0,0,0,0,0,1,0,0,0,1,0,0,2.0,0.5,0.178,0.0,78.0,9.0,8,4,2021-10-03,TEN @ NYJ,9.0,78.0,0.0,nfl_read_py Fallback,False,C.Ward,J.Fields,7.97,9.0,13.4,179.51,Medium,-2.0,17.0,41.96,41.0,12.416656894417544,26.0,58.0,0.2696,0.7292,0.0742,0.0776,0.3862,0.6138,0.393,0.607,0.312,0.6876,221,-220,0.326797385620915,0.7005988023952096,8.485,-8.485,41.48,6.900000000000001,-6.900000000000001,Tennessee Titans,6.016000000000002,New York Jets,4.801,Tennessee Titans,2.9849999999999994,Tennessee Titans,1.4000000000000012,Tennessee Titans,0.1259011976047904,New York Jets,0.1602026143790849,Tennessee Titans,0.0286011976047904,No Bet,0.0,Under,3.019999999999996,234.0,100.0,238.82,102.06,110.0,100.0,472.45,429.5,110.0,100.0,436.75,397.05,Tennessee Titans,,,,,,,,,,,,,,,4,2917.0,1.0,0.9900582790538224,3.416629463919657e-05,0.1765815725787926,0.0317028262132328,351.23881215409324,0.0679602552493035,163.84963505824476,1.0868298324728427e-05,2.329799631446814e-05,0.1204109743414786,0.0561705982373139,0.0561938962336284,515.088447212338,0.0996630814625364,,,2887.0,30.0,False,False,0.415025623274448,0.8896761160353539,0.9996567768912517,1.0530265432139878,0.2176090797085245,1.0366219272570352,0.3483135041889528,0.9421001752766484,0.441779934952011,0.9736150104903936,27.0,24.0,1.0,0.0,0.8514,0.3972,Win,100.0,Loss,-110.0,Win,100.0,Win,429.5,Win,100.0,Loss,-110.0,Win,226.6,Loss,-234.0,Loss,-238.82,No Bet,0.0,Loss,-110.0,Loss,-436.75,Final,4,2021,0.0,0.0517655125128556,0.0,0.9880583967164452,0.6819,0.3181,0.6487,0.3509,0.6594,0.3392,Tennessee Titans,Tennessee Titans,Tennessee Titans,Tennessee Titans,Tennessee Titans,Same,Same,Same
2021_04_KC_PHI,2021,4,2021-10-03,13:00,Kansas City Chiefs,Philadelphia Eagles,Home,Patrick Mahomes,Jalen Hurts,00-0033873,00-0036389,7,6,1,-1,2,-1,Lincoln Financial Field,39.9008,-75.1675,America/New_York,False,False,4,2,-1,AFC West,GEHA Field at Arrowhead Stadium,39.0489,-94.4839,America/Chicago,NFC East,Lincoln Financial Field,39.9008,-75.1675,America/New_York,Los Angeles Chargers,Dallas Cowboys,GEHA Field at Arrowhead Stadium,AT&T Stadium,Buffalo Bills,Carolina Panthers,GEHA Field at Arrowhead Stadium,Bank of America Stadium,1029,0,-1029,1029,-1.0,0.0,America/Chicago,America/Chicago,-1.0,-1.0,-1.0,0.0,-1.0,0,4.395,4.905,4.395,4.905,Philadelphia Eagles,0.5100000000000007,Philadelphia Eagles,0.5100000000000007,4.395,4.905,Philadelphia Eagles,0.5100000000000007,0.0,0,No,No,No,No,No,0,Yes,0.0,0.0,5.59,-4.397,6.683499999999999,6.127,6.683499999999999,6.127,2.2885,1.222,7.878499999999999,-3.1750000000000007,Kansas City Chiefs,0.5564999999999989,Kansas City Chiefs,0.5564999999999989,6.683499999999999,6.127,Kansas City Chiefs,0.5564999999999989,Tie,0.0,Kansas City Chiefs,9.987,2.795,-2.1985,Kansas City Chiefs,4.9935,Kansas City Chiefs,1.0665,Kansas City Chiefs,11.0535,5.083499999999999,-0.9765000000000004,Kansas City Chiefs,6.06,Different,Different,Same,Same,Different,Same,False,Away Team,Away Team,53.5,296.0,-349.0,Kansas City Chiefs,Philadelphia Eagles,-7.5,7.5,101,-122,406,-567,1.0665,-1.0665,11.0535,-11.0535,0.7773,0.2525,0.5495,0.4975,0.8501,0.1976,0.7548,0.2452,0.5248,0.4752,0.8114,0.1886,0.7548,0.2452,0.2548,-0.2548,0.1866538461538461,0.0468461538461538,Kansas City Chiefs,Philadelphia Eagles,0,0,0,0,0,0,0,0,0,0,0,0,0,4.0,3.0,0.046,0.0,73.0,8.0,9,4,2021-10-03,KC @ PHI,8.0,73.0,0.0,nfl_read_py Fallback,False,P.Mahomes,J.Hurts,5.59,6.0,14.16,200.54,High,-5.0,15.0,57.91,57.0,14.034380503863554,40.0,76.0,0.3452,0.6542,0.0832,0.0804,0.5516,0.4484,0.6034,0.3966,0.3136,0.6863,219,-219,0.2525252525252525,0.77728285077951,5.795,-5.795,57.455,5.971666666666667,-5.971666666666667,Kansas City Chiefs,3.5535,Philadelphia Eagles,6.4335,Philadelphia Eagles,1.705,Philadelphia Eagles,1.528333333333333,Kansas City Chiefs,0.03411714922049,Philadelphia Eagles,0.2226747474747474,Philadelphia Eagles,0.0926747474747474,Philadelphia Eagles,0.0610747474747474,Over,3.9549999999999983,100.0,296.0,309.96,917.48,110.0,100.0,145.9,132.64,110.0,100.0,417.85,379.86,Philadelphia Eagles,,,,,,,,,,,,,,,4,2917.0,0.9993143640726774,0.9862872814535482,3.903432693574091e-06,0.0569174999960639,0.0027919239885865,125.3181966843337,0.008594389178569,40.71015080418471,9.57121696464367e-07,2.946310997109724e-06,0.042961328997029,0.0139561709990348,0.0139591173100319,166.0283474885184,0.0113863131671556,,,2887.0,30.0,False,False,0.3199128664787634,0.9847888728310386,0.9754351137140098,1.07724820639123,0.2365479679137045,1.0176830390518552,0.4459859853339262,0.8452028725534605,0.4440454730799701,0.9717742607614268,30.0,42.0,0.0,1.0,0.9424,0.3061,Win,100.0,Loss,-110.0,Loss,-110.0,Loss,-145.9,Loss,-110.0,Win,31.52,Loss,-110.0,Loss,-100.0,Loss,-309.96,Loss,-110.0,Win,100.0,Win,379.86,Final,4,2021,0.0,0.0514226945491943,0.0,0.9861903398291104,0.7548,0.2452,0.7068,0.2929,0.6706,0.3284,Kansas City Chiefs,Kansas City Chiefs,Kansas City Chiefs,Kansas City Chiefs,Kansas City Chiefs,Same,Same,Same
2021_04_ARI_LA,2021,4,2021-10-03,16:05,Arizona Cardinals,Los Angeles Rams,Home,Kyler Murray,Matthew Stafford,00-0035228,00-0026498,7,7,0,0,0,0,SoFi Stadium,33.9535,-118.3395,America/Los_Angeles,False,True,4,0,0,NFC West,State Farm Stadium,33.5277,-112.262608,America/Denver,NFC West,SoFi Stadium,33.9535,-118.3395,America/Los_Angeles,Jacksonville Jaguars,Tampa Bay Buccaneers,TIAA Bank Field,SoFi Stadium,San Francisco 49ers,Seattle Seahawks,State Farm Stadium,Lumen Field,350,0,-350,350,1.0,0.0,America/New_York,America/Los_Angeles,3.0,0.0,1.0,0.0,1.0,0,0.075,1.29,0.075,1.29,Los Angeles Rams,1.215,Los Angeles Rams,1.215,0.075,1.29,Los Angeles Rams,1.215,0.0,0,No,No,No,No,No,1,No,0.0,0.0,2.877,4.156,1.0626049999999998,0.582895,1.0626049999999998,0.582895,0.975455,-0.694955,3.865245,3.448255,Arizona Cardinals,0.4797099999999997,Arizona Cardinals,0.4797099999999997,1.0626049999999998,0.582895,Arizona Cardinals,0.4797099999999997,Tie,0.0,Los Angeles Rams,1.279,1.4385,2.078,Los Angeles Rams,0.6395,Arizona Cardinals,1.67041,Arizona Cardinals,0.4169899999999997,2.42035,1.3766500000000002,Arizona Cardinals,1.0437,Different,Different,Same,Same,Different,Different,False,Away Team,Away Team,53.5,-200.0,178.0,Los Angeles Rams,Arizona Cardinals,3.5,-3.5,105,-128,-104,-116,1.67041,-1.67041,0.4169899999999997,-0.4169899999999997,0.3597,0.6667,0.5614,0.4878,0.537,0.5098,0.3505,0.6495,0.5351,0.4649,0.513,0.487,0.3505,0.6495,-0.1495,0.1495,0.0702307692307692,0.1903076923076923,Los Angeles Rams,Arizona Cardinals,0,0,0,0,1,0,0,0,0,0,1,0,1,3.0,4.5,0.0,0.002,,,10,4,2021-10-03,ARI @ LA,0.0,70.0,0.0,Dome,True,K.Murray,M.Stafford,-7.61,-8.0,13.78,189.87,Med-High,-17.0,3.0,55.84,55.0,14.592663482911716,37.0,75.0,0.7178,0.2816,0.0824,0.0754,0.636,0.364,0.546,0.454,0.5798,0.42,-138,138,0.6666666666666666,0.3597122302158273,-7.805,7.805,55.42,-1.9058666666666664,1.9058666666666664,Arizona Cardinals,3.91699,Arizona Cardinals,5.17041,Los Angeles Rams,4.305,Arizona Cardinals,1.5941333333333334,Arizona Cardinals,0.1532877697841727,Arizona Cardinals,0.1753877697841727,Los Angeles Rams,0.0511333333333333,Arizona Cardinals,0.0602877697841726,Over,1.9200000000000017,200.0,100.0,383.5,191.75,110.0,100.0,589.0,535.45,110.0,100.0,116.5,105.91,Los Angeles Rams,,,,,,,,,,,,,,,4,2917.0,0.6119300651354131,0.9568049365786768,0.0011797490899499,5.416135282155932e-06,2.235142597951929,0.0055375027496261,1.2061854974321036,0.0102613638684227,0.0007662470339224,0.0004135020560274,1.898355416395654e-06,3.517779865760278e-06,0.0004170198358932,0.0157988666180488,3.4413280953840326,,,2887.0,30.0,False,False,0.8474037796817163,0.4572979596280855,0.954292475516926,1.0983908445883137,0.6108105003922275,0.6434205065733322,0.9273717852627238,0.3638170726246629,0.8209743791191539,0.5947037585892456,20.0,37.0,0.0,1.0,0.4376,0.8109,Win,100.0,Win,100.0,Loss,-110.0,Loss,-589.0,Win,100.0,Win,195.8,Win,195.8,Loss,-200.0,Loss,-383.5,Win,195.8,Win,100.0,Win,105.91,Final,4,2021,0.0,0.0,0.0,0.0,0.3505,0.6495,0.4081,0.5918,0.288,0.7118,Los Angeles Rams,Los Angeles Rams,Los Angeles Rams,Los Angeles Rams,Los Angeles Rams,Same,Same,Same
2021_04_SEA_SF,2021,4,2021-10-03,16:05,Seattle Seahawks,San Francisco 49ers,Home,Russell Wilson,Jimmy Garoppolo,00-0029263,00-0031345,7,7,0,0,0,1,Levi's Stadium,37.4031,-121.9702,America/Los_Angeles,False,True,4,0,1,NFC West,Lumen Field,47.5952,-122.3316,America/Los_Angeles,NFC West,Levi's Stadium,37.4031,-121.9702,America/Los_Angeles,Minnesota Vikings,Green Bay Packers,U.S. Bank Stadium,Levi's Stadium,Los Angeles Rams,Arizona Cardinals,Lumen Field,State Farm Stadium,704,0,-704,704,0.0,0.0,America/Chicago,America/Los_Angeles,2.0,0.0,0.0,0.0,0.0,0,-0.13,3.325,-0.13,3.325,San Francisco 49ers,3.455,San Francisco 49ers,3.455,-0.13,3.325,San Francisco 49ers,3.455,0.0,0,No,No,No,No,No,1,No,0.0,0.0,-0.611,3.056,-0.139265,1.696765,-0.139265,1.696765,-0.043815,-1.593685,-0.6181450000000001,1.4256449999999998,San Francisco 49ers,1.83603,San Francisco 49ers,1.83603,-0.139265,1.696765,San Francisco 49ers,1.83603,Tie,0.0,San Francisco 49ers,3.667,-0.3055,1.528,San Francisco 49ers,1.8335,Seattle Seahawks,1.54987,San Francisco 49ers,2.04379,-0.33098,-0.0840200000000001,San Francisco 49ers,0.2469599999999999,Different,Same,Different,Same,Different,Same,False,Away Team,Home Team,52.0,-133.0,120.0,San Francisco 49ers,Seattle Seahawks,2.5,-2.5,105,-128,-131,108,1.54987,-1.54987,-2.04379,2.04379,0.4545,0.5708,0.5614,0.4878,0.4808,0.5671,0.4433,0.5567,0.5351,0.4649,0.4588,0.5412,0.4433,0.5567,-0.0567,0.0567,0.0632153846153846,0.0857846153846154,San Francisco 49ers,Seattle Seahawks,0,0,0,0,0,1,0,0,0,0,0,1,1,3.0,3.0,0.0,0.0,80.0,0.0,11,4,2021-10-03,SEA @ SF,0.0,80.0,0.0,nfl_read_py Fallback,False,S.Darnold,B.Purdy,-1.44,-3.0,13.72,188.15,Med-High,-11.0,8.0,48.6,48.5,13.799043334934195,31.0,67.0,0.5522,0.447,0.0898,0.0794,0.5172,0.4828,0.3824,0.6008,0.5287,0.471,-112,112,0.5708154506437768,0.4545454545454545,-2.22,2.22,48.55,-0.90464,0.90464,Seattle Seahawks,0.45621,Seattle Seahawks,4.04987,Seattle Seahawks,0.2800000000000002,Seattle Seahawks,1.59536,Seattle Seahawks,0.0042545454545454,Seattle Seahawks,0.0805545454545454,No Bet,0.0,Seattle Seahawks,0.0164545454545454,Under,3.450000000000003,,0.0,0.0,0.0,110.0,100.0,0.0,0.0,110.0,100.0,404.2,367.45,No Bet,,,,,,,,,,,,,,,4,2917.0,0.7178608159067535,0.9979430922180322,0.0004453876464128,0.0001710673104578,0.7232622821451083,0.2212081826636021,0.5759334824410393,0.2777951619418616,0.000247947302758,0.0001974403436547,7.583413872595204e-05,9.523317173186892e-05,0.0002926735153866,0.4990033446054637,1.2991957645861476,,,2887.0,30.0,False,False,0.7263274582737668,0.5783742810360353,0.954292475516926,1.0983908445883137,0.6787898209697609,0.5754411859957987,0.713422540849925,0.5775079242302,0.7486187551574623,0.6669177864179398,21.0,28.0,0.0,1.0,0.5535,0.6951,Win,100.0,Win,100.0,Win,100.0,Win,0.0,Win,100.0,Win,132.0,Win,132.0,No Bet,0.0,No Bet,0.0,Win,132.0,Win,100.0,Win,367.45,Final,4,2021,0.0,0.0,0.0,0.0,0.4433,0.5567,0.4922,0.5077,0.4304,0.5694,San Francisco 49ers,San Francisco 49ers,San Francisco 49ers,San Francisco 49ers,San Francisco 49ers,Same,Same,Same
2021_04_BAL_DEN,2021,4,2021-10-03,16:25,Baltimore Ravens,Denver Broncos,Home,Lamar Jackson,Teddy Bridgewater,00-0034796,00-0031237,7,7,0,0,0,0,Empower Field at Mile High,39.7648,-105.0076,America/Denver,False,True,4,0,0,AFC North,M&T Bank Stadium,39.2789,-76.6228,America/New_York,AFC West,Empower Field at Mile High,39.7648,-105.0076,America/Denver,Detroit Lions,New York Jets,Ford Field,Empower Field at Mile High,Indianapolis Colts,Pittsburgh Steelers,M&T Bank Stadium,Acrisure Stadium,1506,0,-1506,1506,2.0,0.0,America/Detroit,America/Denver,2.0,0.0,2.0,0.0,2.0,0,6.69,2.05,6.69,2.05,Baltimore Ravens,4.640000000000001,Baltimore Ravens,4.640000000000001,6.69,2.05,Baltimore Ravens,4.640000000000001,-0.15,0,No,No,No,No,No,0,No,0.0,0.0,5.534,0.672,6.5185,1.4694999999999998,6.5185,1.4694999999999998,-0.1715,-0.5805,5.3625,0.0915,Baltimore Ravens,5.049,Baltimore Ravens,5.049,6.5185,1.4694999999999998,Baltimore Ravens,5.049,Tie,0.0,Baltimore Ravens,4.862,2.767,0.336,Baltimore Ravens,2.431,Baltimore Ravens,0.409,Baltimore Ravens,5.271,2.5955,-0.2445,Baltimore Ravens,2.84,Different,Same,Same,Same,Different,Same,False,Away Team,Away Team,44.0,-118.0,107.0,Denver Broncos,Baltimore Ravens,1.0,-1.0,-104,-116,195,-244,0.409,-0.409,5.271,-5.271,0.4831,0.5413,0.537,0.5098,0.7093,0.339,0.4716,0.5284,0.513,0.487,0.6766,0.3234,0.4716,0.5284,-0.0284,0.0284,0.0572615384615384,-0.0063999999999999,Denver Broncos,Baltimore Ravens,0,0,0,0,0,0,0,0,0,0,0,0,0,3.0,2.5,0.001,0.0,77.0,11.0,12,4,2021-10-03,BAL @ DEN,11.0,77.0,0.0,nfl_read_py Fallback,False,L.Jackson,B.Nix,3.28,4.0,13.59,184.62,Med-High,-7.0,13.0,50.6,50.0,13.085830582443227,34.0,68.0,0.4006,0.5988,0.086,0.0826,0.3784,0.5994,0.6664,0.3142,0.4348,0.565,130,-130,0.5412844036697247,0.4830917874396135,3.64,-3.64,50.3,3.106666666666667,-3.106666666666667,Baltimore Ravens,6.271,Baltimore Ravens,1.409,Baltimore Ravens,4.64,Baltimore Ravens,4.106666666666667,Baltimore Ravens,0.1935082125603864,Baltimore Ravens,0.0299082125603865,Baltimore Ravens,0.1157082125603864,Baltimore Ravens,0.0819082125603864,Over,6.299999999999997,100.0,107.0,559.62,598.79,110.0,100.0,396.85,360.77,110.0,100.0,748.6,680.55,Baltimore Ravens,,,,,,,,,,,,,,,4,2917.0,0.4333219060678779,0.8834418923551595,4.786444572159271e-05,0.0001012551572699,0.0737755187889677,0.1392923861355924,0.0658450693809182,0.1560689076209648,2.5291573119289588e-05,2.2572872602303125e-05,4.775193216852671e-05,5.350322510146207e-05,7.60760977037652e-05,0.2953612937565573,0.1396205881698859,,,2887.0,30.0,False,False,0.6894043990512994,0.6152973402585026,0.9996567768912517,1.0530265432139878,0.405618307652662,0.8486126993128976,0.5175607929454544,0.7736280649419323,0.6156599862728668,0.8000181514355328,7.0,23.0,0.0,1.0,0.5888,0.6597,Win,100.0,Win,100.0,Win,100.0,Win,360.77,Win,100.0,Win,117.7,Win,117.7,Win,107.0,Win,598.79,Win,117.7,Loss,-110.0,Loss,-748.6,Final,4,2021,0.0,0.0,0.0,0.0,0.4716,0.5284,0.5968,0.403,0.5712,0.4278,Denver Broncos,Baltimore Ravens,Baltimore Ravens,Baltimore Ravens,Baltimore Ravens,Same,Same,Same
2021_04_PIT_GB,2021,4,2021-10-03,16:25,Pittsburgh Steelers,Green Bay Packers,Home,Ben Roethlisberger,Aaron Rodgers,00-0022924,00-0023459,7,7,0,0,1,-1,Lambeau Field,44.5013,-88.0622,America/Chicago,False,False,4,1,-1,AFC North,Acrisure Stadium,40.4468,-80.0158,America/New_York,NFC North,Lambeau Field,44.5013,-88.0622,America/Chicago,Cincinnati Bengals,San Francisco 49ers,Acrisure Stadium,Levi's Stadium,Denver Broncos,Cincinnati Bengals,Acrisure Stadium,Paycor Stadium,496,0,-496,496,1.0,0.0,America/New_York,America/Los_Angeles,1.0,-2.0,1.0,0.0,1.0,0,-0.565,3.535,-0.565,3.535,Green Bay Packers,4.1,Green Bay Packers,4.1,-0.565,3.535,Green Bay Packers,4.1,0.0,0,No,No,No,No,No,0,No,0.0,0.0,-1.215,1.88,-1.649,3.7745,-1.649,3.7745,-1.084,0.2395,-2.2990000000000004,2.1195,Green Bay Packers,5.423500000000001,Green Bay Packers,5.423500000000001,-1.649,3.7745,Green Bay Packers,5.423500000000001,Tie,0.0,Green Bay Packers,3.095,-0.6075,0.94,Green Bay Packers,1.5475,Green Bay Packers,1.3235,Green Bay Packers,4.4185,-1.6915000000000002,1.1795,Green Bay Packers,2.8710000000000004,Different,Same,Same,Same,Different,Same,False,Home Team,Home Team,45.0,-276.0,239.0,Green Bay Packers,Pittsburgh Steelers,6.5,-6.5,-128,105,-224,181,-1.3235,1.3235,-4.4185,4.4185,0.295,0.734,0.4878,0.5614,0.3559,0.6914,0.2867,0.7133,0.4649,0.5351,0.3398,0.6602,0.2867,0.7133,-0.2133,0.2133,-0.017276923076923,0.114376923076923,Green Bay Packers,Pittsburgh Steelers,0,0,0,0,0,1,0,0,0,0,0,1,0,2.0,3.5,0.0,0.025,67.0,4.0,13,4,2021-10-03,PIT @ GB,4.0,67.0,0.0,nfl_read_py Fallback,False,A.Rodgers,J.Love,-4.01,-5.0,13.43,180.26,Med-High,-14.0,6.0,44.51,44.0,13.08553927461996,28.0,62.0,0.6126,0.3866,0.0922,0.0926,0.461,0.539,0.4592,0.5182,0.6303,0.3695,-170,171,0.7340425531914894,0.2949852507374631,-4.505,4.505,44.255,-3.415666666666666,3.415666666666666,Pittsburgh Steelers,2.0815,Pittsburgh Steelers,5.1765,Pittsburgh Steelers,1.995,Pittsburgh Steelers,3.0843333333333334,Pittsburgh Steelers,0.0448147492625368,Pittsburgh Steelers,0.1699147492625368,Pittsburgh Steelers,0.0916147492625368,Pittsburgh Steelers,0.0745147492625368,Under,0.7450000000000045,100.0,239.0,324.87,776.44,110.0,100.0,79.75,72.5,110.0,100.0,0.0,0.0,Pittsburgh Steelers,,,,,,,,,,,,,,,4,2917.0,0.7377442577991087,1.0,0.0195884210339957,0.0,40.75755125059296,0.0,16.38187290557269,0.0,0.0139724207235491,0.0056160003104465,0.0,0.0,0.0056160003104465,0.0,57.13942415616565,,,2887.0,30.0,False,False,0.9306437506496816,0.0,1.0983908445883137,0.0,0.8280433107986624,0.0,0.791457168642999,0.0,0.8924804262828608,0.0,27.0,17.0,1.0,0.0,0.0,0.8906,Loss,-110.0,Loss,-110.0,Loss,-110.0,Loss,-79.75,Loss,-110.0,Loss,-110.0,Loss,-110.0,Loss,-100.0,Loss,-324.87,Loss,-110.0,Win,100.0,Win,0.0,Final,4,2021,0.0188549880013712,0.0,0.9057201969900748,0.0,0.2867,0.7133,0.3613,0.6385,0.3538,0.6454,Green Bay Packers,Green Bay Packers,Green Bay Packers,Green Bay Packers,Green Bay Packers,Same,Same,Same
2021_04_TB_NE,2021,4,2021-10-03,20:20,Tampa Bay Buccaneers,New England Patriots,Home,Tom Brady,Mac Jones,00-0019596,00-0036972,7,7,0,0,3,0,Gillette Stadium,42.0628,-71.2687,America/New_York,False,True,4,3,0,NFC South,Raymond James Stadium,27.9759,-82.5033,America/New_York,AFC East,Gillette Stadium,42.0628,-71.2687,America/New_York,Los Angeles Rams,New Orleans Saints,SoFi Stadium,Gillette Stadium,Miami Dolphins,Houston Texans,Raymond James Stadium,NRG Stadium,1159,0,-1159,1159,0.0,0.0,America/Los_Angeles,America/New_York,-3.0,0.0,0.0,0.0,0.0,0,1.025,-1.995,1.025,-1.995,Tampa Bay Buccaneers,3.02,Tampa Bay Buccaneers,3.02,1.025,-1.995,Tampa Bay Buccaneers,3.02,0.0,0,No,No,No,No,No,0,No,0.0,0.0,4.017,-1.203,3.0415,-2.0045,3.0415,-2.0045,2.0165,-0.0095,6.033500000000001,-1.2125,Tampa Bay Buccaneers,5.046,Tampa Bay Buccaneers,5.046,3.0415,-2.0045,Tampa Bay Buccaneers,5.046,Tie,0.0,Tampa Bay Buccaneers,5.220000000000001,2.0085,-0.6015,Tampa Bay Buccaneers,2.6100000000000003,Tampa Bay Buccaneers,2.026,Tampa Bay Buccaneers,7.246000000000001,4.025,-0.6110000000000001,Tampa Bay Buccaneers,4.636,Different,Same,Same,Same,Different,Same,False,Away Team,Away Team,49.5,223.0,-255.0,Tampa Bay Buccaneers,New England Patriots,-6.0,6.0,108,-131,249,-319,2.026,-2.026,7.246000000000001,-7.246000000000001,0.7183,0.3096,0.5671,0.4808,0.7613,0.2865,0.6988,0.3012,0.5412,0.4588,0.7266,0.2734,0.6988,0.3012,0.1988,-0.1988,0.2623307692307692,0.1030846153846153,Tampa Bay Buccaneers,New England Patriots,0,0,0,0,0,0,0,0,0,0,0,0,0,5.0,3.5,0.025,0.0,62.0,4.0,14,4,2021-10-03,TB @ NE,4.0,62.0,0.0,nfl_read_py Fallback,False,B.Mayfield,D.Maye,0.9,2.0,14.61,213.5,High,-9.0,11.0,54.38,54.0,14.266827132592804,37.0,73.0,0.4686,0.53,0.0982,0.0836,0.605,0.3714,0.619,0.381,0.3755,0.6242,166,-166,0.3095975232198142,0.7183098591549296,1.45,-1.45,54.19,3.5740000000000003,-3.5740000000000003,Tampa Bay Buccaneers,1.246000000000001,New England Patriots,3.974,New England Patriots,4.55,New England Patriots,2.426,Tampa Bay Buccaneers,0.0082901408450704,New England Patriots,0.1492024767801857,New England Patriots,0.1590024767801857,New England Patriots,0.0659024767801857,Over,4.689999999999998,100.0,223.0,575.76,1283.95,110.0,100.0,426.25,387.5,110.0,100.0,499.75,454.32,New England Patriots,,,,,,,,,,,,,,,4,2917.0,0.9249228659581762,0.676722660267398,2.066151244643625e-05,0.0142838317751445,0.0181532131000438,29.11615697692198,0.0421164187062106,12.54978031117473,6.2232475488666e-06,1.4438264897569652e-05,0.009981541644471,0.0043022901306735,0.0043167283955711,41.66593728809672,0.0602696318062545,,,2887.0,30.0,False,False,0.3929761638801123,0.9117255754296896,0.9417711072642838,1.1109122128409556,0.3429067573043839,0.9113242496611756,0.6054143474144781,0.6847409392438613,0.5316934794053851,0.883843062170017,17.0,19.0,0.0,1.0,0.8725,0.3761,Win,100.0,Loss,-110.0,Loss,-110.0,Loss,-426.25,Loss,-110.0,Win,43.14,Loss,-110.0,Loss,-100.0,Loss,-575.76,Loss,-110.0,Loss,-110.0,Loss,-499.75,Final,4,2021,0.0,0.0113129928008227,0.0,0.8969546992879655,0.6988,0.3012,0.6333,0.3662,0.5236,0.4744,Tampa Bay Buccaneers,Tampa Bay Buccaneers,Tampa Bay Buccaneers,Tampa Bay Buccaneers,Tampa Bay Buccaneers,Same,Same,Same
2021_04_LV_LAC,2021,4,2021-10-04,20:15,Las Vegas Raiders,Los Angeles Chargers,Home,Derek Carr,Justin Herbert,00-0031280,00-0036355,8,8,0,0,-1,-3,SoFi Stadium,33.9535,-118.3395,America/Los_Angeles,False,False,4,-1,-3,AFC West,Allegiant Stadium,36.108,-115.1578,America/Los_Angeles,AFC West,SoFi Stadium,33.9535,-118.3395,America/Los_Angeles,Miami Dolphins,Kansas City Chiefs,Allegiant Stadium,GEHA Field at Arrowhead Stadium,Chicago Bears,Cleveland Browns,Allegiant Stadium,SoFi Stadium,233,0,-233,233,0.0,0.0,America/Los_Angeles,America/Chicago,0.0,2.0,0.0,0.0,0.0,0,-2.35,0.935,-2.35,0.935,Los Angeles Chargers,3.285,Los Angeles Chargers,3.285,-2.35,0.935,Los Angeles Chargers,3.285,0.0,0,No,No,No,No,No,1,No,0.0,0.0,1.671,-0.257,-2.3964600000000003,0.7434600000000001,-2.3964600000000003,0.7434600000000001,-0.07931,-0.15869,1.57241,-0.39641,Los Angeles Chargers,3.1399200000000005,Los Angeles Chargers,3.1399200000000005,-2.3964600000000003,0.7434600000000001,Los Angeles Chargers,3.1399200000000005,Tie,0.0,Las Vegas Raiders,1.928,0.8355,-0.1285,Las Vegas Raiders,0.964,Las Vegas Raiders,0.07938,Las Vegas Raiders,1.96882,0.74655,-0.27755,Las Vegas Raiders,1.0241,Different,Different,Different,Different,Different,Same,False,Away Team,Away Team,42.5,-161.0,144.0,Los Angeles Chargers,Las Vegas Raiders,3.0,-3.0,-110,-110,108,-131,0.07938,-0.07938,1.96882,-1.96882,0.2326,0.8066,0.5238,0.5238,0.5671,0.4808,0.3992,0.6008,0.5,0.5,0.5412,0.4588,0.2238,0.7762,-0.2762,0.2762,-0.0688923076923076,0.0827076923076923,Los Angeles Chargers,Las Vegas Raiders,0,0,1,0,0,0,0,0,1,0,0,0,1,1.5,3.0,0.0,0.002,,,15,4,2021-10-04,LV @ LAC,0.0,70.0,0.0,Dome,True,G.Smith,J.Herbert,-6.09,-7.0,14.11,199.07,High,-16.0,4.0,51.27,51.0,13.869158876932326,34.0,69.0,0.6702,0.3298,0.079,0.0802,0.4362,0.5638,0.729,0.271,0.6013,0.3987,-151,151,0.8065764023210832,0.2325581395348837,-6.545,6.545,51.135000000000005,-1.4989333333333337,1.4989333333333337,Las Vegas Raiders,10.46882,Las Vegas Raiders,8.57938,Las Vegas Raiders,1.955,Las Vegas Raiders,7.0010666666666665,Las Vegas Raiders,0.3086418604651163,Las Vegas Raiders,0.2674418604651163,Las Vegas Raiders,0.0972418604651162,Las Vegas Raiders,0.1661418604651162,Over,8.635000000000005,100.0,330.0,316.77,1045.35,110.0,100.0,209.95,190.86,110.0,100.0,1077.25,979.32,Las Vegas Raiders,,,,,,,,,,,,,,,4,2917.0,0.9996571820363388,0.9910867329448064,0.0073798599184305,0.0,16.709297282756562,0.0,4.817754099305487,0.0,0.0057282472686858,0.0016516126497447,0.0,0.0,0.0016516126497447,0.0,21.52705138206205,,,2887.0,30.0,False,False,1.0127094900522682,0.0,1.0263416600526198,0.0,0.5754411859957987,0.0,0.8658742971344072,0.0,0.8514175477136033,0.0,28.0,14.0,1.0,0.0,0.0,0.7501,Loss,-110.0,Loss,-110.0,Loss,-110.0,Loss,-209.95,Loss,-110.0,Loss,-110.0,Loss,-110.0,Loss,-100.0,Loss,-316.77,Loss,-110.0,Loss,-110.0,Loss,-1077.25,Final,4,2021,0.0013712718546451,0.0,0.8640481587341454,0.0,0.2238,0.7762,0.3895,0.6104,0.3472,0.6524,Los Angeles Chargers,Los Angeles Chargers,Los Angeles Chargers,Los Angeles Chargers,Los Angeles Chargers,Same,Same,Same
2021_05_LA_SEA,2021,5,2021-10-07,20:20,Los Angeles Rams,Seattle Seahawks,Home,Matthew Stafford,Russell Wilson,00-0026498,00-0029263,4,4,0,0,0,0,Lumen Field,47.5952,-122.3316,America/Los_Angeles,False,False,5,0,0,NFC West,SoFi Stadium,33.9535,-118.3395,America/Los_Angeles,NFC West,Lumen Field,47.5952,-122.3316,America/Los_Angeles,Arizona Cardinals,San Francisco 49ers,SoFi Stadium,Levi's Stadium,New York Giants,Pittsburgh Steelers,MetLife Stadium,Acrisure Stadium,964,0,-964,964,0.0,0.0,America/Los_Angeles,America/Los_Angeles,0.0,0.0,0.0,0.0,0.0,0,1.29,-0.13,1.29,-0.13,Los Angeles Rams,1.42,Los Angeles Rams,1.42,1.29,-0.13,Los Angeles Rams,1.42,0.0,0,No,No,No,No,No,1,No,0.0,0.0,2.87,0.557,1.98096,-0.08096,1.98096,-0.08096,0.70516,0.03484,3.55203,0.6149700000000001,Los Angeles Rams,2.06192,Los Angeles Rams,2.06192,1.98096,-0.08096,Los Angeles Rams,2.06192,Tie,0.0,Los Angeles Rams,2.313,1.435,0.2785,Los Angeles Rams,1.1565,Los Angeles Rams,0.67032,Los Angeles Rams,2.93706,2.128595,0.324905,Los Angeles Rams,1.80369,Different,Same,Same,Same,Different,Same,True,Away Team,Away Team,53.5,122.0,-135.0,Los Angeles Rams,Seattle Seahawks,-2.5,2.5,-104,-116,135,-164,0.67032,-0.67032,2.93706,-2.93706,0.5745,0.4505,0.537,0.5098,0.6212,0.4255,0.5605,0.4395,0.513,0.487,0.5935,0.4065,0.5605,0.4395,0.0605,-0.0605,0.201125,0.073525,Los Angeles Rams,Seattle Seahawks,0,0,0,0,0,0,0,0,0,0,0,0,1,4.5,3.0,0.003,0.001,56.0,8.0,0,5,2021-10-07,LA @ SEA,8.0,56.0,0.0,nfl_read_py Fallback,False,M.Stafford,S.Darnold,10.08,10.0,13.33,177.56,Medium,2.0,20.0,50.15,50.0,13.53220017322777,33.0,67.0,0.2206,0.7792,0.0654,0.0646,0.2548,0.7452,0.3864,0.6136,0.3884,0.6116,157,-157,0.4504504504504504,0.574468085106383,10.04,-10.04,50.075,4.549126666666666,-4.549126666666666,Los Angeles Rams,0.4370599999999998,Seattle Seahawks,1.82968,Los Angeles Rams,7.539999999999999,Los Angeles Rams,2.049126666666666,Los Angeles Rams,0.0190319148936169,Seattle Seahawks,0.0365495495495495,Los Angeles Rams,0.2047319148936169,Los Angeles Rams,0.037131914893617,Under,3.424999999999997,135.0,100.0,1202.8,890.96,110.0,100.0,1162.3,1056.64,110.0,100.0,471.4,428.55,Los Angeles Rams,,,,,,,,,,,,,,,5,2333.0,0.9987141020145736,0.6236605229318474,0.00019871768201,0.000879691962697,0.2037558707609327,1.1503261160988951,0.259852481368607,0.901995232873264,8.733642124343451e-05,0.0001113812607666,0.0004930673450916,0.0003866246176053,0.0004980058783719,2.0523213489721592,0.4636083521295397,,,1166.0,1167.0,False,False,0.5786748729559761,0.7379915046457898,1.0088503276066438,1.0627109200456024,0.5900845606800047,0.861537974818162,0.3492937071060308,1.2337699754171318,0.6062303760382045,0.9546099330199944,17.0,26.0,0.0,1.0,0.738,0.5787,Win,100.0,Loss,-110.0,Win,100.0,Win,1056.64,Win,100.0,Win,81.48,Loss,-110.0,Win,100.0,Win,890.96,Win,81.48,Win,100.0,Win,428.55,Final,5,2021,0.0,0.0004286326618088,0.0,0.9613908209140064,0.5605,0.4395,0.5999,0.3999,0.785,0.2142,Los Angeles Rams,Los Angeles Rams,Los Angeles Rams,Los Angeles Rams,Los Angeles Rams,Same,Same,Same
2021_05_NYJ_ATL,2021,5,2021-10-10,09:30,New York Jets,Atlanta Falcons,Neutral,Zach Wilson,Matt Ryan,00-0037013,00-0026143,7,7,0,0,0,-6,Mercedes-Benz Stadium,33.7489,-84.388,America/New_York,False,False,5,0,-6,AFC East,MetLife Stadium,40.8136,-74.0744,America/New_York,NFC South,Mercedes-Benz Stadium,33.7489,-84.388,America/New_York,Tennessee Titans,Washington Commanders,MetLife Stadium,Mercedes-Benz Stadium,New England Patriots,Miami Dolphins,Gillette Stadium,Hard Rock Stadium,747,0,-747,747,0.0,0.0,America/New_York,America/New_York,0.0,0.0,0.0,0.0,0.0,0,-3.725,-0.71,-3.725,-0.71,Atlanta Falcons,3.015,Atlanta Falcons,3.015,-3.725,-0.71,Atlanta Falcons,3.015,0.0,0,No,No,No,No,No,0,No,0.0,0.0,-10.602,-6.918,-4.617,-1.704,-4.617,-1.704,-0.892,-0.994,-11.494,-7.912,Atlanta Falcons,2.9130000000000003,Atlanta Falcons,2.9130000000000003,-4.617,-1.704,Atlanta Falcons,2.9130000000000003,Tie,0.0,Atlanta Falcons,3.684,-5.301,-3.459,Atlanta Falcons,1.842,New York Jets,0.1019999999999999,Atlanta Falcons,3.582,-6.193,-4.453,Atlanta Falcons,1.739999999999999,Different,Same,Different,Same,Different,Same,False,Away Team,Home Team,45.5,-153.0,138.0,Atlanta Falcons,New York Jets,3.0,-3.0,-110,-110,-191,156,0.1019999999999999,-0.1019999999999999,-3.582,3.582,0.4202,0.6047,0.5238,0.5238,0.3906,0.6564,0.41,0.59,0.5,0.5,0.3731,0.6269,0.41,0.59,-0.09,0.09,-0.2237,-0.114175,Atlanta Falcons,New York Jets,0,0,0,0,0,0,0,0,0,0,0,0,0,0.0,1.5,,,63.0,8.0,1,5,2021-10-10,NYJ @ ATL,0.0,70.0,0.0,Dome,True,J.Fields,M.Penix,-3.13,-4.0,13.39,179.4,Medium,-13.0,7.0,43.51,43.0,12.76946826238042,28.0,60.0,0.591,0.4078,0.0888,0.0886,0.5018,0.4476,0.4154,0.5846,0.577,0.4227,-136,137,0.6047430830039525,0.4201680672268907,-3.565,3.565,43.255,-2.348333333333333,2.348333333333333,Atlanta Falcons,0.5819999999999999,New York Jets,3.102,Atlanta Falcons,0.565,New York Jets,0.6516666666666668,Atlanta Falcons,0.0221569169960474,New York Jets,0.0798319327731092,No Bet,0.0,New York Jets,0.0025319327731092,Under,2.2450000000000045,,0.0,0.0,0.0,110.0,100.0,0.0,0.0,110.0,100.0,319.15,290.14,No Bet,,,,,,,,,,,,,,,5,2333.0,1.0,1.0,0.0024030736839813,0.0003141413241017,3.3077588337897708,0.3004856007430861,2.2986120709386544,0.4324061083863922,0.0014178134735489,0.0009852602104323,0.0001287979428817,0.00018534338122,0.0011706035916523,0.7328917091294783,5.606370904728426,,,1166.0,1167.0,False,False,0.7768331627850419,0.539833214816724,1.0357806238261231,1.0357806238261231,0.9100221675038008,0.541600367994366,0.935777791929575,0.6457025102349927,0.9006048583265807,0.6597671986389008,27.0,20.0,1.0,0.0,0.5398,0.7768,Win,100.0,Loss,-110.0,Win,100.0,Win,0.0,Loss,-110.0,Win,71.9,Loss,-110.0,No Bet,0.0,No Bet,0.0,Loss,-110.0,Loss,-110.0,Loss,-319.15,Final,5,2021,,,0.0,0.0,0.41,0.59,0.4294,0.5703,0.4844,0.5146,Atlanta Falcons,Atlanta Falcons,Atlanta Falcons,Atlanta Falcons,Atlanta Falcons,Same,Same,Same
2021_05_PHI_CAR,2021,5,2021-10-10,13:00,Philadelphia Eagles,Carolina Panthers,Home,Jalen Hurts,Sam Darnold,00-0036389,00-0034869,7,7,0,0,-1,4,Bank of America Stadium,35.2258,-80.8528,America/New_York,False,False,5,-1,4,NFC East,Lincoln Financial Field,39.9008,-75.1675,America/New_York,NFC South,Bank of America Stadium,35.2258,-80.8528,America/New_York,Kansas City Chiefs,Dallas Cowboys,Lincoln Financial Field,AT&T Stadium,Tampa Bay Buccaneers,Minnesota Vikings,Lincoln Financial Field,Bank of America Stadium,448,0,-448,448,0.0,0.0,America/New_York,America/Chicago,0.0,-1.0,0.0,0.0,0.0,0,4.905,-5.25,4.905,-5.25,Philadelphia Eagles,10.155,Philadelphia Eagles,10.155,4.905,-5.25,Philadelphia Eagles,10.155,0.0,0,No,No,No,No,No,0,No,0.0,0.0,-4.356,1.924,3.4830000000000005,-6.653499999999999,3.4830000000000005,-6.653499999999999,-1.4220000000000002,-1.4035,-5.778,0.5205000000000002,Philadelphia Eagles,10.1365,Philadelphia Eagles,10.1365,3.4830000000000005,-6.653499999999999,Philadelphia Eagles,10.1365,Tie,0.0,Carolina Panthers,6.279999999999999,-2.178,0.962,Carolina Panthers,3.14,Carolina Panthers,0.0185000000000001,Carolina Panthers,6.2985,-3.6,-0.4414999999999999,Carolina Panthers,3.1585,Different,Different,Different,Different,Different,Same,False,Home Team,Home Team,46.0,-139.0,126.0,Carolina Panthers,Philadelphia Eagles,2.5,-2.5,-110,-110,-282,224,-0.0185000000000001,0.0185000000000001,-6.2985,6.2985,0.4425,0.5816,0.5238,0.5238,0.3086,0.7382,0.4321,0.5679,0.5,0.5,0.2948,0.7052,0.4321,0.5679,-0.0679,0.0679,0.0564083333333333,-0.1097333333333333,Carolina Panthers,Philadelphia Eagles,0,0,0,0,0,0,0,0,0,0,0,0,0,3.0,1.5,0.0,0.0069999999999999,76.0,13.0,2,5,2021-10-10,PHI @ CAR,13.0,76.0,0.0,nfl_read_py Fallback,False,J.Hurts,B.Young,8.15,9.0,13.69,187.4,Med-High,-2.0,17.0,47.4,47.0,12.711820967841849,32.0,64.0,0.2702,0.7286,0.072,0.0736,0.242,0.758,0.5168,0.4544,0.5108,0.4889,-104,105,0.5815899581589958,0.4424778761061947,8.575,-8.575,47.2,0.7526666666666664,-0.7526666666666664,Carolina Panthers,3.7985,Philadelphia Eagles,2.4815,Philadelphia Eagles,11.075,Philadelphia Eagles,3.2526666666666664,Carolina Panthers,0.1236100418410042,Philadelphia Eagles,0.0575221238938052,Philadelphia Eagles,0.2861221238938053,Philadelphia Eagles,0.0464221238938052,Over,1.2000000000000028,100.0,126.0,1283.01,1616.59,110.0,100.0,1229.5,1117.73,110.0,100.0,0.0,0.0,Philadelphia Eagles,,,,,,,,,,,,,,,5,2333.0,0.5632233176168024,0.9995713673381912,0.0018369911253248,0.0001694890569654,2.4338491977479624,0.1708601047939975,1.8518510976349616,0.2245578651064828,0.0010432272600719,0.0007937638652528,7.323622151478678e-05,9.625283545069989e-05,0.0008900167007035,0.3954179699004803,4.285700295382925,,,1166.0,1167.0,False,False,0.7477348358400429,0.568931541761723,1.0357806238261231,1.0357806238261231,1.0236842120333072,0.4279383234648595,0.427829372892337,1.1536509292722308,0.7972772298669281,0.7630948270985535,18.0,21.0,0.0,1.0,0.5689,0.7477,Loss,-110.0,Win,100.0,Win,100.0,Win,1117.73,Win,100.0,Loss,-110.0,Win,138.6,Win,126.0,Win,1616.59,Win,138.6,Loss,-110.0,Loss,-0.0,Final,5,2021,0.0025717959708529,0.0,0.8029405351910963,0.0,0.4321,0.5679,0.4824,0.5174,0.6742,0.3252,Carolina Panthers,Philadelphia Eagles,Carolina Panthers,Philadelphia Eagles,Carolina Panthers,Same,Same,Same
2021_05_GB_CIN,2021,5,2021-10-10,13:00,Green Bay Packers,Cincinnati Bengals,Home,Aaron Rodgers,Joe Burrow,00-0023459,00-0036442,7,10,-3,3,-4,3,Paycor Stadium,39.0955,-84.5165,America/New_York,False,False,5,-4,3,NFC North,Lambeau Field,44.5013,-88.0622,America/Chicago,AFC North,Paycor Stadium,39.0955,-84.5165,America/New_York,Pittsburgh Steelers,Jacksonville Jaguars,Lambeau Field,Paycor Stadium,Chicago Bears,Detroit Lions,Soldier Field,Ford Field,415,0,-415,415,-1.0,0.0,America/Chicago,America/New_York,-1.0,0.0,-1.0,0.0,-1.0,0,3.535,1.31,3.535,1.31,Green Bay Packers,2.225,Green Bay Packers,2.225,3.535,1.31,Green Bay Packers,2.225,0.0,0,No,No,No,No,No,0,No,0.0,0.0,2.692,-3.298,2.7455,3.2735000000000003,2.7455,3.2735000000000003,-0.7895,1.9635,1.9025,-1.3345,Cincinnati Bengals,0.5280000000000005,Cincinnati Bengals,0.5280000000000005,2.7455,3.2735000000000003,Cincinnati Bengals,0.5280000000000005,Tie,0.0,Green Bay Packers,5.99,1.346,-1.649,Green Bay Packers,2.995,Cincinnati Bengals,2.753,Green Bay Packers,3.237,0.5565,0.3145,Green Bay Packers,0.242,Different,Different,Same,Different,Different,Same,False,Home Team,Away Team,50.0,111.0,-123.0,Green Bay Packers,Cincinnati Bengals,-2.0,2.0,-164,135,135,-164,-2.753,2.753,3.237,-3.237,0.5516,0.4739,0.4255,0.6212,0.6212,0.4255,0.5379,0.4621,0.4065,0.5935,0.5935,0.4065,0.5379,0.4621,0.0379,-0.0379,0.12075,0.0262916666666666,Green Bay Packers,Cincinnati Bengals,0,0,0,0,1,0,0,0,0,0,1,0,0,3.5,2.5,0.011,0.0,76.0,12.0,3,5,2021-10-10,GB @ CIN,12.0,76.0,0.0,nfl_read_py Fallback,False,J.Love,J.Browning,6.41,7.0,13.67,186.81,Med-High,-3.0,16.0,44.47,44.0,13.334708370619357,28.0,62.0,0.3138,0.685,0.0882,0.0796,0.333,0.6566,0.3108,0.6534,0.444,0.5557,125,-125,0.4739336492890995,0.5515695067264574,6.705,-6.705,44.235,2.396333333333333,-2.396333333333333,Green Bay Packers,1.237,Cincinnati Bengals,4.753,Green Bay Packers,4.705,Green Bay Packers,0.3963333333333332,Green Bay Packers,0.0419304932735425,Cincinnati Bengals,0.1195663507109004,Green Bay Packers,0.1334304932735426,Green Bay Packers,0.0041304932735425,Under,5.765000000000001,123.0,100.0,743.88,604.78,110.0,100.0,697.15,633.77,110.0,100.0,680.35,618.5,Green Bay Packers,,,,,,,,,,,,,,,5,2333.0,0.5949421345906558,0.7136733819117017,0.000140508202228,0.0022503350196323,0.1514789843022208,2.8239919980714947,0.1763266514957034,2.4260396027306887,6.492884024955885e-05,7.557936197844127e-05,0.0012104552070602,0.001039879812572,0.0011154591745505,5.250031600802184,0.3278056357979242,,,1166.0,1167.0,False,False,0.608431533089776,0.7082348445119899,1.2294716004816082,0.8420896471706381,0.5900845606800047,0.861537974818162,0.4968647565270739,1.084615545637494,0.6930130972218403,0.8673589597436411,22.0,25.0,0.0,1.0,0.7082,0.6084,Win,100.0,Loss,-110.0,Win,100.0,Win,633.77,Win,100.0,Win,89.43,Loss,-110.0,Win,100.0,Win,604.78,Win,89.43,Win,100.0,Win,618.5,Final,5,2021,0.0004286326618088,0.0,0.6979357823509138,0.0,0.5379,0.4621,0.5591,0.4406,0.602,0.397,Green Bay Packers,Green Bay Packers,Green Bay Packers,Green Bay Packers,Green Bay Packers,Same,Same,Same
2021_05_NE_HOU,2021,5,2021-10-10,13:00,New England Patriots,Houston Texans,Home,Mac Jones,Davis Mills,00-0036972,00-0036898,7,7,0,0,0,3,NRG Stadium,29.6847,-95.4093,America/Chicago,False,False,5,0,3,AFC East,Gillette Stadium,42.0628,-71.2687,America/New_York,AFC South,NRG Stadium,29.6847,-95.4093,America/Chicago,Tampa Bay Buccaneers,Buffalo Bills,Gillette Stadium,Highmark Stadium,Dallas Cowboys,Indianapolis Colts,Gillette Stadium,Lucas Oil Stadium,1590,0,-1590,1590,1.0,0.0,America/New_York,America/New_York,1.0,1.0,1.0,0.0,1.0,0,-1.995,0.035,-1.995,0.035,Houston Texans,2.03,Houston Texans,2.03,-1.995,0.035,Houston Texans,2.03,0.0,0,No,No,No,No,No,0,No,0.0,0.0,-0.766,-7.216,-1.9105,-0.0584999999999999,-1.9105,-0.0584999999999999,0.0844999999999999,-0.0934999999999999,-0.6815000000000001,-7.3095,Houston Texans,1.852,Houston Texans,1.852,-1.9105,-0.0584999999999999,Houston Texans,1.852,Tie,0.0,New England Patriots,6.45,-0.383,-3.608,New England Patriots,3.225,New England Patriots,0.1779999999999999,New England Patriots,6.628,-0.2985,-3.7015,New England Patriots,3.403,Different,Different,Different,Different,Different,Same,False,Away Team,Away Team,39.5,288.0,-339.0,New England Patriots,Houston Texans,-8.0,8.0,-110,-110,224,-282,0.1779999999999999,-0.1779999999999999,6.628,-6.628,0.7722,0.2577,0.5238,0.5238,0.7382,0.3086,0.7498,0.2502,0.5,0.5,0.7052,0.2948,0.7498,0.2502,0.2498,-0.2498,0.0908583333333333,-0.20265,New England Patriots,Houston Texans,0,0,0,0,0,0,0,0,0,0,0,0,0,3.5,0.5,0.186,0.0,,,4,5,2021-10-10,NE @ HOU,0.0,70.0,0.0,Dome,True,D.Maye,C.Stroud,7.4,8.0,13.96,194.89,Med-High,-3.0,17.0,52.98,53.0,13.938395021348557,36.0,71.0,0.2964,0.7028,0.0796,0.077,0.4942,0.4832,0.8326,0.1674,0.3354,0.6644,198,-198,0.2577319587628865,0.7722095671981777,7.7,-7.7,52.99,4.835333333333334,-4.835333333333334,Houston Texans,1.372,Houston Texans,7.822,Houston Texans,0.2999999999999998,Houston Texans,3.1646666666666663,Houston Texans,0.0370680412371134,Houston Texans,0.2422680412371134,Houston Texans,0.0386680412371134,Houston Texans,0.0776680412371134,Over,13.489999999999997,100.0,288.0,130.24,375.08,110.0,100.0,0.0,0.0,110.0,100.0,1621.15,1473.77,Houston Texans,,,,,,,,,,,,,,,5,2333.0,0.9965709387055294,0.9249892841834548,0.0005041136424572,0.1564511176692239,0.2942595013887347,273.6773430502202,0.881837626463922,91.32311447207934,0.0001261292333427,0.0003779844091144,0.1173070480283841,0.0391440696408398,0.0395220540499542,365.00045752229954,1.1760971278526566,,,1166.0,1167.0,False,False,0.3294299276759618,0.987236449925804,1.0357806238261231,1.0357806238261231,0.4279383234648595,1.0236842120333072,0.4693139382875229,1.1127997160204828,0.5235058396581199,1.0370223013382671,22.0,25.0,0.0,1.0,0.9872,0.3294,Loss,-110.0,Loss,-110.0,Loss,-110.0,Loss,-0.0,Loss,-110.0,Loss,-110.0,Loss,-110.0,Loss,-100.0,Loss,-130.24,Loss,-110.0,Win,100.0,Win,1473.77,Final,5,2021,0.0,0.1898842691813116,0.0,1.044388589626007,0.7498,0.2502,0.6754,0.3245,0.783,0.2166,New England Patriots,New England Patriots,New England Patriots,New England Patriots,New England Patriots,Same,Same,Same
2021_05_TEN_JAX,2021,5,2021-10-10,13:00,Tennessee Titans,Jacksonville Jaguars,Home,Ryan Tannehill,Trevor Lawrence,00-0029701,00-0036971,7,10,-3,3,-3,3,TIAA Bank Field,30.3239,-81.6554,America/New_York,False,True,5,-3,3,AFC South,Nissan Stadium,36.1664,-86.7716,America/Chicago,AFC South,TIAA Bank Field,30.3239,-81.6554,America/New_York,New York Jets,Cincinnati Bengals,MetLife Stadium,Paycor Stadium,Buffalo Bills,Miami Dolphins,Nissan Stadium,TIAA Bank Field,500,0,-500,500,-1.0,0.0,America/New_York,America/New_York,0.0,0.0,0.0,0.0,0.0,0,-4.36,-1.825,-4.36,-1.825,Jacksonville Jaguars,2.535,Jacksonville Jaguars,2.535,-4.36,-1.825,Jacksonville Jaguars,2.535,0.0,0,No,No,No,No,No,1,No,0.0,0.0,-1.28,-11.435,-3.06138,-2.314620000000001,-3.06138,-2.314620000000001,1.27327,-0.4642699999999999,-0.1082799999999998,-11.79772,Jacksonville Jaguars,0.7467599999999996,Jacksonville Jaguars,0.7467599999999996,-3.06138,-2.314620000000001,Jacksonville Jaguars,0.7467599999999996,Tie,0.0,Tennessee Titans,10.155,-0.64,-5.7175,Tennessee Titans,5.077500000000001,Tennessee Titans,1.73754,Tennessee Titans,11.68944,0.582495,-6.130995,Tennessee Titans,6.71349,Different,Different,Different,Different,Different,Same,False,Away Team,Away Team,49.0,170.0,-191.0,Tennessee Titans,Jacksonville Jaguars,-4.0,4.0,105,-128,450,-646,1.73754,-1.73754,11.68944,-11.68944,0.6564,0.3704,0.5614,0.4878,0.866,0.1818,0.6393,0.3607,0.5351,0.4649,0.8265,0.1735,0.6393,0.3607,0.1393,-0.1393,-0.0362916666666666,-0.1935416666666666,Tennessee Titans,Jacksonville Jaguars,0,0,0,0,0,0,1,0,0,0,1,0,1,2.0,0.5,0.034,0.0,78.0,11.0,5,5,2021-10-10,TEN @ JAX,11.0,78.0,0.0,nfl_read_py Fallback,False,C.Ward,T.Lawrence,7.89,8.0,13.63,185.76,Med-High,-2.0,17.0,47.65,47.0,13.265057835979396,31.0,65.0,0.2766,0.7226,0.0836,0.0734,0.3532,0.6218,0.431,0.5398,0.3189,0.6809,214,-213,0.3703703703703703,0.6563573883161512,7.945,-7.945,47.325,7.123993333333334,-7.123993333333334,Tennessee Titans,7.689439999999999,Jacksonville Jaguars,2.26246,Tennessee Titans,3.945,Tennessee Titans,3.123993333333334,Tennessee Titans,0.1701426116838488,Jacksonville Jaguars,0.0945296296296296,Tennessee Titans,0.0662426116838488,Tennessee Titans,0.0245426116838487,Under,1.6749999999999972,191.0,100.0,481.92,252.31,110.0,100.0,514.45,467.68,110.0,100.0,83.95,76.32,Tennessee Titans,,,,,,,,,,,,,,,5,2333.0,1.0,0.992284612087441,0.0004965298666335,0.0407003404050924,0.4178363873133943,60.70402453973603,0.7405677915427031,34.24986962534458,0.0001790983228947,0.0003174315437388,0.0260197276209755,0.0146806127841168,0.0149980443278556,94.9538941650806,1.1584041788560977,,,1166.0,1167.0,False,False,0.474921562400957,0.8417448152008089,0.9630688240335292,1.108492423618717,0.2518565099089319,1.1997660255892348,0.4379630071873443,1.1441506471206615,0.4977519745586596,1.0627761664377275,19.0,37.0,0.0,1.0,0.8417,0.4749,Win,100.0,Loss,-110.0,Win,100.0,Win,467.68,Win,100.0,Win,57.59,Loss,-110.0,Win,100.0,Win,252.31,Win,57.59,Loss,-110.0,Loss,-83.95,Final,5,2021,0.0,0.0064294899271324,0.0,1.070325392348507,0.6393,0.3607,0.6716,0.3279,0.7006,0.2974,Tennessee Titans,Tennessee Titans,Tennessee Titans,Tennessee Titans,Tennessee Titans,Same,Same,Same
2021_05_DET_MIN,2021,5,2021-10-10,13:00,Detroit Lions,Minnesota Vikings,Home,Jared Goff,Kirk Cousins,00-0033106,00-0029604,7,7,0,0,-1,0,U.S. Bank Stadium,44.9738,-93.2575,America/Chicago,False,True,5,-1,0,NFC North,Ford Field,42.3395,-83.045,America/Detroit,NFC North,U.S. Bank Stadium,44.9738,-93.2575,America/Chicago,Chicago Bears,Cleveland Browns,Soldier Field,U.S. Bank Stadium,Cincinnati Bengals,Carolina Panthers,Ford Field,Bank of America Stadium,541,0,-541,541,1.0,0.0,America/Chicago,America/Chicago,0.0,0.0,0.0,0.0,0.0,0,4.305,0.27,4.305,0.27,Detroit Lions,4.035,Detroit Lions,4.035,4.305,0.27,Detroit Lions,4.035,0.0,0,No,No,No,No,No,1,No,0.0,0.0,-9.436,-1.2,5.02671,-1.07771,5.02671,-1.07771,0.76206,-1.3880599999999998,-8.59158,-2.67042,Detroit Lions,6.104419999999999,Detroit Lions,6.104419999999999,5.02671,-1.07771,Detroit Lions,6.104419999999999,Tie,0.0,Minnesota Vikings,8.236,-4.718,-0.6,Minnesota Vikings,4.118,Detroit Lions,2.15012,Minnesota Vikings,5.92116,-3.91476,-2.02924,Minnesota Vikings,1.8855200000000003,Different,Different,Same,Different,Different,Same,False,Away Team,Home Team,49.5,-418.0,346.0,Minnesota Vikings,Detroit Lions,10.0,-10.0,108,-131,-261,208,2.15012,-2.15012,-5.92116,5.92116,0.2242,0.8069,0.5671,0.4808,0.3247,0.723,0.2174,0.7826,0.5412,0.4588,0.3099,0.6901,0.2174,0.7826,-0.2826,0.2826,-0.2383416666666666,-0.0319166666666666,Minnesota Vikings,Detroit Lions,0,0,1,0,0,0,0,0,1,0,0,0,1,0.0,2.0,0.0,0.226,,,6,5,2021-10-10,DET @ MIN,0.0,70.0,0.0,Dome,True,J.Goff,C.Wentz,-4.68,-5.0,12.84,164.75,Med-Low,-13.0,4.0,56.24,56.0,14.303764902223318,39.0,75.0,0.6452,0.3548,0.0978,0.09,0.3198,0.6364,0.673,0.327,0.6442,0.3558,-181,181,0.806949806949807,0.2242152466367713,-4.84,4.84,56.120000000000005,-2.870346666666667,2.870346666666667,Detroit Lions,4.07884,Detroit Lions,12.15012,Detroit Lions,5.16,Detroit Lions,7.129653333333334,Detroit Lions,0.0856847533632287,Detroit Lions,0.3169847533632287,Detroit Lions,0.1305847533632287,Detroit Lions,0.1315847533632287,Over,6.6200000000000045,100.0,346.0,420.82,1456.02,110.0,100.0,591.1,537.36,110.0,100.0,783.25,712.05,Detroit Lions,,,,,,,,,,,,,,,5,2333.0,1.0,1.0,0.2472252477629271,0.0001966759111153,451.3852912719893,0.0997528813974064,125.39121175891962,0.3590920192346377,0.1934784788992667,0.0537467688636603,4.275734307647081e-05,0.0001539185680388,0.0539006874316992,0.4588449006320441,576.7765030309089,,,1166.0,1167.0,False,False,1.030423107111142,0.2862432704906239,0.9504323004228504,1.1211289472293955,1.001764711747285,0.4498578237508819,1.0215970073654177,0.561783351229464,1.0054933270952915,0.5553469819629072,19.0,17.0,1.0,0.0,0.2862,1.0304,Loss,-110.0,Loss,-110.0,Loss,-110.0,Loss,-591.1,Loss,-110.0,Loss,-110.0,Loss,-110.0,Loss,-100.0,Loss,-420.82,Loss,-110.0,Loss,-110.0,Loss,-783.25,Final,5,2021,0.5756536648092585,0.0,1.0126356553839158,0.0,0.2174,0.7826,0.3982,0.6014,0.3944,0.6042,Minnesota Vikings,Minnesota Vikings,Minnesota Vikings,Minnesota Vikings,Minnesota Vikings,Same,Same,Same
2021_05_DEN_PIT,2021,5,2021-10-10,13:00,Denver Broncos,Pittsburgh Steelers,Home,Teddy Bridgewater,Ben Roethlisberger,00-0031237,00-0022924,7,7,0,0,0,1,Acrisure Stadium,40.4468,-80.0158,America/New_York,False,False,5,0,1,AFC West,Empower Field at Mile High,39.7648,-105.0076,America/Denver,AFC North,Acrisure Stadium,40.4468,-80.0158,America/New_York,Baltimore Ravens,Green Bay Packers,Empower Field at Mile High,Lambeau Field,Las Vegas Raiders,Seattle Seahawks,Empower Field at Mile High,Acrisure Stadium,1316,0,-1316,1316,-2.0,0.0,America/Denver,America/Chicago,-2.0,-1.0,-2.0,0.0,-2.0,0,2.05,-0.565,2.05,-0.565,Denver Broncos,2.615,Denver Broncos,2.615,2.05,-0.565,Denver Broncos,2.615,-0.3,0,No,No,No,No,No,0,No,0.0,0.0,-0.365,-2.477,2.1805,0.6940000000000002,2.1805,0.6940000000000002,0.1305,1.259,-0.2345,-1.218,Denver Broncos,1.4864999999999997,Denver Broncos,1.4864999999999997,2.1805,0.6940000000000002,Denver Broncos,1.4864999999999997,Tie,0.0,Denver Broncos,2.112,-0.1825,-1.2385,Denver Broncos,1.056,Pittsburgh Steelers,1.1285,Denver Broncos,0.9835,-0.0519999999999999,0.0205,Pittsburgh Steelers,0.0725,Different,Same,Different,Same,Different,Same,False,Home Team,Away Team,40.0,113.0,-124.0,Denver Broncos,Pittsburgh Steelers,-2.0,2.0,-122,101,101,-122,-1.1285,1.1285,0.9835,-0.9835,0.5536,0.4695,0.4975,0.5495,0.5495,0.4975,0.5411,0.4589,0.4752,0.5248,0.5248,0.4752,0.5411,0.4589,0.0411,-0.0411,-0.0103583333333333,-0.0152916666666666,Denver Broncos,Pittsburgh Steelers,0,0,0,0,0,0,0,0,0,0,0,0,0,2.5,2.5,0.001,0.004,71.0,9.0,7,5,2021-10-10,DEN @ PIT,9.0,71.0,0.0,nfl_read_py Fallback,False,B.Nix,A.Rodgers,-0.06,1.0,13.01,169.38,Med-Low,-10.0,9.0,42.72,42.0,12.262150815763349,28.0,59.0,0.4984,0.5006,0.0984,0.0856,0.5218,0.4658,0.547,0.418,0.4893,0.5104,104,-104,0.4694835680751174,0.5535714285714286,0.47,-0.47,42.36,0.1083333333333332,-0.1083333333333332,Pittsburgh Steelers,1.0165000000000002,Pittsburgh Steelers,3.1285,Pittsburgh Steelers,1.53,Pittsburgh Steelers,1.8916666666666664,Pittsburgh Steelers,0.0057164319248826,Pittsburgh Steelers,0.0553164319248826,Pittsburgh Steelers,0.0289164319248826,Pittsburgh Steelers,0.0198164319248826,Over,2.3599999999999994,100.0,113.0,136.27,153.98,110.0,100.0,0.0,0.0,110.0,100.0,121.75,110.68,Pittsburgh Steelers,,,,,,,,,,,,,,,5,2333.0,1.0,0.4277753964852123,0.00024443854785,0.0002050393245633,0.2616992581363199,0.2588388342900499,0.3085758739977396,0.2195179099162889,0.0001121728496083,0.0001322656982416,0.0001109467785212,9.409254604212984e-05,0.0002263582442837,0.4783567442063388,0.5702751321340596,,,1166.0,1167.0,False,False,0.6042182006814504,0.7124481769203156,1.0871553427678988,0.9844059048843474,0.6898110288687289,0.761811506629438,0.7891567707236891,0.7926402075125979,0.7637191632221767,0.7966528937433047,27.0,19.0,1.0,0.0,0.7124,0.6042,Win,100.0,Win,100.0,Win,100.0,Win,0.0,Win,100.0,Win,124.3,Win,124.3,Win,113.0,Win,153.99,Win,124.3,Win,100.0,Win,110.68,Final,5,2021,0.0,0.0,0.0,0.0,0.5411,0.4589,0.454,0.5458,0.5264,0.4728,Denver Broncos,Denver Broncos,Pittsburgh Steelers,Denver Broncos,Denver Broncos,Same,Same,Different
2021_05_MIA_TB,2021,5,2021-10-10,13:00,Miami Dolphins,Tampa Bay Buccaneers,Home,Jacoby Brissett,Tom Brady,00-0033119,00-0019596,7,7,0,0,0,3,Raymond James Stadium,27.9759,-82.5033,America/New_York,False,False,5,0,3,AFC East,Hard Rock Stadium,25.9602,-80.2384,America/New_York,NFC South,Raymond James Stadium,27.9759,-82.5033,America/New_York,Indianapolis Colts,New England Patriots,Hard Rock Stadium,Gillette Stadium,Jacksonville Jaguars,Philadelphia Eagles,TIAA Bank Field,Lincoln Financial Field,197,0,-197,197,0.0,0.0,America/New_York,America/New_York,0.0,0.0,0.0,0.0,0.0,0,0.66,1.025,0.66,1.025,Tampa Bay Buccaneers,0.3649999999999999,Tampa Bay Buccaneers,0.3649999999999999,0.66,1.025,Tampa Bay Buccaneers,0.3649999999999999,0.0,0,No,No,No,No,No,0,No,0.0,0.0,-4.174,3.161,-0.4945,-0.6915000000000002,-0.4945,-0.6915000000000002,-1.1545,-1.7165,-5.3285,1.4445,Miami Dolphins,0.1970000000000001,Miami Dolphins,0.1970000000000001,-0.4945,-0.6915000000000002,Miami Dolphins,0.1970000000000001,Tie,0.0,Tampa Bay Buccaneers,7.335000000000001,-2.087,1.5805,Tampa Bay Buccaneers,3.6675,Miami Dolphins,0.5619999999999998,Tampa Bay Buccaneers,6.773,-3.2415000000000003,-0.136,Tampa Bay Buccaneers,3.1055,Different,Different,Same,Different,Different,Same,False,Away Team,Home Team,48.0,-564.0,448.0,Tampa Bay Buccaneers,Miami Dolphins,11.0,-11.0,-104,-116,-319,249,0.5619999999999998,-0.5619999999999998,-6.773,6.773,0.1825,0.8494,0.537,0.5098,0.2865,0.7613,0.1768,0.8232,0.513,0.487,0.2734,0.7266,0.1768,0.8232,-0.3232,0.3232,-0.009525,0.2572583333333333,Tampa Bay Buccaneers,Miami Dolphins,0,0,0,0,0,0,0,0,0,0,0,0,0,2.5,5.0,0.0,0.212,84.0,7.0,8,5,2021-10-10,MIA @ TB,7.0,84.0,0.0,nfl_read_py Fallback,False,T.Tagovailoa,B.Mayfield,-7.14,-7.0,13.36,178.58,Medium,-17.0,3.0,49.32,48.0,13.594032660869878,33.0,67.0,0.7046,0.2944,0.0832,0.0764,0.376,0.5948,0.499,0.4796,0.6854,0.3144,-218,218,0.8493975903614458,0.1824817518248175,-7.07,7.07,48.66,-4.4270000000000005,4.4270000000000005,Miami Dolphins,4.227,Miami Dolphins,11.562,Miami Dolphins,3.93,Miami Dolphins,6.573,Miami Dolphins,0.0909182481751824,Miami Dolphins,0.3305182481751825,Miami Dolphins,0.1119182481751824,Miami Dolphins,0.1319182481751825,Over,0.6599999999999966,100.0,448.0,342.25,1533.28,110.0,100.0,372.7,338.82,110.0,100.0,0.0,0.0,Miami Dolphins,,,,,,,,,,,,,,,5,2333.0,0.6566652378911273,1.0,0.1749194054023768,0.0,335.93719601204305,0.0,72.14977679170212,0.0,0.1439936545272366,0.0309257508751402,0.0,0.0,0.0309257508751402,0.0,408.08697280374514,,,1166.0,1167.0,False,False,1.0838797620417735,0.0,1.0088503276066438,0.0,1.054748934292968,0.0,1.1156498006659537,0.0,1.0697999478284896,0.0,45.0,17.0,1.0,0.0,0.0,1.0839,Loss,-110.0,Loss,-110.0,Loss,-110.0,Loss,-372.7,Loss,-110.0,Loss,-110.0,Loss,-110.0,Loss,-100.0,Loss,-342.25,Loss,-110.0,Win,100.0,Win,0.0,Final,5,2021,0.0672953279039862,0.0,1.07739906581828,0.0,0.1768,0.8232,0.3286,0.6712,0.2932,0.706,Tampa Bay Buccaneers,Tampa Bay Buccaneers,Tampa Bay Buccaneers,Tampa Bay Buccaneers,Tampa Bay Buccaneers,Same,Same,Same
2021_05_NO_WAS,2021,5,2021-10-10,13:00,New Orleans Saints,Washington Commanders,Home,Jameis Winston,Taylor Heinicke,00-0031503,00-0031800,7,7,0,0,0,3,FedExField,38.9077,-76.8645,America/New_York,False,False,5,0,3,NFC South,Caesars Superdome,29.9507,-90.0813,America/Chicago,NFC East,FedExField,38.9077,-76.8645,America/New_York,New York Giants,Atlanta Falcons,Caesars Superdome,Mercedes-Benz Stadium,Seattle Seahawks,Kansas City Chiefs,Lumen Field,FedExField,972,0,-972,972,-1.0,0.0,America/Chicago,America/New_York,-1.0,0.0,-1.0,0.0,-1.0,0,-6.145,1.45,-6.145,1.45,Washington Commanders,7.595,Washington Commanders,7.595,-6.145,1.45,Washington Commanders,7.595,0.0,0,No,No,No,No,No,0,No,0.0,0.0,4.776,-3.469,-5.241,1.0470000000000002,-5.241,1.0470000000000002,0.904,-0.403,5.68,-3.872,Washington Commanders,6.288,Washington Commanders,6.288,-5.241,1.0470000000000002,Washington Commanders,6.288,Tie,0.0,New Orleans Saints,8.245,2.388,-1.7345,New Orleans Saints,4.1225,New Orleans Saints,1.307,New Orleans Saints,9.552,3.292,-2.1375,New Orleans Saints,5.4295,Different,Different,Different,Different,Different,Same,False,Away Team,Away Team,43.5,117.0,-130.0,New Orleans Saints,Washington Commanders,-2.5,2.5,105,-128,327,-436,1.307,-1.307,9.552,-9.552,0.5652,0.4608,0.5614,0.4878,0.8134,0.2342,0.5509,0.4491,0.5351,0.4649,0.7765,0.2235,0.5509,0.4491,0.0509,-0.0509,-0.0300083333333333,-0.1434583333333333,New Orleans Saints,Washington Commanders,0,0,1,0,0,0,0,0,1,0,0,0,0,2.0,1.0,0.002,0.0,70.0,12.0,9,5,2021-10-10,NO @ WAS,12.0,70.0,0.0,nfl_read_py Fallback,False,S.Rattler,J.Daniels,5.86,7.0,12.92,166.88,Med-Low,-3.0,15.0,38.94,38.0,12.376770270489216,23.0,55.0,0.3234,0.6756,0.0916,0.0872,0.361,0.639,0.3394,0.6606,0.3652,0.6345,174,-174,0.4608294930875576,0.5652173913043478,6.43,-6.43,38.47,5.763000000000001,-5.763000000000001,New Orleans Saints,7.052,Washington Commanders,1.193,New Orleans Saints,3.93,New Orleans Saints,3.263000000000001,New Orleans Saints,0.2112826086956521,Washington Commanders,0.0040705069124423,New Orleans Saints,0.1103826086956522,New Orleans Saints,0.0692826086956521,Under,5.030000000000001,130.0,100.0,634.7,488.23,110.0,100.0,604.75,549.77,110.0,100.0,718.15,652.86,New Orleans Saints,,,,,,,,,,,,,,,5,2333.0,0.9768538362623232,1.0,0.0003274540270713,0.0012966181335983,0.3430900551001885,1.6664780672218198,0.4208601900572117,1.3585320384630954,0.0001470596035577,0.0001803944235135,0.0007143069297993,0.000582311203799,0.0007627056273126,3.0250101056849155,0.7639502451574003,,,1166.0,1167.0,False,False,0.5913148701809531,0.7253515074208128,0.9630688240335292,1.108492423618717,0.3244376366838403,1.1271848988143265,0.5120652079695848,1.069731770266702,0.5700188808680543,0.9903531760974272,22.0,33.0,0.0,1.0,0.7254,0.5913,Win,100.0,Loss,-110.0,Win,100.0,Win,549.77,Win,100.0,Win,84.62,Loss,-110.0,Win,100.0,Win,488.23,Win,84.62,Loss,-110.0,Loss,-718.15,Final,5,2021,0.0,0.0,0.0,0.0,0.5509,0.4491,0.6363,0.3634,0.6304,0.3684,New Orleans Saints,New Orleans Saints,New Orleans Saints,New Orleans Saints,New Orleans Saints,Same,Same,Same
2021_05_CLE_LAC,2021,5,2021-10-10,16:05,Cleveland Browns,Los Angeles Chargers,Home,Baker Mayfield,Justin Herbert,00-0034855,00-0036355,7,6,1,-1,1,-4,SoFi Stadium,33.9535,-118.3395,America/Los_Angeles,False,True,5,1,-4,AFC North,FirstEnergy Stadium,41.5061,-81.6994,America/New_York,AFC West,SoFi Stadium,33.9535,-118.3395,America/Los_Angeles,Minnesota Vikings,Las Vegas Raiders,U.S. Bank Stadium,SoFi Stadium,Arizona Cardinals,Baltimore Ravens,FirstEnergy Stadium,M&T Bank Stadium,2051,0,-2051,2051,3.0,0.0,America/Chicago,America/Los_Angeles,2.0,0.0,3.0,0.0,3.0,0,-4.705,0.935,-4.705,0.935,Los Angeles Chargers,5.640000000000001,Los Angeles Chargers,5.640000000000001,-4.705,0.935,Los Angeles Chargers,5.640000000000001,-0.2249999999999999,0,No,No,No,No,No,0,Yes,0.0,0.0,4.127,1.347,-4.7235000000000005,0.6255000000000001,-4.7235000000000005,0.6255000000000001,-0.0184999999999999,-0.3095,4.108499999999999,1.0375,Los Angeles Chargers,5.349,Los Angeles Chargers,5.349,-4.7235000000000005,0.6255000000000001,Los Angeles Chargers,5.349,Tie,0.0,Cleveland Browns,2.78,2.0635,0.6735,Cleveland Browns,1.39,Cleveland Browns,0.291,Cleveland Browns,3.071,2.0449999999999995,0.364,Cleveland Browns,1.6809999999999996,Different,Different,Different,Different,Different,Same,False,Away Team,Away Team,46.5,-129.0,117.0,Los Angeles Chargers,Cleveland Browns,2.5,-2.5,-104,-116,135,-164,0.291,-0.291,3.071,-3.071,0.4608,0.5633,0.537,0.5098,0.6212,0.4255,0.45,0.55,0.513,0.487,0.5935,0.4065,0.45,0.55,-0.05,0.05,0.0075416666666666,0.0854333333333333,Los Angeles Chargers,Cleveland Browns,0,0,0,0,0,0,1,0,0,0,1,0,0,2.5,3.5,0.0,0.002,,,10,5,2021-10-10,CLE @ LAC,0.0,70.0,0.0,Dome,True,D.Gabriel,J.Herbert,2.32,3.0,14.37,206.55,High,-8.0,13.0,53.67,53.0,13.87872115939376,36.0,71.0,0.4304,0.569,0.0846,0.0804,0.3994,0.6006,0.6836,0.3164,0.4685,0.5314,113,-113,0.5633187772925764,0.4608294930875576,2.66,-2.66,53.335,2.007333333333333,-2.007333333333333,Cleveland Browns,5.571,Cleveland Browns,2.791,Cleveland Browns,5.16,Cleveland Browns,4.507333333333333,Cleveland Browns,0.1326705069124424,Cleveland Browns,0.0521705069124424,Cleveland Browns,0.1081705069124423,Cleveland Browns,0.0705705069124423,Over,6.835000000000001,100.0,117.0,501.56,586.82,110.0,100.0,403.15,366.5,110.0,100.0,838.9,762.64,Cleveland Browns,,,,,,,,,,,,,,,5,2333.0,0.9978568366909558,0.5533647663951993,0.0007604757585648,8.74134426373178e-05,0.9758044696024316,0.091771002752788,0.7983854751292621,0.1121645589200743,0.0004182616672106,0.0003422140913541,3.933604918679301e-05,4.807739345052479e-05,0.0003902914848046,0.2039355616728624,1.7741899447316938,,,1166.0,1167.0,False,False,0.7241665076809713,0.5924998699207946,1.0088503276066438,1.0627109200456024,0.5900845606800047,0.861537974818162,0.6814869063392371,0.9009434240404876,0.7312536847937662,0.8294305402335269,47.0,42.0,1.0,0.0,0.5925,0.7242,Loss,-110.0,Loss,-110.0,Loss,-110.0,Loss,-403.15,Loss,-110.0,Loss,-110.0,Loss,-110.0,Loss,-100.0,Loss,-501.56,Loss,-110.0,Win,100.0,Win,762.64,Final,5,2021,0.0,0.0,0.0,0.0,0.45,0.55,0.5354,0.4645,0.585,0.4144,Los Angeles Chargers,Cleveland Browns,Cleveland Browns,Cleveland Browns,Cleveland Browns,Same,Same,Same
2021_05_CHI_LV,2021,5,2021-10-10,16:05,Chicago Bears,Las Vegas Raiders,Home,Justin Fields,Derek Carr,00-0036945,00-0031280,7,6,1,-1,1,-2,Allegiant Stadium,36.108,-115.1578,America/Los_Angeles,False,False,5,1,-2,NFC North,Soldier Field,41.8623,-87.6167,America/Chicago,AFC West,Allegiant Stadium,36.108,-115.1578,America/Los_Angeles,Detroit Lions,Los Angeles Chargers,Soldier Field,SoFi Stadium,Green Bay Packers,Denver Broncos,Soldier Field,Empower Field at Mile High,1523,0,-1523,1523,2.0,0.0,America/Chicago,America/Los_Angeles,2.0,0.0,2.0,0.0,2.0,0,-1.575,-2.35,-1.575,-2.35,Chicago Bears,0.7750000000000001,Chicago Bears,0.7750000000000001,-1.575,-2.35,Chicago Bears,0.7750000000000001,-0.15,0,No,No,No,No,No,0,Yes,0.0,0.0,-1.813,0.058,-1.6385,-2.5215,-1.6385,-2.5215,-0.0635,-0.1715,-1.8765,-0.1135,Chicago Bears,0.883,Chicago Bears,0.883,-1.6385,-2.5215,Chicago Bears,0.883,Tie,0.0,Las Vegas Raiders,1.871,-0.9065,0.029,Las Vegas Raiders,0.9355,Chicago Bears,0.108,Las Vegas Raiders,1.763,-0.97,-0.1425,Las Vegas Raiders,0.8274999999999999,Different,Different,Same,Different,Different,Same,False,Away Team,Home Team,46.0,-245.0,215.0,Las Vegas Raiders,Chicago Bears,5.5,-5.5,-110,-110,-131,108,0.108,-0.108,-1.763,1.763,0.3175,0.7101,0.5238,0.5238,0.4808,0.5671,0.3089,0.6911,0.5,0.5,0.4588,0.5412,0.3089,0.6911,-0.1911,0.1911,-0.1390666666666666,-0.0905583333333333,Las Vegas Raiders,Chicago Bears,1,0,0,1,0,0,0,0,1,1,0,0,0,1.0,1.5,0.0,0.032,,,11,5,2021-10-10,CHI @ LV,0.0,70.0,0.0,Dome,True,C.Williams,G.Smith,0.03,0.0,12.96,168.01,Med-Low,-9.0,9.0,42.73,43.0,12.53983912787842,27.0,59.0,0.4986,0.4998,0.095,0.0842,0.36,0.64,0.37,0.6016,0.5577,0.4419,-126,126,0.7101449275362319,0.3174603174603174,0.015,-0.015,42.865,-0.5466666666666667,0.5466666666666667,Chicago Bears,3.737,Chicago Bears,5.608,Chicago Bears,5.515,Chicago Bears,4.953333333333333,Chicago Bears,0.1413396825396825,Chicago Bears,0.1825396825396825,Chicago Bears,0.1823396825396825,Chicago Bears,0.1244396825396825,Under,3.135000000000005,100.0,215.0,667.87,1435.93,110.0,100.0,610.0,554.55,110.0,100.0,408.4,371.27,Chicago Bears,,,,,,,,,,,,,,,5,2333.0,0.992284612087441,0.997428204029147,0.0700907882289623,0.0,113.00992215716867,0.0,50.51188678100043,0.0,0.0484397437450358,0.0216510444839264,0.0,0.0,0.0216510444839264,0.0,163.5218089381691,,,1166.0,1167.0,False,False,0.9099481335605804,0.0,1.0357806238261231,0.0,0.7856181162116079,0.0,0.789473446795408,0.0,0.8704806403617575,0.0,9.0,20.0,0.0,1.0,0.0,0.9099,Win,100.0,Win,100.0,Win,100.0,Win,554.55,Win,100.0,Win,236.5,Win,236.5,Win,215.0,Win,1435.92,Win,236.5,Win,100.0,Win,371.27,Final,5,2021,0.0231461637376768,0.0,0.8766639320205059,0.0,0.3089,0.6911,0.4395,0.5601,0.436,0.5622,Las Vegas Raiders,Las Vegas Raiders,Las Vegas Raiders,Chicago Bears,Las Vegas Raiders,Same,Different,Same
2021_05_SF_ARI,2021,5,2021-10-10,16:25,San Francisco 49ers,Arizona Cardinals,Home,Trey Lance,Kyler Murray,00-0037012,00-0035228,7,7,0,0,1,0,State Farm Stadium,33.5277,-112.262608,America/Denver,False,False,5,1,0,NFC West,Levi's Stadium,37.4031,-121.9702,America/Los_Angeles,NFC West,State Farm Stadium,33.5277,-112.262608,America/Denver,Seattle Seahawks,Los Angeles Rams,Levi's Stadium,SoFi Stadium,Indianapolis Colts,Cleveland Browns,Levi's Stadium,FirstEnergy Stadium,608,0,-608,608,-1.0,0.0,America/Los_Angeles,America/Los_Angeles,-1.0,-1.0,-1.0,0.0,-1.0,0,3.325,0.075,3.325,0.075,San Francisco 49ers,3.25,San Francisco 49ers,3.25,3.325,0.075,San Francisco 49ers,3.25,0.0,0,No,No,No,No,No,1,No,0.0,0.0,2.309,4.582,4.90148,-0.7844800000000001,4.90148,-0.7844800000000001,1.60898,-0.89198,3.94071,3.66729,San Francisco 49ers,5.685960000000001,San Francisco 49ers,5.685960000000001,4.90148,-0.7844800000000001,San Francisco 49ers,5.685960000000001,Tie,0.0,Arizona Cardinals,2.273,1.1545,2.291,Arizona Cardinals,1.1364999999999998,San Francisco 49ers,2.50096,San Francisco 49ers,0.2734199999999998,2.774845,1.387655,San Francisco 49ers,1.38719,Different,Different,Same,Same,Different,Different,False,Away Team,Away Team,48.5,-266.0,231.0,Arizona Cardinals,San Francisco 49ers,6.0,-6.0,117,-142,-104,-116,2.50096,-2.50096,0.2734199999999998,-0.2734199999999998,0.3021,0.7268,0.5868,0.4608,0.537,0.5098,0.2936,0.7064,0.5601,0.4399,0.513,0.487,0.2936,0.7064,-0.2064,0.2064,0.1101333333333333,0.0588833333333333,Arizona Cardinals,San Francisco 49ers,0,0,0,0,1,1,0,0,0,0,1,1,1,3.5,3.0,0.0,0.012,,,12,5,2021-10-10,SF @ ARI,0.0,70.0,0.0,Dome,True,M.Jones,K.Murray,0.43,1.0,14.02,196.54,High,-10.0,10.0,55.3,54.0,14.17072464792854,37.0,74.0,0.4906,0.5084,0.087,0.083,0.3364,0.6374,0.6834,0.3166,0.531,0.4688,-113,113,0.726775956284153,0.3021148036253776,0.715,-0.715,54.65,1.1631266666666666,-1.1631266666666666,San Francisco 49ers,6.27342,San Francisco 49ers,8.50096,San Francisco 49ers,6.715,San Francisco 49ers,7.163126666666667,San Francisco 49ers,0.2108851963746223,San Francisco 49ers,0.2579851963746224,San Francisco 49ers,0.2062851963746223,San Francisco 49ers,0.1666851963746223,Over,6.149999999999999,100.0,231.0,738.97,1707.01,110.0,100.0,596.35,542.14,110.0,100.0,837.85,761.68,San Francisco 49ers,,,,,,,,,,,,,,,5,2333.0,0.9609944277753965,0.7239605657951136,0.0088822530171909,9.747914766420509e-06,14.638230098624794,0.0066770174800573,6.084066190481653,0.0160648676700017,0.0062744235313436,0.0026078294858472,2.861987775421061e-06,6.885926990999446e-06,0.0026147154128382,0.022741885150059,20.722296289106445,,,1166.0,1167.0,False,False,0.9300931291378874,0.3865732484638785,0.9112797928422232,1.160281454810023,0.7069401747876072,0.7446823607105596,0.7768064039266489,0.8049905743096378,0.8288062041099037,0.7317219368864837,17.0,10.0,1.0,0.0,0.3866,0.9301,Loss,-110.0,Loss,-110.0,Loss,-110.0,Loss,-596.35,Loss,-110.0,Loss,-110.0,Loss,-110.0,Loss,-100.0,Loss,-738.97,Loss,-110.0,Loss,-110.0,Loss,-837.85,Final,5,2021,0.0025717959708529,0.0,0.8346934694331875,0.0,0.2936,0.7064,0.4947,0.5052,0.4982,0.5016,Arizona Cardinals,Arizona Cardinals,Arizona Cardinals,San Francisco 49ers,Arizona Cardinals,Same,Different,Same
2021_05_NYG_DAL,2021,5,2021-10-10,16:25,New York Giants,Dallas Cowboys,Home,Daniel Jones,Dak Prescott,00-0035710,00-0033077,7,7,0,0,3,-1,AT&T Stadium,32.7369,-97.0826,America/Chicago,False,True,5,3,-1,NFC East,MetLife Stadium,40.8136,-74.0744,America/New_York,NFC East,AT&T Stadium,32.7369,-97.0826,America/Chicago,New Orleans Saints,Carolina Panthers,Caesars Superdome,AT&T Stadium,Los Angeles Rams,New England Patriots,MetLife Stadium,Gillette Stadium,1384,0,-1384,1384,1.0,0.0,America/Chicago,America/Chicago,0.0,0.0,0.0,0.0,0.0,0,-2.84,-0.615,-2.84,-0.615,Dallas Cowboys,2.225,Dallas Cowboys,2.225,-2.84,-0.615,Dallas Cowboys,2.225,0.0,0,No,No,No,No,No,1,No,0.0,0.0,-4.576,4.334,-1.63827,-0.6847300000000001,-1.63827,-0.6847300000000001,1.17948,-0.04748,-3.30742,4.19742,Dallas Cowboys,0.9535399999999998,Dallas Cowboys,0.9535399999999998,-1.63827,-0.6847300000000001,Dallas Cowboys,0.9535399999999998,Tie,0.0,Dallas Cowboys,8.91,-2.288,2.167,Dallas Cowboys,4.455,New York Giants,1.22696,Dallas Cowboys,7.50484,-1.06397,2.07497,Dallas Cowboys,3.13894,Different,Same,Different,Same,Different,Same,False,Away Team,Home Team,53.0,-335.0,285.0,Dallas Cowboys,New York Giants,7.5,-7.5,101,-122,-346,268,1.22696,-1.22696,-7.50484,7.50484,0.2597,0.7701,0.5495,0.4975,0.2717,0.7758,0.2522,0.7478,0.5248,0.4752,0.2594,0.7406,0.2522,0.7478,-0.2478,0.2478,-0.2054333333333333,0.1460166666666666,Dallas Cowboys,New York Giants,0,1,0,0,0,0,0,0,0,1,0,0,1,0.5,4.0,0.0,0.173,,,13,5,2021-10-10,NYG @ DAL,0.0,70.0,0.0,Dome,True,J.Dart,D.Prescott,-11.02,-11.0,13.61,185.32,Med-High,-20.0,-3.0,49.34,49.0,13.239993229762046,33.0,66.0,0.7914,0.2074,0.061,0.0686,0.6084,0.3916,0.3628,0.6004,0.6888,0.311,-221,222,0.7701149425287356,0.2597402597402597,-11.01,11.01,49.17,-5.762626666666667,5.762626666666667,Dallas Cowboys,0.0048399999999997,New York Giants,8.72696,Dallas Cowboys,3.51,New York Giants,1.7373733333333332,No Bet,0.0,New York Giants,0.2650597402597403,Dallas Cowboys,0.0212850574712644,New York Giants,0.0512597402597402,Under,3.8299999999999983,335.0,100.0,231.47,69.1,110.0,100.0,444.1,403.73,110.0,100.0,402.1,365.55,Dallas Cowboys,,,,,,,,,,,,,,,5,2333.0,0.9978568366909558,1.0,0.1484060113530232,0.0001650508964987,258.9117096710819,0.0971130756142416,87.31951481552132,0.2879506659172479,0.1109780152897907,0.0374279960632324,4.162583609697456e-05,0.0001234250604017,0.0375514211236341,0.3850637415314895,346.2312244866032,,,1166.0,1167.0,False,False,0.9846031171706006,0.3320632604311653,0.9844059048843474,1.0871553427678988,1.0750716497899424,0.3765508857082245,1.2530872157919897,0.3283930863725784,1.0751068048792871,0.4854213361170998,44.0,20.0,1.0,0.0,0.3321,0.9846,Win,100.0,Loss,-110.0,Win,100.0,Win,403.73,Loss,-110.0,No Bet,0.0,Loss,-110.0,Win,100.0,Win,69.1,Loss,-110.0,Loss,-110.0,Loss,-402.1,Final,5,2021,0.0188598371195885,0.0,1.0827436191065527,0.0,0.2522,0.7478,0.4022,0.5978,0.3566,0.6432,Dallas Cowboys,Dallas Cowboys,Dallas Cowboys,Dallas Cowboys,Dallas Cowboys,Same,Same,Same
2021_05_BUF_KC,2021,5,2021-10-10,20:20,Buffalo Bills,Kansas City Chiefs,Home,Josh Allen,Patrick Mahomes,00-0034857,00-0033873,7,7,0,0,-6,2,GEHA Field at Arrowhead Stadium,39.0489,-94.4839,America/Chicago,False,False,5,-6,2,AFC East,Highmark Stadium,42.7725,-78.7877,America/New_York,AFC West,GEHA Field at Arrowhead Stadium,39.0489,-94.4839,America/Chicago,Houston Texans,Philadelphia Eagles,Highmark Stadium,Lincoln Financial Field,Tennessee Titans,Washington Commanders,Nissan Stadium,FedExField,857,0,-857,857,1.0,0.0,America/New_York,America/New_York,1.0,1.0,1.0,0.0,1.0,0,4.795,4.395,4.795,4.395,Buffalo Bills,0.4000000000000003,Buffalo Bills,0.4000000000000003,4.795,4.395,Buffalo Bills,0.4000000000000003,0.0,0,No,No,No,No,No,0,No,0.0,0.0,8.474,6.093,4.9725,2.3065,4.9725,2.3065,0.1775,-2.0885,8.651499999999999,4.0045,Buffalo Bills,2.666000000000001,Buffalo Bills,2.666000000000001,4.9725,2.3065,Buffalo Bills,2.666000000000001,Tie,0.0,Buffalo Bills,2.381,4.237,3.0465,Buffalo Bills,1.1905,Buffalo Bills,2.266,Buffalo Bills,4.646999999999999,4.414499999999999,0.9580000000000002,Buffalo Bills,3.4564999999999992,Different,Same,Same,Same,Different,Same,False,Away Team,Away Team,57.0,-134.0,121.0,Kansas City Chiefs,Buffalo Bills,2.5,-2.5,117,-142,181,-224,2.266,-2.266,4.646999999999999,-4.646999999999999,0.4525,0.5726,0.5868,0.4608,0.6914,0.3559,0.4414,0.5586,0.5601,0.4399,0.6602,0.3398,0.4414,0.5586,-0.0586,0.0586,0.2344499999999999,0.197325,Kansas City Chiefs,Buffalo Bills,1,0,0,0,0,0,0,0,1,0,0,0,0,5.0,4.5,0.0,0.001,76.0,0.0,14,5,2021-10-10,BUF @ KC,0.0,76.0,0.0,nfl_read_py Fallback,False,J.Allen,P.Mahomes,5.41,7.0,14.82,219.64,High,-6.0,16.0,59.25,59.0,14.178638930460997,42.0,78.0,0.3548,0.645,0.0728,0.0766,0.325,0.675,0.5288,0.4374,0.4233,0.5767,136,-136,0.5726495726495726,0.4524886877828054,6.205,-6.205,59.125,4.3726666666666665,-4.3726666666666665,Buffalo Bills,7.146999999999999,Buffalo Bills,4.766,Buffalo Bills,8.705,Buffalo Bills,6.8726666666666665,Buffalo Bills,0.2077113122171945,Buffalo Bills,0.1076113122171946,Buffalo Bills,0.1925113122171945,Buffalo Bills,0.1242113122171945,Over,2.125,100.0,121.0,879.03,1063.62,110.0,100.0,793.75,721.59,110.0,100.0,26.2,23.82,Buffalo Bills,,,,,,,,,,,,,,,5,2333.0,0.9228461208744106,0.4972138876982426,0.0007680541468891,8.699062646916889e-05,1.0009387633731326,0.0895817466673048,0.7909315613191922,0.1133673848852661,0.0004290350464522,0.0003390191004368,3.839766252349115e-05,4.859296394567774e-05,0.0003876120643825,0.202949131552571,1.7918703246923249,,,1166.0,1167.0,False,False,0.7354898385283464,0.5811765390734195,0.9112797928422232,1.160281454810023,0.4932613375622771,0.9583611979358896,0.561783351229464,1.0212803312936989,0.6607037028243357,0.9001366062338633,20.0,38.0,0.0,1.0,0.5812,0.7355,Win,100.0,Win,100.0,Win,100.0,Win,721.59,Win,100.0,Win,133.1,Win,133.1,Win,121.0,Win,1063.63,Win,133.1,Win,100.0,Win,23.82,Final,5,2021,0.0,0.0,0.0,0.0,0.4414,0.5586,0.5529,0.447,0.6498,0.3496,Kansas City Chiefs,Buffalo Bills,Buffalo Bills,Buffalo Bills,Buffalo Bills,Same,Same,Same
2021_05_IND_BAL,2021,5,2021-10-11,20:15,Indianapolis Colts,Baltimore Ravens,Home,Carson Wentz,Lamar Jackson,00-0032950,00-0034796,8,8,0,0,0,0,M&T Bank Stadium,39.2789,-76.6228,America/New_York,False,True,5,0,0,AFC South,Lucas Oil Stadium,39.7601,-86.1638,America/Indiana/Indianapolis,AFC North,M&T Bank Stadium,39.2789,-76.6228,America/New_York,Miami Dolphins,Denver Broncos,Hard Rock Stadium,Empower Field at Mile High,Houston Texans,Los Angeles Chargers,Lucas Oil Stadium,M&T Bank Stadium,509,0,-509,509,0.0,0.0,America/New_York,America/Denver,0.0,-2.0,0.0,0.0,0.0,0,-2.265,6.69,-2.265,6.69,Baltimore Ravens,8.955,Baltimore Ravens,8.955,-2.265,6.69,Baltimore Ravens,8.955,0.0,0,No,No,No,No,No,0,No,0.0,0.0,0.463,4.658,-1.6035,6.8615,-1.6035,6.8615,0.6615,0.1715,1.1245,4.8295,Baltimore Ravens,8.465,Baltimore Ravens,8.465,-1.6035,6.8615,Baltimore Ravens,8.465,Tie,0.0,Baltimore Ravens,4.195,0.2315,2.329,Baltimore Ravens,2.0975,Indianapolis Colts,0.49,Baltimore Ravens,3.705,0.893,2.5005,Baltimore Ravens,1.6075000000000002,Different,Same,Different,Same,Different,Same,False,Away Team,Home Team,46.5,-356.0,301.0,Baltimore Ravens,Indianapolis Colts,7.5,-7.5,-104,-116,-191,156,0.49,-0.49,-3.705,3.705,0.2494,0.7807,0.537,0.5098,0.3906,0.6564,0.2421,0.7579,0.513,0.487,0.3731,0.6269,0.2421,0.7579,-0.2579,0.2579,0.0875083333333333,0.0405416666666666,Baltimore Ravens,Indianapolis Colts,0,0,0,0,0,0,1,0,0,0,1,0,0,3.5,3.0,0.0,0.078,69.0,6.0,15,5,2021-10-11,IND @ BAL,6.0,69.0,0.0,nfl_read_py Fallback,False,D.Jones,C.Rush,6.19,7.0,13.97,195.11,High,-4.0,16.0,48.37,48.0,12.954748231453518,32.0,65.0,0.3278,0.671,0.0732,0.0684,0.1834,0.8166,0.5518,0.4482,0.5499,0.4498,-122,122,0.7807017543859649,0.2493765586034912,6.595000000000001,-6.595000000000001,48.185,1.126666666666667,-1.126666666666667,Indianapolis Colts,3.795,Indianapolis Colts,7.99,Indianapolis Colts,14.095,Indianapolis Colts,8.626666666666667,Indianapolis Colts,0.1237234413965087,Indianapolis Colts,0.2636234413965087,Indianapolis Colts,0.4216234413965087,Indianapolis Colts,0.2004234413965087,Over,1.6850000000000025,100.0,301.0,1404.24,4226.77,110.0,100.0,1537.15,1397.41,110.0,100.0,146.95,133.59,Indianapolis Colts,,,,,,,,,,,,,,,5,2333.0,0.8872696099442777,1.0,0.1399611098408478,2.2176024299935056e-05,247.47653317116715,0.0125254465218723,79.05273608753076,0.0392112181698761,0.1060765251483785,0.0338845846924692,5.368815483014277e-06,1.680720881692078e-05,0.0339013919012861,0.0517366646917484,326.5292692586979,,,1166.0,1167.0,False,False,0.9979014475843784,0.3187649300173875,1.0088503276066438,1.0627109200456024,0.9100221675038008,0.541600367994366,0.5190320815474022,1.0624482206171657,0.8583060859511037,0.7020659710143778,31.0,25.0,1.0,0.0,0.3188,0.9979,Loss,-110.0,Loss,-110.0,Loss,-110.0,Loss,-1537.15,Loss,-110.0,Loss,-110.0,Loss,-110.0,Loss,-100.0,Loss,-1404.24,Loss,-110.0,Win,100.0,Win,133.59,Final,5,2021,0.1084440634376339,0.0,0.8644028980062332,0.0,0.2421,0.7579,0.368,0.6316,0.4436,0.5548,Baltimore Ravens,Baltimore Ravens,Baltimore Ravens,Indianapolis Colts,Baltimore Ravens,Same,Different,Same
