Game ID,Season,Week_x,Date_x,Time,Away Team,Home Team,Location,Away QB,Home QB,Away QB ID,Home QB ID,Away Team Weekly Rest,Home Team Weekly Rest,Weekly Away Rest Advantage,Weekly Home Rest Advantage,Away Cumulative Rest Advantage,Home Cumulative Rest Advantage,Actual Stadium,Actual Stadium Latitude,Actual Stadium Longitude,Actual Stadium TimeZone,International Game,Back to Back Away Games,Circa Week,NFL Week,Day of Week,Big Splash Active,Big Splash Multi-Pick Week,Big Splash Picks Required,Survivor World Championship Active,Survivor World Championship Multi-Pick Week,Survivor World Championship Picks Required,Away Team Current Week Cumulative Rest Advantage,Home Team Current Week Cumulative Rest Advantage,Away Team Division,Away Stadium,Away Stadium Latitude,Away Stadium Longitude,Away Stadium TimeZone,Home Team Division,Home Stadium,Home Stadium Latitude,Home Stadium Longitude,Home Stadium TimeZone,Away Team Previous Opponent,Home Team Previous Opponent,Away Team Previous Location,Home Team Previous Location,Away Team Next Opponent,Home Team Next Opponent,Away Team Next Location,Home Team Next Location,Away Travel Distance,Home Travel Distance,Away Travel Advantage,Home Travel Advantage,Away Timezone Change,Home Timezone Change,Away Previous Game Actual Stadium TimeZone,Home Previous Game Actual Stadium TimeZone,Away Weekly Timezone Difference,Home Weekly Timezone Difference,Adjusted Away Timezone Change,Adjusted Home Timezone Change,Away Timezone Advantage,Home Timezone Advantage,Away Team Massey-Peabody Preseason Rank,Home Team Massey-Peabody Preseason Rank,Away Team Generic Sports Fan Preseason Rank,Home Team Generic Sports Fan Preseason Rank,Massey-Peabody Preseason Winner,Massey-Peabody Preseason Difference,Generic Sports Fan Preseason Winner,Generic Sports Fan Preseason Difference,Away Team MP + GSF Average Preseason Rank,Home Team MP + GSF Average Preseason Rank,MP + GSF Average Preseason Winner,MP + GSF Average Preseason Difference,Away NonLinear TZ,Home NonLinear TZ,Home Team 3 games in 10 days,Away Team 3 games in 10 days,Home Team 4 games in 17 days,Away Team 4 games in 17 days,Away Team Short Rest,Divisional Matchup?,Home Team Short Rest,Away Team Massey-Peabody Current Rank,Home Team Massey-Peabody Current Rank,Away Team Generic Sports Fan Current Rank,Home Team Generic Sports Fan Current Rank,Away Team Adjusted Massey-Peabody Preseason Rank,Home Team Adjusted Massey-Peabody Preseason Rank,Away Team Adjusted Generic Sports Fan Preseason Rank,Home Team Adjusted Generic Sports Fan Preseason Rank,Away Team Adjusted Massey-Peabody Current Rank,Home Team Adjusted Massey-Peabody Current Rank,Away Team Adjusted Generic Sports Fan Current Rank,Home Team Adjusted Generic Sports Fan Current Rank,Adjusted Massey-Peabody Preseason Winner,Adjusted Massey-Peabody Preseason Difference,Adjusted Generic Sports Fan Preseason Winner,Adjusted Generic Sports Fan Preseason Difference,Away Team Adjusted MP + GSF Average Preseason Rank,Home Team Adjusted MP + GSF Average Preseason Rank,Adjusted MP + GSF Average Preseason Winner,Adjusted MP + GSF Average Preseason Difference,Massey-Peabody Current Winner,Massey-Peabody Current Difference,Generic Sports Fan Current Winner,Generic Sports Fan Current Difference,Away Team MP + GSF Average Current Rank,Home Team MP + GSF Average Current Rank,MP + GSF Average Current Winner,MP + GSF Average Current Difference,Adjusted Massey-Peabody Current Winner,Adjusted Massey-Peabody Current Difference,Adjusted Generic Sports Fan Current Winner,Adjusted Generic Sports Fan Current Difference,Away Team Adjusted MP + GSF Average Current Rank,Home Team Adjusted MP + GSF Average Current Rank,Adjusted MP + GSF Average Current Winner,Adjusted MP + GSF Average Current Difference,Massey-Peabody Bayesian Same Winner Across All Metrics,Generic Sports Fan Bayesian Same Adjusted Winner Across All Metrics,Massey-Peabody Bayesian Same Current and Preseason Adjusted Winner,Generic Sports Fan Bayesian Current and Preseason Adjusted Winner,Massey-Peabody Bayesian Same Current and Adjusted Current Winner,Generic Sports Fan Bayesian Same Current and Adjusted Current Winner,Thursday Night Game,Masey-Peabody Home Team Winner?,Generic Sports Fan Home Team Winner?,Total Line,Home Team Sportsbook Moneyline,Away Team Sportsbook Moneyline,Sportsbook Favorite,Sportsbook Underdog,Home Team Sportsbook Spread,Away Team Sportsbook Spread,Massey-Peabody Home Team Moneyline,Massey-Peabody Away Team Moneyline,Generic Sports Fan Home Team Moneyline,Generic Sports Fan Away Team Moneyline,Massey-Peabody Home Team Spread,Massey-Peabody Away Team Spread,Generic Sports Fan Home Team Spread,Generic Sports Fan Away Team Spread,Away Team Sportsbook Implied Odds to Win,Home Team Sportsbook Implied Odds to Win,Away Team Massey-Peabody Implied Odds to Win,Home Team Massey-Peabody Implied Odds to Win,Away Team Generic Sports Fan Implied Odds to Win,Home Team Generic Sports Fan Implied Odds to Win,Away Team Sportsbook Fair Odds,Home Team Sportsbook Fair Odds,Away Team Massey-Peabody Fair Odds,Home Team Massey-Peabody Fair Odds,Away Team Generic Sports Fan Fair Odds,Home Team Generic Sports Fan Fair Odds,Away Team Fair Odds,Home Team Fair Odds,Away Team Expected Win Advantage,Home Team Expected Win Advantage,temp,wind,Matchup_ID,Wind,Temperature,Precipitation,Sim_Weather_Source,Dome,Away_Starting_QB,Home_Starting_QB,Sim_Spread_Mean,Sim_Spread_Median,Sim_Spread_Std,Sim_Spread_Variance,Sim_Spread_Variance_Label,Sim_Spread_25th,Sim_Spread_75th,Sim_Total_Mean,Sim_Total_Median,Sim_Total_Std,Sim_Total_10th_Floor,Sim_Total_90th_Ceiling,Sim_Home_Win_Pct,Sim_Away_Win_Pct,Sim_Prob_Land_3,Sim_Prob_Land_7,Sim_Home_Cover_Prob,Sim_Away_Cover_Prob,Sim_Prob_Over,Sim_Prob_Under,Week_y,Date_y,Matchup,Consensus Home Win Pct,Consensus Away Win Pct,Consensus Home Team Odds,Consensus Away Team Odds,Market Home Team Implied Odds,Market Away Team Implied Odds,Monte Carlo Home Team Spread,Monte Carlo Away Team Spread,Monte Carlo Total,Consensus Home Team Spread,Consensus Away Team Spread,GSF Spread Bet,GSF Spread Edge,Massey-Peabody Spread Bet,Massey-Peabody Spread Edge,Monte Carlo Spread Bet,Monte Carlo Spread Edge,Consensus Spread Bet,Consensus Spread Edge,GSF Moneyline Bet,GSF Moneyline Edge,Massey-Peabody Moneyline Bet,Massey-Peabody Moneyline Edge,Monte Carlo Moneyline Bet,Monte Carlo Moneyline Edge,Consensus Moneyline Bet,Consensus Moneyline Edge,Monte Carlo Total Bet,Monte Carlo Total Edge,MC ML Unit Wager,MC ML Unit to Win,MC ML Kelly Wager,MC ML Kelly To Win,MC Spread Unit Wager,MC Spread Unit to Win,MC Spread Kelly Wager,MC Spread Kelly To Win,MC Total Unit Wager,MC Total Unit to Win,MC Total Kelly Wager,MC Total Kelly To Win,MC Bet Direction,Home Team Offensive Pressure Allowed Rate,Away Team Offensive Pressure Allowed Rate,Home Team Defensive Pressure Generated Rate,Away Team Defensive Pressure Generated Rate,Home Team Zone Rate,Away Team Zone Rate,Home Team Man Rate,Away Team Man Rate,Home Team Offensive EPA vs Pressure,Away Team Offensive EPA vs Pressure,Home Team Offensive EPA vs Zone,Away Team Offensive EPA vs Zone,Home Team Offensive EPA vs Man,Away Team Offensive EPA vs Man,Week,Away Team Cumulative Win Percentage,Home Team Cumulative Win Percentage,Favorite,Underdog,Away Team Thanksgiving Favorite,Home Team Thanksgiving Favorite,Away Team Thanksgiving Underdog,Home Team Thanksgiving Underdog,Away Team Christmas Favorite,Home Team Christmas Favorite,Away Team Christmas Underdog,Home Team Christmas Underdog,Away Team Pre Thanksgiving,Home Team Pre Thanksgiving,Away Team Pre Christmas,Home Team Pre Christmas,Divisional Matchup Boolean,Away Team Star Rating,Home Team Star Rating,Away Team Public Pick %,Home Team Public Pick %,Total Remaining Entries at Start of Week,Home Team Expected Availability,Away Team Expected Availability,Home Pick %,Away Pick %,Expected Home Team Survivors,Expected Away Team Survivors,Expected Home Team Eliminations,Expected Away Team Eliminations,Home Expected Survival Rate,Home Expected Elimination Percent,Away Expected Survival Rate,Away Expected Elimination Percent,Expected Eliminated Entry Percent From Game,Expected Away Team Picks,Expected Home Team Picks,Home Predicted_Pick_Pct,Away Predicted_Pick_Pct,Avg Survivors,Avg Eliminations,Preseason Away Team Sportsbook Fair Odds,Preseason Home Team Sportsbook Fair Odds,Preseason Consensus Away Win Pct,Preseason Consensus Home Win Pct,Preseason Sim_Away_Win_Pct,Preseason Sim_Home_Win_Pct,Preseason Sportsbook Favorite,Preseason Sim Favorite,Preseason Consensus Favorite,Sim Favorite,Consensus Favorite,Sportsbook Bayesian Same Current and Preseason Adjusted Winner,Sim Bayesian Same Current and Preseason Adjusted Winner,Consensus Bayesian Same Current and Preseason Adjusted Winner,Away_Odds_Imputed,Home_Odds_Imputed,Topdown Home Pick %,Topdown Away Pick %,Predicted Circa Home Pick %,Predicted Circa Away Pick %,Top Down Circa Home Pick %,Top Down Circa Away Pick %,Archetype Circa Home Pick %,Archetype Circa Away Pick %,sportsbook_Home_EV,sportsbook_Away_EV,mp_Home_EV,mp_Away_EV,gsf_Home_EV,gsf_Away_EV,sim_Home_EV,sim_Away_EV,consensus_Home_EV,consensus_Away_EV,Home Team Points,Away Team Points,Actual Home Team Win %,Actual Away Team Win %,Away Actual Pick %,Home Actual Pick %,Actual Circa Away Pick %,Actual Circa Home Pick %,Actual Away Team EV,Actual Home Team EV,GSF Spread Win/Loss,GSF Spread P/L,MP Spread Win/Loss,MP Spread P/L,Sim Spread Win/Loss,Sim Spread P/L,Sim Spread (Kelly) Win/Loss,Sim Spread (Kelly) P/L,Consensus Spread Win/Loss,Consensus Spread P/L,GSF Moneyline Win/Loss,GSF Moneyline P/L,MP Moneyline Win/Loss,MP Moneyline P/L,Sim Moneyline Win/Loss,Sim Moneyline P/L,Sim Moneyline (Kelly) Win/Loss,Sim Moneyline (Kelly) P/L,Consensus Moneyline Win/Loss,Consensus Moneyline P/L,Sim Total Win/Loss,Sim Total P/L,Sim Total (Kelly) Win/Loss,Sim Total (Kelly) P/L,Data_Type,Week_Final,Year_Final
2021_01_DAL_TB,2021,1,2021-09-09,20:20,Dallas Cowboys,Tampa Bay Buccaneers,Home,Dak Prescott,Tom Brady,00-0033077,00-0019596,0,0,0,0,0,0,Raymond James Stadium,27.9759,-82.5033,America/New_York,False,False,1,1,Thursday,False,False,0,False,False,0,0,0,NFC East,AT&T Stadium,32.7369,-97.0826,America/Chicago,NFC South,Raymond James Stadium,27.9759,-82.5033,America/New_York,Preseason,Preseason,Preseason,Preseason,Los Angeles Chargers,Atlanta Falcons,SoFi Stadium,Raymond James Stadium,928,0,-928,928,-1.0,0.0,,,,,-1.0,0.0,-1.0,0,-0.615,1.025,-0.615,1.025,Tampa Bay Buccaneers,1.64,Tampa Bay Buccaneers,1.64,-0.615,1.025,Tampa Bay Buccaneers,1.64,0.0,0,No,No,No,No,No,0,No,0.0,0.0,-2.078,5.915,-0.747,-0.0675000000000001,-0.747,-0.0675000000000001,-0.132,-1.0925,-2.21,4.8225,Tampa Bay Buccaneers,0.6794999999999999,Tampa Bay Buccaneers,0.6794999999999999,-0.747,-0.0675000000000001,Tampa Bay Buccaneers,0.6794999999999999,Tie,0.0,Tampa Bay Buccaneers,7.993,-1.039,2.9575,Tampa Bay Buccaneers,3.9965,Dallas Cowboys,0.9605,Tampa Bay Buccaneers,7.0325,-1.171,1.865,Tampa Bay Buccaneers,3.036,Different,Same,Different,Same,Different,Same,True,Away Team,Home Team,52.5,-425.0,351.0,Tampa Bay Buccaneers,Dallas Cowboys,10.0,-10.0,101,-122,-319,249,0.9605,-0.9605,-7.0325,7.0325,0.2217,0.8095,0.5495,0.4975,0.2865,0.7613,0.215,0.785,0.5248,0.4752,0.2734,0.7266,0.215,0.785,-0.285,0.285,82.0,9.0,0,9.0,82.0,0.0,nfl_read_py Fallback,False,D.Prescott,B.Mayfield,3.88,4.0,14.33,205.38,High,-7.0,13.0,62.05,62.0,15.045801433893695,43.0,82.0,0.3896,0.6102,0.0894,0.0816,0.1596,0.8136,0.7344,0.2656,1,2021-09-09,Dallas Cowboys @ Tampa Bay Buccaneers,0.5941,0.4058,-146,146,0.8095238095238095,0.2217294900221729,3.94,-3.94,62.025,-0.7106666666666667,0.7106666666666667,Dallas Cowboys,2.9675,Dallas Cowboys,10.9605,Dallas Cowboys,13.94,Dallas Cowboys,9.289333333333332,Dallas Cowboys,0.051670509977827,Dallas Cowboys,0.3030705099778271,Dallas Cowboys,0.388470509977827,Dallas Cowboys,0.184070509977827,Over,9.525,100.0,351.0,1247.86,4380.0,110.0,100.0,1521.4,1383.09,110.0,100.0,1105.6,1005.09,Dallas Cowboys,,,,,,,,,,,,,,,1,0.1637124999999999,0.24808125,Tampa Bay Buccaneers,Dallas Cowboys,0,1,1,0,0,0,0,0,1,1,0,0,0,4.0,5.0,0.001,0.106,4073.0,1.0,1.0,0.100998,0.0001096036373657,435.3837882283759,0.0959793572229958,119.24524136191188,0.3504362577676824,0.1068951112763014,0.0292770049992418,2.3564782033635115e-05,8.603885533210962e-05,0.0293630438545739,0.4464156149906783,554.6290295902878,,,2690.0,1383.0,0.215,0.785,0.4153,0.5846,0.6102,0.3896,Tampa Bay Buccaneers,Dallas Cowboys,Tampa Bay Buccaneers,Dallas Cowboys,Tampa Bay Buccaneers,Same,Same,Same,False,False,0.1361721162755433,0.0001096036373657,0.100998,0.0001096036373657,0.1361721162755433,0.0001096036373657,,,1.1892262574298185,0.4061562040602618,1.093444057862278,1.8167747246859585,1.192540596108284,0.5718261660957794,0.5415798480507874,1.0308118689044483,1.0004458128283291,0.8909704841798689,31.0,29.0,1.0,0.0,0.0,0.1156963890935888,0.0,0.1156963890935888,0.0,1.6329,Loss,-110.0,Loss,-110.0,Loss,-110.0,Loss,-1521.4,Loss,-110.0,Loss,-110.0,Loss,-110.0,Loss,-100.0,Loss,-1247.86,Loss,-110.0,Win,100.0,Win,1005.09,Final,1,2021
2021_01_PHI_ATL,2021,1,2021-09-12,13:00,Philadelphia Eagles,Atlanta Falcons,Home,Jalen Hurts,Matt Ryan,00-0036389,00-0026143,0,0,0,0,0,0,Mercedes-Benz Stadium,33.7489,-84.388,America/New_York,False,False,1,1,Sunday,False,False,0,False,False,0,0,0,NFC East,Lincoln Financial Field,39.9008,-75.1675,America/New_York,NFC South,Mercedes-Benz Stadium,33.7489,-84.388,America/New_York,Preseason,Preseason,Preseason,Preseason,San Francisco 49ers,Tampa Bay Buccaneers,Lincoln Financial Field,Raymond James Stadium,663,0,-663,663,0.0,0.0,,,,,0.0,0.0,0.0,0,4.905,-0.71,4.905,-0.71,Philadelphia Eagles,5.615,Philadelphia Eagles,5.615,4.905,-0.71,Philadelphia Eagles,5.615,0.0,0,No,No,No,No,No,0,No,0.0,0.0,-7.296,-2.683,3.8465,-1.132,3.8465,-1.132,-1.0585,-0.422,-8.3545,-3.105,Philadelphia Eagles,4.9785,Philadelphia Eagles,4.9785,3.8465,-1.132,Philadelphia Eagles,4.9785,Tie,0.0,Atlanta Falcons,4.613,-3.648,-1.3415,Atlanta Falcons,2.3065,Atlanta Falcons,0.6365000000000001,Atlanta Falcons,5.249499999999999,-4.7065,-1.7635,Atlanta Falcons,2.943,Different,Different,Different,Different,Different,Same,False,Home Team,Home Team,49.0,-180.0,161.0,Atlanta Falcons,Philadelphia Eagles,3.5,-3.5,-116,-104,-234,188,-0.6365000000000001,0.6365000000000001,-5.249499999999999,5.249499999999999,0.3831,0.6429,0.5098,0.537,0.3472,0.7006,0.3734,0.6266,0.487,0.513,0.3314,0.6686,0.3734,0.6266,-0.1266,0.1266,,,1,0.0,70.0,0.0,Dome,True,J.Hurts,M.Penix,6.18,7.0,13.52,182.88,Med-High,-4.0,16.0,47.23,47.0,13.15956465801197,31.0,64.0,0.3248,0.6748,0.0784,0.083,0.257,0.743,0.4106,0.558,1,2021-09-12,Philadelphia Eagles @ Atlanta Falcons,0.5332,0.4666,-114,114,0.6428571428571429,0.3831417624521073,6.59,-6.59,47.115,0.2346666666666668,-0.2346666666666668,Atlanta Falcons,1.7494999999999994,Philadelphia Eagles,2.8635,Philadelphia Eagles,10.09,Philadelphia Eagles,3.734666666666667,Atlanta Falcons,0.025742857142857,Philadelphia Eagles,0.1038582375478927,Philadelphia Eagles,0.2916582375478926,Philadelphia Eagles,0.0834582375478927,Under,1.885000000000005,100.0,161.0,1182.03,1903.07,110.0,100.0,1150.75,1046.14,110.0,100.0,179.5,163.18,Philadelphia Eagles,,,,,,,,,,,,,,,1,0.0177312499999999,-0.1170375,Atlanta Falcons,Philadelphia Eagles,1,0,0,1,0,0,0,0,1,1,0,0,0,3.0,1.5,0.003,0.0139999999999999,4073.0,1.0,1.0,0.016922,0.0001622286724856,51.739206780533245,0.246726806824975,30.832141416934423,0.4140305762092378,0.012702972447958,0.0075698849538262,6.0576186306156406e-05,0.0001016524861795,0.0076715374400058,0.6607573830342127,82.57134819746767,,,2690.0,1383.0,0.3734,0.6266,0.4646,0.5352,0.6748,0.3248,Atlanta Falcons,Philadelphia Eagles,Atlanta Falcons,Philadelphia Eagles,Atlanta Falcons,Same,Same,Same,False,False,0.0202728574017843,0.0001622286724856,0.016922,0.0001622286724856,0.0202728574017843,0.0001622286724856,,,0.9866589948900876,0.6087234665999873,1.4338263755162033,1.4763924070320107,1.1641780803746755,0.6001886818293939,0.498688369077996,1.073703347877247,0.9868299389225816,0.9045863580856204,6.0,32.0,0.0,1.0,0.0004912797838368,0.0400393023827069,0.0004912797838368,0.0400393023827069,0.7767,1.3034,Loss,-110.0,Win,100.0,Win,100.0,Win,1046.14,Win,100.0,Loss,-110.0,Win,177.1,Win,161.0,Win,1903.07,Win,177.1,Win,100.0,Win,163.18,Final,1,2021
2021_01_PIT_BUF,2021,1,2021-09-12,13:00,Pittsburgh Steelers,Buffalo Bills,Home,Ben Roethlisberger,Josh Allen,00-0022924,00-0034857,0,0,0,0,0,0,Highmark Stadium,42.7725,-78.7877,America/New_York,False,False,1,1,Sunday,False,False,0,False,False,0,0,0,AFC North,Acrisure Stadium,40.4468,-80.0158,America/New_York,AFC East,Highmark Stadium,42.7725,-78.7877,America/New_York,Preseason,Preseason,Preseason,Preseason,Las Vegas Raiders,Miami Dolphins,Acrisure Stadium,Hard Rock Stadium,173,0,-173,173,0.0,0.0,,,,,0.0,0.0,0.0,0,-0.565,4.795,-0.565,4.795,Buffalo Bills,5.359999999999999,Buffalo Bills,5.359999999999999,-0.565,4.795,Buffalo Bills,5.359999999999999,0.0,0,No,No,No,No,No,0,No,0.0,0.0,1.129,7.686,-1.4265,5.5765,-1.4265,5.5765,-0.8615,0.7815,0.2674999999999999,8.4675,Buffalo Bills,7.003,Buffalo Bills,7.003,-1.4265,5.5765,Buffalo Bills,7.003,Tie,0.0,Buffalo Bills,6.557,0.5645,3.843,Buffalo Bills,3.2785,Buffalo Bills,1.643,Buffalo Bills,8.2,-0.297,4.624499999999999,Buffalo Bills,4.921499999999999,Different,Same,Same,Same,Different,Same,False,Home Team,Home Team,48.0,-267.0,232.0,Buffalo Bills,Pittsburgh Steelers,6.5,-6.5,-128,105,-366,282,-1.643,1.643,-8.2,8.2,0.3012,0.7275,0.4878,0.5614,0.2618,0.7854,0.2928,0.7072,0.4649,0.5351,0.25,0.75,0.2928,0.7072,-0.2072,0.2072,73.0,17.0,2,17.0,73.0,0.0,nfl_read_py Fallback,False,A.Rodgers,J.Allen,-10.2,-11.0,14.11,199.08,High,-20.0,-1.0,41.3,40.0,12.116088236672418,26.0,57.0,0.7614,0.2376,0.0618,0.0624,0.6446,0.3554,0.2594,0.722,1,2021-09-12,Pittsburgh Steelers @ Buffalo Bills,0.6884,0.3113,-221,221,0.7275204359673024,0.3012048192771084,-10.6,10.6,40.65,-6.814333333333333,6.814333333333333,Buffalo Bills,1.6999999999999993,Pittsburgh Steelers,4.857,Buffalo Bills,4.1,Buffalo Bills,0.3143333333333329,Buffalo Bills,0.0224795640326975,Pittsburgh Steelers,0.1636951807228915,Buffalo Bills,0.0338795640326975,Pittsburgh Steelers,0.0100951807228915,Under,7.350000000000001,267.0,100.0,310.84,116.42,110.0,100.0,634.15,576.5,110.0,100.0,1040.5,945.91,Buffalo Bills,,,,,,,,,,,,,,,1,-0.02853125,0.2196874999999999,Buffalo Bills,Pittsburgh Steelers,0,1,1,0,0,0,0,0,1,1,0,0,0,2.5,4.5,0.001,0.042,4073.0,1.0,1.0,0.057139,0.0001187916618365,236.29597738446685,0.1416678948397728,97.83294991257335,0.3421705438206535,0.058015216642393,0.0240198747637057,3.478219858575321e-05,8.400946325083562e-05,0.0241038842269565,0.4838384386604263,334.1289272970402,,,2690.0,1383.0,0.2928,0.7072,0.3198,0.68,0.2376,0.7614,Buffalo Bills,Buffalo Bills,Buffalo Bills,Buffalo Bills,Buffalo Bills,Same,Same,Same,False,False,0.0820350914060987,0.0001187916618365,0.057139,0.0001187916618365,0.0820350914060987,0.0001187916618365,,,1.087469129830623,0.507913331659452,1.368936888044841,1.5412818945033804,1.2760934011561538,0.4882733610479092,1.159571758494406,0.4128199584608327,1.2352196035420144,0.6561966934661867,16.0,23.0,0.0,1.0,0.0,0.0248096290837632,0.0,0.0248096290837632,0.0,1.4711,Loss,-110.0,Win,100.0,Loss,-110.0,Loss,-634.15,Loss,-110.0,Loss,-110.0,Win,255.2,Loss,-267.0,Loss,-310.84,Win,255.2,Win,100.0,Win,945.91,Final,1,2021
2021_01_NYJ_CAR,2021,1,2021-09-12,13:00,New York Jets,Carolina Panthers,Home,Zach Wilson,Sam Darnold,00-0037013,00-0034869,0,0,0,0,0,0,Bank of America Stadium,35.2258,-80.8528,America/New_York,False,False,1,1,Sunday,False,False,0,False,False,0,0,0,AFC East,MetLife Stadium,40.8136,-74.0744,America/New_York,NFC South,Bank of America Stadium,35.2258,-80.8528,America/New_York,Preseason,Preseason,Preseason,Preseason,New England Patriots,New Orleans Saints,MetLife Stadium,Bank of America Stadium,533,0,-533,533,0.0,0.0,,,,,0.0,0.0,0.0,0,-3.725,-5.25,-3.725,-5.25,New York Jets,1.525,New York Jets,1.525,-3.725,-5.25,New York Jets,1.525,0.0,0,No,No,No,No,No,0,No,0.0,0.0,-8.706,-1.615,-4.6485,-6.9565,-4.6485,-6.9565,-0.9235,-1.7065,-9.6295,-3.3215,New York Jets,2.308,New York Jets,2.308,-4.6485,-6.9565,New York Jets,2.308,Tie,0.0,Carolina Panthers,7.090999999999999,-4.353,-0.8075,Carolina Panthers,3.5455,New York Jets,0.7829999999999999,Carolina Panthers,6.308,-5.2765,-2.514,Carolina Panthers,2.7625000000000006,Different,Different,Same,Different,Different,Same,False,Away Team,Home Team,44.5,-184.0,164.0,Carolina Panthers,New York Jets,3.5,-3.5,101,-122,-282,224,0.7829999999999999,-0.7829999999999999,-6.308,6.308,0.3788,0.6479,0.5495,0.4975,0.3086,0.7382,0.3689,0.6311,0.5248,0.4752,0.2948,0.7052,0.3689,0.6311,-0.1311,0.1311,81.0,0.0,3,0.0,81.0,0.0,nfl_read_py Fallback,False,J.Fields,B.Young,-2.72,-3.0,13.59,184.63,Med-High,-12.0,7.0,43.63,43.0,12.567659399130552,28.0,60.0,0.5838,0.4154,0.0892,0.076,0.4976,0.5024,0.4466,0.5534,1,2021-09-12,New York Jets @ Carolina Panthers,0.5988,0.401,-149,149,0.647887323943662,0.3787878787878788,-2.8600000000000003,2.8600000000000003,43.315,-2.7950000000000004,2.7950000000000004,Carolina Panthers,2.808,New York Jets,4.283,New York Jets,0.6399999999999997,New York Jets,0.7049999999999996,Carolina Panthers,0.057312676056338,New York Jets,0.1460121212121212,New York Jets,0.0366121212121212,New York Jets,0.0222121212121212,Under,1.1850000000000025,100.0,164.0,147.34,241.64,110.0,100.0,0.0,0.0,110.0,100.0,155.35,141.23,New York Jets,,,,,,,,,,,,,,,1,-0.216825,-0.076925,Carolina Panthers,New York Jets,0,1,1,0,0,0,0,0,1,1,0,0,0,0.5,2.0,0.001,0.1,4073.0,1.0,1.0,0.081659,0.0002127998575202,264.87105691735405,0.3197381060800184,154.82638709683397,0.5469957136001616,0.0650309494027385,0.038012862041943,7.850186743923851e-05,0.000134297990081,0.038147160032024,0.8667338196801802,419.697444014188,,,2690.0,1383.0,0.3689,0.6311,0.4052,0.5946,0.4154,0.5838,Carolina Panthers,Carolina Panthers,Carolina Panthers,Carolina Panthers,Carolina Panthers,Same,Same,Same,False,False,0.1030438114446815,0.0002127998575202,0.081659,0.0002127998575202,0.1030438114446815,0.0002127998575202,,,0.9430895514018168,0.6522929100882624,1.1384409422029642,1.7717778403452598,1.170169187034026,0.5941975751700406,0.8523767217814486,0.7200149951737903,1.03178657726338,0.8596297197448249,19.0,14.0,1.0,0.0,0.0004912797838368,0.1419798575288627,0.0004912797838368,0.1419798575288627,0.7674,1.3128,Win,100.0,Loss,-110.0,Loss,-110.0,Loss,-0.0,Loss,-110.0,Win,59.78,Loss,-110.0,Loss,-100.0,Loss,-147.34,Loss,-110.0,Win,100.0,Win,141.23,Final,1,2021
2021_01_MIN_CIN,2021,1,2021-09-12,13:00,Minnesota Vikings,Cincinnati Bengals,Home,Kirk Cousins,Joe Burrow,00-0029604,00-0036442,0,0,0,0,0,0,Paycor Stadium,39.0955,-84.5165,America/New_York,False,False,1,1,Sunday,False,False,0,False,False,0,0,0,NFC North,U.S. Bank Stadium,44.9738,-93.2575,America/Chicago,AFC North,Paycor Stadium,39.0955,-84.5165,America/New_York,Preseason,Preseason,Preseason,Preseason,Arizona Cardinals,Chicago Bears,State Farm Stadium,Soldier Field,604,0,-604,604,-1.0,0.0,,,,,-1.0,0.0,-1.0,0,0.27,1.31,0.27,1.31,Cincinnati Bengals,1.04,Cincinnati Bengals,1.04,0.27,1.31,Cincinnati Bengals,1.04,0.0,0,No,No,No,No,No,0,No,0.0,0.0,-1.974,-4.197,1.6665,2.5805,1.6665,2.5805,1.3965,1.2705,-0.5774999999999999,-2.9265,Cincinnati Bengals,0.9139999999999996,Cincinnati Bengals,0.9139999999999996,1.6665,2.5805,Cincinnati Bengals,0.9139999999999996,Tie,0.0,Minnesota Vikings,2.223,-0.987,-2.0985,Minnesota Vikings,1.1115,Minnesota Vikings,0.1260000000000001,Minnesota Vikings,2.349,0.4095000000000001,-0.828,Minnesota Vikings,1.2375,Different,Different,Different,Different,Different,Same,False,Away Team,Away Team,47.0,122.0,-135.0,Minnesota Vikings,Cincinnati Bengals,-3.0,3.0,-110,-110,117,-142,0.1260000000000001,-0.1260000000000001,2.349,-2.349,0.5745,0.4505,0.5238,0.5238,0.5868,0.4608,0.5605,0.4395,0.5,0.5,0.5601,0.4399,0.5605,0.4395,0.0605,-0.0605,81.0,15.0,4,15.0,81.0,0.0,nfl_read_py Fallback,False,J.McCarthy,J.Burrow,-0.92,-2.0,13.73,188.62,Med-High,-10.0,9.0,54.0,54.0,14.056255369870192,36.0,72.0,0.5282,0.4716,0.092,0.0874,0.5598,0.3942,0.6634,0.294,1,2021-09-12,Minnesota Vikings @ Cincinnati Bengals,0.4769,0.523,110,-110,0.4504504504504504,0.574468085106383,-1.46,1.46,54.0,0.3383333333333335,-0.3383333333333335,Cincinnati Bengals,0.6509999999999998,Cincinnati Bengals,2.874,Cincinnati Bengals,4.46,Cincinnati Bengals,2.661666666666666,No Bet,0.0,Cincinnati Bengals,0.0495495495495495,Cincinnati Bengals,0.0777495495495495,Cincinnati Bengals,0.0264495495495495,Over,7.0,100.0,122.0,353.7,431.51,110.0,100.0,188.95,171.77,110.0,100.0,732.85,666.23,Cincinnati Bengals,,,,,,,,,,,,,,,1,0.00539375,0.0268749999999999,Minnesota Vikings,Cincinnati Bengals,0,1,1,0,0,0,0,0,1,1,0,0,0,2.5,3.0,0.027,0.001,4073.0,1.0,1.0,0.004502,0.012894,0.2210732204078956,61.42674023664203,0.2819375199968726,48.16601665299585,5.4277736412446765e-05,6.922109501519093e-05,0.0150814486218124,0.0118256854046147,0.0118949064996299,109.59275688963788,0.5030107404047683,,,2690.0,1383.0,0.5605,0.4395,0.511,0.489,0.4716,0.5282,Minnesota Vikings,Cincinnati Bengals,Minnesota Vikings,Cincinnati Bengals,Minnesota Vikings,Same,Same,Same,False,False,0.0001234988314276,0.0269071340264271,0.004502,0.012894,0.0001234988314276,0.0269071340264271,,,0.7079715754970796,0.8874108859930006,1.48492974853329,1.4252890340149316,0.7846425040318521,0.9797242581722136,0.8375319543454587,0.7348597626097813,0.9128981941355044,0.9785181028726996,27.0,24.0,1.0,0.0,0.0184229918938835,0.0012281994595922,0.0184229918938835,0.0012281994595922,1.1659,0.9142,Push,0.0,Push,0.0,Push,0.0,Push,0.0,Push,0.0,No Bet,0.0,Win,134.2,Win,122.0,Win,431.51,Win,134.2,Win,100.0,Win,666.23,Final,1,2021
2021_01_SF_DET,2021,1,2021-09-12,13:00,San Francisco 49ers,Detroit Lions,Home,Jimmy Garoppolo,Jared Goff,00-0031345,00-0033106,0,0,0,0,0,0,Ford Field,42.3395,-83.045,America/Detroit,False,False,1,1,Sunday,False,False,0,False,False,0,0,0,NFC West,Levi's Stadium,37.4031,-121.9702,America/Los_Angeles,NFC North,Ford Field,42.3395,-83.045,America/Detroit,Preseason,Preseason,Preseason,Preseason,Philadelphia Eagles,Green Bay Packers,Lincoln Financial Field,Lambeau Field,2072,0,-2072,2072,-3.0,0.0,,,,,-3.0,0.0,-3.0,0,3.325,4.305,3.325,4.305,Detroit Lions,0.9799999999999996,Detroit Lions,0.9799999999999996,3.325,4.305,Detroit Lions,0.9799999999999996,-0.4499999999999999,0,No,No,No,No,No,0,No,0.0,0.0,0.491,-7.377,4.407,3.714,4.407,3.714,1.082,-0.591,1.573,-7.968,San Francisco 49ers,0.6930000000000005,San Francisco 49ers,0.6930000000000005,4.407,3.714,San Francisco 49ers,0.6930000000000005,Tie,0.0,San Francisco 49ers,7.867999999999999,0.2455,-3.6885,San Francisco 49ers,3.934,San Francisco 49ers,1.6729999999999998,San Francisco 49ers,9.541,1.3275,-4.2795,San Francisco 49ers,5.606999999999999,Different,Different,Same,Same,Different,Same,False,Away Team,Away Team,46.0,344.0,-415.0,San Francisco 49ers,Detroit Lions,-9.5,9.5,105,-128,327,-436,1.6729999999999998,-1.6729999999999998,9.541,-9.541,0.8058,0.2252,0.5614,0.4878,0.8134,0.2342,0.7816,0.2184,0.5351,0.4649,0.7765,0.2235,0.7816,0.2184,0.2816,-0.2816,,,5,0.0,70.0,0.0,Dome,True,B.Purdy,J.Goff,5.51,7.0,13.31,177.2,Medium,-4.0,14.0,53.55,53.0,14.049715959538426,36.0,72.0,0.3256,0.6732,0.0878,0.082,0.5952,0.4048,0.685,0.2918,1,2021-09-12,San Francisco 49ers @ Detroit Lions,0.3081,0.6916,225,-224,0.2252252252252252,0.8058252427184466,6.255,-6.255,53.275,5.823,-5.823,San Francisco 49ers,0.0410000000000003,Detroit Lions,7.827,Detroit Lions,3.245,Detroit Lions,3.677,No Bet,0.0,Detroit Lions,0.2396747747747747,Detroit Lions,0.1003747747747747,Detroit Lions,0.0828747747747747,Over,7.274999999999999,100.0,344.0,323.88,1114.16,110.0,100.0,374.8,340.73,110.0,100.0,846.25,769.32,Detroit Lions,,,,,,,,,,,,,,,1,0.09060625,-0.2364875,San Francisco 49ers,Detroit Lions,1,0,0,1,1,0,0,0,1,1,1,0,0,3.5,0.5,0.276,0.001,4073.0,1.0,1.0,0.0001983502848303,0.123573,0.1764411470888979,731.481512029318,0.6314395630251035,204.39555044422093,4.331970220694768e-05,0.0001550305826233,0.1795928092387228,0.0501830470032459,0.0503380775858694,935.8770624735388,0.8078807101140014,,,2690.0,1383.0,0.7816,0.2184,0.6967,0.303,0.6732,0.3256,San Francisco 49ers,San Francisco 49ers,San Francisco 49ers,San Francisco 49ers,San Francisco 49ers,Same,Same,Same,False,False,0.0001983502848303,0.2297758562419688,0.0001983502848303,0.123573,0.0001983502848303,0.2297758562419688,,,0.4274058994795155,1.1679765620105682,1.7092482864860246,1.2009704960621916,0.4949476107958692,1.2694191514081945,0.6055568625929164,0.9668348543623272,0.7256637488138323,1.1657525481943694,33.0,41.0,0.0,1.0,0.2296732989437484,0.0002456398919184,0.2296732989437484,0.0002456398919184,1.6258,0.4543,Win,100.0,Loss,-110.0,Loss,-110.0,Loss,-374.8,Loss,-110.0,No Bet,0.0,Loss,-110.0,Loss,-100.0,Loss,-323.88,Loss,-110.0,Win,100.0,Win,769.32,Final,1,2021
2021_01_JAX_HOU,2021,1,2021-09-12,13:00,Jacksonville Jaguars,Houston Texans,Home,Trevor Lawrence,Tyrod Taylor,00-0036971,00-0028118,0,0,0,0,0,0,NRG Stadium,29.6847,-95.4093,America/Chicago,False,False,1,1,Sunday,False,False,0,False,False,0,0,0,AFC South,TIAA Bank Field,30.3239,-81.6554,America/New_York,AFC South,NRG Stadium,29.6847,-95.4093,America/Chicago,Preseason,Preseason,Preseason,Preseason,Denver Broncos,Cleveland Browns,TIAA Bank Field,FirstEnergy Stadium,823,0,-823,823,1.0,0.0,,,,,1.0,0.0,1.0,0,-1.825,0.035,-1.825,0.035,Houston Texans,1.86,Houston Texans,1.86,-1.825,0.035,Houston Texans,1.86,0.0,0,No,No,No,No,No,1,No,0.0,0.0,-10.508,-5.631,-0.793215,-0.177285,-0.793215,-0.177285,1.013185,-0.193685,-9.446045,-5.873455000000001,Houston Texans,0.61593,Houston Texans,0.61593,-0.793215,-0.177285,Houston Texans,0.61593,Tie,0.0,Houston Texans,4.876999999999999,-5.254,-2.8155,Houston Texans,2.4384999999999994,Jacksonville Jaguars,1.20687,Houston Texans,3.572589999999999,-4.21643,-3.0335700000000005,Houston Texans,1.1828599999999994,Different,Same,Different,Same,Different,Same,False,Away Team,Home Team,45.5,154.0,-172.0,Jacksonville Jaguars,Houston Texans,-3.5,3.5,101,-122,-191,156,1.20687,-1.20687,-3.572589999999999,3.572589999999999,0.6324,0.3937,0.5495,0.4975,0.3906,0.6564,0.6163,0.3837,0.5248,0.4752,0.3731,0.6269,0.6163,0.3837,0.1163,-0.1163,,,6,0.0,70.0,0.0,Dome,True,T.Lawrence,C.Stroud,-3.58,-4.0,13.33,177.73,Medium,-13.0,7.0,50.19,49.0,13.187884205510889,33.0,68.0,0.6104,0.3888,0.094,0.0832,0.6842,0.3158,0.6246,0.3754,1,2021-09-12,Jacksonville Jaguars @ Houston Texans,0.524,0.4758,-110,110,0.3937007874015748,0.6323529411764706,-3.79,3.79,49.595,-2.051906666666666,2.051906666666666,Houston Texans,7.072589999999999,Houston Texans,2.29313,Houston Texans,7.29,Houston Texans,5.551906666666666,Houston Texans,0.2331992125984252,Houston Texans,0.0814992125984251,Houston Texans,0.2166992125984252,Houston Texans,0.1302992125984252,Over,4.094999999999999,100.0,154.0,893.53,1376.04,110.0,100.0,842.05,765.5,110.0,100.0,529.15,481.05,Houston Texans,,,,,,,,,,,,,,,1,-0.19836875,-0.28005,Jacksonville Jaguars,Houston Texans,0,0,1,1,0,0,0,0,1,1,0,0,1,1.0,0.0,0.036,0.003,4073.0,1.0,1.0,0.008786,0.015091,0.3882476085903013,86.50419583091296,0.6236043814808515,53.85633610306882,9.532227070716948e-05,0.0001531068945447,0.0212384472946017,0.0132227685006306,0.0133758753951754,140.36053193398178,1.011851990071153,,,2690.0,1383.0,0.6163,0.3837,0.4706,0.5292,0.3888,0.6104,Jacksonville Jaguars,Houston Texans,Houston Texans,Houston Texans,Houston Texans,Same,Same,Same,False,False,0.0002484291652519,0.0344612157952324,0.008786,0.015091,0.0002484291652519,0.0344612157952324,,,0.6170611981442544,0.9783212633458253,1.4053817772579136,1.5048370052903093,1.1120912252319326,0.6522755369721314,0.9647875497996642,0.6076041671555812,0.999255064662751,0.8921612323454526,37.0,21.0,1.0,0.0,0.0439695406534021,0.0036845983787767,0.0439695406534021,0.0036845983787767,1.282,0.7982,Win,100.0,Win,100.0,Win,100.0,Win,765.5,Win,100.0,Win,169.4,Win,169.4,Win,154.0,Win,1376.04,Win,169.4,Win,100.0,Win,481.05,Final,1,2021
2021_01_SEA_IND,2021,1,2021-09-12,13:00,Seattle Seahawks,Indianapolis Colts,Home,Russell Wilson,Carson Wentz,00-0029263,00-0032950,0,0,0,0,0,0,Lucas Oil Stadium,39.7601,-86.1638,America/Indiana/Indianapolis,False,False,1,1,Sunday,False,False,0,False,False,0,0,0,NFC West,Lumen Field,47.5952,-122.3316,America/Los_Angeles,AFC South,Lucas Oil Stadium,39.7601,-86.1638,America/Indiana/Indianapolis,Preseason,Preseason,Preseason,Preseason,Tennessee Titans,Los Angeles Rams,Lumen Field,Lucas Oil Stadium,1866,0,-1866,1866,-3.0,0.0,,,,,-3.0,0.0,-3.0,0,-0.13,-2.265,-0.13,-2.265,Seattle Seahawks,2.135,Seattle Seahawks,2.135,-0.13,-2.265,Seattle Seahawks,2.135,-0.4499999999999999,0,No,No,No,No,No,0,No,0.0,0.0,2.036,-0.021,-0.5149999999999999,-2.9170000000000003,-0.5149999999999999,-2.9170000000000003,-0.3849999999999999,-0.652,1.6510000000000002,-0.673,Seattle Seahawks,2.402,Seattle Seahawks,2.402,-0.5149999999999999,-2.9170000000000003,Seattle Seahawks,2.402,Tie,0.0,Seattle Seahawks,2.057,1.018,-0.0105,Seattle Seahawks,1.0285,Seattle Seahawks,0.267,Seattle Seahawks,2.3240000000000003,0.6330000000000001,-0.6625000000000001,Seattle Seahawks,1.2955,Different,Same,Same,Same,Different,Same,False,Away Team,Away Team,49.0,132.0,-146.0,Seattle Seahawks,Indianapolis Colts,-3.0,3.0,-104,-116,117,-142,0.267,-0.267,2.3240000000000003,-2.3240000000000003,0.5935,0.431,0.537,0.5098,0.5868,0.4608,0.5793,0.4207,0.513,0.487,0.5601,0.4399,0.5793,0.4207,0.0793,-0.0793,,,7,0.0,70.0,0.0,Dome,True,S.Darnold,D.Jones,-1.45,-3.0,13.79,190.19,Med-High,-11.0,9.0,44.96,44.0,13.383079152479086,29.0,63.0,0.544,0.4554,0.0942,0.089,0.5724,0.383,0.3588,0.6214,1,2021-09-12,Seattle Seahawks @ Indianapolis Colts,0.4729,0.527,111,-111,0.4310344827586206,0.5934959349593496,-2.225,2.225,44.48,0.122,-0.122,Indianapolis Colts,0.6759999999999997,Indianapolis Colts,2.733,Indianapolis Colts,5.225,Indianapolis Colts,2.878,Indianapolis Colts,0.0088655172413793,Indianapolis Colts,0.0559655172413793,Indianapolis Colts,0.1129655172413793,Indianapolis Colts,0.0418655172413793,Under,4.519999999999996,100.0,132.0,496.36,655.2,110.0,100.0,255.1,231.91,110.0,100.0,512.35,465.77,Indianapolis Colts,,,,,,,,,,,,,,,1,0.0152625,0.04685,Seattle Seahawks,Indianapolis Colts,1,0,0,1,0,0,0,1,1,1,0,1,0,3.0,3.0,0.021,0.0,4073.0,1.0,1.0,0.00088,0.005928,0.3107140884045719,19.454821683506587,0.4278504193315152,14.12850592482517,7.628629717765084e-05,0.0001050455240195,0.0047765336811948,0.0034688205069543,0.0035738660309738,33.58332760833176,0.7385645077360872,,,2690.0,1383.0,0.5793,0.4207,0.519,0.4809,0.4554,0.544,Seattle Seahawks,Indianapolis Colts,Seattle Seahawks,Indianapolis Colts,Seattle Seahawks,Same,Same,Same,False,False,0.0001813318211971,0.0082453541881492,0.00088,0.005928,0.0001813318211971,0.0082453541881492,,,0.6752234911254769,0.9201589703646044,1.4352662839321295,1.4749524986160916,0.781251652979152,0.9831151092249152,0.8595725374527039,0.7128191795025358,0.9009933158157876,0.9904229811924166,16.0,28.0,0.0,1.0,0.002210759027266,0.0,0.002210759027266,0.0,1.205,0.0,Loss,-110.0,Loss,-110.0,Loss,-110.0,Loss,-255.1,Loss,-110.0,Loss,-110.0,Loss,-110.0,Loss,-100.0,Loss,-496.36,Loss,-110.0,Win,100.0,Win,465.77,Final,1,2021
2021_01_ARI_TEN,2021,1,2021-09-12,13:00,Arizona Cardinals,Tennessee Titans,Home,Kyler Murray,Ryan Tannehill,00-0035228,00-0029701,0,0,0,0,0,0,Nissan Stadium,36.1664,-86.7716,America/Chicago,False,False,1,1,Sunday,False,False,0,False,False,0,0,0,NFC West,State Farm Stadium,33.5277,-112.262608,America/Denver,AFC South,Nissan Stadium,36.1664,-86.7716,America/Chicago,Preseason,Preseason,Preseason,Preseason,Minnesota Vikings,Seattle Seahawks,State Farm Stadium,Lumen Field,1452,0,-1452,1452,-1.0,0.0,,,,,-1.0,0.0,-1.0,0,0.075,-4.36,0.075,-4.36,Arizona Cardinals,4.4350000000000005,Arizona Cardinals,4.4350000000000005,0.075,-4.36,Arizona Cardinals,4.4350000000000005,0.0,0,No,No,No,No,No,0,No,0.0,0.0,-0.697,-1.176,0.858,-5.766500000000001,0.858,-5.766500000000001,0.783,-1.4065,0.086,-2.5825,Arizona Cardinals,6.6245,Arizona Cardinals,6.6245,0.858,-5.766500000000001,Arizona Cardinals,6.6245,Tie,0.0,Arizona Cardinals,0.479,-0.3485,-0.588,Arizona Cardinals,0.2395,Arizona Cardinals,2.1895,Arizona Cardinals,2.6685,0.4345,-1.9945,Arizona Cardinals,2.429,Different,Same,Same,Same,Different,Same,False,Away Team,Away Team,54.0,-146.0,131.0,Tennessee Titans,Arizona Cardinals,2.5,-2.5,108,-131,117,-142,2.1895,-2.1895,2.6685,-2.6685,0.4329,0.5935,0.5671,0.4808,0.5868,0.4608,0.4218,0.5782,0.5412,0.4588,0.5601,0.4399,0.4218,0.5782,-0.0782,0.0782,82.0,8.0,8,8.0,82.0,0.0,nfl_read_py Fallback,False,K.Murray,C.Ward,6.96,8.0,14.11,199.16,High,-3.0,17.0,52.7,52.0,13.98244536966632,35.0,71.0,0.3076,0.6914,0.0734,0.0694,0.277,0.723,0.4268,0.543,1,2021-09-12,Arizona Cardinals @ Tennessee Titans,0.4461,0.5536,124,-124,0.5934959349593496,0.4329004329004329,7.48,-7.48,52.35,4.112666666666667,-4.112666666666667,Arizona Cardinals,5.1685,Arizona Cardinals,4.689500000000001,Arizona Cardinals,9.98,Arizona Cardinals,6.612666666666667,Arizona Cardinals,0.1271995670995671,Arizona Cardinals,0.1082995670995671,Arizona Cardinals,0.2584995670995671,Arizona Cardinals,0.120699567099567,Under,1.6499999999999986,100.0,131.0,1139.57,1492.84,110.0,100.0,1045.75,950.68,110.0,100.0,100.75,91.59,Arizona Cardinals,,,,,,,,,,,,,,,1,0.11135625,0.01493125,Tennessee Titans,Arizona Cardinals,0,1,1,0,1,0,0,1,1,1,1,1,0,3.5,3.0,0.001,0.0139999999999999,4073.0,1.0,1.0,0.004922,0.003668,21.94223692219859,0.2799162088178102,16.006979477314704,0.3837068561841107,0.0053872420629016,0.0039300219684052,6.872482416346926e-05,9.420742847633456e-05,0.0040242293968816,0.6636230650019209,37.9492163995133,,,2690.0,1383.0,0.4218,0.5782,0.5751,0.4247,0.6914,0.3076,Tennessee Titans,Arizona Cardinals,Arizona Cardinals,Arizona Cardinals,Arizona Cardinals,Same,Same,Same,False,False,0.0093172640313069,0.0001629322526398,0.004922,0.003668,0.0093172640313069,0.0001629322526398,,,0.9214459679180464,0.6739364935720338,1.3307695865470035,1.5794491960012205,0.7748793079350548,0.9894874542690126,0.4827735329137112,1.0896181840415264,0.8421520038256701,1.049264293182534,13.0,38.0,0.0,1.0,0.0002456398919184,0.0054040776222058,0.0002456398919184,0.0054040776222058,0.8774,1.2027,Win,100.0,Win,100.0,Win,100.0,Win,950.68,Win,100.0,Win,144.1,Win,144.1,Win,131.0,Win,1492.84,Win,144.1,Win,100.0,Win,91.59,Final,1,2021
2021_01_LAC_WAS,2021,1,2021-09-12,13:00,Los Angeles Chargers,Washington Commanders,Home,Justin Herbert,Ryan Fitzpatrick,00-0036355,00-0023682,0,0,0,0,0,0,FedExField,38.9077,-76.8645,America/New_York,False,False,1,1,Sunday,False,False,0,False,False,0,0,0,AFC West,SoFi Stadium,33.9535,-118.3395,America/Los_Angeles,NFC East,FedExField,38.9077,-76.8645,America/New_York,Preseason,Preseason,Preseason,Preseason,Dallas Cowboys,New York Giants,SoFi Stadium,FedExField,2309,0,-2309,2309,-3.0,0.0,,,,,-3.0,0.0,-3.0,0,0.935,1.45,0.935,1.45,Washington Commanders,0.5149999999999999,Washington Commanders,0.5149999999999999,0.935,1.45,Washington Commanders,0.5149999999999999,-0.4499999999999999,0,No,No,No,No,No,0,No,0.0,0.0,-1.961,-4.693,0.8360000000000001,0.7939999999999999,0.8360000000000001,0.7939999999999999,-0.0989999999999999,-0.656,-2.06,-5.348999999999999,Los Angeles Chargers,0.0420000000000001,Los Angeles Chargers,0.0420000000000001,0.8360000000000001,0.7939999999999999,Los Angeles Chargers,0.0420000000000001,Tie,0.0,Los Angeles Chargers,2.732,-0.9805,-2.3465,Los Angeles Chargers,1.3659999999999997,Los Angeles Chargers,0.557,Los Angeles Chargers,3.289,-1.0795,-3.0024999999999995,Los Angeles Chargers,1.923,Different,Different,Same,Same,Different,Same,False,Away Team,Away Team,45.5,-129.0,117.0,Washington Commanders,Los Angeles Chargers,2.5,-2.5,-104,-116,156,-191,0.557,-0.557,3.289,-3.289,0.4608,0.5633,0.537,0.5098,0.6564,0.3906,0.45,0.55,0.513,0.487,0.6269,0.3731,0.45,0.55,-0.05,0.05,81.0,4.0,9,4.0,81.0,0.0,nfl_read_py Fallback,False,J.Herbert,J.Daniels,4.12,5.0,13.84,191.66,Med-High,-6.0,14.0,51.77,51.0,13.355270977879051,35.0,69.0,0.3936,0.6052,0.09,0.0846,0.3598,0.6402,0.67,0.33,1,2021-09-12,Los Angeles Chargers @ Washington Commanders,0.4509,0.5488,122,-122,0.5633187772925764,0.4608294930875576,4.5600000000000005,-4.5600000000000005,51.385000000000005,2.802,-2.802,Los Angeles Chargers,5.789,Los Angeles Chargers,3.057,Los Angeles Chargers,7.0600000000000005,Los Angeles Chargers,5.302,Los Angeles Chargers,0.1660705069124424,Los Angeles Chargers,0.0521705069124424,Los Angeles Chargers,0.1443705069124423,Los Angeles Chargers,0.0879705069124423,Over,5.885000000000005,100.0,117.0,669.41,783.21,110.0,100.0,611.05,555.5,110.0,100.0,767.5,697.73,Los Angeles Chargers,,,,,,,,,,,,,,,1,0.0771125,-0.127925,Washington Commanders,Los Angeles Chargers,1,0,0,1,0,0,0,0,1,1,0,0,0,3.5,1.5,0.0069999999999999,0.004,4073.0,1.0,1.0,0.003042,0.001807,7.02782239556421,0.778189813730496,5.750036505461625,0.951120883448384,0.00172546584718,0.0014117447840563,0.0001910605975277,0.0002335185080894,0.0016452632921458,1.72931069717888,12.777858901025835,,,2690.0,1383.0,0.45,0.55,0.5241,0.4756,0.6052,0.3936,Washington Commanders,Los Angeles Chargers,Los Angeles Chargers,Los Angeles Chargers,Los Angeles Chargers,Same,Same,Same,False,False,0.0031372106312363,0.0004245791056172,0.003042,0.001807,0.0031372106312363,0.0004245791056172,,,0.8764569571444171,0.7189255043456634,1.4128754106328338,1.4973433719153897,0.6571026248116931,1.1072641373923755,0.6179056796767202,0.9544860372785208,0.8512519037684073,1.0401643932397924,16.0,20.0,0.0,1.0,0.0004912797838368,0.0046671579464505,0.0004912797838368,0.0046671579464505,0.9361,1.1441,Win,100.0,Win,100.0,Win,100.0,Win,555.5,Win,100.0,Win,128.7,Win,128.7,Win,117.0,Win,783.21,Win,128.7,Loss,-110.0,Loss,-767.5,Final,1,2021
2021_01_CLE_KC,2021,1,2021-09-12,16:25,Cleveland Browns,Kansas City Chiefs,Home,Baker Mayfield,Patrick Mahomes,00-0034855,00-0033873,0,0,0,0,0,0,GEHA Field at Arrowhead Stadium,39.0489,-94.4839,America/Chicago,False,False,1,1,Sunday,False,False,0,False,False,0,0,0,AFC North,FirstEnergy Stadium,41.5061,-81.6994,America/New_York,AFC West,GEHA Field at Arrowhead Stadium,39.0489,-94.4839,America/Chicago,Preseason,Preseason,Preseason,Preseason,Houston Texans,Baltimore Ravens,FirstEnergy Stadium,M&T Bank Stadium,694,0,-694,694,1.0,0.0,,,,,1.0,0.0,1.0,0,-4.705,4.395,-4.705,4.395,Kansas City Chiefs,9.1,Kansas City Chiefs,9.1,-4.705,4.395,Kansas City Chiefs,9.1,0.0,0,No,No,No,No,No,0,No,0.0,0.0,2.285,7.283,-4.6615,3.2275,-4.6615,3.2275,0.0435,-1.1675,2.3285000000000005,6.115500000000001,Kansas City Chiefs,7.888999999999999,Kansas City Chiefs,7.888999999999999,-4.6615,3.2275,Kansas City Chiefs,7.888999999999999,Tie,0.0,Kansas City Chiefs,4.998,1.1425,3.6415,Kansas City Chiefs,2.499,Cleveland Browns,1.211,Kansas City Chiefs,3.787,1.1860000000000002,2.474,Kansas City Chiefs,1.288,Different,Same,Different,Same,Different,Same,False,Away Team,Home Team,54.5,-241.0,211.0,Kansas City Chiefs,Cleveland Browns,5.5,-5.5,101,-122,-211,171,1.211,-1.211,-3.787,3.787,0.3215,0.7067,0.5495,0.4975,0.369,0.6785,0.3127,0.6873,0.5248,0.4752,0.3523,0.6477,0.3127,0.6873,-0.1873,0.1873,88.0,8.0,10,8.0,88.0,0.0,nfl_read_py Fallback,False,J.Flacco,P.Mahomes,-1.31,-3.0,15.4,237.11,High,-12.0,10.0,59.44,59.0,14.367375882113882,42.0,78.0,0.5354,0.4644,0.0832,0.0746,0.421,0.579,0.6184,0.3816,1,2021-09-12,Cleveland Browns @ Kansas City Chiefs,0.5864,0.4136,-142,142,0.7067448680351907,0.3215434083601286,-2.155,2.155,59.22,-1.5770000000000002,1.5770000000000002,Cleveland Browns,1.7129999999999996,Cleveland Browns,6.711,Cleveland Browns,3.345,Cleveland Browns,3.923,Cleveland Browns,0.0307565916398713,Cleveland Browns,0.2032565916398714,Cleveland Browns,0.1428565916398713,Cleveland Browns,0.0920565916398714,Over,4.719999999999999,100.0,211.0,526.4,1110.71,110.0,100.0,289.75,263.41,110.0,100.0,496.6,451.45,Cleveland Browns,,,,,,,,,,,,,,,1,0.0570875,0.1931875,Kansas City Chiefs,Cleveland Browns,1,1,0,0,0,0,1,0,1,1,1,0,0,3.0,4.5,0.0,0.045,4073.0,1.0,1.0,0.035488,5.702857751250867e-05,173.0565129876286,0.0726331417943816,78.73529988539424,0.1596442544140661,0.042488709302143,0.0193310336080025,1.783283618816146e-05,3.919574132434721e-05,0.0193702293493268,0.2322773962084478,251.79181287302285,,,2690.0,1383.0,0.3127,0.6873,0.4176,0.5823,0.4644,0.5354,Kansas City Chiefs,Kansas City Chiefs,Kansas City Chiefs,Kansas City Chiefs,Kansas City Chiefs,Same,Same,Same,False,False,0.0618197429101455,5.702857751250867e-05,0.035488,5.702857751250867e-05,0.0618197429101455,5.702857751250867e-05,,,1.0707068403587794,0.5246756211313022,1.2642061267507736,1.6460126557974484,1.108812764754031,0.6555539974500378,0.8124755238273108,0.7599161931279289,1.0641437600373107,0.8272725369708939,33.0,29.0,1.0,0.0,0.0,0.0127732743797592,0.0,0.0127732743797592,0.0,1.4297,Loss,-110.0,Loss,-110.0,Loss,-110.0,Loss,-289.75,Loss,-110.0,Loss,-110.0,Loss,-110.0,Loss,-100.0,Loss,-526.4,Loss,-110.0,Win,100.0,Win,451.45,Final,1,2021
2021_01_MIA_NE,2021,1,2021-09-12,16:25,Miami Dolphins,New England Patriots,Home,Tua Tagovailoa,Mac Jones,00-0036212,00-0036972,0,0,0,0,0,0,Gillette Stadium,42.0628,-71.2687,America/New_York,False,False,1,1,Sunday,False,False,0,False,False,0,0,0,AFC East,Hard Rock Stadium,25.9602,-80.2384,America/New_York,AFC East,Gillette Stadium,42.0628,-71.2687,America/New_York,Preseason,Preseason,Preseason,Preseason,Buffalo Bills,New York Jets,Hard Rock Stadium,MetLife Stadium,1223,0,-1223,1223,0.0,0.0,,,,,0.0,0.0,0.0,0,0.66,-1.995,0.66,-1.995,Miami Dolphins,2.655,Miami Dolphins,2.655,0.66,-1.995,Miami Dolphins,2.655,0.0,0,No,No,No,No,No,1,No,0.0,0.0,0.085,-0.964,-0.85782,-2.06518,-0.85782,-2.06518,-1.49127,-0.09673,-1.41676,-1.05024,Miami Dolphins,1.2073600000000002,Miami Dolphins,1.2073600000000002,-0.85782,-2.06518,Miami Dolphins,1.2073600000000002,Tie,0.0,Miami Dolphins,1.049,0.0425,-0.482,Miami Dolphins,0.5245,New England Patriots,1.39454,New England Patriots,0.3665199999999999,-1.454015,-0.573485,New England Patriots,0.88053,Different,Different,Different,Different,Different,Different,False,Home Team,Home Team,43.5,-173.0,155.0,New England Patriots,Miami Dolphins,3.5,-3.5,-128,105,-116,-104,-1.39454,1.39454,-0.3665199999999999,0.3665199999999999,0.3922,0.6337,0.4878,0.5614,0.5098,0.537,0.3823,0.6177,0.4649,0.5351,0.487,0.513,0.3823,0.6177,-0.1177,0.1177,81.0,15.0,11,15.0,81.0,0.0,nfl_read_py Fallback,False,T.Tagovailoa,D.Maye,-7.68,-8.0,14.13,199.7,High,-17.0,3.0,46.35,46.0,13.398630365045966,30.0,64.0,0.7092,0.2894,0.0762,0.0838,0.6332,0.3668,0.5568,0.4432,1,2021-09-12,Miami Dolphins @ New England Patriots,0.5938,0.4059,-146,146,0.6336996336996337,0.392156862745098,-7.84,7.84,46.175,-3.2003533333333336,3.2003533333333336,Miami Dolphins,3.13348,Miami Dolphins,2.10546,New England Patriots,4.34,Miami Dolphins,0.2996466666666664,Miami Dolphins,0.0948431372549019,Miami Dolphins,0.0727431372549019,New England Patriots,0.0755003663003663,Miami Dolphins,0.0137431372549019,Over,2.674999999999997,173.0,100.0,515.29,297.86,110.0,100.0,574.3,522.09,110.0,100.0,173.2,157.45,New England Patriots,,,,,,,,,,,,,,,1,-0.0393687499999999,0.08880625,New England Patriots,Miami Dolphins,1,1,0,0,0,0,0,0,1,1,0,0,1,2.5,3.5,0.002,0.01,4073.0,1.0,1.0,0.019006,0.0001551834517055,15.140287287108158,0.2416373785999653,9.37045787576728,0.3904248201967004,0.003717232331723,0.0023006280077994,5.932663358702807e-05,9.585681811851228e-05,0.0023964848259179,0.6320621987966658,24.51074516287544,,,2690.0,1383.0,0.3823,0.6177,0.4117,0.5879,0.2894,0.7092,New England Patriots,New England Patriots,New England Patriots,New England Patriots,New England Patriots,Same,Same,Same,False,False,0.0060178603395225,0.0001551834517055,0.019006,0.0001551834517055,0.0060178603395225,0.0001551834517055,,,0.970700862002727,0.6246815994873514,1.490802900912633,1.419415881635589,0.8858474875506132,0.8785192746534535,1.1017500901045143,0.4706416268507263,1.0992649417320954,0.7921513552761097,16.0,17.0,0.0,1.0,0.0002456398919184,0.0152296732989437,0.0002456398919184,0.0152296732989437,0.7952,1.2849,Loss,-110.0,Loss,-110.0,Win,100.0,Win,522.09,Loss,-110.0,Win,170.5,Win,170.5,Loss,-173.0,Loss,-515.29,Win,170.5,Loss,-110.0,Loss,-173.2,Final,1,2021
2021_01_GB_NO,2021,1,2021-09-12,16:25,Green Bay Packers,New Orleans Saints,Neutral,Aaron Rodgers,Jameis Winston,00-0023459,00-0031503,0,0,0,0,0,0,Caesars Superdome,29.9507,-90.0813,America/Chicago,False,False,1,1,Sunday,False,False,0,False,False,0,0,0,NFC North,Lambeau Field,44.5013,-88.0622,America/Chicago,NFC South,Caesars Superdome,29.9507,-90.0813,America/Chicago,Preseason,Preseason,Preseason,Preseason,Detroit Lions,Carolina Panthers,Lambeau Field,Bank of America Stadium,1011,0,-1011,1011,0.0,0.0,,,,,0.0,0.0,0.0,0,3.535,-6.145,3.535,-6.145,Green Bay Packers,9.68,Green Bay Packers,9.68,3.535,-6.145,Green Bay Packers,9.68,0.0,0,No,No,No,No,No,0,No,0.0,0.0,4.313,6.128,3.0875000000000004,-7.1685,3.0875000000000004,-7.1685,-0.4475,-1.0235,3.8655,5.1045,Green Bay Packers,10.256,Green Bay Packers,10.256,3.0875000000000004,-7.1685,Green Bay Packers,10.256,Tie,0.0,New Orleans Saints,1.8150000000000004,2.1565,3.064,New Orleans Saints,0.9075000000000002,Green Bay Packers,0.5760000000000001,New Orleans Saints,1.239,1.709,2.0405,New Orleans Saints,0.3314999999999997,Different,Different,Same,Different,Different,Same,False,Away Team,Home Team,49.0,162.0,-181.0,Green Bay Packers,New Orleans Saints,-4.0,4.0,-104,-116,-122,101,0.5760000000000001,-0.5760000000000001,-1.239,1.239,0.6441,0.3817,0.537,0.5098,0.4975,0.5495,0.6279,0.3721,0.513,0.487,0.4752,0.5248,0.6279,0.3721,0.1279,-0.1279,86.0,9.0,12,0.0,70.0,0.0,Dome,True,J.Love,S.Rattler,5.16,6.0,13.39,179.21,Medium,-5.0,14.0,42.18,41.0,12.742655730067066,27.0,59.0,0.345,0.6542,0.0848,0.0878,0.4274,0.5452,0.2748,0.706,1,2021-09-12,Green Bay Packers @ New Orleans Saints,0.4322,0.5676,131,-131,0.3816793893129771,0.6441281138790036,5.58,-5.58,41.59,1.639,-1.639,New Orleans Saints,5.239,New Orleans Saints,3.424,Green Bay Packers,1.58,New Orleans Saints,2.361,New Orleans Saints,0.1431206106870229,New Orleans Saints,0.1053206106870228,Green Bay Packers,0.0100718861209964,New Orleans Saints,0.0505206106870228,Under,7.409999999999997,181.0,100.0,70.76,39.09,110.0,100.0,112.3,102.09,110.0,100.0,956.5,869.55,Green Bay Packers,,,,,,,,,,,,,,,1,0.1174875,0.0064812499999999,Green Bay Packers,New Orleans Saints,1,0,0,1,1,0,0,0,1,1,1,0,0,4.0,2.5,0.026,0.0,4073.0,1.0,1.0,0.00077,0.012243,0.1705539300972012,57.07984102983621,0.2878011628810338,33.82610104666675,4.187427696960502e-05,7.066073235478365e-05,0.0140142010876101,0.0083049597462967,0.0083756204786515,90.90594207650297,0.458355092978235,,,2690.0,1383.0,0.6279,0.3721,0.5676,0.4322,0.6542,0.345,Green Bay Packers,Green Bay Packers,Green Bay Packers,Green Bay Packers,Green Bay Packers,Same,Same,Same,False,False,0.0001125350093243,0.0223191608339069,0.00077,0.012243,0.0001125350093243,0.0223191608339069,,,0.6025081459090139,0.9928743155810656,1.4579887602302788,1.4522300223179432,0.9376298278227732,0.8267369343812936,0.5512771983865753,1.0211145185686643,0.8321674316413987,1.059248865366807,38.0,3.0,1.0,0.0,0.0071235568656349,0.0004912797838368,0.0071235568656349,0.0004912797838368,1.3061,0.774,Win,100.0,Win,100.0,Loss,-110.0,Loss,-112.3,Win,100.0,Win,178.2,Win,178.2,Loss,-181.0,Loss,-70.76,Win,178.2,Win,100.0,Win,869.55,Final,1,2021
2021_01_DEN_NYG,2021,1,2021-09-12,16:25,Denver Broncos,New York Giants,Home,Teddy Bridgewater,Daniel Jones,00-0031237,00-0035710,0,0,0,0,0,0,MetLife Stadium,40.8136,-74.0744,America/New_York,False,False,1,1,Sunday,False,False,0,False,False,0,0,0,AFC West,Empower Field at Mile High,39.7648,-105.0076,America/Denver,NFC East,MetLife Stadium,40.8136,-74.0744,America/New_York,Preseason,Preseason,Preseason,Preseason,Jacksonville Jaguars,Washington Commanders,TIAA Bank Field,FedExField,1622,0,-1622,1622,-2.0,0.0,,,,,-2.0,0.0,-2.0,0,2.05,-2.84,2.05,-2.84,Denver Broncos,4.89,Denver Broncos,4.89,2.05,-2.84,Denver Broncos,4.89,-0.3,0,No,No,No,No,No,0,No,0.0,0.0,-4.861,-5.955,2.234,-3.527,2.234,-3.527,0.184,-0.687,-4.677,-6.642,Denver Broncos,5.761,Denver Broncos,5.761,2.234,-3.527,Denver Broncos,5.761,Tie,0.0,Denver Broncos,1.0940000000000003,-2.4305,-2.9775,Denver Broncos,0.5470000000000002,Denver Broncos,0.8710000000000001,Denver Broncos,1.9650000000000007,-2.2465,-3.6645,Denver Broncos,1.4180000000000006,Different,Same,Same,Same,Different,Same,False,Away Team,Away Team,41.5,125.0,-139.0,Denver Broncos,New York Giants,-3.0,3.0,101,-122,108,-131,0.8710000000000001,-0.8710000000000001,1.9650000000000007,-1.9650000000000007,0.5816,0.4444,0.5495,0.4975,0.5671,0.4808,0.5668,0.4332,0.5248,0.4752,0.5412,0.4588,0.5668,0.4332,0.0668,-0.0668,82.0,19.0,13,19.0,82.0,0.0,nfl_read_py Fallback,False,B.Nix,R.Wilson,-0.28,-1.0,12.89,166.24,Med-Low,-10.0,9.0,36.21,36.0,12.079704584656469,21.0,52.0,0.507,0.4908,0.103,0.0872,0.5438,0.4064,0.3216,0.6784,1,2021-09-12,Denver Broncos @ New York Giants,0.4686,0.5309,113,-113,0.4444444444444444,0.5815899581589958,-0.64,0.64,36.105,0.7320000000000002,-0.7320000000000002,New York Giants,1.0349999999999993,New York Giants,2.129,New York Giants,3.64,New York Giants,2.268,New York Giants,0.0143555555555555,New York Giants,0.0307555555555555,New York Giants,0.0625555555555555,New York Giants,0.0241555555555555,Under,5.394999999999996,100.0,125.0,281.5,351.88,110.0,100.0,104.95,95.41,110.0,100.0,811.6,737.82,New York Giants,,,,,,,,,,,,,,,1,0.0056624999999999,-0.2058875,Denver Broncos,New York Giants,0,0,0,1,0,0,0,0,0,1,0,0,0,2.5,0.5,0.015,0.003,4073.0,1.0,1.0,0.003587,0.008919,0.719825311372061,23.65387259299286,0.9418212984434076,18.07843614552666,0.0001767309873243,0.0002312352807373,0.005807481608886,0.0044386045041803,0.0046698397849177,41.73230873851952,1.6616466098154687,,,2690.0,1383.0,0.5668,0.4332,0.5268,0.4726,0.4908,0.507,Denver Broncos,New York Giants,Denver Broncos,New York Giants,Denver Broncos,Same,Same,Same,False,False,0.0004079662680617,0.0102460861130664,0.003587,0.008919,0.0004079662680617,0.0102460861130664,,,0.6954241767536683,0.8999582847364116,1.401922254916342,1.5082965276318807,0.8149241687088603,0.9494425934952092,0.8016697059798062,0.7707220109754326,0.8932229082184446,0.9981933887897564,13.0,27.0,0.0,1.0,0.0083517563252272,0.0004912797838368,0.0083517563252272,0.0004912797838368,1.179,0.9011,Loss,-110.0,Loss,-110.0,Loss,-110.0,Loss,-104.95,Loss,-110.0,Loss,-110.0,Loss,-110.0,Loss,-100.0,Loss,-281.5,Loss,-110.0,Win,100.0,Win,737.82,Final,1,2021
2021_01_CHI_LA,2021,1,2021-09-12,20:20,Chicago Bears,Los Angeles Rams,Home,Andy Dalton,Matthew Stafford,00-0027973,00-0026498,0,0,0,0,0,0,SoFi Stadium,33.9535,-118.3395,America/Los_Angeles,False,False,1,1,Sunday,False,False,0,False,False,0,0,0,NFC North,Soldier Field,41.8623,-87.6167,America/Chicago,NFC West,SoFi Stadium,33.9535,-118.3395,America/Los_Angeles,Preseason,Preseason,Preseason,Preseason,Cincinnati Bengals,Indianapolis Colts,Soldier Field,Lucas Oil Stadium,1750,0,-1750,1750,2.0,0.0,,,,,2.0,0.0,2.0,0,-1.575,1.29,-1.575,1.29,Los Angeles Rams,2.865,Los Angeles Rams,2.865,-1.575,1.29,Los Angeles Rams,2.865,-0.15,0,No,No,No,No,No,0,No,0.0,0.0,-2.275,3.414,-2.091,0.776,-2.091,0.776,-0.516,-0.514,-2.791,2.9000000000000004,Los Angeles Rams,2.867,Los Angeles Rams,2.867,-2.091,0.776,Los Angeles Rams,2.867,Tie,0.0,Los Angeles Rams,5.689,-1.1375,1.707,Los Angeles Rams,2.8445,Los Angeles Rams,0.002,Los Angeles Rams,5.691000000000001,-1.6535,1.193,Los Angeles Rams,2.8465,Different,Same,Same,Same,Different,Same,False,Home Team,Home Team,46.0,-387.0,324.0,Los Angeles Rams,Chicago Bears,9.5,-9.5,-110,-110,-244,195,-0.002,0.002,-5.691000000000001,5.691000000000001,0.2358,0.7947,0.5238,0.5238,0.339,0.7093,0.2289,0.7711,0.5,0.5,0.3234,0.6766,0.2289,0.7711,-0.2711,0.2711,,,14,0.0,70.0,0.0,Dome,True,C.Williams,M.Stafford,-15.51,-16.0,12.45,155.05,Low,-24.0,-7.0,45.88,46.0,12.719495159455908,30.0,62.0,0.8926,0.1058,0.0482,0.0452,0.6986,0.3014,0.4748,0.4986,1,2021-09-12,Chicago Bears @ Los Angeles Rams,0.7101,0.2895,-245,245,0.7946611909650924,0.2358490566037736,-15.755,15.755,45.94,-7.149333333333334,7.149333333333334,Chicago Bears,3.8089999999999993,Chicago Bears,9.498,Los Angeles Rams,6.254999999999999,Chicago Bears,2.3506666666666662,Chicago Bears,0.0875509433962264,Chicago Bears,0.2641509433962264,Los Angeles Rams,0.0979388090349075,Chicago Bears,0.0536509433962263,Under,0.0600000000000022,387.0,100.0,1192.4,308.11,110.0,100.0,917.65,834.23,110.0,100.0,0.0,0.0,Los Angeles Rams,,,,,,,,,,,,,,,1,-0.147225,0.17283125,Los Angeles Rams,Chicago Bears,0,0,1,0,0,0,0,0,1,0,0,0,0,1.5,4.5,0.0,0.218,4073.0,1.0,1.0,0.461777,0.0001048429418706,737.8680841782677,0.0977460916825407,219.03515039347096,0.3292792105566063,0.1811608357913743,0.0537773509436462,2.39985493941912e-05,8.084439247645626e-05,0.0538581953361226,0.4270253022391471,956.9032345717388,,,2690.0,1383.0,0.2289,0.7711,0.2948,0.7048,0.1058,0.8926,Los Angeles Rams,Los Angeles Rams,Los Angeles Rams,Los Angeles Rams,Los Angeles Rams,Same,Same,Same,False,False,0.2349381867350205,0.0001048429418706,0.461777,0.0001048429418706,0.2349381867350205,0.0001048429418706,,,0.9350066828726464,0.6603757786174329,0.6938683430203683,2.216350439527853,0.8229671369370757,0.941399625266992,1.1770379153473427,0.3953538016079017,0.9094837534261562,0.9819325435820468,34.0,14.0,1.0,0.0,0.0002456398919184,0.0,0.0002456398919184,0.0,0.4761,0.0,Loss,-110.0,Loss,-110.0,Win,100.0,Win,834.23,Loss,-110.0,Loss,-110.0,Loss,-110.0,Win,100.0,Win,308.11,Loss,-110.0,Loss,-110.0,Loss,-0.0,Final,1,2021
2021_01_BAL_LV,2021,1,2021-09-13,20:15,Baltimore Ravens,Las Vegas Raiders,Home,Lamar Jackson,Derek Carr,00-0034796,00-0031280,0,0,0,0,0,0,Allegiant Stadium,36.108,-115.1578,America/Los_Angeles,False,False,1,1,Monday,False,False,0,False,False,0,0,0,AFC North,M&T Bank Stadium,39.2789,-76.6228,America/New_York,AFC West,Allegiant Stadium,36.108,-115.1578,America/Los_Angeles,Preseason,Preseason,Preseason,Preseason,Kansas City Chiefs,Pittsburgh Steelers,M&T Bank Stadium,Acrisure Stadium,2101,0,-2101,2101,3.0,0.0,,,,,3.0,0.0,3.0,0,6.69,-2.35,6.69,-2.35,Baltimore Ravens,9.04,Baltimore Ravens,9.04,6.69,-2.35,Baltimore Ravens,9.04,-0.2249999999999999,0,No,No,No,No,No,0,No,0.0,0.0,7.271,-0.481,6.569500000000001,-2.5335,6.569500000000001,-2.5335,-0.1205,-0.1835,7.1505,-0.6645,Baltimore Ravens,9.103000000000002,Baltimore Ravens,9.103000000000002,6.569500000000001,-2.5335,Baltimore Ravens,9.103000000000002,Tie,0.0,Baltimore Ravens,7.752,3.6355,-0.2405,Baltimore Ravens,3.876,Baltimore Ravens,0.063,Baltimore Ravens,7.815,3.515,-0.424,Baltimore Ravens,3.939,Different,Same,Same,Same,Different,Same,False,Away Team,Away Team,50.5,149.0,-167.0,Baltimore Ravens,Las Vegas Raiders,-3.0,3.0,-110,-110,282,-366,0.063,-0.063,7.815,-7.815,0.6255,0.4016,0.5238,0.5238,0.7854,0.2618,0.609,0.391,0.5,0.5,0.75,0.25,0.609,0.391,0.109,-0.109,,,15,0.0,70.0,0.0,Dome,True,L.Jackson,G.Smith,8.22,9.0,13.29,176.55,Medium,-1.0,17.0,52.12,51.0,13.48371139911482,36.0,70.0,0.2636,0.7362,0.0746,0.0744,0.2988,0.6588,0.5202,0.4798,1,2021-09-13,Baltimore Ravens @ Las Vegas Raiders,0.3512,0.6488,185,-185,0.4016064257028112,0.6254681647940075,8.61,-8.61,51.56,5.496,-5.496,Baltimore Ravens,4.815,Las Vegas Raiders,2.937,Baltimore Ravens,5.609999999999999,Baltimore Ravens,2.496,Baltimore Ravens,0.1245318352059925,Las Vegas Raiders,0.0983935742971887,Baltimore Ravens,0.1107318352059925,Baltimore Ravens,0.0233318352059925,Over,1.0600000000000025,167.0,100.0,739.13,442.6,110.0,100.0,708.7,644.27,110.0,100.0,0.0,0.0,Baltimore Ravens,,,,,,,,,,,,,,,1,0.0533375,-0.05785,Baltimore Ravens,Las Vegas Raiders,1,0,0,1,0,0,0,0,1,1,0,0,0,3.0,2.0,0.018,0.002,4073.0,1.0,1.0,0.0002825807114173,0.016398,0.4500219339026714,20.41011641689925,0.7009293037000687,13.10403205091561,0.0001104890581641,0.0001720916532531,0.0050110769498893,0.0032172924259552,0.0033893840792083,33.514148467814856,1.1509512376027402,,,2690.0,1383.0,0.609,0.391,0.6554,0.3445,0.7362,0.2636,Baltimore Ravens,Baltimore Ravens,Baltimore Ravens,Baltimore Ravens,Baltimore Ravens,Same,Same,Same,False,False,0.0002825807114173,0.0082283693758445,0.0002825807114173,0.016398,0.0002825807114173,0.0082283693758445,,,0.636497117008325,0.9588853444817518,1.5118492366481986,1.398369545900016,0.4537985074886409,1.3105682547154205,0.4252628653580122,1.147128851597235,0.6836848119465019,1.2077314850616914,33.0,27.0,1.0,0.0,0.0046671579464505,0.0007369196757553,0.0046671579464505,0.0007369196757553,1.2668,0.8133,Loss,-110.0,Win,100.0,Loss,-110.0,Loss,-708.7,Loss,-110.0,Loss,-110.0,Win,163.9,Loss,-167.0,Loss,-739.13,Loss,-110.0,Win,100.0,Win,0.0,Final,1,2021
2021_02_NYG_WAS,2021,2,2021-09-16,20:20,New York Giants,Washington Commanders,Home,Daniel Jones,Taylor Heinicke,00-0035710,00-0031800,4,4,0,0,0,0,FedExField,38.9077,-76.8645,America/New_York,False,False,2,2,Thursday,False,False,0,False,False,0,0,0,NFC East,MetLife Stadium,40.8136,-74.0744,America/New_York,NFC East,FedExField,38.9077,-76.8645,America/New_York,Denver Broncos,Los Angeles Chargers,MetLife Stadium,FedExField,Atlanta Falcons,Buffalo Bills,MetLife Stadium,Highmark Stadium,198,0,-198,198,0.0,0.0,America/New_York,America/New_York,0.0,0.0,0.0,0.0,0.0,0,-2.84,1.45,-2.84,1.45,Washington Commanders,4.29,Washington Commanders,4.29,-2.84,1.45,Washington Commanders,4.29,0.0,0,No,No,No,No,No,1,No,0.0,0.0,-6.792,-4.288,-1.6375049999999998,0.3220049999999999,-1.6375049999999998,0.3220049999999999,1.1595950000000002,-1.085095,-5.607365,-5.398135000000001,Washington Commanders,1.95951,Washington Commanders,1.95951,-1.6375049999999998,0.3220049999999999,Washington Commanders,1.95951,Tie,0.0,Washington Commanders,2.504,-3.396,-2.144,Washington Commanders,1.2519999999999998,New York Giants,2.2446900000000003,Washington Commanders,0.2092299999999989,-2.223885,-3.2416150000000004,New York Giants,1.0177300000000007,Different,Same,Different,Same,Different,Same,True,Away Team,Home Team,42.0,-198.0,176.0,Washington Commanders,New York Giants,4.0,-4.0,108,-131,-110,-110,2.2446900000000003,-2.2446900000000003,-0.2092299999999989,0.2092299999999989,0.3623,0.6644,0.5671,0.4808,0.5238,0.5238,0.3529,0.6471,0.5412,0.4588,0.5,0.5,0.3529,0.6471,-0.1471,0.1471,71.0,0.0,0,0.0,71.0,0.0,nfl_read_py Fallback,False,R.Wilson,J.Daniels,4.13,5.0,13.03,169.73,Med-Low,-5.0,13.0,44.95,44.0,12.895190622407938,29.0,62.0,0.373,0.6258,0.0922,0.085,0.3422,0.6578,0.3732,0.6268,2,2021-09-16,New York Giants @ Washington Commanders,0.4947,0.505,102,-102,0.6644295302013423,0.3623188405797101,4.565,-4.565,44.475,2.2001533333333336,-2.2001533333333336,New York Giants,3.790770000000001,New York Giants,6.24469,New York Giants,8.565,New York Giants,6.200153333333334,New York Giants,0.1376811594202898,New York Giants,0.1788811594202898,New York Giants,0.2634811594202899,New York Giants,0.1426811594202898,Over,2.4750000000000014,100.0,176.0,1032.97,1818.02,110.0,100.0,703.45,639.5,110.0,100.0,0.0,0.0,New York Giants,,,,,,,,,,,,,,,2,-0.2098066666666666,-0.14626,Washington Commanders,New York Giants,0,0,1,1,0,0,0,0,1,1,0,0,1,0.5,1.5,0.002,0.016,3398.0,1.0,1.0,0.018185,0.0073,38.495466909379225,0.2324018707078143,20.99374172820264,0.4261469269907245,0.0113288601852204,0.0061782641931143,6.839372298640799e-05,0.0001254111027047,0.0063036752958191,0.6585487976985388,59.48920863758186,,,2866.0,532.0,0.3529,0.6471,0.5057,0.494,0.635,0.3638,Washington Commanders,New York Giants,New York Giants,New York Giants,New York Giants,Same,Same,Same,False,False,0.0175071243783348,0.0001938048256911,0.018185,0.0073,0.0175071243783348,0.0001938048256911,,,0.8505292542098036,0.4638414059815171,0.9424051614155288,1.111660142454412,0.6952670170733357,0.6952670170733357,0.5202276252543309,0.8728108522363546,0.7373114793213273,0.7526628200066108,30.0,29.0,1.0,0.0,0.0,0.0176574455562095,0.0,0.0176574455562095,0.0,0.8217,Loss,-110.0,Loss,-110.0,Loss,-110.0,Loss,-703.45,Loss,-110.0,Loss,-110.0,Loss,-110.0,Loss,-100.0,Loss,-1032.97,Loss,-110.0,Win,100.0,Win,0.0,Final,2,2021
2021_02_NO_CAR,2021,2,2021-09-19,13:00,New Orleans Saints,Carolina Panthers,Home,Jameis Winston,Sam Darnold,00-0031503,00-0034869,7,7,0,0,0,0,Bank of America Stadium,35.2258,-80.8528,America/New_York,False,False,2,2,Sunday,False,False,0,False,False,0,0,0,NFC South,Caesars Superdome,29.9507,-90.0813,America/Chicago,NFC South,Bank of America Stadium,35.2258,-80.8528,America/New_York,Green Bay Packers,New York Jets,Caesars Superdome,Bank of America Stadium,New England Patriots,Houston Texans,Gillette Stadium,NRG Stadium,648,0,-648,648,-1.0,0.0,America/Chicago,America/New_York,-1.0,0.0,-1.0,0.0,-1.0,0,-6.145,-5.25,-6.145,-5.25,Carolina Panthers,0.8949999999999996,Carolina Panthers,0.8949999999999996,-6.145,-5.25,Carolina Panthers,0.8949999999999996,0.0,0,No,No,No,No,No,1,No,0.0,0.0,8.559,0.175,-6.10973,-5.88727,-6.10973,-5.88727,0.02632,-0.62832,8.50148,-0.36948,Carolina Panthers,0.2224599999999998,Carolina Panthers,0.2224599999999998,-6.10973,-5.88727,Carolina Panthers,0.2224599999999998,Tie,0.0,New Orleans Saints,8.383999999999999,4.2795,0.0875,New Orleans Saints,4.191999999999999,New Orleans Saints,0.65464,New Orleans Saints,8.87096,4.2639000000000005,-0.4989,New Orleans Saints,4.7628,Different,Different,Different,Different,Different,Same,False,Away Team,Away Team,45.0,131.0,-145.0,New Orleans Saints,Carolina Panthers,-3.0,3.0,-104,-116,314,-416,0.65464,-0.65464,8.87096,-8.87096,0.5918,0.4329,0.537,0.5098,0.8062,0.2415,0.5775,0.4225,0.513,0.487,0.7695,0.2305,0.5775,0.4225,0.0775,-0.0775,83.0,4.0,1,4.0,83.0,0.0,nfl_read_py Fallback,False,S.Rattler,B.Young,7.96,9.0,13.25,175.55,Medium,-2.0,17.0,40.42,40.0,12.334945197065244,25.0,57.0,0.2692,0.73,0.0768,0.0768,0.3,0.6558,0.328,0.6546,2,2021-09-19,New Orleans Saints @ Carolina Panthers,0.3523,0.6475,184,-184,0.4329004329004329,0.5918367346938775,8.48,-8.48,40.21,6.001866666666667,-6.001866666666667,New Orleans Saints,5.87096,Carolina Panthers,2.34536,New Orleans Saints,5.48,New Orleans Saints,3.001866666666668,New Orleans Saints,0.1776632653061224,Carolina Panthers,0.054099567099567,New Orleans Saints,0.1381632653061224,New Orleans Saints,0.0556632653061224,Under,4.789999999999999,145.0,100.0,846.25,583.62,110.0,100.0,692.95,629.95,110.0,100.0,686.65,624.23,New Orleans Saints,,,,,,,,,,,,,,,2,0.0017466666666666,-0.0768866666666666,New Orleans Saints,Carolina Panthers,0,1,1,0,0,0,0,0,1,1,0,0,1,2.5,2.0,0.01,0.0,3398.0,0.8298999411418482,0.9994114184814596,0.003494,0.013917,0.6398361413069579,3.74735475393535,0.874568926875191,2.7415712269050827,0.0001882978638337,0.0002573775535241,0.0011028118757902,0.0008068190779591,0.0010641966314833,6.488925980840433,1.514405068182149,,,2866.0,532.0,0.5775,0.4225,0.663,0.337,0.7236,0.2762,New Orleans Saints,New Orleans Saints,New Orleans Saints,New Orleans Saints,New Orleans Saints,Same,Same,Same,False,False,0.0004456754173579,0.0019096309537493,0.003494,0.013917,0.0004456754173579,0.0019096309537493,,,0.555321603930833,0.7590490562604878,1.0003298029846612,1.0537355008852798,0.3205180948708078,1.0700159392758637,0.3754565059476296,1.0181398563958757,0.5250754682937208,0.965047873176793,26.0,7.0,1.0,0.0,0.0002942907592701,0.0,0.0002942907592701,0.0,0.7333,0.0,Loss,-110.0,Win,100.0,Loss,-110.0,Loss,-692.95,Loss,-110.0,Loss,-110.0,Win,144.1,Loss,-145.0,Loss,-846.25,Loss,-110.0,Win,100.0,Win,624.23,Final,2,2021
2021_02_CIN_CHI,2021,2,2021-09-19,13:00,Cincinnati Bengals,Chicago Bears,Home,Joe Burrow,Andy Dalton,00-0036442,00-0027973,7,7,0,0,0,0,Soldier Field,41.8623,-87.6167,America/Chicago,False,False,2,2,Sunday,False,False,0,False,False,0,0,0,AFC North,Paycor Stadium,39.0955,-84.5165,America/New_York,NFC North,Soldier Field,41.8623,-87.6167,America/Chicago,Minnesota Vikings,Los Angeles Rams,Paycor Stadium,SoFi Stadium,Pittsburgh Steelers,Cleveland Browns,Acrisure Stadium,FirstEnergy Stadium,251,0,-251,251,1.0,0.0,America/New_York,America/Los_Angeles,1.0,-2.0,1.0,0.0,1.0,0,1.31,-1.575,1.31,-1.575,Cincinnati Bengals,2.885,Cincinnati Bengals,2.885,1.31,-1.575,Cincinnati Bengals,2.885,0.0,0,No,No,No,No,No,0,No,0.0,0.0,-4.405,-2.303,0.583,-1.383,0.583,-1.383,-0.7270000000000001,0.192,-5.132,-2.111,Cincinnati Bengals,1.966,Cincinnati Bengals,1.966,0.583,-1.383,Cincinnati Bengals,1.966,Tie,0.0,Chicago Bears,2.1020000000000003,-2.2025,-1.1515,Chicago Bears,1.0510000000000002,Chicago Bears,0.919,Chicago Bears,3.021,-2.9295,-0.9595,Chicago Bears,1.97,Different,Different,Different,Different,Different,Same,False,Home Team,Home Team,44.5,-126.0,114.0,Chicago Bears,Cincinnati Bengals,2.0,-2.0,-122,101,-164,135,-0.919,0.919,-3.021,3.021,0.4673,0.5575,0.4975,0.5495,0.4255,0.6212,0.456,0.544,0.4752,0.5248,0.4065,0.5935,0.456,0.544,-0.044,0.044,80.0,0.0,2,0.0,80.0,0.0,nfl_read_py Fallback,False,J.Browning,C.Williams,3.15,4.0,13.22,174.72,Medium,-7.0,13.0,43.07,43.0,12.746243852463724,27.0,60.0,0.395,0.6034,0.0918,0.0916,0.365,0.6238,0.4282,0.5718,2,2021-09-19,Cincinnati Bengals @ Chicago Bears,0.5143,0.4853,-106,106,0.5575221238938053,0.4672897196261682,3.575,-3.575,43.035,-0.1216666666666665,0.1216666666666665,Chicago Bears,1.021,Cincinnati Bengals,1.081,Cincinnati Bengals,5.575,Cincinnati Bengals,1.8783333333333327,Chicago Bears,0.0359778761061947,Cincinnati Bengals,0.0079102803738317,Cincinnati Bengals,0.1361102803738318,Cincinnati Bengals,0.0180102803738317,Under,1.4650000000000034,100.0,114.0,638.76,728.19,110.0,100.0,524.95,477.23,110.0,100.0,251.95,229.05,Cincinnati Bengals,,,,,,,,,,,,,,,2,0.0316,-0.1599733333333333,Chicago Bears,Cincinnati Bengals,1,0,0,1,0,0,0,0,1,1,0,0,0,3.0,1.0,0.004,0.004,3398.0,1.0,0.9985285462036492,0.012175,0.006388,1.5865898865881625,0.8697892912294051,1.329935640228313,1.0376433649754306,0.0004669187423743,0.0003913877693432,0.0002559709509209,0.0003053688537302,0.0006967566230734,1.907432656204836,2.916525526816476,,,2866.0,532.0,0.456,0.544,0.5012,0.4987,0.7106,0.2888,Chicago Bears,Cincinnati Bengals,Cincinnati Bengals,Cincinnati Bengals,Chicago Bears,Same,Same,Different,False,False,0.0008583065117176,0.0005613398046512,0.012175,0.006388,0.0008583065117176,0.0005613398046512,,,0.7150176391440786,0.5993530210472423,1.077973471470945,0.976091832398996,0.8252819492660495,0.5652520848806218,0.550911292159412,0.8415693004784538,0.7665237392661384,0.7233015179192241,20.0,17.0,1.0,0.0,0.0,0.0011771630370806,0.0,0.0011771630370806,0.0,0.6908,Win,100.0,Loss,-110.0,Loss,-110.0,Loss,-524.95,Loss,-110.0,Win,87.3,Loss,-110.0,Loss,-100.0,Loss,-638.76,Loss,-110.0,Win,100.0,Win,229.05,Final,2,2021
2021_02_HOU_CLE,2021,2,2021-09-19,13:00,Houston Texans,Cleveland Browns,Home,Tyrod Taylor,Baker Mayfield,00-0028118,00-0034855,7,7,0,0,0,0,FirstEnergy Stadium,41.5061,-81.6994,America/New_York,False,False,2,2,Sunday,False,False,0,False,False,0,0,0,AFC South,NRG Stadium,29.6847,-95.4093,America/Chicago,AFC North,FirstEnergy Stadium,41.5061,-81.6994,America/New_York,Jacksonville Jaguars,Kansas City Chiefs,NRG Stadium,GEHA Field at Arrowhead Stadium,Carolina Panthers,Chicago Bears,NRG Stadium,FirstEnergy Stadium,1119,0,-1119,1119,-1.0,0.0,America/Chicago,America/Chicago,-1.0,-1.0,-1.0,0.0,-1.0,0,0.035,-4.705,0.035,-4.705,Houston Texans,4.74,Houston Texans,4.74,0.035,-4.705,Houston Texans,4.74,0.0,0,No,No,No,No,No,0,No,0.0,0.0,-4.544,3.234,-0.3344999999999999,-4.9085,-0.3344999999999999,-4.9085,-0.3695,-0.2035,-4.9135,3.0305,Houston Texans,4.574,Houston Texans,4.574,-0.3344999999999999,-4.9085,Houston Texans,4.574,Tie,0.0,Cleveland Browns,7.778,-2.272,1.617,Cleveland Browns,3.889,Cleveland Browns,0.166,Cleveland Browns,7.944,-2.6415,1.4135,Cleveland Browns,4.055,Different,Different,Different,Different,Different,Same,False,Home Team,Home Team,48.5,-675.0,521.0,Cleveland Browns,Houston Texans,13.5,-13.5,-110,-110,-366,282,-0.166,0.166,-7.944,7.944,0.161,0.871,0.5238,0.5238,0.2618,0.7854,0.156,0.844,0.5,0.5,0.25,0.75,0.156,0.844,-0.344,0.344,75.0,12.0,3,12.0,75.0,0.0,nfl_read_py Fallback,False,C.Stroud,J.Flacco,-10.42,-11.0,14.49,210.01,High,-20.0,-1.0,52.13,52.0,13.793800202438954,35.0,70.0,0.7608,0.2384,0.0634,0.0696,0.4278,0.5722,0.5988,0.4012,2,2021-09-19,Houston Texans @ Cleveland Browns,0.7137,0.2861,-249,250,0.8709677419354839,0.1610305958132045,-10.71,10.71,52.065,-6.273333333333333,6.273333333333333,Houston Texans,5.556,Houston Texans,13.334,Houston Texans,2.789999999999999,Houston Texans,7.226666666666667,Houston Texans,0.0889694041867955,Houston Texans,0.3389694041867955,Houston Texans,0.0773694041867955,Houston Texans,0.1250694041867955,Over,3.5649999999999977,100.0,521.0,230.55,1201.16,110.0,100.0,254.05,230.95,110.0,100.0,393.7,357.91,Houston Texans,,,,,,,,,,,,,,,2,-0.2757866666666667,0.03796,Cleveland Browns,Houston Texans,0,1,1,0,0,0,0,1,1,1,0,1,0,0.0,3.0,0.001,0.3329999999999999,3398.0,1.0,0.9955856386109476,0.352359,0.002204,1031.1466265875313,0.1186833470104576,190.5910826394016,0.6421073389540146,0.3034569236573076,0.0560891944200711,3.492741230443133e-05,0.0001889662563137,0.0562781606763848,0.7607906859644723,1221.737709226933,,,2866.0,532.0,0.156,0.844,0.2831,0.7168,0.2262,0.7732,Cleveland Browns,Cleveland Browns,Cleveland Browns,Cleveland Browns,Cleveland Browns,Same,Same,Same,False,False,0.3595461180773787,0.0002238936686181,0.352359,0.002204,0.3595461180773787,0.0002238936686181,,,1.109328837201475,0.205041822989846,1.0270326519349704,1.0270326519349704,1.0429005256100037,0.3476335085366678,1.061096990062989,0.332499372280516,1.063713771561818,0.4264095699086958,31.0,21.0,1.0,0.0,0.0008828722778104,0.3472630959387875,0.0008828722778104,0.3472630959387875,0.1981,1.0717,Loss,-110.0,Loss,-110.0,Loss,-110.0,Loss,-254.05,Loss,-110.0,Loss,-110.0,Loss,-110.0,Loss,-100.0,Loss,-230.55,Loss,-110.0,Win,100.0,Win,357.91,Final,2,2021
2021_02_LA_IND,2021,2,2021-09-19,13:00,Los Angeles Rams,Indianapolis Colts,Home,Matthew Stafford,Carson Wentz,00-0026498,00-0032950,7,7,0,0,0,0,Lucas Oil Stadium,39.7601,-86.1638,America/Indiana/Indianapolis,False,False,2,2,Sunday,False,False,0,False,False,0,0,0,NFC West,SoFi Stadium,33.9535,-118.3395,America/Los_Angeles,AFC South,Lucas Oil Stadium,39.7601,-86.1638,America/Indiana/Indianapolis,Chicago Bears,Seattle Seahawks,SoFi Stadium,Lucas Oil Stadium,Tampa Bay Buccaneers,Tennessee Titans,SoFi Stadium,Nissan Stadium,1812,0,-1812,1812,-3.0,0.0,America/Los_Angeles,America/Indiana/Indianapolis,-3.0,0.0,-3.0,0.0,-3.0,0,1.29,-2.265,1.29,-2.265,Los Angeles Rams,3.555,Los Angeles Rams,3.555,1.29,-2.265,Los Angeles Rams,3.555,-0.4499999999999999,0,No,No,No,No,No,0,No,0.0,0.0,3.775,-0.819,1.2685,-3.075,1.2685,-3.075,-0.0214999999999999,-0.81,3.7535,-1.629,Los Angeles Rams,4.343500000000001,Los Angeles Rams,4.343500000000001,1.2685,-3.075,Los Angeles Rams,4.343500000000001,Tie,0.0,Los Angeles Rams,4.593999999999999,1.8875,-0.4095,Los Angeles Rams,2.297,Los Angeles Rams,0.7885000000000001,Los Angeles Rams,5.3825,1.866,-1.2195,Los Angeles Rams,3.0855,Different,Same,Same,Same,Different,Same,False,Away Team,Away Team,48.0,182.0,-205.0,Los Angeles Rams,Indianapolis Colts,-4.0,4.0,101,-122,195,-244,0.7885000000000001,-0.7885000000000001,5.3825,-5.3825,0.6721,0.3546,0.5495,0.4975,0.7093,0.339,0.6546,0.3454,0.5248,0.4752,0.6766,0.3234,0.6546,0.3454,0.1546,-0.1546,,,4,0.0,70.0,0.0,Dome,True,M.Stafford,D.Jones,7.69,8.0,13.48,181.76,Med-High,-2.0,17.0,48.37,48.0,13.427688279167956,31.0,66.0,0.2774,0.722,0.0794,0.0816,0.3556,0.619,0.4782,0.4984,2,2021-09-19,Los Angeles Rams @ Indianapolis Colts,0.3554,0.6445,181,-181,0.3546099290780142,0.6721311475409836,7.845000000000001,-7.845000000000001,48.185,4.672000000000001,-4.672000000000001,Los Angeles Rams,1.3825000000000005,Indianapolis Colts,3.2115,Los Angeles Rams,3.8450000000000006,Los Angeles Rams,0.6720000000000006,Los Angeles Rams,0.0044688524590164,Indianapolis Colts,0.1205900709219858,Los Angeles Rams,0.0498688524590164,Indianapolis Colts,0.0007900709219857,Over,0.1850000000000022,205.0,100.0,380.25,185.49,110.0,100.0,499.75,454.32,110.0,100.0,0.0,0.0,Los Angeles Rams,,,,,,,,,,,,,,,2,0.1740466666666666,0.06028,Los Angeles Rams,Indianapolis Colts,0,0,0,1,0,0,0,1,0,1,0,1,0,4.5,3.5,0.019,0.0,3398.0,1.0,0.6209535020600353,0.00253,0.008621,0.1968044023675191,16.9054337526074,0.3729825182101275,8.9201601254974,5.791771700044707e-05,0.0001097653084785,0.0049751129348462,0.002625120696144,0.0027348860046225,25.8255938781048,0.5697869205776466,,,2866.0,532.0,0.6546,0.3454,0.6331,0.3666,0.7172,0.2816,Los Angeles Rams,Los Angeles Rams,Los Angeles Rams,Los Angeles Rams,Los Angeles Rams,Same,Same,Same,False,False,0.000167683025479,0.0076002336309902,0.00253,0.008621,0.000167683025479,0.0076002336309902,,,0.4539836260300822,0.8603870341612385,0.976091832398996,1.077973471470945,0.4496987066430336,0.940835327503638,0.3868931454304326,1.006982159339482,0.5296957747135633,0.960576608899526,24.0,27.0,0.0,1.0,0.0,0.0,0.0,0.0,0.0,0.0,Win,100.0,Loss,-110.0,Win,100.0,Win,454.32,Win,100.0,Win,53.66,Loss,-110.0,Win,100.0,Win,185.49,Loss,-110.0,Win,100.0,Win,0.0,Final,2,2021
2021_02_DEN_JAX,2021,2,2021-09-19,13:00,Denver Broncos,Jacksonville Jaguars,Home,Teddy Bridgewater,Trevor Lawrence,00-0031237,00-0036971,7,7,0,0,0,0,TIAA Bank Field,30.3239,-81.6554,America/New_York,False,True,2,2,Sunday,False,False,0,False,False,0,0,0,AFC West,Empower Field at Mile High,39.7648,-105.0076,America/Denver,AFC South,TIAA Bank Field,30.3239,-81.6554,America/New_York,New York Giants,Houston Texans,MetLife Stadium,NRG Stadium,New York Jets,Arizona Cardinals,Empower Field at Mile High,TIAA Bank Field,1466,0,-1466,1466,-2.0,0.0,America/New_York,America/Chicago,0.0,-1.0,0.0,0.0,0.0,0,2.05,-1.825,2.05,-1.825,Denver Broncos,3.875,Denver Broncos,3.875,2.05,-1.825,Denver Broncos,3.875,0.0,0,No,No,No,No,No,0,No,0.0,0.0,-2.635,-12.052,3.4275,-2.03,3.4275,-2.03,1.3775,-0.205,-1.2574999999999998,-12.257,Denver Broncos,5.4575,Denver Broncos,5.4575,3.4275,-2.03,Denver Broncos,5.4575,Tie,0.0,Denver Broncos,9.417,-1.3175,-6.026,Denver Broncos,4.7085,Denver Broncos,1.5825,Denver Broncos,10.9995,0.06,-6.231,Denver Broncos,6.291,Different,Same,Same,Same,Different,Same,False,Away Team,Away Team,45.0,211.0,-241.0,Denver Broncos,Jacksonville Jaguars,-6.0,6.0,105,-128,406,-567,1.5825,-1.5825,10.9995,-10.9995,0.7067,0.3215,0.5614,0.4878,0.8501,0.1976,0.6873,0.3127,0.5351,0.4649,0.8114,0.1886,0.6873,0.3127,0.1873,-0.1873,80.0,7.0,5,7.0,80.0,0.0,nfl_read_py Fallback,False,B.Nix,T.Lawrence,9.2,10.0,12.9,166.36,Med-Low,1.0,18.0,45.53,45.0,12.933257578441635,29.0,63.0,0.2356,0.7638,0.0756,0.0732,0.3558,0.6144,0.4904,0.4876,2,2021-09-19,Denver Broncos @ Jacksonville Jaguars,0.3004,0.6994,233,-233,0.3215434083601286,0.7067448680351907,9.6,-9.6,45.265,7.393999999999999,-7.393999999999999,Denver Broncos,4.999499999999999,Jacksonville Jaguars,4.4175,Denver Broncos,3.6,Denver Broncos,1.3939999999999992,Denver Broncos,0.1046551319648093,Jacksonville Jaguars,0.1433565916398713,Denver Broncos,0.0570551319648093,No Bet,0.0,Over,0.2650000000000005,241.0,100.0,486.4,201.82,110.0,100.0,475.6,432.36,110.0,100.0,0.0,0.0,Denver Broncos,,,,,,,,,,,,,,,2,-0.0064466666666666,-0.1991066666666666,Denver Broncos,Jacksonville Jaguars,0,0,0,1,0,0,0,0,0,1,0,0,0,2.5,0.5,0.069,0.0,3398.0,1.0,0.9899941141848146,0.003311,0.056841,0.1744874531480092,100.92726765802338,0.3835152751794909,45.91874959502969,5.135004507004394e-05,0.0001128650015242,0.0297019622301422,0.0135134636830575,0.0136263286845818,146.84601725305308,0.5580027283275002,,,2866.0,532.0,0.6873,0.3127,0.6838,0.316,0.786,0.213,Denver Broncos,Denver Broncos,Denver Broncos,Denver Broncos,Denver Broncos,Same,Same,Same,False,False,0.0001642150465943,0.0432154259131998,0.003311,0.056841,0.0001642150465943,0.0432154259131998,,,0.4110037054418259,0.9033669547494948,0.9549349597691354,1.0991303441008051,0.2622547188400622,1.1282793153066093,0.3285941783107784,1.0652811264591364,0.4477225962970017,1.042400745173512,13.0,23.0,0.0,1.0,0.0488522660388463,0.0,0.0488522660388463,0.0,0.8727,0.0,Win,100.0,Loss,-110.0,Win,100.0,Win,432.36,Win,100.0,Win,45.64,Loss,-110.0,Win,100.0,Win,201.83,No Bet,0.0,Loss,-110.0,Loss,-0.0,Final,2,2021
2021_02_BUF_MIA,2021,2,2021-09-19,13:00,Buffalo Bills,Miami Dolphins,Home,Josh Allen,Tua Tagovailoa,00-0034857,00-0036212,7,7,0,0,0,0,Hard Rock Stadium,25.9602,-80.2384,America/New_York,False,False,2,2,Sunday,False,False,0,False,False,0,0,0,AFC East,Highmark Stadium,42.7725,-78.7877,America/New_York,AFC East,Hard Rock Stadium,25.9602,-80.2384,America/New_York,Pittsburgh Steelers,New England Patriots,Highmark Stadium,Gillette Stadium,Washington Commanders,Las Vegas Raiders,Highmark Stadium,Allegiant Stadium,1164,0,-1164,1164,0.0,0.0,America/New_York,America/New_York,0.0,0.0,0.0,0.0,0.0,0,4.795,0.66,4.795,0.66,Buffalo Bills,4.135,Buffalo Bills,4.135,4.795,0.66,Buffalo Bills,4.135,0.0,0,No,No,No,No,No,1,No,0.0,0.0,6.131,0.214,4.90866,1.98434,4.90866,1.98434,0.1550099999999999,1.28299,6.226840000000001,1.55616,Buffalo Bills,2.9243200000000003,Buffalo Bills,2.9243200000000003,4.90866,1.98434,Buffalo Bills,2.9243200000000003,Tie,0.0,Buffalo Bills,5.917,3.0655,0.107,Buffalo Bills,2.9585,Miami Dolphins,1.12798,Buffalo Bills,4.670680000000001,3.1909250000000005,1.419575,Buffalo Bills,1.7713500000000004,Different,Same,Different,Same,Different,Same,False,Home Team,Away Team,48.0,160.0,-179.0,Buffalo Bills,Miami Dolphins,-3.5,3.5,-122,101,181,-224,-1.12798,1.12798,4.670680000000001,-4.670680000000001,0.6416,0.3846,0.4975,0.5495,0.6914,0.3559,0.6252,0.3748,0.4752,0.5248,0.6602,0.3398,0.6252,0.3748,0.1252,-0.1252,89.0,7.0,6,7.0,89.0,0.0,nfl_read_py Fallback,False,J.Allen,T.Tagovailoa,13.2,14.0,13.13,172.36,Medium,6.0,22.0,44.38,44.0,12.812140740331806,29.0,61.0,0.1596,0.8396,0.0496,0.0544,0.2098,0.7902,0.3572,0.6226,2,2021-09-19,Buffalo Bills @ Miami Dolphins,0.3498,0.65,186,-186,0.3846153846153846,0.6415770609318996,13.6,-13.6,44.19,5.7142333333333335,-5.7142333333333335,Buffalo Bills,1.1706800000000008,Miami Dolphins,4.62798,Buffalo Bills,10.1,Buffalo Bills,2.214233333333333,Buffalo Bills,0.0186229390681004,Miami Dolphins,0.1401846153846154,Buffalo Bills,0.1980229390681004,Buffalo Bills,0.0084229390681004,Under,3.8100000000000014,179.0,100.0,1381.21,771.63,110.0,100.0,1398.55,1271.41,110.0,100.0,518.65,471.5,Buffalo Bills,,,,,,,,,,,,,,,2,0.2259866666666666,-0.0336466666666666,Buffalo Bills,Miami Dolphins,1,1,0,0,0,0,0,0,1,1,0,0,1,5.0,2.5,0.0139999999999999,0.0,3398.0,0.99970570924073,1.0,0.003101,0.008763,0.3399376182410558,24.24353542709952,0.5670464218898293,14.53371253691123,0.0001000404997766,0.0001668765220393,0.0071346484482341,0.0042771372975018,0.0044440138195412,38.77724796401075,0.9069840401308852,,,2866.0,532.0,0.6252,0.3748,0.649,0.3507,0.8436,0.1554,Buffalo Bills,Buffalo Bills,Buffalo Bills,Buffalo Bills,Buffalo Bills,Same,Same,Same,False,False,0.000266917021816,0.0114117857457359,0.003101,0.008763,0.000266917021816,0.0114117857457359,,,0.492626123439707,0.8217445367516137,1.077973471470945,0.976091832398996,0.4725034648030389,0.9180305693436324,0.2225960562750434,1.1710003060684615,0.5213494147293316,0.9687739267411822,0.0,35.0,0.0,1.0,0.0008828722778104,0.0,0.0008828722778104,0.0,0.7939,0.0,Win,100.0,Loss,-110.0,Win,100.0,Win,1271.41,Win,100.0,Win,61.45,Loss,-110.0,Win,100.0,Win,771.63,Win,61.45,Win,100.0,Win,471.5,Final,2,2021
2021_02_NE_NYJ,2021,2,2021-09-19,13:00,New England Patriots,New York Jets,Home,Mac Jones,Zach Wilson,00-0036972,00-0037013,7,7,0,0,0,0,MetLife Stadium,40.8136,-74.0744,America/New_York,False,False,2,2,Sunday,False,False,0,False,False,0,0,0,AFC East,Gillette Stadium,42.0628,-71.2687,America/New_York,AFC East,MetLife Stadium,40.8136,-74.0744,America/New_York,Miami Dolphins,Carolina Panthers,Gillette Stadium,Bank of America Stadium,New Orleans Saints,Denver Broncos,Gillette Stadium,Empower Field at Mile High,169,0,-169,169,0.0,0.0,America/New_York,America/New_York,0.0,0.0,0.0,0.0,0.0,0,-1.995,-3.725,-1.995,-3.725,New England Patriots,1.73,New England Patriots,1.73,-1.995,-3.725,New England Patriots,1.73,0.0,0,No,No,No,No,No,1,No,0.0,0.0,-0.221,-9.616,-2.158315,-2.0421850000000004,-2.158315,-2.0421850000000004,-0.146015,1.665515,-0.460965,-7.856534999999999,New York Jets,0.1161299999999996,New York Jets,0.1161299999999996,-2.158315,-2.0421850000000004,New York Jets,0.1161299999999996,Tie,0.0,New England Patriots,9.395,-0.1105,-4.808,New England Patriots,4.6975,New York Jets,1.81153,New England Patriots,7.395569999999999,-0.30349,-3.0955099999999995,New England Patriots,2.7920199999999995,Different,Different,Same,Different,Different,Same,False,Home Team,Away Team,43.0,207.0,-235.0,New England Patriots,New York Jets,-5.5,5.5,-131,108,268,-346,-1.81153,1.81153,7.395569999999999,-7.395569999999999,0.7015,0.3257,0.4808,0.5671,0.7758,0.2717,0.6829,0.3171,0.4588,0.5412,0.7406,0.2594,0.6829,0.3171,0.1829,-0.1829,72.0,13.0,7,13.0,72.0,0.0,nfl_read_py Fallback,False,D.Maye,T.Taylor,11.62,12.0,13.96,194.8,Med-High,3.0,21.0,45.97,45.0,12.788007883526104,30.0,63.0,0.199,0.8002,0.058,0.0636,0.2976,0.7024,0.5506,0.4002,2,2021-09-19,New England Patriots @ New York Jets,0.3292,0.6706,204,-204,0.3257328990228013,0.7014925373134329,11.81,-11.81,45.485,5.798013333333333,-5.798013333333333,New England Patriots,1.8955699999999995,New York Jets,7.311529999999999,New England Patriots,6.309999999999999,New England Patriots,0.2980133333333326,New England Patriots,0.0391074626865671,New York Jets,0.2154671009771987,New England Patriots,0.0987074626865671,New York Jets,0.0034671009771987,Over,2.4849999999999994,235.0,100.0,826.68,351.78,110.0,100.0,937.6,852.36,110.0,100.0,140.65,127.86,New England Patriots,,,,,,,,,,,,,,,2,0.0825333333333333,-0.2190866666666666,New England Patriots,New York Jets,1,0,0,1,0,0,0,0,1,1,0,0,1,3.5,0.5,0.069,0.0,3398.0,1.0,1.0,0.003394,0.035081,0.1801134687428454,95.43413097299594,0.3878886401907573,44.314193778791946,5.300572947111402e-05,0.000114152042434,0.0280853828643307,0.0130412577336056,0.0131554097760396,139.7483247517879,0.5680021089336028,,,2866.0,532.0,0.6829,0.3171,0.6737,0.326,0.8102,0.1888,New England Patriots,New England Patriots,New England Patriots,New England Patriots,New England Patriots,Same,Same,Same,False,False,0.0001671577719051,0.0411266405979364,0.003394,0.035081,0.0001671577719051,0.0411266405979364,,,0.4167869363466678,0.8975837238446529,1.111660142454412,0.9424051614155288,0.3607045284576466,1.029829505689025,0.2775477142777797,1.1160486480657252,0.4906467333587648,0.9994766081117488,6.0,25.0,0.0,1.0,0.0662154208357857,0.0,0.0662154208357857,0.0,0.8671,0.0,Win,100.0,Loss,-110.0,Win,100.0,Win,852.36,Win,100.0,Win,46.81,Loss,-110.0,Win,100.0,Win,351.78,Loss,-110.0,Loss,-110.0,Loss,-140.65,Final,2,2021
2021_02_SF_PHI,2021,2,2021-09-19,13:00,San Francisco 49ers,Philadelphia Eagles,Home,Jimmy Garoppolo,Jalen Hurts,00-0031345,00-0036389,7,7,0,0,0,0,Lincoln Financial Field,39.9008,-75.1675,America/New_York,False,True,2,2,Sunday,False,False,0,False,False,0,0,0,NFC West,Levi's Stadium,37.4031,-121.9702,America/Los_Angeles,NFC East,Lincoln Financial Field,39.9008,-75.1675,America/New_York,Detroit Lions,Atlanta Falcons,Ford Field,Mercedes-Benz Stadium,Green Bay Packers,Dallas Cowboys,Levi's Stadium,AT&T Stadium,2501,0,-2501,2501,-3.0,0.0,America/Detroit,America/New_York,0.0,0.0,-3.0,0.0,-3.0,0,3.325,4.905,3.325,4.905,Philadelphia Eagles,1.58,Philadelphia Eagles,1.58,3.325,4.905,Philadelphia Eagles,1.58,-0.4499999999999999,0,No,No,No,No,No,0,No,0.0,0.0,4.248,-1.988,5.3885000000000005,4.034000000000001,5.3885000000000005,4.034000000000001,2.0635000000000003,-0.871,6.3115000000000006,-2.859,San Francisco 49ers,1.3544999999999998,San Francisco 49ers,1.3544999999999998,5.3885000000000005,4.034000000000001,San Francisco 49ers,1.3544999999999998,Tie,0.0,San Francisco 49ers,6.236000000000001,2.124,-0.994,San Francisco 49ers,3.1180000000000003,San Francisco 49ers,2.9345000000000003,San Francisco 49ers,9.1705,4.1875,-1.865,San Francisco 49ers,6.0525,Different,Different,Same,Same,Different,Same,False,Away Team,Away Team,49.0,130.0,-144.0,San Francisco 49ers,Philadelphia Eagles,-3.0,3.0,135,-164,314,-416,2.9345000000000003,-2.9345000000000003,9.1705,-9.1705,0.5902,0.4348,0.6212,0.4255,0.8062,0.2415,0.5758,0.4242,0.5935,0.4065,0.7695,0.2305,0.5758,0.4242,0.0758,-0.0758,76.0,13.0,8,13.0,76.0,0.0,nfl_read_py Fallback,False,M.Jones,J.Hurts,6.35,7.0,13.67,186.77,Med-High,-3.0,16.0,50.99,50.0,13.546219456819474,34.0,68.10000000000036,0.308,0.6916,0.0716,0.0826,0.3492,0.6096,0.5344,0.4432,2,2021-09-19,San Francisco 49ers @ Philadelphia Eagles,0.3423,0.6576,192,-192,0.4347826086956521,0.5901639344262295,6.675,-6.675,50.495000000000005,6.260000000000001,-6.260000000000001,San Francisco 49ers,6.1705000000000005,Philadelphia Eagles,0.0654999999999996,San Francisco 49ers,3.675,San Francisco 49ers,3.2600000000000007,San Francisco 49ers,0.1793360655737704,San Francisco 49ers,0.0033360655737705,San Francisco 49ers,0.1014360655737705,San Francisco 49ers,0.0674360655737704,Over,1.4950000000000043,144.0,100.0,618.76,429.69,110.0,100.0,450.4,409.45,110.0,100.0,55.6,50.55,San Francisco 49ers,,,,,,,,,,,,,,,2,0.0915933333333333,0.0239666666666666,San Francisco 49ers,Philadelphia Eagles,1,1,0,0,1,0,0,0,1,1,1,0,0,3.5,3.0,0.004,0.001,3398.0,0.9994114184814596,0.7248381400824014,0.003702,0.005731,0.6851603962946236,2.15299821951024,0.9300220560736544,1.5861442249326916,0.0002016363732473,0.0002736968970199,0.0006336074807269,0.0004667875882674,0.0007404844852873,3.739142444442931,1.615182452368278,,,2866.0,532.0,0.5758,0.4242,0.6115,0.3885,0.62,0.3798,San Francisco 49ers,San Francisco 49ers,San Francisco 49ers,San Francisco 49ers,San Francisco 49ers,Same,Same,Same,False,False,0.0004753332702672,0.0011003950689943,0.003702,0.005731,0.0004753332702672,0.0011003950689943,,,0.5575560340531583,0.7568146261381624,0.8349775460231309,1.21908775784681,0.3205180948708078,1.0700159392758637,0.4295713366711364,0.9645829105251882,0.510171254036164,0.9801011295769252,11.0,17.0,0.0,1.0,0.0005885815185403,0.0002942907592701,0.0005885815185403,0.0002942907592701,0.7311,0.5386,Win,100.0,Loss,-110.0,Win,100.0,Win,409.45,Win,100.0,Win,76.39,Win,76.39,Win,100.0,Win,429.69,Win,76.39,Loss,-110.0,Loss,-55.6,Final,2,2021
2021_02_LV_PIT,2021,2,2021-09-19,13:00,Las Vegas Raiders,Pittsburgh Steelers,Home,Derek Carr,Ben Roethlisberger,00-0031280,00-0022924,6,7,-1,1,-1,1,Acrisure Stadium,40.4468,-80.0158,America/New_York,False,False,2,2,Sunday,False,False,0,False,False,0,-1,1,AFC West,Allegiant Stadium,36.108,-115.1578,America/Los_Angeles,AFC North,Acrisure Stadium,40.4468,-80.0158,America/New_York,Baltimore Ravens,Buffalo Bills,Allegiant Stadium,Highmark Stadium,Miami Dolphins,Cincinnati Bengals,Allegiant Stadium,Acrisure Stadium,1915,0,-1915,1915,-3.0,0.0,America/Los_Angeles,America/New_York,-3.0,0.0,-3.0,0.0,-3.0,0,-2.35,-0.565,-2.35,-0.565,Pittsburgh Steelers,1.785,Pittsburgh Steelers,1.785,-2.35,-0.565,Pittsburgh Steelers,1.785,-0.4499999999999999,0,No,No,No,No,Yes,0,No,0.0,0.0,0.819,3.096,-3.626,-0.3874999999999999,-3.626,-0.3874999999999999,-1.276,0.1775,-0.4569999999999999,3.2735000000000003,Pittsburgh Steelers,3.2385,Pittsburgh Steelers,3.2385,-3.626,-0.3874999999999999,Pittsburgh Steelers,3.2385,Tie,0.0,Pittsburgh Steelers,2.277,0.4095,1.548,Pittsburgh Steelers,1.1385,Pittsburgh Steelers,1.4535,Pittsburgh Steelers,3.7305,-0.8665,1.7255000000000005,Pittsburgh Steelers,2.5920000000000005,Different,Same,Same,Same,Different,Same,False,Home Team,Home Team,46.5,-228.0,201.0,Pittsburgh Steelers,Las Vegas Raiders,5.5,-5.5,-128,105,-191,156,-1.4535,1.4535,-3.7305,3.7305,0.3322,0.6951,0.4878,0.5614,0.3906,0.6564,0.3234,0.6766,0.4649,0.5351,0.3731,0.6269,0.3234,0.6766,-0.1766,0.1766,77.0,4.0,9,4.0,77.0,0.0,nfl_read_py Fallback,False,G.Smith,A.Rodgers,-4.46,-6.0,13.26,175.82,Medium,-13.0,5.0,43.94,43.0,12.66168609068049,29.0,61.0,0.6358,0.3628,0.0918,0.0788,0.5002,0.4998,0.4002,0.5998,2,2021-09-19,Las Vegas Raiders @ Pittsburgh Steelers,0.6186,0.381,-162,162,0.6951219512195121,0.3322259136212624,-5.23,5.23,43.47,-3.471333333333334,3.471333333333334,Las Vegas Raiders,1.7695,Las Vegas Raiders,4.0465,Las Vegas Raiders,0.2699999999999996,Las Vegas Raiders,2.028666666666666,Las Vegas Raiders,0.0408740863787375,Las Vegas Raiders,0.1326740863787375,Las Vegas Raiders,0.0305740863787375,Las Vegas Raiders,0.0487740863787375,Under,3.030000000000001,100.0,201.0,114.46,230.07,110.0,100.0,0.0,0.0,110.0,100.0,398.95,362.68,Las Vegas Raiders,,,,,,,,,,,,,,,2,-0.0499333333333333,-0.0422066666666666,Pittsburgh Steelers,Las Vegas Raiders,0,0,1,1,0,0,0,0,1,1,0,0,0,2.0,2.5,0.0,0.024,3398.0,1.0,0.9991171277221896,0.03533,0.002482,62.13029500780871,0.2014450820379091,29.69692197092128,0.4214525123897628,0.0182843716915269,0.008739529714809,5.928342614417572e-05,0.0001240295798674,0.0088635592946765,0.6228975944276719,91.82721697873,,,2866.0,532.0,0.3234,0.6766,0.38,0.6197,0.3584,0.6402,Pittsburgh Steelers,Pittsburgh Steelers,Pittsburgh Steelers,Pittsburgh Steelers,Pittsburgh Steelers,Same,Same,Same,False,False,0.027023901406336,0.0001833130060116,0.03533,0.002482,0.027023901406336,0.0001833130060116,,,0.8893031886854476,0.4250674715058731,1.0991303441008051,0.9549349597691354,0.8717257860065484,0.518808248140123,0.886757973556846,0.5060015615074296,0.9219746939724544,0.5678505632129083,17.0,26.0,0.0,1.0,0.0,0.07416127133608,0.0,0.07416127133608,0.0,0.8591,Win,100.0,Win,100.0,Win,100.0,Win,0.0,Win,100.0,Win,221.1,Win,221.1,Win,201.0,Win,230.06,Win,221.1,Win,100.0,Win,362.68,Final,2,2021
2021_02_MIN_ARI,2021,2,2021-09-19,16:05,Minnesota Vikings,Arizona Cardinals,Home,Kirk Cousins,Kyler Murray,00-0029604,00-0035228,7,7,0,0,0,0,State Farm Stadium,33.5277,-112.262608,America/Denver,False,True,2,2,Sunday,False,False,0,False,False,0,0,0,NFC North,U.S. Bank Stadium,44.9738,-93.2575,America/Chicago,NFC West,State Farm Stadium,33.5277,-112.262608,America/Denver,Cincinnati Bengals,Tennessee Titans,Paycor Stadium,Nissan Stadium,Seattle Seahawks,Jacksonville Jaguars,U.S. Bank Stadium,TIAA Bank Field,1282,0,-1282,1282,1.0,0.0,America/New_York,America/Chicago,2.0,1.0,1.0,0.0,1.0,0,0.27,0.075,0.27,0.075,Minnesota Vikings,0.195,Minnesota Vikings,0.195,0.27,0.075,Minnesota Vikings,0.195,0.0,0,No,No,No,No,No,0,No,0.0,0.0,-2.664,2.311,1.894,-1.4515,1.894,-1.4515,1.624,-1.5265,-1.04,0.7845,Minnesota Vikings,3.3455,Minnesota Vikings,3.3455,1.894,-1.4515,Minnesota Vikings,3.3455,Tie,0.0,Arizona Cardinals,4.975,-1.332,1.1555,Arizona Cardinals,2.4875,Minnesota Vikings,3.1505,Arizona Cardinals,1.8245,0.2919999999999999,-0.371,Minnesota Vikings,0.6629999999999999,Different,Different,Same,Different,Different,Same,False,Away Team,Home Team,51.0,-191.0,170.0,Arizona Cardinals,Minnesota Vikings,4.0,-4.0,135,-164,-131,108,3.1505,-3.1505,-1.8245,1.8245,0.3704,0.6564,0.6212,0.4255,0.4808,0.5671,0.3607,0.6393,0.5935,0.4065,0.4588,0.5412,0.3607,0.6393,-0.1393,0.1393,,,10,0.0,70.0,0.0,Dome,True,J.McCarthy,K.Murray,-1.28,-2.0,13.91,193.56,Med-High,-10.0,9.0,57.97,57.0,14.577966465225948,40.0,77.0,0.5418,0.4578,0.0886,0.0824,0.4328,0.5472,0.6582,0.3184,2,2021-09-19,Minnesota Vikings @ Arizona Cardinals,0.5322,0.4677,-114,114,0.6563573883161512,0.3703703703703703,-1.64,1.64,57.485,-0.1046666666666666,0.1046666666666666,Minnesota Vikings,2.1755,Minnesota Vikings,7.1505,Minnesota Vikings,2.36,Minnesota Vikings,3.895333333333333,Minnesota Vikings,0.0884296296296296,Minnesota Vikings,0.2231296296296296,Minnesota Vikings,0.0874296296296296,Minnesota Vikings,0.0973296296296296,Over,6.484999999999999,100.0,170.0,347.15,590.15,110.0,100.0,122.8,111.64,110.0,100.0,705.55,641.41,Minnesota Vikings,,,,,,,,,,,,,,,2,0.01504,0.1094933333333333,Arizona Cardinals,Minnesota Vikings,0,0,1,1,0,1,0,0,1,1,0,1,0,3.0,3.5,0.0,0.027,3398.0,0.99970570924073,1.0,0.019736,0.004352,47.19948806861793,0.1891341257845884,26.63046354817845,0.3352188705685816,0.0138903731808763,0.0078370993373097,5.566042548104428e-05,9.865181594131302e-05,0.007935751153251,0.5243529963531701,73.8299516167964,,,2866.0,532.0,0.3607,0.6393,0.4818,0.5182,0.4814,0.5182,Arizona Cardinals,Arizona Cardinals,Arizona Cardinals,Arizona Cardinals,Arizona Cardinals,Same,Same,Same,False,False,0.0217274725181861,0.0001543122414223,0.019736,0.004352,0.0217274725181861,0.0001543122414223,,,0.8402771630603113,0.4740934971310094,0.8349775460231309,1.21908775784681,0.7525570192801786,0.6379770148664928,0.7556550331442263,0.6384992140520983,0.7932022827871649,0.6970701008259245,34.0,33.0,1.0,0.0,0.0,0.0064743967039434,0.0,0.0064743967039434,0.0,0.8118,Loss,-110.0,Loss,-110.0,Loss,-110.0,Loss,-122.8,Loss,-110.0,Loss,-110.0,Loss,-110.0,Loss,-100.0,Loss,-347.15,Loss,-110.0,Win,100.0,Win,641.41,Final,2,2021
2021_02_ATL_TB,2021,2,2021-09-19,16:05,Atlanta Falcons,Tampa Bay Buccaneers,Home,Matt Ryan,Tom Brady,00-0026143,00-0019596,7,10,-3,3,-3,3,Raymond James Stadium,27.9759,-82.5033,America/New_York,False,False,2,2,Sunday,False,False,0,False,False,0,-3,3,NFC South,Mercedes-Benz Stadium,33.7489,-84.388,America/New_York,NFC South,Raymond James Stadium,27.9759,-82.5033,America/New_York,Philadelphia Eagles,Dallas Cowboys,Mercedes-Benz Stadium,Raymond James Stadium,New York Giants,Los Angeles Rams,MetLife Stadium,SoFi Stadium,414,0,-414,414,0.0,0.0,America/New_York,America/New_York,0.0,0.0,0.0,0.0,0.0,0,-0.71,1.025,-0.71,1.025,Tampa Bay Buccaneers,1.735,Tampa Bay Buccaneers,1.735,-0.71,1.025,Tampa Bay Buccaneers,1.735,0.0,0,No,No,No,No,No,1,No,0.0,0.0,-5.55,4.911,0.971015,0.0904849999999999,0.971015,0.0904849999999999,1.663665,-0.917165,-3.781725,3.8892249999999993,Atlanta Falcons,0.88053,Atlanta Falcons,0.88053,0.971015,0.0904849999999999,Atlanta Falcons,0.88053,Tie,0.0,Tampa Bay Buccaneers,10.461,-2.775,2.4555,Tampa Bay Buccaneers,5.230499999999999,Atlanta Falcons,2.58083,Tampa Bay Buccaneers,7.670949999999999,-1.05903,1.4860299999999995,Tampa Bay Buccaneers,2.5450599999999994,Different,Different,Same,Different,Different,Same,False,Away Team,Home Team,52.0,-772.0,582.0,Tampa Bay Buccaneers,Atlanta Falcons,13.5,-13.5,117,-142,-346,268,2.58083,-2.58083,-7.670949999999999,7.670949999999999,0.1466,0.8853,0.5868,0.4608,0.2717,0.7758,0.1421,0.8579,0.5601,0.4399,0.2594,0.7406,0.1421,0.8579,-0.3579,0.3579,85.0,0.0,11,0.0,85.0,0.0,nfl_read_py Fallback,False,M.Penix,B.Mayfield,-11.75,-12.0,13.59,184.55,Med-High,-21.0,-3.0,51.57,51.0,13.650530810128949,35.0,70.0,0.8054,0.194,0.0684,0.065,0.4596,0.5404,0.4602,0.5216,2,2021-09-19,Atlanta Falcons @ Tampa Bay Buccaneers,0.711,0.2889,-246,246,0.8853211009174312,0.1466275659824047,-11.875,11.875,51.285,-5.65504,5.65504,Atlanta Falcons,5.8290500000000005,Atlanta Falcons,16.08083,Atlanta Falcons,1.625,Atlanta Falcons,7.84496,Atlanta Falcons,0.1127724340175953,Atlanta Falcons,0.4134724340175953,Atlanta Falcons,0.0473724340175953,Atlanta Falcons,0.1422724340175953,Under,0.7150000000000034,100.0,582.0,138.78,807.7,110.0,100.0,87.1,79.18,110.0,100.0,0.0,0.0,Atlanta Falcons,,,,,,,,,,,,,,,2,-0.10098,0.24076,Tampa Bay Buccaneers,Atlanta Falcons,0,1,1,0,0,0,0,0,1,1,0,0,1,1.5,5.0,0.0,0.1969999999999999,3398.0,0.8613890523837552,1.0,0.140653,0.001991,600.0705893255114,0.0722979355653529,99.39390458463129,0.4364841584906142,0.1765952293482964,0.0292507076470368,2.1276614351192746e-05,0.0001284532544115,0.0293791609014484,0.5087820940559672,699.4644939101428,,,2866.0,532.0,0.1421,0.8579,0.2732,0.7267,0.1782,0.8212,Tampa Bay Buccaneers,Tampa Bay Buccaneers,Tampa Bay Buccaneers,Tampa Bay Buccaneers,Tampa Bay Buccaneers,Same,Same,Same,False,False,0.2058459369953333,0.0001497298687627,0.140653,0.001991,0.2058459369953333,0.0001497298687627,,,1.1275985893781342,0.1867720708131867,0.9035833271723872,1.150481976697554,1.029829505689025,0.3607045284576466,1.123301151152381,0.270574153617534,1.0596896337122776,0.4305827499008116,48.0,25.0,1.0,0.0,0.0,0.1565626839317245,0.0,0.1565626839317245,0.0,1.0893,Loss,-110.0,Loss,-110.0,Loss,-110.0,Loss,-87.1,Loss,-110.0,Loss,-110.0,Loss,-110.0,Loss,-100.0,Loss,-138.78,Loss,-110.0,Loss,-110.0,Loss,-0.0,Final,2,2021
2021_02_DAL_LAC,2021,2,2021-09-19,16:25,Dallas Cowboys,Los Angeles Chargers,Home,Dak Prescott,Justin Herbert,00-0033077,00-0036355,10,7,3,-3,3,-3,SoFi Stadium,33.9535,-118.3395,America/Los_Angeles,False,True,2,2,Sunday,False,False,0,False,False,0,3,-3,NFC East,AT&T Stadium,32.7369,-97.0826,America/Chicago,AFC West,SoFi Stadium,33.9535,-118.3395,America/Los_Angeles,Tampa Bay Buccaneers,Washington Commanders,Raymond James Stadium,FedExField,Philadelphia Eagles,Kansas City Chiefs,AT&T Stadium,GEHA Field at Arrowhead Stadium,1227,0,-1227,1227,2.0,0.0,America/New_York,America/New_York,3.0,3.0,2.0,0.0,2.0,0,-0.615,0.935,-0.615,0.935,Los Angeles Chargers,1.55,Los Angeles Chargers,1.55,-0.615,0.935,Los Angeles Chargers,1.55,-0.15,0,No,No,No,No,No,0,No,0.0,0.0,-0.591,-0.912,-0.0414999999999999,-0.3779999999999999,-0.0414999999999999,-0.3779999999999999,0.5735,-1.313,-0.0174999999999999,-2.225,Dallas Cowboys,0.3364999999999999,Dallas Cowboys,0.3364999999999999,-0.0414999999999999,-0.3779999999999999,Dallas Cowboys,0.3364999999999999,Tie,0.0,Dallas Cowboys,0.321,-0.2955,-0.456,Dallas Cowboys,0.1605,Dallas Cowboys,1.8865,Dallas Cowboys,2.2075,0.278,-1.7689999999999997,Dallas Cowboys,2.047,Different,Different,Same,Same,Different,Same,False,Away Team,Away Team,55.0,-150.0,135.0,Los Angeles Chargers,Dallas Cowboys,3.0,-3.0,108,-131,108,-131,1.8865,-1.8865,2.2075,-2.2075,0.4255,0.6,0.5671,0.4808,0.5671,0.4808,0.4149,0.5851,0.5412,0.4588,0.5412,0.4588,0.4149,0.5851,-0.0851,0.0851,,,12,0.0,70.0,0.0,Dome,True,D.Prescott,J.Herbert,4.16,5.0,14.12,199.45,High,-6.0,14.0,60.91,60.0,14.660847885853888,43.0,81.0,0.3818,0.6174,0.083,0.081,0.3092,0.6562,0.6404,0.3366,2,2021-09-19,Dallas Cowboys @ Los Angeles Chargers,0.4711,0.5287,112,-112,0.6,0.425531914893617,4.58,-4.58,60.455,2.8913333333333333,-2.8913333333333333,Dallas Cowboys,5.2075,Dallas Cowboys,4.8865,Dallas Cowboys,7.58,Dallas Cowboys,5.891333333333334,Dallas Cowboys,0.1156680851063829,Dallas Cowboys,0.1156680851063829,Dallas Cowboys,0.1918680851063829,Dallas Cowboys,0.1031680851063829,Over,5.454999999999998,100.0,135.0,834.98,1127.22,110.0,100.0,695.05,631.86,110.0,100.0,612.1,556.45,Dallas Cowboys,,,,,,,,,,,,,,,2,0.1802999999999999,0.07658,Los Angeles Chargers,Dallas Cowboys,0,1,1,0,0,0,0,0,1,1,0,0,0,4.5,3.5,0.003,0.003,3398.0,0.9994114184814596,1.0,0.007372,0.004348,2.984807152783377,0.668211705916458,2.1165552686546283,0.9423250641882852,0.0008784011632676,0.0006228826570496,0.0001966485302873,0.0002773175586192,0.0009002002156688,1.6105367701047433,5.101362421438005,,,2866.0,532.0,0.4149,0.5851,0.5211,0.4787,0.6096,0.3898,Los Angeles Chargers,Dallas Cowboys,Dallas Cowboys,Dallas Cowboys,Dallas Cowboys,Same,Same,Same,False,False,0.0015012838203172,0.0004739660889066,0.007372,0.004348,0.0015012838203172,0.0004739660889066,,,0.7690382732779417,0.5453323869133789,0.9424051614155288,1.111660142454412,0.6379770148664928,0.7525570192801786,0.5325010920163633,0.8610952703271416,0.7021375336734937,0.78798580779702,17.0,20.0,0.0,1.0,0.0,0.0029429075927015,0.0,0.0029429075927015,0.0,0.7429,Push,0.0,Push,0.0,Push,0.0,Push,0.0,Push,0.0,Win,148.5,Win,148.5,Win,135.0,Win,1127.22,Win,148.5,Loss,-110.0,Loss,-612.1,Final,2,2021
2021_02_TEN_SEA,2021,2,2021-09-19,16:25,Tennessee Titans,Seattle Seahawks,Home,Ryan Tannehill,Russell Wilson,00-0029701,00-0029263,7,7,0,0,0,0,Lumen Field,47.5952,-122.3316,America/Los_Angeles,False,False,2,2,Sunday,False,False,0,False,False,0,0,0,AFC South,Nissan Stadium,36.1664,-86.7716,America/Chicago,NFC West,Lumen Field,47.5952,-122.3316,America/Los_Angeles,Arizona Cardinals,Indianapolis Colts,Nissan Stadium,Lucas Oil Stadium,Indianapolis Colts,Minnesota Vikings,Nissan Stadium,U.S. Bank Stadium,1969,0,-1969,1969,2.0,0.0,America/Chicago,America/Indiana/Indianapolis,2.0,3.0,2.0,0.0,2.0,0,-4.36,-0.13,-4.36,-0.13,Seattle Seahawks,4.23,Seattle Seahawks,4.23,-4.36,-0.13,Seattle Seahawks,4.23,-0.15,0,No,No,No,No,No,0,No,0.0,0.0,-3.249,3.208,-2.4105000000000003,-0.5635,-2.4105000000000003,-0.5635,1.9495,-0.4335,-1.2995,2.7745,Seattle Seahawks,1.8470000000000004,Seattle Seahawks,1.8470000000000004,-2.4105000000000003,-0.5635,Seattle Seahawks,1.8470000000000004,Tie,0.0,Seattle Seahawks,6.457000000000001,-1.6245,1.604,Seattle Seahawks,3.2285000000000004,Tennessee Titans,2.383,Seattle Seahawks,4.074,0.3249999999999999,1.1705,Seattle Seahawks,0.8455000000000001,Different,Same,Different,Same,Different,Same,False,Away Team,Home Team,53.5,-286.0,247.0,Seattle Seahawks,Tennessee Titans,6.5,-6.5,117,-142,-211,171,2.383,-2.383,-4.074,4.074,0.2882,0.7409,0.5868,0.4608,0.369,0.6785,0.28,0.72,0.5601,0.4399,0.3523,0.6477,0.28,0.72,-0.22,0.22,62.0,14.0,13,14.0,62.0,0.0,nfl_read_py Fallback,False,C.Ward,S.Darnold,-3.48,-5.0,13.8,190.45,Med-High,-13.0,7.0,44.74,44.0,13.374414940288004,28.0,62.0,0.6024,0.3972,0.0862,0.0844,0.4432,0.5568,0.2516,0.7484,2,2021-09-19,Tennessee Titans @ Seattle Seahawks,0.6025,0.3974,-152,152,0.7409326424870466,0.2881844380403458,-4.24,4.24,44.370000000000005,-1.977,1.977,Tennessee Titans,2.426,Tennessee Titans,8.883,Tennessee Titans,2.26,Tennessee Titans,4.523,Tennessee Titans,0.0641155619596541,Tennessee Titans,0.2719155619596542,Tennessee Titans,0.1090155619596541,Tennessee Titans,0.1092155619596541,Under,9.129999999999995,100.0,247.0,382.88,945.71,110.0,100.0,173.2,157.45,110.0,100.0,1179.1,1071.91,Tennessee Titans,,,,,,,,,,,,,,,2,0.0305933333333333,0.0016133333333333,Seattle Seahawks,Tennessee Titans,1,1,0,0,0,0,1,0,1,1,1,0,0,3.0,2.5,0.0,0.032,3398.0,0.9973513831665686,1.0,0.048614,0.002758,116.89508896426727,0.101617310598624,45.45920126388173,0.2613016558250332,0.0344011444862469,0.0133782228557627,2.990503549106064e-05,7.689866269129878e-05,0.013455121518454,0.3629189664236573,162.35429022814898,,,2866.0,532.0,0.28,0.72,0.4146,0.5852,0.3782,0.6208,Seattle Seahawks,Seattle Seahawks,Seattle Seahawks,Seattle Seahawks,Seattle Seahawks,Same,Same,Same,False,False,0.0477793673420097,0.0001068036981823,0.048614,0.002758,0.0477793673420097,0.0001068036981823,,,0.9463468753377507,0.3680237848535698,0.9035833271723872,1.150481976697554,0.9006488939167991,0.4898851402298723,0.8401745883464046,0.5539796588499202,0.8979789090177881,0.5922934745953012,30.0,33.0,0.0,1.0,0.0,0.03708063566804,0.0,0.03708063566804,0.0,0.9142,Loss,-110.0,Loss,-110.0,Loss,-110.0,Loss,-173.2,Loss,-110.0,Win,271.7,Win,271.7,Win,247.0,Win,945.71,Win,271.7,Loss,-110.0,Loss,-1179.1,Final,2,2021
2021_02_KC_BAL,2021,2,2021-09-19,20:20,Kansas City Chiefs,Baltimore Ravens,Home,Patrick Mahomes,Lamar Jackson,00-0033873,00-0034796,7,6,1,-1,1,-1,M&T Bank Stadium,39.2789,-76.6228,America/New_York,False,False,2,2,Sunday,False,False,0,False,False,0,1,-1,AFC West,GEHA Field at Arrowhead Stadium,39.0489,-94.4839,America/Chicago,AFC North,M&T Bank Stadium,39.2789,-76.6228,America/New_York,Cleveland Browns,Las Vegas Raiders,GEHA Field at Arrowhead Stadium,Allegiant Stadium,Los Angeles Chargers,Detroit Lions,GEHA Field at Arrowhead Stadium,Ford Field,955,0,-955,955,-1.0,0.0,America/Chicago,America/Los_Angeles,-1.0,-3.0,-1.0,0.0,-1.0,0,4.395,6.69,4.395,6.69,Baltimore Ravens,2.295000000000001,Baltimore Ravens,2.295000000000001,4.395,6.69,Baltimore Ravens,2.295000000000001,0.0,0,No,No,No,No,No,0,Yes,0.0,0.0,6.279,5.916,5.866999999999999,7.067,5.866999999999999,7.067,1.472,0.377,7.750999999999999,6.293,Baltimore Ravens,1.200000000000001,Baltimore Ravens,1.200000000000001,5.866999999999999,7.067,Baltimore Ravens,1.200000000000001,Tie,0.0,Kansas City Chiefs,0.3629999999999995,3.1395,2.958,Kansas City Chiefs,0.1814999999999997,Kansas City Chiefs,1.095,Kansas City Chiefs,1.4579999999999993,4.6115,3.335,Kansas City Chiefs,1.2764999999999995,Different,Different,Different,Different,Different,Same,False,Away Team,Away Team,53.5,153.0,-171.0,Kansas City Chiefs,Baltimore Ravens,-3.5,3.5,101,-122,105,-128,1.095,-1.095,1.4579999999999993,-1.4579999999999993,0.631,0.3953,0.5495,0.4975,0.5614,0.4878,0.6149,0.3851,0.5248,0.4752,0.5351,0.4649,0.6149,0.3851,0.1149,-0.1149,82.0,8.0,14,8.0,82.0,0.0,nfl_read_py Fallback,False,P.Mahomes,L.Jackson,1.78,3.0,14.19,201.28,High,-8.0,11.0,64.25,64.0,14.170580083679765,46.0,82.0,0.4464,0.5534,0.0804,0.0832,0.5256,0.4744,0.7696,0.2304,2,2021-09-19,Kansas City Chiefs @ Baltimore Ravens,0.4429,0.557,126,-126,0.3952569169960474,0.6309963099630996,2.39,-2.39,64.125,1.6476666666666666,-1.6476666666666666,Baltimore Ravens,2.0420000000000007,Baltimore Ravens,2.405,Baltimore Ravens,1.11,Baltimore Ravens,1.8523333333333327,Baltimore Ravens,0.0696430830039525,Baltimore Ravens,0.0799430830039525,Baltimore Ravens,0.0511430830039525,Baltimore Ravens,0.0476430830039525,Over,10.625,100.0,153.0,211.42,323.48,110.0,100.0,9.4,8.55,110.0,100.0,1290.4,1173.09,Baltimore Ravens,,,,,,,,,,,,,,,2,0.1984066666666666,0.0645533333333333,Kansas City Chiefs,Baltimore Ravens,1,1,0,0,0,0,0,0,1,1,0,0,0,4.5,3.5,0.006,0.0,3398.0,1.0,0.9846968805179518,0.006256,0.004552,0.5285385327639877,4.981306826661322,0.8439323391238016,3.119696306630794,0.0001555440061106,0.0002483614888533,0.0014659525681757,0.0009180977947706,0.001166459283624,8.101003133292116,1.3724708718877894,,,2866.0,532.0,0.6149,0.3851,0.5559,0.444,0.549,0.4506,Kansas City Chiefs,Kansas City Chiefs,Kansas City Chiefs,Kansas City Chiefs,Kansas City Chiefs,Same,Same,Same,False,False,0.000403905494964,0.0023840503629464,0.006256,0.004552,0.000403905494964,0.0023840503629464,,,0.5061641412396776,0.8082065189516431,0.976091832398996,1.077973471470945,0.6464592724747875,0.7440747616718839,0.6225994957467381,0.7718336938759965,0.660107649467184,0.8301647341459054,36.0,35.0,1.0,0.0,0.0008828722778104,0.0002942907592701,0.0008828722778104,0.0002942907592701,0.7808,0.489,Loss,-110.0,Loss,-110.0,Loss,-110.0,Loss,-9.4,Loss,-110.0,Win,168.3,Win,168.3,Win,153.0,Win,323.47,Win,168.3,Win,100.0,Win,1173.09,Final,2,2021
2021_02_DET_GB,2021,2,2021-09-20,20:15,Detroit Lions,Green Bay Packers,Home,Jared Goff,Aaron Rodgers,00-0033106,00-0023459,8,8,0,0,0,0,Lambeau Field,44.5013,-88.0622,America/Chicago,False,False,2,2,Monday,False,False,0,False,False,0,0,0,NFC North,Ford Field,42.3395,-83.045,America/Detroit,NFC North,Lambeau Field,44.5013,-88.0622,America/Chicago,San Francisco 49ers,New Orleans Saints,Ford Field,Caesars Superdome,Baltimore Ravens,San Francisco 49ers,Ford Field,Levi's Stadium,292,0,-292,292,1.0,0.0,America/Detroit,America/Chicago,1.0,0.0,1.0,0.0,1.0,0,4.305,3.535,4.305,3.535,Detroit Lions,0.7699999999999996,Detroit Lions,0.7699999999999996,4.305,3.535,Detroit Lions,0.7699999999999996,0.0,0,No,No,No,No,No,1,No,0.0,0.0,-11.089,2.146,5.97117,4.90983,5.97117,4.90983,1.67387,1.3671300000000002,-9.28278,3.38078,Detroit Lions,1.0613399999999995,Detroit Lions,1.0613399999999995,5.97117,4.90983,Detroit Lions,1.0613399999999995,Tie,0.0,Green Bay Packers,13.235,-5.5445,1.073,Green Bay Packers,6.6175,Detroit Lions,0.3067399999999998,Green Bay Packers,12.66356,-3.804455,2.373955,Green Bay Packers,6.17841,Different,Different,Same,Different,Different,Same,False,Away Team,Home Team,49.5,-494.0,400.0,Green Bay Packers,Detroit Lions,11.5,-11.5,-104,-116,-675,466,0.3067399999999998,-0.3067399999999998,-12.66356,12.66356,0.2,0.8316,0.537,0.5098,0.1767,0.871,0.1939,0.8061,0.513,0.487,0.1686,0.8314,0.1939,0.8061,-0.3061,0.3061,73.0,12.0,15,12.0,73.0,0.0,nfl_read_py Fallback,False,J.Goff,J.Love,-9.43,-10.0,13.34,177.87,Medium,-18.0,-1.0,50.23,50.0,13.80737207236442,33.0,68.0,0.7708,0.2278,0.0776,0.0786,0.4348,0.5652,0.5102,0.4898,2,2021-09-20,Detroit Lions @ Green Bay Packers,0.7238,0.2758,-262,263,0.8316498316498316,0.2,-9.715,9.715,50.115,-7.357273333333334,7.357273333333334,Green Bay Packers,1.1635600000000004,Detroit Lions,11.80674,Detroit Lions,1.785,Detroit Lions,4.142726666666666,No Bet,0.0,Detroit Lions,0.313,Detroit Lions,0.0277999999999999,Detroit Lions,0.0757999999999999,Over,0.6149999999999949,100.0,400.0,86.88,347.5,110.0,100.0,217.3,197.55,110.0,100.0,0.0,0.0,Detroit Lions,,,,,,,,,,,,,,,2,-0.2318466666666666,0.1049133333333333,Green Bay Packers,Detroit Lions,0,1,1,0,0,1,0,0,1,1,0,1,1,0.5,3.5,0.0,0.161,3398.0,1.0,1.0,0.172751,0.001709,561.8656288582458,0.1308072625793081,135.1516504597616,0.5438047156533281,0.1653518625244985,0.0397738818304183,3.8495368622515646e-05,0.0001600367026643,0.0399339185330826,0.6746119782326363,697.0172793180075,,,2866.0,532.0,0.1939,0.8061,0.2852,0.7147,0.2584,0.7414,Green Bay Packers,Green Bay Packers,Green Bay Packers,Green Bay Packers,Green Bay Packers,Same,Same,Same,False,False,0.2051257443549168,0.0001985320712868,0.172751,0.001709,0.2051257443549168,0.0001985320712868,,,1.0595141891802238,0.2548564710110971,1.0003298029846612,1.0537355008852798,1.1560899959895423,0.2344440381571288,1.0750441113834803,0.3177154236807951,1.0787670279619503,0.4110582292234123,35.0,17.0,1.0,0.0,0.0,0.2289582107121836,0.0,0.2289582107121836,0.0,1.0236,Win,100.0,Loss,-110.0,Loss,-110.0,Loss,-217.3,Loss,-110.0,No Bet,0.0,Loss,-110.0,Loss,-100.0,Loss,-86.88,Loss,-110.0,Win,100.0,Win,0.0,Final,2,2021
2021_03_CAR_HOU,2021,3,2021-09-23,20:20,Carolina Panthers,Houston Texans,Home,Sam Darnold,Davis Mills,00-0034869,00-0036898,4,4,0,0,0,0,NRG Stadium,29.6847,-95.4093,America/Chicago,False,False,3,3,Thursday,False,False,0,False,False,0,0,0,NFC South,Bank of America Stadium,35.2258,-80.8528,America/New_York,AFC South,NRG Stadium,29.6847,-95.4093,America/Chicago,New Orleans Saints,Cleveland Browns,Bank of America Stadium,FirstEnergy Stadium,Dallas Cowboys,Buffalo Bills,AT&T Stadium,Highmark Stadium,929,0,-929,929,1.0,0.0,America/New_York,America/New_York,1.0,1.0,1.0,0.0,1.0,0,-5.25,0.035,-5.25,0.035,Houston Texans,5.285,Houston Texans,5.285,-5.25,0.035,Houston Texans,5.285,0.0,0,No,No,No,No,No,0,No,0.0,0.0,3.866,-6.173,-6.2105,0.893,-6.2105,0.893,-0.9605,0.858,2.9055,-5.315,Houston Texans,7.1035,Houston Texans,7.1035,-6.2105,0.893,Houston Texans,7.1035,Tie,0.0,Carolina Panthers,10.039,1.933,-3.0865,Carolina Panthers,5.0195,Houston Texans,1.8185,Carolina Panthers,8.220500000000001,0.9725,-2.2285000000000004,Carolina Panthers,3.2010000000000005,Different,Different,Same,Different,Different,Same,True,Home Team,Away Team,43.0,348.0,-420.0,Carolina Panthers,Houston Texans,-8.0,8.0,-131,108,282,-366,-1.8185,1.8185,8.220500000000001,-8.220500000000001,0.8077,0.2232,0.4808,0.5671,0.7854,0.2618,0.7835,0.2165,0.4588,0.5412,0.75,0.25,0.7835,0.2165,0.2835,-0.2835,,,0,0.0,70.0,0.0,Dome,True,B.Young,C.Stroud,-0.84,-2.0,13.54,183.32,Med-High,-10.0,9.0,46.66,46.0,12.96617286973213,30.0,64.0,0.5316,0.4674,0.0996,0.0874,0.7246,0.2604,0.5722,0.385,3,2021-09-23,Carolina Panthers @ Houston Texans,0.3848,0.6149,160,-160,0.2232142857142857,0.8076923076923077,-1.42,1.42,46.33,1.660666666666667,-1.660666666666667,Carolina Panthers,0.2205000000000012,Houston Texans,9.8185,Houston Texans,9.42,Houston Texans,6.339333333333333,Houston Texans,0.0267857142857142,Houston Texans,0.3179857142857143,Houston Texans,0.3083857142857142,Houston Texans,0.1615857142857142,Over,3.3299999999999983,100.0,348.0,992.51,3453.92,110.0,100.0,1054.15,958.32,110.0,100.0,254.05,230.95,Houston Texans,,,,,,,,,,,,,,,3,-0.1026285714285714,-0.2752357142857143,Carolina Panthers,Houston Texans,1,0,0,1,0,0,0,0,1,1,0,0,0,1.5,0.0,0.149,0.0,2985.0,0.9963149078726968,0.8355108877721943,0.004928,0.096749,0.1742751802338857,426.2831125784293,0.6306910102228614,117.79233423513716,5.838364496947597e-05,0.0002112867705939,0.1428084129240969,0.0394614185042335,0.0396727052748274,544.0754468135665,0.8049661904567472,,,2788.0,197.0,0.7835,0.2165,0.6275,0.3724,0.4952,0.5042,Carolina Panthers,Houston Texans,Carolina Panthers,Houston Texans,Carolina Panthers,Same,Same,Same,False,False,0.0002696704155633,0.1822698314283304,0.004928,0.096749,0.0002696704155633,0.1822698314283304,,,0.2869932167581053,1.0386105557966536,1.091638683145074,0.92543205437354,0.3384594200263245,1.0153782600789736,0.7580048174770884,0.6664624749601037,0.5721499684240424,0.9142801860289598,9.0,24.0,0.0,1.0,0.2465661641541038,0.0,0.2465661641541038,0.0,0.989,0.0,Win,100.0,Loss,-110.0,Loss,-110.0,Loss,-1054.15,Loss,-110.0,Loss,-110.0,Loss,-110.0,Loss,-100.0,Loss,-992.51,Loss,-110.0,Loss,-110.0,Loss,-254.05,Final,3,2021
2021_03_WAS_BUF,2021,3,2021-09-26,13:00,Washington Commanders,Buffalo Bills,Home,Taylor Heinicke,Josh Allen,00-0031800,00-0034857,10,7,3,-3,3,-3,Highmark Stadium,42.7725,-78.7877,America/New_York,False,False,3,3,Sunday,False,False,0,False,False,0,3,-3,NFC East,FedExField,38.9077,-76.8645,America/New_York,AFC East,Highmark Stadium,42.7725,-78.7877,America/New_York,New York Giants,Miami Dolphins,FedExField,Hard Rock Stadium,Atlanta Falcons,Houston Texans,Mercedes-Benz Stadium,Highmark Stadium,285,0,-285,285,0.0,0.0,America/New_York,America/New_York,0.0,0.0,0.0,0.0,0.0,0,1.45,4.795,1.45,4.795,Buffalo Bills,3.345,Buffalo Bills,3.345,1.45,4.795,Buffalo Bills,3.345,0.0,0,No,No,No,No,No,0,No,0.0,0.0,-3.308,7.238,2.822,3.4385,2.822,3.4385,1.372,-1.3565,-1.936,5.881500000000001,Buffalo Bills,0.6165000000000003,Buffalo Bills,0.6165000000000003,2.822,3.4385,Buffalo Bills,0.6165000000000003,Tie,0.0,Buffalo Bills,10.546,-1.654,3.619,Buffalo Bills,5.273,Washington Commanders,2.7285,Buffalo Bills,7.817500000000001,-0.282,2.2625,Buffalo Bills,2.5445,Different,Same,Different,Same,Different,Same,False,Away Team,Home Team,45.5,-330.0,281.0,Buffalo Bills,Washington Commanders,7.5,-7.5,117,-142,-366,282,2.7285,-2.7285,-7.817500000000001,7.817500000000001,0.2625,0.7674,0.5868,0.4608,0.2618,0.7854,0.2548,0.7452,0.5601,0.4399,0.25,0.75,0.2548,0.7452,-0.2452,0.2452,67.0,21.0,1,21.0,67.0,0.0,nfl_read_py Fallback,False,M.Mariota,J.Allen,-8.9,-10.0,13.93,194.12,Med-High,-19.0,1.0,40.63,40.0,12.682052944747497,24.0,57.0,0.7416,0.2574,0.0668,0.0702,0.5564,0.4436,0.345,0.655,3,2021-09-26,Washington Commanders @ Buffalo Bills,0.6692,0.3306,-202,202,0.7674418604651163,0.2624671916010498,-9.45,9.45,40.315,-4.846333333333333,4.846333333333333,Buffalo Bills,0.3175000000000008,Washington Commanders,10.2285,Buffalo Bills,1.9499999999999995,Washington Commanders,2.653666666666667,No Bet,0.0,Washington Commanders,0.2976328083989502,No Bet,0.0,Washington Commanders,0.0681328083989501,Under,5.185000000000002,,0.0,0.0,0.0,110.0,100.0,171.1,155.55,110.0,100.0,688.75,626.14,No Bet,,,,,,,,,,,,,,,3,-0.1391928571428571,0.2246142857142856,Buffalo Bills,Washington Commanders,0,1,1,0,0,0,0,0,1,1,0,0,0,1.5,4.5,0.0,0.093,2985.0,0.9989949748743718,0.9798994974874372,0.040533,0.001544,170.39526280094807,0.0464689469125317,58.26182630392053,0.1359052560408896,0.0570838401343209,0.0195181997668075,1.5567486402858222e-05,4.552939900867325e-05,0.0195637291658162,0.1823742029534214,228.65708910486865,,,2788.0,197.0,0.2548,0.7452,0.2897,0.71,0.22,0.7788,Buffalo Bills,Buffalo Bills,Buffalo Bills,Buffalo Bills,Buffalo Bills,Same,Same,Same,False,False,0.0766020399011285,6.109688541153147e-05,0.040533,0.001544,0.0766020399011285,6.109688541153147e-05,,,0.9878399313078065,0.3377638412469526,0.8873094174344384,1.1297613200841758,1.0153782600789736,0.3384594200263245,1.0574423864578797,0.3670249059793126,0.995017564629338,0.4915612774453962,43.0,21.0,1.0,0.0,0.0,0.0271356783919597,0.0,0.0271356783919597,0.0,0.9407,Win,100.0,Loss,-110.0,Win,100.0,Win,155.55,Loss,-110.0,No Bet,0.0,Loss,-110.0,No Bet,0.0,No Bet,0.0,Loss,-110.0,Loss,-110.0,Loss,-688.75,Final,3,2021
2021_03_CHI_CLE,2021,3,2021-09-26,13:00,Chicago Bears,Cleveland Browns,Home,Justin Fields,Baker Mayfield,00-0036945,00-0034855,7,7,0,0,0,0,FirstEnergy Stadium,41.5061,-81.6994,America/New_York,False,False,3,3,Sunday,False,False,0,False,False,0,0,0,NFC North,Soldier Field,41.8623,-87.6167,America/Chicago,AFC North,FirstEnergy Stadium,41.5061,-81.6994,America/New_York,Cincinnati Bengals,Houston Texans,Soldier Field,FirstEnergy Stadium,Detroit Lions,Minnesota Vikings,Soldier Field,U.S. Bank Stadium,306,0,-306,306,-1.0,0.0,America/Chicago,America/New_York,-1.0,0.0,-1.0,0.0,-1.0,0,-1.575,-4.705,-1.575,-4.705,Chicago Bears,3.13,Chicago Bears,3.13,-1.575,-4.705,Chicago Bears,3.13,0.0,0,No,No,No,No,No,0,No,0.0,0.0,-2.458,4.564,-1.694,-4.2345,-1.694,-4.2345,-0.119,0.4705,-2.5770000000000004,5.0345,Chicago Bears,2.5405,Chicago Bears,2.5405,-1.694,-4.2345,Chicago Bears,2.5405,Tie,0.0,Cleveland Browns,7.022,-1.229,2.282,Cleveland Browns,3.511,Cleveland Browns,0.5894999999999999,Cleveland Browns,7.611500000000001,-1.3480000000000003,2.7525000000000004,Cleveland Browns,4.1005,Different,Different,Different,Different,Different,Same,False,Home Team,Home Team,45.0,-375.0,315.0,Cleveland Browns,Chicago Bears,7.5,-7.5,-116,-104,-346,268,-0.5894999999999999,0.5894999999999999,-7.611500000000001,7.611500000000001,0.241,0.7895,0.5098,0.537,0.2717,0.7758,0.2338,0.7662,0.487,0.513,0.2594,0.7406,0.2338,0.7662,-0.2662,0.2662,70.0,22.0,2,22.0,70.0,0.0,nfl_read_py Fallback,False,C.Williams,J.Flacco,-7.85,-9.0,13.99,195.8,High,-17.0,3.0,38.88,38.0,12.539920329905454,23.0,55.0,0.7108,0.2878,0.075,0.0754,0.5252,0.4748,0.2826,0.6996,3,2021-09-26,Chicago Bears @ Cleveland Browns,0.6826,0.317,-215,215,0.7894736842105263,0.2409638554216867,-8.425,8.425,38.44,-5.542000000000001,5.542000000000001,Cleveland Browns,0.1115000000000012,Chicago Bears,6.9105,Cleveland Browns,0.9250000000000008,Chicago Bears,1.9579999999999995,Chicago Bears,0.0184361445783132,Chicago Bears,0.2460361445783132,Chicago Bears,0.0468361445783132,Chicago Bears,0.0760361445783132,Under,6.560000000000002,100.0,315.0,154.26,485.93,110.0,100.0,7.3,6.64,110.0,100.0,922.9,839.0,Chicago Bears,,,,,,,,,,,,,,,3,-0.1523857142857143,0.0216571428571428,Cleveland Browns,Chicago Bears,0,1,1,0,0,0,0,1,1,1,0,1,0,1.0,3.0,0.0,0.032,2985.0,0.6046901172529313,0.9986599664991624,0.049261,0.001486,101.45282738268016,0.0660013799849227,30.957545082316138,0.2162970801730018,0.0339875468618694,0.0103710368784978,2.211101507032589e-05,7.24613333912904e-05,0.0104434982118891,0.2822984601579246,132.4103724649963,,,2788.0,197.0,0.2338,0.7662,0.3296,0.67,0.2664,0.7322,Cleveland Browns,Cleveland Browns,Cleveland Browns,Cleveland Browns,Cleveland Browns,Same,Same,Same,False,False,0.0443585837403672,9.45723484616163e-05,0.049261,0.001486,0.0443585837403672,9.45723484616163e-05,,,1.0156776105314564,0.3099261620233027,1.034757288347049,0.9823134491715648,1.0026521858859838,0.3511854942193144,1.013524876340697,0.4103720588222461,1.0149417059414017,0.4713397608898687,26.0,6.0,1.0,0.0,0.0,0.0422110552763819,0.0,0.0422110552763819,0.0,0.9672,Win,100.0,Loss,-110.0,Win,100.0,Win,6.64,Loss,-110.0,Loss,-110.0,Loss,-110.0,Loss,-100.0,Loss,-154.26,Loss,-110.0,Win,100.0,Win,839.0,Final,3,2021
2021_03_BAL_DET,2021,3,2021-09-26,13:00,Baltimore Ravens,Detroit Lions,Home,Lamar Jackson,Jared Goff,00-0034796,00-0033106,7,6,1,-1,0,-1,Ford Field,42.3395,-83.045,America/Detroit,False,False,3,3,Sunday,False,False,0,False,False,0,0,-1,AFC North,M&T Bank Stadium,39.2789,-76.6228,America/New_York,NFC North,Ford Field,42.3395,-83.045,America/Detroit,Kansas City Chiefs,Green Bay Packers,M&T Bank Stadium,Lambeau Field,Denver Broncos,Chicago Bears,Empower Field at Mile High,Soldier Field,396,0,-396,396,0.0,0.0,America/New_York,America/Chicago,0.0,-1.0,0.0,0.0,0.0,0,6.69,4.305,6.69,4.305,Baltimore Ravens,2.3850000000000007,Baltimore Ravens,2.3850000000000007,6.69,4.305,Baltimore Ravens,2.3850000000000007,0.0,0,No,No,No,No,No,0,Yes,0.0,0.0,6.539,-10.33,6.266000000000001,2.1695,6.266000000000001,2.1695,-0.424,-2.1355,6.115,-12.4655,Baltimore Ravens,4.096500000000002,Baltimore Ravens,4.096500000000002,6.266000000000001,2.1695,Baltimore Ravens,4.096500000000002,Tie,0.0,Baltimore Ravens,16.869,3.2695,-5.165,Baltimore Ravens,8.4345,Baltimore Ravens,1.7115,Baltimore Ravens,18.5805,2.8455,-7.3005,Baltimore Ravens,10.146,Different,Same,Same,Same,Different,Same,False,Away Team,Away Team,51.0,292.0,-344.0,Baltimore Ravens,Detroit Lions,-7.5,7.5,105,-128,1079,-2590,1.7115,-1.7115,18.5805,-18.5805,0.7748,0.2551,0.5614,0.4878,0.9628,0.0848,0.7523,0.2477,0.5351,0.4649,0.919,0.081,0.7523,0.2477,0.2523,-0.2523,,,3,0.0,70.0,0.0,Dome,True,L.Jackson,J.Goff,7.35,7.0,13.19,173.91,Medium,-3.0,16.0,59.99,60.0,14.258472630978176,42.0,79.0,0.2854,0.7142,0.0848,0.0818,0.5046,0.4954,0.7026,0.2698,3,2021-09-26,Baltimore Ravens @ Detroit Lions,0.2698,0.7302,271,-271,0.2551020408163265,0.7747747747747747,7.175,-7.175,59.995000000000005,9.155666666666669,-9.155666666666669,Baltimore Ravens,11.0805,Detroit Lions,5.7885,Detroit Lions,0.3250000000000002,Baltimore Ravens,1.6556666666666668,Baltimore Ravens,0.1442252252252253,Detroit Lions,0.2097979591836734,Detroit Lions,0.0302979591836734,Detroit Lions,0.0146979591836734,Over,8.995000000000005,100.0,292.0,101.68,296.92,110.0,100.0,0.0,0.0,110.0,100.0,938.65,853.32,Detroit Lions,,,,,,,,,,,,,,,3,0.0511428571428571,-0.2303857142857142,Baltimore Ravens,Detroit Lions,1,0,0,1,0,0,0,0,1,1,0,0,0,3.0,0.5,0.1,0.0,2985.0,1.0,0.9996649916247906,0.001449,0.092418,0.1679977619212596,246.48381200824304,0.5102330088549198,81.15650702438099,5.628065726005349e-05,0.0001709323312746,0.0825741413762958,0.0271881095559065,0.0273590418871812,327.64031903262406,0.6782307707761795,,,2788.0,197.0,0.7523,0.2477,0.7125,0.2874,0.7036,0.296,Baltimore Ravens,Baltimore Ravens,Baltimore Ravens,Baltimore Ravens,Baltimore Ravens,Same,Same,Same,False,False,0.0002272129885347,0.1097622509322023,0.001449,0.092418,0.0002272129885347,0.1097622509322023,,,0.3283520544618138,0.9972517180929452,0.9377361858724036,1.0793345516462105,0.1096608520885291,1.244176828016769,0.4069499151767514,1.0183729131718144,0.4011592034324497,1.085717013885748,17.0,19.0,0.0,1.0,0.1139028475711892,0.0,0.1139028475711892,0.0,0.9496,0.0,Win,100.0,Loss,-110.0,Loss,-110.0,Loss,-0.0,Win,100.0,Win,31.98,Loss,-110.0,Loss,-100.0,Loss,-101.68,Loss,-110.0,Loss,-110.0,Loss,-938.65,Final,3,2021
2021_03_ARI_JAX,2021,3,2021-09-26,13:00,Arizona Cardinals,Jacksonville Jaguars,Home,Kyler Murray,Trevor Lawrence,00-0035228,00-0036971,7,7,0,0,0,0,TIAA Bank Field,30.3239,-81.6554,America/New_York,False,False,3,3,Sunday,False,False,0,False,False,0,0,0,NFC West,State Farm Stadium,33.5277,-112.262608,America/Denver,AFC South,TIAA Bank Field,30.3239,-81.6554,America/New_York,Minnesota Vikings,Denver Broncos,State Farm Stadium,TIAA Bank Field,Los Angeles Rams,Cincinnati Bengals,SoFi Stadium,Paycor Stadium,1801,0,-1801,1801,-2.0,0.0,America/Denver,America/New_York,-2.0,0.0,-2.0,0.0,-2.0,0,0.075,-1.825,0.075,-1.825,Arizona Cardinals,1.9,Arizona Cardinals,1.9,0.075,-1.825,Arizona Cardinals,1.9,-0.3,0,No,No,No,No,No,0,No,0.0,0.0,2.31,-13.156,1.1175,-2.2315,1.1175,-2.2315,1.0425,-0.4065,3.3525,-13.5625,Arizona Cardinals,3.349,Arizona Cardinals,3.349,1.1175,-2.2315,Arizona Cardinals,3.349,Tie,0.0,Arizona Cardinals,15.466,1.155,-6.578,Arizona Cardinals,7.733,Arizona Cardinals,1.4489999999999998,Arizona Cardinals,16.915,2.1975,-6.9845,Arizona Cardinals,9.182,Different,Same,Same,Same,Different,Same,False,Away Team,Away Team,51.5,304.0,-360.0,Arizona Cardinals,Jacksonville Jaguars,-8.0,8.0,105,-128,769,-1381,1.4489999999999998,-1.4489999999999998,16.915,-16.915,0.7826,0.2475,0.5614,0.4878,0.9325,0.1151,0.7597,0.2403,0.5351,0.4649,0.8901,0.1099,0.7597,0.2403,0.2597,-0.2597,81.0,4.0,4,4.0,81.0,0.0,nfl_read_py Fallback,False,K.Murray,T.Lawrence,14.94,15.0,13.86,192.14,Med-High,7.0,24.0,55.72,55.0,13.884784545983337,38.0,73.0,0.1374,0.8618,0.0512,0.0556,0.2816,0.7002,0.602,0.398,3,2021-09-26,Arizona Cardinals @ Jacksonville Jaguars,0.2381,0.7617,320,-320,0.2475247524752475,0.782608695652174,14.97,-14.97,55.36,11.111333333333333,-11.111333333333333,Arizona Cardinals,8.915,Jacksonville Jaguars,6.551,Arizona Cardinals,6.969999999999999,Arizona Cardinals,3.1113333333333326,Arizona Cardinals,0.107491304347826,Jacksonville Jaguars,0.2173752475247524,Arizona Cardinals,0.079191304347826,No Bet,0.0,Over,3.86,360.0,100.0,910.7,252.97,110.0,100.0,926.05,841.86,110.0,100.0,410.5,373.18,Arizona Cardinals,,,,,,,,,,,,,,,3,0.0987642857142857,-0.1947785714285714,Arizona Cardinals,Jacksonville Jaguars,0,0,1,1,1,0,0,0,1,1,1,0,0,3.5,1.0,0.145,0.0,2985.0,1.0,0.9922948073701844,0.001614,0.142492,0.0472923740055438,378.0186532424709,0.1495131774116173,119.57072841143312,1.5843341375391565e-05,5.008816663705772e-05,0.1266394148215983,0.0400571954477162,0.0401072836143533,497.589381653904,0.1968055514171611,,,2788.0,197.0,0.7597,0.2403,0.7417,0.2582,0.8606,0.1392,Arizona Cardinals,Arizona Cardinals,Arizona Cardinals,Arizona Cardinals,Arizona Cardinals,Same,Same,Same,False,False,6.593150801244929e-05,0.1666966102693145,0.001614,0.142492,6.593150801244929e-05,0.1666966102693145,,,0.3185425865449086,1.0070611860098506,0.9377361858724036,1.0793345516462105,0.1487867610435722,1.2050509190617258,0.1959177237045747,1.228834747369742,0.3540252273434628,1.1325536147312711,19.0,31.0,0.0,1.0,0.036180904522613,0.0,0.036180904522613,0.0,0.959,0.0,Win,100.0,Loss,-110.0,Win,100.0,Win,841.86,Win,100.0,Win,30.56,Loss,-110.0,Win,100.0,Win,252.97,No Bet,0.0,Loss,-110.0,Loss,-410.5,Final,3,2021
2021_03_LAC_KC,2021,3,2021-09-26,13:00,Los Angeles Chargers,Kansas City Chiefs,Home,Justin Herbert,Patrick Mahomes,00-0036355,00-0033873,7,7,0,0,-3,1,GEHA Field at Arrowhead Stadium,39.0489,-94.4839,America/Chicago,False,False,3,3,Sunday,False,False,0,False,False,0,-3,1,AFC West,SoFi Stadium,33.9535,-118.3395,America/Los_Angeles,AFC West,GEHA Field at Arrowhead Stadium,39.0489,-94.4839,America/Chicago,Dallas Cowboys,Baltimore Ravens,SoFi Stadium,M&T Bank Stadium,Las Vegas Raiders,Philadelphia Eagles,SoFi Stadium,Lincoln Financial Field,1366,0,-1366,1366,-2.0,0.0,America/Los_Angeles,America/New_York,-2.0,1.0,-2.0,0.0,-2.0,0,0.935,4.395,0.935,4.395,Kansas City Chiefs,3.4599999999999995,Kansas City Chiefs,3.4599999999999995,0.935,4.395,Kansas City Chiefs,3.4599999999999995,-0.3,0,No,No,No,No,No,1,No,0.0,0.0,-1.3,6.277,1.36349,3.61651,1.36349,3.61651,0.3938900000000001,-0.7438899999999999,-0.8303399999999999,5.457339999999999,Kansas City Chiefs,2.25302,Kansas City Chiefs,2.25302,1.36349,3.61651,Kansas City Chiefs,2.25302,Tie,0.0,Kansas City Chiefs,7.577,-0.65,3.1385,Kansas City Chiefs,3.7885,Los Angeles Chargers,1.13778,Kansas City Chiefs,6.287679999999999,-0.2182249999999999,2.356725,Kansas City Chiefs,2.57495,Different,Same,Different,Same,Different,Same,False,Away Team,Home Team,55.0,-273.0,237.0,Kansas City Chiefs,Los Angeles Chargers,6.5,-6.5,101,-122,-282,224,1.13778,-1.13778,-6.287679999999999,6.287679999999999,0.2967,0.7319,0.5495,0.4975,0.3086,0.7382,0.2885,0.7115,0.5248,0.4752,0.2948,0.7052,0.2885,0.7115,-0.2115,0.2115,81.0,19.0,5,19.0,81.0,0.0,nfl_read_py Fallback,False,J.Herbert,P.Mahomes,-4.11,-5.0,14.37,206.49,High,-14.0,6.0,52.51,52.0,13.685138926788031,35.900000000000034,71.0,0.616,0.3832,0.0822,0.0722,0.4558,0.5442,0.403,0.5782,3,2021-09-26,Los Angeles Chargers @ Kansas City Chiefs,0.627,0.3728,-168,168,0.7319034852546917,0.2967359050445103,-4.555,4.555,52.255,-3.2349666666666663,3.2349666666666663,Los Angeles Chargers,0.2123200000000009,Los Angeles Chargers,7.63778,Los Angeles Chargers,1.9450000000000005,Los Angeles Chargers,3.2650333333333337,No Bet,0.0,Los Angeles Chargers,0.2280640949554896,Los Angeles Chargers,0.0864640949554896,Los Angeles Chargers,0.0760640949554896,Under,2.7450000000000045,100.0,237.0,307.37,728.46,110.0,100.0,107.05,97.32,110.0,100.0,285.55,259.59,Los Angeles Chargers,,,,,,,,,,,,,,,3,0.0971571428571428,0.1974714285714285,Kansas City Chiefs,Los Angeles Chargers,1,1,0,0,0,0,0,0,1,1,0,0,1,3.5,4.5,0.0,0.016,2985.0,0.9865996649916248,0.9996649916247906,0.014146,0.001678,13.996784668933346,0.0932159804322516,5.675435526334884,0.2298896709793657,0.0046890400900949,0.001901318434283,3.122813414815799e-05,7.701496515221633e-05,0.0019783333994352,0.3231056514116173,19.67222019526823,,,2788.0,197.0,0.2885,0.7115,0.3623,0.6374,0.3858,0.613,Kansas City Chiefs,Kansas City Chiefs,Kansas City Chiefs,Kansas City Chiefs,Kansas City Chiefs,Same,Same,Same,False,False,0.0065903585243779,0.0001082430993003,0.014146,0.001678,0.0065903585243779,0.0001082430993003,,,0.9431670841727112,0.382436688382048,0.9585120144688454,1.0585587230497686,0.9547263320102564,0.3991113480950419,0.878350202343654,0.5464022687306627,0.93227138825851,0.5543074538162241,24.0,30.0,0.0,1.0,0.0,0.0063651591289782,0.0,0.0063651591289782,0.0,0.8981,Loss,-110.0,Loss,-110.0,Loss,-110.0,Loss,-107.05,Loss,-110.0,No Bet,0.0,Win,260.7,Win,237.0,Win,728.47,Win,260.7,Win,100.0,Win,259.59,Final,3,2021
2021_03_NO_NE,2021,3,2021-09-26,13:00,New Orleans Saints,New England Patriots,Home,Jameis Winston,Mac Jones,00-0031503,00-0036972,7,7,0,0,0,0,Gillette Stadium,42.0628,-71.2687,America/New_York,False,True,3,3,Sunday,False,False,0,False,False,0,0,0,NFC South,Caesars Superdome,29.9507,-90.0813,America/Chicago,AFC East,Gillette Stadium,42.0628,-71.2687,America/New_York,Carolina Panthers,New York Jets,Bank of America Stadium,MetLife Stadium,New York Giants,Tampa Bay Buccaneers,Caesars Superdome,Gillette Stadium,1338,0,-1338,1338,-1.0,0.0,America/New_York,America/New_York,0.0,0.0,0.0,0.0,0.0,0,-6.145,-1.995,-6.145,-1.995,New England Patriots,4.15,New England Patriots,4.15,-6.145,-1.995,New England Patriots,4.15,0.0,0,No,No,No,No,No,0,No,0.0,0.0,5.218,0.213,-7.698499999999999,-2.0,-7.698499999999999,-2.0,-1.5535,-0.005,3.6645,0.208,New England Patriots,5.698499999999999,New England Patriots,5.698499999999999,-7.698499999999999,-2.0,New England Patriots,5.698499999999999,Tie,0.0,New Orleans Saints,5.005,2.609,0.1065,New Orleans Saints,2.5025,New England Patriots,1.5485000000000002,New Orleans Saints,3.4565,1.0555,0.1014999999999999,New Orleans Saints,0.9539999999999998,Different,Different,Same,Different,Different,Same,False,Home Team,Away Team,44.0,-144.0,130.0,New England Patriots,New Orleans Saints,3.0,-3.0,-128,105,156,-191,-1.5485000000000002,1.5485000000000002,3.4565,-3.4565,0.4348,0.5902,0.4878,0.5614,0.6564,0.3906,0.4242,0.5758,0.4649,0.5351,0.6269,0.3731,0.4242,0.5758,-0.0758,0.0758,73.0,11.0,6,11.0,73.0,0.0,nfl_read_py Fallback,False,S.Rattler,D.Maye,-0.49,-1.0,14.03,196.75,High,-10.0,10.0,43.53,43.0,13.05496336470121,27.0,61.0,0.5154,0.4842,0.0866,0.0848,0.4368,0.5194,0.448,0.5234,3,2021-09-26,New Orleans Saints @ New England Patriots,0.4998,0.5,100,-100,0.5901639344262295,0.4347826086956521,-0.745,0.745,43.265,0.3876666666666664,-0.3876666666666664,New Orleans Saints,6.4565,New Orleans Saints,1.4514999999999998,New Orleans Saints,2.255,New Orleans Saints,3.3876666666666666,New Orleans Saints,0.1921173913043478,New Orleans Saints,0.0301173913043478,New Orleans Saints,0.0494173913043478,New Orleans Saints,0.0652173913043478,Under,0.7349999999999994,100.0,130.0,218.58,284.15,110.0,100.0,0.0,0.0,110.0,100.0,0.0,0.0,New Orleans Saints,,,,,,,,,,,,,,,3,0.0072857142857142,0.0830142857142857,New England Patriots,New Orleans Saints,0,1,1,0,0,0,0,0,1,1,0,0,0,2.5,3.5,0.0,0.001,2985.0,0.9246231155778896,0.9996649916247906,0.007285,0.004321,1.3226952041302296,0.2634944001291926,0.9744482556305027,0.3576616586383524,0.0004431139712329,0.0003264483268443,8.827283086405113e-05,0.0001198196511351,0.0004462679779795,0.6211560587675451,2.2971434597607323,,,2788.0,197.0,0.4242,0.5758,0.527,0.4726,0.409,0.5892,New England Patriots,New England Patriots,New Orleans Saints,New England Patriots,New Orleans Saints,Same,Same,Same,False,False,0.0007695622980772,0.0002080924819991,0.007285,0.004321,0.0007695622980772,0.0002080924819991,,,0.7632826522370303,0.5623211203177289,1.0793345516462105,0.9377361858724036,0.5051168384472867,0.8487208416580114,0.7349053478699988,0.6904174804785671,0.7431407334156352,0.7434381086590989,13.0,28.0,0.0,1.0,0.0,0.0003350083752093,0.0,0.0003350083752093,0.0,0.7268,Win,100.0,Win,100.0,Win,100.0,Win,0.0,Win,100.0,Win,143.0,Win,143.0,Win,130.0,Win,284.15,Win,143.0,Win,100.0,Win,0.0,Final,3,2021
2021_03_ATL_NYG,2021,3,2021-09-26,13:00,Atlanta Falcons,New York Giants,Home,Matt Ryan,Daniel Jones,00-0026143,00-0035710,7,10,-3,3,-6,3,MetLife Stadium,40.8136,-74.0744,America/New_York,False,True,3,3,Sunday,False,False,0,False,False,0,-6,3,NFC South,Mercedes-Benz Stadium,33.7489,-84.388,America/New_York,NFC East,MetLife Stadium,40.8136,-74.0744,America/New_York,Tampa Bay Buccaneers,Washington Commanders,Raymond James Stadium,FedExField,Washington Commanders,New Orleans Saints,Mercedes-Benz Stadium,Caesars Superdome,747,0,-747,747,0.0,0.0,America/New_York,America/New_York,0.0,0.0,0.0,0.0,0.0,0,-0.71,-2.84,-0.71,-2.84,Atlanta Falcons,2.13,Atlanta Falcons,2.13,-0.71,-2.84,Atlanta Falcons,2.13,0.0,0,No,No,No,No,No,0,No,0.0,0.0,-5.251,-5.45,0.5810000000000002,-3.2885,0.5810000000000002,-3.2885,1.291,-0.4485,-3.96,-5.8985,Atlanta Falcons,3.8695,Atlanta Falcons,3.8695,0.5810000000000002,-3.2885,Atlanta Falcons,3.8695,Tie,0.0,Atlanta Falcons,0.1989999999999998,-2.6255,-2.725,Atlanta Falcons,0.0994999999999999,Atlanta Falcons,1.7395,Atlanta Falcons,1.9385000000000003,-1.3345,-3.1735,Atlanta Falcons,1.839,Different,Same,Same,Same,Different,Same,False,Away Team,Away Team,48.0,-143.0,129.0,New York Giants,Atlanta Falcons,3.0,-3.0,105,-128,108,-131,1.7395,-1.7395,1.9385000000000003,-1.9385000000000003,0.4367,0.5885,0.5614,0.4878,0.5671,0.4808,0.426,0.574,0.5351,0.4649,0.5412,0.4588,0.426,0.574,-0.074,0.074,69.0,13.0,7,13.0,69.0,0.0,nfl_read_py Fallback,False,M.Penix,R.Wilson,-7.42,-8.0,13.14,172.62,Medium,-17.0,2.25,45.52,45.0,12.85810053273274,30.0,63.0,0.7218,0.277,0.079,0.07,0.631,0.32,0.3978,0.5812,3,2021-09-26,Atlanta Falcons @ New York Giants,0.5549,0.4448,-125,125,0.588477366255144,0.4366812227074236,-7.71,7.71,45.260000000000005,-1.344,1.344,Atlanta Falcons,4.9385,Atlanta Falcons,4.7395,New York Giants,4.71,Atlanta Falcons,1.656,Atlanta Falcons,0.1045187772925764,Atlanta Falcons,0.0984187772925764,New York Giants,0.1333226337448559,Atlanta Falcons,0.0081187772925763,Under,2.739999999999995,143.0,100.0,809.93,566.39,110.0,100.0,562.75,511.59,110.0,100.0,301.3,273.91,New York Giants,,,,,,,,,,,,,,,3,-0.1029071428571428,-0.2300785714285714,New York Giants,Atlanta Falcons,0,0,1,1,0,0,0,0,1,1,0,0,0,1.5,0.5,0.001,0.009,2985.0,1.0,1.0,0.018343,0.003243,4.516544903974997,0.2899703971030373,3.352000224901305,0.3907112862374259,0.0015130803698408,0.0011229481490456,9.714251159230732e-05,0.0001308915531783,0.001253839702224,0.6806816833404632,7.868545128876301,,,2788.0,197.0,0.426,0.574,0.4538,0.5456,0.2622,0.7354,New York Giants,New York Giants,New York Giants,New York Giants,New York Giants,Same,Same,Same,False,False,0.0026360285188865,0.0002280340647706,0.018343,0.003243,0.0026360285188865,0.0002280340647706,,,0.7608965654464317,0.5647072071083273,0.9377361858724036,1.0793345516462105,0.6211407276323108,0.7326969524729874,1.029209701382548,0.3949724124175198,0.8250676129898679,0.6613625414631343,14.0,17.0,0.0,1.0,0.0,0.0093802345058626,0.0,0.0093802345058626,0.0,0.7246,Push,0.0,Push,0.0,Push,0.0,Push,0.0,Push,0.0,Win,141.9,Win,141.9,Loss,-143.0,Loss,-809.93,Win,141.9,Win,100.0,Win,273.91,Final,3,2021
2021_03_CIN_PIT,2021,3,2021-09-26,13:00,Cincinnati Bengals,Pittsburgh Steelers,Home,Joe Burrow,Ben Roethlisberger,00-0036442,00-0022924,7,7,0,0,0,1,Acrisure Stadium,40.4468,-80.0158,America/New_York,False,True,3,3,Sunday,False,False,0,False,False,0,0,1,AFC North,Paycor Stadium,39.0955,-84.5165,America/New_York,AFC North,Acrisure Stadium,40.4468,-80.0158,America/New_York,Chicago Bears,Las Vegas Raiders,Soldier Field,Acrisure Stadium,Jacksonville Jaguars,Green Bay Packers,Paycor Stadium,Lambeau Field,256,0,-256,256,0.0,0.0,America/Chicago,America/New_York,-1.0,0.0,0.0,0.0,0.0,0,1.31,-0.565,1.31,-0.565,Cincinnati Bengals,1.875,Cincinnati Bengals,1.875,1.31,-0.565,Cincinnati Bengals,1.875,0.0,0,No,No,No,No,No,1,No,0.0,0.0,-4.546,1.614,0.559845,-1.415345,0.559845,-1.415345,-0.731405,-0.869095,-5.215805,0.6833050000000002,Cincinnati Bengals,1.97519,Cincinnati Bengals,1.97519,0.559845,-1.415345,Cincinnati Bengals,1.97519,Tie,0.0,Pittsburgh Steelers,6.16,-2.273,0.807,Pittsburgh Steelers,3.08,Cincinnati Bengals,0.1376899999999999,Pittsburgh Steelers,5.899109999999999,-2.973605,-0.0928949999999999,Pittsburgh Steelers,2.88071,Different,Different,Same,Different,Different,Same,False,Away Team,Home Team,42.5,-140.0,126.0,Pittsburgh Steelers,Cincinnati Bengals,2.5,-2.5,-110,-110,-261,208,0.1376899999999999,-0.1376899999999999,-5.899109999999999,5.899109999999999,0.4425,0.5833,0.5238,0.5238,0.3247,0.723,0.4313,0.5687,0.5,0.5,0.3099,0.6901,0.4313,0.5687,-0.0687,0.0687,67.0,9.0,8,9.0,67.0,0.0,nfl_read_py Fallback,False,J.Browning,A.Rodgers,-2.95,-4.0,13.59,184.73,Med-High,-13.0,7.0,45.38,45.0,12.879804704802272,29.0,62.0,0.5874,0.4112,0.0844,0.084,0.609,0.391,0.4126,0.5874,3,2021-09-26,Cincinnati Bengals @ Pittsburgh Steelers,0.5866,0.4131,-142,142,0.5833333333333334,0.4424778761061947,-3.475,3.475,45.19,-3.0788066666666665,3.0788066666666665,Pittsburgh Steelers,3.3991099999999994,Cincinnati Bengals,2.63769,Pittsburgh Steelers,0.975,Pittsburgh Steelers,0.5788066666666665,Pittsburgh Steelers,0.1067666666666666,Cincinnati Bengals,0.0575221238938052,Pittsburgh Steelers,0.0040666666666666,Pittsburgh Steelers,0.0032666666666666,Over,2.6899999999999977,140.0,100.0,24.4,17.43,110.0,100.0,447.25,406.59,110.0,100.0,0.0,0.0,Pittsburgh Steelers,,,,,,,,,,,,,,,3,0.0387642857142857,-0.0501285714285714,Pittsburgh Steelers,Cincinnati Bengals,1,0,0,1,0,0,0,0,1,1,0,0,1,3.0,2.0,0.0,0.005,2985.0,1.0,0.9989949748743718,0.017371,0.00305,1.1568648146066918,0.2821071616483389,0.8773620442058487,0.3719785365856952,0.0003875594018782,0.0002939236328997,9.450826185874e-05,0.0001246159251543,0.0004185395580541,0.6540856982340342,2.0342268588125405,,,2788.0,197.0,0.4313,0.5687,0.4141,0.5857,0.507,0.4924,Pittsburgh Steelers,Cincinnati Bengals,Pittsburgh Steelers,Pittsburgh Steelers,Pittsburgh Steelers,Same,Different,Same,False,False,0.000681483034778,0.000219124187013,0.017371,0.00305,0.000681483034778,0.000219124187013,,,0.7538708654518915,0.5717329071028676,1.008535368759307,1.008535368759307,0.9342833830406664,0.4195542970646319,0.8375696572348416,0.5863272779281016,0.8722015890788548,0.6142285653741475,10.0,24.0,0.0,1.0,0.0006700167504187,0.0040201005025125,0.0006700167504187,0.0040201005025125,0.5444,0.7179,Loss,-110.0,Win,100.0,Loss,-110.0,Loss,-447.25,Loss,-110.0,Loss,-110.0,Win,138.6,Loss,-140.0,Loss,-24.4,Loss,-110.0,Loss,-110.0,Loss,-0.0,Final,3,2021
2021_03_IND_TEN,2021,3,2021-09-26,13:00,Indianapolis Colts,Tennessee Titans,Home,Carson Wentz,Ryan Tannehill,00-0032950,00-0029701,7,7,0,0,0,0,Nissan Stadium,36.1664,-86.7716,America/Chicago,False,False,3,3,Sunday,False,False,0,False,False,0,0,0,AFC South,Lucas Oil Stadium,39.7601,-86.1638,America/Indiana/Indianapolis,AFC South,Nissan Stadium,36.1664,-86.7716,America/Chicago,Los Angeles Rams,Seattle Seahawks,Lucas Oil Stadium,Lumen Field,Miami Dolphins,New York Jets,Hard Rock Stadium,MetLife Stadium,250,0,-250,250,1.0,0.0,America/Indiana/Indianapolis,America/Los_Angeles,1.0,-2.0,1.0,0.0,1.0,0,-2.265,-4.36,-2.265,-4.36,Indianapolis Colts,2.095,Indianapolis Colts,2.095,-2.265,-4.36,Indianapolis Colts,2.095,0.0,0,No,No,No,No,No,1,No,0.0,0.0,-1.034,-1.163,-1.282,-6.966000000000001,-1.282,-6.966000000000001,1.00395,-2.6269500000000003,-0.0313400000000001,-3.78866,Indianapolis Colts,5.684000000000001,Indianapolis Colts,5.684000000000001,-1.282,-6.966000000000001,Indianapolis Colts,5.684000000000001,Tie,0.0,Indianapolis Colts,0.129,-0.517,-0.5815,Indianapolis Colts,0.0645,Indianapolis Colts,3.630900000000001,Indianapolis Colts,3.75732,0.4863049999999999,-3.2078050000000005,Indianapolis Colts,3.69411,Different,Same,Same,Same,Different,Same,False,Away Team,Away Team,47.0,-196.0,175.0,Tennessee Titans,Indianapolis Colts,4.5,-4.5,156,-191,171,-211,3.630900000000001,-3.630900000000001,3.75732,-3.75732,0.3636,0.6622,0.6564,0.3906,0.6785,0.369,0.3545,0.6455,0.6269,0.3731,0.6477,0.3523,0.3545,0.6455,-0.1455,0.1455,72.0,4.0,9,4.0,72.0,0.0,nfl_read_py Fallback,False,D.Jones,C.Ward,7.69,9.0,13.83,191.16,Med-High,-3.0,17.0,44.8,44.0,13.13585875826409,29.0,62.0,0.288,0.7114,0.0686,0.0764,0.215,0.785,0.3886,0.5688,3,2021-09-26,Indianapolis Colts @ Tennessee Titans,0.4147,0.5851,141,-141,0.6621621621621622,0.3636363636363636,8.345,-8.345,44.4,5.244406666666667,-5.244406666666667,Indianapolis Colts,8.25732,Indianapolis Colts,8.1309,Indianapolis Colts,12.845,Indianapolis Colts,9.744406666666666,Indianapolis Colts,0.2840636363636364,Indianapolis Colts,0.2632636363636363,Indianapolis Colts,0.3477636363636364,Indianapolis Colts,0.2214636363636363,Under,2.6000000000000014,100.0,175.0,1366.21,2390.88,110.0,100.0,1371.25,1246.59,110.0,100.0,236.2,214.73,Indianapolis Colts,,,,,,,,,,,,,,,3,0.0749785714285714,0.0223857142857142,Tennessee Titans,Indianapolis Colts,0,1,1,0,0,0,1,1,1,1,1,1,1,3.5,3.0,0.0,0.018,2985.0,1.0,1.0,0.006525,0.004639,14.474434242156384,0.0774190793478357,7.949166442826397,0.1409704251594582,0.0048490566975398,0.0026630373342802,2.5936039982524524e-05,4.7226273085245645e-05,0.0027102636073654,0.2183895045072939,22.42360068498278,,,2788.0,197.0,0.3545,0.6455,0.5476,0.4522,0.7012,0.2982,Tennessee Titans,Indianapolis Colts,Indianapolis Colts,Indianapolis Colts,Indianapolis Colts,Same,Same,Same,False,False,0.00751209403182,7.316231306777017e-05,0.006525,0.004639,0.00751209403182,7.316231306777017e-05,,,0.855677235184097,0.4699265373706621,0.7525690921681949,1.2645016453504192,0.4769570147010965,0.8768806654042016,0.4106572374593707,1.0143804122520708,0.6166075673218566,0.8699712747528774,25.0,16.0,1.0,0.0,0.0,0.009715242881072,0.0,0.009715242881072,0.0,0.8148,Loss,-110.0,Loss,-110.0,Loss,-110.0,Loss,-1371.25,Loss,-110.0,Loss,-110.0,Loss,-110.0,Loss,-100.0,Loss,-1366.21,Loss,-110.0,Win,100.0,Win,214.73,Final,3,2021
2021_03_NYJ_DEN,2021,3,2021-09-26,16:05,New York Jets,Denver Broncos,Home,Zach Wilson,Teddy Bridgewater,00-0037013,00-0031237,7,7,0,0,0,0,Empower Field at Mile High,39.7648,-105.0076,America/Denver,False,False,3,3,Sunday,False,False,0,False,False,0,0,0,AFC East,MetLife Stadium,40.8136,-74.0744,America/New_York,AFC West,Empower Field at Mile High,39.7648,-105.0076,America/Denver,New England Patriots,Jacksonville Jaguars,MetLife Stadium,TIAA Bank Field,Tennessee Titans,Baltimore Ravens,MetLife Stadium,Empower Field at Mile High,1622,0,-1622,1622,2.0,0.0,America/New_York,America/New_York,2.0,2.0,2.0,0.0,2.0,0,-3.725,2.05,-3.725,2.05,Denver Broncos,5.775,Denver Broncos,5.775,-3.725,2.05,Denver Broncos,5.775,-0.15,0,No,No,No,No,No,0,No,0.0,0.0,-9.187,-1.491,-4.7915,0.5119999999999998,-4.7915,0.5119999999999998,-1.0665,-1.538,-10.2535,-3.029,Denver Broncos,5.3035,Denver Broncos,5.3035,-4.7915,0.5119999999999998,Denver Broncos,5.3035,Tie,0.0,Denver Broncos,7.696,-4.5935,-0.7455,Denver Broncos,3.848,New York Jets,0.4715,Denver Broncos,7.224499999999999,-5.659999999999999,-2.2835,Denver Broncos,3.376499999999999,Different,Same,Different,Same,Different,Same,False,Away Team,Home Team,42.0,-597.0,470.0,Denver Broncos,New York Jets,10.5,-10.5,-104,-116,-319,249,0.4715,-0.4715,-7.224499999999999,7.224499999999999,0.1754,0.8565,0.537,0.5098,0.2865,0.7613,0.17,0.83,0.513,0.487,0.2734,0.7266,0.17,0.83,-0.33,0.33,82.0,6.0,10,6.0,82.0,0.0,nfl_read_py Fallback,False,T.Taylor,B.Nix,-8.59,-9.0,12.81,164.07,Med-Low,-17.0,-1.0,42.13,41.0,12.298832922609026,27.0,58.0,0.7602,0.2392,0.0746,0.0766,0.4314,0.5686,0.4712,0.5064,3,2021-09-26,New York Jets @ Denver Broncos,0.701,0.2989,-234,235,0.8565279770444764,0.175438596491228,-8.795,8.795,41.565,-5.182666666666666,5.182666666666666,New York Jets,3.275500000000001,New York Jets,10.9715,New York Jets,1.705,New York Jets,5.317333333333334,New York Jets,0.0979614035087719,New York Jets,0.3375614035087719,New York Jets,0.0637614035087719,New York Jets,0.1234614035087719,Under,0.4350000000000023,100.0,470.0,193.32,908.6,110.0,100.0,235.15,213.77,110.0,100.0,0.0,0.0,New York Jets,,,,,,,,,,,,,,,3,-0.2111642857142857,-0.0304785714285714,Denver Broncos,New York Jets,0,0,1,0,0,0,0,0,1,0,0,0,0,0.5,2.5,0.0,0.368,2985.0,0.9343383584589616,1.0,0.413859,0.001387,887.2977949494266,0.1249540578435218,181.7356929414489,0.6100698118242535,0.2972521926128732,0.0608829792098656,4.1860655893977154e-05,0.0002043784964235,0.0610873577062891,0.7350238696677752,1069.0334878908754,,,2788.0,197.0,0.17,0.83,0.3101,0.6898,0.231,0.7684,Denver Broncos,Denver Broncos,Denver Broncos,Denver Broncos,Denver Broncos,Same,Same,Same,False,False,0.3581351718227388,0.0002462391523175,0.413859,0.001387,0.3581351718227388,0.0002462391523175,,,1.10025113122045,0.225352641334309,0.9823134491715648,1.034757288347049,0.9836984583645096,0.3701392217407884,1.083963999710464,0.3410736500009773,1.0423002283400564,0.4444273013564093,26.0,0.0,1.0,0.0,0.0,0.4917922948073702,0.0,0.4917922948073702,0.0,1.0477,Loss,-110.0,Loss,-110.0,Loss,-110.0,Loss,-235.15,Loss,-110.0,Loss,-110.0,Loss,-110.0,Loss,-100.0,Loss,-193.32,Loss,-110.0,Win,100.0,Win,0.0,Final,3,2021
2021_03_MIA_LV,2021,3,2021-09-26,16:05,Miami Dolphins,Las Vegas Raiders,Home,Jacoby Brissett,Derek Carr,00-0033119,00-0031280,7,7,0,0,0,-1,Allegiant Stadium,36.108,-115.1578,America/Los_Angeles,False,False,3,3,Sunday,False,False,0,False,False,0,0,-1,AFC East,Hard Rock Stadium,25.9602,-80.2384,America/New_York,AFC West,Allegiant Stadium,36.108,-115.1578,America/Los_Angeles,Buffalo Bills,Pittsburgh Steelers,Hard Rock Stadium,Acrisure Stadium,Indianapolis Colts,Los Angeles Chargers,Hard Rock Stadium,SoFi Stadium,2168,0,-2168,2168,3.0,0.0,America/New_York,America/New_York,3.0,3.0,3.0,0.0,3.0,0,0.66,-2.35,0.66,-2.35,Miami Dolphins,3.01,Miami Dolphins,3.01,0.66,-2.35,Miami Dolphins,3.01,-0.2249999999999999,0,No,No,No,No,No,0,No,0.0,0.0,-1.205,2.93,0.4795,-3.118,0.4795,-3.118,-0.1805,-0.768,-1.3855,2.1620000000000004,Miami Dolphins,3.5975,Miami Dolphins,3.5975,0.4795,-3.118,Miami Dolphins,3.5975,Tie,0.0,Las Vegas Raiders,4.135,-0.6025,1.465,Las Vegas Raiders,2.0675,Miami Dolphins,0.5875,Las Vegas Raiders,3.5475000000000003,-0.7829999999999999,0.6970000000000002,Las Vegas Raiders,1.48,Different,Different,Same,Different,Different,Same,False,Away Team,Home Team,45.0,-194.0,173.0,Las Vegas Raiders,Miami Dolphins,4.0,-4.0,-104,-116,-191,156,0.5875,-0.5875,-3.5475000000000003,3.5475000000000003,0.3663,0.6599,0.537,0.5098,0.3906,0.6564,0.357,0.643,0.513,0.487,0.3731,0.6269,0.357,0.643,-0.143,0.143,,,11,0.0,70.0,0.0,Dome,True,T.Tagovailoa,G.Smith,-0.02,1.0,12.93,167.06,Med-Low,-10.0,10.0,42.73,42.0,12.998991303750572,26.0,60.0,0.4978,0.5008,0.093,0.0884,0.4162,0.5838,0.549,0.451,3,2021-09-26,Miami Dolphins @ Las Vegas Raiders,0.5637,0.436,-129,129,0.6598639455782312,0.3663003663003663,0.49,-0.49,42.365,-0.8233333333333336,0.8233333333333336,Miami Dolphins,0.4524999999999997,Miami Dolphins,4.5875,Miami Dolphins,4.49,Miami Dolphins,3.1766666666666663,Miami Dolphins,0.0067996336996337,Miami Dolphins,0.1466996336996337,Miami Dolphins,0.1344996336996337,Miami Dolphins,0.0696996336996337,Under,2.635000000000005,100.0,173.0,530.61,917.96,110.0,100.0,314.95,286.32,110.0,100.0,0.0,0.0,Miami Dolphins,,,,,,,,,,,,,,,3,-0.0258357142857142,-0.0637142857142857,Las Vegas Raiders,Miami Dolphins,1,0,0,1,0,0,0,0,1,1,0,0,0,2.5,2.0,0.0,0.047,2985.0,0.9996649916247906,0.9996649916247906,0.028364,0.002364,69.81064170846463,0.0460797394825782,38.7595631258505,0.0829951610288454,0.0233871496510769,0.0129847782666165,1.543709865413006e-05,2.780407404651437e-05,0.013012582340663,0.1290749005114236,108.57020483431512,,,2788.0,197.0,0.357,0.643,0.4493,0.5504,0.4884,0.5106,Las Vegas Raiders,Las Vegas Raiders,Las Vegas Raiders,Miami Dolphins,Las Vegas Raiders,Same,Different,Same,False,False,0.0363719279176935,4.324117270064443e-05,0.028364,0.002364,0.0363719279176935,4.324117270064443e-05,,,0.8523632257527102,0.4732405468020489,0.9823134491715648,1.034757288347049,0.8487208416580114,0.5051168384472867,0.7098096278030374,0.7140873073599058,0.838152123702268,0.6482780307507342,31.0,28.0,1.0,0.0,0.0003350083752093,0.0083752093802345,0.0003350083752093,0.0083752093802345,0.4506,0.8117,Loss,-110.0,Loss,-110.0,Loss,-110.0,Loss,-314.95,Loss,-110.0,Loss,-110.0,Loss,-110.0,Loss,-100.0,Loss,-530.61,Loss,-110.0,Loss,-110.0,Loss,-0.0,Final,3,2021
2021_03_TB_LA,2021,3,2021-09-26,16:25,Tampa Bay Buccaneers,Los Angeles Rams,Home,Tom Brady,Matthew Stafford,00-0019596,00-0026498,7,7,0,0,3,0,SoFi Stadium,33.9535,-118.3395,America/Los_Angeles,False,False,3,3,Sunday,False,False,0,False,False,0,3,0,NFC South,Raymond James Stadium,27.9759,-82.5033,America/New_York,NFC West,SoFi Stadium,33.9535,-118.3395,America/Los_Angeles,Atlanta Falcons,Indianapolis Colts,Raymond James Stadium,Lucas Oil Stadium,New England Patriots,Arizona Cardinals,Gillette Stadium,SoFi Stadium,2150,0,-2150,2150,3.0,0.0,America/New_York,America/Indiana/Indianapolis,3.0,3.0,3.0,0.0,3.0,0,1.025,1.29,1.025,1.29,Los Angeles Rams,0.2650000000000001,Los Angeles Rams,0.2650000000000001,1.025,1.29,Los Angeles Rams,0.2650000000000001,-0.2249999999999999,0,No,No,No,No,No,0,No,0.0,0.0,4.73,3.544,2.446,0.78,2.446,0.78,1.4209999999999998,-0.51,6.151000000000001,3.034,Tampa Bay Buccaneers,1.6659999999999997,Tampa Bay Buccaneers,1.6659999999999997,2.446,0.78,Tampa Bay Buccaneers,1.6659999999999997,Tie,0.0,Tampa Bay Buccaneers,1.1860000000000004,2.365,1.772,Tampa Bay Buccaneers,0.5930000000000002,Tampa Bay Buccaneers,1.931,Tampa Bay Buccaneers,3.117000000000001,3.786000000000001,1.262,Tampa Bay Buccaneers,2.5240000000000005,Different,Different,Same,Same,Different,Same,False,Away Team,Away Team,55.0,-104.0,-106.0,Tampa Bay Buccaneers,Los Angeles Rams,-1.0,1.0,108,-131,135,-164,1.931,-1.931,3.117000000000001,-3.117000000000001,0.5146,0.5098,0.5671,0.4808,0.6212,0.4255,0.5023,0.4977,0.5412,0.4588,0.5935,0.4065,0.5023,0.4977,0.0023,-0.0023,,,12,0.0,70.0,0.0,Dome,True,B.Mayfield,M.Stafford,-5.07,-6.0,13.79,190.07,Med-High,-14.0,5.0,56.52,56.0,14.38583683559257,38.900000000000034,75.0,0.6486,0.351,0.0918,0.0784,0.649,0.3304,0.5126,0.4634,3,2021-09-26,Tampa Bay Buccaneers @ Los Angeles Rams,0.5029,0.497,-101,101,0.5098039215686274,0.5145631067961165,-5.535,5.535,56.260000000000005,-0.162333333333333,0.162333333333333,Tampa Bay Buccaneers,2.117000000000001,Tampa Bay Buccaneers,0.9309999999999998,Los Angeles Rams,6.535,Los Angeles Rams,1.162333333333333,Tampa Bay Buccaneers,0.0789368932038835,Tampa Bay Buccaneers,0.0266368932038835,Los Angeles Rams,0.1387960784313725,No Bet,0.0,Over,1.2600000000000051,104.0,100.0,707.86,680.63,110.0,100.0,657.25,597.5,110.0,100.0,0.0,0.0,Los Angeles Rams,,,,,,,,,,,,,,,3,0.2577928571428571,0.1866428571428571,Tampa Bay Buccaneers,Los Angeles Rams,1,0,0,0,0,0,0,0,1,0,0,0,0,5.0,4.5,0.001,0.001,2985.0,0.6137353433835846,0.6814070351758794,0.003563,0.002502,0.8862111985326688,0.8461619808975134,0.8944020193348595,0.8384129362785038,0.0002968881737127,0.0002996321672813,0.0002834713503844,0.0002808753555371,0.0005805075228185,1.6845749171760172,1.7806132178675285,,,2788.0,197.0,0.5023,0.4977,0.5145,0.4855,0.3542,0.6458,Tampa Bay Buccaneers,Los Angeles Rams,Tampa Bay Buccaneers,Los Angeles Rams,Los Angeles Rams,Same,Same,Different,False,False,0.0005965203409941,0.0005643467059216,0.003563,0.002502,0.0005965203409941,0.0005643467059216,,,0.6597529976005035,0.6658507749542555,0.92543205437354,1.091638683145074,0.5503350169628036,0.8035026631424945,0.9248343201949578,0.500488508153608,0.7477500496893217,0.7389774800071442,34.0,24.0,1.0,0.0,0.0,0.0,0.0,0.0,0.0,0.0,Loss,-110.0,Loss,-110.0,Win,100.0,Win,597.5,Win,100.0,Loss,-110.0,Loss,-110.0,Win,100.0,Win,680.63,No Bet,0.0,Win,100.0,Win,0.0,Final,3,2021
2021_03_SEA_MIN,2021,3,2021-09-26,16:25,Seattle Seahawks,Minnesota Vikings,Home,Russell Wilson,Kirk Cousins,00-0029263,00-0029604,7,7,0,0,0,0,U.S. Bank Stadium,44.9738,-93.2575,America/Chicago,False,False,3,3,Sunday,False,False,0,False,False,0,0,0,NFC West,Lumen Field,47.5952,-122.3316,America/Los_Angeles,NFC North,U.S. Bank Stadium,44.9738,-93.2575,America/Chicago,Tennessee Titans,Arizona Cardinals,Lumen Field,State Farm Stadium,San Francisco 49ers,Cleveland Browns,Levi's Stadium,U.S. Bank Stadium,1391,0,-1391,1391,-2.0,0.0,America/Los_Angeles,America/Denver,-2.0,-1.0,-2.0,0.0,-2.0,0,-0.13,0.27,-0.13,0.27,Minnesota Vikings,0.4,Minnesota Vikings,0.4,-0.13,0.27,Minnesota Vikings,0.4,-0.3,0,No,No,No,No,No,0,No,0.0,0.0,0.731,-2.25,0.8490000000000001,-0.901,0.8490000000000001,-0.901,0.979,-1.171,1.71,-3.4210000000000003,Seattle Seahawks,1.75,Seattle Seahawks,1.75,0.8490000000000001,-0.901,Seattle Seahawks,1.75,Tie,0.0,Seattle Seahawks,2.981,0.3655,-1.125,Seattle Seahawks,1.4905,Seattle Seahawks,2.1500000000000004,Seattle Seahawks,5.131,1.3445,-2.2960000000000003,Seattle Seahawks,3.6405,Different,Different,Same,Same,Different,Same,False,Away Team,Away Team,53.5,109.0,-120.0,Seattle Seahawks,Minnesota Vikings,-2.0,2.0,108,-131,188,-234,2.1500000000000004,-2.1500000000000004,5.131,-5.131,0.5455,0.4785,0.5671,0.4808,0.7006,0.3472,0.5327,0.4673,0.5412,0.4588,0.6686,0.3314,0.5327,0.4673,0.0327,-0.0327,,,13,0.0,70.0,0.0,Dome,True,S.Darnold,C.Wentz,-1.32,-3.0,13.62,185.5,Med-High,-11.0,8.0,51.68,51.0,13.980437073430602,34.0,70.0,0.544,0.455,0.0924,0.0798,0.5656,0.42,0.4374,0.5626,3,2021-09-26,Seattle Seahawks @ Minnesota Vikings,0.4504,0.5494,122,-122,0.4784688995215311,0.5454545454545454,-2.16,2.16,51.34,1.707,-1.707,Seattle Seahawks,3.131,Seattle Seahawks,0.1500000000000003,Minnesota Vikings,4.16,Minnesota Vikings,0.2929999999999999,Seattle Seahawks,0.1231454545454545,No Bet,0.0,Minnesota Vikings,0.0655311004784689,Seattle Seahawks,0.0039454545454545,Under,2.1599999999999966,100.0,109.0,314.13,342.4,110.0,100.0,219.4,199.45,110.0,100.0,203.65,185.14,Minnesota Vikings,,,,,,,,,,,,,,,3,-0.0006071428571428,0.0184499999999999,Seattle Seahawks,Minnesota Vikings,1,0,0,1,0,0,0,0,1,1,0,0,0,2.5,3.0,0.002,0.0,2985.0,1.0,0.9976549413735344,0.005748,0.008353,0.5751567680761678,0.807471828113251,0.6556516378219014,0.7083378736199029,0.0001926823343638,0.00021964878989,0.0002705098251635,0.0002372991201406,0.0004569479100307,1.515809701733154,1.2308084058980693,,,2788.0,197.0,0.5327,0.4673,0.5577,0.4419,0.4862,0.5122,Seattle Seahawks,Minnesota Vikings,Seattle Seahawks,Minnesota Vikings,Seattle Seahawks,Same,Same,Same,False,False,0.0004123311242539,0.0005078089453042,0.005748,0.008353,0.0004123311242539,0.0005078089453042,,,0.6194546429148389,0.7061491296399202,0.92543205437354,1.091638683145074,0.4486618071868957,0.9051758729184024,0.7756858929788114,0.6487813994583809,0.6696890482801162,0.8168897937946178,30.0,17.0,1.0,0.0,0.0,0.0,0.0,0.0,0.0,0.0,Loss,-110.0,Loss,-110.0,Win,100.0,Win,199.45,Win,100.0,Loss,-110.0,No Bet,0.0,Win,109.0,Win,342.4,Loss,-110.0,Win,100.0,Win,185.14,Final,3,2021
2021_03_GB_SF,2021,3,2021-09-26,20:20,Green Bay Packers,San Francisco 49ers,Home,Aaron Rodgers,Jimmy Garoppolo,00-0023459,00-0031345,6,7,-1,1,-1,1,Levi's Stadium,37.4031,-121.9702,America/Los_Angeles,False,False,3,3,Sunday,False,False,0,False,False,0,-1,1,NFC North,Lambeau Field,44.5013,-88.0622,America/Chicago,NFC West,Levi's Stadium,37.4031,-121.9702,America/Los_Angeles,Detroit Lions,Philadelphia Eagles,Lambeau Field,Lincoln Financial Field,Pittsburgh Steelers,Seattle Seahawks,Lambeau Field,Levi's Stadium,1820,0,-1820,1820,2.0,0.0,America/Chicago,America/New_York,2.0,3.0,2.0,0.0,2.0,0,3.535,3.325,3.535,3.325,Green Bay Packers,0.2099999999999999,Green Bay Packers,0.2099999999999999,3.535,3.325,Green Bay Packers,0.2099999999999999,-0.15,0,No,No,No,No,Yes,0,No,0.0,0.0,1.133,3.806,2.1495000000000006,0.9850000000000004,2.1495000000000006,0.9850000000000004,-1.3855,-2.34,-0.2524999999999999,1.4660000000000002,Green Bay Packers,1.1645000000000003,Green Bay Packers,1.1645000000000003,2.1495000000000006,0.9850000000000004,Green Bay Packers,1.1645000000000003,Tie,0.0,San Francisco 49ers,2.673,0.5665,1.903,San Francisco 49ers,1.3365,Green Bay Packers,0.9545,San Francisco 49ers,1.7185,-0.819,-0.4369999999999998,San Francisco 49ers,0.3820000000000001,Different,Different,Same,Different,Different,Same,False,Away Team,Home Team,50.5,-179.0,160.0,San Francisco 49ers,Green Bay Packers,3.5,-3.5,101,-122,-128,105,0.9545,-0.9545,-1.7185,1.7185,0.3846,0.6416,0.5495,0.4975,0.4878,0.5614,0.3748,0.6252,0.5248,0.4752,0.4649,0.5351,0.3748,0.6252,-0.1252,0.1252,69.0,15.0,14,15.0,69.0,0.0,nfl_read_py Fallback,False,J.Love,M.Jones,1.28,2.0,14.13,199.68,High,-9.0,11.0,48.3,47.0,13.663017806147886,31.0,66.0,0.4604,0.5386,0.093,0.0924,0.3828,0.6172,0.4222,0.5778,3,2021-09-26,Green Bay Packers @ San Francisco 49ers,0.524,0.4758,-110,110,0.6415770609318996,0.3846153846153846,1.64,-1.64,47.65,0.292,-0.292,Green Bay Packers,1.7815,Green Bay Packers,4.4545,Green Bay Packers,5.140000000000001,Green Bay Packers,3.792,Green Bay Packers,0.0802846153846153,Green Bay Packers,0.1401846153846154,Green Bay Packers,0.1539846153846153,Green Bay Packers,0.0911846153846153,Under,2.8500000000000014,100.0,160.0,625.56,1000.9,110.0,100.0,490.3,445.73,110.0,100.0,283.45,257.68,Green Bay Packers,,,,,,,,,,,,,,,3,0.1213499999999999,0.0891928571428571,San Francisco 49ers,Green Bay Packers,1,1,0,0,1,1,0,0,1,1,1,1,0,3.5,3.5,0.0,0.001,2985.0,0.7192629815745394,0.7393634840871022,0.003792,0.002672,2.689219713472043,0.2622128147918702,1.6121553880507384,0.4373944818780075,0.0009009111267913,0.0005400855571359,8.784348904250259e-05,0.0001465308146995,0.0006866163718354,0.6996072966698778,4.3013751015227815,,,2788.0,197.0,0.3748,0.6252,0.5436,0.4564,0.6062,0.3938,San Francisco 49ers,Green Bay Packers,Green Bay Packers,Green Bay Packers,San Francisco 49ers,Same,Same,Different,False,False,0.0014409966839272,0.000234374303742,0.003792,0.002672,0.0014409966839272,0.000234374303742,,,0.8287674786012353,0.4968362939535237,0.9585120144688454,1.0585587230497686,0.724438542624345,0.6293991374809531,0.656481222660744,0.7679860697764481,0.7791231378747356,0.7074557041999985,28.0,30.0,0.0,1.0,0.0,0.0006700167504187,0.0,0.0006700167504187,0.0,0.7892,Loss,-110.0,Loss,-110.0,Loss,-110.0,Loss,-490.3,Loss,-110.0,Win,176.0,Win,176.0,Win,160.0,Win,1000.9,Win,176.0,Loss,-110.0,Loss,-283.45,Final,3,2021
2021_03_PHI_DAL,2021,3,2021-09-27,20:15,Philadelphia Eagles,Dallas Cowboys,Home,Jalen Hurts,Dak Prescott,00-0036389,00-0033077,8,8,0,0,0,3,AT&T Stadium,32.7369,-97.0826,America/Chicago,False,False,3,3,Monday,False,False,0,False,False,0,0,3,NFC East,Lincoln Financial Field,39.9008,-75.1675,America/New_York,NFC East,AT&T Stadium,32.7369,-97.0826,America/Chicago,San Francisco 49ers,Los Angeles Chargers,Lincoln Financial Field,SoFi Stadium,Kansas City Chiefs,Carolina Panthers,Lincoln Financial Field,AT&T Stadium,1311,0,-1311,1311,1.0,0.0,America/New_York,America/Los_Angeles,1.0,-2.0,1.0,0.0,1.0,0,4.905,-0.615,4.905,-0.615,Philadelphia Eagles,5.5200000000000005,Philadelphia Eagles,5.5200000000000005,4.905,-0.615,Philadelphia Eagles,5.5200000000000005,0.0,0,No,No,No,No,No,1,No,0.0,0.0,-2.004,-0.027,5.6668,-0.8208,5.6668,-0.8208,0.817,-0.2609999999999999,-1.1672300000000002,-0.3077699999999999,Philadelphia Eagles,6.4876000000000005,Philadelphia Eagles,6.4876000000000005,5.6668,-0.8208,Philadelphia Eagles,6.4876000000000005,Tie,0.0,Dallas Cowboys,1.977,-1.002,-0.0135,Dallas Cowboys,0.9885,Philadelphia Eagles,1.0779999999999998,Dallas Cowboys,0.8594600000000003,-0.1751150000000001,-0.2843849999999999,Philadelphia Eagles,0.1092699999999998,Different,Different,Same,Different,Different,Same,False,Away Team,Home Team,51.5,-189.0,168.0,Dallas Cowboys,Philadelphia Eagles,3.5,-3.5,101,-122,-122,101,1.0779999999999998,-1.0779999999999998,-0.8594600000000003,0.8594600000000003,0.3731,0.654,0.5495,0.4975,0.4975,0.5495,0.3633,0.6367,0.5248,0.4752,0.4752,0.5248,0.3633,0.6367,-0.1367,0.1367,,,15,0.0,70.0,0.0,Dome,True,J.Hurts,D.Prescott,-5.34,-6.0,14.07,198.01,High,-15.0,5.0,57.56,57.0,14.429422410000244,39.0,76.0,0.6602,0.3392,0.0818,0.0766,0.5772,0.4228,0.652,0.348,3,2021-09-27,Philadelphia Eagles @ Dallas Cowboys,0.5742,0.4256,-135,135,0.6539792387543253,0.373134328358209,-5.67,5.67,57.28,-1.8171533333333336,1.8171533333333336,Philadelphia Eagles,2.64054,Philadelphia Eagles,4.577999999999999,Dallas Cowboys,2.17,Philadelphia Eagles,1.6828466666666664,Philadelphia Eagles,0.102065671641791,Philadelphia Eagles,0.151665671641791,Dallas Cowboys,0.0062207612456747,Philadelphia Eagles,0.052465671641791,Over,5.780000000000001,189.0,100.0,44.94,23.78,110.0,100.0,280.3,254.82,110.0,100.0,673.0,611.82,Dallas Cowboys,,,,,,,,,,,,,,,3,0.0354428571428571,0.1834142857142857,Dallas Cowboys,Philadelphia Eagles,1,0,0,1,0,0,0,0,1,1,0,0,1,3.0,4.5,0.0,0.006,2985.0,1.0,0.9993299832495812,0.011673,0.002645,3.6609584111057374,0.0941256816757134,2.088937004483609,0.1649595968151025,0.0012264517290136,0.0006998113917868,3.1532891683656094e-05,5.526284650422196e-05,0.000755074238291,0.259085278490816,5.7498954155893465,,,2788.0,197.0,0.3633,0.6367,0.3632,0.6366,0.3196,0.6796,Dallas Cowboys,Dallas Cowboys,Dallas Cowboys,Dallas Cowboys,Dallas Cowboys,Same,Same,Same,False,False,0.0019262631208004,8.679573818787805e-05,0.011673,0.002645,0.0019262631208004,8.679573818787805e-05,,,0.8440119219856151,0.481591850569144,0.9585120144688454,1.0585587230497686,0.7104940145192605,0.6433436655860377,0.9413746811481823,0.4836629685632588,0.8537643239841092,0.632814518090625,41.0,21.0,1.0,0.0,0.0,0.0003350083752093,0.0,0.0003350083752093,0.0,0.8037,Loss,-110.0,Loss,-110.0,Win,100.0,Win,254.82,Loss,-110.0,Loss,-110.0,Loss,-110.0,Win,100.0,Win,23.78,Loss,-110.0,Win,100.0,Win,611.82,Final,3,2021
